ELEVENMPV,ElevenMPV,7362,06/18/2020, 12:35:47,447
ELEVENMPV,ElevenMPV,7363,06/18/2020, 13:04:35,447
ELEVENMPV,ElevenMPV,7364,06/18/2020, 14:06:21,447
ELEVENMPV,ElevenMPV,7365,06/18/2020, 15:04:55,447
ELEVENMPV,ElevenMPV,7366,06/18/2020, 16:05:12,447
ELEVENMPV,ElevenMPV,7367,06/18/2020, 17:05:41,447
ELEVENMPV,ElevenMPV,7367,06/18/2020, 18:05:02,447
ELEVENMPV,ElevenMPV,7368,06/18/2020, 19:04:27,447
ELEVENMPV,ElevenMPV,7368,06/18/2020, 20:05:19,447
ELEVENMPV,ElevenMPV,7368,06/18/2020, 21:05:10,447
ELEVENMPV,ElevenMPV,7368,06/18/2020, 22:04:46,447
ELEVENMPV,ElevenMPV,7368,06/18/2020, 23:05:11,447
ELEVENMPV,ElevenMPV,7368,06/19/2020, 00:13:11,447
ELEVENMPV,ElevenMPV,7370,06/19/2020, 01:06:05,447
ELEVENMPV,ElevenMPV,7370,06/19/2020, 02:04:57,447
ELEVENMPV,ElevenMPV,7370,06/19/2020, 03:04:46,447
ELEVENMPV,ElevenMPV,7370,06/19/2020, 04:05:13,447
ELEVENMPV,ElevenMPV,7371,06/19/2020, 05:06:07,447
ELEVENMPV,ElevenMPV,7371,06/19/2020, 06:06:05,447
ELEVENMPV,ElevenMPV,7372,06/19/2020, 07:05:04,447
ELEVENMPV,ElevenMPV,7373,06/19/2020, 08:06:41,447
ELEVENMPV,ElevenMPV,7373,06/19/2020, 09:04:55,447
ELEVENMPV,ElevenMPV,7373,06/19/2020, 10:04:43,447
ELEVENMPV,ElevenMPV,7373,06/19/2020, 11:04:34,447
ELEVENMPV,ElevenMPV,7373,06/19/2020, 12:06:20,447
ELEVENMPV,ElevenMPV,7373,06/19/2020, 13:04:42,447
ELEVENMPV,ElevenMPV,7374,06/19/2020, 14:05:08,447
ELEVENMPV,ElevenMPV,7375,06/19/2020, 15:04:58,447
ELEVENMPV,ElevenMPV,7375,06/19/2020, 16:05:19,447
ELEVENMPV,ElevenMPV,7376,06/19/2020, 17:04:50,447
ELEVENMPV,ElevenMPV,7376,06/19/2020, 18:05:08,447
ELEVENMPV,ElevenMPV,7376,06/19/2020, 19:04:30,447
ELEVENMPV,ElevenMPV,7376,06/19/2020, 20:05:26,447
ELEVENMPV,ElevenMPV,7376,06/19/2020, 21:04:53,447
ELEVENMPV,ElevenMPV,7376,06/19/2020, 22:04:36,447
ELEVENMPV,ElevenMPV,7377,06/19/2020, 23:04:21,447
ELEVENMPV,ElevenMPV,7377,06/20/2020, 00:12:44,447
ELEVENMPV,ElevenMPV,7377,06/20/2020, 01:05:16,447
ELEVENMPV,ElevenMPV,7377,06/20/2020, 02:05:48,447
ELEVENMPV,ElevenMPV,7377,06/20/2020, 03:05:55,447
ELEVENMPV,ElevenMPV,7377,06/20/2020, 04:06:13,447
ELEVENMPV,ElevenMPV,7377,06/20/2020, 05:05:00,447
ELEVENMPV,ElevenMPV,7377,06/20/2020, 06:05:56,447
ELEVENMPV,ElevenMPV,7377,06/20/2020, 07:06:07,447
ELEVENMPV,ElevenMPV,7377,06/20/2020, 08:05:12,447
ELEVENMPV,ElevenMPV,7378,06/20/2020, 09:05:33,447
ELEVENMPV,ElevenMPV,7378,06/20/2020, 10:05:49,447
ELEVENMPV,ElevenMPV,7378,06/20/2020, 11:05:49,447
ELEVENMPV,ElevenMPV,7379,06/20/2020, 12:06:20,447
ELEVENMPV,ElevenMPV,7380,06/20/2020, 13:05:02,447
ELEVENMPV,ElevenMPV,7380,06/20/2020, 14:05:52,447
ELEVENMPV,ElevenMPV,7382,06/20/2020, 15:04:41,447
ELEVENMPV,ElevenMPV,7382,06/20/2020, 16:05:09,447
ELEVENMPV,ElevenMPV,7382,06/20/2020, 17:05:16,447
ELEVENMPV,ElevenMPV,7382,06/20/2020, 18:05:07,447
ELEVENMPV,ElevenMPV,7383,06/20/2020, 19:05:51,447
ELEVENMPV,ElevenMPV,7383,06/20/2020, 20:05:20,447
ELEVENMPV,ElevenMPV,7383,06/20/2020, 21:05:02,447
ELEVENMPV,ElevenMPV,7384,06/20/2020, 22:04:21,447
ELEVENMPV,ElevenMPV,7384,06/20/2020, 23:06:32,447
ELEVENMPV,ElevenMPV,7385,06/21/2020, 00:13:56,447
ELEVENMPV,ElevenMPV,7385,06/21/2020, 01:05:05,447
ELEVENMPV,ElevenMPV,7386,06/21/2020, 02:09:09,447
ELEVENMPV,ElevenMPV,7387,06/21/2020, 03:05:06,447
ELEVENMPV,ElevenMPV,7387,06/21/2020, 04:06:08,447
ELEVENMPV,ElevenMPV,7387,06/21/2020, 05:04:41,447
ELEVENMPV,ElevenMPV,7388,06/21/2020, 06:06:03,447
ELEVENMPV,ElevenMPV,7388,06/21/2020, 07:04:56,447
ELEVENMPV,ElevenMPV,7389,06/21/2020, 08:05:14,447
ELEVENMPV,ElevenMPV,7389,06/21/2020, 09:05:00,447
ELEVENMPV,ElevenMPV,7390,06/21/2020, 10:06:08,447
ELEVENMPV,ElevenMPV,7390,06/21/2020, 11:05:57,447
ELEVENMPV,ElevenMPV,7391,06/21/2020, 12:06:15,447
ELEVENMPV,ElevenMPV,7391,06/21/2020, 13:04:49,447
ELEVENMPV,ElevenMPV,7391,06/21/2020, 14:05:51,447
ELEVENMPV,ElevenMPV,7391,06/21/2020, 15:05:39,447
ELEVENMPV,ElevenMPV,7392,06/21/2020, 16:04:51,447
ELEVENMPV,ElevenMPV,7392,06/21/2020, 17:04:40,447
ELEVENMPV,ElevenMPV,7392,06/21/2020, 18:05:32,447
ELEVENMPV,ElevenMPV,7393,06/21/2020, 19:06:02,447
ELEVENMPV,ElevenMPV,7393,06/21/2020, 20:05:29,447
ELEVENMPV,ElevenMPV,7393,06/21/2020, 21:04:52,447
ELEVENMPV,ElevenMPV,7394,06/21/2020, 22:04:51,447
ELEVENMPV,ElevenMPV,7396,06/21/2020, 23:04:58,447
ELEVENMPV,ElevenMPV,7396,06/22/2020, 00:13:04,447
ELEVENMPV,ElevenMPV,7396,06/22/2020, 01:05:16,447
ELEVENMPV,ElevenMPV,7396,06/22/2020, 02:05:28,447
ELEVENMPV,ElevenMPV,7397,06/22/2020, 03:05:02,447
ELEVENMPV,ElevenMPV,7397,06/22/2020, 04:05:20,447
ELEVENMPV,ElevenMPV,7397,06/22/2020, 05:05:04,447
ELEVENMPV,ElevenMPV,7397,06/22/2020, 06:06:04,447
ELEVENMPV,ElevenMPV,7397,06/22/2020, 07:04:51,447
ELEVENMPV,ElevenMPV,7399,06/22/2020, 08:05:46,447
ELEVENMPV,ElevenMPV,7400,06/22/2020, 09:04:58,447
ELEVENMPV,ElevenMPV,7402,06/22/2020, 10:05:33,447
ELEVENMPV,ElevenMPV,7404,06/22/2020, 11:05:04,447
ELEVENMPV,ElevenMPV,7404,06/22/2020, 12:06:42,447
ELEVENMPV,ElevenMPV,7404,06/22/2020, 13:05:14,447
ELEVENMPV,ElevenMPV,7404,06/22/2020, 14:05:02,447
ELEVENMPV,ElevenMPV,7406,06/22/2020, 15:05:30,447
ELEVENMPV,ElevenMPV,7407,06/22/2020, 16:05:01,447
ELEVENMPV,ElevenMPV,7407,06/22/2020, 17:04:47,447
ELEVENMPV,ElevenMPV,7408,06/22/2020, 18:05:12,447
ELEVENMPV,ElevenMPV,7411,06/22/2020, 19:04:33,447
ELEVENMPV,ElevenMPV,7412,06/22/2020, 20:05:48,447
ELEVENMPV,ElevenMPV,7412,06/22/2020, 21:04:48,447
ELEVENMPV,ElevenMPV,7412,06/22/2020, 22:04:35,447
ELEVENMPV,ElevenMPV,7412,06/22/2020, 23:04:24,447
ELEVENMPV,ElevenMPV,7412,06/23/2020, 00:12:58,447
ELEVENMPV,ElevenMPV,7413,06/23/2020, 01:05:16,447
ELEVENMPV,ElevenMPV,7415,06/23/2020, 02:05:57,447
ELEVENMPV,ElevenMPV,7415,06/23/2020, 03:04:56,447
ELEVENMPV,ElevenMPV,7415,06/23/2020, 04:05:17,447
ELEVENMPV,ElevenMPV,7417,06/23/2020, 05:06:06,447
ELEVENMPV,ElevenMPV,7418,06/23/2020, 06:05:36,447
ELEVENMPV,ElevenMPV,7418,06/23/2020, 07:05:05,447
ELEVENMPV,ElevenMPV,7418,06/23/2020, 08:06:03,447
ELEVENMPV,ElevenMPV,7419,06/23/2020, 09:04:48,447
ELEVENMPV,ElevenMPV,7419,06/23/2020, 10:04:48,447
ELEVENMPV,ElevenMPV,7420,06/23/2020, 11:04:37,447
ELEVENMPV,ElevenMPV,7421,06/23/2020, 12:06:26,447
ELEVENMPV,ElevenMPV,7421,06/23/2020, 13:04:46,447
ELEVENMPV,ElevenMPV,7422,06/23/2020, 14:31:49,447
ELEVENMPV,ElevenMPV,7423,06/23/2020, 15:05:00,447
ELEVENMPV,ElevenMPV,7423,06/23/2020, 16:05:01,447
ELEVENMPV,ElevenMPV,7423,06/23/2020, 17:04:46,447
ELEVENMPV,ElevenMPV,7424,06/23/2020, 18:05:13,447
ELEVENMPV,ElevenMPV,7424,06/23/2020, 19:04:32,447
ELEVENMPV,ElevenMPV,7425,06/23/2020, 20:05:30,447
ELEVENMPV,ElevenMPV,7427,06/23/2020, 21:04:46,447
ELEVENMPV,ElevenMPV,7427,06/23/2020, 22:04:35,447
ELEVENMPV,ElevenMPV,7428,06/23/2020, 23:04:23,447
ELEVENMPV,ElevenMPV,7428,06/24/2020, 00:12:39,447
ELEVENMPV,ElevenMPV,7428,06/24/2020, 01:05:34,447
ELEVENMPV,ElevenMPV,7428,06/24/2020, 02:06:20,447
ELEVENMPV,ElevenMPV,7428,06/24/2020, 03:04:45,447
ELEVENMPV,ElevenMPV,7428,06/24/2020, 04:06:00,447
ELEVENMPV,ElevenMPV,7429,06/24/2020, 05:04:54,447
ELEVENMPV,ElevenMPV,7429,06/24/2020, 06:05:16,447
ELEVENMPV,ElevenMPV,7430,06/24/2020, 07:05:18,447
ELEVENMPV,ElevenMPV,7430,06/24/2020, 08:05:48,447
ELEVENMPV,ElevenMPV,7430,06/24/2020, 09:04:55,447
ELEVENMPV,ElevenMPV,7431,06/24/2020, 10:04:47,447
ELEVENMPV,ElevenMPV,7432,06/24/2020, 11:04:57,447
ELEVENMPV,ElevenMPV,7432,06/24/2020, 12:06:27,447
ELEVENMPV,ElevenMPV,7432,06/24/2020, 13:05:08,447
ELEVENMPV,ElevenMPV,7432,06/24/2020, 14:05:04,447
ELEVENMPV,ElevenMPV,7435,06/24/2020, 15:06:28,447
ELEVENMPV,ElevenMPV,7436,06/24/2020, 16:05:09,447
ELEVENMPV,ElevenMPV,7437,06/24/2020, 17:05:41,447
ELEVENMPV,ElevenMPV,7437,06/24/2020, 18:04:53,447
ELEVENMPV,ElevenMPV,7438,06/24/2020, 19:04:45,447
ELEVENMPV,ElevenMPV,7438,06/24/2020, 20:05:14,447
ELEVENMPV,ElevenMPV,7438,06/24/2020, 21:06:44,447
ELEVENMPV,ElevenMPV,7438,06/24/2020, 22:04:52,447
ELEVENMPV,ElevenMPV,7439,06/24/2020, 23:04:55,447
ELEVENMPV,ElevenMPV,7439,06/25/2020, 00:13:08,447
ELEVENMPV,ElevenMPV,7441,06/25/2020, 01:05:36,447
ELEVENMPV,ElevenMPV,7442,06/25/2020, 02:06:05,447
ELEVENMPV,ElevenMPV,7442,06/25/2020, 03:04:48,447
ELEVENMPV,ElevenMPV,7442,06/25/2020, 04:07:10,447
ELEVENMPV,ElevenMPV,7442,06/25/2020, 05:05:45,447
ELEVENMPV,ElevenMPV,7442,06/25/2020, 06:13:28,447
ELEVENMPV,ElevenMPV,7443,06/25/2020, 07:05:45,447
ELEVENMPV,ElevenMPV,7444,06/25/2020, 08:05:40,447
ELEVENMPV,ElevenMPV,7444,06/25/2020, 09:05:13,447
ELEVENMPV,ElevenMPV,7444,06/25/2020, 10:04:59,447
ELEVENMPV,ElevenMPV,7444,06/25/2020, 11:04:54,447
ELEVENMPV,ElevenMPV,7444,06/25/2020, 12:06:33,447
ELEVENMPV,ElevenMPV,7446,06/25/2020, 13:04:48,447
ELEVENMPV,ElevenMPV,7446,06/25/2020, 14:04:58,447
ELEVENMPV,ElevenMPV,7446,06/25/2020, 15:04:55,447
ELEVENMPV,ElevenMPV,7449,06/25/2020, 16:05:03,447
ELEVENMPV,ElevenMPV,7449,06/25/2020, 17:05:41,447
ELEVENMPV,ElevenMPV,7449,06/25/2020, 18:07:17,447
ELEVENMPV,ElevenMPV,7449,06/25/2020, 19:04:48,447
ELEVENMPV,ElevenMPV,7449,06/25/2020, 20:06:34,447
ELEVENMPV,ElevenMPV,7450,06/25/2020, 21:04:48,447
ELEVENMPV,ElevenMPV,7451,06/25/2020, 22:06:40,447
ELEVENMPV,ElevenMPV,7452,06/25/2020, 23:04:37,447
ELEVENMPV,ElevenMPV,7453,06/26/2020, 00:13:15,447
ELEVENMPV,ElevenMPV,7453,06/26/2020, 01:05:22,447
ELEVENMPV,ElevenMPV,7454,06/26/2020, 02:05:42,447
ELEVENMPV,ElevenMPV,7455,06/26/2020, 03:05:08,447
ELEVENMPV,ElevenMPV,7456,06/26/2020, 04:05:16,447
ELEVENMPV,ElevenMPV,7456,06/26/2020, 05:05:03,447
ELEVENMPV,ElevenMPV,7456,06/26/2020, 06:06:20,447
ELEVENMPV,ElevenMPV,7458,06/26/2020, 07:04:51,447
ELEVENMPV,ElevenMPV,7458,06/26/2020, 08:05:48,447
ELEVENMPV,ElevenMPV,7458,06/26/2020, 09:05:07,447
ELEVENMPV,ElevenMPV,7460,06/26/2020, 10:04:59,447
ELEVENMPV,ElevenMPV,7461,06/26/2020, 11:04:49,447
ELEVENMPV,ElevenMPV,7462,06/26/2020, 12:06:56,447
ELEVENMPV,ElevenMPV,7465,06/26/2020, 13:05:06,447
ELEVENMPV,ElevenMPV,7465,06/26/2020, 14:04:54,447
ELEVENMPV,ElevenMPV,7465,06/26/2020, 15:04:49,447
ELEVENMPV,ElevenMPV,7466,06/26/2020, 16:05:04,447
ELEVENMPV,ElevenMPV,7466,06/26/2020, 17:05:23,447
ELEVENMPV,ElevenMPV,7466,06/26/2020, 18:05:21,447
ELEVENMPV,ElevenMPV,7466,06/26/2020, 19:04:42,447
ELEVENMPV,ElevenMPV,7466,06/26/2020, 20:05:47,447
ELEVENMPV,ElevenMPV,7467,06/26/2020, 21:04:56,447
ELEVENMPV,ElevenMPV,7467,06/26/2020, 22:04:48,447
ELEVENMPV,ElevenMPV,7467,06/26/2020, 23:04:38,447
ELEVENMPV,ElevenMPV,7468,06/27/2020, 00:13:15,447
ELEVENMPV,ElevenMPV,7468,06/27/2020, 01:05:35,447
ELEVENMPV,ElevenMPV,7468,06/27/2020, 02:07:18,447
ELEVENMPV,ElevenMPV,7469,06/27/2020, 03:04:48,447
ELEVENMPV,ElevenMPV,7470,06/27/2020, 04:07:48,447
ELEVENMPV,ElevenMPV,7470,06/27/2020, 05:08:45,447
ELEVENMPV,ElevenMPV,7470,06/27/2020, 06:05:58,447
ELEVENMPV,ElevenMPV,7472,06/27/2020, 07:07:04,447
ELEVENMPV,ElevenMPV,7472,06/27/2020, 08:06:57,447
ELEVENMPV,ElevenMPV,7472,06/27/2020, 09:07:06,447
ELEVENMPV,ElevenMPV,7472,06/27/2020, 10:06:55,447
ELEVENMPV,ElevenMPV,7472,06/27/2020, 11:04:45,447
ELEVENMPV,ElevenMPV,7472,06/27/2020, 12:06:05,447
ELEVENMPV,ElevenMPV,7472,06/27/2020, 13:05:10,447
ELEVENMPV,ElevenMPV,7472,06/27/2020, 14:05:46,447
ELEVENMPV,ElevenMPV,7474,06/27/2020, 15:04:47,447
ELEVENMPV,ElevenMPV,7475,06/27/2020, 16:05:12,447
ELEVENMPV,ElevenMPV,7476,06/27/2020, 17:05:34,447
ELEVENMPV,ElevenMPV,7477,06/27/2020, 18:05:25,447
ELEVENMPV,ElevenMPV,7477,06/27/2020, 19:04:56,447
ELEVENMPV,ElevenMPV,7477,06/27/2020, 20:05:37,447
ELEVENMPV,ElevenMPV,7478,06/27/2020, 21:05:53,447
ELEVENMPV,ElevenMPV,7480,06/27/2020, 22:05:04,447
ELEVENMPV,ElevenMPV,7480,06/27/2020, 23:05:44,447
ELEVENMPV,ElevenMPV,7480,06/28/2020, 00:14:11,447
ELEVENMPV,ElevenMPV,7480,06/28/2020, 01:05:24,447
ELEVENMPV,ElevenMPV,7481,06/28/2020, 02:06:01,447
ELEVENMPV,ElevenMPV,7481,06/28/2020, 03:05:18,447
ELEVENMPV,ElevenMPV,7481,06/28/2020, 04:06:18,447
ELEVENMPV,ElevenMPV,7481,06/28/2020, 05:04:44,447
ELEVENMPV,ElevenMPV,7482,06/28/2020, 06:06:43,447
ELEVENMPV,ElevenMPV,7482,06/28/2020, 07:05:12,447
ELEVENMPV,ElevenMPV,7482,06/28/2020, 08:05:32,447
ELEVENMPV,ElevenMPV,7482,06/28/2020, 09:05:34,447
ELEVENMPV,ElevenMPV,7482,06/28/2020, 10:05:06,447
ELEVENMPV,ElevenMPV,7483,06/28/2020, 11:05:07,447
ELEVENMPV,ElevenMPV,7484,06/28/2020, 12:06:10,447
ELEVENMPV,ElevenMPV,7485,06/28/2020, 13:04:55,447
ELEVENMPV,ElevenMPV,7486,06/28/2020, 14:07:57,447
ELEVENMPV,ElevenMPV,7487,06/28/2020, 15:10:33,447
ELEVENMPV,ElevenMPV,7487,06/28/2020, 16:05:02,447
ELEVENMPV,ElevenMPV,7487,06/28/2020, 17:04:46,447
ELEVENMPV,ElevenMPV,7488,06/28/2020, 18:05:06,447
ELEVENMPV,ElevenMPV,7488,06/28/2020, 19:07:04,447
ELEVENMPV,ElevenMPV,7488,06/28/2020, 20:05:15,447
ELEVENMPV,ElevenMPV,7489,06/28/2020, 21:08:13,447
ELEVENMPV,ElevenMPV,7491,06/28/2020, 22:07:08,447
ELEVENMPV,ElevenMPV,7491,06/28/2020, 23:04:41,447
ELEVENMPV,ElevenMPV,7491,06/29/2020, 00:13:46,447
ELEVENMPV,ElevenMPV,7491,06/29/2020, 01:05:18,447
ELEVENMPV,ElevenMPV,7492,06/29/2020, 02:05:51,447
ELEVENMPV,ElevenMPV,7493,06/29/2020, 03:05:05,447
ELEVENMPV,ElevenMPV,7493,06/29/2020, 04:05:13,447
ELEVENMPV,ElevenMPV,7494,06/29/2020, 05:05:08,447
ELEVENMPV,ElevenMPV,7496,06/29/2020, 06:05:33,447
ELEVENMPV,ElevenMPV,7496,06/29/2020, 07:05:16,447
ELEVENMPV,ElevenMPV,7496,06/29/2020, 08:05:45,447
ELEVENMPV,ElevenMPV,7496,06/29/2020, 09:06:33,447
ELEVENMPV,ElevenMPV,7496,06/29/2020, 11:05:30,447
ELEVENMPV,ElevenMPV,7496,06/29/2020, 12:06:37,447
ELEVENMPV,ElevenMPV,7496,06/29/2020, 13:04:58,447
ELEVENMPV,ElevenMPV,7497,06/29/2020, 14:05:21,447
ELEVENMPV,ElevenMPV,7498,06/29/2020, 15:04:50,447
ELEVENMPV,ElevenMPV,7498,06/29/2020, 16:09:13,447
ELEVENMPV,ElevenMPV,7500,06/29/2020, 17:05:23,447
ELEVENMPV,ElevenMPV,7500,06/29/2020, 18:05:27,447
ELEVENMPV,ElevenMPV,7500,06/29/2020, 19:04:50,447
ELEVENMPV,ElevenMPV,7500,06/29/2020, 20:05:41,447
ELEVENMPV,ElevenMPV,7500,06/29/2020, 21:05:10,447
ELEVENMPV,ElevenMPV,7501,06/29/2020, 22:04:55,447
ELEVENMPV,ElevenMPV,7501,06/29/2020, 23:04:56,447
ELEVENMPV,ElevenMPV,7501,06/30/2020, 00:13:24,447
ELEVENMPV,ElevenMPV,7501,06/30/2020, 01:05:14,447
ELEVENMPV,ElevenMPV,7501,06/30/2020, 02:05:48,447
ELEVENMPV,ElevenMPV,7502,06/30/2020, 03:04:54,447
ELEVENMPV,ElevenMPV,7503,06/30/2020, 04:05:57,447
ELEVENMPV,ElevenMPV,7503,06/30/2020, 05:05:05,447
ELEVENMPV,ElevenMPV,7504,06/30/2020, 06:05:25,447
ELEVENMPV,ElevenMPV,7506,06/30/2020, 07:05:08,447
ELEVENMPV,ElevenMPV,7506,06/30/2020, 08:05:56,447
ELEVENMPV,ElevenMPV,7507,06/30/2020, 09:05:08,447
ELEVENMPV,ElevenMPV,7507,06/30/2020, 10:05:06,447
ELEVENMPV,ElevenMPV,7507,06/30/2020, 11:04:51,447
ELEVENMPV,ElevenMPV,7507,06/30/2020, 12:06:27,447
ELEVENMPV,ElevenMPV,7508,06/30/2020, 13:04:51,447
ELEVENMPV,ElevenMPV,7508,06/30/2020, 14:31:49,447
ELEVENMPV,ElevenMPV,7509,06/30/2020, 15:05:08,447
ELEVENMPV,ElevenMPV,7509,06/30/2020, 16:05:36,447
ELEVENMPV,ElevenMPV,7509,06/30/2020, 17:04:50,447
ELEVENMPV,ElevenMPV,7510,06/30/2020, 18:05:28,447
ELEVENMPV,ElevenMPV,7511,06/30/2020, 19:04:44,447
ELEVENMPV,ElevenMPV,7512,06/30/2020, 20:06:49,447
ELEVENMPV,ElevenMPV,7514,06/30/2020, 21:05:21,447
ELEVENMPV,ElevenMPV,7516,06/30/2020, 22:05:55,447
ELEVENMPV,ElevenMPV,7516,06/30/2020, 23:05:36,447
ELEVENMPV,ElevenMPV,7516,07/01/2020, 00:16:39,447
ELEVENMPV,ElevenMPV,7517,07/01/2020, 01:06:32,447
ELEVENMPV,ElevenMPV,7517,07/01/2020, 02:06:28,447
ELEVENMPV,ElevenMPV,7517,07/01/2020, 03:06:11,447
ELEVENMPV,ElevenMPV,7518,07/01/2020, 04:06:17,447
ELEVENMPV,ElevenMPV,7518,07/01/2020, 05:05:51,447
ELEVENMPV,ElevenMPV,7518,07/01/2020, 06:06:43,447
ELEVENMPV,ElevenMPV,7518,07/01/2020, 07:07:33,447
ELEVENMPV,ElevenMPV,7519,07/01/2020, 08:06:39,447
ELEVENMPV,ElevenMPV,7519,07/01/2020, 09:06:12,447
ELEVENMPV,ElevenMPV,7519,07/01/2020, 10:06:10,447
ELEVENMPV,ElevenMPV,7519,07/01/2020, 11:05:30,447
ELEVENMPV,ElevenMPV,7521,07/01/2020, 12:07:52,447
ELEVENMPV,ElevenMPV,7521,07/01/2020, 13:04:53,447
ELEVENMPV,ElevenMPV,7521,07/01/2020, 14:05:37,447
ELEVENMPV,ElevenMPV,7521,07/01/2020, 15:05:58,447
ELEVENMPV,ElevenMPV,7521,07/01/2020, 16:06:26,447
ELEVENMPV,ElevenMPV,7521,07/01/2020, 17:06:02,447
ELEVENMPV,ElevenMPV,7521,07/01/2020, 18:06:16,447
ELEVENMPV,ElevenMPV,7522,07/01/2020, 19:05:42,447
ELEVENMPV,ElevenMPV,7523,07/01/2020, 20:07:12,447
ELEVENMPV,ElevenMPV,7524,07/01/2020, 21:05:41,447
ELEVENMPV,ElevenMPV,7525,07/01/2020, 22:05:47,447
ELEVENMPV,ElevenMPV,7525,07/01/2020, 23:05:40,447
ELEVENMPV,ElevenMPV,7525,07/02/2020, 00:16:07,447
ELEVENMPV,ElevenMPV,7525,07/02/2020, 01:07:00,447
ELEVENMPV,ElevenMPV,7525,07/02/2020, 02:06:30,447
ELEVENMPV,ElevenMPV,7526,07/02/2020, 03:06:19,447
ELEVENMPV,ElevenMPV,7526,07/02/2020, 04:07:11,447
ELEVENMPV,ElevenMPV,7526,07/02/2020, 05:05:56,447
ELEVENMPV,ElevenMPV,7526,07/02/2020, 06:06:46,447
ELEVENMPV,ElevenMPV,7526,07/02/2020, 07:05:44,447
ELEVENMPV,ElevenMPV,7527,07/02/2020, 08:06:39,447
ELEVENMPV,ElevenMPV,7527,07/02/2020, 09:05:48,447
ELEVENMPV,ElevenMPV,7527,07/02/2020, 10:06:08,447
ELEVENMPV,ElevenMPV,7529,07/02/2020, 11:05:35,447
ELEVENMPV,ElevenMPV,7529,07/02/2020, 12:08:14,447
ELEVENMPV,ElevenMPV,7529,07/02/2020, 13:06:14,447
ELEVENMPV,ElevenMPV,7529,07/02/2020, 14:06:33,447
ELEVENMPV,ElevenMPV,7529,07/02/2020, 15:05:56,447
ELEVENMPV,ElevenMPV,7530,07/02/2020, 16:06:27,447
ELEVENMPV,ElevenMPV,7530,07/02/2020, 17:06:10,447
ELEVENMPV,ElevenMPV,7531,07/02/2020, 18:06:25,447
ELEVENMPV,ElevenMPV,7531,07/02/2020, 19:05:40,447
ELEVENMPV,ElevenMPV,7533,07/02/2020, 20:07:08,447
ELEVENMPV,ElevenMPV,7534,07/02/2020, 21:05:36,447
ELEVENMPV,ElevenMPV,7534,07/02/2020, 22:05:43,447
ELEVENMPV,ElevenMPV,7535,07/02/2020, 23:06:05,447
ELEVENMPV,ElevenMPV,7537,07/03/2020, 00:16:47,447
ELEVENMPV,ElevenMPV,7537,07/03/2020, 01:06:39,447
ELEVENMPV,ElevenMPV,7537,07/03/2020, 02:06:38,447
ELEVENMPV,ElevenMPV,7537,07/03/2020, 03:06:12,447
ELEVENMPV,ElevenMPV,7538,07/03/2020, 04:06:36,447
ELEVENMPV,ElevenMPV,7539,07/03/2020, 05:05:27,447
ELEVENMPV,ElevenMPV,7539,07/03/2020, 06:06:22,447
ELEVENMPV,ElevenMPV,7539,07/03/2020, 07:05:50,447
ELEVENMPV,ElevenMPV,7539,07/03/2020, 08:06:44,447
ELEVENMPV,ElevenMPV,7539,07/03/2020, 09:06:07,447
ELEVENMPV,ElevenMPV,7539,07/03/2020, 10:06:10,447
ELEVENMPV,ElevenMPV,7540,07/03/2020, 11:05:22,447
ELEVENMPV,ElevenMPV,7542,07/03/2020, 12:08:38,447
ELEVENMPV,ElevenMPV,7543,07/03/2020, 13:05:52,447
ELEVENMPV,ElevenMPV,7543,07/03/2020, 14:06:37,447
ELEVENMPV,ElevenMPV,7545,07/03/2020, 15:05:40,447
ELEVENMPV,ElevenMPV,7545,07/03/2020, 16:06:35,447
ELEVENMPV,ElevenMPV,7545,07/03/2020, 17:05:42,447
ELEVENMPV,ElevenMPV,7546,07/03/2020, 18:06:27,447
ELEVENMPV,ElevenMPV,7548,07/03/2020, 19:05:21,447
ELEVENMPV,ElevenMPV,7549,07/03/2020, 20:06:54,447
ELEVENMPV,ElevenMPV,7550,07/03/2020, 21:05:43,447
ELEVENMPV,ElevenMPV,7550,07/03/2020, 22:06:04,447
ELEVENMPV,ElevenMPV,7550,07/03/2020, 23:05:33,447
ELEVENMPV,ElevenMPV,7551,07/04/2020, 00:16:09,447
ELEVENMPV,ElevenMPV,7552,07/04/2020, 01:06:31,447
ELEVENMPV,ElevenMPV,7552,07/04/2020, 02:06:28,447
ELEVENMPV,ElevenMPV,7552,07/04/2020, 03:05:52,447
ELEVENMPV,ElevenMPV,7552,07/04/2020, 04:06:48,447
ELEVENMPV,ElevenMPV,7552,07/04/2020, 05:05:43,447
ELEVENMPV,ElevenMPV,7552,07/04/2020, 06:06:37,447
ELEVENMPV,ElevenMPV,7552,07/04/2020, 07:06:03,447
ELEVENMPV,ElevenMPV,7554,07/04/2020, 08:07:09,447
ELEVENMPV,ElevenMPV,7554,07/04/2020, 09:05:33,447
ELEVENMPV,ElevenMPV,7554,07/04/2020, 10:06:10,447
ELEVENMPV,ElevenMPV,7554,07/04/2020, 11:05:43,447
ELEVENMPV,ElevenMPV,7554,07/04/2020, 12:07:42,447
ELEVENMPV,ElevenMPV,7554,07/04/2020, 13:06:05,447
ELEVENMPV,ElevenMPV,7555,07/04/2020, 14:08:00,447
ELEVENMPV,ElevenMPV,7556,07/04/2020, 15:05:42,447
ELEVENMPV,ElevenMPV,7557,07/04/2020, 16:06:17,447
ELEVENMPV,ElevenMPV,7557,07/04/2020, 17:06:33,447
ELEVENMPV,ElevenMPV,7559,07/04/2020, 18:06:27,447
ELEVENMPV,ElevenMPV,7560,07/04/2020, 19:05:22,447
ELEVENMPV,ElevenMPV,7561,07/04/2020, 20:06:44,447
ELEVENMPV,ElevenMPV,7561,07/04/2020, 21:05:42,447
ELEVENMPV,ElevenMPV,7561,07/04/2020, 22:06:16,447
ELEVENMPV,ElevenMPV,7563,07/04/2020, 23:06:10,447
ELEVENMPV,ElevenMPV,7563,07/05/2020, 00:17:08,447
ELEVENMPV,ElevenMPV,7564,07/05/2020, 01:06:44,447
ELEVENMPV,ElevenMPV,7564,07/05/2020, 02:06:28,447
ELEVENMPV,ElevenMPV,7565,07/05/2020, 03:05:53,447
ELEVENMPV,ElevenMPV,7566,07/05/2020, 04:06:30,447
ELEVENMPV,ElevenMPV,7568,07/05/2020, 05:05:38,447
ELEVENMPV,ElevenMPV,7568,07/05/2020, 06:06:35,447
ELEVENMPV,ElevenMPV,7570,07/05/2020, 07:06:06,447
ELEVENMPV,ElevenMPV,7570,07/05/2020, 08:06:26,447
ELEVENMPV,ElevenMPV,7570,07/05/2020, 09:05:49,447
ELEVENMPV,ElevenMPV,7570,07/05/2020, 10:06:51,447
ELEVENMPV,ElevenMPV,7570,07/05/2020, 11:05:40,447
ELEVENMPV,ElevenMPV,7570,07/05/2020, 12:07:48,447
ELEVENMPV,ElevenMPV,7571,07/05/2020, 13:07:05,447
ELEVENMPV,ElevenMPV,7571,07/05/2020, 14:06:21,447
ELEVENMPV,ElevenMPV,7571,07/05/2020, 15:05:46,447
ELEVENMPV,ElevenMPV,7572,07/05/2020, 16:06:30,447
ELEVENMPV,ElevenMPV,7572,07/05/2020, 17:05:44,447
ELEVENMPV,ElevenMPV,7572,07/05/2020, 18:06:32,447
ELEVENMPV,ElevenMPV,7572,07/05/2020, 19:05:29,447
ELEVENMPV,ElevenMPV,7572,07/05/2020, 20:06:50,447
ELEVENMPV,ElevenMPV,7573,07/05/2020, 21:05:43,447
ELEVENMPV,ElevenMPV,7573,07/05/2020, 22:06:14,447
ELEVENMPV,ElevenMPV,7573,07/05/2020, 23:06:02,447
ELEVENMPV,ElevenMPV,7573,07/06/2020, 00:16:38,447
ELEVENMPV,ElevenMPV,7573,07/06/2020, 01:06:36,447
ELEVENMPV,ElevenMPV,7575,07/06/2020, 02:06:39,447
ELEVENMPV,ElevenMPV,7575,07/06/2020, 03:05:57,447
ELEVENMPV,ElevenMPV,7575,07/06/2020, 04:06:24,447
ELEVENMPV,ElevenMPV,7575,07/06/2020, 05:05:41,447
ELEVENMPV,ElevenMPV,7575,07/06/2020, 06:06:40,447
ELEVENMPV,ElevenMPV,7576,07/06/2020, 07:06:02,447
ELEVENMPV,ElevenMPV,7576,07/06/2020, 08:06:56,447
ELEVENMPV,ElevenMPV,7576,07/06/2020, 09:06:25,447
ELEVENMPV,ElevenMPV,7577,07/06/2020, 10:06:05,447
ELEVENMPV,ElevenMPV,7577,07/06/2020, 11:05:35,447
ELEVENMPV,ElevenMPV,7577,07/06/2020, 12:08:23,447
ELEVENMPV,ElevenMPV,7577,07/06/2020, 13:05:56,447
ELEVENMPV,ElevenMPV,7577,07/06/2020, 14:06:30,447
ELEVENMPV,ElevenMPV,7577,07/06/2020, 15:05:58,447
ELEVENMPV,ElevenMPV,7578,07/06/2020, 16:06:31,447
ELEVENMPV,ElevenMPV,7578,07/06/2020, 17:06:00,447
ELEVENMPV,ElevenMPV,7578,07/06/2020, 18:06:33,447
ELEVENMPV,ElevenMPV,7579,07/06/2020, 19:05:38,447
ELEVENMPV,ElevenMPV,7579,07/06/2020, 20:07:03,447
ELEVENMPV,ElevenMPV,7579,07/06/2020, 21:05:56,447
ELEVENMPV,ElevenMPV,7579,07/06/2020, 22:05:50,447
ELEVENMPV,ElevenMPV,7580,07/06/2020, 23:05:47,447
ELEVENMPV,ElevenMPV,7581,07/07/2020, 00:16:23,447
ELEVENMPV,ElevenMPV,7582,07/07/2020, 01:06:24,447
ELEVENMPV,ElevenMPV,7582,07/07/2020, 02:06:20,447
ELEVENMPV,ElevenMPV,7582,07/07/2020, 03:05:49,447
ELEVENMPV,ElevenMPV,7583,07/07/2020, 04:06:22,447
ELEVENMPV,ElevenMPV,7583,07/07/2020, 05:05:42,447
ELEVENMPV,ElevenMPV,7583,07/07/2020, 06:06:34,447
ELEVENMPV,ElevenMPV,7584,07/07/2020, 07:06:15,447
ELEVENMPV,ElevenMPV,7586,07/07/2020, 08:06:30,447
ELEVENMPV,ElevenMPV,7586,07/07/2020, 09:06:00,447
ELEVENMPV,ElevenMPV,7586,07/07/2020, 10:06:05,447
ELEVENMPV,ElevenMPV,7586,07/07/2020, 11:05:31,447
ELEVENMPV,ElevenMPV,7586,07/07/2020, 12:07:39,447
ELEVENMPV,ElevenMPV,7586,07/07/2020, 13:06:00,447
ELEVENMPV,ElevenMPV,7587,07/07/2020, 14:06:51,447
ELEVENMPV,ElevenMPV,7587,07/07/2020, 15:05:46,447
ELEVENMPV,ElevenMPV,7588,07/07/2020, 16:06:17,447
ELEVENMPV,ElevenMPV,7589,07/07/2020, 17:05:53,447
ELEVENMPV,ElevenMPV,7590,07/07/2020, 18:06:16,447
ELEVENMPV,ElevenMPV,7590,07/07/2020, 19:05:20,447
ELEVENMPV,ElevenMPV,7590,07/07/2020, 20:06:51,447
ELEVENMPV,ElevenMPV,7591,07/07/2020, 21:05:53,447
ELEVENMPV,ElevenMPV,7591,07/07/2020, 22:05:45,447
ELEVENMPV,ElevenMPV,7594,07/07/2020, 23:05:55,447
ELEVENMPV,ElevenMPV,7596,07/08/2020, 00:16:20,447
ELEVENMPV,ElevenMPV,7596,07/08/2020, 01:06:24,447
ELEVENMPV,ElevenMPV,7598,07/08/2020, 02:06:25,447
ELEVENMPV,ElevenMPV,7599,07/08/2020, 03:05:47,447
ELEVENMPV,ElevenMPV,7599,07/08/2020, 04:06:13,447
ELEVENMPV,ElevenMPV,7599,07/08/2020, 05:06:03,447
ELEVENMPV,ElevenMPV,7599,07/08/2020, 06:06:36,447
ELEVENMPV,ElevenMPV,7599,07/08/2020, 07:06:11,447
ELEVENMPV,ElevenMPV,7600,07/08/2020, 08:07:03,447
ELEVENMPV,ElevenMPV,7600,07/08/2020, 09:06:05,447
ELEVENMPV,ElevenMPV,7600,07/08/2020, 10:06:01,447
ELEVENMPV,ElevenMPV,7602,07/08/2020, 11:05:30,447
ELEVENMPV,ElevenMPV,7604,07/08/2020, 12:07:53,447
ELEVENMPV,ElevenMPV,7605,07/08/2020, 13:05:57,447
ELEVENMPV,ElevenMPV,7606,07/08/2020, 14:06:30,447
ELEVENMPV,ElevenMPV,7606,07/08/2020, 15:05:55,447
ELEVENMPV,ElevenMPV,7606,07/08/2020, 16:06:19,447
ELEVENMPV,ElevenMPV,7607,07/08/2020, 17:06:02,447
ELEVENMPV,ElevenMPV,7608,07/08/2020, 18:06:27,447
ELEVENMPV,ElevenMPV,7608,07/08/2020, 19:05:48,447
ELEVENMPV,ElevenMPV,7608,07/08/2020, 20:07:16,447
ELEVENMPV,ElevenMPV,7609,07/08/2020, 21:05:45,447
ELEVENMPV,ElevenMPV,7610,07/08/2020, 22:05:44,447
ELEVENMPV,ElevenMPV,7610,07/08/2020, 23:06:04,447
ELEVENMPV,ElevenMPV,7610,07/09/2020, 00:16:42,447
ELEVENMPV,ElevenMPV,7612,07/09/2020, 01:06:17,447
ELEVENMPV,ElevenMPV,7612,07/09/2020, 02:06:41,447
ELEVENMPV,ElevenMPV,7613,07/09/2020, 03:06:10,447
ELEVENMPV,ElevenMPV,7614,07/09/2020, 04:06:45,447
ELEVENMPV,ElevenMPV,7614,07/09/2020, 05:05:57,447
ELEVENMPV,ElevenMPV,7614,07/09/2020, 06:06:28,447
ELEVENMPV,ElevenMPV,7614,07/09/2020, 07:05:57,447
ELEVENMPV,ElevenMPV,7614,07/09/2020, 08:06:18,447
ELEVENMPV,ElevenMPV,7614,07/09/2020, 09:05:43,447
ELEVENMPV,ElevenMPV,7614,07/09/2020, 10:06:05,447
ELEVENMPV,ElevenMPV,7614,07/09/2020, 11:05:36,447
ELEVENMPV,ElevenMPV,7614,07/09/2020, 12:08:03,447
ELEVENMPV,ElevenMPV,7614,07/09/2020, 13:06:02,447
ELEVENMPV,ElevenMPV,7614,07/09/2020, 14:06:52,447
ELEVENMPV,ElevenMPV,7614,07/09/2020, 15:06:10,447
ELEVENMPV,ElevenMPV,7614,07/09/2020, 16:06:21,447
ELEVENMPV,ElevenMPV,7615,07/09/2020, 17:06:12,447
ELEVENMPV,ElevenMPV,7616,07/09/2020, 18:06:43,447
ELEVENMPV,ElevenMPV,7617,07/09/2020, 19:05:44,447
ELEVENMPV,ElevenMPV,7617,07/09/2020, 20:06:59,447
ELEVENMPV,ElevenMPV,7617,07/09/2020, 21:06:05,447
ELEVENMPV,ElevenMPV,7617,07/09/2020, 22:06:06,447
ELEVENMPV,ElevenMPV,7617,07/09/2020, 23:05:51,447
ELEVENMPV,ElevenMPV,7617,07/10/2020, 00:16:56,447
ELEVENMPV,ElevenMPV,7617,07/10/2020, 01:06:56,447
ELEVENMPV,ElevenMPV,7617,07/10/2020, 02:06:51,447
ELEVENMPV,ElevenMPV,7617,07/10/2020, 03:06:16,447
ELEVENMPV,ElevenMPV,7617,07/10/2020, 04:06:43,447
ELEVENMPV,ElevenMPV,7617,07/10/2020, 05:05:43,447
ELEVENMPV,ElevenMPV,7617,07/10/2020, 06:06:35,447
ELEVENMPV,ElevenMPV,7617,07/10/2020, 07:06:22,447
ELEVENMPV,ElevenMPV,7617,07/10/2020, 08:07:09,447
ELEVENMPV,ElevenMPV,7617,07/10/2020, 09:06:34,447
ELEVENMPV,ElevenMPV,7618,07/10/2020, 10:05:57,447
ELEVENMPV,ElevenMPV,7619,07/10/2020, 11:05:54,447
ELEVENMPV,ElevenMPV,7619,07/10/2020, 12:08:53,447
ELEVENMPV,ElevenMPV,7619,07/10/2020, 13:05:56,447
ELEVENMPV,ElevenMPV,7619,07/10/2020, 14:06:49,447
ELEVENMPV,ElevenMPV,7619,07/10/2020, 15:06:01,447
ELEVENMPV,ElevenMPV,7620,07/10/2020, 16:06:24,447
ELEVENMPV,ElevenMPV,7620,07/10/2020, 17:05:48,447
ELEVENMPV,ElevenMPV,7620,07/10/2020, 18:06:45,447
ELEVENMPV,ElevenMPV,7620,07/10/2020, 19:05:45,447
ELEVENMPV,ElevenMPV,7620,07/10/2020, 20:07:06,447
ELEVENMPV,ElevenMPV,7620,07/10/2020, 21:05:58,447
ELEVENMPV,ElevenMPV,7620,07/10/2020, 22:05:54,447
ELEVENMPV,ElevenMPV,7621,07/10/2020, 23:06:09,447
ELEVENMPV,ElevenMPV,7622,07/11/2020, 00:16:59,447
ELEVENMPV,ElevenMPV,7622,07/11/2020, 01:06:40,447
ELEVENMPV,ElevenMPV,7622,07/11/2020, 02:06:46,447
ELEVENMPV,ElevenMPV,7622,07/11/2020, 03:06:08,447
ELEVENMPV,ElevenMPV,7624,07/11/2020, 04:06:31,447
ELEVENMPV,ElevenMPV,7624,07/11/2020, 05:05:35,447
ELEVENMPV,ElevenMPV,7624,07/11/2020, 06:06:58,447
ELEVENMPV,ElevenMPV,7624,07/11/2020, 07:06:31,447
ELEVENMPV,ElevenMPV,7624,07/11/2020, 08:06:47,447
ELEVENMPV,ElevenMPV,7624,07/11/2020, 09:06:06,447
ELEVENMPV,ElevenMPV,7624,07/11/2020, 10:06:17,447
ELEVENMPV,ElevenMPV,7624,07/11/2020, 11:05:57,447
ELEVENMPV,ElevenMPV,7625,07/11/2020, 12:07:58,447
ELEVENMPV,ElevenMPV,7625,07/11/2020, 13:06:21,447
ELEVENMPV,ElevenMPV,7625,07/11/2020, 14:06:58,447
ELEVENMPV,ElevenMPV,7625,07/11/2020, 15:05:43,447
ELEVENMPV,ElevenMPV,7626,07/11/2020, 16:06:35,447
ELEVENMPV,ElevenMPV,7626,07/11/2020, 17:05:52,447
ELEVENMPV,ElevenMPV,7626,07/11/2020, 18:06:29,447
ELEVENMPV,ElevenMPV,7626,07/11/2020, 19:06:06,447
ELEVENMPV,ElevenMPV,7628,07/11/2020, 20:07:25,447
ELEVENMPV,ElevenMPV,7628,07/11/2020, 21:06:09,447
ELEVENMPV,ElevenMPV,7628,07/11/2020, 22:06:06,447
ELEVENMPV,ElevenMPV,7628,07/11/2020, 23:06:03,447
ELEVENMPV,ElevenMPV,7629,07/12/2020, 00:17:48,447
ELEVENMPV,ElevenMPV,7629,07/12/2020, 01:06:34,447
ELEVENMPV,ElevenMPV,7629,07/12/2020, 02:06:35,447
ELEVENMPV,ElevenMPV,7632,07/12/2020, 03:06:36,447
ELEVENMPV,ElevenMPV,7633,07/12/2020, 04:06:49,447
ELEVENMPV,ElevenMPV,7635,07/12/2020, 05:05:52,447
ELEVENMPV,ElevenMPV,7635,07/12/2020, 06:06:57,447
ELEVENMPV,ElevenMPV,7636,07/12/2020, 07:06:07,447
ELEVENMPV,ElevenMPV,7636,07/12/2020, 08:06:29,447
ELEVENMPV,ElevenMPV,7636,07/12/2020, 09:05:59,447
ELEVENMPV,ElevenMPV,7636,07/12/2020, 10:06:20,447
ELEVENMPV,ElevenMPV,7636,07/12/2020, 11:05:42,447
ELEVENMPV,ElevenMPV,7636,07/12/2020, 12:08:14,447
ELEVENMPV,ElevenMPV,7636,07/12/2020, 13:06:01,447
ELEVENMPV,ElevenMPV,7636,07/12/2020, 14:06:41,447
ELEVENMPV,ElevenMPV,7636,07/12/2020, 15:06:03,447
ELEVENMPV,ElevenMPV,7638,07/12/2020, 16:06:18,447
ELEVENMPV,ElevenMPV,7638,07/12/2020, 17:06:03,447
ELEVENMPV,ElevenMPV,7638,07/12/2020, 18:06:52,447
ELEVENMPV,ElevenMPV,7638,07/12/2020, 19:05:41,447
ELEVENMPV,ElevenMPV,7638,07/12/2020, 20:07:04,447
ELEVENMPV,ElevenMPV,7640,07/12/2020, 21:06:00,447
ELEVENMPV,ElevenMPV,7641,07/12/2020, 22:06:01,447
ELEVENMPV,ElevenMPV,7641,07/12/2020, 23:06:13,447
ELEVENMPV,ElevenMPV,7641,07/13/2020, 00:17:20,447
ELEVENMPV,ElevenMPV,7642,07/13/2020, 01:06:52,447
ELEVENMPV,ElevenMPV,7642,07/13/2020, 02:06:53,447
ELEVENMPV,ElevenMPV,7643,07/13/2020, 03:06:51,447
ELEVENMPV,ElevenMPV,7645,07/13/2020, 04:06:55,447
ELEVENMPV,ElevenMPV,7645,07/13/2020, 05:08:11,447
ELEVENMPV,ElevenMPV,7645,07/13/2020, 07:07:36,447
ELEVENMPV,ElevenMPV,7645,07/13/2020, 09:06:24,447
ELEVENMPV,ElevenMPV,7645,07/13/2020, 10:06:21,447
ELEVENMPV,ElevenMPV,7646,07/13/2020, 11:05:53,447
ELEVENMPV,ElevenMPV,7646,07/13/2020, 12:08:01,447
ELEVENMPV,ElevenMPV,7646,07/13/2020, 13:06:08,447
ELEVENMPV,ElevenMPV,7646,07/13/2020, 14:07:06,447
ELEVENMPV,ElevenMPV,7647,07/13/2020, 15:06:07,447
ELEVENMPV,ElevenMPV,7649,07/13/2020, 16:06:22,447
ELEVENMPV,ElevenMPV,7651,07/13/2020, 17:05:48,447
ELEVENMPV,ElevenMPV,7651,07/13/2020, 18:06:49,447
ELEVENMPV,ElevenMPV,7652,07/13/2020, 19:05:44,447
ELEVENMPV,ElevenMPV,7653,07/13/2020, 20:07:14,447
ELEVENMPV,ElevenMPV,7654,07/13/2020, 21:06:08,447
ELEVENMPV,ElevenMPV,7654,07/13/2020, 22:06:06,447
ELEVENMPV,ElevenMPV,7654,07/13/2020, 23:05:58,447
ELEVENMPV,ElevenMPV,7656,07/14/2020, 00:17:08,447
ELEVENMPV,ElevenMPV,7656,07/14/2020, 01:06:36,447
ELEVENMPV,ElevenMPV,7657,07/14/2020, 02:07:10,447
ELEVENMPV,ElevenMPV,7657,07/14/2020, 03:06:29,447
ELEVENMPV,ElevenMPV,7657,07/14/2020, 04:06:26,447
ELEVENMPV,ElevenMPV,7657,07/14/2020, 05:06:05,447
ELEVENMPV,ElevenMPV,7657,07/14/2020, 06:06:55,447
ELEVENMPV,ElevenMPV,7657,07/14/2020, 07:06:18,447
ELEVENMPV,ElevenMPV,7658,07/14/2020, 08:06:49,447
ELEVENMPV,ElevenMPV,7658,07/14/2020, 09:06:25,447
ELEVENMPV,ElevenMPV,7658,07/14/2020, 10:06:12,447
ELEVENMPV,ElevenMPV,7658,07/14/2020, 11:05:55,447
ELEVENMPV,ElevenMPV,7659,07/14/2020, 12:08:53,447
ELEVENMPV,ElevenMPV,7659,07/14/2020, 13:07:00,447
ELEVENMPV,ElevenMPV,7660,07/14/2020, 14:35:45,447
ELEVENMPV,ElevenMPV,7660,07/14/2020, 15:06:15,447
ELEVENMPV,ElevenMPV,7660,07/14/2020, 16:06:26,447
ELEVENMPV,ElevenMPV,7660,07/14/2020, 17:05:59,447
ELEVENMPV,ElevenMPV,7660,07/14/2020, 18:06:45,447
ELEVENMPV,ElevenMPV,7661,07/14/2020, 19:06:06,447
ELEVENMPV,ElevenMPV,7662,07/14/2020, 20:06:57,447
ELEVENMPV,ElevenMPV,7662,07/14/2020, 21:05:19,447
ELEVENMPV,ElevenMPV,7662,07/14/2020, 22:06:00,447
ELEVENMPV,ElevenMPV,7662,07/14/2020, 23:06:16,447
ELEVENMPV,ElevenMPV,7663,07/15/2020, 00:17:28,447
ELEVENMPV,ElevenMPV,7663,07/15/2020, 01:06:56,447
ELEVENMPV,ElevenMPV,7665,07/15/2020, 02:06:53,447
ELEVENMPV,ElevenMPV,7665,07/15/2020, 03:06:31,447
ELEVENMPV,ElevenMPV,7666,07/15/2020, 04:06:27,447
ELEVENMPV,ElevenMPV,7666,07/15/2020, 05:05:48,447
ELEVENMPV,ElevenMPV,7666,07/15/2020, 06:07:18,447
ELEVENMPV,ElevenMPV,7667,07/15/2020, 07:06:51,447
ELEVENMPV,ElevenMPV,7667,07/15/2020, 08:06:48,447
ELEVENMPV,ElevenMPV,7667,07/15/2020, 09:06:36,447
ELEVENMPV,ElevenMPV,7667,07/15/2020, 10:06:10,447
ELEVENMPV,ElevenMPV,7667,07/15/2020, 11:06:01,447
ELEVENMPV,ElevenMPV,7667,07/15/2020, 12:08:00,447
ELEVENMPV,ElevenMPV,7667,07/15/2020, 13:05:58,447
ELEVENMPV,ElevenMPV,7667,07/15/2020, 14:06:45,447
ELEVENMPV,ElevenMPV,7667,07/15/2020, 15:06:20,447
ELEVENMPV,ElevenMPV,7667,07/15/2020, 16:06:26,447
ELEVENMPV,ElevenMPV,7667,07/15/2020, 17:05:54,447
ELEVENMPV,ElevenMPV,7667,07/15/2020, 18:06:26,447
ELEVENMPV,ElevenMPV,7667,07/15/2020, 19:05:07,447
ELEVENMPV,ElevenMPV,7667,07/15/2020, 20:06:08,447
ELEVENMPV,ElevenMPV,7667,07/15/2020, 21:05:54,447
ELEVENMPV,ElevenMPV,7669,07/15/2020, 22:06:06,447
ELEVENMPV,ElevenMPV,7670,07/15/2020, 23:06:06,447
ELEVENMPV,ElevenMPV,7670,07/16/2020, 00:17:04,447
ELEVENMPV,ElevenMPV,7673,07/16/2020, 01:06:37,447
ELEVENMPV,ElevenMPV,7673,07/16/2020, 02:07:03,447
ELEVENMPV,ElevenMPV,7673,07/16/2020, 03:06:32,447
ELEVENMPV,ElevenMPV,7673,07/16/2020, 04:06:47,447
ELEVENMPV,ElevenMPV,7675,07/16/2020, 05:05:58,447
ELEVENMPV,ElevenMPV,7675,07/16/2020, 06:06:27,447
ELEVENMPV,ElevenMPV,7675,07/16/2020, 07:06:21,447
ELEVENMPV,ElevenMPV,7676,07/16/2020, 08:06:20,447
ELEVENMPV,ElevenMPV,7677,07/16/2020, 09:06:39,447
ELEVENMPV,ElevenMPV,7677,07/16/2020, 10:06:16,447
ELEVENMPV,ElevenMPV,7677,07/16/2020, 11:05:47,447
ELEVENMPV,ElevenMPV,7678,07/16/2020, 12:08:24,447
ELEVENMPV,ElevenMPV,7678,07/16/2020, 13:06:13,447
ELEVENMPV,ElevenMPV,7679,07/16/2020, 14:06:45,447
ELEVENMPV,ElevenMPV,7679,07/16/2020, 15:06:23,447
ELEVENMPV,ElevenMPV,7679,07/16/2020, 16:06:43,447
ELEVENMPV,ElevenMPV,7680,07/16/2020, 17:06:29,447
ELEVENMPV,ElevenMPV,7683,07/16/2020, 18:06:41,447
ELEVENMPV,ElevenMPV,7684,07/16/2020, 19:05:54,447
ELEVENMPV,ElevenMPV,7684,07/16/2020, 20:06:51,447
ELEVENMPV,ElevenMPV,7685,07/16/2020, 21:06:14,447
ELEVENMPV,ElevenMPV,7687,07/16/2020, 22:05:59,447
ELEVENMPV,ElevenMPV,7688,07/16/2020, 23:07:00,447
ELEVENMPV,ElevenMPV,7688,07/17/2020, 00:17:10,447
ELEVENMPV,ElevenMPV,7689,07/17/2020, 01:07:04,447
ELEVENMPV,ElevenMPV,7689,07/17/2020, 02:07:15,447
ELEVENMPV,ElevenMPV,7689,07/17/2020, 03:06:36,447
ELEVENMPV,ElevenMPV,7689,07/17/2020, 04:07:07,447
ELEVENMPV,ElevenMPV,7689,07/17/2020, 05:05:59,447
ELEVENMPV,ElevenMPV,7690,07/17/2020, 06:06:56,447
ELEVENMPV,ElevenMPV,7690,07/17/2020, 07:06:23,447
ELEVENMPV,ElevenMPV,7690,07/17/2020, 08:06:51,447
ELEVENMPV,ElevenMPV,7691,07/17/2020, 09:06:22,447
ELEVENMPV,ElevenMPV,7691,07/17/2020, 10:06:17,447
ELEVENMPV,ElevenMPV,7691,07/17/2020, 11:05:50,447
ELEVENMPV,ElevenMPV,7691,07/17/2020, 12:08:47,447
ELEVENMPV,ElevenMPV,7692,07/17/2020, 13:06:07,447
ELEVENMPV,ElevenMPV,7692,07/17/2020, 14:06:33,447
ELEVENMPV,ElevenMPV,7692,07/17/2020, 15:05:59,447
ELEVENMPV,ElevenMPV,7692,07/17/2020, 16:07:05,447
ELEVENMPV,ElevenMPV,7693,07/17/2020, 17:05:49,447
ELEVENMPV,ElevenMPV,7694,07/17/2020, 18:06:29,447
ELEVENMPV,ElevenMPV,7695,07/17/2020, 19:06:05,447
ELEVENMPV,ElevenMPV,7696,07/17/2020, 20:07:08,447
ELEVENMPV,ElevenMPV,7696,07/17/2020, 21:05:32,447
ELEVENMPV,ElevenMPV,7696,07/17/2020, 22:06:06,447
ELEVENMPV,ElevenMPV,7696,07/17/2020, 23:06:04,447
ELEVENMPV,ElevenMPV,7696,07/18/2020, 00:17:27,447
ELEVENMPV,ElevenMPV,7697,07/18/2020, 01:06:51,447
ELEVENMPV,ElevenMPV,7697,07/18/2020, 02:07:04,447
ELEVENMPV,ElevenMPV,7697,07/18/2020, 03:06:33,447
ELEVENMPV,ElevenMPV,7697,07/18/2020, 04:06:33,447
ELEVENMPV,ElevenMPV,7697,07/18/2020, 05:05:58,447
ELEVENMPV,ElevenMPV,7697,07/18/2020, 06:06:44,447
ELEVENMPV,ElevenMPV,7699,07/18/2020, 07:06:28,447
ELEVENMPV,ElevenMPV,7700,07/18/2020, 09:06:13,447
ELEVENMPV,ElevenMPV,7701,07/18/2020, 10:06:10,447
ELEVENMPV,ElevenMPV,7701,07/18/2020, 11:06:06,447
ELEVENMPV,ElevenMPV,7701,07/18/2020, 12:08:03,447
ELEVENMPV,ElevenMPV,7701,07/18/2020, 13:05:55,447
ELEVENMPV,ElevenMPV,7701,07/18/2020, 14:06:26,447
ELEVENMPV,ElevenMPV,7701,07/18/2020, 15:05:56,447
ELEVENMPV,ElevenMPV,7701,07/18/2020, 16:06:18,447
ELEVENMPV,ElevenMPV,7701,07/18/2020, 17:05:38,447
ELEVENMPV,ElevenMPV,7702,07/18/2020, 18:06:52,447
ELEVENMPV,ElevenMPV,7702,07/18/2020, 19:05:35,447
ELEVENMPV,ElevenMPV,7702,07/18/2020, 20:07:09,447
ELEVENMPV,ElevenMPV,7702,07/18/2020, 21:06:25,447
ELEVENMPV,ElevenMPV,7702,07/18/2020, 22:05:52,447
ELEVENMPV,ElevenMPV,7703,07/18/2020, 23:05:42,447
ELEVENMPV,ElevenMPV,7703,07/19/2020, 00:18:09,447
ELEVENMPV,ElevenMPV,7704,07/19/2020, 01:06:52,447
ELEVENMPV,ElevenMPV,7705,07/19/2020, 02:07:01,447
ELEVENMPV,ElevenMPV,7705,07/19/2020, 03:06:18,447
ELEVENMPV,ElevenMPV,7706,07/19/2020, 04:06:49,447
ELEVENMPV,ElevenMPV,7707,07/19/2020, 05:06:16,447
ELEVENMPV,ElevenMPV,7708,07/19/2020, 06:07:15,447
ELEVENMPV,ElevenMPV,7709,07/19/2020, 07:06:40,447
ELEVENMPV,ElevenMPV,7709,07/19/2020, 08:06:25,447
ELEVENMPV,ElevenMPV,7709,07/19/2020, 09:06:30,447
ELEVENMPV,ElevenMPV,7709,07/19/2020, 10:06:17,447
ELEVENMPV,ElevenMPV,7710,07/19/2020, 11:05:48,447
ELEVENMPV,ElevenMPV,7710,07/19/2020, 12:08:21,447
ELEVENMPV,ElevenMPV,7713,07/19/2020, 13:06:07,447
ELEVENMPV,ElevenMPV,7713,07/19/2020, 14:07:05,447
ELEVENMPV,ElevenMPV,7714,07/19/2020, 15:05:56,447
ELEVENMPV,ElevenMPV,7715,07/19/2020, 16:06:37,447
ELEVENMPV,ElevenMPV,7716,07/19/2020, 17:05:47,447
ELEVENMPV,ElevenMPV,7717,07/19/2020, 18:06:22,447
ELEVENMPV,ElevenMPV,7717,07/19/2020, 19:05:44,447
ELEVENMPV,ElevenMPV,7718,07/19/2020, 20:07:17,447
ELEVENMPV,ElevenMPV,7719,07/19/2020, 21:06:37,447
ELEVENMPV,ElevenMPV,7719,07/19/2020, 22:06:02,447
ELEVENMPV,ElevenMPV,7721,07/19/2020, 23:06:01,447
ELEVENMPV,ElevenMPV,7721,07/20/2020, 00:17:39,447
ELEVENMPV,ElevenMPV,7721,07/20/2020, 01:07:01,447
ELEVENMPV,ElevenMPV,7721,07/20/2020, 02:07:10,447
ELEVENMPV,ElevenMPV,7722,07/20/2020, 03:06:44,447
ELEVENMPV,ElevenMPV,7722,07/20/2020, 04:07:21,447
ELEVENMPV,ElevenMPV,7722,07/20/2020, 05:06:17,447
ELEVENMPV,ElevenMPV,7724,07/20/2020, 06:06:48,447
ELEVENMPV,ElevenMPV,7724,07/20/2020, 07:06:41,447
ELEVENMPV,ElevenMPV,7724,07/20/2020, 08:07:27,447
ELEVENMPV,ElevenMPV,7724,07/20/2020, 09:06:40,447
ELEVENMPV,ElevenMPV,7724,07/20/2020, 10:06:55,447
ELEVENMPV,ElevenMPV,7725,07/20/2020, 11:05:53,447
ELEVENMPV,ElevenMPV,7725,07/20/2020, 12:08:03,447
ELEVENMPV,ElevenMPV,7725,07/20/2020, 13:05:56,447
ELEVENMPV,ElevenMPV,7725,07/20/2020, 14:07:02,447
ELEVENMPV,ElevenMPV,7725,07/20/2020, 15:06:33,447
ELEVENMPV,ElevenMPV,7725,07/20/2020, 16:06:33,447
ELEVENMPV,ElevenMPV,7725,07/20/2020, 17:05:56,447
ELEVENMPV,ElevenMPV,7725,07/20/2020, 18:06:36,447
ELEVENMPV,ElevenMPV,7725,07/20/2020, 19:06:08,447
ELEVENMPV,ElevenMPV,7725,07/20/2020, 20:07:27,447
ELEVENMPV,ElevenMPV,7726,07/20/2020, 21:06:26,447
ELEVENMPV,ElevenMPV,7726,07/20/2020, 22:05:59,447
ELEVENMPV,ElevenMPV,7728,07/20/2020, 23:05:52,447
ELEVENMPV,ElevenMPV,7729,07/21/2020, 00:17:41,447
ELEVENMPV,ElevenMPV,7729,07/21/2020, 01:07:19,447
ELEVENMPV,ElevenMPV,7729,07/21/2020, 02:07:34,447
ELEVENMPV,ElevenMPV,7733,07/21/2020, 03:06:35,447
ELEVENMPV,ElevenMPV,7733,07/21/2020, 04:06:59,447
ELEVENMPV,ElevenMPV,7734,07/21/2020, 05:06:29,447
ELEVENMPV,ElevenMPV,7734,07/21/2020, 06:07:06,447
ELEVENMPV,ElevenMPV,7734,07/21/2020, 07:06:45,447
ELEVENMPV,ElevenMPV,7736,07/21/2020, 08:06:58,447
ELEVENMPV,ElevenMPV,7736,07/21/2020, 09:06:31,447
ELEVENMPV,ElevenMPV,7736,07/21/2020, 10:06:29,447
ELEVENMPV,ElevenMPV,7736,07/21/2020, 11:06:30,447
ELEVENMPV,ElevenMPV,7738,07/21/2020, 12:08:24,447
ELEVENMPV,ElevenMPV,7738,07/21/2020, 13:05:51,447
ELEVENMPV,ElevenMPV,7738,07/21/2020, 14:06:56,447
ELEVENMPV,ElevenMPV,7738,07/21/2020, 15:06:31,447
ELEVENMPV,ElevenMPV,7739,07/21/2020, 16:06:31,447
ELEVENMPV,ElevenMPV,7739,07/21/2020, 17:06:18,447
ELEVENMPV,ElevenMPV,7740,07/21/2020, 18:06:48,447
ELEVENMPV,ElevenMPV,7740,07/21/2020, 19:06:10,447
ELEVENMPV,ElevenMPV,7741,07/21/2020, 20:07:01,447
ELEVENMPV,ElevenMPV,7741,07/21/2020, 21:06:18,447
ELEVENMPV,ElevenMPV,7742,07/21/2020, 22:06:25,447
ELEVENMPV,ElevenMPV,7742,07/21/2020, 23:05:48,447
ELEVENMPV,ElevenMPV,7743,07/22/2020, 00:17:33,447
ELEVENMPV,ElevenMPV,7746,07/22/2020, 01:07:02,447
ELEVENMPV,ElevenMPV,7747,07/22/2020, 02:07:22,447
ELEVENMPV,ElevenMPV,7747,07/22/2020, 03:06:30,447
ELEVENMPV,ElevenMPV,7747,07/22/2020, 04:07:00,447
ELEVENMPV,ElevenMPV,7747,07/22/2020, 05:06:20,447
ELEVENMPV,ElevenMPV,7748,07/22/2020, 06:06:59,447
ELEVENMPV,ElevenMPV,7749,07/22/2020, 07:06:49,447
ELEVENMPV,ElevenMPV,7750,07/22/2020, 08:07:29,447
ELEVENMPV,ElevenMPV,7750,07/22/2020, 09:06:24,447
ELEVENMPV,ElevenMPV,7751,07/22/2020, 10:06:34,447
ELEVENMPV,ElevenMPV,7751,07/22/2020, 11:05:54,447
ELEVENMPV,ElevenMPV,7751,07/22/2020, 12:08:06,447
ELEVENMPV,ElevenMPV,7751,07/22/2020, 13:05:59,447
ELEVENMPV,ElevenMPV,7751,07/22/2020, 14:07:14,447
ELEVENMPV,ElevenMPV,7753,07/22/2020, 15:06:24,447
ELEVENMPV,ElevenMPV,7753,07/22/2020, 16:06:47,447
ELEVENMPV,ElevenMPV,7753,07/22/2020, 17:06:10,447
ELEVENMPV,ElevenMPV,7754,07/22/2020, 18:07:04,447
ELEVENMPV,ElevenMPV,7754,07/22/2020, 19:06:08,447
ELEVENMPV,ElevenMPV,7754,07/22/2020, 20:07:25,447
ELEVENMPV,ElevenMPV,7755,07/22/2020, 21:06:34,447
ELEVENMPV,ElevenMPV,7755,07/22/2020, 22:06:28,447
ELEVENMPV,ElevenMPV,7755,07/22/2020, 23:06:06,447
ELEVENMPV,ElevenMPV,7755,07/23/2020, 00:17:38,447
ELEVENMPV,ElevenMPV,7756,07/23/2020, 01:06:44,447
ELEVENMPV,ElevenMPV,7756,07/23/2020, 02:07:11,447
ELEVENMPV,ElevenMPV,7756,07/23/2020, 03:06:37,447
ELEVENMPV,ElevenMPV,7757,07/23/2020, 04:07:12,447
ELEVENMPV,ElevenMPV,7758,07/23/2020, 05:06:34,447
ELEVENMPV,ElevenMPV,7758,07/23/2020, 06:07:10,447
ELEVENMPV,ElevenMPV,7758,07/23/2020, 07:06:35,447
ELEVENMPV,ElevenMPV,7758,07/23/2020, 08:07:09,447
ELEVENMPV,ElevenMPV,7759,07/23/2020, 09:06:54,447
ELEVENMPV,ElevenMPV,7759,07/23/2020, 10:06:40,447
ELEVENMPV,ElevenMPV,7759,07/23/2020, 11:06:04,447
ELEVENMPV,ElevenMPV,7759,07/23/2020, 12:08:20,447
ELEVENMPV,ElevenMPV,7760,07/23/2020, 13:06:24,447
ELEVENMPV,ElevenMPV,7760,07/23/2020, 14:06:50,447
ELEVENMPV,ElevenMPV,7760,07/23/2020, 15:06:33,447
ELEVENMPV,ElevenMPV,7760,07/23/2020, 16:06:44,447
ELEVENMPV,ElevenMPV,7762,07/23/2020, 17:06:41,447
ELEVENMPV,ElevenMPV,7762,07/23/2020, 18:06:51,447
ELEVENMPV,ElevenMPV,7762,07/23/2020, 19:06:24,447
ELEVENMPV,ElevenMPV,7762,07/23/2020, 20:07:14,447
ELEVENMPV,ElevenMPV,7764,07/23/2020, 21:06:39,447
ELEVENMPV,ElevenMPV,7764,07/23/2020, 22:06:33,447
ELEVENMPV,ElevenMPV,7764,07/23/2020, 23:06:01,447
ELEVENMPV,ElevenMPV,7766,07/24/2020, 00:17:59,447
ELEVENMPV,ElevenMPV,7766,07/24/2020, 01:07:29,447
ELEVENMPV,ElevenMPV,7766,07/24/2020, 02:07:51,447
ELEVENMPV,ElevenMPV,7767,07/24/2020, 03:06:35,447
ELEVENMPV,ElevenMPV,7767,07/24/2020, 04:06:58,447
ELEVENMPV,ElevenMPV,7767,07/24/2020, 05:06:26,447
ELEVENMPV,ElevenMPV,7767,07/24/2020, 06:06:59,447
ELEVENMPV,ElevenMPV,7767,07/24/2020, 07:06:52,447
ELEVENMPV,ElevenMPV,7767,07/24/2020, 08:07:25,447
ELEVENMPV,ElevenMPV,7767,07/24/2020, 09:06:20,447
ELEVENMPV,ElevenMPV,7767,07/24/2020, 10:06:20,447
ELEVENMPV,ElevenMPV,7767,07/24/2020, 11:06:16,447
ELEVENMPV,ElevenMPV,7767,07/24/2020, 12:09:23,447
ELEVENMPV,ElevenMPV,7769,07/24/2020, 13:05:52,447
ELEVENMPV,ElevenMPV,7769,07/24/2020, 14:06:55,447
ELEVENMPV,ElevenMPV,7769,07/24/2020, 15:06:09,447
ELEVENMPV,ElevenMPV,7769,07/24/2020, 16:06:38,447
ELEVENMPV,ElevenMPV,7769,07/24/2020, 17:06:17,447
ELEVENMPV,ElevenMPV,7769,07/24/2020, 18:06:54,447
ELEVENMPV,ElevenMPV,7769,07/24/2020, 19:06:18,447
ELEVENMPV,ElevenMPV,7769,07/24/2020, 20:07:21,447
ELEVENMPV,ElevenMPV,7769,07/24/2020, 21:06:18,447
ELEVENMPV,ElevenMPV,7769,07/24/2020, 22:06:16,447
ELEVENMPV,ElevenMPV,7769,07/24/2020, 23:06:09,447
ELEVENMPV,ElevenMPV,7769,07/25/2020, 00:18:05,447
ELEVENMPV,ElevenMPV,7770,07/25/2020, 01:06:43,447
ELEVENMPV,ElevenMPV,7770,07/25/2020, 02:07:13,447
ELEVENMPV,ElevenMPV,7771,07/25/2020, 03:06:46,447
ELEVENMPV,ElevenMPV,7771,07/25/2020, 04:07:05,447
ELEVENMPV,ElevenMPV,7771,07/25/2020, 05:06:30,447
ELEVENMPV,ElevenMPV,7772,07/25/2020, 06:07:01,447
ELEVENMPV,ElevenMPV,7772,07/25/2020, 07:07:04,447
ELEVENMPV,ElevenMPV,7772,07/25/2020, 08:06:51,447
ELEVENMPV,ElevenMPV,7772,07/25/2020, 09:06:54,447
ELEVENMPV,ElevenMPV,7773,07/25/2020, 10:06:42,447
ELEVENMPV,ElevenMPV,7773,07/25/2020, 11:06:09,447
ELEVENMPV,ElevenMPV,7773,07/25/2020, 12:08:06,447
ELEVENMPV,ElevenMPV,7773,07/25/2020, 13:06:01,447
ELEVENMPV,ElevenMPV,7773,07/25/2020, 14:06:51,447
ELEVENMPV,ElevenMPV,7773,07/25/2020, 15:06:18,447
ELEVENMPV,ElevenMPV,7773,07/25/2020, 16:06:55,447
ELEVENMPV,ElevenMPV,7773,07/25/2020, 17:06:23,447
ELEVENMPV,ElevenMPV,7773,07/25/2020, 18:07:20,447
ELEVENMPV,ElevenMPV,7773,07/25/2020, 19:06:40,447
ELEVENMPV,ElevenMPV,7773,07/25/2020, 20:07:12,447
ELEVENMPV,ElevenMPV,7775,07/25/2020, 21:06:38,447
ELEVENMPV,ElevenMPV,7775,07/25/2020, 22:06:24,447
ELEVENMPV,ElevenMPV,7775,07/25/2020, 23:05:49,447
ELEVENMPV,ElevenMPV,7775,07/26/2020, 00:18:48,447
ELEVENMPV,ElevenMPV,7776,07/26/2020, 01:06:53,447
ELEVENMPV,ElevenMPV,7777,07/26/2020, 02:07:26,447
ELEVENMPV,ElevenMPV,7777,07/26/2020, 03:06:21,447
ELEVENMPV,ElevenMPV,7777,07/26/2020, 04:06:42,447
ELEVENMPV,ElevenMPV,7777,07/26/2020, 05:06:20,447
ELEVENMPV,ElevenMPV,7777,07/26/2020, 06:07:15,447
ELEVENMPV,ElevenMPV,7777,07/26/2020, 07:07:06,447
ELEVENMPV,ElevenMPV,7778,07/26/2020, 08:07:36,447
ELEVENMPV,ElevenMPV,7780,07/26/2020, 09:06:32,447
ELEVENMPV,ElevenMPV,7780,07/26/2020, 10:06:26,447
ELEVENMPV,ElevenMPV,7781,07/26/2020, 11:05:51,447
ELEVENMPV,ElevenMPV,7781,07/26/2020, 12:08:14,447
ELEVENMPV,ElevenMPV,7781,07/26/2020, 13:06:08,447
ELEVENMPV,ElevenMPV,7781,07/26/2020, 14:06:48,447
ELEVENMPV,ElevenMPV,7781,07/26/2020, 15:06:33,447
ELEVENMPV,ElevenMPV,7781,07/26/2020, 16:06:57,447
ELEVENMPV,ElevenMPV,7781,07/26/2020, 17:06:25,447
ELEVENMPV,ElevenMPV,7781,07/26/2020, 18:07:07,447
ELEVENMPV,ElevenMPV,7782,07/26/2020, 19:06:24,447
ELEVENMPV,ElevenMPV,7782,07/26/2020, 20:07:25,447
ELEVENMPV,ElevenMPV,7783,07/26/2020, 21:06:43,447
ELEVENMPV,ElevenMPV,7784,07/26/2020, 22:06:40,447
ELEVENMPV,ElevenMPV,7784,07/26/2020, 23:06:07,447
ELEVENMPV,ElevenMPV,7784,07/27/2020, 00:18:16,447
ELEVENMPV,ElevenMPV,7788,07/27/2020, 01:06:51,447
ELEVENMPV,ElevenMPV,7789,07/27/2020, 02:07:15,447
ELEVENMPV,ElevenMPV,7789,07/27/2020, 03:06:45,447
ELEVENMPV,ElevenMPV,7789,07/27/2020, 04:07:17,447
ELEVENMPV,ElevenMPV,7790,07/27/2020, 05:06:39,447
ELEVENMPV,ElevenMPV,7790,07/27/2020, 06:07:36,447
ELEVENMPV,ElevenMPV,7790,07/27/2020, 07:06:43,447
ELEVENMPV,ElevenMPV,7792,07/27/2020, 08:07:48,447
ELEVENMPV,ElevenMPV,7792,07/27/2020, 09:06:41,447
ELEVENMPV,ElevenMPV,7792,07/27/2020, 10:06:40,447
ELEVENMPV,ElevenMPV,7792,07/27/2020, 11:06:21,447
ELEVENMPV,ElevenMPV,7793,07/27/2020, 12:08:28,447
ELEVENMPV,ElevenMPV,7794,07/27/2020, 13:06:16,447
ELEVENMPV,ElevenMPV,7794,07/27/2020, 14:06:47,447
ELEVENMPV,ElevenMPV,7794,07/27/2020, 15:06:56,447
ELEVENMPV,ElevenMPV,7794,07/27/2020, 16:06:03,447
ELEVENMPV,ElevenMPV,7795,07/27/2020, 17:05:37,447
ELEVENMPV,ElevenMPV,7795,07/27/2020, 18:06:27,447
ELEVENMPV,ElevenMPV,7797,07/27/2020, 19:05:24,447
ELEVENMPV,ElevenMPV,7797,07/27/2020, 20:06:16,447
ELEVENMPV,ElevenMPV,7800,07/27/2020, 21:05:19,447
ELEVENMPV,ElevenMPV,7802,07/27/2020, 22:06:19,447
ELEVENMPV,ElevenMPV,7802,07/27/2020, 23:05:48,447
ELEVENMPV,ElevenMPV,7802,07/28/2020, 00:18:01,447
ELEVENMPV,ElevenMPV,7803,07/28/2020, 01:07:02,447
ELEVENMPV,ElevenMPV,7804,07/28/2020, 02:07:33,447
ELEVENMPV,ElevenMPV,7804,07/28/2020, 03:06:31,447
ELEVENMPV,ElevenMPV,7804,07/28/2020, 04:06:54,447
ELEVENMPV,ElevenMPV,7804,07/28/2020, 05:06:29,447
ELEVENMPV,ElevenMPV,7805,07/28/2020, 06:07:30,447
ELEVENMPV,ElevenMPV,7805,07/28/2020, 07:06:47,447
ELEVENMPV,ElevenMPV,7805,07/28/2020, 08:07:40,447
ELEVENMPV,ElevenMPV,7805,07/28/2020, 09:06:45,447
ELEVENMPV,ElevenMPV,7805,07/28/2020, 10:06:43,447
ELEVENMPV,ElevenMPV,7805,07/28/2020, 11:06:16,447
ELEVENMPV,ElevenMPV,7805,07/28/2020, 12:08:38,447
ELEVENMPV,ElevenMPV,7805,07/28/2020, 13:06:35,447
ELEVENMPV,ElevenMPV,7805,07/28/2020, 14:07:02,447
ELEVENMPV,ElevenMPV,7806,07/28/2020, 15:07:11,447
ELEVENMPV,ElevenMPV,7806,07/28/2020, 16:07:20,447
ELEVENMPV,ElevenMPV,7806,07/28/2020, 17:06:19,447
ELEVENMPV,ElevenMPV,7806,07/28/2020, 18:06:50,447
ELEVENMPV,ElevenMPV,7806,07/28/2020, 19:06:38,447
ELEVENMPV,ElevenMPV,7807,07/28/2020, 20:07:27,447
ELEVENMPV,ElevenMPV,7807,07/28/2020, 21:07:00,447
ELEVENMPV,ElevenMPV,7807,07/28/2020, 22:06:42,447
ELEVENMPV,ElevenMPV,7808,07/28/2020, 23:06:28,447
ELEVENMPV,ElevenMPV,7808,07/29/2020, 00:17:02,447
ELEVENMPV,ElevenMPV,7808,07/29/2020, 01:07:29,447
ELEVENMPV,ElevenMPV,7808,07/29/2020, 02:07:31,447
ELEVENMPV,ElevenMPV,7808,07/29/2020, 03:06:41,447
ELEVENMPV,ElevenMPV,7809,07/29/2020, 04:07:01,447
ELEVENMPV,ElevenMPV,7809,07/29/2020, 05:06:34,447
ELEVENMPV,ElevenMPV,7810,07/29/2020, 06:07:37,447
ELEVENMPV,ElevenMPV,7811,07/29/2020, 07:06:32,447
ELEVENMPV,ElevenMPV,7812,07/29/2020, 08:07:02,447
ELEVENMPV,ElevenMPV,7813,07/29/2020, 09:06:37,447
ELEVENMPV,ElevenMPV,7813,07/29/2020, 10:06:35,447
ELEVENMPV,ElevenMPV,7813,07/29/2020, 11:06:30,447
ELEVENMPV,ElevenMPV,7813,07/29/2020, 12:08:38,447
ELEVENMPV,ElevenMPV,7814,07/29/2020, 13:06:47,447
ELEVENMPV,ElevenMPV,7814,07/29/2020, 14:07:11,447
ELEVENMPV,ElevenMPV,7814,07/29/2020, 15:07:49,447
ELEVENMPV,ElevenMPV,7817,07/29/2020, 16:07:16,447
ELEVENMPV,ElevenMPV,7817,07/29/2020, 17:06:20,447
ELEVENMPV,ElevenMPV,7817,07/29/2020, 18:07:21,447
ELEVENMPV,ElevenMPV,7817,07/29/2020, 19:06:41,447
ELEVENMPV,ElevenMPV,7818,07/29/2020, 20:07:48,447
ELEVENMPV,ElevenMPV,7818,07/29/2020, 21:06:40,447
ELEVENMPV,ElevenMPV,7818,07/29/2020, 22:06:40,447
ELEVENMPV,ElevenMPV,7818,07/29/2020, 23:06:38,447
ELEVENMPV,ElevenMPV,7819,07/30/2020, 00:18:26,447
ELEVENMPV,ElevenMPV,7819,07/30/2020, 01:07:17,447
ELEVENMPV,ElevenMPV,7819,07/30/2020, 02:07:19,447
ELEVENMPV,ElevenMPV,7821,07/30/2020, 03:06:59,447
ELEVENMPV,ElevenMPV,7822,07/30/2020, 04:06:52,447
ELEVENMPV,ElevenMPV,7822,07/30/2020, 05:06:52,447
ELEVENMPV,ElevenMPV,7822,07/30/2020, 06:07:52,447
ELEVENMPV,ElevenMPV,7822,07/30/2020, 07:06:48,447
ELEVENMPV,ElevenMPV,7822,07/30/2020, 08:07:27,447
ELEVENMPV,ElevenMPV,7822,07/30/2020, 09:06:50,447
ELEVENMPV,ElevenMPV,7823,07/30/2020, 10:06:29,447
ELEVENMPV,ElevenMPV,7823,07/30/2020, 11:06:45,447
ELEVENMPV,ElevenMPV,7823,07/30/2020, 12:08:58,447
ELEVENMPV,ElevenMPV,7823,07/30/2020, 13:06:31,447
ELEVENMPV,ElevenMPV,7824,07/30/2020, 14:08:07,447
ELEVENMPV,ElevenMPV,7824,07/30/2020, 15:07:42,447
ELEVENMPV,ElevenMPV,7826,07/30/2020, 16:07:25,447
ELEVENMPV,ElevenMPV,7828,07/30/2020, 17:06:48,447
ELEVENMPV,ElevenMPV,7828,07/30/2020, 18:07:25,447
ELEVENMPV,ElevenMPV,7828,07/30/2020, 19:06:11,447
ELEVENMPV,ElevenMPV,7829,07/30/2020, 20:06:45,447
ELEVENMPV,ElevenMPV,7829,07/30/2020, 21:05:39,447
ELEVENMPV,ElevenMPV,7829,07/30/2020, 22:05:41,447
ELEVENMPV,ElevenMPV,7829,07/30/2020, 23:06:32,447
ELEVENMPV,ElevenMPV,7831,07/31/2020, 00:19:01,447
ELEVENMPV,ElevenMPV,7831,07/31/2020, 01:07:37,447
ELEVENMPV,ElevenMPV,7831,07/31/2020, 02:07:51,447
ELEVENMPV,ElevenMPV,7833,07/31/2020, 03:06:45,447
ELEVENMPV,ElevenMPV,7833,07/31/2020, 04:07:17,447
ELEVENMPV,ElevenMPV,7833,07/31/2020, 05:06:52,447
ELEVENMPV,ElevenMPV,7834,07/31/2020, 06:07:24,447
ELEVENMPV,ElevenMPV,7834,07/31/2020, 07:06:55,447
ELEVENMPV,ElevenMPV,7834,07/31/2020, 08:08:06,447
ELEVENMPV,ElevenMPV,7834,07/31/2020, 09:06:50,447
ELEVENMPV,ElevenMPV,7835,07/31/2020, 10:06:32,447
ELEVENMPV,ElevenMPV,7835,07/31/2020, 11:06:27,447
ELEVENMPV,ElevenMPV,7836,07/31/2020, 12:09:41,447
ELEVENMPV,ElevenMPV,7836,07/31/2020, 13:06:41,447
ELEVENMPV,ElevenMPV,7836,07/31/2020, 14:07:13,447
ELEVENMPV,ElevenMPV,7836,07/31/2020, 15:07:05,447
ELEVENMPV,ElevenMPV,7836,07/31/2020, 16:07:14,447
ELEVENMPV,ElevenMPV,7836,07/31/2020, 17:06:39,447
ELEVENMPV,ElevenMPV,7837,07/31/2020, 18:07:29,447
ELEVENMPV,ElevenMPV,7837,07/31/2020, 19:06:25,447
ELEVENMPV,ElevenMPV,7837,07/31/2020, 20:07:46,447
ELEVENMPV,ElevenMPV,7837,07/31/2020, 21:06:36,447
ELEVENMPV,ElevenMPV,7837,07/31/2020, 22:06:26,447
ELEVENMPV,ElevenMPV,7840,07/31/2020, 23:06:27,447
ELEVENMPV,ElevenMPV,7841,08/01/2020, 00:19:16,447
ELEVENMPV,ElevenMPV,7841,08/01/2020, 01:07:29,447
ELEVENMPV,ElevenMPV,7841,08/01/2020, 02:07:35,447
ELEVENMPV,ElevenMPV,7841,08/01/2020, 03:06:46,447
ELEVENMPV,ElevenMPV,7843,08/01/2020, 04:07:20,447
ELEVENMPV,ElevenMPV,7843,08/01/2020, 05:06:47,447
ELEVENMPV,ElevenMPV,7844,08/01/2020, 06:07:45,447
ELEVENMPV,ElevenMPV,7845,08/01/2020, 07:07:07,447
ELEVENMPV,ElevenMPV,7845,08/01/2020, 08:07:37,447
ELEVENMPV,ElevenMPV,7845,08/01/2020, 09:07:10,447
ELEVENMPV,ElevenMPV,7845,08/01/2020, 10:06:48,447
ELEVENMPV,ElevenMPV,7845,08/01/2020, 11:06:36,447
ELEVENMPV,ElevenMPV,7845,08/01/2020, 12:08:49,447
ELEVENMPV,ElevenMPV,7845,08/01/2020, 13:06:34,447
ELEVENMPV,ElevenMPV,7845,08/01/2020, 14:07:18,447
ELEVENMPV,ElevenMPV,7845,08/01/2020, 15:07:06,447
ELEVENMPV,ElevenMPV,7845,08/01/2020, 16:07:34,447
ELEVENMPV,ElevenMPV,7845,08/01/2020, 17:06:45,447
ELEVENMPV,ElevenMPV,7845,08/01/2020, 18:07:39,447
ELEVENMPV,ElevenMPV,7845,08/01/2020, 19:06:40,447
ELEVENMPV,ElevenMPV,7845,08/01/2020, 20:07:43,447
ELEVENMPV,ElevenMPV,7845,08/01/2020, 21:06:37,447
ELEVENMPV,ElevenMPV,7845,08/01/2020, 22:06:30,447
ELEVENMPV,ElevenMPV,7845,08/01/2020, 23:06:30,447
ELEVENMPV,ElevenMPV,7848,08/02/2020, 00:19:40,447
ELEVENMPV,ElevenMPV,7850,08/02/2020, 01:07:14,447
ELEVENMPV,ElevenMPV,7850,08/02/2020, 02:07:42,447
ELEVENMPV,ElevenMPV,7850,08/02/2020, 03:06:51,447
ELEVENMPV,ElevenMPV,7852,08/02/2020, 04:07:24,447
ELEVENMPV,ElevenMPV,7853,08/02/2020, 05:06:53,447
ELEVENMPV,ElevenMPV,7854,08/02/2020, 06:07:43,447
ELEVENMPV,ElevenMPV,7855,08/02/2020, 07:07:20,447
ELEVENMPV,ElevenMPV,7855,08/02/2020, 08:07:21,447
ELEVENMPV,ElevenMPV,7855,08/02/2020, 09:06:43,447
ELEVENMPV,ElevenMPV,7855,08/02/2020, 10:06:42,447
ELEVENMPV,ElevenMPV,7855,08/02/2020, 11:06:40,447
ELEVENMPV,ElevenMPV,7855,08/02/2020, 12:08:41,447
ELEVENMPV,ElevenMPV,7855,08/02/2020, 13:06:58,447
ELEVENMPV,ElevenMPV,7855,08/02/2020, 14:07:25,447
ELEVENMPV,ElevenMPV,7855,08/02/2020, 15:07:10,447
ELEVENMPV,ElevenMPV,7856,08/02/2020, 16:07:21,447
ELEVENMPV,ElevenMPV,7856,08/02/2020, 17:06:39,447
ELEVENMPV,ElevenMPV,7856,08/02/2020, 18:07:18,447
ELEVENMPV,ElevenMPV,7857,08/02/2020, 19:06:46,447
ELEVENMPV,ElevenMPV,7858,08/02/2020, 20:07:49,447
ELEVENMPV,ElevenMPV,7859,08/02/2020, 21:06:36,447
ELEVENMPV,ElevenMPV,7859,08/02/2020, 22:06:34,447
ELEVENMPV,ElevenMPV,7859,08/02/2020, 23:06:57,447
ELEVENMPV,ElevenMPV,7859,08/03/2020, 00:19:20,447
ELEVENMPV,ElevenMPV,7859,08/03/2020, 01:07:26,447
ELEVENMPV,ElevenMPV,7860,08/03/2020, 02:07:49,447
ELEVENMPV,ElevenMPV,7860,08/03/2020, 03:06:49,447
ELEVENMPV,ElevenMPV,7860,08/03/2020, 04:07:27,447
ELEVENMPV,ElevenMPV,7860,08/03/2020, 05:06:55,447
ELEVENMPV,ElevenMPV,7860,08/03/2020, 06:07:43,447
ELEVENMPV,ElevenMPV,7860,08/03/2020, 07:07:08,447
ELEVENMPV,ElevenMPV,7860,08/03/2020, 08:07:47,447
ELEVENMPV,ElevenMPV,7860,08/03/2020, 09:07:14,447
ELEVENMPV,ElevenMPV,7861,08/03/2020, 10:07:12,447
ELEVENMPV,ElevenMPV,7861,08/03/2020, 11:06:49,447
ELEVENMPV,ElevenMPV,7861,08/03/2020, 12:09:18,447
ELEVENMPV,ElevenMPV,7861,08/03/2020, 13:06:29,447
ELEVENMPV,ElevenMPV,7861,08/03/2020, 14:07:34,447
ELEVENMPV,ElevenMPV,7861,08/03/2020, 15:07:03,447
ELEVENMPV,ElevenMPV,7861,08/03/2020, 16:07:09,447
ELEVENMPV,ElevenMPV,7861,08/03/2020, 17:06:46,447
ELEVENMPV,ElevenMPV,7861,08/03/2020, 18:07:25,447
ELEVENMPV,ElevenMPV,7862,08/03/2020, 19:06:41,447
ELEVENMPV,ElevenMPV,7862,08/03/2020, 20:08:20,447
ELEVENMPV,ElevenMPV,7862,08/03/2020, 21:06:43,447
ELEVENMPV,ElevenMPV,7863,08/03/2020, 22:06:31,447
ELEVENMPV,ElevenMPV,7863,08/03/2020, 23:06:30,447
ELEVENMPV,ElevenMPV,7865,08/04/2020, 00:19:14,447
ELEVENMPV,ElevenMPV,7865,08/04/2020, 01:07:26,447
ELEVENMPV,ElevenMPV,7865,08/04/2020, 02:07:56,447
ELEVENMPV,ElevenMPV,7865,08/04/2020, 03:07:03,447
ELEVENMPV,ElevenMPV,7865,08/04/2020, 04:07:25,447
ELEVENMPV,ElevenMPV,7865,08/04/2020, 05:07:02,447
ELEVENMPV,ElevenMPV,7866,08/04/2020, 06:07:33,447
ELEVENMPV,ElevenMPV,7866,08/04/2020, 07:07:05,447
ELEVENMPV,ElevenMPV,7866,08/04/2020, 08:08:11,447
ELEVENMPV,ElevenMPV,7866,08/04/2020, 09:06:50,447
ELEVENMPV,ElevenMPV,7866,08/04/2020, 10:06:57,447
ELEVENMPV,ElevenMPV,7866,08/04/2020, 11:06:44,447
ELEVENMPV,ElevenMPV,7866,08/04/2020, 12:09:19,447
ELEVENMPV,ElevenMPV,7866,08/04/2020, 13:06:52,447
ELEVENMPV,ElevenMPV,7866,08/04/2020, 14:07:29,447
ELEVENMPV,ElevenMPV,7867,08/04/2020, 15:07:08,447
ELEVENMPV,ElevenMPV,7867,08/04/2020, 16:07:25,447
ELEVENMPV,ElevenMPV,7869,08/04/2020, 17:06:53,447
ELEVENMPV,ElevenMPV,7869,08/04/2020, 18:07:35,447
ELEVENMPV,ElevenMPV,7870,08/04/2020, 19:06:44,447
ELEVENMPV,ElevenMPV,7870,08/04/2020, 20:07:52,447
ELEVENMPV,ElevenMPV,7870,08/04/2020, 21:06:58,447
ELEVENMPV,ElevenMPV,7870,08/04/2020, 22:06:42,447
ELEVENMPV,ElevenMPV,7870,08/04/2020, 23:06:05,447
ELEVENMPV,ElevenMPV,7870,08/05/2020, 00:19:22,447
ELEVENMPV,ElevenMPV,7871,08/05/2020, 01:07:47,447
ELEVENMPV,ElevenMPV,7871,08/05/2020, 02:08:07,447
ELEVENMPV,ElevenMPV,7873,08/05/2020, 03:06:58,447
ELEVENMPV,ElevenMPV,7874,08/05/2020, 04:07:33,447
ELEVENMPV,ElevenMPV,7876,08/05/2020, 05:07:06,447
ELEVENMPV,ElevenMPV,7877,08/05/2020, 06:07:37,447
ELEVENMPV,ElevenMPV,7877,08/05/2020, 07:07:28,447
ELEVENMPV,ElevenMPV,7877,08/05/2020, 08:07:55,447
ELEVENMPV,ElevenMPV,7877,08/05/2020, 09:06:59,447
ELEVENMPV,ElevenMPV,7877,08/05/2020, 10:07:01,447
ELEVENMPV,ElevenMPV,7877,08/05/2020, 11:06:44,447
ELEVENMPV,ElevenMPV,7878,08/05/2020, 12:09:04,447
ELEVENMPV,ElevenMPV,7878,08/05/2020, 13:06:51,447
ELEVENMPV,ElevenMPV,7878,08/05/2020, 14:07:44,447
ELEVENMPV,ElevenMPV,7878,08/05/2020, 15:07:00,447
ELEVENMPV,ElevenMPV,7879,08/05/2020, 16:07:16,447
ELEVENMPV,ElevenMPV,7879,08/05/2020, 17:07:09,447
ELEVENMPV,ElevenMPV,7879,08/05/2020, 18:07:45,447
ELEVENMPV,ElevenMPV,7879,08/05/2020, 19:07:00,447
ELEVENMPV,ElevenMPV,7880,08/05/2020, 20:08:01,447
ELEVENMPV,ElevenMPV,7880,08/05/2020, 21:06:51,447
ELEVENMPV,ElevenMPV,7881,08/05/2020, 22:06:31,447
ELEVENMPV,ElevenMPV,7881,08/05/2020, 23:06:59,447
ELEVENMPV,ElevenMPV,7882,08/06/2020, 00:19:35,447
ELEVENMPV,ElevenMPV,7883,08/06/2020, 01:07:51,447
ELEVENMPV,ElevenMPV,7884,08/06/2020, 02:07:47,447
ELEVENMPV,ElevenMPV,7885,08/06/2020, 03:07:02,447
ELEVENMPV,ElevenMPV,7886,08/06/2020, 04:07:33,447
ELEVENMPV,ElevenMPV,7886,08/06/2020, 05:06:58,447
ELEVENMPV,ElevenMPV,7886,08/06/2020, 06:07:39,447
ELEVENMPV,ElevenMPV,7886,08/06/2020, 07:07:08,447
ELEVENMPV,ElevenMPV,7886,08/06/2020, 08:08:00,447
ELEVENMPV,ElevenMPV,7887,08/06/2020, 09:06:58,447
ELEVENMPV,ElevenMPV,7887,08/06/2020, 10:07:02,447
ELEVENMPV,ElevenMPV,7887,08/06/2020, 11:07:05,447
ELEVENMPV,ElevenMPV,7887,08/06/2020, 12:09:24,447
ELEVENMPV,ElevenMPV,7887,08/06/2020, 13:07:00,447
ELEVENMPV,ElevenMPV,7888,08/06/2020, 14:07:55,447
ELEVENMPV,ElevenMPV,7888,08/06/2020, 15:07:09,447
ELEVENMPV,ElevenMPV,7888,08/06/2020, 16:07:23,447
ELEVENMPV,ElevenMPV,7889,08/06/2020, 17:07:00,447
ELEVENMPV,ElevenMPV,7889,08/06/2020, 18:07:32,447
ELEVENMPV,ElevenMPV,7889,08/06/2020, 19:06:55,447
ELEVENMPV,ElevenMPV,7889,08/06/2020, 20:07:55,447
ELEVENMPV,ElevenMPV,7890,08/06/2020, 21:07:09,447
ELEVENMPV,ElevenMPV,7890,08/06/2020, 22:07:05,447
ELEVENMPV,ElevenMPV,7890,08/06/2020, 23:07:10,447
ELEVENMPV,ElevenMPV,7891,08/07/2020, 00:19:52,447
ELEVENMPV,ElevenMPV,7892,08/07/2020, 01:08:01,447
ELEVENMPV,ElevenMPV,7892,08/07/2020, 02:07:58,447
ELEVENMPV,ElevenMPV,7892,08/07/2020, 03:07:17,447
ELEVENMPV,ElevenMPV,7892,08/07/2020, 04:07:41,447
ELEVENMPV,ElevenMPV,7892,08/07/2020, 05:07:21,447
ELEVENMPV,ElevenMPV,7892,08/07/2020, 06:07:53,447
ELEVENMPV,ElevenMPV,7893,08/07/2020, 07:08:09,447
ELEVENMPV,ElevenMPV,7893,08/07/2020, 08:07:57,447
ELEVENMPV,ElevenMPV,7894,08/07/2020, 09:07:06,447
ELEVENMPV,ElevenMPV,7894,08/07/2020, 10:07:43,447
ELEVENMPV,ElevenMPV,7894,08/07/2020, 11:06:51,447
ELEVENMPV,ElevenMPV,7895,08/07/2020, 12:10:08,447
ELEVENMPV,ElevenMPV,7895,08/07/2020, 13:06:59,447
ELEVENMPV,ElevenMPV,7895,08/07/2020, 14:07:40,447
ELEVENMPV,ElevenMPV,7895,08/07/2020, 15:07:16,447
ELEVENMPV,ElevenMPV,7895,08/07/2020, 16:07:28,447
ELEVENMPV,ElevenMPV,7896,08/07/2020, 17:07:05,447
ELEVENMPV,ElevenMPV,7896,08/07/2020, 18:07:37,447
ELEVENMPV,ElevenMPV,7897,08/07/2020, 19:06:42,447
ELEVENMPV,ElevenMPV,7897,08/07/2020, 20:07:58,447
ELEVENMPV,ElevenMPV,7898,08/07/2020, 21:06:55,447
ELEVENMPV,ElevenMPV,7901,08/07/2020, 22:06:51,447
ELEVENMPV,ElevenMPV,7901,08/07/2020, 23:06:53,447
ELEVENMPV,ElevenMPV,7902,08/08/2020, 00:19:49,447
ELEVENMPV,ElevenMPV,7903,08/08/2020, 01:07:44,447
ELEVENMPV,ElevenMPV,7903,08/08/2020, 02:07:49,447
ELEVENMPV,ElevenMPV,7904,08/08/2020, 03:06:48,447
ELEVENMPV,ElevenMPV,7905,08/08/2020, 04:07:29,447
ELEVENMPV,ElevenMPV,7905,08/08/2020, 05:06:52,447
ELEVENMPV,ElevenMPV,7905,08/08/2020, 06:07:53,447
ELEVENMPV,ElevenMPV,7906,08/08/2020, 07:07:08,447
ELEVENMPV,ElevenMPV,7906,08/08/2020, 08:07:55,447
ELEVENMPV,ElevenMPV,7907,08/08/2020, 09:06:59,447
ELEVENMPV,ElevenMPV,7907,08/08/2020, 10:07:03,447
ELEVENMPV,ElevenMPV,7907,08/08/2020, 11:07:07,447
ELEVENMPV,ElevenMPV,7908,08/08/2020, 12:09:13,447
ELEVENMPV,ElevenMPV,7908,08/08/2020, 13:07:04,447
ELEVENMPV,ElevenMPV,7910,08/08/2020, 14:07:47,447
ELEVENMPV,ElevenMPV,7910,08/08/2020, 15:07:14,447
ELEVENMPV,ElevenMPV,7911,08/08/2020, 16:07:15,447
ELEVENMPV,ElevenMPV,7912,08/08/2020, 17:07:30,447
ELEVENMPV,ElevenMPV,7912,08/08/2020, 18:07:26,447
ELEVENMPV,ElevenMPV,7912,08/08/2020, 19:06:58,447
ELEVENMPV,ElevenMPV,7912,08/08/2020, 20:07:51,447
ELEVENMPV,ElevenMPV,7912,08/08/2020, 21:07:02,447
ELEVENMPV,ElevenMPV,7913,08/08/2020, 22:06:32,447
ELEVENMPV,ElevenMPV,7915,08/08/2020, 23:07:05,447
ELEVENMPV,ElevenMPV,7915,08/09/2020, 00:20:47,447
ELEVENMPV,ElevenMPV,7915,08/09/2020, 01:07:46,447
ELEVENMPV,ElevenMPV,7915,08/09/2020, 02:07:54,447
ELEVENMPV,ElevenMPV,7915,08/09/2020, 03:06:53,447
ELEVENMPV,ElevenMPV,7918,08/09/2020, 04:07:30,447
ELEVENMPV,ElevenMPV,7918,08/09/2020, 05:07:04,447
ELEVENMPV,ElevenMPV,7918,08/09/2020, 06:07:58,447
ELEVENMPV,ElevenMPV,7918,08/09/2020, 07:07:10,447
ELEVENMPV,ElevenMPV,7920,08/09/2020, 08:07:29,447
ELEVENMPV,ElevenMPV,7920,08/09/2020, 09:07:13,447
ELEVENMPV,ElevenMPV,7920,08/09/2020, 10:07:19,447
ELEVENMPV,ElevenMPV,7921,08/09/2020, 11:07:07,447
ELEVENMPV,ElevenMPV,7921,08/09/2020, 12:09:28,447
ELEVENMPV,ElevenMPV,7921,08/09/2020, 13:07:04,447
ELEVENMPV,ElevenMPV,7921,08/09/2020, 14:07:20,447
ELEVENMPV,ElevenMPV,7922,08/09/2020, 15:06:52,447
ELEVENMPV,ElevenMPV,7923,08/09/2020, 16:07:30,447
ELEVENMPV,ElevenMPV,7923,08/09/2020, 17:07:10,447
ELEVENMPV,ElevenMPV,7923,08/09/2020, 18:07:38,447
ELEVENMPV,ElevenMPV,7923,08/09/2020, 19:06:58,447
ELEVENMPV,ElevenMPV,7924,08/09/2020, 20:08:14,447
ELEVENMPV,ElevenMPV,7924,08/09/2020, 21:07:15,447
ELEVENMPV,ElevenMPV,7924,08/09/2020, 22:07:04,447
ELEVENMPV,ElevenMPV,7925,08/09/2020, 23:07:11,447
ELEVENMPV,ElevenMPV,7926,08/10/2020, 00:20:34,447
ELEVENMPV,ElevenMPV,7927,08/10/2020, 01:07:55,447
ELEVENMPV,ElevenMPV,7927,08/10/2020, 02:08:01,447
ELEVENMPV,ElevenMPV,7927,08/10/2020, 03:07:39,447
ELEVENMPV,ElevenMPV,7927,08/10/2020, 04:07:44,447
ELEVENMPV,ElevenMPV,7927,08/10/2020, 05:07:21,447
ELEVENMPV,ElevenMPV,7927,08/10/2020, 06:08:26,447
ELEVENMPV,ElevenMPV,7927,08/10/2020, 07:07:14,447
ELEVENMPV,ElevenMPV,7928,08/10/2020, 08:07:58,447
ELEVENMPV,ElevenMPV,7928,08/10/2020, 09:07:23,447
ELEVENMPV,ElevenMPV,7928,08/10/2020, 10:07:30,447
ELEVENMPV,ElevenMPV,7928,08/10/2020, 11:07:06,447
ELEVENMPV,ElevenMPV,7928,08/10/2020, 12:09:40,447
ELEVENMPV,ElevenMPV,7928,08/10/2020, 13:06:51,447
ELEVENMPV,ElevenMPV,7928,08/10/2020, 14:08:08,447
ELEVENMPV,ElevenMPV,7929,08/10/2020, 15:07:18,447
ELEVENMPV,ElevenMPV,7929,08/10/2020, 16:07:50,447
ELEVENMPV,ElevenMPV,7929,08/10/2020, 17:06:58,447
ELEVENMPV,ElevenMPV,7929,08/10/2020, 18:07:45,447
ELEVENMPV,ElevenMPV,7930,08/10/2020, 19:07:09,447
ELEVENMPV,ElevenMPV,7930,08/10/2020, 20:07:42,447
ELEVENMPV,ElevenMPV,7930,08/10/2020, 21:07:00,447
ELEVENMPV,ElevenMPV,7930,08/10/2020, 22:06:51,447
ELEVENMPV,ElevenMPV,7930,08/10/2020, 23:07:00,447
ELEVENMPV,ElevenMPV,7931,08/11/2020, 00:20:13,447
ELEVENMPV,ElevenMPV,7931,08/11/2020, 01:07:50,447
ELEVENMPV,ElevenMPV,7931,08/11/2020, 02:08:17,447
ELEVENMPV,ElevenMPV,7932,08/11/2020, 03:07:24,447
ELEVENMPV,ElevenMPV,7932,08/11/2020, 04:07:55,447
ELEVENMPV,ElevenMPV,7932,08/11/2020, 05:07:11,447
ELEVENMPV,ElevenMPV,7932,08/11/2020, 06:08:01,447
ELEVENMPV,ElevenMPV,7932,08/11/2020, 07:07:46,447
ELEVENMPV,ElevenMPV,7932,08/11/2020, 08:08:29,447
ELEVENMPV,ElevenMPV,7932,08/11/2020, 09:07:26,447
ELEVENMPV,ElevenMPV,7932,08/11/2020, 10:07:42,447
ELEVENMPV,ElevenMPV,7932,08/11/2020, 11:08:04,447
ELEVENMPV,ElevenMPV,7932,08/11/2020, 12:09:05,447
ELEVENMPV,ElevenMPV,7932,08/11/2020, 13:07:18,447
ELEVENMPV,ElevenMPV,7932,08/11/2020, 14:08:04,447
ELEVENMPV,ElevenMPV,7933,08/11/2020, 15:07:39,447
ELEVENMPV,ElevenMPV,7934,08/11/2020, 16:08:00,447
ELEVENMPV,ElevenMPV,7934,08/11/2020, 17:07:01,447
ELEVENMPV,ElevenMPV,7934,08/11/2020, 18:07:55,447
ELEVENMPV,ElevenMPV,7934,08/11/2020, 19:07:08,447
ELEVENMPV,ElevenMPV,7934,08/11/2020, 20:07:54,447
ELEVENMPV,ElevenMPV,7935,08/11/2020, 21:07:06,447
ELEVENMPV,ElevenMPV,7935,08/11/2020, 22:07:12,447
ELEVENMPV,ElevenMPV,7937,08/11/2020, 23:06:51,447
ELEVENMPV,ElevenMPV,7937,08/12/2020, 00:19:41,447
ELEVENMPV,ElevenMPV,7937,08/12/2020, 01:07:45,447
ELEVENMPV,ElevenMPV,7937,08/12/2020, 02:07:47,447
ELEVENMPV,ElevenMPV,7937,08/12/2020, 03:07:28,447
ELEVENMPV,ElevenMPV,7937,08/12/2020, 04:07:58,447
ELEVENMPV,ElevenMPV,7937,08/12/2020, 05:07:04,447
ELEVENMPV,ElevenMPV,7937,08/12/2020, 06:08:10,447
ELEVENMPV,ElevenMPV,7937,08/12/2020, 07:07:38,447
ELEVENMPV,ElevenMPV,7939,08/12/2020, 08:07:52,447
ELEVENMPV,ElevenMPV,7941,08/12/2020, 09:07:35,447
ELEVENMPV,ElevenMPV,7941,08/12/2020, 10:07:41,447
ELEVENMPV,ElevenMPV,7941,08/12/2020, 11:07:11,447
ELEVENMPV,ElevenMPV,7941,08/12/2020, 12:09:19,447
ELEVENMPV,ElevenMPV,7941,08/12/2020, 13:07:06,447
ELEVENMPV,ElevenMPV,7941,08/12/2020, 14:08:12,447
ELEVENMPV,ElevenMPV,7941,08/12/2020, 15:07:33,447
ELEVENMPV,ElevenMPV,7941,08/12/2020, 16:07:54,447
ELEVENMPV,ElevenMPV,7941,08/12/2020, 17:07:09,447
ELEVENMPV,ElevenMPV,7941,08/12/2020, 18:08:01,447
ELEVENMPV,ElevenMPV,7941,08/12/2020, 19:07:12,447
ELEVENMPV,ElevenMPV,7943,08/12/2020, 20:08:25,447
ELEVENMPV,ElevenMPV,7944,08/12/2020, 21:07:01,447
ELEVENMPV,ElevenMPV,7944,08/12/2020, 22:07:32,447
ELEVENMPV,ElevenMPV,7945,08/12/2020, 23:07:30,447
ELEVENMPV,ElevenMPV,7945,08/13/2020, 00:20:13,447
ELEVENMPV,ElevenMPV,7945,08/13/2020, 01:07:48,447
ELEVENMPV,ElevenMPV,7945,08/13/2020, 02:08:24,447
ELEVENMPV,ElevenMPV,7945,08/13/2020, 03:07:27,447
ELEVENMPV,ElevenMPV,7945,08/13/2020, 04:08:01,447
ELEVENMPV,ElevenMPV,7947,08/13/2020, 05:07:15,447
ELEVENMPV,ElevenMPV,7948,08/13/2020, 06:08:30,447
ELEVENMPV,ElevenMPV,7948,08/13/2020, 07:07:24,447
ELEVENMPV,ElevenMPV,7948,08/13/2020, 08:07:59,447
ELEVENMPV,ElevenMPV,7948,08/13/2020, 09:07:30,447
ELEVENMPV,ElevenMPV,7948,08/13/2020, 10:07:46,447
ELEVENMPV,ElevenMPV,7949,08/13/2020, 11:06:52,447
ELEVENMPV,ElevenMPV,7949,08/13/2020, 12:09:32,447
ELEVENMPV,ElevenMPV,7950,08/13/2020, 13:07:13,447
ELEVENMPV,ElevenMPV,7950,08/13/2020, 14:07:57,447
ELEVENMPV,ElevenMPV,7951,08/13/2020, 15:07:38,447
ELEVENMPV,ElevenMPV,7954,08/13/2020, 16:08:06,447
ELEVENMPV,ElevenMPV,7954,08/13/2020, 17:07:35,447
ELEVENMPV,ElevenMPV,7954,08/13/2020, 18:07:49,447
ELEVENMPV,ElevenMPV,7955,08/13/2020, 19:06:50,447
ELEVENMPV,ElevenMPV,7955,08/13/2020, 20:08:11,447
ELEVENMPV,ElevenMPV,7955,08/13/2020, 21:07:10,447
ELEVENMPV,ElevenMPV,7955,08/13/2020, 22:07:47,447
ELEVENMPV,ElevenMPV,7956,08/13/2020, 23:07:15,447
ELEVENMPV,ElevenMPV,7958,08/14/2020, 00:20:03,447
ELEVENMPV,ElevenMPV,7959,08/14/2020, 01:06:47,447
ELEVENMPV,ElevenMPV,7959,08/14/2020, 02:08:18,447
ELEVENMPV,ElevenMPV,7960,08/14/2020, 03:07:33,447
ELEVENMPV,ElevenMPV,7960,08/14/2020, 04:08:11,447
ELEVENMPV,ElevenMPV,7961,08/14/2020, 05:07:15,447
ELEVENMPV,ElevenMPV,7961,08/14/2020, 06:08:17,447
ELEVENMPV,ElevenMPV,7962,08/14/2020, 07:07:28,447
ELEVENMPV,ElevenMPV,7962,08/14/2020, 08:08:44,447
ELEVENMPV,ElevenMPV,7962,08/14/2020, 09:07:43,447
ELEVENMPV,ElevenMPV,7962,08/14/2020, 10:07:36,447
ELEVENMPV,ElevenMPV,7962,08/14/2020, 11:07:03,447
ELEVENMPV,ElevenMPV,7963,08/14/2020, 12:10:48,447
ELEVENMPV,ElevenMPV,7963,08/14/2020, 13:07:14,447
ELEVENMPV,ElevenMPV,7963,08/14/2020, 14:07:52,447
ELEVENMPV,ElevenMPV,7964,08/14/2020, 15:07:22,447
ELEVENMPV,ElevenMPV,7964,08/14/2020, 16:08:03,447
ELEVENMPV,ElevenMPV,7965,08/14/2020, 17:07:21,447
ELEVENMPV,ElevenMPV,7965,08/14/2020, 18:08:11,447
ELEVENMPV,ElevenMPV,7965,08/14/2020, 19:07:25,447
ELEVENMPV,ElevenMPV,7965,08/14/2020, 20:08:32,447
ELEVENMPV,ElevenMPV,7965,08/14/2020, 21:07:08,447
ELEVENMPV,ElevenMPV,7966,08/14/2020, 22:07:46,447
ELEVENMPV,ElevenMPV,7966,08/14/2020, 23:07:14,447
ELEVENMPV,ElevenMPV,7967,08/15/2020, 00:20:04,447
ELEVENMPV,ElevenMPV,7968,08/15/2020, 01:08:01,447
ELEVENMPV,ElevenMPV,7969,08/15/2020, 02:08:07,447
ELEVENMPV,ElevenMPV,7969,08/15/2020, 03:07:55,447
ELEVENMPV,ElevenMPV,7974,08/15/2020, 04:07:54,447
ELEVENMPV,ElevenMPV,7975,08/15/2020, 05:07:04,447
ELEVENMPV,ElevenMPV,7975,08/15/2020, 06:08:34,447
ELEVENMPV,ElevenMPV,7975,08/15/2020, 07:07:29,447
ELEVENMPV,ElevenMPV,7976,08/15/2020, 08:08:07,447
ELEVENMPV,ElevenMPV,7977,08/15/2020, 09:07:32,447
ELEVENMPV,ElevenMPV,7977,08/15/2020, 10:07:40,447
ELEVENMPV,ElevenMPV,7978,08/15/2020, 11:07:22,447
ELEVENMPV,ElevenMPV,7978,08/15/2020, 12:09:16,447
ELEVENMPV,ElevenMPV,7978,08/15/2020, 13:06:50,447
ELEVENMPV,ElevenMPV,7979,08/15/2020, 14:07:55,447
ELEVENMPV,ElevenMPV,7979,08/15/2020, 15:07:39,447
ELEVENMPV,ElevenMPV,7980,08/15/2020, 16:08:01,447
ELEVENMPV,ElevenMPV,7980,08/15/2020, 17:07:13,447
ELEVENMPV,ElevenMPV,7980,08/15/2020, 18:08:02,447
ELEVENMPV,ElevenMPV,7980,08/15/2020, 19:07:07,447
ELEVENMPV,ElevenMPV,7980,08/15/2020, 20:08:36,447
ELEVENMPV,ElevenMPV,7980,08/15/2020, 21:07:25,447
ELEVENMPV,ElevenMPV,7981,08/15/2020, 22:07:17,447
ELEVENMPV,ElevenMPV,7983,08/15/2020, 23:07:17,447
ELEVENMPV,ElevenMPV,7984,08/16/2020, 00:21:11,447
ELEVENMPV,ElevenMPV,7985,08/16/2020, 01:07:46,447
ELEVENMPV,ElevenMPV,7985,08/16/2020, 02:08:20,447
ELEVENMPV,ElevenMPV,7985,08/16/2020, 03:07:28,447
ELEVENMPV,ElevenMPV,7985,08/16/2020, 04:07:59,447
ELEVENMPV,ElevenMPV,7985,08/16/2020, 05:06:55,447
ELEVENMPV,ElevenMPV,7985,08/16/2020, 06:08:31,447
ELEVENMPV,ElevenMPV,7987,08/16/2020, 07:07:39,447
ELEVENMPV,ElevenMPV,7987,08/16/2020, 08:08:18,447
ELEVENMPV,ElevenMPV,7987,08/16/2020, 09:07:42,447
ELEVENMPV,ElevenMPV,7987,08/16/2020, 10:07:32,447
ELEVENMPV,ElevenMPV,7987,08/16/2020, 11:06:47,447
ELEVENMPV,ElevenMPV,7988,08/16/2020, 12:09:23,447
ELEVENMPV,ElevenMPV,7988,08/16/2020, 13:06:56,447
ELEVENMPV,ElevenMPV,7988,08/16/2020, 14:08:10,447
ELEVENMPV,ElevenMPV,7988,08/16/2020, 15:07:36,447
ELEVENMPV,ElevenMPV,7990,08/16/2020, 16:08:18,447
ELEVENMPV,ElevenMPV,7990,08/16/2020, 17:07:10,447
ELEVENMPV,ElevenMPV,7992,08/16/2020, 18:08:22,447
ELEVENMPV,ElevenMPV,7992,08/16/2020, 19:07:28,447
ELEVENMPV,ElevenMPV,7992,08/16/2020, 20:08:28,447
ELEVENMPV,ElevenMPV,7992,08/16/2020, 21:07:23,447
ELEVENMPV,ElevenMPV,7993,08/16/2020, 22:07:23,447
ELEVENMPV,ElevenMPV,7993,08/16/2020, 23:07:27,447
ELEVENMPV,ElevenMPV,7993,08/17/2020, 00:20:44,447
ELEVENMPV,ElevenMPV,7993,08/17/2020, 01:07:51,447
ELEVENMPV,ElevenMPV,7995,08/17/2020, 02:08:29,447
ELEVENMPV,ElevenMPV,7996,08/17/2020, 03:07:44,447
ELEVENMPV,ElevenMPV,7997,08/17/2020, 04:08:11,447
ELEVENMPV,ElevenMPV,7998,08/17/2020, 05:07:24,447
ELEVENMPV,ElevenMPV,7998,08/17/2020, 06:08:25,447
ELEVENMPV,ElevenMPV,8000,08/17/2020, 07:07:55,447
ELEVENMPV,ElevenMPV,8001,08/17/2020, 08:08:22,447
ELEVENMPV,ElevenMPV,8002,08/17/2020, 09:07:47,447
ELEVENMPV,ElevenMPV,8002,08/17/2020, 10:07:44,447
ELEVENMPV,ElevenMPV,8002,08/17/2020, 11:06:51,447
ELEVENMPV,ElevenMPV,8002,08/17/2020, 12:10:02,447
ELEVENMPV,ElevenMPV,8002,08/17/2020, 13:07:23,447
ELEVENMPV,ElevenMPV,8003,08/17/2020, 14:08:11,447
ELEVENMPV,ElevenMPV,8004,08/17/2020, 15:07:45,447
ELEVENMPV,ElevenMPV,8004,08/17/2020, 16:09:25,447
ELEVENMPV,ElevenMPV,8004,08/17/2020, 17:07:18,447
ELEVENMPV,ElevenMPV,8004,08/17/2020, 18:08:17,447
ELEVENMPV,ElevenMPV,8004,08/17/2020, 19:22:05,447
ELEVENMPV,ElevenMPV,8005,08/17/2020, 20:08:36,447
ELEVENMPV,ElevenMPV,8005,08/17/2020, 21:07:28,447
ELEVENMPV,ElevenMPV,8006,08/17/2020, 22:07:34,447
ELEVENMPV,ElevenMPV,8008,08/17/2020, 23:07:14,447
ELEVENMPV,ElevenMPV,8009,08/18/2020, 00:20:31,447
ELEVENMPV,ElevenMPV,8009,08/18/2020, 01:08:18,447
ELEVENMPV,ElevenMPV,8009,08/18/2020, 02:08:33,447
ELEVENMPV,ElevenMPV,8010,08/18/2020, 03:08:04,447
ELEVENMPV,ElevenMPV,8013,08/18/2020, 04:08:16,447
ELEVENMPV,ElevenMPV,8014,08/18/2020, 05:07:36,447
ELEVENMPV,ElevenMPV,8015,08/18/2020, 06:11:58,447
ELEVENMPV,ElevenMPV,8015,08/18/2020, 07:07:39,447
ELEVENMPV,ElevenMPV,8015,08/18/2020, 08:08:46,447
ELEVENMPV,ElevenMPV,8016,08/18/2020, 09:08:03,447
ELEVENMPV,ElevenMPV,8016,08/18/2020, 10:07:40,447
ELEVENMPV,ElevenMPV,8017,08/18/2020, 11:07:18,447
ELEVENMPV,ElevenMPV,8018,08/18/2020, 12:10:51,447
ELEVENMPV,ElevenMPV,8018,08/18/2020, 13:07:28,447
ELEVENMPV,ElevenMPV,8018,08/18/2020, 14:07:58,447
ELEVENMPV,ElevenMPV,8018,08/18/2020, 16:08:00,447
ELEVENMPV,ElevenMPV,8018,08/18/2020, 17:07:15,447
ELEVENMPV,ElevenMPV,8019,08/18/2020, 18:07:52,447
ELEVENMPV,ElevenMPV,8019,08/18/2020, 19:07:13,447
ELEVENMPV,ElevenMPV,8019,08/18/2020, 20:08:39,447
ELEVENMPV,ElevenMPV,8020,08/18/2020, 21:07:35,447
ELEVENMPV,ElevenMPV,8021,08/18/2020, 22:07:16,447
ELEVENMPV,ElevenMPV,8021,08/18/2020, 23:06:55,447
ELEVENMPV,ElevenMPV,8021,08/19/2020, 00:20:39,447
ELEVENMPV,ElevenMPV,8021,08/19/2020, 01:08:12,447
ELEVENMPV,ElevenMPV,8021,08/19/2020, 02:08:18,447
ELEVENMPV,ElevenMPV,8022,08/19/2020, 03:07:47,447
ELEVENMPV,ElevenMPV,8023,08/19/2020, 04:08:38,447
ELEVENMPV,ElevenMPV,8025,08/19/2020, 05:07:25,447
ELEVENMPV,ElevenMPV,8027,08/19/2020, 06:08:30,447
ELEVENMPV,ElevenMPV,8027,08/19/2020, 07:07:52,447
ELEVENMPV,ElevenMPV,8027,08/19/2020, 08:12:06,447
ELEVENMPV,ElevenMPV,8027,08/19/2020, 09:07:48,447
ELEVENMPV,ElevenMPV,8027,08/19/2020, 10:07:32,447
ELEVENMPV,ElevenMPV,8027,08/19/2020, 11:07:58,447
ELEVENMPV,ElevenMPV,8027,08/19/2020, 12:11:47,447
ELEVENMPV,ElevenMPV,8027,08/19/2020, 13:07:26,447
ELEVENMPV,ElevenMPV,8028,08/19/2020, 14:08:23,447
ELEVENMPV,ElevenMPV,8028,08/19/2020, 15:07:47,447
ELEVENMPV,ElevenMPV,8028,08/19/2020, 16:08:15,447
ELEVENMPV,ElevenMPV,8029,08/19/2020, 17:07:22,447
ELEVENMPV,ElevenMPV,8029,08/19/2020, 18:07:58,447
ELEVENMPV,ElevenMPV,8030,08/19/2020, 19:06:06,447
ELEVENMPV,ElevenMPV,8030,08/19/2020, 20:08:30,447
ELEVENMPV,ElevenMPV,8030,08/19/2020, 21:07:40,447
ELEVENMPV,ElevenMPV,8030,08/19/2020, 22:07:32,447
ELEVENMPV,ElevenMPV,8030,08/19/2020, 23:07:29,447
ELEVENMPV,ElevenMPV,8031,08/20/2020, 00:20:41,447
ELEVENMPV,ElevenMPV,8032,08/20/2020, 01:08:15,447
ELEVENMPV,ElevenMPV,8032,08/20/2020, 02:08:54,447
ELEVENMPV,ElevenMPV,8033,08/20/2020, 03:07:28,447
ELEVENMPV,ElevenMPV,8033,08/20/2020, 04:08:19,447
ELEVENMPV,ElevenMPV,8033,08/20/2020, 05:07:33,447
ELEVENMPV,ElevenMPV,8033,08/20/2020, 06:09:24,447
ELEVENMPV,ElevenMPV,8033,08/20/2020, 07:07:45,447
ELEVENMPV,ElevenMPV,8033,08/20/2020, 08:08:24,447
ELEVENMPV,ElevenMPV,8033,08/20/2020, 09:07:47,447
ELEVENMPV,ElevenMPV,8033,08/20/2020, 10:07:42,447
ELEVENMPV,ElevenMPV,8034,08/20/2020, 11:07:14,447
ELEVENMPV,ElevenMPV,8035,08/20/2020, 12:10:37,447
ELEVENMPV,ElevenMPV,8035,08/20/2020, 13:07:32,447
ELEVENMPV,ElevenMPV,8035,08/20/2020, 14:08:32,447
ELEVENMPV,ElevenMPV,8037,08/20/2020, 15:07:49,447
ELEVENMPV,ElevenMPV,8038,08/20/2020, 16:07:56,447
ELEVENMPV,ElevenMPV,8039,08/20/2020, 17:07:44,447
ELEVENMPV,ElevenMPV,8039,08/20/2020, 18:08:23,447
ELEVENMPV,ElevenMPV,8040,08/20/2020, 19:07:41,447
ELEVENMPV,ElevenMPV,8040,08/20/2020, 20:08:21,447
ELEVENMPV,ElevenMPV,8040,08/20/2020, 21:12:33,447
ELEVENMPV,ElevenMPV,8042,08/20/2020, 22:07:38,447
ELEVENMPV,ElevenMPV,8042,08/20/2020, 23:06:48,447
ELEVENMPV,ElevenMPV,8042,08/21/2020, 00:21:02,447
ELEVENMPV,ElevenMPV,8043,08/21/2020, 01:07:45,447
ELEVENMPV,ElevenMPV,8044,08/21/2020, 02:08:25,447
ELEVENMPV,ElevenMPV,8044,08/21/2020, 03:07:55,447
ELEVENMPV,ElevenMPV,8044,08/21/2020, 04:08:32,447
ELEVENMPV,ElevenMPV,8046,08/21/2020, 05:12:35,447
ELEVENMPV,ElevenMPV,8046,08/21/2020, 06:12:31,447
ELEVENMPV,ElevenMPV,8046,08/21/2020, 07:07:57,447
ELEVENMPV,ElevenMPV,8047,08/21/2020, 08:09:41,447
ELEVENMPV,ElevenMPV,8047,08/21/2020, 09:07:30,447
ELEVENMPV,ElevenMPV,8047,08/21/2020, 10:07:37,447
ELEVENMPV,ElevenMPV,8047,08/21/2020, 11:07:11,447
ELEVENMPV,ElevenMPV,8048,08/21/2020, 12:12:22,447
ELEVENMPV,ElevenMPV,8048,08/21/2020, 13:07:42,447
ELEVENMPV,ElevenMPV,8048,08/21/2020, 14:08:16,447
ELEVENMPV,ElevenMPV,8048,08/21/2020, 15:07:48,447
ELEVENMPV,ElevenMPV,8048,08/21/2020, 16:08:00,447
ELEVENMPV,ElevenMPV,8048,08/21/2020, 17:07:30,447
ELEVENMPV,ElevenMPV,8048,08/21/2020, 18:08:22,447
ELEVENMPV,ElevenMPV,8048,08/21/2020, 19:07:20,447
ELEVENMPV,ElevenMPV,8048,08/21/2020, 20:08:31,447
ELEVENMPV,ElevenMPV,8050,08/21/2020, 21:07:23,447
ELEVENMPV,ElevenMPV,8050,08/21/2020, 22:07:47,447
ELEVENMPV,ElevenMPV,8050,08/21/2020, 23:07:20,447
ELEVENMPV,ElevenMPV,8050,08/22/2020, 00:22:37,447
ELEVENMPV,ElevenMPV,8050,08/22/2020, 01:07:40,447
ELEVENMPV,ElevenMPV,8052,08/22/2020, 02:08:15,447
ELEVENMPV,ElevenMPV,8053,08/22/2020, 03:11:49,447
ELEVENMPV,ElevenMPV,8054,08/22/2020, 04:11:43,447
ELEVENMPV,ElevenMPV,8055,08/22/2020, 05:07:32,447
ELEVENMPV,ElevenMPV,8056,08/22/2020, 06:08:31,447
ELEVENMPV,ElevenMPV,8056,08/22/2020, 07:08:39,447
ELEVENMPV,ElevenMPV,8056,08/22/2020, 08:08:22,447
ELEVENMPV,ElevenMPV,8056,08/22/2020, 09:07:41,447
ELEVENMPV,ElevenMPV,8056,08/22/2020, 10:08:04,447
ELEVENMPV,ElevenMPV,8056,08/22/2020, 11:06:56,447
ELEVENMPV,ElevenMPV,8056,08/22/2020, 12:10:03,447
ELEVENMPV,ElevenMPV,8057,08/22/2020, 13:11:30,447
ELEVENMPV,ElevenMPV,8057,08/22/2020, 14:08:43,447
ELEVENMPV,ElevenMPV,8057,08/22/2020, 15:07:44,447
ELEVENMPV,ElevenMPV,8059,08/22/2020, 16:09:42,447
ELEVENMPV,ElevenMPV,8060,08/22/2020, 17:07:17,447
ELEVENMPV,ElevenMPV,8062,08/22/2020, 18:09:29,447
ELEVENMPV,ElevenMPV,8062,08/22/2020, 19:07:26,447
ELEVENMPV,ElevenMPV,8063,08/22/2020, 20:12:16,447
ELEVENMPV,ElevenMPV,8064,08/22/2020, 21:07:52,447
ELEVENMPV,ElevenMPV,8064,08/22/2020, 22:07:23,447
ELEVENMPV,ElevenMPV,8064,08/22/2020, 23:07:17,447
ELEVENMPV,ElevenMPV,8066,08/23/2020, 00:22:01,447
ELEVENMPV,ElevenMPV,8067,08/23/2020, 01:08:03,447
ELEVENMPV,ElevenMPV,8067,08/23/2020, 02:11:52,447
ELEVENMPV,ElevenMPV,8067,08/23/2020, 03:08:43,447
ELEVENMPV,ElevenMPV,8068,08/23/2020, 04:11:38,447
ELEVENMPV,ElevenMPV,8068,08/23/2020, 05:07:34,447
ELEVENMPV,ElevenMPV,8069,08/23/2020, 06:09:09,447
ELEVENMPV,ElevenMPV,8070,08/23/2020, 07:08:50,447
ELEVENMPV,ElevenMPV,8070,08/23/2020, 08:08:39,447
ELEVENMPV,ElevenMPV,8070,08/23/2020, 09:09:41,447
ELEVENMPV,ElevenMPV,8070,08/23/2020, 10:09:07,447
ELEVENMPV,ElevenMPV,8070,08/23/2020, 11:12:16,447
ELEVENMPV,ElevenMPV,8071,08/23/2020, 12:12:13,447
ELEVENMPV,ElevenMPV,8071,08/23/2020, 13:07:40,447
ELEVENMPV,ElevenMPV,8073,08/23/2020, 14:08:11,447
ELEVENMPV,ElevenMPV,8074,08/23/2020, 15:07:37,447
ELEVENMPV,ElevenMPV,8074,08/23/2020, 16:08:08,447
ELEVENMPV,ElevenMPV,8075,08/23/2020, 17:07:36,447
ELEVENMPV,ElevenMPV,8075,08/23/2020, 18:08:30,447
ELEVENMPV,ElevenMPV,8075,08/23/2020, 19:07:58,447
ELEVENMPV,ElevenMPV,8075,08/23/2020, 20:11:41,447
ELEVENMPV,ElevenMPV,8076,08/23/2020, 21:07:22,447
ELEVENMPV,ElevenMPV,8076,08/23/2020, 22:08:42,447
ELEVENMPV,ElevenMPV,8076,08/23/2020, 23:07:23,447
ELEVENMPV,ElevenMPV,8077,08/24/2020, 00:21:37,447
ELEVENMPV,ElevenMPV,8077,08/24/2020, 01:07:57,447
ELEVENMPV,ElevenMPV,8078,08/24/2020, 02:09:32,447
ELEVENMPV,ElevenMPV,8078,08/24/2020, 03:08:01,447
ELEVENMPV,ElevenMPV,8079,08/24/2020, 04:08:58,447
ELEVENMPV,ElevenMPV,8079,08/24/2020, 05:12:40,447
ELEVENMPV,ElevenMPV,8079,08/24/2020, 06:08:54,447
ELEVENMPV,ElevenMPV,8080,08/24/2020, 07:08:00,447
ELEVENMPV,ElevenMPV,8080,08/24/2020, 08:08:43,447
ELEVENMPV,ElevenMPV,8080,08/24/2020, 09:07:49,447
ELEVENMPV,ElevenMPV,8080,08/24/2020, 10:07:57,447
ELEVENMPV,ElevenMPV,8080,08/24/2020, 11:07:09,447
ELEVENMPV,ElevenMPV,8080,08/24/2020, 12:10:17,447
ELEVENMPV,ElevenMPV,8080,08/24/2020, 13:07:35,447
ELEVENMPV,ElevenMPV,8080,08/24/2020, 14:08:33,447
ELEVENMPV,ElevenMPV,8080,08/24/2020, 15:07:57,447
ELEVENMPV,ElevenMPV,8080,08/24/2020, 16:08:07,447
ELEVENMPV,ElevenMPV,8080,08/24/2020, 17:07:34,447
ELEVENMPV,ElevenMPV,8080,08/24/2020, 18:08:29,447
ELEVENMPV,ElevenMPV,8080,08/24/2020, 19:07:42,447
ELEVENMPV,ElevenMPV,8081,08/24/2020, 20:08:26,447
ELEVENMPV,ElevenMPV,8082,08/24/2020, 21:07:32,447
ELEVENMPV,ElevenMPV,8082,08/24/2020, 22:07:36,447
ELEVENMPV,ElevenMPV,8083,08/24/2020, 23:07:28,447
ELEVENMPV,ElevenMPV,8083,08/25/2020, 00:21:25,447
ELEVENMPV,ElevenMPV,8083,08/25/2020, 01:07:59,447
ELEVENMPV,ElevenMPV,8083,08/25/2020, 02:08:34,447
ELEVENMPV,ElevenMPV,8083,08/25/2020, 03:07:42,447
ELEVENMPV,ElevenMPV,8083,08/25/2020, 04:08:31,447
ELEVENMPV,ElevenMPV,8083,08/25/2020, 05:08:01,447
ELEVENMPV,ElevenMPV,8085,08/25/2020, 06:08:40,447
ELEVENMPV,ElevenMPV,8085,08/25/2020, 07:08:12,447
ELEVENMPV,ElevenMPV,8087,08/25/2020, 08:08:59,447
ELEVENMPV,ElevenMPV,8087,08/25/2020, 09:08:05,447
ELEVENMPV,ElevenMPV,8087,08/25/2020, 10:07:49,447
ELEVENMPV,ElevenMPV,8087,08/25/2020, 11:07:30,447
ELEVENMPV,ElevenMPV,8087,08/25/2020, 12:10:24,447
ELEVENMPV,ElevenMPV,8087,08/25/2020, 13:07:27,447
ELEVENMPV,ElevenMPV,8087,08/25/2020, 14:08:37,447
ELEVENMPV,ElevenMPV,8087,08/25/2020, 15:08:00,447
ELEVENMPV,ElevenMPV,8087,08/25/2020, 16:08:15,447
ELEVENMPV,ElevenMPV,8087,08/25/2020, 17:07:35,447
ELEVENMPV,ElevenMPV,8087,08/25/2020, 18:08:25,447
ELEVENMPV,ElevenMPV,8088,08/25/2020, 19:07:17,447
ELEVENMPV,ElevenMPV,8089,08/25/2020, 20:08:24,447
ELEVENMPV,ElevenMPV,8090,08/25/2020, 21:07:36,447
ELEVENMPV,ElevenMPV,8090,08/25/2020, 22:07:37,447
ELEVENMPV,ElevenMPV,8090,08/25/2020, 23:07:18,447
ELEVENMPV,ElevenMPV,8090,08/26/2020, 00:21:18,447
ELEVENMPV,ElevenMPV,8090,08/26/2020, 01:07:53,447
ELEVENMPV,ElevenMPV,8090,08/26/2020, 02:08:52,447
ELEVENMPV,ElevenMPV,8091,08/26/2020, 03:08:05,447
ELEVENMPV,ElevenMPV,8091,08/26/2020, 04:08:46,447
ELEVENMPV,ElevenMPV,8091,08/26/2020, 05:09:43,447
ELEVENMPV,ElevenMPV,8091,08/26/2020, 06:08:56,447
ELEVENMPV,ElevenMPV,8091,08/26/2020, 07:08:11,447
ELEVENMPV,ElevenMPV,8091,08/26/2020, 08:08:31,447
ELEVENMPV,ElevenMPV,8091,08/26/2020, 09:07:58,447
ELEVENMPV,ElevenMPV,8091,08/26/2020, 10:07:48,447
ELEVENMPV,ElevenMPV,8091,08/26/2020, 11:07:22,447
ELEVENMPV,ElevenMPV,8091,08/26/2020, 12:10:21,447
ELEVENMPV,ElevenMPV,8091,08/26/2020, 13:07:24,447
ELEVENMPV,ElevenMPV,8091,08/26/2020, 14:08:41,447
ELEVENMPV,ElevenMPV,8092,08/26/2020, 15:07:58,447
ELEVENMPV,ElevenMPV,8092,08/26/2020, 16:08:21,447
ELEVENMPV,ElevenMPV,8093,08/26/2020, 17:07:32,447
ELEVENMPV,ElevenMPV,8093,08/26/2020, 18:08:35,447
ELEVENMPV,ElevenMPV,8094,08/26/2020, 19:07:31,447
ELEVENMPV,ElevenMPV,8096,08/26/2020, 20:08:46,447
ELEVENMPV,ElevenMPV,8096,08/26/2020, 21:07:38,447
ELEVENMPV,ElevenMPV,8097,08/26/2020, 22:07:40,447
ELEVENMPV,ElevenMPV,8098,08/26/2020, 23:07:23,447
ELEVENMPV,ElevenMPV,8100,08/27/2020, 00:21:36,447
ELEVENMPV,ElevenMPV,8101,08/27/2020, 01:08:16,447
ELEVENMPV,ElevenMPV,8101,08/27/2020, 02:08:53,447
ELEVENMPV,ElevenMPV,8102,08/27/2020, 03:08:02,447
ELEVENMPV,ElevenMPV,8102,08/27/2020, 04:08:36,447
ELEVENMPV,ElevenMPV,8103,08/27/2020, 05:12:11,447
ELEVENMPV,ElevenMPV,8103,08/27/2020, 06:08:48,447
ELEVENMPV,ElevenMPV,8103,08/27/2020, 07:07:59,447
ELEVENMPV,ElevenMPV,8103,08/27/2020, 08:09:09,447
ELEVENMPV,ElevenMPV,8103,08/27/2020, 09:08:12,447
ELEVENMPV,ElevenMPV,8103,08/27/2020, 10:08:11,447
ELEVENMPV,ElevenMPV,8103,08/27/2020, 11:07:19,447
ELEVENMPV,ElevenMPV,8103,08/27/2020, 12:10:31,447
ELEVENMPV,ElevenMPV,8104,08/27/2020, 13:07:24,447
ELEVENMPV,ElevenMPV,8104,08/27/2020, 14:08:39,447
ELEVENMPV,ElevenMPV,8106,08/27/2020, 15:07:55,447
ELEVENMPV,ElevenMPV,8106,08/27/2020, 16:08:41,447
ELEVENMPV,ElevenMPV,8106,08/27/2020, 17:07:59,447
ELEVENMPV,ElevenMPV,8107,08/27/2020, 18:08:42,447
ELEVENMPV,ElevenMPV,8107,08/27/2020, 19:07:44,447
ELEVENMPV,ElevenMPV,8108,08/27/2020, 20:08:30,447
ELEVENMPV,ElevenMPV,8108,08/27/2020, 21:07:48,447
ELEVENMPV,ElevenMPV,8108,08/27/2020, 22:07:18,447
ELEVENMPV,ElevenMPV,8108,08/27/2020, 23:07:51,447
ELEVENMPV,ElevenMPV,8108,08/28/2020, 00:24:02,447
ELEVENMPV,ElevenMPV,8109,08/28/2020, 01:11:46,447
ELEVENMPV,ElevenMPV,8110,08/28/2020, 02:09:30,447
ELEVENMPV,ElevenMPV,8112,08/28/2020, 03:08:31,447
ELEVENMPV,ElevenMPV,8112,08/28/2020, 04:08:45,447
ELEVENMPV,ElevenMPV,8113,08/28/2020, 05:08:34,447
ELEVENMPV,ElevenMPV,8114,08/28/2020, 06:09:23,447
ELEVENMPV,ElevenMPV,8114,08/28/2020, 07:08:39,447
ELEVENMPV,ElevenMPV,8114,08/28/2020, 08:09:47,447
ELEVENMPV,ElevenMPV,8114,08/28/2020, 09:08:26,447
ELEVENMPV,ElevenMPV,8114,08/28/2020, 10:08:18,447
ELEVENMPV,ElevenMPV,8114,08/28/2020, 11:07:56,447
ELEVENMPV,ElevenMPV,8114,08/28/2020, 12:12:22,447
ELEVENMPV,ElevenMPV,8114,08/28/2020, 13:08:09,447
ELEVENMPV,ElevenMPV,8114,08/28/2020, 14:09:14,447
ELEVENMPV,ElevenMPV,8114,08/28/2020, 15:08:18,447
ELEVENMPV,ElevenMPV,8114,08/28/2020, 16:08:56,447
ELEVENMPV,ElevenMPV,8115,08/28/2020, 17:07:48,447
ELEVENMPV,ElevenMPV,8115,08/28/2020, 18:09:03,447
ELEVENMPV,ElevenMPV,8116,08/28/2020, 19:07:59,447
ELEVENMPV,ElevenMPV,8117,08/28/2020, 20:09:17,447
ELEVENMPV,ElevenMPV,8117,08/28/2020, 21:08:16,447
ELEVENMPV,ElevenMPV,8120,08/28/2020, 22:08:04,447
ELEVENMPV,ElevenMPV,8121,08/28/2020, 23:04:09,447
ELEVENMPV,ElevenMPV,8121,08/29/2020, 00:15:40,447
ELEVENMPV,ElevenMPV,8122,08/29/2020, 01:05:31,447
ELEVENMPV,ElevenMPV,8122,08/29/2020, 02:04:18,447
ELEVENMPV,ElevenMPV,8124,08/29/2020, 03:09:03,447
ELEVENMPV,ElevenMPV,8124,08/29/2020, 04:05:08,447
ELEVENMPV,ElevenMPV,8125,08/29/2020, 05:10:50,447
ELEVENMPV,ElevenMPV,8125,08/29/2020, 06:06:51,447
ELEVENMPV,ElevenMPV,8125,08/29/2020, 07:06:54,447
ELEVENMPV,ElevenMPV,8125,08/29/2020, 08:13:28,447
ELEVENMPV,ElevenMPV,8128,08/29/2020, 09:07:11,447
ELEVENMPV,ElevenMPV,8128,08/29/2020, 10:05:21,447
ELEVENMPV,ElevenMPV,8128,08/29/2020, 11:10:03,447
ELEVENMPV,ElevenMPV,8128,08/29/2020, 12:07:16,447
ELEVENMPV,ElevenMPV,8128,08/29/2020, 13:10:49,447
ELEVENMPV,ElevenMPV,8128,08/29/2020, 14:09:59,447
ELEVENMPV,ElevenMPV,8130,08/29/2020, 15:07:27,447
ELEVENMPV,ElevenMPV,8130,08/29/2020, 16:05:21,447
ELEVENMPV,ElevenMPV,8130,08/29/2020, 17:06:40,447
ELEVENMPV,ElevenMPV,8130,08/29/2020, 18:07:14,447
ELEVENMPV,ElevenMPV,8130,08/29/2020, 19:10:29,447
ELEVENMPV,ElevenMPV,8130,08/29/2020, 20:07:22,447
ELEVENMPV,ElevenMPV,8130,08/29/2020, 21:08:34,447
ELEVENMPV,ElevenMPV,8131,08/29/2020, 22:07:21,447
ELEVENMPV,ElevenMPV,8131,08/29/2020, 23:04:45,447
ELEVENMPV,ElevenMPV,8131,08/30/2020, 00:16:32,447
ELEVENMPV,ElevenMPV,8131,08/30/2020, 01:04:46,447
ELEVENMPV,ElevenMPV,8133,08/30/2020, 02:07:28,447
ELEVENMPV,ElevenMPV,8135,08/30/2020, 03:06:20,447
ELEVENMPV,ElevenMPV,8136,08/30/2020, 04:05:40,447
ELEVENMPV,ElevenMPV,8137,08/30/2020, 05:12:05,447
ELEVENMPV,ElevenMPV,8137,08/30/2020, 06:10:00,447
ELEVENMPV,ElevenMPV,8138,08/30/2020, 07:11:31,447
ELEVENMPV,ElevenMPV,8138,08/30/2020, 08:12:27,447
ELEVENMPV,ElevenMPV,8138,08/30/2020, 09:07:34,447
ELEVENMPV,ElevenMPV,8138,08/30/2020, 10:07:15,447
ELEVENMPV,ElevenMPV,8138,08/30/2020, 11:12:03,447
ELEVENMPV,ElevenMPV,8138,08/30/2020, 12:11:14,447
ELEVENMPV,ElevenMPV,8138,08/30/2020, 13:05:26,447
ELEVENMPV,ElevenMPV,8139,08/30/2020, 14:04:36,447
ELEVENMPV,ElevenMPV,8139,08/30/2020, 15:12:26,447
ELEVENMPV,ElevenMPV,8140,08/30/2020, 16:05:39,447
ELEVENMPV,ElevenMPV,8141,08/30/2020, 17:07:15,447
ELEVENMPV,ElevenMPV,8141,08/30/2020, 18:13:00,447
ELEVENMPV,ElevenMPV,8142,08/30/2020, 19:11:19,447
ELEVENMPV,ElevenMPV,8143,08/30/2020, 20:07:35,447
ELEVENMPV,ElevenMPV,8143,08/30/2020, 21:07:25,447
ELEVENMPV,ElevenMPV,8146,08/30/2020, 22:09:44,447
ELEVENMPV,ElevenMPV,8147,08/30/2020, 23:05:54,447
ELEVENMPV,ElevenMPV,8148,08/31/2020, 00:16:34,447
ELEVENMPV,ElevenMPV,8148,08/31/2020, 01:04:20,447
ELEVENMPV,ElevenMPV,8150,08/31/2020, 02:10:54,447
ELEVENMPV,ElevenMPV,8150,08/31/2020, 03:04:10,447
ELEVENMPV,ElevenMPV,8150,08/31/2020, 04:13:09,447
ELEVENMPV,ElevenMPV,8151,08/31/2020, 05:10:29,447
ELEVENMPV,ElevenMPV,8151,08/31/2020, 06:06:45,447
ELEVENMPV,ElevenMPV,8151,08/31/2020, 07:04:10,447
ELEVENMPV,ElevenMPV,8151,08/31/2020, 08:04:32,447
ELEVENMPV,ElevenMPV,8151,08/31/2020, 09:04:08,447
ELEVENMPV,ElevenMPV,8151,08/31/2020, 10:04:03,447
ELEVENMPV,ElevenMPV,8152,08/31/2020, 11:03:49,447
ELEVENMPV,ElevenMPV,8152,08/31/2020, 12:12:02,447
ELEVENMPV,ElevenMPV,8152,08/31/2020, 14:04:18,447
ELEVENMPV,ElevenMPV,8153,08/31/2020, 15:04:01,447
ELEVENMPV,ElevenMPV,8153,08/31/2020, 16:04:23,447
ELEVENMPV,ElevenMPV,8154,08/31/2020, 17:08:27,447
ELEVENMPV,ElevenMPV,8155,08/31/2020, 18:09:18,447
ELEVENMPV,ElevenMPV,8157,08/31/2020, 19:08:08,447
ELEVENMPV,ElevenMPV,8160,08/31/2020, 20:09:22,447
ELEVENMPV,ElevenMPV,8160,08/31/2020, 21:08:20,447
ELEVENMPV,ElevenMPV,8160,08/31/2020, 22:08:28,447
ELEVENMPV,ElevenMPV,8160,08/31/2020, 23:08:01,447
ELEVENMPV,ElevenMPV,8160,09/01/2020, 00:24:01,447
ELEVENMPV,ElevenMPV,8160,09/01/2020, 01:13:51,447
ELEVENMPV,ElevenMPV,8160,09/01/2020, 02:09:33,447
ELEVENMPV,ElevenMPV,8161,09/01/2020, 03:08:40,447
ELEVENMPV,ElevenMPV,8161,09/01/2020, 04:08:53,447
ELEVENMPV,ElevenMPV,8162,09/01/2020, 05:08:29,447
ELEVENMPV,ElevenMPV,8162,09/01/2020, 06:09:37,447
ELEVENMPV,ElevenMPV,8162,09/01/2020, 07:08:38,447
ELEVENMPV,ElevenMPV,8162,09/01/2020, 08:09:38,447
ELEVENMPV,ElevenMPV,8163,09/01/2020, 09:10:04,447
ELEVENMPV,ElevenMPV,8163,09/01/2020, 10:08:42,447
ELEVENMPV,ElevenMPV,8163,09/01/2020, 11:07:51,447
ELEVENMPV,ElevenMPV,8163,09/01/2020, 12:10:56,447
ELEVENMPV,ElevenMPV,8163,09/01/2020, 13:08:12,447
ELEVENMPV,ElevenMPV,8163,09/01/2020, 14:11:18,447
ELEVENMPV,ElevenMPV,8163,09/01/2020, 15:09:03,447
ELEVENMPV,ElevenMPV,8163,09/01/2020, 16:08:59,447
ELEVENMPV,ElevenMPV,8164,09/01/2020, 17:08:19,447
ELEVENMPV,ElevenMPV,8164,09/01/2020, 18:09:18,447
ELEVENMPV,ElevenMPV,8164,09/01/2020, 19:08:13,447
ELEVENMPV,ElevenMPV,8165,09/01/2020, 20:09:20,447
ELEVENMPV,ElevenMPV,8167,09/01/2020, 21:08:27,447
ELEVENMPV,ElevenMPV,8167,09/01/2020, 22:08:40,447
ELEVENMPV,ElevenMPV,8167,09/01/2020, 23:07:52,447
ELEVENMPV,ElevenMPV,8167,09/02/2020, 00:23:14,447
ELEVENMPV,ElevenMPV,8167,09/02/2020, 01:07:26,447
ELEVENMPV,ElevenMPV,8167,09/02/2020, 02:09:14,447
ELEVENMPV,ElevenMPV,8167,09/02/2020, 03:09:31,447
ELEVENMPV,ElevenMPV,8167,09/02/2020, 04:09:12,447
ELEVENMPV,ElevenMPV,8167,09/02/2020, 05:08:14,447
ELEVENMPV,ElevenMPV,8167,09/02/2020, 06:09:20,447
ELEVENMPV,ElevenMPV,8167,09/02/2020, 07:08:40,447
ELEVENMPV,ElevenMPV,8167,09/02/2020, 08:09:24,447
ELEVENMPV,ElevenMPV,8167,09/02/2020, 09:09:54,447
ELEVENMPV,ElevenMPV,8168,09/02/2020, 10:08:33,447
ELEVENMPV,ElevenMPV,8168,09/02/2020, 11:07:51,447
ELEVENMPV,ElevenMPV,8168,09/02/2020, 12:11:12,447
ELEVENMPV,ElevenMPV,8168,09/02/2020, 13:08:14,447
ELEVENMPV,ElevenMPV,8168,09/02/2020, 14:09:27,447
ELEVENMPV,ElevenMPV,8168,09/02/2020, 15:10:30,447
ELEVENMPV,ElevenMPV,8168,09/02/2020, 16:09:12,447
ELEVENMPV,ElevenMPV,8168,09/02/2020, 17:08:21,447
ELEVENMPV,ElevenMPV,8168,09/02/2020, 18:09:01,447
ELEVENMPV,ElevenMPV,8169,09/02/2020, 19:08:01,447
ELEVENMPV,ElevenMPV,8169,09/02/2020, 20:09:15,447
ELEVENMPV,ElevenMPV,8169,09/02/2020, 21:08:26,447
ELEVENMPV,ElevenMPV,8169,09/02/2020, 22:08:11,447
ELEVENMPV,ElevenMPV,8170,09/02/2020, 23:07:52,447
ELEVENMPV,ElevenMPV,8171,09/03/2020, 00:23:21,447
ELEVENMPV,ElevenMPV,8171,09/03/2020, 01:11:59,447
ELEVENMPV,ElevenMPV,8171,09/03/2020, 02:09:34,447
ELEVENMPV,ElevenMPV,8171,09/03/2020, 03:08:19,447
ELEVENMPV,ElevenMPV,8171,09/03/2020, 04:09:05,447
ELEVENMPV,ElevenMPV,8172,09/03/2020, 05:09:25,447
ELEVENMPV,ElevenMPV,8172,09/03/2020, 06:09:40,447
ELEVENMPV,ElevenMPV,8172,09/03/2020, 07:08:46,447
ELEVENMPV,ElevenMPV,8172,09/03/2020, 08:09:37,447
ELEVENMPV,ElevenMPV,8172,09/03/2020, 09:08:39,447
ELEVENMPV,ElevenMPV,8173,09/03/2020, 10:08:53,447
ELEVENMPV,ElevenMPV,8173,09/03/2020, 11:08:05,447
ELEVENMPV,ElevenMPV,8173,09/03/2020, 12:11:18,447
ELEVENMPV,ElevenMPV,8173,09/03/2020, 13:08:14,447
ELEVENMPV,ElevenMPV,8173,09/03/2020, 14:09:30,447
ELEVENMPV,ElevenMPV,8173,09/03/2020, 15:08:45,447
ELEVENMPV,ElevenMPV,8175,09/03/2020, 16:09:20,447
ELEVENMPV,ElevenMPV,8175,09/03/2020, 17:08:26,447
ELEVENMPV,ElevenMPV,8176,09/03/2020, 18:09:10,447
ELEVENMPV,ElevenMPV,8176,09/03/2020, 19:06:53,447
ELEVENMPV,ElevenMPV,8176,09/03/2020, 20:09:40,447
ELEVENMPV,ElevenMPV,8176,09/03/2020, 21:08:34,447
ELEVENMPV,ElevenMPV,8176,09/03/2020, 22:08:31,447
ELEVENMPV,ElevenMPV,8176,09/03/2020, 23:08:03,447
ELEVENMPV,ElevenMPV,8176,09/04/2020, 00:24:05,447
ELEVENMPV,ElevenMPV,8176,09/04/2020, 01:12:24,447
ELEVENMPV,ElevenMPV,8176,09/04/2020, 02:09:36,447
ELEVENMPV,ElevenMPV,8177,09/04/2020, 03:08:22,447
ELEVENMPV,ElevenMPV,8177,09/04/2020, 04:09:13,447
ELEVENMPV,ElevenMPV,8177,09/04/2020, 05:08:15,447
ELEVENMPV,ElevenMPV,8179,09/04/2020, 06:09:46,447
ELEVENMPV,ElevenMPV,8179,09/04/2020, 07:08:33,447
ELEVENMPV,ElevenMPV,8179,09/04/2020, 08:09:36,447
ELEVENMPV,ElevenMPV,8179,09/04/2020, 09:08:37,447
ELEVENMPV,ElevenMPV,8179,09/04/2020, 10:08:47,447
ELEVENMPV,ElevenMPV,8179,09/04/2020, 11:08:04,447
ELEVENMPV,ElevenMPV,8179,09/04/2020, 12:14:45,447
ELEVENMPV,ElevenMPV,8180,09/04/2020, 13:08:41,447
ELEVENMPV,ElevenMPV,8180,09/04/2020, 14:09:28,447
ELEVENMPV,ElevenMPV,8180,09/04/2020, 15:08:43,447
ELEVENMPV,ElevenMPV,8181,09/04/2020, 16:09:08,447
ELEVENMPV,ElevenMPV,8181,09/04/2020, 17:08:23,447
ELEVENMPV,ElevenMPV,8181,09/04/2020, 18:09:16,447
ELEVENMPV,ElevenMPV,8182,09/04/2020, 19:08:06,447
ELEVENMPV,ElevenMPV,8182,09/04/2020, 20:09:23,447
ELEVENMPV,ElevenMPV,8182,09/04/2020, 21:08:13,447
ELEVENMPV,ElevenMPV,8182,09/04/2020, 22:08:30,447
ELEVENMPV,ElevenMPV,8183,09/04/2020, 23:08:04,447
ELEVENMPV,ElevenMPV,8183,09/05/2020, 00:39:53,447
ELEVENMPV,ElevenMPV,8183,09/05/2020, 02:07:32,447
ELEVENMPV,ElevenMPV,8183,09/05/2020, 03:20:31,447
ELEVENMPV,ElevenMPV,8183,09/05/2020, 04:17:15,447
ELEVENMPV,ElevenMPV,8183,09/05/2020, 05:15:15,447
ELEVENMPV,ElevenMPV,8183,09/05/2020, 06:17:41,447
ELEVENMPV,ElevenMPV,8183,09/05/2020, 07:18:05,447
ELEVENMPV,ElevenMPV,8183,09/05/2020, 08:16:29,447
ELEVENMPV,ElevenMPV,8183,09/05/2020, 09:15:48,447
ELEVENMPV,ElevenMPV,8183,09/05/2020, 10:15:55,447
ELEVENMPV,ElevenMPV,8183,09/05/2020, 11:14:33,447
ELEVENMPV,ElevenMPV,8183,09/05/2020, 12:20:32,447
ELEVENMPV,ElevenMPV,8183,09/05/2020, 13:20:53,447
ELEVENMPV,ElevenMPV,8183,09/05/2020, 14:16:44,447
ELEVENMPV,ElevenMPV,8184,09/05/2020, 15:15:33,447
ELEVENMPV,ElevenMPV,8184,09/05/2020, 16:10:04,447
ELEVENMPV,ElevenMPV,8185,09/05/2020, 17:08:15,447
ELEVENMPV,ElevenMPV,8185,09/05/2020, 18:09:25,447
ELEVENMPV,ElevenMPV,8186,09/05/2020, 19:08:01,447
ELEVENMPV,ElevenMPV,8186,09/05/2020, 20:09:33,447
ELEVENMPV,ElevenMPV,8187,09/05/2020, 21:08:16,447
ELEVENMPV,ElevenMPV,8187,09/05/2020, 22:08:10,447
ELEVENMPV,ElevenMPV,8187,09/05/2020, 23:08:43,447
ELEVENMPV,ElevenMPV,8188,09/06/2020, 00:25:09,447
ELEVENMPV,ElevenMPV,8188,09/06/2020, 01:13:50,447
ELEVENMPV,ElevenMPV,8189,09/06/2020, 02:09:28,447
ELEVENMPV,ElevenMPV,8189,09/06/2020, 03:08:57,447
ELEVENMPV,ElevenMPV,8189,09/06/2020, 04:09:11,447
ELEVENMPV,ElevenMPV,8189,09/06/2020, 05:08:13,447
ELEVENMPV,ElevenMPV,8189,09/06/2020, 06:10:52,447
ELEVENMPV,ElevenMPV,8189,09/06/2020, 07:08:28,447
ELEVENMPV,ElevenMPV,8189,09/06/2020, 08:09:01,447
ELEVENMPV,ElevenMPV,8189,09/06/2020, 09:08:32,447
ELEVENMPV,ElevenMPV,8190,09/06/2020, 10:08:37,447
ELEVENMPV,ElevenMPV,8191,09/06/2020, 11:08:16,447
ELEVENMPV,ElevenMPV,8192,09/06/2020, 12:11:02,447
ELEVENMPV,ElevenMPV,8192,09/06/2020, 13:08:10,447
ELEVENMPV,ElevenMPV,8192,09/06/2020, 14:09:10,447
ELEVENMPV,ElevenMPV,8192,09/06/2020, 15:08:21,447
ELEVENMPV,ElevenMPV,8193,09/06/2020, 16:09:04,447
ELEVENMPV,ElevenMPV,8193,09/06/2020, 17:09:38,447
ELEVENMPV,ElevenMPV,8193,09/06/2020, 18:09:46,447
ELEVENMPV,ElevenMPV,8193,09/06/2020, 19:08:18,447
ELEVENMPV,ElevenMPV,8193,09/06/2020, 20:09:26,447
ELEVENMPV,ElevenMPV,8193,09/06/2020, 21:08:32,447
ELEVENMPV,ElevenMPV,8194,09/06/2020, 22:08:32,447
ELEVENMPV,ElevenMPV,8194,09/06/2020, 23:08:09,447
ELEVENMPV,ElevenMPV,8194,09/07/2020, 00:24:37,447
ELEVENMPV,ElevenMPV,8194,09/07/2020, 01:13:45,447
ELEVENMPV,ElevenMPV,8194,09/07/2020, 02:10:04,447
ELEVENMPV,ElevenMPV,8195,09/07/2020, 03:08:44,447
ELEVENMPV,ElevenMPV,8195,09/07/2020, 04:09:29,447
ELEVENMPV,ElevenMPV,8197,09/07/2020, 05:08:18,447
ELEVENMPV,ElevenMPV,8197,09/07/2020, 06:11:10,447
ELEVENMPV,ElevenMPV,8197,09/07/2020, 07:09:44,447
ELEVENMPV,ElevenMPV,8198,09/07/2020, 08:09:36,447
ELEVENMPV,ElevenMPV,8198,09/07/2020, 09:08:55,447
ELEVENMPV,ElevenMPV,8198,09/07/2020, 10:08:57,447
ELEVENMPV,ElevenMPV,8198,09/07/2020, 11:08:26,447
ELEVENMPV,ElevenMPV,8198,09/07/2020, 12:11:22,447
ELEVENMPV,ElevenMPV,8198,09/07/2020, 13:08:28,447
ELEVENMPV,ElevenMPV,8199,09/07/2020, 14:09:16,447
ELEVENMPV,ElevenMPV,8199,09/07/2020, 15:08:55,447
ELEVENMPV,ElevenMPV,8199,09/07/2020, 16:09:12,447
ELEVENMPV,ElevenMPV,8199,09/07/2020, 17:08:14,447
ELEVENMPV,ElevenMPV,8199,09/07/2020, 18:09:21,447
ELEVENMPV,ElevenMPV,8199,09/07/2020, 19:08:06,447
ELEVENMPV,ElevenMPV,8199,09/07/2020, 20:09:19,447
ELEVENMPV,ElevenMPV,8200,09/07/2020, 21:08:27,447
ELEVENMPV,ElevenMPV,8201,09/07/2020, 22:08:33,447
ELEVENMPV,ElevenMPV,8201,09/07/2020, 23:08:14,447
ELEVENMPV,ElevenMPV,8201,09/08/2020, 00:24:17,447
ELEVENMPV,ElevenMPV,8201,09/08/2020, 01:13:24,447
ELEVENMPV,ElevenMPV,8201,09/08/2020, 02:09:47,447
ELEVENMPV,ElevenMPV,8202,09/08/2020, 03:08:55,447
ELEVENMPV,ElevenMPV,8202,09/08/2020, 04:09:34,447
ELEVENMPV,ElevenMPV,8202,09/08/2020, 05:08:19,447
ELEVENMPV,ElevenMPV,8203,09/08/2020, 06:09:33,447
ELEVENMPV,ElevenMPV,8204,09/08/2020, 07:08:45,447
ELEVENMPV,ElevenMPV,8204,09/08/2020, 08:10:01,447
ELEVENMPV,ElevenMPV,8204,09/08/2020, 09:08:51,447
ELEVENMPV,ElevenMPV,8204,09/08/2020, 10:09:05,447
ELEVENMPV,ElevenMPV,8205,09/08/2020, 12:11:21,447
ELEVENMPV,ElevenMPV,8207,09/08/2020, 13:08:41,447
ELEVENMPV,ElevenMPV,8207,09/08/2020, 14:09:53,447
ELEVENMPV,ElevenMPV,8208,09/08/2020, 15:09:13,447
ELEVENMPV,ElevenMPV,8210,09/08/2020, 16:09:24,447
ELEVENMPV,ElevenMPV,8210,09/08/2020, 17:08:19,447
ELEVENMPV,ElevenMPV,8210,09/08/2020, 18:09:19,447
ELEVENMPV,ElevenMPV,8213,09/08/2020, 19:08:32,447
ELEVENMPV,ElevenMPV,8213,09/08/2020, 20:09:43,447
ELEVENMPV,ElevenMPV,8214,09/08/2020, 21:08:34,447
ELEVENMPV,ElevenMPV,8214,09/08/2020, 22:08:53,447
ELEVENMPV,ElevenMPV,8214,09/08/2020, 23:08:22,447
ELEVENMPV,ElevenMPV,8216,09/09/2020, 00:24:13,447
ELEVENMPV,ElevenMPV,8216,09/09/2020, 01:13:39,447
ELEVENMPV,ElevenMPV,8216,09/09/2020, 02:09:58,447
ELEVENMPV,ElevenMPV,8216,09/09/2020, 03:09:10,447
ELEVENMPV,ElevenMPV,8216,09/09/2020, 04:09:22,447
ELEVENMPV,ElevenMPV,8216,09/09/2020, 05:08:40,447
ELEVENMPV,ElevenMPV,8216,09/09/2020, 06:09:53,447
ELEVENMPV,ElevenMPV,8216,09/09/2020, 07:08:58,447
ELEVENMPV,ElevenMPV,8216,09/09/2020, 08:09:31,447
ELEVENMPV,ElevenMPV,8217,09/09/2020, 09:08:59,447
ELEVENMPV,ElevenMPV,8218,09/09/2020, 10:08:56,447
ELEVENMPV,ElevenMPV,8220,09/09/2020, 11:08:33,447
ELEVENMPV,ElevenMPV,8221,09/09/2020, 12:11:32,447
ELEVENMPV,ElevenMPV,8221,09/09/2020, 13:08:43,447
ELEVENMPV,ElevenMPV,8221,09/09/2020, 14:09:46,447
ELEVENMPV,ElevenMPV,8222,09/09/2020, 15:08:55,447
ELEVENMPV,ElevenMPV,8222,09/09/2020, 16:09:29,447
ELEVENMPV,ElevenMPV,8222,09/09/2020, 17:08:36,447
ELEVENMPV,ElevenMPV,8222,09/09/2020, 18:09:36,447
ELEVENMPV,ElevenMPV,8222,09/09/2020, 19:08:16,447
ELEVENMPV,ElevenMPV,8222,09/09/2020, 20:09:14,447
ELEVENMPV,ElevenMPV,8224,09/09/2020, 21:08:26,447
ELEVENMPV,ElevenMPV,8224,09/09/2020, 22:08:36,447
ELEVENMPV,ElevenMPV,8224,09/09/2020, 23:08:12,447
ELEVENMPV,ElevenMPV,8224,09/10/2020, 00:23:44,447
ELEVENMPV,ElevenMPV,8224,09/10/2020, 01:11:24,447
ELEVENMPV,ElevenMPV,8224,09/10/2020, 02:12:50,447
ELEVENMPV,ElevenMPV,8225,09/10/2020, 03:08:45,447
ELEVENMPV,ElevenMPV,8225,09/10/2020, 04:09:22,447
ELEVENMPV,ElevenMPV,8225,09/10/2020, 05:08:55,447
ELEVENMPV,ElevenMPV,8225,09/10/2020, 06:09:37,447
ELEVENMPV,ElevenMPV,8225,09/10/2020, 07:08:49,447
ELEVENMPV,ElevenMPV,8225,09/10/2020, 08:09:15,447
ELEVENMPV,ElevenMPV,8225,09/10/2020, 09:08:50,447
ELEVENMPV,ElevenMPV,8225,09/10/2020, 10:08:46,447
ELEVENMPV,ElevenMPV,8225,09/10/2020, 11:08:02,447
ELEVENMPV,ElevenMPV,8226,09/10/2020, 12:11:29,447
ELEVENMPV,ElevenMPV,8226,09/10/2020, 13:08:26,447
ELEVENMPV,ElevenMPV,8226,09/10/2020, 14:09:32,447
ELEVENMPV,ElevenMPV,8227,09/10/2020, 15:09:02,447
ELEVENMPV,ElevenMPV,8227,09/10/2020, 16:13:24,447
ELEVENMPV,ElevenMPV,8227,09/10/2020, 17:08:41,447
ELEVENMPV,ElevenMPV,8227,09/10/2020, 18:09:21,447
ELEVENMPV,ElevenMPV,8227,09/10/2020, 19:08:11,447
ELEVENMPV,ElevenMPV,8227,09/10/2020, 20:09:28,447
ELEVENMPV,ElevenMPV,8227,09/10/2020, 21:08:38,447
ELEVENMPV,ElevenMPV,8227,09/10/2020, 22:08:46,447
ELEVENMPV,ElevenMPV,8228,09/10/2020, 23:08:00,447
ELEVENMPV,ElevenMPV,8228,09/11/2020, 00:24:08,447
ELEVENMPV,ElevenMPV,8228,09/11/2020, 01:11:45,447
ELEVENMPV,ElevenMPV,8228,09/11/2020, 02:09:38,447
ELEVENMPV,ElevenMPV,8229,09/11/2020, 03:08:43,447
ELEVENMPV,ElevenMPV,8229,09/11/2020, 04:09:17,447
ELEVENMPV,ElevenMPV,8230,09/11/2020, 05:08:26,447
ELEVENMPV,ElevenMPV,8230,09/11/2020, 06:09:57,447
ELEVENMPV,ElevenMPV,8230,09/11/2020, 07:08:37,447
ELEVENMPV,ElevenMPV,8230,09/11/2020, 08:09:50,447
ELEVENMPV,ElevenMPV,8230,09/11/2020, 09:08:43,447
ELEVENMPV,ElevenMPV,8230,09/11/2020, 10:09:01,447
ELEVENMPV,ElevenMPV,8230,09/11/2020, 11:07:57,447
ELEVENMPV,ElevenMPV,8230,09/11/2020, 12:17:31,447
ELEVENMPV,ElevenMPV,8231,09/11/2020, 13:08:18,447
ELEVENMPV,ElevenMPV,8231,09/11/2020, 14:09:20,447
ELEVENMPV,ElevenMPV,8232,09/11/2020, 15:08:49,447
ELEVENMPV,ElevenMPV,8234,09/11/2020, 16:09:14,447
ELEVENMPV,ElevenMPV,8235,09/11/2020, 17:08:30,447
ELEVENMPV,ElevenMPV,8237,09/11/2020, 18:09:05,447
ELEVENMPV,ElevenMPV,8237,09/11/2020, 19:08:04,447
ELEVENMPV,ElevenMPV,8237,09/11/2020, 20:09:36,447
ELEVENMPV,ElevenMPV,8237,09/11/2020, 21:08:40,447
ELEVENMPV,ElevenMPV,8237,09/11/2020, 22:08:41,447
ELEVENMPV,ElevenMPV,8237,09/11/2020, 23:08:02,447
ELEVENMPV,ElevenMPV,8238,09/12/2020, 00:24:03,447
ELEVENMPV,ElevenMPV,8238,09/12/2020, 01:12:51,447
ELEVENMPV,ElevenMPV,8238,09/12/2020, 02:09:29,447
ELEVENMPV,ElevenMPV,8239,09/12/2020, 03:08:58,447
ELEVENMPV,ElevenMPV,8239,09/12/2020, 04:09:02,447
ELEVENMPV,ElevenMPV,8239,09/12/2020, 05:08:17,447
ELEVENMPV,ElevenMPV,8239,09/12/2020, 06:09:58,447
ELEVENMPV,ElevenMPV,8239,09/12/2020, 07:08:38,447
ELEVENMPV,ElevenMPV,8239,09/12/2020, 08:09:15,447
ELEVENMPV,ElevenMPV,8239,09/12/2020, 09:08:19,447
ELEVENMPV,ElevenMPV,8239,09/12/2020, 10:08:45,447
ELEVENMPV,ElevenMPV,8239,09/12/2020, 11:09:24,447
ELEVENMPV,ElevenMPV,8239,09/12/2020, 12:11:18,447
ELEVENMPV,ElevenMPV,8239,09/12/2020, 13:08:07,447
ELEVENMPV,ElevenMPV,8239,09/12/2020, 14:08:59,447
ELEVENMPV,ElevenMPV,8240,09/12/2020, 15:08:21,447
ELEVENMPV,ElevenMPV,8240,09/12/2020, 16:09:08,447
ELEVENMPV,ElevenMPV,8240,09/12/2020, 17:08:04,447
ELEVENMPV,ElevenMPV,8241,09/12/2020, 18:09:26,447
ELEVENMPV,ElevenMPV,8241,09/12/2020, 19:08:11,447
ELEVENMPV,ElevenMPV,8242,09/12/2020, 20:09:38,447
ELEVENMPV,ElevenMPV,8243,09/12/2020, 21:08:19,447
ELEVENMPV,ElevenMPV,8243,09/12/2020, 22:08:39,447
ELEVENMPV,ElevenMPV,8243,09/12/2020, 23:08:10,447
ELEVENMPV,ElevenMPV,8245,09/13/2020, 00:25:21,447
ELEVENMPV,ElevenMPV,8245,09/13/2020, 01:14:44,447
ELEVENMPV,ElevenMPV,8245,09/13/2020, 02:09:35,447
ELEVENMPV,ElevenMPV,8245,09/13/2020, 03:09:02,447
ELEVENMPV,ElevenMPV,8245,09/13/2020, 04:09:00,447
ELEVENMPV,ElevenMPV,8245,09/13/2020, 05:08:19,447
ELEVENMPV,ElevenMPV,8245,09/13/2020, 06:09:46,447
ELEVENMPV,ElevenMPV,8245,09/13/2020, 07:08:44,447
ELEVENMPV,ElevenMPV,8245,09/13/2020, 08:09:13,447
ELEVENMPV,ElevenMPV,8245,09/13/2020, 09:08:44,447
ELEVENMPV,ElevenMPV,8245,09/13/2020, 10:08:52,447
ELEVENMPV,ElevenMPV,8245,09/13/2020, 11:08:22,447
ELEVENMPV,ElevenMPV,8245,09/13/2020, 12:11:35,447
ELEVENMPV,ElevenMPV,8245,09/13/2020, 13:08:10,447
ELEVENMPV,ElevenMPV,8247,09/13/2020, 14:09:13,447
ELEVENMPV,ElevenMPV,8247,09/13/2020, 15:08:42,447
ELEVENMPV,ElevenMPV,8247,09/13/2020, 16:09:20,447
ELEVENMPV,ElevenMPV,8248,09/13/2020, 17:08:18,447
ELEVENMPV,ElevenMPV,8248,09/13/2020, 18:09:22,447
ELEVENMPV,ElevenMPV,8248,09/13/2020, 19:08:23,447
ELEVENMPV,ElevenMPV,8248,09/13/2020, 20:09:30,447
ELEVENMPV,ElevenMPV,8249,09/13/2020, 21:08:32,447
ELEVENMPV,ElevenMPV,8249,09/13/2020, 22:08:33,447
ELEVENMPV,ElevenMPV,8249,09/13/2020, 23:08:03,447
ELEVENMPV,ElevenMPV,8250,09/14/2020, 00:24:38,447
ELEVENMPV,ElevenMPV,8250,09/14/2020, 01:14:20,447
ELEVENMPV,ElevenMPV,8250,09/14/2020, 02:09:51,447
ELEVENMPV,ElevenMPV,8250,09/14/2020, 03:08:55,447
ELEVENMPV,ElevenMPV,8252,09/14/2020, 04:09:29,447
ELEVENMPV,ElevenMPV,8253,09/14/2020, 05:08:33,447
ELEVENMPV,ElevenMPV,8254,09/14/2020, 06:09:51,447
ELEVENMPV,ElevenMPV,8254,09/14/2020, 07:08:53,447
ELEVENMPV,ElevenMPV,8254,09/14/2020, 08:09:48,447
ELEVENMPV,ElevenMPV,8255,09/14/2020, 09:08:44,447
ELEVENMPV,ElevenMPV,8255,09/14/2020, 10:09:01,447
ELEVENMPV,ElevenMPV,8255,09/14/2020, 11:08:06,447
ELEVENMPV,ElevenMPV,8256,09/14/2020, 12:11:30,447
ELEVENMPV,ElevenMPV,8256,09/14/2020, 13:08:53,447
ELEVENMPV,ElevenMPV,8257,09/14/2020, 14:09:21,447
ELEVENMPV,ElevenMPV,8257,09/14/2020, 15:08:55,447
ELEVENMPV,ElevenMPV,8258,09/14/2020, 16:09:17,447
ELEVENMPV,ElevenMPV,8258,09/14/2020, 17:08:31,447
ELEVENMPV,ElevenMPV,8259,09/14/2020, 18:09:32,447
ELEVENMPV,ElevenMPV,8260,09/14/2020, 19:08:13,447
ELEVENMPV,ElevenMPV,8261,09/14/2020, 20:09:45,447
ELEVENMPV,ElevenMPV,8261,09/14/2020, 21:08:52,447
ELEVENMPV,ElevenMPV,8261,09/14/2020, 22:08:21,447
ELEVENMPV,ElevenMPV,8262,09/14/2020, 23:08:13,447
ELEVENMPV,ElevenMPV,8262,09/15/2020, 00:24:28,447
ELEVENMPV,ElevenMPV,8264,09/15/2020, 01:14:10,447
ELEVENMPV,ElevenMPV,8265,09/15/2020, 02:10:06,447
ELEVENMPV,ElevenMPV,8265,09/15/2020, 03:08:59,447
ELEVENMPV,ElevenMPV,8265,09/15/2020, 04:09:32,447
ELEVENMPV,ElevenMPV,8267,09/15/2020, 05:08:26,447
ELEVENMPV,ElevenMPV,8267,09/15/2020, 06:09:41,447
ELEVENMPV,ElevenMPV,8267,09/15/2020, 07:08:48,447
ELEVENMPV,ElevenMPV,8271,09/15/2020, 08:09:57,447
ELEVENMPV,ElevenMPV,8271,09/15/2020, 09:08:56,447
ELEVENMPV,ElevenMPV,8271,09/15/2020, 10:08:55,447
ELEVENMPV,ElevenMPV,8272,09/15/2020, 11:08:25,447
ELEVENMPV,ElevenMPV,8272,09/15/2020, 12:11:27,447
ELEVENMPV,ElevenMPV,8273,09/15/2020, 13:08:40,447
ELEVENMPV,ElevenMPV,8273,09/15/2020, 14:09:40,447
ELEVENMPV,ElevenMPV,8273,09/15/2020, 15:08:55,447
ELEVENMPV,ElevenMPV,8274,09/15/2020, 16:09:25,447
ELEVENMPV,ElevenMPV,8275,09/15/2020, 17:08:30,447
ELEVENMPV,ElevenMPV,8275,09/15/2020, 18:09:20,447
ELEVENMPV,ElevenMPV,8275,09/15/2020, 19:08:06,447
ELEVENMPV,ElevenMPV,8275,09/15/2020, 20:09:22,447
ELEVENMPV,ElevenMPV,8277,09/15/2020, 21:08:09,447
ELEVENMPV,ElevenMPV,8278,09/15/2020, 22:08:42,447
ELEVENMPV,ElevenMPV,8278,09/15/2020, 23:08:26,447
ELEVENMPV,ElevenMPV,8278,09/16/2020, 00:24:19,447
ELEVENMPV,ElevenMPV,8278,09/16/2020, 01:14:05,447
ELEVENMPV,ElevenMPV,8278,09/16/2020, 02:09:34,447
ELEVENMPV,ElevenMPV,8278,09/16/2020, 03:08:47,447
ELEVENMPV,ElevenMPV,8280,09/16/2020, 04:09:25,447
ELEVENMPV,ElevenMPV,8280,09/16/2020, 05:08:58,447
ELEVENMPV,ElevenMPV,8280,09/16/2020, 06:09:45,447
ELEVENMPV,ElevenMPV,8280,09/16/2020, 07:08:59,447
ELEVENMPV,ElevenMPV,8280,09/16/2020, 08:09:40,447
ELEVENMPV,ElevenMPV,8280,09/16/2020, 09:08:51,447
ELEVENMPV,ElevenMPV,8280,09/16/2020, 10:08:44,447
ELEVENMPV,ElevenMPV,8280,09/16/2020, 11:08:24,447
ELEVENMPV,ElevenMPV,8280,09/16/2020, 12:11:34,447
ELEVENMPV,ElevenMPV,8280,09/16/2020, 13:08:35,447
ELEVENMPV,ElevenMPV,8281,09/16/2020, 14:09:30,447
ELEVENMPV,ElevenMPV,8281,09/16/2020, 15:08:48,447
ELEVENMPV,ElevenMPV,8281,09/16/2020, 16:09:32,447
ELEVENMPV,ElevenMPV,8281,09/16/2020, 17:08:42,447
ELEVENMPV,ElevenMPV,8281,09/16/2020, 18:09:32,447
ELEVENMPV,ElevenMPV,8281,09/16/2020, 19:08:05,447
ELEVENMPV,ElevenMPV,8281,09/16/2020, 20:09:40,447
ELEVENMPV,ElevenMPV,8281,09/16/2020, 21:08:49,447
ELEVENMPV,ElevenMPV,8281,09/16/2020, 22:08:35,447
ELEVENMPV,ElevenMPV,8281,09/16/2020, 23:08:13,447
ELEVENMPV,ElevenMPV,8281,09/17/2020, 00:24:53,447
ELEVENMPV,ElevenMPV,8281,09/17/2020, 01:14:36,447
ELEVENMPV,ElevenMPV,8283,09/17/2020, 02:09:49,447
ELEVENMPV,ElevenMPV,8283,09/17/2020, 03:08:45,447
ELEVENMPV,ElevenMPV,8284,09/17/2020, 04:09:23,447
ELEVENMPV,ElevenMPV,8285,09/17/2020, 05:08:53,447
ELEVENMPV,ElevenMPV,8285,09/17/2020, 06:09:50,447
ELEVENMPV,ElevenMPV,8285,09/17/2020, 07:08:54,447
ELEVENMPV,ElevenMPV,8285,09/17/2020, 08:09:45,447
ELEVENMPV,ElevenMPV,8285,09/17/2020, 09:08:54,447
ELEVENMPV,ElevenMPV,8285,09/17/2020, 10:08:56,447
ELEVENMPV,ElevenMPV,8285,09/17/2020, 11:08:12,447
ELEVENMPV,ElevenMPV,8285,09/17/2020, 12:12:05,447
ELEVENMPV,ElevenMPV,8285,09/17/2020, 13:08:40,447
ELEVENMPV,ElevenMPV,8285,09/17/2020, 14:09:46,447
ELEVENMPV,ElevenMPV,8285,09/17/2020, 15:08:59,447
ELEVENMPV,ElevenMPV,8285,09/17/2020, 16:09:04,447
ELEVENMPV,ElevenMPV,8285,09/17/2020, 17:08:46,447
ELEVENMPV,ElevenMPV,8286,09/17/2020, 18:09:39,447
ELEVENMPV,ElevenMPV,8286,09/17/2020, 19:08:16,447
ELEVENMPV,ElevenMPV,8286,09/17/2020, 20:09:36,447
ELEVENMPV,ElevenMPV,8286,09/17/2020, 21:08:58,447
ELEVENMPV,ElevenMPV,8286,09/17/2020, 22:08:40,447
ELEVENMPV,ElevenMPV,8287,09/17/2020, 23:08:19,447
ELEVENMPV,ElevenMPV,8288,09/18/2020, 00:25:06,447
ELEVENMPV,ElevenMPV,8288,09/18/2020, 01:14:52,447
ELEVENMPV,ElevenMPV,8289,09/18/2020, 02:09:57,447
ELEVENMPV,ElevenMPV,8290,09/18/2020, 03:08:37,447
ELEVENMPV,ElevenMPV,8290,09/18/2020, 04:09:40,447
ELEVENMPV,ElevenMPV,8290,09/18/2020, 05:08:50,447
ELEVENMPV,ElevenMPV,8290,09/18/2020, 06:09:57,447
ELEVENMPV,ElevenMPV,8290,09/18/2020, 07:08:40,447
ELEVENMPV,ElevenMPV,8290,09/18/2020, 08:10:01,447
ELEVENMPV,ElevenMPV,8290,09/18/2020, 09:08:57,447
ELEVENMPV,ElevenMPV,8291,09/18/2020, 10:09:13,447
ELEVENMPV,ElevenMPV,8291,09/18/2020, 11:08:28,447
ELEVENMPV,ElevenMPV,8291,09/18/2020, 12:17:35,447
ELEVENMPV,ElevenMPV,8291,09/18/2020, 13:08:20,447
ELEVENMPV,ElevenMPV,8292,09/18/2020, 14:09:28,447
ELEVENMPV,ElevenMPV,8293,09/18/2020, 15:09:07,447
ELEVENMPV,ElevenMPV,8293,09/18/2020, 16:09:35,447
ELEVENMPV,ElevenMPV,8294,09/18/2020, 17:08:32,447
ELEVENMPV,ElevenMPV,8294,09/18/2020, 18:09:25,447
ELEVENMPV,ElevenMPV,8295,09/18/2020, 19:08:05,447
ELEVENMPV,ElevenMPV,8295,09/18/2020, 20:09:37,447
ELEVENMPV,ElevenMPV,8295,09/18/2020, 21:08:49,447
ELEVENMPV,ElevenMPV,8298,09/18/2020, 22:08:48,447
ELEVENMPV,ElevenMPV,8299,09/18/2020, 23:08:20,447
ELEVENMPV,ElevenMPV,8299,09/19/2020, 00:25:04,447
ELEVENMPV,ElevenMPV,8299,09/19/2020, 01:14:38,447
ELEVENMPV,ElevenMPV,8300,09/19/2020, 02:09:43,447
ELEVENMPV,ElevenMPV,8300,09/19/2020, 03:09:09,447
ELEVENMPV,ElevenMPV,8301,09/19/2020, 04:09:13,447
ELEVENMPV,ElevenMPV,8301,09/19/2020, 05:08:51,447
ELEVENMPV,ElevenMPV,8301,09/19/2020, 06:09:57,447
ELEVENMPV,ElevenMPV,8301,09/19/2020, 07:08:50,447
ELEVENMPV,ElevenMPV,8301,09/19/2020, 08:09:23,447
ELEVENMPV,ElevenMPV,8302,09/19/2020, 09:08:26,447
ELEVENMPV,ElevenMPV,8302,09/19/2020, 10:08:31,447
ELEVENMPV,ElevenMPV,8302,09/19/2020, 11:08:04,447
ELEVENMPV,ElevenMPV,8303,09/19/2020, 12:11:45,447
ELEVENMPV,ElevenMPV,8303,09/19/2020, 13:08:40,447
ELEVENMPV,ElevenMPV,8303,09/19/2020, 14:09:26,447
ELEVENMPV,ElevenMPV,8303,09/19/2020, 15:08:54,447
ELEVENMPV,ElevenMPV,8303,09/19/2020, 16:09:33,447
ELEVENMPV,ElevenMPV,8304,09/19/2020, 17:08:28,447
ELEVENMPV,ElevenMPV,8304,09/19/2020, 18:09:22,447
ELEVENMPV,ElevenMPV,8304,09/19/2020, 19:08:04,447
ELEVENMPV,ElevenMPV,8304,09/19/2020, 20:09:30,447
ELEVENMPV,ElevenMPV,8304,09/19/2020, 21:08:33,447
ELEVENMPV,ElevenMPV,8304,09/19/2020, 22:08:34,447
ELEVENMPV,ElevenMPV,8304,09/19/2020, 23:08:05,447
ELEVENMPV,ElevenMPV,8305,09/20/2020, 00:26:00,447
ELEVENMPV,ElevenMPV,8306,09/20/2020, 01:16:52,447
ELEVENMPV,ElevenMPV,8306,09/20/2020, 02:09:46,447
ELEVENMPV,ElevenMPV,8306,09/20/2020, 03:08:49,447
ELEVENMPV,ElevenMPV,8308,09/20/2020, 04:09:49,447
ELEVENMPV,ElevenMPV,8313,09/20/2020, 05:08:33,447
ELEVENMPV,ElevenMPV,8317,09/20/2020, 06:09:56,447
ELEVENMPV,ElevenMPV,8317,09/20/2020, 07:09:07,447
ELEVENMPV,ElevenMPV,8317,09/20/2020, 08:09:24,447
ELEVENMPV,ElevenMPV,8317,09/20/2020, 09:08:45,447
ELEVENMPV,ElevenMPV,8317,09/20/2020, 10:08:49,447
ELEVENMPV,ElevenMPV,8318,09/20/2020, 11:08:13,447
ELEVENMPV,ElevenMPV,8320,09/20/2020, 12:11:34,447
ELEVENMPV,ElevenMPV,8320,09/20/2020, 13:08:35,447
ELEVENMPV,ElevenMPV,8320,09/20/2020, 14:09:24,447
ELEVENMPV,ElevenMPV,8320,09/20/2020, 15:09:06,447
ELEVENMPV,ElevenMPV,8321,09/20/2020, 16:09:02,447
ELEVENMPV,ElevenMPV,8321,09/20/2020, 17:08:49,447
ELEVENMPV,ElevenMPV,8322,09/20/2020, 18:09:38,447
ELEVENMPV,ElevenMPV,8322,09/20/2020, 19:08:19,447
ELEVENMPV,ElevenMPV,8322,09/20/2020, 20:09:51,447
ELEVENMPV,ElevenMPV,8324,09/20/2020, 21:09:03,447
ELEVENMPV,ElevenMPV,8324,09/20/2020, 22:08:50,447
ELEVENMPV,ElevenMPV,8324,09/20/2020, 23:08:32,447
ELEVENMPV,ElevenMPV,8325,09/21/2020, 00:25:58,447
ELEVENMPV,ElevenMPV,8325,09/21/2020, 01:16:44,447
ELEVENMPV,ElevenMPV,8326,09/21/2020, 02:10:14,447
ELEVENMPV,ElevenMPV,8326,09/21/2020, 03:08:53,447
ELEVENMPV,ElevenMPV,8326,09/21/2020, 04:09:51,447
ELEVENMPV,ElevenMPV,8330,09/21/2020, 05:08:37,447
ELEVENMPV,ElevenMPV,8330,09/21/2020, 06:10:12,447
ELEVENMPV,ElevenMPV,8330,09/21/2020, 07:09:05,447
ELEVENMPV,ElevenMPV,8330,09/21/2020, 08:09:42,447
ELEVENMPV,ElevenMPV,8330,09/21/2020, 09:09:30,447
ELEVENMPV,ElevenMPV,8330,09/21/2020, 10:09:18,447
ELEVENMPV,ElevenMPV,8332,09/21/2020, 11:08:04,447
ELEVENMPV,ElevenMPV,8332,09/21/2020, 12:11:57,447
ELEVENMPV,ElevenMPV,8332,09/21/2020, 13:08:43,447
ELEVENMPV,ElevenMPV,8333,09/21/2020, 14:09:39,447
ELEVENMPV,ElevenMPV,8333,09/21/2020, 15:09:19,447
ELEVENMPV,ElevenMPV,8334,09/21/2020, 16:09:40,447
ELEVENMPV,ElevenMPV,8334,09/21/2020, 17:08:26,447
ELEVENMPV,ElevenMPV,8334,09/21/2020, 18:09:41,447
ELEVENMPV,ElevenMPV,8334,09/21/2020, 19:08:23,447
ELEVENMPV,ElevenMPV,8334,09/21/2020, 20:09:36,447
ELEVENMPV,ElevenMPV,8334,09/21/2020, 21:09:01,447
ELEVENMPV,ElevenMPV,8334,09/21/2020, 22:08:38,447
ELEVENMPV,ElevenMPV,8334,09/21/2020, 23:08:39,447
ELEVENMPV,ElevenMPV,8334,09/22/2020, 00:25:08,447
ELEVENMPV,ElevenMPV,8334,09/22/2020, 01:16:17,447
ELEVENMPV,ElevenMPV,8334,09/22/2020, 02:09:52,447
ELEVENMPV,ElevenMPV,8334,09/22/2020, 03:08:46,447
ELEVENMPV,ElevenMPV,8334,09/22/2020, 04:09:46,447
ELEVENMPV,ElevenMPV,8335,09/22/2020, 05:08:44,447
ELEVENMPV,ElevenMPV,8335,09/22/2020, 06:10:28,447
ELEVENMPV,ElevenMPV,8336,09/22/2020, 07:09:21,447
ELEVENMPV,ElevenMPV,8338,09/22/2020, 08:09:52,447
ELEVENMPV,ElevenMPV,8339,09/22/2020, 09:09:00,447
ELEVENMPV,ElevenMPV,8339,09/22/2020, 10:09:23,447
ELEVENMPV,ElevenMPV,8339,09/22/2020, 11:08:30,447
ELEVENMPV,ElevenMPV,8340,09/22/2020, 12:11:52,447
ELEVENMPV,ElevenMPV,8342,09/22/2020, 13:09:09,447
ELEVENMPV,ElevenMPV,8343,09/22/2020, 14:10:17,447
ELEVENMPV,ElevenMPV,8345,09/22/2020, 15:10:08,447
ELEVENMPV,ElevenMPV,8345,09/22/2020, 16:09:53,447
ELEVENMPV,ElevenMPV,8345,09/22/2020, 17:08:31,447
ELEVENMPV,ElevenMPV,8346,09/22/2020, 18:09:35,447
ELEVENMPV,ElevenMPV,8346,09/22/2020, 19:08:27,447
ELEVENMPV,ElevenMPV,8346,09/22/2020, 20:09:35,447
ELEVENMPV,ElevenMPV,8346,09/22/2020, 21:08:58,447
ELEVENMPV,ElevenMPV,8346,09/22/2020, 22:08:42,447
ELEVENMPV,ElevenMPV,8346,09/22/2020, 23:08:33,447
ELEVENMPV,ElevenMPV,8346,09/23/2020, 00:25:12,447
ELEVENMPV,ElevenMPV,8346,09/23/2020, 01:16:04,447
ELEVENMPV,ElevenMPV,8346,09/23/2020, 02:09:38,447
ELEVENMPV,ElevenMPV,8346,09/23/2020, 03:09:17,447
ELEVENMPV,ElevenMPV,8346,09/23/2020, 04:09:48,447
ELEVENMPV,ElevenMPV,8346,09/23/2020, 05:08:34,447
ELEVENMPV,ElevenMPV,8346,09/23/2020, 06:10:08,447
ELEVENMPV,ElevenMPV,8347,09/23/2020, 07:09:20,447
ELEVENMPV,ElevenMPV,8347,09/23/2020, 08:09:38,447
ELEVENMPV,ElevenMPV,8348,09/23/2020, 09:09:01,447
ELEVENMPV,ElevenMPV,8348,09/23/2020, 10:09:18,447
ELEVENMPV,ElevenMPV,8348,09/23/2020, 11:08:39,447
ELEVENMPV,ElevenMPV,8348,09/23/2020, 12:12:00,447
ELEVENMPV,ElevenMPV,8348,09/23/2020, 13:08:49,447
ELEVENMPV,ElevenMPV,8349,09/23/2020, 14:09:52,447
ELEVENMPV,ElevenMPV,8349,09/23/2020, 15:09:22,447
ELEVENMPV,ElevenMPV,8350,09/23/2020, 16:09:50,447
ELEVENMPV,ElevenMPV,8351,09/23/2020, 17:08:35,447
ELEVENMPV,ElevenMPV,8351,09/23/2020, 18:09:35,447
ELEVENMPV,ElevenMPV,8352,09/23/2020, 19:08:31,447
ELEVENMPV,ElevenMPV,8352,09/23/2020, 20:10:13,447
ELEVENMPV,ElevenMPV,8353,09/23/2020, 21:09:03,447
ELEVENMPV,ElevenMPV,8353,09/23/2020, 22:09:40,447
ELEVENMPV,ElevenMPV,8353,09/23/2020, 23:08:28,447
ELEVENMPV,ElevenMPV,8354,09/24/2020, 00:25:53,447
ELEVENMPV,ElevenMPV,8355,09/24/2020, 01:18:14,447
ELEVENMPV,ElevenMPV,8355,09/24/2020, 02:10:15,447
ELEVENMPV,ElevenMPV,8355,09/24/2020, 03:08:50,447
ELEVENMPV,ElevenMPV,8357,09/24/2020, 04:09:37,447
ELEVENMPV,ElevenMPV,8357,09/24/2020, 05:08:42,447
ELEVENMPV,ElevenMPV,8358,09/24/2020, 06:10:10,447
ELEVENMPV,ElevenMPV,8358,09/24/2020, 07:09:25,447
ELEVENMPV,ElevenMPV,8358,09/24/2020, 08:09:52,447
ELEVENMPV,ElevenMPV,8358,09/24/2020, 09:09:35,447
ELEVENMPV,ElevenMPV,8358,09/24/2020, 10:09:24,447
ELEVENMPV,ElevenMPV,8358,09/24/2020, 11:08:42,447
ELEVENMPV,ElevenMPV,8358,09/24/2020, 12:11:56,447
ELEVENMPV,ElevenMPV,8358,09/24/2020, 13:08:53,447
ELEVENMPV,ElevenMPV,8358,09/24/2020, 14:09:53,447
ELEVENMPV,ElevenMPV,8358,09/24/2020, 15:09:10,447
ELEVENMPV,ElevenMPV,8358,09/24/2020, 16:10:01,447
ELEVENMPV,ElevenMPV,8359,09/24/2020, 17:08:51,447
ELEVENMPV,ElevenMPV,8360,09/24/2020, 18:09:44,447
ELEVENMPV,ElevenMPV,8360,09/24/2020, 19:08:17,447
ELEVENMPV,ElevenMPV,8360,09/24/2020, 20:09:49,447
ELEVENMPV,ElevenMPV,8360,09/24/2020, 21:08:57,447
ELEVENMPV,ElevenMPV,8360,09/24/2020, 22:09:00,447
ELEVENMPV,ElevenMPV,8360,09/24/2020, 23:08:32,447
ELEVENMPV,ElevenMPV,8361,09/25/2020, 00:25:47,447
ELEVENMPV,ElevenMPV,8362,09/25/2020, 01:17:41,447
ELEVENMPV,ElevenMPV,8362,09/25/2020, 02:10:05,447
ELEVENMPV,ElevenMPV,8364,09/25/2020, 03:08:59,447
ELEVENMPV,ElevenMPV,8364,09/25/2020, 04:09:44,447
ELEVENMPV,ElevenMPV,8364,09/25/2020, 05:08:55,447
ELEVENMPV,ElevenMPV,8364,09/25/2020, 06:10:24,447
ELEVENMPV,ElevenMPV,8365,09/25/2020, 07:09:09,447
ELEVENMPV,ElevenMPV,8365,09/25/2020, 08:10:15,447
ELEVENMPV,ElevenMPV,8365,09/25/2020, 09:09:09,447
ELEVENMPV,ElevenMPV,8365,09/25/2020, 10:09:01,447
ELEVENMPV,ElevenMPV,8365,09/25/2020, 11:08:28,447
ELEVENMPV,ElevenMPV,8365,09/25/2020, 12:17:42,447
ELEVENMPV,ElevenMPV,8365,09/25/2020, 13:08:45,447
ELEVENMPV,ElevenMPV,8365,09/25/2020, 14:09:44,447
ELEVENMPV,ElevenMPV,8366,09/25/2020, 15:09:02,447
ELEVENMPV,ElevenMPV,8366,09/25/2020, 16:09:56,447
ELEVENMPV,ElevenMPV,8367,09/25/2020, 17:08:41,447
ELEVENMPV,ElevenMPV,8368,09/25/2020, 18:09:55,447
ELEVENMPV,ElevenMPV,8369,09/25/2020, 19:08:36,447
ELEVENMPV,ElevenMPV,8369,09/25/2020, 20:09:41,447
ELEVENMPV,ElevenMPV,8369,09/25/2020, 21:09:19,447
ELEVENMPV,ElevenMPV,8369,09/25/2020, 22:09:13,447
ELEVENMPV,ElevenMPV,8369,09/25/2020, 23:09:02,447
ELEVENMPV,ElevenMPV,8369,09/26/2020, 00:25:58,447
ELEVENMPV,ElevenMPV,8369,09/26/2020, 01:16:41,447
ELEVENMPV,ElevenMPV,8369,09/26/2020, 02:10:08,447
ELEVENMPV,ElevenMPV,8370,09/26/2020, 03:09:16,447
ELEVENMPV,ElevenMPV,8370,09/26/2020, 04:09:49,447
ELEVENMPV,ElevenMPV,8370,09/26/2020, 05:08:46,447
ELEVENMPV,ElevenMPV,8370,09/26/2020, 06:11:23,447
ELEVENMPV,ElevenMPV,8370,09/26/2020, 07:09:04,447
ELEVENMPV,ElevenMPV,8370,09/26/2020, 08:09:32,447
ELEVENMPV,ElevenMPV,8371,09/26/2020, 09:09:06,447
ELEVENMPV,ElevenMPV,8371,09/26/2020, 10:09:05,447
ELEVENMPV,ElevenMPV,8371,09/26/2020, 11:08:34,447
ELEVENMPV,ElevenMPV,8371,09/26/2020, 12:11:53,447
ELEVENMPV,ElevenMPV,8371,09/26/2020, 13:08:35,447
ELEVENMPV,ElevenMPV,8372,09/26/2020, 14:09:42,447
ELEVENMPV,ElevenMPV,8372,09/26/2020, 15:08:44,447
ELEVENMPV,ElevenMPV,8373,09/26/2020, 16:09:47,447
ELEVENMPV,ElevenMPV,8374,09/26/2020, 17:08:35,447
ELEVENMPV,ElevenMPV,8374,09/26/2020, 18:09:47,447
ELEVENMPV,ElevenMPV,8374,09/26/2020, 19:08:22,447
ELEVENMPV,ElevenMPV,8374,09/26/2020, 20:09:50,447
ELEVENMPV,ElevenMPV,8375,09/26/2020, 21:08:54,447
ELEVENMPV,ElevenMPV,8375,09/26/2020, 22:08:53,447
ELEVENMPV,ElevenMPV,8376,09/26/2020, 23:08:20,447
ELEVENMPV,ElevenMPV,8377,09/27/2020, 00:26:58,447
ELEVENMPV,ElevenMPV,8377,09/27/2020, 01:19:51,447
ELEVENMPV,ElevenMPV,8377,09/27/2020, 02:10:08,447
ELEVENMPV,ElevenMPV,8377,09/27/2020, 03:09:09,447
ELEVENMPV,ElevenMPV,8377,09/27/2020, 04:09:49,447
ELEVENMPV,ElevenMPV,8377,09/27/2020, 05:09:02,447
ELEVENMPV,ElevenMPV,8377,09/27/2020, 06:10:22,447
ELEVENMPV,ElevenMPV,8377,09/27/2020, 07:09:02,447
ELEVENMPV,ElevenMPV,8377,09/27/2020, 08:09:38,447
ELEVENMPV,ElevenMPV,8377,09/27/2020, 09:09:17,447
ELEVENMPV,ElevenMPV,8378,09/27/2020, 10:09:10,447
ELEVENMPV,ElevenMPV,8379,09/27/2020, 11:08:45,447
ELEVENMPV,ElevenMPV,8379,09/27/2020, 12:11:52,447
ELEVENMPV,ElevenMPV,8379,09/27/2020, 13:08:28,447
ELEVENMPV,ElevenMPV,8379,09/27/2020, 14:09:32,447
ELEVENMPV,ElevenMPV,8379,09/27/2020, 15:08:37,447
ELEVENMPV,ElevenMPV,8379,09/27/2020, 16:09:49,447
ELEVENMPV,ElevenMPV,8379,09/27/2020, 17:08:45,447
ELEVENMPV,ElevenMPV,8379,09/27/2020, 18:09:46,447
ELEVENMPV,ElevenMPV,8380,09/27/2020, 19:08:39,447
ELEVENMPV,ElevenMPV,8381,09/27/2020, 20:09:32,447
ELEVENMPV,ElevenMPV,8381,09/27/2020, 21:09:09,447
ELEVENMPV,ElevenMPV,8382,09/27/2020, 22:09:08,447
ELEVENMPV,ElevenMPV,8382,09/27/2020, 23:08:37,447
ELEVENMPV,ElevenMPV,8382,09/28/2020, 00:26:20,447
ELEVENMPV,ElevenMPV,8382,09/28/2020, 01:19:05,447
ELEVENMPV,ElevenMPV,8382,09/28/2020, 02:10:16,447
ELEVENMPV,ElevenMPV,8382,09/28/2020, 03:09:09,447
ELEVENMPV,ElevenMPV,8383,09/28/2020, 04:09:53,447
ELEVENMPV,ElevenMPV,8383,09/28/2020, 05:09:06,447
ELEVENMPV,ElevenMPV,8384,09/28/2020, 06:10:14,447
ELEVENMPV,ElevenMPV,8384,09/28/2020, 07:09:29,447
ELEVENMPV,ElevenMPV,8384,09/28/2020, 08:10:15,447
ELEVENMPV,ElevenMPV,8385,09/28/2020, 09:09:11,447
ELEVENMPV,ElevenMPV,8386,09/28/2020, 10:09:32,447
ELEVENMPV,ElevenMPV,8386,09/28/2020, 11:08:34,447
ELEVENMPV,ElevenMPV,8387,09/28/2020, 12:11:49,447
ELEVENMPV,ElevenMPV,8387,09/28/2020, 13:09:09,447
ELEVENMPV,ElevenMPV,8387,09/28/2020, 14:09:41,447
ELEVENMPV,ElevenMPV,8387,09/28/2020, 15:09:38,447
ELEVENMPV,ElevenMPV,8387,09/28/2020, 16:10:20,447
ELEVENMPV,ElevenMPV,8388,09/28/2020, 17:08:39,447
ELEVENMPV,ElevenMPV,8388,09/28/2020, 18:09:06,447
ELEVENMPV,ElevenMPV,8388,09/28/2020, 19:08:45,447
ELEVENMPV,ElevenMPV,8388,09/28/2020, 20:09:48,447
ELEVENMPV,ElevenMPV,8389,09/28/2020, 21:09:12,447
ELEVENMPV,ElevenMPV,8389,09/28/2020, 23:10:19,447
ELEVENMPV,ElevenMPV,8389,09/29/2020, 00:26:16,447
ELEVENMPV,ElevenMPV,8389,09/29/2020, 01:18:51,447
ELEVENMPV,ElevenMPV,8389,09/29/2020, 02:10:24,447
ELEVENMPV,ElevenMPV,8389,09/29/2020, 03:09:05,447
ELEVENMPV,ElevenMPV,8389,09/29/2020, 04:09:57,447
ELEVENMPV,ElevenMPV,8390,09/29/2020, 05:08:48,447
ELEVENMPV,ElevenMPV,8390,09/29/2020, 06:10:33,447
ELEVENMPV,ElevenMPV,8390,09/29/2020, 07:09:21,447
ELEVENMPV,ElevenMPV,8390,09/29/2020, 08:10:19,447
ELEVENMPV,ElevenMPV,8390,09/29/2020, 09:09:37,447
ELEVENMPV,ElevenMPV,8390,09/29/2020, 10:09:48,447
ELEVENMPV,ElevenMPV,8390,09/29/2020, 11:08:36,447
ELEVENMPV,ElevenMPV,8390,09/29/2020, 12:12:13,447
ELEVENMPV,ElevenMPV,8391,09/29/2020, 13:09:10,447
ELEVENMPV,ElevenMPV,8392,09/29/2020, 14:12:19,447
ELEVENMPV,ElevenMPV,8393,09/29/2020, 15:09:24,447
ELEVENMPV,ElevenMPV,8393,09/29/2020, 16:10:37,447
ELEVENMPV,ElevenMPV,8394,09/29/2020, 17:08:52,447
ELEVENMPV,ElevenMPV,8394,09/29/2020, 18:09:47,447
ELEVENMPV,ElevenMPV,8394,09/29/2020, 19:08:32,447
ELEVENMPV,ElevenMPV,8394,09/29/2020, 20:10:01,447
ELEVENMPV,ElevenMPV,8395,09/29/2020, 21:09:21,447
ELEVENMPV,ElevenMPV,8395,09/29/2020, 22:09:19,447
ELEVENMPV,ElevenMPV,8396,09/29/2020, 23:08:38,447
ELEVENMPV,ElevenMPV,8397,09/30/2020, 00:26:15,447
ELEVENMPV,ElevenMPV,8398,09/30/2020, 01:18:49,447
ELEVENMPV,ElevenMPV,8398,09/30/2020, 02:10:20,447
ELEVENMPV,ElevenMPV,8398,09/30/2020, 03:09:26,447
ELEVENMPV,ElevenMPV,8399,09/30/2020, 04:10:22,447
ELEVENMPV,ElevenMPV,8399,09/30/2020, 05:08:54,447
ELEVENMPV,ElevenMPV,8399,09/30/2020, 06:11:24,447
ELEVENMPV,ElevenMPV,8399,09/30/2020, 07:10:03,447
ELEVENMPV,ElevenMPV,8399,09/30/2020, 08:10:17,447
ELEVENMPV,ElevenMPV,8399,09/30/2020, 09:09:44,447
ELEVENMPV,ElevenMPV,8399,09/30/2020, 10:09:41,447
ELEVENMPV,ElevenMPV,8400,09/30/2020, 11:08:59,447
ELEVENMPV,ElevenMPV,8400,09/30/2020, 12:12:19,447
ELEVENMPV,ElevenMPV,8400,09/30/2020, 13:09:13,447
ELEVENMPV,ElevenMPV,8400,09/30/2020, 14:10:06,447
ELEVENMPV,ElevenMPV,8401,09/30/2020, 15:09:37,447
ELEVENMPV,ElevenMPV,8401,09/30/2020, 16:10:39,447
ELEVENMPV,ElevenMPV,8402,09/30/2020, 17:09:07,447
ELEVENMPV,ElevenMPV,8402,09/30/2020, 18:09:58,447
ELEVENMPV,ElevenMPV,8403,09/30/2020, 19:08:43,447
ELEVENMPV,ElevenMPV,8403,09/30/2020, 20:10:06,447
ELEVENMPV,ElevenMPV,8403,09/30/2020, 21:09:22,447
ELEVENMPV,ElevenMPV,8404,09/30/2020, 22:09:19,447
ELEVENMPV,ElevenMPV,8404,09/30/2020, 23:08:41,447
ELEVENMPV,ElevenMPV,8404,10/01/2020, 00:27:05,447
ELEVENMPV,ElevenMPV,8404,10/01/2020, 01:21:43,447
ELEVENMPV,ElevenMPV,8404,10/01/2020, 02:10:30,447
ELEVENMPV,ElevenMPV,8404,10/01/2020, 03:09:38,447
ELEVENMPV,ElevenMPV,8404,10/01/2020, 04:10:28,447
ELEVENMPV,ElevenMPV,8404,10/01/2020, 05:09:24,447
ELEVENMPV,ElevenMPV,8406,10/01/2020, 06:10:32,447
ELEVENMPV,ElevenMPV,8407,10/01/2020, 07:09:51,447
ELEVENMPV,ElevenMPV,8407,10/01/2020, 08:10:28,447
ELEVENMPV,ElevenMPV,8407,10/01/2020, 09:09:36,447
ELEVENMPV,ElevenMPV,8407,10/01/2020, 10:09:41,447
ELEVENMPV,ElevenMPV,8408,10/01/2020, 11:08:51,447
ELEVENMPV,ElevenMPV,8408,10/01/2020, 12:12:20,447
ELEVENMPV,ElevenMPV,8408,10/01/2020, 13:09:23,447
ELEVENMPV,ElevenMPV,8408,10/01/2020, 14:10:28,447
ELEVENMPV,ElevenMPV,8409,10/01/2020, 15:09:30,447
ELEVENMPV,ElevenMPV,8410,10/01/2020, 16:10:36,447
ELEVENMPV,ElevenMPV,8410,10/01/2020, 17:09:23,447
ELEVENMPV,ElevenMPV,8410,10/01/2020, 18:10:14,447
ELEVENMPV,ElevenMPV,8410,10/01/2020, 19:08:41,447
ELEVENMPV,ElevenMPV,8410,10/01/2020, 20:10:08,447
ELEVENMPV,ElevenMPV,8411,10/01/2020, 21:09:05,447
ELEVENMPV,ElevenMPV,8411,10/01/2020, 22:09:35,447
ELEVENMPV,ElevenMPV,8411,10/01/2020, 23:08:46,447
ELEVENMPV,ElevenMPV,8411,10/02/2020, 00:25:36,447
ELEVENMPV,ElevenMPV,8411,10/02/2020, 01:19:57,447
ELEVENMPV,ElevenMPV,8411,10/02/2020, 02:10:34,447
ELEVENMPV,ElevenMPV,8411,10/02/2020, 03:09:40,447
ELEVENMPV,ElevenMPV,8412,10/02/2020, 04:10:51,447
ELEVENMPV,ElevenMPV,8412,10/02/2020, 05:09:09,447
ELEVENMPV,ElevenMPV,8412,10/02/2020, 06:11:32,447
ELEVENMPV,ElevenMPV,8412,10/02/2020, 07:09:58,447
ELEVENMPV,ElevenMPV,8412,10/02/2020, 08:11:02,447
ELEVENMPV,ElevenMPV,8412,10/02/2020, 09:09:43,447
ELEVENMPV,ElevenMPV,8412,10/02/2020, 10:09:58,447
ELEVENMPV,ElevenMPV,8412,10/02/2020, 11:08:44,447
ELEVENMPV,ElevenMPV,8412,10/02/2020, 12:17:37,447
ELEVENMPV,ElevenMPV,8412,10/02/2020, 13:09:14,447
ELEVENMPV,ElevenMPV,8412,10/02/2020, 14:10:02,447
ELEVENMPV,ElevenMPV,8412,10/02/2020, 15:09:20,447
ELEVENMPV,ElevenMPV,8412,10/02/2020, 16:10:47,447
ELEVENMPV,ElevenMPV,8412,10/02/2020, 17:09:18,447
ELEVENMPV,ElevenMPV,8412,10/02/2020, 18:10:25,447
ELEVENMPV,ElevenMPV,8413,10/02/2020, 19:09:00,447
ELEVENMPV,ElevenMPV,8413,10/02/2020, 20:10:09,447
ELEVENMPV,ElevenMPV,8413,10/02/2020, 21:09:23,447
ELEVENMPV,ElevenMPV,8413,10/02/2020, 22:09:48,447
ELEVENMPV,ElevenMPV,8413,10/02/2020, 23:09:01,447
ELEVENMPV,ElevenMPV,8413,10/03/2020, 00:26:44,447
ELEVENMPV,ElevenMPV,8413,10/03/2020, 01:20:32,447
ELEVENMPV,ElevenMPV,8413,10/03/2020, 02:10:35,447
ELEVENMPV,ElevenMPV,8413,10/03/2020, 03:09:32,447
ELEVENMPV,ElevenMPV,8414,10/03/2020, 04:10:38,447
ELEVENMPV,ElevenMPV,8414,10/03/2020, 05:09:15,447
ELEVENMPV,ElevenMPV,8414,10/03/2020, 06:10:28,447
ELEVENMPV,ElevenMPV,8414,10/03/2020, 07:09:29,447
ELEVENMPV,ElevenMPV,8414,10/03/2020, 08:10:06,447
ELEVENMPV,ElevenMPV,8414,10/03/2020, 09:09:19,447
ELEVENMPV,ElevenMPV,8414,10/03/2020, 10:09:52,447
ELEVENMPV,ElevenMPV,8415,10/03/2020, 11:08:33,447
ELEVENMPV,ElevenMPV,8415,10/03/2020, 12:12:02,447
ELEVENMPV,ElevenMPV,8417,10/03/2020, 13:08:42,447
ELEVENMPV,ElevenMPV,8417,10/03/2020, 14:10:05,447
ELEVENMPV,ElevenMPV,8417,10/03/2020, 15:09:02,447
ELEVENMPV,ElevenMPV,8420,10/03/2020, 16:10:36,447
ELEVENMPV,ElevenMPV,8420,10/03/2020, 17:08:52,447
ELEVENMPV,ElevenMPV,8421,10/03/2020, 18:10:12,447
ELEVENMPV,ElevenMPV,8421,10/03/2020, 19:08:50,447
ELEVENMPV,ElevenMPV,8421,10/03/2020, 20:10:17,447
ELEVENMPV,ElevenMPV,8422,10/03/2020, 21:09:20,447
ELEVENMPV,ElevenMPV,8422,10/03/2020, 22:09:29,447
ELEVENMPV,ElevenMPV,8422,10/03/2020, 23:09:03,447
ELEVENMPV,ElevenMPV,8423,10/04/2020, 00:27:45,447
ELEVENMPV,ElevenMPV,8424,10/04/2020, 01:23:35,447
ELEVENMPV,ElevenMPV,8424,10/04/2020, 02:10:49,447
ELEVENMPV,ElevenMPV,8425,10/04/2020, 03:09:45,447
ELEVENMPV,ElevenMPV,8425,10/04/2020, 04:10:31,447
ELEVENMPV,ElevenMPV,8425,10/04/2020, 05:09:00,447
ELEVENMPV,ElevenMPV,8425,10/04/2020, 06:10:33,447
ELEVENMPV,ElevenMPV,8425,10/04/2020, 07:09:57,447
ELEVENMPV,ElevenMPV,8425,10/04/2020, 08:10:28,447
ELEVENMPV,ElevenMPV,8426,10/04/2020, 09:09:41,447
ELEVENMPV,ElevenMPV,8426,10/04/2020, 10:10:00,447
ELEVENMPV,ElevenMPV,8426,10/04/2020, 11:08:47,447
ELEVENMPV,ElevenMPV,8426,10/04/2020, 12:12:21,447
ELEVENMPV,ElevenMPV,8426,10/04/2020, 13:08:59,447
ELEVENMPV,ElevenMPV,8426,10/04/2020, 14:10:05,447
ELEVENMPV,ElevenMPV,8426,10/04/2020, 15:09:11,447
ELEVENMPV,ElevenMPV,8426,10/04/2020, 16:10:59,447
ELEVENMPV,ElevenMPV,8426,10/04/2020, 17:09:00,447
ELEVENMPV,ElevenMPV,8426,10/04/2020, 18:10:05,447
ELEVENMPV,ElevenMPV,8427,10/04/2020, 19:09:09,447
ELEVENMPV,ElevenMPV,8427,10/04/2020, 20:10:18,447
ELEVENMPV,ElevenMPV,8427,10/04/2020, 21:09:23,447
ELEVENMPV,ElevenMPV,8427,10/04/2020, 22:09:36,447
ELEVENMPV,ElevenMPV,8427,10/04/2020, 23:09:05,447
ELEVENMPV,ElevenMPV,8428,10/05/2020, 00:27:22,447
ELEVENMPV,ElevenMPV,8428,10/05/2020, 01:23:17,447
ELEVENMPV,ElevenMPV,8429,10/05/2020, 02:10:43,447
ELEVENMPV,ElevenMPV,8430,10/05/2020, 03:09:41,447
ELEVENMPV,ElevenMPV,8430,10/05/2020, 04:10:55,447
ELEVENMPV,ElevenMPV,8430,10/05/2020, 05:09:10,447
ELEVENMPV,ElevenMPV,8430,10/05/2020, 06:11:02,447
ELEVENMPV,ElevenMPV,8431,10/05/2020, 07:09:48,447
ELEVENMPV,ElevenMPV,8431,10/05/2020, 08:10:44,447
ELEVENMPV,ElevenMPV,8432,10/05/2020, 09:09:43,447
ELEVENMPV,ElevenMPV,8432,10/05/2020, 10:10:14,447
ELEVENMPV,ElevenMPV,8432,10/05/2020, 11:09:07,447
ELEVENMPV,ElevenMPV,8433,10/05/2020, 12:12:57,447
ELEVENMPV,ElevenMPV,8435,10/05/2020, 13:09:36,447
ELEVENMPV,ElevenMPV,8435,10/05/2020, 14:10:42,447
ELEVENMPV,ElevenMPV,8435,10/05/2020, 15:09:45,447
ELEVENMPV,ElevenMPV,8435,10/05/2020, 16:11:25,447
ELEVENMPV,ElevenMPV,8435,10/05/2020, 17:09:20,447
ELEVENMPV,ElevenMPV,8435,10/05/2020, 18:10:34,447
ELEVENMPV,ElevenMPV,8435,10/05/2020, 19:09:04,447
ELEVENMPV,ElevenMPV,8435,10/05/2020, 20:10:19,447
ELEVENMPV,ElevenMPV,8435,10/05/2020, 21:09:20,447
ELEVENMPV,ElevenMPV,8435,10/05/2020, 22:09:49,447
ELEVENMPV,ElevenMPV,8435,10/05/2020, 23:08:59,447
ELEVENMPV,ElevenMPV,8435,10/06/2020, 00:27:15,447
ELEVENMPV,ElevenMPV,8435,10/06/2020, 01:22:43,447
ELEVENMPV,ElevenMPV,8435,10/06/2020, 02:10:56,447
ELEVENMPV,ElevenMPV,8435,10/06/2020, 03:09:50,447
ELEVENMPV,ElevenMPV,8435,10/06/2020, 04:10:58,447
ELEVENMPV,ElevenMPV,8436,10/06/2020, 05:09:40,447
ELEVENMPV,ElevenMPV,8436,10/06/2020, 06:11:02,447
ELEVENMPV,ElevenMPV,8436,10/06/2020, 07:09:50,447
ELEVENMPV,ElevenMPV,8436,10/06/2020, 08:17:16,447
ELEVENMPV,ElevenMPV,8437,10/06/2020, 09:10:04,447
ELEVENMPV,ElevenMPV,8437,10/06/2020, 10:10:23,447
ELEVENMPV,ElevenMPV,8437,10/06/2020, 11:09:15,447
ELEVENMPV,ElevenMPV,8437,10/06/2020, 12:12:51,447
ELEVENMPV,ElevenMPV,8437,10/06/2020, 13:09:28,447
ELEVENMPV,ElevenMPV,8437,10/06/2020, 14:13:35,447
ELEVENMPV,ElevenMPV,8437,10/06/2020, 15:10:43,447
ELEVENMPV,ElevenMPV,8437,10/06/2020, 16:11:28,447
ELEVENMPV,ElevenMPV,8438,10/06/2020, 17:09:25,447
ELEVENMPV,ElevenMPV,8438,10/06/2020, 18:10:29,447
ELEVENMPV,ElevenMPV,8438,10/06/2020, 19:09:32,447
ELEVENMPV,ElevenMPV,8438,10/06/2020, 20:10:43,447
ELEVENMPV,ElevenMPV,8440,10/06/2020, 21:09:26,447
ELEVENMPV,ElevenMPV,8441,10/06/2020, 22:10:02,447
ELEVENMPV,ElevenMPV,8441,10/06/2020, 23:09:33,447
ELEVENMPV,ElevenMPV,8442,10/07/2020, 00:27:33,447
ELEVENMPV,ElevenMPV,8442,10/07/2020, 01:23:36,447
ELEVENMPV,ElevenMPV,8443,10/07/2020, 02:10:33,447
ELEVENMPV,ElevenMPV,8444,10/07/2020, 03:09:55,447
ELEVENMPV,ElevenMPV,8445,10/07/2020, 04:10:42,447
ELEVENMPV,ElevenMPV,8445,10/07/2020, 05:09:53,447
ELEVENMPV,ElevenMPV,8445,10/07/2020, 06:11:11,447
ELEVENMPV,ElevenMPV,8445,10/07/2020, 07:10:17,447
ELEVENMPV,ElevenMPV,8445,10/07/2020, 08:13:44,447
ELEVENMPV,ElevenMPV,8445,10/07/2020, 09:09:49,447
ELEVENMPV,ElevenMPV,8445,10/07/2020, 10:10:19,447
ELEVENMPV,ElevenMPV,8446,10/07/2020, 11:09:13,447
ELEVENMPV,ElevenMPV,8446,10/07/2020, 12:13:06,447
ELEVENMPV,ElevenMPV,8446,10/07/2020, 13:10:16,447
ELEVENMPV,ElevenMPV,8446,10/07/2020, 14:11:09,447
ELEVENMPV,ElevenMPV,8447,10/07/2020, 15:09:55,447
ELEVENMPV,ElevenMPV,8447,10/07/2020, 16:11:33,447
ELEVENMPV,ElevenMPV,8447,10/07/2020, 17:09:20,447
ELEVENMPV,ElevenMPV,8447,10/07/2020, 18:10:20,447
ELEVENMPV,ElevenMPV,8447,10/07/2020, 19:09:13,447
ELEVENMPV,ElevenMPV,8447,10/07/2020, 20:10:16,447
ELEVENMPV,ElevenMPV,8448,10/07/2020, 21:09:35,447
ELEVENMPV,ElevenMPV,8448,10/07/2020, 22:08:39,447
ELEVENMPV,ElevenMPV,8448,10/07/2020, 23:08:18,447
ELEVENMPV,ElevenMPV,8450,10/08/2020, 00:23:02,447
ELEVENMPV,ElevenMPV,8450,10/08/2020, 01:12:38,447
ELEVENMPV,ElevenMPV,8450,10/08/2020, 02:09:18,447
ELEVENMPV,ElevenMPV,8451,10/08/2020, 03:08:20,447
ELEVENMPV,ElevenMPV,8452,10/08/2020, 04:09:30,447
ELEVENMPV,ElevenMPV,8452,10/08/2020, 05:08:10,447
ELEVENMPV,ElevenMPV,8453,10/08/2020, 06:09:36,447
ELEVENMPV,ElevenMPV,8454,10/08/2020, 07:08:51,447
ELEVENMPV,ElevenMPV,8454,10/08/2020, 08:09:05,447
ELEVENMPV,ElevenMPV,8454,10/08/2020, 09:10:05,447
ELEVENMPV,ElevenMPV,8454,10/08/2020, 10:10:31,447
ELEVENMPV,ElevenMPV,8454,10/08/2020, 11:09:26,447
ELEVENMPV,ElevenMPV,8454,10/08/2020, 12:13:08,447
ELEVENMPV,ElevenMPV,8454,10/08/2020, 13:09:59,447
ELEVENMPV,ElevenMPV,8454,10/08/2020, 14:10:55,447
ELEVENMPV,ElevenMPV,8454,10/08/2020, 15:10:18,447
ELEVENMPV,ElevenMPV,8454,10/08/2020, 16:11:46,447
ELEVENMPV,ElevenMPV,8455,10/08/2020, 17:09:37,447
ELEVENMPV,ElevenMPV,8456,10/08/2020, 18:10:29,447
ELEVENMPV,ElevenMPV,8457,10/08/2020, 19:09:16,447
ELEVENMPV,ElevenMPV,8457,10/08/2020, 20:10:31,447
ELEVENMPV,ElevenMPV,8459,10/08/2020, 21:09:44,447
ELEVENMPV,ElevenMPV,8460,10/08/2020, 22:10:13,447
ELEVENMPV,ElevenMPV,8461,10/08/2020, 23:09:35,447
ELEVENMPV,ElevenMPV,8461,10/09/2020, 00:27:30,447
ELEVENMPV,ElevenMPV,8461,10/09/2020, 01:24:38,447
ELEVENMPV,ElevenMPV,8461,10/09/2020, 02:10:34,447
ELEVENMPV,ElevenMPV,8461,10/09/2020, 03:10:17,447
ELEVENMPV,ElevenMPV,8462,10/09/2020, 04:11:19,447
ELEVENMPV,ElevenMPV,8462,10/09/2020, 05:09:56,447
ELEVENMPV,ElevenMPV,8465,10/09/2020, 06:13:10,447
ELEVENMPV,ElevenMPV,8466,10/09/2020, 07:10:07,447
ELEVENMPV,ElevenMPV,8466,10/09/2020, 08:11:53,447
ELEVENMPV,ElevenMPV,8466,10/09/2020, 09:10:15,447
ELEVENMPV,ElevenMPV,8466,10/09/2020, 10:10:33,447
ELEVENMPV,ElevenMPV,8466,10/09/2020, 11:09:41,447
ELEVENMPV,ElevenMPV,8466,10/09/2020, 12:18:19,447
ELEVENMPV,ElevenMPV,8466,10/09/2020, 13:09:23,447
ELEVENMPV,ElevenMPV,8466,10/09/2020, 14:10:35,447
ELEVENMPV,ElevenMPV,8466,10/09/2020, 15:10:20,447
ELEVENMPV,ElevenMPV,8467,10/09/2020, 16:12:02,447
ELEVENMPV,ElevenMPV,8467,10/09/2020, 17:09:36,447
ELEVENMPV,ElevenMPV,8467,10/09/2020, 18:10:28,447
ELEVENMPV,ElevenMPV,8467,10/09/2020, 19:09:25,447
ELEVENMPV,ElevenMPV,8468,10/09/2020, 20:10:52,447
ELEVENMPV,ElevenMPV,8468,10/09/2020, 21:09:46,447
ELEVENMPV,ElevenMPV,8469,10/09/2020, 22:23:47,447
ELEVENMPV,ElevenMPV,8470,10/09/2020, 23:09:26,447
ELEVENMPV,ElevenMPV,8470,10/10/2020, 00:27:47,447
ELEVENMPV,ElevenMPV,8470,10/10/2020, 01:25:10,447
ELEVENMPV,ElevenMPV,8470,10/10/2020, 02:12:06,447
ELEVENMPV,ElevenMPV,8470,10/10/2020, 03:10:14,447
ELEVENMPV,ElevenMPV,8470,10/10/2020, 04:13:42,447
ELEVENMPV,ElevenMPV,8470,10/10/2020, 05:09:47,447
ELEVENMPV,ElevenMPV,8470,10/10/2020, 06:11:00,447
ELEVENMPV,ElevenMPV,8470,10/10/2020, 07:09:58,447
ELEVENMPV,ElevenMPV,8470,10/10/2020, 08:10:58,447
ELEVENMPV,ElevenMPV,8471,10/10/2020, 09:10:12,447
ELEVENMPV,ElevenMPV,8473,10/10/2020, 10:10:07,447
ELEVENMPV,ElevenMPV,8473,10/10/2020, 11:09:25,447
ELEVENMPV,ElevenMPV,8473,10/10/2020, 12:13:09,447
ELEVENMPV,ElevenMPV,8473,10/10/2020, 13:09:37,447
ELEVENMPV,ElevenMPV,8473,10/10/2020, 14:10:37,447
ELEVENMPV,ElevenMPV,8474,10/10/2020, 15:09:44,447
ELEVENMPV,ElevenMPV,8474,10/10/2020, 16:11:33,447
ELEVENMPV,ElevenMPV,8475,10/10/2020, 17:09:06,447
ELEVENMPV,ElevenMPV,8476,10/10/2020, 18:10:44,447
ELEVENMPV,ElevenMPV,8476,10/10/2020, 19:09:09,447
ELEVENMPV,ElevenMPV,8478,10/10/2020, 20:10:28,447
ELEVENMPV,ElevenMPV,8478,10/10/2020, 21:09:49,447
ELEVENMPV,ElevenMPV,8478,10/10/2020, 22:10:09,447
ELEVENMPV,ElevenMPV,8479,10/10/2020, 23:09:43,447
ELEVENMPV,ElevenMPV,8480,10/11/2020, 00:29:12,447
ELEVENMPV,ElevenMPV,8480,10/11/2020, 01:28:22,447
ELEVENMPV,ElevenMPV,8480,10/11/2020, 02:11:30,447
ELEVENMPV,ElevenMPV,8480,10/11/2020, 03:10:09,447
ELEVENMPV,ElevenMPV,8480,10/11/2020, 04:11:14,447
ELEVENMPV,ElevenMPV,8480,10/11/2020, 05:09:43,447
ELEVENMPV,ElevenMPV,8480,10/11/2020, 06:11:24,447
ELEVENMPV,ElevenMPV,8480,10/11/2020, 07:10:15,447
ELEVENMPV,ElevenMPV,8481,10/11/2020, 08:11:16,447
ELEVENMPV,ElevenMPV,8481,10/11/2020, 09:10:13,447
ELEVENMPV,ElevenMPV,8481,10/11/2020, 10:10:26,447
ELEVENMPV,ElevenMPV,8481,10/11/2020, 11:09:19,447
ELEVENMPV,ElevenMPV,8481,10/11/2020, 12:13:01,447
ELEVENMPV,ElevenMPV,8481,10/11/2020, 13:09:50,447
ELEVENMPV,ElevenMPV,8482,10/11/2020, 14:10:22,447
ELEVENMPV,ElevenMPV,8482,10/11/2020, 15:09:42,447
ELEVENMPV,ElevenMPV,8482,10/11/2020, 16:11:37,447
ELEVENMPV,ElevenMPV,8482,10/11/2020, 17:09:14,447
ELEVENMPV,ElevenMPV,8482,10/11/2020, 18:10:50,447
ELEVENMPV,ElevenMPV,8482,10/11/2020, 19:09:34,447
ELEVENMPV,ElevenMPV,8482,10/11/2020, 20:10:26,447
ELEVENMPV,ElevenMPV,8482,10/11/2020, 21:09:36,447
ELEVENMPV,ElevenMPV,8482,10/11/2020, 22:10:16,447
ELEVENMPV,ElevenMPV,8482,10/11/2020, 23:09:27,447
ELEVENMPV,ElevenMPV,8482,10/12/2020, 00:28:50,447
ELEVENMPV,ElevenMPV,8482,10/12/2020, 01:27:49,447
ELEVENMPV,ElevenMPV,8482,10/12/2020, 02:11:24,447
ELEVENMPV,ElevenMPV,8483,10/12/2020, 03:10:21,447
ELEVENMPV,ElevenMPV,8485,10/12/2020, 04:11:17,447
ELEVENMPV,ElevenMPV,8485,10/12/2020, 05:10:41,447
ELEVENMPV,ElevenMPV,8485,10/12/2020, 06:12:00,447
ELEVENMPV,ElevenMPV,8485,10/12/2020, 07:10:44,447
ELEVENMPV,ElevenMPV,8485,10/12/2020, 08:11:46,447
ELEVENMPV,ElevenMPV,8485,10/12/2020, 09:10:32,447
ELEVENMPV,ElevenMPV,8486,10/12/2020, 10:10:50,447
ELEVENMPV,ElevenMPV,8486,10/12/2020, 11:09:38,447
ELEVENMPV,ElevenMPV,8487,10/12/2020, 12:13:31,447
ELEVENMPV,ElevenMPV,8487,10/12/2020, 13:10:07,447
ELEVENMPV,ElevenMPV,8488,10/12/2020, 14:10:50,447
ELEVENMPV,ElevenMPV,8488,10/12/2020, 15:10:27,447
ELEVENMPV,ElevenMPV,8488,10/12/2020, 16:12:08,447
ELEVENMPV,ElevenMPV,8488,10/12/2020, 17:09:31,447
ELEVENMPV,ElevenMPV,8488,10/12/2020, 18:10:57,447
ELEVENMPV,ElevenMPV,8488,10/12/2020, 19:09:26,447
ELEVENMPV,ElevenMPV,8490,10/12/2020, 20:10:48,447
ELEVENMPV,ElevenMPV,8490,10/12/2020, 21:10:11,447
ELEVENMPV,ElevenMPV,8490,10/12/2020, 22:10:19,447
ELEVENMPV,ElevenMPV,8490,10/12/2020, 23:09:32,447
ELEVENMPV,ElevenMPV,8490,10/13/2020, 00:28:45,447
ELEVENMPV,ElevenMPV,8490,10/13/2020, 01:28:02,447
ELEVENMPV,ElevenMPV,8490,10/13/2020, 02:11:37,447
ELEVENMPV,ElevenMPV,8490,10/13/2020, 03:10:15,447
ELEVENMPV,ElevenMPV,8490,10/13/2020, 04:11:31,447
ELEVENMPV,ElevenMPV,8490,10/13/2020, 05:09:59,447
ELEVENMPV,ElevenMPV,8490,10/13/2020, 06:11:36,447
ELEVENMPV,ElevenMPV,8490,10/13/2020, 07:10:15,447
ELEVENMPV,ElevenMPV,8490,10/13/2020, 08:12:10,447
ELEVENMPV,ElevenMPV,8490,10/13/2020, 09:10:20,447
ELEVENMPV,ElevenMPV,8490,10/13/2020, 10:10:54,447
ELEVENMPV,ElevenMPV,8490,10/13/2020, 11:09:55,447
ELEVENMPV,ElevenMPV,8491,10/13/2020, 12:13:57,447
ELEVENMPV,ElevenMPV,8491,10/13/2020, 13:09:52,447
ELEVENMPV,ElevenMPV,8491,10/13/2020, 14:14:01,447
ELEVENMPV,ElevenMPV,8491,10/13/2020, 15:19:51,447
ELEVENMPV,ElevenMPV,8492,10/13/2020, 16:12:36,447
ELEVENMPV,ElevenMPV,8493,10/13/2020, 17:11:19,447
ELEVENMPV,ElevenMPV,8493,10/13/2020, 18:11:02,447
ELEVENMPV,ElevenMPV,8495,10/13/2020, 19:09:26,447
ELEVENMPV,ElevenMPV,8495,10/13/2020, 20:10:58,447
ELEVENMPV,ElevenMPV,8495,10/13/2020, 21:09:58,447
ELEVENMPV,ElevenMPV,8495,10/13/2020, 22:10:19,447
ELEVENMPV,ElevenMPV,8495,10/13/2020, 23:09:52,447
ELEVENMPV,ElevenMPV,8495,10/14/2020, 00:28:50,447
ELEVENMPV,ElevenMPV,8495,10/14/2020, 01:28:06,447
ELEVENMPV,ElevenMPV,8495,10/14/2020, 02:11:44,447
ELEVENMPV,ElevenMPV,8496,10/14/2020, 03:10:03,447
ELEVENMPV,ElevenMPV,8496,10/14/2020, 04:11:34,447
ELEVENMPV,ElevenMPV,8496,10/14/2020, 05:10:16,447
ELEVENMPV,ElevenMPV,8496,10/14/2020, 06:12:02,447
ELEVENMPV,ElevenMPV,8497,10/14/2020, 07:10:49,447
ELEVENMPV,ElevenMPV,8497,10/14/2020, 08:11:47,447
ELEVENMPV,ElevenMPV,8497,10/14/2020, 09:11:48,447
ELEVENMPV,ElevenMPV,8498,10/14/2020, 10:11:11,447
ELEVENMPV,ElevenMPV,8498,10/14/2020, 11:09:47,447
ELEVENMPV,ElevenMPV,8498,10/14/2020, 12:13:37,447
ELEVENMPV,ElevenMPV,8498,10/14/2020, 13:10:01,447
ELEVENMPV,ElevenMPV,8498,10/14/2020, 14:11:42,447
ELEVENMPV,ElevenMPV,8499,10/14/2020, 15:13:38,447
ELEVENMPV,ElevenMPV,8499,10/14/2020, 16:13:47,447
ELEVENMPV,ElevenMPV,8499,10/14/2020, 17:10:19,447
ELEVENMPV,ElevenMPV,8499,10/14/2020, 18:11:23,447
ELEVENMPV,ElevenMPV,8499,10/14/2020, 19:09:25,447
ELEVENMPV,ElevenMPV,8499,10/14/2020, 20:10:59,447
ELEVENMPV,ElevenMPV,8499,10/14/2020, 21:09:46,447
ELEVENMPV,ElevenMPV,8499,10/14/2020, 22:10:16,447
ELEVENMPV,ElevenMPV,8499,10/14/2020, 23:09:55,447
ELEVENMPV,ElevenMPV,8501,10/15/2020, 00:29:09,447
ELEVENMPV,ElevenMPV,8501,10/15/2020, 01:29:07,447
ELEVENMPV,ElevenMPV,8501,10/15/2020, 02:11:18,447
ELEVENMPV,ElevenMPV,8502,10/15/2020, 03:10:05,447
ELEVENMPV,ElevenMPV,8502,10/15/2020, 04:11:55,447
ELEVENMPV,ElevenMPV,8502,10/15/2020, 05:08:24,447
ELEVENMPV,ElevenMPV,8502,10/15/2020, 06:11:49,447
ELEVENMPV,ElevenMPV,8503,10/15/2020, 07:10:25,447
ELEVENMPV,ElevenMPV,8503,10/15/2020, 08:12:37,447
ELEVENMPV,ElevenMPV,8503,10/15/2020, 09:11:02,447
ELEVENMPV,ElevenMPV,8505,10/15/2020, 10:10:54,447
ELEVENMPV,ElevenMPV,8506,10/15/2020, 11:09:56,447
ELEVENMPV,ElevenMPV,8507,10/15/2020, 12:13:54,447
ELEVENMPV,ElevenMPV,8507,10/15/2020, 13:10:12,447
ELEVENMPV,ElevenMPV,8508,10/15/2020, 14:12:17,447
ELEVENMPV,ElevenMPV,8508,10/15/2020, 15:11:43,447
ELEVENMPV,ElevenMPV,8508,10/15/2020, 16:12:54,447
ELEVENMPV,ElevenMPV,8508,10/15/2020, 17:10:42,447
ELEVENMPV,ElevenMPV,8508,10/15/2020, 18:11:02,447
ELEVENMPV,ElevenMPV,8508,10/15/2020, 19:09:47,447
ELEVENMPV,ElevenMPV,8510,10/15/2020, 20:11:03,447
ELEVENMPV,ElevenMPV,8510,10/15/2020, 21:09:26,447
ELEVENMPV,ElevenMPV,8511,10/15/2020, 22:10:24,447
ELEVENMPV,ElevenMPV,8513,10/15/2020, 23:09:53,447
ELEVENMPV,ElevenMPV,8513,10/16/2020, 00:29:35,447
ELEVENMPV,ElevenMPV,8514,10/16/2020, 01:30:22,447
ELEVENMPV,ElevenMPV,8514,10/16/2020, 02:11:25,447
ELEVENMPV,ElevenMPV,8514,10/16/2020, 03:10:21,447
ELEVENMPV,ElevenMPV,8515,10/16/2020, 04:12:21,447
ELEVENMPV,ElevenMPV,8515,10/16/2020, 05:10:13,447
ELEVENMPV,ElevenMPV,8516,10/16/2020, 06:11:42,447
ELEVENMPV,ElevenMPV,8516,10/16/2020, 07:10:41,447
ELEVENMPV,ElevenMPV,8517,10/16/2020, 08:12:14,447
ELEVENMPV,ElevenMPV,8518,10/16/2020, 09:10:38,447
ELEVENMPV,ElevenMPV,8518,10/16/2020, 10:10:59,447
ELEVENMPV,ElevenMPV,8518,10/16/2020, 11:10:04,447
ELEVENMPV,ElevenMPV,8518,10/16/2020, 12:18:56,447
ELEVENMPV,ElevenMPV,8520,10/16/2020, 13:09:49,447
ELEVENMPV,ElevenMPV,8520,10/16/2020, 14:11:38,447
ELEVENMPV,ElevenMPV,8520,10/16/2020, 15:10:58,447
ELEVENMPV,ElevenMPV,8520,10/16/2020, 16:12:58,447
ELEVENMPV,ElevenMPV,8521,10/16/2020, 17:09:56,447
ELEVENMPV,ElevenMPV,8521,10/16/2020, 18:11:13,447
ELEVENMPV,ElevenMPV,8521,10/16/2020, 19:09:42,447
ELEVENMPV,ElevenMPV,8521,10/16/2020, 20:10:53,447
ELEVENMPV,ElevenMPV,8521,10/16/2020, 21:10:08,447
ELEVENMPV,ElevenMPV,8521,10/16/2020, 22:10:16,447
ELEVENMPV,ElevenMPV,8522,10/16/2020, 23:09:39,447
ELEVENMPV,ElevenMPV,8522,10/17/2020, 00:29:30,447
ELEVENMPV,ElevenMPV,8522,10/17/2020, 01:29:50,447
ELEVENMPV,ElevenMPV,8523,10/17/2020, 02:11:12,447
ELEVENMPV,ElevenMPV,8523,10/17/2020, 03:10:50,447
ELEVENMPV,ElevenMPV,8523,10/17/2020, 04:11:58,447
ELEVENMPV,ElevenMPV,8523,10/17/2020, 05:10:12,447
ELEVENMPV,ElevenMPV,8523,10/17/2020, 06:11:33,447
ELEVENMPV,ElevenMPV,8524,10/17/2020, 07:10:51,447
ELEVENMPV,ElevenMPV,8524,10/17/2020, 08:11:34,447
ELEVENMPV,ElevenMPV,8524,10/17/2020, 09:10:24,447
ELEVENMPV,ElevenMPV,8524,10/17/2020, 10:10:51,447
ELEVENMPV,ElevenMPV,8524,10/17/2020, 11:09:55,447
ELEVENMPV,ElevenMPV,8524,10/17/2020, 12:13:20,447
ELEVENMPV,ElevenMPV,8524,10/17/2020, 13:10:00,447
ELEVENMPV,ElevenMPV,8524,10/17/2020, 14:10:45,447
ELEVENMPV,ElevenMPV,8526,10/17/2020, 15:10:26,447
ELEVENMPV,ElevenMPV,8526,10/17/2020, 16:12:57,447
ELEVENMPV,ElevenMPV,8526,10/17/2020, 17:10:06,447
ELEVENMPV,ElevenMPV,8526,10/17/2020, 18:11:07,447
ELEVENMPV,ElevenMPV,8527,10/17/2020, 19:09:27,447
ELEVENMPV,ElevenMPV,8529,10/17/2020, 20:10:44,447
ELEVENMPV,ElevenMPV,8529,10/17/2020, 21:09:53,447
ELEVENMPV,ElevenMPV,8530,10/17/2020, 22:10:16,447
ELEVENMPV,ElevenMPV,8532,10/17/2020, 23:09:56,447
ELEVENMPV,ElevenMPV,8533,10/18/2020, 00:30:27,447
ELEVENMPV,ElevenMPV,8533,10/18/2020, 01:32:59,447
ELEVENMPV,ElevenMPV,8533,10/18/2020, 02:11:13,447
ELEVENMPV,ElevenMPV,8533,10/18/2020, 03:10:18,447
ELEVENMPV,ElevenMPV,8533,10/18/2020, 04:11:36,447
ELEVENMPV,ElevenMPV,8534,10/18/2020, 05:10:26,447
ELEVENMPV,ElevenMPV,8535,10/18/2020, 06:11:40,447
ELEVENMPV,ElevenMPV,8536,10/18/2020, 07:10:54,447
ELEVENMPV,ElevenMPV,8536,10/18/2020, 08:11:50,447
ELEVENMPV,ElevenMPV,8536,10/18/2020, 09:10:37,447
ELEVENMPV,ElevenMPV,8536,10/18/2020, 10:10:45,447
ELEVENMPV,ElevenMPV,8536,10/18/2020, 11:09:51,447
ELEVENMPV,ElevenMPV,8536,10/18/2020, 12:13:32,447
ELEVENMPV,ElevenMPV,8536,10/18/2020, 13:09:59,447
ELEVENMPV,ElevenMPV,8536,10/18/2020, 14:10:59,447
ELEVENMPV,ElevenMPV,8536,10/18/2020, 15:10:09,447
ELEVENMPV,ElevenMPV,8537,10/18/2020, 16:13:03,447
ELEVENMPV,ElevenMPV,8537,10/18/2020, 17:09:45,447
ELEVENMPV,ElevenMPV,8537,10/18/2020, 18:10:56,447
ELEVENMPV,ElevenMPV,8537,10/18/2020, 19:09:42,447
ELEVENMPV,ElevenMPV,8537,10/18/2020, 20:10:59,447
ELEVENMPV,ElevenMPV,8537,10/18/2020, 21:10:04,447
ELEVENMPV,ElevenMPV,8538,10/18/2020, 22:10:28,447
ELEVENMPV,ElevenMPV,8538,10/18/2020, 23:10:17,447
ELEVENMPV,ElevenMPV,8538,10/19/2020, 00:30:26,447
ELEVENMPV,ElevenMPV,8538,10/19/2020, 01:32:43,447
ELEVENMPV,ElevenMPV,8538,10/19/2020, 02:11:10,447
ELEVENMPV,ElevenMPV,8538,10/19/2020, 03:10:40,447
ELEVENMPV,ElevenMPV,8538,10/19/2020, 04:11:42,447
ELEVENMPV,ElevenMPV,8538,10/19/2020, 05:10:36,447
ELEVENMPV,ElevenMPV,8538,10/19/2020, 06:12:19,447
ELEVENMPV,ElevenMPV,8540,10/19/2020, 07:12:40,447
ELEVENMPV,ElevenMPV,8540,10/19/2020, 08:12:39,447
ELEVENMPV,ElevenMPV,8541,10/19/2020, 09:14:39,447
ELEVENMPV,ElevenMPV,8541,10/19/2020, 10:11:27,447
ELEVENMPV,ElevenMPV,8541,10/19/2020, 11:10:07,447
ELEVENMPV,ElevenMPV,8541,10/19/2020, 12:14:21,447
ELEVENMPV,ElevenMPV,8541,10/19/2020, 13:10:43,447
ELEVENMPV,ElevenMPV,8541,10/19/2020, 14:11:31,447
ELEVENMPV,ElevenMPV,8541,10/19/2020, 15:10:55,447
ELEVENMPV,ElevenMPV,8542,10/19/2020, 16:13:24,447
ELEVENMPV,ElevenMPV,8542,10/19/2020, 17:10:36,447
ELEVENMPV,ElevenMPV,8543,10/19/2020, 18:11:30,447
ELEVENMPV,ElevenMPV,8544,10/19/2020, 19:09:34,447
ELEVENMPV,ElevenMPV,8544,10/19/2020, 20:11:11,447
ELEVENMPV,ElevenMPV,8546,10/19/2020, 21:10:32,447
ELEVENMPV,ElevenMPV,8546,10/19/2020, 22:10:40,447
ELEVENMPV,ElevenMPV,8546,10/19/2020, 23:10:16,447
ELEVENMPV,ElevenMPV,8547,10/20/2020, 00:29:53,447
ELEVENMPV,ElevenMPV,8547,10/20/2020, 01:32:26,447
ELEVENMPV,ElevenMPV,8547,10/20/2020, 02:11:09,447
ELEVENMPV,ElevenMPV,8547,10/20/2020, 03:10:54,447
ELEVENMPV,ElevenMPV,8548,10/20/2020, 04:12:19,447
ELEVENMPV,ElevenMPV,8548,10/20/2020, 05:12:50,447
ELEVENMPV,ElevenMPV,8548,10/20/2020, 06:12:08,447
ELEVENMPV,ElevenMPV,8548,10/20/2020, 07:10:54,447
ELEVENMPV,ElevenMPV,8549,10/20/2020, 08:12:32,447
ELEVENMPV,ElevenMPV,8549,10/20/2020, 09:11:04,447
ELEVENMPV,ElevenMPV,8549,10/20/2020, 10:11:16,447
ELEVENMPV,ElevenMPV,8549,10/20/2020, 11:10:17,447
ELEVENMPV,ElevenMPV,8549,10/20/2020, 12:14:07,447
ELEVENMPV,ElevenMPV,8550,10/20/2020, 13:10:40,447
ELEVENMPV,ElevenMPV,8550,10/20/2020, 14:11:47,447
ELEVENMPV,ElevenMPV,8551,10/20/2020, 15:11:16,447
ELEVENMPV,ElevenMPV,8551,10/20/2020, 16:14:02,447
ELEVENMPV,ElevenMPV,8551,10/20/2020, 17:10:30,447
ELEVENMPV,ElevenMPV,8552,10/20/2020, 18:11:14,447
ELEVENMPV,ElevenMPV,8552,10/20/2020, 19:11:44,447
ELEVENMPV,ElevenMPV,8552,10/20/2020, 20:11:09,447
ELEVENMPV,ElevenMPV,8552,10/20/2020, 21:11:18,447
ELEVENMPV,ElevenMPV,8553,10/20/2020, 22:10:21,447
ELEVENMPV,ElevenMPV,8553,10/20/2020, 23:10:12,447
ELEVENMPV,ElevenMPV,8554,10/21/2020, 00:30:30,447
ELEVENMPV,ElevenMPV,8555,10/21/2020, 01:31:48,447
ELEVENMPV,ElevenMPV,8555,10/21/2020, 02:11:19,447
ELEVENMPV,ElevenMPV,8555,10/21/2020, 03:10:38,447
ELEVENMPV,ElevenMPV,8555,10/21/2020, 04:12:32,447
ELEVENMPV,ElevenMPV,8555,10/21/2020, 05:10:38,447
ELEVENMPV,ElevenMPV,8555,10/21/2020, 06:12:59,447
ELEVENMPV,ElevenMPV,8555,10/21/2020, 07:11:36,447
ELEVENMPV,ElevenMPV,8555,10/21/2020, 08:12:14,447
ELEVENMPV,ElevenMPV,8555,10/21/2020, 09:10:54,447
ELEVENMPV,ElevenMPV,8555,10/21/2020, 10:11:33,447
ELEVENMPV,ElevenMPV,8555,10/21/2020, 11:10:16,447
ELEVENMPV,ElevenMPV,8556,10/21/2020, 12:15:32,447
ELEVENMPV,ElevenMPV,8556,10/21/2020, 13:10:27,447
ELEVENMPV,ElevenMPV,8556,10/21/2020, 14:11:54,447
ELEVENMPV,ElevenMPV,8556,10/21/2020, 15:11:34,447
ELEVENMPV,ElevenMPV,8557,10/21/2020, 16:14:50,447
ELEVENMPV,ElevenMPV,8558,10/21/2020, 17:10:16,447
ELEVENMPV,ElevenMPV,8558,10/21/2020, 18:11:32,447
ELEVENMPV,ElevenMPV,8559,10/21/2020, 19:09:58,447
ELEVENMPV,ElevenMPV,8559,10/21/2020, 20:11:18,447
ELEVENMPV,ElevenMPV,8559,10/21/2020, 21:10:30,447
ELEVENMPV,ElevenMPV,8560,10/21/2020, 22:12:26,447
ELEVENMPV,ElevenMPV,8560,10/21/2020, 23:10:20,447
ELEVENMPV,ElevenMPV,8561,10/22/2020, 00:30:47,447
ELEVENMPV,ElevenMPV,8561,10/22/2020, 01:34:08,447
ELEVENMPV,ElevenMPV,8561,10/22/2020, 02:12:16,447
ELEVENMPV,ElevenMPV,8561,10/22/2020, 03:10:46,447
ELEVENMPV,ElevenMPV,8561,10/22/2020, 04:12:17,447
ELEVENMPV,ElevenMPV,8561,10/22/2020, 05:10:37,447
ELEVENMPV,ElevenMPV,8561,10/22/2020, 06:12:23,447
ELEVENMPV,ElevenMPV,8561,10/22/2020, 07:11:08,447
ELEVENMPV,ElevenMPV,8561,10/22/2020, 08:12:32,447
ELEVENMPV,ElevenMPV,8563,10/22/2020, 09:10:59,447
ELEVENMPV,ElevenMPV,8565,10/22/2020, 10:11:46,447
ELEVENMPV,ElevenMPV,8565,10/22/2020, 11:10:25,447
ELEVENMPV,ElevenMPV,8565,10/22/2020, 12:14:25,447
ELEVENMPV,ElevenMPV,8565,10/22/2020, 13:10:29,447
ELEVENMPV,ElevenMPV,8566,10/22/2020, 14:11:29,447
ELEVENMPV,ElevenMPV,8566,10/22/2020, 15:11:00,447
ELEVENMPV,ElevenMPV,8566,10/22/2020, 16:14:45,447
ELEVENMPV,ElevenMPV,8566,10/22/2020, 17:10:25,447
ELEVENMPV,ElevenMPV,8566,10/22/2020, 18:11:22,447
ELEVENMPV,ElevenMPV,8566,10/22/2020, 19:09:57,447
ELEVENMPV,ElevenMPV,8566,10/22/2020, 20:11:28,447
ELEVENMPV,ElevenMPV,8566,10/22/2020, 21:10:09,447
ELEVENMPV,ElevenMPV,8566,10/22/2020, 22:11:12,447
ELEVENMPV,ElevenMPV,8567,10/22/2020, 23:10:34,447
ELEVENMPV,ElevenMPV,8568,10/23/2020, 00:31:00,447
ELEVENMPV,ElevenMPV,8568,10/23/2020, 01:35:16,447
ELEVENMPV,ElevenMPV,8569,10/23/2020, 02:12:37,447
ELEVENMPV,ElevenMPV,8569,10/23/2020, 03:10:46,447
ELEVENMPV,ElevenMPV,8569,10/23/2020, 04:13:04,447
ELEVENMPV,ElevenMPV,8569,10/23/2020, 05:33:51,447
ELEVENMPV,ElevenMPV,8570,10/23/2020, 07:10:15,447
ELEVENMPV,ElevenMPV,8570,10/23/2020, 07:11:51,447
ELEVENMPV,ElevenMPV,8572,10/23/2020, 08:13:07,447
ELEVENMPV,ElevenMPV,8574,10/23/2020, 09:11:17,447
ELEVENMPV,ElevenMPV,8574,10/23/2020, 10:12:03,447
ELEVENMPV,ElevenMPV,8575,10/23/2020, 11:10:40,447
ELEVENMPV,ElevenMPV,8576,10/23/2020, 12:19:25,447
ELEVENMPV,ElevenMPV,8576,10/23/2020, 13:12:24,447
ELEVENMPV,ElevenMPV,8577,10/23/2020, 14:11:31,447
ELEVENMPV,ElevenMPV,8577,10/23/2020, 15:11:00,447
ELEVENMPV,ElevenMPV,8577,10/23/2020, 16:15:29,447
ELEVENMPV,ElevenMPV,8577,10/23/2020, 17:10:20,447
ELEVENMPV,ElevenMPV,8577,10/23/2020, 18:11:29,447
ELEVENMPV,ElevenMPV,8580,10/23/2020, 19:10:13,447
ELEVENMPV,ElevenMPV,8580,10/23/2020, 20:13:14,447
ELEVENMPV,ElevenMPV,8580,10/23/2020, 21:10:28,447
ELEVENMPV,ElevenMPV,8581,10/23/2020, 22:11:14,447
ELEVENMPV,ElevenMPV,8581,10/23/2020, 23:10:31,447
ELEVENMPV,ElevenMPV,8582,10/24/2020, 00:30:57,447
ELEVENMPV,ElevenMPV,8583,10/24/2020, 01:35:04,447
ELEVENMPV,ElevenMPV,8583,10/24/2020, 02:12:40,447
ELEVENMPV,ElevenMPV,8584,10/24/2020, 03:10:53,447
ELEVENMPV,ElevenMPV,8584,10/24/2020, 04:12:35,447
ELEVENMPV,ElevenMPV,8585,10/24/2020, 05:10:50,447
ELEVENMPV,ElevenMPV,8587,10/24/2020, 06:12:08,447
ELEVENMPV,ElevenMPV,8587,10/24/2020, 07:11:18,447
ELEVENMPV,ElevenMPV,8587,10/24/2020, 08:12:04,447
ELEVENMPV,ElevenMPV,8587,10/24/2020, 09:10:53,447
ELEVENMPV,ElevenMPV,8590,10/24/2020, 10:11:36,447
ELEVENMPV,ElevenMPV,8590,10/24/2020, 11:10:23,447
ELEVENMPV,ElevenMPV,8590,10/24/2020, 12:14:14,447
ELEVENMPV,ElevenMPV,8591,10/24/2020, 13:10:26,447
ELEVENMPV,ElevenMPV,8592,10/24/2020, 14:11:11,447
ELEVENMPV,ElevenMPV,8592,10/24/2020, 15:10:46,447
ELEVENMPV,ElevenMPV,8592,10/24/2020, 16:14:59,447
ELEVENMPV,ElevenMPV,8592,10/24/2020, 17:10:27,447
ELEVENMPV,ElevenMPV,8593,10/24/2020, 18:11:13,447
ELEVENMPV,ElevenMPV,8594,10/24/2020, 19:10:01,447
ELEVENMPV,ElevenMPV,8595,10/24/2020, 20:11:15,447
ELEVENMPV,ElevenMPV,8595,10/24/2020, 21:10:22,447
ELEVENMPV,ElevenMPV,8596,10/24/2020, 22:11:10,447
ELEVENMPV,ElevenMPV,8596,10/24/2020, 23:10:22,447
ELEVENMPV,ElevenMPV,8597,10/25/2020, 00:32:12,447
ELEVENMPV,ElevenMPV,8597,10/25/2020, 01:38:53,447
ELEVENMPV,ElevenMPV,8597,10/25/2020, 02:14:03,447
ELEVENMPV,ElevenMPV,8597,10/25/2020, 03:11:19,447
ELEVENMPV,ElevenMPV,8597,10/25/2020, 04:13:16,447
ELEVENMPV,ElevenMPV,8597,10/25/2020, 05:10:47,447
ELEVENMPV,ElevenMPV,8597,10/25/2020, 06:12:15,447
ELEVENMPV,ElevenMPV,8598,10/25/2020, 07:11:46,447
ELEVENMPV,ElevenMPV,8601,10/25/2020, 08:12:29,447
ELEVENMPV,ElevenMPV,8601,10/25/2020, 09:11:09,447
ELEVENMPV,ElevenMPV,8601,10/25/2020, 10:11:58,447
ELEVENMPV,ElevenMPV,8602,10/25/2020, 11:10:39,447
ELEVENMPV,ElevenMPV,8602,10/25/2020, 12:14:22,447
ELEVENMPV,ElevenMPV,8602,10/25/2020, 13:10:20,447
ELEVENMPV,ElevenMPV,8602,10/25/2020, 14:11:25,447
ELEVENMPV,ElevenMPV,8603,10/25/2020, 15:11:06,447
ELEVENMPV,ElevenMPV,8605,10/25/2020, 16:15:35,447
ELEVENMPV,ElevenMPV,8605,10/25/2020, 17:10:18,447
ELEVENMPV,ElevenMPV,8605,10/25/2020, 18:11:28,447
ELEVENMPV,ElevenMPV,8605,10/25/2020, 19:10:06,447
ELEVENMPV,ElevenMPV,8605,10/25/2020, 20:11:25,447
ELEVENMPV,ElevenMPV,8605,10/25/2020, 21:10:26,447
ELEVENMPV,ElevenMPV,8605,10/25/2020, 22:11:21,447
ELEVENMPV,ElevenMPV,8605,10/25/2020, 23:10:36,447
ELEVENMPV,ElevenMPV,8606,10/26/2020, 00:31:58,447
ELEVENMPV,ElevenMPV,8607,10/26/2020, 01:38:50,447
ELEVENMPV,ElevenMPV,8607,10/26/2020, 02:14:59,447
ELEVENMPV,ElevenMPV,8607,10/26/2020, 03:11:31,447
ELEVENMPV,ElevenMPV,8607,10/26/2020, 04:13:31,447
ELEVENMPV,ElevenMPV,8609,10/26/2020, 05:11:13,447
ELEVENMPV,ElevenMPV,8610,10/26/2020, 06:12:32,447
ELEVENMPV,ElevenMPV,8611,10/26/2020, 07:11:45,447
ELEVENMPV,ElevenMPV,8611,10/26/2020, 08:12:53,447
ELEVENMPV,ElevenMPV,8612,10/26/2020, 09:11:59,447
ELEVENMPV,ElevenMPV,8613,10/26/2020, 10:13:01,447
ELEVENMPV,ElevenMPV,8613,10/26/2020, 11:10:51,447
ELEVENMPV,ElevenMPV,8613,10/26/2020, 12:14:46,447
ELEVENMPV,ElevenMPV,8613,10/26/2020, 13:10:53,447
ELEVENMPV,ElevenMPV,8613,10/26/2020, 14:12:02,447
ELEVENMPV,ElevenMPV,8613,10/26/2020, 15:11:52,447
ELEVENMPV,ElevenMPV,8613,10/26/2020, 16:16:42,447
ELEVENMPV,ElevenMPV,8613,10/26/2020, 17:11:10,447
ELEVENMPV,ElevenMPV,8613,10/26/2020, 18:11:47,447
ELEVENMPV,ElevenMPV,8613,10/26/2020, 19:10:16,447
ELEVENMPV,ElevenMPV,8614,10/26/2020, 20:11:39,447
ELEVENMPV,ElevenMPV,8614,10/26/2020, 21:10:27,447
ELEVENMPV,ElevenMPV,8614,10/26/2020, 22:11:27,447
ELEVENMPV,ElevenMPV,8615,10/26/2020, 23:10:41,447
ELEVENMPV,ElevenMPV,8617,10/27/2020, 00:31:28,447
ELEVENMPV,ElevenMPV,8617,10/27/2020, 01:38:49,447
ELEVENMPV,ElevenMPV,8617,10/27/2020, 02:15:19,447
ELEVENMPV,ElevenMPV,8617,10/27/2020, 03:11:29,447
ELEVENMPV,ElevenMPV,8617,10/27/2020, 04:13:54,447
ELEVENMPV,ElevenMPV,8617,10/27/2020, 05:11:24,447
ELEVENMPV,ElevenMPV,8620,10/27/2020, 06:12:36,447
ELEVENMPV,ElevenMPV,8621,10/27/2020, 07:11:39,447
ELEVENMPV,ElevenMPV,8621,10/27/2020, 08:13:09,447
ELEVENMPV,ElevenMPV,8622,10/27/2020, 09:12:03,447
ELEVENMPV,ElevenMPV,8622,10/27/2020, 10:12:58,447
ELEVENMPV,ElevenMPV,8623,10/27/2020, 11:10:59,447
ELEVENMPV,ElevenMPV,8623,10/27/2020, 12:14:49,447
ELEVENMPV,ElevenMPV,8624,10/27/2020, 13:10:40,447
ELEVENMPV,ElevenMPV,8624,10/27/2020, 14:14:22,447
ELEVENMPV,ElevenMPV,8624,10/27/2020, 15:13:19,447
ELEVENMPV,ElevenMPV,8624,10/27/2020, 16:16:50,447
ELEVENMPV,ElevenMPV,8624,10/27/2020, 17:10:32,447
ELEVENMPV,ElevenMPV,8624,10/27/2020, 18:11:31,447
ELEVENMPV,ElevenMPV,8624,10/27/2020, 19:10:22,447
ELEVENMPV,ElevenMPV,8624,10/27/2020, 20:11:45,447
ELEVENMPV,ElevenMPV,8626,10/27/2020, 21:10:42,447
ELEVENMPV,ElevenMPV,8626,10/27/2020, 22:12:02,447
ELEVENMPV,ElevenMPV,8626,10/27/2020, 23:10:52,447
ELEVENMPV,ElevenMPV,8626,10/28/2020, 00:32:03,447
ELEVENMPV,ElevenMPV,8626,10/28/2020, 01:41:03,447
ELEVENMPV,ElevenMPV,8626,10/28/2020, 02:16:22,447
ELEVENMPV,ElevenMPV,8626,10/28/2020, 03:11:39,447
ELEVENMPV,ElevenMPV,8626,10/28/2020, 04:14:03,447
ELEVENMPV,ElevenMPV,8626,10/28/2020, 05:11:03,447
ELEVENMPV,ElevenMPV,8626,10/28/2020, 06:12:40,447
ELEVENMPV,ElevenMPV,8626,10/28/2020, 07:12:05,447
ELEVENMPV,ElevenMPV,8626,10/28/2020, 08:13:10,447
ELEVENMPV,ElevenMPV,8626,10/28/2020, 09:11:48,447
ELEVENMPV,ElevenMPV,8626,10/28/2020, 10:13:17,447
ELEVENMPV,ElevenMPV,8626,10/28/2020, 11:10:47,447
ELEVENMPV,ElevenMPV,8626,10/28/2020, 12:15:09,447
ELEVENMPV,ElevenMPV,8627,10/28/2020, 13:10:41,447
ELEVENMPV,ElevenMPV,8627,10/28/2020, 14:12:32,447
ELEVENMPV,ElevenMPV,8627,10/28/2020, 15:12:51,447
ELEVENMPV,ElevenMPV,8627,10/28/2020, 16:17:30,447
ELEVENMPV,ElevenMPV,8628,10/28/2020, 17:10:54,447
ELEVENMPV,ElevenMPV,8628,10/28/2020, 18:11:42,447
ELEVENMPV,ElevenMPV,8628,10/28/2020, 19:10:15,447
ELEVENMPV,ElevenMPV,8628,10/28/2020, 20:11:55,447
ELEVENMPV,ElevenMPV,8628,10/28/2020, 21:10:40,447
ELEVENMPV,ElevenMPV,8628,10/28/2020, 22:12:07,447
ELEVENMPV,ElevenMPV,8628,10/28/2020, 23:11:06,447
ELEVENMPV,ElevenMPV,8628,10/29/2020, 00:32:38,447
ELEVENMPV,ElevenMPV,8628,10/29/2020, 01:43:11,447
ELEVENMPV,ElevenMPV,8628,10/29/2020, 02:18:00,447
ELEVENMPV,ElevenMPV,8628,10/29/2020, 03:10:49,447
ELEVENMPV,ElevenMPV,8629,10/29/2020, 04:14:13,447
ELEVENMPV,ElevenMPV,8630,10/29/2020, 05:11:06,447
ELEVENMPV,ElevenMPV,8630,10/29/2020, 06:13:07,447
ELEVENMPV,ElevenMPV,8633,10/29/2020, 07:11:41,447
ELEVENMPV,ElevenMPV,8633,10/29/2020, 08:13:28,447
ELEVENMPV,ElevenMPV,8633,10/29/2020, 09:11:47,447
ELEVENMPV,ElevenMPV,8633,10/29/2020, 10:13:42,447
ELEVENMPV,ElevenMPV,8633,10/29/2020, 11:11:03,447
ELEVENMPV,ElevenMPV,8634,10/29/2020, 12:15:50,447
ELEVENMPV,ElevenMPV,8634,10/29/2020, 13:11:30,447
ELEVENMPV,ElevenMPV,8634,10/29/2020, 14:12:31,447
ELEVENMPV,ElevenMPV,8634,10/29/2020, 15:12:03,447
ELEVENMPV,ElevenMPV,8634,10/29/2020, 16:16:39,447
ELEVENMPV,ElevenMPV,8634,10/29/2020, 17:08:49,447
ELEVENMPV,ElevenMPV,8635,10/29/2020, 18:08:00,447
ELEVENMPV,ElevenMPV,8635,10/29/2020, 19:06:25,447
ELEVENMPV,ElevenMPV,8637,10/29/2020, 20:05:57,447
ELEVENMPV,ElevenMPV,8637,10/29/2020, 21:05:33,447
ELEVENMPV,ElevenMPV,8638,10/29/2020, 22:05:56,447
ELEVENMPV,ElevenMPV,8638,10/29/2020, 23:06:12,447
ELEVENMPV,ElevenMPV,8638,10/30/2020, 00:19:14,447
ELEVENMPV,ElevenMPV,8638,10/30/2020, 01:07:10,447
ELEVENMPV,ElevenMPV,8640,10/30/2020, 02:06:55,447
ELEVENMPV,ElevenMPV,8640,10/30/2020, 03:06:40,447
ELEVENMPV,ElevenMPV,8640,10/30/2020, 04:07:35,447
ELEVENMPV,ElevenMPV,8640,10/30/2020, 05:07:50,447
ELEVENMPV,ElevenMPV,8641,10/30/2020, 06:07:26,447
ELEVENMPV,ElevenMPV,8641,10/30/2020, 07:06:53,447
ELEVENMPV,ElevenMPV,8641,10/30/2020, 08:08:02,447
ELEVENMPV,ElevenMPV,8641,10/30/2020, 09:06:48,447
ELEVENMPV,ElevenMPV,8642,10/30/2020, 10:07:37,447
ELEVENMPV,ElevenMPV,8642,10/30/2020, 11:06:08,447
ELEVENMPV,ElevenMPV,8642,10/30/2020, 12:09:10,447
ELEVENMPV,ElevenMPV,8642,10/30/2020, 13:06:32,447
ELEVENMPV,ElevenMPV,8642,10/30/2020, 14:06:44,447
ELEVENMPV,ElevenMPV,8642,10/30/2020, 15:06:40,447
ELEVENMPV,ElevenMPV,8642,10/30/2020, 16:10:43,447
ELEVENMPV,ElevenMPV,8642,10/30/2020, 17:06:39,447
ELEVENMPV,ElevenMPV,8643,10/30/2020, 18:06:54,447
ELEVENMPV,ElevenMPV,8643,10/30/2020, 19:06:04,447
ELEVENMPV,ElevenMPV,8644,10/30/2020, 20:06:29,447
ELEVENMPV,ElevenMPV,8644,10/30/2020, 21:06:31,447
ELEVENMPV,ElevenMPV,8645,10/30/2020, 22:07:11,447
ELEVENMPV,ElevenMPV,8645,10/30/2020, 23:06:48,447
ELEVENMPV,ElevenMPV,8646,10/31/2020, 00:18:02,447
ELEVENMPV,ElevenMPV,8646,10/31/2020, 01:09:23,447
ELEVENMPV,ElevenMPV,8646,10/31/2020, 02:07:42,447
ELEVENMPV,ElevenMPV,8647,10/31/2020, 03:07:40,447
ELEVENMPV,ElevenMPV,8648,10/31/2020, 04:08:40,447
ELEVENMPV,ElevenMPV,8651,10/31/2020, 05:07:28,447
ELEVENMPV,ElevenMPV,8651,10/31/2020, 06:07:41,447
ELEVENMPV,ElevenMPV,8652,10/31/2020, 07:07:29,447
ELEVENMPV,ElevenMPV,8652,10/31/2020, 08:07:34,447
ELEVENMPV,ElevenMPV,8652,10/31/2020, 09:06:43,447
ELEVENMPV,ElevenMPV,8652,10/31/2020, 10:07:53,447
ELEVENMPV,ElevenMPV,8653,10/31/2020, 11:06:33,447
ELEVENMPV,ElevenMPV,8654,10/31/2020, 12:08:52,447
ELEVENMPV,ElevenMPV,8654,10/31/2020, 13:06:32,447
ELEVENMPV,ElevenMPV,8654,10/31/2020, 14:06:32,447
ELEVENMPV,ElevenMPV,8654,10/31/2020, 15:06:48,447
ELEVENMPV,ElevenMPV,8654,10/31/2020, 16:11:15,447
ELEVENMPV,ElevenMPV,8654,10/31/2020, 17:06:35,447
ELEVENMPV,ElevenMPV,8655,10/31/2020, 18:06:51,447
ELEVENMPV,ElevenMPV,8656,10/31/2020, 19:06:16,447
ELEVENMPV,ElevenMPV,8657,10/31/2020, 20:06:39,447
ELEVENMPV,ElevenMPV,8658,10/31/2020, 21:06:14,447
ELEVENMPV,ElevenMPV,8658,10/31/2020, 22:07:37,447
ELEVENMPV,ElevenMPV,8658,10/31/2020, 23:06:37,447
ELEVENMPV,ElevenMPV,8660,11/01/2020, 00:20:24,447
ELEVENMPV,ElevenMPV,8661,11/01/2020, 01:09:19,447
ELEVENMPV,ElevenMPV,8663,11/01/2020, 02:10:26,447
ELEVENMPV,ElevenMPV,8663,11/01/2020, 03:07:30,447
ELEVENMPV,ElevenMPV,8663,11/01/2020, 04:08:55,447
ELEVENMPV,ElevenMPV,8664,11/01/2020, 05:06:54,447
ELEVENMPV,ElevenMPV,8664,11/01/2020, 06:07:56,447
ELEVENMPV,ElevenMPV,8664,11/01/2020, 07:07:53,447
ELEVENMPV,ElevenMPV,8664,11/01/2020, 08:08:02,447
ELEVENMPV,ElevenMPV,8664,11/01/2020, 09:07:15,447
ELEVENMPV,ElevenMPV,8664,11/01/2020, 13:13:24,447
ELEVENMPV,ElevenMPV,8664,11/01/2020, 14:06:34,447
ELEVENMPV,ElevenMPV,8664,11/01/2020, 15:07:12,447
ELEVENMPV,ElevenMPV,8664,11/01/2020, 16:12:04,447
ELEVENMPV,ElevenMPV,8664,11/01/2020, 17:06:53,447
ELEVENMPV,ElevenMPV,8665,11/01/2020, 18:07:09,447
ELEVENMPV,ElevenMPV,8665,11/01/2020, 19:06:19,447
ELEVENMPV,ElevenMPV,8665,11/01/2020, 20:06:29,447
ELEVENMPV,ElevenMPV,8666,11/01/2020, 21:06:26,447
ELEVENMPV,ElevenMPV,8666,11/01/2020, 22:08:01,447
ELEVENMPV,ElevenMPV,8666,11/01/2020, 23:08:03,447
ELEVENMPV,ElevenMPV,8666,11/02/2020, 00:19:17,447
ELEVENMPV,ElevenMPV,8667,11/02/2020, 01:08:28,447
ELEVENMPV,ElevenMPV,8668,11/02/2020, 02:08:14,447
ELEVENMPV,ElevenMPV,8668,11/02/2020, 03:07:03,447
ELEVENMPV,ElevenMPV,8668,11/02/2020, 04:09:41,447
ELEVENMPV,ElevenMPV,8668,11/02/2020, 05:07:31,447
ELEVENMPV,ElevenMPV,8668,11/02/2020, 06:08:30,447
ELEVENMPV,ElevenMPV,8668,11/02/2020, 07:07:46,447
ELEVENMPV,ElevenMPV,8668,11/02/2020, 08:10:50,447
ELEVENMPV,ElevenMPV,8668,11/02/2020, 09:07:29,447
ELEVENMPV,ElevenMPV,8668,11/02/2020, 10:09:11,447
ELEVENMPV,ElevenMPV,8668,11/02/2020, 11:07:09,447
ELEVENMPV,ElevenMPV,8668,11/02/2020, 12:09:42,447
ELEVENMPV,ElevenMPV,8670,11/02/2020, 13:07:28,447
ELEVENMPV,ElevenMPV,8670,11/02/2020, 14:07:20,447
ELEVENMPV,ElevenMPV,8671,11/02/2020, 15:07:55,447
ELEVENMPV,ElevenMPV,8671,11/02/2020, 16:13:44,447
ELEVENMPV,ElevenMPV,8671,11/02/2020, 17:07:24,447
ELEVENMPV,ElevenMPV,8672,11/02/2020, 18:07:26,447
ELEVENMPV,ElevenMPV,8672,11/02/2020, 19:06:18,447
ELEVENMPV,ElevenMPV,8674,11/02/2020, 20:07:02,447
ELEVENMPV,ElevenMPV,8674,11/02/2020, 21:06:34,447
ELEVENMPV,ElevenMPV,8674,11/02/2020, 22:08:48,447
ELEVENMPV,ElevenMPV,8674,11/02/2020, 23:07:19,447
ELEVENMPV,ElevenMPV,8674,11/03/2020, 00:19:36,447
ELEVENMPV,ElevenMPV,8674,11/03/2020, 01:10:23,447
ELEVENMPV,ElevenMPV,8674,11/03/2020, 02:08:43,447
ELEVENMPV,ElevenMPV,8674,11/03/2020, 03:07:32,447
ELEVENMPV,ElevenMPV,8674,11/03/2020, 04:09:36,447
ELEVENMPV,ElevenMPV,8674,11/03/2020, 05:07:03,447
ELEVENMPV,ElevenMPV,8674,11/03/2020, 06:08:24,447
ELEVENMPV,ElevenMPV,8675,11/03/2020, 07:08:27,447
ELEVENMPV,ElevenMPV,8675,11/03/2020, 08:08:55,447
ELEVENMPV,ElevenMPV,8675,11/03/2020, 09:07:27,447
ELEVENMPV,ElevenMPV,8675,11/03/2020, 10:09:10,447
ELEVENMPV,ElevenMPV,8675,11/03/2020, 11:07:00,447
ELEVENMPV,ElevenMPV,8675,11/03/2020, 12:09:47,447
ELEVENMPV,ElevenMPV,8675,11/03/2020, 13:07:20,447
ELEVENMPV,ElevenMPV,8675,11/03/2020, 14:07:19,447
ELEVENMPV,ElevenMPV,8675,11/03/2020, 15:08:07,447
ELEVENMPV,ElevenMPV,8677,11/03/2020, 16:15:09,447
ELEVENMPV,ElevenMPV,8678,11/03/2020, 17:07:38,447
ELEVENMPV,ElevenMPV,8681,11/03/2020, 18:07:23,447
ELEVENMPV,ElevenMPV,8681,11/03/2020, 19:06:35,447
ELEVENMPV,ElevenMPV,8681,11/03/2020, 20:07:03,447
ELEVENMPV,ElevenMPV,8681,11/03/2020, 21:06:32,447
ELEVENMPV,ElevenMPV,8681,11/03/2020, 22:08:42,447
ELEVENMPV,ElevenMPV,8683,11/03/2020, 23:07:21,447
ELEVENMPV,ElevenMPV,8685,11/04/2020, 00:19:37,447
ELEVENMPV,ElevenMPV,8685,11/04/2020, 01:11:45,447
ELEVENMPV,ElevenMPV,8685,11/04/2020, 02:08:33,447
ELEVENMPV,ElevenMPV,8685,11/04/2020, 03:07:33,447
ELEVENMPV,ElevenMPV,8685,11/04/2020, 04:10:18,447
ELEVENMPV,ElevenMPV,8685,11/04/2020, 05:07:46,447
ELEVENMPV,ElevenMPV,8685,11/04/2020, 06:08:13,447
ELEVENMPV,ElevenMPV,8685,11/04/2020, 07:08:42,447
ELEVENMPV,ElevenMPV,8687,11/04/2020, 08:08:39,447
ELEVENMPV,ElevenMPV,8687,11/04/2020, 09:07:46,447
ELEVENMPV,ElevenMPV,8687,11/04/2020, 10:09:25,447
ELEVENMPV,ElevenMPV,8687,11/04/2020, 11:07:19,447
ELEVENMPV,ElevenMPV,8687,11/04/2020, 12:10:05,447
ELEVENMPV,ElevenMPV,8687,11/04/2020, 13:07:18,447
ELEVENMPV,ElevenMPV,8688,11/04/2020, 14:07:32,447
ELEVENMPV,ElevenMPV,8688,11/04/2020, 15:08:08,447
ELEVENMPV,ElevenMPV,8688,11/04/2020, 16:14:38,447
ELEVENMPV,ElevenMPV,8688,11/04/2020, 17:07:49,447
ELEVENMPV,ElevenMPV,8688,11/04/2020, 18:07:24,447
ELEVENMPV,ElevenMPV,8688,11/04/2020, 19:06:40,447
ELEVENMPV,ElevenMPV,8689,11/04/2020, 20:07:16,447
ELEVENMPV,ElevenMPV,8689,11/04/2020, 21:06:41,447
ELEVENMPV,ElevenMPV,8689,11/04/2020, 22:09:00,447
ELEVENMPV,ElevenMPV,8689,11/04/2020, 23:07:22,447
ELEVENMPV,ElevenMPV,8689,11/05/2020, 00:20:20,447
ELEVENMPV,ElevenMPV,8689,11/05/2020, 01:13:38,447
ELEVENMPV,ElevenMPV,8689,11/05/2020, 02:08:58,447
ELEVENMPV,ElevenMPV,8689,11/05/2020, 03:07:36,447
ELEVENMPV,ElevenMPV,8689,11/05/2020, 04:10:17,447
ELEVENMPV,ElevenMPV,8689,11/05/2020, 05:07:39,447
ELEVENMPV,ElevenMPV,8689,11/05/2020, 06:08:39,447
ELEVENMPV,ElevenMPV,8689,11/05/2020, 07:08:26,447
ELEVENMPV,ElevenMPV,8690,11/05/2020, 08:09:17,447
ELEVENMPV,ElevenMPV,8690,11/05/2020, 09:07:50,447
ELEVENMPV,ElevenMPV,8690,11/05/2020, 10:09:37,447
ELEVENMPV,ElevenMPV,8691,11/05/2020, 11:07:25,447
ELEVENMPV,ElevenMPV,8692,11/05/2020, 12:10:43,447
ELEVENMPV,ElevenMPV,8692,11/05/2020, 13:09:11,447
ELEVENMPV,ElevenMPV,8692,11/05/2020, 14:08:08,447
ELEVENMPV,ElevenMPV,8693,11/05/2020, 15:08:25,447
ELEVENMPV,ElevenMPV,8693,11/05/2020, 16:26:10,447
ELEVENMPV,ElevenMPV,8693,11/05/2020, 17:07:40,447
ELEVENMPV,ElevenMPV,8694,11/05/2020, 18:07:43,447
ELEVENMPV,ElevenMPV,8694,11/05/2020, 19:06:40,447
ELEVENMPV,ElevenMPV,8694,11/05/2020, 20:07:22,447
ELEVENMPV,ElevenMPV,8695,11/05/2020, 21:06:48,447
ELEVENMPV,ElevenMPV,8695,11/05/2020, 22:09:18,447
ELEVENMPV,ElevenMPV,8695,11/05/2020, 23:07:53,447
ELEVENMPV,ElevenMPV,8695,11/06/2020, 00:20:41,447
ELEVENMPV,ElevenMPV,8695,11/06/2020, 01:15:22,447
ELEVENMPV,ElevenMPV,8695,11/06/2020, 02:09:07,447
ELEVENMPV,ElevenMPV,8695,11/06/2020, 03:07:41,447
ELEVENMPV,ElevenMPV,8695,11/06/2020, 04:10:41,447
ELEVENMPV,ElevenMPV,8695,11/06/2020, 05:07:49,447
ELEVENMPV,ElevenMPV,8696,11/06/2020, 06:08:43,447
ELEVENMPV,ElevenMPV,8696,11/06/2020, 07:08:53,447
ELEVENMPV,ElevenMPV,8697,11/06/2020, 08:09:38,447
ELEVENMPV,ElevenMPV,8697,11/06/2020, 09:08:08,447
ELEVENMPV,ElevenMPV,8697,11/06/2020, 10:09:59,447
ELEVENMPV,ElevenMPV,8697,11/06/2020, 11:07:11,447
ELEVENMPV,ElevenMPV,8697,11/06/2020, 12:10:37,447
ELEVENMPV,ElevenMPV,8697,11/06/2020, 13:07:46,447
ELEVENMPV,ElevenMPV,8698,11/06/2020, 14:08:26,447
ELEVENMPV,ElevenMPV,8700,11/06/2020, 15:08:38,447
ELEVENMPV,ElevenMPV,8700,11/06/2020, 16:16:05,447
ELEVENMPV,ElevenMPV,8701,11/06/2020, 17:07:52,447
ELEVENMPV,ElevenMPV,8701,11/06/2020, 18:07:51,447
ELEVENMPV,ElevenMPV,8701,11/06/2020, 19:06:34,447
ELEVENMPV,ElevenMPV,8701,11/06/2020, 20:07:11,447
ELEVENMPV,ElevenMPV,8702,11/06/2020, 21:07:01,447
ELEVENMPV,ElevenMPV,8703,11/06/2020, 22:09:44,447
ELEVENMPV,ElevenMPV,8703,11/06/2020, 23:07:46,447
ELEVENMPV,ElevenMPV,8703,11/07/2020, 00:20:55,447
ELEVENMPV,ElevenMPV,8704,11/07/2020, 01:16:17,447
ELEVENMPV,ElevenMPV,8704,11/07/2020, 02:09:05,447
ELEVENMPV,ElevenMPV,8704,11/07/2020, 03:08:10,447
ELEVENMPV,ElevenMPV,8704,11/07/2020, 04:10:57,447
ELEVENMPV,ElevenMPV,8704,11/07/2020, 05:07:51,447
ELEVENMPV,ElevenMPV,8704,11/07/2020, 06:08:49,447
ELEVENMPV,ElevenMPV,8704,11/07/2020, 07:08:51,447
ELEVENMPV,ElevenMPV,8705,11/07/2020, 08:09:15,447
ELEVENMPV,ElevenMPV,8705,11/07/2020, 09:08:10,447
ELEVENMPV,ElevenMPV,8705,11/07/2020, 10:09:46,447
ELEVENMPV,ElevenMPV,8706,11/07/2020, 11:07:34,447
ELEVENMPV,ElevenMPV,8706,11/07/2020, 12:10:28,447
ELEVENMPV,ElevenMPV,8706,11/07/2020, 13:07:28,447
ELEVENMPV,ElevenMPV,8706,11/07/2020, 14:07:52,447
ELEVENMPV,ElevenMPV,8707,11/07/2020, 15:08:21,447
ELEVENMPV,ElevenMPV,8707,11/07/2020, 16:15:42,447
ELEVENMPV,ElevenMPV,8708,11/07/2020, 17:07:30,447
ELEVENMPV,ElevenMPV,8708,11/07/2020, 18:07:46,447
ELEVENMPV,ElevenMPV,8708,11/07/2020, 19:06:47,447
ELEVENMPV,ElevenMPV,8708,11/07/2020, 20:07:16,447
ELEVENMPV,ElevenMPV,8708,11/07/2020, 21:06:55,447
ELEVENMPV,ElevenMPV,8709,11/07/2020, 22:09:28,447
ELEVENMPV,ElevenMPV,8709,11/07/2020, 23:07:50,447
ELEVENMPV,ElevenMPV,8709,11/08/2020, 00:22:12,447
ELEVENMPV,ElevenMPV,8710,11/08/2020, 01:18:44,447
ELEVENMPV,ElevenMPV,8710,11/08/2020, 02:09:43,447
ELEVENMPV,ElevenMPV,8710,11/08/2020, 03:08:12,447
ELEVENMPV,ElevenMPV,8710,11/08/2020, 04:11:09,447
ELEVENMPV,ElevenMPV,8710,11/08/2020, 05:08:19,447
ELEVENMPV,ElevenMPV,8710,11/08/2020, 06:09:14,447
ELEVENMPV,ElevenMPV,8710,11/08/2020, 07:08:53,447
ELEVENMPV,ElevenMPV,8710,11/08/2020, 08:09:36,447
ELEVENMPV,ElevenMPV,8710,11/08/2020, 09:08:03,447
ELEVENMPV,ElevenMPV,8710,11/08/2020, 10:09:57,447
ELEVENMPV,ElevenMPV,8710,11/08/2020, 11:07:32,447
ELEVENMPV,ElevenMPV,8711,11/08/2020, 12:10:35,447
ELEVENMPV,ElevenMPV,8711,11/08/2020, 13:07:29,447
ELEVENMPV,ElevenMPV,8712,11/08/2020, 14:08:28,447
ELEVENMPV,ElevenMPV,8712,11/08/2020, 15:08:32,447
ELEVENMPV,ElevenMPV,8712,11/08/2020, 16:16:10,447
ELEVENMPV,ElevenMPV,8713,11/08/2020, 17:07:40,447
ELEVENMPV,ElevenMPV,8713,11/08/2020, 18:07:33,447
ELEVENMPV,ElevenMPV,8713,11/08/2020, 19:06:38,447
ELEVENMPV,ElevenMPV,8713,11/08/2020, 20:07:24,447
ELEVENMPV,ElevenMPV,8713,11/08/2020, 21:06:49,447
ELEVENMPV,ElevenMPV,8715,11/08/2020, 22:09:45,447
ELEVENMPV,ElevenMPV,8717,11/08/2020, 23:07:55,447
ELEVENMPV,ElevenMPV,8717,11/09/2020, 00:22:10,447
ELEVENMPV,ElevenMPV,8717,11/09/2020, 01:18:44,447
ELEVENMPV,ElevenMPV,8717,11/09/2020, 02:10:02,447
ELEVENMPV,ElevenMPV,8717,11/09/2020, 03:08:16,447
ELEVENMPV,ElevenMPV,8718,11/09/2020, 04:11:40,447
ELEVENMPV,ElevenMPV,8718,11/09/2020, 05:08:25,447
ELEVENMPV,ElevenMPV,8718,11/09/2020, 06:09:27,447
ELEVENMPV,ElevenMPV,8721,11/09/2020, 07:09:16,447
ELEVENMPV,ElevenMPV,8721,11/09/2020, 08:10:03,447
ELEVENMPV,ElevenMPV,8721,11/09/2020, 09:08:29,447
ELEVENMPV,ElevenMPV,8721,11/09/2020, 10:10:40,447
ELEVENMPV,ElevenMPV,8721,11/09/2020, 11:07:57,447
ELEVENMPV,ElevenMPV,8722,11/09/2020, 12:11:12,447
ELEVENMPV,ElevenMPV,8723,11/09/2020, 13:08:14,447
ELEVENMPV,ElevenMPV,8723,11/09/2020, 14:09:13,447
ELEVENMPV,ElevenMPV,8723,11/09/2020, 15:10:03,447
ELEVENMPV,ElevenMPV,8724,11/09/2020, 16:18:35,447
ELEVENMPV,ElevenMPV,8725,11/09/2020, 17:08:28,447
ELEVENMPV,ElevenMPV,8725,11/09/2020, 18:08:17,447
ELEVENMPV,ElevenMPV,8725,11/09/2020, 19:06:59,447
ELEVENMPV,ElevenMPV,8726,11/09/2020, 20:07:36,447
ELEVENMPV,ElevenMPV,8727,11/09/2020, 21:07:28,447
ELEVENMPV,ElevenMPV,8727,11/09/2020, 22:10:19,447
ELEVENMPV,ElevenMPV,8727,11/09/2020, 23:08:21,447
ELEVENMPV,ElevenMPV,8728,11/10/2020, 00:22:00,447
ELEVENMPV,ElevenMPV,8728,11/10/2020, 01:20:41,447
ELEVENMPV,ElevenMPV,8728,11/10/2020, 02:10:07,447
ELEVENMPV,ElevenMPV,8729,11/10/2020, 03:08:31,447
ELEVENMPV,ElevenMPV,8729,11/10/2020, 04:07:51,447
ELEVENMPV,ElevenMPV,8729,11/10/2020, 05:06:42,447
ELEVENMPV,ElevenMPV,8729,11/10/2020, 06:07:59,447
ELEVENMPV,ElevenMPV,8729,11/10/2020, 07:06:54,447
ELEVENMPV,ElevenMPV,8729,11/10/2020, 08:07:54,447
ELEVENMPV,ElevenMPV,8729,11/10/2020, 09:06:55,447
ELEVENMPV,ElevenMPV,8730,11/10/2020, 10:08:15,447
ELEVENMPV,ElevenMPV,8730,11/10/2020, 11:06:42,447
ELEVENMPV,ElevenMPV,8730,11/10/2020, 12:09:36,447
ELEVENMPV,ElevenMPV,8731,11/10/2020, 13:06:54,447
ELEVENMPV,ElevenMPV,8732,11/10/2020, 14:08:12,447
ELEVENMPV,ElevenMPV,8732,11/10/2020, 15:07:31,447
ELEVENMPV,ElevenMPV,8733,11/10/2020, 16:11:31,447
ELEVENMPV,ElevenMPV,8734,11/10/2020, 17:07:16,447
ELEVENMPV,ElevenMPV,8734,11/10/2020, 18:07:27,447
ELEVENMPV,ElevenMPV,8735,11/10/2020, 19:06:11,447
ELEVENMPV,ElevenMPV,8735,11/10/2020, 20:07:07,447
ELEVENMPV,ElevenMPV,8735,11/10/2020, 21:06:38,447
ELEVENMPV,ElevenMPV,8735,11/10/2020, 22:08:27,447
ELEVENMPV,ElevenMPV,8735,11/10/2020, 23:06:54,447
ELEVENMPV,ElevenMPV,8735,11/11/2020, 00:16:26,447
ELEVENMPV,ElevenMPV,8736,11/11/2020, 01:08:23,447
ELEVENMPV,ElevenMPV,8737,11/11/2020, 02:08:06,447
ELEVENMPV,ElevenMPV,8737,11/11/2020, 03:07:09,447
ELEVENMPV,ElevenMPV,8737,11/11/2020, 04:08:35,447
ELEVENMPV,ElevenMPV,8738,11/11/2020, 05:07:05,447
ELEVENMPV,ElevenMPV,8739,11/11/2020, 06:08:08,447
ELEVENMPV,ElevenMPV,8740,11/11/2020, 07:07:52,447
ELEVENMPV,ElevenMPV,8740,11/11/2020, 08:08:22,447
ELEVENMPV,ElevenMPV,8740,11/11/2020, 09:07:29,447
ELEVENMPV,ElevenMPV,8740,11/11/2020, 10:08:18,447
ELEVENMPV,ElevenMPV,8740,11/11/2020, 11:07:01,447
ELEVENMPV,ElevenMPV,8740,11/11/2020, 12:09:38,447
ELEVENMPV,ElevenMPV,8740,11/11/2020, 13:06:56,447
ELEVENMPV,ElevenMPV,8740,11/11/2020, 14:08:13,447
ELEVENMPV,ElevenMPV,8740,11/11/2020, 15:07:45,447
ELEVENMPV,ElevenMPV,8740,11/11/2020, 16:11:44,447
ELEVENMPV,ElevenMPV,8740,11/11/2020, 17:06:51,447
ELEVENMPV,ElevenMPV,8740,11/11/2020, 18:07:41,447
ELEVENMPV,ElevenMPV,8740,11/11/2020, 19:06:40,447
ELEVENMPV,ElevenMPV,8740,11/11/2020, 20:07:19,447
ELEVENMPV,ElevenMPV,8740,11/11/2020, 21:06:46,447
ELEVENMPV,ElevenMPV,8740,11/11/2020, 22:08:34,447
ELEVENMPV,ElevenMPV,8742,11/11/2020, 23:07:17,447
ELEVENMPV,ElevenMPV,8742,11/12/2020, 00:19:39,447
ELEVENMPV,ElevenMPV,8742,11/12/2020, 01:09:19,447
ELEVENMPV,ElevenMPV,8743,11/12/2020, 02:08:32,447
ELEVENMPV,ElevenMPV,8744,11/12/2020, 03:07:19,447
ELEVENMPV,ElevenMPV,8744,11/12/2020, 04:08:52,447
ELEVENMPV,ElevenMPV,8745,11/12/2020, 05:07:21,447
ELEVENMPV,ElevenMPV,8745,11/12/2020, 06:08:35,447
ELEVENMPV,ElevenMPV,8745,11/12/2020, 07:07:41,447
ELEVENMPV,ElevenMPV,8746,11/12/2020, 08:09:00,447
ELEVENMPV,ElevenMPV,8746,11/12/2020, 09:07:47,447
ELEVENMPV,ElevenMPV,8746,11/12/2020, 10:08:39,447
ELEVENMPV,ElevenMPV,8746,11/12/2020, 11:07:07,447
ELEVENMPV,ElevenMPV,8746,11/12/2020, 12:09:54,447
ELEVENMPV,ElevenMPV,8747,11/12/2020, 13:07:13,447
ELEVENMPV,ElevenMPV,8748,11/12/2020, 14:08:35,447
ELEVENMPV,ElevenMPV,8749,11/12/2020, 15:08:20,447
ELEVENMPV,ElevenMPV,8749,11/12/2020, 16:13:18,447
ELEVENMPV,ElevenMPV,8752,11/12/2020, 17:07:41,447
ELEVENMPV,ElevenMPV,8752,11/12/2020, 18:07:57,447
ELEVENMPV,ElevenMPV,8752,11/12/2020, 19:06:51,447
ELEVENMPV,ElevenMPV,8752,11/12/2020, 20:07:13,447
ELEVENMPV,ElevenMPV,8752,11/12/2020, 21:06:49,447
ELEVENMPV,ElevenMPV,8752,11/12/2020, 22:08:41,447
ELEVENMPV,ElevenMPV,8753,11/12/2020, 23:07:20,447
ELEVENMPV,ElevenMPV,8753,11/13/2020, 00:19:03,447
ELEVENMPV,ElevenMPV,8753,11/13/2020, 01:11:30,447
ELEVENMPV,ElevenMPV,8753,11/13/2020, 02:08:52,447
ELEVENMPV,ElevenMPV,8753,11/13/2020, 03:07:49,447
ELEVENMPV,ElevenMPV,8753,11/13/2020, 04:09:39,447
ELEVENMPV,ElevenMPV,8753,11/13/2020, 05:07:26,447
ELEVENMPV,ElevenMPV,8753,11/13/2020, 06:08:54,447
ELEVENMPV,ElevenMPV,8753,11/13/2020, 07:07:45,447
ELEVENMPV,ElevenMPV,8753,11/13/2020, 08:08:44,447
ELEVENMPV,ElevenMPV,8753,11/13/2020, 09:08:02,447
ELEVENMPV,ElevenMPV,8753,11/13/2020, 10:08:19,447
ELEVENMPV,ElevenMPV,8753,11/13/2020, 11:07:19,447
ELEVENMPV,ElevenMPV,8753,11/13/2020, 12:09:59,447
ELEVENMPV,ElevenMPV,8753,11/13/2020, 13:07:18,447
ELEVENMPV,ElevenMPV,8753,11/13/2020, 14:08:21,447
ELEVENMPV,ElevenMPV,8753,11/13/2020, 15:08:21,447
ELEVENMPV,ElevenMPV,8754,11/13/2020, 16:11:36,447
ELEVENMPV,ElevenMPV,8754,11/13/2020, 17:07:36,447
ELEVENMPV,ElevenMPV,8754,11/13/2020, 18:07:56,447
ELEVENMPV,ElevenMPV,8754,11/13/2020, 19:06:47,447
ELEVENMPV,ElevenMPV,8754,11/13/2020, 20:07:34,447
ELEVENMPV,ElevenMPV,8755,11/13/2020, 21:06:42,447
ELEVENMPV,ElevenMPV,8755,11/13/2020, 22:08:55,447
ELEVENMPV,ElevenMPV,8756,11/13/2020, 23:07:27,447
ELEVENMPV,ElevenMPV,8756,11/14/2020, 00:20:07,447
ELEVENMPV,ElevenMPV,8756,11/14/2020, 01:12:17,447
ELEVENMPV,ElevenMPV,8756,11/14/2020, 02:11:50,447
ELEVENMPV,ElevenMPV,8756,11/14/2020, 03:07:50,447
ELEVENMPV,ElevenMPV,8756,11/14/2020, 04:08:43,447
ELEVENMPV,ElevenMPV,8756,11/14/2020, 05:07:16,447
ELEVENMPV,ElevenMPV,8756,11/14/2020, 06:08:33,447
ELEVENMPV,ElevenMPV,8758,11/14/2020, 07:07:28,447
ELEVENMPV,ElevenMPV,8758,11/14/2020, 08:08:46,447
ELEVENMPV,ElevenMPV,8758,11/14/2020, 09:07:55,447
ELEVENMPV,ElevenMPV,8758,11/14/2020, 10:08:16,447
ELEVENMPV,ElevenMPV,8758,11/14/2020, 11:07:23,447
ELEVENMPV,ElevenMPV,8758,11/14/2020, 12:09:10,447
ELEVENMPV,ElevenMPV,8759,11/14/2020, 13:07:04,447
ELEVENMPV,ElevenMPV,8760,11/14/2020, 14:07:54,447
ELEVENMPV,ElevenMPV,8760,11/14/2020, 15:07:52,447
ELEVENMPV,ElevenMPV,8761,11/14/2020, 16:10:59,447
ELEVENMPV,ElevenMPV,8761,11/14/2020, 17:06:52,447
ELEVENMPV,ElevenMPV,8762,11/14/2020, 18:07:34,447
ELEVENMPV,ElevenMPV,8762,11/14/2020, 19:06:42,447
ELEVENMPV,ElevenMPV,8762,11/14/2020, 20:07:15,447
ELEVENMPV,ElevenMPV,8762,11/14/2020, 21:06:49,447
ELEVENMPV,ElevenMPV,8762,11/14/2020, 22:08:19,447
ELEVENMPV,ElevenMPV,8764,11/14/2020, 23:07:25,447
ELEVENMPV,ElevenMPV,8765,11/15/2020, 00:21:21,447
ELEVENMPV,ElevenMPV,8765,11/15/2020, 01:16:27,447
ELEVENMPV,ElevenMPV,8767,11/15/2020, 02:09:01,447
ELEVENMPV,ElevenMPV,8767,11/15/2020, 03:07:42,447
ELEVENMPV,ElevenMPV,8767,11/15/2020, 04:08:56,447
ELEVENMPV,ElevenMPV,8768,11/15/2020, 05:07:28,447
ELEVENMPV,ElevenMPV,8768,11/15/2020, 06:08:55,447
ELEVENMPV,ElevenMPV,8768,11/15/2020, 07:07:48,447
ELEVENMPV,ElevenMPV,8768,11/15/2020, 08:08:41,447
ELEVENMPV,ElevenMPV,8768,11/15/2020, 09:07:34,447
ELEVENMPV,ElevenMPV,8770,11/15/2020, 10:08:02,447
ELEVENMPV,ElevenMPV,8770,11/15/2020, 11:07:32,447
ELEVENMPV,ElevenMPV,8770,11/15/2020, 12:09:51,447
ELEVENMPV,ElevenMPV,8771,11/15/2020, 13:06:49,447
ELEVENMPV,ElevenMPV,8771,11/15/2020, 14:08:01,447
ELEVENMPV,ElevenMPV,8771,11/15/2020, 15:07:21,447
ELEVENMPV,ElevenMPV,8771,11/15/2020, 16:11:08,447
ELEVENMPV,ElevenMPV,8771,11/15/2020, 17:07:03,447
ELEVENMPV,ElevenMPV,8772,11/15/2020, 18:07:37,447
ELEVENMPV,ElevenMPV,8772,11/15/2020, 19:06:28,447
ELEVENMPV,ElevenMPV,8773,11/15/2020, 20:07:30,447
ELEVENMPV,ElevenMPV,8773,11/15/2020, 21:06:37,447
ELEVENMPV,ElevenMPV,8775,11/15/2020, 22:08:34,447
ELEVENMPV,ElevenMPV,8776,11/15/2020, 23:07:35,447
ELEVENMPV,ElevenMPV,8778,11/16/2020, 00:20:59,447
ELEVENMPV,ElevenMPV,8778,11/16/2020, 01:14:19,447
ELEVENMPV,ElevenMPV,8779,11/16/2020, 02:10:40,447
ELEVENMPV,ElevenMPV,8779,11/16/2020, 03:07:51,447
ELEVENMPV,ElevenMPV,8779,11/16/2020, 04:09:17,447
ELEVENMPV,ElevenMPV,8779,11/16/2020, 05:07:45,447
ELEVENMPV,ElevenMPV,8780,11/16/2020, 06:08:51,447
ELEVENMPV,ElevenMPV,8780,11/16/2020, 07:07:53,447
ELEVENMPV,ElevenMPV,8781,11/16/2020, 08:09:10,447
ELEVENMPV,ElevenMPV,8781,11/16/2020, 09:08:10,447
ELEVENMPV,ElevenMPV,8781,11/16/2020, 10:09:03,447
ELEVENMPV,ElevenMPV,8781,11/16/2020, 11:07:30,447
ELEVENMPV,ElevenMPV,8781,11/16/2020, 12:10:18,447
ELEVENMPV,ElevenMPV,8782,11/16/2020, 13:07:26,447
ELEVENMPV,ElevenMPV,8782,11/16/2020, 14:09:24,447
ELEVENMPV,ElevenMPV,8782,11/16/2020, 15:08:24,447
ELEVENMPV,ElevenMPV,8783,11/16/2020, 16:13:18,447
ELEVENMPV,ElevenMPV,8784,11/16/2020, 17:13:46,447
ELEVENMPV,ElevenMPV,8784,11/16/2020, 18:08:12,447
ELEVENMPV,ElevenMPV,8784,11/16/2020, 19:06:42,447
ELEVENMPV,ElevenMPV,8784,11/16/2020, 20:07:35,447
ELEVENMPV,ElevenMPV,8784,11/16/2020, 21:07:13,447
ELEVENMPV,ElevenMPV,8784,11/16/2020, 22:08:58,447
ELEVENMPV,ElevenMPV,8784,11/16/2020, 23:06:55,447
ELEVENMPV,ElevenMPV,8785,11/17/2020, 00:20:41,447
ELEVENMPV,ElevenMPV,8785,11/17/2020, 01:14:45,447
ELEVENMPV,ElevenMPV,8787,11/17/2020, 02:09:10,447
ELEVENMPV,ElevenMPV,8787,11/17/2020, 03:07:40,447
ELEVENMPV,ElevenMPV,8787,11/17/2020, 04:09:13,447
ELEVENMPV,ElevenMPV,8788,11/17/2020, 05:07:51,447
ELEVENMPV,ElevenMPV,8789,11/17/2020, 06:09:01,447
ELEVENMPV,ElevenMPV,8789,11/17/2020, 07:08:01,447
ELEVENMPV,ElevenMPV,8789,11/17/2020, 08:09:26,447
ELEVENMPV,ElevenMPV,8789,11/17/2020, 09:07:53,447
ELEVENMPV,ElevenMPV,8789,11/17/2020, 10:09:55,447
ELEVENMPV,ElevenMPV,8789,11/17/2020, 11:07:32,447
ELEVENMPV,ElevenMPV,8790,11/17/2020, 12:10:08,447
ELEVENMPV,ElevenMPV,8790,11/17/2020, 13:07:31,447
ELEVENMPV,ElevenMPV,8790,11/17/2020, 14:10:16,447
ELEVENMPV,ElevenMPV,8790,11/17/2020, 15:08:57,447
ELEVENMPV,ElevenMPV,8790,11/17/2020, 16:13:37,447
ELEVENMPV,ElevenMPV,8790,11/17/2020, 17:07:54,447
ELEVENMPV,ElevenMPV,8790,11/17/2020, 18:08:06,447
ELEVENMPV,ElevenMPV,8790,11/17/2020, 19:06:49,447
ELEVENMPV,ElevenMPV,8790,11/17/2020, 20:10:04,447
ELEVENMPV,ElevenMPV,8791,11/17/2020, 21:07:03,447
ELEVENMPV,ElevenMPV,8792,11/17/2020, 22:09:15,447
ELEVENMPV,ElevenMPV,8792,11/17/2020, 23:07:40,447
ELEVENMPV,ElevenMPV,8792,11/18/2020, 00:21:03,447
ELEVENMPV,ElevenMPV,8792,11/18/2020, 01:15:50,447
ELEVENMPV,ElevenMPV,8792,11/18/2020, 02:09:19,447
ELEVENMPV,ElevenMPV,8793,11/18/2020, 03:07:56,447
ELEVENMPV,ElevenMPV,8794,11/18/2020, 04:09:35,447
ELEVENMPV,ElevenMPV,8794,11/18/2020, 05:07:48,447
ELEVENMPV,ElevenMPV,8794,11/18/2020, 06:09:15,447
ELEVENMPV,ElevenMPV,8794,11/18/2020, 07:08:35,447
ELEVENMPV,ElevenMPV,8794,11/18/2020, 08:09:35,447
ELEVENMPV,ElevenMPV,8794,11/18/2020, 09:07:57,447
ELEVENMPV,ElevenMPV,8794,11/18/2020, 10:09:10,447
ELEVENMPV,ElevenMPV,8794,11/18/2020, 11:07:25,447
ELEVENMPV,ElevenMPV,8794,11/18/2020, 12:10:16,447
ELEVENMPV,ElevenMPV,8794,11/18/2020, 13:07:34,447
ELEVENMPV,ElevenMPV,8794,11/18/2020, 14:09:42,447
ELEVENMPV,ElevenMPV,8794,11/18/2020, 15:08:02,447
ELEVENMPV,ElevenMPV,8794,11/18/2020, 16:12:33,447
ELEVENMPV,ElevenMPV,8794,11/18/2020, 17:08:10,447
ELEVENMPV,ElevenMPV,8795,11/18/2020, 18:08:15,447
ELEVENMPV,ElevenMPV,8795,11/18/2020, 19:07:06,447
ELEVENMPV,ElevenMPV,8796,11/18/2020, 20:07:45,447
ELEVENMPV,ElevenMPV,8796,11/18/2020, 21:07:27,447
ELEVENMPV,ElevenMPV,8797,11/18/2020, 22:09:24,447
ELEVENMPV,ElevenMPV,8799,11/18/2020, 23:09:32,447
ELEVENMPV,ElevenMPV,8799,11/19/2020, 00:21:04,447
ELEVENMPV,ElevenMPV,8799,11/19/2020, 01:16:14,447
ELEVENMPV,ElevenMPV,8800,11/19/2020, 02:09:22,447
ELEVENMPV,ElevenMPV,8800,11/19/2020, 03:08:19,447
ELEVENMPV,ElevenMPV,8800,11/19/2020, 04:09:40,447
ELEVENMPV,ElevenMPV,8800,11/19/2020, 05:07:56,447
ELEVENMPV,ElevenMPV,8801,11/19/2020, 06:09:26,447
ELEVENMPV,ElevenMPV,8801,11/19/2020, 07:08:04,447
ELEVENMPV,ElevenMPV,8801,11/19/2020, 08:09:19,447
ELEVENMPV,ElevenMPV,8801,11/19/2020, 09:17:34,447
ELEVENMPV,ElevenMPV,8801,11/19/2020, 10:09:33,447
ELEVENMPV,ElevenMPV,8801,11/19/2020, 11:07:37,447
ELEVENMPV,ElevenMPV,8801,11/19/2020, 12:10:37,447
ELEVENMPV,ElevenMPV,8801,11/19/2020, 13:07:35,447
ELEVENMPV,ElevenMPV,8801,11/19/2020, 14:10:12,447
ELEVENMPV,ElevenMPV,8801,11/19/2020, 15:09:14,447
ELEVENMPV,ElevenMPV,8801,11/19/2020, 16:15:00,447
ELEVENMPV,ElevenMPV,8803,11/19/2020, 17:08:21,447
ELEVENMPV,ElevenMPV,8804,11/19/2020, 18:09:03,447
ELEVENMPV,ElevenMPV,8804,11/19/2020, 19:06:52,447
ELEVENMPV,ElevenMPV,8804,11/19/2020, 20:08:10,447
ELEVENMPV,ElevenMPV,8804,11/19/2020, 21:07:22,447
ELEVENMPV,ElevenMPV,8804,11/19/2020, 22:09:31,447
ELEVENMPV,ElevenMPV,8804,11/19/2020, 23:07:48,447
ELEVENMPV,ElevenMPV,8804,11/20/2020, 00:21:24,447
ELEVENMPV,ElevenMPV,8804,11/20/2020, 01:17:20,447
ELEVENMPV,ElevenMPV,8804,11/20/2020, 02:09:47,447
ELEVENMPV,ElevenMPV,8804,11/20/2020, 03:08:15,447
ELEVENMPV,ElevenMPV,8804,11/20/2020, 04:09:40,447
ELEVENMPV,ElevenMPV,8804,11/20/2020, 05:07:52,447
ELEVENMPV,ElevenMPV,8804,11/20/2020, 06:09:18,447
ELEVENMPV,ElevenMPV,8804,11/20/2020, 07:12:44,447
ELEVENMPV,ElevenMPV,8805,11/20/2020, 08:09:39,447
ELEVENMPV,ElevenMPV,8805,11/20/2020, 09:08:24,447
ELEVENMPV,ElevenMPV,8806,11/20/2020, 10:09:21,447
ELEVENMPV,ElevenMPV,8806,11/20/2020, 11:07:42,447
ELEVENMPV,ElevenMPV,8806,11/20/2020, 12:10:34,447
ELEVENMPV,ElevenMPV,8807,11/20/2020, 13:07:30,447
ELEVENMPV,ElevenMPV,8807,11/20/2020, 14:09:18,447
ELEVENMPV,ElevenMPV,8807,11/20/2020, 15:08:08,447
ELEVENMPV,ElevenMPV,8807,11/20/2020, 16:12:42,447
ELEVENMPV,ElevenMPV,8807,11/20/2020, 17:08:17,447
ELEVENMPV,ElevenMPV,8808,11/20/2020, 18:08:11,447
ELEVENMPV,ElevenMPV,8808,11/20/2020, 19:07:03,447
ELEVENMPV,ElevenMPV,8809,11/20/2020, 20:07:52,447
ELEVENMPV,ElevenMPV,8810,11/20/2020, 21:07:35,447
ELEVENMPV,ElevenMPV,8811,11/20/2020, 22:09:38,447
ELEVENMPV,ElevenMPV,8812,11/20/2020, 23:07:46,447
ELEVENMPV,ElevenMPV,8814,11/21/2020, 00:21:31,447
ELEVENMPV,ElevenMPV,8814,11/21/2020, 01:17:00,447
ELEVENMPV,ElevenMPV,8814,11/21/2020, 02:09:46,447
ELEVENMPV,ElevenMPV,8814,11/21/2020, 03:08:13,447
ELEVENMPV,ElevenMPV,8814,11/21/2020, 04:10:15,447
ELEVENMPV,ElevenMPV,8814,11/21/2020, 05:07:50,447
ELEVENMPV,ElevenMPV,8814,11/21/2020, 06:09:46,447
ELEVENMPV,ElevenMPV,8814,11/21/2020, 07:08:17,447
ELEVENMPV,ElevenMPV,8814,11/21/2020, 08:09:12,447
ELEVENMPV,ElevenMPV,8814,11/21/2020, 09:07:47,447
ELEVENMPV,ElevenMPV,8814,11/21/2020, 10:08:58,447
ELEVENMPV,ElevenMPV,8814,11/21/2020, 11:07:54,447
ELEVENMPV,ElevenMPV,8814,11/21/2020, 12:09:55,447
ELEVENMPV,ElevenMPV,8814,11/21/2020, 13:07:30,447
ELEVENMPV,ElevenMPV,8815,11/21/2020, 14:08:51,447
ELEVENMPV,ElevenMPV,8815,11/21/2020, 15:07:39,447
ELEVENMPV,ElevenMPV,8815,11/21/2020, 16:12:04,447
ELEVENMPV,ElevenMPV,8815,11/21/2020, 17:07:03,447
ELEVENMPV,ElevenMPV,8815,11/21/2020, 18:07:59,447
ELEVENMPV,ElevenMPV,8815,11/21/2020, 19:06:39,447
ELEVENMPV,ElevenMPV,8817,11/21/2020, 20:07:41,447
ELEVENMPV,ElevenMPV,8817,11/21/2020, 21:07:21,447
ELEVENMPV,ElevenMPV,8818,11/21/2020, 22:11:11,447
ELEVENMPV,ElevenMPV,8819,11/21/2020, 23:07:52,447
ELEVENMPV,ElevenMPV,8819,11/22/2020, 00:22:56,447
ELEVENMPV,ElevenMPV,8819,11/22/2020, 01:19:41,447
ELEVENMPV,ElevenMPV,8819,11/22/2020, 02:09:56,447
ELEVENMPV,ElevenMPV,8820,11/22/2020, 03:08:05,447
ELEVENMPV,ElevenMPV,8821,11/22/2020, 04:09:38,447
ELEVENMPV,ElevenMPV,8822,11/22/2020, 05:08:02,447
ELEVENMPV,ElevenMPV,8822,11/22/2020, 06:09:44,447
ELEVENMPV,ElevenMPV,8822,11/22/2020, 07:08:28,447
ELEVENMPV,ElevenMPV,8822,11/22/2020, 08:09:14,447
ELEVENMPV,ElevenMPV,8822,11/22/2020, 09:08:14,447
ELEVENMPV,ElevenMPV,8822,11/22/2020, 10:08:54,447
ELEVENMPV,ElevenMPV,8822,11/22/2020, 11:07:57,447
ELEVENMPV,ElevenMPV,8822,11/22/2020, 12:10:17,447
ELEVENMPV,ElevenMPV,8822,11/22/2020, 13:07:24,447
ELEVENMPV,ElevenMPV,8822,11/22/2020, 14:08:48,447
ELEVENMPV,ElevenMPV,8824,11/22/2020, 15:07:51,447
ELEVENMPV,ElevenMPV,8824,11/22/2020, 16:12:13,447
ELEVENMPV,ElevenMPV,8825,11/22/2020, 17:07:05,447
ELEVENMPV,ElevenMPV,8825,11/22/2020, 18:07:59,447
ELEVENMPV,ElevenMPV,8825,11/22/2020, 19:06:55,447
ELEVENMPV,ElevenMPV,8826,11/22/2020, 20:07:46,447
ELEVENMPV,ElevenMPV,8826,11/22/2020, 21:07:10,447
ELEVENMPV,ElevenMPV,8826,11/22/2020, 22:09:35,447
ELEVENMPV,ElevenMPV,8826,11/22/2020, 23:07:52,447
ELEVENMPV,ElevenMPV,8826,11/23/2020, 00:22:34,447
ELEVENMPV,ElevenMPV,8827,11/23/2020, 01:19:43,447
ELEVENMPV,ElevenMPV,8829,11/23/2020, 02:10:11,447
ELEVENMPV,ElevenMPV,8829,11/23/2020, 03:08:01,447
ELEVENMPV,ElevenMPV,8829,11/23/2020, 04:10:18,447
ELEVENMPV,ElevenMPV,8829,11/23/2020, 05:08:25,447
ELEVENMPV,ElevenMPV,8829,11/23/2020, 06:10:03,447
ELEVENMPV,ElevenMPV,8830,11/23/2020, 07:08:28,447
ELEVENMPV,ElevenMPV,8830,11/23/2020, 08:11:47,447
ELEVENMPV,ElevenMPV,8830,11/23/2020, 09:08:35,447
ELEVENMPV,ElevenMPV,8830,11/23/2020, 10:09:29,447
ELEVENMPV,ElevenMPV,8830,11/23/2020, 11:07:58,447
ELEVENMPV,ElevenMPV,8831,11/23/2020, 12:11:11,447
ELEVENMPV,ElevenMPV,8831,11/23/2020, 13:08:13,447
ELEVENMPV,ElevenMPV,8831,11/23/2020, 14:10:05,447
ELEVENMPV,ElevenMPV,8831,11/23/2020, 15:08:52,447
ELEVENMPV,ElevenMPV,8831,11/23/2020, 16:13:37,447
ELEVENMPV,ElevenMPV,8831,11/23/2020, 17:06:02,447
ELEVENMPV,ElevenMPV,8831,11/23/2020, 18:09:09,447
ELEVENMPV,ElevenMPV,8831,11/23/2020, 19:07:09,447
ELEVENMPV,ElevenMPV,8831,11/23/2020, 20:08:22,447
ELEVENMPV,ElevenMPV,8832,11/23/2020, 21:07:26,447
ELEVENMPV,ElevenMPV,8832,11/23/2020, 22:09:47,447
ELEVENMPV,ElevenMPV,8832,11/23/2020, 23:08:13,447
ELEVENMPV,ElevenMPV,8832,11/24/2020, 00:22:13,447
ELEVENMPV,ElevenMPV,8832,11/24/2020, 01:19:21,447
ELEVENMPV,ElevenMPV,8833,11/24/2020, 02:10:00,447
ELEVENMPV,ElevenMPV,8836,11/24/2020, 03:08:19,447
ELEVENMPV,ElevenMPV,8836,11/24/2020, 04:10:08,447
ELEVENMPV,ElevenMPV,8836,11/24/2020, 05:08:25,447
ELEVENMPV,ElevenMPV,8836,11/24/2020, 06:09:57,447
ELEVENMPV,ElevenMPV,8836,11/24/2020, 07:08:42,447
ELEVENMPV,ElevenMPV,8836,11/24/2020, 08:10:01,447
ELEVENMPV,ElevenMPV,8836,11/24/2020, 09:08:44,447
ELEVENMPV,ElevenMPV,8838,11/24/2020, 10:09:42,447
ELEVENMPV,ElevenMPV,8839,11/24/2020, 11:08:13,447
ELEVENMPV,ElevenMPV,8839,11/24/2020, 12:11:03,447
ELEVENMPV,ElevenMPV,8839,11/24/2020, 13:07:56,447
ELEVENMPV,ElevenMPV,8839,11/24/2020, 14:09:17,447
ELEVENMPV,ElevenMPV,8839,11/24/2020, 15:08:40,447
ELEVENMPV,ElevenMPV,8839,11/24/2020, 16:14:23,447
ELEVENMPV,ElevenMPV,8839,11/24/2020, 17:08:04,447
ELEVENMPV,ElevenMPV,8839,11/24/2020, 18:08:46,447
ELEVENMPV,ElevenMPV,8840,11/24/2020, 19:07:27,447
ELEVENMPV,ElevenMPV,8840,11/24/2020, 20:08:21,447
ELEVENMPV,ElevenMPV,8842,11/24/2020, 21:07:22,447
ELEVENMPV,ElevenMPV,8842,11/24/2020, 22:09:54,447
ELEVENMPV,ElevenMPV,8842,11/24/2020, 23:08:11,447
ELEVENMPV,ElevenMPV,8842,11/25/2020, 00:22:29,447
ELEVENMPV,ElevenMPV,8842,11/25/2020, 01:20:25,447
ELEVENMPV,ElevenMPV,8843,11/25/2020, 02:10:07,447
ELEVENMPV,ElevenMPV,8844,11/25/2020, 03:08:32,447
ELEVENMPV,ElevenMPV,8845,11/25/2020, 04:10:17,447
ELEVENMPV,ElevenMPV,8845,11/25/2020, 05:08:31,447
ELEVENMPV,ElevenMPV,8846,11/25/2020, 06:10:14,447
ELEVENMPV,ElevenMPV,8846,11/25/2020, 07:08:53,447
ELEVENMPV,ElevenMPV,8846,11/25/2020, 08:09:49,447
ELEVENMPV,ElevenMPV,8846,11/25/2020, 09:08:54,447
ELEVENMPV,ElevenMPV,8847,11/25/2020, 10:09:41,447
ELEVENMPV,ElevenMPV,8847,11/25/2020, 11:07:46,447
ELEVENMPV,ElevenMPV,8847,11/25/2020, 12:11:11,447
ELEVENMPV,ElevenMPV,8847,11/25/2020, 13:08:04,447
ELEVENMPV,ElevenMPV,8847,11/25/2020, 14:09:52,447
ELEVENMPV,ElevenMPV,8847,11/25/2020, 15:08:37,447
ELEVENMPV,ElevenMPV,8848,11/25/2020, 16:13:37,447
ELEVENMPV,ElevenMPV,8848,11/25/2020, 17:07:01,447
ELEVENMPV,ElevenMPV,8848,11/25/2020, 18:08:49,447
ELEVENMPV,ElevenMPV,8850,11/25/2020, 19:07:03,447
ELEVENMPV,ElevenMPV,8850,11/25/2020, 20:08:31,447
ELEVENMPV,ElevenMPV,8850,11/25/2020, 21:07:33,447
ELEVENMPV,ElevenMPV,8851,11/25/2020, 22:09:52,447
ELEVENMPV,ElevenMPV,8851,11/25/2020, 23:08:21,447
ELEVENMPV,ElevenMPV,8851,11/26/2020, 00:22:16,447
ELEVENMPV,ElevenMPV,8852,11/26/2020, 01:20:41,447
ELEVENMPV,ElevenMPV,8854,11/26/2020, 02:10:14,447
ELEVENMPV,ElevenMPV,8855,11/26/2020, 03:08:44,447
ELEVENMPV,ElevenMPV,8855,11/26/2020, 04:10:06,447
ELEVENMPV,ElevenMPV,8856,11/26/2020, 05:08:13,447
ELEVENMPV,ElevenMPV,8856,11/26/2020, 06:10:15,447
ELEVENMPV,ElevenMPV,8856,11/26/2020, 07:08:43,447
ELEVENMPV,ElevenMPV,8856,11/26/2020, 08:10:07,447
ELEVENMPV,ElevenMPV,8856,11/26/2020, 09:08:48,447
ELEVENMPV,ElevenMPV,8857,11/26/2020, 10:09:32,447
ELEVENMPV,ElevenMPV,8857,11/26/2020, 11:08:18,447
ELEVENMPV,ElevenMPV,8857,11/26/2020, 12:11:11,447
ELEVENMPV,ElevenMPV,8857,11/26/2020, 13:07:57,447
ELEVENMPV,ElevenMPV,8857,11/26/2020, 14:09:50,447
ELEVENMPV,ElevenMPV,8857,11/26/2020, 15:08:44,447
ELEVENMPV,ElevenMPV,8857,11/26/2020, 16:13:32,447
ELEVENMPV,ElevenMPV,8857,11/26/2020, 17:07:32,447
ELEVENMPV,ElevenMPV,8857,11/26/2020, 18:08:48,447
ELEVENMPV,ElevenMPV,8857,11/26/2020, 19:07:09,447
ELEVENMPV,ElevenMPV,8857,11/26/2020, 20:08:46,447
ELEVENMPV,ElevenMPV,8857,11/26/2020, 21:07:22,447
ELEVENMPV,ElevenMPV,8857,11/26/2020, 22:09:44,447
ELEVENMPV,ElevenMPV,8857,11/26/2020, 23:08:31,447
ELEVENMPV,ElevenMPV,8857,11/27/2020, 00:23:41,447
ELEVENMPV,ElevenMPV,8857,11/27/2020, 01:23:06,447
ELEVENMPV,ElevenMPV,8857,11/27/2020, 02:10:13,447
ELEVENMPV,ElevenMPV,8861,11/27/2020, 03:09:02,447
ELEVENMPV,ElevenMPV,8864,11/27/2020, 04:11:04,447
ELEVENMPV,ElevenMPV,8864,11/27/2020, 05:08:42,447
ELEVENMPV,ElevenMPV,8864,11/27/2020, 06:10:22,447
ELEVENMPV,ElevenMPV,8865,11/27/2020, 07:08:47,447
ELEVENMPV,ElevenMPV,8865,11/27/2020, 08:11:07,447
ELEVENMPV,ElevenMPV,8865,11/27/2020, 09:09:18,447
ELEVENMPV,ElevenMPV,8865,11/27/2020, 10:09:54,447
ELEVENMPV,ElevenMPV,8865,11/27/2020, 11:08:29,447
ELEVENMPV,ElevenMPV,8865,11/27/2020, 12:11:49,447
ELEVENMPV,ElevenMPV,8867,11/27/2020, 13:08:28,447
ELEVENMPV,ElevenMPV,8867,11/27/2020, 14:09:30,447
ELEVENMPV,ElevenMPV,8867,11/27/2020, 15:08:30,447
ELEVENMPV,ElevenMPV,8867,11/27/2020, 17:07:50,447
ELEVENMPV,ElevenMPV,8867,11/27/2020, 18:08:39,447
ELEVENMPV,ElevenMPV,8867,11/27/2020, 19:07:15,447
ELEVENMPV,ElevenMPV,8867,11/27/2020, 20:09:01,447
ELEVENMPV,ElevenMPV,8867,11/27/2020, 21:07:29,447
ELEVENMPV,ElevenMPV,8868,11/27/2020, 22:09:36,447
ELEVENMPV,ElevenMPV,8868,11/27/2020, 23:08:44,447
ELEVENMPV,ElevenMPV,8869,11/28/2020, 00:23:25,447
ELEVENMPV,ElevenMPV,8869,11/28/2020, 01:22:59,447
ELEVENMPV,ElevenMPV,8869,11/28/2020, 02:10:13,447
ELEVENMPV,ElevenMPV,8869,11/28/2020, 03:09:06,447
ELEVENMPV,ElevenMPV,8869,11/28/2020, 04:11:19,447
ELEVENMPV,ElevenMPV,8870,11/28/2020, 05:08:30,447
ELEVENMPV,ElevenMPV,8871,11/28/2020, 06:10:05,447
ELEVENMPV,ElevenMPV,8871,11/28/2020, 07:09:38,447
ELEVENMPV,ElevenMPV,8871,11/28/2020, 08:10:31,447
ELEVENMPV,ElevenMPV,8872,11/28/2020, 09:08:54,447
ELEVENMPV,ElevenMPV,8873,11/28/2020, 10:09:17,447
ELEVENMPV,ElevenMPV,8873,11/28/2020, 11:08:13,447
ELEVENMPV,ElevenMPV,8874,11/28/2020, 12:11:21,447
ELEVENMPV,ElevenMPV,8875,11/28/2020, 13:07:55,447
ELEVENMPV,ElevenMPV,8875,11/28/2020, 14:09:23,447
ELEVENMPV,ElevenMPV,8875,11/28/2020, 15:08:22,447
ELEVENMPV,ElevenMPV,8875,11/28/2020, 16:12:52,447
ELEVENMPV,ElevenMPV,8875,11/28/2020, 17:07:50,447
ELEVENMPV,ElevenMPV,8875,11/28/2020, 18:08:56,447
ELEVENMPV,ElevenMPV,8875,11/28/2020, 19:07:03,447
ELEVENMPV,ElevenMPV,8875,11/28/2020, 20:08:52,447
ELEVENMPV,ElevenMPV,8875,11/28/2020, 21:07:20,447
ELEVENMPV,ElevenMPV,8875,11/28/2020, 22:09:52,447
ELEVENMPV,ElevenMPV,8875,11/28/2020, 23:08:29,447
ELEVENMPV,ElevenMPV,8875,11/29/2020, 00:24:44,447
ELEVENMPV,ElevenMPV,8876,11/29/2020, 01:26:29,447
ELEVENMPV,ElevenMPV,8876,11/29/2020, 02:10:28,447
ELEVENMPV,ElevenMPV,8876,11/29/2020, 03:09:04,447
ELEVENMPV,ElevenMPV,8876,11/29/2020, 04:11:31,447
ELEVENMPV,ElevenMPV,8877,11/29/2020, 05:08:28,447
ELEVENMPV,ElevenMPV,8877,11/29/2020, 06:10:11,447
ELEVENMPV,ElevenMPV,8877,11/29/2020, 07:08:47,447
ELEVENMPV,ElevenMPV,8879,11/29/2020, 08:10:37,447
ELEVENMPV,ElevenMPV,8880,11/29/2020, 09:08:35,447
ELEVENMPV,ElevenMPV,8880,11/29/2020, 10:09:19,447
ELEVENMPV,ElevenMPV,8880,11/29/2020, 11:08:10,447
ELEVENMPV,ElevenMPV,8880,11/29/2020, 12:11:27,447
ELEVENMPV,ElevenMPV,8880,11/29/2020, 13:08:10,447
ELEVENMPV,ElevenMPV,8880,11/29/2020, 14:09:29,447
ELEVENMPV,ElevenMPV,8880,11/29/2020, 15:08:01,447
ELEVENMPV,ElevenMPV,8881,11/29/2020, 16:13:16,447
ELEVENMPV,ElevenMPV,8881,11/29/2020, 17:07:47,447
ELEVENMPV,ElevenMPV,8882,11/29/2020, 18:08:35,447
ELEVENMPV,ElevenMPV,8883,11/29/2020, 19:07:24,447
ELEVENMPV,ElevenMPV,8883,11/29/2020, 20:08:45,447
ELEVENMPV,ElevenMPV,8884,11/29/2020, 21:07:36,447
ELEVENMPV,ElevenMPV,8884,11/29/2020, 22:10:03,447
ELEVENMPV,ElevenMPV,8885,11/29/2020, 23:08:41,447
ELEVENMPV,ElevenMPV,8887,11/30/2020, 00:24:37,447
ELEVENMPV,ElevenMPV,8887,11/30/2020, 01:26:33,447
ELEVENMPV,ElevenMPV,8888,11/30/2020, 02:10:46,447
ELEVENMPV,ElevenMPV,8889,11/30/2020, 03:08:58,447
ELEVENMPV,ElevenMPV,8889,11/30/2020, 04:11:32,447
ELEVENMPV,ElevenMPV,8889,11/30/2020, 05:08:52,447
ELEVENMPV,ElevenMPV,8889,11/30/2020, 06:10:24,447
ELEVENMPV,ElevenMPV,8890,11/30/2020, 07:09:10,447
ELEVENMPV,ElevenMPV,8890,11/30/2020, 08:11:31,447
ELEVENMPV,ElevenMPV,8890,11/30/2020, 09:09:18,447
ELEVENMPV,ElevenMPV,8890,11/30/2020, 10:10:04,447
ELEVENMPV,ElevenMPV,8890,11/30/2020, 11:08:34,447
ELEVENMPV,ElevenMPV,8891,11/30/2020, 12:12:19,447
ELEVENMPV,ElevenMPV,8891,11/30/2020, 13:08:38,447
ELEVENMPV,ElevenMPV,8891,11/30/2020, 14:10:40,447
ELEVENMPV,ElevenMPV,8892,11/30/2020, 15:11:08,447
ELEVENMPV,ElevenMPV,8893,11/30/2020, 16:14:42,447
ELEVENMPV,ElevenMPV,8893,11/30/2020, 17:15:28,447
ELEVENMPV,ElevenMPV,8893,11/30/2020, 18:09:30,447
ELEVENMPV,ElevenMPV,8893,11/30/2020, 19:07:32,447
ELEVENMPV,ElevenMPV,8893,11/30/2020, 20:09:35,447
ELEVENMPV,ElevenMPV,8894,11/30/2020, 21:07:47,447
ELEVENMPV,ElevenMPV,8894,11/30/2020, 22:10:37,447
ELEVENMPV,ElevenMPV,8894,11/30/2020, 23:08:44,447
ELEVENMPV,ElevenMPV,8894,12/01/2020, 00:25:09,447
ELEVENMPV,ElevenMPV,8894,12/01/2020, 01:27:32,447
ELEVENMPV,ElevenMPV,8894,12/01/2020, 02:10:25,447
ELEVENMPV,ElevenMPV,8894,12/01/2020, 03:09:23,447
ELEVENMPV,ElevenMPV,8894,12/01/2020, 04:11:34,447
ELEVENMPV,ElevenMPV,8894,12/01/2020, 05:08:54,447
ELEVENMPV,ElevenMPV,8895,12/01/2020, 06:10:43,447
ELEVENMPV,ElevenMPV,8896,12/01/2020, 07:09:16,447
ELEVENMPV,ElevenMPV,8896,12/01/2020, 08:11:34,447
ELEVENMPV,ElevenMPV,8896,12/01/2020, 09:09:44,447
ELEVENMPV,ElevenMPV,8896,12/01/2020, 10:10:06,447
ELEVENMPV,ElevenMPV,8896,12/01/2020, 11:08:40,447
ELEVENMPV,ElevenMPV,8896,12/01/2020, 12:12:31,447
ELEVENMPV,ElevenMPV,8896,12/01/2020, 13:09:01,447
ELEVENMPV,ElevenMPV,8897,12/01/2020, 14:11:24,447
ELEVENMPV,ElevenMPV,8897,12/01/2020, 15:11:30,447
ELEVENMPV,ElevenMPV,8897,12/01/2020, 16:16:04,447
ELEVENMPV,ElevenMPV,8898,12/01/2020, 17:23:22,447
ELEVENMPV,ElevenMPV,8898,12/01/2020, 20:32:39,447
ELEVENMPV,ElevenMPV,8898,12/01/2020, 21:20:56,447
ELEVENMPV,ElevenMPV,8899,12/01/2020, 22:10:54,447
ELEVENMPV,ElevenMPV,8899,12/01/2020, 23:09:07,447
ELEVENMPV,ElevenMPV,8900,12/02/2020, 00:24:45,447
ELEVENMPV,ElevenMPV,8902,12/02/2020, 01:27:08,447
ELEVENMPV,ElevenMPV,8903,12/02/2020, 02:09:50,447
ELEVENMPV,ElevenMPV,8904,12/02/2020, 03:09:32,447
ELEVENMPV,ElevenMPV,8904,12/02/2020, 04:11:53,447
ELEVENMPV,ElevenMPV,8904,12/02/2020, 05:08:50,447
ELEVENMPV,ElevenMPV,8904,12/02/2020, 06:10:33,447
ELEVENMPV,ElevenMPV,8905,12/02/2020, 07:09:19,447
ELEVENMPV,ElevenMPV,8905,12/02/2020, 08:11:31,447
ELEVENMPV,ElevenMPV,8905,12/02/2020, 09:09:53,447
ELEVENMPV,ElevenMPV,8905,12/02/2020, 10:10:28,447
ELEVENMPV,ElevenMPV,8905,12/02/2020, 11:08:49,447
ELEVENMPV,ElevenMPV,8905,12/02/2020, 12:12:35,447
ELEVENMPV,ElevenMPV,8905,12/02/2020, 13:09:25,447
ELEVENMPV,ElevenMPV,8905,12/02/2020, 14:10:32,447
ELEVENMPV,ElevenMPV,8905,12/02/2020, 15:11:56,447
ELEVENMPV,ElevenMPV,8905,12/02/2020, 16:19:50,447
ELEVENMPV,ElevenMPV,8905,12/02/2020, 17:13:13,447
ELEVENMPV,ElevenMPV,8905,12/02/2020, 18:09:18,447
ELEVENMPV,ElevenMPV,8905,12/02/2020, 19:07:38,447
ELEVENMPV,ElevenMPV,8906,12/02/2020, 20:09:29,447
ELEVENMPV,ElevenMPV,8906,12/02/2020, 21:06:34,447
ELEVENMPV,ElevenMPV,8906,12/02/2020, 22:10:38,447
ELEVENMPV,ElevenMPV,8906,12/02/2020, 23:09:00,447
ELEVENMPV,ElevenMPV,8908,12/03/2020, 00:24:30,447
ELEVENMPV,ElevenMPV,8908,12/03/2020, 01:27:05,447
ELEVENMPV,ElevenMPV,8908,12/03/2020, 02:10:37,447
ELEVENMPV,ElevenMPV,8908,12/03/2020, 03:09:19,447
ELEVENMPV,ElevenMPV,8910,12/03/2020, 04:11:43,447
ELEVENMPV,ElevenMPV,8910,12/03/2020, 05:09:21,447
ELEVENMPV,ElevenMPV,8910,12/03/2020, 06:10:14,447
ELEVENMPV,ElevenMPV,8911,12/03/2020, 07:09:31,447
ELEVENMPV,ElevenMPV,8911,12/03/2020, 08:11:29,447
ELEVENMPV,ElevenMPV,8912,12/03/2020, 09:09:20,447
ELEVENMPV,ElevenMPV,8912,12/03/2020, 10:09:53,447
ELEVENMPV,ElevenMPV,8912,12/03/2020, 11:08:47,447
ELEVENMPV,ElevenMPV,8912,12/03/2020, 12:12:33,447
ELEVENMPV,ElevenMPV,8912,12/03/2020, 13:08:59,447
ELEVENMPV,ElevenMPV,8912,12/03/2020, 14:09:58,447
ELEVENMPV,ElevenMPV,8912,12/03/2020, 15:09:05,447
ELEVENMPV,ElevenMPV,8912,12/03/2020, 16:14:18,447
ELEVENMPV,ElevenMPV,8912,12/03/2020, 17:10:38,447
ELEVENMPV,ElevenMPV,8912,12/03/2020, 18:09:59,447
ELEVENMPV,ElevenMPV,8912,12/03/2020, 19:08:05,447
ELEVENMPV,ElevenMPV,8912,12/03/2020, 20:09:14,447
ELEVENMPV,ElevenMPV,8912,12/03/2020, 21:08:24,447
ELEVENMPV,ElevenMPV,8912,12/03/2020, 22:11:07,447
ELEVENMPV,ElevenMPV,8912,12/03/2020, 23:09:45,447
ELEVENMPV,ElevenMPV,8912,12/04/2020, 00:24:44,447
ELEVENMPV,ElevenMPV,8913,12/04/2020, 01:28:40,447
ELEVENMPV,ElevenMPV,8913,12/04/2020, 02:10:27,447
ELEVENMPV,ElevenMPV,8913,12/04/2020, 03:09:41,447
ELEVENMPV,ElevenMPV,8913,12/04/2020, 04:12:00,447
ELEVENMPV,ElevenMPV,8914,12/04/2020, 05:09:54,447
ELEVENMPV,ElevenMPV,8914,12/04/2020, 06:11:10,447
ELEVENMPV,ElevenMPV,8914,12/04/2020, 07:12:48,447
ELEVENMPV,ElevenMPV,8914,12/04/2020, 08:13:26,447
ELEVENMPV,ElevenMPV,8914,12/04/2020, 09:12:10,447
ELEVENMPV,ElevenMPV,8914,12/04/2020, 10:11:02,447
ELEVENMPV,ElevenMPV,8914,12/04/2020, 11:09:12,447
ELEVENMPV,ElevenMPV,8914,12/04/2020, 12:13:32,447
ELEVENMPV,ElevenMPV,8914,12/04/2020, 13:09:30,447
ELEVENMPV,ElevenMPV,8914,12/04/2020, 14:10:40,447
ELEVENMPV,ElevenMPV,8916,12/04/2020, 15:09:29,447
ELEVENMPV,ElevenMPV,8917,12/04/2020, 16:14:12,447
ELEVENMPV,ElevenMPV,8918,12/04/2020, 17:25:55,447
ELEVENMPV,ElevenMPV,8918,12/04/2020, 18:09:48,447
ELEVENMPV,ElevenMPV,8918,12/04/2020, 19:08:02,447
ELEVENMPV,ElevenMPV,8920,12/04/2020, 20:09:34,447
ELEVENMPV,ElevenMPV,8920,12/04/2020, 21:08:58,447
ELEVENMPV,ElevenMPV,8922,12/04/2020, 22:11:21,447
ELEVENMPV,ElevenMPV,8922,12/04/2020, 23:09:41,447
ELEVENMPV,ElevenMPV,8923,12/05/2020, 00:25:05,447
ELEVENMPV,ElevenMPV,8923,12/05/2020, 01:29:47,447
ELEVENMPV,ElevenMPV,8924,12/05/2020, 02:11:03,447
ELEVENMPV,ElevenMPV,8924,12/05/2020, 03:09:54,447
ELEVENMPV,ElevenMPV,8924,12/05/2020, 04:11:53,447
ELEVENMPV,ElevenMPV,8924,12/05/2020, 05:09:53,447
ELEVENMPV,ElevenMPV,8924,12/05/2020, 06:11:13,447
ELEVENMPV,ElevenMPV,8924,12/05/2020, 07:10:06,447
ELEVENMPV,ElevenMPV,8925,12/05/2020, 08:11:04,447
ELEVENMPV,ElevenMPV,8925,12/05/2020, 09:10:20,447
ELEVENMPV,ElevenMPV,8925,12/05/2020, 10:10:40,447
ELEVENMPV,ElevenMPV,8925,12/05/2020, 11:09:22,447
ELEVENMPV,ElevenMPV,8925,12/05/2020, 12:12:22,447
ELEVENMPV,ElevenMPV,8925,12/05/2020, 13:09:20,447
ELEVENMPV,ElevenMPV,8927,12/05/2020, 14:10:47,447
ELEVENMPV,ElevenMPV,8927,12/05/2020, 15:09:09,447
ELEVENMPV,ElevenMPV,8927,12/05/2020, 16:13:42,447
ELEVENMPV,ElevenMPV,8927,12/05/2020, 17:10:05,447
ELEVENMPV,ElevenMPV,8927,12/05/2020, 18:09:40,447
ELEVENMPV,ElevenMPV,8928,12/05/2020, 19:07:55,447
ELEVENMPV,ElevenMPV,8928,12/05/2020, 20:09:03,447
ELEVENMPV,ElevenMPV,8929,12/05/2020, 21:08:18,447
ELEVENMPV,ElevenMPV,8929,12/05/2020, 22:11:31,447
ELEVENMPV,ElevenMPV,8930,12/05/2020, 23:09:45,447
ELEVENMPV,ElevenMPV,8932,12/06/2020, 00:26:43,447
ELEVENMPV,ElevenMPV,8932,12/06/2020, 01:32:59,447
ELEVENMPV,ElevenMPV,8932,12/06/2020, 02:13:36,447
ELEVENMPV,ElevenMPV,8932,12/06/2020, 03:12:00,447
ELEVENMPV,ElevenMPV,8932,12/06/2020, 04:12:03,447
ELEVENMPV,ElevenMPV,8932,12/06/2020, 05:09:44,447
ELEVENMPV,ElevenMPV,8932,12/06/2020, 06:11:39,447
ELEVENMPV,ElevenMPV,8934,12/06/2020, 07:09:53,447
ELEVENMPV,ElevenMPV,8935,12/06/2020, 08:11:27,447
ELEVENMPV,ElevenMPV,8935,12/06/2020, 09:10:08,447
ELEVENMPV,ElevenMPV,8935,12/06/2020, 10:10:59,447
ELEVENMPV,ElevenMPV,8935,12/06/2020, 11:09:16,447
ELEVENMPV,ElevenMPV,8935,12/06/2020, 12:12:32,447
ELEVENMPV,ElevenMPV,8935,12/06/2020, 13:09:14,447
ELEVENMPV,ElevenMPV,8935,12/06/2020, 14:10:36,447
ELEVENMPV,ElevenMPV,8935,12/06/2020, 15:09:18,447
ELEVENMPV,ElevenMPV,8936,12/06/2020, 16:14:11,447
ELEVENMPV,ElevenMPV,8937,12/06/2020, 17:11:27,447
ELEVENMPV,ElevenMPV,8937,12/06/2020, 18:10:11,447
ELEVENMPV,ElevenMPV,8938,12/06/2020, 19:08:14,447
ELEVENMPV,ElevenMPV,8938,12/06/2020, 20:09:30,447
ELEVENMPV,ElevenMPV,8938,12/06/2020, 21:08:41,447
ELEVENMPV,ElevenMPV,8938,12/06/2020, 22:11:31,447
ELEVENMPV,ElevenMPV,8938,12/06/2020, 23:10:16,447
ELEVENMPV,ElevenMPV,8938,12/07/2020, 00:26:14,447
ELEVENMPV,ElevenMPV,8939,12/07/2020, 01:32:51,447
ELEVENMPV,ElevenMPV,8939,12/07/2020, 02:14:18,447
ELEVENMPV,ElevenMPV,8940,12/07/2020, 03:10:27,447
ELEVENMPV,ElevenMPV,8940,12/07/2020, 04:12:39,447
ELEVENMPV,ElevenMPV,8941,12/07/2020, 05:10:08,447
ELEVENMPV,ElevenMPV,8943,12/07/2020, 06:11:57,447
ELEVENMPV,ElevenMPV,8943,12/07/2020, 07:10:20,447
ELEVENMPV,ElevenMPV,8943,12/07/2020, 08:11:52,447
ELEVENMPV,ElevenMPV,8943,12/07/2020, 09:10:17,447
ELEVENMPV,ElevenMPV,8943,12/07/2020, 10:10:57,447
ELEVENMPV,ElevenMPV,8943,12/07/2020, 11:09:45,447
ELEVENMPV,ElevenMPV,8943,12/07/2020, 12:13:16,447
ELEVENMPV,ElevenMPV,8944,12/07/2020, 13:09:37,447
ELEVENMPV,ElevenMPV,8944,12/07/2020, 14:11:05,447
ELEVENMPV,ElevenMPV,8945,12/07/2020, 15:10:28,447
ELEVENMPV,ElevenMPV,8945,12/07/2020, 16:14:54,447
ELEVENMPV,ElevenMPV,8947,12/07/2020, 17:13:17,447
ELEVENMPV,ElevenMPV,8947,12/07/2020, 18:10:24,447
ELEVENMPV,ElevenMPV,8948,12/07/2020, 19:09:17,447
ELEVENMPV,ElevenMPV,8948,12/07/2020, 20:09:40,447
ELEVENMPV,ElevenMPV,8948,12/07/2020, 21:09:04,447
ELEVENMPV,ElevenMPV,8949,12/07/2020, 22:11:41,447
ELEVENMPV,ElevenMPV,8949,12/07/2020, 23:10:23,447
ELEVENMPV,ElevenMPV,8949,12/08/2020, 00:25:54,447
ELEVENMPV,ElevenMPV,8949,12/08/2020, 01:32:49,447
ELEVENMPV,ElevenMPV,8949,12/08/2020, 02:14:53,447
ELEVENMPV,ElevenMPV,8950,12/08/2020, 03:10:55,447
ELEVENMPV,ElevenMPV,8950,12/08/2020, 04:12:20,447
ELEVENMPV,ElevenMPV,8950,12/08/2020, 05:10:15,447
ELEVENMPV,ElevenMPV,8951,12/08/2020, 06:11:56,447
ELEVENMPV,ElevenMPV,8951,12/08/2020, 07:10:29,447
ELEVENMPV,ElevenMPV,8951,12/08/2020, 08:12:10,447
ELEVENMPV,ElevenMPV,8951,12/08/2020, 09:10:35,447
ELEVENMPV,ElevenMPV,8952,12/08/2020, 10:11:07,447
ELEVENMPV,ElevenMPV,8952,12/08/2020, 11:10:04,447
ELEVENMPV,ElevenMPV,8953,12/08/2020, 12:13:30,447
ELEVENMPV,ElevenMPV,8953,12/08/2020, 13:09:54,447
ELEVENMPV,ElevenMPV,8953,12/08/2020, 14:11:21,447
ELEVENMPV,ElevenMPV,8954,12/08/2020, 15:09:49,447
ELEVENMPV,ElevenMPV,8954,12/08/2020, 16:15:01,447
ELEVENMPV,ElevenMPV,8956,12/08/2020, 17:13:46,447
ELEVENMPV,ElevenMPV,8956,12/08/2020, 18:10:25,447
ELEVENMPV,ElevenMPV,8957,12/08/2020, 19:08:53,447
ELEVENMPV,ElevenMPV,8957,12/08/2020, 20:09:41,447
ELEVENMPV,ElevenMPV,8957,12/08/2020, 21:09:08,447
ELEVENMPV,ElevenMPV,8957,12/08/2020, 22:11:57,447
ELEVENMPV,ElevenMPV,8959,12/08/2020, 23:10:26,447
ELEVENMPV,ElevenMPV,8959,12/09/2020, 00:26:22,447
ELEVENMPV,ElevenMPV,8959,12/09/2020, 01:33:54,447
ELEVENMPV,ElevenMPV,8959,12/09/2020, 02:15:43,447
ELEVENMPV,ElevenMPV,8959,12/09/2020, 03:10:39,447
ELEVENMPV,ElevenMPV,8959,12/09/2020, 04:12:34,447
ELEVENMPV,ElevenMPV,8959,12/09/2020, 05:10:06,447
ELEVENMPV,ElevenMPV,8959,12/09/2020, 06:11:55,447
ELEVENMPV,ElevenMPV,8959,12/09/2020, 07:10:27,447
ELEVENMPV,ElevenMPV,8959,12/09/2020, 08:11:59,447
ELEVENMPV,ElevenMPV,8959,12/09/2020, 09:11:20,447
ELEVENMPV,ElevenMPV,8959,12/09/2020, 10:11:16,447
ELEVENMPV,ElevenMPV,8959,12/09/2020, 11:10:19,447
ELEVENMPV,ElevenMPV,8959,12/09/2020, 12:13:28,447
ELEVENMPV,ElevenMPV,8959,12/09/2020, 13:10:28,447
ELEVENMPV,ElevenMPV,8960,12/09/2020, 14:11:22,447
ELEVENMPV,ElevenMPV,8961,12/09/2020, 15:10:20,447
ELEVENMPV,ElevenMPV,8961,12/09/2020, 16:14:44,447
ELEVENMPV,ElevenMPV,8961,12/09/2020, 17:10:39,447
ELEVENMPV,ElevenMPV,8961,12/09/2020, 18:10:28,447
ELEVENMPV,ElevenMPV,8961,12/09/2020, 19:08:58,447
ELEVENMPV,ElevenMPV,8962,12/09/2020, 20:09:58,447
ELEVENMPV,ElevenMPV,8963,12/09/2020, 21:09:08,447
ELEVENMPV,ElevenMPV,8963,12/09/2020, 22:11:49,447
ELEVENMPV,ElevenMPV,8963,12/09/2020, 23:10:06,447
ELEVENMPV,ElevenMPV,8963,12/10/2020, 00:26:33,447
ELEVENMPV,ElevenMPV,8963,12/10/2020, 01:36:36,447
ELEVENMPV,ElevenMPV,8964,12/10/2020, 02:18:31,447
ELEVENMPV,ElevenMPV,8964,12/10/2020, 03:10:35,447
ELEVENMPV,ElevenMPV,8965,12/10/2020, 04:12:32,447
ELEVENMPV,ElevenMPV,8965,12/10/2020, 05:09:58,447
ELEVENMPV,ElevenMPV,8965,12/10/2020, 06:11:58,447
ELEVENMPV,ElevenMPV,8965,12/10/2020, 07:10:31,447
ELEVENMPV,ElevenMPV,8965,12/10/2020, 08:11:45,447
ELEVENMPV,ElevenMPV,8965,12/10/2020, 09:10:43,447
ELEVENMPV,ElevenMPV,8966,12/10/2020, 10:11:36,447
ELEVENMPV,ElevenMPV,8966,12/10/2020, 11:10:11,447
ELEVENMPV,ElevenMPV,8966,12/10/2020, 12:13:39,447
ELEVENMPV,ElevenMPV,8966,12/10/2020, 13:09:32,447
ELEVENMPV,ElevenMPV,8966,12/10/2020, 14:11:25,447
ELEVENMPV,ElevenMPV,8966,12/10/2020, 15:10:24,447
ELEVENMPV,ElevenMPV,8967,12/10/2020, 16:14:40,447
ELEVENMPV,ElevenMPV,8967,12/10/2020, 17:16:37,447
ELEVENMPV,ElevenMPV,8967,12/10/2020, 18:10:23,447
ELEVENMPV,ElevenMPV,8967,12/10/2020, 19:08:57,447
ELEVENMPV,ElevenMPV,8967,12/10/2020, 20:10:08,447
ELEVENMPV,ElevenMPV,8968,12/10/2020, 21:08:59,447
ELEVENMPV,ElevenMPV,8969,12/10/2020, 22:12:31,447
ELEVENMPV,ElevenMPV,8969,12/10/2020, 23:10:25,447
ELEVENMPV,ElevenMPV,8969,12/11/2020, 00:26:50,447
ELEVENMPV,ElevenMPV,8969,12/11/2020, 01:37:18,447
ELEVENMPV,ElevenMPV,8969,12/11/2020, 02:18:36,447
ELEVENMPV,ElevenMPV,8969,12/11/2020, 03:10:45,447
ELEVENMPV,ElevenMPV,8969,12/11/2020, 04:12:37,447
ELEVENMPV,ElevenMPV,8969,12/11/2020, 05:10:14,447
ELEVENMPV,ElevenMPV,8969,12/11/2020, 06:11:41,447
ELEVENMPV,ElevenMPV,8969,12/11/2020, 07:10:06,447
ELEVENMPV,ElevenMPV,8969,12/11/2020, 08:12:47,447
ELEVENMPV,ElevenMPV,8969,12/11/2020, 09:10:29,447
ELEVENMPV,ElevenMPV,8969,12/11/2020, 10:11:55,447
ELEVENMPV,ElevenMPV,8969,12/11/2020, 11:10:19,447
ELEVENMPV,ElevenMPV,8969,12/11/2020, 12:13:40,447
ELEVENMPV,ElevenMPV,8969,12/11/2020, 13:09:51,447
ELEVENMPV,ElevenMPV,8969,12/11/2020, 14:11:36,447
ELEVENMPV,ElevenMPV,8969,12/11/2020, 15:10:22,447
ELEVENMPV,ElevenMPV,8970,12/11/2020, 16:14:48,447
ELEVENMPV,ElevenMPV,8970,12/11/2020, 17:17:03,447
ELEVENMPV,ElevenMPV,8970,12/11/2020, 18:10:23,447
ELEVENMPV,ElevenMPV,8970,12/11/2020, 19:08:35,447
ELEVENMPV,ElevenMPV,8970,12/11/2020, 20:10:23,447
ELEVENMPV,ElevenMPV,8970,12/11/2020, 21:09:12,447
ELEVENMPV,ElevenMPV,8970,12/11/2020, 22:11:44,447
ELEVENMPV,ElevenMPV,8970,12/11/2020, 23:10:34,447
ELEVENMPV,ElevenMPV,8971,12/12/2020, 00:26:46,447
ELEVENMPV,ElevenMPV,8971,12/12/2020, 01:37:33,447
ELEVENMPV,ElevenMPV,8972,12/12/2020, 02:18:23,447
ELEVENMPV,ElevenMPV,8972,12/12/2020, 03:11:04,447
ELEVENMPV,ElevenMPV,8972,12/12/2020, 04:12:53,447
ELEVENMPV,ElevenMPV,8972,12/12/2020, 05:09:51,447
ELEVENMPV,ElevenMPV,8972,12/12/2020, 06:11:54,447
ELEVENMPV,ElevenMPV,8973,12/12/2020, 07:10:22,447
ELEVENMPV,ElevenMPV,8973,12/12/2020, 08:12:11,447
ELEVENMPV,ElevenMPV,8973,12/12/2020, 09:11:22,447
ELEVENMPV,ElevenMPV,8973,12/12/2020, 10:11:42,447
ELEVENMPV,ElevenMPV,8973,12/12/2020, 11:10:27,447
ELEVENMPV,ElevenMPV,8975,12/12/2020, 12:13:19,447
ELEVENMPV,ElevenMPV,8975,12/12/2020, 13:09:29,447
ELEVENMPV,ElevenMPV,8976,12/12/2020, 14:11:09,447
ELEVENMPV,ElevenMPV,8976,12/12/2020, 15:10:01,447
ELEVENMPV,ElevenMPV,8976,12/12/2020, 16:15:01,447
ELEVENMPV,ElevenMPV,8976,12/12/2020, 17:16:55,447
ELEVENMPV,ElevenMPV,8976,12/12/2020, 18:10:34,447
ELEVENMPV,ElevenMPV,8976,12/12/2020, 19:08:43,447
ELEVENMPV,ElevenMPV,8977,12/12/2020, 20:10:09,447
ELEVENMPV,ElevenMPV,8977,12/12/2020, 21:08:40,447
ELEVENMPV,ElevenMPV,8977,12/12/2020, 22:11:55,447
ELEVENMPV,ElevenMPV,8977,12/12/2020, 23:10:15,447
ELEVENMPV,ElevenMPV,8978,12/13/2020, 00:28:14,447
ELEVENMPV,ElevenMPV,8978,12/13/2020, 01:41:34,447
ELEVENMPV,ElevenMPV,8978,12/13/2020, 02:18:53,447
ELEVENMPV,ElevenMPV,8978,12/13/2020, 03:11:24,447
ELEVENMPV,ElevenMPV,8981,12/13/2020, 04:12:35,447
ELEVENMPV,ElevenMPV,8981,12/13/2020, 05:10:52,447
ELEVENMPV,ElevenMPV,8981,12/13/2020, 06:11:54,447
ELEVENMPV,ElevenMPV,8982,12/13/2020, 07:10:03,447
ELEVENMPV,ElevenMPV,8982,12/13/2020, 08:12:04,447
ELEVENMPV,ElevenMPV,8982,12/13/2020, 09:10:35,447
ELEVENMPV,ElevenMPV,8982,12/13/2020, 10:11:45,447
ELEVENMPV,ElevenMPV,8982,12/13/2020, 11:10:37,447
ELEVENMPV,ElevenMPV,8982,12/13/2020, 12:13:22,447
ELEVENMPV,ElevenMPV,8982,12/13/2020, 13:09:50,447
ELEVENMPV,ElevenMPV,8982,12/13/2020, 14:11:26,447
ELEVENMPV,ElevenMPV,8982,12/13/2020, 15:10:05,447
ELEVENMPV,ElevenMPV,8982,12/13/2020, 16:15:02,447
ELEVENMPV,ElevenMPV,8982,12/13/2020, 17:18:33,447
ELEVENMPV,ElevenMPV,8982,12/13/2020, 18:10:15,447
ELEVENMPV,ElevenMPV,8982,12/13/2020, 19:08:24,447
ELEVENMPV,ElevenMPV,8982,12/13/2020, 20:10:07,447
ELEVENMPV,ElevenMPV,8982,12/13/2020, 21:09:18,447
ELEVENMPV,ElevenMPV,8982,12/13/2020, 22:11:40,447
ELEVENMPV,ElevenMPV,8982,12/13/2020, 23:10:28,447
ELEVENMPV,ElevenMPV,8983,12/14/2020, 00:27:29,447
ELEVENMPV,ElevenMPV,8983,12/14/2020, 01:41:30,447
ELEVENMPV,ElevenMPV,8984,12/14/2020, 02:20:19,447
ELEVENMPV,ElevenMPV,8984,12/14/2020, 03:10:56,447
ELEVENMPV,ElevenMPV,8984,12/14/2020, 04:12:49,447
ELEVENMPV,ElevenMPV,8984,12/14/2020, 05:10:02,447
ELEVENMPV,ElevenMPV,8984,12/14/2020, 06:12:18,447
ELEVENMPV,ElevenMPV,8984,12/14/2020, 07:10:18,447
ELEVENMPV,ElevenMPV,8984,12/14/2020, 08:12:59,447
ELEVENMPV,ElevenMPV,8984,12/14/2020, 09:10:55,447
ELEVENMPV,ElevenMPV,8984,12/14/2020, 10:12:02,447
ELEVENMPV,ElevenMPV,8984,12/14/2020, 11:10:24,447
ELEVENMPV,ElevenMPV,8984,12/14/2020, 12:14:07,447
ELEVENMPV,ElevenMPV,8984,12/14/2020, 13:11:59,447
ELEVENMPV,ElevenMPV,8984,12/14/2020, 14:11:56,447
ELEVENMPV,ElevenMPV,8984,12/14/2020, 15:10:53,447
ELEVENMPV,ElevenMPV,8984,12/14/2020, 16:12:48,447
ELEVENMPV,ElevenMPV,8984,12/14/2020, 17:18:41,447
ELEVENMPV,ElevenMPV,8984,12/14/2020, 18:09:18,447
ELEVENMPV,ElevenMPV,8984,12/14/2020, 19:08:38,447
ELEVENMPV,ElevenMPV,8985,12/14/2020, 20:10:26,447
ELEVENMPV,ElevenMPV,8986,12/14/2020, 21:09:19,447
ELEVENMPV,ElevenMPV,8986,12/14/2020, 22:12:03,447
ELEVENMPV,ElevenMPV,8986,12/14/2020, 23:10:45,447
ELEVENMPV,ElevenMPV,8990,12/15/2020, 09:11:04,447
ELEVENMPV,ElevenMPV,8991,12/15/2020, 10:11:37,447
ELEVENMPV,ElevenMPV,8991,12/15/2020, 11:10:21,447
ELEVENMPV,ElevenMPV,8991,12/15/2020, 12:14:06,447
ELEVENMPV,ElevenMPV,8992,12/15/2020, 13:11:58,447
ELEVENMPV,ElevenMPV,8992,12/15/2020, 14:11:59,447
ELEVENMPV,ElevenMPV,8995,12/15/2020, 15:10:52,447
ELEVENMPV,ElevenMPV,8995,12/15/2020, 16:15:29,447
ELEVENMPV,ElevenMPV,8995,12/15/2020, 17:22:03,447
ELEVENMPV,ElevenMPV,8995,12/15/2020, 18:10:36,447
ELEVENMPV,ElevenMPV,8995,12/15/2020, 19:08:33,447
ELEVENMPV,ElevenMPV,8995,12/15/2020, 20:10:21,447
ELEVENMPV,ElevenMPV,8995,12/15/2020, 21:09:27,447
ELEVENMPV,ElevenMPV,8995,12/15/2020, 22:11:29,447
ELEVENMPV,ElevenMPV,8995,12/15/2020, 23:10:47,447
ELEVENMPV,ElevenMPV,8995,12/16/2020, 00:27:00,447
ELEVENMPV,ElevenMPV,8997,12/16/2020, 01:42:14,447
ELEVENMPV,ElevenMPV,8997,12/16/2020, 02:21:54,447
ELEVENMPV,ElevenMPV,8997,12/16/2020, 03:10:42,447
ELEVENMPV,ElevenMPV,8998,12/16/2020, 04:12:54,447
ELEVENMPV,ElevenMPV,8998,12/16/2020, 05:10:11,447
ELEVENMPV,ElevenMPV,8998,12/16/2020, 06:12:24,447
ELEVENMPV,ElevenMPV,8998,12/16/2020, 07:10:38,447
ELEVENMPV,ElevenMPV,8998,12/16/2020, 08:12:33,447
ELEVENMPV,ElevenMPV,8998,12/16/2020, 09:10:49,447
ELEVENMPV,ElevenMPV,8998,12/16/2020, 10:11:42,447
ELEVENMPV,ElevenMPV,8998,12/16/2020, 11:10:24,447
ELEVENMPV,ElevenMPV,8998,12/16/2020, 12:14:10,447
ELEVENMPV,ElevenMPV,8998,12/16/2020, 13:12:25,447
ELEVENMPV,ElevenMPV,8998,12/16/2020, 14:12:03,447
ELEVENMPV,ElevenMPV,8998,12/16/2020, 15:10:56,447
ELEVENMPV,ElevenMPV,8998,12/16/2020, 16:15:58,447
ELEVENMPV,ElevenMPV,8998,12/16/2020, 17:32:49,447
ELEVENMPV,ElevenMPV,8999,12/16/2020, 18:10:16,447
ELEVENMPV,ElevenMPV,8999,12/16/2020, 19:09:14,447
ELEVENMPV,ElevenMPV,8999,12/16/2020, 20:10:39,447
ELEVENMPV,ElevenMPV,8999,12/16/2020, 21:09:58,447
ELEVENMPV,ElevenMPV,9000,12/16/2020, 22:12:49,447
ELEVENMPV,ElevenMPV,9000,12/16/2020, 23:12:18,447
ELEVENMPV,ElevenMPV,9001,12/17/2020, 00:29:18,447
ELEVENMPV,ElevenMPV,9001,12/17/2020, 01:44:25,447
ELEVENMPV,ElevenMPV,9001,12/17/2020, 02:22:29,447
ELEVENMPV,ElevenMPV,9001,12/17/2020, 03:10:46,447
ELEVENMPV,ElevenMPV,9001,12/17/2020, 04:12:51,447
ELEVENMPV,ElevenMPV,9001,12/17/2020, 05:10:15,447
ELEVENMPV,ElevenMPV,9001,12/17/2020, 06:12:34,447
ELEVENMPV,ElevenMPV,9001,12/17/2020, 07:11:31,447
ELEVENMPV,ElevenMPV,9001,12/17/2020, 08:12:50,447
ELEVENMPV,ElevenMPV,9001,12/17/2020, 09:10:52,447
ELEVENMPV,ElevenMPV,9001,12/17/2020, 10:11:55,447
ELEVENMPV,ElevenMPV,9002,12/17/2020, 11:10:25,447
ELEVENMPV,ElevenMPV,9003,12/17/2020, 12:14:57,447
ELEVENMPV,ElevenMPV,9003,12/17/2020, 13:14:19,447
ELEVENMPV,ElevenMPV,9003,12/17/2020, 14:12:30,447
ELEVENMPV,ElevenMPV,9003,12/17/2020, 15:10:57,447
ELEVENMPV,ElevenMPV,9003,12/17/2020, 16:18:19,447
ELEVENMPV,ElevenMPV,9003,12/17/2020, 17:27:37,447
ELEVENMPV,ElevenMPV,9004,12/17/2020, 18:11:59,447
ELEVENMPV,ElevenMPV,9005,12/17/2020, 19:09:55,447
ELEVENMPV,ElevenMPV,9005,12/17/2020, 20:10:46,447
ELEVENMPV,ElevenMPV,9005,12/17/2020, 21:10:03,447
ELEVENMPV,ElevenMPV,9005,12/17/2020, 22:12:59,447
ELEVENMPV,ElevenMPV,9005,12/17/2020, 23:11:58,447
ELEVENMPV,ElevenMPV,9005,12/18/2020, 00:28:37,447
ELEVENMPV,ElevenMPV,9005,12/18/2020, 01:46:25,447
ELEVENMPV,ElevenMPV,9006,12/18/2020, 02:25:47,447
ELEVENMPV,ElevenMPV,9006,12/18/2020, 03:13:41,447
ELEVENMPV,ElevenMPV,9006,12/18/2020, 04:14:34,447
ELEVENMPV,ElevenMPV,9007,12/18/2020, 05:14:01,447
ELEVENMPV,ElevenMPV,9008,12/18/2020, 06:13:19,447
ELEVENMPV,ElevenMPV,9008,12/18/2020, 07:14:07,447
ELEVENMPV,ElevenMPV,9008,12/18/2020, 08:13:45,447
ELEVENMPV,ElevenMPV,9008,12/18/2020, 09:13:22,447
ELEVENMPV,ElevenMPV,9008,12/18/2020, 10:14:05,447
ELEVENMPV,ElevenMPV,9008,12/18/2020, 11:12:25,447
ELEVENMPV,ElevenMPV,9008,12/18/2020, 12:15:14,447
ELEVENMPV,ElevenMPV,9009,12/18/2020, 13:18:05,447
ELEVENMPV,ElevenMPV,9009,12/18/2020, 14:13:48,447
ELEVENMPV,ElevenMPV,9009,12/18/2020, 15:12:31,447
ELEVENMPV,ElevenMPV,9010,12/18/2020, 16:20:44,447
ELEVENMPV,ElevenMPV,9012,12/18/2020, 17:31:52,447
ELEVENMPV,ElevenMPV,9013,12/18/2020, 18:18:19,447
ELEVENMPV,ElevenMPV,9013,12/18/2020, 19:15:07,447
ELEVENMPV,ElevenMPV,9013,12/18/2020, 20:11:21,447
ELEVENMPV,ElevenMPV,9013,12/18/2020, 21:09:52,447
ELEVENMPV,ElevenMPV,9013,12/18/2020, 22:12:57,447
ELEVENMPV,ElevenMPV,9013,12/18/2020, 23:12:00,447
ELEVENMPV,ElevenMPV,9014,12/19/2020, 00:28:39,447
ELEVENMPV,ElevenMPV,9014,12/19/2020, 01:45:51,447
ELEVENMPV,ElevenMPV,9014,12/19/2020, 02:25:12,447
ELEVENMPV,ElevenMPV,9014,12/19/2020, 03:13:15,447
ELEVENMPV,ElevenMPV,9014,12/19/2020, 04:14:00,447
ELEVENMPV,ElevenMPV,9014,12/19/2020, 05:13:10,447
ELEVENMPV,ElevenMPV,9015,12/19/2020, 06:13:08,447
ELEVENMPV,ElevenMPV,9015,12/19/2020, 07:13:45,447
ELEVENMPV,ElevenMPV,9015,12/19/2020, 08:13:08,447
ELEVENMPV,ElevenMPV,9016,12/19/2020, 09:12:18,447
ELEVENMPV,ElevenMPV,9016,12/19/2020, 10:13:33,447
ELEVENMPV,ElevenMPV,9016,12/19/2020, 11:11:41,447
ELEVENMPV,ElevenMPV,9016,12/19/2020, 12:14:47,447
ELEVENMPV,ElevenMPV,9016,12/19/2020, 13:16:26,447
ELEVENMPV,ElevenMPV,9016,12/19/2020, 14:12:43,447
ELEVENMPV,ElevenMPV,9016,12/19/2020, 15:11:03,447
ELEVENMPV,ElevenMPV,9016,12/19/2020, 16:20:02,447
ELEVENMPV,ElevenMPV,9017,12/19/2020, 17:30:32,447
ELEVENMPV,ElevenMPV,9018,12/19/2020, 18:14:52,447
ELEVENMPV,ElevenMPV,9018,12/19/2020, 19:10:41,447
ELEVENMPV,ElevenMPV,9018,12/19/2020, 20:11:27,447
ELEVENMPV,ElevenMPV,9018,12/19/2020, 21:09:26,447
ELEVENMPV,ElevenMPV,9018,12/19/2020, 22:12:45,447
ELEVENMPV,ElevenMPV,9019,12/19/2020, 23:10:28,447
ELEVENMPV,ElevenMPV,9019,12/20/2020, 00:28:52,447
ELEVENMPV,ElevenMPV,9020,12/20/2020, 01:47:26,447
ELEVENMPV,ElevenMPV,9020,12/20/2020, 02:24:43,447
ELEVENMPV,ElevenMPV,9020,12/20/2020, 03:11:43,447
ELEVENMPV,ElevenMPV,9021,12/20/2020, 04:12:48,447
ELEVENMPV,ElevenMPV,9022,12/20/2020, 05:10:29,447
ELEVENMPV,ElevenMPV,9023,12/20/2020, 06:12:46,447
ELEVENMPV,ElevenMPV,9023,12/20/2020, 07:11:29,447
ELEVENMPV,ElevenMPV,9023,12/20/2020, 08:13:11,447
ELEVENMPV,ElevenMPV,9023,12/20/2020, 09:11:13,447
ELEVENMPV,ElevenMPV,9023,12/20/2020, 10:12:11,447
ELEVENMPV,ElevenMPV,9024,12/20/2020, 11:10:56,447
ELEVENMPV,ElevenMPV,9024,12/20/2020, 12:15:03,447
ELEVENMPV,ElevenMPV,9025,12/20/2020, 13:15:36,447
ELEVENMPV,ElevenMPV,9025,12/20/2020, 14:12:24,447
ELEVENMPV,ElevenMPV,9025,12/20/2020, 15:10:46,447
ELEVENMPV,ElevenMPV,9025,12/20/2020, 16:19:12,447
ELEVENMPV,ElevenMPV,9027,12/20/2020, 17:30:12,447
ELEVENMPV,ElevenMPV,9028,12/20/2020, 18:15:13,447
ELEVENMPV,ElevenMPV,9028,12/20/2020, 19:12:13,447
ELEVENMPV,ElevenMPV,9028,12/20/2020, 20:11:27,447
ELEVENMPV,ElevenMPV,9028,12/20/2020, 21:10:08,447
ELEVENMPV,ElevenMPV,9029,12/20/2020, 22:13:26,447
ELEVENMPV,ElevenMPV,9029,12/20/2020, 23:14:12,447
ELEVENMPV,ElevenMPV,9029,12/21/2020, 00:31:01,447
ELEVENMPV,ElevenMPV,9029,12/21/2020, 01:51:35,447
ELEVENMPV,ElevenMPV,9030,12/21/2020, 02:30:21,447
ELEVENMPV,ElevenMPV,9030,12/21/2020, 03:16:49,447
ELEVENMPV,ElevenMPV,9030,12/21/2020, 04:16:09,447
ELEVENMPV,ElevenMPV,9030,12/21/2020, 05:14:49,447
ELEVENMPV,ElevenMPV,9030,12/21/2020, 06:13:21,447
ELEVENMPV,ElevenMPV,9031,12/21/2020, 07:15:33,447
ELEVENMPV,ElevenMPV,9031,12/21/2020, 08:14:10,447
ELEVENMPV,ElevenMPV,9031,12/21/2020, 09:14:51,447
ELEVENMPV,ElevenMPV,9031,12/21/2020, 10:14:35,447
ELEVENMPV,ElevenMPV,9031,12/21/2020, 11:12:46,447
ELEVENMPV,ElevenMPV,9032,12/21/2020, 12:15:28,447
ELEVENMPV,ElevenMPV,9032,12/21/2020, 13:19:57,447
ELEVENMPV,ElevenMPV,9032,12/21/2020, 14:13:26,447
ELEVENMPV,ElevenMPV,9032,12/21/2020, 15:12:17,447
ELEVENMPV,ElevenMPV,9033,12/21/2020, 16:20:44,447
ELEVENMPV,ElevenMPV,9033,12/21/2020, 17:33:45,447
ELEVENMPV,ElevenMPV,9034,12/21/2020, 18:18:52,447
ELEVENMPV,ElevenMPV,9035,12/21/2020, 19:15:53,447
ELEVENMPV,ElevenMPV,9035,12/21/2020, 20:11:57,447
ELEVENMPV,ElevenMPV,9036,12/21/2020, 21:11:18,447
ELEVENMPV,ElevenMPV,9036,12/21/2020, 22:15:16,447
ELEVENMPV,ElevenMPV,9036,12/21/2020, 23:17:27,447
ELEVENMPV,ElevenMPV,9036,12/22/2020, 00:32:20,447
ELEVENMPV,ElevenMPV,9036,12/22/2020, 01:54:09,447
ELEVENMPV,ElevenMPV,9037,12/22/2020, 02:34:27,447
ELEVENMPV,ElevenMPV,9037,12/22/2020, 03:20:05,447
ELEVENMPV,ElevenMPV,9037,12/22/2020, 04:19:38,447
ELEVENMPV,ElevenMPV,9037,12/22/2020, 05:18:09,447
ELEVENMPV,ElevenMPV,9038,12/22/2020, 06:15:27,447
ELEVENMPV,ElevenMPV,9038,12/22/2020, 07:20:18,447
ELEVENMPV,ElevenMPV,9039,12/22/2020, 08:16:17,447
ELEVENMPV,ElevenMPV,9040,12/22/2020, 09:18:39,447
ELEVENMPV,ElevenMPV,9042,12/22/2020, 10:18:21,447
ELEVENMPV,ElevenMPV,9043,12/22/2020, 11:15:39,447
ELEVENMPV,ElevenMPV,9043,12/22/2020, 12:17:59,447
ELEVENMPV,ElevenMPV,9043,12/22/2020, 13:25:11,447
ELEVENMPV,ElevenMPV,9043,12/22/2020, 14:15:22,447
ELEVENMPV,ElevenMPV,9044,12/22/2020, 15:13:56,447
ELEVENMPV,ElevenMPV,9044,12/22/2020, 16:25:08,447
ELEVENMPV,ElevenMPV,9045,12/22/2020, 17:38:19,447
ELEVENMPV,ElevenMPV,9045,12/22/2020, 18:23:14,447
ELEVENMPV,ElevenMPV,9048,12/22/2020, 19:19:27,447
ELEVENMPV,ElevenMPV,9048,12/22/2020, 20:12:55,447
ELEVENMPV,ElevenMPV,9048,12/22/2020, 21:12:09,447
ELEVENMPV,ElevenMPV,9050,12/22/2020, 22:16:33,447
ELEVENMPV,ElevenMPV,9050,12/22/2020, 23:18:59,447
ELEVENMPV,ElevenMPV,9050,12/23/2020, 00:34:09,447
ELEVENMPV,ElevenMPV,9050,12/23/2020, 01:57:55,447
ELEVENMPV,ElevenMPV,9052,12/23/2020, 02:44:22,447
ELEVENMPV,ElevenMPV,9052,12/23/2020, 03:21:24,447
ELEVENMPV,ElevenMPV,9052,12/23/2020, 04:21:07,447
ELEVENMPV,ElevenMPV,9052,12/23/2020, 05:20:48,447
ELEVENMPV,ElevenMPV,9052,12/23/2020, 06:15:32,447
ELEVENMPV,ElevenMPV,9052,12/23/2020, 07:22:04,447
ELEVENMPV,ElevenMPV,9052,12/23/2020, 08:17:01,447
ELEVENMPV,ElevenMPV,9052,12/23/2020, 09:19:36,447
ELEVENMPV,ElevenMPV,9053,12/23/2020, 10:19:30,447
ELEVENMPV,ElevenMPV,9053,12/23/2020, 11:16:06,447
ELEVENMPV,ElevenMPV,9053,12/23/2020, 12:17:46,447
ELEVENMPV,ElevenMPV,9053,12/23/2020, 13:25:29,447
ELEVENMPV,ElevenMPV,9053,12/23/2020, 14:15:18,447
ELEVENMPV,ElevenMPV,9054,12/23/2020, 15:14:17,447
ELEVENMPV,ElevenMPV,9054,12/23/2020, 16:26:38,447
ELEVENMPV,ElevenMPV,9055,12/23/2020, 17:41:39,447
ELEVENMPV,ElevenMPV,9055,12/23/2020, 18:28:29,447
ELEVENMPV,ElevenMPV,9055,12/23/2020, 19:23:40,447
ELEVENMPV,ElevenMPV,9055,12/23/2020, 20:13:49,447
ELEVENMPV,ElevenMPV,9055,12/23/2020, 21:12:42,447
ELEVENMPV,ElevenMPV,9055,12/23/2020, 22:17:16,447
ELEVENMPV,ElevenMPV,9056,12/23/2020, 23:20:11,447
ELEVENMPV,ElevenMPV,9056,12/24/2020, 00:37:06,447
ELEVENMPV,ElevenMPV,9056,12/24/2020, 02:02:31,447
ELEVENMPV,ElevenMPV,9057,12/24/2020, 03:23:39,447
ELEVENMPV,ElevenMPV,9057,12/24/2020, 04:23:16,447
ELEVENMPV,ElevenMPV,9058,12/24/2020, 05:22:21,447
ELEVENMPV,ElevenMPV,9059,12/24/2020, 06:16:50,447
ELEVENMPV,ElevenMPV,9059,12/24/2020, 07:22:35,447
ELEVENMPV,ElevenMPV,9060,12/24/2020, 08:17:25,447
ELEVENMPV,ElevenMPV,9060,12/24/2020, 09:20:00,447
ELEVENMPV,ElevenMPV,9061,12/24/2020, 10:19:55,447
ELEVENMPV,ElevenMPV,9062,12/24/2020, 11:16:36,447
ELEVENMPV,ElevenMPV,9062,12/24/2020, 12:17:45,447
ELEVENMPV,ElevenMPV,9064,12/24/2020, 13:25:48,447
ELEVENMPV,ElevenMPV,9064,12/24/2020, 14:15:23,447
ELEVENMPV,ElevenMPV,9064,12/24/2020, 15:14:12,447
ELEVENMPV,ElevenMPV,9066,12/24/2020, 16:27:12,447
ELEVENMPV,ElevenMPV,9067,12/24/2020, 17:43:06,447
ELEVENMPV,ElevenMPV,9067,12/24/2020, 18:29:39,447
ELEVENMPV,ElevenMPV,9067,12/24/2020, 19:25:12,447
ELEVENMPV,ElevenMPV,9067,12/24/2020, 20:14:01,447
ELEVENMPV,ElevenMPV,9067,12/24/2020, 21:12:33,447
ELEVENMPV,ElevenMPV,9068,12/24/2020, 22:15:54,447
ELEVENMPV,ElevenMPV,9068,12/24/2020, 23:18:43,447
ELEVENMPV,ElevenMPV,9069,12/25/2020, 00:34:27,447
ELEVENMPV,ElevenMPV,9070,12/25/2020, 01:58:59,447
ELEVENMPV,ElevenMPV,9070,12/25/2020, 02:44:31,447
ELEVENMPV,ElevenMPV,9070,12/25/2020, 03:19:49,447
ELEVENMPV,ElevenMPV,9070,12/25/2020, 04:18:34,447
ELEVENMPV,ElevenMPV,9071,12/25/2020, 05:18:00,447
ELEVENMPV,ElevenMPV,9071,12/25/2020, 06:13:33,447
ELEVENMPV,ElevenMPV,9071,12/25/2020, 07:17:59,447
ELEVENMPV,ElevenMPV,9071,12/25/2020, 08:14:37,447
ELEVENMPV,ElevenMPV,9071,12/25/2020, 09:16:49,447
ELEVENMPV,ElevenMPV,9071,12/25/2020, 10:16:32,447
ELEVENMPV,ElevenMPV,9071,12/25/2020, 11:13:19,447
ELEVENMPV,ElevenMPV,9071,12/25/2020, 12:15:36,447
ELEVENMPV,ElevenMPV,9072,12/25/2020, 13:21:47,447
ELEVENMPV,ElevenMPV,9073,12/25/2020, 14:12:35,447
ELEVENMPV,ElevenMPV,9073,12/25/2020, 15:11:44,447
ELEVENMPV,ElevenMPV,9073,12/25/2020, 16:22:31,447
ELEVENMPV,ElevenMPV,9073,12/25/2020, 17:39:07,447
ELEVENMPV,ElevenMPV,9074,12/25/2020, 18:24:15,447
ELEVENMPV,ElevenMPV,9074,12/25/2020, 19:20:20,447
ELEVENMPV,ElevenMPV,9074,12/25/2020, 20:11:13,447
ELEVENMPV,ElevenMPV,9074,12/25/2020, 21:10:19,447
ELEVENMPV,ElevenMPV,9076,12/25/2020, 22:14:44,447
ELEVENMPV,ElevenMPV,9077,12/25/2020, 23:17:53,447
ELEVENMPV,ElevenMPV,9078,12/26/2020, 00:33:18,447
ELEVENMPV,ElevenMPV,9079,12/26/2020, 01:57:56,447
ELEVENMPV,ElevenMPV,9082,12/26/2020, 02:43:07,447
ELEVENMPV,ElevenMPV,9083,12/26/2020, 03:19:41,447
ELEVENMPV,ElevenMPV,9083,12/26/2020, 04:18:43,447
ELEVENMPV,ElevenMPV,9083,12/26/2020, 05:18:12,447
ELEVENMPV,ElevenMPV,9084,12/26/2020, 06:13:24,447
ELEVENMPV,ElevenMPV,9084,12/26/2020, 07:18:13,447
ELEVENMPV,ElevenMPV,9084,12/26/2020, 08:14:08,447
ELEVENMPV,ElevenMPV,9085,12/26/2020, 09:16:32,447
ELEVENMPV,ElevenMPV,9085,12/26/2020, 10:16:23,447
ELEVENMPV,ElevenMPV,9086,12/26/2020, 11:13:23,447
ELEVENMPV,ElevenMPV,9086,12/26/2020, 12:15:31,447
ELEVENMPV,ElevenMPV,9086,12/26/2020, 13:21:26,447
ELEVENMPV,ElevenMPV,9086,12/26/2020, 14:12:20,447
ELEVENMPV,ElevenMPV,9086,12/26/2020, 15:11:01,447
ELEVENMPV,ElevenMPV,9086,12/26/2020, 16:21:51,447
ELEVENMPV,ElevenMPV,9086,12/26/2020, 17:39:25,447
ELEVENMPV,ElevenMPV,9086,12/26/2020, 18:24:32,447
ELEVENMPV,ElevenMPV,9086,12/26/2020, 19:20:18,447
ELEVENMPV,ElevenMPV,9086,12/26/2020, 20:10:55,447
ELEVENMPV,ElevenMPV,9086,12/26/2020, 21:10:15,447
ELEVENMPV,ElevenMPV,9086,12/26/2020, 22:14:47,447
ELEVENMPV,ElevenMPV,9087,12/26/2020, 23:18:08,447
ELEVENMPV,ElevenMPV,9087,12/27/2020, 00:35:18,447
ELEVENMPV,ElevenMPV,9089,12/27/2020, 02:03:18,447
ELEVENMPV,ElevenMPV,9089,12/27/2020, 03:20:31,447
ELEVENMPV,ElevenMPV,9089,12/27/2020, 04:19:46,447
ELEVENMPV,ElevenMPV,9089,12/27/2020, 05:19:01,447
ELEVENMPV,ElevenMPV,9089,12/27/2020, 06:13:16,447
ELEVENMPV,ElevenMPV,9089,12/27/2020, 07:18:38,447
ELEVENMPV,ElevenMPV,9089,12/27/2020, 08:14:32,447
ELEVENMPV,ElevenMPV,9089,12/27/2020, 09:16:56,447
ELEVENMPV,ElevenMPV,9090,12/27/2020, 10:16:55,447
ELEVENMPV,ElevenMPV,9090,12/27/2020, 11:13:46,447
ELEVENMPV,ElevenMPV,9090,12/27/2020, 12:15:28,447
ELEVENMPV,ElevenMPV,9090,12/27/2020, 13:21:45,447
ELEVENMPV,ElevenMPV,9090,12/27/2020, 14:12:25,447
ELEVENMPV,ElevenMPV,9090,12/27/2020, 15:11:19,447
ELEVENMPV,ElevenMPV,9090,12/27/2020, 16:22:09,447
ELEVENMPV,ElevenMPV,9090,12/27/2020, 17:40:20,447
ELEVENMPV,ElevenMPV,9091,12/27/2020, 18:25:59,447
ELEVENMPV,ElevenMPV,9091,12/27/2020, 19:21:02,447
ELEVENMPV,ElevenMPV,9091,12/27/2020, 20:11:19,447
ELEVENMPV,ElevenMPV,9091,12/27/2020, 21:10:24,447
ELEVENMPV,ElevenMPV,9091,12/27/2020, 22:15:07,447
ELEVENMPV,ElevenMPV,9092,12/27/2020, 23:18:41,447
ELEVENMPV,ElevenMPV,9092,12/28/2020, 00:35:32,447
ELEVENMPV,ElevenMPV,9093,12/28/2020, 02:03:13,447
ELEVENMPV,ElevenMPV,9093,12/28/2020, 03:21:21,447
ELEVENMPV,ElevenMPV,9093,12/28/2020, 04:21:01,447
ELEVENMPV,ElevenMPV,9094,12/28/2020, 05:20:19,447
ELEVENMPV,ElevenMPV,9094,12/28/2020, 06:14:30,447
ELEVENMPV,ElevenMPV,9095,12/28/2020, 07:20:16,447
ELEVENMPV,ElevenMPV,9096,12/28/2020, 08:15:36,447
ELEVENMPV,ElevenMPV,9096,12/28/2020, 09:18:04,447
ELEVENMPV,ElevenMPV,9096,12/28/2020, 10:18:21,447
ELEVENMPV,ElevenMPV,9096,12/28/2020, 11:14:50,447
ELEVENMPV,ElevenMPV,9097,12/28/2020, 12:15:57,447
ELEVENMPV,ElevenMPV,9097,12/28/2020, 13:23:55,447
ELEVENMPV,ElevenMPV,9097,12/28/2020, 14:13:42,447
ELEVENMPV,ElevenMPV,9097,12/28/2020, 15:12:09,447
ELEVENMPV,ElevenMPV,9097,12/28/2020, 16:24:29,447
ELEVENMPV,ElevenMPV,9097,12/28/2020, 17:43:13,447
ELEVENMPV,ElevenMPV,9097,12/28/2020, 18:30:06,447
ELEVENMPV,ElevenMPV,9099,12/28/2020, 19:24:38,447
ELEVENMPV,ElevenMPV,9099,12/28/2020, 20:13:31,447
ELEVENMPV,ElevenMPV,9099,12/28/2020, 21:11:22,447
ELEVENMPV,ElevenMPV,9100,12/28/2020, 22:15:57,447
ELEVENMPV,ElevenMPV,9102,12/28/2020, 23:20:30,447
ELEVENMPV,ElevenMPV,9103,12/29/2020, 00:36:28,447
ELEVENMPV,ElevenMPV,9103,12/29/2020, 02:04:46,447
ELEVENMPV,ElevenMPV,9103,12/29/2020, 03:23:22,447
ELEVENMPV,ElevenMPV,9103,12/29/2020, 04:23:51,447
ELEVENMPV,ElevenMPV,9103,12/29/2020, 05:22:47,447
ELEVENMPV,ElevenMPV,9103,12/29/2020, 06:16:05,447
ELEVENMPV,ElevenMPV,9103,12/29/2020, 07:21:48,447
ELEVENMPV,ElevenMPV,9104,12/29/2020, 08:16:54,447
ELEVENMPV,ElevenMPV,9104,12/29/2020, 09:20:35,447
ELEVENMPV,ElevenMPV,9104,12/29/2020, 10:20:36,447
ELEVENMPV,ElevenMPV,9104,12/29/2020, 11:17:22,447
ELEVENMPV,ElevenMPV,9104,12/29/2020, 12:17:03,447
ELEVENMPV,ElevenMPV,9104,12/29/2020, 13:26:32,447
ELEVENMPV,ElevenMPV,9105,12/29/2020, 14:14:54,447
ELEVENMPV,ElevenMPV,9105,12/29/2020, 15:13:06,447
ELEVENMPV,ElevenMPV,9105,12/29/2020, 16:27:52,447
ELEVENMPV,ElevenMPV,9105,12/29/2020, 17:47:47,447
ELEVENMPV,ElevenMPV,9105,12/29/2020, 18:35:25,447
ELEVENMPV,ElevenMPV,9105,12/29/2020, 19:30:25,447
ELEVENMPV,ElevenMPV,9106,12/29/2020, 20:16:36,447
ELEVENMPV,ElevenMPV,9107,12/29/2020, 21:12:47,447
ELEVENMPV,ElevenMPV,9107,12/29/2020, 22:17:57,447
ELEVENMPV,ElevenMPV,9107,12/29/2020, 23:22:50,447
ELEVENMPV,ElevenMPV,9108,12/30/2020, 00:37:47,447
ELEVENMPV,ElevenMPV,9108,12/30/2020, 02:06:43,447
ELEVENMPV,ElevenMPV,9108,12/30/2020, 03:23:20,447
ELEVENMPV,ElevenMPV,9108,12/30/2020, 04:23:23,447
ELEVENMPV,ElevenMPV,9108,12/30/2020, 05:22:53,447
ELEVENMPV,ElevenMPV,9108,12/30/2020, 06:16:08,447
ELEVENMPV,ElevenMPV,9109,12/30/2020, 07:22:14,447
ELEVENMPV,ElevenMPV,9110,12/30/2020, 08:17:02,447
ELEVENMPV,ElevenMPV,9111,12/30/2020, 09:20:27,447
ELEVENMPV,ElevenMPV,9111,12/30/2020, 10:20:34,447
ELEVENMPV,ElevenMPV,9112,12/30/2020, 11:17:25,447
ELEVENMPV,ElevenMPV,9112,12/30/2020, 12:16:30,447
ELEVENMPV,ElevenMPV,9112,12/30/2020, 13:26:00,447
ELEVENMPV,ElevenMPV,9112,12/30/2020, 14:14:26,447
ELEVENMPV,ElevenMPV,9112,12/30/2020, 15:12:46,447
ELEVENMPV,ElevenMPV,9112,12/30/2020, 16:26:52,447
ELEVENMPV,ElevenMPV,9113,12/30/2020, 17:47:57,447
ELEVENMPV,ElevenMPV,9113,12/30/2020, 18:35:16,447
ELEVENMPV,ElevenMPV,9113,12/30/2020, 19:30:47,447
ELEVENMPV,ElevenMPV,9114,12/30/2020, 20:16:59,447
ELEVENMPV,ElevenMPV,9116,12/30/2020, 21:13:45,447
ELEVENMPV,ElevenMPV,9116,12/30/2020, 22:17:18,447
ELEVENMPV,ElevenMPV,9118,12/30/2020, 23:21:41,447
ELEVENMPV,ElevenMPV,9119,12/31/2020, 00:39:52,447
ELEVENMPV,ElevenMPV,9119,12/31/2020, 02:10:05,447
ELEVENMPV,ElevenMPV,9119,12/31/2020, 03:25:23,447
ELEVENMPV,ElevenMPV,9119,12/31/2020, 04:26:05,447
ELEVENMPV,ElevenMPV,9119,12/31/2020, 05:25:42,447
ELEVENMPV,ElevenMPV,9119,12/31/2020, 06:19:21,447
ELEVENMPV,ElevenMPV,9119,12/31/2020, 07:24:32,447
ELEVENMPV,ElevenMPV,9120,12/31/2020, 08:20:56,447
ELEVENMPV,ElevenMPV,9120,12/31/2020, 09:23:12,447
ELEVENMPV,ElevenMPV,9120,12/31/2020, 10:24:45,447
ELEVENMPV,ElevenMPV,9120,12/31/2020, 11:21:44,447
ELEVENMPV,ElevenMPV,9120,12/31/2020, 12:19:24,447
ELEVENMPV,ElevenMPV,9120,12/31/2020, 13:29:55,447
ELEVENMPV,ElevenMPV,9120,12/31/2020, 14:18:49,447
ELEVENMPV,ElevenMPV,9120,12/31/2020, 15:15:13,447
ELEVENMPV,ElevenMPV,9120,12/31/2020, 16:30:21,447
ELEVENMPV,ElevenMPV,9120,12/31/2020, 17:52:37,447
ELEVENMPV,ElevenMPV,9120,12/31/2020, 18:38:08,447
ELEVENMPV,ElevenMPV,9120,12/31/2020, 19:30:05,447
ELEVENMPV,ElevenMPV,9120,12/31/2020, 20:15:45,447
ELEVENMPV,ElevenMPV,9120,12/31/2020, 21:11:33,447
ELEVENMPV,ElevenMPV,9120,12/31/2020, 22:16:11,447
ELEVENMPV,ElevenMPV,9120,12/31/2020, 23:21:54,447
ELEVENMPV,ElevenMPV,9121,01/01/2021, 00:39:37,447
ELEVENMPV,ElevenMPV,9121,01/01/2021, 02:12:31,447
ELEVENMPV,ElevenMPV,9121,01/01/2021, 03:24:48,447
ELEVENMPV,ElevenMPV,9122,01/01/2021, 04:24:24,447
ELEVENMPV,ElevenMPV,9122,01/01/2021, 05:23:31,447
ELEVENMPV,ElevenMPV,9122,01/01/2021, 06:16:56,447
ELEVENMPV,ElevenMPV,9122,01/01/2021, 07:22:35,447
ELEVENMPV,ElevenMPV,9122,01/01/2021, 08:18:27,447
ELEVENMPV,ElevenMPV,9123,01/01/2021, 09:22:03,447
ELEVENMPV,ElevenMPV,9123,01/01/2021, 10:22:39,447
ELEVENMPV,ElevenMPV,9124,01/01/2021, 11:19:53,447
ELEVENMPV,ElevenMPV,9124,01/01/2021, 12:17:27,447
ELEVENMPV,ElevenMPV,9127,01/01/2021, 13:27:12,447
ELEVENMPV,ElevenMPV,9127,01/01/2021, 14:15:24,447
ELEVENMPV,ElevenMPV,9128,01/01/2021, 15:13:24,447
ELEVENMPV,ElevenMPV,9129,01/01/2021, 16:27:24,447
ELEVENMPV,ElevenMPV,9130,01/01/2021, 17:47:30,447
ELEVENMPV,ElevenMPV,9131,01/01/2021, 18:33:22,447
ELEVENMPV,ElevenMPV,9131,01/01/2021, 19:29:02,447
ELEVENMPV,ElevenMPV,9131,01/01/2021, 20:15:34,447
ELEVENMPV,ElevenMPV,9131,01/01/2021, 21:11:55,447
ELEVENMPV,ElevenMPV,9132,01/01/2021, 22:16:59,447
ELEVENMPV,ElevenMPV,9132,01/01/2021, 23:22:19,447
ELEVENMPV,ElevenMPV,9133,01/02/2021, 00:38:17,447
ELEVENMPV,ElevenMPV,9134,01/02/2021, 02:09:08,447
ELEVENMPV,ElevenMPV,9134,01/02/2021, 03:24:12,447
ELEVENMPV,ElevenMPV,9135,01/02/2021, 04:25:20,447
ELEVENMPV,ElevenMPV,9137,01/02/2021, 05:24:14,447
ELEVENMPV,ElevenMPV,9138,01/02/2021, 06:17:21,447
ELEVENMPV,ElevenMPV,9138,01/02/2021, 07:22:44,447
ELEVENMPV,ElevenMPV,9139,01/02/2021, 08:17:38,447
ELEVENMPV,ElevenMPV,9139,01/02/2021, 09:20:51,447
ELEVENMPV,ElevenMPV,9139,01/02/2021, 10:21:31,447
ELEVENMPV,ElevenMPV,9139,01/02/2021, 11:18:25,447
ELEVENMPV,ElevenMPV,9139,01/02/2021, 12:16:12,447
ELEVENMPV,ElevenMPV,9143,01/02/2021, 13:25:18,447
ELEVENMPV,ElevenMPV,9144,01/02/2021, 14:13:42,447
ELEVENMPV,ElevenMPV,9145,01/02/2021, 15:12:08,447
ELEVENMPV,ElevenMPV,9145,01/02/2021, 16:26:09,447
ELEVENMPV,ElevenMPV,9146,01/02/2021, 17:46:47,447
ELEVENMPV,ElevenMPV,9147,01/02/2021, 18:32:05,447
ELEVENMPV,ElevenMPV,9147,01/02/2021, 19:27:36,447
ELEVENMPV,ElevenMPV,9147,01/02/2021, 20:14:56,447
ELEVENMPV,ElevenMPV,9147,01/02/2021, 21:11:27,447
ELEVENMPV,ElevenMPV,9147,01/02/2021, 22:16:45,447
ELEVENMPV,ElevenMPV,9147,01/02/2021, 23:22:35,447
ELEVENMPV,ElevenMPV,9148,01/03/2021, 00:40:21,447
ELEVENMPV,ElevenMPV,9150,01/03/2021, 02:14:27,447
ELEVENMPV,ElevenMPV,9150,01/03/2021, 03:26:40,447
ELEVENMPV,ElevenMPV,9150,01/03/2021, 04:25:26,447
ELEVENMPV,ElevenMPV,9151,01/03/2021, 05:24:36,447
ELEVENMPV,ElevenMPV,9151,01/03/2021, 06:17:17,447
ELEVENMPV,ElevenMPV,9151,01/03/2021, 07:23:36,447
ELEVENMPV,ElevenMPV,9151,01/03/2021, 08:18:56,447
ELEVENMPV,ElevenMPV,9152,01/03/2021, 09:22:33,447
ELEVENMPV,ElevenMPV,9152,01/03/2021, 10:22:49,447
ELEVENMPV,ElevenMPV,9152,01/03/2021, 11:20:03,447
ELEVENMPV,ElevenMPV,9152,01/03/2021, 12:16:50,447
ELEVENMPV,ElevenMPV,9153,01/03/2021, 13:26:42,447
ELEVENMPV,ElevenMPV,9153,01/03/2021, 14:14:37,447
ELEVENMPV,ElevenMPV,9153,01/03/2021, 15:12:34,447
ELEVENMPV,ElevenMPV,9154,01/03/2021, 16:27:27,447
ELEVENMPV,ElevenMPV,9154,01/03/2021, 17:49:09,447
ELEVENMPV,ElevenMPV,9154,01/03/2021, 18:32:46,447
ELEVENMPV,ElevenMPV,9154,01/03/2021, 19:28:50,447
ELEVENMPV,ElevenMPV,9154,01/03/2021, 20:16:20,447
ELEVENMPV,ElevenMPV,9154,01/03/2021, 21:12:28,447
ELEVENMPV,ElevenMPV,9154,01/03/2021, 22:17:37,447
ELEVENMPV,ElevenMPV,9155,01/03/2021, 23:23:21,447
ELEVENMPV,ElevenMPV,9155,01/04/2021, 00:41:25,447
ELEVENMPV,ElevenMPV,9155,01/04/2021, 02:15:54,447
ELEVENMPV,ElevenMPV,9155,01/04/2021, 03:28:14,447
ELEVENMPV,ElevenMPV,9155,01/04/2021, 04:27:16,447
ELEVENMPV,ElevenMPV,9156,01/04/2021, 05:25:39,447
ELEVENMPV,ElevenMPV,9156,01/04/2021, 06:19:12,447
ELEVENMPV,ElevenMPV,9156,01/04/2021, 07:24:47,447
ELEVENMPV,ElevenMPV,9156,01/04/2021, 08:21:39,447
ELEVENMPV,ElevenMPV,9156,01/04/2021, 09:24:19,447
ELEVENMPV,ElevenMPV,9156,01/04/2021, 10:25:23,447
ELEVENMPV,ElevenMPV,9156,01/04/2021, 11:22:08,447
ELEVENMPV,ElevenMPV,9157,01/04/2021, 12:18:14,447
ELEVENMPV,ElevenMPV,9157,01/04/2021, 13:29:07,447
ELEVENMPV,ElevenMPV,9157,01/04/2021, 14:17:52,447
ELEVENMPV,ElevenMPV,9157,01/04/2021, 15:13:56,447
ELEVENMPV,ElevenMPV,9158,01/04/2021, 16:29:23,447
ELEVENMPV,ElevenMPV,9158,01/04/2021, 17:52:46,447
ELEVENMPV,ElevenMPV,9158,01/04/2021, 18:34:58,447
ELEVENMPV,ElevenMPV,9158,01/04/2021, 19:28:19,447
ELEVENMPV,ElevenMPV,9158,01/04/2021, 20:17:25,447
ELEVENMPV,ElevenMPV,9158,01/04/2021, 21:13:17,447
ELEVENMPV,ElevenMPV,9158,01/04/2021, 22:17:55,447
ELEVENMPV,ElevenMPV,9158,01/04/2021, 23:24:29,447
ELEVENMPV,ElevenMPV,9159,01/05/2021, 00:41:27,447
ELEVENMPV,ElevenMPV,9159,01/05/2021, 02:16:29,447
ELEVENMPV,ElevenMPV,9159,01/05/2021, 03:28:23,447
ELEVENMPV,ElevenMPV,9160,01/05/2021, 04:27:58,447
ELEVENMPV,ElevenMPV,9160,01/05/2021, 05:26:09,447
ELEVENMPV,ElevenMPV,9161,01/05/2021, 06:19:18,447
ELEVENMPV,ElevenMPV,9161,01/05/2021, 07:25:23,447
ELEVENMPV,ElevenMPV,9161,01/05/2021, 08:22:22,447
ELEVENMPV,ElevenMPV,9161,01/05/2021, 09:25:24,447
ELEVENMPV,ElevenMPV,9162,01/05/2021, 10:25:41,447
ELEVENMPV,ElevenMPV,9162,01/05/2021, 11:22:31,447
ELEVENMPV,ElevenMPV,9162,01/05/2021, 12:18:15,447
ELEVENMPV,ElevenMPV,9162,01/05/2021, 13:29:29,447
ELEVENMPV,ElevenMPV,9162,01/05/2021, 14:18:09,447
ELEVENMPV,ElevenMPV,9162,01/05/2021, 15:14:10,447
ELEVENMPV,ElevenMPV,9162,01/05/2021, 16:30:21,447
ELEVENMPV,ElevenMPV,9163,01/05/2021, 17:58:14,447
ELEVENMPV,ElevenMPV,9163,01/05/2021, 18:43:42,447
ELEVENMPV,ElevenMPV,9163,01/05/2021, 19:28:56,447
ELEVENMPV,ElevenMPV,9164,01/05/2021, 20:18:07,447
ELEVENMPV,ElevenMPV,9164,01/05/2021, 21:13:21,447
ELEVENMPV,ElevenMPV,9164,01/05/2021, 22:18:25,447
ELEVENMPV,ElevenMPV,9165,01/05/2021, 23:25:26,447
ELEVENMPV,ElevenMPV,9166,01/06/2021, 00:41:28,447
ELEVENMPV,ElevenMPV,9168,01/06/2021, 02:17:22,447
ELEVENMPV,ElevenMPV,9168,01/06/2021, 03:29:51,447
ELEVENMPV,ElevenMPV,9168,01/06/2021, 04:28:45,447
ELEVENMPV,ElevenMPV,9168,01/06/2021, 05:27:48,447
ELEVENMPV,ElevenMPV,9168,01/06/2021, 06:19:46,447
ELEVENMPV,ElevenMPV,9168,01/06/2021, 07:26:42,447
ELEVENMPV,ElevenMPV,9168,01/06/2021, 08:21:56,447
ELEVENMPV,ElevenMPV,9168,01/06/2021, 09:25:53,447
ELEVENMPV,ElevenMPV,9168,01/06/2021, 10:26:37,447
ELEVENMPV,ElevenMPV,9168,01/06/2021, 11:22:55,447
ELEVENMPV,ElevenMPV,9168,01/06/2021, 12:18:36,447
ELEVENMPV,ElevenMPV,9168,01/06/2021, 13:29:49,447
ELEVENMPV,ElevenMPV,9168,01/06/2021, 14:18:43,447
ELEVENMPV,ElevenMPV,9168,01/06/2021, 15:14:26,447
ELEVENMPV,ElevenMPV,9168,01/06/2021, 16:31:02,447
ELEVENMPV,ElevenMPV,9168,01/06/2021, 17:56:42,447
ELEVENMPV,ElevenMPV,9169,01/06/2021, 18:40:01,447
ELEVENMPV,ElevenMPV,9169,01/06/2021, 19:29:01,447
ELEVENMPV,ElevenMPV,9169,01/06/2021, 20:18:24,447
ELEVENMPV,ElevenMPV,9170,01/06/2021, 21:13:30,447
ELEVENMPV,ElevenMPV,9170,01/06/2021, 22:19:05,447
ELEVENMPV,ElevenMPV,9171,01/06/2021, 23:26:34,447
ELEVENMPV,ElevenMPV,9172,01/07/2021, 00:44:55,447
ELEVENMPV,ElevenMPV,9173,01/07/2021, 02:21:38,447
ELEVENMPV,ElevenMPV,9175,01/07/2021, 03:34:04,447
ELEVENMPV,ElevenMPV,9175,01/07/2021, 04:31:25,447
ELEVENMPV,ElevenMPV,9175,01/07/2021, 05:30:06,447
ELEVENMPV,ElevenMPV,9176,01/07/2021, 06:21:16,447
ELEVENMPV,ElevenMPV,9177,01/07/2021, 07:27:55,447
ELEVENMPV,ElevenMPV,9177,01/07/2021, 08:22:34,447
ELEVENMPV,ElevenMPV,9178,01/07/2021, 09:26:51,447
ELEVENMPV,ElevenMPV,9178,01/07/2021, 10:27:17,447
ELEVENMPV,ElevenMPV,9178,01/07/2021, 11:23:49,447
ELEVENMPV,ElevenMPV,9178,01/07/2021, 12:18:56,447
ELEVENMPV,ElevenMPV,9178,01/07/2021, 13:30:30,447
ELEVENMPV,ElevenMPV,9180,01/07/2021, 14:19:25,447
ELEVENMPV,ElevenMPV,9180,01/07/2021, 15:14:17,447
ELEVENMPV,ElevenMPV,9180,01/07/2021, 16:31:37,447
ELEVENMPV,ElevenMPV,9180,01/07/2021, 17:57:44,447
ELEVENMPV,ElevenMPV,9180,01/07/2021, 18:44:09,447
ELEVENMPV,ElevenMPV,9180,01/07/2021, 19:25:33,447
ELEVENMPV,ElevenMPV,9181,01/07/2021, 20:16:41,447
ELEVENMPV,ElevenMPV,9181,01/07/2021, 21:13:30,447
ELEVENMPV,ElevenMPV,9184,01/07/2021, 22:19:04,447
ELEVENMPV,ElevenMPV,9184,01/07/2021, 23:26:38,447
ELEVENMPV,ElevenMPV,9184,01/08/2021, 00:44:21,447
ELEVENMPV,ElevenMPV,9186,01/08/2021, 02:22:09,447
ELEVENMPV,ElevenMPV,9187,01/08/2021, 03:35:37,447
ELEVENMPV,ElevenMPV,9188,01/08/2021, 04:32:21,447
ELEVENMPV,ElevenMPV,9188,01/08/2021, 05:31:41,447
ELEVENMPV,ElevenMPV,9189,01/08/2021, 06:22:43,447
ELEVENMPV,ElevenMPV,9190,01/08/2021, 07:28:21,447
ELEVENMPV,ElevenMPV,9190,01/08/2021, 08:23:45,447
ELEVENMPV,ElevenMPV,9190,01/08/2021, 09:27:35,447
ELEVENMPV,ElevenMPV,9191,01/08/2021, 10:28:36,447
ELEVENMPV,ElevenMPV,9192,01/08/2021, 11:25:00,447
ELEVENMPV,ElevenMPV,9193,01/08/2021, 12:21:18,447
ELEVENMPV,ElevenMPV,9193,01/08/2021, 13:32:41,447
ELEVENMPV,ElevenMPV,9194,01/08/2021, 14:19:50,447
ELEVENMPV,ElevenMPV,9194,01/08/2021, 15:15:39,447
ELEVENMPV,ElevenMPV,9194,01/08/2021, 16:33:43,447
ELEVENMPV,ElevenMPV,9196,01/08/2021, 17:59:21,447
ELEVENMPV,ElevenMPV,9196,01/08/2021, 18:44:02,447
ELEVENMPV,ElevenMPV,9196,01/08/2021, 19:27:03,447
ELEVENMPV,ElevenMPV,9197,01/08/2021, 20:17:48,447
ELEVENMPV,ElevenMPV,9197,01/08/2021, 21:15:13,447
ELEVENMPV,ElevenMPV,9198,01/08/2021, 22:21:14,447
ELEVENMPV,ElevenMPV,9198,01/08/2021, 23:28:06,447
ELEVENMPV,ElevenMPV,9199,01/09/2021, 00:44:20,447
ELEVENMPV,ElevenMPV,9201,01/09/2021, 02:22:55,447
ELEVENMPV,ElevenMPV,9201,01/09/2021, 03:36:25,447
ELEVENMPV,ElevenMPV,9201,01/09/2021, 04:34:02,447
ELEVENMPV,ElevenMPV,9202,01/09/2021, 05:33:16,447
ELEVENMPV,ElevenMPV,9202,01/09/2021, 06:25:28,447
ELEVENMPV,ElevenMPV,9203,01/09/2021, 07:28:45,447
ELEVENMPV,ElevenMPV,9205,01/09/2021, 08:24:28,447
ELEVENMPV,ElevenMPV,9205,01/09/2021, 09:27:52,447
ELEVENMPV,ElevenMPV,9205,01/09/2021, 10:28:07,447
ELEVENMPV,ElevenMPV,9205,01/09/2021, 11:25:19,447
ELEVENMPV,ElevenMPV,9205,01/09/2021, 12:20:56,447
ELEVENMPV,ElevenMPV,9205,01/09/2021, 13:32:50,447
ELEVENMPV,ElevenMPV,9205,01/09/2021, 14:19:16,447
ELEVENMPV,ElevenMPV,9205,01/09/2021, 15:15:39,447
ELEVENMPV,ElevenMPV,9207,01/09/2021, 16:35:23,447
ELEVENMPV,ElevenMPV,9208,01/09/2021, 18:02:16,447
ELEVENMPV,ElevenMPV,9208,01/09/2021, 19:32:26,447
ELEVENMPV,ElevenMPV,9209,01/09/2021, 20:21:26,447
ELEVENMPV,ElevenMPV,9211,01/09/2021, 21:15:50,447
ELEVENMPV,ElevenMPV,9212,01/09/2021, 22:21:55,447
ELEVENMPV,ElevenMPV,9213,01/09/2021, 23:28:29,447
ELEVENMPV,ElevenMPV,9213,01/10/2021, 00:46:35,447
ELEVENMPV,ElevenMPV,9214,01/10/2021, 02:28:32,447
ELEVENMPV,ElevenMPV,9214,01/10/2021, 03:42:02,447
ELEVENMPV,ElevenMPV,9214,01/10/2021, 04:36:07,447
ELEVENMPV,ElevenMPV,9214,01/10/2021, 05:34:45,447
ELEVENMPV,ElevenMPV,9215,01/10/2021, 06:26:22,447
ELEVENMPV,ElevenMPV,9215,01/10/2021, 07:31:13,447
ELEVENMPV,ElevenMPV,9215,01/10/2021, 08:25:08,447
ELEVENMPV,ElevenMPV,9215,01/10/2021, 09:28:54,447
ELEVENMPV,ElevenMPV,9216,01/10/2021, 10:30:07,447
ELEVENMPV,ElevenMPV,9216,01/10/2021, 11:26:03,447
ELEVENMPV,ElevenMPV,9216,01/10/2021, 12:22:58,447
ELEVENMPV,ElevenMPV,9217,01/10/2021, 13:33:30,447
ELEVENMPV,ElevenMPV,9218,01/10/2021, 14:20:55,447
ELEVENMPV,ElevenMPV,9219,01/10/2021, 15:16:44,447
ELEVENMPV,ElevenMPV,9219,01/10/2021, 16:35:25,447
ELEVENMPV,ElevenMPV,9219,01/10/2021, 18:04:23,447
ELEVENMPV,ElevenMPV,9221,01/10/2021, 19:34:33,447
ELEVENMPV,ElevenMPV,9221,01/10/2021, 20:20:20,447
ELEVENMPV,ElevenMPV,9221,01/10/2021, 21:14:11,447
ELEVENMPV,ElevenMPV,9221,01/10/2021, 22:20:32,447
ELEVENMPV,ElevenMPV,9221,01/10/2021, 23:27:50,447
ELEVENMPV,ElevenMPV,9221,01/11/2021, 00:45:51,447
ELEVENMPV,ElevenMPV,9222,01/11/2021, 02:27:10,447
ELEVENMPV,ElevenMPV,9222,01/11/2021, 03:41:25,447
ELEVENMPV,ElevenMPV,9222,01/11/2021, 04:36:11,447
ELEVENMPV,ElevenMPV,9222,01/11/2021, 05:35:28,447
ELEVENMPV,ElevenMPV,9222,01/11/2021, 06:27:32,447
ELEVENMPV,ElevenMPV,9222,01/11/2021, 07:31:30,447
ELEVENMPV,ElevenMPV,9222,01/11/2021, 08:28:07,447
ELEVENMPV,ElevenMPV,9222,01/11/2021, 09:32:23,447
ELEVENMPV,ElevenMPV,9222,01/11/2021, 10:34:03,447
ELEVENMPV,ElevenMPV,9222,01/11/2021, 11:28:55,447
ELEVENMPV,ElevenMPV,9222,01/11/2021, 12:25:15,447
ELEVENMPV,ElevenMPV,9222,01/11/2021, 13:37:17,447
ELEVENMPV,ElevenMPV,9222,01/11/2021, 14:24:10,447
ELEVENMPV,ElevenMPV,9224,01/11/2021, 15:17:05,447
ELEVENMPV,ElevenMPV,9226,01/11/2021, 16:33:28,447
ELEVENMPV,ElevenMPV,9226,01/11/2021, 18:04:26,447
ELEVENMPV,ElevenMPV,9227,01/11/2021, 19:35:25,447
ELEVENMPV,ElevenMPV,9227,01/11/2021, 20:23:35,447
ELEVENMPV,ElevenMPV,9227,01/11/2021, 21:18:45,447
ELEVENMPV,ElevenMPV,9227,01/11/2021, 22:24:04,447
ELEVENMPV,ElevenMPV,9227,01/11/2021, 23:30:44,447
ELEVENMPV,ElevenMPV,9227,01/12/2021, 00:48:20,447
ELEVENMPV,ElevenMPV,9227,01/12/2021, 02:30:53,447
ELEVENMPV,ElevenMPV,9227,01/12/2021, 03:43:39,447
ELEVENMPV,ElevenMPV,9228,01/12/2021, 04:35:51,447
ELEVENMPV,ElevenMPV,9228,01/12/2021, 05:36:45,447
ELEVENMPV,ElevenMPV,9228,01/12/2021, 06:28:25,447
ELEVENMPV,ElevenMPV,9229,01/12/2021, 07:33:47,447
ELEVENMPV,ElevenMPV,9229,01/12/2021, 08:29:41,447
ELEVENMPV,ElevenMPV,9230,01/12/2021, 09:35:57,447
ELEVENMPV,ElevenMPV,9231,01/12/2021, 10:34:54,447
ELEVENMPV,ElevenMPV,9234,01/12/2021, 11:30:36,447
ELEVENMPV,ElevenMPV,9234,01/12/2021, 12:26:01,447
ELEVENMPV,ElevenMPV,9236,01/12/2021, 13:39:44,447
ELEVENMPV,ElevenMPV,9236,01/12/2021, 14:26:46,447
ELEVENMPV,ElevenMPV,9236,01/12/2021, 15:21:18,447
ELEVENMPV,ElevenMPV,9236,01/12/2021, 16:38:37,447
ELEVENMPV,ElevenMPV,9236,01/12/2021, 18:12:49,447
ELEVENMPV,ElevenMPV,9237,01/12/2021, 19:42:20,447
ELEVENMPV,ElevenMPV,9237,01/12/2021, 20:28:50,447
ELEVENMPV,ElevenMPV,9237,01/12/2021, 21:22:03,447
ELEVENMPV,ElevenMPV,9237,01/12/2021, 22:27:47,447
ELEVENMPV,ElevenMPV,9237,01/12/2021, 23:35:12,447
ELEVENMPV,ElevenMPV,9237,01/13/2021, 00:54:58,447
ELEVENMPV,ElevenMPV,9239,01/13/2021, 02:37:31,447
ELEVENMPV,ElevenMPV,9239,01/13/2021, 03:50:37,447
ELEVENMPV,ElevenMPV,9240,01/13/2021, 04:39:01,447
ELEVENMPV,ElevenMPV,9240,01/13/2021, 05:41:18,447
ELEVENMPV,ElevenMPV,9240,01/13/2021, 06:33:58,447
ELEVENMPV,ElevenMPV,9240,01/13/2021, 07:40:26,447
ELEVENMPV,ElevenMPV,9240,01/13/2021, 08:37:04,447
ELEVENMPV,ElevenMPV,9240,01/13/2021, 09:41:21,447
ELEVENMPV,ElevenMPV,9240,01/13/2021, 10:42:51,447
ELEVENMPV,ElevenMPV,9240,01/13/2021, 11:39:15,447
ELEVENMPV,ElevenMPV,9240,01/13/2021, 12:33:57,447
ELEVENMPV,ElevenMPV,9240,01/13/2021, 13:47:04,447
ELEVENMPV,ElevenMPV,9240,01/13/2021, 15:27:26,447
ELEVENMPV,ElevenMPV,9241,01/13/2021, 16:45:19,447
ELEVENMPV,ElevenMPV,9241,01/13/2021, 18:26:21,447
ELEVENMPV,ElevenMPV,9242,01/13/2021, 19:54:18,447
ELEVENMPV,ElevenMPV,9242,01/13/2021, 20:34:22,447
ELEVENMPV,ElevenMPV,9242,01/13/2021, 21:26:26,447
ELEVENMPV,ElevenMPV,9242,01/13/2021, 22:29:42,447
ELEVENMPV,ElevenMPV,9242,01/13/2021, 23:38:51,447
ELEVENMPV,ElevenMPV,9244,01/14/2021, 01:03:14,447
ELEVENMPV,ElevenMPV,9245,01/14/2021, 03:06:16,447
ELEVENMPV,ElevenMPV,9246,01/14/2021, 04:39:00,447
ELEVENMPV,ElevenMPV,9247,01/14/2021, 05:43:45,447
ELEVENMPV,ElevenMPV,9247,01/14/2021, 06:36:51,447
ELEVENMPV,ElevenMPV,9248,01/14/2021, 07:42:22,447
ELEVENMPV,ElevenMPV,9248,01/14/2021, 08:37:23,447
ELEVENMPV,ElevenMPV,9249,01/14/2021, 09:41:52,447
ELEVENMPV,ElevenMPV,9249,01/14/2021, 10:44:05,447
ELEVENMPV,ElevenMPV,9249,01/14/2021, 11:40:13,447
ELEVENMPV,ElevenMPV,9249,01/14/2021, 12:32:47,447
ELEVENMPV,ElevenMPV,9249,01/14/2021, 13:47:31,447
ELEVENMPV,ElevenMPV,9249,01/14/2021, 14:35:18,447
ELEVENMPV,ElevenMPV,9250,01/14/2021, 15:25:54,447
ELEVENMPV,ElevenMPV,9251,01/14/2021, 16:44:10,447
ELEVENMPV,ElevenMPV,9252,01/14/2021, 18:23:15,447
ELEVENMPV,ElevenMPV,9252,01/14/2021, 19:50:17,447
ELEVENMPV,ElevenMPV,9252,01/14/2021, 20:33:35,447
ELEVENMPV,ElevenMPV,9252,01/14/2021, 21:24:25,447
ELEVENMPV,ElevenMPV,9252,01/14/2021, 22:27:43,447
ELEVENMPV,ElevenMPV,9252,01/14/2021, 23:36:06,447
ELEVENMPV,ElevenMPV,9252,01/15/2021, 00:58:49,447
ELEVENMPV,ElevenMPV,9253,01/15/2021, 02:47:02,447
ELEVENMPV,ElevenMPV,9253,01/15/2021, 03:54:02,447
ELEVENMPV,ElevenMPV,9253,01/15/2021, 04:37:04,447
ELEVENMPV,ElevenMPV,9253,01/15/2021, 05:40:27,447
ELEVENMPV,ElevenMPV,9254,01/15/2021, 06:33:17,447
ELEVENMPV,ElevenMPV,9255,01/15/2021, 07:39:25,447
ELEVENMPV,ElevenMPV,9256,01/15/2021, 08:34:56,447
ELEVENMPV,ElevenMPV,9256,01/15/2021, 09:40:06,447
ELEVENMPV,ElevenMPV,9256,01/15/2021, 10:42:06,447
ELEVENMPV,ElevenMPV,9257,01/15/2021, 11:38:59,447
ELEVENMPV,ElevenMPV,9257,01/15/2021, 12:32:08,447
ELEVENMPV,ElevenMPV,9257,01/15/2021, 13:45:33,447
ELEVENMPV,ElevenMPV,9257,01/15/2021, 14:33:55,447
ELEVENMPV,ElevenMPV,9257,01/15/2021, 15:24:31,447
ELEVENMPV,ElevenMPV,9257,01/15/2021, 16:50:28,447
ELEVENMPV,ElevenMPV,9257,01/15/2021, 18:21:02,447
ELEVENMPV,ElevenMPV,9260,01/15/2021, 19:49:23,447
ELEVENMPV,ElevenMPV,9260,01/15/2021, 20:35:11,447
ELEVENMPV,ElevenMPV,9261,01/15/2021, 21:26:59,447
ELEVENMPV,ElevenMPV,9261,01/15/2021, 22:31:29,447
ELEVENMPV,ElevenMPV,9261,01/15/2021, 23:39:10,447
ELEVENMPV,ElevenMPV,9262,01/16/2021, 01:01:11,447
ELEVENMPV,ElevenMPV,9264,01/16/2021, 03:03:44,447
ELEVENMPV,ElevenMPV,9264,01/16/2021, 04:37:45,447
ELEVENMPV,ElevenMPV,9264,01/16/2021, 05:41:28,447
ELEVENMPV,ElevenMPV,9264,01/16/2021, 06:34:18,447
ELEVENMPV,ElevenMPV,9264,01/16/2021, 07:39:46,447
ELEVENMPV,ElevenMPV,9264,01/16/2021, 08:34:44,447
ELEVENMPV,ElevenMPV,9265,01/16/2021, 09:38:48,447
ELEVENMPV,ElevenMPV,9265,01/16/2021, 10:41:09,447
ELEVENMPV,ElevenMPV,9265,01/16/2021, 11:37:29,447
ELEVENMPV,ElevenMPV,9265,01/16/2021, 12:30:51,447
ELEVENMPV,ElevenMPV,9265,01/16/2021, 13:44:12,447
ELEVENMPV,ElevenMPV,9266,01/16/2021, 14:31:50,447
ELEVENMPV,ElevenMPV,9267,01/16/2021, 15:22:43,447
ELEVENMPV,ElevenMPV,9268,01/16/2021, 16:41:43,447
ELEVENMPV,ElevenMPV,9268,01/16/2021, 18:17:50,447
ELEVENMPV,ElevenMPV,9270,01/16/2021, 19:45:45,447
ELEVENMPV,ElevenMPV,9270,01/16/2021, 20:32:05,447
ELEVENMPV,ElevenMPV,9270,01/16/2021, 21:22:33,447
ELEVENMPV,ElevenMPV,9270,01/16/2021, 22:27:50,447
ELEVENMPV,ElevenMPV,9273,01/16/2021, 23:35:11,447
ELEVENMPV,ElevenMPV,9274,01/17/2021, 00:59:32,447
ELEVENMPV,ElevenMPV,9274,01/17/2021, 02:51:24,447
ELEVENMPV,ElevenMPV,9274,01/17/2021, 03:56:45,447
ELEVENMPV,ElevenMPV,9276,01/17/2021, 04:47:34,447
ELEVENMPV,ElevenMPV,9277,01/17/2021, 05:41:57,447
ELEVENMPV,ElevenMPV,9277,01/17/2021, 06:34:02,447
ELEVENMPV,ElevenMPV,9277,01/17/2021, 07:39:30,447
ELEVENMPV,ElevenMPV,9277,01/17/2021, 08:34:21,447
ELEVENMPV,ElevenMPV,9277,01/17/2021, 09:38:20,447
ELEVENMPV,ElevenMPV,9278,01/17/2021, 10:40:13,447
ELEVENMPV,ElevenMPV,9278,01/17/2021, 11:36:12,447
ELEVENMPV,ElevenMPV,9278,01/17/2021, 12:29:38,447
ELEVENMPV,ElevenMPV,9279,01/17/2021, 13:46:16,447
ELEVENMPV,ElevenMPV,9280,01/17/2021, 14:30:13,447
ELEVENMPV,ElevenMPV,9281,01/17/2021, 15:22:25,447
ELEVENMPV,ElevenMPV,9281,01/17/2021, 16:41:18,447
ELEVENMPV,ElevenMPV,9282,01/17/2021, 18:16:58,447
ELEVENMPV,ElevenMPV,9282,01/17/2021, 19:44:24,447
ELEVENMPV,ElevenMPV,9282,01/17/2021, 20:31:01,447
ELEVENMPV,ElevenMPV,9283,01/17/2021, 21:22:07,447
ELEVENMPV,ElevenMPV,9283,01/17/2021, 22:27:43,447
ELEVENMPV,ElevenMPV,9283,01/17/2021, 23:34:57,447
ELEVENMPV,ElevenMPV,9283,01/18/2021, 00:58:10,447
ELEVENMPV,ElevenMPV,9284,01/18/2021, 02:47:54,447
ELEVENMPV,ElevenMPV,9285,01/18/2021, 03:55:11,447
ELEVENMPV,ElevenMPV,9285,01/18/2021, 04:38:27,447
ELEVENMPV,ElevenMPV,9285,01/18/2021, 05:42:05,447
ELEVENMPV,ElevenMPV,9285,01/18/2021, 06:34:54,447
ELEVENMPV,ElevenMPV,9285,01/18/2021, 07:41:15,447
ELEVENMPV,ElevenMPV,9285,01/18/2021, 08:37:56,447
ELEVENMPV,ElevenMPV,9285,01/18/2021, 09:41:51,447
ELEVENMPV,ElevenMPV,9285,01/18/2021, 10:44:25,447
ELEVENMPV,ElevenMPV,9285,01/18/2021, 11:41:21,447
ELEVENMPV,ElevenMPV,9285,01/18/2021, 12:32:54,447
ELEVENMPV,ElevenMPV,9285,01/18/2021, 13:47:15,447
ELEVENMPV,ElevenMPV,9285,01/18/2021, 14:35:19,447
ELEVENMPV,ElevenMPV,9286,01/18/2021, 15:25:41,447
ELEVENMPV,ElevenMPV,9287,01/18/2021, 16:44:05,447
ELEVENMPV,ElevenMPV,9290,01/18/2021, 18:20:40,447
ELEVENMPV,ElevenMPV,9290,01/18/2021, 19:48:59,447
ELEVENMPV,ElevenMPV,9290,01/18/2021, 20:36:22,447
ELEVENMPV,ElevenMPV,9290,01/18/2021, 21:28:10,447
ELEVENMPV,ElevenMPV,9290,01/18/2021, 22:31:24,447
ELEVENMPV,ElevenMPV,9293,01/18/2021, 23:38:45,447
ELEVENMPV,ElevenMPV,9294,01/19/2021, 01:01:13,447
ELEVENMPV,ElevenMPV,9294,01/19/2021, 03:06:11,447
ELEVENMPV,ElevenMPV,9294,01/19/2021, 04:38:02,447
ELEVENMPV,ElevenMPV,9294,01/19/2021, 05:43:12,447
ELEVENMPV,ElevenMPV,9294,01/19/2021, 06:36:16,447
ELEVENMPV,ElevenMPV,9295,01/19/2021, 07:42:26,447
ELEVENMPV,ElevenMPV,9295,01/19/2021, 08:38:37,447
ELEVENMPV,ElevenMPV,9295,01/19/2021, 09:43:58,447
ELEVENMPV,ElevenMPV,9295,01/19/2021, 10:46:44,447
ELEVENMPV,ElevenMPV,9295,01/19/2021, 11:43:29,447
ELEVENMPV,ElevenMPV,9295,01/19/2021, 12:34:36,447
ELEVENMPV,ElevenMPV,9295,01/19/2021, 13:49:49,447
ELEVENMPV,ElevenMPV,9295,01/19/2021, 14:42:40,447
ELEVENMPV,ElevenMPV,9295,01/19/2021, 15:25:08,447
ELEVENMPV,ElevenMPV,9295,01/19/2021, 16:43:46,447
ELEVENMPV,ElevenMPV,9295,01/19/2021, 18:18:34,447
ELEVENMPV,ElevenMPV,9295,01/19/2021, 19:49:36,447
ELEVENMPV,ElevenMPV,9295,01/19/2021, 20:37:46,447
ELEVENMPV,ElevenMPV,9295,01/19/2021, 21:28:58,447
ELEVENMPV,ElevenMPV,9295,01/19/2021, 22:31:55,447
ELEVENMPV,ElevenMPV,9296,01/19/2021, 23:39:24,447
ELEVENMPV,ElevenMPV,9296,01/20/2021, 01:02:32,447
ELEVENMPV,ElevenMPV,9296,01/20/2021, 03:08:38,447
ELEVENMPV,ElevenMPV,9296,01/20/2021, 04:40:25,447
ELEVENMPV,ElevenMPV,9297,01/20/2021, 05:45:56,447
ELEVENMPV,ElevenMPV,9297,01/20/2021, 06:39:25,447
ELEVENMPV,ElevenMPV,9299,01/20/2021, 07:45:27,447
ELEVENMPV,ElevenMPV,9300,01/20/2021, 08:41:39,447
ELEVENMPV,ElevenMPV,9300,01/20/2021, 09:45:46,447
ELEVENMPV,ElevenMPV,9300,01/20/2021, 10:47:24,447
ELEVENMPV,ElevenMPV,9300,01/20/2021, 11:43:30,447
ELEVENMPV,ElevenMPV,9300,01/20/2021, 12:34:22,447
ELEVENMPV,ElevenMPV,9301,01/20/2021, 13:48:47,447
ELEVENMPV,ElevenMPV,9301,01/20/2021, 14:35:46,447
ELEVENMPV,ElevenMPV,9301,01/20/2021, 15:26:40,447
ELEVENMPV,ElevenMPV,9303,01/20/2021, 16:46:09,447
ELEVENMPV,ElevenMPV,9303,01/20/2021, 18:21:00,447
ELEVENMPV,ElevenMPV,9303,01/20/2021, 19:50:19,447
ELEVENMPV,ElevenMPV,9303,01/20/2021, 20:35:26,447
ELEVENMPV,ElevenMPV,9304,01/20/2021, 21:29:00,447
ELEVENMPV,ElevenMPV,9304,01/20/2021, 22:28:35,447
ELEVENMPV,ElevenMPV,9304,01/20/2021, 23:36:29,447
ELEVENMPV,ElevenMPV,9306,01/21/2021, 01:02:26,447
ELEVENMPV,ElevenMPV,9307,01/21/2021, 03:08:11,447
ELEVENMPV,ElevenMPV,9307,01/21/2021, 04:39:15,447
ELEVENMPV,ElevenMPV,9308,01/21/2021, 05:44:52,447
ELEVENMPV,ElevenMPV,9308,01/21/2021, 06:38:11,447
ELEVENMPV,ElevenMPV,9310,01/21/2021, 07:44:11,447
ELEVENMPV,ElevenMPV,9310,01/21/2021, 08:39:52,447
ELEVENMPV,ElevenMPV,9310,01/21/2021, 09:44:54,447
ELEVENMPV,ElevenMPV,9310,01/21/2021, 10:46:20,447
ELEVENMPV,ElevenMPV,9311,01/21/2021, 11:42:59,447
ELEVENMPV,ElevenMPV,9311,01/21/2021, 12:34:42,447
ELEVENMPV,ElevenMPV,9312,01/21/2021, 13:49:13,447
ELEVENMPV,ElevenMPV,9312,01/21/2021, 14:36:03,447
ELEVENMPV,ElevenMPV,9312,01/21/2021, 15:26:21,447
ELEVENMPV,ElevenMPV,9312,01/21/2021, 16:44:11,447
ELEVENMPV,ElevenMPV,9312,01/21/2021, 18:18:48,447
ELEVENMPV,ElevenMPV,9312,01/21/2021, 19:46:22,447
ELEVENMPV,ElevenMPV,9312,01/21/2021, 20:33:49,447
ELEVENMPV,ElevenMPV,9313,01/21/2021, 21:25:36,447
ELEVENMPV,ElevenMPV,9313,01/21/2021, 22:29:41,447
ELEVENMPV,ElevenMPV,9313,01/21/2021, 23:36:59,447
ELEVENMPV,ElevenMPV,9314,01/22/2021, 01:01:00,447
ELEVENMPV,ElevenMPV,9314,01/22/2021, 03:07:06,447
ELEVENMPV,ElevenMPV,9314,01/22/2021, 04:39:12,447
ELEVENMPV,ElevenMPV,9315,01/22/2021, 05:44:33,447
ELEVENMPV,ElevenMPV,9315,01/22/2021, 06:37:35,447
ELEVENMPV,ElevenMPV,9316,01/22/2021, 07:45:02,447
ELEVENMPV,ElevenMPV,9317,01/22/2021, 08:38:26,447
ELEVENMPV,ElevenMPV,9317,01/22/2021, 09:43:00,447
ELEVENMPV,ElevenMPV,9317,01/22/2021, 10:45:26,447
ELEVENMPV,ElevenMPV,9317,01/22/2021, 11:41:36,447
ELEVENMPV,ElevenMPV,9317,01/22/2021, 12:33:39,447
ELEVENMPV,ElevenMPV,9317,01/22/2021, 13:47:46,447
ELEVENMPV,ElevenMPV,9317,01/22/2021, 14:35:45,447
ELEVENMPV,ElevenMPV,9317,01/22/2021, 15:26:52,447
ELEVENMPV,ElevenMPV,9317,01/22/2021, 16:44:34,447
ELEVENMPV,ElevenMPV,9318,01/22/2021, 18:20:08,447
ELEVENMPV,ElevenMPV,9319,01/22/2021, 19:49:27,447
ELEVENMPV,ElevenMPV,9319,01/22/2021, 20:36:30,447
ELEVENMPV,ElevenMPV,9319,01/22/2021, 21:28:01,447
ELEVENMPV,ElevenMPV,9319,01/22/2021, 22:31:34,447
ELEVENMPV,ElevenMPV,9322,01/22/2021, 23:37:44,447
ELEVENMPV,ElevenMPV,9322,01/23/2021, 01:00:42,447
ELEVENMPV,ElevenMPV,9324,01/23/2021, 03:05:54,447
ELEVENMPV,ElevenMPV,9324,01/23/2021, 04:37:57,447
ELEVENMPV,ElevenMPV,9324,01/23/2021, 05:42:53,447
ELEVENMPV,ElevenMPV,9324,01/23/2021, 06:34:53,447
ELEVENMPV,ElevenMPV,9325,01/23/2021, 07:40:56,447
ELEVENMPV,ElevenMPV,9326,01/23/2021, 08:35:55,447
ELEVENMPV,ElevenMPV,9326,01/23/2021, 09:39:52,447
ELEVENMPV,ElevenMPV,9327,01/23/2021, 10:41:21,447
ELEVENMPV,ElevenMPV,9327,01/23/2021, 11:37:28,447
ELEVENMPV,ElevenMPV,9328,01/23/2021, 12:31:08,447
ELEVENMPV,ElevenMPV,9328,01/23/2021, 13:44:43,447
ELEVENMPV,ElevenMPV,9329,01/23/2021, 14:32:53,447
ELEVENMPV,ElevenMPV,9329,01/23/2021, 15:23:54,447
ELEVENMPV,ElevenMPV,9329,01/23/2021, 16:42:33,447
ELEVENMPV,ElevenMPV,9330,01/23/2021, 18:17:04,447
ELEVENMPV,ElevenMPV,9330,01/23/2021, 19:46:05,447
ELEVENMPV,ElevenMPV,9331,01/23/2021, 20:32:24,447
ELEVENMPV,ElevenMPV,9331,01/23/2021, 21:24:01,447
ELEVENMPV,ElevenMPV,9331,01/23/2021, 22:28:34,447
ELEVENMPV,ElevenMPV,9332,01/23/2021, 23:35:27,447
ELEVENMPV,ElevenMPV,9335,01/24/2021, 01:00:34,447
ELEVENMPV,ElevenMPV,9335,01/24/2021, 02:53:33,447
ELEVENMPV,ElevenMPV,9338,01/24/2021, 04:01:45,447
ELEVENMPV,ElevenMPV,9338,01/24/2021, 05:44:36,447
ELEVENMPV,ElevenMPV,9338,01/24/2021, 06:36:52,447
ELEVENMPV,ElevenMPV,9338,01/24/2021, 07:42:02,447
ELEVENMPV,ElevenMPV,9338,01/24/2021, 08:36:41,447
ELEVENMPV,ElevenMPV,9338,01/24/2021, 09:40:27,447
ELEVENMPV,ElevenMPV,9340,01/24/2021, 10:43:58,447
ELEVENMPV,ElevenMPV,9340,01/24/2021, 11:38:30,447
ELEVENMPV,ElevenMPV,9340,01/24/2021, 12:32:13,447
ELEVENMPV,ElevenMPV,9340,01/24/2021, 13:45:34,447
ELEVENMPV,ElevenMPV,9340,01/24/2021, 14:33:01,447
ELEVENMPV,ElevenMPV,9340,01/24/2021, 15:25:12,447
ELEVENMPV,ElevenMPV,9340,01/24/2021, 16:43:54,447
ELEVENMPV,ElevenMPV,9341,01/24/2021, 18:18:20,447
ELEVENMPV,ElevenMPV,9342,01/24/2021, 19:46:51,447
ELEVENMPV,ElevenMPV,9342,01/24/2021, 20:33:59,447
ELEVENMPV,ElevenMPV,9343,01/24/2021, 21:25:17,447
ELEVENMPV,ElevenMPV,9343,01/24/2021, 22:29:56,447
ELEVENMPV,ElevenMPV,9345,01/24/2021, 23:36:03,447
ELEVENMPV,ElevenMPV,9345,01/25/2021, 01:00:35,447
ELEVENMPV,ElevenMPV,9346,01/25/2021, 02:53:05,447
ELEVENMPV,ElevenMPV,9346,01/25/2021, 04:01:44,447
ELEVENMPV,ElevenMPV,9347,01/25/2021, 05:43:58,447
ELEVENMPV,ElevenMPV,9347,01/25/2021, 06:37:24,447
ELEVENMPV,ElevenMPV,9348,01/25/2021, 07:42:58,447
ELEVENMPV,ElevenMPV,9348,01/25/2021, 08:38:35,447
ELEVENMPV,ElevenMPV,9348,01/25/2021, 09:43:36,447
ELEVENMPV,ElevenMPV,9349,01/25/2021, 10:45:34,447
ELEVENMPV,ElevenMPV,9349,01/25/2021, 11:41:56,447
ELEVENMPV,ElevenMPV,9350,01/25/2021, 12:33:48,447
ELEVENMPV,ElevenMPV,9351,01/25/2021, 13:48:11,447
ELEVENMPV,ElevenMPV,9351,01/25/2021, 14:36:08,447
ELEVENMPV,ElevenMPV,9351,01/25/2021, 15:26:56,447
ELEVENMPV,ElevenMPV,9351,01/25/2021, 16:44:10,447
ELEVENMPV,ElevenMPV,9352,01/25/2021, 18:19:30,447
ELEVENMPV,ElevenMPV,9352,01/25/2021, 19:49:10,447
ELEVENMPV,ElevenMPV,9353,01/25/2021, 20:35:45,447
ELEVENMPV,ElevenMPV,9355,01/25/2021, 21:28:03,447
ELEVENMPV,ElevenMPV,9356,01/25/2021, 22:22:09,447
ELEVENMPV,ElevenMPV,9356,01/25/2021, 23:17:49,447
ELEVENMPV,ElevenMPV,9356,01/26/2021, 00:30:54,447
ELEVENMPV,ElevenMPV,9357,01/26/2021, 01:51:58,447
ELEVENMPV,ElevenMPV,9359,01/26/2021, 02:29:33,447
ELEVENMPV,ElevenMPV,9359,01/26/2021, 03:16:40,447
ELEVENMPV,ElevenMPV,9359,01/26/2021, 04:15:31,447
ELEVENMPV,ElevenMPV,9359,01/26/2021, 05:14:52,447
ELEVENMPV,ElevenMPV,9359,01/26/2021, 06:12:42,447
ELEVENMPV,ElevenMPV,9360,01/26/2021, 07:14:00,447
ELEVENMPV,ElevenMPV,9360,01/26/2021, 08:14:31,447
ELEVENMPV,ElevenMPV,9360,01/26/2021, 09:14:14,447
ELEVENMPV,ElevenMPV,9360,01/26/2021, 10:13:36,447
ELEVENMPV,ElevenMPV,9360,01/26/2021, 11:11:16,447
ELEVENMPV,ElevenMPV,9360,01/26/2021, 12:15:23,447
ELEVENMPV,ElevenMPV,9361,01/26/2021, 13:23:59,447
ELEVENMPV,ElevenMPV,9362,01/26/2021, 14:12:10,447
ELEVENMPV,ElevenMPV,9362,01/26/2021, 15:10:46,447
ELEVENMPV,ElevenMPV,9363,01/26/2021, 16:20:47,447
ELEVENMPV,ElevenMPV,9363,01/26/2021, 17:37:30,447
ELEVENMPV,ElevenMPV,9363,01/26/2021, 18:22:12,447
ELEVENMPV,ElevenMPV,9363,01/26/2021, 19:18:37,447
ELEVENMPV,ElevenMPV,9363,01/26/2021, 20:11:31,447
ELEVENMPV,ElevenMPV,9363,01/26/2021, 21:09:50,447
ELEVENMPV,ElevenMPV,9363,01/26/2021, 22:12:02,447
ELEVENMPV,ElevenMPV,9363,01/26/2021, 23:12:23,447
ELEVENMPV,ElevenMPV,9363,01/27/2021, 00:28:48,447
ELEVENMPV,ElevenMPV,9365,01/27/2021, 01:50:41,447
ELEVENMPV,ElevenMPV,9366,01/27/2021, 02:29:34,447
ELEVENMPV,ElevenMPV,9366,01/27/2021, 03:16:55,447
ELEVENMPV,ElevenMPV,9367,01/27/2021, 04:16:00,447
ELEVENMPV,ElevenMPV,9367,01/27/2021, 05:15:31,447
ELEVENMPV,ElevenMPV,9367,01/27/2021, 06:13:32,447
ELEVENMPV,ElevenMPV,9367,01/27/2021, 07:12:59,447
ELEVENMPV,ElevenMPV,9367,01/27/2021, 08:14:25,447
ELEVENMPV,ElevenMPV,9367,01/27/2021, 09:14:09,447
ELEVENMPV,ElevenMPV,9367,01/27/2021, 10:13:44,447
ELEVENMPV,ElevenMPV,9367,01/27/2021, 11:11:05,447
ELEVENMPV,ElevenMPV,9367,01/27/2021, 12:15:47,447
ELEVENMPV,ElevenMPV,9367,01/27/2021, 13:21:23,447
ELEVENMPV,ElevenMPV,9368,01/27/2021, 14:11:56,447
ELEVENMPV,ElevenMPV,9368,01/27/2021, 15:10:34,447
ELEVENMPV,ElevenMPV,9368,01/27/2021, 16:21:09,447
ELEVENMPV,ElevenMPV,9369,01/27/2021, 17:38:29,447
ELEVENMPV,ElevenMPV,9371,01/27/2021, 18:23:26,447
ELEVENMPV,ElevenMPV,9371,01/27/2021, 19:19:39,447
ELEVENMPV,ElevenMPV,9372,01/27/2021, 20:11:21,447
ELEVENMPV,ElevenMPV,9372,01/27/2021, 21:09:44,447
ELEVENMPV,ElevenMPV,9373,01/27/2021, 22:11:53,447
ELEVENMPV,ElevenMPV,9373,01/27/2021, 23:13:35,447
ELEVENMPV,ElevenMPV,9374,01/28/2021, 00:30:47,447
ELEVENMPV,ElevenMPV,9375,01/28/2021, 01:52:54,447
ELEVENMPV,ElevenMPV,9375,01/28/2021, 02:30:42,447
ELEVENMPV,ElevenMPV,9375,01/28/2021, 03:17:46,447
ELEVENMPV,ElevenMPV,9377,01/28/2021, 07:29:45,447
ELEVENMPV,ElevenMPV,9377,01/28/2021, 07:57:29,447
ELEVENMPV,ElevenMPV,9378,01/28/2021, 08:29:23,447
ELEVENMPV,ElevenMPV,9379,01/28/2021, 08:57:26,447
ELEVENMPV,ElevenMPV,9379,01/28/2021, 09:28:58,447
ELEVENMPV,ElevenMPV,9379,01/28/2021, 10:15:12,447
ELEVENMPV,ElevenMPV,9379,01/28/2021, 11:13:04,447
ELEVENMPV,ElevenMPV,9379,01/28/2021, 12:15:35,447
ELEVENMPV,ElevenMPV,9379,01/28/2021, 13:22:15,447
ELEVENMPV,ElevenMPV,9379,01/28/2021, 14:11:58,447
ELEVENMPV,ElevenMPV,9379,01/28/2021, 15:12:36,447
ELEVENMPV,ElevenMPV,9379,01/28/2021, 16:21:34,447
ELEVENMPV,ElevenMPV,9380,01/28/2021, 17:39:26,447
ELEVENMPV,ElevenMPV,9381,01/28/2021, 18:25:02,447
ELEVENMPV,ElevenMPV,9381,01/28/2021, 19:21:01,447
ELEVENMPV,ElevenMPV,9381,01/28/2021, 20:11:01,447
ELEVENMPV,ElevenMPV,9382,01/28/2021, 21:09:29,447
ELEVENMPV,ElevenMPV,9383,01/28/2021, 22:12:23,447
ELEVENMPV,ElevenMPV,9384,01/28/2021, 23:14:51,447
ELEVENMPV,ElevenMPV,9384,01/29/2021, 00:28:47,447
ELEVENMPV,ElevenMPV,9385,01/29/2021, 01:51:01,447
ELEVENMPV,ElevenMPV,9385,01/29/2021, 02:30:32,447
ELEVENMPV,ElevenMPV,9386,01/29/2021, 03:18:49,447
ELEVENMPV,ElevenMPV,9386,01/29/2021, 04:18:41,447
ELEVENMPV,ElevenMPV,9386,01/29/2021, 05:17:42,447
ELEVENMPV,ElevenMPV,9386,01/29/2021, 06:12:42,447
ELEVENMPV,ElevenMPV,9387,01/29/2021, 07:15:51,447
ELEVENMPV,ElevenMPV,9387,01/29/2021, 08:14:25,447
ELEVENMPV,ElevenMPV,9387,01/29/2021, 09:16:01,447
ELEVENMPV,ElevenMPV,9388,01/29/2021, 10:15:16,447
ELEVENMPV,ElevenMPV,9388,01/29/2021, 11:12:37,447
ELEVENMPV,ElevenMPV,9388,01/29/2021, 12:15:37,447
ELEVENMPV,ElevenMPV,9388,01/29/2021, 13:21:56,447
ELEVENMPV,ElevenMPV,9388,01/29/2021, 14:11:57,447
ELEVENMPV,ElevenMPV,9391,01/29/2021, 15:10:47,447
ELEVENMPV,ElevenMPV,9391,01/29/2021, 16:21:50,447
ELEVENMPV,ElevenMPV,9391,01/29/2021, 17:40:52,447
ELEVENMPV,ElevenMPV,9392,01/29/2021, 18:25:53,447
ELEVENMPV,ElevenMPV,9393,01/29/2021, 19:21:31,447
ELEVENMPV,ElevenMPV,9393,01/29/2021, 20:11:21,447
ELEVENMPV,ElevenMPV,9393,01/29/2021, 21:10:03,447
ELEVENMPV,ElevenMPV,9393,01/29/2021, 22:11:54,447
ELEVENMPV,ElevenMPV,9393,01/29/2021, 23:13:16,447
ELEVENMPV,ElevenMPV,9394,01/30/2021, 00:29:22,447
ELEVENMPV,ElevenMPV,9394,01/30/2021, 01:51:23,447
ELEVENMPV,ElevenMPV,9394,01/30/2021, 02:30:28,447
ELEVENMPV,ElevenMPV,9394,01/30/2021, 03:17:49,447
ELEVENMPV,ElevenMPV,9394,01/30/2021, 04:16:40,447
ELEVENMPV,ElevenMPV,9394,01/30/2021, 05:16:10,447
ELEVENMPV,ElevenMPV,9394,01/30/2021, 06:12:49,447
ELEVENMPV,ElevenMPV,9394,01/30/2021, 07:14:04,447
ELEVENMPV,ElevenMPV,9394,01/30/2021, 08:13:30,447
ELEVENMPV,ElevenMPV,9394,01/30/2021, 09:13:52,447
ELEVENMPV,ElevenMPV,9394,01/30/2021, 10:14:44,447
ELEVENMPV,ElevenMPV,9394,01/30/2021, 11:11:41,447
ELEVENMPV,ElevenMPV,9394,01/30/2021, 12:15:07,447
ELEVENMPV,ElevenMPV,9395,01/30/2021, 13:20:32,447
ELEVENMPV,ElevenMPV,9396,01/30/2021, 14:11:41,447
ELEVENMPV,ElevenMPV,9396,01/30/2021, 15:10:17,447
ELEVENMPV,ElevenMPV,9397,01/30/2021, 16:21:15,447
ELEVENMPV,ElevenMPV,9397,01/30/2021, 17:38:25,447
ELEVENMPV,ElevenMPV,9398,01/30/2021, 18:25:37,447
ELEVENMPV,ElevenMPV,9398,01/30/2021, 19:18:13,447
ELEVENMPV,ElevenMPV,9398,01/30/2021, 20:11:42,447
ELEVENMPV,ElevenMPV,9398,01/30/2021, 21:09:48,447
ELEVENMPV,ElevenMPV,9398,01/30/2021, 22:11:51,447
ELEVENMPV,ElevenMPV,9399,01/30/2021, 23:13:15,447
ELEVENMPV,ElevenMPV,9399,01/31/2021, 00:31:01,447
ELEVENMPV,ElevenMPV,9400,01/31/2021, 01:54:54,447
ELEVENMPV,ElevenMPV,9400,01/31/2021, 02:32:17,447
ELEVENMPV,ElevenMPV,9400,01/31/2021, 03:17:50,447
ELEVENMPV,ElevenMPV,9400,01/31/2021, 04:16:43,447
ELEVENMPV,ElevenMPV,9400,01/31/2021, 05:16:57,447
ELEVENMPV,ElevenMPV,9401,01/31/2021, 06:12:46,447
ELEVENMPV,ElevenMPV,9401,01/31/2021, 07:14:29,447
ELEVENMPV,ElevenMPV,9402,01/31/2021, 08:14:58,447
ELEVENMPV,ElevenMPV,9402,01/31/2021, 09:15:46,447
ELEVENMPV,ElevenMPV,9402,01/31/2021, 10:13:31,447
ELEVENMPV,ElevenMPV,9403,01/31/2021, 11:11:30,447
ELEVENMPV,ElevenMPV,9404,01/31/2021, 12:15:21,447
ELEVENMPV,ElevenMPV,9404,01/31/2021, 13:20:24,447
ELEVENMPV,ElevenMPV,9405,01/31/2021, 14:11:31,447
ELEVENMPV,ElevenMPV,9406,01/31/2021, 15:10:42,447
ELEVENMPV,ElevenMPV,9407,01/31/2021, 16:21:13,447
ELEVENMPV,ElevenMPV,9409,01/31/2021, 17:38:38,447
ELEVENMPV,ElevenMPV,9411,01/31/2021, 18:22:50,447
ELEVENMPV,ElevenMPV,9411,01/31/2021, 19:18:50,447
ELEVENMPV,ElevenMPV,9412,01/31/2021, 20:11:39,447
ELEVENMPV,ElevenMPV,9412,01/31/2021, 21:14:02,447
ELEVENMPV,ElevenMPV,9414,01/31/2021, 22:11:57,447
ELEVENMPV,ElevenMPV,9414,01/31/2021, 23:13:28,447
ELEVENMPV,ElevenMPV,9415,02/01/2021, 00:31:33,447
ELEVENMPV,ElevenMPV,9415,02/01/2021, 01:55:59,447
ELEVENMPV,ElevenMPV,9415,02/01/2021, 02:34:24,447
ELEVENMPV,ElevenMPV,9415,02/01/2021, 03:18:42,447
ELEVENMPV,ElevenMPV,9418,02/01/2021, 04:17:49,447
ELEVENMPV,ElevenMPV,9418,02/01/2021, 05:21:13,447
ELEVENMPV,ElevenMPV,9418,02/01/2021, 06:12:51,447
ELEVENMPV,ElevenMPV,9420,02/01/2021, 07:15:47,447
ELEVENMPV,ElevenMPV,9420,02/01/2021, 08:14:39,447
ELEVENMPV,ElevenMPV,9420,02/01/2021, 09:16:00,447
ELEVENMPV,ElevenMPV,9420,02/01/2021, 10:15:57,447
ELEVENMPV,ElevenMPV,9420,02/01/2021, 11:12:09,447
ELEVENMPV,ElevenMPV,9420,02/01/2021, 12:15:59,447
ELEVENMPV,ElevenMPV,9420,02/01/2021, 13:22:12,447
ELEVENMPV,ElevenMPV,9421,02/01/2021, 14:11:59,447
ELEVENMPV,ElevenMPV,9421,02/01/2021, 15:22:33,447
ELEVENMPV,ElevenMPV,9421,02/01/2021, 16:21:36,447
ELEVENMPV,ElevenMPV,9421,02/01/2021, 17:40:53,447
ELEVENMPV,ElevenMPV,9421,02/01/2021, 18:25:38,447
ELEVENMPV,ElevenMPV,9421,02/01/2021, 19:21:08,447
ELEVENMPV,ElevenMPV,9421,02/01/2021, 20:11:33,447
ELEVENMPV,ElevenMPV,9421,02/01/2021, 21:08:10,447
ELEVENMPV,ElevenMPV,9422,02/01/2021, 22:12:24,447
ELEVENMPV,ElevenMPV,9422,02/01/2021, 23:14:30,447
ELEVENMPV,ElevenMPV,9422,02/02/2021, 00:30:31,447
ELEVENMPV,ElevenMPV,9422,02/02/2021, 01:50:51,447
ELEVENMPV,ElevenMPV,9423,02/02/2021, 02:31:40,447
ELEVENMPV,ElevenMPV,9424,02/02/2021, 03:18:45,447
ELEVENMPV,ElevenMPV,9425,02/02/2021, 04:18:07,447
ELEVENMPV,ElevenMPV,9426,02/02/2021, 05:23:06,447
ELEVENMPV,ElevenMPV,9426,02/02/2021, 06:12:54,447
ELEVENMPV,ElevenMPV,9426,02/02/2021, 07:15:21,447
ELEVENMPV,ElevenMPV,9426,02/02/2021, 08:14:12,447
ELEVENMPV,ElevenMPV,9426,02/02/2021, 09:15:11,447
ELEVENMPV,ElevenMPV,9426,02/02/2021, 10:14:46,447
ELEVENMPV,ElevenMPV,9426,02/02/2021, 11:12:14,447
ELEVENMPV,ElevenMPV,9426,02/02/2021, 12:15:48,447
ELEVENMPV,ElevenMPV,9426,02/02/2021, 13:22:06,447
ELEVENMPV,ElevenMPV,9428,02/02/2021, 14:11:58,447
ELEVENMPV,ElevenMPV,9428,02/02/2021, 15:10:56,447
ELEVENMPV,ElevenMPV,9429,02/02/2021, 16:21:40,447
ELEVENMPV,ElevenMPV,9430,02/02/2021, 17:41:09,447
ELEVENMPV,ElevenMPV,9430,02/02/2021, 18:25:20,447
ELEVENMPV,ElevenMPV,9431,02/02/2021, 19:17:12,447
ELEVENMPV,ElevenMPV,9431,02/02/2021, 20:11:02,447
ELEVENMPV,ElevenMPV,9433,02/02/2021, 21:09:43,447
ELEVENMPV,ElevenMPV,9434,02/02/2021, 22:12:27,447
ELEVENMPV,ElevenMPV,9434,02/02/2021, 23:10:55,447
ELEVENMPV,ElevenMPV,9435,02/03/2021, 00:25:33,447
ELEVENMPV,ElevenMPV,9435,02/03/2021, 01:41:38,447
ELEVENMPV,ElevenMPV,9435,02/03/2021, 02:25:30,447
ELEVENMPV,ElevenMPV,9435,02/03/2021, 03:13:33,447
ELEVENMPV,ElevenMPV,9435,02/03/2021, 04:13:03,447
ELEVENMPV,ElevenMPV,9436,02/03/2021, 05:12:03,447
ELEVENMPV,ElevenMPV,9438,02/03/2021, 06:12:02,447
ELEVENMPV,ElevenMPV,9438,02/03/2021, 07:11:02,447
ELEVENMPV,ElevenMPV,9438,02/03/2021, 08:13:03,447
ELEVENMPV,ElevenMPV,9438,02/03/2021, 09:11:44,447
ELEVENMPV,ElevenMPV,9439,02/03/2021, 10:11:33,447
ELEVENMPV,ElevenMPV,9439,02/03/2021, 12:14:47,447
ELEVENMPV,ElevenMPV,9440,02/03/2021, 13:18:01,447
ELEVENMPV,ElevenMPV,9440,02/03/2021, 14:14:46,447
ELEVENMPV,ElevenMPV,9440,02/03/2021, 15:12:59,447
ELEVENMPV,ElevenMPV,9440,02/03/2021, 16:18:11,447
ELEVENMPV,ElevenMPV,9442,02/03/2021, 17:33:14,447
ELEVENMPV,ElevenMPV,9443,02/03/2021, 18:17:09,447
ELEVENMPV,ElevenMPV,9443,02/03/2021, 19:13:02,447
ELEVENMPV,ElevenMPV,9444,02/03/2021, 20:11:09,447
ELEVENMPV,ElevenMPV,9445,02/03/2021, 21:09:29,447
ELEVENMPV,ElevenMPV,9446,02/03/2021, 22:10:41,447
ELEVENMPV,ElevenMPV,9450,02/03/2021, 23:10:23,447
ELEVENMPV,ElevenMPV,9451,02/04/2021, 00:24:31,447
ELEVENMPV,ElevenMPV,9452,02/04/2021, 01:33:27,447
ELEVENMPV,ElevenMPV,9452,02/04/2021, 02:15:32,447
ELEVENMPV,ElevenMPV,9452,02/04/2021, 03:09:25,447
ELEVENMPV,ElevenMPV,9452,02/04/2021, 04:11:57,447
ELEVENMPV,ElevenMPV,9452,02/04/2021, 05:09:32,447
ELEVENMPV,ElevenMPV,9453,02/04/2021, 06:10:41,447
ELEVENMPV,ElevenMPV,9453,02/04/2021, 07:10:32,447
ELEVENMPV,ElevenMPV,9453,02/04/2021, 08:12:00,447
ELEVENMPV,ElevenMPV,9453,02/04/2021, 09:10:18,447
ELEVENMPV,ElevenMPV,9453,02/04/2021, 10:11:00,447
ELEVENMPV,ElevenMPV,9453,02/04/2021, 11:09:10,447
ELEVENMPV,ElevenMPV,9453,02/04/2021, 12:23:08,447
ELEVENMPV,ElevenMPV,9453,02/04/2021, 13:09:34,447
ELEVENMPV,ElevenMPV,9453,02/04/2021, 14:09:54,447
ELEVENMPV,ElevenMPV,9454,02/04/2021, 15:09:31,447
ELEVENMPV,ElevenMPV,9455,02/04/2021, 16:16:04,447
ELEVENMPV,ElevenMPV,9456,02/04/2021, 17:20:06,447
ELEVENMPV,ElevenMPV,9456,02/04/2021, 18:10:52,447
ELEVENMPV,ElevenMPV,9456,02/04/2021, 19:07:43,447
ELEVENMPV,ElevenMPV,9457,02/04/2021, 20:10:04,447
ELEVENMPV,ElevenMPV,9457,02/04/2021, 21:07:30,447
ELEVENMPV,ElevenMPV,9457,02/04/2021, 22:10:46,447
ELEVENMPV,ElevenMPV,9458,02/04/2021, 23:10:33,447
ELEVENMPV,ElevenMPV,9458,02/05/2021, 00:23:52,447
ELEVENMPV,ElevenMPV,9459,02/05/2021, 01:33:39,447
ELEVENMPV,ElevenMPV,9459,02/05/2021, 02:15:11,447
ELEVENMPV,ElevenMPV,9459,02/05/2021, 03:10:10,447
ELEVENMPV,ElevenMPV,9459,02/05/2021, 04:11:59,447
ELEVENMPV,ElevenMPV,9461,02/05/2021, 05:09:33,447
ELEVENMPV,ElevenMPV,9461,02/05/2021, 06:11:37,447
ELEVENMPV,ElevenMPV,9461,02/05/2021, 07:09:28,447
ELEVENMPV,ElevenMPV,9461,02/05/2021, 08:11:51,447
ELEVENMPV,ElevenMPV,9461,02/05/2021, 09:10:43,447
ELEVENMPV,ElevenMPV,9461,02/05/2021, 10:10:38,447
ELEVENMPV,ElevenMPV,9463,02/05/2021, 11:09:16,447
ELEVENMPV,ElevenMPV,9465,02/05/2021, 12:12:46,447
ELEVENMPV,ElevenMPV,9465,02/05/2021, 13:09:08,447
ELEVENMPV,ElevenMPV,9466,02/05/2021, 14:10:08,447
ELEVENMPV,ElevenMPV,9466,02/05/2021, 15:09:05,447
ELEVENMPV,ElevenMPV,9466,02/05/2021, 16:15:46,447
ELEVENMPV,ElevenMPV,9467,02/05/2021, 17:21:47,447
ELEVENMPV,ElevenMPV,9467,02/05/2021, 18:10:57,447
ELEVENMPV,ElevenMPV,9467,02/05/2021, 19:07:29,447
ELEVENMPV,ElevenMPV,9470,02/05/2021, 20:09:53,447
ELEVENMPV,ElevenMPV,9470,02/05/2021, 21:08:31,447
ELEVENMPV,ElevenMPV,9470,02/05/2021, 22:10:48,447
ELEVENMPV,ElevenMPV,9470,02/05/2021, 23:10:19,447
ELEVENMPV,ElevenMPV,9472,02/06/2021, 00:23:33,447
ELEVENMPV,ElevenMPV,9472,02/06/2021, 01:32:30,447
ELEVENMPV,ElevenMPV,9472,02/06/2021, 02:14:06,447
ELEVENMPV,ElevenMPV,9472,02/06/2021, 03:10:19,447
ELEVENMPV,ElevenMPV,9472,02/06/2021, 04:11:48,447
ELEVENMPV,ElevenMPV,9472,02/06/2021, 05:09:30,447
ELEVENMPV,ElevenMPV,9472,02/06/2021, 06:11:51,447
ELEVENMPV,ElevenMPV,9472,02/06/2021, 07:10:49,447
ELEVENMPV,ElevenMPV,9472,02/06/2021, 08:12:05,447
ELEVENMPV,ElevenMPV,9472,02/06/2021, 09:10:09,447
ELEVENMPV,ElevenMPV,9473,02/06/2021, 10:10:34,447
ELEVENMPV,ElevenMPV,9474,02/06/2021, 11:09:23,447
ELEVENMPV,ElevenMPV,9474,02/06/2021, 12:12:43,447
ELEVENMPV,ElevenMPV,9476,02/06/2021, 13:08:29,447
ELEVENMPV,ElevenMPV,9476,02/06/2021, 14:09:29,447
ELEVENMPV,ElevenMPV,9476,02/06/2021, 15:09:04,447
ELEVENMPV,ElevenMPV,9477,02/06/2021, 16:15:17,447
ELEVENMPV,ElevenMPV,9477,02/06/2021, 17:21:36,447
ELEVENMPV,ElevenMPV,9477,02/06/2021, 18:11:01,447
ELEVENMPV,ElevenMPV,9478,02/06/2021, 19:07:20,447
ELEVENMPV,ElevenMPV,9478,02/06/2021, 20:09:39,447
ELEVENMPV,ElevenMPV,9478,02/06/2021, 21:08:12,447
ELEVENMPV,ElevenMPV,9479,02/06/2021, 22:10:32,447
ELEVENMPV,ElevenMPV,9480,02/06/2021, 23:10:00,447
ELEVENMPV,ElevenMPV,9481,02/07/2021, 00:24:25,447
ELEVENMPV,ElevenMPV,9481,02/07/2021, 01:34:27,447
ELEVENMPV,ElevenMPV,9481,02/07/2021, 02:15:17,447
ELEVENMPV,ElevenMPV,9481,02/07/2021, 03:09:58,447
ELEVENMPV,ElevenMPV,9482,02/07/2021, 04:11:45,447
ELEVENMPV,ElevenMPV,9482,02/07/2021, 05:09:29,447
ELEVENMPV,ElevenMPV,9482,02/07/2021, 06:11:48,447
ELEVENMPV,ElevenMPV,9482,02/07/2021, 07:09:34,447
ELEVENMPV,ElevenMPV,9482,02/07/2021, 08:11:34,447
ELEVENMPV,ElevenMPV,9482,02/07/2021, 09:10:00,447
ELEVENMPV,ElevenMPV,9482,02/07/2021, 10:10:31,447
ELEVENMPV,ElevenMPV,9482,02/07/2021, 11:09:16,447
ELEVENMPV,ElevenMPV,9482,02/07/2021, 12:16:54,447
ELEVENMPV,ElevenMPV,9482,02/07/2021, 13:08:40,447
ELEVENMPV,ElevenMPV,9482,02/07/2021, 14:09:32,447
ELEVENMPV,ElevenMPV,9484,02/07/2021, 15:08:57,447
ELEVENMPV,ElevenMPV,9486,02/07/2021, 16:15:30,447
ELEVENMPV,ElevenMPV,9486,02/07/2021, 17:21:05,447
ELEVENMPV,ElevenMPV,9487,02/07/2021, 18:10:49,447
ELEVENMPV,ElevenMPV,9487,02/07/2021, 19:07:28,447
ELEVENMPV,ElevenMPV,9488,02/07/2021, 20:11:57,447
ELEVENMPV,ElevenMPV,9488,02/07/2021, 21:15:36,447
ELEVENMPV,ElevenMPV,9489,02/07/2021, 22:10:42,447
ELEVENMPV,ElevenMPV,9489,02/07/2021, 23:10:14,447
ELEVENMPV,ElevenMPV,9490,02/08/2021, 00:23:46,447
ELEVENMPV,ElevenMPV,9490,02/08/2021, 01:34:02,447
ELEVENMPV,ElevenMPV,9490,02/08/2021, 02:15:27,447
ELEVENMPV,ElevenMPV,9490,02/08/2021, 03:10:09,447
ELEVENMPV,ElevenMPV,9492,02/08/2021, 04:11:59,447
ELEVENMPV,ElevenMPV,9492,02/08/2021, 05:09:36,447
ELEVENMPV,ElevenMPV,9492,02/08/2021, 06:11:06,447
ELEVENMPV,ElevenMPV,9492,02/08/2021, 07:09:40,447
ELEVENMPV,ElevenMPV,9492,02/08/2021, 08:17:48,447
ELEVENMPV,ElevenMPV,9493,02/08/2021, 09:10:14,447
ELEVENMPV,ElevenMPV,9494,02/08/2021, 10:11:01,447
ELEVENMPV,ElevenMPV,9494,02/08/2021, 11:09:13,447
ELEVENMPV,ElevenMPV,9494,02/08/2021, 12:12:48,447
ELEVENMPV,ElevenMPV,9495,02/08/2021, 13:09:38,447
ELEVENMPV,ElevenMPV,9496,02/08/2021, 14:10:11,447
ELEVENMPV,ElevenMPV,9496,02/08/2021, 15:09:35,447
ELEVENMPV,ElevenMPV,9496,02/08/2021, 16:17:52,447
ELEVENMPV,ElevenMPV,9496,02/08/2021, 17:21:48,447
ELEVENMPV,ElevenMPV,9496,02/08/2021, 18:11:12,447
ELEVENMPV,ElevenMPV,9496,02/08/2021, 19:07:21,447
ELEVENMPV,ElevenMPV,9496,02/08/2021, 20:10:12,447
ELEVENMPV,ElevenMPV,9497,02/08/2021, 21:08:40,447
ELEVENMPV,ElevenMPV,9497,02/08/2021, 22:09:25,447
ELEVENMPV,ElevenMPV,9497,02/08/2021, 23:10:04,447
ELEVENMPV,ElevenMPV,9497,02/09/2021, 00:23:39,447
ELEVENMPV,ElevenMPV,9499,02/09/2021, 01:33:27,447
ELEVENMPV,ElevenMPV,9499,02/09/2021, 02:14:20,447
ELEVENMPV,ElevenMPV,9499,02/09/2021, 03:10:37,447
ELEVENMPV,ElevenMPV,9499,02/09/2021, 04:11:38,447
ELEVENMPV,ElevenMPV,9500,02/09/2021, 05:09:38,447
ELEVENMPV,ElevenMPV,9501,02/09/2021, 06:10:31,447
ELEVENMPV,ElevenMPV,9501,02/09/2021, 07:09:41,447
ELEVENMPV,ElevenMPV,9502,02/09/2021, 08:11:56,447
ELEVENMPV,ElevenMPV,9503,02/09/2021, 09:10:09,447
ELEVENMPV,ElevenMPV,9503,02/09/2021, 10:10:48,447
ELEVENMPV,ElevenMPV,9503,02/09/2021, 11:09:28,447
ELEVENMPV,ElevenMPV,9503,02/09/2021, 12:13:03,447
ELEVENMPV,ElevenMPV,9503,02/09/2021, 13:09:20,447
ELEVENMPV,ElevenMPV,9503,02/09/2021, 14:09:56,447
ELEVENMPV,ElevenMPV,9505,02/09/2021, 15:21:01,447
ELEVENMPV,ElevenMPV,9505,02/09/2021, 16:40:31,447
ELEVENMPV,ElevenMPV,9505,02/09/2021, 17:21:35,447
ELEVENMPV,ElevenMPV,9505,02/09/2021, 18:11:09,447
ELEVENMPV,ElevenMPV,9505,02/09/2021, 19:07:47,447
ELEVENMPV,ElevenMPV,9506,02/09/2021, 20:09:59,447
ELEVENMPV,ElevenMPV,9506,02/09/2021, 21:08:40,447
ELEVENMPV,ElevenMPV,9506,02/09/2021, 22:10:55,447
ELEVENMPV,ElevenMPV,9506,02/09/2021, 23:10:38,447
ELEVENMPV,ElevenMPV,9506,02/10/2021, 00:23:49,447
ELEVENMPV,ElevenMPV,9507,02/10/2021, 01:33:00,447
ELEVENMPV,ElevenMPV,9507,02/10/2021, 02:11:28,447
ELEVENMPV,ElevenMPV,9507,02/10/2021, 03:10:46,447
ELEVENMPV,ElevenMPV,9509,02/10/2021, 04:11:53,447
ELEVENMPV,ElevenMPV,9510,02/10/2021, 05:10:43,447
ELEVENMPV,ElevenMPV,9510,02/10/2021, 06:11:18,447
ELEVENMPV,ElevenMPV,9511,02/10/2021, 07:10:00,447
ELEVENMPV,ElevenMPV,9511,02/10/2021, 08:12:04,447
ELEVENMPV,ElevenMPV,9511,02/10/2021, 09:10:45,447
ELEVENMPV,ElevenMPV,9511,02/10/2021, 10:10:52,447
ELEVENMPV,ElevenMPV,9511,02/10/2021, 11:09:36,447
ELEVENMPV,ElevenMPV,9511,02/10/2021, 12:13:13,447
ELEVENMPV,ElevenMPV,9511,02/10/2021, 13:09:50,447
ELEVENMPV,ElevenMPV,9511,02/10/2021, 14:10:22,447
ELEVENMPV,ElevenMPV,9512,02/10/2021, 15:09:38,447
ELEVENMPV,ElevenMPV,9512,02/10/2021, 16:15:54,447
ELEVENMPV,ElevenMPV,9512,02/10/2021, 17:21:51,447
ELEVENMPV,ElevenMPV,9512,02/10/2021, 18:11:01,447
ELEVENMPV,ElevenMPV,9513,02/10/2021, 19:07:38,447
ELEVENMPV,ElevenMPV,9513,02/10/2021, 20:10:09,447
ELEVENMPV,ElevenMPV,9514,02/10/2021, 21:09:02,447
ELEVENMPV,ElevenMPV,9516,02/10/2021, 22:10:52,447
ELEVENMPV,ElevenMPV,9516,02/10/2021, 23:10:31,447
ELEVENMPV,ElevenMPV,9517,02/11/2021, 00:23:50,447
ELEVENMPV,ElevenMPV,9517,02/11/2021, 01:33:29,447
ELEVENMPV,ElevenMPV,9517,02/11/2021, 02:15:05,447
ELEVENMPV,ElevenMPV,9517,02/11/2021, 03:10:11,447
ELEVENMPV,ElevenMPV,9517,02/11/2021, 04:12:01,447
ELEVENMPV,ElevenMPV,9517,02/11/2021, 05:09:35,447
ELEVENMPV,ElevenMPV,9517,02/11/2021, 06:11:21,447
ELEVENMPV,ElevenMPV,9518,02/11/2021, 07:09:38,447
ELEVENMPV,ElevenMPV,9518,02/11/2021, 08:11:52,447
ELEVENMPV,ElevenMPV,9518,02/11/2021, 09:10:37,447
ELEVENMPV,ElevenMPV,9518,02/11/2021, 10:11:06,447
ELEVENMPV,ElevenMPV,9519,02/11/2021, 11:09:22,447
ELEVENMPV,ElevenMPV,9519,02/11/2021, 12:13:06,447
ELEVENMPV,ElevenMPV,9519,02/11/2021, 13:10:20,447
ELEVENMPV,ElevenMPV,9519,02/11/2021, 14:10:13,447
ELEVENMPV,ElevenMPV,9519,02/11/2021, 15:09:24,447
ELEVENMPV,ElevenMPV,9520,02/11/2021, 16:15:55,447
ELEVENMPV,ElevenMPV,9521,02/11/2021, 17:22:08,447
ELEVENMPV,ElevenMPV,9521,02/11/2021, 18:11:16,447
ELEVENMPV,ElevenMPV,9521,02/11/2021, 19:07:42,447
ELEVENMPV,ElevenMPV,9522,02/11/2021, 20:11:13,447
ELEVENMPV,ElevenMPV,9522,02/11/2021, 21:08:49,447
ELEVENMPV,ElevenMPV,9524,02/11/2021, 22:10:56,447
ELEVENMPV,ElevenMPV,9525,02/11/2021, 23:10:22,447
ELEVENMPV,ElevenMPV,9527,02/12/2021, 00:24:07,447
ELEVENMPV,ElevenMPV,9527,02/12/2021, 01:34:08,447
ELEVENMPV,ElevenMPV,9528,02/12/2021, 02:15:22,447
ELEVENMPV,ElevenMPV,9528,02/12/2021, 03:10:26,447
ELEVENMPV,ElevenMPV,9528,02/12/2021, 04:12:11,447
ELEVENMPV,ElevenMPV,9528,02/12/2021, 05:09:45,447
ELEVENMPV,ElevenMPV,9529,02/12/2021, 06:10:48,447
ELEVENMPV,ElevenMPV,9529,02/12/2021, 07:09:55,447
ELEVENMPV,ElevenMPV,9529,02/12/2021, 08:12:09,447
ELEVENMPV,ElevenMPV,9530,02/12/2021, 09:11:56,447
ELEVENMPV,ElevenMPV,9530,02/12/2021, 10:11:07,447
ELEVENMPV,ElevenMPV,9530,02/12/2021, 11:09:19,447
ELEVENMPV,ElevenMPV,9530,02/12/2021, 12:13:26,447
ELEVENMPV,ElevenMPV,9530,02/12/2021, 13:10:38,447
ELEVENMPV,ElevenMPV,9530,02/12/2021, 14:10:02,447
ELEVENMPV,ElevenMPV,9532,02/12/2021, 15:09:31,447
ELEVENMPV,ElevenMPV,9534,02/12/2021, 16:15:49,447
ELEVENMPV,ElevenMPV,9534,02/12/2021, 17:21:47,447
ELEVENMPV,ElevenMPV,9535,02/12/2021, 18:11:12,447
ELEVENMPV,ElevenMPV,9535,02/12/2021, 19:07:32,447
ELEVENMPV,ElevenMPV,9536,02/12/2021, 20:10:07,447
ELEVENMPV,ElevenMPV,9537,02/12/2021, 21:09:00,447
ELEVENMPV,ElevenMPV,9539,02/12/2021, 22:10:43,447
ELEVENMPV,ElevenMPV,9539,02/12/2021, 23:10:23,447
ELEVENMPV,ElevenMPV,9539,02/13/2021, 00:24:13,447
ELEVENMPV,ElevenMPV,9540,02/13/2021, 01:33:16,447
ELEVENMPV,ElevenMPV,9541,02/13/2021, 02:14:51,447
ELEVENMPV,ElevenMPV,9541,02/13/2021, 03:10:13,447
ELEVENMPV,ElevenMPV,9542,02/13/2021, 04:12:06,447
ELEVENMPV,ElevenMPV,9543,02/13/2021, 05:09:33,447
ELEVENMPV,ElevenMPV,9543,02/13/2021, 06:11:01,447
ELEVENMPV,ElevenMPV,9543,02/13/2021, 07:09:25,447
ELEVENMPV,ElevenMPV,9543,02/13/2021, 08:12:00,447
ELEVENMPV,ElevenMPV,9543,02/13/2021, 09:10:26,447
ELEVENMPV,ElevenMPV,9543,02/13/2021, 10:10:57,447
ELEVENMPV,ElevenMPV,9543,02/13/2021, 11:09:27,447
ELEVENMPV,ElevenMPV,9544,02/13/2021, 12:12:58,447
ELEVENMPV,ElevenMPV,9545,02/13/2021, 13:09:02,447
ELEVENMPV,ElevenMPV,9545,02/13/2021, 14:09:45,447
ELEVENMPV,ElevenMPV,9545,02/13/2021, 15:09:02,447
ELEVENMPV,ElevenMPV,9546,02/13/2021, 16:15:17,447
ELEVENMPV,ElevenMPV,9546,02/13/2021, 17:20:26,447
ELEVENMPV,ElevenMPV,9546,02/13/2021, 18:10:47,447
ELEVENMPV,ElevenMPV,9546,02/13/2021, 19:07:45,447
ELEVENMPV,ElevenMPV,9546,02/13/2021, 20:10:01,447
ELEVENMPV,ElevenMPV,9546,02/13/2021, 21:08:29,447
ELEVENMPV,ElevenMPV,9548,02/13/2021, 22:10:57,447
ELEVENMPV,ElevenMPV,9548,02/13/2021, 23:10:25,447
ELEVENMPV,ElevenMPV,9549,02/14/2021, 00:25:05,447
ELEVENMPV,ElevenMPV,9549,02/14/2021, 01:35:10,447
ELEVENMPV,ElevenMPV,9549,02/14/2021, 02:15:53,447
ELEVENMPV,ElevenMPV,9549,02/14/2021, 03:10:41,447
ELEVENMPV,ElevenMPV,9549,02/14/2021, 04:12:04,447
ELEVENMPV,ElevenMPV,9550,02/14/2021, 05:09:26,447
ELEVENMPV,ElevenMPV,9550,02/14/2021, 06:11:17,447
ELEVENMPV,ElevenMPV,9550,02/14/2021, 07:09:46,447
ELEVENMPV,ElevenMPV,9550,02/14/2021, 08:12:41,447
ELEVENMPV,ElevenMPV,9550,02/14/2021, 09:10:42,447
ELEVENMPV,ElevenMPV,9550,02/14/2021, 10:10:49,447
ELEVENMPV,ElevenMPV,9550,02/14/2021, 11:09:18,447
ELEVENMPV,ElevenMPV,9550,02/14/2021, 12:13:12,447
ELEVENMPV,ElevenMPV,9550,02/14/2021, 13:09:43,447
ELEVENMPV,ElevenMPV,9550,02/14/2021, 14:09:44,447
ELEVENMPV,ElevenMPV,9550,02/14/2021, 15:09:16,447
ELEVENMPV,ElevenMPV,9550,02/14/2021, 16:15:23,447
ELEVENMPV,ElevenMPV,9550,02/14/2021, 17:21:03,447
ELEVENMPV,ElevenMPV,9551,02/14/2021, 18:10:45,447
ELEVENMPV,ElevenMPV,9551,02/14/2021, 19:07:43,447
ELEVENMPV,ElevenMPV,9551,02/14/2021, 20:10:00,447
ELEVENMPV,ElevenMPV,9551,02/14/2021, 21:08:56,447
ELEVENMPV,ElevenMPV,9552,02/14/2021, 22:10:56,447
ELEVENMPV,ElevenMPV,9553,02/14/2021, 23:10:28,447
ELEVENMPV,ElevenMPV,9553,02/15/2021, 00:24:27,447
ELEVENMPV,ElevenMPV,9553,02/15/2021, 01:34:45,447
ELEVENMPV,ElevenMPV,9554,02/15/2021, 02:16:22,447
ELEVENMPV,ElevenMPV,9554,02/15/2021, 03:10:38,447
ELEVENMPV,ElevenMPV,9554,02/15/2021, 04:12:14,447
ELEVENMPV,ElevenMPV,9555,02/15/2021, 05:12:25,447
ELEVENMPV,ElevenMPV,9555,02/15/2021, 06:11:15,447
ELEVENMPV,ElevenMPV,9555,02/15/2021, 07:09:53,447
ELEVENMPV,ElevenMPV,9555,02/15/2021, 08:12:30,447
ELEVENMPV,ElevenMPV,9555,02/15/2021, 09:10:47,447
ELEVENMPV,ElevenMPV,9555,02/15/2021, 10:11:12,447
ELEVENMPV,ElevenMPV,9555,02/15/2021, 11:09:43,447
ELEVENMPV,ElevenMPV,9555,02/15/2021, 12:13:31,447
ELEVENMPV,ElevenMPV,9556,02/15/2021, 13:11:18,447
ELEVENMPV,ElevenMPV,9558,02/15/2021, 14:10:03,447
ELEVENMPV,ElevenMPV,9558,02/15/2021, 15:09:43,447
ELEVENMPV,ElevenMPV,9558,02/15/2021, 16:16:10,447
ELEVENMPV,ElevenMPV,9558,02/15/2021, 17:22:59,447
ELEVENMPV,ElevenMPV,9558,02/15/2021, 18:11:21,447
ELEVENMPV,ElevenMPV,9558,02/15/2021, 19:07:37,447
ELEVENMPV,ElevenMPV,9558,02/15/2021, 20:09:59,447
ELEVENMPV,ElevenMPV,9558,02/15/2021, 21:09:01,447
ELEVENMPV,ElevenMPV,9558,02/15/2021, 22:10:48,447
ELEVENMPV,ElevenMPV,9558,02/15/2021, 23:10:32,447
ELEVENMPV,ElevenMPV,9559,02/16/2021, 00:24:10,447
ELEVENMPV,ElevenMPV,9559,02/16/2021, 01:34:28,447
ELEVENMPV,ElevenMPV,9560,02/16/2021, 02:15:46,447
ELEVENMPV,ElevenMPV,9561,02/16/2021, 03:10:27,447
ELEVENMPV,ElevenMPV,9561,02/16/2021, 04:12:04,447
ELEVENMPV,ElevenMPV,9561,02/16/2021, 05:09:39,447
ELEVENMPV,ElevenMPV,9561,02/16/2021, 06:10:57,447
ELEVENMPV,ElevenMPV,9562,02/16/2021, 07:09:43,447
ELEVENMPV,ElevenMPV,9562,02/16/2021, 08:11:42,447
ELEVENMPV,ElevenMPV,9562,02/16/2021, 09:10:22,447
ELEVENMPV,ElevenMPV,9562,02/16/2021, 10:11:02,447
ELEVENMPV,ElevenMPV,9562,02/16/2021, 11:09:36,447
ELEVENMPV,ElevenMPV,9562,02/16/2021, 12:13:10,447
ELEVENMPV,ElevenMPV,9562,02/16/2021, 13:10:01,447
ELEVENMPV,ElevenMPV,9562,02/16/2021, 14:10:19,447
ELEVENMPV,ElevenMPV,9563,02/16/2021, 15:09:29,447
ELEVENMPV,ElevenMPV,9566,02/16/2021, 16:15:55,447
ELEVENMPV,ElevenMPV,9566,02/16/2021, 17:22:16,447
ELEVENMPV,ElevenMPV,9566,02/16/2021, 18:11:14,447
ELEVENMPV,ElevenMPV,9566,02/16/2021, 19:07:35,447
ELEVENMPV,ElevenMPV,9566,02/16/2021, 20:10:07,447
ELEVENMPV,ElevenMPV,9566,02/16/2021, 21:08:56,447
ELEVENMPV,ElevenMPV,9566,02/16/2021, 22:10:44,447
ELEVENMPV,ElevenMPV,9567,02/16/2021, 23:10:24,447
ELEVENMPV,ElevenMPV,9569,02/17/2021, 00:24:12,447
ELEVENMPV,ElevenMPV,9571,02/17/2021, 01:33:59,447
ELEVENMPV,ElevenMPV,9571,02/17/2021, 02:13:42,447
ELEVENMPV,ElevenMPV,9571,02/17/2021, 03:10:46,447
ELEVENMPV,ElevenMPV,9572,02/17/2021, 04:12:03,447
ELEVENMPV,ElevenMPV,9572,02/17/2021, 05:09:35,447
ELEVENMPV,ElevenMPV,9572,02/17/2021, 06:09:18,447
ELEVENMPV,ElevenMPV,9573,02/17/2021, 07:10:04,447
ELEVENMPV,ElevenMPV,9573,02/17/2021, 08:12:15,447
ELEVENMPV,ElevenMPV,9573,02/17/2021, 09:10:26,447
ELEVENMPV,ElevenMPV,9573,02/17/2021, 10:11:15,447
ELEVENMPV,ElevenMPV,9573,02/17/2021, 11:09:34,447
ELEVENMPV,ElevenMPV,9573,02/17/2021, 12:13:01,447
ELEVENMPV,ElevenMPV,9573,02/17/2021, 13:10:07,447
ELEVENMPV,ElevenMPV,9573,02/17/2021, 14:23:12,447
ELEVENMPV,ElevenMPV,9575,02/17/2021, 15:20:05,447
ELEVENMPV,ElevenMPV,9576,02/17/2021, 16:16:01,447
ELEVENMPV,ElevenMPV,9576,02/17/2021, 17:27:00,447
ELEVENMPV,ElevenMPV,9577,02/17/2021, 18:09:25,447
ELEVENMPV,ElevenMPV,9577,02/17/2021, 19:06:45,447
ELEVENMPV,ElevenMPV,9577,02/17/2021, 20:10:20,447
ELEVENMPV,ElevenMPV,9577,02/17/2021, 21:09:03,447
ELEVENMPV,ElevenMPV,9578,02/17/2021, 22:09:09,447
ELEVENMPV,ElevenMPV,9579,02/17/2021, 23:10:11,447
ELEVENMPV,ElevenMPV,9579,02/18/2021, 00:24:41,447
ELEVENMPV,ElevenMPV,9580,02/18/2021, 01:34:50,447
ELEVENMPV,ElevenMPV,9580,02/18/2021, 02:15:42,447
ELEVENMPV,ElevenMPV,9581,02/18/2021, 03:10:14,447
ELEVENMPV,ElevenMPV,9583,02/18/2021, 04:12:22,447
ELEVENMPV,ElevenMPV,9583,02/18/2021, 05:09:52,447
ELEVENMPV,ElevenMPV,9583,02/18/2021, 06:11:01,447
ELEVENMPV,ElevenMPV,9583,02/18/2021, 07:09:42,447
ELEVENMPV,ElevenMPV,9583,02/18/2021, 08:11:49,447
ELEVENMPV,ElevenMPV,9585,02/18/2021, 09:10:24,447
ELEVENMPV,ElevenMPV,9585,02/18/2021, 10:11:09,447
ELEVENMPV,ElevenMPV,9585,02/18/2021, 11:09:42,447
ELEVENMPV,ElevenMPV,9585,02/18/2021, 12:13:21,447
ELEVENMPV,ElevenMPV,9585,02/18/2021, 13:10:35,447
ELEVENMPV,ElevenMPV,9585,02/18/2021, 14:10:18,447
ELEVENMPV,ElevenMPV,9585,02/18/2021, 15:09:52,447
ELEVENMPV,ElevenMPV,9586,02/18/2021, 16:16:13,447
ELEVENMPV,ElevenMPV,9586,02/18/2021, 17:23:13,447
ELEVENMPV,ElevenMPV,9588,02/18/2021, 18:11:07,447
ELEVENMPV,ElevenMPV,9588,02/18/2021, 19:07:27,447
ELEVENMPV,ElevenMPV,9589,02/18/2021, 20:10:19,447
ELEVENMPV,ElevenMPV,9589,02/18/2021, 21:09:03,447
ELEVENMPV,ElevenMPV,9591,02/18/2021, 22:10:44,447
ELEVENMPV,ElevenMPV,9592,02/18/2021, 23:10:24,447
ELEVENMPV,ElevenMPV,9595,02/19/2021, 00:24:14,447
ELEVENMPV,ElevenMPV,9595,02/19/2021, 01:34:50,447
ELEVENMPV,ElevenMPV,9596,02/19/2021, 02:16:00,447
ELEVENMPV,ElevenMPV,9596,02/19/2021, 03:10:31,447
ELEVENMPV,ElevenMPV,9596,02/19/2021, 04:12:18,447
ELEVENMPV,ElevenMPV,9596,02/19/2021, 05:10:01,447
ELEVENMPV,ElevenMPV,9596,02/19/2021, 06:11:06,447
ELEVENMPV,ElevenMPV,9596,02/19/2021, 07:09:27,447
ELEVENMPV,ElevenMPV,9597,02/19/2021, 08:11:49,447
ELEVENMPV,ElevenMPV,9597,02/19/2021, 09:10:36,447
ELEVENMPV,ElevenMPV,9597,02/19/2021, 10:11:20,447
ELEVENMPV,ElevenMPV,9598,02/19/2021, 11:09:36,447
ELEVENMPV,ElevenMPV,9598,02/19/2021, 12:13:09,447
ELEVENMPV,ElevenMPV,9598,02/19/2021, 13:10:44,447
ELEVENMPV,ElevenMPV,9598,02/19/2021, 14:10:06,447
ELEVENMPV,ElevenMPV,9599,02/19/2021, 15:09:47,447
ELEVENMPV,ElevenMPV,9600,02/19/2021, 16:16:10,447
ELEVENMPV,ElevenMPV,9602,02/19/2021, 17:23:18,447
ELEVENMPV,ElevenMPV,9603,02/19/2021, 18:11:02,447
ELEVENMPV,ElevenMPV,9603,02/19/2021, 19:07:53,447
ELEVENMPV,ElevenMPV,9603,02/19/2021, 20:10:25,447
ELEVENMPV,ElevenMPV,9604,02/19/2021, 21:08:58,447
ELEVENMPV,ElevenMPV,9604,02/19/2021, 22:10:48,447
ELEVENMPV,ElevenMPV,9604,02/19/2021, 23:10:37,447
ELEVENMPV,ElevenMPV,9604,02/20/2021, 00:24:07,447
ELEVENMPV,ElevenMPV,9604,02/20/2021, 01:34:19,447
ELEVENMPV,ElevenMPV,9604,02/20/2021, 02:15:29,447
ELEVENMPV,ElevenMPV,9604,02/20/2021, 03:10:19,447
ELEVENMPV,ElevenMPV,9604,02/20/2021, 04:12:08,447
ELEVENMPV,ElevenMPV,9604,02/20/2021, 05:09:44,447
ELEVENMPV,ElevenMPV,9604,02/20/2021, 06:10:55,447
ELEVENMPV,ElevenMPV,9606,02/20/2021, 07:09:44,447
ELEVENMPV,ElevenMPV,9606,02/20/2021, 08:11:53,447
ELEVENMPV,ElevenMPV,9607,02/20/2021, 09:10:22,447
ELEVENMPV,ElevenMPV,9607,02/20/2021, 10:10:57,447
ELEVENMPV,ElevenMPV,9607,02/20/2021, 11:09:29,447
ELEVENMPV,ElevenMPV,9607,02/20/2021, 12:13:00,447
ELEVENMPV,ElevenMPV,9607,02/20/2021, 13:09:40,447
ELEVENMPV,ElevenMPV,9607,02/20/2021, 14:09:57,447
ELEVENMPV,ElevenMPV,9609,02/20/2021, 15:09:29,447
ELEVENMPV,ElevenMPV,9609,02/20/2021, 16:15:52,447
ELEVENMPV,ElevenMPV,9609,02/20/2021, 17:22:24,447
ELEVENMPV,ElevenMPV,9609,02/20/2021, 18:11:15,447
ELEVENMPV,ElevenMPV,9609,02/20/2021, 20:10:11,447
ELEVENMPV,ElevenMPV,9610,02/20/2021, 21:08:41,447
ELEVENMPV,ElevenMPV,9610,02/20/2021, 22:10:45,447
ELEVENMPV,ElevenMPV,9611,02/20/2021, 23:10:17,447
ELEVENMPV,ElevenMPV,9612,02/21/2021, 00:25:32,447
ELEVENMPV,ElevenMPV,9613,02/21/2021, 01:36:55,447
ELEVENMPV,ElevenMPV,9613,02/21/2021, 02:17:36,447
ELEVENMPV,ElevenMPV,9613,02/21/2021, 03:10:21,447
ELEVENMPV,ElevenMPV,9614,02/21/2021, 04:12:04,447
ELEVENMPV,ElevenMPV,9614,02/21/2021, 05:09:36,447
ELEVENMPV,ElevenMPV,9615,02/21/2021, 06:10:51,447
ELEVENMPV,ElevenMPV,9615,02/21/2021, 07:09:39,447
ELEVENMPV,ElevenMPV,9615,02/21/2021, 08:11:49,447
ELEVENMPV,ElevenMPV,9616,02/21/2021, 09:10:06,447
ELEVENMPV,ElevenMPV,9616,02/21/2021, 10:10:48,447
ELEVENMPV,ElevenMPV,9617,02/21/2021, 11:09:32,447
ELEVENMPV,ElevenMPV,9617,02/21/2021, 12:13:01,447
ELEVENMPV,ElevenMPV,9618,02/21/2021, 13:09:34,447
ELEVENMPV,ElevenMPV,9618,02/21/2021, 14:10:00,447
ELEVENMPV,ElevenMPV,9618,02/21/2021, 15:09:30,447
ELEVENMPV,ElevenMPV,9618,02/21/2021, 16:15:44,447
ELEVENMPV,ElevenMPV,9619,02/21/2021, 17:21:35,447
ELEVENMPV,ElevenMPV,9619,02/21/2021, 18:10:52,447
ELEVENMPV,ElevenMPV,9619,02/21/2021, 19:07:45,447
ELEVENMPV,ElevenMPV,9622,02/21/2021, 20:10:15,447
ELEVENMPV,ElevenMPV,9625,02/21/2021, 21:08:48,447
ELEVENMPV,ElevenMPV,9626,02/21/2021, 22:10:47,447
ELEVENMPV,ElevenMPV,9627,02/21/2021, 23:10:29,447
ELEVENMPV,ElevenMPV,9627,02/22/2021, 00:24:54,447
ELEVENMPV,ElevenMPV,9627,02/22/2021, 01:36:36,447
ELEVENMPV,ElevenMPV,9627,02/22/2021, 02:17:55,447
ELEVENMPV,ElevenMPV,9627,02/22/2021, 03:10:36,447
ELEVENMPV,ElevenMPV,9627,02/22/2021, 04:12:07,447
ELEVENMPV,ElevenMPV,9627,02/22/2021, 05:09:40,447
ELEVENMPV,ElevenMPV,9627,02/22/2021, 06:11:28,447
ELEVENMPV,ElevenMPV,9628,02/22/2021, 07:08:24,447
ELEVENMPV,ElevenMPV,9628,02/22/2021, 08:11:26,447
ELEVENMPV,ElevenMPV,9629,02/22/2021, 09:08:58,447
ELEVENMPV,ElevenMPV,9630,02/22/2021, 10:09:41,447
ELEVENMPV,ElevenMPV,9630,02/22/2021, 11:09:47,447
ELEVENMPV,ElevenMPV,9631,02/22/2021, 12:11:19,447
ELEVENMPV,ElevenMPV,9631,02/22/2021, 13:08:36,447
ELEVENMPV,ElevenMPV,9632,02/22/2021, 14:10:12,447
ELEVENMPV,ElevenMPV,9632,02/22/2021, 15:09:46,447
ELEVENMPV,ElevenMPV,9633,02/22/2021, 16:16:25,447
ELEVENMPV,ElevenMPV,9633,02/22/2021, 17:24:20,447
ELEVENMPV,ElevenMPV,9633,02/22/2021, 18:11:09,447
ELEVENMPV,ElevenMPV,9636,02/22/2021, 19:07:46,447
ELEVENMPV,ElevenMPV,9636,02/22/2021, 20:10:28,447
ELEVENMPV,ElevenMPV,9637,02/22/2021, 21:09:08,447
ELEVENMPV,ElevenMPV,9638,02/22/2021, 22:10:46,447
ELEVENMPV,ElevenMPV,9639,02/22/2021, 23:10:40,447
ELEVENMPV,ElevenMPV,9640,02/23/2021, 00:24:33,447
ELEVENMPV,ElevenMPV,9640,02/23/2021, 01:36:09,447
ELEVENMPV,ElevenMPV,9641,02/23/2021, 02:17:28,447
ELEVENMPV,ElevenMPV,9641,02/23/2021, 03:10:44,447
ELEVENMPV,ElevenMPV,9641,02/23/2021, 04:10:52,447
ELEVENMPV,ElevenMPV,9642,02/23/2021, 05:09:36,447
ELEVENMPV,ElevenMPV,9643,02/23/2021, 06:11:08,447
ELEVENMPV,ElevenMPV,9644,02/23/2021, 07:09:48,447
ELEVENMPV,ElevenMPV,9644,02/23/2021, 08:12:32,447
ELEVENMPV,ElevenMPV,9645,02/23/2021, 09:10:33,447
ELEVENMPV,ElevenMPV,9647,02/23/2021, 10:11:29,447
ELEVENMPV,ElevenMPV,9647,02/23/2021, 11:09:47,447
ELEVENMPV,ElevenMPV,9648,02/23/2021, 12:13:26,447
ELEVENMPV,ElevenMPV,9649,02/23/2021, 13:16:20,447
ELEVENMPV,ElevenMPV,9649,02/23/2021, 14:15:22,447
ELEVENMPV,ElevenMPV,9649,02/23/2021, 15:22:20,447
ELEVENMPV,ElevenMPV,9651,02/23/2021, 16:53:46,447
ELEVENMPV,ElevenMPV,9651,02/23/2021, 17:27:57,447
ELEVENMPV,ElevenMPV,9651,02/23/2021, 18:11:12,447
ELEVENMPV,ElevenMPV,9651,02/23/2021, 19:08:08,447
ELEVENMPV,ElevenMPV,9652,02/23/2021, 20:10:53,447
ELEVENMPV,ElevenMPV,9652,02/23/2021, 21:09:23,447
ELEVENMPV,ElevenMPV,9653,02/23/2021, 22:10:41,447
ELEVENMPV,ElevenMPV,9654,02/23/2021, 23:10:34,447
ELEVENMPV,ElevenMPV,9655,02/24/2021, 00:24:55,447
ELEVENMPV,ElevenMPV,9655,02/24/2021, 01:37:10,447
ELEVENMPV,ElevenMPV,9655,02/24/2021, 02:18:35,447
ELEVENMPV,ElevenMPV,9656,02/24/2021, 03:11:07,447
ELEVENMPV,ElevenMPV,9657,02/24/2021, 04:10:24,447
ELEVENMPV,ElevenMPV,9657,02/24/2021, 05:09:38,447
ELEVENMPV,ElevenMPV,9657,02/24/2021, 06:11:23,447
ELEVENMPV,ElevenMPV,9657,02/24/2021, 07:09:28,447
ELEVENMPV,ElevenMPV,9658,02/24/2021, 08:17:17,447
ELEVENMPV,ElevenMPV,9658,02/24/2021, 09:16:14,447
ELEVENMPV,ElevenMPV,9658,02/24/2021, 10:17:51,447
ELEVENMPV,ElevenMPV,9658,02/24/2021, 11:15:36,447
ELEVENMPV,ElevenMPV,9660,02/24/2021, 12:19:00,447
ELEVENMPV,ElevenMPV,9660,02/24/2021, 13:17:37,447
ELEVENMPV,ElevenMPV,9660,02/24/2021, 14:15:52,447
ELEVENMPV,ElevenMPV,9660,02/24/2021, 15:23:50,447
ELEVENMPV,ElevenMPV,9660,02/24/2021, 16:29:29,447
ELEVENMPV,ElevenMPV,9661,02/24/2021, 17:30:59,447
ELEVENMPV,ElevenMPV,9661,02/24/2021, 18:11:13,447
ELEVENMPV,ElevenMPV,9661,02/24/2021, 19:07:30,447
ELEVENMPV,ElevenMPV,9661,02/24/2021, 20:10:33,447
ELEVENMPV,ElevenMPV,9662,02/24/2021, 21:09:12,447
ELEVENMPV,ElevenMPV,9662,02/24/2021, 22:10:56,447
ELEVENMPV,ElevenMPV,9662,02/24/2021, 23:10:22,447
ELEVENMPV,ElevenMPV,9663,02/25/2021, 00:24:38,447
ELEVENMPV,ElevenMPV,9663,02/25/2021, 01:37:05,447
ELEVENMPV,ElevenMPV,9663,02/25/2021, 02:17:42,447
ELEVENMPV,ElevenMPV,9663,02/25/2021, 03:10:38,447
ELEVENMPV,ElevenMPV,9664,02/25/2021, 04:12:19,447
ELEVENMPV,ElevenMPV,9665,02/25/2021, 05:09:40,447
ELEVENMPV,ElevenMPV,9666,02/25/2021, 06:11:32,447
ELEVENMPV,ElevenMPV,9666,02/25/2021, 07:09:32,447
ELEVENMPV,ElevenMPV,9668,02/25/2021, 08:12:15,447
ELEVENMPV,ElevenMPV,9670,02/25/2021, 09:16:02,447
ELEVENMPV,ElevenMPV,9671,02/25/2021, 10:17:18,447
ELEVENMPV,ElevenMPV,9671,02/25/2021, 11:09:43,447
ELEVENMPV,ElevenMPV,9671,02/25/2021, 12:13:10,447
ELEVENMPV,ElevenMPV,9672,02/25/2021, 13:11:43,447
ELEVENMPV,ElevenMPV,9672,02/25/2021, 14:10:13,447
ELEVENMPV,ElevenMPV,9672,02/25/2021, 15:15:55,447
ELEVENMPV,ElevenMPV,9672,02/25/2021, 16:21:45,447
ELEVENMPV,ElevenMPV,9672,02/25/2021, 17:30:07,447
ELEVENMPV,ElevenMPV,9672,02/25/2021, 18:15:17,447
ELEVENMPV,ElevenMPV,9672,02/25/2021, 19:07:30,447
ELEVENMPV,ElevenMPV,9674,02/25/2021, 20:10:41,447
ELEVENMPV,ElevenMPV,9676,02/25/2021, 21:09:23,447
ELEVENMPV,ElevenMPV,9676,02/25/2021, 22:10:47,447
ELEVENMPV,ElevenMPV,9677,02/25/2021, 23:10:58,447
ELEVENMPV,ElevenMPV,9677,02/26/2021, 00:27:00,447
ELEVENMPV,ElevenMPV,9679,02/26/2021, 01:37:34,447
ELEVENMPV,ElevenMPV,9679,02/26/2021, 02:18:53,447
ELEVENMPV,ElevenMPV,9679,02/26/2021, 03:10:58,447
ELEVENMPV,ElevenMPV,9679,02/26/2021, 04:12:14,447
ELEVENMPV,ElevenMPV,9679,02/26/2021, 05:09:43,447
ELEVENMPV,ElevenMPV,9680,02/26/2021, 06:11:21,447
ELEVENMPV,ElevenMPV,9680,02/26/2021, 07:10:06,447
ELEVENMPV,ElevenMPV,9680,02/26/2021, 08:12:13,447
ELEVENMPV,ElevenMPV,9680,02/26/2021, 09:10:56,447
ELEVENMPV,ElevenMPV,9680,02/26/2021, 10:11:40,447
ELEVENMPV,ElevenMPV,9680,02/26/2021, 11:15:20,447
ELEVENMPV,ElevenMPV,9681,02/26/2021, 12:13:33,447
ELEVENMPV,ElevenMPV,9681,02/26/2021, 13:12:00,447
ELEVENMPV,ElevenMPV,9681,02/26/2021, 14:10:04,447
ELEVENMPV,ElevenMPV,9681,02/26/2021, 15:09:40,447
ELEVENMPV,ElevenMPV,9681,02/26/2021, 16:16:14,447
ELEVENMPV,ElevenMPV,9682,02/26/2021, 17:26:03,447
ELEVENMPV,ElevenMPV,9682,02/26/2021, 18:11:10,447
ELEVENMPV,ElevenMPV,9683,02/26/2021, 19:07:33,447
ELEVENMPV,ElevenMPV,9685,02/26/2021, 20:10:43,447
ELEVENMPV,ElevenMPV,9685,02/26/2021, 21:09:06,447
ELEVENMPV,ElevenMPV,9687,02/26/2021, 22:10:41,447
ELEVENMPV,ElevenMPV,9687,02/26/2021, 23:10:48,447
ELEVENMPV,ElevenMPV,9687,02/27/2021, 00:24:55,447
ELEVENMPV,ElevenMPV,9687,02/27/2021, 01:37:00,447
ELEVENMPV,ElevenMPV,9688,02/27/2021, 02:18:25,447
ELEVENMPV,ElevenMPV,9688,02/27/2021, 03:11:04,447
ELEVENMPV,ElevenMPV,9688,02/27/2021, 04:12:33,447
ELEVENMPV,ElevenMPV,9688,02/27/2021, 05:09:55,447
ELEVENMPV,ElevenMPV,9689,02/27/2021, 06:11:19,447
ELEVENMPV,ElevenMPV,9689,02/27/2021, 07:09:50,447
ELEVENMPV,ElevenMPV,9689,02/27/2021, 08:11:45,447
ELEVENMPV,ElevenMPV,9689,02/27/2021, 09:10:47,447
ELEVENMPV,ElevenMPV,9690,02/27/2021, 10:11:20,447
ELEVENMPV,ElevenMPV,9690,02/27/2021, 11:09:45,447
ELEVENMPV,ElevenMPV,9690,02/27/2021, 12:13:14,447
ELEVENMPV,ElevenMPV,9691,02/27/2021, 13:10:54,447
ELEVENMPV,ElevenMPV,9691,02/27/2021, 14:09:45,447
ELEVENMPV,ElevenMPV,9692,02/27/2021, 15:09:34,447
ELEVENMPV,ElevenMPV,9692,02/27/2021, 16:16:22,447
ELEVENMPV,ElevenMPV,9692,02/27/2021, 17:25:44,447
ELEVENMPV,ElevenMPV,9692,02/27/2021, 18:11:06,447
ELEVENMPV,ElevenMPV,9692,02/27/2021, 19:07:41,447
ELEVENMPV,ElevenMPV,9692,02/27/2021, 20:10:23,447
ELEVENMPV,ElevenMPV,9692,02/27/2021, 21:09:09,447
ELEVENMPV,ElevenMPV,9692,02/27/2021, 22:10:47,447
ELEVENMPV,ElevenMPV,9693,02/27/2021, 23:10:47,447
ELEVENMPV,ElevenMPV,9693,02/28/2021, 00:26:34,447
ELEVENMPV,ElevenMPV,9693,02/28/2021, 01:40:05,447
ELEVENMPV,ElevenMPV,9694,02/28/2021, 02:21:32,447
ELEVENMPV,ElevenMPV,9694,02/28/2021, 03:10:47,447
ELEVENMPV,ElevenMPV,9694,02/28/2021, 04:12:31,447
ELEVENMPV,ElevenMPV,9694,02/28/2021, 05:10:23,447
ELEVENMPV,ElevenMPV,9694,02/28/2021, 06:11:33,447
ELEVENMPV,ElevenMPV,9694,02/28/2021, 07:09:33,447
ELEVENMPV,ElevenMPV,9694,02/28/2021, 08:12:02,447
ELEVENMPV,ElevenMPV,9694,02/28/2021, 09:10:45,447
ELEVENMPV,ElevenMPV,9694,02/28/2021, 10:11:29,447
ELEVENMPV,ElevenMPV,9694,02/28/2021, 11:09:45,447
ELEVENMPV,ElevenMPV,9694,02/28/2021, 12:13:16,447
ELEVENMPV,ElevenMPV,9694,02/28/2021, 13:10:39,447
ELEVENMPV,ElevenMPV,9696,02/28/2021, 14:09:54,447
ELEVENMPV,ElevenMPV,9696,02/28/2021, 15:09:38,447
ELEVENMPV,ElevenMPV,9697,02/28/2021, 16:16:16,447
ELEVENMPV,ElevenMPV,9699,02/28/2021, 17:25:38,447
ELEVENMPV,ElevenMPV,9700,02/28/2021, 18:10:56,447
ELEVENMPV,ElevenMPV,9701,02/28/2021, 19:07:50,447
ELEVENMPV,ElevenMPV,9703,02/28/2021, 20:10:15,447
ELEVENMPV,ElevenMPV,9705,02/28/2021, 21:08:59,447
ELEVENMPV,ElevenMPV,9705,02/28/2021, 22:10:39,447
ELEVENMPV,ElevenMPV,9706,02/28/2021, 23:10:39,447
ELEVENMPV,ElevenMPV,9706,03/01/2021, 00:26:45,447
ELEVENMPV,ElevenMPV,9707,03/01/2021, 01:41:28,447
ELEVENMPV,ElevenMPV,9707,03/01/2021, 02:23:01,447
ELEVENMPV,ElevenMPV,9708,03/01/2021, 03:10:50,447
ELEVENMPV,ElevenMPV,9708,03/01/2021, 04:12:54,447
ELEVENMPV,ElevenMPV,9708,03/01/2021, 05:10:18,447
ELEVENMPV,ElevenMPV,9709,03/01/2021, 06:11:50,447
ELEVENMPV,ElevenMPV,9709,03/01/2021, 07:09:55,447
ELEVENMPV,ElevenMPV,9709,03/01/2021, 08:12:38,447
ELEVENMPV,ElevenMPV,9710,03/01/2021, 09:10:58,447
ELEVENMPV,ElevenMPV,9710,03/01/2021, 10:43:51,447
ELEVENMPV,ElevenMPV,9710,03/01/2021, 11:16:58,447
ELEVENMPV,ElevenMPV,9711,03/01/2021, 12:13:37,447
ELEVENMPV,ElevenMPV,9711,03/01/2021, 13:17:11,447
ELEVENMPV,ElevenMPV,9712,03/01/2021, 14:10:26,447
ELEVENMPV,ElevenMPV,9712,03/01/2021, 15:10:00,447
ELEVENMPV,ElevenMPV,9712,03/01/2021, 16:16:25,447
ELEVENMPV,ElevenMPV,9713,03/01/2021, 17:26:59,447
ELEVENMPV,ElevenMPV,9713,03/01/2021, 18:11:02,447
ELEVENMPV,ElevenMPV,9714,03/01/2021, 19:07:51,447
ELEVENMPV,ElevenMPV,9714,03/01/2021, 20:10:52,447
ELEVENMPV,ElevenMPV,9714,03/01/2021, 21:09:25,447
ELEVENMPV,ElevenMPV,9714,03/01/2021, 22:13:59,447
ELEVENMPV,ElevenMPV,9714,03/01/2021, 23:10:39,447
ELEVENMPV,ElevenMPV,9715,03/02/2021, 00:21:16,447
ELEVENMPV,ElevenMPV,9716,03/02/2021, 01:24:14,447
ELEVENMPV,ElevenMPV,9718,03/02/2021, 02:11:21,447
ELEVENMPV,ElevenMPV,9719,03/02/2021, 03:10:57,447
ELEVENMPV,ElevenMPV,9719,03/02/2021, 04:12:43,447
ELEVENMPV,ElevenMPV,9721,03/02/2021, 05:10:02,447
ELEVENMPV,ElevenMPV,9721,03/02/2021, 06:11:14,447
ELEVENMPV,ElevenMPV,9721,03/02/2021, 07:09:56,447
ELEVENMPV,ElevenMPV,9722,03/02/2021, 08:12:24,447
ELEVENMPV,ElevenMPV,9722,03/02/2021, 09:11:13,447
ELEVENMPV,ElevenMPV,9722,03/02/2021, 10:09:49,447
ELEVENMPV,ElevenMPV,9722,03/02/2021, 11:08:19,447
ELEVENMPV,ElevenMPV,9723,03/02/2021, 12:11:26,447
ELEVENMPV,ElevenMPV,9723,03/02/2021, 13:08:41,447
ELEVENMPV,ElevenMPV,9724,03/02/2021, 14:09:02,447
ELEVENMPV,ElevenMPV,9724,03/02/2021, 15:08:34,447
ELEVENMPV,ElevenMPV,9724,03/02/2021, 16:19:40,447
ELEVENMPV,ElevenMPV,9724,03/02/2021, 17:30:08,447
ELEVENMPV,ElevenMPV,9724,03/02/2021, 18:09:54,447
ELEVENMPV,ElevenMPV,9724,03/02/2021, 19:07:08,447
ELEVENMPV,ElevenMPV,9724,03/02/2021, 20:10:43,447
ELEVENMPV,ElevenMPV,9724,03/02/2021, 21:09:19,447
ELEVENMPV,ElevenMPV,9724,03/02/2021, 22:11:19,447
ELEVENMPV,ElevenMPV,9725,03/02/2021, 23:11:04,447
ELEVENMPV,ElevenMPV,9725,03/03/2021, 00:24:58,447
ELEVENMPV,ElevenMPV,9725,03/03/2021, 01:38:41,447
ELEVENMPV,ElevenMPV,9726,03/03/2021, 02:20:49,447
ELEVENMPV,ElevenMPV,9726,03/03/2021, 03:09:31,447
ELEVENMPV,ElevenMPV,9726,03/03/2021, 04:10:58,447
ELEVENMPV,ElevenMPV,9726,03/03/2021, 05:10:39,447
ELEVENMPV,ElevenMPV,9728,03/03/2021, 06:11:34,447
ELEVENMPV,ElevenMPV,9729,03/03/2021, 07:10:13,447
ELEVENMPV,ElevenMPV,9729,03/03/2021, 08:12:39,447
ELEVENMPV,ElevenMPV,9729,03/03/2021, 09:10:58,447
ELEVENMPV,ElevenMPV,9729,03/03/2021, 10:11:54,447
ELEVENMPV,ElevenMPV,9729,03/03/2021, 11:09:42,447
ELEVENMPV,ElevenMPV,9729,03/03/2021, 12:13:26,447
ELEVENMPV,ElevenMPV,9729,03/03/2021, 13:12:45,447
ELEVENMPV,ElevenMPV,9729,03/03/2021, 14:11:01,447
ELEVENMPV,ElevenMPV,9729,03/03/2021, 15:10:14,447
ELEVENMPV,ElevenMPV,9729,03/03/2021, 16:16:29,447
ELEVENMPV,ElevenMPV,9730,03/03/2021, 17:27:36,447
ELEVENMPV,ElevenMPV,9730,03/03/2021, 18:13:37,447
ELEVENMPV,ElevenMPV,9731,03/03/2021, 19:07:35,447
ELEVENMPV,ElevenMPV,9733,03/03/2021, 20:11:03,447
ELEVENMPV,ElevenMPV,9733,03/03/2021, 21:09:17,447
ELEVENMPV,ElevenMPV,9734,03/03/2021, 22:11:09,447
ELEVENMPV,ElevenMPV,9736,03/03/2021, 23:10:46,447
ELEVENMPV,ElevenMPV,9737,03/04/2021, 00:24:57,447
ELEVENMPV,ElevenMPV,9738,03/04/2021, 01:39:18,447
ELEVENMPV,ElevenMPV,9738,03/04/2021, 02:21:36,447
ELEVENMPV,ElevenMPV,9739,03/04/2021, 03:10:57,447
ELEVENMPV,ElevenMPV,9739,03/04/2021, 04:12:44,447
ELEVENMPV,ElevenMPV,9739,03/04/2021, 05:09:48,447
ELEVENMPV,ElevenMPV,9740,03/04/2021, 06:10:46,447
ELEVENMPV,ElevenMPV,9740,03/04/2021, 07:09:35,447
ELEVENMPV,ElevenMPV,9740,03/04/2021, 08:12:18,447
ELEVENMPV,ElevenMPV,9740,03/04/2021, 09:11:26,447
ELEVENMPV,ElevenMPV,9740,03/04/2021, 10:11:45,447
ELEVENMPV,ElevenMPV,9740,03/04/2021, 11:09:58,447
ELEVENMPV,ElevenMPV,9740,03/04/2021, 12:13:49,447
ELEVENMPV,ElevenMPV,9740,03/04/2021, 13:12:44,447
ELEVENMPV,ElevenMPV,9742,03/04/2021, 14:10:58,447
ELEVENMPV,ElevenMPV,9742,03/04/2021, 15:10:22,447
ELEVENMPV,ElevenMPV,9742,03/04/2021, 16:16:42,447
ELEVENMPV,ElevenMPV,9744,03/04/2021, 17:25:20,447
ELEVENMPV,ElevenMPV,9744,03/04/2021, 18:11:06,447
ELEVENMPV,ElevenMPV,9745,03/04/2021, 19:08:17,447
ELEVENMPV,ElevenMPV,9745,03/04/2021, 20:11:04,447
ELEVENMPV,ElevenMPV,9745,03/04/2021, 21:09:39,447
ELEVENMPV,ElevenMPV,9745,03/04/2021, 22:11:29,447
ELEVENMPV,ElevenMPV,9745,03/04/2021, 23:10:51,447
ELEVENMPV,ElevenMPV,9745,03/05/2021, 00:25:36,447
ELEVENMPV,ElevenMPV,9746,03/05/2021, 01:40:35,447
ELEVENMPV,ElevenMPV,9747,03/05/2021, 02:22:39,447
ELEVENMPV,ElevenMPV,9747,03/05/2021, 03:11:03,447
ELEVENMPV,ElevenMPV,9747,03/05/2021, 04:12:58,447
ELEVENMPV,ElevenMPV,9747,03/05/2021, 05:09:35,447
ELEVENMPV,ElevenMPV,9747,03/05/2021, 06:11:43,447
ELEVENMPV,ElevenMPV,9747,03/05/2021, 07:09:51,447
ELEVENMPV,ElevenMPV,9747,03/05/2021, 08:13:03,447
ELEVENMPV,ElevenMPV,9747,03/05/2021, 09:10:44,447
ELEVENMPV,ElevenMPV,9749,03/05/2021, 10:12:04,447
ELEVENMPV,ElevenMPV,9749,03/05/2021, 11:09:59,447
ELEVENMPV,ElevenMPV,9750,03/05/2021, 12:13:45,447
ELEVENMPV,ElevenMPV,9750,03/05/2021, 13:12:41,447
ELEVENMPV,ElevenMPV,9750,03/05/2021, 14:10:44,447
ELEVENMPV,ElevenMPV,9750,03/05/2021, 15:10:18,447
ELEVENMPV,ElevenMPV,9750,03/05/2021, 16:16:35,447
ELEVENMPV,ElevenMPV,9750,03/05/2021, 17:27:16,447
ELEVENMPV,ElevenMPV,9750,03/05/2021, 18:11:47,447
ELEVENMPV,ElevenMPV,9750,03/05/2021, 19:07:38,447
ELEVENMPV,ElevenMPV,9751,03/05/2021, 20:10:51,447
ELEVENMPV,ElevenMPV,9752,03/05/2021, 21:09:29,447
ELEVENMPV,ElevenMPV,9752,03/05/2021, 22:11:18,447
ELEVENMPV,ElevenMPV,9752,03/05/2021, 23:11:10,447
ELEVENMPV,ElevenMPV,9752,03/06/2021, 00:25:17,447
ELEVENMPV,ElevenMPV,9752,03/06/2021, 01:39:19,447
ELEVENMPV,ElevenMPV,9752,03/06/2021, 02:22:05,447
ELEVENMPV,ElevenMPV,9753,03/06/2021, 03:11:16,447
ELEVENMPV,ElevenMPV,9754,03/06/2021, 04:13:04,447
ELEVENMPV,ElevenMPV,9754,03/06/2021, 05:09:44,447
ELEVENMPV,ElevenMPV,9754,03/06/2021, 06:11:20,447
ELEVENMPV,ElevenMPV,9754,03/06/2021, 07:09:46,447
ELEVENMPV,ElevenMPV,9754,03/06/2021, 08:12:07,447
ELEVENMPV,ElevenMPV,9754,03/06/2021, 09:10:56,447
ELEVENMPV,ElevenMPV,9754,03/06/2021, 10:11:53,447
ELEVENMPV,ElevenMPV,9754,03/06/2021, 11:09:51,447
ELEVENMPV,ElevenMPV,9754,03/06/2021, 12:13:24,447
ELEVENMPV,ElevenMPV,9754,03/06/2021, 13:12:20,447
ELEVENMPV,ElevenMPV,9754,03/06/2021, 14:10:31,447
ELEVENMPV,ElevenMPV,9754,03/06/2021, 15:10:01,447
ELEVENMPV,ElevenMPV,9754,03/06/2021, 16:16:31,447
ELEVENMPV,ElevenMPV,9754,03/06/2021, 17:26:35,447
ELEVENMPV,ElevenMPV,9754,03/06/2021, 18:11:00,447
ELEVENMPV,ElevenMPV,9754,03/06/2021, 19:07:37,447
ELEVENMPV,ElevenMPV,9754,03/06/2021, 20:10:48,447
ELEVENMPV,ElevenMPV,9755,03/06/2021, 21:09:22,447
ELEVENMPV,ElevenMPV,9758,03/06/2021, 22:11:03,447
ELEVENMPV,ElevenMPV,9759,03/06/2021, 23:10:47,447
ELEVENMPV,ElevenMPV,9759,03/07/2021, 00:26:59,447
ELEVENMPV,ElevenMPV,9760,03/07/2021, 01:43:00,447
ELEVENMPV,ElevenMPV,9760,03/07/2021, 02:24:44,447
ELEVENMPV,ElevenMPV,9760,03/07/2021, 03:10:23,447
ELEVENMPV,ElevenMPV,9760,03/07/2021, 04:13:12,447
ELEVENMPV,ElevenMPV,9760,03/07/2021, 05:09:45,447
ELEVENMPV,ElevenMPV,9760,03/07/2021, 06:11:29,447
ELEVENMPV,ElevenMPV,9760,03/07/2021, 07:09:40,447
ELEVENMPV,ElevenMPV,9762,03/07/2021, 08:12:14,447
ELEVENMPV,ElevenMPV,9762,03/07/2021, 09:10:55,447
ELEVENMPV,ElevenMPV,9762,03/07/2021, 10:11:53,447
ELEVENMPV,ElevenMPV,9762,03/07/2021, 11:09:42,447
ELEVENMPV,ElevenMPV,9762,03/07/2021, 12:13:33,447
ELEVENMPV,ElevenMPV,9762,03/07/2021, 13:12:11,447
ELEVENMPV,ElevenMPV,9762,03/07/2021, 14:10:19,447
ELEVENMPV,ElevenMPV,9763,03/07/2021, 15:09:49,447
ELEVENMPV,ElevenMPV,9764,03/07/2021, 16:16:21,447
ELEVENMPV,ElevenMPV,9764,03/07/2021, 17:26:20,447
ELEVENMPV,ElevenMPV,9764,03/07/2021, 18:11:00,447
ELEVENMPV,ElevenMPV,9765,03/07/2021, 19:07:46,447
ELEVENMPV,ElevenMPV,9766,03/07/2021, 20:10:37,447
ELEVENMPV,ElevenMPV,9766,03/07/2021, 21:09:28,447
ELEVENMPV,ElevenMPV,9768,03/07/2021, 22:11:01,447
ELEVENMPV,ElevenMPV,9769,03/07/2021, 23:10:48,447
ELEVENMPV,ElevenMPV,9770,03/08/2021, 00:26:05,447
ELEVENMPV,ElevenMPV,9770,03/08/2021, 01:41:53,447
ELEVENMPV,ElevenMPV,9771,03/08/2021, 02:25:05,447
ELEVENMPV,ElevenMPV,9771,03/08/2021, 03:10:19,447
ELEVENMPV,ElevenMPV,9771,03/08/2021, 04:13:01,447
ELEVENMPV,ElevenMPV,9772,03/08/2021, 05:09:56,447
ELEVENMPV,ElevenMPV,9773,03/08/2021, 06:11:49,447
ELEVENMPV,ElevenMPV,9774,03/08/2021, 07:09:43,447
ELEVENMPV,ElevenMPV,9774,03/08/2021, 08:12:52,447
ELEVENMPV,ElevenMPV,9774,03/08/2021, 09:10:53,447
ELEVENMPV,ElevenMPV,9774,03/08/2021, 10:11:54,447
ELEVENMPV,ElevenMPV,9775,03/08/2021, 11:09:56,447
ELEVENMPV,ElevenMPV,9775,03/08/2021, 12:13:55,447
ELEVENMPV,ElevenMPV,9775,03/08/2021, 13:13:29,447
ELEVENMPV,ElevenMPV,9775,03/08/2021, 14:10:57,447
ELEVENMPV,ElevenMPV,9776,03/08/2021, 15:10:11,447
ELEVENMPV,ElevenMPV,9776,03/08/2021, 16:16:45,447
ELEVENMPV,ElevenMPV,9777,03/08/2021, 17:27:59,447
ELEVENMPV,ElevenMPV,9777,03/08/2021, 18:13:00,447
ELEVENMPV,ElevenMPV,9777,03/08/2021, 19:08:09,447
ELEVENMPV,ElevenMPV,9779,03/08/2021, 20:11:30,447
ELEVENMPV,ElevenMPV,9780,03/08/2021, 21:09:42,447
ELEVENMPV,ElevenMPV,9781,03/08/2021, 22:11:11,447
ELEVENMPV,ElevenMPV,9781,03/08/2021, 23:11:11,447
ELEVENMPV,ElevenMPV,9782,03/09/2021, 00:25:48,447
ELEVENMPV,ElevenMPV,9782,03/09/2021, 01:40:56,447
ELEVENMPV,ElevenMPV,9782,03/09/2021, 02:24:31,447
ELEVENMPV,ElevenMPV,9782,03/09/2021, 03:10:27,447
ELEVENMPV,ElevenMPV,9782,03/09/2021, 04:13:13,447
ELEVENMPV,ElevenMPV,9782,03/09/2021, 05:10:35,447
ELEVENMPV,ElevenMPV,9782,03/09/2021, 06:11:41,447
ELEVENMPV,ElevenMPV,9782,03/09/2021, 07:09:55,447
ELEVENMPV,ElevenMPV,9782,03/09/2021, 08:13:09,447
ELEVENMPV,ElevenMPV,9782,03/09/2021, 09:15:46,447
ELEVENMPV,ElevenMPV,9783,03/09/2021, 10:17:10,447
ELEVENMPV,ElevenMPV,9783,03/09/2021, 11:14:46,447
ELEVENMPV,ElevenMPV,9783,03/09/2021, 12:18:46,447
ELEVENMPV,ElevenMPV,9784,03/09/2021, 13:18:49,447
ELEVENMPV,ElevenMPV,9785,03/09/2021, 14:15:53,447
ELEVENMPV,ElevenMPV,9785,03/09/2021, 15:20:10,447
ELEVENMPV,ElevenMPV,9785,03/09/2021, 17:42:31,447
ELEVENMPV,ElevenMPV,9785,03/09/2021, 18:29:09,447
ELEVENMPV,ElevenMPV,9786,03/09/2021, 19:11:53,447
ELEVENMPV,ElevenMPV,9787,03/09/2021, 20:11:18,447
ELEVENMPV,ElevenMPV,9789,03/09/2021, 21:09:36,447
ELEVENMPV,ElevenMPV,9789,03/09/2021, 22:13:11,447
ELEVENMPV,ElevenMPV,9790,03/09/2021, 23:11:01,447
ELEVENMPV,ElevenMPV,9790,03/10/2021, 00:25:46,447
ELEVENMPV,ElevenMPV,9791,03/10/2021, 01:41:28,447
ELEVENMPV,ElevenMPV,9791,03/10/2021, 02:25:27,447
ELEVENMPV,ElevenMPV,9791,03/10/2021, 03:09:58,447
ELEVENMPV,ElevenMPV,9791,03/10/2021, 04:11:15,447
ELEVENMPV,ElevenMPV,9791,03/10/2021, 05:10:41,447
ELEVENMPV,ElevenMPV,9791,03/10/2021, 06:11:53,447
ELEVENMPV,ElevenMPV,9791,03/10/2021, 07:10:05,447
ELEVENMPV,ElevenMPV,9792,03/10/2021, 08:12:31,447
ELEVENMPV,ElevenMPV,9792,03/10/2021, 09:11:12,447
ELEVENMPV,ElevenMPV,9792,03/10/2021, 10:12:01,447
ELEVENMPV,ElevenMPV,9792,03/10/2021, 11:10:07,447
ELEVENMPV,ElevenMPV,9793,03/10/2021, 12:14:22,447
ELEVENMPV,ElevenMPV,9793,03/10/2021, 13:13:51,447
ELEVENMPV,ElevenMPV,9794,03/10/2021, 14:15:54,447
ELEVENMPV,ElevenMPV,9795,03/10/2021, 15:14:53,447
ELEVENMPV,ElevenMPV,9796,03/10/2021, 16:22:20,447
ELEVENMPV,ElevenMPV,9797,03/10/2021, 17:32:54,447
ELEVENMPV,ElevenMPV,9797,03/10/2021, 18:17:51,447
ELEVENMPV,ElevenMPV,9797,03/10/2021, 19:12:54,447
ELEVENMPV,ElevenMPV,9797,03/10/2021, 20:15:44,447
ELEVENMPV,ElevenMPV,9798,03/10/2021, 21:09:33,447
ELEVENMPV,ElevenMPV,9798,03/10/2021, 22:11:20,447
ELEVENMPV,ElevenMPV,9798,03/10/2021, 23:10:00,447
ELEVENMPV,ElevenMPV,9800,03/11/2021, 00:25:39,447
ELEVENMPV,ElevenMPV,9801,03/11/2021, 01:42:17,447
ELEVENMPV,ElevenMPV,9801,03/11/2021, 02:24:26,447
ELEVENMPV,ElevenMPV,9801,03/11/2021, 03:10:38,447
ELEVENMPV,ElevenMPV,9801,03/11/2021, 04:14:19,447
ELEVENMPV,ElevenMPV,9801,03/11/2021, 05:10:48,447
ELEVENMPV,ElevenMPV,9801,03/11/2021, 06:12:00,447
ELEVENMPV,ElevenMPV,9802,03/11/2021, 07:10:50,447
ELEVENMPV,ElevenMPV,9802,03/11/2021, 08:12:40,447
ELEVENMPV,ElevenMPV,9802,03/11/2021, 09:11:32,447
ELEVENMPV,ElevenMPV,9802,03/11/2021, 10:11:58,447
ELEVENMPV,ElevenMPV,9802,03/11/2021, 11:10:05,447
ELEVENMPV,ElevenMPV,9802,03/11/2021, 12:14:06,447
ELEVENMPV,ElevenMPV,9804,03/11/2021, 13:19:58,447
ELEVENMPV,ElevenMPV,9805,03/11/2021, 14:15:55,447
ELEVENMPV,ElevenMPV,9805,03/11/2021, 15:15:09,447
ELEVENMPV,ElevenMPV,9805,03/11/2021, 16:21:49,447
ELEVENMPV,ElevenMPV,9806,03/11/2021, 17:33:51,447
ELEVENMPV,ElevenMPV,9806,03/11/2021, 18:18:51,447
ELEVENMPV,ElevenMPV,9806,03/11/2021, 19:13:03,447
ELEVENMPV,ElevenMPV,9806,03/11/2021, 20:11:28,447
ELEVENMPV,ElevenMPV,9807,03/11/2021, 21:09:55,447
ELEVENMPV,ElevenMPV,9808,03/11/2021, 22:11:28,447
ELEVENMPV,ElevenMPV,9808,03/11/2021, 23:10:56,447
ELEVENMPV,ElevenMPV,9808,03/12/2021, 00:26:09,447
ELEVENMPV,ElevenMPV,9808,03/12/2021, 01:43:01,447
ELEVENMPV,ElevenMPV,9808,03/12/2021, 02:26:56,447
ELEVENMPV,ElevenMPV,9808,03/12/2021, 03:11:58,447
ELEVENMPV,ElevenMPV,9808,03/12/2021, 04:13:08,447
ELEVENMPV,ElevenMPV,9809,03/12/2021, 05:11:26,447
ELEVENMPV,ElevenMPV,9809,03/12/2021, 06:12:01,447
ELEVENMPV,ElevenMPV,9809,03/12/2021, 07:09:39,447
ELEVENMPV,ElevenMPV,9809,03/12/2021, 08:13:26,447
ELEVENMPV,ElevenMPV,9810,03/12/2021, 09:14:50,447
ELEVENMPV,ElevenMPV,9810,03/12/2021, 10:16:57,447
ELEVENMPV,ElevenMPV,9810,03/12/2021, 11:14:58,447
ELEVENMPV,ElevenMPV,9811,03/12/2021, 12:18:47,447
ELEVENMPV,ElevenMPV,9812,03/12/2021, 13:18:53,447
ELEVENMPV,ElevenMPV,9812,03/12/2021, 14:15:59,447
ELEVENMPV,ElevenMPV,9812,03/12/2021, 15:15:04,447
ELEVENMPV,ElevenMPV,9812,03/12/2021, 16:21:51,447
ELEVENMPV,ElevenMPV,9813,03/12/2021, 17:29:05,447
ELEVENMPV,ElevenMPV,9814,03/12/2021, 18:13:24,447
ELEVENMPV,ElevenMPV,9815,03/12/2021, 19:27:47,447
ELEVENMPV,ElevenMPV,9815,03/12/2021, 20:11:35,447
ELEVENMPV,ElevenMPV,9816,03/12/2021, 21:09:18,447
ELEVENMPV,ElevenMPV,9816,03/12/2021, 22:11:34,447
ELEVENMPV,ElevenMPV,9816,03/12/2021, 23:11:09,447
ELEVENMPV,ElevenMPV,9818,03/13/2021, 00:25:49,447
ELEVENMPV,ElevenMPV,9818,03/13/2021, 01:41:34,447
ELEVENMPV,ElevenMPV,9825,03/13/2021, 02:26:00,447
ELEVENMPV,ElevenMPV,9825,03/13/2021, 03:11:17,447
ELEVENMPV,ElevenMPV,9825,03/13/2021, 04:13:06,447
ELEVENMPV,ElevenMPV,9825,03/13/2021, 05:10:46,447
ELEVENMPV,ElevenMPV,9825,03/13/2021, 06:11:43,447
ELEVENMPV,ElevenMPV,9826,03/13/2021, 07:09:53,447
ELEVENMPV,ElevenMPV,9826,03/13/2021, 08:12:12,447
ELEVENMPV,ElevenMPV,9826,03/13/2021, 09:10:55,447
ELEVENMPV,ElevenMPV,9826,03/13/2021, 10:11:40,447
ELEVENMPV,ElevenMPV,9827,03/13/2021, 11:10:08,447
ELEVENMPV,ElevenMPV,9827,03/13/2021, 12:13:53,447
ELEVENMPV,ElevenMPV,9827,03/13/2021, 13:13:37,447
ELEVENMPV,ElevenMPV,9828,03/13/2021, 14:10:42,447
ELEVENMPV,ElevenMPV,9828,03/13/2021, 15:10:16,447
ELEVENMPV,ElevenMPV,9828,03/13/2021, 16:16:41,447
ELEVENMPV,ElevenMPV,9829,03/13/2021, 17:28:23,447
ELEVENMPV,ElevenMPV,9829,03/13/2021, 18:12:30,447
ELEVENMPV,ElevenMPV,9829,03/13/2021, 19:07:34,447
ELEVENMPV,ElevenMPV,9830,03/13/2021, 20:11:03,447
ELEVENMPV,ElevenMPV,9832,03/13/2021, 21:09:33,447
ELEVENMPV,ElevenMPV,9834,03/13/2021, 22:11:08,447
ELEVENMPV,ElevenMPV,9835,03/13/2021, 23:10:55,447
ELEVENMPV,ElevenMPV,9837,03/14/2021, 00:27:19,447
ELEVENMPV,ElevenMPV,9837,03/14/2021, 01:45:09,447
ELEVENMPV,ElevenMPV,9838,03/14/2021, 02:26:08,447
ELEVENMPV,ElevenMPV,9838,03/14/2021, 03:11:27,447
ELEVENMPV,ElevenMPV,9838,03/14/2021, 04:13:06,447
ELEVENMPV,ElevenMPV,9839,03/14/2021, 05:10:56,447
ELEVENMPV,ElevenMPV,9839,03/14/2021, 06:11:53,447
ELEVENMPV,ElevenMPV,9839,03/14/2021, 07:10:09,447
ELEVENMPV,ElevenMPV,9840,03/14/2021, 08:12:28,447
ELEVENMPV,ElevenMPV,9840,03/14/2021, 09:11:13,447
ELEVENMPV,ElevenMPV,9842,03/14/2021, 10:11:51,447
ELEVENMPV,ElevenMPV,9842,03/14/2021, 11:10:04,447
ELEVENMPV,ElevenMPV,9844,03/14/2021, 12:13:56,447
ELEVENMPV,ElevenMPV,9844,03/14/2021, 13:13:35,447
ELEVENMPV,ElevenMPV,9844,03/14/2021, 14:10:48,447
ELEVENMPV,ElevenMPV,9844,03/14/2021, 15:10:30,447
ELEVENMPV,ElevenMPV,9845,03/14/2021, 16:16:37,447
ELEVENMPV,ElevenMPV,9847,03/14/2021, 17:28:11,447
ELEVENMPV,ElevenMPV,9847,03/14/2021, 18:11:20,447
ELEVENMPV,ElevenMPV,9848,03/14/2021, 19:08:02,447
ELEVENMPV,ElevenMPV,9848,03/14/2021, 20:11:02,447
ELEVENMPV,ElevenMPV,9848,03/14/2021, 21:09:26,447
ELEVENMPV,ElevenMPV,9850,03/14/2021, 22:11:17,447
ELEVENMPV,ElevenMPV,9850,03/14/2021, 23:10:33,447
ELEVENMPV,ElevenMPV,9850,03/15/2021, 00:26:23,447
ELEVENMPV,ElevenMPV,9850,03/15/2021, 01:43:29,447
ELEVENMPV,ElevenMPV,9850,03/15/2021, 02:26:41,447
ELEVENMPV,ElevenMPV,9851,03/15/2021, 03:11:12,447
ELEVENMPV,ElevenMPV,9851,03/15/2021, 04:13:15,447
ELEVENMPV,ElevenMPV,9852,03/15/2021, 05:10:29,447
ELEVENMPV,ElevenMPV,9852,03/15/2021, 06:11:49,447
ELEVENMPV,ElevenMPV,9853,03/15/2021, 07:09:44,447
ELEVENMPV,ElevenMPV,9853,03/15/2021, 08:13:05,447
ELEVENMPV,ElevenMPV,9853,03/15/2021, 09:16:02,447
ELEVENMPV,ElevenMPV,9853,03/15/2021, 10:16:59,447
ELEVENMPV,ElevenMPV,9853,03/15/2021, 11:14:52,447
ELEVENMPV,ElevenMPV,9853,03/15/2021, 12:18:55,447
ELEVENMPV,ElevenMPV,9853,03/15/2021, 13:18:01,447
ELEVENMPV,ElevenMPV,9853,03/15/2021, 14:15:55,447
ELEVENMPV,ElevenMPV,9853,03/15/2021, 15:15:09,447
ELEVENMPV,ElevenMPV,9854,03/15/2021, 16:22:04,447
ELEVENMPV,ElevenMPV,9856,03/15/2021, 17:32:35,447
ELEVENMPV,ElevenMPV,9856,03/15/2021, 18:16:04,447
ELEVENMPV,ElevenMPV,9856,03/15/2021, 19:13:06,447
ELEVENMPV,ElevenMPV,9856,03/15/2021, 21:28:20,447
ELEVENMPV,ElevenMPV,9856,03/15/2021, 22:21:40,447
ELEVENMPV,ElevenMPV,9856,03/15/2021, 23:16:11,447
ELEVENMPV,ElevenMPV,9856,03/16/2021, 00:25:33,447
ELEVENMPV,ElevenMPV,9858,03/16/2021, 01:41:43,447
ELEVENMPV,ElevenMPV,9858,03/16/2021, 02:25:59,447
ELEVENMPV,ElevenMPV,9858,03/16/2021, 03:10:25,447
ELEVENMPV,ElevenMPV,9858,03/16/2021, 04:13:09,447
ELEVENMPV,ElevenMPV,9858,03/16/2021, 05:10:39,447
ELEVENMPV,ElevenMPV,9859,03/16/2021, 06:11:38,447
ELEVENMPV,ElevenMPV,9859,03/16/2021, 07:09:39,447
ELEVENMPV,ElevenMPV,9859,03/16/2021, 08:12:25,447
ELEVENMPV,ElevenMPV,9859,03/16/2021, 09:09:55,447
ELEVENMPV,ElevenMPV,9859,03/16/2021, 10:12:21,447
ELEVENMPV,ElevenMPV,9860,03/16/2021, 11:10:11,447
ELEVENMPV,ElevenMPV,9860,03/16/2021, 12:18:55,447
ELEVENMPV,ElevenMPV,9860,03/16/2021, 13:19:03,447
ELEVENMPV,ElevenMPV,9861,03/16/2021, 14:16:09,447
ELEVENMPV,ElevenMPV,9862,03/16/2021, 15:16:24,447
ELEVENMPV,ElevenMPV,9862,03/16/2021, 16:21:49,447
ELEVENMPV,ElevenMPV,9862,03/16/2021, 17:29:08,447
ELEVENMPV,ElevenMPV,9862,03/16/2021, 18:13:13,447
ELEVENMPV,ElevenMPV,9862,03/16/2021, 19:08:33,447
ELEVENMPV,ElevenMPV,9862,03/16/2021, 20:11:22,447
ELEVENMPV,ElevenMPV,9862,03/16/2021, 21:09:56,447
ELEVENMPV,ElevenMPV,9863,03/16/2021, 22:11:40,447
ELEVENMPV,ElevenMPV,9863,03/16/2021, 23:10:42,447
ELEVENMPV,ElevenMPV,9865,03/17/2021, 00:26:23,447
ELEVENMPV,ElevenMPV,9865,03/17/2021, 01:43:37,447
ELEVENMPV,ElevenMPV,9865,03/17/2021, 02:27:54,447
ELEVENMPV,ElevenMPV,9866,03/17/2021, 03:12:14,447
ELEVENMPV,ElevenMPV,9866,03/17/2021, 04:13:04,447
ELEVENMPV,ElevenMPV,9866,03/17/2021, 05:11:13,447
ELEVENMPV,ElevenMPV,9867,03/17/2021, 06:11:59,447
ELEVENMPV,ElevenMPV,9867,03/17/2021, 07:09:47,447
ELEVENMPV,ElevenMPV,9867,03/17/2021, 08:12:32,447
ELEVENMPV,ElevenMPV,9867,03/17/2021, 09:11:17,447
ELEVENMPV,ElevenMPV,9867,03/17/2021, 10:11:53,447
ELEVENMPV,ElevenMPV,9867,03/17/2021, 11:10:15,447
ELEVENMPV,ElevenMPV,9867,03/17/2021, 12:16:05,447
ELEVENMPV,ElevenMPV,9867,03/17/2021, 13:18:58,447
ELEVENMPV,ElevenMPV,9867,03/17/2021, 14:16:21,447
ELEVENMPV,ElevenMPV,9867,03/17/2021, 15:16:53,447
ELEVENMPV,ElevenMPV,9867,03/17/2021, 16:22:20,447
ELEVENMPV,ElevenMPV,9867,03/17/2021, 17:28:26,447
ELEVENMPV,ElevenMPV,9867,03/17/2021, 18:12:25,447
ELEVENMPV,ElevenMPV,9868,03/17/2021, 19:07:49,447
ELEVENMPV,ElevenMPV,9870,03/17/2021, 20:11:34,447
ELEVENMPV,ElevenMPV,9870,03/17/2021, 21:09:59,447
ELEVENMPV,ElevenMPV,9871,03/17/2021, 22:11:49,447
ELEVENMPV,ElevenMPV,9871,03/17/2021, 23:10:52,447
ELEVENMPV,ElevenMPV,9871,03/18/2021, 00:26:15,447
ELEVENMPV,ElevenMPV,9872,03/18/2021, 01:43:43,447
ELEVENMPV,ElevenMPV,9873,03/18/2021, 02:27:07,447
ELEVENMPV,ElevenMPV,9874,03/18/2021, 03:11:01,447
ELEVENMPV,ElevenMPV,9874,03/18/2021, 04:13:19,447
ELEVENMPV,ElevenMPV,9876,03/18/2021, 05:11:38,447
ELEVENMPV,ElevenMPV,9876,03/18/2021, 06:12:14,447
ELEVENMPV,ElevenMPV,9876,03/18/2021, 07:09:25,447
ELEVENMPV,ElevenMPV,9876,03/18/2021, 08:12:47,447
ELEVENMPV,ElevenMPV,9876,03/18/2021, 09:16:04,447
ELEVENMPV,ElevenMPV,9877,03/18/2021, 10:17:01,447
ELEVENMPV,ElevenMPV,9877,03/18/2021, 11:14:52,447
ELEVENMPV,ElevenMPV,9877,03/18/2021, 12:18:19,447
ELEVENMPV,ElevenMPV,9877,03/18/2021, 13:18:55,447
ELEVENMPV,ElevenMPV,9877,03/18/2021, 14:15:54,447
ELEVENMPV,ElevenMPV,9877,03/18/2021, 15:10:43,447
ELEVENMPV,ElevenMPV,9878,03/18/2021, 16:17:09,447
ELEVENMPV,ElevenMPV,9879,03/18/2021, 17:29:19,447
ELEVENMPV,ElevenMPV,9879,03/18/2021, 18:13:16,447
ELEVENMPV,ElevenMPV,9879,03/18/2021, 19:08:04,447
ELEVENMPV,ElevenMPV,9879,03/18/2021, 20:11:28,447
ELEVENMPV,ElevenMPV,9879,03/18/2021, 21:10:07,447
ELEVENMPV,ElevenMPV,9879,03/18/2021, 22:11:44,447
ELEVENMPV,ElevenMPV,9880,03/18/2021, 23:11:00,447
ELEVENMPV,ElevenMPV,9880,03/19/2021, 00:26:50,447
ELEVENMPV,ElevenMPV,9880,03/19/2021, 01:45:00,447
ELEVENMPV,ElevenMPV,9880,03/19/2021, 02:28:29,447
ELEVENMPV,ElevenMPV,9880,03/19/2021, 03:13:09,447
ELEVENMPV,ElevenMPV,9880,03/19/2021, 04:13:20,447
ELEVENMPV,ElevenMPV,9880,03/19/2021, 05:11:49,447
ELEVENMPV,ElevenMPV,9881,03/19/2021, 06:12:01,447
ELEVENMPV,ElevenMPV,9881,03/19/2021, 07:09:35,447
ELEVENMPV,ElevenMPV,9881,03/19/2021, 08:13:43,447
ELEVENMPV,ElevenMPV,9882,03/19/2021, 09:11:11,447
ELEVENMPV,ElevenMPV,9883,03/19/2021, 10:16:52,447
ELEVENMPV,ElevenMPV,9883,03/19/2021, 11:11:41,447
ELEVENMPV,ElevenMPV,9883,03/19/2021, 12:14:34,447
ELEVENMPV,ElevenMPV,9883,03/19/2021, 13:20:05,447
ELEVENMPV,ElevenMPV,9883,03/19/2021, 14:15:56,447
ELEVENMPV,ElevenMPV,9883,03/19/2021, 15:15:58,447
ELEVENMPV,ElevenMPV,9883,03/19/2021, 16:17:39,447
ELEVENMPV,ElevenMPV,9883,03/19/2021, 17:30:35,447
ELEVENMPV,ElevenMPV,9884,03/19/2021, 18:14:34,447
ELEVENMPV,ElevenMPV,9884,03/19/2021, 19:08:44,447
ELEVENMPV,ElevenMPV,9884,03/19/2021, 20:11:31,447
ELEVENMPV,ElevenMPV,9884,03/19/2021, 21:10:07,447
ELEVENMPV,ElevenMPV,9884,03/19/2021, 22:11:53,447
ELEVENMPV,ElevenMPV,9884,03/19/2021, 23:10:59,447
ELEVENMPV,ElevenMPV,9885,03/20/2021, 00:26:13,447
ELEVENMPV,ElevenMPV,9886,03/20/2021, 01:43:46,447
ELEVENMPV,ElevenMPV,9886,03/20/2021, 02:28:17,447
ELEVENMPV,ElevenMPV,9887,03/20/2021, 03:12:59,447
ELEVENMPV,ElevenMPV,9888,03/20/2021, 04:13:26,447
ELEVENMPV,ElevenMPV,9889,03/20/2021, 05:12:09,447
ELEVENMPV,ElevenMPV,9891,03/20/2021, 06:11:38,447
ELEVENMPV,ElevenMPV,9891,03/20/2021, 07:10:03,447
ELEVENMPV,ElevenMPV,9891,03/20/2021, 08:12:29,447
ELEVENMPV,ElevenMPV,9891,03/20/2021, 09:11:30,447
ELEVENMPV,ElevenMPV,9893,03/20/2021, 10:12:08,447
ELEVENMPV,ElevenMPV,9894,03/20/2021, 11:10:06,447
ELEVENMPV,ElevenMPV,9895,03/20/2021, 12:14:21,447
ELEVENMPV,ElevenMPV,9895,03/20/2021, 13:14:07,447
ELEVENMPV,ElevenMPV,9895,03/20/2021, 14:10:54,447
ELEVENMPV,ElevenMPV,9897,03/20/2021, 15:10:42,447
ELEVENMPV,ElevenMPV,9898,03/20/2021, 16:17:38,447
ELEVENMPV,ElevenMPV,9898,03/20/2021, 17:31:20,447
ELEVENMPV,ElevenMPV,9899,03/20/2021, 18:14:30,447
ELEVENMPV,ElevenMPV,9899,03/20/2021, 19:08:09,447
ELEVENMPV,ElevenMPV,9899,03/20/2021, 20:11:20,447
ELEVENMPV,ElevenMPV,9900,03/20/2021, 21:10:06,447
ELEVENMPV,ElevenMPV,9900,03/20/2021, 22:11:38,447
ELEVENMPV,ElevenMPV,9901,03/20/2021, 23:10:59,447
ELEVENMPV,ElevenMPV,9902,03/21/2021, 00:28:00,447
ELEVENMPV,ElevenMPV,9902,03/21/2021, 01:47:44,447
ELEVENMPV,ElevenMPV,9902,03/21/2021, 02:28:16,447
ELEVENMPV,ElevenMPV,9902,03/21/2021, 03:12:33,447
ELEVENMPV,ElevenMPV,9902,03/21/2021, 04:13:24,447
ELEVENMPV,ElevenMPV,9902,03/21/2021, 05:12:50,447
ELEVENMPV,ElevenMPV,9902,03/21/2021, 06:11:35,447
ELEVENMPV,ElevenMPV,9902,03/21/2021, 07:10:02,447
ELEVENMPV,ElevenMPV,9902,03/21/2021, 08:12:39,447
ELEVENMPV,ElevenMPV,9902,03/21/2021, 09:11:31,447
ELEVENMPV,ElevenMPV,9902,03/21/2021, 10:12:02,447
ELEVENMPV,ElevenMPV,9902,03/21/2021, 11:15:26,447
ELEVENMPV,ElevenMPV,9902,03/21/2021, 12:18:56,447
ELEVENMPV,ElevenMPV,9902,03/21/2021, 13:14:54,447
ELEVENMPV,ElevenMPV,9902,03/21/2021, 14:11:03,447
ELEVENMPV,ElevenMPV,9902,03/21/2021, 15:11:00,447
ELEVENMPV,ElevenMPV,9902,03/21/2021, 16:17:38,447
ELEVENMPV,ElevenMPV,9903,03/21/2021, 17:31:57,447
ELEVENMPV,ElevenMPV,9903,03/21/2021, 18:19:53,447
ELEVENMPV,ElevenMPV,9904,03/21/2021, 19:12:50,447
ELEVENMPV,ElevenMPV,9904,03/21/2021, 20:12:03,447
ELEVENMPV,ElevenMPV,9904,03/21/2021, 21:09:45,447
ELEVENMPV,ElevenMPV,9905,03/21/2021, 22:11:49,447
ELEVENMPV,ElevenMPV,9906,03/21/2021, 23:11:11,447
ELEVENMPV,ElevenMPV,9906,03/22/2021, 00:26:54,447
ELEVENMPV,ElevenMPV,9907,03/22/2021, 01:46:50,447
ELEVENMPV,ElevenMPV,9907,03/22/2021, 02:31:22,447
ELEVENMPV,ElevenMPV,9907,03/22/2021, 03:18:51,447
ELEVENMPV,ElevenMPV,9907,03/22/2021, 04:17:54,447
ELEVENMPV,ElevenMPV,9907,03/22/2021, 05:18:47,447
ELEVENMPV,ElevenMPV,9907,03/22/2021, 06:16:50,447
ELEVENMPV,ElevenMPV,9907,03/22/2021, 07:14:52,447
ELEVENMPV,ElevenMPV,9907,03/22/2021, 08:17:54,447
ELEVENMPV,ElevenMPV,9907,03/22/2021, 09:16:05,447
ELEVENMPV,ElevenMPV,9907,03/22/2021, 10:16:57,447
ELEVENMPV,ElevenMPV,9907,03/22/2021, 11:10:11,447
ELEVENMPV,ElevenMPV,9908,03/22/2021, 12:14:53,447
ELEVENMPV,ElevenMPV,9909,03/22/2021, 13:17:25,447
ELEVENMPV,ElevenMPV,9909,03/22/2021, 14:11:05,447
ELEVENMPV,ElevenMPV,9910,03/22/2021, 15:11:01,447
ELEVENMPV,ElevenMPV,9910,03/22/2021, 16:18:04,447
ELEVENMPV,ElevenMPV,9910,03/22/2021, 17:32:26,447
ELEVENMPV,ElevenMPV,9910,03/22/2021, 18:15:51,447
ELEVENMPV,ElevenMPV,9910,03/22/2021, 19:09:45,447
ELEVENMPV,ElevenMPV,9910,03/22/2021, 20:12:04,447
ELEVENMPV,ElevenMPV,9911,03/22/2021, 21:10:20,447
ELEVENMPV,ElevenMPV,9912,03/22/2021, 22:12:24,447
ELEVENMPV,ElevenMPV,9912,03/22/2021, 23:11:07,447
ELEVENMPV,ElevenMPV,9912,03/23/2021, 00:26:31,447
ELEVENMPV,ElevenMPV,9912,03/23/2021, 01:46:05,447
ELEVENMPV,ElevenMPV,9913,03/23/2021, 02:30:05,447
ELEVENMPV,ElevenMPV,9913,03/23/2021, 03:14:29,447
ELEVENMPV,ElevenMPV,9914,03/23/2021, 04:13:08,447
ELEVENMPV,ElevenMPV,9914,03/23/2021, 05:13:32,447
ELEVENMPV,ElevenMPV,9915,03/23/2021, 06:12:03,447
ELEVENMPV,ElevenMPV,9915,03/23/2021, 07:10:28,447
ELEVENMPV,ElevenMPV,9915,03/23/2021, 08:13:22,447
ELEVENMPV,ElevenMPV,9916,03/23/2021, 09:11:40,447
ELEVENMPV,ElevenMPV,9916,03/23/2021, 10:12:02,447
ELEVENMPV,ElevenMPV,9916,03/23/2021, 11:10:16,447
ELEVENMPV,ElevenMPV,9917,03/23/2021, 12:19:58,447
ELEVENMPV,ElevenMPV,9917,03/23/2021, 13:22:53,447
ELEVENMPV,ElevenMPV,9917,03/23/2021, 14:16:06,447
ELEVENMPV,ElevenMPV,9917,03/23/2021, 15:11:43,447
ELEVENMPV,ElevenMPV,9918,03/23/2021, 16:16:59,447
ELEVENMPV,ElevenMPV,9918,03/23/2021, 17:34:37,447
ELEVENMPV,ElevenMPV,9918,03/23/2021, 18:14:37,447
ELEVENMPV,ElevenMPV,9921,03/23/2021, 19:09:32,447
ELEVENMPV,ElevenMPV,9922,03/23/2021, 20:12:21,447
ELEVENMPV,ElevenMPV,9922,03/23/2021, 21:10:15,447
ELEVENMPV,ElevenMPV,9923,03/23/2021, 22:12:25,447
ELEVENMPV,ElevenMPV,9923,03/23/2021, 23:11:53,447
ELEVENMPV,ElevenMPV,9924,03/24/2021, 00:26:56,447
ELEVENMPV,ElevenMPV,9926,03/24/2021, 01:47:46,447
ELEVENMPV,ElevenMPV,9926,03/24/2021, 02:31:04,447
ELEVENMPV,ElevenMPV,9926,03/24/2021, 03:14:35,447
ELEVENMPV,ElevenMPV,9927,03/24/2021, 04:23:06,447
ELEVENMPV,ElevenMPV,9928,03/24/2021, 05:28:25,447
ELEVENMPV,ElevenMPV,9928,03/24/2021, 06:20:03,447
ELEVENMPV,ElevenMPV,9928,03/24/2021, 07:23:31,447
ELEVENMPV,ElevenMPV,9929,03/24/2021, 08:21:32,447
ELEVENMPV,ElevenMPV,9929,03/24/2021, 09:27:10,447
ELEVENMPV,ElevenMPV,9929,03/24/2021, 10:27:18,447
ELEVENMPV,ElevenMPV,9930,03/24/2021, 11:24:08,447
ELEVENMPV,ElevenMPV,9931,03/24/2021, 12:30:59,447
ELEVENMPV,ElevenMPV,9931,03/24/2021, 13:31:09,447
ELEVENMPV,ElevenMPV,9931,03/24/2021, 14:18:28,447
ELEVENMPV,ElevenMPV,9932,03/24/2021, 15:18:31,447
ELEVENMPV,ElevenMPV,9932,03/24/2021, 16:35:14,447
ELEVENMPV,ElevenMPV,9932,03/24/2021, 18:00:16,447
ELEVENMPV,ElevenMPV,9932,03/24/2021, 18:46:59,447
ELEVENMPV,ElevenMPV,9934,03/24/2021, 19:26:05,447
ELEVENMPV,ElevenMPV,9934,03/24/2021, 20:19:18,447
ELEVENMPV,ElevenMPV,9934,03/24/2021, 21:16:26,447
ELEVENMPV,ElevenMPV,9935,03/24/2021, 22:18:36,447
ELEVENMPV,ElevenMPV,9935,03/24/2021, 23:21:00,447
ELEVENMPV,ElevenMPV,9937,03/25/2021, 00:56:53,447
ELEVENMPV,ElevenMPV,9938,03/25/2021, 02:27:34,447
ELEVENMPV,ElevenMPV,9938,03/25/2021, 03:29:26,447
ELEVENMPV,ElevenMPV,9939,03/25/2021, 04:26:09,447
ELEVENMPV,ElevenMPV,9939,03/25/2021, 05:27:16,447
ELEVENMPV,ElevenMPV,9939,03/25/2021, 06:19:36,447
ELEVENMPV,ElevenMPV,9939,03/25/2021, 07:18:02,447
ELEVENMPV,ElevenMPV,9939,03/25/2021, 08:19:52,447
ELEVENMPV,ElevenMPV,9939,03/25/2021, 09:17:47,447
ELEVENMPV,ElevenMPV,9939,03/25/2021, 10:18:10,447
ELEVENMPV,ElevenMPV,9940,03/25/2021, 11:10:39,447
ELEVENMPV,ElevenMPV,9940,03/25/2021, 12:17:59,447
ELEVENMPV,ElevenMPV,9940,03/25/2021, 13:22:17,447
ELEVENMPV,ElevenMPV,9940,03/25/2021, 14:18:19,447
ELEVENMPV,ElevenMPV,9941,03/25/2021, 15:19:41,447
ELEVENMPV,ElevenMPV,9941,03/25/2021, 16:20:57,447
ELEVENMPV,ElevenMPV,9941,03/25/2021, 17:26:22,447
ELEVENMPV,ElevenMPV,9941,03/25/2021, 18:31:00,447
ELEVENMPV,ElevenMPV,9941,03/25/2021, 19:25:20,447
ELEVENMPV,ElevenMPV,9941,03/25/2021, 20:14:53,447
ELEVENMPV,ElevenMPV,9941,03/25/2021, 21:13:48,447
ELEVENMPV,ElevenMPV,9942,03/25/2021, 22:15:07,447
ELEVENMPV,ElevenMPV,9942,03/25/2021, 23:16:35,447
ELEVENMPV,ElevenMPV,9942,03/26/2021, 00:37:42,447
ELEVENMPV,ElevenMPV,9942,03/26/2021, 01:39:06,447
ELEVENMPV,ElevenMPV,9942,03/26/2021, 02:40:05,447
ELEVENMPV,ElevenMPV,9942,03/26/2021, 03:27:30,447
ELEVENMPV,ElevenMPV,9942,03/26/2021, 04:26:30,447
ELEVENMPV,ElevenMPV,9942,03/26/2021, 05:23:35,447
ELEVENMPV,ElevenMPV,9943,03/26/2021, 06:17:08,447
ELEVENMPV,ElevenMPV,9943,03/26/2021, 07:16:35,447
ELEVENMPV,ElevenMPV,9943,03/26/2021, 08:17:17,447
ELEVENMPV,ElevenMPV,9943,03/26/2021, 09:17:56,447
ELEVENMPV,ElevenMPV,9943,03/26/2021, 10:16:46,447
ELEVENMPV,ElevenMPV,9943,03/26/2021, 11:13:04,447
ELEVENMPV,ElevenMPV,9943,03/26/2021, 12:20:38,447
ELEVENMPV,ElevenMPV,9943,03/26/2021, 13:23:24,447
ELEVENMPV,ElevenMPV,9943,03/26/2021, 14:15:25,447
ELEVENMPV,ElevenMPV,9944,03/26/2021, 15:15:57,447
ELEVENMPV,ElevenMPV,9945,03/26/2021, 16:26:09,447
ELEVENMPV,ElevenMPV,9946,03/26/2021, 17:39:55,447
ELEVENMPV,ElevenMPV,9948,03/26/2021, 18:26:31,447
ELEVENMPV,ElevenMPV,9948,03/26/2021, 19:17:53,447
ELEVENMPV,ElevenMPV,9948,03/26/2021, 20:16:10,447
ELEVENMPV,ElevenMPV,9949,03/26/2021, 21:13:37,447
ELEVENMPV,ElevenMPV,9951,03/26/2021, 22:14:19,447
ELEVENMPV,ElevenMPV,9953,03/26/2021, 23:14:37,447
ELEVENMPV,ElevenMPV,9953,03/27/2021, 00:42:23,447
ELEVENMPV,ElevenMPV,9953,03/27/2021, 02:00:02,447
ELEVENMPV,ElevenMPV,9953,03/27/2021, 02:44:55,447
ELEVENMPV,ElevenMPV,9953,03/27/2021, 03:20:45,447
ELEVENMPV,ElevenMPV,9953,03/27/2021, 04:19:18,447
ELEVENMPV,ElevenMPV,9953,03/27/2021, 05:20:16,447
ELEVENMPV,ElevenMPV,9953,03/27/2021, 06:17:23,447
ELEVENMPV,ElevenMPV,9953,03/27/2021, 07:16:18,447
ELEVENMPV,ElevenMPV,9953,03/27/2021, 08:16:54,447
ELEVENMPV,ElevenMPV,9953,03/27/2021, 09:15:06,447
ELEVENMPV,ElevenMPV,9953,03/27/2021, 10:15:17,447
ELEVENMPV,ElevenMPV,9953,03/27/2021, 11:12:48,447
ELEVENMPV,ElevenMPV,9954,03/27/2021, 12:20:31,447
ELEVENMPV,ElevenMPV,9955,03/27/2021, 13:22:11,447
ELEVENMPV,ElevenMPV,9955,03/27/2021, 14:14:23,447
ELEVENMPV,ElevenMPV,9955,03/27/2021, 15:14:31,447
ELEVENMPV,ElevenMPV,9955,03/27/2021, 16:24:12,447
ELEVENMPV,ElevenMPV,9955,03/27/2021, 17:40:37,447
ELEVENMPV,ElevenMPV,9955,03/27/2021, 18:27:52,447
ELEVENMPV,ElevenMPV,9955,03/27/2021, 19:17:19,447
ELEVENMPV,ElevenMPV,9956,03/27/2021, 20:15:56,447
ELEVENMPV,ElevenMPV,9957,03/27/2021, 21:13:31,447
ELEVENMPV,ElevenMPV,9958,03/27/2021, 22:15:29,447
ELEVENMPV,ElevenMPV,9958,03/27/2021, 23:14:29,447
ELEVENMPV,ElevenMPV,9958,03/28/2021, 00:43:39,447
ELEVENMPV,ElevenMPV,9958,03/28/2021, 02:00:08,447
ELEVENMPV,ElevenMPV,9958,03/28/2021, 02:45:38,447
ELEVENMPV,ElevenMPV,9958,03/28/2021, 03:22:08,447
ELEVENMPV,ElevenMPV,9958,03/28/2021, 04:20:31,447
ELEVENMPV,ElevenMPV,9958,03/28/2021, 05:21:52,447
ELEVENMPV,ElevenMPV,9959,03/28/2021, 06:17:15,447
ELEVENMPV,ElevenMPV,9959,03/28/2021, 07:16:33,447
ELEVENMPV,ElevenMPV,9960,03/28/2021, 08:17:08,447
ELEVENMPV,ElevenMPV,9964,03/28/2021, 09:15:10,447
ELEVENMPV,ElevenMPV,9964,03/28/2021, 10:15:00,447
ELEVENMPV,ElevenMPV,9964,03/28/2021, 11:12:59,447
ELEVENMPV,ElevenMPV,9965,03/28/2021, 12:20:26,447
ELEVENMPV,ElevenMPV,9965,03/28/2021, 13:22:28,447
ELEVENMPV,ElevenMPV,9966,03/28/2021, 14:14:31,447
ELEVENMPV,ElevenMPV,9966,03/28/2021, 15:14:49,447
ELEVENMPV,ElevenMPV,9967,03/28/2021, 16:24:54,447
ELEVENMPV,ElevenMPV,9967,03/28/2021, 17:41:10,447
ELEVENMPV,ElevenMPV,9968,03/28/2021, 18:27:25,447
ELEVENMPV,ElevenMPV,9968,03/28/2021, 19:17:57,447
ELEVENMPV,ElevenMPV,9968,03/28/2021, 20:15:41,447
ELEVENMPV,ElevenMPV,9970,03/28/2021, 21:13:37,447
ELEVENMPV,ElevenMPV,9973,03/28/2021, 22:15:54,447
ELEVENMPV,ElevenMPV,9973,03/28/2021, 23:14:38,447
ELEVENMPV,ElevenMPV,9973,03/29/2021, 00:45:26,447
ELEVENMPV,ElevenMPV,9975,03/29/2021, 02:03:08,447
ELEVENMPV,ElevenMPV,9976,03/29/2021, 03:23:23,447
ELEVENMPV,ElevenMPV,9977,03/29/2021, 04:20:50,447
ELEVENMPV,ElevenMPV,9977,03/29/2021, 05:22:27,447
ELEVENMPV,ElevenMPV,9977,03/29/2021, 06:18:09,447
ELEVENMPV,ElevenMPV,9977,03/29/2021, 07:17:38,447
ELEVENMPV,ElevenMPV,9977,03/29/2021, 09:43:57,447
ELEVENMPV,ElevenMPV,9977,03/29/2021, 10:17:33,447
ELEVENMPV,ElevenMPV,9977,03/29/2021, 11:13:30,447
ELEVENMPV,ElevenMPV,9977,03/29/2021, 12:20:54,447
ELEVENMPV,ElevenMPV,9978,03/29/2021, 13:24:15,447
ELEVENMPV,ElevenMPV,9978,03/29/2021, 14:15:42,447
ELEVENMPV,ElevenMPV,9978,03/29/2021, 15:31:49,447
ELEVENMPV,ElevenMPV,9978,03/29/2021, 16:26:54,447
ELEVENMPV,ElevenMPV,9978,03/29/2021, 17:40:16,447
ELEVENMPV,ElevenMPV,9978,03/29/2021, 18:23:51,447
ELEVENMPV,ElevenMPV,9978,03/29/2021, 19:14:41,447
ELEVENMPV,ElevenMPV,9979,03/29/2021, 20:16:22,447
ELEVENMPV,ElevenMPV,9979,03/29/2021, 21:13:59,447
ELEVENMPV,ElevenMPV,9979,03/29/2021, 22:16:36,447
ELEVENMPV,ElevenMPV,9980,03/29/2021, 23:15:08,447
ELEVENMPV,ElevenMPV,9980,03/30/2021, 00:42:41,447
ELEVENMPV,ElevenMPV,9980,03/30/2021, 01:59:57,447
ELEVENMPV,ElevenMPV,9980,03/30/2021, 02:44:53,447
ELEVENMPV,ElevenMPV,9980,03/30/2021, 03:20:54,447
ELEVENMPV,ElevenMPV,9980,03/30/2021, 04:18:35,447
ELEVENMPV,ElevenMPV,9980,03/30/2021, 05:21:01,447
ELEVENMPV,ElevenMPV,9981,03/30/2021, 06:17:47,447
ELEVENMPV,ElevenMPV,9982,03/30/2021, 07:16:50,447
ELEVENMPV,ElevenMPV,9982,03/30/2021, 08:18:02,447
ELEVENMPV,ElevenMPV,9983,03/30/2021, 09:16:07,447
ELEVENMPV,ElevenMPV,9983,03/30/2021, 10:15:49,447
ELEVENMPV,ElevenMPV,9983,03/30/2021, 11:13:11,447
ELEVENMPV,ElevenMPV,9983,03/30/2021, 12:21:44,447
ELEVENMPV,ElevenMPV,9984,03/30/2021, 13:23:29,447
ELEVENMPV,ElevenMPV,9984,03/30/2021, 14:15:23,447
ELEVENMPV,ElevenMPV,9986,03/30/2021, 15:15:37,447
ELEVENMPV,ElevenMPV,9986,03/30/2021, 16:25:55,447
ELEVENMPV,ElevenMPV,9986,03/30/2021, 17:42:37,447
ELEVENMPV,ElevenMPV,9986,03/30/2021, 18:29:33,447
ELEVENMPV,ElevenMPV,9986,03/30/2021, 19:18:42,447
ELEVENMPV,ElevenMPV,9986,03/30/2021, 20:15:58,447
ELEVENMPV,ElevenMPV,9987,03/30/2021, 21:13:55,447
ELEVENMPV,ElevenMPV,9988,03/30/2021, 22:16:32,447
ELEVENMPV,ElevenMPV,9988,03/30/2021, 23:15:17,447
ELEVENMPV,ElevenMPV,9988,03/31/2021, 00:40:04,447
ELEVENMPV,ElevenMPV,9989,03/31/2021, 01:58:39,447
ELEVENMPV,ElevenMPV,9990,03/31/2021, 02:43:32,447
ELEVENMPV,ElevenMPV,9990,03/31/2021, 03:20:35,447
ELEVENMPV,ElevenMPV,9990,03/31/2021, 04:19:55,447
ELEVENMPV,ElevenMPV,9990,03/31/2021, 05:17:28,447
ELEVENMPV,ElevenMPV,9991,03/31/2021, 06:17:50,447
ELEVENMPV,ElevenMPV,9991,03/31/2021, 07:17:33,447
ELEVENMPV,ElevenMPV,9991,03/31/2021, 08:17:36,447
ELEVENMPV,ElevenMPV,9991,03/31/2021, 09:15:43,447
ELEVENMPV,ElevenMPV,9991,03/31/2021, 10:16:01,447
ELEVENMPV,ElevenMPV,9991,03/31/2021, 11:13:12,447
ELEVENMPV,ElevenMPV,9991,03/31/2021, 12:20:57,447
ELEVENMPV,ElevenMPV,9991,03/31/2021, 13:23:01,447
ELEVENMPV,ElevenMPV,9993,03/31/2021, 14:15:17,447
ELEVENMPV,ElevenMPV,9993,03/31/2021, 15:15:37,447
ELEVENMPV,ElevenMPV,9993,03/31/2021, 16:26:18,447
ELEVENMPV,ElevenMPV,9994,03/31/2021, 17:42:00,447
ELEVENMPV,ElevenMPV,9994,03/31/2021, 18:28:09,447
ELEVENMPV,ElevenMPV,9994,03/31/2021, 19:17:07,447
ELEVENMPV,ElevenMPV,9995,03/31/2021, 20:16:32,447
ELEVENMPV,ElevenMPV,9995,03/31/2021, 21:14:19,447
ELEVENMPV,ElevenMPV,9996,03/31/2021, 22:16:40,447
ELEVENMPV,ElevenMPV,9996,03/31/2021, 23:15:18,447
ELEVENMPV,ElevenMPV,9998,04/01/2021, 00:44:32,447
ELEVENMPV,ElevenMPV,9998,04/01/2021, 02:07:20,447
ELEVENMPV,ElevenMPV,9998,04/01/2021, 03:22:21,447
ELEVENMPV,ElevenMPV,9998,04/01/2021, 04:18:50,447
ELEVENMPV,ElevenMPV,9998,04/01/2021, 05:21:48,447
ELEVENMPV,ElevenMPV,9998,04/01/2021, 06:17:45,447
ELEVENMPV,ElevenMPV,9999,04/01/2021, 07:16:48,447
ELEVENMPV,ElevenMPV,10000,04/01/2021, 08:22:47,447
ELEVENMPV,ElevenMPV,10001,04/01/2021, 09:16:30,447
ELEVENMPV,ElevenMPV,10001,04/01/2021, 10:16:09,447
ELEVENMPV,ElevenMPV,10001,04/01/2021, 11:13:26,447
ELEVENMPV,ElevenMPV,10002,04/01/2021, 12:21:10,447
ELEVENMPV,ElevenMPV,10003,04/01/2021, 13:23:42,447
ELEVENMPV,ElevenMPV,10003,04/01/2021, 14:23:35,447
ELEVENMPV,ElevenMPV,10003,04/01/2021, 15:21:43,447
ELEVENMPV,ElevenMPV,10005,04/01/2021, 16:26:46,447
ELEVENMPV,ElevenMPV,10006,04/01/2021, 17:44:31,447
ELEVENMPV,ElevenMPV,10006,04/01/2021, 18:30:37,447
ELEVENMPV,ElevenMPV,10006,04/01/2021, 19:19:51,447
ELEVENMPV,ElevenMPV,10006,04/01/2021, 20:16:23,447
ELEVENMPV,ElevenMPV,10006,04/01/2021, 21:14:33,447
ELEVENMPV,ElevenMPV,10007,04/01/2021, 22:41:16,447
ELEVENMPV,ElevenMPV,10008,04/01/2021, 23:28:02,447
ELEVENMPV,ElevenMPV,10008,04/02/2021, 00:52:15,447
ELEVENMPV,ElevenMPV,10009,04/02/2021, 02:13:33,447
ELEVENMPV,ElevenMPV,10009,04/02/2021, 03:23:54,447
ELEVENMPV,ElevenMPV,10009,04/02/2021, 04:21:53,447
ELEVENMPV,ElevenMPV,10009,04/02/2021, 05:22:08,447
ELEVENMPV,ElevenMPV,10011,04/02/2021, 06:17:48,447
ELEVENMPV,ElevenMPV,10012,04/02/2021, 07:18:31,447
ELEVENMPV,ElevenMPV,10012,04/02/2021, 08:18:37,447
ELEVENMPV,ElevenMPV,10012,04/02/2021, 09:17:02,447
ELEVENMPV,ElevenMPV,10012,04/02/2021, 10:16:20,447
ELEVENMPV,ElevenMPV,10012,04/02/2021, 11:13:01,447
ELEVENMPV,ElevenMPV,10013,04/02/2021, 12:21:05,447
ELEVENMPV,ElevenMPV,10013,04/02/2021, 13:23:08,447
ELEVENMPV,ElevenMPV,10013,04/02/2021, 14:15:25,447
ELEVENMPV,ElevenMPV,10013,04/02/2021, 15:15:27,447
ELEVENMPV,ElevenMPV,10014,04/02/2021, 16:26:46,447
ELEVENMPV,ElevenMPV,10015,04/02/2021, 17:44:01,447
ELEVENMPV,ElevenMPV,10015,04/02/2021, 18:29:08,447
ELEVENMPV,ElevenMPV,10015,04/02/2021, 19:18:48,447
ELEVENMPV,ElevenMPV,10015,04/02/2021, 20:15:59,447
ELEVENMPV,ElevenMPV,10015,04/02/2021, 21:13:43,447
ELEVENMPV,ElevenMPV,10016,04/02/2021, 22:17:08,447
ELEVENMPV,ElevenMPV,10017,04/02/2021, 23:16:17,447
ELEVENMPV,ElevenMPV,10018,04/03/2021, 00:43:58,447
ELEVENMPV,ElevenMPV,10018,04/03/2021, 02:02:30,447
ELEVENMPV,ElevenMPV,10019,04/03/2021, 03:21:21,447
ELEVENMPV,ElevenMPV,10019,04/03/2021, 04:19:14,447
ELEVENMPV,ElevenMPV,10019,04/03/2021, 05:20:54,447
ELEVENMPV,ElevenMPV,10019,04/03/2021, 06:18:02,447
ELEVENMPV,ElevenMPV,10019,04/03/2021, 07:17:23,447
ELEVENMPV,ElevenMPV,10021,04/03/2021, 08:16:56,447
ELEVENMPV,ElevenMPV,10021,04/03/2021, 09:15:07,447
ELEVENMPV,ElevenMPV,10023,04/03/2021, 11:13:08,447
ELEVENMPV,ElevenMPV,10023,04/03/2021, 12:20:38,447
ELEVENMPV,ElevenMPV,10024,04/03/2021, 13:21:53,447
ELEVENMPV,ElevenMPV,10025,04/03/2021, 14:14:15,447
ELEVENMPV,ElevenMPV,10025,04/03/2021, 15:14:37,447
ELEVENMPV,ElevenMPV,10025,04/03/2021, 16:25:15,447
ELEVENMPV,ElevenMPV,10026,04/03/2021, 17:41:59,447
ELEVENMPV,ElevenMPV,10026,04/03/2021, 18:27:23,447
ELEVENMPV,ElevenMPV,10026,04/03/2021, 19:17:41,447
ELEVENMPV,ElevenMPV,10027,04/03/2021, 20:15:29,447
ELEVENMPV,ElevenMPV,10027,04/03/2021, 21:13:26,447
ELEVENMPV,ElevenMPV,10030,04/03/2021, 22:16:54,447
ELEVENMPV,ElevenMPV,10031,04/03/2021, 23:15:51,447
ELEVENMPV,ElevenMPV,10031,04/04/2021, 00:46:52,447
ELEVENMPV,ElevenMPV,10032,04/04/2021, 02:06:12,447
ELEVENMPV,ElevenMPV,10034,04/04/2021, 03:21:49,447
ELEVENMPV,ElevenMPV,10036,04/04/2021, 04:19:51,447
ELEVENMPV,ElevenMPV,10036,04/04/2021, 05:21:07,447
ELEVENMPV,ElevenMPV,10036,04/04/2021, 06:18:03,447
ELEVENMPV,ElevenMPV,10037,04/04/2021, 07:17:30,447
ELEVENMPV,ElevenMPV,10038,04/04/2021, 08:16:47,447
ELEVENMPV,ElevenMPV,10039,04/04/2021, 09:14:42,447
ELEVENMPV,ElevenMPV,10039,04/04/2021, 10:15:19,447
ELEVENMPV,ElevenMPV,10040,04/04/2021, 11:12:53,447
ELEVENMPV,ElevenMPV,10040,04/04/2021, 12:20:45,447
ELEVENMPV,ElevenMPV,10040,04/04/2021, 13:22:36,447
ELEVENMPV,ElevenMPV,10040,04/04/2021, 14:14:19,447
ELEVENMPV,ElevenMPV,10040,04/04/2021, 15:14:34,447
ELEVENMPV,ElevenMPV,10040,04/04/2021, 16:25:34,447
ELEVENMPV,ElevenMPV,10040,04/04/2021, 17:42:14,447
ELEVENMPV,ElevenMPV,10042,04/04/2021, 18:27:34,447
ELEVENMPV,ElevenMPV,10042,04/04/2021, 19:18:11,447
ELEVENMPV,ElevenMPV,10044,04/04/2021, 20:15:19,447
ELEVENMPV,ElevenMPV,10044,04/04/2021, 21:13:38,447
ELEVENMPV,ElevenMPV,10044,04/04/2021, 22:16:38,447
ELEVENMPV,ElevenMPV,10044,04/04/2021, 23:16:11,447
ELEVENMPV,ElevenMPV,10046,04/05/2021, 00:47:40,447
ELEVENMPV,ElevenMPV,10046,04/05/2021, 02:05:12,447
ELEVENMPV,ElevenMPV,10046,04/05/2021, 03:22:00,447
ELEVENMPV,ElevenMPV,10046,04/05/2021, 04:20:07,447
ELEVENMPV,ElevenMPV,10046,04/05/2021, 05:21:50,447
ELEVENMPV,ElevenMPV,10046,04/05/2021, 06:18:25,447
ELEVENMPV,ElevenMPV,10046,04/05/2021, 07:17:45,447
ELEVENMPV,ElevenMPV,10046,04/05/2021, 08:17:46,447
ELEVENMPV,ElevenMPV,10046,04/05/2021, 09:16:11,447
ELEVENMPV,ElevenMPV,10046,04/05/2021, 10:16:03,447
ELEVENMPV,ElevenMPV,10046,04/05/2021, 11:13:09,447
ELEVENMPV,ElevenMPV,10046,04/05/2021, 12:21:41,447
ELEVENMPV,ElevenMPV,10046,04/05/2021, 13:23:54,447
ELEVENMPV,ElevenMPV,10046,04/05/2021, 14:15:24,447
ELEVENMPV,ElevenMPV,10046,04/05/2021, 15:15:33,447
ELEVENMPV,ElevenMPV,10048,04/05/2021, 16:27:11,447
ELEVENMPV,ElevenMPV,10048,04/05/2021, 17:42:49,447
ELEVENMPV,ElevenMPV,10049,04/05/2021, 18:29:20,447
ELEVENMPV,ElevenMPV,10049,04/05/2021, 19:19:05,447
ELEVENMPV,ElevenMPV,10049,04/05/2021, 20:16:07,447
ELEVENMPV,ElevenMPV,10049,04/05/2021, 21:13:42,447
ELEVENMPV,ElevenMPV,10049,04/05/2021, 22:17:14,447
ELEVENMPV,ElevenMPV,10049,04/05/2021, 23:16:54,447
ELEVENMPV,ElevenMPV,10052,04/06/2021, 00:46:14,447
ELEVENMPV,ElevenMPV,10053,04/06/2021, 02:06:36,447
ELEVENMPV,ElevenMPV,10053,04/06/2021, 03:22:55,447
ELEVENMPV,ElevenMPV,10054,04/06/2021, 04:20:02,447
ELEVENMPV,ElevenMPV,10054,04/06/2021, 05:21:34,447
ELEVENMPV,ElevenMPV,10054,04/06/2021, 06:18:38,447
ELEVENMPV,ElevenMPV,10054,04/06/2021, 07:19:07,447
ELEVENMPV,ElevenMPV,10054,04/06/2021, 08:15:22,447
ELEVENMPV,ElevenMPV,10054,04/06/2021, 09:16:08,447
ELEVENMPV,ElevenMPV,10054,04/06/2021, 10:15:56,447
ELEVENMPV,ElevenMPV,10054,04/06/2021, 11:13:11,447
ELEVENMPV,ElevenMPV,10055,04/06/2021, 12:19:19,447
ELEVENMPV,ElevenMPV,10056,04/06/2021, 13:23:24,447
ELEVENMPV,ElevenMPV,10056,04/06/2021, 14:15:39,447
ELEVENMPV,ElevenMPV,10056,04/06/2021, 15:15:54,447
ELEVENMPV,ElevenMPV,10057,04/06/2021, 16:26:54,447
ELEVENMPV,ElevenMPV,10058,04/06/2021, 17:46:53,447
ELEVENMPV,ElevenMPV,10058,04/06/2021, 18:31:15,447
ELEVENMPV,ElevenMPV,10059,04/06/2021, 19:20:28,447
ELEVENMPV,ElevenMPV,10060,04/06/2021, 20:15:59,447
ELEVENMPV,ElevenMPV,10060,04/06/2021, 21:13:56,447
ELEVENMPV,ElevenMPV,10061,04/06/2021, 22:15:17,447
ELEVENMPV,ElevenMPV,10062,04/06/2021, 23:15:35,447
ELEVENMPV,ElevenMPV,10063,04/07/2021, 00:45:09,447
ELEVENMPV,ElevenMPV,10063,04/07/2021, 02:06:36,447
ELEVENMPV,ElevenMPV,10064,04/07/2021, 03:23:06,447
ELEVENMPV,ElevenMPV,10065,04/07/2021, 04:20:58,447
ELEVENMPV,ElevenMPV,10066,04/07/2021, 05:21:51,447
ELEVENMPV,ElevenMPV,10066,04/07/2021, 06:18:18,447
ELEVENMPV,ElevenMPV,10067,04/07/2021, 07:16:58,447
ELEVENMPV,ElevenMPV,10067,04/07/2021, 08:17:46,447
ELEVENMPV,ElevenMPV,10067,04/07/2021, 09:15:43,447
ELEVENMPV,ElevenMPV,10068,04/07/2021, 10:13:56,447
ELEVENMPV,ElevenMPV,10068,04/07/2021, 11:13:16,447
ELEVENMPV,ElevenMPV,10070,04/07/2021, 12:21:30,447
ELEVENMPV,ElevenMPV,10074,04/07/2021, 13:23:54,447
ELEVENMPV,ElevenMPV,10074,04/07/2021, 14:15:27,447
ELEVENMPV,ElevenMPV,10074,04/07/2021, 15:15:55,447
ELEVENMPV,ElevenMPV,10075,04/07/2021, 16:28:18,447
ELEVENMPV,ElevenMPV,10077,04/07/2021, 17:44:38,447
ELEVENMPV,ElevenMPV,10077,04/07/2021, 18:30:02,447
ELEVENMPV,ElevenMPV,10080,04/07/2021, 19:19:01,447
ELEVENMPV,ElevenMPV,10081,04/07/2021, 20:16:00,447
ELEVENMPV,ElevenMPV,10081,04/07/2021, 21:12:57,447
ELEVENMPV,ElevenMPV,10081,04/07/2021, 22:16:57,447
ELEVENMPV,ElevenMPV,10083,04/07/2021, 23:17:25,447
ELEVENMPV,ElevenMPV,10083,04/08/2021, 00:49:20,447
ELEVENMPV,ElevenMPV,10084,04/08/2021, 02:09:14,447
ELEVENMPV,ElevenMPV,10084,04/08/2021, 03:23:15,447
ELEVENMPV,ElevenMPV,10084,04/08/2021, 04:20:50,447
ELEVENMPV,ElevenMPV,10084,04/08/2021, 05:21:32,447
ELEVENMPV,ElevenMPV,10084,04/08/2021, 06:17:59,447
ELEVENMPV,ElevenMPV,10084,04/08/2021, 07:18:56,447
ELEVENMPV,ElevenMPV,10084,04/08/2021, 08:22:06,447
ELEVENMPV,ElevenMPV,10084,04/08/2021, 09:15:52,447
ELEVENMPV,ElevenMPV,10085,04/08/2021, 10:15:36,447
ELEVENMPV,ElevenMPV,10086,04/08/2021, 11:12:49,447
ELEVENMPV,ElevenMPV,10091,04/08/2021, 12:21:17,447
ELEVENMPV,ElevenMPV,10091,04/08/2021, 13:23:43,447
ELEVENMPV,ElevenMPV,10092,04/08/2021, 14:15:06,447
ELEVENMPV,ElevenMPV,10093,04/08/2021, 15:19:34,447
ELEVENMPV,ElevenMPV,10094,04/08/2021, 16:27:24,447
ELEVENMPV,ElevenMPV,10094,04/08/2021, 17:42:25,447
ELEVENMPV,ElevenMPV,10095,04/08/2021, 18:28:34,447
ELEVENMPV,ElevenMPV,10095,04/08/2021, 19:19:02,447
ELEVENMPV,ElevenMPV,10095,04/08/2021, 20:15:44,447
ELEVENMPV,ElevenMPV,10095,04/08/2021, 21:13:46,447
ELEVENMPV,ElevenMPV,10095,04/08/2021, 22:17:07,447
ELEVENMPV,ElevenMPV,10095,04/08/2021, 23:16:23,447
ELEVENMPV,ElevenMPV,10096,04/09/2021, 00:43:01,447
ELEVENMPV,ElevenMPV,10096,04/09/2021, 02:02:11,447
ELEVENMPV,ElevenMPV,10096,04/09/2021, 03:15:26,447
ELEVENMPV,ElevenMPV,10097,04/09/2021, 04:18:21,447
ELEVENMPV,ElevenMPV,10097,04/09/2021, 05:20:01,447
ELEVENMPV,ElevenMPV,10097,04/09/2021, 06:18:12,447
ELEVENMPV,ElevenMPV,10097,04/09/2021, 07:18:31,447
ELEVENMPV,ElevenMPV,10098,04/09/2021, 08:19:06,447
ELEVENMPV,ElevenMPV,10098,04/09/2021, 09:16:54,447
ELEVENMPV,ElevenMPV,10098,04/09/2021, 10:16:17,447
ELEVENMPV,ElevenMPV,10098,04/09/2021, 11:12:49,447
ELEVENMPV,ElevenMPV,10099,04/09/2021, 12:20:55,447
ELEVENMPV,ElevenMPV,10099,04/09/2021, 13:22:54,447
ELEVENMPV,ElevenMPV,10099,04/09/2021, 14:15:26,447
ELEVENMPV,ElevenMPV,10099,04/09/2021, 15:15:02,447
ELEVENMPV,ElevenMPV,10099,04/09/2021, 16:20:49,447
ELEVENMPV,ElevenMPV,10099,04/09/2021, 17:27:05,447
ELEVENMPV,ElevenMPV,10099,04/09/2021, 18:19:55,447
ELEVENMPV,ElevenMPV,10100,04/09/2021, 19:15:21,447
ELEVENMPV,ElevenMPV,10101,04/09/2021, 20:15:36,447
ELEVENMPV,ElevenMPV,10103,04/09/2021, 21:13:39,447
ELEVENMPV,ElevenMPV,10103,04/09/2021, 22:17:03,447
ELEVENMPV,ElevenMPV,10103,04/09/2021, 23:16:18,447
ELEVENMPV,ElevenMPV,10103,04/10/2021, 00:45:27,447
ELEVENMPV,ElevenMPV,10104,04/10/2021, 02:02:13,447
ELEVENMPV,ElevenMPV,10104,04/10/2021, 03:21:10,447
ELEVENMPV,ElevenMPV,10104,04/10/2021, 04:19:13,447
ELEVENMPV,ElevenMPV,10104,04/10/2021, 05:19:19,447
ELEVENMPV,ElevenMPV,10104,04/10/2021, 06:17:57,447
ELEVENMPV,ElevenMPV,10104,04/10/2021, 07:17:10,447
ELEVENMPV,ElevenMPV,10104,04/10/2021, 08:16:45,447
ELEVENMPV,ElevenMPV,10105,04/10/2021, 09:14:37,447
ELEVENMPV,ElevenMPV,10105,04/10/2021, 10:15:17,447
ELEVENMPV,ElevenMPV,10105,04/10/2021, 11:12:26,447
ELEVENMPV,ElevenMPV,10106,04/10/2021, 12:20:15,447
ELEVENMPV,ElevenMPV,10106,04/10/2021, 13:21:50,447
ELEVENMPV,ElevenMPV,10106,04/10/2021, 14:14:01,447
ELEVENMPV,ElevenMPV,10106,04/10/2021, 15:14:56,447
ELEVENMPV,ElevenMPV,10106,04/10/2021, 16:25:08,447
ELEVENMPV,ElevenMPV,10106,04/10/2021, 17:36:53,447
ELEVENMPV,ElevenMPV,10106,04/10/2021, 18:24:47,447
ELEVENMPV,ElevenMPV,10107,04/10/2021, 19:16:54,447
ELEVENMPV,ElevenMPV,10107,04/10/2021, 20:14:56,447
ELEVENMPV,ElevenMPV,10108,04/10/2021, 21:13:35,447
ELEVENMPV,ElevenMPV,10108,04/10/2021, 22:16:19,447
ELEVENMPV,ElevenMPV,10109,04/10/2021, 23:15:43,447
ELEVENMPV,ElevenMPV,10110,04/11/2021, 00:48:11,447
ELEVENMPV,ElevenMPV,10110,04/11/2021, 02:07:21,447
ELEVENMPV,ElevenMPV,10110,04/11/2021, 03:21:29,447
ELEVENMPV,ElevenMPV,10111,04/11/2021, 04:19:41,447
ELEVENMPV,ElevenMPV,10111,04/11/2021, 05:19:46,447
ELEVENMPV,ElevenMPV,10111,04/11/2021, 06:17:29,447
ELEVENMPV,ElevenMPV,10111,04/11/2021, 07:17:07,447
ELEVENMPV,ElevenMPV,10111,04/11/2021, 08:16:48,447
ELEVENMPV,ElevenMPV,10111,04/11/2021, 09:14:31,447
ELEVENMPV,ElevenMPV,10111,04/11/2021, 10:15:16,447
ELEVENMPV,ElevenMPV,10111,04/11/2021, 11:12:18,447
ELEVENMPV,ElevenMPV,10111,04/11/2021, 12:20:07,447
ELEVENMPV,ElevenMPV,10111,04/11/2021, 13:21:50,447
ELEVENMPV,ElevenMPV,10111,04/11/2021, 14:14:11,447
ELEVENMPV,ElevenMPV,10112,04/11/2021, 15:14:45,447
ELEVENMPV,ElevenMPV,10112,04/11/2021, 16:24:57,447
ELEVENMPV,ElevenMPV,10112,04/11/2021, 17:36:36,447
ELEVENMPV,ElevenMPV,10114,04/11/2021, 18:24:46,447
ELEVENMPV,ElevenMPV,10114,04/11/2021, 19:17:12,447
ELEVENMPV,ElevenMPV,10117,04/11/2021, 20:14:59,447
ELEVENMPV,ElevenMPV,10119,04/11/2021, 21:13:19,447
ELEVENMPV,ElevenMPV,10120,04/11/2021, 22:16:27,447
ELEVENMPV,ElevenMPV,10120,04/11/2021, 23:16:01,447
ELEVENMPV,ElevenMPV,10120,04/12/2021, 00:47:23,447
ELEVENMPV,ElevenMPV,10120,04/12/2021, 02:06:46,447
ELEVENMPV,ElevenMPV,10120,04/12/2021, 03:23:05,447
ELEVENMPV,ElevenMPV,10120,04/12/2021, 04:20:30,447
ELEVENMPV,ElevenMPV,10121,04/12/2021, 05:21:41,447
ELEVENMPV,ElevenMPV,10123,04/12/2021, 06:18:19,447
ELEVENMPV,ElevenMPV,10123,04/12/2021, 07:19:25,447
ELEVENMPV,ElevenMPV,10123,04/12/2021, 08:22:10,447
ELEVENMPV,ElevenMPV,10123,04/12/2021, 09:16:17,447
ELEVENMPV,ElevenMPV,10123,04/12/2021, 10:15:46,447
ELEVENMPV,ElevenMPV,10123,04/12/2021, 11:12:46,447
ELEVENMPV,ElevenMPV,10123,04/12/2021, 12:21:20,447
ELEVENMPV,ElevenMPV,10123,04/12/2021, 13:29:32,447
ELEVENMPV,ElevenMPV,10123,04/12/2021, 14:15:25,447
ELEVENMPV,ElevenMPV,10123,04/12/2021, 15:18:31,447
ELEVENMPV,ElevenMPV,10125,04/12/2021, 16:25:36,447
ELEVENMPV,ElevenMPV,10125,04/12/2021, 17:37:39,447
ELEVENMPV,ElevenMPV,10125,04/12/2021, 18:27:33,447
ELEVENMPV,ElevenMPV,10125,04/12/2021, 19:19:42,447
ELEVENMPV,ElevenMPV,10126,04/12/2021, 20:15:40,447
ELEVENMPV,ElevenMPV,10126,04/12/2021, 21:13:58,447
ELEVENMPV,ElevenMPV,10128,04/12/2021, 22:17:17,447
ELEVENMPV,ElevenMPV,10129,04/12/2021, 23:17:02,447
ELEVENMPV,ElevenMPV,10129,04/13/2021, 00:48:51,447
ELEVENMPV,ElevenMPV,10129,04/13/2021, 02:06:17,447
ELEVENMPV,ElevenMPV,10129,04/13/2021, 03:23:28,447
ELEVENMPV,ElevenMPV,10129,04/13/2021, 04:20:45,447
ELEVENMPV,ElevenMPV,10129,04/13/2021, 05:17:41,447
ELEVENMPV,ElevenMPV,10129,04/13/2021, 06:18:16,447
ELEVENMPV,ElevenMPV,10130,04/13/2021, 07:18:57,447
ELEVENMPV,ElevenMPV,10130,04/13/2021, 08:19:33,447
ELEVENMPV,ElevenMPV,10130,04/13/2021, 09:16:07,447
ELEVENMPV,ElevenMPV,10131,04/13/2021, 10:16:04,447
ELEVENMPV,ElevenMPV,10131,04/13/2021, 11:12:48,447
ELEVENMPV,ElevenMPV,10132,04/13/2021, 12:21:15,447
ELEVENMPV,ElevenMPV,10132,04/13/2021, 13:23:45,447
ELEVENMPV,ElevenMPV,10132,04/13/2021, 14:15:10,447
ELEVENMPV,ElevenMPV,10132,04/13/2021, 15:15:37,447
ELEVENMPV,ElevenMPV,10133,04/13/2021, 16:27:00,447
ELEVENMPV,ElevenMPV,10133,04/13/2021, 17:40:54,447
ELEVENMPV,ElevenMPV,10133,04/13/2021, 18:26:06,447
ELEVENMPV,ElevenMPV,10133,04/13/2021, 19:18:49,447
ELEVENMPV,ElevenMPV,10133,04/13/2021, 20:15:22,447
ELEVENMPV,ElevenMPV,10133,04/13/2021, 21:13:14,447
ELEVENMPV,ElevenMPV,10133,04/13/2021, 22:16:36,447
ELEVENMPV,ElevenMPV,10133,04/13/2021, 23:14:29,447
ELEVENMPV,ElevenMPV,10133,04/14/2021, 00:42:34,447
ELEVENMPV,ElevenMPV,10133,04/14/2021, 02:00:35,447
ELEVENMPV,ElevenMPV,10133,04/14/2021, 02:44:43,447
ELEVENMPV,ElevenMPV,10133,04/14/2021, 03:20:01,447
ELEVENMPV,ElevenMPV,10134,04/14/2021, 04:17:35,447
ELEVENMPV,ElevenMPV,10135,04/14/2021, 05:17:30,447
ELEVENMPV,ElevenMPV,10135,04/14/2021, 06:17:38,447
ELEVENMPV,ElevenMPV,10135,04/14/2021, 07:16:54,447
ELEVENMPV,ElevenMPV,10135,04/14/2021, 08:17:02,447
ELEVENMPV,ElevenMPV,10135,04/14/2021, 09:14:36,447
ELEVENMPV,ElevenMPV,10135,04/14/2021, 10:15:10,447
ELEVENMPV,ElevenMPV,10135,04/14/2021, 11:12:38,447
ELEVENMPV,ElevenMPV,10135,04/14/2021, 12:20:23,447
ELEVENMPV,ElevenMPV,10135,04/14/2021, 13:22:02,447
ELEVENMPV,ElevenMPV,10135,04/14/2021, 14:14:47,447
ELEVENMPV,ElevenMPV,10135,04/14/2021, 15:14:56,447
ELEVENMPV,ElevenMPV,10135,04/14/2021, 16:24:12,447
ELEVENMPV,ElevenMPV,10135,04/14/2021, 17:34:49,447
ELEVENMPV,ElevenMPV,10136,04/14/2021, 18:23:53,447
ELEVENMPV,ElevenMPV,10136,04/14/2021, 19:16:20,447
ELEVENMPV,ElevenMPV,10136,04/14/2021, 20:15:12,447
ELEVENMPV,ElevenMPV,10136,04/14/2021, 21:13:37,447
ELEVENMPV,ElevenMPV,10137,04/14/2021, 22:16:36,447
ELEVENMPV,ElevenMPV,10137,04/14/2021, 23:14:37,447
ELEVENMPV,ElevenMPV,10140,04/15/2021, 00:44:49,447
ELEVENMPV,ElevenMPV,10141,04/15/2021, 02:02:03,447
ELEVENMPV,ElevenMPV,10143,04/15/2021, 03:19:11,447
ELEVENMPV,ElevenMPV,10143,04/15/2021, 04:17:57,447
ELEVENMPV,ElevenMPV,10143,04/15/2021, 05:18:22,447
ELEVENMPV,ElevenMPV,10143,04/15/2021, 06:17:51,447
ELEVENMPV,ElevenMPV,10143,04/15/2021, 07:17:41,447
ELEVENMPV,ElevenMPV,10143,04/15/2021, 08:17:37,447
ELEVENMPV,ElevenMPV,10143,04/15/2021, 09:14:43,447
ELEVENMPV,ElevenMPV,10145,04/15/2021, 10:15:14,447
ELEVENMPV,ElevenMPV,10145,04/15/2021, 11:12:42,447
ELEVENMPV,ElevenMPV,10145,04/15/2021, 12:20:46,447
ELEVENMPV,ElevenMPV,10146,04/15/2021, 13:22:53,447
ELEVENMPV,ElevenMPV,10146,04/15/2021, 14:14:48,447
ELEVENMPV,ElevenMPV,10146,04/15/2021, 15:15:15,447
ELEVENMPV,ElevenMPV,10146,04/15/2021, 16:26:38,447
ELEVENMPV,ElevenMPV,10146,04/15/2021, 17:38:11,447
ELEVENMPV,ElevenMPV,10146,04/15/2021, 18:26:52,447
ELEVENMPV,ElevenMPV,10146,04/15/2021, 19:19:47,447
ELEVENMPV,ElevenMPV,10148,04/15/2021, 20:15:15,447
ELEVENMPV,ElevenMPV,10148,04/15/2021, 21:13:31,447
ELEVENMPV,ElevenMPV,10148,04/15/2021, 22:17:07,447
ELEVENMPV,ElevenMPV,10149,04/15/2021, 23:14:40,447
ELEVENMPV,ElevenMPV,10153,04/16/2021, 00:43:21,447
ELEVENMPV,ElevenMPV,10153,04/16/2021, 02:04:13,447
ELEVENMPV,ElevenMPV,10154,04/16/2021, 03:22:27,447
ELEVENMPV,ElevenMPV,10154,04/16/2021, 04:20:08,447
ELEVENMPV,ElevenMPV,10154,04/16/2021, 05:20:04,447
ELEVENMPV,ElevenMPV,10154,04/16/2021, 06:17:08,447
ELEVENMPV,ElevenMPV,10156,04/16/2021, 07:16:27,447
ELEVENMPV,ElevenMPV,10156,04/16/2021, 08:18:26,447
ELEVENMPV,ElevenMPV,10156,04/16/2021, 09:15:34,447
ELEVENMPV,ElevenMPV,10156,04/16/2021, 10:15:07,447
ELEVENMPV,ElevenMPV,10156,04/16/2021, 11:12:49,447
ELEVENMPV,ElevenMPV,10156,04/16/2021, 12:20:53,447
ELEVENMPV,ElevenMPV,10157,04/16/2021, 13:23:24,447
ELEVENMPV,ElevenMPV,10157,04/16/2021, 14:15:01,447
ELEVENMPV,ElevenMPV,10157,04/16/2021, 15:15:23,447
ELEVENMPV,ElevenMPV,10159,04/16/2021, 16:25:24,447
ELEVENMPV,ElevenMPV,10160,04/16/2021, 17:37:29,447
ELEVENMPV,ElevenMPV,10160,04/16/2021, 18:26:30,447
ELEVENMPV,ElevenMPV,10160,04/16/2021, 19:19:05,447
ELEVENMPV,ElevenMPV,10160,04/16/2021, 20:15:18,447
ELEVENMPV,ElevenMPV,10161,04/16/2021, 21:13:34,447
ELEVENMPV,ElevenMPV,10161,04/16/2021, 22:17:19,447
ELEVENMPV,ElevenMPV,10161,04/16/2021, 23:14:31,447
ELEVENMPV,ElevenMPV,10162,04/17/2021, 00:43:34,447
ELEVENMPV,ElevenMPV,10162,04/17/2021, 02:00:30,447
ELEVENMPV,ElevenMPV,10162,04/17/2021, 02:43:54,447
ELEVENMPV,ElevenMPV,10162,04/17/2021, 03:19:45,447
ELEVENMPV,ElevenMPV,10163,04/17/2021, 04:17:58,447
ELEVENMPV,ElevenMPV,10163,04/17/2021, 05:17:54,447
ELEVENMPV,ElevenMPV,10163,04/17/2021, 06:17:18,447
ELEVENMPV,ElevenMPV,10163,04/17/2021, 07:17:02,447
ELEVENMPV,ElevenMPV,10164,04/17/2021, 08:16:28,447
ELEVENMPV,ElevenMPV,10164,04/17/2021, 09:14:18,447
ELEVENMPV,ElevenMPV,10164,04/17/2021, 10:15:05,447
ELEVENMPV,ElevenMPV,10164,04/17/2021, 11:12:21,447
ELEVENMPV,ElevenMPV,10164,04/17/2021, 12:20:16,447
ELEVENMPV,ElevenMPV,10164,04/17/2021, 13:21:37,447
ELEVENMPV,ElevenMPV,10164,04/17/2021, 14:13:36,447
ELEVENMPV,ElevenMPV,10164,04/17/2021, 15:14:36,447
ELEVENMPV,ElevenMPV,10166,04/17/2021, 16:24:50,447
ELEVENMPV,ElevenMPV,10166,04/17/2021, 17:34:24,447
ELEVENMPV,ElevenMPV,10166,04/17/2021, 18:22:57,447
ELEVENMPV,ElevenMPV,10166,04/17/2021, 19:15:53,447
ELEVENMPV,ElevenMPV,10167,04/17/2021, 20:14:46,447
ELEVENMPV,ElevenMPV,10167,04/17/2021, 21:13:18,447
ELEVENMPV,ElevenMPV,10168,04/17/2021, 22:16:40,447
ELEVENMPV,ElevenMPV,10168,04/17/2021, 23:14:03,447
ELEVENMPV,ElevenMPV,10168,04/18/2021, 00:45:33,447
ELEVENMPV,ElevenMPV,10168,04/18/2021, 02:05:52,447
ELEVENMPV,ElevenMPV,10168,04/18/2021, 03:21:15,447
ELEVENMPV,ElevenMPV,10169,04/18/2021, 04:18:59,447
ELEVENMPV,ElevenMPV,10169,04/18/2021, 05:18:11,447
ELEVENMPV,ElevenMPV,10169,04/18/2021, 06:17:16,447
ELEVENMPV,ElevenMPV,10169,04/18/2021, 07:17:05,447
ELEVENMPV,ElevenMPV,10169,04/18/2021, 08:16:42,447
ELEVENMPV,ElevenMPV,10169,04/18/2021, 09:14:38,447
ELEVENMPV,ElevenMPV,10170,04/18/2021, 10:15:13,447
ELEVENMPV,ElevenMPV,10170,04/18/2021, 11:12:39,447
ELEVENMPV,ElevenMPV,10171,04/18/2021, 12:20:05,447
ELEVENMPV,ElevenMPV,10171,04/18/2021, 13:21:52,447
ELEVENMPV,ElevenMPV,10171,04/18/2021, 14:13:57,447
ELEVENMPV,ElevenMPV,10171,04/18/2021, 15:14:28,447
ELEVENMPV,ElevenMPV,10172,04/18/2021, 16:24:13,447
ELEVENMPV,ElevenMPV,10172,04/18/2021, 17:34:22,447
ELEVENMPV,ElevenMPV,10172,04/18/2021, 18:23:10,447
ELEVENMPV,ElevenMPV,10173,04/18/2021, 19:15:29,447
ELEVENMPV,ElevenMPV,10174,04/18/2021, 20:14:35,447
ELEVENMPV,ElevenMPV,10175,04/18/2021, 21:13:24,447
ELEVENMPV,ElevenMPV,10175,04/18/2021, 22:16:45,447
ELEVENMPV,ElevenMPV,10175,04/18/2021, 23:13:59,447
ELEVENMPV,ElevenMPV,10175,04/19/2021, 00:44:59,447
ELEVENMPV,ElevenMPV,10176,04/19/2021, 02:04:15,447
ELEVENMPV,ElevenMPV,10176,04/19/2021, 03:22:08,447
ELEVENMPV,ElevenMPV,10176,04/19/2021, 04:19:44,447
ELEVENMPV,ElevenMPV,10176,04/19/2021, 05:19:40,447
ELEVENMPV,ElevenMPV,10176,04/19/2021, 06:18:18,447
ELEVENMPV,ElevenMPV,10176,04/19/2021, 07:17:57,447
ELEVENMPV,ElevenMPV,10176,04/19/2021, 08:17:30,447
ELEVENMPV,ElevenMPV,10176,04/19/2021, 09:15:13,447
ELEVENMPV,ElevenMPV,10176,04/19/2021, 10:15:27,447
ELEVENMPV,ElevenMPV,10176,04/19/2021, 11:12:36,447
ELEVENMPV,ElevenMPV,10176,04/19/2021, 12:21:08,447
ELEVENMPV,ElevenMPV,10176,04/19/2021, 13:23:14,447
ELEVENMPV,ElevenMPV,10176,04/19/2021, 14:14:57,447
ELEVENMPV,ElevenMPV,10176,04/19/2021, 15:15:37,447
ELEVENMPV,ElevenMPV,10176,04/19/2021, 16:25:57,447
ELEVENMPV,ElevenMPV,10177,04/19/2021, 17:35:34,447
ELEVENMPV,ElevenMPV,10178,04/19/2021, 18:24:35,447
ELEVENMPV,ElevenMPV,10178,04/19/2021, 19:17:42,447
ELEVENMPV,ElevenMPV,10178,04/19/2021, 20:15:29,447
ELEVENMPV,ElevenMPV,10178,04/19/2021, 21:13:41,447
ELEVENMPV,ElevenMPV,10179,04/19/2021, 22:17:31,447
ELEVENMPV,ElevenMPV,10179,04/19/2021, 23:15:10,447
ELEVENMPV,ElevenMPV,10181,04/20/2021, 00:45:24,447
ELEVENMPV,ElevenMPV,10183,04/20/2021, 02:03:29,447
ELEVENMPV,ElevenMPV,10184,04/20/2021, 03:20:47,447
ELEVENMPV,ElevenMPV,10184,04/20/2021, 04:19:08,447
ELEVENMPV,ElevenMPV,10184,04/20/2021, 05:15:59,447
ELEVENMPV,ElevenMPV,10184,04/20/2021, 06:19:17,447
ELEVENMPV,ElevenMPV,10184,04/20/2021, 07:15:59,447
ELEVENMPV,ElevenMPV,10184,04/20/2021, 08:17:37,447
ELEVENMPV,ElevenMPV,10184,04/20/2021, 09:15:05,447
ELEVENMPV,ElevenMPV,10184,04/20/2021, 10:15:23,447
ELEVENMPV,ElevenMPV,10184,04/20/2021, 11:13:23,447
ELEVENMPV,ElevenMPV,10184,04/20/2021, 12:21:15,447
ELEVENMPV,ElevenMPV,10184,04/20/2021, 13:23:42,447
ELEVENMPV,ElevenMPV,10184,04/20/2021, 14:14:57,447
ELEVENMPV,ElevenMPV,10184,04/20/2021, 15:15:17,447
ELEVENMPV,ElevenMPV,10185,04/20/2021, 16:25:39,447
ELEVENMPV,ElevenMPV,10186,04/20/2021, 17:37:37,447
ELEVENMPV,ElevenMPV,10187,04/20/2021, 18:25:50,447
ELEVENMPV,ElevenMPV,10188,04/20/2021, 19:18:50,447
ELEVENMPV,ElevenMPV,10191,04/20/2021, 20:15:39,447
ELEVENMPV,ElevenMPV,10191,04/20/2021, 21:13:52,447
ELEVENMPV,ElevenMPV,10191,04/20/2021, 22:17:48,447
ELEVENMPV,ElevenMPV,10191,04/20/2021, 23:15:51,447
ELEVENMPV,ElevenMPV,10191,04/21/2021, 00:45:01,447
ELEVENMPV,ElevenMPV,10191,04/21/2021, 02:03:44,447
ELEVENMPV,ElevenMPV,10192,04/21/2021, 03:21:18,447
ELEVENMPV,ElevenMPV,10192,04/21/2021, 04:19:28,447
ELEVENMPV,ElevenMPV,10192,04/21/2021, 05:19:37,447
ELEVENMPV,ElevenMPV,10192,04/21/2021, 06:18:19,447
ELEVENMPV,ElevenMPV,10192,04/21/2021, 07:18:13,447
ELEVENMPV,ElevenMPV,10192,04/21/2021, 08:17:34,447
ELEVENMPV,ElevenMPV,10192,04/21/2021, 09:15:16,447
ELEVENMPV,ElevenMPV,10193,04/21/2021, 10:15:34,447
ELEVENMPV,ElevenMPV,10193,04/21/2021, 11:12:59,447
ELEVENMPV,ElevenMPV,10193,04/21/2021, 12:21:25,447
ELEVENMPV,ElevenMPV,10193,04/21/2021, 13:23:35,447
ELEVENMPV,ElevenMPV,10193,04/21/2021, 14:15:16,447
ELEVENMPV,ElevenMPV,10194,04/21/2021, 15:15:38,447
ELEVENMPV,ElevenMPV,10196,04/21/2021, 16:27:06,447
ELEVENMPV,ElevenMPV,10196,04/21/2021, 17:37:39,447
ELEVENMPV,ElevenMPV,10196,04/21/2021, 18:26:36,447
ELEVENMPV,ElevenMPV,10197,04/21/2021, 19:18:53,447
ELEVENMPV,ElevenMPV,10198,04/21/2021, 20:15:32,447
ELEVENMPV,ElevenMPV,10198,04/21/2021, 21:13:39,447
ELEVENMPV,ElevenMPV,10199,04/21/2021, 22:17:53,447
ELEVENMPV,ElevenMPV,10199,04/21/2021, 23:16:23,447
ELEVENMPV,ElevenMPV,10199,04/22/2021, 00:45:51,447
ELEVENMPV,ElevenMPV,10202,04/22/2021, 02:04:06,447
ELEVENMPV,ElevenMPV,10202,04/22/2021, 03:21:24,447
ELEVENMPV,ElevenMPV,10202,04/22/2021, 04:19:34,447
ELEVENMPV,ElevenMPV,10203,04/22/2021, 05:19:54,447
ELEVENMPV,ElevenMPV,10203,04/22/2021, 06:18:54,447
ELEVENMPV,ElevenMPV,10203,04/22/2021, 07:19:12,447
ELEVENMPV,ElevenMPV,10203,04/22/2021, 08:18:18,447
ELEVENMPV,ElevenMPV,10203,04/22/2021, 09:15:43,447
ELEVENMPV,ElevenMPV,10203,04/22/2021, 10:15:47,447
ELEVENMPV,ElevenMPV,10203,04/22/2021, 11:12:58,447
ELEVENMPV,ElevenMPV,10204,04/22/2021, 12:21:58,447
ELEVENMPV,ElevenMPV,10204,04/22/2021, 13:24:28,447
ELEVENMPV,ElevenMPV,10204,04/22/2021, 14:15:13,447
ELEVENMPV,ElevenMPV,10205,04/22/2021, 15:15:37,447
ELEVENMPV,ElevenMPV,10205,04/22/2021, 16:26:01,447
ELEVENMPV,ElevenMPV,10205,04/22/2021, 17:41:25,447
ELEVENMPV,ElevenMPV,10205,04/22/2021, 18:28:36,447
ELEVENMPV,ElevenMPV,10206,04/22/2021, 19:19:57,447
ELEVENMPV,ElevenMPV,10207,04/22/2021, 20:16:00,447
ELEVENMPV,ElevenMPV,10207,04/22/2021, 21:13:51,447
ELEVENMPV,ElevenMPV,10207,04/22/2021, 22:18:04,447
ELEVENMPV,ElevenMPV,10207,04/22/2021, 23:15:33,447
ELEVENMPV,ElevenMPV,10208,04/23/2021, 00:45:09,447
ELEVENMPV,ElevenMPV,10209,04/23/2021, 02:08:59,447
ELEVENMPV,ElevenMPV,10211,04/23/2021, 03:20:29,447
ELEVENMPV,ElevenMPV,10211,04/23/2021, 04:19:54,447
ELEVENMPV,ElevenMPV,10212,04/23/2021, 05:20:30,447
ELEVENMPV,ElevenMPV,10212,04/23/2021, 06:18:43,447
ELEVENMPV,ElevenMPV,10212,04/23/2021, 07:19:29,447
ELEVENMPV,ElevenMPV,10212,04/23/2021, 08:18:45,447
ELEVENMPV,ElevenMPV,10212,04/23/2021, 09:16:39,447
ELEVENMPV,ElevenMPV,10215,04/23/2021, 10:16:24,447
ELEVENMPV,ElevenMPV,10215,04/23/2021, 11:13:02,447
ELEVENMPV,ElevenMPV,10215,04/23/2021, 12:21:34,447
ELEVENMPV,ElevenMPV,10215,04/23/2021, 13:23:25,447
ELEVENMPV,ElevenMPV,10215,04/23/2021, 14:15:36,447
ELEVENMPV,ElevenMPV,10215,04/23/2021, 15:15:59,447
ELEVENMPV,ElevenMPV,10216,04/23/2021, 16:27:11,447
ELEVENMPV,ElevenMPV,10216,04/23/2021, 17:43:14,447
ELEVENMPV,ElevenMPV,10217,04/23/2021, 18:28:09,447
ELEVENMPV,ElevenMPV,10217,04/23/2021, 19:20:18,447
ELEVENMPV,ElevenMPV,10218,04/23/2021, 20:16:06,447
ELEVENMPV,ElevenMPV,10221,04/23/2021, 21:13:40,447
ELEVENMPV,ElevenMPV,10223,04/23/2021, 22:18:12,447
ELEVENMPV,ElevenMPV,10224,04/23/2021, 23:16:27,447
ELEVENMPV,ElevenMPV,10225,04/24/2021, 00:46:39,447
ELEVENMPV,ElevenMPV,10225,04/24/2021, 02:06:18,447
ELEVENMPV,ElevenMPV,10225,04/24/2021, 03:20:48,447
ELEVENMPV,ElevenMPV,10225,04/24/2021, 04:19:27,447
ELEVENMPV,ElevenMPV,10225,04/24/2021, 05:20:00,447
ELEVENMPV,ElevenMPV,10225,04/24/2021, 06:18:26,447
ELEVENMPV,ElevenMPV,10226,04/24/2021, 07:19:08,447
ELEVENMPV,ElevenMPV,10227,04/24/2021, 08:16:42,447
ELEVENMPV,ElevenMPV,10228,04/24/2021, 09:14:54,447
ELEVENMPV,ElevenMPV,10228,04/24/2021, 10:15:30,447
ELEVENMPV,ElevenMPV,10228,04/24/2021, 11:12:58,447
ELEVENMPV,ElevenMPV,10228,04/24/2021, 12:20:52,447
ELEVENMPV,ElevenMPV,10228,04/24/2021, 13:23:19,447
ELEVENMPV,ElevenMPV,10228,04/24/2021, 14:14:37,447
ELEVENMPV,ElevenMPV,10228,04/24/2021, 15:15:05,447
ELEVENMPV,ElevenMPV,10228,04/24/2021, 16:26:28,447
ELEVENMPV,ElevenMPV,10228,04/24/2021, 17:41:13,447
ELEVENMPV,ElevenMPV,10228,04/24/2021, 18:26:29,447
ELEVENMPV,ElevenMPV,10228,04/24/2021, 19:17:43,447
ELEVENMPV,ElevenMPV,10229,04/24/2021, 20:15:49,447
ELEVENMPV,ElevenMPV,10229,04/24/2021, 21:13:17,447
ELEVENMPV,ElevenMPV,10229,04/24/2021, 22:18:06,447
ELEVENMPV,ElevenMPV,10229,04/24/2021, 23:15:14,447
ELEVENMPV,ElevenMPV,10232,04/25/2021, 00:48:26,447
ELEVENMPV,ElevenMPV,10233,04/25/2021, 02:11:40,447
ELEVENMPV,ElevenMPV,10233,04/25/2021, 03:23:42,447
ELEVENMPV,ElevenMPV,10233,04/25/2021, 04:20:52,447
ELEVENMPV,ElevenMPV,10233,04/25/2021, 05:20:51,447
ELEVENMPV,ElevenMPV,10233,04/25/2021, 06:18:35,447
ELEVENMPV,ElevenMPV,10233,04/25/2021, 07:18:37,447
ELEVENMPV,ElevenMPV,10234,04/25/2021, 08:17:06,447
ELEVENMPV,ElevenMPV,10234,04/25/2021, 09:15:05,447
ELEVENMPV,ElevenMPV,10234,04/25/2021, 10:15:38,447
ELEVENMPV,ElevenMPV,10235,04/25/2021, 11:12:53,447
ELEVENMPV,ElevenMPV,10235,04/25/2021, 12:21:12,447
ELEVENMPV,ElevenMPV,10235,04/25/2021, 13:22:41,447
ELEVENMPV,ElevenMPV,10235,04/25/2021, 14:14:46,447
ELEVENMPV,ElevenMPV,10235,04/25/2021, 15:15:19,447
ELEVENMPV,ElevenMPV,10235,04/25/2021, 16:26:23,447
ELEVENMPV,ElevenMPV,10236,04/25/2021, 17:42:00,447
ELEVENMPV,ElevenMPV,10237,04/25/2021, 18:27:42,447
ELEVENMPV,ElevenMPV,10238,04/25/2021, 19:18:29,447
ELEVENMPV,ElevenMPV,10238,04/25/2021, 20:15:36,447
ELEVENMPV,ElevenMPV,10239,04/25/2021, 21:13:36,447
ELEVENMPV,ElevenMPV,10242,04/25/2021, 22:17:58,447
ELEVENMPV,ElevenMPV,10242,04/25/2021, 23:15:42,447
ELEVENMPV,ElevenMPV,10242,04/26/2021, 00:47:56,447
ELEVENMPV,ElevenMPV,10242,04/26/2021, 02:11:15,447
ELEVENMPV,ElevenMPV,10242,04/26/2021, 03:23:49,447
ELEVENMPV,ElevenMPV,10243,04/26/2021, 04:21:09,447
ELEVENMPV,ElevenMPV,10243,04/26/2021, 05:21:37,447
ELEVENMPV,ElevenMPV,10243,04/26/2021, 06:19:13,447
ELEVENMPV,ElevenMPV,10243,04/26/2021, 07:20:37,447
ELEVENMPV,ElevenMPV,10243,04/26/2021, 08:18:21,447
ELEVENMPV,ElevenMPV,10244,04/26/2021, 09:16:26,447
ELEVENMPV,ElevenMPV,10244,04/26/2021, 10:16:24,447
ELEVENMPV,ElevenMPV,10244,04/26/2021, 11:13:06,447
ELEVENMPV,ElevenMPV,10244,04/26/2021, 12:22:01,447
ELEVENMPV,ElevenMPV,10244,04/26/2021, 13:25:17,447
ELEVENMPV,ElevenMPV,10245,04/26/2021, 14:15:50,447
ELEVENMPV,ElevenMPV,10246,04/26/2021, 15:16:01,447
ELEVENMPV,ElevenMPV,10247,04/26/2021, 16:26:54,447
ELEVENMPV,ElevenMPV,10247,04/26/2021, 17:42:18,447
ELEVENMPV,ElevenMPV,10247,04/26/2021, 18:27:47,447
ELEVENMPV,ElevenMPV,10248,04/26/2021, 19:18:53,447
ELEVENMPV,ElevenMPV,10248,04/26/2021, 20:15:42,447
ELEVENMPV,ElevenMPV,10248,04/26/2021, 21:13:59,447
ELEVENMPV,ElevenMPV,10248,04/26/2021, 22:18:13,447
ELEVENMPV,ElevenMPV,10249,04/26/2021, 23:15:24,447
ELEVENMPV,ElevenMPV,10250,04/27/2021, 00:44:50,447
ELEVENMPV,ElevenMPV,10251,04/27/2021, 02:04:39,447
ELEVENMPV,ElevenMPV,10251,04/27/2021, 03:20:05,447
ELEVENMPV,ElevenMPV,10252,04/27/2021, 04:18:35,447
ELEVENMPV,ElevenMPV,10252,04/27/2021, 05:19:16,447
ELEVENMPV,ElevenMPV,10252,04/27/2021, 06:18:23,447
ELEVENMPV,ElevenMPV,10252,04/27/2021, 07:18:31,447
ELEVENMPV,ElevenMPV,10253,04/27/2021, 08:17:50,447
ELEVENMPV,ElevenMPV,10253,04/27/2021, 09:15:17,447
ELEVENMPV,ElevenMPV,10253,04/27/2021, 10:15:43,447
ELEVENMPV,ElevenMPV,10253,04/27/2021, 11:13:20,447
ELEVENMPV,ElevenMPV,10253,04/27/2021, 12:21:47,447
ELEVENMPV,ElevenMPV,10253,04/27/2021, 13:23:49,447
ELEVENMPV,ElevenMPV,10253,04/27/2021, 14:15:26,447
ELEVENMPV,ElevenMPV,10253,04/27/2021, 15:16:00,447
ELEVENMPV,ElevenMPV,10254,04/27/2021, 16:27:00,447
ELEVENMPV,ElevenMPV,10254,04/27/2021, 17:42:51,447
ELEVENMPV,ElevenMPV,10254,04/27/2021, 18:28:06,447
ELEVENMPV,ElevenMPV,10254,04/27/2021, 19:19:02,447
ELEVENMPV,ElevenMPV,10254,04/27/2021, 20:16:01,447
ELEVENMPV,ElevenMPV,10255,04/27/2021, 21:14:03,447
ELEVENMPV,ElevenMPV,10256,04/27/2021, 22:18:22,447
ELEVENMPV,ElevenMPV,10257,04/27/2021, 23:15:58,447
ELEVENMPV,ElevenMPV,10257,04/28/2021, 00:45:36,447
ELEVENMPV,ElevenMPV,10257,04/28/2021, 02:03:48,447
ELEVENMPV,ElevenMPV,10257,04/28/2021, 03:21:40,447
ELEVENMPV,ElevenMPV,10257,04/28/2021, 04:19:47,447
ELEVENMPV,ElevenMPV,10257,04/28/2021, 05:20:05,447
ELEVENMPV,ElevenMPV,10258,04/28/2021, 06:18:55,447
ELEVENMPV,ElevenMPV,10258,04/28/2021, 07:19:12,447
ELEVENMPV,ElevenMPV,10258,04/28/2021, 08:17:14,447
ELEVENMPV,ElevenMPV,10258,04/28/2021, 09:15:39,447
ELEVENMPV,ElevenMPV,10258,04/28/2021, 10:15:58,447
ELEVENMPV,ElevenMPV,10258,04/28/2021, 11:13:17,447
ELEVENMPV,ElevenMPV,10258,04/28/2021, 12:22:12,447
ELEVENMPV,ElevenMPV,10258,04/28/2021, 13:24:08,447
ELEVENMPV,ElevenMPV,10258,04/28/2021, 14:15:18,447
ELEVENMPV,ElevenMPV,10260,04/28/2021, 15:16:30,447
ELEVENMPV,ElevenMPV,10261,04/28/2021, 16:28:55,447
ELEVENMPV,ElevenMPV,10262,04/28/2021, 17:44:34,447
ELEVENMPV,ElevenMPV,10262,04/28/2021, 18:28:14,447
ELEVENMPV,ElevenMPV,10262,04/28/2021, 19:19:08,447
ELEVENMPV,ElevenMPV,10262,04/28/2021, 20:16:15,447
ELEVENMPV,ElevenMPV,10262,04/28/2021, 21:14:09,447
ELEVENMPV,ElevenMPV,10262,04/28/2021, 22:15:10,447
ELEVENMPV,ElevenMPV,10262,04/28/2021, 23:15:30,447
ELEVENMPV,ElevenMPV,10263,04/29/2021, 00:44:18,447
ELEVENMPV,ElevenMPV,10263,04/29/2021, 02:02:53,447
ELEVENMPV,ElevenMPV,10263,04/29/2021, 03:17:29,447
ELEVENMPV,ElevenMPV,10263,04/29/2021, 04:15:40,447
ELEVENMPV,ElevenMPV,10263,04/29/2021, 05:16:50,447
ELEVENMPV,ElevenMPV,10263,04/29/2021, 06:16:01,447
ELEVENMPV,ElevenMPV,10264,04/29/2021, 07:14:47,447
ELEVENMPV,ElevenMPV,10264,04/29/2021, 08:15:28,447
ELEVENMPV,ElevenMPV,10264,04/29/2021, 09:13:25,447
ELEVENMPV,ElevenMPV,10264,04/29/2021, 10:13:47,447
ELEVENMPV,ElevenMPV,10264,04/29/2021, 11:11:21,447
ELEVENMPV,ElevenMPV,10264,04/29/2021, 12:18:49,447
ELEVENMPV,ElevenMPV,10264,04/29/2021, 13:22:56,447
ELEVENMPV,ElevenMPV,10264,04/29/2021, 14:13:25,447
ELEVENMPV,ElevenMPV,10264,04/29/2021, 15:14:13,447
ELEVENMPV,ElevenMPV,10264,04/29/2021, 16:23:31,447
ELEVENMPV,ElevenMPV,10265,04/29/2021, 17:37:49,447
ELEVENMPV,ElevenMPV,10265,04/29/2021, 18:23:17,447
ELEVENMPV,ElevenMPV,10265,04/29/2021, 19:15:49,447
ELEVENMPV,ElevenMPV,10265,04/29/2021, 20:13:47,447
ELEVENMPV,ElevenMPV,10265,04/29/2021, 21:11:49,447
ELEVENMPV,ElevenMPV,10265,04/29/2021, 22:15:43,447
ELEVENMPV,ElevenMPV,10266,04/29/2021, 23:12:42,447
ELEVENMPV,ElevenMPV,10266,04/30/2021, 00:37:55,447
ELEVENMPV,ElevenMPV,10266,04/30/2021, 02:04:00,447
ELEVENMPV,ElevenMPV,10266,04/30/2021, 03:18:15,447
ELEVENMPV,ElevenMPV,10266,04/30/2021, 04:16:07,447
ELEVENMPV,ElevenMPV,10266,04/30/2021, 05:16:58,447
ELEVENMPV,ElevenMPV,10266,04/30/2021, 06:15:41,447
ELEVENMPV,ElevenMPV,10266,04/30/2021, 07:15:50,447
ELEVENMPV,ElevenMPV,10266,04/30/2021, 08:16:20,447
ELEVENMPV,ElevenMPV,10267,04/30/2021, 09:13:11,447
ELEVENMPV,ElevenMPV,10267,04/30/2021, 10:13:37,447
ELEVENMPV,ElevenMPV,10267,04/30/2021, 11:11:17,447
ELEVENMPV,ElevenMPV,10267,04/30/2021, 12:18:15,447
ELEVENMPV,ElevenMPV,10267,04/30/2021, 13:22:00,447
ELEVENMPV,ElevenMPV,10267,04/30/2021, 14:13:09,447
ELEVENMPV,ElevenMPV,10267,04/30/2021, 15:14:00,447
ELEVENMPV,ElevenMPV,10269,04/30/2021, 16:22:29,447
ELEVENMPV,ElevenMPV,10269,04/30/2021, 17:37:05,447
ELEVENMPV,ElevenMPV,10269,04/30/2021, 18:21:49,447
ELEVENMPV,ElevenMPV,10272,04/30/2021, 19:15:18,447
ELEVENMPV,ElevenMPV,10274,04/30/2021, 20:13:49,447
ELEVENMPV,ElevenMPV,10274,04/30/2021, 21:12:05,447
ELEVENMPV,ElevenMPV,10274,04/30/2021, 22:15:30,447
ELEVENMPV,ElevenMPV,10274,04/30/2021, 23:12:49,447
ELEVENMPV,ElevenMPV,10274,05/01/2021, 00:39:59,447
ELEVENMPV,ElevenMPV,10274,05/01/2021, 02:08:13,447
ELEVENMPV,ElevenMPV,10274,05/01/2021, 03:18:57,447
ELEVENMPV,ElevenMPV,10274,05/01/2021, 04:16:18,447
ELEVENMPV,ElevenMPV,10274,05/01/2021, 05:16:53,447
ELEVENMPV,ElevenMPV,10274,05/01/2021, 07:15:26,447
ELEVENMPV,ElevenMPV,10274,05/01/2021, 08:15:01,447
ELEVENMPV,ElevenMPV,10275,05/01/2021, 09:12:53,447
ELEVENMPV,ElevenMPV,10275,05/01/2021, 10:13:23,447
ELEVENMPV,ElevenMPV,10275,05/01/2021, 11:11:05,447
ELEVENMPV,ElevenMPV,10275,05/01/2021, 12:17:44,447
ELEVENMPV,ElevenMPV,10275,05/01/2021, 13:21:49,447
ELEVENMPV,ElevenMPV,10275,05/01/2021, 14:12:32,447
ELEVENMPV,ElevenMPV,10275,05/01/2021, 15:13:13,447
ELEVENMPV,ElevenMPV,10275,05/01/2021, 16:21:32,447
ELEVENMPV,ElevenMPV,10275,05/01/2021, 17:38:09,447
ELEVENMPV,ElevenMPV,10275,05/01/2021, 18:21:37,447
ELEVENMPV,ElevenMPV,10275,05/01/2021, 19:14:14,447
ELEVENMPV,ElevenMPV,10275,05/01/2021, 20:13:17,447
ELEVENMPV,ElevenMPV,10275,05/01/2021, 21:11:27,447
ELEVENMPV,ElevenMPV,10277,05/01/2021, 22:15:24,447
ELEVENMPV,ElevenMPV,10277,05/01/2021, 23:14:42,447
ELEVENMPV,ElevenMPV,10278,05/02/2021, 00:43:57,447
ELEVENMPV,ElevenMPV,10278,05/02/2021, 02:12:45,447
ELEVENMPV,ElevenMPV,10278,05/02/2021, 03:22:13,447
ELEVENMPV,ElevenMPV,10280,05/02/2021, 04:18:00,447
ELEVENMPV,ElevenMPV,10280,05/02/2021, 05:18:22,447
ELEVENMPV,ElevenMPV,10280,05/02/2021, 06:15:37,447
ELEVENMPV,ElevenMPV,10280,05/02/2021, 07:15:57,447
ELEVENMPV,ElevenMPV,10281,05/02/2021, 08:14:35,447
ELEVENMPV,ElevenMPV,10281,05/02/2021, 09:13:03,447
ELEVENMPV,ElevenMPV,10281,05/02/2021, 10:13:21,447
ELEVENMPV,ElevenMPV,10282,05/02/2021, 11:11:23,447
ELEVENMPV,ElevenMPV,10283,05/02/2021, 12:17:39,447
ELEVENMPV,ElevenMPV,10283,05/02/2021, 13:21:26,447
ELEVENMPV,ElevenMPV,10283,05/02/2021, 14:12:18,447
ELEVENMPV,ElevenMPV,10284,05/02/2021, 15:13:26,447
ELEVENMPV,ElevenMPV,10284,05/02/2021, 16:22:03,447
ELEVENMPV,ElevenMPV,10285,05/02/2021, 17:36:09,447
ELEVENMPV,ElevenMPV,10285,05/02/2021, 18:19:58,447
ELEVENMPV,ElevenMPV,10286,05/02/2021, 19:13:57,447
ELEVENMPV,ElevenMPV,10288,05/02/2021, 20:13:27,447
ELEVENMPV,ElevenMPV,10288,05/02/2021, 21:11:26,447
ELEVENMPV,ElevenMPV,10288,05/02/2021, 22:14:59,447
ELEVENMPV,ElevenMPV,10289,05/02/2021, 23:12:41,447
ELEVENMPV,ElevenMPV,10290,05/03/2021, 00:39:43,447
ELEVENMPV,ElevenMPV,10291,05/03/2021, 02:08:12,447
ELEVENMPV,ElevenMPV,10291,05/03/2021, 03:20:42,447
ELEVENMPV,ElevenMPV,10291,05/03/2021, 04:16:52,447
ELEVENMPV,ElevenMPV,10292,05/03/2021, 05:17:41,447
ELEVENMPV,ElevenMPV,10292,05/03/2021, 06:16:17,447
ELEVENMPV,ElevenMPV,10292,05/03/2021, 07:17:10,447
ELEVENMPV,ElevenMPV,10292,05/03/2021, 08:15:07,447
ELEVENMPV,ElevenMPV,10292,05/03/2021, 09:13:33,447
ELEVENMPV,ElevenMPV,10292,05/03/2021, 10:13:47,447
ELEVENMPV,ElevenMPV,10292,05/03/2021, 11:10:59,447
ELEVENMPV,ElevenMPV,10293,05/03/2021, 12:19:12,447
ELEVENMPV,ElevenMPV,10293,05/03/2021, 13:23:36,447
ELEVENMPV,ElevenMPV,10293,05/03/2021, 14:13:16,447
ELEVENMPV,ElevenMPV,10293,05/03/2021, 15:14:20,447
ELEVENMPV,ElevenMPV,10295,05/03/2021, 16:23:03,447
ELEVENMPV,ElevenMPV,10295,05/03/2021, 17:39:12,447
ELEVENMPV,ElevenMPV,10295,05/03/2021, 18:20:48,447
ELEVENMPV,ElevenMPV,10295,05/03/2021, 19:14:31,447
ELEVENMPV,ElevenMPV,10295,05/03/2021, 20:12:48,447
ELEVENMPV,ElevenMPV,10296,05/03/2021, 21:10:58,447
ELEVENMPV,ElevenMPV,10296,05/03/2021, 22:13:51,447
ELEVENMPV,ElevenMPV,10296,05/03/2021, 23:11:15,447
ELEVENMPV,ElevenMPV,10296,05/04/2021, 00:34:52,447
ELEVENMPV,ElevenMPV,10296,05/04/2021, 02:03:04,447
ELEVENMPV,ElevenMPV,10298,05/04/2021, 03:17:14,447
ELEVENMPV,ElevenMPV,10298,05/04/2021, 04:13:48,447
ELEVENMPV,ElevenMPV,10299,05/04/2021, 05:14:34,447
ELEVENMPV,ElevenMPV,10299,05/04/2021, 06:13:44,447
ELEVENMPV,ElevenMPV,10300,05/04/2021, 08:13:26,447
ELEVENMPV,ElevenMPV,10300,05/04/2021, 09:11:59,447
ELEVENMPV,ElevenMPV,10300,05/04/2021, 10:11:57,447
ELEVENMPV,ElevenMPV,10300,05/04/2021, 11:09:28,447
ELEVENMPV,ElevenMPV,10300,05/04/2021, 12:15:46,447
ELEVENMPV,ElevenMPV,10300,05/04/2021, 13:19:53,447
ELEVENMPV,ElevenMPV,10301,05/04/2021, 14:11:11,447
ELEVENMPV,ElevenMPV,10302,05/04/2021, 15:11:58,447
ELEVENMPV,ElevenMPV,10303,05/04/2021, 16:17:30,447
ELEVENMPV,ElevenMPV,10303,05/04/2021, 17:31:04,447
ELEVENMPV,ElevenMPV,10303,05/04/2021, 18:15:38,447
ELEVENMPV,ElevenMPV,10303,05/04/2021, 19:11:25,447
ELEVENMPV,ElevenMPV,10305,05/04/2021, 20:11:42,447
ELEVENMPV,ElevenMPV,10305,05/04/2021, 21:09:57,447
ELEVENMPV,ElevenMPV,10305,05/04/2021, 22:13:30,447
ELEVENMPV,ElevenMPV,10305,05/04/2021, 23:11:10,447
ELEVENMPV,ElevenMPV,10305,05/05/2021, 00:30:14,447
ELEVENMPV,ElevenMPV,10305,05/05/2021, 01:58:16,447
ELEVENMPV,ElevenMPV,10305,05/05/2021, 02:42:51,447
ELEVENMPV,ElevenMPV,10305,05/05/2021, 03:16:11,447
ELEVENMPV,ElevenMPV,10305,05/05/2021, 04:13:19,447
ELEVENMPV,ElevenMPV,10305,05/05/2021, 05:13:49,447
ELEVENMPV,ElevenMPV,10305,05/05/2021, 06:13:48,447
ELEVENMPV,ElevenMPV,10305,05/05/2021, 07:14:44,447
ELEVENMPV,ElevenMPV,10306,05/05/2021, 08:12:30,447
ELEVENMPV,ElevenMPV,10306,05/05/2021, 09:11:26,447
ELEVENMPV,ElevenMPV,10306,05/05/2021, 10:11:53,447
ELEVENMPV,ElevenMPV,10307,05/05/2021, 11:09:37,447
ELEVENMPV,ElevenMPV,10307,05/05/2021, 12:16:21,447
ELEVENMPV,ElevenMPV,10307,05/05/2021, 13:22:19,447
ELEVENMPV,ElevenMPV,10308,05/05/2021, 14:11:28,447
ELEVENMPV,ElevenMPV,10308,05/05/2021, 15:11:55,447
ELEVENMPV,ElevenMPV,10308,05/05/2021, 16:18:37,447
ELEVENMPV,ElevenMPV,10308,05/05/2021, 17:34:41,447
ELEVENMPV,ElevenMPV,10308,05/05/2021, 18:18:43,447
ELEVENMPV,ElevenMPV,10308,05/05/2021, 19:14:13,447
ELEVENMPV,ElevenMPV,10308,05/05/2021, 20:11:37,447
ELEVENMPV,ElevenMPV,10309,05/05/2021, 21:10:16,447
ELEVENMPV,ElevenMPV,10310,05/05/2021, 22:13:46,447
ELEVENMPV,ElevenMPV,10310,05/05/2021, 23:11:32,447
ELEVENMPV,ElevenMPV,10310,05/06/2021, 00:29:49,447
ELEVENMPV,ElevenMPV,10311,05/06/2021, 01:58:02,447
ELEVENMPV,ElevenMPV,10311,05/06/2021, 02:43:04,447
ELEVENMPV,ElevenMPV,10312,05/06/2021, 03:16:22,447
ELEVENMPV,ElevenMPV,10312,05/06/2021, 04:13:24,447
ELEVENMPV,ElevenMPV,10313,05/06/2021, 05:14:04,447
ELEVENMPV,ElevenMPV,10313,05/06/2021, 06:13:28,447
ELEVENMPV,ElevenMPV,10313,05/06/2021, 07:13:36,447
ELEVENMPV,ElevenMPV,10313,05/06/2021, 08:12:26,447
ELEVENMPV,ElevenMPV,10313,05/06/2021, 09:11:30,447
ELEVENMPV,ElevenMPV,10313,05/06/2021, 10:11:36,447
ELEVENMPV,ElevenMPV,10314,05/06/2021, 11:10:01,447
ELEVENMPV,ElevenMPV,10314,05/06/2021, 12:15:05,447
ELEVENMPV,ElevenMPV,10314,05/06/2021, 13:21:09,447
ELEVENMPV,ElevenMPV,10314,05/06/2021, 14:11:06,447
ELEVENMPV,ElevenMPV,10314,05/06/2021, 15:11:52,447
ELEVENMPV,ElevenMPV,10314,05/06/2021, 16:20:48,447
ELEVENMPV,ElevenMPV,10314,05/06/2021, 17:36:23,447
ELEVENMPV,ElevenMPV,10314,05/06/2021, 18:19:17,447
ELEVENMPV,ElevenMPV,10315,05/06/2021, 19:13:59,447
ELEVENMPV,ElevenMPV,10315,05/06/2021, 20:12:25,447
ELEVENMPV,ElevenMPV,10315,05/06/2021, 21:08:53,447
ELEVENMPV,ElevenMPV,10315,05/06/2021, 22:13:54,447
ELEVENMPV,ElevenMPV,10315,05/06/2021, 23:11:26,447
ELEVENMPV,ElevenMPV,10315,05/07/2021, 00:31:08,447
ELEVENMPV,ElevenMPV,10315,05/07/2021, 02:02:30,447
ELEVENMPV,ElevenMPV,10315,05/07/2021, 03:18:29,447
ELEVENMPV,ElevenMPV,10315,05/07/2021, 04:17:17,447
ELEVENMPV,ElevenMPV,10315,05/07/2021, 05:15:58,447
ELEVENMPV,ElevenMPV,10315,05/07/2021, 06:13:23,447
ELEVENMPV,ElevenMPV,10315,05/07/2021, 07:14:37,447
ELEVENMPV,ElevenMPV,10315,05/07/2021, 08:13:51,447
ELEVENMPV,ElevenMPV,10316,05/07/2021, 09:11:02,447
ELEVENMPV,ElevenMPV,10316,05/07/2021, 10:11:51,447
ELEVENMPV,ElevenMPV,10316,05/07/2021, 11:09:46,447
ELEVENMPV,ElevenMPV,10316,05/07/2021, 12:15:16,447
ELEVENMPV,ElevenMPV,10316,05/07/2021, 13:20:54,447
ELEVENMPV,ElevenMPV,10316,05/07/2021, 14:11:15,447
ELEVENMPV,ElevenMPV,10316,05/07/2021, 15:13:58,447
ELEVENMPV,ElevenMPV,10316,05/07/2021, 16:21:09,447
ELEVENMPV,ElevenMPV,10317,05/07/2021, 17:36:07,447
ELEVENMPV,ElevenMPV,10317,05/07/2021, 18:19:16,447
ELEVENMPV,ElevenMPV,10317,05/07/2021, 19:12:56,447
ELEVENMPV,ElevenMPV,10317,05/07/2021, 20:11:45,447
ELEVENMPV,ElevenMPV,10317,05/07/2021, 21:10:20,447
ELEVENMPV,ElevenMPV,10318,05/07/2021, 22:14:41,447
ELEVENMPV,ElevenMPV,10318,05/07/2021, 23:11:03,447
ELEVENMPV,ElevenMPV,10320,05/08/2021, 00:30:59,447
ELEVENMPV,ElevenMPV,10320,05/08/2021, 02:00:57,447
ELEVENMPV,ElevenMPV,10320,05/08/2021, 03:17:15,447
ELEVENMPV,ElevenMPV,10320,05/08/2021, 04:14:08,447
ELEVENMPV,ElevenMPV,10320,05/08/2021, 05:14:17,447
ELEVENMPV,ElevenMPV,10321,05/08/2021, 06:13:26,447
ELEVENMPV,ElevenMPV,10322,05/08/2021, 07:15:13,447
ELEVENMPV,ElevenMPV,10323,05/08/2021, 08:12:39,447
ELEVENMPV,ElevenMPV,10323,05/08/2021, 09:11:15,447
ELEVENMPV,ElevenMPV,10323,05/08/2021, 10:12:12,447
ELEVENMPV,ElevenMPV,10323,05/08/2021, 11:09:37,447
ELEVENMPV,ElevenMPV,10324,05/08/2021, 12:15:38,447
ELEVENMPV,ElevenMPV,10324,05/08/2021, 13:19:57,447
ELEVENMPV,ElevenMPV,10324,05/08/2021, 14:10:47,447
ELEVENMPV,ElevenMPV,10324,05/08/2021, 15:11:40,447
ELEVENMPV,ElevenMPV,10324,05/08/2021, 16:20:02,447
ELEVENMPV,ElevenMPV,10325,05/08/2021, 17:33:58,447
ELEVENMPV,ElevenMPV,10325,05/08/2021, 18:17:23,447
ELEVENMPV,ElevenMPV,10325,05/08/2021, 19:10:51,447
ELEVENMPV,ElevenMPV,10325,05/08/2021, 20:11:27,447
ELEVENMPV,ElevenMPV,10325,05/08/2021, 21:10:06,447
ELEVENMPV,ElevenMPV,10326,05/08/2021, 22:13:30,447
ELEVENMPV,ElevenMPV,10328,05/08/2021, 23:11:16,447
ELEVENMPV,ElevenMPV,10328,05/09/2021, 00:33:47,447
ELEVENMPV,ElevenMPV,10328,05/09/2021, 02:03:19,447
ELEVENMPV,ElevenMPV,10328,05/09/2021, 03:17:21,447
ELEVENMPV,ElevenMPV,10328,05/09/2021, 04:13:45,447
ELEVENMPV,ElevenMPV,10328,05/09/2021, 05:14:16,447
ELEVENMPV,ElevenMPV,10328,05/09/2021, 06:12:53,447
ELEVENMPV,ElevenMPV,10330,05/09/2021, 07:13:28,447
ELEVENMPV,ElevenMPV,10331,05/09/2021, 08:12:34,447
ELEVENMPV,ElevenMPV,10331,05/09/2021, 09:11:38,447
ELEVENMPV,ElevenMPV,10331,05/09/2021, 10:11:35,447
ELEVENMPV,ElevenMPV,10331,05/09/2021, 11:09:24,447
ELEVENMPV,ElevenMPV,10331,05/09/2021, 12:15:05,447
ELEVENMPV,ElevenMPV,10332,05/09/2021, 13:20:02,447
ELEVENMPV,ElevenMPV,10332,05/09/2021, 14:10:34,447
ELEVENMPV,ElevenMPV,10332,05/09/2021, 15:11:32,447
ELEVENMPV,ElevenMPV,10332,05/09/2021, 16:20:42,447
ELEVENMPV,ElevenMPV,10334,05/09/2021, 17:35:01,447
ELEVENMPV,ElevenMPV,10334,05/09/2021, 18:17:16,447
ELEVENMPV,ElevenMPV,10335,05/09/2021, 19:11:40,447
ELEVENMPV,ElevenMPV,10335,05/09/2021, 20:11:22,447
ELEVENMPV,ElevenMPV,10337,05/09/2021, 21:10:15,447
ELEVENMPV,ElevenMPV,10337,05/09/2021, 22:13:51,447
ELEVENMPV,ElevenMPV,10337,05/09/2021, 23:11:00,447
ELEVENMPV,ElevenMPV,10337,05/10/2021, 00:32:37,447
ELEVENMPV,ElevenMPV,10337,05/10/2021, 02:06:01,447
ELEVENMPV,ElevenMPV,10337,05/10/2021, 03:21:20,447
ELEVENMPV,ElevenMPV,10338,05/10/2021, 04:16:38,447
ELEVENMPV,ElevenMPV,10339,05/10/2021, 05:16:30,447
ELEVENMPV,ElevenMPV,10339,05/10/2021, 06:13:11,447
ELEVENMPV,ElevenMPV,10339,05/10/2021, 07:14:47,447
ELEVENMPV,ElevenMPV,10339,05/10/2021, 08:13:10,447
ELEVENMPV,ElevenMPV,10339,05/10/2021, 09:12:28,447
ELEVENMPV,ElevenMPV,10339,05/10/2021, 10:11:41,447
ELEVENMPV,ElevenMPV,10339,05/10/2021, 11:09:55,447
ELEVENMPV,ElevenMPV,10339,05/10/2021, 12:15:37,447
ELEVENMPV,ElevenMPV,10339,05/10/2021, 13:21:26,447
ELEVENMPV,ElevenMPV,10341,05/10/2021, 14:11:18,447
ELEVENMPV,ElevenMPV,10342,05/10/2021, 15:11:55,447
ELEVENMPV,ElevenMPV,10342,05/10/2021, 16:20:37,447
ELEVENMPV,ElevenMPV,10343,05/10/2021, 17:38:58,447
ELEVENMPV,ElevenMPV,10343,05/10/2021, 18:22:56,447
ELEVENMPV,ElevenMPV,10343,05/10/2021, 19:15:42,447
ELEVENMPV,ElevenMPV,10343,05/10/2021, 20:12:05,447
ELEVENMPV,ElevenMPV,10343,05/10/2021, 21:10:11,447
ELEVENMPV,ElevenMPV,10343,05/10/2021, 22:13:52,447
ELEVENMPV,ElevenMPV,10344,05/10/2021, 23:11:03,447
ELEVENMPV,ElevenMPV,10346,05/11/2021, 00:32:09,447
ELEVENMPV,ElevenMPV,10346,05/11/2021, 02:04:47,447
ELEVENMPV,ElevenMPV,10346,05/11/2021, 03:20:06,447
ELEVENMPV,ElevenMPV,10346,05/11/2021, 04:15:23,447
ELEVENMPV,ElevenMPV,10346,05/11/2021, 05:15:51,447
ELEVENMPV,ElevenMPV,10347,05/11/2021, 06:13:32,447
ELEVENMPV,ElevenMPV,10347,05/11/2021, 07:14:19,447
ELEVENMPV,ElevenMPV,10347,05/11/2021, 08:13:09,447
ELEVENMPV,ElevenMPV,10349,05/11/2021, 09:11:37,447
ELEVENMPV,ElevenMPV,10350,05/11/2021, 10:12:00,447
ELEVENMPV,ElevenMPV,10351,05/11/2021, 11:09:29,447
ELEVENMPV,ElevenMPV,10351,05/11/2021, 12:15:58,447
ELEVENMPV,ElevenMPV,10351,05/11/2021, 13:22:19,447
ELEVENMPV,ElevenMPV,10351,05/11/2021, 14:11:13,447
ELEVENMPV,ElevenMPV,10351,05/11/2021, 15:12:05,447
ELEVENMPV,ElevenMPV,10351,05/11/2021, 16:22:27,447
ELEVENMPV,ElevenMPV,10352,05/11/2021, 17:39:06,447
ELEVENMPV,ElevenMPV,10352,05/11/2021, 18:23:00,447
ELEVENMPV,ElevenMPV,10353,05/11/2021, 19:16:09,447
ELEVENMPV,ElevenMPV,10355,05/11/2021, 20:12:28,447
ELEVENMPV,ElevenMPV,10355,05/11/2021, 21:10:12,447
ELEVENMPV,ElevenMPV,10355,05/11/2021, 22:13:59,447
ELEVENMPV,ElevenMPV,10355,05/11/2021, 23:11:18,447
ELEVENMPV,ElevenMPV,10355,05/12/2021, 00:33:36,447
ELEVENMPV,ElevenMPV,10355,05/12/2021, 02:05:53,447
ELEVENMPV,ElevenMPV,10355,05/12/2021, 03:23:16,447
ELEVENMPV,ElevenMPV,10355,05/12/2021, 04:19:32,447
ELEVENMPV,ElevenMPV,10355,05/12/2021, 05:20:18,447
ELEVENMPV,ElevenMPV,10355,05/12/2021, 06:19:54,447
ELEVENMPV,ElevenMPV,10356,05/12/2021, 07:17:23,447
ELEVENMPV,ElevenMPV,10356,05/12/2021, 08:14:16,447
ELEVENMPV,ElevenMPV,10356,05/12/2021, 09:12:58,447
ELEVENMPV,ElevenMPV,10357,05/12/2021, 10:13:16,447
ELEVENMPV,ElevenMPV,10357,05/12/2021, 11:11:03,447
ELEVENMPV,ElevenMPV,10357,05/12/2021, 12:18:42,447
ELEVENMPV,ElevenMPV,10358,05/12/2021, 13:25:32,447
ELEVENMPV,ElevenMPV,10359,05/12/2021, 14:13:25,447
ELEVENMPV,ElevenMPV,10360,05/12/2021, 15:14:00,447
ELEVENMPV,ElevenMPV,10360,05/12/2021, 16:26:59,447
ELEVENMPV,ElevenMPV,10360,05/12/2021, 17:41:23,447
ELEVENMPV,ElevenMPV,10360,05/12/2021, 18:27:08,447
ELEVENMPV,ElevenMPV,10360,05/12/2021, 19:19:29,447
ELEVENMPV,ElevenMPV,10360,05/12/2021, 20:13:48,447
ELEVENMPV,ElevenMPV,10360,05/12/2021, 21:11:42,447
ELEVENMPV,ElevenMPV,10361,05/12/2021, 22:15:30,447
ELEVENMPV,ElevenMPV,10361,05/12/2021, 23:13:25,447
ELEVENMPV,ElevenMPV,10361,05/13/2021, 00:41:53,447
ELEVENMPV,ElevenMPV,10361,05/13/2021, 02:14:14,447
ELEVENMPV,ElevenMPV,10362,05/13/2021, 03:25:05,447
ELEVENMPV,ElevenMPV,10362,05/13/2021, 04:21:17,447
ELEVENMPV,ElevenMPV,10363,05/13/2021, 05:21:39,447
ELEVENMPV,ElevenMPV,10363,05/13/2021, 06:15:44,447
ELEVENMPV,ElevenMPV,10363,05/13/2021, 07:18:33,447
ELEVENMPV,ElevenMPV,10363,05/13/2021, 08:15:03,447
ELEVENMPV,ElevenMPV,10363,05/13/2021, 09:13:23,447
ELEVENMPV,ElevenMPV,10365,05/13/2021, 10:14:05,447
ELEVENMPV,ElevenMPV,10365,05/13/2021, 11:12:14,447
ELEVENMPV,ElevenMPV,10365,05/13/2021, 12:18:42,447
ELEVENMPV,ElevenMPV,10366,05/13/2021, 13:24:59,447
ELEVENMPV,ElevenMPV,10366,05/13/2021, 14:12:51,447
ELEVENMPV,ElevenMPV,10366,05/13/2021, 15:14:11,447
ELEVENMPV,ElevenMPV,10366,05/13/2021, 16:25:41,447
ELEVENMPV,ElevenMPV,10366,05/13/2021, 17:41:47,447
ELEVENMPV,ElevenMPV,10367,05/13/2021, 18:27:01,447
ELEVENMPV,ElevenMPV,10367,05/13/2021, 19:20:32,447
ELEVENMPV,ElevenMPV,10367,05/13/2021, 20:14:14,447
ELEVENMPV,ElevenMPV,10368,05/13/2021, 21:12:12,447
ELEVENMPV,ElevenMPV,10368,05/13/2021, 22:15:41,447
ELEVENMPV,ElevenMPV,10368,05/13/2021, 23:16:27,447
ELEVENMPV,ElevenMPV,10368,05/14/2021, 00:43:16,447
ELEVENMPV,ElevenMPV,10369,05/14/2021, 02:15:20,447
ELEVENMPV,ElevenMPV,10369,05/14/2021, 03:27:46,447
ELEVENMPV,ElevenMPV,10369,05/14/2021, 04:22:11,447
ELEVENMPV,ElevenMPV,10369,05/14/2021, 05:20:57,447
ELEVENMPV,ElevenMPV,10369,05/14/2021, 06:15:38,447
ELEVENMPV,ElevenMPV,10369,05/14/2021, 07:20:00,447
ELEVENMPV,ElevenMPV,10369,05/14/2021, 08:16:23,447
ELEVENMPV,ElevenMPV,10369,05/14/2021, 09:14:41,447
ELEVENMPV,ElevenMPV,10369,05/14/2021, 10:14:15,447
ELEVENMPV,ElevenMPV,10369,05/14/2021, 11:10:48,447
ELEVENMPV,ElevenMPV,10369,05/14/2021, 12:18:15,447
ELEVENMPV,ElevenMPV,10369,05/14/2021, 13:24:29,447
ELEVENMPV,ElevenMPV,10371,05/14/2021, 16:26:34,447
ELEVENMPV,ElevenMPV,10371,05/14/2021, 17:42:09,447
ELEVENMPV,ElevenMPV,10371,05/14/2021, 18:28:13,447
ELEVENMPV,ElevenMPV,10373,05/14/2021, 19:20:37,447
ELEVENMPV,ElevenMPV,10373,05/14/2021, 20:14:00,447
ELEVENMPV,ElevenMPV,10374,05/14/2021, 21:12:06,447
ELEVENMPV,ElevenMPV,10374,05/14/2021, 22:15:23,447
ELEVENMPV,ElevenMPV,10375,05/14/2021, 23:14:28,447
ELEVENMPV,ElevenMPV,10376,05/15/2021, 00:40:57,447
ELEVENMPV,ElevenMPV,10376,05/15/2021, 02:11:28,447
ELEVENMPV,ElevenMPV,10376,05/15/2021, 03:23:01,447
ELEVENMPV,ElevenMPV,10376,05/15/2021, 04:20:14,447
ELEVENMPV,ElevenMPV,10377,05/15/2021, 05:19:46,447
ELEVENMPV,ElevenMPV,10377,05/15/2021, 06:15:35,447
ELEVENMPV,ElevenMPV,10377,05/15/2021, 07:18:13,447
ELEVENMPV,ElevenMPV,10377,05/15/2021, 08:14:44,447
ELEVENMPV,ElevenMPV,10377,05/15/2021, 09:13:06,447
ELEVENMPV,ElevenMPV,10377,05/15/2021, 10:13:00,447
ELEVENMPV,ElevenMPV,10377,05/15/2021, 11:11:07,447
ELEVENMPV,ElevenMPV,10377,05/15/2021, 12:17:42,447
ELEVENMPV,ElevenMPV,10379,05/15/2021, 13:23:20,447
ELEVENMPV,ElevenMPV,10379,05/15/2021, 14:12:23,447
ELEVENMPV,ElevenMPV,10380,05/15/2021, 15:13:22,447
ELEVENMPV,ElevenMPV,10381,05/15/2021, 16:25:02,447
ELEVENMPV,ElevenMPV,10381,05/15/2021, 17:40:30,447
ELEVENMPV,ElevenMPV,10381,05/15/2021, 18:25:22,447
ELEVENMPV,ElevenMPV,10382,05/15/2021, 19:18:31,447
ELEVENMPV,ElevenMPV,10383,05/15/2021, 20:13:32,447
ELEVENMPV,ElevenMPV,10383,05/15/2021, 21:11:39,447
ELEVENMPV,ElevenMPV,10385,05/15/2021, 22:15:03,447
ELEVENMPV,ElevenMPV,10385,05/15/2021, 23:13:20,447
ELEVENMPV,ElevenMPV,10385,05/16/2021, 00:44:30,447
ELEVENMPV,ElevenMPV,10385,05/16/2021, 02:19:34,447
ELEVENMPV,ElevenMPV,10385,05/16/2021, 03:30:17,447
ELEVENMPV,ElevenMPV,10385,05/16/2021, 04:24:31,447
ELEVENMPV,ElevenMPV,10385,05/16/2021, 05:21:45,447
ELEVENMPV,ElevenMPV,10388,05/16/2021, 17:42:50,447
ELEVENMPV,ElevenMPV,10388,05/16/2021, 18:27:16,447
ELEVENMPV,ElevenMPV,10388,05/16/2021, 19:19:20,447
ELEVENMPV,ElevenMPV,10388,05/16/2021, 20:14:01,447
ELEVENMPV,ElevenMPV,10388,05/16/2021, 21:11:33,447
ELEVENMPV,ElevenMPV,10388,05/16/2021, 22:15:11,447
ELEVENMPV,ElevenMPV,10388,05/16/2021, 23:13:10,447
ELEVENMPV,ElevenMPV,10388,05/17/2021, 00:40:17,447
ELEVENMPV,ElevenMPV,10388,05/17/2021, 02:14:48,447
ELEVENMPV,ElevenMPV,10388,05/17/2021, 03:27:24,447
ELEVENMPV,ElevenMPV,10388,05/17/2021, 04:22:25,447
ELEVENMPV,ElevenMPV,10389,05/17/2021, 05:21:09,447
ELEVENMPV,ElevenMPV,10389,05/17/2021, 06:15:52,447
ELEVENMPV,ElevenMPV,10389,05/17/2021, 07:19:04,447
ELEVENMPV,ElevenMPV,10389,05/17/2021, 08:14:53,447
ELEVENMPV,ElevenMPV,10389,05/17/2021, 09:13:58,447
ELEVENMPV,ElevenMPV,10389,05/17/2021, 10:15:03,447
ELEVENMPV,ElevenMPV,10389,05/17/2021, 11:11:22,447
ELEVENMPV,ElevenMPV,10389,05/17/2021, 12:19:13,447
ELEVENMPV,ElevenMPV,10389,05/17/2021, 13:27:13,447
ELEVENMPV,ElevenMPV,10390,05/17/2021, 14:12:24,447
ELEVENMPV,ElevenMPV,10390,05/17/2021, 15:14:15,447
ELEVENMPV,ElevenMPV,10392,05/17/2021, 16:26:50,447
ELEVENMPV,ElevenMPV,10392,05/17/2021, 17:41:28,447
ELEVENMPV,ElevenMPV,10393,05/17/2021, 18:27:48,447
ELEVENMPV,ElevenMPV,10393,05/17/2021, 19:19:39,447
ELEVENMPV,ElevenMPV,10393,05/17/2021, 20:14:00,447
ELEVENMPV,ElevenMPV,10393,05/17/2021, 21:12:09,447
ELEVENMPV,ElevenMPV,10393,05/17/2021, 22:15:34,447
ELEVENMPV,ElevenMPV,10394,05/17/2021, 23:14:44,447
ELEVENMPV,ElevenMPV,10394,05/18/2021, 00:44:40,447
ELEVENMPV,ElevenMPV,10395,05/18/2021, 02:17:09,447
ELEVENMPV,ElevenMPV,10395,05/18/2021, 03:27:43,447
ELEVENMPV,ElevenMPV,10396,05/18/2021, 04:23:18,447
ELEVENMPV,ElevenMPV,10396,05/18/2021, 05:21:54,447
ELEVENMPV,ElevenMPV,10396,05/18/2021, 06:15:25,447
ELEVENMPV,ElevenMPV,10396,05/18/2021, 07:37:29,447
ELEVENMPV,ElevenMPV,10396,05/18/2021, 09:57:42,447
ELEVENMPV,ElevenMPV,10396,05/18/2021, 10:57:35,447
ELEVENMPV,ElevenMPV,10396,05/18/2021, 11:54:58,447
ELEVENMPV,ElevenMPV,10398,05/18/2021, 18:44:04,447
ELEVENMPV,ElevenMPV,10398,05/18/2021, 19:22:22,447
ELEVENMPV,ElevenMPV,10398,05/18/2021, 20:18:46,447
ELEVENMPV,ElevenMPV,10398,05/18/2021, 21:11:35,447
ELEVENMPV,ElevenMPV,10399,05/18/2021, 22:15:28,447
ELEVENMPV,ElevenMPV,10399,05/18/2021, 23:14:14,447
ELEVENMPV,ElevenMPV,10401,05/19/2021, 00:40:49,447
ELEVENMPV,ElevenMPV,10401,05/19/2021, 02:09:47,447
ELEVENMPV,ElevenMPV,10403,05/19/2021, 03:22:38,447
ELEVENMPV,ElevenMPV,10403,05/19/2021, 04:19:46,447
ELEVENMPV,ElevenMPV,10403,05/19/2021, 05:20:46,447
ELEVENMPV,ElevenMPV,10404,05/19/2021, 06:15:59,447
ELEVENMPV,ElevenMPV,10404,05/19/2021, 07:19:04,447
ELEVENMPV,ElevenMPV,10404,05/19/2021, 08:19:24,447
ELEVENMPV,ElevenMPV,10404,05/19/2021, 09:19:18,447
ELEVENMPV,ElevenMPV,10404,05/19/2021, 10:14:42,447
ELEVENMPV,ElevenMPV,10404,05/19/2021, 11:11:59,447
ELEVENMPV,ElevenMPV,10405,05/19/2021, 12:18:55,447
ELEVENMPV,ElevenMPV,10405,05/19/2021, 13:25:04,447
ELEVENMPV,ElevenMPV,10405,05/19/2021, 14:16:29,447
ELEVENMPV,ElevenMPV,10405,05/19/2021, 15:18:59,447
ELEVENMPV,ElevenMPV,10405,05/19/2021, 16:30:47,447
ELEVENMPV,ElevenMPV,10405,05/19/2021, 17:42:06,447
ELEVENMPV,ElevenMPV,10405,05/19/2021, 18:28:53,447
ELEVENMPV,ElevenMPV,10405,05/19/2021, 19:21:00,447
ELEVENMPV,ElevenMPV,10405,05/19/2021, 20:13:54,447
ELEVENMPV,ElevenMPV,10405,05/19/2021, 21:11:37,447
ELEVENMPV,ElevenMPV,10406,05/19/2021, 22:15:10,447
ELEVENMPV,ElevenMPV,10406,05/19/2021, 23:13:52,447
ELEVENMPV,ElevenMPV,10408,05/20/2021, 00:38:16,447
ELEVENMPV,ElevenMPV,10408,05/20/2021, 02:09:58,447
ELEVENMPV,ElevenMPV,10408,05/20/2021, 03:24:25,447
ELEVENMPV,ElevenMPV,10409,05/20/2021, 04:21:20,447
ELEVENMPV,ElevenMPV,10409,05/20/2021, 05:21:22,447
ELEVENMPV,ElevenMPV,10409,05/20/2021, 06:15:58,447
ELEVENMPV,ElevenMPV,10409,05/20/2021, 07:19:15,447
ELEVENMPV,ElevenMPV,10409,05/20/2021, 08:15:10,447
ELEVENMPV,ElevenMPV,10409,05/20/2021, 09:13:52,447
ELEVENMPV,ElevenMPV,10409,05/20/2021, 10:13:44,447
ELEVENMPV,ElevenMPV,10409,05/20/2021, 11:11:33,447
ELEVENMPV,ElevenMPV,10409,05/20/2021, 12:19:08,447
ELEVENMPV,ElevenMPV,10409,05/20/2021, 13:27:19,447
ELEVENMPV,ElevenMPV,10409,05/20/2021, 14:16:10,447
ELEVENMPV,ElevenMPV,10409,05/20/2021, 15:19:16,447
ELEVENMPV,ElevenMPV,10409,05/20/2021, 16:32:02,447
ELEVENMPV,ElevenMPV,10410,05/20/2021, 17:49:01,447
ELEVENMPV,ElevenMPV,10410,05/20/2021, 18:30:29,447
ELEVENMPV,ElevenMPV,10410,05/20/2021, 19:23:10,447
ELEVENMPV,ElevenMPV,10410,05/20/2021, 20:12:02,447
ELEVENMPV,ElevenMPV,10410,05/20/2021, 21:12:03,447
ELEVENMPV,ElevenMPV,10410,05/20/2021, 22:14:58,447
ELEVENMPV,ElevenMPV,10412,05/20/2021, 23:13:04,447
ELEVENMPV,ElevenMPV,10413,05/21/2021, 00:42:07,447
ELEVENMPV,ElevenMPV,10413,05/21/2021, 02:13:35,447
ELEVENMPV,ElevenMPV,10413,05/21/2021, 03:26:03,447
ELEVENMPV,ElevenMPV,10413,05/21/2021, 04:22:50,447
ELEVENMPV,ElevenMPV,10414,05/21/2021, 05:21:59,447
ELEVENMPV,ElevenMPV,10414,05/21/2021, 06:15:43,447
ELEVENMPV,ElevenMPV,10414,05/21/2021, 07:22:01,447
ELEVENMPV,ElevenMPV,10414,05/21/2021, 08:15:38,447
ELEVENMPV,ElevenMPV,10415,05/21/2021, 09:15:27,447
ELEVENMPV,ElevenMPV,10415,05/21/2021, 10:14:31,447
ELEVENMPV,ElevenMPV,10415,05/21/2021, 11:11:24,447
ELEVENMPV,ElevenMPV,10415,05/21/2021, 12:19:53,447
ELEVENMPV,ElevenMPV,10415,05/21/2021, 13:27:07,447
ELEVENMPV,ElevenMPV,10415,05/21/2021, 14:13:03,447
ELEVENMPV,ElevenMPV,10415,05/21/2021, 15:13:56,447
ELEVENMPV,ElevenMPV,10415,05/21/2021, 16:26:53,447
ELEVENMPV,ElevenMPV,10415,05/21/2021, 17:45:26,447
ELEVENMPV,ElevenMPV,10415,05/21/2021, 18:32:30,447
ELEVENMPV,ElevenMPV,10415,05/21/2021, 19:26:39,447
ELEVENMPV,ElevenMPV,10415,05/21/2021, 20:14:14,447
ELEVENMPV,ElevenMPV,10415,05/21/2021, 21:12:05,447
ELEVENMPV,ElevenMPV,10415,05/21/2021, 22:13:18,447
ELEVENMPV,ElevenMPV,10415,05/21/2021, 23:13:24,447
ELEVENMPV,ElevenMPV,10416,05/22/2021, 00:41:27,447
ELEVENMPV,ElevenMPV,10416,05/22/2021, 02:12:33,447
ELEVENMPV,ElevenMPV,10416,05/22/2021, 03:25:47,447
ELEVENMPV,ElevenMPV,10416,05/22/2021, 04:23:45,447
ELEVENMPV,ElevenMPV,10417,05/22/2021, 05:24:46,447
ELEVENMPV,ElevenMPV,10417,05/22/2021, 06:15:32,447
ELEVENMPV,ElevenMPV,10417,05/22/2021, 07:20:03,447
ELEVENMPV,ElevenMPV,10417,05/22/2021, 08:15:01,447
ELEVENMPV,ElevenMPV,10417,05/22/2021, 09:14:02,447
ELEVENMPV,ElevenMPV,10417,05/22/2021, 10:14:29,447
ELEVENMPV,ElevenMPV,10418,05/22/2021, 11:11:38,447
ELEVENMPV,ElevenMPV,10419,05/22/2021, 12:18:26,447
ELEVENMPV,ElevenMPV,10419,05/22/2021, 13:26:07,447
ELEVENMPV,ElevenMPV,10419,05/22/2021, 14:11:24,447
ELEVENMPV,ElevenMPV,10419,05/22/2021, 15:13:07,447
ELEVENMPV,ElevenMPV,10422,05/22/2021, 16:25:25,447
ELEVENMPV,ElevenMPV,10422,05/22/2021, 17:42:51,447
ELEVENMPV,ElevenMPV,10423,05/22/2021, 18:30:21,447
ELEVENMPV,ElevenMPV,10423,05/22/2021, 19:23:13,447
ELEVENMPV,ElevenMPV,10423,05/22/2021, 20:13:45,447
ELEVENMPV,ElevenMPV,10424,05/22/2021, 21:11:28,447
ELEVENMPV,ElevenMPV,10424,05/22/2021, 22:12:40,447
ELEVENMPV,ElevenMPV,10424,05/22/2021, 23:12:43,447
ELEVENMPV,ElevenMPV,10424,05/23/2021, 00:47:19,447
ELEVENMPV,ElevenMPV,10425,05/23/2021, 02:24:15,447
ELEVENMPV,ElevenMPV,10425,05/23/2021, 03:36:39,447
ELEVENMPV,ElevenMPV,10425,05/23/2021, 04:29:04,447
ELEVENMPV,ElevenMPV,10425,05/23/2021, 05:26:11,447
ELEVENMPV,ElevenMPV,10425,05/23/2021, 06:16:11,447
ELEVENMPV,ElevenMPV,10425,05/23/2021, 07:19:51,447
ELEVENMPV,ElevenMPV,10426,05/23/2021, 08:14:36,447
ELEVENMPV,ElevenMPV,10426,05/23/2021, 09:13:30,447
ELEVENMPV,ElevenMPV,10426,05/23/2021, 10:13:47,447
ELEVENMPV,ElevenMPV,10426,05/23/2021, 11:10:46,447
ELEVENMPV,ElevenMPV,10427,05/23/2021, 12:18:39,447
ELEVENMPV,ElevenMPV,10428,05/23/2021, 13:27:18,447
ELEVENMPV,ElevenMPV,10428,05/23/2021, 14:11:51,447
ELEVENMPV,ElevenMPV,10429,05/23/2021, 15:13:20,447
ELEVENMPV,ElevenMPV,10429,05/23/2021, 16:25:39,447
ELEVENMPV,ElevenMPV,10431,05/23/2021, 17:42:00,447
ELEVENMPV,ElevenMPV,10431,05/23/2021, 18:28:05,447
ELEVENMPV,ElevenMPV,10433,05/23/2021, 19:21:33,447
ELEVENMPV,ElevenMPV,10434,05/23/2021, 20:14:19,447
ELEVENMPV,ElevenMPV,10434,05/23/2021, 21:11:37,447
ELEVENMPV,ElevenMPV,10434,05/23/2021, 22:12:51,447
ELEVENMPV,ElevenMPV,10435,05/23/2021, 23:13:08,447
ELEVENMPV,ElevenMPV,10436,05/24/2021, 00:44:40,447
ELEVENMPV,ElevenMPV,10436,05/24/2021, 02:22:30,447
ELEVENMPV,ElevenMPV,10437,05/24/2021, 03:33:59,447
ELEVENMPV,ElevenMPV,10437,05/24/2021, 04:27:35,447
ELEVENMPV,ElevenMPV,10437,05/24/2021, 05:26:52,447
ELEVENMPV,ElevenMPV,10437,05/24/2021, 06:18:10,447
ELEVENMPV,ElevenMPV,10437,05/24/2021, 07:22:16,447
ELEVENMPV,ElevenMPV,10437,05/24/2021, 08:15:08,447
ELEVENMPV,ElevenMPV,10438,05/24/2021, 09:15:50,447
ELEVENMPV,ElevenMPV,10439,05/24/2021, 10:17:39,447
ELEVENMPV,ElevenMPV,10439,05/24/2021, 11:15:58,447
ELEVENMPV,ElevenMPV,10440,05/24/2021, 12:20:10,447
ELEVENMPV,ElevenMPV,10440,05/24/2021, 13:31:26,447
ELEVENMPV,ElevenMPV,10440,05/24/2021, 14:16:50,447
ELEVENMPV,ElevenMPV,10441,05/24/2021, 15:14:20,447
ELEVENMPV,ElevenMPV,10441,05/24/2021, 16:32:10,447
ELEVENMPV,ElevenMPV,10441,05/24/2021, 17:52:19,447
ELEVENMPV,ElevenMPV,10441,05/24/2021, 18:35:49,447
ELEVENMPV,ElevenMPV,10441,05/24/2021, 19:31:54,447
ELEVENMPV,ElevenMPV,10441,05/24/2021, 20:14:46,447
ELEVENMPV,ElevenMPV,10442,05/24/2021, 21:12:26,447
ELEVENMPV,ElevenMPV,10443,05/24/2021, 22:14:24,447
ELEVENMPV,ElevenMPV,10443,05/24/2021, 23:12:52,447
ELEVENMPV,ElevenMPV,10443,05/25/2021, 00:43:43,447
ELEVENMPV,ElevenMPV,10443,05/25/2021, 02:24:32,447
ELEVENMPV,ElevenMPV,10443,05/25/2021, 03:42:21,447
ELEVENMPV,ElevenMPV,10443,05/25/2021, 04:34:53,447
ELEVENMPV,ElevenMPV,10443,05/25/2021, 05:36:27,447
ELEVENMPV,ElevenMPV,10443,05/25/2021, 06:26:09,447
ELEVENMPV,ElevenMPV,10443,05/25/2021, 07:28:29,447
ELEVENMPV,ElevenMPV,10443,05/25/2021, 08:21:36,447
ELEVENMPV,ElevenMPV,10443,05/25/2021, 09:23:41,447
ELEVENMPV,ElevenMPV,10443,05/25/2021, 10:25:55,447
ELEVENMPV,ElevenMPV,10443,05/25/2021, 11:19:54,447
ELEVENMPV,ElevenMPV,10443,05/25/2021, 12:21:28,447
ELEVENMPV,ElevenMPV,10444,05/25/2021, 13:35:49,447
ELEVENMPV,ElevenMPV,10444,05/25/2021, 14:24:58,447
ELEVENMPV,ElevenMPV,10444,05/25/2021, 15:14:26,447
ELEVENMPV,ElevenMPV,10444,05/25/2021, 16:36:03,447
ELEVENMPV,ElevenMPV,10444,05/25/2021, 18:02:07,447
ELEVENMPV,ElevenMPV,10445,05/25/2021, 19:32:22,447
ELEVENMPV,ElevenMPV,10446,05/25/2021, 20:16:10,447
ELEVENMPV,ElevenMPV,10446,05/25/2021, 21:11:52,447
ELEVENMPV,ElevenMPV,10447,05/25/2021, 22:15:16,447
ELEVENMPV,ElevenMPV,10447,05/25/2021, 23:18:40,447
ELEVENMPV,ElevenMPV,10447,05/26/2021, 00:52:52,447
ELEVENMPV,ElevenMPV,10447,05/26/2021, 02:51:14,447
ELEVENMPV,ElevenMPV,10447,05/26/2021, 04:09:05,447
ELEVENMPV,ElevenMPV,10447,05/26/2021, 05:44:40,447
ELEVENMPV,ElevenMPV,10448,05/26/2021, 06:34:13,447
ELEVENMPV,ElevenMPV,10448,05/26/2021, 07:39:12,447
ELEVENMPV,ElevenMPV,10448,05/26/2021, 08:27:46,447
ELEVENMPV,ElevenMPV,10448,05/26/2021, 09:24:24,447
ELEVENMPV,ElevenMPV,10448,05/26/2021, 10:26:01,447
ELEVENMPV,ElevenMPV,10448,05/26/2021, 11:23:15,447
ELEVENMPV,ElevenMPV,10448,05/26/2021, 12:23:51,447
ELEVENMPV,ElevenMPV,10449,05/26/2021, 13:42:25,447
ELEVENMPV,ElevenMPV,10449,05/26/2021, 14:31:56,447
ELEVENMPV,ElevenMPV,10449,05/26/2021, 15:17:11,447
ELEVENMPV,ElevenMPV,10449,05/26/2021, 16:41:17,447
ELEVENMPV,ElevenMPV,10450,05/26/2021, 18:16:57,447
ELEVENMPV,ElevenMPV,10450,05/26/2021, 19:48:09,447
ELEVENMPV,ElevenMPV,10450,05/26/2021, 20:28:07,447
ELEVENMPV,ElevenMPV,10450,05/26/2021, 21:18:05,447
ELEVENMPV,ElevenMPV,10450,05/26/2021, 22:18:54,447
ELEVENMPV,ElevenMPV,10452,05/26/2021, 23:20:44,447
ELEVENMPV,ElevenMPV,10452,05/27/2021, 00:55:57,447
ELEVENMPV,ElevenMPV,10454,05/27/2021, 03:12:12,447
ELEVENMPV,ElevenMPV,10454,05/27/2021, 04:57:18,447
ELEVENMPV,ElevenMPV,10454,05/27/2021, 05:58:54,447
ELEVENMPV,ElevenMPV,10454,05/27/2021, 06:57:29,447
ELEVENMPV,ElevenMPV,10454,05/27/2021, 07:56:13,447
ELEVENMPV,ElevenMPV,10454,05/27/2021, 08:44:03,447
ELEVENMPV,ElevenMPV,10455,05/27/2021, 09:37:41,447
ELEVENMPV,ElevenMPV,10455,05/27/2021, 10:34:29,447
ELEVENMPV,ElevenMPV,10455,05/27/2021, 11:31:58,447
ELEVENMPV,ElevenMPV,10457,05/27/2021, 12:36:29,447
ELEVENMPV,ElevenMPV,10458,05/27/2021, 13:47:46,447
ELEVENMPV,ElevenMPV,10458,05/27/2021, 14:33:34,447
ELEVENMPV,ElevenMPV,10458,05/27/2021, 15:28:51,447
ELEVENMPV,ElevenMPV,10458,05/27/2021, 16:52:49,447
ELEVENMPV,ElevenMPV,10458,05/27/2021, 18:28:35,447
ELEVENMPV,ElevenMPV,10458,05/27/2021, 19:51:54,447
ELEVENMPV,ElevenMPV,10458,05/27/2021, 20:24:28,447
ELEVENMPV,ElevenMPV,10458,05/27/2021, 21:17:42,447
ELEVENMPV,ElevenMPV,10458,05/27/2021, 22:20:49,447
ELEVENMPV,ElevenMPV,10459,05/27/2021, 23:23:33,447
ELEVENMPV,ElevenMPV,10459,05/28/2021, 01:02:16,447
ELEVENMPV,ElevenMPV,10460,05/28/2021, 04:05:59,447
ELEVENMPV,ElevenMPV,10460,05/28/2021, 06:15:57,447
ELEVENMPV,ElevenMPV,10460,05/28/2021, 07:53:14,447
ELEVENMPV,ElevenMPV,10460,05/28/2021, 08:43:01,447
ELEVENMPV,ElevenMPV,10460,05/28/2021, 09:36:35,447
ELEVENMPV,ElevenMPV,10461,05/28/2021, 10:40:34,447
ELEVENMPV,ElevenMPV,10461,05/28/2021, 11:40:02,447
ELEVENMPV,ElevenMPV,10462,05/28/2021, 12:40:30,447
ELEVENMPV,ElevenMPV,10462,05/28/2021, 13:56:24,447
ELEVENMPV,ElevenMPV,10462,05/28/2021, 14:35:03,447
ELEVENMPV,ElevenMPV,10462,05/28/2021, 15:20:10,447
ELEVENMPV,ElevenMPV,10463,05/28/2021, 16:51:15,447
ELEVENMPV,ElevenMPV,10464,05/28/2021, 18:43:21,447
ELEVENMPV,ElevenMPV,10464,05/28/2021, 20:07:45,447
ELEVENMPV,ElevenMPV,10466,05/28/2021, 21:21:32,447
ELEVENMPV,ElevenMPV,10466,05/28/2021, 22:23:54,447
ELEVENMPV,ElevenMPV,10466,05/28/2021, 23:28:01,447
ELEVENMPV,ElevenMPV,10466,05/29/2021, 01:14:11,447
ELEVENMPV,ElevenMPV,10470,05/29/2021, 04:36:25,447
ELEVENMPV,ElevenMPV,10471,05/29/2021, 06:44:47,447
ELEVENMPV,ElevenMPV,10471,05/29/2021, 08:19:45,447
ELEVENMPV,ElevenMPV,10471,05/29/2021, 09:47:25,447
ELEVENMPV,ElevenMPV,10471,05/29/2021, 10:43:13,447
ELEVENMPV,ElevenMPV,10471,05/29/2021, 11:39:18,447
ELEVENMPV,ElevenMPV,10471,05/29/2021, 12:39:19,447
ELEVENMPV,ElevenMPV,10472,05/29/2021, 14:06:55,447
ELEVENMPV,ElevenMPV,10472,05/29/2021, 15:21:41,447
ELEVENMPV,ElevenMPV,10472,05/29/2021, 16:56:14,447
ELEVENMPV,ElevenMPV,10473,05/29/2021, 18:49:12,447
ELEVENMPV,ElevenMPV,10474,05/29/2021, 20:13:29,447
ELEVENMPV,ElevenMPV,10474,05/29/2021, 21:25:57,447
ELEVENMPV,ElevenMPV,10475,05/29/2021, 22:26:08,447
ELEVENMPV,ElevenMPV,10475,05/29/2021, 23:28:26,447
ELEVENMPV,ElevenMPV,10475,05/30/2021, 01:22:21,447
ELEVENMPV,ElevenMPV,10476,05/30/2021, 04:40:08,447
ELEVENMPV,ElevenMPV,10477,05/30/2021, 06:38:38,447
ELEVENMPV,ElevenMPV,10477,05/30/2021, 08:06:21,447
ELEVENMPV,ElevenMPV,10477,05/30/2021, 09:39:07,447
ELEVENMPV,ElevenMPV,10478,05/30/2021, 10:41:55,447
ELEVENMPV,ElevenMPV,10478,05/30/2021, 11:40:50,447
ELEVENMPV,ElevenMPV,10478,05/30/2021, 12:40:37,447
ELEVENMPV,ElevenMPV,10478,05/30/2021, 14:05:48,447
ELEVENMPV,ElevenMPV,10478,05/30/2021, 15:21:55,447
ELEVENMPV,ElevenMPV,10479,05/30/2021, 16:55:26,447
ELEVENMPV,ElevenMPV,10479,05/30/2021, 18:44:44,447
ELEVENMPV,ElevenMPV,10482,05/30/2021, 20:11:59,447
ELEVENMPV,ElevenMPV,10482,05/30/2021, 21:28:04,447
ELEVENMPV,ElevenMPV,10482,05/30/2021, 22:28:22,447
ELEVENMPV,ElevenMPV,10482,05/30/2021, 23:32:20,447
ELEVENMPV,ElevenMPV,10484,05/31/2021, 01:35:32,447
ELEVENMPV,ElevenMPV,10484,05/31/2021, 04:47:57,447
ELEVENMPV,ElevenMPV,10485,05/31/2021, 06:47:12,447
ELEVENMPV,ElevenMPV,10485,05/31/2021, 08:31:55,447
ELEVENMPV,ElevenMPV,10485,05/31/2021, 09:56:57,447
ELEVENMPV,ElevenMPV,10485,05/31/2021, 10:55:53,447
ELEVENMPV,ElevenMPV,10485,05/31/2021, 11:56:50,447
ELEVENMPV,ElevenMPV,10485,05/31/2021, 12:55:42,447
ELEVENMPV,ElevenMPV,10488,05/31/2021, 14:08:52,447
ELEVENMPV,ElevenMPV,10488,05/31/2021, 15:29:10,447
ELEVENMPV,ElevenMPV,10489,05/31/2021, 17:13:16,447
ELEVENMPV,ElevenMPV,10490,05/31/2021, 19:37:20,447
ELEVENMPV,ElevenMPV,10491,05/31/2021, 21:06:51,447
ELEVENMPV,ElevenMPV,10493,05/31/2021, 22:38:50,447
ELEVENMPV,ElevenMPV,10493,05/31/2021, 23:40:42,447
ELEVENMPV,ElevenMPV,10493,06/01/2021, 01:52:29,447
ELEVENMPV,ElevenMPV,10494,06/01/2021, 05:21:42,447
ELEVENMPV,ElevenMPV,10495,06/01/2021, 07:43:36,447
ELEVENMPV,ElevenMPV,10496,06/01/2021, 09:15:32,447
ELEVENMPV,ElevenMPV,10497,06/01/2021, 10:54:55,447
ELEVENMPV,ElevenMPV,10497,06/01/2021, 11:52:11,447
ELEVENMPV,ElevenMPV,10497,06/01/2021, 12:56:26,447
ELEVENMPV,ElevenMPV,10499,06/01/2021, 14:25:14,447
ELEVENMPV,ElevenMPV,10499,06/01/2021, 15:43:48,447
ELEVENMPV,ElevenMPV,10499,06/01/2021, 17:36:56,447
ELEVENMPV,ElevenMPV,10500,06/01/2021, 20:23:25,447
ELEVENMPV,ElevenMPV,10500,06/01/2021, 22:11:11,447
ELEVENMPV,ElevenMPV,10501,06/01/2021, 23:45:12,447
ELEVENMPV,ElevenMPV,10502,06/02/2021, 02:00:15,447
ELEVENMPV,ElevenMPV,10502,06/02/2021, 05:24:22,447
ELEVENMPV,ElevenMPV,10502,06/02/2021, 07:46:55,447
ELEVENMPV,ElevenMPV,10504,06/02/2021, 09:49:56,447
ELEVENMPV,ElevenMPV,10504,06/02/2021, 11:19:09,447
ELEVENMPV,ElevenMPV,10505,06/02/2021, 12:56:59,447
ELEVENMPV,ElevenMPV,10505,06/02/2021, 14:40:29,447
ELEVENMPV,ElevenMPV,10505,06/02/2021, 15:56:56,447
ELEVENMPV,ElevenMPV,10505,06/02/2021, 17:53:24,447
ELEVENMPV,ElevenMPV,10506,06/02/2021, 20:21:21,447
ELEVENMPV,ElevenMPV,10507,06/02/2021, 22:09:46,447
ELEVENMPV,ElevenMPV,10507,06/02/2021, 23:43:08,447
ELEVENMPV,ElevenMPV,10508,06/03/2021, 01:39:27,447
ELEVENMPV,ElevenMPV,10509,06/03/2021, 04:48:19,447
ELEVENMPV,ElevenMPV,10510,06/03/2021, 06:46:43,447
ELEVENMPV,ElevenMPV,10510,06/03/2021, 08:24:35,447
ELEVENMPV,ElevenMPV,10510,06/03/2021, 09:55:46,447
ELEVENMPV,ElevenMPV,10510,06/03/2021, 10:52:29,447
ELEVENMPV,ElevenMPV,10511,06/03/2021, 11:53:37,447
ELEVENMPV,ElevenMPV,10511,06/03/2021, 12:40:52,447
ELEVENMPV,ElevenMPV,10513,06/03/2021, 14:03:39,447
ELEVENMPV,ElevenMPV,10515,06/03/2021, 15:28:30,447
ELEVENMPV,ElevenMPV,10516,06/03/2021, 17:19:52,447
ELEVENMPV,ElevenMPV,10516,06/03/2021, 19:45:27,447
ELEVENMPV,ElevenMPV,10516,06/03/2021, 21:11:19,447
ELEVENMPV,ElevenMPV,10517,06/03/2021, 22:45:28,447
ELEVENMPV,ElevenMPV,10517,06/03/2021, 23:49:14,447
ELEVENMPV,ElevenMPV,10517,06/04/2021, 01:24:36,447
ELEVENMPV,ElevenMPV,10517,06/04/2021, 04:06:49,447
ELEVENMPV,ElevenMPV,10518,06/04/2021, 06:47:36,447
ELEVENMPV,ElevenMPV,10518,06/04/2021, 08:49:07,447
ELEVENMPV,ElevenMPV,10518,06/04/2021, 10:17:58,447
ELEVENMPV,ElevenMPV,10519,06/04/2021, 12:05:46,447
ELEVENMPV,ElevenMPV,10520,06/04/2021, 14:19:19,447
ELEVENMPV,ElevenMPV,10520,06/04/2021, 15:41:27,447
ELEVENMPV,ElevenMPV,10521,06/04/2021, 17:21:13,447
ELEVENMPV,ElevenMPV,10522,06/04/2021, 19:33:41,447
ELEVENMPV,ElevenMPV,10524,06/04/2021, 21:03:13,447
ELEVENMPV,ElevenMPV,10526,06/04/2021, 22:36:05,447
ELEVENMPV,ElevenMPV,10526,06/04/2021, 23:37:28,447
ELEVENMPV,ElevenMPV,10527,06/05/2021, 01:05:25,447
ELEVENMPV,ElevenMPV,10527,06/05/2021, 03:35:01,447
ELEVENMPV,ElevenMPV,10528,06/05/2021, 05:11:33,447
ELEVENMPV,ElevenMPV,10530,06/05/2021, 06:47:51,447
ELEVENMPV,ElevenMPV,10530,06/05/2021, 07:49:52,447
ELEVENMPV,ElevenMPV,10530,06/05/2021, 08:39:30,447
ELEVENMPV,ElevenMPV,10530,06/05/2021, 09:37:29,447
ELEVENMPV,ElevenMPV,10530,06/05/2021, 10:42:24,447
ELEVENMPV,ElevenMPV,10532,06/05/2021, 11:40:55,447
ELEVENMPV,ElevenMPV,10532,06/05/2021, 12:40:31,447
ELEVENMPV,ElevenMPV,10533,06/05/2021, 14:01:01,447
ELEVENMPV,ElevenMPV,10534,06/05/2021, 15:19:47,447
ELEVENMPV,ElevenMPV,10534,06/05/2021, 16:48:23,447
ELEVENMPV,ElevenMPV,10534,06/05/2021, 18:20:03,447
ELEVENMPV,ElevenMPV,10536,06/05/2021, 19:52:52,447
ELEVENMPV,ElevenMPV,10536,06/05/2021, 20:24:40,447
ELEVENMPV,ElevenMPV,10536,06/05/2021, 21:18:44,447
ELEVENMPV,ElevenMPV,10536,06/05/2021, 22:21:44,447
ELEVENMPV,ElevenMPV,10537,06/05/2021, 23:24:23,447
ELEVENMPV,ElevenMPV,10537,06/06/2021, 00:57:37,447
ELEVENMPV,ElevenMPV,10537,06/06/2021, 03:04:04,447
ELEVENMPV,ElevenMPV,10537,06/06/2021, 05:04:54,447
ELEVENMPV,ElevenMPV,10538,06/06/2021, 06:41:26,447
ELEVENMPV,ElevenMPV,10538,06/06/2021, 07:52:34,447
ELEVENMPV,ElevenMPV,10538,06/06/2021, 08:42:58,447
ELEVENMPV,ElevenMPV,10538,06/06/2021, 09:38:17,447
ELEVENMPV,ElevenMPV,10538,06/06/2021, 10:41:00,447
ELEVENMPV,ElevenMPV,10538,06/06/2021, 11:40:19,447
ELEVENMPV,ElevenMPV,10538,06/06/2021, 12:40:43,447
ELEVENMPV,ElevenMPV,10538,06/06/2021, 14:03:17,447
ELEVENMPV,ElevenMPV,10538,06/06/2021, 15:20:02,447
ELEVENMPV,ElevenMPV,10538,06/06/2021, 16:44:38,447
ELEVENMPV,ElevenMPV,10538,06/06/2021, 18:17:24,447
ELEVENMPV,ElevenMPV,10538,06/06/2021, 19:54:41,447
ELEVENMPV,ElevenMPV,10538,06/06/2021, 20:27:16,447
ELEVENMPV,ElevenMPV,10538,06/06/2021, 21:19:33,447
ELEVENMPV,ElevenMPV,10538,06/06/2021, 22:21:11,447
ELEVENMPV,ElevenMPV,10538,06/06/2021, 23:23:59,447
ELEVENMPV,ElevenMPV,10540,06/07/2021, 00:58:47,447
ELEVENMPV,ElevenMPV,10541,06/07/2021, 03:17:57,447
ELEVENMPV,ElevenMPV,10541,06/07/2021, 05:30:51,447
ELEVENMPV,ElevenMPV,10541,06/07/2021, 07:29:10,447
ELEVENMPV,ElevenMPV,10542,06/07/2021, 09:19:49,447
ELEVENMPV,ElevenMPV,10542,06/07/2021, 10:59:24,447
ELEVENMPV,ElevenMPV,10542,06/07/2021, 11:56:35,447
ELEVENMPV,ElevenMPV,10542,06/07/2021, 13:03:02,447
ELEVENMPV,ElevenMPV,10542,06/07/2021, 14:31:06,447
ELEVENMPV,ElevenMPV,10542,06/07/2021, 15:39:49,447
ELEVENMPV,ElevenMPV,10542,06/07/2021, 17:13:00,447
ELEVENMPV,ElevenMPV,10543,06/07/2021, 19:42:42,447
ELEVENMPV,ElevenMPV,10543,06/07/2021, 21:10:52,447
ELEVENMPV,ElevenMPV,10543,06/07/2021, 22:37:04,447
ELEVENMPV,ElevenMPV,10543,06/07/2021, 23:33:17,447
ELEVENMPV,ElevenMPV,10543,06/08/2021, 00:57:32,447
ELEVENMPV,ElevenMPV,10543,06/08/2021, 02:51:42,447
ELEVENMPV,ElevenMPV,10543,06/08/2021, 04:00:06,447
ELEVENMPV,ElevenMPV,10543,06/08/2021, 05:07:26,447
ELEVENMPV,ElevenMPV,10544,06/08/2021, 06:27:02,447
ELEVENMPV,ElevenMPV,10544,06/08/2021, 07:26:45,447
ELEVENMPV,ElevenMPV,10544,06/08/2021, 08:17:22,447
ELEVENMPV,ElevenMPV,10545,06/08/2021, 09:19:54,447
ELEVENMPV,ElevenMPV,10545,06/08/2021, 11:14:24,447
ELEVENMPV,ElevenMPV,10546,06/08/2021, 12:21:55,447
ELEVENMPV,ElevenMPV,10546,06/08/2021, 13:30:28,447
ELEVENMPV,ElevenMPV,10546,06/08/2021, 14:17:41,447
ELEVENMPV,ElevenMPV,10546,06/08/2021, 15:16:36,447
ELEVENMPV,ElevenMPV,10546,06/08/2021, 16:31:55,447
ELEVENMPV,ElevenMPV,10547,06/08/2021, 17:51:09,447
ELEVENMPV,ElevenMPV,10547,06/08/2021, 18:38:07,447
ELEVENMPV,ElevenMPV,10547,06/08/2021, 19:35:11,447
ELEVENMPV,ElevenMPV,10547,06/08/2021, 20:17:39,447
ELEVENMPV,ElevenMPV,10547,06/08/2021, 21:11:07,447
ELEVENMPV,ElevenMPV,10547,06/08/2021, 22:12:00,447
ELEVENMPV,ElevenMPV,10548,06/08/2021, 23:12:24,447
ELEVENMPV,ElevenMPV,10548,06/09/2021, 00:39:37,447
ELEVENMPV,ElevenMPV,10548,06/09/2021, 02:17:55,447
ELEVENMPV,ElevenMPV,10548,06/09/2021, 03:36:06,447
ELEVENMPV,ElevenMPV,10548,06/09/2021, 04:33:36,447
ELEVENMPV,ElevenMPV,10548,06/09/2021, 05:35:32,447
ELEVENMPV,ElevenMPV,10548,06/09/2021, 06:22:53,447
ELEVENMPV,ElevenMPV,10548,06/09/2021, 07:24:03,447
ELEVENMPV,ElevenMPV,10548,06/09/2021, 08:12:46,447
ELEVENMPV,ElevenMPV,10548,06/09/2021, 09:15:51,447
ELEVENMPV,ElevenMPV,10548,06/09/2021, 10:13:06,447
ELEVENMPV,ElevenMPV,10548,06/09/2021, 11:11:01,447
ELEVENMPV,ElevenMPV,10549,06/09/2021, 12:17:13,447
ELEVENMPV,ElevenMPV,10549,06/09/2021, 13:27:47,447
ELEVENMPV,ElevenMPV,10549,06/09/2021, 14:18:58,447
ELEVENMPV,ElevenMPV,10549,06/09/2021, 15:14:49,447
ELEVENMPV,ElevenMPV,10549,06/09/2021, 16:29:49,447
ELEVENMPV,ElevenMPV,10550,06/09/2021, 17:40:38,447
ELEVENMPV,ElevenMPV,10552,06/09/2021, 18:30:54,447
ELEVENMPV,ElevenMPV,10552,06/09/2021, 19:24:27,447
ELEVENMPV,ElevenMPV,10552,06/09/2021, 20:10:54,447
ELEVENMPV,ElevenMPV,10553,06/09/2021, 21:10:23,447
ELEVENMPV,ElevenMPV,10553,06/09/2021, 22:11:52,447
ELEVENMPV,ElevenMPV,10553,06/09/2021, 23:12:17,447
ELEVENMPV,ElevenMPV,10553,06/10/2021, 00:37:54,447
ELEVENMPV,ElevenMPV,10553,06/10/2021, 02:14:18,447
ELEVENMPV,ElevenMPV,10553,06/10/2021, 03:29:18,447
ELEVENMPV,ElevenMPV,10553,06/10/2021, 04:28:10,447
ELEVENMPV,ElevenMPV,10554,06/10/2021, 05:30:17,447
ELEVENMPV,ElevenMPV,10555,06/10/2021, 06:18:39,447
ELEVENMPV,ElevenMPV,10555,06/10/2021, 07:20:44,447
ELEVENMPV,ElevenMPV,10555,06/10/2021, 08:17:50,447
ELEVENMPV,ElevenMPV,10555,06/10/2021, 09:16:07,447
ELEVENMPV,ElevenMPV,10555,06/10/2021, 10:17:50,447
ELEVENMPV,ElevenMPV,10555,06/10/2021, 11:10:23,447
ELEVENMPV,ElevenMPV,10555,06/10/2021, 12:21:44,447
ELEVENMPV,ElevenMPV,10556,06/10/2021, 13:29:50,447
ELEVENMPV,ElevenMPV,10556,06/10/2021, 14:14:03,447
ELEVENMPV,ElevenMPV,10556,06/10/2021, 15:17:49,447
ELEVENMPV,ElevenMPV,10557,06/10/2021, 16:25:20,447
ELEVENMPV,ElevenMPV,10557,06/10/2021, 17:41:28,447
ELEVENMPV,ElevenMPV,10557,06/10/2021, 18:29:28,447
ELEVENMPV,ElevenMPV,10557,06/10/2021, 19:21:40,447
ELEVENMPV,ElevenMPV,10559,06/10/2021, 20:11:08,447
ELEVENMPV,ElevenMPV,10559,06/10/2021, 21:10:37,447
ELEVENMPV,ElevenMPV,10559,06/10/2021, 22:11:15,447
ELEVENMPV,ElevenMPV,10559,06/10/2021, 23:11:19,447
ELEVENMPV,ElevenMPV,10559,06/11/2021, 00:35:35,447
ELEVENMPV,ElevenMPV,10559,06/11/2021, 02:02:37,447
ELEVENMPV,ElevenMPV,10560,06/11/2021, 03:19:53,447
ELEVENMPV,ElevenMPV,10560,06/11/2021, 04:15:27,447
ELEVENMPV,ElevenMPV,10560,06/11/2021, 05:17:23,447
ELEVENMPV,ElevenMPV,10561,06/11/2021, 06:13:20,447
ELEVENMPV,ElevenMPV,10561,06/11/2021, 07:14:30,447
ELEVENMPV,ElevenMPV,10562,06/11/2021, 08:14:22,447
ELEVENMPV,ElevenMPV,10562,06/11/2021, 09:15:48,447
ELEVENMPV,ElevenMPV,10562,06/11/2021, 10:13:23,447
ELEVENMPV,ElevenMPV,10562,06/11/2021, 11:09:30,447
ELEVENMPV,ElevenMPV,10562,06/11/2021, 12:15:22,447
ELEVENMPV,ElevenMPV,10562,06/11/2021, 13:22:46,447
ELEVENMPV,ElevenMPV,10562,06/11/2021, 14:11:04,447
ELEVENMPV,ElevenMPV,10562,06/11/2021, 15:16:51,447
ELEVENMPV,ElevenMPV,10562,06/11/2021, 16:20:44,447
ELEVENMPV,ElevenMPV,10562,06/11/2021, 17:28:27,447
ELEVENMPV,ElevenMPV,10563,06/11/2021, 18:15:03,447
ELEVENMPV,ElevenMPV,10563,06/11/2021, 19:10:25,447
ELEVENMPV,ElevenMPV,10563,06/11/2021, 20:10:42,447
ELEVENMPV,ElevenMPV,10563,06/11/2021, 21:09:52,447
ELEVENMPV,ElevenMPV,10563,06/11/2021, 22:11:34,447
ELEVENMPV,ElevenMPV,10563,06/11/2021, 23:11:21,447
ELEVENMPV,ElevenMPV,10563,06/12/2021, 00:31:00,447
ELEVENMPV,ElevenMPV,10564,06/12/2021, 01:52:23,447
ELEVENMPV,ElevenMPV,10564,06/12/2021, 02:29:41,447
ELEVENMPV,ElevenMPV,10564,06/12/2021, 03:13:40,447
ELEVENMPV,ElevenMPV,10564,06/12/2021, 04:13:24,447
ELEVENMPV,ElevenMPV,10565,06/12/2021, 05:13:57,447
ELEVENMPV,ElevenMPV,10567,06/12/2021, 06:12:51,447
ELEVENMPV,ElevenMPV,10567,06/12/2021, 07:13:12,447
ELEVENMPV,ElevenMPV,10569,06/12/2021, 08:11:35,447
ELEVENMPV,ElevenMPV,10569,06/12/2021, 09:10:34,447
ELEVENMPV,ElevenMPV,10569,06/12/2021, 10:11:49,447
ELEVENMPV,ElevenMPV,10570,06/12/2021, 11:09:34,447
ELEVENMPV,ElevenMPV,10570,06/12/2021, 12:15:04,447
ELEVENMPV,ElevenMPV,10571,06/12/2021, 13:21:23,447
ELEVENMPV,ElevenMPV,10571,06/12/2021, 14:09:50,447
ELEVENMPV,ElevenMPV,10572,06/12/2021, 15:11:55,447
ELEVENMPV,ElevenMPV,10573,06/12/2021, 16:18:46,447
ELEVENMPV,ElevenMPV,10574,06/12/2021, 17:25:30,447
ELEVENMPV,ElevenMPV,10575,06/12/2021, 18:12:25,447
ELEVENMPV,ElevenMPV,10576,06/12/2021, 19:11:50,447
ELEVENMPV,ElevenMPV,10577,06/12/2021, 20:11:21,447
ELEVENMPV,ElevenMPV,10577,06/12/2021, 21:09:53,447
ELEVENMPV,ElevenMPV,10578,06/12/2021, 22:10:42,447
ELEVENMPV,ElevenMPV,10578,06/12/2021, 23:10:48,447
ELEVENMPV,ElevenMPV,10578,06/13/2021, 00:37:05,447
ELEVENMPV,ElevenMPV,10578,06/13/2021, 01:59:52,447
ELEVENMPV,ElevenMPV,10578,06/13/2021, 02:41:31,447
ELEVENMPV,ElevenMPV,10578,06/13/2021, 03:14:24,447
ELEVENMPV,ElevenMPV,10578,06/13/2021, 04:13:26,447
ELEVENMPV,ElevenMPV,10578,06/13/2021, 05:14:05,447
ELEVENMPV,ElevenMPV,10579,06/13/2021, 06:13:06,447
ELEVENMPV,ElevenMPV,10579,06/13/2021, 07:13:29,447
ELEVENMPV,ElevenMPV,10580,06/13/2021, 08:11:38,447
ELEVENMPV,ElevenMPV,10581,06/13/2021, 09:10:53,447
ELEVENMPV,ElevenMPV,10581,06/13/2021, 10:12:08,447
ELEVENMPV,ElevenMPV,10581,06/13/2021, 11:09:22,447
ELEVENMPV,ElevenMPV,10581,06/13/2021, 12:15:32,447
ELEVENMPV,ElevenMPV,10581,06/13/2021, 13:22:31,447
ELEVENMPV,ElevenMPV,10581,06/13/2021, 14:09:50,447
ELEVENMPV,ElevenMPV,10582,06/13/2021, 15:11:43,447
ELEVENMPV,ElevenMPV,10583,06/13/2021, 16:18:52,447
ELEVENMPV,ElevenMPV,10583,06/13/2021, 17:25:28,447
ELEVENMPV,ElevenMPV,10583,06/13/2021, 18:12:19,447
ELEVENMPV,ElevenMPV,10585,06/13/2021, 19:11:26,447
ELEVENMPV,ElevenMPV,10586,06/13/2021, 20:10:38,447
ELEVENMPV,ElevenMPV,10586,06/13/2021, 21:10:04,447
ELEVENMPV,ElevenMPV,10587,06/13/2021, 22:10:51,447
ELEVENMPV,ElevenMPV,10589,06/13/2021, 23:11:07,447
ELEVENMPV,ElevenMPV,10589,06/14/2021, 00:33:24,447
ELEVENMPV,ElevenMPV,10591,06/14/2021, 01:59:09,447
ELEVENMPV,ElevenMPV,10591,06/14/2021, 02:41:43,447
ELEVENMPV,ElevenMPV,10591,06/14/2021, 03:15:13,447
ELEVENMPV,ElevenMPV,10591,06/14/2021, 04:14:19,447
ELEVENMPV,ElevenMPV,10592,06/14/2021, 05:15:15,447
ELEVENMPV,ElevenMPV,10593,06/14/2021, 06:13:34,447
ELEVENMPV,ElevenMPV,10594,06/14/2021, 07:15:54,447
ELEVENMPV,ElevenMPV,10594,06/14/2021, 08:17:03,447
ELEVENMPV,ElevenMPV,10595,06/14/2021, 09:15:52,447
ELEVENMPV,ElevenMPV,10595,06/14/2021, 10:16:53,447
ELEVENMPV,ElevenMPV,10595,06/14/2021, 11:09:42,447
ELEVENMPV,ElevenMPV,10595,06/14/2021, 12:16:05,447
ELEVENMPV,ElevenMPV,10595,06/14/2021, 13:27:53,447
ELEVENMPV,ElevenMPV,10595,06/14/2021, 14:14:58,447
ELEVENMPV,ElevenMPV,10599,06/14/2021, 15:16:52,447
ELEVENMPV,ElevenMPV,10600,06/14/2021, 16:19:57,447
ELEVENMPV,ElevenMPV,10600,06/14/2021, 17:26:47,447
ELEVENMPV,ElevenMPV,10600,06/14/2021, 18:13:23,447
ELEVENMPV,ElevenMPV,10600,06/14/2021, 19:10:26,447
ELEVENMPV,ElevenMPV,10600,06/14/2021, 20:11:03,447
ELEVENMPV,ElevenMPV,10600,06/14/2021, 21:10:13,447
ELEVENMPV,ElevenMPV,10600,06/14/2021, 22:12:13,447
ELEVENMPV,ElevenMPV,10600,06/14/2021, 23:11:27,447
ELEVENMPV,ElevenMPV,10600,06/15/2021, 00:35:00,447
ELEVENMPV,ElevenMPV,10600,06/15/2021, 02:06:40,447
ELEVENMPV,ElevenMPV,10600,06/15/2021, 03:16:25,447
ELEVENMPV,ElevenMPV,10600,06/15/2021, 04:14:23,447
ELEVENMPV,ElevenMPV,10600,06/15/2021, 05:15:04,447
ELEVENMPV,ElevenMPV,10601,06/15/2021, 06:13:25,447
ELEVENMPV,ElevenMPV,10601,06/15/2021, 07:19:34,447
ELEVENMPV,ElevenMPV,10601,06/15/2021, 08:17:00,447
ELEVENMPV,ElevenMPV,10601,06/15/2021, 09:18:02,447
ELEVENMPV,ElevenMPV,10601,06/15/2021, 10:16:15,447
ELEVENMPV,ElevenMPV,10601,06/15/2021, 11:09:34,447
ELEVENMPV,ElevenMPV,10601,06/15/2021, 12:20:50,447
ELEVENMPV,ElevenMPV,10601,06/15/2021, 13:23:16,447
ELEVENMPV,ElevenMPV,10601,06/15/2021, 14:10:18,447
ELEVENMPV,ElevenMPV,10601,06/15/2021, 15:15:08,447
ELEVENMPV,ElevenMPV,10603,06/15/2021, 16:20:57,447
ELEVENMPV,ElevenMPV,10604,06/15/2021, 17:30:37,447
ELEVENMPV,ElevenMPV,10606,06/15/2021, 18:15:49,447
ELEVENMPV,ElevenMPV,10606,06/15/2021, 19:11:47,447
ELEVENMPV,ElevenMPV,10606,06/15/2021, 20:11:07,447
ELEVENMPV,ElevenMPV,10607,06/15/2021, 21:10:01,447
ELEVENMPV,ElevenMPV,10607,06/15/2021, 22:11:16,447
ELEVENMPV,ElevenMPV,10607,06/15/2021, 23:11:14,447
ELEVENMPV,ElevenMPV,10607,06/16/2021, 00:35:44,447
ELEVENMPV,ElevenMPV,10607,06/16/2021, 02:00:27,447
ELEVENMPV,ElevenMPV,10607,06/16/2021, 02:42:43,447
ELEVENMPV,ElevenMPV,10607,06/16/2021, 03:14:51,447
ELEVENMPV,ElevenMPV,10607,06/16/2021, 04:14:03,447
ELEVENMPV,ElevenMPV,10607,06/16/2021, 05:15:07,447
ELEVENMPV,ElevenMPV,10607,06/16/2021, 06:13:34,447
ELEVENMPV,ElevenMPV,10607,06/16/2021, 07:15:18,447
ELEVENMPV,ElevenMPV,10608,06/16/2021, 08:12:12,447
ELEVENMPV,ElevenMPV,10608,06/16/2021, 09:11:14,447
ELEVENMPV,ElevenMPV,10608,06/16/2021, 10:12:29,447
ELEVENMPV,ElevenMPV,10608,06/16/2021, 11:09:40,447
ELEVENMPV,ElevenMPV,10608,06/16/2021, 12:16:31,447
ELEVENMPV,ElevenMPV,10608,06/16/2021, 13:24:08,447
ELEVENMPV,ElevenMPV,10608,06/16/2021, 14:12:34,447
ELEVENMPV,ElevenMPV,10608,06/16/2021, 15:16:16,447
ELEVENMPV,ElevenMPV,10608,06/16/2021, 16:20:02,447
ELEVENMPV,ElevenMPV,10609,06/16/2021, 17:28:48,447
ELEVENMPV,ElevenMPV,10609,06/16/2021, 18:14:45,447
ELEVENMPV,ElevenMPV,10610,06/16/2021, 19:11:55,447
ELEVENMPV,ElevenMPV,10611,06/16/2021, 20:11:14,447
ELEVENMPV,ElevenMPV,10611,06/16/2021, 21:10:07,447
ELEVENMPV,ElevenMPV,10611,06/16/2021, 22:11:01,447
ELEVENMPV,ElevenMPV,10611,06/16/2021, 23:11:23,447
ELEVENMPV,ElevenMPV,10611,06/17/2021, 00:34:02,447
ELEVENMPV,ElevenMPV,10611,06/17/2021, 01:56:43,447
ELEVENMPV,ElevenMPV,10611,06/17/2021, 02:33:31,447
ELEVENMPV,ElevenMPV,10612,06/17/2021, 03:13:43,447
ELEVENMPV,ElevenMPV,10612,06/17/2021, 04:13:48,447
ELEVENMPV,ElevenMPV,10612,06/17/2021, 05:14:49,447
ELEVENMPV,ElevenMPV,10613,06/17/2021, 06:13:51,447
ELEVENMPV,ElevenMPV,10613,06/17/2021, 07:15:49,447
ELEVENMPV,ElevenMPV,10613,06/17/2021, 08:16:56,447
ELEVENMPV,ElevenMPV,10614,06/17/2021, 09:17:07,447
ELEVENMPV,ElevenMPV,10614,06/17/2021, 10:16:50,447
ELEVENMPV,ElevenMPV,10614,06/17/2021, 11:12:02,447
ELEVENMPV,ElevenMPV,10614,06/17/2021, 12:20:55,447
ELEVENMPV,ElevenMPV,10615,06/17/2021, 13:27:54,447
ELEVENMPV,ElevenMPV,10615,06/17/2021, 14:10:34,447
ELEVENMPV,ElevenMPV,10615,06/17/2021, 15:18:04,447
ELEVENMPV,ElevenMPV,10616,06/17/2021, 16:20:45,447
ELEVENMPV,ElevenMPV,10616,06/17/2021, 17:28:50,447
ELEVENMPV,ElevenMPV,10616,06/17/2021, 18:14:47,447
ELEVENMPV,ElevenMPV,10616,06/17/2021, 19:11:39,447
ELEVENMPV,ElevenMPV,10616,06/17/2021, 20:11:28,447
ELEVENMPV,ElevenMPV,10616,06/17/2021, 21:10:12,447
ELEVENMPV,ElevenMPV,10616,06/17/2021, 22:11:29,447
ELEVENMPV,ElevenMPV,10617,06/17/2021, 23:11:39,447
ELEVENMPV,ElevenMPV,10617,06/18/2021, 00:34:32,447
ELEVENMPV,ElevenMPV,10618,06/18/2021, 02:04:07,447
ELEVENMPV,ElevenMPV,10618,06/18/2021, 03:14:42,447
ELEVENMPV,ElevenMPV,10618,06/18/2021, 04:13:47,447
ELEVENMPV,ElevenMPV,10618,06/18/2021, 05:14:21,447
ELEVENMPV,ElevenMPV,10618,06/18/2021, 06:13:31,447
ELEVENMPV,ElevenMPV,10618,06/18/2021, 07:15:00,447
ELEVENMPV,ElevenMPV,10618,06/18/2021, 08:12:47,447
ELEVENMPV,ElevenMPV,10619,06/18/2021, 09:15:50,447
ELEVENMPV,ElevenMPV,10619,06/18/2021, 10:13:27,447
ELEVENMPV,ElevenMPV,10619,06/18/2021, 11:09:36,447
ELEVENMPV,ElevenMPV,10619,06/18/2021, 12:19:32,447
ELEVENMPV,ElevenMPV,10619,06/18/2021, 13:24:15,447
ELEVENMPV,ElevenMPV,10619,06/18/2021, 14:14:55,447
ELEVENMPV,ElevenMPV,10619,06/18/2021, 15:13:59,447
ELEVENMPV,ElevenMPV,10619,06/18/2021, 16:19:16,447
ELEVENMPV,ElevenMPV,10621,06/18/2021, 17:27:19,447
ELEVENMPV,ElevenMPV,10621,06/18/2021, 18:13:05,447
ELEVENMPV,ElevenMPV,10622,06/18/2021, 19:10:17,447
ELEVENMPV,ElevenMPV,10623,06/18/2021, 20:11:20,447
ELEVENMPV,ElevenMPV,10623,06/18/2021, 21:10:31,447
ELEVENMPV,ElevenMPV,10623,06/18/2021, 22:11:04,447
ELEVENMPV,ElevenMPV,10623,06/18/2021, 23:11:27,447
ELEVENMPV,ElevenMPV,10624,06/19/2021, 00:34:28,447
ELEVENMPV,ElevenMPV,10626,06/19/2021, 02:02:27,447
ELEVENMPV,ElevenMPV,10626,06/19/2021, 03:13:37,447
ELEVENMPV,ElevenMPV,10626,06/19/2021, 04:13:34,447
ELEVENMPV,ElevenMPV,10626,06/19/2021, 05:14:01,447
ELEVENMPV,ElevenMPV,10626,06/19/2021, 06:13:17,447
ELEVENMPV,ElevenMPV,10626,06/19/2021, 07:13:54,447
ELEVENMPV,ElevenMPV,10626,06/19/2021, 08:11:46,447
ELEVENMPV,ElevenMPV,10626,06/19/2021, 09:10:43,447
ELEVENMPV,ElevenMPV,10626,06/19/2021, 10:12:03,447
ELEVENMPV,ElevenMPV,10626,06/19/2021, 11:09:28,447
ELEVENMPV,ElevenMPV,10626,06/19/2021, 12:15:17,447
ELEVENMPV,ElevenMPV,10627,06/19/2021, 13:21:33,447
ELEVENMPV,ElevenMPV,10628,06/19/2021, 14:09:46,447
ELEVENMPV,ElevenMPV,10629,06/19/2021, 15:11:36,447
ELEVENMPV,ElevenMPV,10629,06/19/2021, 16:17:39,447
ELEVENMPV,ElevenMPV,10630,06/19/2021, 17:26:41,447
ELEVENMPV,ElevenMPV,10630,06/19/2021, 18:12:09,447
ELEVENMPV,ElevenMPV,10631,06/19/2021, 19:08:31,447
ELEVENMPV,ElevenMPV,10631,06/19/2021, 20:10:59,447
ELEVENMPV,ElevenMPV,10631,06/19/2021, 21:09:51,447
ELEVENMPV,ElevenMPV,10631,06/19/2021, 22:10:33,447
ELEVENMPV,ElevenMPV,10631,06/19/2021, 23:11:04,447
ELEVENMPV,ElevenMPV,10631,06/20/2021, 00:36:55,447
ELEVENMPV,ElevenMPV,10632,06/20/2021, 02:05:28,447
ELEVENMPV,ElevenMPV,10632,06/20/2021, 03:14:02,447
ELEVENMPV,ElevenMPV,10632,06/20/2021, 04:13:32,447
ELEVENMPV,ElevenMPV,10632,06/20/2021, 05:13:25,447
ELEVENMPV,ElevenMPV,10632,06/20/2021, 06:12:53,447
ELEVENMPV,ElevenMPV,10632,06/20/2021, 07:13:29,447
ELEVENMPV,ElevenMPV,10632,06/20/2021, 08:11:41,447
ELEVENMPV,ElevenMPV,10632,06/20/2021, 09:10:43,447
ELEVENMPV,ElevenMPV,10632,06/20/2021, 10:11:53,447
ELEVENMPV,ElevenMPV,10633,06/20/2021, 11:09:07,447
ELEVENMPV,ElevenMPV,10633,06/20/2021, 12:15:29,447
ELEVENMPV,ElevenMPV,10633,06/20/2021, 13:21:43,447
ELEVENMPV,ElevenMPV,10633,06/20/2021, 14:09:53,447
ELEVENMPV,ElevenMPV,10633,06/20/2021, 15:11:53,447
ELEVENMPV,ElevenMPV,10633,06/20/2021, 16:17:35,447
ELEVENMPV,ElevenMPV,10634,06/20/2021, 17:23:59,447
ELEVENMPV,ElevenMPV,10635,06/20/2021, 18:12:03,447
ELEVENMPV,ElevenMPV,10635,06/20/2021, 19:08:31,447
ELEVENMPV,ElevenMPV,10635,06/20/2021, 20:10:44,447
ELEVENMPV,ElevenMPV,10637,06/20/2021, 21:09:44,447
ELEVENMPV,ElevenMPV,10637,06/20/2021, 22:10:43,447
ELEVENMPV,ElevenMPV,10637,06/20/2021, 23:10:55,447
ELEVENMPV,ElevenMPV,10637,06/21/2021, 00:36:40,447
ELEVENMPV,ElevenMPV,10637,06/21/2021, 02:05:07,447
ELEVENMPV,ElevenMPV,10637,06/21/2021, 03:13:59,447
ELEVENMPV,ElevenMPV,10640,06/21/2021, 04:13:40,447
ELEVENMPV,ElevenMPV,10641,06/21/2021, 05:13:45,447
ELEVENMPV,ElevenMPV,10641,06/21/2021, 06:13:33,447
ELEVENMPV,ElevenMPV,10643,06/21/2021, 07:26:35,447
ELEVENMPV,ElevenMPV,10643,06/21/2021, 08:21:13,447
ELEVENMPV,ElevenMPV,10643,06/21/2021, 09:16:25,447
ELEVENMPV,ElevenMPV,10644,06/21/2021, 10:16:26,447
ELEVENMPV,ElevenMPV,10644,06/21/2021, 11:13:51,447
ELEVENMPV,ElevenMPV,10644,06/21/2021, 12:16:41,447
ELEVENMPV,ElevenMPV,10644,06/21/2021, 13:27:57,447
ELEVENMPV,ElevenMPV,10644,06/21/2021, 14:15:56,447
ELEVENMPV,ElevenMPV,10644,06/21/2021, 15:17:08,447
ELEVENMPV,ElevenMPV,10645,06/21/2021, 16:21:16,447
ELEVENMPV,ElevenMPV,10645,06/21/2021, 17:25:39,447
ELEVENMPV,ElevenMPV,10645,06/21/2021, 18:12:35,447
ELEVENMPV,ElevenMPV,10645,06/21/2021, 19:09:40,447
ELEVENMPV,ElevenMPV,10646,06/21/2021, 20:11:03,447
ELEVENMPV,ElevenMPV,10646,06/21/2021, 21:10:34,447
ELEVENMPV,ElevenMPV,10647,06/21/2021, 22:11:05,447
ELEVENMPV,ElevenMPV,10647,06/21/2021, 23:11:26,447
ELEVENMPV,ElevenMPV,10647,06/22/2021, 00:33:03,447
ELEVENMPV,ElevenMPV,10648,06/22/2021, 01:54:45,447
ELEVENMPV,ElevenMPV,10648,06/22/2021, 02:30:04,447
ELEVENMPV,ElevenMPV,10648,06/22/2021, 03:11:26,447
ELEVENMPV,ElevenMPV,10648,06/22/2021, 04:14:03,447
ELEVENMPV,ElevenMPV,10649,06/22/2021, 05:13:50,447
ELEVENMPV,ElevenMPV,10650,06/22/2021, 06:13:27,447
ELEVENMPV,ElevenMPV,10651,06/22/2021, 07:14:17,447
ELEVENMPV,ElevenMPV,10652,06/22/2021, 08:12:26,447
ELEVENMPV,ElevenMPV,10652,06/22/2021, 09:15:54,447
ELEVENMPV,ElevenMPV,10652,06/22/2021, 10:16:51,447
ELEVENMPV,ElevenMPV,10652,06/22/2021, 11:09:28,447
ELEVENMPV,ElevenMPV,10652,06/22/2021, 12:16:32,447
ELEVENMPV,ElevenMPV,10652,06/22/2021, 13:22:47,447
ELEVENMPV,ElevenMPV,10652,06/22/2021, 14:10:34,447
ELEVENMPV,ElevenMPV,10652,06/22/2021, 15:13:42,447
ELEVENMPV,ElevenMPV,10652,06/22/2021, 16:19:49,447
ELEVENMPV,ElevenMPV,10652,06/22/2021, 17:25:31,447
ELEVENMPV,ElevenMPV,10653,06/22/2021, 18:12:08,447
ELEVENMPV,ElevenMPV,10653,06/22/2021, 19:09:37,447
ELEVENMPV,ElevenMPV,10653,06/22/2021, 20:11:09,447
ELEVENMPV,ElevenMPV,10653,06/22/2021, 21:09:46,447
ELEVENMPV,ElevenMPV,10653,06/22/2021, 22:11:32,447
ELEVENMPV,ElevenMPV,10653,06/22/2021, 23:10:41,447
ELEVENMPV,ElevenMPV,10653,06/23/2021, 00:33:14,447
ELEVENMPV,ElevenMPV,10653,06/23/2021, 01:45:42,447
ELEVENMPV,ElevenMPV,10653,06/23/2021, 02:22:33,447
ELEVENMPV,ElevenMPV,10654,06/23/2021, 03:10:47,447
ELEVENMPV,ElevenMPV,10655,06/23/2021, 04:12:50,447
ELEVENMPV,ElevenMPV,10655,06/23/2021, 05:09:14,447
ELEVENMPV,ElevenMPV,10655,06/23/2021, 06:12:28,447
ELEVENMPV,ElevenMPV,10655,06/23/2021, 07:09:29,447
ELEVENMPV,ElevenMPV,10655,06/23/2021, 08:12:12,447
ELEVENMPV,ElevenMPV,10655,06/23/2021, 09:14:49,447
ELEVENMPV,ElevenMPV,10655,06/23/2021, 10:15:49,447
ELEVENMPV,ElevenMPV,10657,06/23/2021, 11:09:59,447
ELEVENMPV,ElevenMPV,10657,06/23/2021, 12:13:02,447
ELEVENMPV,ElevenMPV,10657,06/23/2021, 13:17:37,447
ELEVENMPV,ElevenMPV,10658,06/23/2021, 14:11:56,447
ELEVENMPV,ElevenMPV,10658,06/23/2021, 15:11:56,447
ELEVENMPV,ElevenMPV,10658,06/23/2021, 16:17:28,447
ELEVENMPV,ElevenMPV,10658,06/23/2021, 17:15:38,447
ELEVENMPV,ElevenMPV,10658,06/23/2021, 18:15:45,447
ELEVENMPV,ElevenMPV,10658,06/23/2021, 19:08:16,447
ELEVENMPV,ElevenMPV,10658,06/23/2021, 20:10:23,447
ELEVENMPV,ElevenMPV,10660,06/23/2021, 21:09:28,447
ELEVENMPV,ElevenMPV,10660,06/23/2021, 22:10:04,447
ELEVENMPV,ElevenMPV,10660,06/23/2021, 23:10:32,447
ELEVENMPV,ElevenMPV,10661,06/24/2021, 00:48:23,447
ELEVENMPV,ElevenMPV,10661,06/24/2021, 01:49:49,447
ELEVENMPV,ElevenMPV,10661,06/24/2021, 02:21:06,447
ELEVENMPV,ElevenMPV,10662,06/24/2021, 03:13:20,447
ELEVENMPV,ElevenMPV,10663,06/24/2021, 04:15:19,447
ELEVENMPV,ElevenMPV,10664,06/24/2021, 05:10:10,447
ELEVENMPV,ElevenMPV,10664,06/24/2021, 06:14:20,447
ELEVENMPV,ElevenMPV,10664,06/24/2021, 07:10:23,447
ELEVENMPV,ElevenMPV,10664,06/24/2021, 08:16:15,447
ELEVENMPV,ElevenMPV,10665,06/24/2021, 09:15:48,447
ELEVENMPV,ElevenMPV,10665,06/24/2021, 10:16:50,447
ELEVENMPV,ElevenMPV,10665,06/24/2021, 11:09:02,447
ELEVENMPV,ElevenMPV,10665,06/24/2021, 12:17:16,447
ELEVENMPV,ElevenMPV,10665,06/24/2021, 13:22:49,447
ELEVENMPV,ElevenMPV,10665,06/24/2021, 14:14:55,447
ELEVENMPV,ElevenMPV,10666,06/24/2021, 15:17:55,447
ELEVENMPV,ElevenMPV,10666,06/24/2021, 16:18:06,447
ELEVENMPV,ElevenMPV,10666,06/24/2021, 17:18:43,447
ELEVENMPV,ElevenMPV,10666,06/24/2021, 18:14:08,447
ELEVENMPV,ElevenMPV,10666,06/24/2021, 19:09:04,447
ELEVENMPV,ElevenMPV,10666,06/24/2021, 20:09:48,447
ELEVENMPV,ElevenMPV,10666,06/24/2021, 21:11:14,447
ELEVENMPV,ElevenMPV,10667,06/24/2021, 22:11:05,447
ELEVENMPV,ElevenMPV,10667,06/24/2021, 23:11:18,447
ELEVENMPV,ElevenMPV,10667,06/25/2021, 00:37:49,447
ELEVENMPV,ElevenMPV,10668,06/25/2021, 01:58:16,447
ELEVENMPV,ElevenMPV,10668,06/25/2021, 02:31:25,447
ELEVENMPV,ElevenMPV,10668,06/25/2021, 03:12:23,447
ELEVENMPV,ElevenMPV,10668,06/25/2021, 04:13:45,447
ELEVENMPV,ElevenMPV,10668,06/25/2021, 05:09:27,447
ELEVENMPV,ElevenMPV,10668,06/25/2021, 06:14:00,447
ELEVENMPV,ElevenMPV,10668,06/25/2021, 07:08:44,447
ELEVENMPV,ElevenMPV,10669,06/25/2021, 08:12:12,447
ELEVENMPV,ElevenMPV,10669,06/25/2021, 09:14:29,447
ELEVENMPV,ElevenMPV,10669,06/25/2021, 10:11:57,447
ELEVENMPV,ElevenMPV,10669,06/25/2021, 11:09:21,447
ELEVENMPV,ElevenMPV,10669,06/25/2021, 12:16:14,447
ELEVENMPV,ElevenMPV,10669,06/25/2021, 13:18:22,447
ELEVENMPV,ElevenMPV,10669,06/25/2021, 14:14:56,447
ELEVENMPV,ElevenMPV,10669,06/25/2021, 15:12:35,447
ELEVENMPV,ElevenMPV,10669,06/25/2021, 16:16:35,447
ELEVENMPV,ElevenMPV,10670,06/25/2021, 17:20:28,447
ELEVENMPV,ElevenMPV,10670,06/25/2021, 18:12:42,447
ELEVENMPV,ElevenMPV,10670,06/25/2021, 19:08:45,447
ELEVENMPV,ElevenMPV,10670,06/25/2021, 20:11:11,447
ELEVENMPV,ElevenMPV,10670,06/25/2021, 21:10:23,447
ELEVENMPV,ElevenMPV,10671,06/25/2021, 22:10:53,447
ELEVENMPV,ElevenMPV,10671,06/25/2021, 23:11:00,447
ELEVENMPV,ElevenMPV,10671,06/26/2021, 00:33:27,447
ELEVENMPV,ElevenMPV,10671,06/26/2021, 01:49:52,447
ELEVENMPV,ElevenMPV,10671,06/26/2021, 02:22:50,447
ELEVENMPV,ElevenMPV,10671,06/26/2021, 03:12:20,447
ELEVENMPV,ElevenMPV,10671,06/26/2021, 04:13:42,447
ELEVENMPV,ElevenMPV,10671,06/26/2021, 05:09:12,447
ELEVENMPV,ElevenMPV,10672,06/26/2021, 06:13:26,447
ELEVENMPV,ElevenMPV,10672,06/26/2021, 07:09:41,447
ELEVENMPV,ElevenMPV,10672,06/26/2021, 08:11:46,447
ELEVENMPV,ElevenMPV,10672,06/26/2021, 09:11:17,447
ELEVENMPV,ElevenMPV,10672,06/26/2021, 10:11:42,447
ELEVENMPV,ElevenMPV,10672,06/26/2021, 11:09:00,447
ELEVENMPV,ElevenMPV,10672,06/26/2021, 12:15:33,447
ELEVENMPV,ElevenMPV,10672,06/26/2021, 13:16:22,447
ELEVENMPV,ElevenMPV,10672,06/26/2021, 14:09:29,447
ELEVENMPV,ElevenMPV,10673,06/26/2021, 15:12:06,447
ELEVENMPV,ElevenMPV,10673,06/26/2021, 16:15:38,447
ELEVENMPV,ElevenMPV,10673,06/26/2021, 17:16:47,447
ELEVENMPV,ElevenMPV,10673,06/26/2021, 18:12:47,447
ELEVENMPV,ElevenMPV,10673,06/26/2021, 19:08:30,447
ELEVENMPV,ElevenMPV,10673,06/26/2021, 20:10:21,447
ELEVENMPV,ElevenMPV,10673,06/26/2021, 21:10:24,447
ELEVENMPV,ElevenMPV,10673,06/26/2021, 22:10:15,447
ELEVENMPV,ElevenMPV,10674,06/26/2021, 23:10:37,447
ELEVENMPV,ElevenMPV,10674,06/27/2021, 00:39:07,447
ELEVENMPV,ElevenMPV,10674,06/27/2021, 01:59:46,447
ELEVENMPV,ElevenMPV,10674,06/27/2021, 02:34:13,447
ELEVENMPV,ElevenMPV,10674,06/27/2021, 03:12:12,447
ELEVENMPV,ElevenMPV,10674,06/27/2021, 04:13:34,447
ELEVENMPV,ElevenMPV,10675,06/27/2021, 05:09:23,447
ELEVENMPV,ElevenMPV,10675,06/27/2021, 06:13:20,447
ELEVENMPV,ElevenMPV,10675,06/27/2021, 07:09:45,447
ELEVENMPV,ElevenMPV,10676,06/27/2021, 08:11:58,447
ELEVENMPV,ElevenMPV,10676,06/27/2021, 09:11:35,447
ELEVENMPV,ElevenMPV,10676,06/27/2021, 10:11:24,447
ELEVENMPV,ElevenMPV,10676,06/27/2021, 11:08:59,447
ELEVENMPV,ElevenMPV,10676,06/27/2021, 12:16:03,447
ELEVENMPV,ElevenMPV,10677,06/27/2021, 13:16:30,447
ELEVENMPV,ElevenMPV,10677,06/27/2021, 14:09:45,447
ELEVENMPV,ElevenMPV,10677,06/27/2021, 15:12:08,447
ELEVENMPV,ElevenMPV,10677,06/27/2021, 16:15:33,447
ELEVENMPV,ElevenMPV,10677,06/27/2021, 17:16:37,447
ELEVENMPV,ElevenMPV,10678,06/27/2021, 18:12:39,447
ELEVENMPV,ElevenMPV,10678,06/27/2021, 19:08:33,447
ELEVENMPV,ElevenMPV,10679,06/27/2021, 20:10:27,447
ELEVENMPV,ElevenMPV,10679,06/27/2021, 21:10:21,447
ELEVENMPV,ElevenMPV,10679,06/27/2021, 22:10:10,447
ELEVENMPV,ElevenMPV,10679,06/27/2021, 23:11:10,447
ELEVENMPV,ElevenMPV,10680,06/28/2021, 00:37:28,447
ELEVENMPV,ElevenMPV,10680,06/28/2021, 01:55:24,447
ELEVENMPV,ElevenMPV,10680,06/28/2021, 02:27:54,447
ELEVENMPV,ElevenMPV,10682,06/28/2021, 03:12:40,447
ELEVENMPV,ElevenMPV,10682,06/28/2021, 04:14:01,447
ELEVENMPV,ElevenMPV,10682,06/28/2021, 05:09:39,447
ELEVENMPV,ElevenMPV,10682,06/28/2021, 06:14:11,447
ELEVENMPV,ElevenMPV,10682,06/28/2021, 07:09:54,447
ELEVENMPV,ElevenMPV,10683,06/28/2021, 08:16:51,447
ELEVENMPV,ElevenMPV,10685,06/28/2021, 09:16:52,447
ELEVENMPV,ElevenMPV,10686,06/28/2021, 10:16:55,447
ELEVENMPV,ElevenMPV,10687,06/28/2021, 11:13:49,447
ELEVENMPV,ElevenMPV,10687,06/28/2021, 12:22:01,447
ELEVENMPV,ElevenMPV,10687,06/28/2021, 13:24:03,447
ELEVENMPV,ElevenMPV,10688,06/28/2021, 14:14:50,447
ELEVENMPV,ElevenMPV,10688,06/28/2021, 15:16:54,447
ELEVENMPV,ElevenMPV,10688,06/28/2021, 16:20:29,447
ELEVENMPV,ElevenMPV,10688,06/28/2021, 17:44:19,447
ELEVENMPV,ElevenMPV,10688,06/28/2021, 18:27:09,447
ELEVENMPV,ElevenMPV,10688,06/28/2021, 19:14:52,447
ELEVENMPV,ElevenMPV,10688,06/28/2021, 20:10:57,447
ELEVENMPV,ElevenMPV,10688,06/28/2021, 21:10:28,447
ELEVENMPV,ElevenMPV,10688,06/28/2021, 22:10:41,447
ELEVENMPV,ElevenMPV,10688,06/28/2021, 23:11:03,447
ELEVENMPV,ElevenMPV,10689,06/29/2021, 00:34:57,447
ELEVENMPV,ElevenMPV,10689,06/29/2021, 01:52:38,447
ELEVENMPV,ElevenMPV,10689,06/29/2021, 02:25:14,447
ELEVENMPV,ElevenMPV,10689,06/29/2021, 03:12:47,447
ELEVENMPV,ElevenMPV,10689,06/29/2021, 04:13:48,447
ELEVENMPV,ElevenMPV,10689,06/29/2021, 05:09:41,447
ELEVENMPV,ElevenMPV,10689,06/29/2021, 06:13:59,447
ELEVENMPV,ElevenMPV,10690,06/29/2021, 07:09:39,447
ELEVENMPV,ElevenMPV,10690,06/29/2021, 08:16:56,447
ELEVENMPV,ElevenMPV,10690,06/29/2021, 09:17:10,447
ELEVENMPV,ElevenMPV,10690,06/29/2021, 10:17:00,447
ELEVENMPV,ElevenMPV,10690,06/29/2021, 11:09:41,447
ELEVENMPV,ElevenMPV,10690,06/29/2021, 12:21:57,447
ELEVENMPV,ElevenMPV,10690,06/29/2021, 13:18:17,447
ELEVENMPV,ElevenMPV,10691,06/29/2021, 14:14:56,447
ELEVENMPV,ElevenMPV,10691,06/29/2021, 15:16:03,447
ELEVENMPV,ElevenMPV,10692,06/29/2021, 16:19:27,447
ELEVENMPV,ElevenMPV,10692,06/29/2021, 17:23:46,447
ELEVENMPV,ElevenMPV,10693,06/29/2021, 18:14:29,447
ELEVENMPV,ElevenMPV,10693,06/29/2021, 19:09:41,447
ELEVENMPV,ElevenMPV,10693,06/29/2021, 20:10:51,447
ELEVENMPV,ElevenMPV,10693,06/29/2021, 21:11:11,447
ELEVENMPV,ElevenMPV,10693,06/29/2021, 22:10:50,447
ELEVENMPV,ElevenMPV,10695,06/29/2021, 23:11:09,447
ELEVENMPV,ElevenMPV,10695,06/30/2021, 00:38:19,447
ELEVENMPV,ElevenMPV,10695,06/30/2021, 01:58:21,447
ELEVENMPV,ElevenMPV,10695,06/30/2021, 02:31:24,447
ELEVENMPV,ElevenMPV,10695,06/30/2021, 03:12:28,447
ELEVENMPV,ElevenMPV,10695,06/30/2021, 04:13:57,447
ELEVENMPV,ElevenMPV,10697,06/30/2021, 05:09:34,447
ELEVENMPV,ElevenMPV,10698,06/30/2021, 06:18:09,447
ELEVENMPV,ElevenMPV,10698,06/30/2021, 07:10:02,447
ELEVENMPV,ElevenMPV,10698,06/30/2021, 08:16:50,447
ELEVENMPV,ElevenMPV,10698,06/30/2021, 09:16:53,447
ELEVENMPV,ElevenMPV,10698,06/30/2021, 10:16:48,447
ELEVENMPV,ElevenMPV,10698,06/30/2021, 11:13:56,447
ELEVENMPV,ElevenMPV,10698,06/30/2021, 12:20:53,447
ELEVENMPV,ElevenMPV,10699,06/30/2021, 13:22:49,447
ELEVENMPV,ElevenMPV,10699,06/30/2021, 14:15:18,447
ELEVENMPV,ElevenMPV,10700,06/30/2021, 15:16:49,447
ELEVENMPV,ElevenMPV,10700,06/30/2021, 16:20:48,447
ELEVENMPV,ElevenMPV,10700,06/30/2021, 17:23:26,447
ELEVENMPV,ElevenMPV,10700,06/30/2021, 18:17:49,447
ELEVENMPV,ElevenMPV,10701,06/30/2021, 19:08:57,447
ELEVENMPV,ElevenMPV,10701,06/30/2021, 20:15:46,447
ELEVENMPV,ElevenMPV,10701,06/30/2021, 21:10:27,447
ELEVENMPV,ElevenMPV,10701,06/30/2021, 22:10:37,447
ELEVENMPV,ElevenMPV,10702,06/30/2021, 23:10:15,447
ELEVENMPV,ElevenMPV,10702,07/01/2021, 00:37:07,447
ELEVENMPV,ElevenMPV,10702,07/01/2021, 01:57:07,447
ELEVENMPV,ElevenMPV,10702,07/01/2021, 02:27:08,447
ELEVENMPV,ElevenMPV,10702,07/01/2021, 03:12:27,447
ELEVENMPV,ElevenMPV,10702,07/01/2021, 04:13:46,447
ELEVENMPV,ElevenMPV,10702,07/01/2021, 05:09:40,447
ELEVENMPV,ElevenMPV,10703,07/01/2021, 06:13:45,447
ELEVENMPV,ElevenMPV,10703,07/01/2021, 07:12:55,447
ELEVENMPV,ElevenMPV,10703,07/01/2021, 08:16:53,447
ELEVENMPV,ElevenMPV,10703,07/01/2021, 09:16:46,447
ELEVENMPV,ElevenMPV,10704,07/01/2021, 10:16:53,447
ELEVENMPV,ElevenMPV,10704,07/01/2021, 11:14:06,447
ELEVENMPV,ElevenMPV,10705,07/01/2021, 12:21:48,447
ELEVENMPV,ElevenMPV,10705,07/01/2021, 13:21:54,447
ELEVENMPV,ElevenMPV,10705,07/01/2021, 14:14:48,447
ELEVENMPV,ElevenMPV,10705,07/01/2021, 15:16:55,447
ELEVENMPV,ElevenMPV,10705,07/01/2021, 16:20:54,447
ELEVENMPV,ElevenMPV,10705,07/01/2021, 17:19:51,447
ELEVENMPV,ElevenMPV,10705,07/01/2021, 18:13:19,447
ELEVENMPV,ElevenMPV,10705,07/01/2021, 19:10:51,447
ELEVENMPV,ElevenMPV,10705,07/01/2021, 20:12:07,447
ELEVENMPV,ElevenMPV,10705,07/01/2021, 21:10:36,447
ELEVENMPV,ElevenMPV,10706,07/01/2021, 22:10:50,447
ELEVENMPV,ElevenMPV,10706,07/01/2021, 23:11:40,447
ELEVENMPV,ElevenMPV,10707,07/02/2021, 00:34:32,447
ELEVENMPV,ElevenMPV,10707,07/02/2021, 01:55:39,447
ELEVENMPV,ElevenMPV,10707,07/02/2021, 02:24:01,447
ELEVENMPV,ElevenMPV,10707,07/02/2021, 03:12:27,447
ELEVENMPV,ElevenMPV,10707,07/02/2021, 04:13:46,447
ELEVENMPV,ElevenMPV,10707,07/02/2021, 05:09:37,447
ELEVENMPV,ElevenMPV,10707,07/02/2021, 06:12:04,447
ELEVENMPV,ElevenMPV,10707,07/02/2021, 07:11:19,447
ELEVENMPV,ElevenMPV,10707,07/02/2021, 08:12:47,447
ELEVENMPV,ElevenMPV,10707,07/02/2021, 09:15:57,447
ELEVENMPV,ElevenMPV,10707,07/02/2021, 10:11:53,447
ELEVENMPV,ElevenMPV,10707,07/02/2021, 11:09:13,447
ELEVENMPV,ElevenMPV,10707,07/02/2021, 12:16:51,447
ELEVENMPV,ElevenMPV,10707,07/02/2021, 13:16:59,447
ELEVENMPV,ElevenMPV,10707,07/02/2021, 14:14:53,447
ELEVENMPV,ElevenMPV,10707,07/02/2021, 15:17:56,447
ELEVENMPV,ElevenMPV,10707,07/02/2021, 16:18:04,447
ELEVENMPV,ElevenMPV,10707,07/02/2021, 17:19:25,447
ELEVENMPV,ElevenMPV,10707,07/02/2021, 18:11:37,447
ELEVENMPV,ElevenMPV,10708,07/02/2021, 19:10:03,447
ELEVENMPV,ElevenMPV,10708,07/02/2021, 20:11:19,447
ELEVENMPV,ElevenMPV,10708,07/02/2021, 21:10:07,447
ELEVENMPV,ElevenMPV,10708,07/02/2021, 22:12:46,447
ELEVENMPV,ElevenMPV,10708,07/02/2021, 23:10:36,447
ELEVENMPV,ElevenMPV,10708,07/03/2021, 00:35:12,447
ELEVENMPV,ElevenMPV,10708,07/03/2021, 01:48:41,447
ELEVENMPV,ElevenMPV,10708,07/03/2021, 02:18:41,447
ELEVENMPV,ElevenMPV,10709,07/03/2021, 03:11:54,447
ELEVENMPV,ElevenMPV,10709,07/03/2021, 04:13:25,447
ELEVENMPV,ElevenMPV,10709,07/03/2021, 05:09:25,447
ELEVENMPV,ElevenMPV,10709,07/03/2021, 06:13:03,447
ELEVENMPV,ElevenMPV,10709,07/03/2021, 07:09:54,447
ELEVENMPV,ElevenMPV,10710,07/03/2021, 08:11:44,447
ELEVENMPV,ElevenMPV,10710,07/03/2021, 09:11:09,447
ELEVENMPV,ElevenMPV,10710,07/03/2021, 10:11:21,447
ELEVENMPV,ElevenMPV,10710,07/03/2021, 11:08:55,447
ELEVENMPV,ElevenMPV,10710,07/03/2021, 12:15:51,447
ELEVENMPV,ElevenMPV,10710,07/03/2021, 13:14:31,447
ELEVENMPV,ElevenMPV,10710,07/03/2021, 14:09:20,447
ELEVENMPV,ElevenMPV,10710,07/03/2021, 15:11:50,447
ELEVENMPV,ElevenMPV,10710,07/03/2021, 16:15:24,447
ELEVENMPV,ElevenMPV,10711,07/03/2021, 17:15:49,447
ELEVENMPV,ElevenMPV,10712,07/03/2021, 18:12:23,447
ELEVENMPV,ElevenMPV,10712,07/03/2021, 19:08:34,447
ELEVENMPV,ElevenMPV,10712,07/03/2021, 20:10:29,447
ELEVENMPV,ElevenMPV,10712,07/03/2021, 21:10:09,447
ELEVENMPV,ElevenMPV,10712,07/03/2021, 22:10:22,447
ELEVENMPV,ElevenMPV,10713,07/03/2021, 23:10:11,447
ELEVENMPV,ElevenMPV,10716,07/04/2021, 00:35:51,447
ELEVENMPV,ElevenMPV,10717,07/04/2021, 01:52:44,447
ELEVENMPV,ElevenMPV,10717,07/04/2021, 02:21:15,447
ELEVENMPV,ElevenMPV,10717,07/04/2021, 03:12:12,447
ELEVENMPV,ElevenMPV,10717,07/04/2021, 04:13:47,447
ELEVENMPV,ElevenMPV,10717,07/04/2021, 05:09:18,447
ELEVENMPV,ElevenMPV,10717,07/04/2021, 06:13:21,447
ELEVENMPV,ElevenMPV,10717,07/04/2021, 07:09:57,447
ELEVENMPV,ElevenMPV,10720,07/04/2021, 08:11:28,447
ELEVENMPV,ElevenMPV,10720,07/04/2021, 09:11:07,447
ELEVENMPV,ElevenMPV,10721,07/04/2021, 10:11:35,447
ELEVENMPV,ElevenMPV,10721,07/04/2021, 11:08:47,447
ELEVENMPV,ElevenMPV,10721,07/04/2021, 12:15:57,447
ELEVENMPV,ElevenMPV,10721,07/04/2021, 13:14:43,447
ELEVENMPV,ElevenMPV,10721,07/04/2021, 14:09:26,447
ELEVENMPV,ElevenMPV,10721,07/04/2021, 15:11:51,447
ELEVENMPV,ElevenMPV,10722,07/04/2021, 16:15:22,447
ELEVENMPV,ElevenMPV,10723,07/04/2021, 17:15:46,447
ELEVENMPV,ElevenMPV,10723,07/04/2021, 18:12:36,447
ELEVENMPV,ElevenMPV,10723,07/04/2021, 19:08:29,447
ELEVENMPV,ElevenMPV,10723,07/04/2021, 20:10:34,447
ELEVENMPV,ElevenMPV,10723,07/04/2021, 21:10:05,447
ELEVENMPV,ElevenMPV,10724,07/04/2021, 22:10:23,447
ELEVENMPV,ElevenMPV,10724,07/04/2021, 23:10:47,447
ELEVENMPV,ElevenMPV,10725,07/05/2021, 00:33:05,447
ELEVENMPV,ElevenMPV,10725,07/05/2021, 01:52:42,447
ELEVENMPV,ElevenMPV,10725,07/05/2021, 02:22:00,447
ELEVENMPV,ElevenMPV,10725,07/05/2021, 03:12:25,447
ELEVENMPV,ElevenMPV,10726,07/05/2021, 04:13:46,447
ELEVENMPV,ElevenMPV,10726,07/05/2021, 05:09:37,447
ELEVENMPV,ElevenMPV,10726,07/05/2021, 06:13:39,447
ELEVENMPV,ElevenMPV,10726,07/05/2021, 07:10:07,447
ELEVENMPV,ElevenMPV,10726,07/05/2021, 08:17:50,447
ELEVENMPV,ElevenMPV,10726,07/05/2021, 09:16:56,447
ELEVENMPV,ElevenMPV,10726,07/05/2021, 10:16:54,447
ELEVENMPV,ElevenMPV,10726,07/05/2021, 11:12:01,447
ELEVENMPV,ElevenMPV,10726,07/05/2021, 12:19:13,447
ELEVENMPV,ElevenMPV,10727,07/05/2021, 13:21:52,447
ELEVENMPV,ElevenMPV,10727,07/05/2021, 14:14:56,447
ELEVENMPV,ElevenMPV,10727,07/05/2021, 15:16:46,447
ELEVENMPV,ElevenMPV,10727,07/05/2021, 16:16:13,447
ELEVENMPV,ElevenMPV,10727,07/05/2021, 17:17:24,447
ELEVENMPV,ElevenMPV,10727,07/05/2021, 18:12:52,447
ELEVENMPV,ElevenMPV,10728,07/05/2021, 19:08:42,447
ELEVENMPV,ElevenMPV,10728,07/05/2021, 20:10:58,447
ELEVENMPV,ElevenMPV,10728,07/05/2021, 21:10:31,447
ELEVENMPV,ElevenMPV,10729,07/05/2021, 22:10:36,447
ELEVENMPV,ElevenMPV,10729,07/05/2021, 23:11:04,447
ELEVENMPV,ElevenMPV,10729,07/06/2021, 00:37:17,447
ELEVENMPV,ElevenMPV,10729,07/06/2021, 01:55:54,447
ELEVENMPV,ElevenMPV,10729,07/06/2021, 02:23:43,447
ELEVENMPV,ElevenMPV,10730,07/06/2021, 03:12:31,447
ELEVENMPV,ElevenMPV,10731,07/06/2021, 04:13:34,447
ELEVENMPV,ElevenMPV,10732,07/06/2021, 05:09:28,447
ELEVENMPV,ElevenMPV,10733,07/06/2021, 06:13:57,447
ELEVENMPV,ElevenMPV,10733,07/06/2021, 07:14:46,447
ELEVENMPV,ElevenMPV,10733,07/06/2021, 08:12:44,447
ELEVENMPV,ElevenMPV,10733,07/06/2021, 09:15:52,447
ELEVENMPV,ElevenMPV,10734,07/06/2021, 10:16:15,447
ELEVENMPV,ElevenMPV,10734,07/06/2021, 11:09:09,447
ELEVENMPV,ElevenMPV,10738,07/06/2021, 12:20:56,447
ELEVENMPV,ElevenMPV,10738,07/06/2021, 13:21:50,447
ELEVENMPV,ElevenMPV,10738,07/06/2021, 14:09:57,447
ELEVENMPV,ElevenMPV,10738,07/06/2021, 15:12:24,447
ELEVENMPV,ElevenMPV,10738,07/06/2021, 16:16:18,447
ELEVENMPV,ElevenMPV,10738,07/06/2021, 17:21:56,447
ELEVENMPV,ElevenMPV,10738,07/06/2021, 18:12:58,447
ELEVENMPV,ElevenMPV,10739,07/06/2021, 19:08:49,447
ELEVENMPV,ElevenMPV,10739,07/06/2021, 20:11:01,447
ELEVENMPV,ElevenMPV,10739,07/06/2021, 21:10:37,447
ELEVENMPV,ElevenMPV,10739,07/06/2021, 22:10:41,447
ELEVENMPV,ElevenMPV,10739,07/06/2021, 23:10:41,447
ELEVENMPV,ElevenMPV,10740,07/07/2021, 00:36:09,447
ELEVENMPV,ElevenMPV,10740,07/07/2021, 01:55:51,447
ELEVENMPV,ElevenMPV,10740,07/07/2021, 02:23:38,447
ELEVENMPV,ElevenMPV,10741,07/07/2021, 03:13:11,447
ELEVENMPV,ElevenMPV,10741,07/07/2021, 04:13:59,447
ELEVENMPV,ElevenMPV,10741,07/07/2021, 05:09:32,447
ELEVENMPV,ElevenMPV,10741,07/07/2021, 06:13:31,447
ELEVENMPV,ElevenMPV,10742,07/07/2021, 07:10:05,447
ELEVENMPV,ElevenMPV,10744,07/07/2021, 08:15:49,447
ELEVENMPV,ElevenMPV,10744,07/07/2021, 09:16:38,447
ELEVENMPV,ElevenMPV,10744,07/07/2021, 10:13:36,447
ELEVENMPV,ElevenMPV,10744,07/07/2021, 11:09:12,447
ELEVENMPV,ElevenMPV,10744,07/07/2021, 12:16:38,447
ELEVENMPV,ElevenMPV,10744,07/07/2021, 13:19:40,447
ELEVENMPV,ElevenMPV,10744,07/07/2021, 14:11:15,447
ELEVENMPV,ElevenMPV,10744,07/07/2021, 15:16:57,447
ELEVENMPV,ElevenMPV,10744,07/07/2021, 16:22:36,447
ELEVENMPV,ElevenMPV,10744,07/07/2021, 17:25:51,447
ELEVENMPV,ElevenMPV,10744,07/07/2021, 18:17:51,447
ELEVENMPV,ElevenMPV,10744,07/07/2021, 19:08:43,447
ELEVENMPV,ElevenMPV,10744,07/07/2021, 20:11:15,447
ELEVENMPV,ElevenMPV,10744,07/07/2021, 21:10:15,447
ELEVENMPV,ElevenMPV,10744,07/07/2021, 22:10:43,447
ELEVENMPV,ElevenMPV,10745,07/07/2021, 23:10:50,447
ELEVENMPV,ElevenMPV,10746,07/08/2021, 00:34:03,447
ELEVENMPV,ElevenMPV,10746,07/08/2021, 01:55:51,447
ELEVENMPV,ElevenMPV,10746,07/08/2021, 02:24:26,447
ELEVENMPV,ElevenMPV,10746,07/08/2021, 03:12:19,447
ELEVENMPV,ElevenMPV,10747,07/08/2021, 04:13:38,447
ELEVENMPV,ElevenMPV,10747,07/08/2021, 05:09:45,447
ELEVENMPV,ElevenMPV,10747,07/08/2021, 06:13:23,447
ELEVENMPV,ElevenMPV,10747,07/08/2021, 07:10:12,447
ELEVENMPV,ElevenMPV,10747,07/08/2021, 08:18:20,447
ELEVENMPV,ElevenMPV,10747,07/08/2021, 09:16:47,447
ELEVENMPV,ElevenMPV,10747,07/08/2021, 10:16:49,447
ELEVENMPV,ElevenMPV,10747,07/08/2021, 11:12:12,447
ELEVENMPV,ElevenMPV,10747,07/08/2021, 12:17:59,447
ELEVENMPV,ElevenMPV,10747,07/08/2021, 13:25:49,447
ELEVENMPV,ElevenMPV,10747,07/08/2021, 14:12:20,447
ELEVENMPV,ElevenMPV,10747,07/08/2021, 15:18:54,447
ELEVENMPV,ElevenMPV,10747,07/08/2021, 16:25:50,447
ELEVENMPV,ElevenMPV,10747,07/08/2021, 17:23:01,447
ELEVENMPV,ElevenMPV,10747,07/08/2021, 18:17:46,447
ELEVENMPV,ElevenMPV,10747,07/08/2021, 19:09:12,447
ELEVENMPV,ElevenMPV,10747,07/08/2021, 20:11:13,447
ELEVENMPV,ElevenMPV,10747,07/08/2021, 21:10:12,447
ELEVENMPV,ElevenMPV,10748,07/08/2021, 22:10:45,447
ELEVENMPV,ElevenMPV,10748,07/08/2021, 23:10:59,447
ELEVENMPV,ElevenMPV,10748,07/09/2021, 00:37:07,447
ELEVENMPV,ElevenMPV,10750,07/09/2021, 01:56:00,447
ELEVENMPV,ElevenMPV,10750,07/09/2021, 02:24:54,447
ELEVENMPV,ElevenMPV,10750,07/09/2021, 03:12:06,447
ELEVENMPV,ElevenMPV,10750,07/09/2021, 04:14:03,447
ELEVENMPV,ElevenMPV,10750,07/09/2021, 05:09:36,447
ELEVENMPV,ElevenMPV,10750,07/09/2021, 06:13:26,447
ELEVENMPV,ElevenMPV,10750,07/09/2021, 07:10:08,447
ELEVENMPV,ElevenMPV,10750,07/09/2021, 08:12:40,447
ELEVENMPV,ElevenMPV,10752,07/09/2021, 09:16:55,447
ELEVENMPV,ElevenMPV,10752,07/09/2021, 10:16:14,447
ELEVENMPV,ElevenMPV,10752,07/09/2021, 11:09:24,447
ELEVENMPV,ElevenMPV,10752,07/09/2021, 12:16:20,447
ELEVENMPV,ElevenMPV,10752,07/09/2021, 13:16:26,447
ELEVENMPV,ElevenMPV,10752,07/09/2021, 14:14:46,447
ELEVENMPV,ElevenMPV,10752,07/09/2021, 15:17:46,447
ELEVENMPV,ElevenMPV,10753,07/09/2021, 16:19:40,447
ELEVENMPV,ElevenMPV,10753,07/09/2021, 17:18:42,447
ELEVENMPV,ElevenMPV,10753,07/09/2021, 18:14:26,447
ELEVENMPV,ElevenMPV,10754,07/09/2021, 19:08:34,447
ELEVENMPV,ElevenMPV,10754,07/09/2021, 20:11:09,447
ELEVENMPV,ElevenMPV,10754,07/09/2021, 21:10:34,447
ELEVENMPV,ElevenMPV,10754,07/09/2021, 22:10:49,447
ELEVENMPV,ElevenMPV,10755,07/09/2021, 23:10:59,447
ELEVENMPV,ElevenMPV,10755,07/10/2021, 00:34:17,447
ELEVENMPV,ElevenMPV,10756,07/10/2021, 01:50:39,447
ELEVENMPV,ElevenMPV,10756,07/10/2021, 02:22:41,447
ELEVENMPV,ElevenMPV,10756,07/10/2021, 03:12:15,447
ELEVENMPV,ElevenMPV,10756,07/10/2021, 04:14:00,447
ELEVENMPV,ElevenMPV,10756,07/10/2021, 05:09:16,447
ELEVENMPV,ElevenMPV,10756,07/10/2021, 06:13:02,447
ELEVENMPV,ElevenMPV,10756,07/10/2021, 07:10:04,447
ELEVENMPV,ElevenMPV,10756,07/10/2021, 08:11:52,447
ELEVENMPV,ElevenMPV,10756,07/10/2021, 09:11:06,447
ELEVENMPV,ElevenMPV,10756,07/10/2021, 10:11:13,447
ELEVENMPV,ElevenMPV,10757,07/10/2021, 11:08:53,447
ELEVENMPV,ElevenMPV,10758,07/10/2021, 13:14:38,447
ELEVENMPV,ElevenMPV,10758,07/10/2021, 14:09:18,447
ELEVENMPV,ElevenMPV,10758,07/10/2021, 15:12:02,447
ELEVENMPV,ElevenMPV,10759,07/10/2021, 16:15:17,447
ELEVENMPV,ElevenMPV,10760,07/10/2021, 17:15:54,447
ELEVENMPV,ElevenMPV,10760,07/10/2021, 18:12:36,447
ELEVENMPV,ElevenMPV,10760,07/10/2021, 19:08:35,447
ELEVENMPV,ElevenMPV,10760,07/10/2021, 20:10:34,447
ELEVENMPV,ElevenMPV,10760,07/10/2021, 21:10:05,447
ELEVENMPV,ElevenMPV,10761,07/10/2021, 22:10:24,447
ELEVENMPV,ElevenMPV,10761,07/10/2021, 23:10:17,447
ELEVENMPV,ElevenMPV,10762,07/11/2021, 00:39:23,447
ELEVENMPV,ElevenMPV,10763,07/11/2021, 01:57:27,447
ELEVENMPV,ElevenMPV,10763,07/11/2021, 02:26:15,447
ELEVENMPV,ElevenMPV,10763,07/11/2021, 03:12:11,447
ELEVENMPV,ElevenMPV,10763,07/11/2021, 04:13:42,447
ELEVENMPV,ElevenMPV,10764,07/11/2021, 05:09:33,447
ELEVENMPV,ElevenMPV,10764,07/11/2021, 06:13:34,447
ELEVENMPV,ElevenMPV,10764,07/11/2021, 07:10:06,447
ELEVENMPV,ElevenMPV,10764,07/11/2021, 08:11:50,447
ELEVENMPV,ElevenMPV,10764,07/11/2021, 09:11:29,447
ELEVENMPV,ElevenMPV,10764,07/11/2021, 10:11:21,447
ELEVENMPV,ElevenMPV,10765,07/11/2021, 11:08:37,447
ELEVENMPV,ElevenMPV,10765,07/11/2021, 12:15:44,447
ELEVENMPV,ElevenMPV,10765,07/11/2021, 13:14:38,447
ELEVENMPV,ElevenMPV,10766,07/11/2021, 14:09:23,447
ELEVENMPV,ElevenMPV,10766,07/11/2021, 15:11:55,447
ELEVENMPV,ElevenMPV,10767,07/11/2021, 16:15:16,447
ELEVENMPV,ElevenMPV,10768,07/11/2021, 17:15:56,447
ELEVENMPV,ElevenMPV,10768,07/11/2021, 18:12:53,447
ELEVENMPV,ElevenMPV,10769,07/11/2021, 19:08:34,447
ELEVENMPV,ElevenMPV,10770,07/11/2021, 20:10:27,447
ELEVENMPV,ElevenMPV,10770,07/11/2021, 21:10:19,447
ELEVENMPV,ElevenMPV,10771,07/11/2021, 22:10:23,447
ELEVENMPV,ElevenMPV,10771,07/11/2021, 23:10:43,447
ELEVENMPV,ElevenMPV,10771,07/12/2021, 00:34:53,447
ELEVENMPV,ElevenMPV,10771,07/12/2021, 01:53:03,447
ELEVENMPV,ElevenMPV,10772,07/12/2021, 02:21:49,447
ELEVENMPV,ElevenMPV,10773,07/12/2021, 03:12:48,447
ELEVENMPV,ElevenMPV,10774,07/12/2021, 04:14:06,447
ELEVENMPV,ElevenMPV,10775,07/12/2021, 05:09:38,447
ELEVENMPV,ElevenMPV,10776,07/12/2021, 06:14:05,447
ELEVENMPV,ElevenMPV,10776,07/12/2021, 07:14:14,447
ELEVENMPV,ElevenMPV,10776,07/12/2021, 08:16:52,447
ELEVENMPV,ElevenMPV,10776,07/12/2021, 09:16:46,447
ELEVENMPV,ElevenMPV,10776,07/12/2021, 10:16:50,447
ELEVENMPV,ElevenMPV,10776,07/12/2021, 11:11:16,447
ELEVENMPV,ElevenMPV,10776,07/12/2021, 12:21:47,447
ELEVENMPV,ElevenMPV,10776,07/12/2021, 13:22:47,447
ELEVENMPV,ElevenMPV,10776,07/12/2021, 14:14:52,447
ELEVENMPV,ElevenMPV,10776,07/12/2021, 15:17:09,447
ELEVENMPV,ElevenMPV,10777,07/12/2021, 16:16:50,447
ELEVENMPV,ElevenMPV,10778,07/12/2021, 17:24:23,447
ELEVENMPV,ElevenMPV,10778,07/12/2021, 18:17:50,447
ELEVENMPV,ElevenMPV,10778,07/12/2021, 19:13:52,447
ELEVENMPV,ElevenMPV,10778,07/12/2021, 20:15:51,447
ELEVENMPV,ElevenMPV,10778,07/12/2021, 21:13:51,447
ELEVENMPV,ElevenMPV,10779,07/12/2021, 22:09:02,447
ELEVENMPV,ElevenMPV,10779,07/12/2021, 23:11:18,447
ELEVENMPV,ElevenMPV,10779,07/13/2021, 00:37:41,447
ELEVENMPV,ElevenMPV,10779,07/13/2021, 01:56:04,447
ELEVENMPV,ElevenMPV,10779,07/13/2021, 02:24:50,447
ELEVENMPV,ElevenMPV,10779,07/13/2021, 03:12:28,447
ELEVENMPV,ElevenMPV,10779,07/13/2021, 04:13:57,447
ELEVENMPV,ElevenMPV,10779,07/13/2021, 05:09:36,447
ELEVENMPV,ElevenMPV,10779,07/13/2021, 06:13:35,447
ELEVENMPV,ElevenMPV,10779,07/13/2021, 07:10:10,447
ELEVENMPV,ElevenMPV,10779,07/13/2021, 08:12:45,447
ELEVENMPV,ElevenMPV,10779,07/13/2021, 09:13:39,447
ELEVENMPV,ElevenMPV,10779,07/13/2021, 10:16:51,447
ELEVENMPV,ElevenMPV,10779,07/13/2021, 11:12:30,447
ELEVENMPV,ElevenMPV,10779,07/13/2021, 12:22:53,447
ELEVENMPV,ElevenMPV,10779,07/13/2021, 13:23:51,447
ELEVENMPV,ElevenMPV,10779,07/13/2021, 14:14:17,447
ELEVENMPV,ElevenMPV,10779,07/13/2021, 15:17:52,447
ELEVENMPV,ElevenMPV,10779,07/13/2021, 16:17:24,447
ELEVENMPV,ElevenMPV,10779,07/13/2021, 17:21:22,447
ELEVENMPV,ElevenMPV,10779,07/13/2021, 18:13:41,447
ELEVENMPV,ElevenMPV,10779,07/13/2021, 19:13:52,447
ELEVENMPV,ElevenMPV,10781,07/13/2021, 20:15:48,447
ELEVENMPV,ElevenMPV,10781,07/13/2021, 21:10:27,447
ELEVENMPV,ElevenMPV,10782,07/13/2021, 23:11:21,447
ELEVENMPV,ElevenMPV,10783,07/14/2021, 00:32:57,447
ELEVENMPV,ElevenMPV,10784,07/14/2021, 01:51:19,447
ELEVENMPV,ElevenMPV,10784,07/14/2021, 02:21:41,447
ELEVENMPV,ElevenMPV,10784,07/14/2021, 03:12:19,447
ELEVENMPV,ElevenMPV,10784,07/14/2021, 04:14:05,447
ELEVENMPV,ElevenMPV,10785,07/14/2021, 05:09:42,447
ELEVENMPV,ElevenMPV,10785,07/14/2021, 06:13:33,447
ELEVENMPV,ElevenMPV,10785,07/14/2021, 07:10:04,447
ELEVENMPV,ElevenMPV,10785,07/14/2021, 08:12:29,447
ELEVENMPV,ElevenMPV,10785,07/14/2021, 09:15:57,447
ELEVENMPV,ElevenMPV,10785,07/14/2021, 10:13:59,447
ELEVENMPV,ElevenMPV,10785,07/14/2021, 11:09:11,447
ELEVENMPV,ElevenMPV,10787,07/14/2021, 12:20:25,447
ELEVENMPV,ElevenMPV,10787,07/14/2021, 13:20:04,447
ELEVENMPV,ElevenMPV,10787,07/14/2021, 14:09:54,447
ELEVENMPV,ElevenMPV,10787,07/14/2021, 15:12:18,447
ELEVENMPV,ElevenMPV,10788,07/14/2021, 16:20:59,447
ELEVENMPV,ElevenMPV,10788,07/14/2021, 17:22:29,447
ELEVENMPV,ElevenMPV,10788,07/14/2021, 18:17:47,447
ELEVENMPV,ElevenMPV,10788,07/14/2021, 19:10:27,447
ELEVENMPV,ElevenMPV,10788,07/14/2021, 20:13:19,447
ELEVENMPV,ElevenMPV,10788,07/14/2021, 21:10:40,447
ELEVENMPV,ElevenMPV,10788,07/14/2021, 22:10:56,447
ELEVENMPV,ElevenMPV,10788,07/14/2021, 23:10:59,447
ELEVENMPV,ElevenMPV,10789,07/15/2021, 00:35:14,447
ELEVENMPV,ElevenMPV,10790,07/15/2021, 01:55:47,447
ELEVENMPV,ElevenMPV,10790,07/15/2021, 02:24:19,447
ELEVENMPV,ElevenMPV,10790,07/15/2021, 03:12:24,447
ELEVENMPV,ElevenMPV,10791,07/15/2021, 04:13:50,447
ELEVENMPV,ElevenMPV,10791,07/15/2021, 05:09:47,447
ELEVENMPV,ElevenMPV,10791,07/15/2021, 06:13:42,447
ELEVENMPV,ElevenMPV,10791,07/15/2021, 08:12:36,447
ELEVENMPV,ElevenMPV,10791,07/15/2021, 09:16:51,447
ELEVENMPV,ElevenMPV,10792,07/15/2021, 10:14:36,447
ELEVENMPV,ElevenMPV,10792,07/15/2021, 11:09:16,447
ELEVENMPV,ElevenMPV,10792,07/15/2021, 12:21:50,447
ELEVENMPV,ElevenMPV,10792,07/15/2021, 13:17:37,447
ELEVENMPV,ElevenMPV,10792,07/15/2021, 14:14:57,447
ELEVENMPV,ElevenMPV,10792,07/15/2021, 15:17:05,447
ELEVENMPV,ElevenMPV,10792,07/15/2021, 16:16:37,447
ELEVENMPV,ElevenMPV,10792,07/15/2021, 17:18:12,447
ELEVENMPV,ElevenMPV,10792,07/15/2021, 18:13:17,447
ELEVENMPV,ElevenMPV,10792,07/15/2021, 19:09:26,447
ELEVENMPV,ElevenMPV,10794,07/15/2021, 20:15:06,447
ELEVENMPV,ElevenMPV,10794,07/15/2021, 21:10:39,447
ELEVENMPV,ElevenMPV,10794,07/15/2021, 22:10:43,447
ELEVENMPV,ElevenMPV,10795,07/15/2021, 23:11:33,447
ELEVENMPV,ElevenMPV,10795,07/16/2021, 00:36:16,447
ELEVENMPV,ElevenMPV,10795,07/16/2021, 01:57:00,447
ELEVENMPV,ElevenMPV,10795,07/16/2021, 02:27:04,447
ELEVENMPV,ElevenMPV,10795,07/16/2021, 03:12:12,447
ELEVENMPV,ElevenMPV,10795,07/16/2021, 04:14:07,447
ELEVENMPV,ElevenMPV,10795,07/16/2021, 05:09:31,447
ELEVENMPV,ElevenMPV,10798,07/16/2021, 06:13:50,447
ELEVENMPV,ElevenMPV,10799,07/16/2021, 07:10:15,447
ELEVENMPV,ElevenMPV,10799,07/16/2021, 08:13:07,447
ELEVENMPV,ElevenMPV,10800,07/16/2021, 09:11:27,447
ELEVENMPV,ElevenMPV,10800,07/16/2021, 10:12:15,447
ELEVENMPV,ElevenMPV,10800,07/16/2021, 11:09:31,447
ELEVENMPV,ElevenMPV,10800,07/16/2021, 12:17:03,447
ELEVENMPV,ElevenMPV,10800,07/16/2021, 13:17:24,447
ELEVENMPV,ElevenMPV,10800,07/16/2021, 14:14:50,447
ELEVENMPV,ElevenMPV,10801,07/16/2021, 15:16:52,447
ELEVENMPV,ElevenMPV,10801,07/16/2021, 16:16:38,447
ELEVENMPV,ElevenMPV,10801,07/16/2021, 17:19:36,447
ELEVENMPV,ElevenMPV,10802,07/16/2021, 18:13:24,447
ELEVENMPV,ElevenMPV,10803,07/16/2021, 19:08:55,447
ELEVENMPV,ElevenMPV,10803,07/16/2021, 20:11:13,447
ELEVENMPV,ElevenMPV,10803,07/16/2021, 21:10:18,447
ELEVENMPV,ElevenMPV,10803,07/16/2021, 22:10:47,447
ELEVENMPV,ElevenMPV,10803,07/16/2021, 23:10:48,447
ELEVENMPV,ElevenMPV,10803,07/17/2021, 00:35:23,447
ELEVENMPV,ElevenMPV,10803,07/17/2021, 01:52:07,447
ELEVENMPV,ElevenMPV,10803,07/17/2021, 02:23:49,447
ELEVENMPV,ElevenMPV,10803,07/17/2021, 03:12:09,447
ELEVENMPV,ElevenMPV,10804,07/17/2021, 04:13:50,447
ELEVENMPV,ElevenMPV,10804,07/17/2021, 05:09:19,447
ELEVENMPV,ElevenMPV,10805,07/17/2021, 06:13:10,447
ELEVENMPV,ElevenMPV,10805,07/17/2021, 07:09:59,447
ELEVENMPV,ElevenMPV,10805,07/17/2021, 08:11:57,447
ELEVENMPV,ElevenMPV,10805,07/17/2021, 09:11:30,447
ELEVENMPV,ElevenMPV,10805,07/17/2021, 10:11:42,447
ELEVENMPV,ElevenMPV,10806,07/17/2021, 11:09:00,447
ELEVENMPV,ElevenMPV,10806,07/17/2021, 12:16:03,447
ELEVENMPV,ElevenMPV,10806,07/17/2021, 13:15:27,447
ELEVENMPV,ElevenMPV,10806,07/17/2021, 14:09:35,447
ELEVENMPV,ElevenMPV,10806,07/17/2021, 15:11:57,447
ELEVENMPV,ElevenMPV,10806,07/17/2021, 16:15:50,447
ELEVENMPV,ElevenMPV,10807,07/17/2021, 17:16:50,447
ELEVENMPV,ElevenMPV,10807,07/17/2021, 18:12:41,447
ELEVENMPV,ElevenMPV,10807,07/17/2021, 19:08:36,447
ELEVENMPV,ElevenMPV,10808,07/17/2021, 20:10:37,447
ELEVENMPV,ElevenMPV,10808,07/17/2021, 21:10:12,447
ELEVENMPV,ElevenMPV,10809,07/17/2021, 22:10:28,447
ELEVENMPV,ElevenMPV,10809,07/17/2021, 23:10:40,447
ELEVENMPV,ElevenMPV,10809,07/18/2021, 00:36:37,447
ELEVENMPV,ElevenMPV,10809,07/18/2021, 01:54:58,447
ELEVENMPV,ElevenMPV,10809,07/18/2021, 02:23:23,447
ELEVENMPV,ElevenMPV,10809,07/18/2021, 03:12:06,447
ELEVENMPV,ElevenMPV,10810,07/18/2021, 04:13:48,447
ELEVENMPV,ElevenMPV,10811,07/18/2021, 05:09:27,447
ELEVENMPV,ElevenMPV,10811,07/18/2021, 06:13:23,447
ELEVENMPV,ElevenMPV,10811,07/18/2021, 07:10:04,447
ELEVENMPV,ElevenMPV,10813,07/18/2021, 08:12:09,447
ELEVENMPV,ElevenMPV,10813,07/18/2021, 09:11:29,447
ELEVENMPV,ElevenMPV,10813,07/18/2021, 10:11:34,447
ELEVENMPV,ElevenMPV,10813,07/18/2021, 11:08:44,447
ELEVENMPV,ElevenMPV,10813,07/18/2021, 12:15:49,447
ELEVENMPV,ElevenMPV,10814,07/18/2021, 13:15:10,447
ELEVENMPV,ElevenMPV,10814,07/18/2021, 14:09:52,447
ELEVENMPV,ElevenMPV,10815,07/18/2021, 15:12:13,447
ELEVENMPV,ElevenMPV,10816,07/18/2021, 16:15:36,447
ELEVENMPV,ElevenMPV,10816,07/18/2021, 17:16:18,447
ELEVENMPV,ElevenMPV,10816,07/18/2021, 18:13:06,447
ELEVENMPV,ElevenMPV,10817,07/18/2021, 19:08:45,447
ELEVENMPV,ElevenMPV,10818,07/18/2021, 20:10:43,447
ELEVENMPV,ElevenMPV,10818,07/18/2021, 21:10:17,447
ELEVENMPV,ElevenMPV,10818,07/18/2021, 22:10:29,447
ELEVENMPV,ElevenMPV,10819,07/18/2021, 23:10:43,447
ELEVENMPV,ElevenMPV,10819,07/19/2021, 00:35:52,447
ELEVENMPV,ElevenMPV,10820,07/19/2021, 01:56:21,447
ELEVENMPV,ElevenMPV,10820,07/19/2021, 02:25:54,447
ELEVENMPV,ElevenMPV,10821,07/19/2021, 03:12:27,447
ELEVENMPV,ElevenMPV,10821,07/19/2021, 04:14:45,447
ELEVENMPV,ElevenMPV,10821,07/19/2021, 05:10:08,447
ELEVENMPV,ElevenMPV,10821,07/19/2021, 06:14:05,447
ELEVENMPV,ElevenMPV,10821,07/19/2021, 07:10:05,447
ELEVENMPV,ElevenMPV,10822,07/19/2021, 08:17:01,447
ELEVENMPV,ElevenMPV,10822,07/19/2021, 09:15:58,447
ELEVENMPV,ElevenMPV,10822,07/19/2021, 10:16:47,447
ELEVENMPV,ElevenMPV,10822,07/19/2021, 11:10:43,447
ELEVENMPV,ElevenMPV,10822,07/19/2021, 12:17:06,447
ELEVENMPV,ElevenMPV,10822,07/19/2021, 13:22:51,447
ELEVENMPV,ElevenMPV,10823,07/19/2021, 14:14:48,447
ELEVENMPV,ElevenMPV,10823,07/19/2021, 15:17:00,447
ELEVENMPV,ElevenMPV,10823,07/19/2021, 16:20:55,447
ELEVENMPV,ElevenMPV,10823,07/19/2021, 17:22:53,447
ELEVENMPV,ElevenMPV,10823,07/19/2021, 18:14:04,447
ELEVENMPV,ElevenMPV,10823,07/19/2021, 19:08:54,447
ELEVENMPV,ElevenMPV,10823,07/19/2021, 20:15:49,447
ELEVENMPV,ElevenMPV,10823,07/19/2021, 21:10:41,447
ELEVENMPV,ElevenMPV,10824,07/19/2021, 22:10:59,447
ELEVENMPV,ElevenMPV,10827,07/19/2021, 23:10:50,447
ELEVENMPV,ElevenMPV,10828,07/20/2021, 00:38:05,447
ELEVENMPV,ElevenMPV,10828,07/20/2021, 02:00:49,447
ELEVENMPV,ElevenMPV,10828,07/20/2021, 03:12:28,447
ELEVENMPV,ElevenMPV,10828,07/20/2021, 04:13:59,447
ELEVENMPV,ElevenMPV,10830,07/20/2021, 05:09:31,447
ELEVENMPV,ElevenMPV,10830,07/20/2021, 06:13:45,447
ELEVENMPV,ElevenMPV,10830,07/20/2021, 07:10:08,447
ELEVENMPV,ElevenMPV,10830,07/20/2021, 08:12:53,447
ELEVENMPV,ElevenMPV,10831,07/20/2021, 09:12:22,447
ELEVENMPV,ElevenMPV,10831,07/20/2021, 10:16:50,447
ELEVENMPV,ElevenMPV,10831,07/20/2021, 11:11:52,447
ELEVENMPV,ElevenMPV,10831,07/20/2021, 12:16:52,447
ELEVENMPV,ElevenMPV,10831,07/20/2021, 13:17:35,447
ELEVENMPV,ElevenMPV,10832,07/20/2021, 14:10:00,447
ELEVENMPV,ElevenMPV,10832,07/20/2021, 15:16:44,447
ELEVENMPV,ElevenMPV,10832,07/20/2021, 16:20:52,447
ELEVENMPV,ElevenMPV,10834,07/20/2021, 17:22:48,447
ELEVENMPV,ElevenMPV,10835,07/20/2021, 18:17:54,447
ELEVENMPV,ElevenMPV,10835,07/20/2021, 19:14:53,447
ELEVENMPV,ElevenMPV,10835,07/20/2021, 20:11:38,447
ELEVENMPV,ElevenMPV,10835,07/20/2021, 21:10:17,447
ELEVENMPV,ElevenMPV,10835,07/20/2021, 22:10:46,447
ELEVENMPV,ElevenMPV,10835,07/20/2021, 23:11:09,447
ELEVENMPV,ElevenMPV,10835,07/21/2021, 00:37:39,447
ELEVENMPV,ElevenMPV,10835,07/21/2021, 01:58:01,447
ELEVENMPV,ElevenMPV,10835,07/21/2021, 02:28:33,447
ELEVENMPV,ElevenMPV,10836,07/21/2021, 03:12:40,447
ELEVENMPV,ElevenMPV,10838,07/21/2021, 04:14:08,447
ELEVENMPV,ElevenMPV,10839,07/21/2021, 05:09:44,447
ELEVENMPV,ElevenMPV,10840,07/21/2021, 06:13:57,447
ELEVENMPV,ElevenMPV,10840,07/21/2021, 07:10:09,447
ELEVENMPV,ElevenMPV,10840,07/21/2021, 08:18:04,447
ELEVENMPV,ElevenMPV,10840,07/21/2021, 09:16:00,447
ELEVENMPV,ElevenMPV,10840,07/21/2021, 10:13:16,447
ELEVENMPV,ElevenMPV,10840,07/21/2021, 11:09:13,447
ELEVENMPV,ElevenMPV,10840,07/21/2021, 12:16:57,447
ELEVENMPV,ElevenMPV,10840,07/21/2021, 13:21:52,447
ELEVENMPV,ElevenMPV,10840,07/21/2021, 14:12:00,447
ELEVENMPV,ElevenMPV,10840,07/21/2021, 15:16:56,447
ELEVENMPV,ElevenMPV,10840,07/21/2021, 16:18:45,447
ELEVENMPV,ElevenMPV,10842,07/21/2021, 17:19:55,447
ELEVENMPV,ElevenMPV,10842,07/21/2021, 18:13:40,447
ELEVENMPV,ElevenMPV,10843,07/21/2021, 19:09:04,447
ELEVENMPV,ElevenMPV,10844,07/21/2021, 20:12:06,447
ELEVENMPV,ElevenMPV,10845,07/21/2021, 21:11:23,447
ELEVENMPV,ElevenMPV,10846,07/21/2021, 22:10:42,447
ELEVENMPV,ElevenMPV,10846,07/21/2021, 23:10:58,447
ELEVENMPV,ElevenMPV,10846,07/22/2021, 00:36:23,447
ELEVENMPV,ElevenMPV,10846,07/22/2021, 01:59:31,447
ELEVENMPV,ElevenMPV,10848,07/22/2021, 02:32:52,447
ELEVENMPV,ElevenMPV,10848,07/22/2021, 03:13:21,447
ELEVENMPV,ElevenMPV,10849,07/22/2021, 04:14:19,447
ELEVENMPV,ElevenMPV,10849,07/22/2021, 05:08:09,447
ELEVENMPV,ElevenMPV,10850,07/22/2021, 06:14:37,447
ELEVENMPV,ElevenMPV,10850,07/22/2021, 07:10:15,447
ELEVENMPV,ElevenMPV,10850,07/22/2021, 08:12:28,447
ELEVENMPV,ElevenMPV,10850,07/22/2021, 09:11:21,447
ELEVENMPV,ElevenMPV,10850,07/22/2021, 10:12:14,447
ELEVENMPV,ElevenMPV,10850,07/22/2021, 11:09:18,447
ELEVENMPV,ElevenMPV,10851,07/22/2021, 12:16:44,447
ELEVENMPV,ElevenMPV,10851,07/22/2021, 13:22:50,447
ELEVENMPV,ElevenMPV,10851,07/22/2021, 14:13:17,447
ELEVENMPV,ElevenMPV,10851,07/22/2021, 15:17:57,447
ELEVENMPV,ElevenMPV,10851,07/22/2021, 16:18:35,447
ELEVENMPV,ElevenMPV,10851,07/22/2021, 17:19:31,447
ELEVENMPV,ElevenMPV,10852,07/22/2021, 18:13:17,447
ELEVENMPV,ElevenMPV,10852,07/22/2021, 19:08:56,447
ELEVENMPV,ElevenMPV,10852,07/22/2021, 20:11:52,447
ELEVENMPV,ElevenMPV,10852,07/22/2021, 21:10:12,447
ELEVENMPV,ElevenMPV,10852,07/22/2021, 22:10:39,447
ELEVENMPV,ElevenMPV,10852,07/22/2021, 23:10:50,447
ELEVENMPV,ElevenMPV,10852,07/23/2021, 00:36:59,447
ELEVENMPV,ElevenMPV,10853,07/23/2021, 01:57:07,447
ELEVENMPV,ElevenMPV,10853,07/23/2021, 02:26:53,447
ELEVENMPV,ElevenMPV,10854,07/23/2021, 03:12:18,447
ELEVENMPV,ElevenMPV,10854,07/23/2021, 04:14:33,447
ELEVENMPV,ElevenMPV,10854,07/23/2021, 05:09:46,447
ELEVENMPV,ElevenMPV,10855,07/23/2021, 06:14:01,447
ELEVENMPV,ElevenMPV,10855,07/23/2021, 07:10:08,447
ELEVENMPV,ElevenMPV,10855,07/23/2021, 08:12:58,447
ELEVENMPV,ElevenMPV,10855,07/23/2021, 09:11:42,447
ELEVENMPV,ElevenMPV,10855,07/23/2021, 10:12:13,447
ELEVENMPV,ElevenMPV,10855,07/23/2021, 11:09:26,447
ELEVENMPV,ElevenMPV,10856,07/23/2021, 12:16:47,447
ELEVENMPV,ElevenMPV,10856,07/23/2021, 13:17:10,447
ELEVENMPV,ElevenMPV,10856,07/23/2021, 14:14:12,447
ELEVENMPV,ElevenMPV,10857,07/23/2021, 15:13:14,447
ELEVENMPV,ElevenMPV,10859,07/23/2021, 16:16:35,447
ELEVENMPV,ElevenMPV,10859,07/23/2021, 17:18:43,447
ELEVENMPV,ElevenMPV,10859,07/23/2021, 18:13:03,447
ELEVENMPV,ElevenMPV,10860,07/23/2021, 19:08:56,447
ELEVENMPV,ElevenMPV,10860,07/23/2021, 20:11:08,447
ELEVENMPV,ElevenMPV,10860,07/23/2021, 21:10:33,447
ELEVENMPV,ElevenMPV,10861,07/23/2021, 22:10:44,447
ELEVENMPV,ElevenMPV,10861,07/23/2021, 23:10:45,447
ELEVENMPV,ElevenMPV,10861,07/24/2021, 00:34:17,447
ELEVENMPV,ElevenMPV,10862,07/24/2021, 01:53:43,447
ELEVENMPV,ElevenMPV,10862,07/24/2021, 02:24:36,447
ELEVENMPV,ElevenMPV,10862,07/24/2021, 03:12:14,447
ELEVENMPV,ElevenMPV,10863,07/24/2021, 04:13:55,447
ELEVENMPV,ElevenMPV,10864,07/24/2021, 05:09:19,447
ELEVENMPV,ElevenMPV,10864,07/24/2021, 06:13:29,447
ELEVENMPV,ElevenMPV,10864,07/24/2021, 07:10:01,447
ELEVENMPV,ElevenMPV,10864,07/24/2021, 08:12:05,447
ELEVENMPV,ElevenMPV,10864,07/24/2021, 09:11:11,447
ELEVENMPV,ElevenMPV,10864,07/24/2021, 10:11:37,447
ELEVENMPV,ElevenMPV,10864,07/24/2021, 11:08:56,447
ELEVENMPV,ElevenMPV,10865,07/24/2021, 12:15:58,447
ELEVENMPV,ElevenMPV,10865,07/24/2021, 13:15:31,447
ELEVENMPV,ElevenMPV,10865,07/24/2021, 14:09:38,447
ELEVENMPV,ElevenMPV,10867,07/24/2021, 15:12:08,447
ELEVENMPV,ElevenMPV,10867,07/24/2021, 16:15:37,447
ELEVENMPV,ElevenMPV,10867,07/24/2021, 17:16:17,447
ELEVENMPV,ElevenMPV,10868,07/24/2021, 18:12:57,447
ELEVENMPV,ElevenMPV,10868,07/24/2021, 19:08:42,447
ELEVENMPV,ElevenMPV,10869,07/24/2021, 20:10:58,447
ELEVENMPV,ElevenMPV,10871,07/24/2021, 21:10:18,447
ELEVENMPV,ElevenMPV,10871,07/24/2021, 22:10:31,447
ELEVENMPV,ElevenMPV,10871,07/24/2021, 23:11:03,447
ELEVENMPV,ElevenMPV,10871,07/25/2021, 00:36:09,447
ELEVENMPV,ElevenMPV,10872,07/25/2021, 01:55:05,447
ELEVENMPV,ElevenMPV,10872,07/25/2021, 02:23:40,447
ELEVENMPV,ElevenMPV,10874,07/25/2021, 03:12:09,447
ELEVENMPV,ElevenMPV,10875,07/25/2021, 04:14:07,447
ELEVENMPV,ElevenMPV,10875,07/25/2021, 05:09:13,447
ELEVENMPV,ElevenMPV,10875,07/25/2021, 06:13:26,447
ELEVENMPV,ElevenMPV,10875,07/25/2021, 07:10:03,447
ELEVENMPV,ElevenMPV,10875,07/25/2021, 08:12:06,447
ELEVENMPV,ElevenMPV,10875,07/25/2021, 09:11:10,447
ELEVENMPV,ElevenMPV,10875,07/25/2021, 10:11:36,447
ELEVENMPV,ElevenMPV,10875,07/25/2021, 11:09:03,447
ELEVENMPV,ElevenMPV,10875,07/25/2021, 12:16:19,447
ELEVENMPV,ElevenMPV,10875,07/25/2021, 13:15:32,447
ELEVENMPV,ElevenMPV,10875,07/25/2021, 14:09:37,447
ELEVENMPV,ElevenMPV,10876,07/25/2021, 15:12:03,447
ELEVENMPV,ElevenMPV,10877,07/25/2021, 16:15:29,447
ELEVENMPV,ElevenMPV,10877,07/25/2021, 17:16:26,447
ELEVENMPV,ElevenMPV,10877,07/25/2021, 18:12:32,447
ELEVENMPV,ElevenMPV,10877,07/25/2021, 19:08:50,447
ELEVENMPV,ElevenMPV,10877,07/25/2021, 20:10:40,447
ELEVENMPV,ElevenMPV,10877,07/25/2021, 21:10:16,447
ELEVENMPV,ElevenMPV,10877,07/25/2021, 22:10:28,447
ELEVENMPV,ElevenMPV,10877,07/25/2021, 23:10:46,447
ELEVENMPV,ElevenMPV,10879,07/26/2021, 00:35:19,447
ELEVENMPV,ElevenMPV,10879,07/26/2021, 01:57:43,447
ELEVENMPV,ElevenMPV,10879,07/26/2021, 02:28:43,447
ELEVENMPV,ElevenMPV,10879,07/26/2021, 03:11:36,447
ELEVENMPV,ElevenMPV,10879,07/26/2021, 04:14:14,447
ELEVENMPV,ElevenMPV,10880,07/26/2021, 05:09:41,447
ELEVENMPV,ElevenMPV,10882,07/26/2021, 06:13:55,447
ELEVENMPV,ElevenMPV,10882,07/26/2021, 07:14:56,447
ELEVENMPV,ElevenMPV,10882,07/26/2021, 08:17:55,447
ELEVENMPV,ElevenMPV,10882,07/26/2021, 09:19:36,447
ELEVENMPV,ElevenMPV,10882,07/26/2021, 10:30:59,447
ELEVENMPV,ElevenMPV,10882,07/26/2021, 11:16:53,447
ELEVENMPV,ElevenMPV,10882,07/26/2021, 12:17:10,447
ELEVENMPV,ElevenMPV,10882,07/26/2021, 13:22:56,447
ELEVENMPV,ElevenMPV,10882,07/26/2021, 14:14:59,447
ELEVENMPV,ElevenMPV,10882,07/26/2021, 15:16:58,447
ELEVENMPV,ElevenMPV,10883,07/26/2021, 16:20:58,447
ELEVENMPV,ElevenMPV,10883,07/26/2021, 17:19:36,447
ELEVENMPV,ElevenMPV,10883,07/26/2021, 18:18:01,447
ELEVENMPV,ElevenMPV,10883,07/26/2021, 19:13:55,447
ELEVENMPV,ElevenMPV,10884,07/26/2021, 20:12:37,447
ELEVENMPV,ElevenMPV,10884,07/26/2021, 21:12:53,447
ELEVENMPV,ElevenMPV,10884,07/26/2021, 22:11:53,447
ELEVENMPV,ElevenMPV,10884,07/26/2021, 23:10:59,447
ELEVENMPV,ElevenMPV,10886,07/27/2021, 00:37:27,447
ELEVENMPV,ElevenMPV,10887,07/27/2021, 02:00:08,447
ELEVENMPV,ElevenMPV,10887,07/27/2021, 02:33:12,447
ELEVENMPV,ElevenMPV,10888,07/27/2021, 03:12:38,447
ELEVENMPV,ElevenMPV,10888,07/27/2021, 04:13:23,447
ELEVENMPV,ElevenMPV,10888,07/27/2021, 05:10:07,447
ELEVENMPV,ElevenMPV,10888,07/27/2021, 06:13:59,447
ELEVENMPV,ElevenMPV,10888,07/27/2021, 07:10:17,447
ELEVENMPV,ElevenMPV,10888,07/27/2021, 09:14:24,447
ELEVENMPV,ElevenMPV,10888,07/27/2021, 10:16:54,447
ELEVENMPV,ElevenMPV,10888,07/27/2021, 11:09:10,447
ELEVENMPV,ElevenMPV,10888,07/27/2021, 12:17:03,447
ELEVENMPV,ElevenMPV,10888,07/27/2021, 13:18:21,447
ELEVENMPV,ElevenMPV,10888,07/27/2021, 14:10:05,447
ELEVENMPV,ElevenMPV,10890,07/27/2021, 15:17:02,447
ELEVENMPV,ElevenMPV,10890,07/27/2021, 16:21:53,447
ELEVENMPV,ElevenMPV,10890,07/27/2021, 17:18:20,447
ELEVENMPV,ElevenMPV,10890,07/27/2021, 18:17:52,447
ELEVENMPV,ElevenMPV,10890,07/27/2021, 19:09:14,447
ELEVENMPV,ElevenMPV,10890,07/27/2021, 20:09:40,447
ELEVENMPV,ElevenMPV,10890,07/27/2021, 21:11:35,447
ELEVENMPV,ElevenMPV,10890,07/27/2021, 22:10:49,447
ELEVENMPV,ElevenMPV,10892,07/27/2021, 23:11:14,447
ELEVENMPV,ElevenMPV,10892,07/28/2021, 00:37:15,447
ELEVENMPV,ElevenMPV,10892,07/28/2021, 01:58:55,447
ELEVENMPV,ElevenMPV,10892,07/28/2021, 02:30:46,447
ELEVENMPV,ElevenMPV,10893,07/28/2021, 03:12:18,447
ELEVENMPV,ElevenMPV,10893,07/28/2021, 04:13:53,447
ELEVENMPV,ElevenMPV,10893,07/28/2021, 05:10:30,447
ELEVENMPV,ElevenMPV,10893,07/28/2021, 06:14:29,447
ELEVENMPV,ElevenMPV,10893,07/28/2021, 07:10:00,447
ELEVENMPV,ElevenMPV,10894,07/28/2021, 08:12:19,447
ELEVENMPV,ElevenMPV,10895,07/28/2021, 09:11:54,447
ELEVENMPV,ElevenMPV,10896,07/28/2021, 10:16:50,447
ELEVENMPV,ElevenMPV,10896,07/28/2021, 11:09:14,447
ELEVENMPV,ElevenMPV,10896,07/28/2021, 12:17:14,447
ELEVENMPV,ElevenMPV,10896,07/28/2021, 13:25:52,447
ELEVENMPV,ElevenMPV,10896,07/28/2021, 14:11:24,447
ELEVENMPV,ElevenMPV,10897,07/28/2021, 15:13:06,447
ELEVENMPV,ElevenMPV,10898,07/28/2021, 16:17:17,447
ELEVENMPV,ElevenMPV,10898,07/28/2021, 17:19:40,447
ELEVENMPV,ElevenMPV,10898,07/28/2021, 18:13:30,447
ELEVENMPV,ElevenMPV,10898,07/28/2021, 19:09:13,447
ELEVENMPV,ElevenMPV,10899,07/28/2021, 20:12:43,447
ELEVENMPV,ElevenMPV,10900,07/28/2021, 21:10:45,447
ELEVENMPV,ElevenMPV,10900,07/28/2021, 22:10:23,447
ELEVENMPV,ElevenMPV,10900,07/28/2021, 23:11:26,447
ELEVENMPV,ElevenMPV,10901,07/29/2021, 00:35:15,447
ELEVENMPV,ElevenMPV,10901,07/29/2021, 01:56:51,447
ELEVENMPV,ElevenMPV,10901,07/29/2021, 02:27:01,447
ELEVENMPV,ElevenMPV,10901,07/29/2021, 03:12:45,447
ELEVENMPV,ElevenMPV,10902,07/29/2021, 04:14:21,447
ELEVENMPV,ElevenMPV,10902,07/29/2021, 05:10:05,447
ELEVENMPV,ElevenMPV,10903,07/29/2021, 06:13:55,447
ELEVENMPV,ElevenMPV,10903,07/29/2021, 07:10:15,447
ELEVENMPV,ElevenMPV,10903,07/29/2021, 08:17:05,447
ELEVENMPV,ElevenMPV,10903,07/29/2021, 09:16:00,447
ELEVENMPV,ElevenMPV,10903,07/29/2021, 10:13:27,447
ELEVENMPV,ElevenMPV,10903,07/29/2021, 11:09:07,447
ELEVENMPV,ElevenMPV,10903,07/29/2021, 12:17:10,447
ELEVENMPV,ElevenMPV,10903,07/29/2021, 13:24:00,447
ELEVENMPV,ElevenMPV,10903,07/29/2021, 14:14:40,447
ELEVENMPV,ElevenMPV,10904,07/29/2021, 15:12:31,447
ELEVENMPV,ElevenMPV,10904,07/29/2021, 16:17:28,447
ELEVENMPV,ElevenMPV,10904,07/29/2021, 17:18:49,447
ELEVENMPV,ElevenMPV,10904,07/29/2021, 18:17:52,447
ELEVENMPV,ElevenMPV,10904,07/29/2021, 19:12:25,447
ELEVENMPV,ElevenMPV,10904,07/29/2021, 20:15:54,447
ELEVENMPV,ElevenMPV,10905,07/29/2021, 21:10:34,447
ELEVENMPV,ElevenMPV,10905,07/29/2021, 22:11:40,447
ELEVENMPV,ElevenMPV,10905,07/29/2021, 23:10:58,447
ELEVENMPV,ElevenMPV,10905,07/30/2021, 00:36:39,447
ELEVENMPV,ElevenMPV,10905,07/30/2021, 02:00:49,447
ELEVENMPV,ElevenMPV,10905,07/30/2021, 03:12:08,447
ELEVENMPV,ElevenMPV,10905,07/30/2021, 04:14:52,447
ELEVENMPV,ElevenMPV,10905,07/30/2021, 05:09:50,447
ELEVENMPV,ElevenMPV,10906,07/30/2021, 06:13:56,447
ELEVENMPV,ElevenMPV,10906,07/30/2021, 07:10:07,447
ELEVENMPV,ElevenMPV,10906,07/30/2021, 08:12:46,447
ELEVENMPV,ElevenMPV,10906,07/30/2021, 09:11:35,447
ELEVENMPV,ElevenMPV,10906,07/30/2021, 10:13:13,447
ELEVENMPV,ElevenMPV,10907,07/30/2021, 11:09:20,447
ELEVENMPV,ElevenMPV,10907,07/30/2021, 12:17:09,447
ELEVENMPV,ElevenMPV,10907,07/30/2021, 13:18:50,447
ELEVENMPV,ElevenMPV,10907,07/30/2021, 14:15:00,447
ELEVENMPV,ElevenMPV,10907,07/30/2021, 15:17:02,447
ELEVENMPV,ElevenMPV,10908,07/30/2021, 16:16:22,447
ELEVENMPV,ElevenMPV,10908,07/30/2021, 17:17:32,447
ELEVENMPV,ElevenMPV,10909,07/30/2021, 18:13:16,447
ELEVENMPV,ElevenMPV,10911,07/30/2021, 19:08:54,447
ELEVENMPV,ElevenMPV,10913,07/30/2021, 20:11:21,447
ELEVENMPV,ElevenMPV,10914,07/30/2021, 21:10:08,447
ELEVENMPV,ElevenMPV,10914,07/30/2021, 22:10:42,447
ELEVENMPV,ElevenMPV,10914,07/30/2021, 23:11:05,447
ELEVENMPV,ElevenMPV,10914,07/31/2021, 00:36:15,447
ELEVENMPV,ElevenMPV,10914,07/31/2021, 01:53:49,447
ELEVENMPV,ElevenMPV,10914,07/31/2021, 02:25:13,447
ELEVENMPV,ElevenMPV,10914,07/31/2021, 03:12:15,447
ELEVENMPV,ElevenMPV,10915,07/31/2021, 04:14:09,447
ELEVENMPV,ElevenMPV,10915,07/31/2021, 05:09:19,447
ELEVENMPV,ElevenMPV,10915,07/31/2021, 06:13:12,447
ELEVENMPV,ElevenMPV,10916,07/31/2021, 07:10:05,447
ELEVENMPV,ElevenMPV,10916,07/31/2021, 08:12:06,447
ELEVENMPV,ElevenMPV,10916,07/31/2021, 09:11:16,447
ELEVENMPV,ElevenMPV,10916,07/31/2021, 10:11:25,447
ELEVENMPV,ElevenMPV,10916,07/31/2021, 11:08:49,447
ELEVENMPV,ElevenMPV,10916,07/31/2021, 12:16:40,447
ELEVENMPV,ElevenMPV,10916,07/31/2021, 13:16:05,447
ELEVENMPV,ElevenMPV,10916,07/31/2021, 14:09:34,447
ELEVENMPV,ElevenMPV,10916,07/31/2021, 15:11:44,447
ELEVENMPV,ElevenMPV,10916,07/31/2021, 16:15:55,447
ELEVENMPV,ElevenMPV,10916,07/31/2021, 17:16:51,447
ELEVENMPV,ElevenMPV,10917,07/31/2021, 18:12:45,447
ELEVENMPV,ElevenMPV,10917,07/31/2021, 19:08:48,447
ELEVENMPV,ElevenMPV,10917,07/31/2021, 20:11:09,447
ELEVENMPV,ElevenMPV,10917,07/31/2021, 21:10:18,447
ELEVENMPV,ElevenMPV,10917,07/31/2021, 22:10:36,447
ELEVENMPV,ElevenMPV,10919,07/31/2021, 23:10:52,447
ELEVENMPV,ElevenMPV,10919,08/01/2021, 00:41:33,447
ELEVENMPV,ElevenMPV,10919,08/01/2021, 02:01:21,447
ELEVENMPV,ElevenMPV,10919,08/01/2021, 03:12:04,447
ELEVENMPV,ElevenMPV,10919,08/01/2021, 04:13:55,447
ELEVENMPV,ElevenMPV,10919,08/01/2021, 05:09:19,447
ELEVENMPV,ElevenMPV,10919,08/01/2021, 06:13:35,447
ELEVENMPV,ElevenMPV,10920,08/01/2021, 07:10:01,447
ELEVENMPV,ElevenMPV,10920,08/01/2021, 08:12:24,447
ELEVENMPV,ElevenMPV,10921,08/01/2021, 09:11:11,447
ELEVENMPV,ElevenMPV,10921,08/01/2021, 10:11:52,447
ELEVENMPV,ElevenMPV,10922,08/01/2021, 11:08:44,447
ELEVENMPV,ElevenMPV,10923,08/01/2021, 12:16:11,447
ELEVENMPV,ElevenMPV,10923,08/01/2021, 13:15:40,447
ELEVENMPV,ElevenMPV,10923,08/01/2021, 14:09:38,447
ELEVENMPV,ElevenMPV,10925,08/01/2021, 15:11:43,447
ELEVENMPV,ElevenMPV,10925,08/01/2021, 16:15:44,447
ELEVENMPV,ElevenMPV,10925,08/01/2021, 17:16:12,447
ELEVENMPV,ElevenMPV,10927,08/01/2021, 18:12:41,447
ELEVENMPV,ElevenMPV,10928,08/01/2021, 19:08:41,447
ELEVENMPV,ElevenMPV,10928,08/01/2021, 20:12:02,447
ELEVENMPV,ElevenMPV,10929,08/01/2021, 21:10:04,447
ELEVENMPV,ElevenMPV,10930,08/01/2021, 22:10:30,447
ELEVENMPV,ElevenMPV,10930,08/01/2021, 23:10:50,447
ELEVENMPV,ElevenMPV,10932,08/02/2021, 00:36:09,447
ELEVENMPV,ElevenMPV,10933,08/02/2021, 01:55:20,447
ELEVENMPV,ElevenMPV,10934,08/02/2021, 02:24:33,447
ELEVENMPV,ElevenMPV,10934,08/02/2021, 03:12:15,447
ELEVENMPV,ElevenMPV,10935,08/02/2021, 04:14:15,447
ELEVENMPV,ElevenMPV,10936,08/02/2021, 05:09:35,447
ELEVENMPV,ElevenMPV,10936,08/02/2021, 06:13:55,447
ELEVENMPV,ElevenMPV,10936,08/02/2021, 07:14:54,447
ELEVENMPV,ElevenMPV,10936,08/02/2021, 08:20:33,447
ELEVENMPV,ElevenMPV,10936,08/02/2021, 09:16:04,447
ELEVENMPV,ElevenMPV,10936,08/02/2021, 10:16:53,447
ELEVENMPV,ElevenMPV,10936,08/02/2021, 11:14:00,447
ELEVENMPV,ElevenMPV,10936,08/02/2021, 12:22:00,447
ELEVENMPV,ElevenMPV,10936,08/02/2021, 13:22:58,447
ELEVENMPV,ElevenMPV,10936,08/02/2021, 14:15:05,447
ELEVENMPV,ElevenMPV,10938,08/02/2021, 15:16:54,447
ELEVENMPV,ElevenMPV,10939,08/02/2021, 16:21:55,447
ELEVENMPV,ElevenMPV,10940,08/02/2021, 17:22:51,447
ELEVENMPV,ElevenMPV,10941,08/02/2021, 18:18:03,447
ELEVENMPV,ElevenMPV,10941,08/02/2021, 19:12:51,447
ELEVENMPV,ElevenMPV,10942,08/02/2021, 20:16:50,447
ELEVENMPV,ElevenMPV,10943,08/02/2021, 21:11:39,447
ELEVENMPV,ElevenMPV,10944,08/02/2021, 22:10:54,447
ELEVENMPV,ElevenMPV,10945,08/02/2021, 23:11:07,447
ELEVENMPV,ElevenMPV,10950,08/03/2021, 00:40:57,447
ELEVENMPV,ElevenMPV,10951,08/03/2021, 02:02:55,447
ELEVENMPV,ElevenMPV,10951,08/03/2021, 03:12:05,447
ELEVENMPV,ElevenMPV,10952,08/03/2021, 04:14:00,447
ELEVENMPV,ElevenMPV,10952,08/03/2021, 05:09:34,447
ELEVENMPV,ElevenMPV,10952,08/03/2021, 06:13:27,447
ELEVENMPV,ElevenMPV,10952,08/03/2021, 07:10:21,447
ELEVENMPV,ElevenMPV,10952,08/03/2021, 08:15:19,447
ELEVENMPV,ElevenMPV,10953,08/03/2021, 09:14:37,447
ELEVENMPV,ElevenMPV,10953,08/03/2021, 10:17:55,447
ELEVENMPV,ElevenMPV,10953,08/03/2021, 11:09:49,447
ELEVENMPV,ElevenMPV,11087,08/19/2021, 18:13:33,447
ELEVENMPV,ElevenMPV,11087,08/19/2021, 19:12:30,447
ELEVENMPV,ElevenMPV,11088,08/19/2021, 20:16:54,447
ELEVENMPV,ElevenMPV,11088,08/19/2021, 21:12:33,447
ELEVENMPV,ElevenMPV,11088,08/19/2021, 22:09:21,447
ELEVENMPV,ElevenMPV,11088,08/19/2021, 23:11:11,447
ELEVENMPV,ElevenMPV,11088,08/20/2021, 00:35:34,447
ELEVENMPV,ElevenMPV,11088,08/20/2021, 01:50:31,447
ELEVENMPV,ElevenMPV,11088,08/20/2021, 02:21:09,447
ELEVENMPV,ElevenMPV,11089,08/20/2021, 03:12:04,447
ELEVENMPV,ElevenMPV,11090,08/20/2021, 04:14:18,447
ELEVENMPV,ElevenMPV,11092,08/20/2021, 05:10:35,447
ELEVENMPV,ElevenMPV,11092,08/20/2021, 06:13:37,447
ELEVENMPV,ElevenMPV,11093,08/20/2021, 07:11:33,447
ELEVENMPV,ElevenMPV,11093,08/20/2021, 08:17:56,447
ELEVENMPV,ElevenMPV,11094,08/20/2021, 09:16:12,447
ELEVENMPV,ElevenMPV,11094,08/20/2021, 10:14:52,447
ELEVENMPV,ElevenMPV,11094,08/20/2021, 11:09:32,447
ELEVENMPV,ElevenMPV,11094,08/20/2021, 12:18:17,447
ELEVENMPV,ElevenMPV,11094,08/20/2021, 13:22:55,447
ELEVENMPV,ElevenMPV,11095,08/20/2021, 14:14:56,447
ELEVENMPV,ElevenMPV,11095,08/20/2021, 15:16:51,447
ELEVENMPV,ElevenMPV,11095,08/20/2021, 16:17:00,447
ELEVENMPV,ElevenMPV,11095,08/20/2021, 17:16:57,447
ELEVENMPV,ElevenMPV,11095,08/20/2021, 18:13:16,447
ELEVENMPV,ElevenMPV,11095,08/20/2021, 19:09:24,447
ELEVENMPV,ElevenMPV,11095,08/20/2021, 20:11:20,447
ELEVENMPV,ElevenMPV,11095,08/20/2021, 21:10:08,447
ELEVENMPV,ElevenMPV,11096,08/20/2021, 22:10:56,447
ELEVENMPV,ElevenMPV,11096,08/20/2021, 23:11:13,447
ELEVENMPV,ElevenMPV,11097,08/21/2021, 00:35:21,447
ELEVENMPV,ElevenMPV,11097,08/21/2021, 01:50:14,447
ELEVENMPV,ElevenMPV,11097,08/21/2021, 02:23:45,447
ELEVENMPV,ElevenMPV,11097,08/21/2021, 03:11:58,447
ELEVENMPV,ElevenMPV,11097,08/21/2021, 04:14:00,447
ELEVENMPV,ElevenMPV,11097,08/21/2021, 05:09:38,447
ELEVENMPV,ElevenMPV,11097,08/21/2021, 06:13:05,447
ELEVENMPV,ElevenMPV,11098,08/21/2021, 07:10:50,447
ELEVENMPV,ElevenMPV,11098,08/21/2021, 08:12:29,447
ELEVENMPV,ElevenMPV,11098,08/21/2021, 09:10:47,447
ELEVENMPV,ElevenMPV,11098,08/21/2021, 10:11:58,447
ELEVENMPV,ElevenMPV,11098,08/21/2021, 11:09:13,447
ELEVENMPV,ElevenMPV,11098,08/21/2021, 12:16:29,447
ELEVENMPV,ElevenMPV,11098,08/21/2021, 13:16:16,447
ELEVENMPV,ElevenMPV,11098,08/21/2021, 14:09:59,447
ELEVENMPV,ElevenMPV,11098,08/21/2021, 15:11:33,447
ELEVENMPV,ElevenMPV,11098,08/21/2021, 16:15:46,447
ELEVENMPV,ElevenMPV,11099,08/21/2021, 17:15:32,447
ELEVENMPV,ElevenMPV,11099,08/21/2021, 18:12:45,447
ELEVENMPV,ElevenMPV,11099,08/21/2021, 19:08:34,447
ELEVENMPV,ElevenMPV,11100,08/21/2021, 20:10:59,447
ELEVENMPV,ElevenMPV,11102,08/21/2021, 21:09:56,447
ELEVENMPV,ElevenMPV,11103,08/21/2021, 22:10:44,447
ELEVENMPV,ElevenMPV,11104,08/21/2021, 23:10:47,447
ELEVENMPV,ElevenMPV,11104,08/22/2021, 00:35:05,447
ELEVENMPV,ElevenMPV,11104,08/22/2021, 01:51:15,447
ELEVENMPV,ElevenMPV,11104,08/22/2021, 02:21:21,447
ELEVENMPV,ElevenMPV,11105,08/22/2021, 03:11:51,447
ELEVENMPV,ElevenMPV,11106,08/22/2021, 04:14:10,447
ELEVENMPV,ElevenMPV,11106,08/22/2021, 05:09:34,447
ELEVENMPV,ElevenMPV,11106,08/22/2021, 06:13:13,447
ELEVENMPV,ElevenMPV,11106,08/22/2021, 07:10:43,447
ELEVENMPV,ElevenMPV,11106,08/22/2021, 08:12:02,447
ELEVENMPV,ElevenMPV,11106,08/22/2021, 09:11:06,447
ELEVENMPV,ElevenMPV,11106,08/22/2021, 10:11:43,447
ELEVENMPV,ElevenMPV,11106,08/22/2021, 11:09:22,447
ELEVENMPV,ElevenMPV,11106,08/22/2021, 12:16:32,447
ELEVENMPV,ElevenMPV,11106,08/22/2021, 13:16:45,447
ELEVENMPV,ElevenMPV,11106,08/22/2021, 14:09:38,447
ELEVENMPV,ElevenMPV,11107,08/22/2021, 15:12:03,447
ELEVENMPV,ElevenMPV,11108,08/22/2021, 16:15:38,447
ELEVENMPV,ElevenMPV,11108,08/22/2021, 17:15:30,447
ELEVENMPV,ElevenMPV,11110,08/22/2021, 18:12:20,447
ELEVENMPV,ElevenMPV,11111,08/22/2021, 19:08:46,447
ELEVENMPV,ElevenMPV,11111,08/22/2021, 20:11:16,447
ELEVENMPV,ElevenMPV,11112,08/22/2021, 21:09:38,447
ELEVENMPV,ElevenMPV,11112,08/22/2021, 22:10:52,447
ELEVENMPV,ElevenMPV,11112,08/22/2021, 23:11:00,447
ELEVENMPV,ElevenMPV,11114,08/23/2021, 00:33:13,447
ELEVENMPV,ElevenMPV,11115,08/23/2021, 01:45:10,447
ELEVENMPV,ElevenMPV,11115,08/23/2021, 02:20:32,447
ELEVENMPV,ElevenMPV,11116,08/23/2021, 03:11:43,447
ELEVENMPV,ElevenMPV,11116,08/23/2021, 04:14:32,447
ELEVENMPV,ElevenMPV,11116,08/23/2021, 05:09:53,447
ELEVENMPV,ElevenMPV,11116,08/23/2021, 06:13:48,447
ELEVENMPV,ElevenMPV,11117,08/23/2021, 07:15:53,447
ELEVENMPV,ElevenMPV,11117,08/23/2021, 08:17:57,447
ELEVENMPV,ElevenMPV,11118,08/23/2021, 09:16:02,447
ELEVENMPV,ElevenMPV,11118,08/23/2021, 10:17:07,447
ELEVENMPV,ElevenMPV,11118,08/23/2021, 11:14:59,447
ELEVENMPV,ElevenMPV,11119,08/23/2021, 12:21:57,447
ELEVENMPV,ElevenMPV,11119,08/23/2021, 13:22:54,447
ELEVENMPV,ElevenMPV,11120,08/23/2021, 14:15:00,447
ELEVENMPV,ElevenMPV,11120,08/23/2021, 15:14:54,447
ELEVENMPV,ElevenMPV,11120,08/23/2021, 16:17:26,447
ELEVENMPV,ElevenMPV,11120,08/23/2021, 17:18:01,447
ELEVENMPV,ElevenMPV,11120,08/23/2021, 18:18:57,447
ELEVENMPV,ElevenMPV,11121,08/23/2021, 19:12:59,447
ELEVENMPV,ElevenMPV,11121,08/23/2021, 20:15:58,447
ELEVENMPV,ElevenMPV,11121,08/23/2021, 21:14:57,447
ELEVENMPV,ElevenMPV,11121,08/23/2021, 22:13:08,447
ELEVENMPV,ElevenMPV,11122,08/23/2021, 23:11:20,447
ELEVENMPV,ElevenMPV,11123,08/24/2021, 00:34:13,447
ELEVENMPV,ElevenMPV,11123,08/24/2021, 01:48:30,447
ELEVENMPV,ElevenMPV,11123,08/24/2021, 02:19:50,447
ELEVENMPV,ElevenMPV,11125,08/24/2021, 03:11:53,447
ELEVENMPV,ElevenMPV,11125,08/24/2021, 04:14:17,447
ELEVENMPV,ElevenMPV,11125,08/24/2021, 05:09:54,447
ELEVENMPV,ElevenMPV,11125,08/24/2021, 06:13:26,447
ELEVENMPV,ElevenMPV,11125,08/24/2021, 07:11:18,447
ELEVENMPV,ElevenMPV,11125,08/24/2021, 08:18:01,447
ELEVENMPV,ElevenMPV,11125,08/24/2021, 09:16:01,447
ELEVENMPV,ElevenMPV,11125,08/24/2021, 10:12:40,447
ELEVENMPV,ElevenMPV,11125,08/24/2021, 11:13:53,447
ELEVENMPV,ElevenMPV,11125,08/24/2021, 12:21:59,447
ELEVENMPV,ElevenMPV,11125,08/24/2021, 13:17:32,447
ELEVENMPV,ElevenMPV,11125,08/24/2021, 14:14:54,447
ELEVENMPV,ElevenMPV,11126,08/24/2021, 15:15:40,447
ELEVENMPV,ElevenMPV,11127,08/24/2021, 16:16:31,447
ELEVENMPV,ElevenMPV,11127,08/24/2021, 17:21:48,447
ELEVENMPV,ElevenMPV,11127,08/24/2021, 18:16:55,447
ELEVENMPV,ElevenMPV,11127,08/24/2021, 19:13:54,447
ELEVENMPV,ElevenMPV,11129,08/24/2021, 20:13:39,447
ELEVENMPV,ElevenMPV,11129,08/24/2021, 21:13:50,447
ELEVENMPV,ElevenMPV,11129,08/24/2021, 22:11:10,447
ELEVENMPV,ElevenMPV,11131,08/24/2021, 23:11:23,447
ELEVENMPV,ElevenMPV,11132,08/25/2021, 00:35:33,447
ELEVENMPV,ElevenMPV,11132,08/25/2021, 01:50:58,447
ELEVENMPV,ElevenMPV,11132,08/25/2021, 02:21:21,447
ELEVENMPV,ElevenMPV,11132,08/25/2021, 03:11:46,447
ELEVENMPV,ElevenMPV,11132,08/25/2021, 04:14:11,447
ELEVENMPV,ElevenMPV,11132,08/25/2021, 05:09:55,447
ELEVENMPV,ElevenMPV,11132,08/25/2021, 06:13:23,447
ELEVENMPV,ElevenMPV,11132,08/25/2021, 07:15:58,447
ELEVENMPV,ElevenMPV,11132,08/25/2021, 08:13:46,447
ELEVENMPV,ElevenMPV,11132,08/25/2021, 09:15:59,447
ELEVENMPV,ElevenMPV,11132,08/25/2021, 10:17:57,447
ELEVENMPV,ElevenMPV,11132,08/25/2021, 11:14:00,447
ELEVENMPV,ElevenMPV,11133,08/25/2021, 12:21:51,447
ELEVENMPV,ElevenMPV,11133,08/25/2021, 13:23:00,447
ELEVENMPV,ElevenMPV,11133,08/25/2021, 14:14:55,447
ELEVENMPV,ElevenMPV,11137,08/25/2021, 15:14:19,447
ELEVENMPV,ElevenMPV,11137,08/25/2021, 17:21:50,447
ELEVENMPV,ElevenMPV,11137,08/25/2021, 18:17:08,447
ELEVENMPV,ElevenMPV,11138,08/25/2021, 19:13:38,447
ELEVENMPV,ElevenMPV,11140,08/25/2021, 20:16:05,447
ELEVENMPV,ElevenMPV,11140,08/25/2021, 21:14:57,447
ELEVENMPV,ElevenMPV,11140,08/25/2021, 22:11:06,447
ELEVENMPV,ElevenMPV,11141,08/25/2021, 23:11:21,447
ELEVENMPV,ElevenMPV,11142,08/26/2021, 00:33:57,447
ELEVENMPV,ElevenMPV,11142,08/26/2021, 01:48:31,447
ELEVENMPV,ElevenMPV,11143,08/26/2021, 02:20:13,447
ELEVENMPV,ElevenMPV,11143,08/26/2021, 03:11:26,447
ELEVENMPV,ElevenMPV,11143,08/26/2021, 04:14:16,447
ELEVENMPV,ElevenMPV,11143,08/26/2021, 05:09:57,447
ELEVENMPV,ElevenMPV,11143,08/26/2021, 06:13:12,447
ELEVENMPV,ElevenMPV,11143,08/26/2021, 07:10:58,447
ELEVENMPV,ElevenMPV,11143,08/26/2021, 08:18:10,447
ELEVENMPV,ElevenMPV,11143,08/26/2021, 09:15:58,447
ELEVENMPV,ElevenMPV,11143,08/26/2021, 10:17:00,447
ELEVENMPV,ElevenMPV,11143,08/26/2021, 11:11:46,447
ELEVENMPV,ElevenMPV,11144,08/26/2021, 12:22:55,447
ELEVENMPV,ElevenMPV,11144,08/26/2021, 13:22:59,447
ELEVENMPV,ElevenMPV,11144,08/26/2021, 14:15:03,447
ELEVENMPV,ElevenMPV,11145,08/26/2021, 15:16:55,447
ELEVENMPV,ElevenMPV,11145,08/26/2021, 16:17:38,447
ELEVENMPV,ElevenMPV,11145,08/26/2021, 17:17:46,447
ELEVENMPV,ElevenMPV,11145,08/26/2021, 18:13:03,447
ELEVENMPV,ElevenMPV,11145,08/26/2021, 19:14:44,447
ELEVENMPV,ElevenMPV,11145,08/26/2021, 20:15:54,447
ELEVENMPV,ElevenMPV,11145,08/26/2021, 21:10:21,447
ELEVENMPV,ElevenMPV,11145,08/26/2021, 22:11:02,447
ELEVENMPV,ElevenMPV,11146,08/26/2021, 23:11:15,447
ELEVENMPV,ElevenMPV,11146,08/27/2021, 00:38:58,447
ELEVENMPV,ElevenMPV,11146,08/27/2021, 01:55:13,447
ELEVENMPV,ElevenMPV,11146,08/27/2021, 02:24:13,447
ELEVENMPV,ElevenMPV,11147,08/27/2021, 03:11:28,447
ELEVENMPV,ElevenMPV,11147,08/27/2021, 04:14:15,447
ELEVENMPV,ElevenMPV,11147,08/27/2021, 05:09:48,447
ELEVENMPV,ElevenMPV,11148,08/27/2021, 06:13:24,447
ELEVENMPV,ElevenMPV,11149,08/27/2021, 07:12:29,447
ELEVENMPV,ElevenMPV,11149,08/27/2021, 08:17:50,447
ELEVENMPV,ElevenMPV,11149,08/27/2021, 09:15:57,447
ELEVENMPV,ElevenMPV,11149,08/27/2021, 10:16:56,447
ELEVENMPV,ElevenMPV,11149,08/27/2021, 11:09:14,447
ELEVENMPV,ElevenMPV,11149,08/27/2021, 12:18:45,447
ELEVENMPV,ElevenMPV,11149,08/27/2021, 13:21:51,447
ELEVENMPV,ElevenMPV,11149,08/27/2021, 14:14:49,447
ELEVENMPV,ElevenMPV,11150,08/27/2021, 15:16:54,447
ELEVENMPV,ElevenMPV,11150,08/27/2021, 16:20:41,447
ELEVENMPV,ElevenMPV,11150,08/27/2021, 17:16:50,447
ELEVENMPV,ElevenMPV,11150,08/27/2021, 18:15:19,447
ELEVENMPV,ElevenMPV,11150,08/27/2021, 19:09:16,447
ELEVENMPV,ElevenMPV,11152,08/27/2021, 20:11:27,447
ELEVENMPV,ElevenMPV,11155,08/27/2021, 21:09:45,447
ELEVENMPV,ElevenMPV,11155,08/27/2021, 22:11:02,447
ELEVENMPV,ElevenMPV,11155,08/27/2021, 23:11:10,447
ELEVENMPV,ElevenMPV,11156,08/28/2021, 00:34:18,447
ELEVENMPV,ElevenMPV,11156,08/28/2021, 01:46:22,447
ELEVENMPV,ElevenMPV,11156,08/28/2021, 02:22:01,447
ELEVENMPV,ElevenMPV,11157,08/28/2021, 03:11:32,447
ELEVENMPV,ElevenMPV,11158,08/28/2021, 04:13:54,447
ELEVENMPV,ElevenMPV,11158,08/28/2021, 05:09:37,447
ELEVENMPV,ElevenMPV,11159,08/28/2021, 06:12:49,447
ELEVENMPV,ElevenMPV,11160,08/28/2021, 07:10:37,447
ELEVENMPV,ElevenMPV,11160,08/28/2021, 08:12:31,447
ELEVENMPV,ElevenMPV,11160,08/28/2021, 09:10:26,447
ELEVENMPV,ElevenMPV,11160,08/28/2021, 10:11:50,447
ELEVENMPV,ElevenMPV,11160,08/28/2021, 11:09:06,447
ELEVENMPV,ElevenMPV,11162,08/28/2021, 12:16:12,447
ELEVENMPV,ElevenMPV,11162,08/28/2021, 13:15:16,447
ELEVENMPV,ElevenMPV,11163,08/28/2021, 15:11:16,447
ELEVENMPV,ElevenMPV,11163,08/28/2021, 16:16:05,447
ELEVENMPV,ElevenMPV,11163,08/28/2021, 17:15:24,447
ELEVENMPV,ElevenMPV,11165,08/28/2021, 18:12:15,447
ELEVENMPV,ElevenMPV,11165,08/28/2021, 19:08:38,447
ELEVENMPV,ElevenMPV,11166,08/28/2021, 20:11:00,447
ELEVENMPV,ElevenMPV,11166,08/28/2021, 21:09:31,447
ELEVENMPV,ElevenMPV,11167,08/28/2021, 22:10:41,447
ELEVENMPV,ElevenMPV,11169,08/28/2021, 23:11:12,447
ELEVENMPV,ElevenMPV,11170,08/29/2021, 00:37:29,447
ELEVENMPV,ElevenMPV,11170,08/29/2021, 01:53:46,447
ELEVENMPV,ElevenMPV,11170,08/29/2021, 02:22:09,447
ELEVENMPV,ElevenMPV,11170,08/29/2021, 03:11:23,447
ELEVENMPV,ElevenMPV,11171,08/29/2021, 04:13:54,447
ELEVENMPV,ElevenMPV,11171,08/29/2021, 05:09:32,447
ELEVENMPV,ElevenMPV,11171,08/29/2021, 06:12:44,447
ELEVENMPV,ElevenMPV,11172,08/29/2021, 07:10:45,447
ELEVENMPV,ElevenMPV,11173,08/29/2021, 08:12:30,447
ELEVENMPV,ElevenMPV,11173,08/29/2021, 09:10:20,447
ELEVENMPV,ElevenMPV,11173,08/29/2021, 10:11:56,447
ELEVENMPV,ElevenMPV,11173,08/29/2021, 11:08:59,447
ELEVENMPV,ElevenMPV,11173,08/29/2021, 12:16:17,447
ELEVENMPV,ElevenMPV,11174,08/29/2021, 13:15:22,447
ELEVENMPV,ElevenMPV,11174,08/29/2021, 14:10:01,447
ELEVENMPV,ElevenMPV,11174,08/29/2021, 15:11:27,447
ELEVENMPV,ElevenMPV,11174,08/29/2021, 16:15:40,447
ELEVENMPV,ElevenMPV,11174,08/29/2021, 17:15:36,447
ELEVENMPV,ElevenMPV,11175,08/29/2021, 18:12:12,447
ELEVENMPV,ElevenMPV,11175,08/29/2021, 19:08:58,447
ELEVENMPV,ElevenMPV,11175,08/29/2021, 20:10:55,447
ELEVENMPV,ElevenMPV,11176,08/29/2021, 21:09:33,447
ELEVENMPV,ElevenMPV,11176,08/29/2021, 22:10:38,447
ELEVENMPV,ElevenMPV,11176,08/29/2021, 23:10:55,447
ELEVENMPV,ElevenMPV,11176,08/30/2021, 00:36:01,447
ELEVENMPV,ElevenMPV,11176,08/30/2021, 01:51:24,447
ELEVENMPV,ElevenMPV,11176,08/30/2021, 02:21:18,447
ELEVENMPV,ElevenMPV,11176,08/30/2021, 03:11:57,447
ELEVENMPV,ElevenMPV,11177,08/30/2021, 04:14:21,447
ELEVENMPV,ElevenMPV,11177,08/30/2021, 05:09:55,447
ELEVENMPV,ElevenMPV,11178,08/30/2021, 06:13:26,447
ELEVENMPV,ElevenMPV,11178,08/30/2021, 07:14:36,447
ELEVENMPV,ElevenMPV,11178,08/30/2021, 08:17:55,447
ELEVENMPV,ElevenMPV,11180,08/30/2021, 09:15:56,447
ELEVENMPV,ElevenMPV,11180,08/30/2021, 10:16:58,447
ELEVENMPV,ElevenMPV,11180,08/30/2021, 11:13:56,447
ELEVENMPV,ElevenMPV,11180,08/30/2021, 12:22:02,447
ELEVENMPV,ElevenMPV,11180,08/30/2021, 13:23:01,447
ELEVENMPV,ElevenMPV,11180,08/30/2021, 14:15:08,447
ELEVENMPV,ElevenMPV,11180,08/30/2021, 15:17:04,447
ELEVENMPV,ElevenMPV,11180,08/30/2021, 16:18:51,447
ELEVENMPV,ElevenMPV,11180,08/30/2021, 17:22:03,447
ELEVENMPV,ElevenMPV,11181,08/30/2021, 18:17:56,447
ELEVENMPV,ElevenMPV,11181,08/30/2021, 19:13:56,447
ELEVENMPV,ElevenMPV,11181,08/30/2021, 20:16:58,447
ELEVENMPV,ElevenMPV,11181,08/30/2021, 21:11:03,447
ELEVENMPV,ElevenMPV,11182,08/30/2021, 22:14:45,447
ELEVENMPV,ElevenMPV,11183,08/30/2021, 23:11:23,447
ELEVENMPV,ElevenMPV,11183,08/31/2021, 00:37:36,447
ELEVENMPV,ElevenMPV,11183,08/31/2021, 01:51:49,447
ELEVENMPV,ElevenMPV,11183,08/31/2021, 02:21:18,447
ELEVENMPV,ElevenMPV,11183,08/31/2021, 03:11:56,447
ELEVENMPV,ElevenMPV,11183,08/31/2021, 04:13:59,447
ELEVENMPV,ElevenMPV,11183,08/31/2021, 05:09:53,447
ELEVENMPV,ElevenMPV,11184,08/31/2021, 06:13:14,447
ELEVENMPV,ElevenMPV,11185,08/31/2021, 07:16:04,447
ELEVENMPV,ElevenMPV,11185,08/31/2021, 08:18:15,447
ELEVENMPV,ElevenMPV,11185,08/31/2021, 09:17:39,447
ELEVENMPV,ElevenMPV,11185,08/31/2021, 10:17:02,447
ELEVENMPV,ElevenMPV,11185,08/31/2021, 11:13:54,447
ELEVENMPV,ElevenMPV,11185,08/31/2021, 12:19:36,447
ELEVENMPV,ElevenMPV,11190,08/31/2021, 13:22:53,447
ELEVENMPV,ElevenMPV,11191,08/31/2021, 14:10:18,447
ELEVENMPV,ElevenMPV,11191,08/31/2021, 15:16:56,447
ELEVENMPV,ElevenMPV,11191,08/31/2021, 16:20:59,447
ELEVENMPV,ElevenMPV,11191,08/31/2021, 17:21:55,447
ELEVENMPV,ElevenMPV,11192,08/31/2021, 18:17:04,447
ELEVENMPV,ElevenMPV,11192,08/31/2021, 19:13:59,447
ELEVENMPV,ElevenMPV,11192,08/31/2021, 20:15:55,447
ELEVENMPV,ElevenMPV,11192,08/31/2021, 21:09:57,447
ELEVENMPV,ElevenMPV,11192,08/31/2021, 22:09:50,447
ELEVENMPV,ElevenMPV,11192,08/31/2021, 23:11:03,447
ELEVENMPV,ElevenMPV,11192,09/01/2021, 00:39:52,447
ELEVENMPV,ElevenMPV,11193,09/01/2021, 01:57:47,447
ELEVENMPV,ElevenMPV,11193,09/01/2021, 02:28:14,447
ELEVENMPV,ElevenMPV,11193,09/01/2021, 03:11:51,447
ELEVENMPV,ElevenMPV,11193,09/01/2021, 04:14:35,447
ELEVENMPV,ElevenMPV,11193,09/01/2021, 05:10:16,447
ELEVENMPV,ElevenMPV,11193,09/01/2021, 06:13:45,447
ELEVENMPV,ElevenMPV,11193,09/01/2021, 07:15:56,447
ELEVENMPV,ElevenMPV,11193,09/01/2021, 08:16:10,447
ELEVENMPV,ElevenMPV,11193,09/01/2021, 09:15:52,447
ELEVENMPV,ElevenMPV,11193,09/01/2021, 10:16:58,447
ELEVENMPV,ElevenMPV,11194,09/01/2021, 11:13:58,447
ELEVENMPV,ElevenMPV,11194,09/01/2021, 12:22:06,447
ELEVENMPV,ElevenMPV,11194,09/01/2021, 13:23:07,447
ELEVENMPV,ElevenMPV,11195,09/01/2021, 14:10:57,447
ELEVENMPV,ElevenMPV,11195,09/01/2021, 15:16:23,447
ELEVENMPV,ElevenMPV,11195,09/01/2021, 16:16:45,447
ELEVENMPV,ElevenMPV,11196,09/01/2021, 17:20:40,447
ELEVENMPV,ElevenMPV,11196,09/01/2021, 18:15:12,447
ELEVENMPV,ElevenMPV,11199,09/01/2021, 19:12:59,447
ELEVENMPV,ElevenMPV,11199,09/01/2021, 20:16:54,447
ELEVENMPV,ElevenMPV,11200,09/01/2021, 21:15:01,447
ELEVENMPV,ElevenMPV,11200,09/01/2021, 22:11:18,447
ELEVENMPV,ElevenMPV,11200,09/01/2021, 23:11:32,447
ELEVENMPV,ElevenMPV,11201,09/02/2021, 00:36:41,447
ELEVENMPV,ElevenMPV,11201,09/02/2021, 01:52:05,447
ELEVENMPV,ElevenMPV,11201,09/02/2021, 02:21:32,447
ELEVENMPV,ElevenMPV,11202,09/02/2021, 03:11:53,447
ELEVENMPV,ElevenMPV,11202,09/02/2021, 04:14:29,447
ELEVENMPV,ElevenMPV,11202,09/02/2021, 05:10:45,447
ELEVENMPV,ElevenMPV,11202,09/02/2021, 06:13:38,447
ELEVENMPV,ElevenMPV,11202,09/02/2021, 07:15:54,447
ELEVENMPV,ElevenMPV,11202,09/02/2021, 08:17:59,447
ELEVENMPV,ElevenMPV,11202,09/02/2021, 09:16:08,447
ELEVENMPV,ElevenMPV,11202,09/02/2021, 10:16:54,447
ELEVENMPV,ElevenMPV,11202,09/02/2021, 11:14:03,447
ELEVENMPV,ElevenMPV,11202,09/02/2021, 12:21:57,447
ELEVENMPV,ElevenMPV,11202,09/02/2021, 13:23:12,447
ELEVENMPV,ElevenMPV,11202,09/02/2021, 14:15:00,447
ELEVENMPV,ElevenMPV,11202,09/02/2021, 15:14:52,447
ELEVENMPV,ElevenMPV,11202,09/02/2021, 16:17:23,447
ELEVENMPV,ElevenMPV,11203,09/02/2021, 17:18:44,447
ELEVENMPV,ElevenMPV,11205,09/02/2021, 18:13:07,447
ELEVENMPV,ElevenMPV,11207,09/02/2021, 19:09:09,447
ELEVENMPV,ElevenMPV,11207,09/02/2021, 20:15:54,447
ELEVENMPV,ElevenMPV,11207,09/02/2021, 21:12:18,447
ELEVENMPV,ElevenMPV,11207,09/02/2021, 22:11:09,447
ELEVENMPV,ElevenMPV,11207,09/02/2021, 23:11:41,447
ELEVENMPV,ElevenMPV,11208,09/03/2021, 00:36:24,447
ELEVENMPV,ElevenMPV,11210,09/03/2021, 01:52:56,447
ELEVENMPV,ElevenMPV,11211,09/03/2021, 02:22:27,447
ELEVENMPV,ElevenMPV,11213,09/03/2021, 03:12:02,447
ELEVENMPV,ElevenMPV,11214,09/03/2021, 04:14:32,447
ELEVENMPV,ElevenMPV,11214,09/03/2021, 05:10:13,447
ELEVENMPV,ElevenMPV,11214,09/03/2021, 06:13:30,447
ELEVENMPV,ElevenMPV,11214,09/03/2021, 07:11:30,447
ELEVENMPV,ElevenMPV,11214,09/03/2021, 08:18:13,447
ELEVENMPV,ElevenMPV,11215,09/03/2021, 09:15:57,447
ELEVENMPV,ElevenMPV,11215,09/03/2021, 10:17:03,447
ELEVENMPV,ElevenMPV,11215,09/03/2021, 11:11:21,447
ELEVENMPV,ElevenMPV,11215,09/03/2021, 12:22:02,447
ELEVENMPV,ElevenMPV,11215,09/03/2021, 13:23:02,447
ELEVENMPV,ElevenMPV,11215,09/03/2021, 14:14:55,447
ELEVENMPV,ElevenMPV,11215,09/03/2021, 15:17:02,447
ELEVENMPV,ElevenMPV,11216,09/03/2021, 16:16:45,447
ELEVENMPV,ElevenMPV,11216,09/03/2021, 17:17:18,447
ELEVENMPV,ElevenMPV,11216,09/03/2021, 18:12:42,447
ELEVENMPV,ElevenMPV,11218,09/03/2021, 19:09:13,447
ELEVENMPV,ElevenMPV,11218,09/03/2021, 20:12:21,447
ELEVENMPV,ElevenMPV,11219,09/03/2021, 21:09:56,447
ELEVENMPV,ElevenMPV,11219,09/03/2021, 22:11:14,447
ELEVENMPV,ElevenMPV,11220,09/03/2021, 23:11:18,447
ELEVENMPV,ElevenMPV,11221,09/04/2021, 00:36:28,447
ELEVENMPV,ElevenMPV,11222,09/04/2021, 01:53:25,447
ELEVENMPV,ElevenMPV,11222,09/04/2021, 02:25:27,447
ELEVENMPV,ElevenMPV,11222,09/04/2021, 03:11:39,447
ELEVENMPV,ElevenMPV,11222,09/04/2021, 04:14:32,447
ELEVENMPV,ElevenMPV,11222,09/04/2021, 05:09:37,447
ELEVENMPV,ElevenMPV,11222,09/04/2021, 06:12:56,447
ELEVENMPV,ElevenMPV,11222,09/04/2021, 07:11:06,447
ELEVENMPV,ElevenMPV,11222,09/04/2021, 08:12:36,447
ELEVENMPV,ElevenMPV,11222,09/04/2021, 09:10:31,447
ELEVENMPV,ElevenMPV,11222,09/04/2021, 10:11:53,447
ELEVENMPV,ElevenMPV,11222,09/04/2021, 11:09:14,447
ELEVENMPV,ElevenMPV,11222,09/04/2021, 12:16:16,447
ELEVENMPV,ElevenMPV,11223,09/04/2021, 13:16:11,447
ELEVENMPV,ElevenMPV,11223,09/04/2021, 14:09:58,447
ELEVENMPV,ElevenMPV,11224,09/04/2021, 15:11:19,447
ELEVENMPV,ElevenMPV,11225,09/04/2021, 16:15:57,447
ELEVENMPV,ElevenMPV,11226,09/04/2021, 17:15:53,447
ELEVENMPV,ElevenMPV,11227,09/04/2021, 18:12:20,447
ELEVENMPV,ElevenMPV,11227,09/04/2021, 19:10:25,447
ELEVENMPV,ElevenMPV,11228,09/04/2021, 20:11:12,447
ELEVENMPV,ElevenMPV,11228,09/04/2021, 21:09:28,447
ELEVENMPV,ElevenMPV,11229,09/04/2021, 22:10:46,447
ELEVENMPV,ElevenMPV,11229,09/04/2021, 23:10:44,447
ELEVENMPV,ElevenMPV,11229,09/05/2021, 00:39:27,447
ELEVENMPV,ElevenMPV,11229,09/05/2021, 01:55:10,447
ELEVENMPV,ElevenMPV,11230,09/05/2021, 02:23:47,447
ELEVENMPV,ElevenMPV,11230,09/05/2021, 03:11:41,447
ELEVENMPV,ElevenMPV,11230,09/05/2021, 04:14:19,447
ELEVENMPV,ElevenMPV,11230,09/05/2021, 05:09:44,447
ELEVENMPV,ElevenMPV,11233,09/05/2021, 06:12:57,447
ELEVENMPV,ElevenMPV,11234,09/05/2021, 07:11:00,447
ELEVENMPV,ElevenMPV,11234,09/05/2021, 08:12:39,447
ELEVENMPV,ElevenMPV,11235,09/05/2021, 09:10:39,447
ELEVENMPV,ElevenMPV,11235,09/05/2021, 10:11:58,447
ELEVENMPV,ElevenMPV,11236,09/05/2021, 11:09:06,447
ELEVENMPV,ElevenMPV,11236,09/05/2021, 12:16:34,447
ELEVENMPV,ElevenMPV,11236,09/05/2021, 13:16:46,447
ELEVENMPV,ElevenMPV,11237,09/05/2021, 14:09:58,447
ELEVENMPV,ElevenMPV,11238,09/05/2021, 15:11:16,447
ELEVENMPV,ElevenMPV,11238,09/05/2021, 16:16:00,447
ELEVENMPV,ElevenMPV,11238,09/05/2021, 17:15:54,447
ELEVENMPV,ElevenMPV,11238,09/05/2021, 18:12:17,447
ELEVENMPV,ElevenMPV,11238,09/05/2021, 19:08:49,447
ELEVENMPV,ElevenMPV,11238,09/05/2021, 20:11:21,447
ELEVENMPV,ElevenMPV,11239,09/05/2021, 21:09:27,447
ELEVENMPV,ElevenMPV,11240,09/05/2021, 22:11:48,447
ELEVENMPV,ElevenMPV,11241,09/05/2021, 23:11:12,447
ELEVENMPV,ElevenMPV,11241,09/06/2021, 00:40:28,447
ELEVENMPV,ElevenMPV,11241,09/06/2021, 01:58:11,447
ELEVENMPV,ElevenMPV,11241,09/06/2021, 02:28:28,447
ELEVENMPV,ElevenMPV,11242,09/06/2021, 03:11:52,447
ELEVENMPV,ElevenMPV,11244,09/06/2021, 04:14:17,447
ELEVENMPV,ElevenMPV,11245,09/06/2021, 05:10:26,447
ELEVENMPV,ElevenMPV,11245,09/06/2021, 06:13:37,447
ELEVENMPV,ElevenMPV,11246,09/06/2021, 07:11:39,447
ELEVENMPV,ElevenMPV,11248,09/06/2021, 08:17:52,447
ELEVENMPV,ElevenMPV,11248,09/06/2021, 09:16:01,447
ELEVENMPV,ElevenMPV,11248,09/06/2021, 10:17:55,447
ELEVENMPV,ElevenMPV,11249,09/06/2021, 11:14:04,447
ELEVENMPV,ElevenMPV,11249,09/06/2021, 12:22:01,447
ELEVENMPV,ElevenMPV,11249,09/06/2021, 13:20:37,447
ELEVENMPV,ElevenMPV,11249,09/06/2021, 14:10:50,447
ELEVENMPV,ElevenMPV,11249,09/06/2021, 15:11:43,447
ELEVENMPV,ElevenMPV,11250,09/06/2021, 16:16:36,447
ELEVENMPV,ElevenMPV,11250,09/06/2021, 17:17:32,447
ELEVENMPV,ElevenMPV,11250,09/06/2021, 18:12:43,447
ELEVENMPV,ElevenMPV,11250,09/06/2021, 19:09:02,447
ELEVENMPV,ElevenMPV,11250,09/06/2021, 20:11:40,447
ELEVENMPV,ElevenMPV,11251,09/06/2021, 21:10:00,447
ELEVENMPV,ElevenMPV,11251,09/06/2021, 22:10:57,447
ELEVENMPV,ElevenMPV,11251,09/06/2021, 23:11:04,447
ELEVENMPV,ElevenMPV,11251,09/07/2021, 00:35:19,447
ELEVENMPV,ElevenMPV,11251,09/07/2021, 01:50:37,447
ELEVENMPV,ElevenMPV,11251,09/07/2021, 02:21:29,447
ELEVENMPV,ElevenMPV,11251,09/07/2021, 03:11:49,447
ELEVENMPV,ElevenMPV,11252,09/07/2021, 04:14:14,447
ELEVENMPV,ElevenMPV,11252,09/07/2021, 05:10:02,447
ELEVENMPV,ElevenMPV,11253,09/07/2021, 06:13:28,447
ELEVENMPV,ElevenMPV,11253,09/07/2021, 07:12:04,447
ELEVENMPV,ElevenMPV,11253,09/07/2021, 08:13:58,447
ELEVENMPV,ElevenMPV,11253,09/07/2021, 09:16:08,447
ELEVENMPV,ElevenMPV,11253,09/07/2021, 10:14:37,447
ELEVENMPV,ElevenMPV,11253,09/07/2021, 11:13:56,447
ELEVENMPV,ElevenMPV,11254,09/07/2021, 12:17:00,447
ELEVENMPV,ElevenMPV,11254,09/07/2021, 13:18:27,447
ELEVENMPV,ElevenMPV,11255,09/07/2021, 14:10:43,447
ELEVENMPV,ElevenMPV,11255,09/07/2021, 15:12:06,447
ELEVENMPV,ElevenMPV,11255,09/07/2021, 16:16:54,447
ELEVENMPV,ElevenMPV,11255,09/07/2021, 17:17:40,447
ELEVENMPV,ElevenMPV,11255,09/07/2021, 18:12:44,447
ELEVENMPV,ElevenMPV,11255,09/07/2021, 19:09:15,447
ELEVENMPV,ElevenMPV,11255,09/07/2021, 20:11:41,447
ELEVENMPV,ElevenMPV,11255,09/07/2021, 21:09:46,447
ELEVENMPV,ElevenMPV,11255,09/07/2021, 22:11:13,447
ELEVENMPV,ElevenMPV,11255,09/07/2021, 23:11:17,447
ELEVENMPV,ElevenMPV,11256,09/08/2021, 00:35:22,447
ELEVENMPV,ElevenMPV,11257,09/08/2021, 01:52:38,447
ELEVENMPV,ElevenMPV,11257,09/08/2021, 02:22:27,447
ELEVENMPV,ElevenMPV,11257,09/08/2021, 03:11:55,447
ELEVENMPV,ElevenMPV,11257,09/08/2021, 04:14:32,447
ELEVENMPV,ElevenMPV,11258,09/08/2021, 05:08:33,447
ELEVENMPV,ElevenMPV,11258,09/08/2021, 06:13:23,447
ELEVENMPV,ElevenMPV,11258,09/08/2021, 07:11:19,447
ELEVENMPV,ElevenMPV,11260,09/08/2021, 08:12:58,447
ELEVENMPV,ElevenMPV,11260,09/08/2021, 09:11:11,447
ELEVENMPV,ElevenMPV,11260,09/08/2021, 10:12:44,447
ELEVENMPV,ElevenMPV,11261,09/08/2021, 11:09:19,447
ELEVENMPV,ElevenMPV,11261,09/08/2021, 12:17:18,447
ELEVENMPV,ElevenMPV,11261,09/08/2021, 13:18:35,447
ELEVENMPV,ElevenMPV,11261,09/08/2021, 14:10:32,447
ELEVENMPV,ElevenMPV,11261,09/08/2021, 15:12:09,447
ELEVENMPV,ElevenMPV,11261,09/08/2021, 16:16:36,447
ELEVENMPV,ElevenMPV,11261,09/08/2021, 17:17:29,447
ELEVENMPV,ElevenMPV,11263,09/08/2021, 18:14:51,447
ELEVENMPV,ElevenMPV,11263,09/08/2021, 19:09:43,447
ELEVENMPV,ElevenMPV,11263,09/08/2021, 20:11:58,447
ELEVENMPV,ElevenMPV,11263,09/08/2021, 21:09:51,447
ELEVENMPV,ElevenMPV,11264,09/08/2021, 22:11:17,447
ELEVENMPV,ElevenMPV,11264,09/08/2021, 23:11:16,447
ELEVENMPV,ElevenMPV,11264,09/09/2021, 00:38:49,447
ELEVENMPV,ElevenMPV,11264,09/09/2021, 01:55:59,447
ELEVENMPV,ElevenMPV,11264,09/09/2021, 02:25:00,447
ELEVENMPV,ElevenMPV,11264,09/09/2021, 03:11:56,447
ELEVENMPV,ElevenMPV,11264,09/09/2021, 04:14:38,447
ELEVENMPV,ElevenMPV,11264,09/09/2021, 05:10:28,447
ELEVENMPV,ElevenMPV,11265,09/09/2021, 06:13:30,447
ELEVENMPV,ElevenMPV,11265,09/09/2021, 07:11:56,447
ELEVENMPV,ElevenMPV,11265,09/09/2021, 08:13:11,447
ELEVENMPV,ElevenMPV,11266,09/09/2021, 09:11:21,447
ELEVENMPV,ElevenMPV,11266,09/09/2021, 10:12:28,447
ELEVENMPV,ElevenMPV,11266,09/09/2021, 11:09:43,447
ELEVENMPV,ElevenMPV,11266,09/09/2021, 12:17:34,447
ELEVENMPV,ElevenMPV,11267,09/09/2021, 13:18:56,447
ELEVENMPV,ElevenMPV,11267,09/09/2021, 14:10:27,447
ELEVENMPV,ElevenMPV,11267,09/09/2021, 15:11:49,447
ELEVENMPV,ElevenMPV,11269,09/09/2021, 16:16:44,447
ELEVENMPV,ElevenMPV,11270,09/09/2021, 17:17:06,447
ELEVENMPV,ElevenMPV,11272,09/09/2021, 18:13:03,447
ELEVENMPV,ElevenMPV,11272,09/09/2021, 19:09:09,447
ELEVENMPV,ElevenMPV,11273,09/09/2021, 20:11:48,447
ELEVENMPV,ElevenMPV,11274,09/09/2021, 21:10:06,447
ELEVENMPV,ElevenMPV,11274,09/09/2021, 22:11:13,447
ELEVENMPV,ElevenMPV,11274,09/09/2021, 23:11:20,447
ELEVENMPV,ElevenMPV,11275,09/10/2021, 00:41:14,447
ELEVENMPV,ElevenMPV,11276,09/10/2021, 01:56:05,447
ELEVENMPV,ElevenMPV,11276,09/10/2021, 02:25:24,447
ELEVENMPV,ElevenMPV,11276,09/10/2021, 03:11:52,447
ELEVENMPV,ElevenMPV,11276,09/10/2021, 04:14:43,447
ELEVENMPV,ElevenMPV,11277,09/10/2021, 05:10:07,447
ELEVENMPV,ElevenMPV,11277,09/10/2021, 06:13:37,447
ELEVENMPV,ElevenMPV,11278,09/10/2021, 07:11:23,447
ELEVENMPV,ElevenMPV,11278,09/10/2021, 08:16:27,447
ELEVENMPV,ElevenMPV,11278,09/10/2021, 09:16:03,447
ELEVENMPV,ElevenMPV,11278,09/10/2021, 10:12:14,447
ELEVENMPV,ElevenMPV,11279,09/10/2021, 11:09:39,447
ELEVENMPV,ElevenMPV,11280,09/10/2021, 12:17:18,447
ELEVENMPV,ElevenMPV,11280,09/10/2021, 13:19:35,447
ELEVENMPV,ElevenMPV,11280,09/10/2021, 14:10:45,447
ELEVENMPV,ElevenMPV,11280,09/10/2021, 15:12:04,447
ELEVENMPV,ElevenMPV,11280,09/10/2021, 16:16:39,447
ELEVENMPV,ElevenMPV,11280,09/10/2021, 17:14:38,447
ELEVENMPV,ElevenMPV,11281,09/10/2021, 18:12:48,447
ELEVENMPV,ElevenMPV,11281,09/10/2021, 19:09:11,447
ELEVENMPV,ElevenMPV,11281,09/10/2021, 20:11:44,447
ELEVENMPV,ElevenMPV,11281,09/10/2021, 21:09:46,447
ELEVENMPV,ElevenMPV,11281,09/10/2021, 22:11:02,447
ELEVENMPV,ElevenMPV,11281,09/10/2021, 23:11:18,447
ELEVENMPV,ElevenMPV,11281,09/11/2021, 00:36:42,447
ELEVENMPV,ElevenMPV,11282,09/11/2021, 01:51:29,447
ELEVENMPV,ElevenMPV,11282,09/11/2021, 02:23:50,447
ELEVENMPV,ElevenMPV,11282,09/11/2021, 03:11:30,447
ELEVENMPV,ElevenMPV,11283,09/11/2021, 04:14:11,447
ELEVENMPV,ElevenMPV,11283,09/11/2021, 05:09:40,447
ELEVENMPV,ElevenMPV,11283,09/11/2021, 06:13:02,447
ELEVENMPV,ElevenMPV,11284,09/11/2021, 07:10:49,447
ELEVENMPV,ElevenMPV,11284,09/11/2021, 08:12:35,447
ELEVENMPV,ElevenMPV,11284,09/11/2021, 09:10:39,447
ELEVENMPV,ElevenMPV,11284,09/11/2021, 10:11:53,447
ELEVENMPV,ElevenMPV,11285,09/11/2021, 11:09:23,447
ELEVENMPV,ElevenMPV,11286,09/11/2021, 12:16:27,447
ELEVENMPV,ElevenMPV,11286,09/11/2021, 13:16:13,447
ELEVENMPV,ElevenMPV,11287,09/11/2021, 14:10:03,447
ELEVENMPV,ElevenMPV,11287,09/11/2021, 15:11:05,447
ELEVENMPV,ElevenMPV,11287,09/11/2021, 16:15:56,447
ELEVENMPV,ElevenMPV,11287,09/11/2021, 17:15:05,447
ELEVENMPV,ElevenMPV,11287,09/11/2021, 18:12:16,447
ELEVENMPV,ElevenMPV,11288,09/11/2021, 19:08:44,447
ELEVENMPV,ElevenMPV,11288,09/11/2021, 20:11:17,447
ELEVENMPV,ElevenMPV,11289,09/11/2021, 21:09:17,447
ELEVENMPV,ElevenMPV,11289,09/11/2021, 22:10:32,447
ELEVENMPV,ElevenMPV,11290,09/11/2021, 23:10:55,447
ELEVENMPV,ElevenMPV,11290,09/12/2021, 00:39:14,447
ELEVENMPV,ElevenMPV,11290,09/12/2021, 01:56:48,447
ELEVENMPV,ElevenMPV,11290,09/12/2021, 02:26:03,447
ELEVENMPV,ElevenMPV,11290,09/12/2021, 03:11:40,447
ELEVENMPV,ElevenMPV,11291,09/12/2021, 04:14:13,447
ELEVENMPV,ElevenMPV,11291,09/12/2021, 05:09:42,447
ELEVENMPV,ElevenMPV,11292,09/12/2021, 06:12:51,447
ELEVENMPV,ElevenMPV,11292,09/12/2021, 07:11:05,447
ELEVENMPV,ElevenMPV,11293,09/12/2021, 08:12:20,447
ELEVENMPV,ElevenMPV,11293,09/12/2021, 09:10:39,447
ELEVENMPV,ElevenMPV,11293,09/12/2021, 10:11:52,447
ELEVENMPV,ElevenMPV,11293,09/12/2021, 11:09:29,447
ELEVENMPV,ElevenMPV,11293,09/12/2021, 12:16:33,447
ELEVENMPV,ElevenMPV,11294,09/12/2021, 13:16:07,447
ELEVENMPV,ElevenMPV,11294,09/12/2021, 14:09:49,447
ELEVENMPV,ElevenMPV,11294,09/12/2021, 15:11:11,447
ELEVENMPV,ElevenMPV,11294,09/12/2021, 16:15:47,447
ELEVENMPV,ElevenMPV,11295,09/12/2021, 17:15:10,447
ELEVENMPV,ElevenMPV,11295,09/12/2021, 18:12:18,447
ELEVENMPV,ElevenMPV,11295,09/12/2021, 19:09:06,447
ELEVENMPV,ElevenMPV,11297,09/12/2021, 20:11:16,447
ELEVENMPV,ElevenMPV,11297,09/12/2021, 21:09:35,447
ELEVENMPV,ElevenMPV,11297,09/12/2021, 22:10:25,447
ELEVENMPV,ElevenMPV,11297,09/12/2021, 23:10:59,447
ELEVENMPV,ElevenMPV,11297,09/13/2021, 00:40:01,447
ELEVENMPV,ElevenMPV,11297,09/13/2021, 01:54:53,447
ELEVENMPV,ElevenMPV,11297,09/13/2021, 02:24:15,447
ELEVENMPV,ElevenMPV,11297,09/13/2021, 03:11:54,447
ELEVENMPV,ElevenMPV,11299,09/13/2021, 04:14:19,447
ELEVENMPV,ElevenMPV,11299,09/13/2021, 05:10:02,447
ELEVENMPV,ElevenMPV,11299,09/13/2021, 06:13:52,447
ELEVENMPV,ElevenMPV,11299,09/13/2021, 07:11:37,447
ELEVENMPV,ElevenMPV,11299,09/13/2021, 08:13:25,447
ELEVENMPV,ElevenMPV,11299,09/13/2021, 09:11:22,447
ELEVENMPV,ElevenMPV,11299,09/13/2021, 10:12:43,447
ELEVENMPV,ElevenMPV,11299,09/13/2021, 11:09:28,447
ELEVENMPV,ElevenMPV,11299,09/13/2021, 12:18:36,447
ELEVENMPV,ElevenMPV,11300,09/13/2021, 13:21:01,447
ELEVENMPV,ElevenMPV,11300,09/13/2021, 14:10:51,447
ELEVENMPV,ElevenMPV,11300,09/13/2021, 15:11:57,447
ELEVENMPV,ElevenMPV,11300,09/13/2021, 16:15:33,447
ELEVENMPV,ElevenMPV,11300,09/13/2021, 17:16:16,447
ELEVENMPV,ElevenMPV,11300,09/13/2021, 18:13:46,447
ELEVENMPV,ElevenMPV,11300,09/13/2021, 19:09:28,447
ELEVENMPV,ElevenMPV,11300,09/13/2021, 20:11:45,447
ELEVENMPV,ElevenMPV,11300,09/13/2021, 21:10:00,447
ELEVENMPV,ElevenMPV,11300,09/13/2021, 22:10:54,447
ELEVENMPV,ElevenMPV,11300,09/13/2021, 23:11:25,447
ELEVENMPV,ElevenMPV,11302,09/14/2021, 00:39:26,447
ELEVENMPV,ElevenMPV,11302,09/14/2021, 01:54:56,447
ELEVENMPV,ElevenMPV,11302,09/14/2021, 02:23:19,447
ELEVENMPV,ElevenMPV,11303,09/14/2021, 03:12:19,447
ELEVENMPV,ElevenMPV,11303,09/14/2021, 04:14:19,447
ELEVENMPV,ElevenMPV,11303,09/14/2021, 05:11:02,447
ELEVENMPV,ElevenMPV,11305,09/14/2021, 06:13:27,447
ELEVENMPV,ElevenMPV,11305,09/14/2021, 07:11:21,447
ELEVENMPV,ElevenMPV,11305,09/14/2021, 08:13:24,447
ELEVENMPV,ElevenMPV,11305,09/14/2021, 09:11:05,447
ELEVENMPV,ElevenMPV,11305,09/14/2021, 10:12:23,447
ELEVENMPV,ElevenMPV,11305,09/14/2021, 11:09:30,447
ELEVENMPV,ElevenMPV,11306,09/14/2021, 12:17:16,447
ELEVENMPV,ElevenMPV,11306,09/14/2021, 13:18:30,447
ELEVENMPV,ElevenMPV,11306,09/14/2021, 14:10:40,447
ELEVENMPV,ElevenMPV,11307,09/14/2021, 15:11:46,447
ELEVENMPV,ElevenMPV,11307,09/14/2021, 16:16:38,447
ELEVENMPV,ElevenMPV,11308,09/14/2021, 17:16:29,447
ELEVENMPV,ElevenMPV,11308,09/14/2021, 18:12:22,447
ELEVENMPV,ElevenMPV,11308,09/14/2021, 19:09:34,447
ELEVENMPV,ElevenMPV,11310,09/14/2021, 20:11:37,447
ELEVENMPV,ElevenMPV,11311,09/14/2021, 21:09:56,447
ELEVENMPV,ElevenMPV,11312,09/14/2021, 22:11:06,447
ELEVENMPV,ElevenMPV,11313,09/14/2021, 23:11:20,447
ELEVENMPV,ElevenMPV,11314,09/15/2021, 00:37:35,447
ELEVENMPV,ElevenMPV,11314,09/15/2021, 01:54:19,447
ELEVENMPV,ElevenMPV,11314,09/15/2021, 02:23:18,447
ELEVENMPV,ElevenMPV,11314,09/15/2021, 03:12:11,447
ELEVENMPV,ElevenMPV,11314,09/15/2021, 04:14:04,447
ELEVENMPV,ElevenMPV,11314,09/15/2021, 05:10:06,447
ELEVENMPV,ElevenMPV,11314,09/15/2021, 06:13:19,447
ELEVENMPV,ElevenMPV,11314,09/15/2021, 07:11:27,447
ELEVENMPV,ElevenMPV,11315,09/15/2021, 08:12:59,447
ELEVENMPV,ElevenMPV,11315,09/15/2021, 09:11:08,447
ELEVENMPV,ElevenMPV,11315,09/15/2021, 10:12:11,447
ELEVENMPV,ElevenMPV,11315,09/15/2021, 11:09:30,447
ELEVENMPV,ElevenMPV,11315,09/15/2021, 12:18:29,447
ELEVENMPV,ElevenMPV,11315,09/15/2021, 13:18:34,447
ELEVENMPV,ElevenMPV,11315,09/15/2021, 14:10:41,447
ELEVENMPV,ElevenMPV,11315,09/15/2021, 15:11:49,447
ELEVENMPV,ElevenMPV,11315,09/15/2021, 16:14:50,447
ELEVENMPV,ElevenMPV,11315,09/15/2021, 17:14:34,447
ELEVENMPV,ElevenMPV,11315,09/15/2021, 18:12:51,447
ELEVENMPV,ElevenMPV,11315,09/15/2021, 19:09:13,447
ELEVENMPV,ElevenMPV,11316,09/15/2021, 20:12:02,447
ELEVENMPV,ElevenMPV,11316,09/15/2021, 21:10:00,447
ELEVENMPV,ElevenMPV,11316,09/15/2021, 22:11:15,447
ELEVENMPV,ElevenMPV,11316,09/15/2021, 23:11:36,447
ELEVENMPV,ElevenMPV,11317,09/16/2021, 00:38:43,447
ELEVENMPV,ElevenMPV,11318,09/16/2021, 01:59:59,447
ELEVENMPV,ElevenMPV,11318,09/16/2021, 02:33:13,447
ELEVENMPV,ElevenMPV,11318,09/16/2021, 03:11:47,447
ELEVENMPV,ElevenMPV,11318,09/16/2021, 04:14:13,447
ELEVENMPV,ElevenMPV,11318,09/16/2021, 05:10:35,447
ELEVENMPV,ElevenMPV,11318,09/16/2021, 06:13:31,447
ELEVENMPV,ElevenMPV,11318,09/16/2021, 07:11:56,447
ELEVENMPV,ElevenMPV,11318,09/16/2021, 08:13:47,447
ELEVENMPV,ElevenMPV,11318,09/16/2021, 09:11:12,447
ELEVENMPV,ElevenMPV,11319,09/16/2021, 10:12:52,447
ELEVENMPV,ElevenMPV,11319,09/16/2021, 11:09:29,447
ELEVENMPV,ElevenMPV,11319,09/16/2021, 12:17:33,447
ELEVENMPV,ElevenMPV,11319,09/16/2021, 13:19:00,447
ELEVENMPV,ElevenMPV,11319,09/16/2021, 14:11:17,447
ELEVENMPV,ElevenMPV,11319,09/16/2021, 15:11:55,447
ELEVENMPV,ElevenMPV,11319,09/16/2021, 16:16:28,447
ELEVENMPV,ElevenMPV,11319,09/16/2021, 17:15:54,447
ELEVENMPV,ElevenMPV,11320,09/16/2021, 18:12:53,447
ELEVENMPV,ElevenMPV,11321,09/16/2021, 19:09:12,447
ELEVENMPV,ElevenMPV,11321,09/16/2021, 20:11:47,447
ELEVENMPV,ElevenMPV,11321,09/16/2021, 21:10:03,447
ELEVENMPV,ElevenMPV,11321,09/16/2021, 22:11:16,447
ELEVENMPV,ElevenMPV,11321,09/16/2021, 23:11:38,447
ELEVENMPV,ElevenMPV,11321,09/17/2021, 00:41:19,447
ELEVENMPV,ElevenMPV,11321,09/17/2021, 02:01:02,447
ELEVENMPV,ElevenMPV,11321,09/17/2021, 03:11:54,447
ELEVENMPV,ElevenMPV,11321,09/17/2021, 04:14:11,447
ELEVENMPV,ElevenMPV,11321,09/17/2021, 05:10:20,447
ELEVENMPV,ElevenMPV,11321,09/17/2021, 06:13:26,447
ELEVENMPV,ElevenMPV,11321,09/17/2021, 07:11:21,447
ELEVENMPV,ElevenMPV,11321,09/17/2021, 08:13:24,447
ELEVENMPV,ElevenMPV,11321,09/17/2021, 09:10:57,447
ELEVENMPV,ElevenMPV,11321,09/17/2021, 10:12:22,447
ELEVENMPV,ElevenMPV,11321,09/17/2021, 11:09:24,447
ELEVENMPV,ElevenMPV,11321,09/17/2021, 12:17:47,447
ELEVENMPV,ElevenMPV,11322,09/17/2021, 13:18:11,447
ELEVENMPV,ElevenMPV,11322,09/17/2021, 14:10:34,447
ELEVENMPV,ElevenMPV,11322,09/17/2021, 15:11:37,447
ELEVENMPV,ElevenMPV,11322,09/17/2021, 16:16:31,447
ELEVENMPV,ElevenMPV,11323,09/17/2021, 17:16:57,447
ELEVENMPV,ElevenMPV,11326,09/17/2021, 18:12:44,447
ELEVENMPV,ElevenMPV,11327,09/17/2021, 19:09:59,447
ELEVENMPV,ElevenMPV,11328,09/17/2021, 20:11:35,447
ELEVENMPV,ElevenMPV,11329,09/17/2021, 21:09:49,447
ELEVENMPV,ElevenMPV,11329,09/17/2021, 22:11:09,447
ELEVENMPV,ElevenMPV,11330,09/17/2021, 23:11:50,447
ELEVENMPV,ElevenMPV,11332,09/18/2021, 00:36:42,447
ELEVENMPV,ElevenMPV,11333,09/18/2021, 01:57:13,447
ELEVENMPV,ElevenMPV,11333,09/18/2021, 02:29:52,447
ELEVENMPV,ElevenMPV,11333,09/18/2021, 03:11:40,447
ELEVENMPV,ElevenMPV,11333,09/18/2021, 04:14:04,447
ELEVENMPV,ElevenMPV,11333,09/18/2021, 05:09:59,447
ELEVENMPV,ElevenMPV,11334,09/18/2021, 06:12:50,447
ELEVENMPV,ElevenMPV,11334,09/18/2021, 07:11:24,447
ELEVENMPV,ElevenMPV,11334,09/18/2021, 08:12:40,447
ELEVENMPV,ElevenMPV,11334,09/18/2021, 09:10:33,447
ELEVENMPV,ElevenMPV,11334,09/18/2021, 10:11:59,447
ELEVENMPV,ElevenMPV,11334,09/18/2021, 11:09:16,447
ELEVENMPV,ElevenMPV,11334,09/18/2021, 12:16:29,447
ELEVENMPV,ElevenMPV,11335,09/18/2021, 13:15:50,447
ELEVENMPV,ElevenMPV,11335,09/18/2021, 14:10:09,447
ELEVENMPV,ElevenMPV,11336,09/18/2021, 15:11:00,447
ELEVENMPV,ElevenMPV,11336,09/18/2021, 16:15:49,447
ELEVENMPV,ElevenMPV,11337,09/18/2021, 17:14:09,447
ELEVENMPV,ElevenMPV,11338,09/18/2021, 18:12:26,447
ELEVENMPV,ElevenMPV,11338,09/18/2021, 19:08:54,447
ELEVENMPV,ElevenMPV,11338,09/18/2021, 20:11:16,447
ELEVENMPV,ElevenMPV,11338,09/18/2021, 21:09:23,447
ELEVENMPV,ElevenMPV,11339,09/18/2021, 22:10:42,447
ELEVENMPV,ElevenMPV,11339,09/18/2021, 23:10:53,447
ELEVENMPV,ElevenMPV,11339,09/19/2021, 00:38:19,447
ELEVENMPV,ElevenMPV,11339,09/19/2021, 01:56:42,447
ELEVENMPV,ElevenMPV,11339,09/19/2021, 02:26:09,447
ELEVENMPV,ElevenMPV,11339,09/19/2021, 03:11:31,447
ELEVENMPV,ElevenMPV,11341,09/19/2021, 04:13:49,447
ELEVENMPV,ElevenMPV,11341,09/19/2021, 05:09:50,447
ELEVENMPV,ElevenMPV,11341,09/19/2021, 06:12:55,447
ELEVENMPV,ElevenMPV,11341,09/19/2021, 07:10:55,447
ELEVENMPV,ElevenMPV,11341,09/19/2021, 08:12:36,447
ELEVENMPV,ElevenMPV,11341,09/19/2021, 09:10:40,447
ELEVENMPV,ElevenMPV,11341,09/19/2021, 10:12:04,447
ELEVENMPV,ElevenMPV,11341,09/19/2021, 11:09:07,447
ELEVENMPV,ElevenMPV,11341,09/19/2021, 12:16:34,447
ELEVENMPV,ElevenMPV,11341,09/19/2021, 13:16:02,447
ELEVENMPV,ElevenMPV,11341,09/19/2021, 14:09:45,447
ELEVENMPV,ElevenMPV,11342,09/19/2021, 15:11:19,447
ELEVENMPV,ElevenMPV,11342,09/19/2021, 16:15:29,447
ELEVENMPV,ElevenMPV,11342,09/19/2021, 17:13:59,447
ELEVENMPV,ElevenMPV,11342,09/19/2021, 18:12:29,447
ELEVENMPV,ElevenMPV,11343,09/19/2021, 19:08:58,447
ELEVENMPV,ElevenMPV,11346,09/19/2021, 20:11:20,447
ELEVENMPV,ElevenMPV,11346,09/19/2021, 21:09:38,447
ELEVENMPV,ElevenMPV,11346,09/19/2021, 22:10:58,447
ELEVENMPV,ElevenMPV,11346,09/19/2021, 23:10:55,447
ELEVENMPV,ElevenMPV,11347,09/20/2021, 00:41:45,447
ELEVENMPV,ElevenMPV,11348,09/20/2021, 01:57:17,447
ELEVENMPV,ElevenMPV,11348,09/20/2021, 02:27:00,447
ELEVENMPV,ElevenMPV,11348,09/20/2021, 03:12:03,447
ELEVENMPV,ElevenMPV,11348,09/20/2021, 04:14:25,447
ELEVENMPV,ElevenMPV,11348,09/20/2021, 05:10:19,447
ELEVENMPV,ElevenMPV,11349,09/20/2021, 06:13:49,447
ELEVENMPV,ElevenMPV,11349,09/20/2021, 07:11:40,447
ELEVENMPV,ElevenMPV,11349,09/20/2021, 08:13:25,447
ELEVENMPV,ElevenMPV,11349,09/20/2021, 09:11:15,447
ELEVENMPV,ElevenMPV,11349,09/20/2021, 10:12:31,447
ELEVENMPV,ElevenMPV,11350,09/20/2021, 11:09:34,447
ELEVENMPV,ElevenMPV,11351,09/20/2021, 12:18:12,447
ELEVENMPV,ElevenMPV,11351,09/20/2021, 13:19:42,447
ELEVENMPV,ElevenMPV,11351,09/20/2021, 14:10:44,447
ELEVENMPV,ElevenMPV,11352,09/20/2021, 15:11:48,447
ELEVENMPV,ElevenMPV,11352,09/20/2021, 16:16:43,447
ELEVENMPV,ElevenMPV,11352,09/20/2021, 17:12:57,447
ELEVENMPV,ElevenMPV,11352,09/20/2021, 18:13:14,447
ELEVENMPV,ElevenMPV,11352,09/20/2021, 19:09:17,447
ELEVENMPV,ElevenMPV,11352,09/20/2021, 20:12:02,447
ELEVENMPV,ElevenMPV,11353,09/20/2021, 21:10:43,447
ELEVENMPV,ElevenMPV,11353,09/20/2021, 22:11:15,447
ELEVENMPV,ElevenMPV,11353,09/20/2021, 23:09:20,447
ELEVENMPV,ElevenMPV,11353,09/21/2021, 00:38:38,447
ELEVENMPV,ElevenMPV,11353,09/21/2021, 01:56:02,447
ELEVENMPV,ElevenMPV,11353,09/21/2021, 02:25:13,447
ELEVENMPV,ElevenMPV,11353,09/21/2021, 03:12:01,447
ELEVENMPV,ElevenMPV,11354,09/21/2021, 04:14:40,447
ELEVENMPV,ElevenMPV,11354,09/21/2021, 05:09:59,447
ELEVENMPV,ElevenMPV,11354,09/21/2021, 06:13:43,447
ELEVENMPV,ElevenMPV,11354,09/21/2021, 07:11:31,447
ELEVENMPV,ElevenMPV,11354,09/21/2021, 08:13:47,447
ELEVENMPV,ElevenMPV,11354,09/21/2021, 09:11:16,447
ELEVENMPV,ElevenMPV,11354,09/21/2021, 10:12:14,447
ELEVENMPV,ElevenMPV,11354,09/21/2021, 11:09:33,447
ELEVENMPV,ElevenMPV,11355,09/21/2021, 12:17:39,447
ELEVENMPV,ElevenMPV,11355,09/21/2021, 13:18:31,447
ELEVENMPV,ElevenMPV,11355,09/21/2021, 14:10:38,447
ELEVENMPV,ElevenMPV,11355,09/21/2021, 15:11:56,447
ELEVENMPV,ElevenMPV,11355,09/21/2021, 16:16:38,447
ELEVENMPV,ElevenMPV,11356,09/21/2021, 17:16:40,447
ELEVENMPV,ElevenMPV,11356,09/21/2021, 18:13:20,447
ELEVENMPV,ElevenMPV,11356,09/21/2021, 19:09:18,447
ELEVENMPV,ElevenMPV,11357,09/21/2021, 20:11:44,447
ELEVENMPV,ElevenMPV,11357,09/21/2021, 21:10:32,447
ELEVENMPV,ElevenMPV,11357,09/21/2021, 22:11:17,447
ELEVENMPV,ElevenMPV,11359,09/21/2021, 23:11:47,447
ELEVENMPV,ElevenMPV,11359,09/22/2021, 00:38:02,447
ELEVENMPV,ElevenMPV,11359,09/22/2021, 01:57:40,447
ELEVENMPV,ElevenMPV,11359,09/22/2021, 02:27:53,447
ELEVENMPV,ElevenMPV,11359,09/22/2021, 03:11:54,447
ELEVENMPV,ElevenMPV,11359,09/22/2021, 04:14:19,447
ELEVENMPV,ElevenMPV,11359,09/22/2021, 05:10:42,447
ELEVENMPV,ElevenMPV,11359,09/22/2021, 06:13:39,447
ELEVENMPV,ElevenMPV,11359,09/22/2021, 07:11:37,447
ELEVENMPV,ElevenMPV,11359,09/22/2021, 08:13:13,447
ELEVENMPV,ElevenMPV,11359,09/22/2021, 09:11:16,447
ELEVENMPV,ElevenMPV,11359,09/22/2021, 10:12:19,447
ELEVENMPV,ElevenMPV,11360,09/22/2021, 11:09:34,447
ELEVENMPV,ElevenMPV,11360,09/22/2021, 12:17:39,447
ELEVENMPV,ElevenMPV,11361,09/22/2021, 13:19:14,447
ELEVENMPV,ElevenMPV,11361,09/22/2021, 14:10:38,447
ELEVENMPV,ElevenMPV,11361,09/22/2021, 15:11:58,447
ELEVENMPV,ElevenMPV,11361,09/22/2021, 16:16:41,447
ELEVENMPV,ElevenMPV,11361,09/22/2021, 17:17:10,447
ELEVENMPV,ElevenMPV,11361,09/22/2021, 18:12:56,447
ELEVENMPV,ElevenMPV,11361,09/22/2021, 19:09:25,447
ELEVENMPV,ElevenMPV,11361,09/22/2021, 20:11:57,447
ELEVENMPV,ElevenMPV,11361,09/22/2021, 21:09:52,447
ELEVENMPV,ElevenMPV,11361,09/22/2021, 22:10:59,447
ELEVENMPV,ElevenMPV,11361,09/22/2021, 23:12:02,447
ELEVENMPV,ElevenMPV,11363,09/23/2021, 00:39:44,447
ELEVENMPV,ElevenMPV,11364,09/23/2021, 02:00:45,447
ELEVENMPV,ElevenMPV,11364,09/23/2021, 02:34:32,447
ELEVENMPV,ElevenMPV,11364,09/23/2021, 03:11:53,447
ELEVENMPV,ElevenMPV,11364,09/23/2021, 04:14:22,447
ELEVENMPV,ElevenMPV,11364,09/23/2021, 05:10:26,447
ELEVENMPV,ElevenMPV,11364,09/23/2021, 06:14:04,447
ELEVENMPV,ElevenMPV,11364,09/23/2021, 07:11:34,447
ELEVENMPV,ElevenMPV,11364,09/23/2021, 08:13:29,447
ELEVENMPV,ElevenMPV,11364,09/23/2021, 09:11:51,447
ELEVENMPV,ElevenMPV,11364,09/23/2021, 10:12:41,447
ELEVENMPV,ElevenMPV,11365,09/23/2021, 11:09:46,447
ELEVENMPV,ElevenMPV,11365,09/23/2021, 12:19:03,447
ELEVENMPV,ElevenMPV,11365,09/23/2021, 13:20:32,447
ELEVENMPV,ElevenMPV,11367,09/23/2021, 14:10:50,447
ELEVENMPV,ElevenMPV,11367,09/23/2021, 15:11:58,447
ELEVENMPV,ElevenMPV,11367,09/23/2021, 16:16:53,447
ELEVENMPV,ElevenMPV,11367,09/23/2021, 17:15:52,447
ELEVENMPV,ElevenMPV,11367,09/23/2021, 18:13:08,447
ELEVENMPV,ElevenMPV,11369,09/23/2021, 19:09:16,447
ELEVENMPV,ElevenMPV,11369,09/23/2021, 20:11:56,447
ELEVENMPV,ElevenMPV,11370,09/23/2021, 21:10:07,447
ELEVENMPV,ElevenMPV,11370,09/23/2021, 22:11:07,447
ELEVENMPV,ElevenMPV,11370,09/23/2021, 23:11:39,447
ELEVENMPV,ElevenMPV,11371,09/24/2021, 00:37:21,447
ELEVENMPV,ElevenMPV,11371,09/24/2021, 01:55:36,447
ELEVENMPV,ElevenMPV,11371,09/24/2021, 02:24:28,447
ELEVENMPV,ElevenMPV,11371,09/24/2021, 03:12:03,447
ELEVENMPV,ElevenMPV,11371,09/24/2021, 04:14:24,447
ELEVENMPV,ElevenMPV,11371,09/24/2021, 05:10:17,447
ELEVENMPV,ElevenMPV,11372,09/24/2021, 06:13:34,447
ELEVENMPV,ElevenMPV,11372,09/24/2021, 07:11:30,447
ELEVENMPV,ElevenMPV,11372,09/24/2021, 08:13:26,447
ELEVENMPV,ElevenMPV,11372,09/24/2021, 09:11:05,447
ELEVENMPV,ElevenMPV,11373,09/24/2021, 10:12:47,447
ELEVENMPV,ElevenMPV,11373,09/24/2021, 11:09:36,447
ELEVENMPV,ElevenMPV,11373,09/24/2021, 12:17:31,447
ELEVENMPV,ElevenMPV,11373,09/24/2021, 13:17:59,447
ELEVENMPV,ElevenMPV,11373,09/24/2021, 14:10:30,447
ELEVENMPV,ElevenMPV,11373,09/24/2021, 15:11:57,447
ELEVENMPV,ElevenMPV,11373,09/24/2021, 16:16:29,447
ELEVENMPV,ElevenMPV,11373,09/24/2021, 17:13:25,447
ELEVENMPV,ElevenMPV,11374,09/24/2021, 18:13:10,447
ELEVENMPV,ElevenMPV,11374,09/24/2021, 19:09:16,447
ELEVENMPV,ElevenMPV,11374,09/24/2021, 20:11:57,447
ELEVENMPV,ElevenMPV,11375,09/24/2021, 21:09:59,447
ELEVENMPV,ElevenMPV,11376,09/24/2021, 22:11:12,447
ELEVENMPV,ElevenMPV,11376,09/24/2021, 23:11:32,447
ELEVENMPV,ElevenMPV,11377,09/25/2021, 00:36:56,447
ELEVENMPV,ElevenMPV,11377,09/25/2021, 01:54:23,447
ELEVENMPV,ElevenMPV,11377,09/25/2021, 02:25:51,447
ELEVENMPV,ElevenMPV,11377,09/25/2021, 03:11:55,447
ELEVENMPV,ElevenMPV,11378,09/25/2021, 04:13:59,447
ELEVENMPV,ElevenMPV,11379,09/25/2021, 05:09:49,447
ELEVENMPV,ElevenMPV,11379,09/25/2021, 06:12:59,447
ELEVENMPV,ElevenMPV,11379,09/25/2021, 07:11:06,447
ELEVENMPV,ElevenMPV,11379,09/25/2021, 08:12:38,447
ELEVENMPV,ElevenMPV,11380,09/25/2021, 09:10:26,447
ELEVENMPV,ElevenMPV,11380,09/25/2021, 10:11:53,447
ELEVENMPV,ElevenMPV,11380,09/25/2021, 11:09:19,447
ELEVENMPV,ElevenMPV,11380,09/25/2021, 12:16:31,447
ELEVENMPV,ElevenMPV,11380,09/25/2021, 13:16:01,447
ELEVENMPV,ElevenMPV,11380,09/25/2021, 14:09:57,447
ELEVENMPV,ElevenMPV,11380,09/25/2021, 15:11:11,447
ELEVENMPV,ElevenMPV,11382,09/25/2021, 16:15:38,447
ELEVENMPV,ElevenMPV,11383,09/25/2021, 17:14:29,447
ELEVENMPV,ElevenMPV,11384,09/25/2021, 18:12:21,447
ELEVENMPV,ElevenMPV,11385,09/25/2021, 19:08:51,447
ELEVENMPV,ElevenMPV,11386,09/25/2021, 20:11:29,447
ELEVENMPV,ElevenMPV,11386,09/25/2021, 21:09:41,447
ELEVENMPV,ElevenMPV,11386,09/25/2021, 22:10:41,447
ELEVENMPV,ElevenMPV,11386,09/25/2021, 23:11:06,447
ELEVENMPV,ElevenMPV,11386,09/26/2021, 00:40:26,447
ELEVENMPV,ElevenMPV,11386,09/26/2021, 01:55:51,447
ELEVENMPV,ElevenMPV,11386,09/26/2021, 02:24:13,447
ELEVENMPV,ElevenMPV,11386,09/26/2021, 03:11:46,447
ELEVENMPV,ElevenMPV,11386,09/26/2021, 04:14:07,447
ELEVENMPV,ElevenMPV,11386,09/26/2021, 05:09:47,447
ELEVENMPV,ElevenMPV,11386,09/26/2021, 06:12:57,447
ELEVENMPV,ElevenMPV,11387,09/26/2021, 07:10:52,447
ELEVENMPV,ElevenMPV,11387,09/26/2021, 08:12:43,447
ELEVENMPV,ElevenMPV,11387,09/26/2021, 09:10:37,447
ELEVENMPV,ElevenMPV,11387,09/26/2021, 10:12:02,447
ELEVENMPV,ElevenMPV,11387,09/26/2021, 11:09:22,447
ELEVENMPV,ElevenMPV,11389,09/26/2021, 12:16:41,447
ELEVENMPV,ElevenMPV,11389,09/26/2021, 13:16:20,447
ELEVENMPV,ElevenMPV,11389,09/26/2021, 14:09:52,447
ELEVENMPV,ElevenMPV,11390,09/26/2021, 15:11:42,447
ELEVENMPV,ElevenMPV,11392,09/26/2021, 16:15:35,447
ELEVENMPV,ElevenMPV,11392,09/26/2021, 17:14:10,447
ELEVENMPV,ElevenMPV,11392,09/26/2021, 18:12:19,447
ELEVENMPV,ElevenMPV,11392,09/26/2021, 19:09:20,447
ELEVENMPV,ElevenMPV,11392,09/26/2021, 20:11:26,447
ELEVENMPV,ElevenMPV,11392,09/26/2021, 21:09:49,447
ELEVENMPV,ElevenMPV,11392,09/26/2021, 22:10:51,447
ELEVENMPV,ElevenMPV,11392,09/26/2021, 23:11:13,447
ELEVENMPV,ElevenMPV,11393,09/27/2021, 00:37:34,447
ELEVENMPV,ElevenMPV,11394,09/27/2021, 01:55:45,447
ELEVENMPV,ElevenMPV,11394,09/27/2021, 02:25:20,447
ELEVENMPV,ElevenMPV,11394,09/27/2021, 03:12:01,447
ELEVENMPV,ElevenMPV,11394,09/27/2021, 04:14:38,447
ELEVENMPV,ElevenMPV,11394,09/27/2021, 05:10:43,447
ELEVENMPV,ElevenMPV,11394,09/27/2021, 06:14:00,447
ELEVENMPV,ElevenMPV,11394,09/27/2021, 07:11:48,447
ELEVENMPV,ElevenMPV,11394,09/27/2021, 08:13:51,447
ELEVENMPV,ElevenMPV,11394,09/27/2021, 09:11:38,447
ELEVENMPV,ElevenMPV,11394,09/27/2021, 10:13:35,447
ELEVENMPV,ElevenMPV,11396,09/27/2021, 11:09:37,447
ELEVENMPV,ElevenMPV,11396,09/27/2021, 12:18:07,447
ELEVENMPV,ElevenMPV,11396,09/27/2021, 13:18:56,447
ELEVENMPV,ElevenMPV,11397,09/27/2021, 14:10:49,447
ELEVENMPV,ElevenMPV,11397,09/27/2021, 15:12:09,447
ELEVENMPV,ElevenMPV,11397,09/27/2021, 16:21:55,447
ELEVENMPV,ElevenMPV,11397,09/27/2021, 17:17:37,447
ELEVENMPV,ElevenMPV,11397,09/27/2021, 18:13:02,447
ELEVENMPV,ElevenMPV,11397,09/27/2021, 19:08:59,447
ELEVENMPV,ElevenMPV,11398,09/27/2021, 20:11:53,447
ELEVENMPV,ElevenMPV,11398,09/27/2021, 21:09:02,447
ELEVENMPV,ElevenMPV,11398,09/27/2021, 22:11:13,447
ELEVENMPV,ElevenMPV,11399,09/27/2021, 23:11:24,447
ELEVENMPV,ElevenMPV,11400,09/28/2021, 00:38:32,447
ELEVENMPV,ElevenMPV,11400,09/28/2021, 01:56:53,447
ELEVENMPV,ElevenMPV,11402,09/28/2021, 02:26:37,447
ELEVENMPV,ElevenMPV,11402,09/28/2021, 03:12:14,447
ELEVENMPV,ElevenMPV,11404,09/28/2021, 04:15:25,447
ELEVENMPV,ElevenMPV,11404,09/28/2021, 05:10:27,447
ELEVENMPV,ElevenMPV,11404,09/28/2021, 06:13:34,447
ELEVENMPV,ElevenMPV,11404,09/28/2021, 07:11:48,447
ELEVENMPV,ElevenMPV,11405,09/28/2021, 08:13:46,447
ELEVENMPV,ElevenMPV,11405,09/28/2021, 09:11:37,447
ELEVENMPV,ElevenMPV,11405,09/28/2021, 10:12:30,447
ELEVENMPV,ElevenMPV,11405,09/28/2021, 11:09:55,447
ELEVENMPV,ElevenMPV,11405,09/28/2021, 12:18:30,447
ELEVENMPV,ElevenMPV,11405,09/28/2021, 13:18:30,447
ELEVENMPV,ElevenMPV,11405,09/28/2021, 14:10:46,447
ELEVENMPV,ElevenMPV,11405,09/28/2021, 15:12:16,447
ELEVENMPV,ElevenMPV,11405,09/28/2021, 16:16:42,447
ELEVENMPV,ElevenMPV,11405,09/28/2021, 17:15:53,447
ELEVENMPV,ElevenMPV,11405,09/28/2021, 18:12:55,447
ELEVENMPV,ElevenMPV,11405,09/28/2021, 19:09:27,447
ELEVENMPV,ElevenMPV,11405,09/28/2021, 20:11:46,447
ELEVENMPV,ElevenMPV,11405,09/28/2021, 21:08:30,447
ELEVENMPV,ElevenMPV,11405,09/28/2021, 22:11:05,447
ELEVENMPV,ElevenMPV,11405,09/28/2021, 23:11:33,447
ELEVENMPV,ElevenMPV,11406,09/29/2021, 00:37:27,447
ELEVENMPV,ElevenMPV,11409,09/29/2021, 01:50:43,447
ELEVENMPV,ElevenMPV,11409,09/29/2021, 02:20:41,447
ELEVENMPV,ElevenMPV,11410,09/29/2021, 03:12:13,447
ELEVENMPV,ElevenMPV,11411,09/29/2021, 04:14:44,447
ELEVENMPV,ElevenMPV,11411,09/29/2021, 05:10:23,447
ELEVENMPV,ElevenMPV,11411,09/29/2021, 06:13:46,447
ELEVENMPV,ElevenMPV,11411,09/29/2021, 07:11:22,447
ELEVENMPV,ElevenMPV,11411,09/29/2021, 08:13:22,447
ELEVENMPV,ElevenMPV,11411,09/29/2021, 09:11:03,447
ELEVENMPV,ElevenMPV,11411,09/29/2021, 10:12:49,447
ELEVENMPV,ElevenMPV,11411,09/29/2021, 11:09:36,447
ELEVENMPV,ElevenMPV,11411,09/29/2021, 12:17:46,447
ELEVENMPV,ElevenMPV,11411,09/29/2021, 13:18:06,447
ELEVENMPV,ElevenMPV,11411,09/29/2021, 14:11:04,447
ELEVENMPV,ElevenMPV,11411,09/29/2021, 15:12:08,447
ELEVENMPV,ElevenMPV,11412,09/29/2021, 16:16:36,447
ELEVENMPV,ElevenMPV,11413,09/29/2021, 17:16:43,447
ELEVENMPV,ElevenMPV,11414,09/29/2021, 18:13:03,447
ELEVENMPV,ElevenMPV,11414,09/29/2021, 19:09:27,447
ELEVENMPV,ElevenMPV,11415,09/29/2021, 20:11:46,447
ELEVENMPV,ElevenMPV,11415,09/29/2021, 21:09:57,447
ELEVENMPV,ElevenMPV,11415,09/29/2021, 22:11:16,447
ELEVENMPV,ElevenMPV,11415,09/29/2021, 23:11:39,447
ELEVENMPV,ElevenMPV,11415,09/30/2021, 00:41:57,447
ELEVENMPV,ElevenMPV,11416,09/30/2021, 02:02:09,447
ELEVENMPV,ElevenMPV,11416,09/30/2021, 03:12:15,447
ELEVENMPV,ElevenMPV,11416,09/30/2021, 04:14:21,447
ELEVENMPV,ElevenMPV,11417,09/30/2021, 05:10:23,447
ELEVENMPV,ElevenMPV,11417,09/30/2021, 06:13:48,447
ELEVENMPV,ElevenMPV,11417,09/30/2021, 07:11:35,447
ELEVENMPV,ElevenMPV,11417,09/30/2021, 08:13:34,447
ELEVENMPV,ElevenMPV,11417,09/30/2021, 09:11:06,447
ELEVENMPV,ElevenMPV,11418,09/30/2021, 10:12:30,447
ELEVENMPV,ElevenMPV,11418,09/30/2021, 11:09:32,447
ELEVENMPV,ElevenMPV,11418,09/30/2021, 12:18:55,447
ELEVENMPV,ElevenMPV,11418,09/30/2021, 13:18:50,447
ELEVENMPV,ElevenMPV,11419,09/30/2021, 15:12:12,447
ELEVENMPV,ElevenMPV,11419,09/30/2021, 16:16:40,447
ELEVENMPV,ElevenMPV,11419,09/30/2021, 17:15:59,447
ELEVENMPV,ElevenMPV,11419,09/30/2021, 18:13:01,447
ELEVENMPV,ElevenMPV,11423,09/30/2021, 19:09:27,447
ELEVENMPV,ElevenMPV,11423,09/30/2021, 20:11:55,447
ELEVENMPV,ElevenMPV,11423,09/30/2021, 21:09:52,447
ELEVENMPV,ElevenMPV,11423,09/30/2021, 22:11:26,447
ELEVENMPV,ElevenMPV,11423,09/30/2021, 23:11:53,447
ELEVENMPV,ElevenMPV,11423,10/01/2021, 00:41:40,447
ELEVENMPV,ElevenMPV,11424,10/01/2021, 02:02:23,447
ELEVENMPV,ElevenMPV,11424,10/01/2021, 03:12:00,447
ELEVENMPV,ElevenMPV,11425,10/01/2021, 04:14:36,447
ELEVENMPV,ElevenMPV,11426,10/01/2021, 05:10:23,447
ELEVENMPV,ElevenMPV,11427,10/01/2021, 06:13:46,447
ELEVENMPV,ElevenMPV,11427,10/01/2021, 07:11:30,447
ELEVENMPV,ElevenMPV,11427,10/01/2021, 08:13:32,447
ELEVENMPV,ElevenMPV,11427,10/01/2021, 09:11:35,447
ELEVENMPV,ElevenMPV,11427,10/01/2021, 10:12:47,447
ELEVENMPV,ElevenMPV,11427,10/01/2021, 11:10:00,447
ELEVENMPV,ElevenMPV,11427,10/01/2021, 12:17:54,447
ELEVENMPV,ElevenMPV,11427,10/01/2021, 13:18:21,447
ELEVENMPV,ElevenMPV,11428,10/01/2021, 14:10:44,447
ELEVENMPV,ElevenMPV,11428,10/01/2021, 15:12:02,447
ELEVENMPV,ElevenMPV,11428,10/01/2021, 16:17:27,447
ELEVENMPV,ElevenMPV,11431,10/01/2021, 17:17:42,447
ELEVENMPV,ElevenMPV,11432,10/01/2021, 18:13:05,447
ELEVENMPV,ElevenMPV,11432,10/01/2021, 19:09:22,447
ELEVENMPV,ElevenMPV,11432,10/01/2021, 20:11:41,447
ELEVENMPV,ElevenMPV,11432,10/01/2021, 21:09:56,447
ELEVENMPV,ElevenMPV,11432,10/01/2021, 22:11:01,447
ELEVENMPV,ElevenMPV,11433,10/01/2021, 23:11:23,447
ELEVENMPV,ElevenMPV,11433,10/02/2021, 00:38:08,447
ELEVENMPV,ElevenMPV,11434,10/02/2021, 01:54:02,447
ELEVENMPV,ElevenMPV,11434,10/02/2021, 02:25:38,447
ELEVENMPV,ElevenMPV,11435,10/02/2021, 03:11:43,447
ELEVENMPV,ElevenMPV,11435,10/02/2021, 04:14:16,447
ELEVENMPV,ElevenMPV,11435,10/02/2021, 05:09:53,447
ELEVENMPV,ElevenMPV,11436,10/02/2021, 06:13:16,447
ELEVENMPV,ElevenMPV,11436,10/02/2021, 07:11:06,447
ELEVENMPV,ElevenMPV,11436,10/02/2021, 08:12:59,447
ELEVENMPV,ElevenMPV,11436,10/02/2021, 09:10:38,447
ELEVENMPV,ElevenMPV,11436,10/02/2021, 10:12:31,447
ELEVENMPV,ElevenMPV,11436,10/02/2021, 11:09:21,447
ELEVENMPV,ElevenMPV,11436,10/02/2021, 12:16:50,447
ELEVENMPV,ElevenMPV,11436,10/02/2021, 13:15:43,447
ELEVENMPV,ElevenMPV,11436,10/02/2021, 14:09:50,447
ELEVENMPV,ElevenMPV,11436,10/02/2021, 15:11:16,447
ELEVENMPV,ElevenMPV,11437,10/02/2021, 16:16:02,447
ELEVENMPV,ElevenMPV,11437,10/02/2021, 17:14:20,447
ELEVENMPV,ElevenMPV,11438,10/02/2021, 18:12:30,447
ELEVENMPV,ElevenMPV,11438,10/02/2021, 19:09:07,447
ELEVENMPV,ElevenMPV,11438,10/02/2021, 20:11:22,447
ELEVENMPV,ElevenMPV,11438,10/02/2021, 21:09:40,447
ELEVENMPV,ElevenMPV,11438,10/02/2021, 22:11:02,447
ELEVENMPV,ElevenMPV,11440,10/02/2021, 23:11:19,447
ELEVENMPV,ElevenMPV,11440,10/03/2021, 00:42:44,447
ELEVENMPV,ElevenMPV,11440,10/03/2021, 01:58:56,447
ELEVENMPV,ElevenMPV,11440,10/03/2021, 02:29:55,447
ELEVENMPV,ElevenMPV,11441,10/03/2021, 03:11:50,447
ELEVENMPV,ElevenMPV,11441,10/03/2021, 04:14:15,447
ELEVENMPV,ElevenMPV,11441,10/03/2021, 05:10:07,447
ELEVENMPV,ElevenMPV,11442,10/03/2021, 06:13:16,447
ELEVENMPV,ElevenMPV,11442,10/03/2021, 07:10:58,447
ELEVENMPV,ElevenMPV,11442,10/03/2021, 08:12:54,447
ELEVENMPV,ElevenMPV,11442,10/03/2021, 09:11:07,447
ELEVENMPV,ElevenMPV,11443,10/03/2021, 10:12:05,447
ELEVENMPV,ElevenMPV,11443,10/03/2021, 11:09:29,447
ELEVENMPV,ElevenMPV,11443,10/03/2021, 12:16:38,447
ELEVENMPV,ElevenMPV,11444,10/03/2021, 13:15:41,447
ELEVENMPV,ElevenMPV,11444,10/03/2021, 14:09:56,447
ELEVENMPV,ElevenMPV,11444,10/03/2021, 15:11:45,447
ELEVENMPV,ElevenMPV,11445,10/03/2021, 16:16:02,447
ELEVENMPV,ElevenMPV,11445,10/03/2021, 17:14:06,447
ELEVENMPV,ElevenMPV,11445,10/03/2021, 18:12:24,447
ELEVENMPV,ElevenMPV,11445,10/03/2021, 19:09:16,447
ELEVENMPV,ElevenMPV,11445,10/03/2021, 20:10:56,447
ELEVENMPV,ElevenMPV,11445,10/03/2021, 21:10:00,447
ELEVENMPV,ElevenMPV,11445,10/03/2021, 22:11:03,447
ELEVENMPV,ElevenMPV,11445,10/03/2021, 23:11:17,447
ELEVENMPV,ElevenMPV,11445,10/04/2021, 00:43:24,447
ELEVENMPV,ElevenMPV,11445,10/04/2021, 02:02:11,447
ELEVENMPV,ElevenMPV,11446,10/04/2021, 03:12:16,447
ELEVENMPV,ElevenMPV,11446,10/04/2021, 04:14:41,447
ELEVENMPV,ElevenMPV,11449,10/04/2021, 05:10:25,447
ELEVENMPV,ElevenMPV,11449,10/04/2021, 06:13:52,447
ELEVENMPV,ElevenMPV,11449,10/04/2021, 07:11:46,447
ELEVENMPV,ElevenMPV,11449,10/04/2021, 08:13:57,447
ELEVENMPV,ElevenMPV,11449,10/04/2021, 09:14:06,447
ELEVENMPV,ElevenMPV,11449,10/04/2021, 10:12:38,447
ELEVENMPV,ElevenMPV,11449,10/04/2021, 11:09:56,447
ELEVENMPV,ElevenMPV,11450,10/04/2021, 12:17:33,447
ELEVENMPV,ElevenMPV,11450,10/04/2021, 13:18:07,447
ELEVENMPV,ElevenMPV,11451,10/04/2021, 14:11:53,447
ELEVENMPV,ElevenMPV,11453,10/04/2021, 15:17:10,447
ELEVENMPV,ElevenMPV,11453,10/04/2021, 16:16:33,447
ELEVENMPV,ElevenMPV,11453,10/04/2021, 17:19:18,447
ELEVENMPV,ElevenMPV,11453,10/04/2021, 18:13:13,447
ELEVENMPV,ElevenMPV,11453,10/04/2021, 19:09:25,447
ELEVENMPV,ElevenMPV,11453,10/04/2021, 20:58:04,447
ELEVENMPV,ElevenMPV,11453,10/04/2021, 21:09:55,447
ELEVENMPV,ElevenMPV,11454,10/04/2021, 22:11:21,447
ELEVENMPV,ElevenMPV,11454,10/04/2021, 23:09:34,447
ELEVENMPV,ElevenMPV,11455,10/05/2021, 00:39:15,447
ELEVENMPV,ElevenMPV,11455,10/05/2021, 01:55:59,447
ELEVENMPV,ElevenMPV,11455,10/05/2021, 02:25:10,447
ELEVENMPV,ElevenMPV,11456,10/05/2021, 03:12:03,447
ELEVENMPV,ElevenMPV,11456,10/05/2021, 04:14:44,447
ELEVENMPV,ElevenMPV,11458,10/05/2021, 05:10:25,447
ELEVENMPV,ElevenMPV,11459,10/05/2021, 06:13:49,447
ELEVENMPV,ElevenMPV,11459,10/05/2021, 07:11:34,447
ELEVENMPV,ElevenMPV,11459,10/05/2021, 08:14:02,447
ELEVENMPV,ElevenMPV,11459,10/05/2021, 09:11:48,447
ELEVENMPV,ElevenMPV,11459,10/05/2021, 10:12:10,447
ELEVENMPV,ElevenMPV,11460,10/05/2021, 11:09:38,447
ELEVENMPV,ElevenMPV,11461,10/05/2021, 12:17:47,447
ELEVENMPV,ElevenMPV,11462,10/05/2021, 13:19:02,447
ELEVENMPV,ElevenMPV,11463,10/05/2021, 14:58:41,447
ELEVENMPV,ElevenMPV,11463,10/05/2021, 15:31:11,447
ELEVENMPV,ElevenMPV,11463,10/05/2021, 16:17:07,447
ELEVENMPV,ElevenMPV,11463,10/05/2021, 17:16:35,447
ELEVENMPV,ElevenMPV,11464,10/05/2021, 18:12:58,447
ELEVENMPV,ElevenMPV,11464,10/05/2021, 19:09:36,447
ELEVENMPV,ElevenMPV,11465,10/05/2021, 20:11:44,447
ELEVENMPV,ElevenMPV,11465,10/05/2021, 21:10:37,447
ELEVENMPV,ElevenMPV,11465,10/05/2021, 22:11:15,447
ELEVENMPV,ElevenMPV,11465,10/05/2021, 23:11:42,447
ELEVENMPV,ElevenMPV,11466,10/06/2021, 00:41:28,447
ELEVENMPV,ElevenMPV,11467,10/06/2021, 01:57:06,447
ELEVENMPV,ElevenMPV,11467,10/06/2021, 02:27:11,447
ELEVENMPV,ElevenMPV,11468,10/06/2021, 03:12:09,447
ELEVENMPV,ElevenMPV,11470,10/06/2021, 04:14:16,447
ELEVENMPV,ElevenMPV,11470,10/06/2021, 05:10:46,447
ELEVENMPV,ElevenMPV,11470,10/06/2021, 06:13:40,447
ELEVENMPV,ElevenMPV,11471,10/06/2021, 07:11:39,447
ELEVENMPV,ElevenMPV,11471,10/06/2021, 08:13:42,447
ELEVENMPV,ElevenMPV,11471,10/06/2021, 09:16:03,447
ELEVENMPV,ElevenMPV,11471,10/06/2021, 10:12:24,447
ELEVENMPV,ElevenMPV,11471,10/06/2021, 11:09:45,447
ELEVENMPV,ElevenMPV,11471,10/06/2021, 12:18:02,447
ELEVENMPV,ElevenMPV,11473,10/06/2021, 13:32:05,447
ELEVENMPV,ElevenMPV,11473,10/06/2021, 14:15:59,447
ELEVENMPV,ElevenMPV,11473,10/06/2021, 15:16:13,447
ELEVENMPV,ElevenMPV,11474,10/06/2021, 16:14:44,447
ELEVENMPV,ElevenMPV,11476,10/06/2021, 17:14:58,447
ELEVENMPV,ElevenMPV,11476,10/06/2021, 18:12:58,447
ELEVENMPV,ElevenMPV,11478,10/06/2021, 19:09:25,447
ELEVENMPV,ElevenMPV,11478,10/06/2021, 20:11:58,447
ELEVENMPV,ElevenMPV,11478,10/06/2021, 21:09:48,447
ELEVENMPV,ElevenMPV,11478,10/06/2021, 22:11:04,447
ELEVENMPV,ElevenMPV,11478,10/06/2021, 23:11:32,447
ELEVENMPV,ElevenMPV,11478,10/07/2021, 00:40:45,447
ELEVENMPV,ElevenMPV,11479,10/07/2021, 02:00:40,447
ELEVENMPV,ElevenMPV,11479,10/07/2021, 02:35:19,447
ELEVENMPV,ElevenMPV,11479,10/07/2021, 03:12:19,447
ELEVENMPV,ElevenMPV,11479,10/07/2021, 04:14:56,447
ELEVENMPV,ElevenMPV,11479,10/07/2021, 05:10:28,447
ELEVENMPV,ElevenMPV,11480,10/07/2021, 06:13:30,447
ELEVENMPV,ElevenMPV,11480,10/07/2021, 07:11:36,447
ELEVENMPV,ElevenMPV,11480,10/07/2021, 08:13:53,447
ELEVENMPV,ElevenMPV,11480,10/07/2021, 09:09:52,447
ELEVENMPV,ElevenMPV,11480,10/07/2021, 10:12:49,447
ELEVENMPV,ElevenMPV,11480,10/07/2021, 11:09:55,447
ELEVENMPV,ElevenMPV,11480,10/07/2021, 12:19:25,447
ELEVENMPV,ElevenMPV,11480,10/07/2021, 13:22:41,447
ELEVENMPV,ElevenMPV,11480,10/07/2021, 14:13:14,447
ELEVENMPV,ElevenMPV,11481,10/07/2021, 15:13:42,447
ELEVENMPV,ElevenMPV,11481,10/07/2021, 16:14:12,447
ELEVENMPV,ElevenMPV,11481,10/07/2021, 17:10:57,447
ELEVENMPV,ElevenMPV,11481,10/07/2021, 18:13:16,447
ELEVENMPV,ElevenMPV,11482,10/07/2021, 19:09:49,447
ELEVENMPV,ElevenMPV,11482,10/07/2021, 20:11:57,447
ELEVENMPV,ElevenMPV,11483,10/07/2021, 21:10:02,447
ELEVENMPV,ElevenMPV,11483,10/07/2021, 22:11:21,447
ELEVENMPV,ElevenMPV,11483,10/07/2021, 23:11:29,447
ELEVENMPV,ElevenMPV,11483,10/08/2021, 00:42:05,447
ELEVENMPV,ElevenMPV,11484,10/08/2021, 02:01:01,447
ELEVENMPV,ElevenMPV,11485,10/08/2021, 03:12:04,447
ELEVENMPV,ElevenMPV,11486,10/08/2021, 04:14:37,447
ELEVENMPV,ElevenMPV,11486,10/08/2021, 05:10:32,447
ELEVENMPV,ElevenMPV,11486,10/08/2021, 06:13:44,447
ELEVENMPV,ElevenMPV,11486,10/08/2021, 07:11:43,447
ELEVENMPV,ElevenMPV,11486,10/08/2021, 08:14:10,447
ELEVENMPV,ElevenMPV,11486,10/08/2021, 09:11:55,447
ELEVENMPV,ElevenMPV,11486,10/08/2021, 10:12:36,447
ELEVENMPV,ElevenMPV,11486,10/08/2021, 11:11:25,447
ELEVENMPV,ElevenMPV,11486,10/08/2021, 12:17:44,447
ELEVENMPV,ElevenMPV,11486,10/08/2021, 13:17:39,447
ELEVENMPV,ElevenMPV,11486,10/08/2021, 14:10:50,447
ELEVENMPV,ElevenMPV,11486,10/08/2021, 15:12:02,447
ELEVENMPV,ElevenMPV,11486,10/08/2021, 16:17:01,447
ELEVENMPV,ElevenMPV,11486,10/08/2021, 17:18:01,447
ELEVENMPV,ElevenMPV,11486,10/08/2021, 18:13:15,447
ELEVENMPV,ElevenMPV,11486,10/08/2021, 19:09:32,447
ELEVENMPV,ElevenMPV,11486,10/08/2021, 20:11:58,447
ELEVENMPV,ElevenMPV,11486,10/08/2021, 21:09:56,447
ELEVENMPV,ElevenMPV,11486,10/08/2021, 22:11:09,447
ELEVENMPV,ElevenMPV,11486,10/08/2021, 23:11:59,447
ELEVENMPV,ElevenMPV,11489,10/09/2021, 00:37:17,447
ELEVENMPV,ElevenMPV,11489,10/09/2021, 01:51:59,447
ELEVENMPV,ElevenMPV,11489,10/09/2021, 02:24:35,447
ELEVENMPV,ElevenMPV,11489,10/09/2021, 03:12:05,447
ELEVENMPV,ElevenMPV,11489,10/09/2021, 04:14:28,447
ELEVENMPV,ElevenMPV,11489,10/09/2021, 05:10:05,447
ELEVENMPV,ElevenMPV,11489,10/09/2021, 06:13:11,447
ELEVENMPV,ElevenMPV,11489,10/09/2021, 07:11:14,447
ELEVENMPV,ElevenMPV,11489,10/09/2021, 08:12:37,447
ELEVENMPV,ElevenMPV,11489,10/09/2021, 09:10:40,447
ELEVENMPV,ElevenMPV,11490,10/09/2021, 10:12:10,447
ELEVENMPV,ElevenMPV,11490,10/09/2021, 11:09:30,447
ELEVENMPV,ElevenMPV,11490,10/09/2021, 12:16:38,447
ELEVENMPV,ElevenMPV,11490,10/09/2021, 13:15:27,447
ELEVENMPV,ElevenMPV,11491,10/09/2021, 14:10:13,447
ELEVENMPV,ElevenMPV,11491,10/09/2021, 15:11:20,447
ELEVENMPV,ElevenMPV,11491,10/09/2021, 16:16:05,447
ELEVENMPV,ElevenMPV,11491,10/09/2021, 17:14:30,447
ELEVENMPV,ElevenMPV,11491,10/09/2021, 18:12:34,447
ELEVENMPV,ElevenMPV,11491,10/09/2021, 19:08:59,447
ELEVENMPV,ElevenMPV,11491,10/09/2021, 20:11:26,447
ELEVENMPV,ElevenMPV,11491,10/09/2021, 21:09:42,447
ELEVENMPV,ElevenMPV,11491,10/09/2021, 22:11:00,447
ELEVENMPV,ElevenMPV,11491,10/09/2021, 23:11:17,447
ELEVENMPV,ElevenMPV,11491,10/10/2021, 00:40:39,447
ELEVENMPV,ElevenMPV,11491,10/10/2021, 01:56:09,447
ELEVENMPV,ElevenMPV,11491,10/10/2021, 02:25:34,447
ELEVENMPV,ElevenMPV,11491,10/10/2021, 03:11:47,447
ELEVENMPV,ElevenMPV,11491,10/10/2021, 04:15:08,447
ELEVENMPV,ElevenMPV,11492,10/10/2021, 05:10:13,447
ELEVENMPV,ElevenMPV,11492,10/10/2021, 06:13:22,447
ELEVENMPV,ElevenMPV,11492,10/10/2021, 07:11:06,447
ELEVENMPV,ElevenMPV,11492,10/10/2021, 08:13:00,447
ELEVENMPV,ElevenMPV,11492,10/10/2021, 09:10:54,447
ELEVENMPV,ElevenMPV,11492,10/10/2021, 10:12:00,447
ELEVENMPV,ElevenMPV,11493,10/10/2021, 11:09:25,447
ELEVENMPV,ElevenMPV,11493,10/10/2021, 12:16:47,447
ELEVENMPV,ElevenMPV,11494,10/10/2021, 13:15:24,447
ELEVENMPV,ElevenMPV,11495,10/10/2021, 14:10:16,447
ELEVENMPV,ElevenMPV,11495,10/10/2021, 15:11:10,447
ELEVENMPV,ElevenMPV,11496,10/10/2021, 16:16:16,447
ELEVENMPV,ElevenMPV,11497,10/10/2021, 17:14:34,447
ELEVENMPV,ElevenMPV,11497,10/10/2021, 18:12:24,447
ELEVENMPV,ElevenMPV,11498,10/10/2021, 19:09:05,447
ELEVENMPV,ElevenMPV,11498,10/10/2021, 20:11:28,447
ELEVENMPV,ElevenMPV,11498,10/10/2021, 21:09:46,447
ELEVENMPV,ElevenMPV,11498,10/10/2021, 22:10:49,447
ELEVENMPV,ElevenMPV,11498,10/10/2021, 23:11:20,447
ELEVENMPV,ElevenMPV,11498,10/11/2021, 00:40:22,447
ELEVENMPV,ElevenMPV,11499,10/11/2021, 02:00:29,447
ELEVENMPV,ElevenMPV,11499,10/11/2021, 02:34:49,447
ELEVENMPV,ElevenMPV,11499,10/11/2021, 03:12:16,447
ELEVENMPV,ElevenMPV,11499,10/11/2021, 04:14:27,447
ELEVENMPV,ElevenMPV,11499,10/11/2021, 05:10:37,447
ELEVENMPV,ElevenMPV,11499,10/11/2021, 06:14:06,447
ELEVENMPV,ElevenMPV,11499,10/11/2021, 07:11:52,447
ELEVENMPV,ElevenMPV,11501,10/11/2021, 08:13:42,447
ELEVENMPV,ElevenMPV,11501,10/11/2021, 09:11:46,447
ELEVENMPV,ElevenMPV,11501,10/11/2021, 10:13:08,447
ELEVENMPV,ElevenMPV,11501,10/11/2021, 11:09:44,447
ELEVENMPV,ElevenMPV,11501,10/11/2021, 12:18:00,447
ELEVENMPV,ElevenMPV,11502,10/11/2021, 13:18:29,447
ELEVENMPV,ElevenMPV,11502,10/11/2021, 14:10:56,447
ELEVENMPV,ElevenMPV,11502,10/11/2021, 15:12:17,447
ELEVENMPV,ElevenMPV,11502,10/11/2021, 16:16:50,447
ELEVENMPV,ElevenMPV,11502,10/11/2021, 17:16:18,447
ELEVENMPV,ElevenMPV,11502,10/11/2021, 18:12:57,447
ELEVENMPV,ElevenMPV,11502,10/11/2021, 19:09:20,447
ELEVENMPV,ElevenMPV,11502,10/11/2021, 20:11:44,447
ELEVENMPV,ElevenMPV,11502,10/11/2021, 21:09:58,447
ELEVENMPV,ElevenMPV,11502,10/11/2021, 22:11:16,447
ELEVENMPV,ElevenMPV,11503,10/11/2021, 23:11:39,447
ELEVENMPV,ElevenMPV,11503,10/12/2021, 00:42:01,447
ELEVENMPV,ElevenMPV,11504,10/12/2021, 02:00:05,447
ELEVENMPV,ElevenMPV,11504,10/12/2021, 02:33:49,447
ELEVENMPV,ElevenMPV,11504,10/12/2021, 03:12:07,447
ELEVENMPV,ElevenMPV,11504,10/12/2021, 04:14:50,447
ELEVENMPV,ElevenMPV,11504,10/12/2021, 05:10:26,447
ELEVENMPV,ElevenMPV,11504,10/12/2021, 06:13:37,447
ELEVENMPV,ElevenMPV,11504,10/12/2021, 07:11:35,447
ELEVENMPV,ElevenMPV,11504,10/12/2021, 08:13:59,447
ELEVENMPV,ElevenMPV,11504,10/12/2021, 09:11:33,447
ELEVENMPV,ElevenMPV,11505,10/12/2021, 10:14:24,447
ELEVENMPV,ElevenMPV,11506,10/12/2021, 11:09:45,447
ELEVENMPV,ElevenMPV,11506,10/12/2021, 12:18:22,447
ELEVENMPV,ElevenMPV,11506,10/12/2021, 13:18:55,447
ELEVENMPV,ElevenMPV,11506,10/12/2021, 14:16:01,447
ELEVENMPV,ElevenMPV,11506,10/12/2021, 15:18:07,447
ELEVENMPV,ElevenMPV,11506,10/12/2021, 16:21:14,447
ELEVENMPV,ElevenMPV,11506,10/12/2021, 17:16:09,447
ELEVENMPV,ElevenMPV,11507,10/12/2021, 18:13:05,447
ELEVENMPV,ElevenMPV,11507,10/12/2021, 19:09:24,447
ELEVENMPV,ElevenMPV,11507,10/12/2021, 20:12:06,447
ELEVENMPV,ElevenMPV,11509,10/12/2021, 21:10:13,447
ELEVENMPV,ElevenMPV,11511,10/12/2021, 22:11:23,447
ELEVENMPV,ElevenMPV,11511,10/12/2021, 23:11:37,447
ELEVENMPV,ElevenMPV,11512,10/13/2021, 00:40:03,447
ELEVENMPV,ElevenMPV,11512,10/13/2021, 02:01:00,447
ELEVENMPV,ElevenMPV,11516,10/13/2021, 03:12:32,447
ELEVENMPV,ElevenMPV,11516,10/13/2021, 04:14:41,447
ELEVENMPV,ElevenMPV,11516,10/13/2021, 05:10:31,447
ELEVENMPV,ElevenMPV,11516,10/13/2021, 06:13:55,447
ELEVENMPV,ElevenMPV,11516,10/13/2021, 07:11:46,447
ELEVENMPV,ElevenMPV,11517,10/13/2021, 08:13:56,447
ELEVENMPV,ElevenMPV,11517,10/13/2021, 09:16:05,447
ELEVENMPV,ElevenMPV,11517,10/13/2021, 10:12:33,447
ELEVENMPV,ElevenMPV,11517,10/13/2021, 11:09:46,447
ELEVENMPV,ElevenMPV,11517,10/13/2021, 12:18:02,447
ELEVENMPV,ElevenMPV,11517,10/13/2021, 13:18:33,447
ELEVENMPV,ElevenMPV,11517,10/13/2021, 14:16:01,447
ELEVENMPV,ElevenMPV,11517,10/13/2021, 15:17:03,447
ELEVENMPV,ElevenMPV,11517,10/13/2021, 16:16:59,447
ELEVENMPV,ElevenMPV,11517,10/13/2021, 17:16:08,447
ELEVENMPV,ElevenMPV,11519,10/13/2021, 18:13:27,447
ELEVENMPV,ElevenMPV,11519,10/13/2021, 19:09:26,447
ELEVENMPV,ElevenMPV,11520,10/13/2021, 20:11:58,447
ELEVENMPV,ElevenMPV,11520,10/13/2021, 21:10:09,447
ELEVENMPV,ElevenMPV,11520,10/13/2021, 22:11:24,447
ELEVENMPV,ElevenMPV,11520,10/13/2021, 23:11:36,447
ELEVENMPV,ElevenMPV,11520,10/14/2021, 00:37:33,447
ELEVENMPV,ElevenMPV,11520,10/14/2021, 01:57:42,447
ELEVENMPV,ElevenMPV,11520,10/14/2021, 02:28:14,447
ELEVENMPV,ElevenMPV,11521,10/14/2021, 03:12:13,447
ELEVENMPV,ElevenMPV,11521,10/14/2021, 04:14:37,447
ELEVENMPV,ElevenMPV,11521,10/14/2021, 05:10:23,447
ELEVENMPV,ElevenMPV,11522,10/14/2021, 06:13:35,447
ELEVENMPV,ElevenMPV,11522,10/14/2021, 07:11:51,447
ELEVENMPV,ElevenMPV,11523,10/14/2021, 08:18:06,447
ELEVENMPV,ElevenMPV,11523,10/14/2021, 09:12:28,447
ELEVENMPV,ElevenMPV,11523,10/14/2021, 10:12:37,447
ELEVENMPV,ElevenMPV,11523,10/14/2021, 11:10:06,447
ELEVENMPV,ElevenMPV,11524,10/14/2021, 12:17:47,447
ELEVENMPV,ElevenMPV,11524,10/14/2021, 13:18:03,447
ELEVENMPV,ElevenMPV,11524,10/14/2021, 14:11:08,447
ELEVENMPV,ElevenMPV,11524,10/14/2021, 15:17:01,447
ELEVENMPV,ElevenMPV,11524,10/14/2021, 16:16:55,447
ELEVENMPV,ElevenMPV,11524,10/14/2021, 17:16:54,447
ELEVENMPV,ElevenMPV,11525,10/14/2021, 18:13:12,447
ELEVENMPV,ElevenMPV,11527,10/14/2021, 19:09:37,447
ELEVENMPV,ElevenMPV,11528,10/14/2021, 20:11:55,447
ELEVENMPV,ElevenMPV,11528,10/14/2021, 21:10:00,447
ELEVENMPV,ElevenMPV,11528,10/14/2021, 22:12:26,447
ELEVENMPV,ElevenMPV,11528,10/14/2021, 23:11:36,447
ELEVENMPV,ElevenMPV,11529,10/15/2021, 00:41:50,447
ELEVENMPV,ElevenMPV,11529,10/15/2021, 01:58:38,447
ELEVENMPV,ElevenMPV,11529,10/15/2021, 02:30:31,447
ELEVENMPV,ElevenMPV,11530,10/15/2021, 03:12:10,447
ELEVENMPV,ElevenMPV,11530,10/15/2021, 04:14:51,447
ELEVENMPV,ElevenMPV,11531,10/15/2021, 05:10:28,447
ELEVENMPV,ElevenMPV,11531,10/15/2021, 06:13:51,447
ELEVENMPV,ElevenMPV,11531,10/15/2021, 07:11:50,447
ELEVENMPV,ElevenMPV,11532,10/15/2021, 08:13:59,447
ELEVENMPV,ElevenMPV,11532,10/15/2021, 09:11:33,447
ELEVENMPV,ElevenMPV,11532,10/15/2021, 10:12:43,447
ELEVENMPV,ElevenMPV,11532,10/15/2021, 11:09:46,447
ELEVENMPV,ElevenMPV,11533,10/15/2021, 12:18:19,447
ELEVENMPV,ElevenMPV,11534,10/15/2021, 13:18:19,447
ELEVENMPV,ElevenMPV,11535,10/15/2021, 14:14:21,447
ELEVENMPV,ElevenMPV,11536,10/15/2021, 15:12:03,447
ELEVENMPV,ElevenMPV,11536,10/15/2021, 16:17:30,447
ELEVENMPV,ElevenMPV,11537,10/15/2021, 17:16:30,447
ELEVENMPV,ElevenMPV,11537,10/15/2021, 18:13:14,447
ELEVENMPV,ElevenMPV,11538,10/15/2021, 19:09:24,447
ELEVENMPV,ElevenMPV,11538,10/15/2021, 20:12:08,447
ELEVENMPV,ElevenMPV,11539,10/15/2021, 21:10:10,447
ELEVENMPV,ElevenMPV,11539,10/15/2021, 22:11:26,447
ELEVENMPV,ElevenMPV,11539,10/15/2021, 23:12:13,447
ELEVENMPV,ElevenMPV,11539,10/16/2021, 00:42:59,447
ELEVENMPV,ElevenMPV,11540,10/16/2021, 02:01:20,447
ELEVENMPV,ElevenMPV,11540,10/16/2021, 03:11:43,447
ELEVENMPV,ElevenMPV,11540,10/16/2021, 04:14:27,447
ELEVENMPV,ElevenMPV,11540,10/16/2021, 05:10:04,447
ELEVENMPV,ElevenMPV,11540,10/16/2021, 06:13:29,447
ELEVENMPV,ElevenMPV,11541,10/16/2021, 07:11:16,447
ELEVENMPV,ElevenMPV,11541,10/16/2021, 08:13:22,447
ELEVENMPV,ElevenMPV,11541,10/16/2021, 09:10:48,447
ELEVENMPV,ElevenMPV,11541,10/16/2021, 10:12:18,447
ELEVENMPV,ElevenMPV,11541,10/16/2021, 11:09:24,447
ELEVENMPV,ElevenMPV,11541,10/16/2021, 12:17:18,447
ELEVENMPV,ElevenMPV,11541,10/16/2021, 13:15:44,447
ELEVENMPV,ElevenMPV,11541,10/16/2021, 14:10:25,447
ELEVENMPV,ElevenMPV,11541,10/16/2021, 15:11:33,447
ELEVENMPV,ElevenMPV,11542,10/16/2021, 16:16:09,447
ELEVENMPV,ElevenMPV,11543,10/16/2021, 17:14:52,447
ELEVENMPV,ElevenMPV,11545,10/16/2021, 18:12:36,447
ELEVENMPV,ElevenMPV,11545,10/16/2021, 19:09:05,447
ELEVENMPV,ElevenMPV,11545,10/16/2021, 20:11:13,447
ELEVENMPV,ElevenMPV,11545,10/16/2021, 21:10:00,447
ELEVENMPV,ElevenMPV,11546,10/16/2021, 22:10:59,447
ELEVENMPV,ElevenMPV,11546,10/16/2021, 23:11:38,447
ELEVENMPV,ElevenMPV,11547,10/17/2021, 00:39:22,447
ELEVENMPV,ElevenMPV,11547,10/17/2021, 01:56:37,447
ELEVENMPV,ElevenMPV,11547,10/17/2021, 02:26:40,447
ELEVENMPV,ElevenMPV,11547,10/17/2021, 03:12:02,447
ELEVENMPV,ElevenMPV,11547,10/17/2021, 04:14:42,447
ELEVENMPV,ElevenMPV,11547,10/17/2021, 05:10:11,447
ELEVENMPV,ElevenMPV,11547,10/17/2021, 06:13:31,447
ELEVENMPV,ElevenMPV,11547,10/17/2021, 07:11:31,447
ELEVENMPV,ElevenMPV,11548,10/17/2021, 08:13:15,447
ELEVENMPV,ElevenMPV,11548,10/17/2021, 09:10:56,447
ELEVENMPV,ElevenMPV,11549,10/17/2021, 10:12:05,447
ELEVENMPV,ElevenMPV,11549,10/17/2021, 11:09:16,447
ELEVENMPV,ElevenMPV,11549,10/17/2021, 12:16:43,447
ELEVENMPV,ElevenMPV,11549,10/17/2021, 13:15:47,447
ELEVENMPV,ElevenMPV,11549,10/17/2021, 14:10:37,447
ELEVENMPV,ElevenMPV,11549,10/17/2021, 15:11:33,447
ELEVENMPV,ElevenMPV,11549,10/17/2021, 16:16:17,447
ELEVENMPV,ElevenMPV,11549,10/17/2021, 17:15:22,447
ELEVENMPV,ElevenMPV,11550,10/17/2021, 18:12:36,447
ELEVENMPV,ElevenMPV,11550,10/17/2021, 19:09:32,447
ELEVENMPV,ElevenMPV,11550,10/17/2021, 20:11:39,447
ELEVENMPV,ElevenMPV,11551,10/17/2021, 21:09:44,447
ELEVENMPV,ElevenMPV,11552,10/17/2021, 22:10:57,447
ELEVENMPV,ElevenMPV,11554,10/17/2021, 23:11:39,447
ELEVENMPV,ElevenMPV,11555,10/18/2021, 00:41:22,447
ELEVENMPV,ElevenMPV,11555,10/18/2021, 02:04:11,447
ELEVENMPV,ElevenMPV,11555,10/18/2021, 03:12:21,447
ELEVENMPV,ElevenMPV,11555,10/18/2021, 04:14:50,447
ELEVENMPV,ElevenMPV,11555,10/18/2021, 05:11:36,447
ELEVENMPV,ElevenMPV,11555,10/18/2021, 06:14:12,447
ELEVENMPV,ElevenMPV,11555,10/18/2021, 07:12:09,447
ELEVENMPV,ElevenMPV,11555,10/18/2021, 08:17:53,447
ELEVENMPV,ElevenMPV,11555,10/18/2021, 09:17:06,447
ELEVENMPV,ElevenMPV,11555,10/18/2021, 10:14:51,447
ELEVENMPV,ElevenMPV,11555,10/18/2021, 11:10:23,447
ELEVENMPV,ElevenMPV,11555,10/18/2021, 12:18:32,447
ELEVENMPV,ElevenMPV,11555,10/18/2021, 13:21:58,447
ELEVENMPV,ElevenMPV,11555,10/18/2021, 14:12:53,447
ELEVENMPV,ElevenMPV,11555,10/18/2021, 15:17:04,447
ELEVENMPV,ElevenMPV,11555,10/18/2021, 16:18:06,447
ELEVENMPV,ElevenMPV,11556,10/18/2021, 17:18:07,447
ELEVENMPV,ElevenMPV,11556,10/18/2021, 18:13:30,447
ELEVENMPV,ElevenMPV,11556,10/18/2021, 19:09:32,447
ELEVENMPV,ElevenMPV,11557,10/18/2021, 20:12:10,447
ELEVENMPV,ElevenMPV,11557,10/18/2021, 21:10:00,447
ELEVENMPV,ElevenMPV,11559,10/18/2021, 22:11:22,447
ELEVENMPV,ElevenMPV,11559,10/18/2021, 23:12:00,447
ELEVENMPV,ElevenMPV,11559,10/19/2021, 00:40:30,447
ELEVENMPV,ElevenMPV,11559,10/19/2021, 01:59:01,447
ELEVENMPV,ElevenMPV,11559,10/19/2021, 02:32:37,447
ELEVENMPV,ElevenMPV,11559,10/19/2021, 03:12:28,447
ELEVENMPV,ElevenMPV,11560,10/19/2021, 04:14:52,447
ELEVENMPV,ElevenMPV,11561,10/19/2021, 05:10:31,447
ELEVENMPV,ElevenMPV,11561,10/19/2021, 06:13:57,447
ELEVENMPV,ElevenMPV,11561,10/19/2021, 07:11:49,447
ELEVENMPV,ElevenMPV,11563,10/19/2021, 08:19:07,447
ELEVENMPV,ElevenMPV,11564,10/19/2021, 09:16:02,447
ELEVENMPV,ElevenMPV,11564,10/19/2021, 10:13:14,447
ELEVENMPV,ElevenMPV,11565,10/19/2021, 11:09:47,447
ELEVENMPV,ElevenMPV,11565,10/19/2021, 12:19:15,447
ELEVENMPV,ElevenMPV,11565,10/19/2021, 13:23:03,447
ELEVENMPV,ElevenMPV,11565,10/19/2021, 14:16:08,447
ELEVENMPV,ElevenMPV,11565,10/19/2021, 15:16:58,447
ELEVENMPV,ElevenMPV,11565,10/19/2021, 16:17:12,447
ELEVENMPV,ElevenMPV,11565,10/19/2021, 17:16:48,447
ELEVENMPV,ElevenMPV,11567,10/19/2021, 18:13:15,447
ELEVENMPV,ElevenMPV,11568,10/19/2021, 19:09:41,447
ELEVENMPV,ElevenMPV,11568,10/19/2021, 20:12:00,447
ELEVENMPV,ElevenMPV,11569,10/19/2021, 21:10:16,447
ELEVENMPV,ElevenMPV,11569,10/19/2021, 22:11:15,447
ELEVENMPV,ElevenMPV,11570,10/19/2021, 23:11:46,447
ELEVENMPV,ElevenMPV,11570,10/20/2021, 00:40:44,447
ELEVENMPV,ElevenMPV,11570,10/20/2021, 02:00:38,447
ELEVENMPV,ElevenMPV,11570,10/20/2021, 02:35:48,447
ELEVENMPV,ElevenMPV,11570,10/20/2021, 03:12:24,447
ELEVENMPV,ElevenMPV,11570,10/20/2021, 04:15:04,447
ELEVENMPV,ElevenMPV,11570,10/20/2021, 05:10:36,447
ELEVENMPV,ElevenMPV,11571,10/20/2021, 06:14:08,447
ELEVENMPV,ElevenMPV,11571,10/20/2021, 07:11:51,447
ELEVENMPV,ElevenMPV,11573,10/20/2021, 08:13:47,447
ELEVENMPV,ElevenMPV,11574,10/20/2021, 09:16:01,447
ELEVENMPV,ElevenMPV,11574,10/20/2021, 10:18:05,447
ELEVENMPV,ElevenMPV,11574,10/20/2021, 11:09:58,447
ELEVENMPV,ElevenMPV,11574,10/20/2021, 12:18:21,447
ELEVENMPV,ElevenMPV,11574,10/20/2021, 13:22:38,447
ELEVENMPV,ElevenMPV,11574,10/20/2021, 14:16:04,447
ELEVENMPV,ElevenMPV,11575,10/20/2021, 15:17:08,447
ELEVENMPV,ElevenMPV,11575,10/20/2021, 16:19:10,447
ELEVENMPV,ElevenMPV,11576,10/20/2021, 17:17:29,447
ELEVENMPV,ElevenMPV,11576,10/20/2021, 18:12:49,447
ELEVENMPV,ElevenMPV,11576,10/20/2021, 19:09:52,447
ELEVENMPV,ElevenMPV,11577,10/20/2021, 20:11:58,447
ELEVENMPV,ElevenMPV,11577,10/20/2021, 21:10:17,447
ELEVENMPV,ElevenMPV,11577,10/20/2021, 22:11:32,447
ELEVENMPV,ElevenMPV,11577,10/20/2021, 23:12:06,447
ELEVENMPV,ElevenMPV,11578,10/21/2021, 00:44:52,447
ELEVENMPV,ElevenMPV,11578,10/21/2021, 02:05:33,447
ELEVENMPV,ElevenMPV,11578,10/21/2021, 03:12:13,447
ELEVENMPV,ElevenMPV,11579,10/21/2021, 04:15:23,447
ELEVENMPV,ElevenMPV,11579,10/21/2021, 05:10:32,447
ELEVENMPV,ElevenMPV,11580,10/21/2021, 06:14:05,447
ELEVENMPV,ElevenMPV,11580,10/21/2021, 07:11:50,447
ELEVENMPV,ElevenMPV,11580,10/21/2021, 08:13:55,447
ELEVENMPV,ElevenMPV,11580,10/21/2021, 09:16:21,447
ELEVENMPV,ElevenMPV,11581,10/21/2021, 10:13:46,447
ELEVENMPV,ElevenMPV,11581,10/21/2021, 11:15:01,447
ELEVENMPV,ElevenMPV,11582,10/21/2021, 12:19:28,447
ELEVENMPV,ElevenMPV,11582,10/21/2021, 13:24:23,447
ELEVENMPV,ElevenMPV,11582,10/21/2021, 14:15:45,447
ELEVENMPV,ElevenMPV,11582,10/21/2021, 15:15:11,447
ELEVENMPV,ElevenMPV,11582,10/21/2021, 16:31:26,447
ELEVENMPV,ElevenMPV,11582,10/21/2021, 17:20:02,447
ELEVENMPV,ElevenMPV,11582,10/21/2021, 18:13:35,447
ELEVENMPV,ElevenMPV,11582,10/21/2021, 19:09:43,447
ELEVENMPV,ElevenMPV,11583,10/21/2021, 20:12:41,447
ELEVENMPV,ElevenMPV,11584,10/21/2021, 21:10:17,447
ELEVENMPV,ElevenMPV,11584,10/21/2021, 22:11:29,447
ELEVENMPV,ElevenMPV,11584,10/21/2021, 23:11:59,447
ELEVENMPV,ElevenMPV,11584,10/22/2021, 00:43:56,447
ELEVENMPV,ElevenMPV,11585,10/22/2021, 02:06:53,447
ELEVENMPV,ElevenMPV,11586,10/22/2021, 03:12:27,447
ELEVENMPV,ElevenMPV,11586,10/22/2021, 04:14:47,447
ELEVENMPV,ElevenMPV,11586,10/22/2021, 05:10:40,447
ELEVENMPV,ElevenMPV,11586,10/22/2021, 06:14:07,447
ELEVENMPV,ElevenMPV,11586,10/22/2021, 07:12:13,447
ELEVENMPV,ElevenMPV,11586,10/22/2021, 08:14:00,447
ELEVENMPV,ElevenMPV,11586,10/22/2021, 09:16:15,447
ELEVENMPV,ElevenMPV,11586,10/22/2021, 10:12:57,447
ELEVENMPV,ElevenMPV,11586,10/22/2021, 11:09:39,447
ELEVENMPV,ElevenMPV,11586,10/22/2021, 12:18:30,447
ELEVENMPV,ElevenMPV,11586,10/22/2021, 13:19:26,447
ELEVENMPV,ElevenMPV,11586,10/22/2021, 14:16:01,447
ELEVENMPV,ElevenMPV,11586,10/22/2021, 15:16:58,447
ELEVENMPV,ElevenMPV,11586,10/22/2021, 16:17:34,447
ELEVENMPV,ElevenMPV,11586,10/22/2021, 17:17:12,447
ELEVENMPV,ElevenMPV,11586,10/22/2021, 18:13:23,447
ELEVENMPV,ElevenMPV,11586,10/22/2021, 19:09:50,447
ELEVENMPV,ElevenMPV,11586,10/22/2021, 20:12:28,447
ELEVENMPV,ElevenMPV,11587,10/22/2021, 21:10:16,447
ELEVENMPV,ElevenMPV,11588,10/22/2021, 22:11:45,447
ELEVENMPV,ElevenMPV,11588,10/22/2021, 23:11:49,447
ELEVENMPV,ElevenMPV,11590,10/23/2021, 00:42:32,447
ELEVENMPV,ElevenMPV,11590,10/23/2021, 01:59:21,447
ELEVENMPV,ElevenMPV,11590,10/23/2021, 02:35:11,447
ELEVENMPV,ElevenMPV,11591,10/23/2021, 03:12:09,447
ELEVENMPV,ElevenMPV,11591,10/23/2021, 04:14:37,447
ELEVENMPV,ElevenMPV,11591,10/23/2021, 05:10:21,447
ELEVENMPV,ElevenMPV,11591,10/23/2021, 06:13:29,447
ELEVENMPV,ElevenMPV,11591,10/23/2021, 07:11:23,447
ELEVENMPV,ElevenMPV,11592,10/23/2021, 08:13:22,447
ELEVENMPV,ElevenMPV,11592,10/23/2021, 09:11:33,447
ELEVENMPV,ElevenMPV,11592,10/23/2021, 10:12:09,447
ELEVENMPV,ElevenMPV,11592,10/23/2021, 11:09:50,447
ELEVENMPV,ElevenMPV,11593,10/23/2021, 12:17:13,447
ELEVENMPV,ElevenMPV,11593,10/23/2021, 13:16:10,447
ELEVENMPV,ElevenMPV,11593,10/23/2021, 14:10:20,447
ELEVENMPV,ElevenMPV,11593,10/23/2021, 15:11:29,447
ELEVENMPV,ElevenMPV,11593,10/23/2021, 16:16:19,447
ELEVENMPV,ElevenMPV,11593,10/23/2021, 17:15:13,447
ELEVENMPV,ElevenMPV,11593,10/23/2021, 18:12:41,447
ELEVENMPV,ElevenMPV,11593,10/23/2021, 19:09:24,447
ELEVENMPV,ElevenMPV,11593,10/23/2021, 20:11:50,447
ELEVENMPV,ElevenMPV,11594,10/23/2021, 21:10:04,447
ELEVENMPV,ElevenMPV,11594,10/23/2021, 22:11:04,447
ELEVENMPV,ElevenMPV,11595,10/23/2021, 23:11:26,447
ELEVENMPV,ElevenMPV,11595,10/24/2021, 00:39:39,447
ELEVENMPV,ElevenMPV,11595,10/24/2021, 01:57:04,447
ELEVENMPV,ElevenMPV,11595,10/24/2021, 02:27:53,447
ELEVENMPV,ElevenMPV,11595,10/24/2021, 03:12:08,447
ELEVENMPV,ElevenMPV,11595,10/24/2021, 04:14:55,447
ELEVENMPV,ElevenMPV,11595,10/24/2021, 05:10:18,447
ELEVENMPV,ElevenMPV,11595,10/24/2021, 06:13:25,447
ELEVENMPV,ElevenMPV,11595,10/24/2021, 07:11:27,447
ELEVENMPV,ElevenMPV,11596,10/24/2021, 08:13:16,447
ELEVENMPV,ElevenMPV,11596,10/24/2021, 09:11:11,447
ELEVENMPV,ElevenMPV,11596,10/24/2021, 10:12:22,447
ELEVENMPV,ElevenMPV,11596,10/24/2021, 11:09:34,447
ELEVENMPV,ElevenMPV,11596,10/24/2021, 12:17:29,447
ELEVENMPV,ElevenMPV,11596,10/24/2021, 13:16:02,447
ELEVENMPV,ElevenMPV,11597,10/24/2021, 14:10:34,447
ELEVENMPV,ElevenMPV,11597,10/24/2021, 15:11:45,447
ELEVENMPV,ElevenMPV,11597,10/24/2021, 16:16:30,447
ELEVENMPV,ElevenMPV,11599,10/24/2021, 17:15:37,447
ELEVENMPV,ElevenMPV,11600,10/24/2021, 18:12:50,447
ELEVENMPV,ElevenMPV,11600,10/24/2021, 19:09:17,447
ELEVENMPV,ElevenMPV,11601,10/24/2021, 20:11:32,447
ELEVENMPV,ElevenMPV,11602,10/24/2021, 21:09:54,447
ELEVENMPV,ElevenMPV,11602,10/24/2021, 22:11:03,447
ELEVENMPV,ElevenMPV,11602,10/24/2021, 23:11:43,447
ELEVENMPV,ElevenMPV,11602,10/25/2021, 00:41:49,447
ELEVENMPV,ElevenMPV,11602,10/25/2021, 01:57:39,447
ELEVENMPV,ElevenMPV,11602,10/25/2021, 02:29:53,447
ELEVENMPV,ElevenMPV,11602,10/25/2021, 03:12:38,447
ELEVENMPV,ElevenMPV,11602,10/25/2021, 04:14:57,447
ELEVENMPV,ElevenMPV,11602,10/25/2021, 05:10:39,447
ELEVENMPV,ElevenMPV,11602,10/25/2021, 06:14:23,447
ELEVENMPV,ElevenMPV,11602,10/25/2021, 07:12:19,447
ELEVENMPV,ElevenMPV,11602,10/25/2021, 08:14:29,447
ELEVENMPV,ElevenMPV,11602,10/25/2021, 09:17:24,447
ELEVENMPV,ElevenMPV,11602,10/25/2021, 10:18:06,447
ELEVENMPV,ElevenMPV,11602,10/25/2021, 11:10:01,447
ELEVENMPV,ElevenMPV,11602,10/25/2021, 12:19:42,447
ELEVENMPV,ElevenMPV,11603,10/25/2021, 13:20:09,447
ELEVENMPV,ElevenMPV,11603,10/25/2021, 14:13:44,447
ELEVENMPV,ElevenMPV,11603,10/25/2021, 15:15:04,447
ELEVENMPV,ElevenMPV,11603,10/25/2021, 16:22:00,447
ELEVENMPV,ElevenMPV,11603,10/25/2021, 17:17:11,447
ELEVENMPV,ElevenMPV,11603,10/25/2021, 18:13:25,447
ELEVENMPV,ElevenMPV,11604,10/25/2021, 19:09:51,447
ELEVENMPV,ElevenMPV,11604,10/25/2021, 20:12:17,447
ELEVENMPV,ElevenMPV,11604,10/25/2021, 21:12:52,447
ELEVENMPV,ElevenMPV,11604,10/25/2021, 22:11:53,447
ELEVENMPV,ElevenMPV,11604,10/25/2021, 23:11:55,447
ELEVENMPV,ElevenMPV,11604,10/26/2021, 00:37:51,447
ELEVENMPV,ElevenMPV,11604,10/26/2021, 01:53:14,447
ELEVENMPV,ElevenMPV,11604,10/26/2021, 02:24:18,447
ELEVENMPV,ElevenMPV,11605,10/26/2021, 03:12:38,447
ELEVENMPV,ElevenMPV,11606,10/26/2021, 04:14:59,447
ELEVENMPV,ElevenMPV,11606,10/26/2021, 05:10:41,447
ELEVENMPV,ElevenMPV,11607,10/26/2021, 06:14:17,447
ELEVENMPV,ElevenMPV,11608,10/26/2021, 07:12:06,447
ELEVENMPV,ElevenMPV,11608,10/26/2021, 08:15:16,447
ELEVENMPV,ElevenMPV,11608,10/26/2021, 09:13:14,447
ELEVENMPV,ElevenMPV,11608,10/26/2021, 10:18:06,447
ELEVENMPV,ElevenMPV,11608,10/26/2021, 11:09:55,447
ELEVENMPV,ElevenMPV,11608,10/26/2021, 12:22:58,447
ELEVENMPV,ElevenMPV,11608,10/26/2021, 13:23:10,447
ELEVENMPV,ElevenMPV,11608,10/26/2021, 14:16:09,447
ELEVENMPV,ElevenMPV,11608,10/26/2021, 15:17:09,447
ELEVENMPV,ElevenMPV,11609,10/26/2021, 16:22:04,447
ELEVENMPV,ElevenMPV,11609,10/26/2021, 17:17:24,447
ELEVENMPV,ElevenMPV,11609,10/26/2021, 18:13:37,447
ELEVENMPV,ElevenMPV,11609,10/26/2021, 19:09:42,447
ELEVENMPV,ElevenMPV,11609,10/26/2021, 20:12:25,447
ELEVENMPV,ElevenMPV,11609,10/26/2021, 21:10:27,447
ELEVENMPV,ElevenMPV,11609,10/26/2021, 22:11:49,447
ELEVENMPV,ElevenMPV,11609,10/26/2021, 23:11:59,447
ELEVENMPV,ElevenMPV,11609,10/27/2021, 00:37:54,447
ELEVENMPV,ElevenMPV,11609,10/27/2021, 01:53:11,447
ELEVENMPV,ElevenMPV,11609,10/27/2021, 02:24:47,447
ELEVENMPV,ElevenMPV,11609,10/27/2021, 03:12:33,447
ELEVENMPV,ElevenMPV,11610,10/27/2021, 04:15:08,447
ELEVENMPV,ElevenMPV,11612,10/27/2021, 05:10:37,447
ELEVENMPV,ElevenMPV,11612,10/27/2021, 06:14:04,447
ELEVENMPV,ElevenMPV,11612,10/27/2021, 07:12:14,447
ELEVENMPV,ElevenMPV,11613,10/27/2021, 08:18:26,447
ELEVENMPV,ElevenMPV,11613,10/27/2021, 09:17:13,447
ELEVENMPV,ElevenMPV,11613,10/27/2021, 10:15:01,447
ELEVENMPV,ElevenMPV,11613,10/27/2021, 11:11:21,447
ELEVENMPV,ElevenMPV,11613,10/27/2021, 12:22:39,447
ELEVENMPV,ElevenMPV,11614,10/27/2021, 13:23:08,447
ELEVENMPV,ElevenMPV,11615,10/27/2021, 14:13:21,447
ELEVENMPV,ElevenMPV,11616,10/27/2021, 15:17:05,447
ELEVENMPV,ElevenMPV,11617,10/27/2021, 16:22:00,447
ELEVENMPV,ElevenMPV,11619,10/27/2021, 17:17:29,447
ELEVENMPV,ElevenMPV,11622,10/27/2021, 18:13:32,447
ELEVENMPV,ElevenMPV,11623,10/27/2021, 19:09:59,447
ELEVENMPV,ElevenMPV,11623,10/27/2021, 20:12:18,447
ELEVENMPV,ElevenMPV,11623,10/27/2021, 21:10:31,447
ELEVENMPV,ElevenMPV,11623,10/27/2021, 22:11:58,447
ELEVENMPV,ElevenMPV,11624,10/27/2021, 23:12:15,447
ELEVENMPV,ElevenMPV,11627,10/28/2021, 00:38:20,447
ELEVENMPV,ElevenMPV,11629,10/28/2021, 01:53:27,447
ELEVENMPV,ElevenMPV,11629,10/28/2021, 02:25:09,447
ELEVENMPV,ElevenMPV,11629,10/28/2021, 03:12:43,447
ELEVENMPV,ElevenMPV,11630,10/28/2021, 04:14:53,447
ELEVENMPV,ElevenMPV,11630,10/28/2021, 05:10:42,447
ELEVENMPV,ElevenMPV,11630,10/28/2021, 06:14:22,447
ELEVENMPV,ElevenMPV,11630,10/28/2021, 07:12:15,447
ELEVENMPV,ElevenMPV,11630,10/28/2021, 08:14:36,447
ELEVENMPV,ElevenMPV,11630,10/28/2021, 09:14:55,447
ELEVENMPV,ElevenMPV,11630,10/28/2021, 10:17:40,447
ELEVENMPV,ElevenMPV,11630,10/28/2021, 11:10:09,447
ELEVENMPV,ElevenMPV,11632,10/28/2021, 12:18:23,447
ELEVENMPV,ElevenMPV,11632,10/28/2021, 13:23:00,447
ELEVENMPV,ElevenMPV,11632,10/28/2021, 14:11:35,447
ELEVENMPV,ElevenMPV,11632,10/28/2021, 15:17:09,447
ELEVENMPV,ElevenMPV,11632,10/28/2021, 16:22:18,447
ELEVENMPV,ElevenMPV,11633,10/28/2021, 17:19:33,447
ELEVENMPV,ElevenMPV,11633,10/28/2021, 18:16:54,447
ELEVENMPV,ElevenMPV,11633,10/28/2021, 19:10:51,447
ELEVENMPV,ElevenMPV,11634,10/28/2021, 20:17:04,447
ELEVENMPV,ElevenMPV,11634,10/28/2021, 21:10:33,447
ELEVENMPV,ElevenMPV,11634,10/28/2021, 22:10:34,447
ELEVENMPV,ElevenMPV,11634,10/28/2021, 23:11:59,447
ELEVENMPV,ElevenMPV,11635,10/29/2021, 00:36:43,447
ELEVENMPV,ElevenMPV,11637,10/29/2021, 01:53:19,447
ELEVENMPV,ElevenMPV,11637,10/29/2021, 02:24:55,447
ELEVENMPV,ElevenMPV,11637,10/29/2021, 03:13:02,447
ELEVENMPV,ElevenMPV,11637,10/29/2021, 04:15:06,447
ELEVENMPV,ElevenMPV,11637,10/29/2021, 05:10:44,447
ELEVENMPV,ElevenMPV,11637,10/29/2021, 06:14:20,447
ELEVENMPV,ElevenMPV,11640,10/29/2021, 07:12:20,447
ELEVENMPV,ElevenMPV,11640,10/29/2021, 08:14:11,447
ELEVENMPV,ElevenMPV,11642,10/29/2021, 09:15:59,447
ELEVENMPV,ElevenMPV,11642,10/29/2021, 10:12:58,447
ELEVENMPV,ElevenMPV,11642,10/29/2021, 11:10:35,447
ELEVENMPV,ElevenMPV,11642,10/29/2021, 12:18:33,447
ELEVENMPV,ElevenMPV,11642,10/29/2021, 13:21:21,447
ELEVENMPV,ElevenMPV,11642,10/29/2021, 14:16:06,447
ELEVENMPV,ElevenMPV,11643,10/29/2021, 15:17:02,447
ELEVENMPV,ElevenMPV,11643,10/29/2021, 16:19:23,447
ELEVENMPV,ElevenMPV,11644,10/29/2021, 17:15:51,447
ELEVENMPV,ElevenMPV,11644,10/29/2021, 18:13:36,447
ELEVENMPV,ElevenMPV,11644,10/29/2021, 19:08:44,447
ELEVENMPV,ElevenMPV,11644,10/29/2021, 20:12:06,447
ELEVENMPV,ElevenMPV,11644,10/29/2021, 21:10:17,447
ELEVENMPV,ElevenMPV,11644,10/29/2021, 22:11:26,447
ELEVENMPV,ElevenMPV,11644,10/29/2021, 23:12:11,447
ELEVENMPV,ElevenMPV,11644,10/30/2021, 00:37:21,447
ELEVENMPV,ElevenMPV,11644,10/30/2021, 01:52:14,447
ELEVENMPV,ElevenMPV,11644,10/30/2021, 02:25:21,447
ELEVENMPV,ElevenMPV,11644,10/30/2021, 03:12:30,447
ELEVENMPV,ElevenMPV,11644,10/30/2021, 04:14:44,447
ELEVENMPV,ElevenMPV,11645,10/30/2021, 05:10:07,447
ELEVENMPV,ElevenMPV,11645,10/30/2021, 06:13:39,447
ELEVENMPV,ElevenMPV,11645,10/30/2021, 07:11:31,447
ELEVENMPV,ElevenMPV,11645,10/30/2021, 08:13:33,447
ELEVENMPV,ElevenMPV,11645,10/30/2021, 09:11:08,447
ELEVENMPV,ElevenMPV,11645,10/30/2021, 10:12:21,447
ELEVENMPV,ElevenMPV,11645,10/30/2021, 11:09:42,447
ELEVENMPV,ElevenMPV,11645,10/30/2021, 12:17:10,447
ELEVENMPV,ElevenMPV,11646,10/30/2021, 13:16:13,447
ELEVENMPV,ElevenMPV,11646,10/30/2021, 14:10:21,447
ELEVENMPV,ElevenMPV,11646,10/30/2021, 15:11:30,447
ELEVENMPV,ElevenMPV,11648,10/30/2021, 16:16:26,447
ELEVENMPV,ElevenMPV,11649,10/30/2021, 17:15:39,447
ELEVENMPV,ElevenMPV,11649,10/30/2021, 18:12:50,447
ELEVENMPV,ElevenMPV,11649,10/30/2021, 19:09:32,447
ELEVENMPV,ElevenMPV,11650,10/30/2021, 20:11:57,447
ELEVENMPV,ElevenMPV,11650,10/30/2021, 21:10:11,447
ELEVENMPV,ElevenMPV,11650,10/30/2021, 22:11:01,447
ELEVENMPV,ElevenMPV,11650,10/30/2021, 23:11:42,447
ELEVENMPV,ElevenMPV,11650,10/31/2021, 00:40:08,447
ELEVENMPV,ElevenMPV,11650,10/31/2021, 01:57:00,447
ELEVENMPV,ElevenMPV,11650,10/31/2021, 02:28:51,447
ELEVENMPV,ElevenMPV,11650,10/31/2021, 03:12:01,447
ELEVENMPV,ElevenMPV,11650,10/31/2021, 04:14:49,447
ELEVENMPV,ElevenMPV,11650,10/31/2021, 05:10:32,447
ELEVENMPV,ElevenMPV,11650,10/31/2021, 06:13:49,447
ELEVENMPV,ElevenMPV,11651,10/31/2021, 07:11:42,447
ELEVENMPV,ElevenMPV,11651,10/31/2021, 08:13:26,447
ELEVENMPV,ElevenMPV,11651,10/31/2021, 09:11:23,447
ELEVENMPV,ElevenMPV,11651,10/31/2021, 10:12:28,447
ELEVENMPV,ElevenMPV,11651,10/31/2021, 11:09:59,447
ELEVENMPV,ElevenMPV,11651,10/31/2021, 12:17:17,447
ELEVENMPV,ElevenMPV,11652,10/31/2021, 13:16:34,447
ELEVENMPV,ElevenMPV,11652,10/31/2021, 14:10:19,447
ELEVENMPV,ElevenMPV,11652,10/31/2021, 15:11:51,447
ELEVENMPV,ElevenMPV,11652,10/31/2021, 16:16:46,447
ELEVENMPV,ElevenMPV,11652,10/31/2021, 17:16:04,447
ELEVENMPV,ElevenMPV,11652,10/31/2021, 18:13:18,447
ELEVENMPV,ElevenMPV,11654,10/31/2021, 19:09:41,447
ELEVENMPV,ElevenMPV,11654,10/31/2021, 20:11:47,447
ELEVENMPV,ElevenMPV,11655,10/31/2021, 21:10:07,447
ELEVENMPV,ElevenMPV,11655,10/31/2021, 22:10:57,447
ELEVENMPV,ElevenMPV,11655,10/31/2021, 23:12:05,447
ELEVENMPV,ElevenMPV,11655,11/01/2021, 00:40:25,447
ELEVENMPV,ElevenMPV,11655,11/01/2021, 01:57:03,447
ELEVENMPV,ElevenMPV,11655,11/01/2021, 02:29:42,447
ELEVENMPV,ElevenMPV,11655,11/01/2021, 03:12:28,447
ELEVENMPV,ElevenMPV,11656,11/01/2021, 04:15:23,447
ELEVENMPV,ElevenMPV,11656,11/01/2021, 05:11:02,447
ELEVENMPV,ElevenMPV,11656,11/01/2021, 06:14:19,447
ELEVENMPV,ElevenMPV,11656,11/01/2021, 07:12:52,447
ELEVENMPV,ElevenMPV,11656,11/01/2021, 08:14:14,447
ELEVENMPV,ElevenMPV,11656,11/01/2021, 09:15:57,447
ELEVENMPV,ElevenMPV,11657,11/01/2021, 10:16:48,447
ELEVENMPV,ElevenMPV,11657,11/01/2021, 11:12:33,447
ELEVENMPV,ElevenMPV,11657,11/01/2021, 12:18:46,447
ELEVENMPV,ElevenMPV,11657,11/01/2021, 13:19:31,447
ELEVENMPV,ElevenMPV,11657,11/01/2021, 14:11:33,447
ELEVENMPV,ElevenMPV,11658,11/01/2021, 15:13:41,447
ELEVENMPV,ElevenMPV,11658,11/01/2021, 16:22:17,447
ELEVENMPV,ElevenMPV,11658,11/01/2021, 17:24:23,447
ELEVENMPV,ElevenMPV,11658,11/01/2021, 18:19:02,447
ELEVENMPV,ElevenMPV,11659,11/01/2021, 19:15:07,447
ELEVENMPV,ElevenMPV,11659,11/01/2021, 20:13:05,447
ELEVENMPV,ElevenMPV,11659,11/01/2021, 21:10:49,447
ELEVENMPV,ElevenMPV,11659,11/01/2021, 22:10:06,447
ELEVENMPV,ElevenMPV,11659,11/01/2021, 23:12:23,447
ELEVENMPV,ElevenMPV,11659,11/02/2021, 00:41:56,447
ELEVENMPV,ElevenMPV,11659,11/02/2021, 01:57:54,447
ELEVENMPV,ElevenMPV,11659,11/02/2021, 02:30:33,447
ELEVENMPV,ElevenMPV,11660,11/02/2021, 03:12:30,447
ELEVENMPV,ElevenMPV,11660,11/02/2021, 04:15:20,447
ELEVENMPV,ElevenMPV,11660,11/02/2021, 05:10:35,447
ELEVENMPV,ElevenMPV,11661,11/02/2021, 06:14:01,447
ELEVENMPV,ElevenMPV,11662,11/02/2021, 07:12:05,447
ELEVENMPV,ElevenMPV,11662,11/02/2021, 08:14:27,447
ELEVENMPV,ElevenMPV,11662,11/02/2021, 09:12:41,447
ELEVENMPV,ElevenMPV,11663,11/02/2021, 10:18:18,447
ELEVENMPV,ElevenMPV,11664,11/02/2021, 11:15:09,447
ELEVENMPV,ElevenMPV,11664,11/02/2021, 12:18:29,447
ELEVENMPV,ElevenMPV,11664,11/02/2021, 13:24:14,447
ELEVENMPV,ElevenMPV,11664,11/02/2021, 14:16:12,447
ELEVENMPV,ElevenMPV,11664,11/02/2021, 15:16:56,447
ELEVENMPV,ElevenMPV,11665,11/02/2021, 16:18:52,447
ELEVENMPV,ElevenMPV,11666,11/02/2021, 17:18:07,447
ELEVENMPV,ElevenMPV,11666,11/02/2021, 18:18:11,447
ELEVENMPV,ElevenMPV,11666,11/02/2021, 19:10:00,447
ELEVENMPV,ElevenMPV,11666,11/02/2021, 20:12:40,447
ELEVENMPV,ElevenMPV,11667,11/02/2021, 21:10:30,447
ELEVENMPV,ElevenMPV,11667,11/02/2021, 22:11:41,447
ELEVENMPV,ElevenMPV,11667,11/02/2021, 23:12:14,447
ELEVENMPV,ElevenMPV,11667,11/03/2021, 00:38:17,447
ELEVENMPV,ElevenMPV,11667,11/03/2021, 01:53:44,447
ELEVENMPV,ElevenMPV,11667,11/03/2021, 02:25:19,447
ELEVENMPV,ElevenMPV,11667,11/03/2021, 03:12:43,447
ELEVENMPV,ElevenMPV,11668,11/03/2021, 04:15:09,447
ELEVENMPV,ElevenMPV,11669,11/03/2021, 05:10:57,447
ELEVENMPV,ElevenMPV,11669,11/03/2021, 06:14:19,447
ELEVENMPV,ElevenMPV,11669,11/03/2021, 07:12:01,447
ELEVENMPV,ElevenMPV,11669,11/03/2021, 08:14:05,447
ELEVENMPV,ElevenMPV,11670,11/03/2021, 09:17:05,447
ELEVENMPV,ElevenMPV,11671,11/03/2021, 10:17:05,447
ELEVENMPV,ElevenMPV,11671,11/03/2021, 11:15:27,447
ELEVENMPV,ElevenMPV,11672,11/03/2021, 12:23:09,447
ELEVENMPV,ElevenMPV,11672,11/03/2021, 13:20:51,447
ELEVENMPV,ElevenMPV,11672,11/03/2021, 14:14:05,447
ELEVENMPV,ElevenMPV,11672,11/03/2021, 15:13:34,447
ELEVENMPV,ElevenMPV,11673,11/03/2021, 16:18:14,447
ELEVENMPV,ElevenMPV,11674,11/03/2021, 17:18:32,447
ELEVENMPV,ElevenMPV,11674,11/03/2021, 18:15:30,447
ELEVENMPV,ElevenMPV,11674,11/03/2021, 19:10:56,447
ELEVENMPV,ElevenMPV,11674,11/03/2021, 20:13:29,447
ELEVENMPV,ElevenMPV,11674,11/03/2021, 21:10:25,447
ELEVENMPV,ElevenMPV,11674,11/03/2021, 22:10:55,447
ELEVENMPV,ElevenMPV,11674,11/03/2021, 23:12:15,447
ELEVENMPV,ElevenMPV,11674,11/04/2021, 00:39:02,447
ELEVENMPV,ElevenMPV,11675,11/04/2021, 01:56:45,447
ELEVENMPV,ElevenMPV,11675,11/04/2021, 02:29:03,447
ELEVENMPV,ElevenMPV,11675,11/04/2021, 03:12:38,447
ELEVENMPV,ElevenMPV,11675,11/04/2021, 04:15:05,447
ELEVENMPV,ElevenMPV,11675,11/04/2021, 05:10:28,447
ELEVENMPV,ElevenMPV,11675,11/04/2021, 06:14:05,447
ELEVENMPV,ElevenMPV,11675,11/04/2021, 07:12:10,447
ELEVENMPV,ElevenMPV,11675,11/04/2021, 08:13:59,447
ELEVENMPV,ElevenMPV,11675,11/04/2021, 09:15:16,447
ELEVENMPV,ElevenMPV,11675,11/04/2021, 10:17:16,447
ELEVENMPV,ElevenMPV,11675,11/04/2021, 11:15:13,447
ELEVENMPV,ElevenMPV,11675,11/04/2021, 12:18:30,447
ELEVENMPV,ElevenMPV,11676,11/04/2021, 13:23:08,447
ELEVENMPV,ElevenMPV,11676,11/04/2021, 14:15:17,447
ELEVENMPV,ElevenMPV,11676,11/04/2021, 15:16:58,447
ELEVENMPV,ElevenMPV,11676,11/04/2021, 16:17:13,447
ELEVENMPV,ElevenMPV,11676,11/04/2021, 17:17:39,447
ELEVENMPV,ElevenMPV,11676,11/04/2021, 18:18:04,447
ELEVENMPV,ElevenMPV,11677,11/04/2021, 19:10:21,447
ELEVENMPV,ElevenMPV,11677,11/04/2021, 20:12:19,447
ELEVENMPV,ElevenMPV,11678,11/04/2021, 21:12:30,447
ELEVENMPV,ElevenMPV,11679,11/04/2021, 22:11:48,447
ELEVENMPV,ElevenMPV,11679,11/04/2021, 23:12:12,447
ELEVENMPV,ElevenMPV,11679,11/05/2021, 00:38:19,447
ELEVENMPV,ElevenMPV,11679,11/05/2021, 01:55:05,447
ELEVENMPV,ElevenMPV,11679,11/05/2021, 02:26:51,447
ELEVENMPV,ElevenMPV,11679,11/05/2021, 03:12:28,447
ELEVENMPV,ElevenMPV,11679,11/05/2021, 04:14:58,447
ELEVENMPV,ElevenMPV,11679,11/05/2021, 05:10:41,447
ELEVENMPV,ElevenMPV,11679,11/05/2021, 06:14:10,447
ELEVENMPV,ElevenMPV,11679,11/05/2021, 07:12:02,447
ELEVENMPV,ElevenMPV,11679,11/05/2021, 08:13:54,447
ELEVENMPV,ElevenMPV,11680,11/05/2021, 09:12:16,447
ELEVENMPV,ElevenMPV,11680,11/05/2021, 10:13:05,447
ELEVENMPV,ElevenMPV,11680,11/05/2021, 11:10:26,447
ELEVENMPV,ElevenMPV,11680,11/05/2021, 12:18:12,447
ELEVENMPV,ElevenMPV,11680,11/05/2021, 13:18:26,447
ELEVENMPV,ElevenMPV,11680,11/05/2021, 14:16:00,447
ELEVENMPV,ElevenMPV,11680,11/05/2021, 15:16:56,447
ELEVENMPV,ElevenMPV,11680,11/05/2021, 16:19:40,447
ELEVENMPV,ElevenMPV,11682,11/05/2021, 17:21:16,447
ELEVENMPV,ElevenMPV,11682,11/05/2021, 18:13:54,447
ELEVENMPV,ElevenMPV,11682,11/05/2021, 19:09:54,447
ELEVENMPV,ElevenMPV,11682,11/05/2021, 20:12:18,447
ELEVENMPV,ElevenMPV,11682,11/05/2021, 21:10:15,447
ELEVENMPV,ElevenMPV,11683,11/05/2021, 22:11:34,447
ELEVENMPV,ElevenMPV,11683,11/05/2021, 23:12:05,447
ELEVENMPV,ElevenMPV,11683,11/06/2021, 00:37:14,447
ELEVENMPV,ElevenMPV,11683,11/06/2021, 01:51:22,447
ELEVENMPV,ElevenMPV,11683,11/06/2021, 02:25:05,447
ELEVENMPV,ElevenMPV,11683,11/06/2021, 03:12:26,447
ELEVENMPV,ElevenMPV,11683,11/06/2021, 04:14:53,447
ELEVENMPV,ElevenMPV,11683,11/06/2021, 05:10:16,447
ELEVENMPV,ElevenMPV,11683,11/06/2021, 06:13:44,447
ELEVENMPV,ElevenMPV,11685,11/06/2021, 07:11:21,447
ELEVENMPV,ElevenMPV,11685,11/06/2021, 08:13:45,447
ELEVENMPV,ElevenMPV,11685,11/06/2021, 09:11:39,447
ELEVENMPV,ElevenMPV,11685,11/06/2021, 10:12:12,447
ELEVENMPV,ElevenMPV,11686,11/06/2021, 11:10:01,447
ELEVENMPV,ElevenMPV,11686,11/06/2021, 12:17:11,447
ELEVENMPV,ElevenMPV,11686,11/06/2021, 13:16:23,447
ELEVENMPV,ElevenMPV,11686,11/06/2021, 14:10:17,447
ELEVENMPV,ElevenMPV,11686,11/06/2021, 15:11:52,447
ELEVENMPV,ElevenMPV,11686,11/06/2021, 16:16:27,447
ELEVENMPV,ElevenMPV,11686,11/06/2021, 17:16:02,447
ELEVENMPV,ElevenMPV,11686,11/06/2021, 18:12:59,447
ELEVENMPV,ElevenMPV,11686,11/06/2021, 19:09:20,447
ELEVENMPV,ElevenMPV,11686,11/06/2021, 20:11:39,447
ELEVENMPV,ElevenMPV,11686,11/06/2021, 21:09:52,447
ELEVENMPV,ElevenMPV,11686,11/06/2021, 22:11:08,447
ELEVENMPV,ElevenMPV,11686,11/06/2021, 23:11:49,447
ELEVENMPV,ElevenMPV,11686,11/07/2021, 00:40:00,447
ELEVENMPV,ElevenMPV,11686,11/07/2021, 01:57:21,447
ELEVENMPV,ElevenMPV,11686,11/07/2021, 02:29:57,447
ELEVENMPV,ElevenMPV,11686,11/07/2021, 03:12:12,447
ELEVENMPV,ElevenMPV,11687,11/07/2021, 04:14:48,447
ELEVENMPV,ElevenMPV,11687,11/07/2021, 05:10:22,447
ELEVENMPV,ElevenMPV,11689,11/07/2021, 06:13:57,447
ELEVENMPV,ElevenMPV,11689,11/07/2021, 07:11:35,447
ELEVENMPV,ElevenMPV,11690,11/07/2021, 08:13:26,447
ELEVENMPV,ElevenMPV,11690,11/07/2021, 09:11:33,447
ELEVENMPV,ElevenMPV,11693,11/07/2021, 10:12:35,447
ELEVENMPV,ElevenMPV,11693,11/07/2021, 11:09:42,447
ELEVENMPV,ElevenMPV,11693,11/07/2021, 12:17:13,447
ELEVENMPV,ElevenMPV,11693,11/07/2021, 13:16:40,447
ELEVENMPV,ElevenMPV,11695,11/07/2021, 14:10:41,447
ELEVENMPV,ElevenMPV,11695,11/07/2021, 15:11:40,447
ELEVENMPV,ElevenMPV,11695,11/07/2021, 16:16:21,447
ELEVENMPV,ElevenMPV,11696,11/07/2021, 17:16:20,447
ELEVENMPV,ElevenMPV,11696,11/07/2021, 18:12:59,447
ELEVENMPV,ElevenMPV,11696,11/07/2021, 19:09:33,447
ELEVENMPV,ElevenMPV,11697,11/07/2021, 20:11:48,447
ELEVENMPV,ElevenMPV,11697,11/07/2021, 21:10:15,447
ELEVENMPV,ElevenMPV,11698,11/07/2021, 22:11:08,447
ELEVENMPV,ElevenMPV,11698,11/07/2021, 23:11:52,447
ELEVENMPV,ElevenMPV,11698,11/08/2021, 00:39:20,447
ELEVENMPV,ElevenMPV,11698,11/08/2021, 01:54:08,447
ELEVENMPV,ElevenMPV,11698,11/08/2021, 02:25:59,447
ELEVENMPV,ElevenMPV,11698,11/08/2021, 03:12:33,447
ELEVENMPV,ElevenMPV,11698,11/08/2021, 04:15:01,447
ELEVENMPV,ElevenMPV,11698,11/08/2021, 05:11:02,447
ELEVENMPV,ElevenMPV,11698,11/08/2021, 06:14:32,447
ELEVENMPV,ElevenMPV,11698,11/08/2021, 07:12:20,447
ELEVENMPV,ElevenMPV,11698,11/08/2021, 08:15:28,447
ELEVENMPV,ElevenMPV,11698,11/08/2021, 09:17:13,447
ELEVENMPV,ElevenMPV,11699,11/08/2021, 10:18:09,447
ELEVENMPV,ElevenMPV,11699,11/08/2021, 11:15:14,447
ELEVENMPV,ElevenMPV,11699,11/08/2021, 12:23:12,447
ELEVENMPV,ElevenMPV,11699,11/08/2021, 13:24:04,447
ELEVENMPV,ElevenMPV,11699,11/08/2021, 14:16:31,447
ELEVENMPV,ElevenMPV,11699,11/08/2021, 15:14:54,447
ELEVENMPV,ElevenMPV,11700,11/08/2021, 16:19:17,447
ELEVENMPV,ElevenMPV,11702,11/08/2021, 17:20:21,447
ELEVENMPV,ElevenMPV,11702,11/08/2021, 18:16:12,447
ELEVENMPV,ElevenMPV,11702,11/08/2021, 19:14:57,447
ELEVENMPV,ElevenMPV,11702,11/08/2021, 20:17:02,447
ELEVENMPV,ElevenMPV,11702,11/08/2021, 21:15:12,447
ELEVENMPV,ElevenMPV,11702,11/08/2021, 22:13:20,447
ELEVENMPV,ElevenMPV,11702,11/08/2021, 23:12:24,447
ELEVENMPV,ElevenMPV,11703,11/09/2021, 00:39:21,447
ELEVENMPV,ElevenMPV,11704,11/09/2021, 01:54:17,447
ELEVENMPV,ElevenMPV,11704,11/09/2021, 02:26:00,447
ELEVENMPV,ElevenMPV,11705,11/09/2021, 03:12:35,447
ELEVENMPV,ElevenMPV,11706,11/09/2021, 04:15:03,447
ELEVENMPV,ElevenMPV,11706,11/09/2021, 05:10:33,447
ELEVENMPV,ElevenMPV,11706,11/09/2021, 06:14:07,447
ELEVENMPV,ElevenMPV,11706,11/09/2021, 07:12:07,447
ELEVENMPV,ElevenMPV,11706,11/09/2021, 08:16:51,447
ELEVENMPV,ElevenMPV,11706,11/09/2021, 09:17:08,447
ELEVENMPV,ElevenMPV,11706,11/09/2021, 10:17:54,447
ELEVENMPV,ElevenMPV,11707,11/09/2021, 11:12:14,447
ELEVENMPV,ElevenMPV,11707,11/09/2021, 12:24:07,447
ELEVENMPV,ElevenMPV,11707,11/09/2021, 13:24:18,447
ELEVENMPV,ElevenMPV,11707,11/09/2021, 14:16:11,447
ELEVENMPV,ElevenMPV,11708,11/09/2021, 15:17:07,447
ELEVENMPV,ElevenMPV,11709,11/09/2021, 16:19:21,447
ELEVENMPV,ElevenMPV,11709,11/09/2021, 17:18:58,447
ELEVENMPV,ElevenMPV,11709,11/09/2021, 18:19:05,447
ELEVENMPV,ElevenMPV,11709,11/09/2021, 19:14:47,447
ELEVENMPV,ElevenMPV,11709,11/09/2021, 20:12:33,447
ELEVENMPV,ElevenMPV,11709,11/09/2021, 21:11:13,447
ELEVENMPV,ElevenMPV,11710,11/09/2021, 22:11:41,447
ELEVENMPV,ElevenMPV,11710,11/09/2021, 23:12:08,447
ELEVENMPV,ElevenMPV,11712,11/10/2021, 00:39:01,447
ELEVENMPV,ElevenMPV,11713,11/10/2021, 01:54:25,447
ELEVENMPV,ElevenMPV,11713,11/10/2021, 02:26:42,447
ELEVENMPV,ElevenMPV,11714,11/10/2021, 03:12:24,447
ELEVENMPV,ElevenMPV,11714,11/10/2021, 04:15:19,447
ELEVENMPV,ElevenMPV,11716,11/10/2021, 05:10:22,447
ELEVENMPV,ElevenMPV,11716,11/10/2021, 06:14:17,447
ELEVENMPV,ElevenMPV,11716,11/10/2021, 07:12:07,447
ELEVENMPV,ElevenMPV,11716,11/10/2021, 08:19:08,447
ELEVENMPV,ElevenMPV,11716,11/10/2021, 09:17:19,447
ELEVENMPV,ElevenMPV,11716,11/10/2021, 10:18:05,447
ELEVENMPV,ElevenMPV,11716,11/10/2021, 11:15:06,447
ELEVENMPV,ElevenMPV,11716,11/10/2021, 12:23:00,447
ELEVENMPV,ElevenMPV,11716,11/10/2021, 13:23:58,447
ELEVENMPV,ElevenMPV,11716,11/10/2021, 14:15:15,447
ELEVENMPV,ElevenMPV,11716,11/10/2021, 15:16:39,447
ELEVENMPV,ElevenMPV,11717,11/10/2021, 16:17:38,447
ELEVENMPV,ElevenMPV,11717,11/10/2021, 17:15:57,447
ELEVENMPV,ElevenMPV,11718,11/10/2021, 18:16:10,447
ELEVENMPV,ElevenMPV,11719,11/10/2021, 19:10:02,447
ELEVENMPV,ElevenMPV,11721,11/10/2021, 20:13:55,447
ELEVENMPV,ElevenMPV,11721,11/10/2021, 21:09:00,447
ELEVENMPV,ElevenMPV,11721,11/10/2021, 22:11:50,447
ELEVENMPV,ElevenMPV,11721,11/10/2021, 23:11:56,447
ELEVENMPV,ElevenMPV,11721,11/11/2021, 00:39:14,447
ELEVENMPV,ElevenMPV,11721,11/11/2021, 01:54:50,447
ELEVENMPV,ElevenMPV,11721,11/11/2021, 02:26:34,447
ELEVENMPV,ElevenMPV,11721,11/11/2021, 03:12:39,447
ELEVENMPV,ElevenMPV,11722,11/11/2021, 04:15:07,447
ELEVENMPV,ElevenMPV,11722,11/11/2021, 05:10:59,447
ELEVENMPV,ElevenMPV,11722,11/11/2021, 06:14:39,447
ELEVENMPV,ElevenMPV,11722,11/11/2021, 07:12:02,447
ELEVENMPV,ElevenMPV,11722,11/11/2021, 08:14:29,447
ELEVENMPV,ElevenMPV,11722,11/11/2021, 09:16:18,447
ELEVENMPV,ElevenMPV,11722,11/11/2021, 10:17:05,447
ELEVENMPV,ElevenMPV,11722,11/11/2021, 11:14:59,447
ELEVENMPV,ElevenMPV,11722,11/11/2021, 12:18:33,447
ELEVENMPV,ElevenMPV,11722,11/11/2021, 13:18:44,447
ELEVENMPV,ElevenMPV,11722,11/11/2021, 14:11:18,447
ELEVENMPV,ElevenMPV,11723,11/11/2021, 15:12:43,447
ELEVENMPV,ElevenMPV,11723,11/11/2021, 16:22:02,447
ELEVENMPV,ElevenMPV,11723,11/11/2021, 17:19:11,447
ELEVENMPV,ElevenMPV,11723,11/11/2021, 18:13:47,447
ELEVENMPV,ElevenMPV,11723,11/11/2021, 19:09:55,447
ELEVENMPV,ElevenMPV,11723,11/11/2021, 20:12:37,447
ELEVENMPV,ElevenMPV,11723,11/11/2021, 21:10:46,447
ELEVENMPV,ElevenMPV,11723,11/11/2021, 22:11:36,447
ELEVENMPV,ElevenMPV,11723,11/11/2021, 23:12:04,447
ELEVENMPV,ElevenMPV,11723,11/12/2021, 00:40:13,447
ELEVENMPV,ElevenMPV,11723,11/12/2021, 01:55:02,447
ELEVENMPV,ElevenMPV,11724,11/12/2021, 02:26:54,447
ELEVENMPV,ElevenMPV,11724,11/12/2021, 03:12:33,447
ELEVENMPV,ElevenMPV,11724,11/12/2021, 04:15:04,447
ELEVENMPV,ElevenMPV,11724,11/12/2021, 05:11:03,447
ELEVENMPV,ElevenMPV,11725,11/12/2021, 06:14:26,447
ELEVENMPV,ElevenMPV,11725,11/12/2021, 07:12:28,447
ELEVENMPV,ElevenMPV,11725,11/12/2021, 08:14:15,447
ELEVENMPV,ElevenMPV,11725,11/12/2021, 09:12:19,447
ELEVENMPV,ElevenMPV,11725,11/12/2021, 10:13:00,447
ELEVENMPV,ElevenMPV,11725,11/12/2021, 11:10:08,447
ELEVENMPV,ElevenMPV,11725,11/12/2021, 12:18:30,447
ELEVENMPV,ElevenMPV,11725,11/12/2021, 13:18:43,447
ELEVENMPV,ElevenMPV,11725,11/12/2021, 14:14:56,447
ELEVENMPV,ElevenMPV,11725,11/12/2021, 15:17:04,447
ELEVENMPV,ElevenMPV,11725,11/12/2021, 16:17:33,447
ELEVENMPV,ElevenMPV,11725,11/12/2021, 17:18:04,447
ELEVENMPV,ElevenMPV,11726,11/12/2021, 18:14:10,447
ELEVENMPV,ElevenMPV,11726,11/12/2021, 19:10:11,447
ELEVENMPV,ElevenMPV,11726,11/12/2021, 20:12:44,447
ELEVENMPV,ElevenMPV,11726,11/12/2021, 21:10:28,447
ELEVENMPV,ElevenMPV,11726,11/12/2021, 22:11:45,447
ELEVENMPV,ElevenMPV,11726,11/12/2021, 23:12:03,447
ELEVENMPV,ElevenMPV,11726,11/13/2021, 00:37:49,447
ELEVENMPV,ElevenMPV,11726,11/13/2021, 01:52:29,447
ELEVENMPV,ElevenMPV,11726,11/13/2021, 02:26:05,447
ELEVENMPV,ElevenMPV,11726,11/13/2021, 03:12:18,447
ELEVENMPV,ElevenMPV,11726,11/13/2021, 04:15:00,447
ELEVENMPV,ElevenMPV,11726,11/13/2021, 05:10:04,447
ELEVENMPV,ElevenMPV,11726,11/13/2021, 06:13:48,447
ELEVENMPV,ElevenMPV,11727,11/13/2021, 07:11:48,447
ELEVENMPV,ElevenMPV,11727,11/13/2021, 08:13:37,447
ELEVENMPV,ElevenMPV,11727,11/13/2021, 09:11:32,447
ELEVENMPV,ElevenMPV,11727,11/13/2021, 10:12:28,447
ELEVENMPV,ElevenMPV,11727,11/13/2021, 11:09:59,447
ELEVENMPV,ElevenMPV,11728,11/13/2021, 12:17:11,447
ELEVENMPV,ElevenMPV,11728,11/13/2021, 13:16:36,447
ELEVENMPV,ElevenMPV,11728,11/13/2021, 14:10:29,447
ELEVENMPV,ElevenMPV,11728,11/13/2021, 15:11:46,447
ELEVENMPV,ElevenMPV,11728,11/13/2021, 16:16:44,447
ELEVENMPV,ElevenMPV,11729,11/13/2021, 17:16:34,447
ELEVENMPV,ElevenMPV,11729,11/13/2021, 18:13:05,447
ELEVENMPV,ElevenMPV,11729,11/13/2021, 19:09:29,447
ELEVENMPV,ElevenMPV,11729,11/13/2021, 20:11:44,447
ELEVENMPV,ElevenMPV,11730,11/13/2021, 21:10:10,447
ELEVENMPV,ElevenMPV,11730,11/13/2021, 22:10:59,447
ELEVENMPV,ElevenMPV,11730,11/13/2021, 23:11:45,447
ELEVENMPV,ElevenMPV,11730,11/14/2021, 00:40:04,447
ELEVENMPV,ElevenMPV,11730,11/14/2021, 01:56:00,447
ELEVENMPV,ElevenMPV,11730,11/14/2021, 02:27:31,447
ELEVENMPV,ElevenMPV,11730,11/14/2021, 03:12:02,447
ELEVENMPV,ElevenMPV,11731,11/14/2021, 04:14:56,447
ELEVENMPV,ElevenMPV,11731,11/14/2021, 05:10:25,447
ELEVENMPV,ElevenMPV,11732,11/14/2021, 06:13:55,447
ELEVENMPV,ElevenMPV,11732,11/14/2021, 07:11:31,447
ELEVENMPV,ElevenMPV,11732,11/14/2021, 08:13:35,447
ELEVENMPV,ElevenMPV,11732,11/14/2021, 09:11:42,447
ELEVENMPV,ElevenMPV,11732,11/14/2021, 10:12:54,447
ELEVENMPV,ElevenMPV,11732,11/14/2021, 11:09:34,447
ELEVENMPV,ElevenMPV,11732,11/14/2021, 12:17:20,447
ELEVENMPV,ElevenMPV,11732,11/14/2021, 13:16:45,447
ELEVENMPV,ElevenMPV,11732,11/14/2021, 14:10:39,447
ELEVENMPV,ElevenMPV,11732,11/14/2021, 15:11:53,447
ELEVENMPV,ElevenMPV,11733,11/14/2021, 16:16:53,447
ELEVENMPV,ElevenMPV,11734,11/14/2021, 17:16:45,447
ELEVENMPV,ElevenMPV,11734,11/14/2021, 18:13:15,447
ELEVENMPV,ElevenMPV,11734,11/14/2021, 19:09:37,447
ELEVENMPV,ElevenMPV,11734,11/14/2021, 20:11:46,447
ELEVENMPV,ElevenMPV,11734,11/14/2021, 21:10:10,447
ELEVENMPV,ElevenMPV,11734,11/14/2021, 22:11:12,447
ELEVENMPV,ElevenMPV,11734,11/14/2021, 23:12:02,447
ELEVENMPV,ElevenMPV,11734,11/15/2021, 00:39:13,447
ELEVENMPV,ElevenMPV,11734,11/15/2021, 01:54:06,447
ELEVENMPV,ElevenMPV,11734,11/15/2021, 02:26:22,447
ELEVENMPV,ElevenMPV,11735,11/15/2021, 03:12:42,447
ELEVENMPV,ElevenMPV,11735,11/15/2021, 04:15:22,447
ELEVENMPV,ElevenMPV,11735,11/15/2021, 05:10:55,447
ELEVENMPV,ElevenMPV,11735,11/15/2021, 06:14:35,447
ELEVENMPV,ElevenMPV,11735,11/15/2021, 08:14:52,447
ELEVENMPV,ElevenMPV,11735,11/15/2021, 09:15:28,447
ELEVENMPV,ElevenMPV,11736,11/15/2021, 10:17:57,447
ELEVENMPV,ElevenMPV,11736,11/15/2021, 11:15:04,447
ELEVENMPV,ElevenMPV,11737,11/15/2021, 12:24:01,447
ELEVENMPV,ElevenMPV,11737,11/15/2021, 13:19:27,447
ELEVENMPV,ElevenMPV,11738,11/15/2021, 14:11:24,447
ELEVENMPV,ElevenMPV,11738,11/15/2021, 15:13:03,447
ELEVENMPV,ElevenMPV,11738,11/15/2021, 16:23:18,447
ELEVENMPV,ElevenMPV,11739,11/15/2021, 17:19:47,447
ELEVENMPV,ElevenMPV,11740,11/15/2021, 18:15:57,447
ELEVENMPV,ElevenMPV,11740,11/15/2021, 19:09:58,447
ELEVENMPV,ElevenMPV,11740,11/15/2021, 20:12:30,447
ELEVENMPV,ElevenMPV,11740,11/15/2021, 21:11:00,447
ELEVENMPV,ElevenMPV,11740,11/15/2021, 22:14:29,447
ELEVENMPV,ElevenMPV,11740,11/15/2021, 23:12:43,447
ELEVENMPV,ElevenMPV,11742,11/16/2021, 00:39:07,447
ELEVENMPV,ElevenMPV,11742,11/16/2021, 01:54:33,447
ELEVENMPV,ElevenMPV,11742,11/16/2021, 02:26:29,447
ELEVENMPV,ElevenMPV,11742,11/16/2021, 03:12:33,447
ELEVENMPV,ElevenMPV,11742,11/16/2021, 04:15:09,447
ELEVENMPV,ElevenMPV,11742,11/16/2021, 05:10:50,447
ELEVENMPV,ElevenMPV,11742,11/16/2021, 06:14:01,447
ELEVENMPV,ElevenMPV,11743,11/16/2021, 07:12:13,447
ELEVENMPV,ElevenMPV,11743,11/16/2021, 08:14:26,447
ELEVENMPV,ElevenMPV,11743,11/16/2021, 09:13:36,447
ELEVENMPV,ElevenMPV,11743,11/16/2021, 10:18:05,447
ELEVENMPV,ElevenMPV,11743,11/16/2021, 11:13:49,447
ELEVENMPV,ElevenMPV,11743,11/16/2021, 12:22:58,447
ELEVENMPV,ElevenMPV,11743,11/16/2021, 13:19:05,447
ELEVENMPV,ElevenMPV,11743,11/16/2021, 14:13:30,447
ELEVENMPV,ElevenMPV,11743,11/16/2021, 15:18:28,447
ELEVENMPV,ElevenMPV,11744,11/16/2021, 16:19:05,447
ELEVENMPV,ElevenMPV,11744,11/16/2021, 17:12:46,447
ELEVENMPV,ElevenMPV,11747,11/16/2021, 18:18:52,447
ELEVENMPV,ElevenMPV,11747,11/16/2021, 19:10:01,447
ELEVENMPV,ElevenMPV,11748,11/16/2021, 20:14:04,447
ELEVENMPV,ElevenMPV,11748,11/16/2021, 21:10:45,447
ELEVENMPV,ElevenMPV,11748,11/16/2021, 22:11:49,447
ELEVENMPV,ElevenMPV,11748,11/16/2021, 23:12:16,447
ELEVENMPV,ElevenMPV,11749,11/17/2021, 00:38:54,447
ELEVENMPV,ElevenMPV,11750,11/17/2021, 01:54:30,447
ELEVENMPV,ElevenMPV,11750,11/17/2021, 02:26:35,447
ELEVENMPV,ElevenMPV,11750,11/17/2021, 03:12:39,447
ELEVENMPV,ElevenMPV,11750,11/17/2021, 04:15:23,447
ELEVENMPV,ElevenMPV,11750,11/17/2021, 05:10:53,447
ELEVENMPV,ElevenMPV,11750,11/17/2021, 06:14:41,447
ELEVENMPV,ElevenMPV,11750,11/17/2021, 07:12:21,447
ELEVENMPV,ElevenMPV,11750,11/17/2021, 08:14:08,447
ELEVENMPV,ElevenMPV,11750,11/17/2021, 09:17:16,447
ELEVENMPV,ElevenMPV,11750,11/17/2021, 10:18:12,447
ELEVENMPV,ElevenMPV,11752,11/17/2021, 11:15:03,447
ELEVENMPV,ElevenMPV,11753,11/17/2021, 12:23:02,447
ELEVENMPV,ElevenMPV,11753,11/17/2021, 13:19:48,447
ELEVENMPV,ElevenMPV,11753,11/17/2021, 14:11:10,447
ELEVENMPV,ElevenMPV,11753,11/17/2021, 15:12:40,447
ELEVENMPV,ElevenMPV,11753,11/17/2021, 16:17:09,447
ELEVENMPV,ElevenMPV,11754,11/17/2021, 17:16:07,447
ELEVENMPV,ElevenMPV,11754,11/17/2021, 18:16:06,447
ELEVENMPV,ElevenMPV,11754,11/17/2021, 19:10:29,447
ELEVENMPV,ElevenMPV,11754,11/17/2021, 20:12:49,447
ELEVENMPV,ElevenMPV,11754,11/17/2021, 21:10:10,447
ELEVENMPV,ElevenMPV,11754,11/17/2021, 22:11:50,447
ELEVENMPV,ElevenMPV,11754,11/17/2021, 23:12:06,447
ELEVENMPV,ElevenMPV,11754,11/18/2021, 00:40:01,447
ELEVENMPV,ElevenMPV,11754,11/18/2021, 01:54:37,447
ELEVENMPV,ElevenMPV,11755,11/18/2021, 02:26:30,447
ELEVENMPV,ElevenMPV,11755,11/18/2021, 03:12:31,447
ELEVENMPV,ElevenMPV,11756,11/18/2021, 04:15:14,447
ELEVENMPV,ElevenMPV,11756,11/18/2021, 05:11:07,447
ELEVENMPV,ElevenMPV,11756,11/18/2021, 06:14:24,447
ELEVENMPV,ElevenMPV,11756,11/18/2021, 07:12:02,447
ELEVENMPV,ElevenMPV,11756,11/18/2021, 08:14:25,447
ELEVENMPV,ElevenMPV,11756,11/18/2021, 09:12:59,447
ELEVENMPV,ElevenMPV,11756,11/18/2021, 10:18:00,447
ELEVENMPV,ElevenMPV,11757,11/18/2021, 11:15:31,447
ELEVENMPV,ElevenMPV,11758,11/18/2021, 12:22:25,447
ELEVENMPV,ElevenMPV,11758,11/18/2021, 13:19:18,447
ELEVENMPV,ElevenMPV,11758,11/18/2021, 14:11:09,447
ELEVENMPV,ElevenMPV,11758,11/18/2021, 15:13:23,447
ELEVENMPV,ElevenMPV,11760,11/18/2021, 16:22:03,447
ELEVENMPV,ElevenMPV,11761,11/18/2021, 17:22:01,447
ELEVENMPV,ElevenMPV,11761,11/18/2021, 18:13:59,447
ELEVENMPV,ElevenMPV,11761,11/18/2021, 19:10:01,447
ELEVENMPV,ElevenMPV,11762,11/18/2021, 20:10:40,447
ELEVENMPV,ElevenMPV,11763,11/18/2021, 21:10:26,447
ELEVENMPV,ElevenMPV,11764,11/18/2021, 22:11:50,447
ELEVENMPV,ElevenMPV,11765,11/18/2021, 23:12:23,447
ELEVENMPV,ElevenMPV,11766,11/19/2021, 00:39:12,447
ELEVENMPV,ElevenMPV,11767,11/19/2021, 01:54:51,447
ELEVENMPV,ElevenMPV,11767,11/19/2021, 02:27:55,447
ELEVENMPV,ElevenMPV,11767,11/19/2021, 03:12:28,447
ELEVENMPV,ElevenMPV,11767,11/19/2021, 04:15:00,447
ELEVENMPV,ElevenMPV,11767,11/19/2021, 05:10:43,447
ELEVENMPV,ElevenMPV,11768,11/19/2021, 06:14:38,447
ELEVENMPV,ElevenMPV,11768,11/19/2021, 07:12:27,447
ELEVENMPV,ElevenMPV,11768,11/19/2021, 08:14:17,447
ELEVENMPV,ElevenMPV,11768,11/19/2021, 09:17:04,447
ELEVENMPV,ElevenMPV,11769,11/19/2021, 10:18:03,447
ELEVENMPV,ElevenMPV,11769,11/19/2021, 11:15:08,447
ELEVENMPV,ElevenMPV,11769,11/19/2021, 12:19:49,447
ELEVENMPV,ElevenMPV,11769,11/19/2021, 13:18:43,447
ELEVENMPV,ElevenMPV,11769,11/19/2021, 14:16:20,447
ELEVENMPV,ElevenMPV,11770,11/19/2021, 15:17:04,447
ELEVENMPV,ElevenMPV,11771,11/19/2021, 16:19:27,447
ELEVENMPV,ElevenMPV,11775,11/19/2021, 17:19:02,447
ELEVENMPV,ElevenMPV,11776,11/19/2021, 18:13:49,447
ELEVENMPV,ElevenMPV,11776,11/19/2021, 19:10:01,447
ELEVENMPV,ElevenMPV,11776,11/19/2021, 20:12:31,447
ELEVENMPV,ElevenMPV,11776,11/19/2021, 21:10:55,447
ELEVENMPV,ElevenMPV,11776,11/19/2021, 22:11:50,447
ELEVENMPV,ElevenMPV,11776,11/19/2021, 23:12:06,447
ELEVENMPV,ElevenMPV,11777,11/20/2021, 00:38:36,447
ELEVENMPV,ElevenMPV,11777,11/20/2021, 01:52:33,447
ELEVENMPV,ElevenMPV,11778,11/20/2021, 02:28:10,447
ELEVENMPV,ElevenMPV,11778,11/20/2021, 03:12:07,447
ELEVENMPV,ElevenMPV,11780,11/20/2021, 04:15:02,447
ELEVENMPV,ElevenMPV,11780,11/20/2021, 05:10:24,447
ELEVENMPV,ElevenMPV,11780,11/20/2021, 06:13:53,447
ELEVENMPV,ElevenMPV,11780,11/20/2021, 07:11:45,447
ELEVENMPV,ElevenMPV,11782,11/20/2021, 08:14:00,447
ELEVENMPV,ElevenMPV,11782,11/20/2021, 09:11:50,447
ELEVENMPV,ElevenMPV,11782,11/20/2021, 10:12:36,447
ELEVENMPV,ElevenMPV,11782,11/20/2021, 11:09:44,447
ELEVENMPV,ElevenMPV,11782,11/20/2021, 12:17:17,447
ELEVENMPV,ElevenMPV,11783,11/20/2021, 13:16:39,447
ELEVENMPV,ElevenMPV,11783,11/20/2021, 14:10:38,447
ELEVENMPV,ElevenMPV,11783,11/20/2021, 15:11:42,447
ELEVENMPV,ElevenMPV,11785,11/20/2021, 16:17:03,447
ELEVENMPV,ElevenMPV,11785,11/20/2021, 17:16:49,447
ELEVENMPV,ElevenMPV,11785,11/20/2021, 18:13:17,447
ELEVENMPV,ElevenMPV,11785,11/20/2021, 19:09:24,447
ELEVENMPV,ElevenMPV,11786,11/20/2021, 20:12:07,447
ELEVENMPV,ElevenMPV,11786,11/20/2021, 21:10:05,447
ELEVENMPV,ElevenMPV,11787,11/20/2021, 22:11:25,447
ELEVENMPV,ElevenMPV,11787,11/20/2021, 23:11:48,447
ELEVENMPV,ElevenMPV,11788,11/21/2021, 00:40:36,447
ELEVENMPV,ElevenMPV,11790,11/21/2021, 01:56:42,447
ELEVENMPV,ElevenMPV,11790,11/21/2021, 02:29:10,447
ELEVENMPV,ElevenMPV,11790,11/21/2021, 03:12:11,447
ELEVENMPV,ElevenMPV,11790,11/21/2021, 04:15:01,447
ELEVENMPV,ElevenMPV,11790,11/21/2021, 05:10:19,447
ELEVENMPV,ElevenMPV,11790,11/21/2021, 06:13:45,447
ELEVENMPV,ElevenMPV,11790,11/21/2021, 07:11:42,447
ELEVENMPV,ElevenMPV,11790,11/21/2021, 08:13:57,447
ELEVENMPV,ElevenMPV,11790,11/21/2021, 09:11:32,447
ELEVENMPV,ElevenMPV,11790,11/21/2021, 10:12:50,447
ELEVENMPV,ElevenMPV,11790,11/21/2021, 11:09:50,447
ELEVENMPV,ElevenMPV,11790,11/21/2021, 12:17:48,447
ELEVENMPV,ElevenMPV,11790,11/21/2021, 13:17:03,447
ELEVENMPV,ElevenMPV,11790,11/21/2021, 14:10:45,447
ELEVENMPV,ElevenMPV,11790,11/21/2021, 15:12:02,447
ELEVENMPV,ElevenMPV,11790,11/21/2021, 16:16:52,447
ELEVENMPV,ElevenMPV,11791,11/21/2021, 17:16:55,447
ELEVENMPV,ElevenMPV,11791,11/21/2021, 18:13:15,447
ELEVENMPV,ElevenMPV,11791,11/21/2021, 19:09:32,447
ELEVENMPV,ElevenMPV,11791,11/21/2021, 20:12:03,447
ELEVENMPV,ElevenMPV,11792,11/21/2021, 21:10:17,447
ELEVENMPV,ElevenMPV,11793,11/21/2021, 22:11:27,447
ELEVENMPV,ElevenMPV,11793,11/21/2021, 23:12:00,447
ELEVENMPV,ElevenMPV,11794,11/22/2021, 00:39:22,447
ELEVENMPV,ElevenMPV,11794,11/22/2021, 01:55:22,447
ELEVENMPV,ElevenMPV,11794,11/22/2021, 02:27:43,447
ELEVENMPV,ElevenMPV,11795,11/22/2021, 03:12:36,447
ELEVENMPV,ElevenMPV,11795,11/22/2021, 04:15:36,447
ELEVENMPV,ElevenMPV,11796,11/22/2021, 05:11:17,447
ELEVENMPV,ElevenMPV,11797,11/22/2021, 06:14:47,447
ELEVENMPV,ElevenMPV,11798,11/22/2021, 07:12:14,447
ELEVENMPV,ElevenMPV,11798,11/22/2021, 08:18:31,447
ELEVENMPV,ElevenMPV,11798,11/22/2021, 09:17:12,447
ELEVENMPV,ElevenMPV,11798,11/22/2021, 10:18:12,447
ELEVENMPV,ElevenMPV,11798,11/22/2021, 11:15:03,447
ELEVENMPV,ElevenMPV,11798,11/22/2021, 12:19:31,447
ELEVENMPV,ElevenMPV,11798,11/22/2021, 13:24:16,447
ELEVENMPV,ElevenMPV,11798,11/22/2021, 14:11:52,447
ELEVENMPV,ElevenMPV,11798,11/22/2021, 15:17:10,447
ELEVENMPV,ElevenMPV,11798,11/22/2021, 16:19:26,447
ELEVENMPV,ElevenMPV,11798,11/22/2021, 17:20:15,447
ELEVENMPV,ElevenMPV,11799,11/22/2021, 18:19:03,447
ELEVENMPV,ElevenMPV,11800,11/22/2021, 19:10:53,447
ELEVENMPV,ElevenMPV,11800,11/22/2021, 20:12:42,447
ELEVENMPV,ElevenMPV,11800,11/22/2021, 21:10:41,447
ELEVENMPV,ElevenMPV,11802,11/22/2021, 22:12:17,447
ELEVENMPV,ElevenMPV,11802,11/22/2021, 23:12:25,447
ELEVENMPV,ElevenMPV,11802,11/23/2021, 00:39:03,447
ELEVENMPV,ElevenMPV,11803,11/23/2021, 01:54:10,447
ELEVENMPV,ElevenMPV,11803,11/23/2021, 02:26:21,447
ELEVENMPV,ElevenMPV,11803,11/23/2021, 03:12:29,447
ELEVENMPV,ElevenMPV,11803,11/23/2021, 04:15:26,447
ELEVENMPV,ElevenMPV,11803,11/23/2021, 05:10:55,447
ELEVENMPV,ElevenMPV,11803,11/23/2021, 06:14:22,447
ELEVENMPV,ElevenMPV,11803,11/23/2021, 07:12:07,447
ELEVENMPV,ElevenMPV,11803,11/23/2021, 08:14:36,447
ELEVENMPV,ElevenMPV,11803,11/23/2021, 09:12:26,447
ELEVENMPV,ElevenMPV,11803,11/23/2021, 10:13:56,447
ELEVENMPV,ElevenMPV,11803,11/23/2021, 11:15:09,447
ELEVENMPV,ElevenMPV,11803,11/23/2021, 12:18:56,447
ELEVENMPV,ElevenMPV,11803,11/23/2021, 13:19:06,447
ELEVENMPV,ElevenMPV,11803,11/23/2021, 14:15:21,447
ELEVENMPV,ElevenMPV,11803,11/23/2021, 15:12:52,447
ELEVENMPV,ElevenMPV,11803,11/23/2021, 16:17:54,447
ELEVENMPV,ElevenMPV,11803,11/23/2021, 17:18:15,447
ELEVENMPV,ElevenMPV,11803,11/23/2021, 18:14:49,447
ELEVENMPV,ElevenMPV,11803,11/23/2021, 19:08:28,447
ELEVENMPV,ElevenMPV,11803,11/23/2021, 20:12:56,447
ELEVENMPV,ElevenMPV,11804,11/23/2021, 21:10:34,447
ELEVENMPV,ElevenMPV,11805,11/23/2021, 22:11:39,447
ELEVENMPV,ElevenMPV,11805,11/23/2021, 23:12:15,447
ELEVENMPV,ElevenMPV,11807,11/24/2021, 00:39:48,447
ELEVENMPV,ElevenMPV,11808,11/24/2021, 01:54:27,447
ELEVENMPV,ElevenMPV,11808,11/24/2021, 02:27:01,447
ELEVENMPV,ElevenMPV,11808,11/24/2021, 03:12:22,447
ELEVENMPV,ElevenMPV,11808,11/24/2021, 04:15:26,447
ELEVENMPV,ElevenMPV,11808,11/24/2021, 05:10:50,447
ELEVENMPV,ElevenMPV,11808,11/24/2021, 06:15:00,447
ELEVENMPV,ElevenMPV,11808,11/24/2021, 07:12:10,447
ELEVENMPV,ElevenMPV,11808,11/24/2021, 08:14:09,447
ELEVENMPV,ElevenMPV,11809,11/24/2021, 09:17:14,447
ELEVENMPV,ElevenMPV,11809,11/24/2021, 10:18:14,447
ELEVENMPV,ElevenMPV,11809,11/24/2021, 11:15:11,447
ELEVENMPV,ElevenMPV,11809,11/24/2021, 12:23:02,447
ELEVENMPV,ElevenMPV,11810,11/24/2021, 13:19:05,447
ELEVENMPV,ElevenMPV,11810,11/24/2021, 14:11:39,447
ELEVENMPV,ElevenMPV,11810,11/24/2021, 15:13:10,447
ELEVENMPV,ElevenMPV,11810,11/24/2021, 16:22:11,447
ELEVENMPV,ElevenMPV,11810,11/24/2021, 17:22:19,447
ELEVENMPV,ElevenMPV,11810,11/24/2021, 18:13:58,447
ELEVENMPV,ElevenMPV,11810,11/24/2021, 19:11:23,447
ELEVENMPV,ElevenMPV,11811,11/24/2021, 20:14:17,447
ELEVENMPV,ElevenMPV,11811,11/24/2021, 21:10:41,447
ELEVENMPV,ElevenMPV,11811,11/24/2021, 22:11:56,447
ELEVENMPV,ElevenMPV,11811,11/24/2021, 23:12:19,447
ELEVENMPV,ElevenMPV,11811,11/25/2021, 00:40:52,447
ELEVENMPV,ElevenMPV,11811,11/25/2021, 01:55:28,447
ELEVENMPV,ElevenMPV,11811,11/25/2021, 02:28:24,447
ELEVENMPV,ElevenMPV,11811,11/25/2021, 03:12:41,447
ELEVENMPV,ElevenMPV,11811,11/25/2021, 04:15:43,447
ELEVENMPV,ElevenMPV,11812,11/25/2021, 05:11:18,447
ELEVENMPV,ElevenMPV,11812,11/25/2021, 06:14:35,447
ELEVENMPV,ElevenMPV,11812,11/25/2021, 07:13:55,447
ELEVENMPV,ElevenMPV,11813,11/25/2021, 08:14:30,447
ELEVENMPV,ElevenMPV,11813,11/25/2021, 09:17:02,447
ELEVENMPV,ElevenMPV,11813,11/25/2021, 10:17:05,447
ELEVENMPV,ElevenMPV,11813,11/25/2021, 11:15:12,447
ELEVENMPV,ElevenMPV,11813,11/25/2021, 12:22:51,447
ELEVENMPV,ElevenMPV,11813,11/25/2021, 13:19:16,447
ELEVENMPV,ElevenMPV,11813,11/25/2021, 14:11:35,447
ELEVENMPV,ElevenMPV,11813,11/25/2021, 15:12:59,447
ELEVENMPV,ElevenMPV,11813,11/25/2021, 16:17:38,447
ELEVENMPV,ElevenMPV,11813,11/25/2021, 17:18:34,447
ELEVENMPV,ElevenMPV,11813,11/25/2021, 18:13:50,447
ELEVENMPV,ElevenMPV,11814,11/25/2021, 19:09:58,447
ELEVENMPV,ElevenMPV,11815,11/25/2021, 20:12:53,447
ELEVENMPV,ElevenMPV,11815,11/25/2021, 21:10:25,447
ELEVENMPV,ElevenMPV,11816,11/25/2021, 22:11:55,447
ELEVENMPV,ElevenMPV,11816,11/25/2021, 23:11:58,447
ELEVENMPV,ElevenMPV,11816,11/26/2021, 00:38:39,447
ELEVENMPV,ElevenMPV,11817,11/26/2021, 01:53:28,447
ELEVENMPV,ElevenMPV,11818,11/26/2021, 02:27:04,447
ELEVENMPV,ElevenMPV,11818,11/26/2021, 03:12:49,447
ELEVENMPV,ElevenMPV,11819,11/26/2021, 04:15:28,447
ELEVENMPV,ElevenMPV,11819,11/26/2021, 05:10:55,447
ELEVENMPV,ElevenMPV,11819,11/26/2021, 06:14:36,447
ELEVENMPV,ElevenMPV,11819,11/26/2021, 07:12:22,447
ELEVENMPV,ElevenMPV,11819,11/26/2021, 08:14:17,447
ELEVENMPV,ElevenMPV,11819,11/26/2021, 09:12:30,447
ELEVENMPV,ElevenMPV,11819,11/26/2021, 10:13:11,447
ELEVENMPV,ElevenMPV,11819,11/26/2021, 11:10:31,447
ELEVENMPV,ElevenMPV,11819,11/26/2021, 12:18:38,447
ELEVENMPV,ElevenMPV,11819,11/26/2021, 13:18:51,447
ELEVENMPV,ElevenMPV,11819,11/26/2021, 14:12:34,447
ELEVENMPV,ElevenMPV,11819,11/26/2021, 15:12:47,447
ELEVENMPV,ElevenMPV,11819,11/26/2021, 16:17:47,447
ELEVENMPV,ElevenMPV,11820,11/26/2021, 17:18:19,447
ELEVENMPV,ElevenMPV,11820,11/26/2021, 18:13:54,447
ELEVENMPV,ElevenMPV,11822,11/26/2021, 19:10:00,447
ELEVENMPV,ElevenMPV,11822,11/26/2021, 20:12:52,447
ELEVENMPV,ElevenMPV,11822,11/26/2021, 21:10:25,447
ELEVENMPV,ElevenMPV,11823,11/26/2021, 22:11:52,447
ELEVENMPV,ElevenMPV,11823,11/26/2021, 23:11:54,447
ELEVENMPV,ElevenMPV,11824,11/27/2021, 00:38:17,447
ELEVENMPV,ElevenMPV,11824,11/27/2021, 01:52:14,447
ELEVENMPV,ElevenMPV,11824,11/27/2021, 02:27:34,447
ELEVENMPV,ElevenMPV,11824,11/27/2021, 03:12:24,447
ELEVENMPV,ElevenMPV,11824,11/27/2021, 04:15:11,447
ELEVENMPV,ElevenMPV,11824,11/27/2021, 05:10:14,447
ELEVENMPV,ElevenMPV,11824,11/27/2021, 06:13:52,447
ELEVENMPV,ElevenMPV,11824,11/27/2021, 07:11:47,447
ELEVENMPV,ElevenMPV,11825,11/27/2021, 08:14:09,447
ELEVENMPV,ElevenMPV,11825,11/27/2021, 09:11:54,447
ELEVENMPV,ElevenMPV,11825,11/27/2021, 10:12:39,447
ELEVENMPV,ElevenMPV,11825,11/27/2021, 11:09:47,447
ELEVENMPV,ElevenMPV,11826,11/27/2021, 12:17:43,447
ELEVENMPV,ElevenMPV,11826,11/27/2021, 13:16:49,447
ELEVENMPV,ElevenMPV,11826,11/27/2021, 14:10:41,447
ELEVENMPV,ElevenMPV,11827,11/27/2021, 15:12:06,447
ELEVENMPV,ElevenMPV,11827,11/27/2021, 16:17:02,447
ELEVENMPV,ElevenMPV,11828,11/27/2021, 17:16:56,447
ELEVENMPV,ElevenMPV,11828,11/27/2021, 18:13:13,447
ELEVENMPV,ElevenMPV,11828,11/27/2021, 19:09:47,447
ELEVENMPV,ElevenMPV,11830,11/27/2021, 20:11:58,447
ELEVENMPV,ElevenMPV,11831,11/27/2021, 23:19:00,447
ELEVENMPV,ElevenMPV,11832,11/28/2021, 00:40:38,447
ELEVENMPV,ElevenMPV,11833,11/28/2021, 01:51:56,447
ELEVENMPV,ElevenMPV,11834,11/28/2021, 02:27:09,447
ELEVENMPV,ElevenMPV,11834,11/28/2021, 03:12:14,447
ELEVENMPV,ElevenMPV,11835,11/28/2021, 04:14:55,447
ELEVENMPV,ElevenMPV,11835,11/28/2021, 05:10:22,447
ELEVENMPV,ElevenMPV,11836,11/28/2021, 06:14:19,447
ELEVENMPV,ElevenMPV,11836,11/28/2021, 07:11:50,447
ELEVENMPV,ElevenMPV,11836,11/28/2021, 08:13:50,447
ELEVENMPV,ElevenMPV,11837,11/28/2021, 09:12:03,447
ELEVENMPV,ElevenMPV,11839,11/28/2021, 10:12:46,447
ELEVENMPV,ElevenMPV,11839,11/28/2021, 11:10:01,447
ELEVENMPV,ElevenMPV,11840,11/28/2021, 12:17:42,447
ELEVENMPV,ElevenMPV,11840,11/28/2021, 13:16:48,447
ELEVENMPV,ElevenMPV,11840,11/28/2021, 14:10:37,447
ELEVENMPV,ElevenMPV,11840,11/28/2021, 15:12:28,447
ELEVENMPV,ElevenMPV,11841,11/28/2021, 16:16:41,447
ELEVENMPV,ElevenMPV,11841,11/28/2021, 17:17:02,447
ELEVENMPV,ElevenMPV,11841,11/28/2021, 18:13:23,447
ELEVENMPV,ElevenMPV,11843,11/28/2021, 19:09:36,447
ELEVENMPV,ElevenMPV,11843,11/28/2021, 20:12:08,447
ELEVENMPV,ElevenMPV,11843,11/28/2021, 21:09:58,447
ELEVENMPV,ElevenMPV,11844,11/28/2021, 22:11:37,447
ELEVENMPV,ElevenMPV,11844,11/28/2021, 23:11:50,447
ELEVENMPV,ElevenMPV,11845,11/29/2021, 00:39:37,447
ELEVENMPV,ElevenMPV,11845,11/29/2021, 01:55:02,447
ELEVENMPV,ElevenMPV,11846,11/29/2021, 02:27:37,447
ELEVENMPV,ElevenMPV,11846,11/29/2021, 03:12:38,447
ELEVENMPV,ElevenMPV,11846,11/29/2021, 04:15:51,447
ELEVENMPV,ElevenMPV,11846,11/29/2021, 05:11:26,447
ELEVENMPV,ElevenMPV,11846,11/29/2021, 06:14:45,447
ELEVENMPV,ElevenMPV,11846,11/29/2021, 07:12:42,447
ELEVENMPV,ElevenMPV,11846,11/29/2021, 08:14:52,447
ELEVENMPV,ElevenMPV,11846,11/29/2021, 09:12:47,447
ELEVENMPV,ElevenMPV,11846,11/29/2021, 10:15:56,447
ELEVENMPV,ElevenMPV,11846,11/29/2021, 11:10:34,447
ELEVENMPV,ElevenMPV,11846,11/29/2021, 12:19:04,447
ELEVENMPV,ElevenMPV,11846,11/29/2021, 13:19:39,447
ELEVENMPV,ElevenMPV,11847,11/29/2021, 14:15:14,447
ELEVENMPV,ElevenMPV,11848,11/29/2021, 15:17:10,447
ELEVENMPV,ElevenMPV,11848,11/29/2021, 16:18:46,447
ELEVENMPV,ElevenMPV,11848,11/29/2021, 17:24:09,447
ELEVENMPV,ElevenMPV,11848,11/29/2021, 18:19:17,447
ELEVENMPV,ElevenMPV,11848,11/29/2021, 19:10:21,447
ELEVENMPV,ElevenMPV,11848,11/29/2021, 20:12:58,447
ELEVENMPV,ElevenMPV,11848,11/29/2021, 21:10:46,447
ELEVENMPV,ElevenMPV,11848,11/29/2021, 22:12:03,447
ELEVENMPV,ElevenMPV,11848,11/29/2021, 23:12:25,447
ELEVENMPV,ElevenMPV,11848,11/30/2021, 00:41:12,447
ELEVENMPV,ElevenMPV,11848,11/30/2021, 01:46:32,447
ELEVENMPV,ElevenMPV,11848,11/30/2021, 02:15:14,447
ELEVENMPV,ElevenMPV,11849,11/30/2021, 03:10:48,447
ELEVENMPV,ElevenMPV,11849,11/30/2021, 04:13:06,447
ELEVENMPV,ElevenMPV,11851,11/30/2021, 05:09:28,447
ELEVENMPV,ElevenMPV,11851,11/30/2021, 06:12:04,447
ELEVENMPV,ElevenMPV,11851,11/30/2021, 07:10:13,447
ELEVENMPV,ElevenMPV,11851,11/30/2021, 08:12:35,447
ELEVENMPV,ElevenMPV,11851,11/30/2021, 09:13:06,447
ELEVENMPV,ElevenMPV,11851,11/30/2021, 10:16:10,447
ELEVENMPV,ElevenMPV,11851,11/30/2021, 11:14:06,447
ELEVENMPV,ElevenMPV,11851,11/30/2021, 12:17:55,447
ELEVENMPV,ElevenMPV,11851,11/30/2021, 13:12:56,447
ELEVENMPV,ElevenMPV,11851,11/30/2021, 14:11:36,447
ELEVENMPV,ElevenMPV,11852,11/30/2021, 15:12:55,447
ELEVENMPV,ElevenMPV,11852,11/30/2021, 16:18:05,447
ELEVENMPV,ElevenMPV,11853,11/30/2021, 17:24:05,447
ELEVENMPV,ElevenMPV,11854,11/30/2021, 18:16:26,447
ELEVENMPV,ElevenMPV,11854,11/30/2021, 19:09:40,447
ELEVENMPV,ElevenMPV,11854,11/30/2021, 20:12:45,447
ELEVENMPV,ElevenMPV,11854,11/30/2021, 21:10:50,447
ELEVENMPV,ElevenMPV,11855,11/30/2021, 22:12:04,447
ELEVENMPV,ElevenMPV,11855,11/30/2021, 23:12:07,447
ELEVENMPV,ElevenMPV,11856,12/01/2021, 00:42:00,447
ELEVENMPV,ElevenMPV,11858,12/01/2021, 02:00:21,447
ELEVENMPV,ElevenMPV,11858,12/01/2021, 02:39:27,447
ELEVENMPV,ElevenMPV,11858,12/01/2021, 03:13:37,447
ELEVENMPV,ElevenMPV,11858,12/01/2021, 04:15:48,447
ELEVENMPV,ElevenMPV,11859,12/01/2021, 05:12:05,447
ELEVENMPV,ElevenMPV,11859,12/01/2021, 06:14:51,447
ELEVENMPV,ElevenMPV,11859,12/01/2021, 07:12:22,447
ELEVENMPV,ElevenMPV,11859,12/01/2021, 08:16:39,447
ELEVENMPV,ElevenMPV,11859,12/01/2021, 09:18:00,447
ELEVENMPV,ElevenMPV,11859,12/01/2021, 10:17:56,447
ELEVENMPV,ElevenMPV,11859,12/01/2021, 11:14:46,447
ELEVENMPV,ElevenMPV,11859,12/01/2021, 12:19:39,447
ELEVENMPV,ElevenMPV,11859,12/01/2021, 13:20:13,447
ELEVENMPV,ElevenMPV,11859,12/01/2021, 14:11:58,447
ELEVENMPV,ElevenMPV,11859,12/01/2021, 15:13:30,447
ELEVENMPV,ElevenMPV,11859,12/01/2021, 16:18:21,447
ELEVENMPV,ElevenMPV,11860,12/01/2021, 17:24:59,447
ELEVENMPV,ElevenMPV,11860,12/01/2021, 18:19:06,447
ELEVENMPV,ElevenMPV,11860,12/01/2021, 19:12:41,447
ELEVENMPV,ElevenMPV,11860,12/01/2021, 20:13:52,447
ELEVENMPV,ElevenMPV,11860,12/01/2021, 21:10:57,447
ELEVENMPV,ElevenMPV,11861,12/01/2021, 22:12:07,447
ELEVENMPV,ElevenMPV,11862,12/01/2021, 23:12:10,447
ELEVENMPV,ElevenMPV,11862,12/02/2021, 00:39:30,447
ELEVENMPV,ElevenMPV,11862,12/02/2021, 01:55:54,447
ELEVENMPV,ElevenMPV,11862,12/02/2021, 02:28:24,447
ELEVENMPV,ElevenMPV,11863,12/02/2021, 03:12:39,447
ELEVENMPV,ElevenMPV,11863,12/02/2021, 04:15:23,447
ELEVENMPV,ElevenMPV,11865,12/02/2021, 05:11:24,447
ELEVENMPV,ElevenMPV,11865,12/02/2021, 06:14:20,447
ELEVENMPV,ElevenMPV,11865,12/02/2021, 07:12:39,447
ELEVENMPV,ElevenMPV,11867,12/02/2021, 08:14:36,447
ELEVENMPV,ElevenMPV,11868,12/02/2021, 09:14:59,447
ELEVENMPV,ElevenMPV,11868,12/02/2021, 10:12:58,447
ELEVENMPV,ElevenMPV,11869,12/02/2021, 11:14:56,447
ELEVENMPV,ElevenMPV,11871,12/02/2021, 12:18:52,447
ELEVENMPV,ElevenMPV,11871,12/02/2021, 13:18:57,447
ELEVENMPV,ElevenMPV,11871,12/02/2021, 14:11:36,447
ELEVENMPV,ElevenMPV,11871,12/02/2021, 15:11:15,447
ELEVENMPV,ElevenMPV,11871,12/02/2021, 16:18:12,447
ELEVENMPV,ElevenMPV,11872,12/02/2021, 17:19:14,447
ELEVENMPV,ElevenMPV,11872,12/02/2021, 18:14:35,447
ELEVENMPV,ElevenMPV,11874,12/02/2021, 19:10:12,447
ELEVENMPV,ElevenMPV,11874,12/02/2021, 20:13:04,447
ELEVENMPV,ElevenMPV,11875,12/02/2021, 21:10:53,447
ELEVENMPV,ElevenMPV,11875,12/02/2021, 22:12:09,447
ELEVENMPV,ElevenMPV,11875,12/02/2021, 23:12:22,447
ELEVENMPV,ElevenMPV,11877,12/03/2021, 00:39:56,447
ELEVENMPV,ElevenMPV,11877,12/03/2021, 01:55:25,447
ELEVENMPV,ElevenMPV,11877,12/03/2021, 02:28:09,447
ELEVENMPV,ElevenMPV,11877,12/03/2021, 03:12:32,447
ELEVENMPV,ElevenMPV,11877,12/03/2021, 04:15:40,447
ELEVENMPV,ElevenMPV,11877,12/03/2021, 05:11:25,447
ELEVENMPV,ElevenMPV,11878,12/03/2021, 06:14:37,447
ELEVENMPV,ElevenMPV,11878,12/03/2021, 07:12:22,447
ELEVENMPV,ElevenMPV,11878,12/03/2021, 08:14:50,447
ELEVENMPV,ElevenMPV,11878,12/03/2021, 09:12:34,447
ELEVENMPV,ElevenMPV,11878,12/03/2021, 10:13:06,447
ELEVENMPV,ElevenMPV,11878,12/03/2021, 11:10:26,447
ELEVENMPV,ElevenMPV,11878,12/03/2021, 12:18:57,447
ELEVENMPV,ElevenMPV,11878,12/03/2021, 13:19:21,447
ELEVENMPV,ElevenMPV,11879,12/03/2021, 14:11:50,447
ELEVENMPV,ElevenMPV,11879,12/03/2021, 15:13:05,447
ELEVENMPV,ElevenMPV,11881,12/03/2021, 16:18:10,447
ELEVENMPV,ElevenMPV,11881,12/03/2021, 17:19:19,447
ELEVENMPV,ElevenMPV,11881,12/03/2021, 18:14:16,447
ELEVENMPV,ElevenMPV,11881,12/03/2021, 19:10:15,447
ELEVENMPV,ElevenMPV,11881,12/03/2021, 20:13:07,447
ELEVENMPV,ElevenMPV,11881,12/03/2021, 21:10:29,447
ELEVENMPV,ElevenMPV,11881,12/03/2021, 22:11:47,447
ELEVENMPV,ElevenMPV,11881,12/03/2021, 23:12:05,447
ELEVENMPV,ElevenMPV,11881,12/04/2021, 00:39:51,447
ELEVENMPV,ElevenMPV,11881,12/04/2021, 01:54:56,447
ELEVENMPV,ElevenMPV,11881,12/04/2021, 02:30:08,447
ELEVENMPV,ElevenMPV,11881,12/04/2021, 03:12:16,447
ELEVENMPV,ElevenMPV,11882,12/04/2021, 04:15:45,447
ELEVENMPV,ElevenMPV,11882,12/04/2021, 05:11:45,447
ELEVENMPV,ElevenMPV,11882,12/04/2021, 06:14:17,447
ELEVENMPV,ElevenMPV,11882,12/04/2021, 07:12:05,447
ELEVENMPV,ElevenMPV,11883,12/04/2021, 08:14:32,447
ELEVENMPV,ElevenMPV,11883,12/04/2021, 09:12:12,447
ELEVENMPV,ElevenMPV,11883,12/04/2021, 10:12:42,447
ELEVENMPV,ElevenMPV,11883,12/04/2021, 11:10:00,447
ELEVENMPV,ElevenMPV,11883,12/04/2021, 12:18:48,447
ELEVENMPV,ElevenMPV,11884,12/04/2021, 13:19:57,447
ELEVENMPV,ElevenMPV,11884,12/04/2021, 14:10:57,447
ELEVENMPV,ElevenMPV,11885,12/04/2021, 15:12:25,447
ELEVENMPV,ElevenMPV,11885,12/04/2021, 16:17:29,447
ELEVENMPV,ElevenMPV,11886,12/04/2021, 17:18:59,447
ELEVENMPV,ElevenMPV,11886,12/04/2021, 18:14:07,447
ELEVENMPV,ElevenMPV,11887,12/04/2021, 19:09:52,447
ELEVENMPV,ElevenMPV,11887,12/04/2021, 20:12:45,447
ELEVENMPV,ElevenMPV,11887,12/04/2021, 21:10:40,447
ELEVENMPV,ElevenMPV,11888,12/04/2021, 22:12:12,447
ELEVENMPV,ElevenMPV,11888,12/04/2021, 23:12:16,447
ELEVENMPV,ElevenMPV,11888,12/05/2021, 00:43:09,447
ELEVENMPV,ElevenMPV,11889,12/05/2021, 02:02:33,447
ELEVENMPV,ElevenMPV,11889,12/05/2021, 03:12:33,447
ELEVENMPV,ElevenMPV,11889,12/05/2021, 04:15:47,447
ELEVENMPV,ElevenMPV,11889,12/05/2021, 05:11:27,447
ELEVENMPV,ElevenMPV,11889,12/05/2021, 06:14:04,447
ELEVENMPV,ElevenMPV,11889,12/05/2021, 07:11:54,447
ELEVENMPV,ElevenMPV,11890,12/05/2021, 08:14:05,447
ELEVENMPV,ElevenMPV,11890,12/05/2021, 09:12:01,447
ELEVENMPV,ElevenMPV,11890,12/05/2021, 10:12:50,447
ELEVENMPV,ElevenMPV,11890,12/05/2021, 11:09:54,447
ELEVENMPV,ElevenMPV,11891,12/05/2021, 12:18:12,447
ELEVENMPV,ElevenMPV,11892,12/05/2021, 13:17:54,447
ELEVENMPV,ElevenMPV,11893,12/05/2021, 14:10:59,447
ELEVENMPV,ElevenMPV,11893,12/05/2021, 15:12:13,447
ELEVENMPV,ElevenMPV,11893,12/05/2021, 16:17:17,447
ELEVENMPV,ElevenMPV,11893,12/05/2021, 17:17:50,447
ELEVENMPV,ElevenMPV,11893,12/05/2021, 18:13:45,447
ELEVENMPV,ElevenMPV,11893,12/05/2021, 19:09:57,447
ELEVENMPV,ElevenMPV,11894,12/05/2021, 20:12:30,447
ELEVENMPV,ElevenMPV,11895,12/05/2021, 21:10:22,447
ELEVENMPV,ElevenMPV,11895,12/05/2021, 22:11:26,447
ELEVENMPV,ElevenMPV,11896,12/05/2021, 23:11:45,447
ELEVENMPV,ElevenMPV,11897,12/06/2021, 00:41:58,447
ELEVENMPV,ElevenMPV,11897,12/06/2021, 01:58:32,447
ELEVENMPV,ElevenMPV,11897,12/06/2021, 02:33:57,447
ELEVENMPV,ElevenMPV,11897,12/06/2021, 03:12:48,447
ELEVENMPV,ElevenMPV,11897,12/06/2021, 04:15:57,447
ELEVENMPV,ElevenMPV,11897,12/06/2021, 05:12:05,447
ELEVENMPV,ElevenMPV,11897,12/06/2021, 06:14:48,447
ELEVENMPV,ElevenMPV,11898,12/06/2021, 07:12:44,447
ELEVENMPV,ElevenMPV,11899,12/06/2021, 08:15:02,447
ELEVENMPV,ElevenMPV,11899,12/06/2021, 09:13:27,447
ELEVENMPV,ElevenMPV,11899,12/06/2021, 10:13:34,447
ELEVENMPV,ElevenMPV,11899,12/06/2021, 11:10:32,447
ELEVENMPV,ElevenMPV,11900,12/06/2021, 12:19:33,447
ELEVENMPV,ElevenMPV,11900,12/06/2021, 13:20:32,447
ELEVENMPV,ElevenMPV,11900,12/06/2021, 14:11:40,447
ELEVENMPV,ElevenMPV,11902,12/06/2021, 15:13:14,447
ELEVENMPV,ElevenMPV,11902,12/06/2021, 16:15:41,447
ELEVENMPV,ElevenMPV,11902,12/06/2021, 17:12:29,447
ELEVENMPV,ElevenMPV,11905,12/06/2021, 18:17:07,447
ELEVENMPV,ElevenMPV,11906,12/06/2021, 19:10:06,447
ELEVENMPV,ElevenMPV,11906,12/06/2021, 20:13:43,447
ELEVENMPV,ElevenMPV,11907,12/06/2021, 21:11:21,447
ELEVENMPV,ElevenMPV,11907,12/06/2021, 22:12:39,447
ELEVENMPV,ElevenMPV,11908,12/06/2021, 23:13:06,447
ELEVENMPV,ElevenMPV,11908,12/07/2021, 00:42:13,447
ELEVENMPV,ElevenMPV,11908,12/07/2021, 02:01:38,447
ELEVENMPV,ElevenMPV,11908,12/07/2021, 03:13:12,447
ELEVENMPV,ElevenMPV,11908,12/07/2021, 04:16:02,447
ELEVENMPV,ElevenMPV,11908,12/07/2021, 05:12:46,447
ELEVENMPV,ElevenMPV,11909,12/07/2021, 06:15:20,447
ELEVENMPV,ElevenMPV,11909,12/07/2021, 07:12:42,447
ELEVENMPV,ElevenMPV,11909,12/07/2021, 08:15:43,447
ELEVENMPV,ElevenMPV,11909,12/07/2021, 09:13:19,447
ELEVENMPV,ElevenMPV,11909,12/07/2021, 10:14:23,447
ELEVENMPV,ElevenMPV,11910,12/07/2021, 11:11:14,447
ELEVENMPV,ElevenMPV,11910,12/07/2021, 12:21:05,447
ELEVENMPV,ElevenMPV,11910,12/07/2021, 13:23:34,447
ELEVENMPV,ElevenMPV,11910,12/07/2021, 14:12:28,447
ELEVENMPV,ElevenMPV,11910,12/07/2021, 15:13:27,447
ELEVENMPV,ElevenMPV,11910,12/07/2021, 16:19:14,447
ELEVENMPV,ElevenMPV,11910,12/07/2021, 17:21:52,447
ELEVENMPV,ElevenMPV,11910,12/07/2021, 18:14:49,447
ELEVENMPV,ElevenMPV,11910,12/07/2021, 19:10:30,447
ELEVENMPV,ElevenMPV,11910,12/07/2021, 20:13:32,447
ELEVENMPV,ElevenMPV,11910,12/07/2021, 21:11:13,447
ELEVENMPV,ElevenMPV,11910,12/07/2021, 22:12:06,447
ELEVENMPV,ElevenMPV,11910,12/07/2021, 23:12:29,447
ELEVENMPV,ElevenMPV,11910,12/08/2021, 00:42:27,447
ELEVENMPV,ElevenMPV,11910,12/08/2021, 01:59:36,447
ELEVENMPV,ElevenMPV,11910,12/08/2021, 02:37:15,447
ELEVENMPV,ElevenMPV,11910,12/08/2021, 03:12:33,447
ELEVENMPV,ElevenMPV,11910,12/08/2021, 04:15:50,447
ELEVENMPV,ElevenMPV,11910,12/08/2021, 05:12:00,447
ELEVENMPV,ElevenMPV,11910,12/08/2021, 06:15:12,447
ELEVENMPV,ElevenMPV,11910,12/08/2021, 07:12:22,447
ELEVENMPV,ElevenMPV,11910,12/08/2021, 08:14:59,447
ELEVENMPV,ElevenMPV,11910,12/08/2021, 09:12:50,447
ELEVENMPV,ElevenMPV,11910,12/08/2021, 10:13:22,447
ELEVENMPV,ElevenMPV,11911,12/08/2021, 11:10:38,447
ELEVENMPV,ElevenMPV,11911,12/08/2021, 12:19:28,447
ELEVENMPV,ElevenMPV,11911,12/08/2021, 13:20:51,447
ELEVENMPV,ElevenMPV,11911,12/08/2021, 14:12:03,447
ELEVENMPV,ElevenMPV,11911,12/08/2021, 15:13:00,447
ELEVENMPV,ElevenMPV,11911,12/08/2021, 16:16:53,447
ELEVENMPV,ElevenMPV,11912,12/08/2021, 17:20:04,447
ELEVENMPV,ElevenMPV,11912,12/08/2021, 18:14:28,447
ELEVENMPV,ElevenMPV,11912,12/08/2021, 19:10:35,447
ELEVENMPV,ElevenMPV,11912,12/08/2021, 20:13:07,447
ELEVENMPV,ElevenMPV,11912,12/08/2021, 21:10:57,447
ELEVENMPV,ElevenMPV,11912,12/08/2021, 22:12:14,447
ELEVENMPV,ElevenMPV,11913,12/08/2021, 23:12:33,447
ELEVENMPV,ElevenMPV,11913,12/09/2021, 00:40:52,447
ELEVENMPV,ElevenMPV,11913,12/09/2021, 01:58:11,447
ELEVENMPV,ElevenMPV,11913,12/09/2021, 02:33:35,447
ELEVENMPV,ElevenMPV,11913,12/09/2021, 03:12:46,447
ELEVENMPV,ElevenMPV,11913,12/09/2021, 04:15:53,447
ELEVENMPV,ElevenMPV,11913,12/09/2021, 05:12:30,447
ELEVENMPV,ElevenMPV,11913,12/09/2021, 06:14:53,447
ELEVENMPV,ElevenMPV,11913,12/09/2021, 07:12:25,447
ELEVENMPV,ElevenMPV,11913,12/09/2021, 08:14:57,447
ELEVENMPV,ElevenMPV,11913,12/09/2021, 09:15:17,447
ELEVENMPV,ElevenMPV,11914,12/09/2021, 10:18:00,447
ELEVENMPV,ElevenMPV,11915,12/09/2021, 11:10:28,447
ELEVENMPV,ElevenMPV,11915,12/09/2021, 12:19:33,447
ELEVENMPV,ElevenMPV,11918,12/09/2021, 13:20:26,447
ELEVENMPV,ElevenMPV,11918,12/09/2021, 14:16:06,447
ELEVENMPV,ElevenMPV,11918,12/09/2021, 15:15:11,447
ELEVENMPV,ElevenMPV,11918,12/09/2021, 16:17:56,447
ELEVENMPV,ElevenMPV,11918,12/09/2021, 17:22:44,447
ELEVENMPV,ElevenMPV,11918,12/09/2021, 18:14:28,447
ELEVENMPV,ElevenMPV,11918,12/09/2021, 19:10:22,447
ELEVENMPV,ElevenMPV,11918,12/09/2021, 20:13:18,447
ELEVENMPV,ElevenMPV,11918,12/09/2021, 21:11:09,447
ELEVENMPV,ElevenMPV,11919,12/09/2021, 22:12:02,447
ELEVENMPV,ElevenMPV,11919,12/09/2021, 23:12:23,447
ELEVENMPV,ElevenMPV,11919,12/10/2021, 00:41:36,447
ELEVENMPV,ElevenMPV,11920,12/10/2021, 01:54:22,447
ELEVENMPV,ElevenMPV,11920,12/10/2021, 02:28:05,447
ELEVENMPV,ElevenMPV,11920,12/10/2021, 03:12:45,447
ELEVENMPV,ElevenMPV,11920,12/10/2021, 04:15:42,447
ELEVENMPV,ElevenMPV,11920,12/10/2021, 05:11:43,447
ELEVENMPV,ElevenMPV,11920,12/10/2021, 06:15:44,447
ELEVENMPV,ElevenMPV,11920,12/10/2021, 07:12:25,447
ELEVENMPV,ElevenMPV,11920,12/10/2021, 08:14:39,447
ELEVENMPV,ElevenMPV,11920,12/10/2021, 09:12:49,447
ELEVENMPV,ElevenMPV,11921,12/10/2021, 10:13:30,447
ELEVENMPV,ElevenMPV,11921,12/10/2021, 11:10:41,447
ELEVENMPV,ElevenMPV,11921,12/10/2021, 12:19:08,447
ELEVENMPV,ElevenMPV,11921,12/10/2021, 13:19:37,447
ELEVENMPV,ElevenMPV,11921,12/10/2021, 14:12:10,447
ELEVENMPV,ElevenMPV,11921,12/10/2021, 15:13:02,447
ELEVENMPV,ElevenMPV,11921,12/10/2021, 16:18:14,447
ELEVENMPV,ElevenMPV,11921,12/10/2021, 17:19:26,447
ELEVENMPV,ElevenMPV,11922,12/10/2021, 18:14:23,447
ELEVENMPV,ElevenMPV,11922,12/10/2021, 19:10:06,447
ELEVENMPV,ElevenMPV,11922,12/10/2021, 20:12:52,447
ELEVENMPV,ElevenMPV,11922,12/10/2021, 21:10:45,447
ELEVENMPV,ElevenMPV,11922,12/10/2021, 22:11:56,447
ELEVENMPV,ElevenMPV,11922,12/10/2021, 23:12:14,447
ELEVENMPV,ElevenMPV,11922,12/11/2021, 00:39:30,447
ELEVENMPV,ElevenMPV,11922,12/11/2021, 01:55:50,447
ELEVENMPV,ElevenMPV,11922,12/11/2021, 02:30:58,447
ELEVENMPV,ElevenMPV,11922,12/11/2021, 03:12:10,447
ELEVENMPV,ElevenMPV,11922,12/11/2021, 04:15:25,447
ELEVENMPV,ElevenMPV,11922,12/11/2021, 05:11:04,447
ELEVENMPV,ElevenMPV,11924,12/11/2021, 06:14:13,447
ELEVENMPV,ElevenMPV,11924,12/11/2021, 07:12:10,447
ELEVENMPV,ElevenMPV,11924,12/11/2021, 08:13:56,447
ELEVENMPV,ElevenMPV,11924,12/11/2021, 09:12:11,447
ELEVENMPV,ElevenMPV,11924,12/11/2021, 10:12:38,447
ELEVENMPV,ElevenMPV,11924,12/11/2021, 11:10:12,447
ELEVENMPV,ElevenMPV,11924,12/11/2021, 12:18:15,447
ELEVENMPV,ElevenMPV,11925,12/11/2021, 13:17:46,447
ELEVENMPV,ElevenMPV,11925,12/11/2021, 14:10:41,447
ELEVENMPV,ElevenMPV,11925,12/11/2021, 15:12:09,447
ELEVENMPV,ElevenMPV,11925,12/11/2021, 16:17:06,447
ELEVENMPV,ElevenMPV,11925,12/11/2021, 17:17:31,447
ELEVENMPV,ElevenMPV,11925,12/11/2021, 18:13:34,447
ELEVENMPV,ElevenMPV,11925,12/11/2021, 19:09:49,447
ELEVENMPV,ElevenMPV,11925,12/11/2021, 20:12:28,447
ELEVENMPV,ElevenMPV,11925,12/11/2021, 21:10:33,447
ELEVENMPV,ElevenMPV,11926,12/11/2021, 22:11:32,447
ELEVENMPV,ElevenMPV,11926,12/11/2021, 23:11:49,447
ELEVENMPV,ElevenMPV,11926,12/12/2021, 00:43:10,447
ELEVENMPV,ElevenMPV,11926,12/12/2021, 02:00:01,447
ELEVENMPV,ElevenMPV,11926,12/12/2021, 02:37:53,447
ELEVENMPV,ElevenMPV,11926,12/12/2021, 03:12:08,447
ELEVENMPV,ElevenMPV,11926,12/12/2021, 04:15:35,447
ELEVENMPV,ElevenMPV,11926,12/12/2021, 05:10:49,447
ELEVENMPV,ElevenMPV,11926,12/12/2021, 06:14:04,447
ELEVENMPV,ElevenMPV,11926,12/12/2021, 07:12:00,447
ELEVENMPV,ElevenMPV,11926,12/12/2021, 08:14:02,447
ELEVENMPV,ElevenMPV,11926,12/12/2021, 09:11:52,447
ELEVENMPV,ElevenMPV,11926,12/12/2021, 10:12:57,447
ELEVENMPV,ElevenMPV,11926,12/12/2021, 11:09:46,447
ELEVENMPV,ElevenMPV,11926,12/12/2021, 12:18:18,447
ELEVENMPV,ElevenMPV,11926,12/12/2021, 13:18:22,447
ELEVENMPV,ElevenMPV,11927,12/12/2021, 14:11:02,447
ELEVENMPV,ElevenMPV,11928,12/12/2021, 15:12:01,447
ELEVENMPV,ElevenMPV,11928,12/12/2021, 16:17:19,447
ELEVENMPV,ElevenMPV,11929,12/12/2021, 17:17:32,447
ELEVENMPV,ElevenMPV,11929,12/12/2021, 18:13:31,447
ELEVENMPV,ElevenMPV,11930,12/12/2021, 19:09:44,447
ELEVENMPV,ElevenMPV,11933,12/12/2021, 20:12:28,447
ELEVENMPV,ElevenMPV,11935,12/12/2021, 21:10:42,447
ELEVENMPV,ElevenMPV,11935,12/12/2021, 22:11:26,447
ELEVENMPV,ElevenMPV,11935,12/12/2021, 23:12:04,447
ELEVENMPV,ElevenMPV,11935,12/13/2021, 00:41:18,447
ELEVENMPV,ElevenMPV,11935,12/13/2021, 01:57:51,447
ELEVENMPV,ElevenMPV,11937,12/13/2021, 02:33:04,447
ELEVENMPV,ElevenMPV,11937,12/13/2021, 03:12:38,447
ELEVENMPV,ElevenMPV,11938,12/13/2021, 04:15:43,447
ELEVENMPV,ElevenMPV,11938,12/13/2021, 05:11:31,447
ELEVENMPV,ElevenMPV,11939,12/13/2021, 06:14:55,447
ELEVENMPV,ElevenMPV,11939,12/13/2021, 07:12:44,447
ELEVENMPV,ElevenMPV,11939,12/13/2021, 08:14:55,447
ELEVENMPV,ElevenMPV,11939,12/13/2021, 09:17:11,447
ELEVENMPV,ElevenMPV,11939,12/13/2021, 10:18:19,447
ELEVENMPV,ElevenMPV,11940,12/13/2021, 11:10:43,447
ELEVENMPV,ElevenMPV,11940,12/13/2021, 12:19:36,447
ELEVENMPV,ElevenMPV,11940,12/13/2021, 13:20:11,447
ELEVENMPV,ElevenMPV,11940,12/13/2021, 14:11:55,447
ELEVENMPV,ElevenMPV,11941,12/13/2021, 15:14:26,447
ELEVENMPV,ElevenMPV,11941,12/13/2021, 16:18:11,447
ELEVENMPV,ElevenMPV,11943,12/13/2021, 17:19:42,447
ELEVENMPV,ElevenMPV,11943,12/13/2021, 18:14:29,447
ELEVENMPV,ElevenMPV,11943,12/13/2021, 19:10:16,447
ELEVENMPV,ElevenMPV,11943,12/13/2021, 20:13:05,447
ELEVENMPV,ElevenMPV,11943,12/13/2021, 21:11:03,447
ELEVENMPV,ElevenMPV,11943,12/13/2021, 22:10:07,447
ELEVENMPV,ElevenMPV,11943,12/13/2021, 23:12:33,447
ELEVENMPV,ElevenMPV,11944,12/14/2021, 00:43:40,447
ELEVENMPV,ElevenMPV,11945,12/14/2021, 02:00:55,447
ELEVENMPV,ElevenMPV,11945,12/14/2021, 02:40:09,447
ELEVENMPV,ElevenMPV,11945,12/14/2021, 03:12:22,447
ELEVENMPV,ElevenMPV,11946,12/14/2021, 04:15:40,447
ELEVENMPV,ElevenMPV,11946,12/14/2021, 05:11:30,447
ELEVENMPV,ElevenMPV,11947,12/14/2021, 06:15:07,447
ELEVENMPV,ElevenMPV,11947,12/14/2021, 07:12:29,447
ELEVENMPV,ElevenMPV,11948,12/14/2021, 08:15:14,447
ELEVENMPV,ElevenMPV,11948,12/14/2021, 09:13:16,447
ELEVENMPV,ElevenMPV,11948,12/14/2021, 10:13:41,447
ELEVENMPV,ElevenMPV,11948,12/14/2021, 11:15:07,447
ELEVENMPV,ElevenMPV,11948,12/14/2021, 12:19:16,447
ELEVENMPV,ElevenMPV,11948,12/14/2021, 13:19:25,447
ELEVENMPV,ElevenMPV,11948,12/14/2021, 14:11:41,447
ELEVENMPV,ElevenMPV,11948,12/14/2021, 15:13:04,447
ELEVENMPV,ElevenMPV,11948,12/14/2021, 16:18:38,447
ELEVENMPV,ElevenMPV,11948,12/14/2021, 17:19:24,447
ELEVENMPV,ElevenMPV,11948,12/14/2021, 18:14:21,447
ELEVENMPV,ElevenMPV,11948,12/14/2021, 19:10:21,447
ELEVENMPV,ElevenMPV,11948,12/14/2021, 20:13:06,447
ELEVENMPV,ElevenMPV,11948,12/14/2021, 21:09:28,447
ELEVENMPV,ElevenMPV,11948,12/14/2021, 22:12:25,447
ELEVENMPV,ElevenMPV,11948,12/14/2021, 23:12:30,447
ELEVENMPV,ElevenMPV,11948,12/15/2021, 00:40:41,447
ELEVENMPV,ElevenMPV,11948,12/15/2021, 01:57:46,447
ELEVENMPV,ElevenMPV,11948,12/15/2021, 02:32:37,447
ELEVENMPV,ElevenMPV,11949,12/15/2021, 03:12:40,447
ELEVENMPV,ElevenMPV,11950,12/15/2021, 04:15:45,447
ELEVENMPV,ElevenMPV,11950,12/15/2021, 05:11:46,447
ELEVENMPV,ElevenMPV,11950,12/15/2021, 06:13:53,447
ELEVENMPV,ElevenMPV,11950,12/15/2021, 07:12:33,447
ELEVENMPV,ElevenMPV,11950,12/15/2021, 08:14:41,447
ELEVENMPV,ElevenMPV,11950,12/15/2021, 09:12:34,447
ELEVENMPV,ElevenMPV,11950,12/15/2021, 10:13:29,447
ELEVENMPV,ElevenMPV,11950,12/15/2021, 11:10:35,447
ELEVENMPV,ElevenMPV,11950,12/15/2021, 12:19:22,447
ELEVENMPV,ElevenMPV,11951,12/15/2021, 13:19:47,447
ELEVENMPV,ElevenMPV,11952,12/15/2021, 14:11:41,447
ELEVENMPV,ElevenMPV,11952,12/15/2021, 15:13:03,447
ELEVENMPV,ElevenMPV,11952,12/15/2021, 16:18:06,447
ELEVENMPV,ElevenMPV,11952,12/15/2021, 17:19:37,447
ELEVENMPV,ElevenMPV,11952,12/15/2021, 18:14:27,447
ELEVENMPV,ElevenMPV,11952,12/15/2021, 19:10:35,447
ELEVENMPV,ElevenMPV,11952,12/15/2021, 20:13:06,447
ELEVENMPV,ElevenMPV,11952,12/15/2021, 21:11:01,447
ELEVENMPV,ElevenMPV,11952,12/15/2021, 22:12:06,447
ELEVENMPV,ElevenMPV,11952,12/15/2021, 23:12:29,447
ELEVENMPV,ElevenMPV,11952,12/16/2021, 00:40:45,447
ELEVENMPV,ElevenMPV,11952,12/16/2021, 01:57:13,447
ELEVENMPV,ElevenMPV,11952,12/16/2021, 02:31:42,447
ELEVENMPV,ElevenMPV,11952,12/16/2021, 03:12:38,447
ELEVENMPV,ElevenMPV,11953,12/16/2021, 04:15:33,447
ELEVENMPV,ElevenMPV,11954,12/16/2021, 05:11:35,447
ELEVENMPV,ElevenMPV,11954,12/16/2021, 06:14:45,447
ELEVENMPV,ElevenMPV,11954,12/16/2021, 07:12:31,447
ELEVENMPV,ElevenMPV,11954,12/16/2021, 08:19:04,447
ELEVENMPV,ElevenMPV,11954,12/16/2021, 09:13:03,447
ELEVENMPV,ElevenMPV,11954,12/16/2021, 10:13:17,447
ELEVENMPV,ElevenMPV,11954,12/16/2021, 11:10:39,447
ELEVENMPV,ElevenMPV,11954,12/16/2021, 12:19:38,447
ELEVENMPV,ElevenMPV,11955,12/16/2021, 13:19:48,447
ELEVENMPV,ElevenMPV,11955,12/16/2021, 14:11:31,447
ELEVENMPV,ElevenMPV,11955,12/16/2021, 15:13:05,447
ELEVENMPV,ElevenMPV,11955,12/16/2021, 16:18:50,447
ELEVENMPV,ElevenMPV,11955,12/16/2021, 17:19:24,447
ELEVENMPV,ElevenMPV,11955,12/16/2021, 18:14:34,447
ELEVENMPV,ElevenMPV,11957,12/16/2021, 19:10:16,447
ELEVENMPV,ElevenMPV,11957,12/16/2021, 20:13:09,447
ELEVENMPV,ElevenMPV,11957,12/16/2021, 21:11:06,447
ELEVENMPV,ElevenMPV,11957,12/16/2021, 22:12:00,447
ELEVENMPV,ElevenMPV,11957,12/16/2021, 23:12:35,447
ELEVENMPV,ElevenMPV,11959,12/17/2021, 00:43:38,447
ELEVENMPV,ElevenMPV,11959,12/17/2021, 02:01:44,447
ELEVENMPV,ElevenMPV,11959,12/17/2021, 03:12:10,447
ELEVENMPV,ElevenMPV,11959,12/17/2021, 04:15:51,447
ELEVENMPV,ElevenMPV,11959,12/17/2021, 05:11:32,447
ELEVENMPV,ElevenMPV,11959,12/17/2021, 06:15:05,447
ELEVENMPV,ElevenMPV,11959,12/17/2021, 07:12:39,447
ELEVENMPV,ElevenMPV,11959,12/17/2021, 08:14:55,447
ELEVENMPV,ElevenMPV,11959,12/17/2021, 09:12:57,447
ELEVENMPV,ElevenMPV,11959,12/17/2021, 10:13:15,447
ELEVENMPV,ElevenMPV,11959,12/17/2021, 11:09:09,447
ELEVENMPV,ElevenMPV,11959,12/17/2021, 12:19:13,447
ELEVENMPV,ElevenMPV,11959,12/17/2021, 13:17:49,447
ELEVENMPV,ElevenMPV,11959,12/17/2021, 14:11:37,447
ELEVENMPV,ElevenMPV,11959,12/17/2021, 15:13:05,447
ELEVENMPV,ElevenMPV,11959,12/17/2021, 16:18:14,447
ELEVENMPV,ElevenMPV,11959,12/17/2021, 17:18:22,447
ELEVENMPV,ElevenMPV,11959,12/17/2021, 18:14:18,447
ELEVENMPV,ElevenMPV,11959,12/17/2021, 19:10:46,447
ELEVENMPV,ElevenMPV,11959,12/17/2021, 20:11:13,447
ELEVENMPV,ElevenMPV,11960,12/17/2021, 21:11:03,447
ELEVENMPV,ElevenMPV,11961,12/17/2021, 22:12:06,447
ELEVENMPV,ElevenMPV,11961,12/17/2021, 23:12:52,447
ELEVENMPV,ElevenMPV,11961,12/18/2021, 00:43:44,447
ELEVENMPV,ElevenMPV,11961,12/18/2021, 02:02:25,447
ELEVENMPV,ElevenMPV,11961,12/18/2021, 03:14:12,447
ELEVENMPV,ElevenMPV,11961,12/18/2021, 04:15:43,447
ELEVENMPV,ElevenMPV,11961,12/18/2021, 05:11:32,447
ELEVENMPV,ElevenMPV,11961,12/18/2021, 06:14:53,447
ELEVENMPV,ElevenMPV,11961,12/18/2021, 07:11:59,447
ELEVENMPV,ElevenMPV,11961,12/18/2021, 08:14:26,447
ELEVENMPV,ElevenMPV,11961,12/18/2021, 09:12:03,447
ELEVENMPV,ElevenMPV,11961,12/18/2021, 10:13:01,447
ELEVENMPV,ElevenMPV,11961,12/18/2021, 11:09:52,447
ELEVENMPV,ElevenMPV,11961,12/18/2021, 12:18:37,447
ELEVENMPV,ElevenMPV,11961,12/18/2021, 13:19:01,447
ELEVENMPV,ElevenMPV,11961,12/18/2021, 14:10:48,447
ELEVENMPV,ElevenMPV,11961,12/18/2021, 15:12:18,447
ELEVENMPV,ElevenMPV,11961,12/18/2021, 16:17:30,447
ELEVENMPV,ElevenMPV,11961,12/18/2021, 17:19:02,447
ELEVENMPV,ElevenMPV,11961,12/18/2021, 18:14:13,447
ELEVENMPV,ElevenMPV,11962,12/18/2021, 19:09:48,447
ELEVENMPV,ElevenMPV,11963,12/18/2021, 20:12:50,447
ELEVENMPV,ElevenMPV,11963,12/18/2021, 21:12:00,447
ELEVENMPV,ElevenMPV,11963,12/18/2021, 22:11:36,447
ELEVENMPV,ElevenMPV,11963,12/18/2021, 23:12:07,447
ELEVENMPV,ElevenMPV,11964,12/19/2021, 00:44:44,447
ELEVENMPV,ElevenMPV,11964,12/19/2021, 02:04:40,447
ELEVENMPV,ElevenMPV,11964,12/19/2021, 03:12:59,447
ELEVENMPV,ElevenMPV,11964,12/19/2021, 04:15:45,447
ELEVENMPV,ElevenMPV,11964,12/19/2021, 05:12:06,447
ELEVENMPV,ElevenMPV,11964,12/19/2021, 06:14:32,447
ELEVENMPV,ElevenMPV,11964,12/19/2021, 07:12:16,447
ELEVENMPV,ElevenMPV,11964,12/19/2021, 08:14:29,447
ELEVENMPV,ElevenMPV,11964,12/19/2021, 09:12:18,447
ELEVENMPV,ElevenMPV,11965,12/19/2021, 10:12:47,447
ELEVENMPV,ElevenMPV,11965,12/19/2021, 11:10:15,447
ELEVENMPV,ElevenMPV,11966,12/19/2021, 12:19:07,447
ELEVENMPV,ElevenMPV,11966,12/19/2021, 13:19:12,447
ELEVENMPV,ElevenMPV,11966,12/19/2021, 14:11:15,447
ELEVENMPV,ElevenMPV,11967,12/19/2021, 15:12:24,447
ELEVENMPV,ElevenMPV,11969,12/19/2021, 16:17:51,447
ELEVENMPV,ElevenMPV,11970,12/19/2021, 17:19:13,447
ELEVENMPV,ElevenMPV,11970,12/19/2021, 18:13:54,447
ELEVENMPV,ElevenMPV,11970,12/19/2021, 19:10:03,447
ELEVENMPV,ElevenMPV,11970,12/19/2021, 20:13:02,447
ELEVENMPV,ElevenMPV,11970,12/19/2021, 21:10:34,447
ELEVENMPV,ElevenMPV,11972,12/19/2021, 22:12:42,447
ELEVENMPV,ElevenMPV,11973,12/19/2021, 23:12:05,447
ELEVENMPV,ElevenMPV,11974,12/20/2021, 00:42:45,447
ELEVENMPV,ElevenMPV,11975,12/20/2021, 02:01:26,447
ELEVENMPV,ElevenMPV,11975,12/20/2021, 03:13:15,447
ELEVENMPV,ElevenMPV,11978,12/20/2021, 04:16:26,447
ELEVENMPV,ElevenMPV,11978,12/20/2021, 05:13:27,447
ELEVENMPV,ElevenMPV,11978,12/20/2021, 06:15:57,447
ELEVENMPV,ElevenMPV,11979,12/20/2021, 07:12:50,447
ELEVENMPV,ElevenMPV,11979,12/20/2021, 08:15:41,447
ELEVENMPV,ElevenMPV,11979,12/20/2021, 09:13:24,447
ELEVENMPV,ElevenMPV,11979,12/20/2021, 10:13:54,447
ELEVENMPV,ElevenMPV,11979,12/20/2021, 11:10:44,447
ELEVENMPV,ElevenMPV,11979,12/20/2021, 12:20:33,447
ELEVENMPV,ElevenMPV,11979,12/20/2021, 13:21:54,447
ELEVENMPV,ElevenMPV,11980,12/20/2021, 14:11:58,447
ELEVENMPV,ElevenMPV,11981,12/20/2021, 15:12:52,447
ELEVENMPV,ElevenMPV,11984,12/20/2021, 16:19:45,447
ELEVENMPV,ElevenMPV,11984,12/20/2021, 17:21:53,447
ELEVENMPV,ElevenMPV,11984,12/20/2021, 18:14:28,447
ELEVENMPV,ElevenMPV,11984,12/20/2021, 19:10:43,447
ELEVENMPV,ElevenMPV,11985,12/20/2021, 20:13:22,447
ELEVENMPV,ElevenMPV,11989,12/20/2021, 21:10:59,447
ELEVENMPV,ElevenMPV,11995,12/21/2021, 00:44:38,447
ELEVENMPV,ElevenMPV,11995,12/21/2021, 02:03:11,447
ELEVENMPV,ElevenMPV,11995,12/21/2021, 03:13:39,447
ELEVENMPV,ElevenMPV,11998,12/21/2021, 04:16:16,447
ELEVENMPV,ElevenMPV,12000,12/21/2021, 05:12:56,447
ELEVENMPV,ElevenMPV,12002,12/21/2021, 06:15:14,447
ELEVENMPV,ElevenMPV,12002,12/21/2021, 07:12:44,447
ELEVENMPV,ElevenMPV,12002,12/21/2021, 08:15:35,447
ELEVENMPV,ElevenMPV,12003,12/21/2021, 09:12:57,447
ELEVENMPV,ElevenMPV,12003,12/21/2021, 10:13:57,447
ELEVENMPV,ElevenMPV,12003,12/21/2021, 11:10:43,447
ELEVENMPV,ElevenMPV,12003,12/21/2021, 12:20:16,447
ELEVENMPV,ElevenMPV,12003,12/21/2021, 13:21:21,447
ELEVENMPV,ElevenMPV,12004,12/21/2021, 14:11:55,447
ELEVENMPV,ElevenMPV,12004,12/21/2021, 15:13:09,447
ELEVENMPV,ElevenMPV,12004,12/21/2021, 16:18:45,447
ELEVENMPV,ElevenMPV,12004,12/21/2021, 17:21:29,447
ELEVENMPV,ElevenMPV,12005,12/21/2021, 18:14:42,447
ELEVENMPV,ElevenMPV,12005,12/21/2021, 19:10:23,447
ELEVENMPV,ElevenMPV,12007,12/21/2021, 20:13:31,447
ELEVENMPV,ElevenMPV,12008,12/21/2021, 21:11:01,447
ELEVENMPV,ElevenMPV,12009,12/21/2021, 22:12:27,447
ELEVENMPV,ElevenMPV,12009,12/21/2021, 23:12:25,447
ELEVENMPV,ElevenMPV,12009,12/22/2021, 00:43:20,447
ELEVENMPV,ElevenMPV,12010,12/22/2021, 02:02:17,447
ELEVENMPV,ElevenMPV,12010,12/22/2021, 03:13:39,447
ELEVENMPV,ElevenMPV,12011,12/22/2021, 04:16:20,447
ELEVENMPV,ElevenMPV,12013,12/22/2021, 05:13:01,447
ELEVENMPV,ElevenMPV,12013,12/22/2021, 06:15:41,447
ELEVENMPV,ElevenMPV,12013,12/22/2021, 07:12:37,447
ELEVENMPV,ElevenMPV,12013,12/22/2021, 08:15:27,447
ELEVENMPV,ElevenMPV,12014,12/22/2021, 09:12:53,447
ELEVENMPV,ElevenMPV,12016,12/22/2021, 10:13:43,447
ELEVENMPV,ElevenMPV,12016,12/22/2021, 11:10:58,447
ELEVENMPV,ElevenMPV,12016,12/22/2021, 12:20:04,447
ELEVENMPV,ElevenMPV,12017,12/22/2021, 13:21:15,447
ELEVENMPV,ElevenMPV,12017,12/22/2021, 14:12:03,447
ELEVENMPV,ElevenMPV,12017,12/22/2021, 15:13:12,447
ELEVENMPV,ElevenMPV,12017,12/22/2021, 16:23:24,447
ELEVENMPV,ElevenMPV,12017,12/22/2021, 17:21:09,447
ELEVENMPV,ElevenMPV,12017,12/22/2021, 18:14:45,447
ELEVENMPV,ElevenMPV,12018,12/22/2021, 19:10:27,447
ELEVENMPV,ElevenMPV,12018,12/22/2021, 20:13:38,447
ELEVENMPV,ElevenMPV,12019,12/22/2021, 21:11:21,447
ELEVENMPV,ElevenMPV,12019,12/22/2021, 22:12:26,447
ELEVENMPV,ElevenMPV,12019,12/22/2021, 23:12:29,447
ELEVENMPV,ElevenMPV,12019,12/23/2021, 00:42:17,447
ELEVENMPV,ElevenMPV,12019,12/23/2021, 02:00:38,447
ELEVENMPV,ElevenMPV,12019,12/23/2021, 02:41:11,447
ELEVENMPV,ElevenMPV,12019,12/23/2021, 03:13:01,447
ELEVENMPV,ElevenMPV,12019,12/23/2021, 04:16:20,447
ELEVENMPV,ElevenMPV,12020,12/23/2021, 05:13:13,447
ELEVENMPV,ElevenMPV,12020,12/23/2021, 06:15:21,447
ELEVENMPV,ElevenMPV,12020,12/23/2021, 07:12:30,447
ELEVENMPV,ElevenMPV,12020,12/23/2021, 08:15:36,447
ELEVENMPV,ElevenMPV,12021,12/23/2021, 09:12:53,447
ELEVENMPV,ElevenMPV,12021,12/23/2021, 10:13:38,447
ELEVENMPV,ElevenMPV,12022,12/23/2021, 11:10:38,447
ELEVENMPV,ElevenMPV,12022,12/23/2021, 12:20:03,447
ELEVENMPV,ElevenMPV,12022,12/23/2021, 13:21:08,447
ELEVENMPV,ElevenMPV,12023,12/23/2021, 14:11:27,447
ELEVENMPV,ElevenMPV,12023,12/23/2021, 15:12:44,447
ELEVENMPV,ElevenMPV,12024,12/23/2021, 16:18:45,447
ELEVENMPV,ElevenMPV,12024,12/23/2021, 17:20:51,447
ELEVENMPV,ElevenMPV,12024,12/23/2021, 18:14:37,447
ELEVENMPV,ElevenMPV,12024,12/23/2021, 19:10:13,447
ELEVENMPV,ElevenMPV,12025,12/23/2021, 20:13:18,447
ELEVENMPV,ElevenMPV,12025,12/23/2021, 21:10:57,447
ELEVENMPV,ElevenMPV,12025,12/23/2021, 22:12:13,447
ELEVENMPV,ElevenMPV,12025,12/23/2021, 23:12:38,447
ELEVENMPV,ElevenMPV,12026,12/24/2021, 00:41:37,447
ELEVENMPV,ElevenMPV,12026,12/24/2021, 01:59:20,447
ELEVENMPV,ElevenMPV,12026,12/24/2021, 02:37:52,447
ELEVENMPV,ElevenMPV,12026,12/24/2021, 03:12:21,447
ELEVENMPV,ElevenMPV,12026,12/24/2021, 04:15:59,447
ELEVENMPV,ElevenMPV,12026,12/24/2021, 05:12:45,447
ELEVENMPV,ElevenMPV,12026,12/24/2021, 06:15:19,447
ELEVENMPV,ElevenMPV,12026,12/24/2021, 07:12:31,447
ELEVENMPV,ElevenMPV,12026,12/24/2021, 08:15:29,447
ELEVENMPV,ElevenMPV,12026,12/24/2021, 09:13:02,447
ELEVENMPV,ElevenMPV,12026,12/24/2021, 10:13:47,447
ELEVENMPV,ElevenMPV,12026,12/24/2021, 11:10:34,447
ELEVENMPV,ElevenMPV,12026,12/24/2021, 12:19:41,447
ELEVENMPV,ElevenMPV,12026,12/24/2021, 13:20:46,447
ELEVENMPV,ElevenMPV,12026,12/24/2021, 14:11:46,447
ELEVENMPV,ElevenMPV,12026,12/24/2021, 15:12:41,447
ELEVENMPV,ElevenMPV,12026,12/24/2021, 16:18:21,447
ELEVENMPV,ElevenMPV,12026,12/24/2021, 17:20:23,447
ELEVENMPV,ElevenMPV,12027,12/24/2021, 18:14:21,447
ELEVENMPV,ElevenMPV,12027,12/24/2021, 19:10:15,447
ELEVENMPV,ElevenMPV,12029,12/24/2021, 20:13:02,447
ELEVENMPV,ElevenMPV,12029,12/24/2021, 21:10:52,447
ELEVENMPV,ElevenMPV,12029,12/24/2021, 22:12:18,447
ELEVENMPV,ElevenMPV,12029,12/24/2021, 23:12:34,447
ELEVENMPV,ElevenMPV,12030,12/25/2021, 00:40:52,447
ELEVENMPV,ElevenMPV,12030,12/25/2021, 01:58:19,447
ELEVENMPV,ElevenMPV,12030,12/25/2021, 02:37:46,447
ELEVENMPV,ElevenMPV,12030,12/25/2021, 03:13:25,447
ELEVENMPV,ElevenMPV,12030,12/25/2021, 04:15:58,447
ELEVENMPV,ElevenMPV,12030,12/25/2021, 05:12:17,447
ELEVENMPV,ElevenMPV,12030,12/25/2021, 06:14:37,447
ELEVENMPV,ElevenMPV,12030,12/25/2021, 07:12:27,447
ELEVENMPV,ElevenMPV,12030,12/25/2021, 08:14:34,447
ELEVENMPV,ElevenMPV,12031,12/25/2021, 09:12:12,447
ELEVENMPV,ElevenMPV,12031,12/25/2021, 10:12:50,447
ELEVENMPV,ElevenMPV,12031,12/25/2021, 11:10:00,447
ELEVENMPV,ElevenMPV,12031,12/25/2021, 12:18:36,447
ELEVENMPV,ElevenMPV,12031,12/25/2021, 13:19:01,447
ELEVENMPV,ElevenMPV,12031,12/25/2021, 14:11:17,447
ELEVENMPV,ElevenMPV,12031,12/25/2021, 15:12:24,447
ELEVENMPV,ElevenMPV,12033,12/25/2021, 16:17:38,447
ELEVENMPV,ElevenMPV,12033,12/25/2021, 17:19:19,447
ELEVENMPV,ElevenMPV,12033,12/25/2021, 18:14:21,447
ELEVENMPV,ElevenMPV,12033,12/25/2021, 19:09:51,447
ELEVENMPV,ElevenMPV,12033,12/25/2021, 20:12:46,447
ELEVENMPV,ElevenMPV,12033,12/25/2021, 21:10:50,447
ELEVENMPV,ElevenMPV,12034,12/25/2021, 22:11:43,447
ELEVENMPV,ElevenMPV,12035,12/25/2021, 23:12:11,447
ELEVENMPV,ElevenMPV,12035,12/26/2021, 00:44:50,447
ELEVENMPV,ElevenMPV,12035,12/26/2021, 02:04:03,447
ELEVENMPV,ElevenMPV,12035,12/26/2021, 03:13:52,447
ELEVENMPV,ElevenMPV,12035,12/26/2021, 04:16:11,447
ELEVENMPV,ElevenMPV,12036,12/26/2021, 05:12:32,447
ELEVENMPV,ElevenMPV,12036,12/26/2021, 06:14:30,447
ELEVENMPV,ElevenMPV,12036,12/26/2021, 07:14:16,447
ELEVENMPV,ElevenMPV,12037,12/26/2021, 08:14:41,447
ELEVENMPV,ElevenMPV,12037,12/26/2021, 09:12:14,447
ELEVENMPV,ElevenMPV,12038,12/26/2021, 10:13:07,447
ELEVENMPV,ElevenMPV,12039,12/26/2021, 11:10:16,447
ELEVENMPV,ElevenMPV,12040,12/26/2021, 12:18:51,447
ELEVENMPV,ElevenMPV,12040,12/26/2021, 13:18:57,447
ELEVENMPV,ElevenMPV,12042,12/26/2021, 14:11:07,447
ELEVENMPV,ElevenMPV,12042,12/26/2021, 15:12:18,447
ELEVENMPV,ElevenMPV,12042,12/26/2021, 16:17:35,447
ELEVENMPV,ElevenMPV,12042,12/26/2021, 17:20:14,447
ELEVENMPV,ElevenMPV,12043,12/26/2021, 18:14:12,447
ELEVENMPV,ElevenMPV,12044,12/26/2021, 19:10:05,447
ELEVENMPV,ElevenMPV,12044,12/26/2021, 20:12:58,447
ELEVENMPV,ElevenMPV,12045,12/26/2021, 21:10:38,447
ELEVENMPV,ElevenMPV,12046,12/26/2021, 22:11:35,447
ELEVENMPV,ElevenMPV,12047,12/26/2021, 23:12:11,447
ELEVENMPV,ElevenMPV,12047,12/27/2021, 00:42:27,447
ELEVENMPV,ElevenMPV,12048,12/27/2021, 02:00:57,447
ELEVENMPV,ElevenMPV,12048,12/27/2021, 02:41:26,447
ELEVENMPV,ElevenMPV,12049,12/27/2021, 03:12:56,447
ELEVENMPV,ElevenMPV,12050,12/27/2021, 04:16:42,447
ELEVENMPV,ElevenMPV,12050,12/27/2021, 05:13:15,447
ELEVENMPV,ElevenMPV,12050,12/27/2021, 06:15:46,447
ELEVENMPV,ElevenMPV,12050,12/27/2021, 07:12:35,447
ELEVENMPV,ElevenMPV,12050,12/27/2021, 08:19:57,447
ELEVENMPV,ElevenMPV,12050,12/27/2021, 09:18:21,447
ELEVENMPV,ElevenMPV,12050,12/27/2021, 10:18:09,447
ELEVENMPV,ElevenMPV,12050,12/27/2021, 11:15:09,447
ELEVENMPV,ElevenMPV,12050,12/27/2021, 12:25:33,447
ELEVENMPV,ElevenMPV,12051,12/27/2021, 13:31:23,447
ELEVENMPV,ElevenMPV,12053,12/27/2021, 14:16:29,447
ELEVENMPV,ElevenMPV,12053,12/27/2021, 15:22:25,447
ELEVENMPV,ElevenMPV,12055,12/27/2021, 16:18:41,447
ELEVENMPV,ElevenMPV,12055,12/27/2021, 17:20:34,447
ELEVENMPV,ElevenMPV,12056,12/27/2021, 18:14:33,447
ELEVENMPV,ElevenMPV,12057,12/27/2021, 19:10:30,447
ELEVENMPV,ElevenMPV,12058,12/27/2021, 20:13:26,447
ELEVENMPV,ElevenMPV,12058,12/27/2021, 21:11:09,447
ELEVENMPV,ElevenMPV,12058,12/27/2021, 22:12:25,447
ELEVENMPV,ElevenMPV,12058,12/27/2021, 23:12:25,447
ELEVENMPV,ElevenMPV,12058,12/28/2021, 00:42:10,447
ELEVENMPV,ElevenMPV,12058,12/28/2021, 02:00:10,447
ELEVENMPV,ElevenMPV,12058,12/28/2021, 02:39:57,447
ELEVENMPV,ElevenMPV,12061,12/28/2021, 03:12:50,447
ELEVENMPV,ElevenMPV,12061,12/28/2021, 04:16:11,447
ELEVENMPV,ElevenMPV,12062,12/28/2021, 05:12:44,447
ELEVENMPV,ElevenMPV,12062,12/28/2021, 06:15:27,447
ELEVENMPV,ElevenMPV,12063,12/28/2021, 07:12:38,447
ELEVENMPV,ElevenMPV,12063,12/28/2021, 08:15:42,447
ELEVENMPV,ElevenMPV,12063,12/28/2021, 09:12:54,447
ELEVENMPV,ElevenMPV,12063,12/28/2021, 10:13:31,447
ELEVENMPV,ElevenMPV,12063,12/28/2021, 11:10:25,447
ELEVENMPV,ElevenMPV,12064,12/28/2021, 12:19:50,447
ELEVENMPV,ElevenMPV,12064,12/28/2021, 13:20:42,447
ELEVENMPV,ElevenMPV,12064,12/28/2021, 14:11:29,447
ELEVENMPV,ElevenMPV,12068,12/28/2021, 15:13:11,447
ELEVENMPV,ElevenMPV,12069,12/28/2021, 16:18:37,447
ELEVENMPV,ElevenMPV,12069,12/28/2021, 17:20:52,447
ELEVENMPV,ElevenMPV,12070,12/28/2021, 18:14:24,447
ELEVENMPV,ElevenMPV,12071,12/28/2021, 19:10:25,447
ELEVENMPV,ElevenMPV,12073,12/28/2021, 20:13:23,447
ELEVENMPV,ElevenMPV,12075,12/28/2021, 21:10:56,447
ELEVENMPV,ElevenMPV,12075,12/28/2021, 22:12:24,447
ELEVENMPV,ElevenMPV,12075,12/28/2021, 23:12:22,447
ELEVENMPV,ElevenMPV,12075,12/29/2021, 00:41:45,447
ELEVENMPV,ElevenMPV,12076,12/29/2021, 01:59:43,447
ELEVENMPV,ElevenMPV,12076,12/29/2021, 02:38:42,447
ELEVENMPV,ElevenMPV,12077,12/29/2021, 03:12:23,447
ELEVENMPV,ElevenMPV,12077,12/29/2021, 04:16:08,447
ELEVENMPV,ElevenMPV,12078,12/29/2021, 05:12:56,447
ELEVENMPV,ElevenMPV,12078,12/29/2021, 06:15:32,447
ELEVENMPV,ElevenMPV,12079,12/29/2021, 07:12:20,447
ELEVENMPV,ElevenMPV,12081,12/29/2021, 08:15:20,447
ELEVENMPV,ElevenMPV,12081,12/29/2021, 09:13:03,447
ELEVENMPV,ElevenMPV,12081,12/29/2021, 10:13:45,447
ELEVENMPV,ElevenMPV,12081,12/29/2021, 11:10:38,447
ELEVENMPV,ElevenMPV,12081,12/29/2021, 12:20:19,447
ELEVENMPV,ElevenMPV,12081,12/29/2021, 13:20:54,447
ELEVENMPV,ElevenMPV,12081,12/29/2021, 14:11:45,447
ELEVENMPV,ElevenMPV,12081,12/29/2021, 15:12:50,447
ELEVENMPV,ElevenMPV,12082,12/29/2021, 16:18:38,447
ELEVENMPV,ElevenMPV,12083,12/29/2021, 17:20:45,447
ELEVENMPV,ElevenMPV,12084,12/29/2021, 18:14:42,447
ELEVENMPV,ElevenMPV,12084,12/29/2021, 19:10:38,447
ELEVENMPV,ElevenMPV,12085,12/29/2021, 20:13:24,447
ELEVENMPV,ElevenMPV,12085,12/29/2021, 21:11:09,447
ELEVENMPV,ElevenMPV,12085,12/29/2021, 22:12:20,447
ELEVENMPV,ElevenMPV,12085,12/29/2021, 23:12:31,447
ELEVENMPV,ElevenMPV,12085,12/30/2021, 00:41:50,447
ELEVENMPV,ElevenMPV,12085,12/30/2021, 01:59:45,447
ELEVENMPV,ElevenMPV,12086,12/30/2021, 02:38:28,447
ELEVENMPV,ElevenMPV,12087,12/30/2021, 03:12:23,447
ELEVENMPV,ElevenMPV,12087,12/30/2021, 04:16:15,447
ELEVENMPV,ElevenMPV,12087,12/30/2021, 05:12:50,447
ELEVENMPV,ElevenMPV,12087,12/30/2021, 06:15:04,447
ELEVENMPV,ElevenMPV,12087,12/30/2021, 07:12:40,447
ELEVENMPV,ElevenMPV,12087,12/30/2021, 08:15:20,447
ELEVENMPV,ElevenMPV,12087,12/30/2021, 09:12:42,447
ELEVENMPV,ElevenMPV,12088,12/30/2021, 10:13:30,447
ELEVENMPV,ElevenMPV,12088,12/30/2021, 11:10:49,447
ELEVENMPV,ElevenMPV,12088,12/30/2021, 12:20:02,447
ELEVENMPV,ElevenMPV,12088,12/30/2021, 13:20:44,447
ELEVENMPV,ElevenMPV,12088,12/30/2021, 14:11:54,447
ELEVENMPV,ElevenMPV,12088,12/30/2021, 15:13:00,447
ELEVENMPV,ElevenMPV,12088,12/30/2021, 16:18:44,447
ELEVENMPV,ElevenMPV,12089,12/30/2021, 17:20:44,447
ELEVENMPV,ElevenMPV,12089,12/30/2021, 18:14:25,447
ELEVENMPV,ElevenMPV,12089,12/30/2021, 19:10:23,447
ELEVENMPV,ElevenMPV,12090,12/30/2021, 20:13:18,447
ELEVENMPV,ElevenMPV,12091,12/30/2021, 21:11:04,447
ELEVENMPV,ElevenMPV,12092,12/30/2021, 22:12:17,447
ELEVENMPV,ElevenMPV,12092,12/30/2021, 23:12:40,447
ELEVENMPV,ElevenMPV,12094,12/31/2021, 00:43:28,447
ELEVENMPV,ElevenMPV,12096,12/31/2021, 02:02:16,447
ELEVENMPV,ElevenMPV,12096,12/31/2021, 03:13:47,447
ELEVENMPV,ElevenMPV,12096,12/31/2021, 04:16:18,447
ELEVENMPV,ElevenMPV,12098,12/31/2021, 05:13:01,447
ELEVENMPV,ElevenMPV,12099,12/31/2021, 06:15:16,447
ELEVENMPV,ElevenMPV,12100,12/31/2021, 07:12:32,447
ELEVENMPV,ElevenMPV,12101,12/31/2021, 08:15:27,447
ELEVENMPV,ElevenMPV,12101,12/31/2021, 09:12:50,447
ELEVENMPV,ElevenMPV,12101,12/31/2021, 10:13:33,447
ELEVENMPV,ElevenMPV,12101,12/31/2021, 11:10:36,447
ELEVENMPV,ElevenMPV,12101,12/31/2021, 12:19:40,447
ELEVENMPV,ElevenMPV,12101,12/31/2021, 13:20:34,447
ELEVENMPV,ElevenMPV,12101,12/31/2021, 14:11:37,447
ELEVENMPV,ElevenMPV,12101,12/31/2021, 15:13:06,447
ELEVENMPV,ElevenMPV,12101,12/31/2021, 16:18:36,447
ELEVENMPV,ElevenMPV,12102,12/31/2021, 17:20:15,447
ELEVENMPV,ElevenMPV,12102,12/31/2021, 18:14:18,447
ELEVENMPV,ElevenMPV,12102,12/31/2021, 19:10:26,447
ELEVENMPV,ElevenMPV,12105,12/31/2021, 20:13:22,447
ELEVENMPV,ElevenMPV,12106,12/31/2021, 21:10:48,447
ELEVENMPV,ElevenMPV,12106,12/31/2021, 22:12:03,447
ELEVENMPV,ElevenMPV,12106,12/31/2021, 23:12:32,447
ELEVENMPV,ElevenMPV,12108,01/01/2022, 00:43:43,447
ELEVENMPV,ElevenMPV,12108,01/01/2022, 02:03:43,447
ELEVENMPV,ElevenMPV,12109,01/01/2022, 03:14:49,447
ELEVENMPV,ElevenMPV,12109,01/01/2022, 04:16:02,447
ELEVENMPV,ElevenMPV,12109,01/01/2022, 05:12:55,447
ELEVENMPV,ElevenMPV,12109,01/01/2022, 06:14:56,447
ELEVENMPV,ElevenMPV,12109,01/01/2022, 07:12:07,447
ELEVENMPV,ElevenMPV,12110,01/01/2022, 08:15:01,447
ELEVENMPV,ElevenMPV,12111,01/01/2022, 09:12:25,447
ELEVENMPV,ElevenMPV,12111,01/01/2022, 10:12:55,447
ELEVENMPV,ElevenMPV,12111,01/01/2022, 11:10:31,447
ELEVENMPV,ElevenMPV,12111,01/01/2022, 12:19:11,447
ELEVENMPV,ElevenMPV,12111,01/01/2022, 13:19:25,447
ELEVENMPV,ElevenMPV,12111,01/01/2022, 14:11:26,447
ELEVENMPV,ElevenMPV,12112,01/01/2022, 15:12:19,447
ELEVENMPV,ElevenMPV,12112,01/01/2022, 16:18:07,447
ELEVENMPV,ElevenMPV,12112,01/01/2022, 17:19:51,447
ELEVENMPV,ElevenMPV,12113,01/01/2022, 18:14:21,447
ELEVENMPV,ElevenMPV,12113,01/01/2022, 19:10:02,447
ELEVENMPV,ElevenMPV,12113,01/01/2022, 20:13:15,447
ELEVENMPV,ElevenMPV,12113,01/01/2022, 21:10:56,447
ELEVENMPV,ElevenMPV,12114,01/01/2022, 22:11:53,447
ELEVENMPV,ElevenMPV,12115,01/01/2022, 23:12:44,447
ELEVENMPV,ElevenMPV,12115,01/02/2022, 00:44:34,447
ELEVENMPV,ElevenMPV,12115,01/02/2022, 02:05:01,447
ELEVENMPV,ElevenMPV,12115,01/02/2022, 03:13:43,447
ELEVENMPV,ElevenMPV,12115,01/02/2022, 04:16:07,447
ELEVENMPV,ElevenMPV,12116,01/02/2022, 05:12:24,447
ELEVENMPV,ElevenMPV,12116,01/02/2022, 06:14:39,447
ELEVENMPV,ElevenMPV,12118,01/02/2022, 07:12:33,447
ELEVENMPV,ElevenMPV,12119,01/02/2022, 08:15:01,447
ELEVENMPV,ElevenMPV,12119,01/02/2022, 09:12:05,447
ELEVENMPV,ElevenMPV,12119,01/02/2022, 10:12:49,447
ELEVENMPV,ElevenMPV,12119,01/02/2022, 11:10:21,447
ELEVENMPV,ElevenMPV,12119,01/02/2022, 12:19:33,447
ELEVENMPV,ElevenMPV,12119,01/02/2022, 13:19:14,447
ELEVENMPV,ElevenMPV,12119,01/02/2022, 14:11:15,447
ELEVENMPV,ElevenMPV,12120,01/02/2022, 15:12:35,447
ELEVENMPV,ElevenMPV,12121,01/02/2022, 16:17:56,447
ELEVENMPV,ElevenMPV,12121,01/02/2022, 17:19:33,447
ELEVENMPV,ElevenMPV,12121,01/02/2022, 18:13:51,447
ELEVENMPV,ElevenMPV,12122,01/02/2022, 19:10:11,447
ELEVENMPV,ElevenMPV,12124,01/02/2022, 20:13:10,447
ELEVENMPV,ElevenMPV,12124,01/02/2022, 21:10:33,447
ELEVENMPV,ElevenMPV,12125,01/02/2022, 22:11:42,447
ELEVENMPV,ElevenMPV,12125,01/02/2022, 23:12:18,447
ELEVENMPV,ElevenMPV,12125,01/03/2022, 00:42:21,447
ELEVENMPV,ElevenMPV,12125,01/03/2022, 02:01:39,447
ELEVENMPV,ElevenMPV,12126,01/03/2022, 03:13:28,447
ELEVENMPV,ElevenMPV,12127,01/03/2022, 04:16:20,447
ELEVENMPV,ElevenMPV,12129,01/03/2022, 05:13:34,447
ELEVENMPV,ElevenMPV,12129,01/03/2022, 06:15:52,447
ELEVENMPV,ElevenMPV,12129,01/03/2022, 07:12:49,447
ELEVENMPV,ElevenMPV,12130,01/03/2022, 08:15:43,447
ELEVENMPV,ElevenMPV,12131,01/03/2022, 09:13:20,447
ELEVENMPV,ElevenMPV,12132,01/03/2022, 10:14:06,447
ELEVENMPV,ElevenMPV,12134,01/03/2022, 11:10:51,447
ELEVENMPV,ElevenMPV,12134,01/03/2022, 12:20:15,447
ELEVENMPV,ElevenMPV,12134,01/03/2022, 13:21:14,447
ELEVENMPV,ElevenMPV,12134,01/03/2022, 14:12:04,447
ELEVENMPV,ElevenMPV,12135,01/03/2022, 15:12:57,447
ELEVENMPV,ElevenMPV,12136,01/03/2022, 16:19:46,447
ELEVENMPV,ElevenMPV,12136,01/03/2022, 17:22:13,447
ELEVENMPV,ElevenMPV,12136,01/03/2022, 18:14:44,447
ELEVENMPV,ElevenMPV,12137,01/03/2022, 19:10:23,447
ELEVENMPV,ElevenMPV,12137,01/03/2022, 20:13:38,447
ELEVENMPV,ElevenMPV,12137,01/03/2022, 21:11:25,447
ELEVENMPV,ElevenMPV,12137,01/03/2022, 22:12:30,447
ELEVENMPV,ElevenMPV,12137,01/03/2022, 23:12:41,447
ELEVENMPV,ElevenMPV,12137,01/04/2022, 00:43:29,447
ELEVENMPV,ElevenMPV,12137,01/04/2022, 02:02:37,447
ELEVENMPV,ElevenMPV,12137,01/04/2022, 03:13:39,447
ELEVENMPV,ElevenMPV,12139,01/04/2022, 04:16:20,447
ELEVENMPV,ElevenMPV,12139,01/04/2022, 05:13:14,447
ELEVENMPV,ElevenMPV,12139,01/04/2022, 06:15:14,447
ELEVENMPV,ElevenMPV,12139,01/04/2022, 07:12:33,447
ELEVENMPV,ElevenMPV,12139,01/04/2022, 08:15:36,447
ELEVENMPV,ElevenMPV,12139,01/04/2022, 09:12:52,447
ELEVENMPV,ElevenMPV,12139,01/04/2022, 10:13:45,447
ELEVENMPV,ElevenMPV,12139,01/04/2022, 11:10:43,447
ELEVENMPV,ElevenMPV,12139,01/04/2022, 12:20:02,447
ELEVENMPV,ElevenMPV,12139,01/04/2022, 13:21:10,447
ELEVENMPV,ElevenMPV,12139,01/04/2022, 14:11:42,447
ELEVENMPV,ElevenMPV,12139,01/04/2022, 15:13:19,447
ELEVENMPV,ElevenMPV,12139,01/04/2022, 16:19:16,447
ELEVENMPV,ElevenMPV,12139,01/04/2022, 17:21:47,447
ELEVENMPV,ElevenMPV,12139,01/04/2022, 18:14:41,447
ELEVENMPV,ElevenMPV,12139,01/04/2022, 19:10:41,447
ELEVENMPV,ElevenMPV,12139,01/04/2022, 20:13:38,447
ELEVENMPV,ElevenMPV,12139,01/04/2022, 21:11:18,447
ELEVENMPV,ElevenMPV,12139,01/04/2022, 22:12:14,447
ELEVENMPV,ElevenMPV,12139,01/04/2022, 23:13:01,447
ELEVENMPV,ElevenMPV,12139,01/05/2022, 00:45:21,447
ELEVENMPV,ElevenMPV,12139,01/05/2022, 02:04:49,447
ELEVENMPV,ElevenMPV,12140,01/05/2022, 03:13:51,447
ELEVENMPV,ElevenMPV,12140,01/05/2022, 04:16:21,447
ELEVENMPV,ElevenMPV,12140,01/05/2022, 05:13:19,447
ELEVENMPV,ElevenMPV,12140,01/05/2022, 06:15:43,447
ELEVENMPV,ElevenMPV,12142,01/05/2022, 07:12:30,447
ELEVENMPV,ElevenMPV,12143,01/05/2022, 08:15:35,447
ELEVENMPV,ElevenMPV,12143,01/05/2022, 09:14:05,447
ELEVENMPV,ElevenMPV,12143,01/05/2022, 10:13:39,447
ELEVENMPV,ElevenMPV,12143,01/05/2022, 11:10:35,447
ELEVENMPV,ElevenMPV,12145,01/05/2022, 12:20:28,447
ELEVENMPV,ElevenMPV,12145,01/05/2022, 13:21:52,447
ELEVENMPV,ElevenMPV,12145,01/05/2022, 14:10:05,447
ELEVENMPV,ElevenMPV,12145,01/05/2022, 15:13:22,447
ELEVENMPV,ElevenMPV,12145,01/05/2022, 16:19:06,447
ELEVENMPV,ElevenMPV,12146,01/05/2022, 17:22:30,447
ELEVENMPV,ElevenMPV,12147,01/05/2022, 18:14:55,447
ELEVENMPV,ElevenMPV,12147,01/05/2022, 19:10:49,447
ELEVENMPV,ElevenMPV,12150,01/05/2022, 20:13:34,447
ELEVENMPV,ElevenMPV,12150,01/05/2022, 21:11:30,447
ELEVENMPV,ElevenMPV,12150,01/05/2022, 22:12:25,447
ELEVENMPV,ElevenMPV,12150,01/05/2022, 23:12:46,447
ELEVENMPV,ElevenMPV,12150,01/06/2022, 00:47:01,447
ELEVENMPV,ElevenMPV,12150,01/06/2022, 02:09:51,447
ELEVENMPV,ElevenMPV,12150,01/06/2022, 03:15:40,447
ELEVENMPV,ElevenMPV,12150,01/06/2022, 04:16:19,447
ELEVENMPV,ElevenMPV,12150,01/06/2022, 05:14:05,447
ELEVENMPV,ElevenMPV,12151,01/06/2022, 06:15:29,447
ELEVENMPV,ElevenMPV,12151,01/06/2022, 07:12:31,447
ELEVENMPV,ElevenMPV,12151,01/06/2022, 08:15:54,447
ELEVENMPV,ElevenMPV,12151,01/06/2022, 09:13:10,447
ELEVENMPV,ElevenMPV,12152,01/06/2022, 10:13:54,447
ELEVENMPV,ElevenMPV,12152,01/06/2022, 11:11:08,447
ELEVENMPV,ElevenMPV,12152,01/06/2022, 12:20:50,447
ELEVENMPV,ElevenMPV,12152,01/06/2022, 13:22:09,447
ELEVENMPV,ElevenMPV,12152,01/06/2022, 14:11:46,447
ELEVENMPV,ElevenMPV,12153,01/06/2022, 15:13:03,447
ELEVENMPV,ElevenMPV,12153,01/06/2022, 16:19:09,447
ELEVENMPV,ElevenMPV,12154,01/06/2022, 17:22:31,447
ELEVENMPV,ElevenMPV,12154,01/06/2022, 18:16:01,447
ELEVENMPV,ElevenMPV,12154,01/06/2022, 19:10:52,447
ELEVENMPV,ElevenMPV,12154,01/06/2022, 20:13:01,447
ELEVENMPV,ElevenMPV,12154,01/06/2022, 21:11:20,447
ELEVENMPV,ElevenMPV,12156,01/06/2022, 22:12:41,447
ELEVENMPV,ElevenMPV,12156,01/06/2022, 23:13:08,447
ELEVENMPV,ElevenMPV,12156,01/07/2022, 00:47:01,447
ELEVENMPV,ElevenMPV,12158,01/07/2022, 02:08:56,447
ELEVENMPV,ElevenMPV,12159,01/07/2022, 03:16:02,447
ELEVENMPV,ElevenMPV,12159,01/07/2022, 04:16:32,447
ELEVENMPV,ElevenMPV,12160,01/07/2022, 05:13:27,447
ELEVENMPV,ElevenMPV,12160,01/07/2022, 06:15:28,447
ELEVENMPV,ElevenMPV,12161,01/07/2022, 07:12:10,447
ELEVENMPV,ElevenMPV,12161,01/07/2022, 08:15:25,447
ELEVENMPV,ElevenMPV,12161,01/07/2022, 09:12:59,447
ELEVENMPV,ElevenMPV,12161,01/07/2022, 10:14:04,447
ELEVENMPV,ElevenMPV,12162,01/07/2022, 11:10:52,447
ELEVENMPV,ElevenMPV,12162,01/07/2022, 12:20:27,447
ELEVENMPV,ElevenMPV,12162,01/07/2022, 13:21:27,447
ELEVENMPV,ElevenMPV,12162,01/07/2022, 14:11:55,447
ELEVENMPV,ElevenMPV,12162,01/07/2022, 15:13:59,447
ELEVENMPV,ElevenMPV,12163,01/07/2022, 16:19:13,447
ELEVENMPV,ElevenMPV,12163,01/07/2022, 17:22:20,447
ELEVENMPV,ElevenMPV,12163,01/07/2022, 18:14:50,447
ELEVENMPV,ElevenMPV,12164,01/07/2022, 19:09:06,447
ELEVENMPV,ElevenMPV,12165,01/07/2022, 20:13:56,447
ELEVENMPV,ElevenMPV,12165,01/07/2022, 21:11:12,447
ELEVENMPV,ElevenMPV,12165,01/07/2022, 22:12:29,447
ELEVENMPV,ElevenMPV,12165,01/07/2022, 23:13:03,447
ELEVENMPV,ElevenMPV,12166,01/08/2022, 00:43:12,447
ELEVENMPV,ElevenMPV,12167,01/08/2022, 02:02:03,447
ELEVENMPV,ElevenMPV,12168,01/08/2022, 03:14:56,447
ELEVENMPV,ElevenMPV,12168,01/08/2022, 04:16:08,447
ELEVENMPV,ElevenMPV,12168,01/08/2022, 05:13:07,447
ELEVENMPV,ElevenMPV,12169,01/08/2022, 06:14:59,447
ELEVENMPV,ElevenMPV,12169,01/08/2022, 07:12:08,447
ELEVENMPV,ElevenMPV,12169,01/08/2022, 08:15:03,447
ELEVENMPV,ElevenMPV,12170,01/08/2022, 09:12:33,447
ELEVENMPV,ElevenMPV,12170,01/08/2022, 10:13:23,447
ELEVENMPV,ElevenMPV,12170,01/08/2022, 11:10:31,447
ELEVENMPV,ElevenMPV,12170,01/08/2022, 12:19:21,447
ELEVENMPV,ElevenMPV,12170,01/08/2022, 13:20:08,447
ELEVENMPV,ElevenMPV,12170,01/08/2022, 14:11:09,447
ELEVENMPV,ElevenMPV,12170,01/08/2022, 15:12:29,447
ELEVENMPV,ElevenMPV,12170,01/08/2022, 16:18:11,447
ELEVENMPV,ElevenMPV,12170,01/08/2022, 17:20:26,447
ELEVENMPV,ElevenMPV,12170,01/08/2022, 18:14:17,447
ELEVENMPV,ElevenMPV,12170,01/08/2022, 19:10:26,447
ELEVENMPV,ElevenMPV,12170,01/08/2022, 20:13:05,447
ELEVENMPV,ElevenMPV,12173,01/08/2022, 22:14:20,447
ELEVENMPV,ElevenMPV,12174,01/08/2022, 23:12:12,447
ELEVENMPV,ElevenMPV,12174,01/09/2022, 00:45:25,447
ELEVENMPV,ElevenMPV,12174,01/09/2022, 02:06:35,447
ELEVENMPV,ElevenMPV,12174,01/09/2022, 03:14:19,447
ELEVENMPV,ElevenMPV,12174,01/09/2022, 04:16:16,447
ELEVENMPV,ElevenMPV,12174,01/09/2022, 05:13:18,447
ELEVENMPV,ElevenMPV,12174,01/09/2022, 06:14:59,447
ELEVENMPV,ElevenMPV,12174,01/09/2022, 07:12:03,447
ELEVENMPV,ElevenMPV,12174,01/09/2022, 08:15:04,447
ELEVENMPV,ElevenMPV,12174,01/09/2022, 09:12:34,447
ELEVENMPV,ElevenMPV,12175,01/09/2022, 10:13:13,447
ELEVENMPV,ElevenMPV,12175,01/09/2022, 11:10:14,447
ELEVENMPV,ElevenMPV,12175,01/09/2022, 12:19:29,447
ELEVENMPV,ElevenMPV,12175,01/09/2022, 13:20:16,447
ELEVENMPV,ElevenMPV,12175,01/09/2022, 14:11:04,447
ELEVENMPV,ElevenMPV,12175,01/09/2022, 15:12:15,447
ELEVENMPV,ElevenMPV,12175,01/09/2022, 16:18:24,447
ELEVENMPV,ElevenMPV,12175,01/09/2022, 17:20:37,447
ELEVENMPV,ElevenMPV,12176,01/09/2022, 18:14:08,447
ELEVENMPV,ElevenMPV,12176,01/09/2022, 19:10:25,447
ELEVENMPV,ElevenMPV,12176,01/09/2022, 20:13:21,447
ELEVENMPV,ElevenMPV,12177,01/09/2022, 21:10:48,447
ELEVENMPV,ElevenMPV,12177,01/09/2022, 22:11:57,447
ELEVENMPV,ElevenMPV,12177,01/09/2022, 23:12:48,447
ELEVENMPV,ElevenMPV,12177,01/10/2022, 00:42:30,447
ELEVENMPV,ElevenMPV,12177,01/10/2022, 02:03:08,447
ELEVENMPV,ElevenMPV,12177,01/10/2022, 03:14:48,447
ELEVENMPV,ElevenMPV,12178,01/10/2022, 04:16:35,447
ELEVENMPV,ElevenMPV,12178,01/10/2022, 05:14:18,447
ELEVENMPV,ElevenMPV,12178,01/10/2022, 06:15:59,447
ELEVENMPV,ElevenMPV,12178,01/10/2022, 07:12:35,447
ELEVENMPV,ElevenMPV,12178,01/10/2022, 08:16:02,447
ELEVENMPV,ElevenMPV,12178,01/10/2022, 09:13:31,447
ELEVENMPV,ElevenMPV,12178,01/10/2022, 10:14:35,447
ELEVENMPV,ElevenMPV,12179,01/10/2022, 11:10:53,447
ELEVENMPV,ElevenMPV,12179,01/10/2022, 12:20:31,447
ELEVENMPV,ElevenMPV,12179,01/10/2022, 13:22:46,447
ELEVENMPV,ElevenMPV,12179,01/10/2022, 14:12:00,447
ELEVENMPV,ElevenMPV,12179,01/10/2022, 15:13:30,447
ELEVENMPV,ElevenMPV,12179,01/10/2022, 16:22:07,447
ELEVENMPV,ElevenMPV,12179,01/10/2022, 17:23:04,447
ELEVENMPV,ElevenMPV,12180,01/10/2022, 18:15:00,447
ELEVENMPV,ElevenMPV,12180,01/10/2022, 19:10:40,447
ELEVENMPV,ElevenMPV,12180,01/10/2022, 20:11:50,447
ELEVENMPV,ElevenMPV,12180,01/10/2022, 21:11:31,447
ELEVENMPV,ElevenMPV,12180,01/10/2022, 22:11:01,447
ELEVENMPV,ElevenMPV,12181,01/10/2022, 23:13:25,447
ELEVENMPV,ElevenMPV,12181,01/11/2022, 00:46:03,447
ELEVENMPV,ElevenMPV,12181,01/11/2022, 02:04:30,447
ELEVENMPV,ElevenMPV,12181,01/11/2022, 03:15:32,447
ELEVENMPV,ElevenMPV,12181,01/11/2022, 04:16:15,447
ELEVENMPV,ElevenMPV,12183,01/11/2022, 05:13:16,447
ELEVENMPV,ElevenMPV,12184,01/11/2022, 06:15:31,447
ELEVENMPV,ElevenMPV,12184,01/11/2022, 07:12:54,447
ELEVENMPV,ElevenMPV,12184,01/11/2022, 08:15:43,447
ELEVENMPV,ElevenMPV,12184,01/11/2022, 09:13:26,447
ELEVENMPV,ElevenMPV,12184,01/11/2022, 10:19:10,447
ELEVENMPV,ElevenMPV,12184,01/11/2022, 11:12:47,447
ELEVENMPV,ElevenMPV,12184,01/11/2022, 12:20:05,447
ELEVENMPV,ElevenMPV,12185,01/11/2022, 13:21:35,447
ELEVENMPV,ElevenMPV,12185,01/11/2022, 14:12:30,447
ELEVENMPV,ElevenMPV,12185,01/11/2022, 15:14:37,447
ELEVENMPV,ElevenMPV,12185,01/11/2022, 16:24:54,447
ELEVENMPV,ElevenMPV,12185,01/11/2022, 17:23:54,447
ELEVENMPV,ElevenMPV,12185,01/11/2022, 18:15:26,447
ELEVENMPV,ElevenMPV,12185,01/11/2022, 19:10:54,447
ELEVENMPV,ElevenMPV,12185,01/11/2022, 20:12:59,447
ELEVENMPV,ElevenMPV,12185,01/11/2022, 21:11:44,447
ELEVENMPV,ElevenMPV,12186,01/11/2022, 22:12:28,447
ELEVENMPV,ElevenMPV,12187,01/11/2022, 23:13:02,447
ELEVENMPV,ElevenMPV,12187,01/12/2022, 00:44:14,447
ELEVENMPV,ElevenMPV,12187,01/12/2022, 02:03:40,447
ELEVENMPV,ElevenMPV,12188,01/12/2022, 03:15:11,447
ELEVENMPV,ElevenMPV,12188,01/12/2022, 04:16:23,447
ELEVENMPV,ElevenMPV,12189,01/12/2022, 05:13:46,447
ELEVENMPV,ElevenMPV,12189,01/12/2022, 06:15:43,447
ELEVENMPV,ElevenMPV,12189,01/12/2022, 07:12:26,447
ELEVENMPV,ElevenMPV,12189,01/12/2022, 08:15:52,447
ELEVENMPV,ElevenMPV,12189,01/12/2022, 09:12:41,447
ELEVENMPV,ElevenMPV,12189,01/12/2022, 10:14:33,447
ELEVENMPV,ElevenMPV,12189,01/12/2022, 11:11:35,447
ELEVENMPV,ElevenMPV,12190,01/12/2022, 12:20:46,447
ELEVENMPV,ElevenMPV,12190,01/12/2022, 13:22:01,447
ELEVENMPV,ElevenMPV,12190,01/12/2022, 14:17:08,447
ELEVENMPV,ElevenMPV,12191,01/12/2022, 15:18:10,447
ELEVENMPV,ElevenMPV,12191,01/12/2022, 16:23:15,447
ELEVENMPV,ElevenMPV,12191,01/12/2022, 17:19:22,447
ELEVENMPV,ElevenMPV,12191,01/12/2022, 18:15:07,447
ELEVENMPV,ElevenMPV,12191,01/12/2022, 19:10:58,447
ELEVENMPV,ElevenMPV,12191,01/12/2022, 20:13:49,447
ELEVENMPV,ElevenMPV,12191,01/12/2022, 21:11:14,447
ELEVENMPV,ElevenMPV,12192,01/12/2022, 22:12:43,447
ELEVENMPV,ElevenMPV,12192,01/12/2022, 23:12:53,447
ELEVENMPV,ElevenMPV,12193,01/13/2022, 00:46:30,447
ELEVENMPV,ElevenMPV,12193,01/13/2022, 02:06:37,447
ELEVENMPV,ElevenMPV,12193,01/13/2022, 03:15:04,447
ELEVENMPV,ElevenMPV,12193,01/13/2022, 04:16:33,447
ELEVENMPV,ElevenMPV,12193,01/13/2022, 05:14:00,447
ELEVENMPV,ElevenMPV,12193,01/13/2022, 06:15:35,447
ELEVENMPV,ElevenMPV,12195,01/13/2022, 07:12:40,447
ELEVENMPV,ElevenMPV,12195,01/13/2022, 08:20:25,447
ELEVENMPV,ElevenMPV,12195,01/13/2022, 09:13:26,447
ELEVENMPV,ElevenMPV,12195,01/13/2022, 10:15:12,447
ELEVENMPV,ElevenMPV,12196,01/13/2022, 11:11:10,447
ELEVENMPV,ElevenMPV,12196,01/13/2022, 12:20:44,447
ELEVENMPV,ElevenMPV,12196,01/13/2022, 13:22:32,447
ELEVENMPV,ElevenMPV,12196,01/13/2022, 14:17:05,447
ELEVENMPV,ElevenMPV,12197,01/13/2022, 15:18:06,447
ELEVENMPV,ElevenMPV,12197,01/13/2022, 16:21:21,447
ELEVENMPV,ElevenMPV,12198,01/13/2022, 17:23:22,447
ELEVENMPV,ElevenMPV,12198,01/13/2022, 18:14:54,447
ELEVENMPV,ElevenMPV,12200,01/13/2022, 19:10:36,447
ELEVENMPV,ElevenMPV,12200,01/13/2022, 20:13:43,447
ELEVENMPV,ElevenMPV,12200,01/13/2022, 21:11:29,447
ELEVENMPV,ElevenMPV,12200,01/13/2022, 22:12:38,447
ELEVENMPV,ElevenMPV,12201,01/13/2022, 23:13:03,447
ELEVENMPV,ElevenMPV,12201,01/14/2022, 00:45:28,447
ELEVENMPV,ElevenMPV,12201,01/14/2022, 02:05:07,447
ELEVENMPV,ElevenMPV,12201,01/14/2022, 03:14:46,447
ELEVENMPV,ElevenMPV,12201,01/14/2022, 04:16:30,447
ELEVENMPV,ElevenMPV,12201,01/14/2022, 05:13:58,447
ELEVENMPV,ElevenMPV,12202,01/14/2022, 06:15:50,447
ELEVENMPV,ElevenMPV,12202,01/14/2022, 07:12:18,447
ELEVENMPV,ElevenMPV,12203,01/14/2022, 08:16:01,447
ELEVENMPV,ElevenMPV,12203,01/14/2022, 09:13:21,447
ELEVENMPV,ElevenMPV,12203,01/14/2022, 10:13:59,447
ELEVENMPV,ElevenMPV,12203,01/14/2022, 11:11:02,447
ELEVENMPV,ElevenMPV,12204,01/14/2022, 12:20:22,447
ELEVENMPV,ElevenMPV,12204,01/14/2022, 13:22:09,447
ELEVENMPV,ElevenMPV,12204,01/14/2022, 14:12:23,447
ELEVENMPV,ElevenMPV,12204,01/14/2022, 15:13:58,447
ELEVENMPV,ElevenMPV,12204,01/14/2022, 16:16:11,447
ELEVENMPV,ElevenMPV,12205,01/14/2022, 17:20:58,447
ELEVENMPV,ElevenMPV,12205,01/14/2022, 18:15:18,447
ELEVENMPV,ElevenMPV,12206,01/14/2022, 19:13:35,447
ELEVENMPV,ElevenMPV,12206,01/14/2022, 20:13:49,447
ELEVENMPV,ElevenMPV,12206,01/14/2022, 21:11:17,447
ELEVENMPV,ElevenMPV,12206,01/14/2022, 22:12:41,447
ELEVENMPV,ElevenMPV,12206,01/14/2022, 23:12:59,447
ELEVENMPV,ElevenMPV,12207,01/15/2022, 00:43:03,447
ELEVENMPV,ElevenMPV,12207,01/15/2022, 02:02:21,447
ELEVENMPV,ElevenMPV,12207,01/15/2022, 03:15:27,447
ELEVENMPV,ElevenMPV,12208,01/15/2022, 04:16:33,447
ELEVENMPV,ElevenMPV,12208,01/15/2022, 05:13:26,447
ELEVENMPV,ElevenMPV,12208,01/15/2022, 06:15:02,447
ELEVENMPV,ElevenMPV,12208,01/15/2022, 07:12:14,447
ELEVENMPV,ElevenMPV,12209,01/15/2022, 08:15:33,447
ELEVENMPV,ElevenMPV,12209,01/15/2022, 09:12:50,447
ELEVENMPV,ElevenMPV,12209,01/15/2022, 10:13:28,447
ELEVENMPV,ElevenMPV,12209,01/15/2022, 11:10:18,447
ELEVENMPV,ElevenMPV,12209,01/15/2022, 12:19:44,447
ELEVENMPV,ElevenMPV,12209,01/15/2022, 13:20:38,447
ELEVENMPV,ElevenMPV,12209,01/15/2022, 14:11:39,447
ELEVENMPV,ElevenMPV,12209,01/15/2022, 15:12:52,447
ELEVENMPV,ElevenMPV,12209,01/15/2022, 16:18:14,447
ELEVENMPV,ElevenMPV,12210,01/15/2022, 17:20:32,447
ELEVENMPV,ElevenMPV,12210,01/15/2022, 18:14:31,447
ELEVENMPV,ElevenMPV,12211,01/15/2022, 19:10:16,447
ELEVENMPV,ElevenMPV,12212,01/15/2022, 20:13:00,447
ELEVENMPV,ElevenMPV,12212,01/15/2022, 21:11:01,447
ELEVENMPV,ElevenMPV,12212,01/15/2022, 22:12:05,447
ELEVENMPV,ElevenMPV,12212,01/15/2022, 23:12:16,447
ELEVENMPV,ElevenMPV,12212,01/16/2022, 00:46:23,447
ELEVENMPV,ElevenMPV,12213,01/16/2022, 02:07:36,447
ELEVENMPV,ElevenMPV,12213,01/16/2022, 03:15:21,447
ELEVENMPV,ElevenMPV,12214,01/16/2022, 04:16:19,447
ELEVENMPV,ElevenMPV,12214,01/16/2022, 05:13:15,447
ELEVENMPV,ElevenMPV,12215,01/16/2022, 06:15:12,447
ELEVENMPV,ElevenMPV,12215,01/16/2022, 07:12:24,447
ELEVENMPV,ElevenMPV,12215,01/16/2022, 08:15:04,447
ELEVENMPV,ElevenMPV,12215,01/16/2022, 09:12:32,447
ELEVENMPV,ElevenMPV,12215,01/16/2022, 10:13:25,447
ELEVENMPV,ElevenMPV,12216,01/16/2022, 11:10:25,447
ELEVENMPV,ElevenMPV,12217,01/16/2022, 12:19:36,447
ELEVENMPV,ElevenMPV,12217,01/16/2022, 13:20:30,447
ELEVENMPV,ElevenMPV,12217,01/16/2022, 14:11:26,447
ELEVENMPV,ElevenMPV,12217,01/16/2022, 15:12:49,447
ELEVENMPV,ElevenMPV,12217,01/16/2022, 16:18:20,447
ELEVENMPV,ElevenMPV,12217,01/16/2022, 17:20:37,447
ELEVENMPV,ElevenMPV,12217,01/16/2022, 18:14:24,447
ELEVENMPV,ElevenMPV,12217,01/16/2022, 19:10:27,447
ELEVENMPV,ElevenMPV,12217,01/16/2022, 20:13:23,447
ELEVENMPV,ElevenMPV,12217,01/16/2022, 21:10:46,447
ELEVENMPV,ElevenMPV,12217,01/16/2022, 22:12:06,447
ELEVENMPV,ElevenMPV,12218,01/16/2022, 23:12:23,447
ELEVENMPV,ElevenMPV,12218,01/17/2022, 00:44:05,447
ELEVENMPV,ElevenMPV,12220,01/17/2022, 02:05:07,447
ELEVENMPV,ElevenMPV,12220,01/17/2022, 03:15:22,447
ELEVENMPV,ElevenMPV,12220,01/17/2022, 04:16:42,447
ELEVENMPV,ElevenMPV,12221,01/17/2022, 05:14:26,447
ELEVENMPV,ElevenMPV,12222,01/17/2022, 06:16:08,447
ELEVENMPV,ElevenMPV,12222,01/17/2022, 07:12:48,447
ELEVENMPV,ElevenMPV,12222,01/17/2022, 08:16:42,447
ELEVENMPV,ElevenMPV,12222,01/17/2022, 09:18:30,447
ELEVENMPV,ElevenMPV,12222,01/17/2022, 10:19:03,447
ELEVENMPV,ElevenMPV,12223,01/17/2022, 11:13:59,447
ELEVENMPV,ElevenMPV,12223,01/17/2022, 12:23:48,447
ELEVENMPV,ElevenMPV,12224,01/17/2022, 13:23:11,447
ELEVENMPV,ElevenMPV,12224,01/17/2022, 14:12:15,447
ELEVENMPV,ElevenMPV,12224,01/17/2022, 15:13:24,447
ELEVENMPV,ElevenMPV,12224,01/17/2022, 16:19:31,447
ELEVENMPV,ElevenMPV,12224,01/17/2022, 17:22:48,447
ELEVENMPV,ElevenMPV,12226,01/17/2022, 18:15:08,447
ELEVENMPV,ElevenMPV,12226,01/17/2022, 19:10:46,447
ELEVENMPV,ElevenMPV,12227,01/17/2022, 20:13:45,447
ELEVENMPV,ElevenMPV,12227,01/17/2022, 21:11:43,447
ELEVENMPV,ElevenMPV,12229,01/17/2022, 22:12:41,447
ELEVENMPV,ElevenMPV,12229,01/17/2022, 23:12:54,447
ELEVENMPV,ElevenMPV,12230,01/18/2022, 00:46:09,447
ELEVENMPV,ElevenMPV,12233,01/18/2022, 02:05:46,447
ELEVENMPV,ElevenMPV,12233,01/18/2022, 03:14:55,447
ELEVENMPV,ElevenMPV,12233,01/18/2022, 04:16:49,447
ELEVENMPV,ElevenMPV,12234,01/18/2022, 05:14:26,447
ELEVENMPV,ElevenMPV,12234,01/18/2022, 06:13:51,447
ELEVENMPV,ElevenMPV,12234,01/18/2022, 07:13:10,447
ELEVENMPV,ElevenMPV,12234,01/18/2022, 08:16:14,447
ELEVENMPV,ElevenMPV,12234,01/18/2022, 09:18:08,447
ELEVENMPV,ElevenMPV,12234,01/18/2022, 10:19:13,447
ELEVENMPV,ElevenMPV,12234,01/18/2022, 11:16:13,447
ELEVENMPV,ElevenMPV,12234,01/18/2022, 12:22:27,447
ELEVENMPV,ElevenMPV,12234,01/18/2022, 13:27:07,447
ELEVENMPV,ElevenMPV,12234,01/18/2022, 14:17:12,447
ELEVENMPV,ElevenMPV,12234,01/18/2022, 15:18:07,447
ELEVENMPV,ElevenMPV,12235,01/18/2022, 16:24:09,447
ELEVENMPV,ElevenMPV,12235,01/18/2022, 17:23:34,447
ELEVENMPV,ElevenMPV,12235,01/18/2022, 18:15:21,447
ELEVENMPV,ElevenMPV,12235,01/18/2022, 19:10:44,447
ELEVENMPV,ElevenMPV,12235,01/18/2022, 20:14:00,447
ELEVENMPV,ElevenMPV,12235,01/18/2022, 21:16:03,447
ELEVENMPV,ElevenMPV,12235,01/18/2022, 22:18:01,447
ELEVENMPV,ElevenMPV,12236,01/18/2022, 23:10:54,447
ELEVENMPV,ElevenMPV,12236,01/19/2022, 00:39:56,447
ELEVENMPV,ElevenMPV,12237,01/19/2022, 01:52:39,447
ELEVENMPV,ElevenMPV,12237,01/19/2022, 02:24:32,447
ELEVENMPV,ElevenMPV,12237,01/19/2022, 03:11:52,447
ELEVENMPV,ElevenMPV,12237,01/19/2022, 04:15:00,447
ELEVENMPV,ElevenMPV,12237,01/19/2022, 05:10:45,447
ELEVENMPV,ElevenMPV,12237,01/19/2022, 06:14:10,447
ELEVENMPV,ElevenMPV,12237,01/19/2022, 07:09:35,447
ELEVENMPV,ElevenMPV,12237,01/19/2022, 08:14:05,447
ELEVENMPV,ElevenMPV,12238,01/19/2022, 09:12:49,447
ELEVENMPV,ElevenMPV,12238,01/19/2022, 10:17:01,447
ELEVENMPV,ElevenMPV,12240,01/19/2022, 11:13:33,447
ELEVENMPV,ElevenMPV,12240,01/19/2022, 12:18:20,447
ELEVENMPV,ElevenMPV,12240,01/19/2022, 13:15:37,447
ELEVENMPV,ElevenMPV,12241,01/19/2022, 14:16:12,447
ELEVENMPV,ElevenMPV,12241,01/19/2022, 15:17:06,447
ELEVENMPV,ElevenMPV,12241,01/19/2022, 16:17:50,447
ELEVENMPV,ElevenMPV,12241,01/19/2022, 17:18:07,447
ELEVENMPV,ElevenMPV,12241,01/19/2022, 18:13:49,447
ELEVENMPV,ElevenMPV,12241,01/19/2022, 19:10:38,447
ELEVENMPV,ElevenMPV,12241,01/19/2022, 20:12:34,447
ELEVENMPV,ElevenMPV,12241,01/19/2022, 21:11:13,447
ELEVENMPV,ElevenMPV,12242,01/19/2022, 22:11:53,447
ELEVENMPV,ElevenMPV,12243,01/19/2022, 23:12:09,447
ELEVENMPV,ElevenMPV,12243,01/20/2022, 00:49:19,447
ELEVENMPV,ElevenMPV,12243,01/20/2022, 02:09:22,447
ELEVENMPV,ElevenMPV,12243,01/20/2022, 03:11:23,447
ELEVENMPV,ElevenMPV,12243,01/20/2022, 04:14:49,447
ELEVENMPV,ElevenMPV,12243,01/20/2022, 05:11:37,447
ELEVENMPV,ElevenMPV,12243,01/20/2022, 06:14:05,447
ELEVENMPV,ElevenMPV,12243,01/20/2022, 07:11:53,447
ELEVENMPV,ElevenMPV,12244,01/20/2022, 08:14:25,447
ELEVENMPV,ElevenMPV,12244,01/20/2022, 09:13:12,447
ELEVENMPV,ElevenMPV,12245,01/20/2022, 10:14:12,447
ELEVENMPV,ElevenMPV,12245,01/20/2022, 11:12:46,447
ELEVENMPV,ElevenMPV,12245,01/20/2022, 12:19:07,447
ELEVENMPV,ElevenMPV,12245,01/20/2022, 13:15:44,447
ELEVENMPV,ElevenMPV,12245,01/20/2022, 14:16:18,447
ELEVENMPV,ElevenMPV,12245,01/20/2022, 15:17:08,447
ELEVENMPV,ElevenMPV,12245,01/20/2022, 16:18:06,447
ELEVENMPV,ElevenMPV,12245,01/20/2022, 17:20:10,447
ELEVENMPV,ElevenMPV,12245,01/20/2022, 18:13:39,447
ELEVENMPV,ElevenMPV,12245,01/20/2022, 19:09:34,447
ELEVENMPV,ElevenMPV,12246,01/20/2022, 20:13:03,447
ELEVENMPV,ElevenMPV,12247,01/20/2022, 21:10:30,447
ELEVENMPV,ElevenMPV,12248,01/20/2022, 22:11:22,447
ELEVENMPV,ElevenMPV,12248,01/20/2022, 23:11:36,447
ELEVENMPV,ElevenMPV,12248,01/21/2022, 00:40:01,447
ELEVENMPV,ElevenMPV,12248,01/21/2022, 01:55:38,447
ELEVENMPV,ElevenMPV,12248,01/21/2022, 02:27:17,447
ELEVENMPV,ElevenMPV,12248,01/21/2022, 03:12:00,447
ELEVENMPV,ElevenMPV,12248,01/21/2022, 04:16:58,447
ELEVENMPV,ElevenMPV,12248,01/21/2022, 05:10:31,447
ELEVENMPV,ElevenMPV,12249,01/21/2022, 06:14:34,447
ELEVENMPV,ElevenMPV,12249,01/21/2022, 07:12:04,447
ELEVENMPV,ElevenMPV,12251,01/21/2022, 08:14:21,447
ELEVENMPV,ElevenMPV,12251,01/21/2022, 09:11:59,447
ELEVENMPV,ElevenMPV,12252,01/21/2022, 10:12:49,447
ELEVENMPV,ElevenMPV,12252,01/21/2022, 11:10:21,447
ELEVENMPV,ElevenMPV,12253,01/21/2022, 12:18:51,447
ELEVENMPV,ElevenMPV,12254,01/21/2022, 13:15:20,447
ELEVENMPV,ElevenMPV,12254,01/21/2022, 14:11:06,447
ELEVENMPV,ElevenMPV,12254,01/21/2022, 15:14:13,447
ELEVENMPV,ElevenMPV,12254,01/21/2022, 16:17:47,447
ELEVENMPV,ElevenMPV,12254,01/21/2022, 17:15:03,447
ELEVENMPV,ElevenMPV,12254,01/21/2022, 18:13:54,447
ELEVENMPV,ElevenMPV,12254,01/21/2022, 19:10:19,447
ELEVENMPV,ElevenMPV,12254,01/21/2022, 20:12:07,447
ELEVENMPV,ElevenMPV,12254,01/21/2022, 21:09:05,447
ELEVENMPV,ElevenMPV,12254,01/21/2022, 22:11:48,447
ELEVENMPV,ElevenMPV,12255,01/21/2022, 23:11:51,447
ELEVENMPV,ElevenMPV,12255,01/22/2022, 00:39:56,447
ELEVENMPV,ElevenMPV,12255,01/22/2022, 01:51:07,447
ELEVENMPV,ElevenMPV,12255,01/22/2022, 02:25:36,447
ELEVENMPV,ElevenMPV,12255,01/22/2022, 03:11:46,447
ELEVENMPV,ElevenMPV,12255,01/22/2022, 04:14:39,447
ELEVENMPV,ElevenMPV,12255,01/22/2022, 05:10:25,447
ELEVENMPV,ElevenMPV,12255,01/22/2022, 06:13:41,447
ELEVENMPV,ElevenMPV,12255,01/22/2022, 07:10:51,447
ELEVENMPV,ElevenMPV,12255,01/22/2022, 08:13:36,447
ELEVENMPV,ElevenMPV,12255,01/22/2022, 09:11:22,447
ELEVENMPV,ElevenMPV,12256,01/22/2022, 10:12:29,447
ELEVENMPV,ElevenMPV,12256,01/22/2022, 11:09:56,447
ELEVENMPV,ElevenMPV,12256,01/22/2022, 12:17:40,447
ELEVENMPV,ElevenMPV,12256,01/22/2022, 13:13:14,447
ELEVENMPV,ElevenMPV,12256,01/22/2022, 14:10:11,447
ELEVENMPV,ElevenMPV,12256,01/22/2022, 15:11:46,447
ELEVENMPV,ElevenMPV,12256,01/22/2022, 16:16:13,447
ELEVENMPV,ElevenMPV,12256,01/22/2022, 17:13:20,447
ELEVENMPV,ElevenMPV,12256,01/22/2022, 18:13:03,447
ELEVENMPV,ElevenMPV,12258,01/22/2022, 19:09:45,447
ELEVENMPV,ElevenMPV,12259,01/22/2022, 20:11:55,447
ELEVENMPV,ElevenMPV,12259,01/22/2022, 21:09:50,447
ELEVENMPV,ElevenMPV,12259,01/22/2022, 22:11:05,447
ELEVENMPV,ElevenMPV,12259,01/22/2022, 23:11:14,447
ELEVENMPV,ElevenMPV,12260,01/23/2022, 00:40:52,447
ELEVENMPV,ElevenMPV,12260,01/23/2022, 01:54:04,447
ELEVENMPV,ElevenMPV,12260,01/23/2022, 02:25:42,447
ELEVENMPV,ElevenMPV,12260,01/23/2022, 03:12:19,447
ELEVENMPV,ElevenMPV,12261,01/23/2022, 04:14:27,447
ELEVENMPV,ElevenMPV,12261,01/23/2022, 05:10:33,447
ELEVENMPV,ElevenMPV,12262,01/23/2022, 06:14:09,447
ELEVENMPV,ElevenMPV,12262,01/23/2022, 07:12:07,447
ELEVENMPV,ElevenMPV,12263,01/23/2022, 08:13:12,447
ELEVENMPV,ElevenMPV,12263,01/23/2022, 09:11:04,447
ELEVENMPV,ElevenMPV,12263,01/23/2022, 10:12:38,447
ELEVENMPV,ElevenMPV,12264,01/23/2022, 11:09:53,447
ELEVENMPV,ElevenMPV,12264,01/23/2022, 12:18:16,447
ELEVENMPV,ElevenMPV,12264,01/23/2022, 13:13:48,447
ELEVENMPV,ElevenMPV,12265,01/23/2022, 14:10:42,447
ELEVENMPV,ElevenMPV,12266,01/23/2022, 15:13:12,447
ELEVENMPV,ElevenMPV,12266,01/23/2022, 16:16:16,447
ELEVENMPV,ElevenMPV,12266,01/23/2022, 17:13:34,447
ELEVENMPV,ElevenMPV,12267,01/23/2022, 18:12:54,447
ELEVENMPV,ElevenMPV,12267,01/23/2022, 19:09:18,447
ELEVENMPV,ElevenMPV,12267,01/23/2022, 20:12:20,447
ELEVENMPV,ElevenMPV,12268,01/23/2022, 21:10:40,447
ELEVENMPV,ElevenMPV,12268,01/23/2022, 22:11:41,447
ELEVENMPV,ElevenMPV,12270,01/23/2022, 23:11:23,447
ELEVENMPV,ElevenMPV,12270,01/24/2022, 00:40:46,447
ELEVENMPV,ElevenMPV,12270,01/24/2022, 02:00:39,447
ELEVENMPV,ElevenMPV,12271,01/24/2022, 02:37:49,447
ELEVENMPV,ElevenMPV,12271,01/24/2022, 03:14:49,447
ELEVENMPV,ElevenMPV,12272,01/24/2022, 04:15:13,447
ELEVENMPV,ElevenMPV,12274,01/24/2022, 05:11:48,447
ELEVENMPV,ElevenMPV,12274,01/24/2022, 06:17:25,447
ELEVENMPV,ElevenMPV,12274,01/24/2022, 07:18:18,447
ELEVENMPV,ElevenMPV,12274,01/24/2022, 08:14:30,447
ELEVENMPV,ElevenMPV,12274,01/24/2022, 09:11:30,447
ELEVENMPV,ElevenMPV,12274,01/24/2022, 10:13:05,447
ELEVENMPV,ElevenMPV,12274,01/24/2022, 11:13:01,447
ELEVENMPV,ElevenMPV,12274,01/24/2022, 12:18:32,447
ELEVENMPV,ElevenMPV,12274,01/24/2022, 13:16:06,447
ELEVENMPV,ElevenMPV,12274,01/24/2022, 14:11:16,447
ELEVENMPV,ElevenMPV,12274,01/24/2022, 15:17:18,447
ELEVENMPV,ElevenMPV,12275,01/24/2022, 16:22:05,447
ELEVENMPV,ElevenMPV,12275,01/24/2022, 17:21:04,447
ELEVENMPV,ElevenMPV,12275,01/24/2022, 18:11:57,447
ELEVENMPV,ElevenMPV,12276,01/24/2022, 19:10:04,447
ELEVENMPV,ElevenMPV,12276,01/24/2022, 20:12:24,447
ELEVENMPV,ElevenMPV,12277,01/24/2022, 21:09:31,447
ELEVENMPV,ElevenMPV,12277,01/24/2022, 22:11:54,447
ELEVENMPV,ElevenMPV,12278,01/24/2022, 23:11:39,447
ELEVENMPV,ElevenMPV,12282,01/25/2022, 00:45:35,447
ELEVENMPV,ElevenMPV,12282,01/25/2022, 02:01:24,447
ELEVENMPV,ElevenMPV,12283,01/25/2022, 03:12:39,447
ELEVENMPV,ElevenMPV,12284,01/25/2022, 04:15:05,447
ELEVENMPV,ElevenMPV,12284,01/25/2022, 05:11:01,447
ELEVENMPV,ElevenMPV,12284,01/25/2022, 06:14:17,447
ELEVENMPV,ElevenMPV,12285,01/25/2022, 07:12:02,447
ELEVENMPV,ElevenMPV,12285,01/25/2022, 08:14:35,447
ELEVENMPV,ElevenMPV,12285,01/25/2022, 09:12:53,447
ELEVENMPV,ElevenMPV,12285,01/25/2022, 10:18:07,447
ELEVENMPV,ElevenMPV,12285,01/25/2022, 11:10:48,447
ELEVENMPV,ElevenMPV,12285,01/25/2022, 12:19:22,447
ELEVENMPV,ElevenMPV,12286,01/25/2022, 13:20:13,447
ELEVENMPV,ElevenMPV,12287,01/25/2022, 14:16:12,447
ELEVENMPV,ElevenMPV,12287,01/25/2022, 15:17:11,447
ELEVENMPV,ElevenMPV,12287,01/25/2022, 16:22:12,447
ELEVENMPV,ElevenMPV,12288,01/25/2022, 17:20:15,447
ELEVENMPV,ElevenMPV,12288,01/25/2022, 18:15:19,447
ELEVENMPV,ElevenMPV,12288,01/25/2022, 19:10:47,447
ELEVENMPV,ElevenMPV,12290,01/25/2022, 20:12:24,447
ELEVENMPV,ElevenMPV,12290,01/25/2022, 21:11:57,447
ELEVENMPV,ElevenMPV,12290,01/25/2022, 22:11:49,447
ELEVENMPV,ElevenMPV,12292,01/25/2022, 23:13:03,447
ELEVENMPV,ElevenMPV,12292,01/26/2022, 00:46:51,447
ELEVENMPV,ElevenMPV,12292,01/26/2022, 02:02:43,447
ELEVENMPV,ElevenMPV,12294,01/26/2022, 03:11:50,447
ELEVENMPV,ElevenMPV,12295,01/26/2022, 04:14:38,447
ELEVENMPV,ElevenMPV,12295,01/26/2022, 05:11:04,447
ELEVENMPV,ElevenMPV,12295,01/26/2022, 06:14:25,447
ELEVENMPV,ElevenMPV,12296,01/26/2022, 07:11:38,447
ELEVENMPV,ElevenMPV,12296,01/26/2022, 08:13:54,447
ELEVENMPV,ElevenMPV,12296,01/26/2022, 09:17:16,447
ELEVENMPV,ElevenMPV,12296,01/26/2022, 10:18:07,447
ELEVENMPV,ElevenMPV,12296,01/26/2022, 11:15:06,447
ELEVENMPV,ElevenMPV,12296,01/26/2022, 12:20:36,447
ELEVENMPV,ElevenMPV,12296,01/26/2022, 13:16:23,447
ELEVENMPV,ElevenMPV,12296,01/26/2022, 14:16:18,447
ELEVENMPV,ElevenMPV,12299,01/26/2022, 15:17:14,447
ELEVENMPV,ElevenMPV,12299,01/26/2022, 16:21:09,447
ELEVENMPV,ElevenMPV,12299,01/26/2022, 17:15:30,447
ELEVENMPV,ElevenMPV,12299,01/26/2022, 18:17:06,447
ELEVENMPV,ElevenMPV,12300,01/26/2022, 19:10:08,447
ELEVENMPV,ElevenMPV,12300,01/26/2022, 20:12:15,447
ELEVENMPV,ElevenMPV,12300,01/26/2022, 21:11:09,447
ELEVENMPV,ElevenMPV,12300,01/26/2022, 22:11:18,447
ELEVENMPV,ElevenMPV,12302,01/26/2022, 23:12:05,447
ELEVENMPV,ElevenMPV,12304,01/27/2022, 00:42:39,447
ELEVENMPV,ElevenMPV,12305,01/27/2022, 01:55:31,447
ELEVENMPV,ElevenMPV,12306,01/27/2022, 02:26:12,447
ELEVENMPV,ElevenMPV,12306,01/27/2022, 03:12:23,447
ELEVENMPV,ElevenMPV,12307,01/27/2022, 04:14:44,447
ELEVENMPV,ElevenMPV,12307,01/27/2022, 05:11:47,447
ELEVENMPV,ElevenMPV,12308,01/27/2022, 06:14:37,447
ELEVENMPV,ElevenMPV,12308,01/27/2022, 07:12:00,447
ELEVENMPV,ElevenMPV,12308,01/27/2022, 08:14:34,447
ELEVENMPV,ElevenMPV,12308,01/27/2022, 09:12:20,447
ELEVENMPV,ElevenMPV,12308,01/27/2022, 10:12:57,447
ELEVENMPV,ElevenMPV,12308,01/27/2022, 11:12:52,447
ELEVENMPV,ElevenMPV,12308,01/27/2022, 12:19:02,447
ELEVENMPV,ElevenMPV,12309,01/27/2022, 13:19:26,447
ELEVENMPV,ElevenMPV,12309,01/27/2022, 14:16:08,447
ELEVENMPV,ElevenMPV,12310,01/27/2022, 15:17:21,447
ELEVENMPV,ElevenMPV,12310,01/27/2022, 16:22:14,447
ELEVENMPV,ElevenMPV,12311,01/27/2022, 17:17:32,447
ELEVENMPV,ElevenMPV,12312,01/27/2022, 18:19:12,447
ELEVENMPV,ElevenMPV,12312,01/27/2022, 19:09:31,447
ELEVENMPV,ElevenMPV,12312,01/27/2022, 20:11:53,447
ELEVENMPV,ElevenMPV,12314,01/27/2022, 21:10:50,447
ELEVENMPV,ElevenMPV,12315,01/27/2022, 22:11:22,447
ELEVENMPV,ElevenMPV,12315,01/27/2022, 23:12:13,447
ELEVENMPV,ElevenMPV,12316,01/28/2022, 00:41:19,447
ELEVENMPV,ElevenMPV,12316,01/28/2022, 01:55:31,447
ELEVENMPV,ElevenMPV,12316,01/28/2022, 02:28:51,447
ELEVENMPV,ElevenMPV,12316,01/28/2022, 03:11:56,447
ELEVENMPV,ElevenMPV,12316,01/28/2022, 04:15:27,447
ELEVENMPV,ElevenMPV,12316,01/28/2022, 05:10:56,447
ELEVENMPV,ElevenMPV,12316,01/28/2022, 06:14:39,447
ELEVENMPV,ElevenMPV,12316,01/28/2022, 07:11:34,447
ELEVENMPV,ElevenMPV,12317,01/28/2022, 08:14:14,447
ELEVENMPV,ElevenMPV,12318,01/28/2022, 09:12:54,447
ELEVENMPV,ElevenMPV,12319,01/28/2022, 10:13:27,447
ELEVENMPV,ElevenMPV,12319,01/28/2022, 11:10:44,447
ELEVENMPV,ElevenMPV,12319,01/28/2022, 12:20:23,447
ELEVENMPV,ElevenMPV,12319,01/28/2022, 13:14:48,447
ELEVENMPV,ElevenMPV,12320,01/28/2022, 14:12:13,447
ELEVENMPV,ElevenMPV,12320,01/28/2022, 15:14:06,447
ELEVENMPV,ElevenMPV,12321,01/28/2022, 16:19:59,447
ELEVENMPV,ElevenMPV,12321,01/28/2022, 17:14:33,447
ELEVENMPV,ElevenMPV,12321,01/28/2022, 18:13:36,447
ELEVENMPV,ElevenMPV,12321,01/28/2022, 19:09:45,447
ELEVENMPV,ElevenMPV,12321,01/28/2022, 20:12:20,447
ELEVENMPV,ElevenMPV,12321,01/28/2022, 21:10:16,447
ELEVENMPV,ElevenMPV,12324,01/28/2022, 22:11:17,447
ELEVENMPV,ElevenMPV,12324,01/28/2022, 23:12:13,447
ELEVENMPV,ElevenMPV,12324,01/29/2022, 00:38:26,447
ELEVENMPV,ElevenMPV,12324,01/29/2022, 01:48:51,447
ELEVENMPV,ElevenMPV,12324,01/29/2022, 02:21:57,447
ELEVENMPV,ElevenMPV,12324,01/29/2022, 03:11:57,447
ELEVENMPV,ElevenMPV,12325,01/29/2022, 04:14:33,447
ELEVENMPV,ElevenMPV,12325,01/29/2022, 05:10:43,447
ELEVENMPV,ElevenMPV,12326,01/29/2022, 06:13:50,447
ELEVENMPV,ElevenMPV,12326,01/29/2022, 07:11:41,447
ELEVENMPV,ElevenMPV,12326,01/29/2022, 08:13:35,447
ELEVENMPV,ElevenMPV,12326,01/29/2022, 09:11:46,447
ELEVENMPV,ElevenMPV,12327,01/29/2022, 10:12:03,447
ELEVENMPV,ElevenMPV,12328,01/29/2022, 11:10:27,447
ELEVENMPV,ElevenMPV,12328,01/29/2022, 12:17:16,447
ELEVENMPV,ElevenMPV,12329,01/29/2022, 13:13:13,447
ELEVENMPV,ElevenMPV,12329,01/29/2022, 14:10:12,447
ELEVENMPV,ElevenMPV,12329,01/29/2022, 15:11:18,447
ELEVENMPV,ElevenMPV,12329,01/29/2022, 16:16:05,447
ELEVENMPV,ElevenMPV,12329,01/29/2022, 17:17:31,447
ELEVENMPV,ElevenMPV,12330,01/29/2022, 18:17:05,447
ELEVENMPV,ElevenMPV,12330,01/29/2022, 19:11:22,447
ELEVENMPV,ElevenMPV,12330,01/29/2022, 20:12:17,447
ELEVENMPV,ElevenMPV,12330,01/29/2022, 21:09:33,447
ELEVENMPV,ElevenMPV,12332,01/29/2022, 22:11:10,447
ELEVENMPV,ElevenMPV,12334,01/29/2022, 23:10:57,447
ELEVENMPV,ElevenMPV,12334,01/30/2022, 00:41:46,447
ELEVENMPV,ElevenMPV,12334,01/30/2022, 01:54:21,447
ELEVENMPV,ElevenMPV,12334,01/30/2022, 02:25:04,447
ELEVENMPV,ElevenMPV,12335,01/30/2022, 03:11:51,447
ELEVENMPV,ElevenMPV,12337,01/30/2022, 04:14:31,447
ELEVENMPV,ElevenMPV,12337,01/30/2022, 05:10:16,447
ELEVENMPV,ElevenMPV,12337,01/30/2022, 06:13:32,447
ELEVENMPV,ElevenMPV,12337,01/30/2022, 07:11:23,447
ELEVENMPV,ElevenMPV,12337,01/30/2022, 08:13:09,447
ELEVENMPV,ElevenMPV,12337,01/30/2022, 09:11:05,447
ELEVENMPV,ElevenMPV,12337,01/30/2022, 10:11:53,447
ELEVENMPV,ElevenMPV,12338,01/30/2022, 11:09:28,447
ELEVENMPV,ElevenMPV,12338,01/30/2022, 12:17:13,447
ELEVENMPV,ElevenMPV,12338,01/30/2022, 13:12:50,447
ELEVENMPV,ElevenMPV,12338,01/30/2022, 14:10:35,447
ELEVENMPV,ElevenMPV,12338,01/30/2022, 15:11:06,447
ELEVENMPV,ElevenMPV,12338,01/30/2022, 16:16:00,447
ELEVENMPV,ElevenMPV,12340,01/30/2022, 17:12:26,447
ELEVENMPV,ElevenMPV,12341,01/30/2022, 18:13:02,447
ELEVENMPV,ElevenMPV,12341,01/30/2022, 19:09:06,447
ELEVENMPV,ElevenMPV,12342,01/30/2022, 20:12:25,447
ELEVENMPV,ElevenMPV,12342,01/30/2022, 21:09:48,447
ELEVENMPV,ElevenMPV,12343,01/30/2022, 22:11:04,447
ELEVENMPV,ElevenMPV,12343,01/30/2022, 23:11:35,447
ELEVENMPV,ElevenMPV,12343,01/31/2022, 00:40:45,447
ELEVENMPV,ElevenMPV,12343,01/31/2022, 01:52:39,447
ELEVENMPV,ElevenMPV,12343,01/31/2022, 02:24:34,447
ELEVENMPV,ElevenMPV,12343,01/31/2022, 03:12:17,447
ELEVENMPV,ElevenMPV,12344,01/31/2022, 04:15:01,447
ELEVENMPV,ElevenMPV,12344,01/31/2022, 05:11:03,447
ELEVENMPV,ElevenMPV,12347,01/31/2022, 06:14:20,447
ELEVENMPV,ElevenMPV,12347,01/31/2022, 07:12:16,447
ELEVENMPV,ElevenMPV,12347,01/31/2022, 08:14:31,447
ELEVENMPV,ElevenMPV,12347,01/31/2022, 09:12:25,447
ELEVENMPV,ElevenMPV,12347,01/31/2022, 10:13:47,447
ELEVENMPV,ElevenMPV,12347,01/31/2022, 11:13:20,447
ELEVENMPV,ElevenMPV,12347,01/31/2022, 12:20:52,447
ELEVENMPV,ElevenMPV,12347,01/31/2022, 13:20:05,447
ELEVENMPV,ElevenMPV,12348,01/31/2022, 14:12:56,447
ELEVENMPV,ElevenMPV,12348,01/31/2022, 15:13:06,447
ELEVENMPV,ElevenMPV,12348,01/31/2022, 16:18:15,447
ELEVENMPV,ElevenMPV,12348,01/31/2022, 17:12:50,447
ELEVENMPV,ElevenMPV,12348,01/31/2022, 18:18:17,447
ELEVENMPV,ElevenMPV,12349,01/31/2022, 19:11:57,447
ELEVENMPV,ElevenMPV,12351,01/31/2022, 20:13:16,447
ELEVENMPV,ElevenMPV,12351,01/31/2022, 21:10:01,447
ELEVENMPV,ElevenMPV,12351,01/31/2022, 22:11:11,447
ELEVENMPV,ElevenMPV,12351,01/31/2022, 23:12:14,447
ELEVENMPV,ElevenMPV,12352,02/01/2022, 00:43:19,447
ELEVENMPV,ElevenMPV,12352,02/01/2022, 01:58:25,447
ELEVENMPV,ElevenMPV,12352,02/01/2022, 02:31:27,447
ELEVENMPV,ElevenMPV,12352,02/01/2022, 03:11:59,447
ELEVENMPV,ElevenMPV,12352,02/01/2022, 04:14:43,447
ELEVENMPV,ElevenMPV,12354,02/01/2022, 05:11:30,447
ELEVENMPV,ElevenMPV,12355,02/01/2022, 06:14:23,447
ELEVENMPV,ElevenMPV,12355,02/01/2022, 07:11:48,447
ELEVENMPV,ElevenMPV,12355,02/01/2022, 08:14:31,447
ELEVENMPV,ElevenMPV,12355,02/01/2022, 09:12:36,447
ELEVENMPV,ElevenMPV,12356,02/01/2022, 10:18:01,447
ELEVENMPV,ElevenMPV,12356,02/01/2022, 11:15:12,447
ELEVENMPV,ElevenMPV,12356,02/01/2022, 12:19:01,447
ELEVENMPV,ElevenMPV,12357,02/01/2022, 13:18:48,447
ELEVENMPV,ElevenMPV,12357,02/01/2022, 14:16:09,447
ELEVENMPV,ElevenMPV,12357,02/01/2022, 15:17:18,447
ELEVENMPV,ElevenMPV,12358,02/01/2022, 16:23:09,447
ELEVENMPV,ElevenMPV,12358,02/01/2022, 17:17:43,447
ELEVENMPV,ElevenMPV,12358,02/01/2022, 18:15:45,447
ELEVENMPV,ElevenMPV,12358,02/01/2022, 19:12:54,447
ELEVENMPV,ElevenMPV,12359,02/01/2022, 20:12:24,447
ELEVENMPV,ElevenMPV,12359,02/01/2022, 21:10:31,447
ELEVENMPV,ElevenMPV,12359,02/01/2022, 22:11:17,447
ELEVENMPV,ElevenMPV,12360,02/01/2022, 23:12:10,447
ELEVENMPV,ElevenMPV,12361,02/02/2022, 00:43:47,447
ELEVENMPV,ElevenMPV,12361,02/02/2022, 01:56:08,447
ELEVENMPV,ElevenMPV,12361,02/02/2022, 02:26:25,447
ELEVENMPV,ElevenMPV,12361,02/02/2022, 03:11:59,447
ELEVENMPV,ElevenMPV,12361,02/02/2022, 04:14:36,447
ELEVENMPV,ElevenMPV,12364,02/02/2022, 05:11:23,447
ELEVENMPV,ElevenMPV,12364,02/02/2022, 06:14:20,447
ELEVENMPV,ElevenMPV,12364,02/02/2022, 07:11:35,447
ELEVENMPV,ElevenMPV,12364,02/02/2022, 08:14:08,447
ELEVENMPV,ElevenMPV,12364,02/02/2022, 09:11:47,447
ELEVENMPV,ElevenMPV,12364,02/02/2022, 10:13:09,447
ELEVENMPV,ElevenMPV,12364,02/02/2022, 11:13:23,447
ELEVENMPV,ElevenMPV,12364,02/02/2022, 12:18:17,447
ELEVENMPV,ElevenMPV,12364,02/02/2022, 13:17:55,447
ELEVENMPV,ElevenMPV,12365,02/02/2022, 14:16:16,447
ELEVENMPV,ElevenMPV,12365,02/02/2022, 15:16:43,447
ELEVENMPV,ElevenMPV,12365,02/02/2022, 16:21:54,447
ELEVENMPV,ElevenMPV,12365,02/02/2022, 17:18:35,447
ELEVENMPV,ElevenMPV,12365,02/02/2022, 18:14:01,447
ELEVENMPV,ElevenMPV,12365,02/02/2022, 19:10:13,447
ELEVENMPV,ElevenMPV,12365,02/02/2022, 20:13:01,447
ELEVENMPV,ElevenMPV,12367,02/02/2022, 21:11:19,447
ELEVENMPV,ElevenMPV,12367,02/02/2022, 22:11:26,447
ELEVENMPV,ElevenMPV,12368,02/02/2022, 23:12:15,447
ELEVENMPV,ElevenMPV,12368,02/03/2022, 00:40:45,447
ELEVENMPV,ElevenMPV,12369,02/03/2022, 01:52:15,447
ELEVENMPV,ElevenMPV,12369,02/03/2022, 02:23:46,447
ELEVENMPV,ElevenMPV,12369,02/03/2022, 03:12:51,447
ELEVENMPV,ElevenMPV,12369,02/03/2022, 04:14:39,447
ELEVENMPV,ElevenMPV,12369,02/03/2022, 05:11:33,447
ELEVENMPV,ElevenMPV,12369,02/03/2022, 06:14:42,447
ELEVENMPV,ElevenMPV,12369,02/03/2022, 07:11:57,447
ELEVENMPV,ElevenMPV,12370,02/03/2022, 08:16:12,447
ELEVENMPV,ElevenMPV,12370,02/03/2022, 09:12:32,447
ELEVENMPV,ElevenMPV,12370,02/03/2022, 10:12:34,447
ELEVENMPV,ElevenMPV,12370,02/03/2022, 11:12:32,447
ELEVENMPV,ElevenMPV,12370,02/03/2022, 12:18:33,447
ELEVENMPV,ElevenMPV,12370,02/03/2022, 13:15:22,447
ELEVENMPV,ElevenMPV,12371,02/03/2022, 14:16:07,447
ELEVENMPV,ElevenMPV,12371,02/03/2022, 15:14:07,447
ELEVENMPV,ElevenMPV,12372,02/03/2022, 16:22:11,447
ELEVENMPV,ElevenMPV,12372,02/03/2022, 17:18:53,447
ELEVENMPV,ElevenMPV,12372,02/03/2022, 18:15:46,447
ELEVENMPV,ElevenMPV,12373,02/03/2022, 19:10:33,447
ELEVENMPV,ElevenMPV,12373,02/03/2022, 20:13:32,447
ELEVENMPV,ElevenMPV,12373,02/03/2022, 21:10:34,447
ELEVENMPV,ElevenMPV,12373,02/03/2022, 22:11:09,447
ELEVENMPV,ElevenMPV,12373,02/03/2022, 23:10:21,447
ELEVENMPV,ElevenMPV,12374,02/04/2022, 00:42:15,447
ELEVENMPV,ElevenMPV,12374,02/04/2022, 01:45:16,447
ELEVENMPV,ElevenMPV,12375,02/04/2022, 02:13:38,447
ELEVENMPV,ElevenMPV,12375,02/04/2022, 03:10:54,447
ELEVENMPV,ElevenMPV,12375,02/04/2022, 04:12:36,447
ELEVENMPV,ElevenMPV,12375,02/04/2022, 05:09:43,447
ELEVENMPV,ElevenMPV,12375,02/04/2022, 06:11:52,447
ELEVENMPV,ElevenMPV,12376,02/04/2022, 07:10:12,447
ELEVENMPV,ElevenMPV,12376,02/04/2022, 08:12:28,447
ELEVENMPV,ElevenMPV,12377,02/04/2022, 09:10:58,447
ELEVENMPV,ElevenMPV,12377,02/04/2022, 10:11:50,447
ELEVENMPV,ElevenMPV,12378,02/04/2022, 11:08:23,447
ELEVENMPV,ElevenMPV,12378,02/04/2022, 12:16:36,447
ELEVENMPV,ElevenMPV,12378,02/04/2022, 13:11:05,447
ELEVENMPV,ElevenMPV,12378,02/04/2022, 14:09:49,447
ELEVENMPV,ElevenMPV,12378,02/04/2022, 15:13:24,447
ELEVENMPV,ElevenMPV,12378,02/04/2022, 16:18:22,447
ELEVENMPV,ElevenMPV,12378,02/04/2022, 17:09:43,447
ELEVENMPV,ElevenMPV,12378,02/04/2022, 18:11:28,447
ELEVENMPV,ElevenMPV,12378,02/04/2022, 19:08:53,447
ELEVENMPV,ElevenMPV,12378,02/04/2022, 20:10:38,447
ELEVENMPV,ElevenMPV,12378,02/04/2022, 21:09:28,447
ELEVENMPV,ElevenMPV,12378,02/04/2022, 22:10:06,447
ELEVENMPV,ElevenMPV,12378,02/04/2022, 23:10:54,447
ELEVENMPV,ElevenMPV,12378,02/05/2022, 00:36:23,447
ELEVENMPV,ElevenMPV,12378,02/05/2022, 01:36:04,447
ELEVENMPV,ElevenMPV,12380,02/05/2022, 02:12:50,447
ELEVENMPV,ElevenMPV,12380,02/05/2022, 03:11:03,447
ELEVENMPV,ElevenMPV,12380,02/05/2022, 04:13:05,447
ELEVENMPV,ElevenMPV,12381,02/05/2022, 05:09:38,447
ELEVENMPV,ElevenMPV,12383,02/05/2022, 06:11:45,447
ELEVENMPV,ElevenMPV,12383,02/05/2022, 07:10:13,447
ELEVENMPV,ElevenMPV,12384,02/05/2022, 08:11:35,447
ELEVENMPV,ElevenMPV,12384,02/05/2022, 09:10:26,447
ELEVENMPV,ElevenMPV,12384,02/05/2022, 10:10:28,447
ELEVENMPV,ElevenMPV,12384,02/05/2022, 11:09:29,447
ELEVENMPV,ElevenMPV,12385,02/05/2022, 12:14:14,447
ELEVENMPV,ElevenMPV,12386,02/05/2022, 13:09:59,447
ELEVENMPV,ElevenMPV,12386,02/05/2022, 14:09:10,447
ELEVENMPV,ElevenMPV,12386,02/05/2022, 15:09:42,447
ELEVENMPV,ElevenMPV,12386,02/05/2022, 16:13:17,447
ELEVENMPV,ElevenMPV,12386,02/05/2022, 17:10:48,447
ELEVENMPV,ElevenMPV,12386,02/05/2022, 18:11:05,447
ELEVENMPV,ElevenMPV,12386,02/05/2022, 19:09:14,447
ELEVENMPV,ElevenMPV,12388,02/05/2022, 20:10:17,447
ELEVENMPV,ElevenMPV,12392,02/05/2022, 21:09:09,447
ELEVENMPV,ElevenMPV,12392,02/05/2022, 22:14:35,447
ELEVENMPV,ElevenMPV,12392,02/05/2022, 23:19:45,447
ELEVENMPV,ElevenMPV,12392,02/06/2022, 00:52:09,447
ELEVENMPV,ElevenMPV,12392,02/06/2022, 02:07:51,447
ELEVENMPV,ElevenMPV,12392,02/06/2022, 03:11:24,447
ELEVENMPV,ElevenMPV,12392,02/06/2022, 04:15:06,447
ELEVENMPV,ElevenMPV,12392,02/06/2022, 05:10:34,447
ELEVENMPV,ElevenMPV,12392,02/06/2022, 06:13:48,447
ELEVENMPV,ElevenMPV,12392,02/06/2022, 07:11:51,447
ELEVENMPV,ElevenMPV,12392,02/06/2022, 08:13:11,447
ELEVENMPV,ElevenMPV,12392,02/06/2022, 09:11:16,447
ELEVENMPV,ElevenMPV,12392,02/06/2022, 10:12:05,447
ELEVENMPV,ElevenMPV,12392,02/06/2022, 11:09:30,447
ELEVENMPV,ElevenMPV,12396,02/06/2022, 12:17:17,447
ELEVENMPV,ElevenMPV,12397,02/06/2022, 13:12:55,447
ELEVENMPV,ElevenMPV,12398,02/06/2022, 14:10:38,447
ELEVENMPV,ElevenMPV,12399,02/06/2022, 15:11:06,447
ELEVENMPV,ElevenMPV,12399,02/06/2022, 16:15:55,447
ELEVENMPV,ElevenMPV,12399,02/06/2022, 17:12:03,447
ELEVENMPV,ElevenMPV,12400,02/06/2022, 18:12:52,447
ELEVENMPV,ElevenMPV,12401,02/06/2022, 19:09:03,447
ELEVENMPV,ElevenMPV,12402,02/06/2022, 20:11:46,447
ELEVENMPV,ElevenMPV,12403,02/06/2022, 21:10:55,447
ELEVENMPV,ElevenMPV,12404,02/06/2022, 22:11:11,447
ELEVENMPV,ElevenMPV,12404,02/06/2022, 23:11:21,447
ELEVENMPV,ElevenMPV,12406,02/07/2022, 00:42:34,447
ELEVENMPV,ElevenMPV,12407,02/07/2022, 01:54:58,447
ELEVENMPV,ElevenMPV,12409,02/07/2022, 02:26:19,447
ELEVENMPV,ElevenMPV,12409,02/07/2022, 03:12:11,447
ELEVENMPV,ElevenMPV,12409,02/07/2022, 04:15:15,447
ELEVENMPV,ElevenMPV,12409,02/07/2022, 05:11:20,447
ELEVENMPV,ElevenMPV,12411,02/07/2022, 06:14:23,447
ELEVENMPV,ElevenMPV,12411,02/07/2022, 07:11:43,447
ELEVENMPV,ElevenMPV,12412,02/07/2022, 08:14:41,447
ELEVENMPV,ElevenMPV,12412,02/07/2022, 10:17:16,447
ELEVENMPV,ElevenMPV,12412,02/07/2022, 11:14:13,447
ELEVENMPV,ElevenMPV,12412,02/07/2022, 12:25:33,447
ELEVENMPV,ElevenMPV,12412,02/07/2022, 13:20:41,447
ELEVENMPV,ElevenMPV,12412,02/07/2022, 14:13:08,447
ELEVENMPV,ElevenMPV,12413,02/07/2022, 15:17:18,447
ELEVENMPV,ElevenMPV,12414,02/07/2022, 16:18:42,447
ELEVENMPV,ElevenMPV,12414,02/07/2022, 17:17:30,447
ELEVENMPV,ElevenMPV,12415,02/07/2022, 18:18:20,447
ELEVENMPV,ElevenMPV,12415,02/07/2022, 19:13:23,447
ELEVENMPV,ElevenMPV,12415,02/07/2022, 20:15:08,447
ELEVENMPV,ElevenMPV,12415,02/07/2022, 21:14:26,447
ELEVENMPV,ElevenMPV,12415,02/07/2022, 22:17:17,447
ELEVENMPV,ElevenMPV,12415,02/07/2022, 23:12:30,447
ELEVENMPV,ElevenMPV,12415,02/08/2022, 00:44:04,447
ELEVENMPV,ElevenMPV,12415,02/08/2022, 01:57:11,447
ELEVENMPV,ElevenMPV,12415,02/08/2022, 02:29:15,447
ELEVENMPV,ElevenMPV,12417,02/08/2022, 03:12:04,447
ELEVENMPV,ElevenMPV,12417,02/08/2022, 04:14:37,447
ELEVENMPV,ElevenMPV,12418,02/08/2022, 05:11:04,447
ELEVENMPV,ElevenMPV,12418,02/08/2022, 06:15:09,447
ELEVENMPV,ElevenMPV,12418,02/08/2022, 07:12:00,447
ELEVENMPV,ElevenMPV,12418,02/08/2022, 08:14:37,447
ELEVENMPV,ElevenMPV,12418,02/08/2022, 09:17:24,447
ELEVENMPV,ElevenMPV,12418,02/08/2022, 10:12:56,447
ELEVENMPV,ElevenMPV,12419,02/08/2022, 11:12:38,447
ELEVENMPV,ElevenMPV,12419,02/08/2022, 12:22:31,447
ELEVENMPV,ElevenMPV,12420,02/08/2022, 13:20:15,447
ELEVENMPV,ElevenMPV,12420,02/08/2022, 14:17:25,447
ELEVENMPV,ElevenMPV,12420,02/08/2022, 15:17:42,447
ELEVENMPV,ElevenMPV,12422,02/08/2022, 16:22:13,447
ELEVENMPV,ElevenMPV,12422,02/08/2022, 17:16:22,447
ELEVENMPV,ElevenMPV,12422,02/08/2022, 18:13:07,447
ELEVENMPV,ElevenMPV,12422,02/08/2022, 19:14:29,447
ELEVENMPV,ElevenMPV,12423,02/08/2022, 20:17:18,447
ELEVENMPV,ElevenMPV,12423,02/08/2022, 21:16:59,447
ELEVENMPV,ElevenMPV,12424,02/08/2022, 22:13:02,447
ELEVENMPV,ElevenMPV,12425,02/08/2022, 23:12:29,447
ELEVENMPV,ElevenMPV,12425,02/09/2022, 00:45:34,447
ELEVENMPV,ElevenMPV,12426,02/09/2022, 02:02:00,447
ELEVENMPV,ElevenMPV,12426,02/09/2022, 03:12:08,447
ELEVENMPV,ElevenMPV,12427,02/09/2022, 04:15:05,447
ELEVENMPV,ElevenMPV,12427,02/09/2022, 05:10:55,447
ELEVENMPV,ElevenMPV,12427,02/09/2022, 06:14:35,447
ELEVENMPV,ElevenMPV,12428,02/09/2022, 07:12:15,447
ELEVENMPV,ElevenMPV,12428,02/09/2022, 08:17:02,447
ELEVENMPV,ElevenMPV,12429,02/09/2022, 09:17:14,447
ELEVENMPV,ElevenMPV,12429,02/09/2022, 10:17:22,447
ELEVENMPV,ElevenMPV,12429,02/09/2022, 11:13:47,447
ELEVENMPV,ElevenMPV,12429,02/09/2022, 12:23:09,447
ELEVENMPV,ElevenMPV,12429,02/09/2022, 13:20:23,447
ELEVENMPV,ElevenMPV,12429,02/09/2022, 14:15:15,447
ELEVENMPV,ElevenMPV,12429,02/09/2022, 15:20:10,447
ELEVENMPV,ElevenMPV,12430,02/09/2022, 16:22:22,447
ELEVENMPV,ElevenMPV,12431,02/09/2022, 17:20:18,447
ELEVENMPV,ElevenMPV,12431,02/09/2022, 18:14:04,447
ELEVENMPV,ElevenMPV,12431,02/09/2022, 19:09:52,447
ELEVENMPV,ElevenMPV,12431,02/09/2022, 20:12:27,447
ELEVENMPV,ElevenMPV,12433,02/09/2022, 21:10:36,447
ELEVENMPV,ElevenMPV,12433,02/09/2022, 22:11:37,447
ELEVENMPV,ElevenMPV,12433,02/09/2022, 23:11:54,447
ELEVENMPV,ElevenMPV,12438,02/10/2022, 00:44:37,447
ELEVENMPV,ElevenMPV,12441,02/10/2022, 01:55:31,447
ELEVENMPV,ElevenMPV,12441,02/10/2022, 02:25:41,447
ELEVENMPV,ElevenMPV,12442,02/10/2022, 03:11:58,447
ELEVENMPV,ElevenMPV,12442,02/10/2022, 04:14:49,447
ELEVENMPV,ElevenMPV,12442,02/10/2022, 05:11:34,447
ELEVENMPV,ElevenMPV,12443,02/10/2022, 06:14:15,447
ELEVENMPV,ElevenMPV,12443,02/10/2022, 07:11:27,447
ELEVENMPV,ElevenMPV,12443,02/10/2022, 08:13:54,447
ELEVENMPV,ElevenMPV,12443,02/10/2022, 09:17:24,447
ELEVENMPV,ElevenMPV,12443,02/10/2022, 10:18:03,447
ELEVENMPV,ElevenMPV,12443,02/10/2022, 11:11:35,447
ELEVENMPV,ElevenMPV,12444,02/10/2022, 12:18:23,447
ELEVENMPV,ElevenMPV,12444,02/10/2022, 13:14:49,447
ELEVENMPV,ElevenMPV,12444,02/10/2022, 14:14:09,447
ELEVENMPV,ElevenMPV,12444,02/10/2022, 15:17:13,447
ELEVENMPV,ElevenMPV,12444,02/10/2022, 16:21:11,447
ELEVENMPV,ElevenMPV,12444,02/10/2022, 17:15:51,447
ELEVENMPV,ElevenMPV,12444,02/10/2022, 18:14:52,447
ELEVENMPV,ElevenMPV,12444,02/10/2022, 19:08:11,447
ELEVENMPV,ElevenMPV,12444,02/10/2022, 20:12:16,447
ELEVENMPV,ElevenMPV,12445,02/10/2022, 21:11:41,447
ELEVENMPV,ElevenMPV,12446,02/10/2022, 22:11:16,447
ELEVENMPV,ElevenMPV,12446,02/10/2022, 23:12:20,447
ELEVENMPV,ElevenMPV,12446,02/11/2022, 00:48:14,447
ELEVENMPV,ElevenMPV,12446,02/11/2022, 01:58:54,447
ELEVENMPV,ElevenMPV,12446,02/11/2022, 02:32:48,447
ELEVENMPV,ElevenMPV,12446,02/11/2022, 03:11:58,447
ELEVENMPV,ElevenMPV,12449,02/11/2022, 04:14:40,447
ELEVENMPV,ElevenMPV,12449,02/11/2022, 05:10:53,447
ELEVENMPV,ElevenMPV,12451,02/11/2022, 06:15:07,447
ELEVENMPV,ElevenMPV,12451,02/11/2022, 07:11:14,447
ELEVENMPV,ElevenMPV,12452,02/11/2022, 08:13:47,447
ELEVENMPV,ElevenMPV,12452,02/11/2022, 09:12:24,447
ELEVENMPV,ElevenMPV,12452,02/11/2022, 10:12:43,447
ELEVENMPV,ElevenMPV,12452,02/11/2022, 11:10:24,447
ELEVENMPV,ElevenMPV,12452,02/11/2022, 12:17:46,447
ELEVENMPV,ElevenMPV,12452,02/11/2022, 13:14:02,447
ELEVENMPV,ElevenMPV,12453,02/11/2022, 14:13:00,447
ELEVENMPV,ElevenMPV,12454,02/11/2022, 15:16:18,447
ELEVENMPV,ElevenMPV,12454,02/11/2022, 16:21:13,447
ELEVENMPV,ElevenMPV,12454,02/11/2022, 17:14:34,447
ELEVENMPV,ElevenMPV,12454,02/11/2022, 18:13:37,447
ELEVENMPV,ElevenMPV,12454,02/11/2022, 19:09:34,447
ELEVENMPV,ElevenMPV,12454,02/11/2022, 20:12:26,447
ELEVENMPV,ElevenMPV,12455,02/11/2022, 21:10:51,447
ELEVENMPV,ElevenMPV,12455,02/11/2022, 22:11:03,447
ELEVENMPV,ElevenMPV,12456,02/11/2022, 23:11:45,447
ELEVENMPV,ElevenMPV,12457,02/12/2022, 00:46:34,447
ELEVENMPV,ElevenMPV,12457,02/12/2022, 02:00:56,447
ELEVENMPV,ElevenMPV,12457,02/12/2022, 02:43:06,447
ELEVENMPV,ElevenMPV,12457,02/12/2022, 03:11:30,447
ELEVENMPV,ElevenMPV,12458,02/12/2022, 04:15:19,447
ELEVENMPV,ElevenMPV,12458,02/12/2022, 05:10:29,447
ELEVENMPV,ElevenMPV,12458,02/12/2022, 06:13:33,447
ELEVENMPV,ElevenMPV,12459,02/12/2022, 07:10:52,447
ELEVENMPV,ElevenMPV,12460,02/12/2022, 08:13:56,447
ELEVENMPV,ElevenMPV,12460,02/12/2022, 09:12:36,447
ELEVENMPV,ElevenMPV,12461,02/12/2022, 10:11:43,447
ELEVENMPV,ElevenMPV,12461,02/12/2022, 11:10:07,447
ELEVENMPV,ElevenMPV,12462,02/12/2022, 12:17:39,447
ELEVENMPV,ElevenMPV,12462,02/12/2022, 13:12:32,447
ELEVENMPV,ElevenMPV,12462,02/12/2022, 14:10:13,447
ELEVENMPV,ElevenMPV,12462,02/12/2022, 15:11:08,447
ELEVENMPV,ElevenMPV,12464,02/12/2022, 16:15:50,447
ELEVENMPV,ElevenMPV,12465,02/12/2022, 17:10:48,447
ELEVENMPV,ElevenMPV,12465,02/12/2022, 18:13:33,447
ELEVENMPV,ElevenMPV,12465,02/12/2022, 19:09:13,447
ELEVENMPV,ElevenMPV,12466,02/12/2022, 20:12:12,447
ELEVENMPV,ElevenMPV,12466,02/12/2022, 21:09:42,447
ELEVENMPV,ElevenMPV,12466,02/12/2022, 22:10:46,447
ELEVENMPV,ElevenMPV,12467,02/12/2022, 23:11:43,447
ELEVENMPV,ElevenMPV,12467,02/13/2022, 00:47:01,447
ELEVENMPV,ElevenMPV,12467,02/13/2022, 01:59:33,447
ELEVENMPV,ElevenMPV,12467,02/13/2022, 02:33:44,447
ELEVENMPV,ElevenMPV,12467,02/13/2022, 03:12:00,447
ELEVENMPV,ElevenMPV,12467,02/13/2022, 04:14:47,447
ELEVENMPV,ElevenMPV,12467,02/13/2022, 05:10:22,447
ELEVENMPV,ElevenMPV,12467,02/13/2022, 06:13:29,447
ELEVENMPV,ElevenMPV,12468,02/13/2022, 07:11:27,447
ELEVENMPV,ElevenMPV,12468,02/13/2022, 08:13:51,447
ELEVENMPV,ElevenMPV,12469,02/13/2022, 09:12:11,447
ELEVENMPV,ElevenMPV,12469,02/13/2022, 10:12:02,447
ELEVENMPV,ElevenMPV,12469,02/13/2022, 11:09:45,447
ELEVENMPV,ElevenMPV,12469,02/13/2022, 12:17:12,447
ELEVENMPV,ElevenMPV,12469,02/13/2022, 13:12:38,447
ELEVENMPV,ElevenMPV,12469,02/13/2022, 14:10:21,447
ELEVENMPV,ElevenMPV,12470,02/13/2022, 15:12:20,447
ELEVENMPV,ElevenMPV,12471,02/13/2022, 16:16:10,447
ELEVENMPV,ElevenMPV,12471,02/13/2022, 17:10:48,447
ELEVENMPV,ElevenMPV,12471,02/13/2022, 18:13:08,447
ELEVENMPV,ElevenMPV,12472,02/13/2022, 19:09:12,447
ELEVENMPV,ElevenMPV,12473,02/13/2022, 20:12:17,447
ELEVENMPV,ElevenMPV,12473,02/13/2022, 21:10:17,447
ELEVENMPV,ElevenMPV,12474,02/13/2022, 22:12:16,447
ELEVENMPV,ElevenMPV,12475,02/13/2022, 23:11:53,447
ELEVENMPV,ElevenMPV,12476,02/14/2022, 00:42:02,447
ELEVENMPV,ElevenMPV,12477,02/14/2022, 01:53:00,447
ELEVENMPV,ElevenMPV,12477,02/14/2022, 02:22:57,447
ELEVENMPV,ElevenMPV,12477,02/14/2022, 03:12:20,447
ELEVENMPV,ElevenMPV,12478,02/14/2022, 04:14:49,447
ELEVENMPV,ElevenMPV,12478,02/14/2022, 05:11:46,447
ELEVENMPV,ElevenMPV,12478,02/14/2022, 06:14:32,447
ELEVENMPV,ElevenMPV,12478,02/14/2022, 07:12:17,447
ELEVENMPV,ElevenMPV,12478,02/14/2022, 08:14:48,447
ELEVENMPV,ElevenMPV,12478,02/14/2022, 09:14:16,447
ELEVENMPV,ElevenMPV,12478,02/14/2022, 10:17:15,447
ELEVENMPV,ElevenMPV,12478,02/14/2022, 11:12:26,447
ELEVENMPV,ElevenMPV,12478,02/14/2022, 12:20:01,447
ELEVENMPV,ElevenMPV,12478,02/14/2022, 13:19:13,447
ELEVENMPV,ElevenMPV,12478,02/14/2022, 14:12:51,447
ELEVENMPV,ElevenMPV,12478,02/14/2022, 15:17:20,447
ELEVENMPV,ElevenMPV,12478,02/14/2022, 16:19:34,447
ELEVENMPV,ElevenMPV,12478,02/14/2022, 17:16:09,447
ELEVENMPV,ElevenMPV,12478,02/14/2022, 18:18:23,447
ELEVENMPV,ElevenMPV,12478,02/14/2022, 19:13:21,447
ELEVENMPV,ElevenMPV,12479,02/14/2022, 20:12:47,447
ELEVENMPV,ElevenMPV,12480,02/14/2022, 21:10:56,447
ELEVENMPV,ElevenMPV,12481,02/14/2022, 22:11:20,447
ELEVENMPV,ElevenMPV,12481,02/14/2022, 23:12:02,447
ELEVENMPV,ElevenMPV,12482,02/15/2022, 03:12:37,447
ELEVENMPV,ElevenMPV,12482,02/15/2022, 04:15:13,447
ELEVENMPV,ElevenMPV,12482,02/15/2022, 05:11:48,447
ELEVENMPV,ElevenMPV,12482,02/15/2022, 06:14:39,447
ELEVENMPV,ElevenMPV,12482,02/15/2022, 07:11:30,447
ELEVENMPV,ElevenMPV,12483,02/15/2022, 08:14:23,447
ELEVENMPV,ElevenMPV,12484,02/15/2022, 09:12:18,447
ELEVENMPV,ElevenMPV,12485,02/15/2022, 10:13:05,447
ELEVENMPV,ElevenMPV,12485,02/15/2022, 11:12:58,447
ELEVENMPV,ElevenMPV,12485,02/15/2022, 12:19:33,447
ELEVENMPV,ElevenMPV,12485,02/15/2022, 13:21:30,447
ELEVENMPV,ElevenMPV,12486,02/15/2022, 14:11:40,447
ELEVENMPV,ElevenMPV,12487,02/15/2022, 15:16:37,447
ELEVENMPV,ElevenMPV,12487,02/15/2022, 16:17:20,447
ELEVENMPV,ElevenMPV,12487,02/15/2022, 17:16:16,447
ELEVENMPV,ElevenMPV,12487,02/15/2022, 18:17:33,447
ELEVENMPV,ElevenMPV,12487,02/15/2022, 19:09:50,447
ELEVENMPV,ElevenMPV,12487,02/15/2022, 20:12:46,447
ELEVENMPV,ElevenMPV,12487,02/15/2022, 21:10:18,447
ELEVENMPV,ElevenMPV,12487,02/15/2022, 22:12:24,447
ELEVENMPV,ElevenMPV,12488,02/15/2022, 23:12:42,447
ELEVENMPV,ElevenMPV,12488,02/16/2022, 00:45:04,447
ELEVENMPV,ElevenMPV,12488,02/16/2022, 02:03:51,447
ELEVENMPV,ElevenMPV,12489,02/16/2022, 03:13:03,447
ELEVENMPV,ElevenMPV,12490,02/16/2022, 04:15:19,447
ELEVENMPV,ElevenMPV,12491,02/16/2022, 05:11:10,447
ELEVENMPV,ElevenMPV,12492,02/16/2022, 06:14:37,447
ELEVENMPV,ElevenMPV,12492,02/16/2022, 07:11:44,447
ELEVENMPV,ElevenMPV,12492,02/16/2022, 08:14:23,447
ELEVENMPV,ElevenMPV,12492,02/16/2022, 09:13:17,447
ELEVENMPV,ElevenMPV,12492,02/16/2022, 10:13:43,447
ELEVENMPV,ElevenMPV,12492,02/16/2022, 11:13:07,447
ELEVENMPV,ElevenMPV,12492,02/16/2022, 12:18:37,447
ELEVENMPV,ElevenMPV,12492,02/16/2022, 13:17:47,447
ELEVENMPV,ElevenMPV,12493,02/16/2022, 14:12:53,447
ELEVENMPV,ElevenMPV,12494,02/16/2022, 15:17:11,447
ELEVENMPV,ElevenMPV,12494,02/16/2022, 16:15:32,447
ELEVENMPV,ElevenMPV,12494,02/16/2022, 17:14:42,447
ELEVENMPV,ElevenMPV,12496,02/16/2022, 18:14:29,447
ELEVENMPV,ElevenMPV,12496,02/16/2022, 19:11:01,447
ELEVENMPV,ElevenMPV,12496,02/16/2022, 20:12:08,447
ELEVENMPV,ElevenMPV,12496,02/16/2022, 21:11:20,447
ELEVENMPV,ElevenMPV,12497,02/16/2022, 22:11:44,447
ELEVENMPV,ElevenMPV,12498,02/16/2022, 23:12:19,447
ELEVENMPV,ElevenMPV,12499,02/17/2022, 00:40:32,447
ELEVENMPV,ElevenMPV,12502,02/17/2022, 01:51:00,447
ELEVENMPV,ElevenMPV,12502,02/17/2022, 02:21:31,447
ELEVENMPV,ElevenMPV,12502,02/17/2022, 03:13:21,447
ELEVENMPV,ElevenMPV,12503,02/17/2022, 04:15:27,447
ELEVENMPV,ElevenMPV,12505,02/17/2022, 05:11:11,447
ELEVENMPV,ElevenMPV,12505,02/17/2022, 06:15:30,447
ELEVENMPV,ElevenMPV,12505,02/17/2022, 07:12:11,447
ELEVENMPV,ElevenMPV,12505,02/17/2022, 08:14:06,447
ELEVENMPV,ElevenMPV,12506,02/17/2022, 09:16:15,447
ELEVENMPV,ElevenMPV,12506,02/17/2022, 10:13:35,447
ELEVENMPV,ElevenMPV,12506,02/17/2022, 11:10:04,447
ELEVENMPV,ElevenMPV,12507,02/17/2022, 12:18:58,447
ELEVENMPV,ElevenMPV,12507,02/17/2022, 13:19:01,447
ELEVENMPV,ElevenMPV,12507,02/17/2022, 14:17:55,447
ELEVENMPV,ElevenMPV,12507,02/17/2022, 15:18:19,447
ELEVENMPV,ElevenMPV,12507,02/17/2022, 16:21:12,447
ELEVENMPV,ElevenMPV,12508,02/17/2022, 17:18:15,447
ELEVENMPV,ElevenMPV,12508,02/17/2022, 18:14:50,447
ELEVENMPV,ElevenMPV,12508,02/17/2022, 19:10:15,447
ELEVENMPV,ElevenMPV,12510,02/17/2022, 20:11:31,447
ELEVENMPV,ElevenMPV,12510,02/17/2022, 21:12:42,447
ELEVENMPV,ElevenMPV,12510,02/17/2022, 22:12:27,447
ELEVENMPV,ElevenMPV,12510,02/17/2022, 23:12:44,447
ELEVENMPV,ElevenMPV,12510,02/18/2022, 00:50:42,447
ELEVENMPV,ElevenMPV,12510,02/18/2022, 02:02:13,447
ELEVENMPV,ElevenMPV,12510,02/18/2022, 03:12:54,447
ELEVENMPV,ElevenMPV,12511,02/18/2022, 04:15:57,447
ELEVENMPV,ElevenMPV,12511,02/18/2022, 05:11:25,447
ELEVENMPV,ElevenMPV,12511,02/18/2022, 06:15:43,447
ELEVENMPV,ElevenMPV,12511,02/18/2022, 07:12:26,447
ELEVENMPV,ElevenMPV,12512,02/18/2022, 08:14:35,447
ELEVENMPV,ElevenMPV,12512,02/18/2022, 09:12:27,447
ELEVENMPV,ElevenMPV,12512,02/18/2022, 10:14:08,447
ELEVENMPV,ElevenMPV,12512,02/18/2022, 11:10:29,447
ELEVENMPV,ElevenMPV,12513,02/18/2022, 12:19:52,447
ELEVENMPV,ElevenMPV,12513,02/18/2022, 13:15:39,447
ELEVENMPV,ElevenMPV,12513,02/18/2022, 14:16:09,447
ELEVENMPV,ElevenMPV,12513,02/18/2022, 15:17:10,447
ELEVENMPV,ElevenMPV,12513,02/18/2022, 16:17:58,447
ELEVENMPV,ElevenMPV,12514,02/18/2022, 17:12:47,447
ELEVENMPV,ElevenMPV,12514,02/18/2022, 18:14:29,447
ELEVENMPV,ElevenMPV,12515,02/18/2022, 19:10:10,447
ELEVENMPV,ElevenMPV,12515,02/18/2022, 20:12:57,447
ELEVENMPV,ElevenMPV,12515,02/18/2022, 21:11:35,447
ELEVENMPV,ElevenMPV,12516,02/18/2022, 22:13:05,447
ELEVENMPV,ElevenMPV,12516,02/18/2022, 23:13:16,447
ELEVENMPV,ElevenMPV,12517,02/19/2022, 00:48:33,447
ELEVENMPV,ElevenMPV,12517,02/19/2022, 01:58:00,447
ELEVENMPV,ElevenMPV,12517,02/19/2022, 02:30:36,447
ELEVENMPV,ElevenMPV,12517,02/19/2022, 03:13:06,447
ELEVENMPV,ElevenMPV,12517,02/19/2022, 04:15:17,447
ELEVENMPV,ElevenMPV,12518,02/19/2022, 05:11:07,447
ELEVENMPV,ElevenMPV,12518,02/19/2022, 06:14:43,447
ELEVENMPV,ElevenMPV,12518,02/19/2022, 07:11:22,447
ELEVENMPV,ElevenMPV,12518,02/19/2022, 08:14:11,447
ELEVENMPV,ElevenMPV,12518,02/19/2022, 09:12:44,447
ELEVENMPV,ElevenMPV,12518,02/19/2022, 10:12:49,447
ELEVENMPV,ElevenMPV,12519,02/19/2022, 11:10:58,447
ELEVENMPV,ElevenMPV,12519,02/19/2022, 12:18:18,447
ELEVENMPV,ElevenMPV,12519,02/19/2022, 13:13:52,447
ELEVENMPV,ElevenMPV,12519,02/19/2022, 14:11:12,447
ELEVENMPV,ElevenMPV,12519,02/19/2022, 15:12:54,447
ELEVENMPV,ElevenMPV,12522,02/19/2022, 16:16:39,447
ELEVENMPV,ElevenMPV,12522,02/19/2022, 17:11:16,447
ELEVENMPV,ElevenMPV,12522,02/19/2022, 18:13:42,447
ELEVENMPV,ElevenMPV,12523,02/19/2022, 19:09:44,447
ELEVENMPV,ElevenMPV,12525,02/19/2022, 20:12:50,447
ELEVENMPV,ElevenMPV,12525,02/19/2022, 21:11:15,447
ELEVENMPV,ElevenMPV,12525,02/19/2022, 22:12:08,447
ELEVENMPV,ElevenMPV,12527,02/19/2022, 23:12:20,447
ELEVENMPV,ElevenMPV,12527,02/20/2022, 00:51:32,447
ELEVENMPV,ElevenMPV,12527,02/20/2022, 02:02:27,447
ELEVENMPV,ElevenMPV,12527,02/20/2022, 03:13:09,447
ELEVENMPV,ElevenMPV,12529,02/20/2022, 04:15:25,447
ELEVENMPV,ElevenMPV,12530,02/20/2022, 05:11:17,447
ELEVENMPV,ElevenMPV,12531,02/20/2022, 06:14:24,447
ELEVENMPV,ElevenMPV,12531,02/20/2022, 07:11:43,447
ELEVENMPV,ElevenMPV,12531,02/20/2022, 08:14:11,447
ELEVENMPV,ElevenMPV,12531,02/20/2022, 09:12:41,447
ELEVENMPV,ElevenMPV,12532,02/20/2022, 10:12:49,447
ELEVENMPV,ElevenMPV,12532,02/20/2022, 11:11:44,447
ELEVENMPV,ElevenMPV,12532,02/20/2022, 12:18:35,447
ELEVENMPV,ElevenMPV,12532,02/20/2022, 13:13:56,447
ELEVENMPV,ElevenMPV,12532,02/20/2022, 14:11:27,447
ELEVENMPV,ElevenMPV,12533,02/20/2022, 15:12:58,447
ELEVENMPV,ElevenMPV,12533,02/20/2022, 16:16:07,447
ELEVENMPV,ElevenMPV,12534,02/20/2022, 17:11:06,447
ELEVENMPV,ElevenMPV,12534,02/20/2022, 18:14:05,447
ELEVENMPV,ElevenMPV,12535,02/20/2022, 19:11:21,447
ELEVENMPV,ElevenMPV,12535,02/20/2022, 20:12:55,447
ELEVENMPV,ElevenMPV,12535,02/20/2022, 21:11:22,447
ELEVENMPV,ElevenMPV,12537,02/20/2022, 22:11:41,447
ELEVENMPV,ElevenMPV,12537,02/20/2022, 23:12:05,447
ELEVENMPV,ElevenMPV,12538,02/21/2022, 00:45:11,447
ELEVENMPV,ElevenMPV,12539,02/21/2022, 01:56:46,447
ELEVENMPV,ElevenMPV,12539,02/21/2022, 02:27:02,447
ELEVENMPV,ElevenMPV,12540,02/21/2022, 03:13:30,447
ELEVENMPV,ElevenMPV,12541,02/21/2022, 04:16:16,447
ELEVENMPV,ElevenMPV,12541,02/21/2022, 05:11:51,447
ELEVENMPV,ElevenMPV,12541,02/21/2022, 06:16:04,447
ELEVENMPV,ElevenMPV,12541,02/21/2022, 07:12:09,447
ELEVENMPV,ElevenMPV,12541,02/21/2022, 08:15:23,447
ELEVENMPV,ElevenMPV,12541,02/21/2022, 09:13:33,447
ELEVENMPV,ElevenMPV,12541,02/21/2022, 10:18:28,447
ELEVENMPV,ElevenMPV,12541,02/21/2022, 11:10:44,447
ELEVENMPV,ElevenMPV,12541,02/21/2022, 12:20:47,447
ELEVENMPV,ElevenMPV,12542,02/21/2022, 13:17:36,447
ELEVENMPV,ElevenMPV,12542,02/21/2022, 14:12:35,447
ELEVENMPV,ElevenMPV,12542,02/21/2022, 15:14:13,447
ELEVENMPV,ElevenMPV,12542,02/21/2022, 16:17:00,447
ELEVENMPV,ElevenMPV,12542,02/21/2022, 17:12:44,447
ELEVENMPV,ElevenMPV,12542,02/21/2022, 18:14:34,447
ELEVENMPV,ElevenMPV,12542,02/21/2022, 19:10:13,447
ELEVENMPV,ElevenMPV,12542,02/21/2022, 20:13:39,447
ELEVENMPV,ElevenMPV,12543,02/21/2022, 21:11:27,447
ELEVENMPV,ElevenMPV,12543,02/21/2022, 22:12:19,447
ELEVENMPV,ElevenMPV,12546,02/21/2022, 23:12:53,447
ELEVENMPV,ElevenMPV,12546,02/22/2022, 00:45:29,447
ELEVENMPV,ElevenMPV,12546,02/22/2022, 01:57:23,447
ELEVENMPV,ElevenMPV,12547,02/22/2022, 02:27:59,447
ELEVENMPV,ElevenMPV,12547,02/22/2022, 03:13:51,447
ELEVENMPV,ElevenMPV,12548,02/22/2022, 04:15:33,447
ELEVENMPV,ElevenMPV,12548,02/22/2022, 05:12:01,447
ELEVENMPV,ElevenMPV,12549,02/22/2022, 06:14:59,447
ELEVENMPV,ElevenMPV,12549,02/22/2022, 07:10:40,447
ELEVENMPV,ElevenMPV,12549,02/22/2022, 08:15:20,447
ELEVENMPV,ElevenMPV,12549,02/22/2022, 09:12:44,447
ELEVENMPV,ElevenMPV,12551,02/22/2022, 10:14:29,447
ELEVENMPV,ElevenMPV,12551,02/22/2022, 11:12:21,447
ELEVENMPV,ElevenMPV,12551,02/22/2022, 12:22:03,447
ELEVENMPV,ElevenMPV,12551,02/22/2022, 13:22:11,447
ELEVENMPV,ElevenMPV,12551,02/22/2022, 14:11:37,447
ELEVENMPV,ElevenMPV,12551,02/22/2022, 15:13:52,447
ELEVENMPV,ElevenMPV,12551,02/22/2022, 16:17:41,447
ELEVENMPV,ElevenMPV,12551,02/22/2022, 17:13:54,447
ELEVENMPV,ElevenMPV,12551,02/22/2022, 18:15:14,447
ELEVENMPV,ElevenMPV,12551,02/22/2022, 19:10:13,447
ELEVENMPV,ElevenMPV,12551,02/22/2022, 20:13:07,447
ELEVENMPV,ElevenMPV,12551,02/22/2022, 21:11:38,447
ELEVENMPV,ElevenMPV,12551,02/22/2022, 22:12:10,447
ELEVENMPV,ElevenMPV,12551,02/22/2022, 23:13:26,447
ELEVENMPV,ElevenMPV,12551,02/23/2022, 00:53:20,447
ELEVENMPV,ElevenMPV,12552,02/23/2022, 02:05:33,447
ELEVENMPV,ElevenMPV,12553,02/23/2022, 03:13:12,447
ELEVENMPV,ElevenMPV,12553,02/23/2022, 04:15:28,447
ELEVENMPV,ElevenMPV,12553,02/23/2022, 05:11:49,447
ELEVENMPV,ElevenMPV,12555,02/23/2022, 06:15:26,447
ELEVENMPV,ElevenMPV,12557,02/23/2022, 08:14:32,447
ELEVENMPV,ElevenMPV,12558,02/23/2022, 09:11:39,447
ELEVENMPV,ElevenMPV,12559,02/23/2022, 10:14:04,447
ELEVENMPV,ElevenMPV,12559,02/23/2022, 11:10:30,447
ELEVENMPV,ElevenMPV,12561,02/23/2022, 12:21:10,447
ELEVENMPV,ElevenMPV,12561,02/23/2022, 13:17:34,447
ELEVENMPV,ElevenMPV,12562,02/23/2022, 14:13:10,447
ELEVENMPV,ElevenMPV,12562,02/23/2022, 15:13:32,447
ELEVENMPV,ElevenMPV,12562,02/23/2022, 16:17:14,447
ELEVENMPV,ElevenMPV,12562,02/23/2022, 17:15:29,447
ELEVENMPV,ElevenMPV,12563,02/23/2022, 18:13:13,447
ELEVENMPV,ElevenMPV,12563,02/23/2022, 19:10:20,447
ELEVENMPV,ElevenMPV,12564,02/23/2022, 20:18:16,447
ELEVENMPV,ElevenMPV,12564,02/23/2022, 21:17:30,447
ELEVENMPV,ElevenMPV,12564,02/23/2022, 22:12:45,447
ELEVENMPV,ElevenMPV,12564,02/23/2022, 23:13:17,447
ELEVENMPV,ElevenMPV,12564,02/24/2022, 00:50:02,447
ELEVENMPV,ElevenMPV,12565,02/24/2022, 02:05:39,447
ELEVENMPV,ElevenMPV,12565,02/24/2022, 03:11:41,447
ELEVENMPV,ElevenMPV,12565,02/24/2022, 04:15:39,447
ELEVENMPV,ElevenMPV,12565,02/24/2022, 05:11:54,447
ELEVENMPV,ElevenMPV,12565,02/24/2022, 06:15:10,447
ELEVENMPV,ElevenMPV,12565,02/24/2022, 07:12:08,447
ELEVENMPV,ElevenMPV,12565,02/24/2022, 08:15:05,447
ELEVENMPV,ElevenMPV,12565,02/24/2022, 09:15:51,447
ELEVENMPV,ElevenMPV,12565,02/24/2022, 10:18:25,447
ELEVENMPV,ElevenMPV,12565,02/24/2022, 11:10:43,447
ELEVENMPV,ElevenMPV,12565,02/24/2022, 12:20:51,447
ELEVENMPV,ElevenMPV,12565,02/24/2022, 13:17:36,447
ELEVENMPV,ElevenMPV,12565,02/24/2022, 14:17:57,447
ELEVENMPV,ElevenMPV,12565,02/24/2022, 15:14:10,447
ELEVENMPV,ElevenMPV,12566,02/24/2022, 16:17:28,447
ELEVENMPV,ElevenMPV,12567,02/24/2022, 17:18:48,447
ELEVENMPV,ElevenMPV,12567,02/24/2022, 18:19:09,447
ELEVENMPV,ElevenMPV,12567,02/24/2022, 19:10:49,447
ELEVENMPV,ElevenMPV,12568,02/24/2022, 20:13:18,447
ELEVENMPV,ElevenMPV,12568,02/24/2022, 21:11:37,447
ELEVENMPV,ElevenMPV,12569,02/24/2022, 22:13:00,447
ELEVENMPV,ElevenMPV,12569,02/24/2022, 23:13:25,447
ELEVENMPV,ElevenMPV,12570,02/25/2022, 00:50:12,447
ELEVENMPV,ElevenMPV,12571,02/25/2022, 02:04:06,447
ELEVENMPV,ElevenMPV,12571,02/25/2022, 03:13:23,447
ELEVENMPV,ElevenMPV,12572,02/25/2022, 04:15:47,447
ELEVENMPV,ElevenMPV,12573,02/25/2022, 05:11:53,447
ELEVENMPV,ElevenMPV,12573,02/25/2022, 06:15:16,447
ELEVENMPV,ElevenMPV,12573,02/25/2022, 07:12:05,447
ELEVENMPV,ElevenMPV,12573,02/25/2022, 08:14:57,447
ELEVENMPV,ElevenMPV,12573,02/25/2022, 09:17:10,447
ELEVENMPV,ElevenMPV,12573,02/25/2022, 10:13:51,447
ELEVENMPV,ElevenMPV,12573,02/25/2022, 11:10:30,447
ELEVENMPV,ElevenMPV,12573,02/25/2022, 12:20:06,447
ELEVENMPV,ElevenMPV,12574,02/25/2022, 13:16:31,447
ELEVENMPV,ElevenMPV,12574,02/25/2022, 14:11:43,447
ELEVENMPV,ElevenMPV,12574,02/25/2022, 15:13:10,447
ELEVENMPV,ElevenMPV,12575,02/25/2022, 16:17:07,447
ELEVENMPV,ElevenMPV,12575,02/25/2022, 17:13:26,447
ELEVENMPV,ElevenMPV,12576,02/25/2022, 18:15:19,447
ELEVENMPV,ElevenMPV,12576,02/25/2022, 19:10:56,447
ELEVENMPV,ElevenMPV,12576,02/25/2022, 20:13:08,447
ELEVENMPV,ElevenMPV,12576,02/25/2022, 21:10:56,447
ELEVENMPV,ElevenMPV,12577,02/25/2022, 22:12:50,447
ELEVENMPV,ElevenMPV,12577,02/25/2022, 23:13:03,447
ELEVENMPV,ElevenMPV,12577,02/26/2022, 00:45:12,447
ELEVENMPV,ElevenMPV,12578,02/26/2022, 01:55:30,447
ELEVENMPV,ElevenMPV,12579,02/26/2022, 02:29:52,447
ELEVENMPV,ElevenMPV,12579,02/26/2022, 03:13:03,447
ELEVENMPV,ElevenMPV,12579,02/26/2022, 04:15:28,447
ELEVENMPV,ElevenMPV,12579,02/26/2022, 05:11:24,447
ELEVENMPV,ElevenMPV,12580,02/26/2022, 06:15:04,447
ELEVENMPV,ElevenMPV,12580,02/26/2022, 07:11:40,447
ELEVENMPV,ElevenMPV,12580,02/26/2022, 08:14:24,447
ELEVENMPV,ElevenMPV,12580,02/26/2022, 09:11:45,447
ELEVENMPV,ElevenMPV,12580,02/26/2022, 10:12:52,447
ELEVENMPV,ElevenMPV,12580,02/26/2022, 11:10:37,447
ELEVENMPV,ElevenMPV,12580,02/26/2022, 12:18:48,447
ELEVENMPV,ElevenMPV,12580,02/26/2022, 13:14:31,447
ELEVENMPV,ElevenMPV,12580,02/26/2022, 14:12:07,447
ELEVENMPV,ElevenMPV,12580,02/26/2022, 15:12:26,447
ELEVENMPV,ElevenMPV,12580,02/26/2022, 16:16:13,447
ELEVENMPV,ElevenMPV,12581,02/26/2022, 17:11:28,447
ELEVENMPV,ElevenMPV,12581,02/26/2022, 18:13:56,447
ELEVENMPV,ElevenMPV,12582,02/26/2022, 19:09:58,447
ELEVENMPV,ElevenMPV,12583,02/26/2022, 20:12:35,447
ELEVENMPV,ElevenMPV,12583,02/26/2022, 21:12:14,447
ELEVENMPV,ElevenMPV,12583,02/26/2022, 22:11:37,447
ELEVENMPV,ElevenMPV,12584,02/26/2022, 23:12:37,447
ELEVENMPV,ElevenMPV,12584,02/27/2022, 00:51:08,447
ELEVENMPV,ElevenMPV,12585,02/27/2022, 02:02:57,447
ELEVENMPV,ElevenMPV,12586,02/27/2022, 03:13:08,447
ELEVENMPV,ElevenMPV,12587,02/27/2022, 04:15:36,447
ELEVENMPV,ElevenMPV,12587,02/27/2022, 05:12:03,447
ELEVENMPV,ElevenMPV,12587,02/27/2022, 06:14:39,447
ELEVENMPV,ElevenMPV,12589,02/27/2022, 07:12:07,447
ELEVENMPV,ElevenMPV,12589,02/27/2022, 08:14:09,447
ELEVENMPV,ElevenMPV,12589,02/27/2022, 09:12:13,447
ELEVENMPV,ElevenMPV,12589,02/27/2022, 10:14:08,447
ELEVENMPV,ElevenMPV,12589,02/27/2022, 11:11:12,447
ELEVENMPV,ElevenMPV,12589,02/27/2022, 12:19:04,447
ELEVENMPV,ElevenMPV,12589,02/27/2022, 13:15:02,447
ELEVENMPV,ElevenMPV,12589,02/27/2022, 14:11:55,447
ELEVENMPV,ElevenMPV,12589,02/27/2022, 15:12:38,447
ELEVENMPV,ElevenMPV,12589,02/27/2022, 16:16:14,447
ELEVENMPV,ElevenMPV,12589,02/27/2022, 17:11:58,447
ELEVENMPV,ElevenMPV,12589,02/27/2022, 18:15:34,447
ELEVENMPV,ElevenMPV,12589,02/27/2022, 19:09:56,447
ELEVENMPV,ElevenMPV,12589,02/27/2022, 20:13:09,447
ELEVENMPV,ElevenMPV,12589,02/27/2022, 21:11:37,447
ELEVENMPV,ElevenMPV,12590,02/27/2022, 22:12:03,447
ELEVENMPV,ElevenMPV,12590,02/27/2022, 23:12:28,447
ELEVENMPV,ElevenMPV,12591,02/28/2022, 00:49:54,447
ELEVENMPV,ElevenMPV,12594,02/28/2022, 02:04:00,447
ELEVENMPV,ElevenMPV,12595,02/28/2022, 03:13:47,447
ELEVENMPV,ElevenMPV,12595,02/28/2022, 04:16:06,447
ELEVENMPV,ElevenMPV,12595,02/28/2022, 05:12:01,447
ELEVENMPV,ElevenMPV,12595,02/28/2022, 06:15:54,447
ELEVENMPV,ElevenMPV,12595,02/28/2022, 07:12:38,447
ELEVENMPV,ElevenMPV,12595,02/28/2022, 08:15:32,447
ELEVENMPV,ElevenMPV,12595,02/28/2022, 09:13:19,447
ELEVENMPV,ElevenMPV,12595,02/28/2022, 10:18:07,447
ELEVENMPV,ElevenMPV,12596,02/28/2022, 11:11:32,447
ELEVENMPV,ElevenMPV,12596,02/28/2022, 12:20:36,447
ELEVENMPV,ElevenMPV,12596,02/28/2022, 13:17:49,447
ELEVENMPV,ElevenMPV,12596,02/28/2022, 14:11:53,447
ELEVENMPV,ElevenMPV,12596,02/28/2022, 15:17:29,447
ELEVENMPV,ElevenMPV,12596,02/28/2022, 16:18:12,447
ELEVENMPV,ElevenMPV,12596,02/28/2022, 17:17:49,447
ELEVENMPV,ElevenMPV,12596,02/28/2022, 18:19:05,447
ELEVENMPV,ElevenMPV,12597,02/28/2022, 19:10:31,447
ELEVENMPV,ElevenMPV,12597,02/28/2022, 20:13:49,447
ELEVENMPV,ElevenMPV,12597,02/28/2022, 21:12:31,447
ELEVENMPV,ElevenMPV,12597,02/28/2022, 22:12:36,447
ELEVENMPV,ElevenMPV,12598,02/28/2022, 23:13:27,447
ELEVENMPV,ElevenMPV,12599,03/01/2022, 00:55:39,447
ELEVENMPV,ElevenMPV,12599,03/01/2022, 02:18:31,447
ELEVENMPV,ElevenMPV,12601,03/01/2022, 03:16:27,447
ELEVENMPV,ElevenMPV,12601,03/01/2022, 04:16:08,447
ELEVENMPV,ElevenMPV,12601,03/01/2022, 05:11:53,447
ELEVENMPV,ElevenMPV,12601,03/01/2022, 06:15:44,447
ELEVENMPV,ElevenMPV,12603,03/01/2022, 07:12:16,447
ELEVENMPV,ElevenMPV,12603,03/01/2022, 08:15:52,447
ELEVENMPV,ElevenMPV,12603,03/01/2022, 09:15:55,447
ELEVENMPV,ElevenMPV,12603,03/01/2022, 10:14:52,447
ELEVENMPV,ElevenMPV,12604,03/01/2022, 11:12:49,447
ELEVENMPV,ElevenMPV,12604,03/01/2022, 12:23:20,447
ELEVENMPV,ElevenMPV,12604,03/01/2022, 13:18:56,447
ELEVENMPV,ElevenMPV,12604,03/01/2022, 14:12:33,447
ELEVENMPV,ElevenMPV,12604,03/01/2022, 15:18:26,447
ELEVENMPV,ElevenMPV,12604,03/01/2022, 16:22:11,447
ELEVENMPV,ElevenMPV,12604,03/01/2022, 17:18:26,447
ELEVENMPV,ElevenMPV,12605,03/01/2022, 18:16:47,447
ELEVENMPV,ElevenMPV,12605,03/01/2022, 19:12:36,447
ELEVENMPV,ElevenMPV,12605,03/01/2022, 20:15:51,447
ELEVENMPV,ElevenMPV,12606,03/01/2022, 21:12:13,447
ELEVENMPV,ElevenMPV,12607,03/01/2022, 22:12:34,447
ELEVENMPV,ElevenMPV,12607,03/01/2022, 23:13:01,447
ELEVENMPV,ElevenMPV,12608,03/02/2022, 00:52:26,447
ELEVENMPV,ElevenMPV,12608,03/02/2022, 02:10:34,447
ELEVENMPV,ElevenMPV,12609,03/02/2022, 03:13:28,447
ELEVENMPV,ElevenMPV,12609,03/02/2022, 04:16:09,447
ELEVENMPV,ElevenMPV,12611,03/02/2022, 05:11:51,447
ELEVENMPV,ElevenMPV,12611,03/02/2022, 06:16:11,447
ELEVENMPV,ElevenMPV,12613,03/02/2022, 07:12:20,447
ELEVENMPV,ElevenMPV,12613,03/02/2022, 08:15:50,447
ELEVENMPV,ElevenMPV,12613,03/02/2022, 09:12:56,447
ELEVENMPV,ElevenMPV,12613,03/02/2022, 10:14:13,447
ELEVENMPV,ElevenMPV,12613,03/02/2022, 11:12:44,447
ELEVENMPV,ElevenMPV,12614,03/02/2022, 12:20:50,447
ELEVENMPV,ElevenMPV,12614,03/02/2022, 13:18:16,447
ELEVENMPV,ElevenMPV,12615,03/02/2022, 14:12:40,447
ELEVENMPV,ElevenMPV,12615,03/02/2022, 15:13:15,447
ELEVENMPV,ElevenMPV,12615,03/02/2022, 16:18:10,447
ELEVENMPV,ElevenMPV,12615,03/02/2022, 17:13:41,447
ELEVENMPV,ElevenMPV,12616,03/02/2022, 18:18:54,447
ELEVENMPV,ElevenMPV,12616,03/02/2022, 19:11:04,447
ELEVENMPV,ElevenMPV,12616,03/02/2022, 20:12:20,447
ELEVENMPV,ElevenMPV,12616,03/02/2022, 21:10:19,447
ELEVENMPV,ElevenMPV,12617,03/02/2022, 22:12:47,447
ELEVENMPV,ElevenMPV,12618,03/02/2022, 23:12:42,447
ELEVENMPV,ElevenMPV,12620,03/03/2022, 00:53:16,447
ELEVENMPV,ElevenMPV,12620,03/03/2022, 02:11:59,447
ELEVENMPV,ElevenMPV,12620,03/03/2022, 03:15:10,447
ELEVENMPV,ElevenMPV,12620,03/03/2022, 04:16:07,447
ELEVENMPV,ElevenMPV,12620,03/03/2022, 05:11:59,447
ELEVENMPV,ElevenMPV,12620,03/03/2022, 06:15:45,447
ELEVENMPV,ElevenMPV,12621,03/03/2022, 07:12:29,447
ELEVENMPV,ElevenMPV,12621,03/03/2022, 08:15:02,447
ELEVENMPV,ElevenMPV,12621,03/03/2022, 09:17:15,447
ELEVENMPV,ElevenMPV,12622,03/03/2022, 10:14:15,447
ELEVENMPV,ElevenMPV,12622,03/03/2022, 11:15:21,447
ELEVENMPV,ElevenMPV,12622,03/03/2022, 12:23:50,447
ELEVENMPV,ElevenMPV,12622,03/03/2022, 13:18:08,447
ELEVENMPV,ElevenMPV,12622,03/03/2022, 14:17:30,447
ELEVENMPV,ElevenMPV,12622,03/03/2022, 15:13:35,447
ELEVENMPV,ElevenMPV,12622,03/03/2022, 16:19:07,447
ELEVENMPV,ElevenMPV,12622,03/03/2022, 17:17:55,447
ELEVENMPV,ElevenMPV,12622,03/03/2022, 18:14:58,447
ELEVENMPV,ElevenMPV,12622,03/03/2022, 19:10:53,447
ELEVENMPV,ElevenMPV,12622,03/03/2022, 20:13:15,447
ELEVENMPV,ElevenMPV,12622,03/03/2022, 21:12:03,447
ELEVENMPV,ElevenMPV,12622,03/03/2022, 22:12:55,447
ELEVENMPV,ElevenMPV,12622,03/03/2022, 23:12:47,447
ELEVENMPV,ElevenMPV,12622,03/04/2022, 00:55:52,447
ELEVENMPV,ElevenMPV,12622,03/04/2022, 02:16:47,447
ELEVENMPV,ElevenMPV,12622,03/04/2022, 03:15:49,447
ELEVENMPV,ElevenMPV,12622,03/04/2022, 04:16:03,447
ELEVENMPV,ElevenMPV,12622,03/04/2022, 05:12:44,447
ELEVENMPV,ElevenMPV,12623,03/04/2022, 06:15:44,447
ELEVENMPV,ElevenMPV,12623,03/04/2022, 07:12:17,447
ELEVENMPV,ElevenMPV,12623,03/04/2022, 08:15:22,447
ELEVENMPV,ElevenMPV,12623,03/04/2022, 09:17:07,447
ELEVENMPV,ElevenMPV,12623,03/04/2022, 10:15:11,447
ELEVENMPV,ElevenMPV,12623,03/04/2022, 11:10:42,447
ELEVENMPV,ElevenMPV,12623,03/04/2022, 12:21:09,447
ELEVENMPV,ElevenMPV,12623,03/04/2022, 13:18:20,447
ELEVENMPV,ElevenMPV,12623,03/04/2022, 14:13:22,447
ELEVENMPV,ElevenMPV,12624,03/04/2022, 15:18:11,447
ELEVENMPV,ElevenMPV,12625,03/04/2022, 16:20:22,447
ELEVENMPV,ElevenMPV,12625,03/04/2022, 17:14:05,447
ELEVENMPV,ElevenMPV,12625,03/04/2022, 18:15:11,447
ELEVENMPV,ElevenMPV,12625,03/04/2022, 19:10:21,447
ELEVENMPV,ElevenMPV,12625,03/04/2022, 20:13:38,447
ELEVENMPV,ElevenMPV,12626,03/04/2022, 21:11:45,447
ELEVENMPV,ElevenMPV,12629,03/04/2022, 22:10:16,447
ELEVENMPV,ElevenMPV,12630,03/04/2022, 23:12:38,447
ELEVENMPV,ElevenMPV,12631,03/05/2022, 00:52:27,447
ELEVENMPV,ElevenMPV,12632,03/05/2022, 02:06:08,447
ELEVENMPV,ElevenMPV,12632,03/05/2022, 03:12:49,447
ELEVENMPV,ElevenMPV,12632,03/05/2022, 04:15:32,447
ELEVENMPV,ElevenMPV,12632,03/05/2022, 05:11:41,447
ELEVENMPV,ElevenMPV,12632,03/05/2022, 06:15:12,447
ELEVENMPV,ElevenMPV,12632,03/05/2022, 07:12:29,447
ELEVENMPV,ElevenMPV,12633,03/05/2022, 08:14:31,447
ELEVENMPV,ElevenMPV,12634,03/05/2022, 09:11:49,447
ELEVENMPV,ElevenMPV,12634,03/05/2022, 10:13:16,447
ELEVENMPV,ElevenMPV,12634,03/05/2022, 11:11:33,447
ELEVENMPV,ElevenMPV,12635,03/05/2022, 12:18:59,447
ELEVENMPV,ElevenMPV,12635,03/05/2022, 13:15:16,447
ELEVENMPV,ElevenMPV,12635,03/05/2022, 14:11:57,447
ELEVENMPV,ElevenMPV,12636,03/05/2022, 15:12:23,447
ELEVENMPV,ElevenMPV,12636,03/05/2022, 16:16:12,447
ELEVENMPV,ElevenMPV,12636,03/05/2022, 17:11:47,447
ELEVENMPV,ElevenMPV,12636,03/05/2022, 18:14:11,447
ELEVENMPV,ElevenMPV,12636,03/05/2022, 19:10:47,447
ELEVENMPV,ElevenMPV,12637,03/05/2022, 20:12:35,447
ELEVENMPV,ElevenMPV,12637,03/05/2022, 21:11:05,447
ELEVENMPV,ElevenMPV,12637,03/05/2022, 22:12:17,447
ELEVENMPV,ElevenMPV,12638,03/05/2022, 23:11:56,447
ELEVENMPV,ElevenMPV,12640,03/06/2022, 00:49:54,447
ELEVENMPV,ElevenMPV,12640,03/06/2022, 02:05:31,447
ELEVENMPV,ElevenMPV,12642,03/06/2022, 03:13:05,447
ELEVENMPV,ElevenMPV,12642,03/06/2022, 04:15:44,447
ELEVENMPV,ElevenMPV,12642,03/06/2022, 05:11:45,447
ELEVENMPV,ElevenMPV,12643,03/06/2022, 06:14:52,447
ELEVENMPV,ElevenMPV,12643,03/06/2022, 07:12:04,447
ELEVENMPV,ElevenMPV,12643,03/06/2022, 08:14:39,447
ELEVENMPV,ElevenMPV,12643,03/06/2022, 09:11:47,447
ELEVENMPV,ElevenMPV,12643,03/06/2022, 10:13:00,447
ELEVENMPV,ElevenMPV,12643,03/06/2022, 11:10:27,447
ELEVENMPV,ElevenMPV,12643,03/06/2022, 12:19:30,447
ELEVENMPV,ElevenMPV,12643,03/06/2022, 13:15:24,447
ELEVENMPV,ElevenMPV,12643,03/06/2022, 14:11:13,447
ELEVENMPV,ElevenMPV,12644,03/06/2022, 15:12:40,447
ELEVENMPV,ElevenMPV,12644,03/06/2022, 16:16:25,447
ELEVENMPV,ElevenMPV,12644,03/06/2022, 17:12:12,447
ELEVENMPV,ElevenMPV,12644,03/06/2022, 18:14:16,447
ELEVENMPV,ElevenMPV,12644,03/06/2022, 19:09:53,447
ELEVENMPV,ElevenMPV,12645,03/06/2022, 20:13:38,447
ELEVENMPV,ElevenMPV,12645,03/06/2022, 21:11:16,447
ELEVENMPV,ElevenMPV,12645,03/06/2022, 22:12:31,447
ELEVENMPV,ElevenMPV,12645,03/06/2022, 23:13:15,447
ELEVENMPV,ElevenMPV,12647,03/07/2022, 00:51:04,447
ELEVENMPV,ElevenMPV,12650,03/07/2022, 02:09:36,447
ELEVENMPV,ElevenMPV,12651,03/07/2022, 03:13:20,447
ELEVENMPV,ElevenMPV,12651,03/07/2022, 04:15:58,447
ELEVENMPV,ElevenMPV,12651,03/07/2022, 05:12:24,447
ELEVENMPV,ElevenMPV,12651,03/07/2022, 06:16:14,447
ELEVENMPV,ElevenMPV,12652,03/07/2022, 07:13:15,447
ELEVENMPV,ElevenMPV,12652,03/07/2022, 08:17:53,447
ELEVENMPV,ElevenMPV,12652,03/07/2022, 09:13:49,447
ELEVENMPV,ElevenMPV,12652,03/07/2022, 10:14:44,447
ELEVENMPV,ElevenMPV,12652,03/07/2022, 11:13:04,447
ELEVENMPV,ElevenMPV,12652,03/07/2022, 12:23:21,447
ELEVENMPV,ElevenMPV,12652,03/07/2022, 13:23:29,447
ELEVENMPV,ElevenMPV,12653,03/07/2022, 14:12:16,447
ELEVENMPV,ElevenMPV,12653,03/07/2022, 15:18:13,447
ELEVENMPV,ElevenMPV,12653,03/07/2022, 16:22:16,447
ELEVENMPV,ElevenMPV,12653,03/07/2022, 17:20:10,447
ELEVENMPV,ElevenMPV,12654,03/07/2022, 18:18:12,447
ELEVENMPV,ElevenMPV,12654,03/07/2022, 19:13:01,447
ELEVENMPV,ElevenMPV,12655,03/07/2022, 20:17:40,447
ELEVENMPV,ElevenMPV,12657,03/07/2022, 21:13:13,447
ELEVENMPV,ElevenMPV,12657,03/07/2022, 22:12:41,447
ELEVENMPV,ElevenMPV,12658,03/07/2022, 23:12:43,447
ELEVENMPV,ElevenMPV,12658,03/08/2022, 00:49:32,447
ELEVENMPV,ElevenMPV,12658,03/08/2022, 02:07:37,447
ELEVENMPV,ElevenMPV,12658,03/08/2022, 03:13:15,447
ELEVENMPV,ElevenMPV,12658,03/08/2022, 04:16:33,447
ELEVENMPV,ElevenMPV,12658,03/08/2022, 05:12:12,447
ELEVENMPV,ElevenMPV,12658,03/08/2022, 06:15:40,447
ELEVENMPV,ElevenMPV,12659,03/08/2022, 07:13:15,447
ELEVENMPV,ElevenMPV,12659,03/08/2022, 08:15:59,447
ELEVENMPV,ElevenMPV,12659,03/08/2022, 09:12:38,447
ELEVENMPV,ElevenMPV,12659,03/08/2022, 10:14:02,447
ELEVENMPV,ElevenMPV,12660,03/08/2022, 11:14:11,447
ELEVENMPV,ElevenMPV,12661,03/08/2022, 12:21:05,447
ELEVENMPV,ElevenMPV,12661,03/08/2022, 13:22:50,447
ELEVENMPV,ElevenMPV,12662,03/08/2022, 14:13:32,447
ELEVENMPV,ElevenMPV,12662,03/08/2022, 15:18:15,447
ELEVENMPV,ElevenMPV,12663,03/08/2022, 16:19:04,447
ELEVENMPV,ElevenMPV,12663,03/08/2022, 17:15:00,447
ELEVENMPV,ElevenMPV,12663,03/08/2022, 18:19:09,447
ELEVENMPV,ElevenMPV,12663,03/08/2022, 19:11:03,447
ELEVENMPV,ElevenMPV,12664,03/08/2022, 20:14:02,447
ELEVENMPV,ElevenMPV,12665,03/08/2022, 21:11:32,447
ELEVENMPV,ElevenMPV,12666,03/08/2022, 22:13:17,447
ELEVENMPV,ElevenMPV,12666,03/08/2022, 23:12:42,447
ELEVENMPV,ElevenMPV,12667,03/09/2022, 00:50:59,447
ELEVENMPV,ElevenMPV,12667,03/09/2022, 02:12:38,447
ELEVENMPV,ElevenMPV,12667,03/09/2022, 03:13:40,447
ELEVENMPV,ElevenMPV,12667,03/09/2022, 04:16:14,447
ELEVENMPV,ElevenMPV,12667,03/09/2022, 05:12:43,447
ELEVENMPV,ElevenMPV,12667,03/09/2022, 06:15:56,447
ELEVENMPV,ElevenMPV,12668,03/09/2022, 07:12:30,447
ELEVENMPV,ElevenMPV,12668,03/09/2022, 08:15:33,447
ELEVENMPV,ElevenMPV,12668,03/09/2022, 09:17:16,447
ELEVENMPV,ElevenMPV,12668,03/09/2022, 10:18:15,447
ELEVENMPV,ElevenMPV,12668,03/09/2022, 11:14:49,447
ELEVENMPV,ElevenMPV,12668,03/09/2022, 12:26:18,447
ELEVENMPV,ElevenMPV,12668,03/09/2022, 13:23:07,447
ELEVENMPV,ElevenMPV,12668,03/09/2022, 14:17:16,447
ELEVENMPV,ElevenMPV,12668,03/09/2022, 15:17:56,447
ELEVENMPV,ElevenMPV,12669,03/09/2022, 16:18:42,447
ELEVENMPV,ElevenMPV,12669,03/09/2022, 17:14:44,447
ELEVENMPV,ElevenMPV,12669,03/09/2022, 18:20:09,447
ELEVENMPV,ElevenMPV,12669,03/09/2022, 19:10:59,447
ELEVENMPV,ElevenMPV,12670,03/09/2022, 20:13:30,447
ELEVENMPV,ElevenMPV,12670,03/09/2022, 21:11:52,447
ELEVENMPV,ElevenMPV,12670,03/09/2022, 22:12:49,447
ELEVENMPV,ElevenMPV,12670,03/09/2022, 23:12:55,447
ELEVENMPV,ElevenMPV,12671,03/10/2022, 00:53:30,447
ELEVENMPV,ElevenMPV,12671,03/10/2022, 02:19:02,447
ELEVENMPV,ElevenMPV,12672,03/10/2022, 03:17:29,447
ELEVENMPV,ElevenMPV,12672,03/10/2022, 04:16:30,447
ELEVENMPV,ElevenMPV,12672,03/10/2022, 05:12:01,447
ELEVENMPV,ElevenMPV,12672,03/10/2022, 06:15:45,447
ELEVENMPV,ElevenMPV,12672,03/10/2022, 07:12:36,447
ELEVENMPV,ElevenMPV,12672,03/10/2022, 08:15:39,447
ELEVENMPV,ElevenMPV,12672,03/10/2022, 09:14:45,447
ELEVENMPV,ElevenMPV,12672,03/10/2022, 10:13:58,447
ELEVENMPV,ElevenMPV,12673,03/10/2022, 11:12:45,447
ELEVENMPV,ElevenMPV,12673,03/10/2022, 12:22:55,447
ELEVENMPV,ElevenMPV,12673,03/10/2022, 13:19:43,447
ELEVENMPV,ElevenMPV,12673,03/10/2022, 14:16:18,447
ELEVENMPV,ElevenMPV,12674,03/10/2022, 15:19:23,447
ELEVENMPV,ElevenMPV,12676,03/10/2022, 16:23:01,447
ELEVENMPV,ElevenMPV,12676,03/10/2022, 17:15:34,447
ELEVENMPV,ElevenMPV,12676,03/10/2022, 18:15:14,447
ELEVENMPV,ElevenMPV,12676,03/10/2022, 19:10:24,447
ELEVENMPV,ElevenMPV,12676,03/10/2022, 20:13:49,447
ELEVENMPV,ElevenMPV,12676,03/10/2022, 21:12:02,447
ELEVENMPV,ElevenMPV,12676,03/10/2022, 22:13:18,447
ELEVENMPV,ElevenMPV,12677,03/10/2022, 23:13:26,447
ELEVENMPV,ElevenMPV,12677,03/11/2022, 00:55:46,447
ELEVENMPV,ElevenMPV,12677,03/11/2022, 02:14:10,447
ELEVENMPV,ElevenMPV,12678,03/11/2022, 03:14:43,447
ELEVENMPV,ElevenMPV,12679,03/11/2022, 04:17:08,447
ELEVENMPV,ElevenMPV,12679,03/11/2022, 05:11:54,447
ELEVENMPV,ElevenMPV,12679,03/11/2022, 06:16:20,447
ELEVENMPV,ElevenMPV,12679,03/11/2022, 07:12:39,447
ELEVENMPV,ElevenMPV,12679,03/11/2022, 08:16:01,447
ELEVENMPV,ElevenMPV,12679,03/11/2022, 09:18:07,447
ELEVENMPV,ElevenMPV,12679,03/11/2022, 10:19:14,447
ELEVENMPV,ElevenMPV,12679,03/11/2022, 11:11:44,447
ELEVENMPV,ElevenMPV,12679,03/11/2022, 12:21:03,447
ELEVENMPV,ElevenMPV,12679,03/11/2022, 13:18:32,447
ELEVENMPV,ElevenMPV,12679,03/11/2022, 14:13:09,447
ELEVENMPV,ElevenMPV,12679,03/11/2022, 15:18:09,447
ELEVENMPV,ElevenMPV,12681,03/11/2022, 16:23:29,447
ELEVENMPV,ElevenMPV,12681,03/11/2022, 17:14:38,447
ELEVENMPV,ElevenMPV,12681,03/11/2022, 18:15:16,447
ELEVENMPV,ElevenMPV,12681,03/11/2022, 19:10:07,447
ELEVENMPV,ElevenMPV,12683,03/11/2022, 20:13:32,447
ELEVENMPV,ElevenMPV,12683,03/11/2022, 21:11:12,447
ELEVENMPV,ElevenMPV,12684,03/11/2022, 22:13:27,447
ELEVENMPV,ElevenMPV,12684,03/11/2022, 23:12:37,447
ELEVENMPV,ElevenMPV,12686,03/12/2022, 00:50:00,447
ELEVENMPV,ElevenMPV,12687,03/12/2022, 01:59:57,447
ELEVENMPV,ElevenMPV,12687,03/12/2022, 02:37:01,447
ELEVENMPV,ElevenMPV,12687,03/12/2022, 03:13:33,447
ELEVENMPV,ElevenMPV,12687,03/12/2022, 04:16:46,447
ELEVENMPV,ElevenMPV,12687,03/12/2022, 05:11:26,447
ELEVENMPV,ElevenMPV,12687,03/12/2022, 06:15:44,447
ELEVENMPV,ElevenMPV,12687,03/12/2022, 07:11:57,447
ELEVENMPV,ElevenMPV,12687,03/12/2022, 08:14:52,447
ELEVENMPV,ElevenMPV,12687,03/12/2022, 09:12:43,447
ELEVENMPV,ElevenMPV,12687,03/12/2022, 10:13:42,447
ELEVENMPV,ElevenMPV,12687,03/12/2022, 11:10:45,447
ELEVENMPV,ElevenMPV,12687,03/12/2022, 12:19:31,447
ELEVENMPV,ElevenMPV,12687,03/12/2022, 13:15:56,447
ELEVENMPV,ElevenMPV,12687,03/12/2022, 14:11:07,447
ELEVENMPV,ElevenMPV,12687,03/12/2022, 15:12:35,447
ELEVENMPV,ElevenMPV,12688,03/12/2022, 16:16:40,447
ELEVENMPV,ElevenMPV,12692,03/12/2022, 17:12:21,447
ELEVENMPV,ElevenMPV,12692,03/12/2022, 18:14:35,447
ELEVENMPV,ElevenMPV,12692,03/12/2022, 19:10:40,447
ELEVENMPV,ElevenMPV,12692,03/12/2022, 20:13:51,447
ELEVENMPV,ElevenMPV,12692,03/12/2022, 21:11:32,447
ELEVENMPV,ElevenMPV,12692,03/12/2022, 22:12:38,447
ELEVENMPV,ElevenMPV,12692,03/12/2022, 23:13:01,447
ELEVENMPV,ElevenMPV,12693,03/13/2022, 00:49:24,447
ELEVENMPV,ElevenMPV,12693,03/13/2022, 02:03:01,447
ELEVENMPV,ElevenMPV,12694,03/13/2022, 03:13:33,447
ELEVENMPV,ElevenMPV,12694,03/13/2022, 04:16:39,447
ELEVENMPV,ElevenMPV,12694,03/13/2022, 05:15:47,447
ELEVENMPV,ElevenMPV,12695,03/13/2022, 06:18:33,447
ELEVENMPV,ElevenMPV,12695,03/13/2022, 07:12:13,447
ELEVENMPV,ElevenMPV,12695,03/13/2022, 08:14:51,447
ELEVENMPV,ElevenMPV,12695,03/13/2022, 09:12:23,447
ELEVENMPV,ElevenMPV,12696,03/13/2022, 10:13:19,447
ELEVENMPV,ElevenMPV,12696,03/13/2022, 11:10:29,447
ELEVENMPV,ElevenMPV,12696,03/13/2022, 12:19:43,447
ELEVENMPV,ElevenMPV,12696,03/13/2022, 13:16:19,447
ELEVENMPV,ElevenMPV,12697,03/13/2022, 14:12:29,447
ELEVENMPV,ElevenMPV,12697,03/13/2022, 15:12:34,447
ELEVENMPV,ElevenMPV,12697,03/13/2022, 16:17:32,447
ELEVENMPV,ElevenMPV,12697,03/13/2022, 17:12:56,447
ELEVENMPV,ElevenMPV,12697,03/13/2022, 18:14:39,447
ELEVENMPV,ElevenMPV,12697,03/13/2022, 19:10:09,447
ELEVENMPV,ElevenMPV,12697,03/13/2022, 20:13:20,447
ELEVENMPV,ElevenMPV,12698,03/13/2022, 21:11:10,447
ELEVENMPV,ElevenMPV,12698,03/13/2022, 22:12:09,447
ELEVENMPV,ElevenMPV,12698,03/13/2022, 23:13:39,447
ELEVENMPV,ElevenMPV,12699,03/14/2022, 00:53:28,447
ELEVENMPV,ElevenMPV,12699,03/14/2022, 02:11:19,447
ELEVENMPV,ElevenMPV,12700,03/14/2022, 03:15:11,447
ELEVENMPV,ElevenMPV,12700,03/14/2022, 04:19:32,447
ELEVENMPV,ElevenMPV,12701,03/14/2022, 05:33:39,447
ELEVENMPV,ElevenMPV,12702,03/14/2022, 06:16:27,447
ELEVENMPV,ElevenMPV,12703,03/14/2022, 07:12:48,447
ELEVENMPV,ElevenMPV,12703,03/14/2022, 08:18:52,447
ELEVENMPV,ElevenMPV,12703,03/14/2022, 09:17:33,447
ELEVENMPV,ElevenMPV,12703,03/14/2022, 10:14:25,447
ELEVENMPV,ElevenMPV,12703,03/14/2022, 11:13:22,447
ELEVENMPV,ElevenMPV,12703,03/14/2022, 12:23:09,447
ELEVENMPV,ElevenMPV,12703,03/14/2022, 13:24:10,447
ELEVENMPV,ElevenMPV,12704,03/14/2022, 14:17:30,447
ELEVENMPV,ElevenMPV,12704,03/14/2022, 15:17:58,447
ELEVENMPV,ElevenMPV,12704,03/14/2022, 16:18:56,447
ELEVENMPV,ElevenMPV,12704,03/14/2022, 17:14:08,447
ELEVENMPV,ElevenMPV,12705,03/14/2022, 18:20:07,447
ELEVENMPV,ElevenMPV,12705,03/14/2022, 19:11:57,447
ELEVENMPV,ElevenMPV,12706,03/14/2022, 20:14:24,447
ELEVENMPV,ElevenMPV,12706,03/14/2022, 21:13:44,447
ELEVENMPV,ElevenMPV,12706,03/14/2022, 22:13:10,447
ELEVENMPV,ElevenMPV,12706,03/14/2022, 23:13:48,447
ELEVENMPV,ElevenMPV,12706,03/15/2022, 00:54:10,447
ELEVENMPV,ElevenMPV,12706,03/15/2022, 02:14:34,447
ELEVENMPV,ElevenMPV,12707,03/15/2022, 03:14:38,447
ELEVENMPV,ElevenMPV,12707,03/15/2022, 04:16:53,447
ELEVENMPV,ElevenMPV,12707,03/15/2022, 05:12:36,447
ELEVENMPV,ElevenMPV,12707,03/15/2022, 06:16:00,447
ELEVENMPV,ElevenMPV,12707,03/15/2022, 07:13:19,447
ELEVENMPV,ElevenMPV,12707,03/15/2022, 08:17:49,447
ELEVENMPV,ElevenMPV,12707,03/15/2022, 09:14:55,447
ELEVENMPV,ElevenMPV,12707,03/15/2022, 10:18:21,447
ELEVENMPV,ElevenMPV,12708,03/15/2022, 11:12:17,447
ELEVENMPV,ElevenMPV,12708,03/15/2022, 12:24:12,447
ELEVENMPV,ElevenMPV,12709,03/15/2022, 13:23:45,447
ELEVENMPV,ElevenMPV,12710,03/15/2022, 14:12:50,447
ELEVENMPV,ElevenMPV,12710,03/15/2022, 15:18:12,447
ELEVENMPV,ElevenMPV,12710,03/15/2022, 16:23:14,447
ELEVENMPV,ElevenMPV,12710,03/15/2022, 17:14:41,447
ELEVENMPV,ElevenMPV,12711,03/15/2022, 18:20:15,447
ELEVENMPV,ElevenMPV,12711,03/15/2022, 19:13:00,447
ELEVENMPV,ElevenMPV,12711,03/15/2022, 20:14:27,447
ELEVENMPV,ElevenMPV,12711,03/15/2022, 21:10:04,447
ELEVENMPV,ElevenMPV,12711,03/15/2022, 22:14:02,447
ELEVENMPV,ElevenMPV,12711,03/15/2022, 23:13:28,447
ELEVENMPV,ElevenMPV,12711,03/16/2022, 00:54:03,447
ELEVENMPV,ElevenMPV,12711,03/16/2022, 02:20:59,447
ELEVENMPV,ElevenMPV,12711,03/16/2022, 03:16:38,447
ELEVENMPV,ElevenMPV,12712,03/16/2022, 04:15:46,447
ELEVENMPV,ElevenMPV,12713,03/16/2022, 05:12:26,447
ELEVENMPV,ElevenMPV,12713,03/16/2022, 06:15:44,447
ELEVENMPV,ElevenMPV,12714,03/16/2022, 07:13:25,447
ELEVENMPV,ElevenMPV,12714,03/16/2022, 08:15:59,447
ELEVENMPV,ElevenMPV,12715,03/16/2022, 09:17:14,447
ELEVENMPV,ElevenMPV,12715,03/16/2022, 10:19:15,447
ELEVENMPV,ElevenMPV,12715,03/16/2022, 11:14:20,447
ELEVENMPV,ElevenMPV,12715,03/16/2022, 12:23:33,447
ELEVENMPV,ElevenMPV,12715,03/16/2022, 13:22:48,447
ELEVENMPV,ElevenMPV,12715,03/16/2022, 14:16:28,447
ELEVENMPV,ElevenMPV,12715,03/16/2022, 15:14:00,447
ELEVENMPV,ElevenMPV,12715,03/16/2022, 16:17:19,447
ELEVENMPV,ElevenMPV,12715,03/16/2022, 17:14:41,447
ELEVENMPV,ElevenMPV,12715,03/16/2022, 18:15:40,447
ELEVENMPV,ElevenMPV,12715,03/16/2022, 19:15:21,447
ELEVENMPV,ElevenMPV,12716,03/16/2022, 20:14:06,447
ELEVENMPV,ElevenMPV,12716,03/16/2022, 21:12:26,447
ELEVENMPV,ElevenMPV,12716,03/16/2022, 22:11:44,447
ELEVENMPV,ElevenMPV,12716,03/16/2022, 23:13:05,447
ELEVENMPV,ElevenMPV,12716,03/17/2022, 00:52:42,447
ELEVENMPV,ElevenMPV,12717,03/17/2022, 02:14:56,447
ELEVENMPV,ElevenMPV,12717,03/17/2022, 03:14:17,447
ELEVENMPV,ElevenMPV,12717,03/17/2022, 04:16:24,447
ELEVENMPV,ElevenMPV,12717,03/17/2022, 05:12:20,447
ELEVENMPV,ElevenMPV,12717,03/17/2022, 06:15:44,447
ELEVENMPV,ElevenMPV,12717,03/17/2022, 07:13:04,447
ELEVENMPV,ElevenMPV,12717,03/17/2022, 08:16:51,447
ELEVENMPV,ElevenMPV,12719,03/17/2022, 09:17:09,447
ELEVENMPV,ElevenMPV,12719,03/17/2022, 10:19:08,447
ELEVENMPV,ElevenMPV,12719,03/17/2022, 11:12:43,447
ELEVENMPV,ElevenMPV,12719,03/17/2022, 12:22:26,447
ELEVENMPV,ElevenMPV,12721,03/17/2022, 13:25:12,447
ELEVENMPV,ElevenMPV,12722,03/17/2022, 16:17:56,447
ELEVENMPV,ElevenMPV,12723,03/17/2022, 17:18:15,447
ELEVENMPV,ElevenMPV,12723,03/17/2022, 18:18:26,447
ELEVENMPV,ElevenMPV,12723,03/17/2022, 19:13:59,447
ELEVENMPV,ElevenMPV,12724,03/17/2022, 20:13:55,447
ELEVENMPV,ElevenMPV,12725,03/17/2022, 21:11:36,447
ELEVENMPV,ElevenMPV,12725,03/17/2022, 22:13:14,447
ELEVENMPV,ElevenMPV,12725,03/17/2022, 23:12:51,447
ELEVENMPV,ElevenMPV,12726,03/18/2022, 00:51:44,447
ELEVENMPV,ElevenMPV,12726,03/18/2022, 02:19:05,447
ELEVENMPV,ElevenMPV,12726,03/18/2022, 03:16:18,447
ELEVENMPV,ElevenMPV,12726,03/18/2022, 04:16:20,447
ELEVENMPV,ElevenMPV,12726,03/18/2022, 05:12:21,447
ELEVENMPV,ElevenMPV,12726,03/18/2022, 06:15:59,447
ELEVENMPV,ElevenMPV,12726,03/18/2022, 07:12:55,447
ELEVENMPV,ElevenMPV,12727,03/18/2022, 08:15:32,447
ELEVENMPV,ElevenMPV,12727,03/18/2022, 09:18:12,447
ELEVENMPV,ElevenMPV,12728,03/18/2022, 10:18:13,447
ELEVENMPV,ElevenMPV,12728,03/18/2022, 11:12:21,447
ELEVENMPV,ElevenMPV,12728,03/18/2022, 12:21:42,447
ELEVENMPV,ElevenMPV,12729,03/18/2022, 13:23:23,447
ELEVENMPV,ElevenMPV,12730,03/18/2022, 14:13:38,447
ELEVENMPV,ElevenMPV,12730,03/18/2022, 15:18:11,447
ELEVENMPV,ElevenMPV,12730,03/18/2022, 16:18:36,447
ELEVENMPV,ElevenMPV,12730,03/18/2022, 17:18:32,447
ELEVENMPV,ElevenMPV,12730,03/18/2022, 18:15:30,447
ELEVENMPV,ElevenMPV,12731,03/18/2022, 19:10:33,447
ELEVENMPV,ElevenMPV,12731,03/18/2022, 20:13:40,447
ELEVENMPV,ElevenMPV,12732,03/18/2022, 21:12:25,447
ELEVENMPV,ElevenMPV,12732,03/18/2022, 22:13:11,447
ELEVENMPV,ElevenMPV,12732,03/18/2022, 23:13:19,447
ELEVENMPV,ElevenMPV,12734,03/19/2022, 00:49:09,447
ELEVENMPV,ElevenMPV,12735,03/19/2022, 02:08:36,447
ELEVENMPV,ElevenMPV,12735,03/19/2022, 03:12:55,447
ELEVENMPV,ElevenMPV,12735,03/19/2022, 04:15:46,447
ELEVENMPV,ElevenMPV,12736,03/19/2022, 05:11:40,447
ELEVENMPV,ElevenMPV,12736,03/19/2022, 06:16:16,447
ELEVENMPV,ElevenMPV,12736,03/19/2022, 07:12:07,447
ELEVENMPV,ElevenMPV,12737,03/19/2022, 08:14:49,447
ELEVENMPV,ElevenMPV,12737,03/19/2022, 09:12:32,447
ELEVENMPV,ElevenMPV,12737,03/19/2022, 10:13:41,447
ELEVENMPV,ElevenMPV,12737,03/19/2022, 11:11:12,447
ELEVENMPV,ElevenMPV,12737,03/19/2022, 12:20:39,447
ELEVENMPV,ElevenMPV,12738,03/19/2022, 13:17:02,447
ELEVENMPV,ElevenMPV,12738,03/19/2022, 14:12:53,447
ELEVENMPV,ElevenMPV,12739,03/19/2022, 15:13:14,447
ELEVENMPV,ElevenMPV,12740,03/19/2022, 16:17:09,447
ELEVENMPV,ElevenMPV,12740,03/19/2022, 17:12:32,447
ELEVENMPV,ElevenMPV,12740,03/19/2022, 18:14:36,447
ELEVENMPV,ElevenMPV,12740,03/19/2022, 19:10:16,447
ELEVENMPV,ElevenMPV,12740,03/19/2022, 20:12:55,447
ELEVENMPV,ElevenMPV,12740,03/19/2022, 21:10:53,447
ELEVENMPV,ElevenMPV,12741,03/19/2022, 22:12:10,447
ELEVENMPV,ElevenMPV,12742,03/19/2022, 23:12:52,447
ELEVENMPV,ElevenMPV,12742,03/20/2022, 00:52:16,447
ELEVENMPV,ElevenMPV,12743,03/20/2022, 02:11:52,447
ELEVENMPV,ElevenMPV,12744,03/20/2022, 03:12:58,447
ELEVENMPV,ElevenMPV,12744,03/20/2022, 04:16:27,447
ELEVENMPV,ElevenMPV,12744,03/20/2022, 05:11:48,447
ELEVENMPV,ElevenMPV,12744,03/20/2022, 06:15:31,447
ELEVENMPV,ElevenMPV,12744,03/20/2022, 07:12:03,447
ELEVENMPV,ElevenMPV,12745,03/20/2022, 08:14:44,447
ELEVENMPV,ElevenMPV,12745,03/20/2022, 09:13:12,447
ELEVENMPV,ElevenMPV,12745,03/20/2022, 10:13:39,447
ELEVENMPV,ElevenMPV,12745,03/20/2022, 11:12:11,447
ELEVENMPV,ElevenMPV,12745,03/20/2022, 12:19:41,447
ELEVENMPV,ElevenMPV,12745,03/20/2022, 13:16:42,447
ELEVENMPV,ElevenMPV,12745,03/20/2022, 14:12:44,447
ELEVENMPV,ElevenMPV,12747,03/20/2022, 15:13:52,447
ELEVENMPV,ElevenMPV,12747,03/20/2022, 16:16:29,447
ELEVENMPV,ElevenMPV,12747,03/20/2022, 17:12:27,447
ELEVENMPV,ElevenMPV,12747,03/20/2022, 18:15:20,447
ELEVENMPV,ElevenMPV,12749,03/20/2022, 19:10:19,447
ELEVENMPV,ElevenMPV,12749,03/20/2022, 20:12:57,447
ELEVENMPV,ElevenMPV,12750,03/20/2022, 21:11:14,447
ELEVENMPV,ElevenMPV,12750,03/20/2022, 22:12:46,447
ELEVENMPV,ElevenMPV,12750,03/20/2022, 23:12:29,447
ELEVENMPV,ElevenMPV,12750,03/21/2022, 00:52:51,447
ELEVENMPV,ElevenMPV,12750,03/21/2022, 02:25:39,447
ELEVENMPV,ElevenMPV,12750,03/21/2022, 03:21:10,447
ELEVENMPV,ElevenMPV,12750,03/21/2022, 04:16:24,447
ELEVENMPV,ElevenMPV,12751,03/21/2022, 05:12:21,447
ELEVENMPV,ElevenMPV,12751,03/21/2022, 06:16:40,447
ELEVENMPV,ElevenMPV,12751,03/21/2022, 07:13:26,447
ELEVENMPV,ElevenMPV,12751,03/21/2022, 08:17:28,447
ELEVENMPV,ElevenMPV,12751,03/21/2022, 09:13:33,447
ELEVENMPV,ElevenMPV,12751,03/21/2022, 10:19:21,447
ELEVENMPV,ElevenMPV,12751,03/21/2022, 11:13:12,447
ELEVENMPV,ElevenMPV,12752,03/21/2022, 12:26:25,447
ELEVENMPV,ElevenMPV,12755,03/21/2022, 13:25:19,447
ELEVENMPV,ElevenMPV,12755,03/21/2022, 14:17:23,447
ELEVENMPV,ElevenMPV,12755,03/21/2022, 15:19:24,447
ELEVENMPV,ElevenMPV,12755,03/21/2022, 16:23:24,447
ELEVENMPV,ElevenMPV,12755,03/21/2022, 17:15:47,447
ELEVENMPV,ElevenMPV,12755,03/21/2022, 18:21:23,447
ELEVENMPV,ElevenMPV,12755,03/21/2022, 19:16:16,447
ELEVENMPV,ElevenMPV,12756,03/21/2022, 20:19:39,447
ELEVENMPV,ElevenMPV,12756,03/21/2022, 21:15:26,447
ELEVENMPV,ElevenMPV,12756,03/21/2022, 22:13:20,447
ELEVENMPV,ElevenMPV,12757,03/21/2022, 23:13:28,447
ELEVENMPV,ElevenMPV,12757,03/22/2022, 00:54:33,447
ELEVENMPV,ElevenMPV,12757,03/22/2022, 02:25:31,447
ELEVENMPV,ElevenMPV,12758,03/22/2022, 03:22:34,447
ELEVENMPV,ElevenMPV,12758,03/22/2022, 04:16:08,447
ELEVENMPV,ElevenMPV,12759,03/22/2022, 05:12:11,447
ELEVENMPV,ElevenMPV,12759,03/22/2022, 06:16:00,447
ELEVENMPV,ElevenMPV,12761,03/22/2022, 07:12:40,447
ELEVENMPV,ElevenMPV,12761,03/22/2022, 08:16:52,447
ELEVENMPV,ElevenMPV,12761,03/22/2022, 09:13:08,447
ELEVENMPV,ElevenMPV,12761,03/22/2022, 10:17:39,447
ELEVENMPV,ElevenMPV,12761,03/22/2022, 11:16:12,447
ELEVENMPV,ElevenMPV,12762,03/22/2022, 12:28:25,447
ELEVENMPV,ElevenMPV,12762,03/22/2022, 13:26:37,447
ELEVENMPV,ElevenMPV,12762,03/22/2022, 14:17:19,447
ELEVENMPV,ElevenMPV,12763,03/22/2022, 15:15:00,447
ELEVENMPV,ElevenMPV,12765,03/22/2022, 16:24:44,447
ELEVENMPV,ElevenMPV,12765,03/22/2022, 17:19:19,447
ELEVENMPV,ElevenMPV,12765,03/22/2022, 18:20:16,447
ELEVENMPV,ElevenMPV,12765,03/22/2022, 19:12:08,447
ELEVENMPV,ElevenMPV,12765,03/22/2022, 20:18:14,447
ELEVENMPV,ElevenMPV,12765,03/22/2022, 21:16:23,447
ELEVENMPV,ElevenMPV,12765,03/22/2022, 22:12:47,447
ELEVENMPV,ElevenMPV,12766,03/22/2022, 23:13:39,447
ELEVENMPV,ElevenMPV,12766,03/23/2022, 00:59:29,447
ELEVENMPV,ElevenMPV,12768,03/23/2022, 02:37:33,447
ELEVENMPV,ElevenMPV,12769,03/23/2022, 03:25:46,447
ELEVENMPV,ElevenMPV,12769,03/23/2022, 04:16:05,447
ELEVENMPV,ElevenMPV,12770,03/23/2022, 05:12:15,447
ELEVENMPV,ElevenMPV,12771,03/23/2022, 06:16:44,447
ELEVENMPV,ElevenMPV,12771,03/23/2022, 07:13:03,447
ELEVENMPV,ElevenMPV,12771,03/23/2022, 08:21:17,447
ELEVENMPV,ElevenMPV,12771,03/23/2022, 09:17:37,447
ELEVENMPV,ElevenMPV,12771,03/23/2022, 10:19:24,447
ELEVENMPV,ElevenMPV,12771,03/23/2022, 11:15:06,447
ELEVENMPV,ElevenMPV,12771,03/23/2022, 12:27:51,447
ELEVENMPV,ElevenMPV,12771,03/23/2022, 13:27:36,447
ELEVENMPV,ElevenMPV,12772,03/23/2022, 14:17:31,447
ELEVENMPV,ElevenMPV,12772,03/23/2022, 15:13:59,447
ELEVENMPV,ElevenMPV,12772,03/23/2022, 16:17:35,447
ELEVENMPV,ElevenMPV,12772,03/23/2022, 17:15:48,447
ELEVENMPV,ElevenMPV,12772,03/23/2022, 18:20:23,447
ELEVENMPV,ElevenMPV,12772,03/23/2022, 19:12:49,447
ELEVENMPV,ElevenMPV,12772,03/23/2022, 20:15:24,447
ELEVENMPV,ElevenMPV,12772,03/23/2022, 21:15:49,447
ELEVENMPV,ElevenMPV,12772,03/23/2022, 22:13:14,447
ELEVENMPV,ElevenMPV,12772,03/23/2022, 23:13:09,447
ELEVENMPV,ElevenMPV,12772,03/24/2022, 00:55:04,447
ELEVENMPV,ElevenMPV,12772,03/24/2022, 02:23:27,447
ELEVENMPV,ElevenMPV,12772,03/24/2022, 03:20:06,447
ELEVENMPV,ElevenMPV,12772,03/24/2022, 04:17:10,447
ELEVENMPV,ElevenMPV,12772,03/24/2022, 05:12:17,447
ELEVENMPV,ElevenMPV,12773,03/24/2022, 06:16:33,447
ELEVENMPV,ElevenMPV,12773,03/24/2022, 07:12:51,447
ELEVENMPV,ElevenMPV,12773,03/24/2022, 08:15:55,447
ELEVENMPV,ElevenMPV,12773,03/24/2022, 09:18:26,447
ELEVENMPV,ElevenMPV,12773,03/24/2022, 10:19:21,447
ELEVENMPV,ElevenMPV,12773,03/24/2022, 11:16:34,447
ELEVENMPV,ElevenMPV,12773,03/24/2022, 12:22:50,447
ELEVENMPV,ElevenMPV,12773,03/24/2022, 13:22:38,447
ELEVENMPV,ElevenMPV,12774,03/24/2022, 14:17:21,447
ELEVENMPV,ElevenMPV,12774,03/24/2022, 15:19:17,447
ELEVENMPV,ElevenMPV,12774,03/24/2022, 16:17:48,447
ELEVENMPV,ElevenMPV,12775,03/24/2022, 17:29:24,447
ELEVENMPV,ElevenMPV,12776,03/24/2022, 18:20:08,447
ELEVENMPV,ElevenMPV,12776,03/24/2022, 19:10:42,447
ELEVENMPV,ElevenMPV,12776,03/24/2022, 20:14:29,447
ELEVENMPV,ElevenMPV,12776,03/24/2022, 21:12:36,447
ELEVENMPV,ElevenMPV,12776,03/24/2022, 22:13:43,447
ELEVENMPV,ElevenMPV,12776,03/24/2022, 23:13:23,447
ELEVENMPV,ElevenMPV,12777,03/25/2022, 00:53:08,447
ELEVENMPV,ElevenMPV,12777,03/25/2022, 02:18:58,447
ELEVENMPV,ElevenMPV,12777,03/25/2022, 03:18:01,447
ELEVENMPV,ElevenMPV,12777,03/25/2022, 04:17:13,447
ELEVENMPV,ElevenMPV,12777,03/25/2022, 05:12:45,447
ELEVENMPV,ElevenMPV,12777,03/25/2022, 06:17:14,447
ELEVENMPV,ElevenMPV,12777,03/25/2022, 07:13:09,447
ELEVENMPV,ElevenMPV,12777,03/25/2022, 08:15:51,447
ELEVENMPV,ElevenMPV,12777,03/25/2022, 09:18:09,447
ELEVENMPV,ElevenMPV,12777,03/25/2022, 10:20:12,447
ELEVENMPV,ElevenMPV,12777,03/25/2022, 11:13:49,447
ELEVENMPV,ElevenMPV,12777,03/25/2022, 12:45:54,447
ELEVENMPV,ElevenMPV,12777,03/25/2022, 13:46:46,447
ELEVENMPV,ElevenMPV,12777,03/25/2022, 14:16:15,447
ELEVENMPV,ElevenMPV,12777,03/25/2022, 15:18:17,447
ELEVENMPV,ElevenMPV,12777,03/25/2022, 16:20:13,447
ELEVENMPV,ElevenMPV,12777,03/25/2022, 17:16:01,447
ELEVENMPV,ElevenMPV,12777,03/25/2022, 18:16:17,447
ELEVENMPV,ElevenMPV,12777,03/25/2022, 19:11:11,447
ELEVENMPV,ElevenMPV,12778,03/25/2022, 20:13:38,447
ELEVENMPV,ElevenMPV,12778,03/25/2022, 21:12:23,447
ELEVENMPV,ElevenMPV,12778,03/25/2022, 22:13:27,447
ELEVENMPV,ElevenMPV,12778,03/25/2022, 23:12:57,447
ELEVENMPV,ElevenMPV,12778,03/26/2022, 00:53:13,447
ELEVENMPV,ElevenMPV,12778,03/26/2022, 02:19:22,447
ELEVENMPV,ElevenMPV,12778,03/26/2022, 03:18:24,447
ELEVENMPV,ElevenMPV,12779,03/26/2022, 04:16:03,447
ELEVENMPV,ElevenMPV,12779,03/26/2022, 05:12:00,447
ELEVENMPV,ElevenMPV,12781,03/26/2022, 06:15:21,447
ELEVENMPV,ElevenMPV,12781,03/26/2022, 07:12:55,447
ELEVENMPV,ElevenMPV,12782,03/26/2022, 08:15:13,447
ELEVENMPV,ElevenMPV,12782,03/26/2022, 09:12:20,447
ELEVENMPV,ElevenMPV,12782,03/26/2022, 10:13:33,447
ELEVENMPV,ElevenMPV,12782,03/26/2022, 11:11:21,447
ELEVENMPV,ElevenMPV,12782,03/26/2022, 12:19:56,447
ELEVENMPV,ElevenMPV,12782,03/26/2022, 13:17:24,447
ELEVENMPV,ElevenMPV,12782,03/26/2022, 14:11:29,447
ELEVENMPV,ElevenMPV,12782,03/26/2022, 15:13:19,447
ELEVENMPV,ElevenMPV,12782,03/26/2022, 16:16:38,447
ELEVENMPV,ElevenMPV,12782,03/26/2022, 17:12:42,447
ELEVENMPV,ElevenMPV,12782,03/26/2022, 18:14:49,447
ELEVENMPV,ElevenMPV,12783,03/26/2022, 19:10:27,447
ELEVENMPV,ElevenMPV,12783,03/26/2022, 20:13:35,447
ELEVENMPV,ElevenMPV,12785,03/26/2022, 21:12:40,447
ELEVENMPV,ElevenMPV,12785,03/26/2022, 22:12:13,447
ELEVENMPV,ElevenMPV,12785,03/26/2022, 23:12:28,447
ELEVENMPV,ElevenMPV,12785,03/27/2022, 00:57:30,447
ELEVENMPV,ElevenMPV,12785,03/27/2022, 02:22:26,447
ELEVENMPV,ElevenMPV,12786,03/27/2022, 03:17:36,447
ELEVENMPV,ElevenMPV,12786,03/27/2022, 04:16:28,447
ELEVENMPV,ElevenMPV,12786,03/27/2022, 05:11:58,447
ELEVENMPV,ElevenMPV,12786,03/27/2022, 06:15:35,447
ELEVENMPV,ElevenMPV,12786,03/27/2022, 07:12:19,447
ELEVENMPV,ElevenMPV,12786,03/27/2022, 08:15:07,447
ELEVENMPV,ElevenMPV,12787,03/27/2022, 09:12:15,447
ELEVENMPV,ElevenMPV,12787,03/27/2022, 10:13:49,447
ELEVENMPV,ElevenMPV,12787,03/27/2022, 11:11:13,447
ELEVENMPV,ElevenMPV,12787,03/27/2022, 12:20:18,447
ELEVENMPV,ElevenMPV,12788,03/27/2022, 13:17:53,447
ELEVENMPV,ElevenMPV,12788,03/27/2022, 14:11:27,447
ELEVENMPV,ElevenMPV,12789,03/27/2022, 15:13:00,447
ELEVENMPV,ElevenMPV,12789,03/27/2022, 16:17:15,447
ELEVENMPV,ElevenMPV,12789,03/27/2022, 17:13:05,447
ELEVENMPV,ElevenMPV,12789,03/27/2022, 18:14:43,447
ELEVENMPV,ElevenMPV,12790,03/27/2022, 19:10:27,447
ELEVENMPV,ElevenMPV,12790,03/27/2022, 20:14:10,447
ELEVENMPV,ElevenMPV,12790,03/27/2022, 21:12:30,447
ELEVENMPV,ElevenMPV,12791,03/27/2022, 22:13:12,447
ELEVENMPV,ElevenMPV,12791,03/27/2022, 23:13:39,447
ELEVENMPV,ElevenMPV,12792,03/28/2022, 00:58:36,447
ELEVENMPV,ElevenMPV,12792,03/28/2022, 02:40:22,447
ELEVENMPV,ElevenMPV,12793,03/28/2022, 03:29:07,447
ELEVENMPV,ElevenMPV,12793,03/28/2022, 04:16:17,447
ELEVENMPV,ElevenMPV,12793,03/28/2022, 05:12:33,447
ELEVENMPV,ElevenMPV,12793,03/28/2022, 06:16:57,447
ELEVENMPV,ElevenMPV,12793,03/28/2022, 07:13:23,447
ELEVENMPV,ElevenMPV,12794,03/28/2022, 08:22:29,447
ELEVENMPV,ElevenMPV,12794,03/28/2022, 09:18:08,447
ELEVENMPV,ElevenMPV,12794,03/28/2022, 10:18:14,447
ELEVENMPV,ElevenMPV,12794,03/28/2022, 11:16:16,447
ELEVENMPV,ElevenMPV,12794,03/28/2022, 12:27:15,447
ELEVENMPV,ElevenMPV,12794,03/28/2022, 13:27:22,447
ELEVENMPV,ElevenMPV,12794,03/28/2022, 14:17:18,447
ELEVENMPV,ElevenMPV,12794,03/28/2022, 15:18:07,447
ELEVENMPV,ElevenMPV,12795,03/28/2022, 16:18:10,447
ELEVENMPV,ElevenMPV,12795,03/28/2022, 17:15:33,447
ELEVENMPV,ElevenMPV,12795,03/28/2022, 18:20:20,447
ELEVENMPV,ElevenMPV,12795,03/28/2022, 19:12:53,447
ELEVENMPV,ElevenMPV,12795,03/28/2022, 20:19:23,447
ELEVENMPV,ElevenMPV,12795,03/28/2022, 21:16:15,447
ELEVENMPV,ElevenMPV,12796,03/28/2022, 22:13:42,447
ELEVENMPV,ElevenMPV,12796,03/28/2022, 23:13:10,447
ELEVENMPV,ElevenMPV,12796,03/29/2022, 00:59:36,447
ELEVENMPV,ElevenMPV,12796,03/29/2022, 02:39:14,447
ELEVENMPV,ElevenMPV,12796,03/29/2022, 03:28:36,447
ELEVENMPV,ElevenMPV,12796,03/29/2022, 04:16:16,447
ELEVENMPV,ElevenMPV,12797,03/29/2022, 05:13:28,447
ELEVENMPV,ElevenMPV,12798,03/29/2022, 06:17:01,447
ELEVENMPV,ElevenMPV,12799,03/29/2022, 07:18:17,447
ELEVENMPV,ElevenMPV,12799,03/29/2022, 08:21:27,447
ELEVENMPV,ElevenMPV,12799,03/29/2022, 09:13:14,447
ELEVENMPV,ElevenMPV,12799,03/29/2022, 10:19:20,447
ELEVENMPV,ElevenMPV,12799,03/29/2022, 11:27:32,447
ELEVENMPV,ElevenMPV,12800,03/29/2022, 12:28:34,447
ELEVENMPV,ElevenMPV,12800,03/29/2022, 13:28:13,447
ELEVENMPV,ElevenMPV,12800,03/29/2022, 14:17:20,447
ELEVENMPV,ElevenMPV,12800,03/29/2022, 15:17:51,447
ELEVENMPV,ElevenMPV,12800,03/29/2022, 16:23:03,447
ELEVENMPV,ElevenMPV,12800,03/29/2022, 17:18:10,447
ELEVENMPV,ElevenMPV,12801,03/29/2022, 18:20:22,447
ELEVENMPV,ElevenMPV,12801,03/29/2022, 19:14:09,447
ELEVENMPV,ElevenMPV,12802,03/29/2022, 20:13:50,447
ELEVENMPV,ElevenMPV,12802,03/29/2022, 21:12:29,447
ELEVENMPV,ElevenMPV,12802,03/29/2022, 22:13:14,447
ELEVENMPV,ElevenMPV,12803,03/29/2022, 23:13:41,447
ELEVENMPV,ElevenMPV,12804,03/30/2022, 00:58:49,447
ELEVENMPV,ElevenMPV,12805,03/30/2022, 02:38:41,447
ELEVENMPV,ElevenMPV,12805,03/30/2022, 03:27:48,447
ELEVENMPV,ElevenMPV,12805,03/30/2022, 04:16:13,447
ELEVENMPV,ElevenMPV,12805,03/30/2022, 05:12:33,447
ELEVENMPV,ElevenMPV,12805,03/30/2022, 06:17:03,447
ELEVENMPV,ElevenMPV,12805,03/30/2022, 07:13:56,447
ELEVENMPV,ElevenMPV,12805,03/30/2022, 08:21:14,447
ELEVENMPV,ElevenMPV,12805,03/30/2022, 09:17:24,447
ELEVENMPV,ElevenMPV,12805,03/30/2022, 10:19:17,447
ELEVENMPV,ElevenMPV,12805,03/30/2022, 11:16:22,447
ELEVENMPV,ElevenMPV,12805,03/30/2022, 12:28:03,447
ELEVENMPV,ElevenMPV,12805,03/30/2022, 13:28:23,447
ELEVENMPV,ElevenMPV,12805,03/30/2022, 14:17:31,447
ELEVENMPV,ElevenMPV,12805,03/30/2022, 15:18:05,447
ELEVENMPV,ElevenMPV,12806,03/30/2022, 16:21:16,447
ELEVENMPV,ElevenMPV,12806,03/30/2022, 17:17:12,447
ELEVENMPV,ElevenMPV,12806,03/30/2022, 18:16:24,447
ELEVENMPV,ElevenMPV,12806,03/30/2022, 19:12:02,447
ELEVENMPV,ElevenMPV,12807,03/30/2022, 20:15:22,447
ELEVENMPV,ElevenMPV,12808,03/30/2022, 21:14:50,447
ELEVENMPV,ElevenMPV,12809,03/30/2022, 22:13:17,447
ELEVENMPV,ElevenMPV,12809,03/30/2022, 23:13:27,447
ELEVENMPV,ElevenMPV,12809,03/31/2022, 00:55:47,447
ELEVENMPV,ElevenMPV,12809,03/31/2022, 02:28:48,447
ELEVENMPV,ElevenMPV,12809,03/31/2022, 03:25:52,447
ELEVENMPV,ElevenMPV,12809,03/31/2022, 04:16:45,447
ELEVENMPV,ElevenMPV,12809,03/31/2022, 05:12:20,447
ELEVENMPV,ElevenMPV,12809,03/31/2022, 06:16:34,447
ELEVENMPV,ElevenMPV,12809,03/31/2022, 07:13:32,447
ELEVENMPV,ElevenMPV,12809,03/31/2022, 08:21:18,447
ELEVENMPV,ElevenMPV,12809,03/31/2022, 09:19:21,447
ELEVENMPV,ElevenMPV,12809,03/31/2022, 10:20:25,447
ELEVENMPV,ElevenMPV,12810,03/31/2022, 11:16:21,447
ELEVENMPV,ElevenMPV,12810,03/31/2022, 12:29:18,447
ELEVENMPV,ElevenMPV,12810,03/31/2022, 13:29:19,447
ELEVENMPV,ElevenMPV,12810,03/31/2022, 14:18:15,447
ELEVENMPV,ElevenMPV,12810,03/31/2022, 15:19:13,447
ELEVENMPV,ElevenMPV,12810,03/31/2022, 16:18:02,447
ELEVENMPV,ElevenMPV,12811,03/31/2022, 17:16:37,447
ELEVENMPV,ElevenMPV,12811,03/31/2022, 18:17:19,447
ELEVENMPV,ElevenMPV,12811,03/31/2022, 19:11:16,447
ELEVENMPV,ElevenMPV,12811,03/31/2022, 20:14:20,447
ELEVENMPV,ElevenMPV,12812,03/31/2022, 21:12:34,447
ELEVENMPV,ElevenMPV,12813,03/31/2022, 22:13:07,447
ELEVENMPV,ElevenMPV,12814,03/31/2022, 23:14:29,447
ELEVENMPV,ElevenMPV,12815,04/01/2022, 01:04:28,447
ELEVENMPV,ElevenMPV,12816,04/01/2022, 03:13:00,447
ELEVENMPV,ElevenMPV,12816,04/01/2022, 04:19:01,447
ELEVENMPV,ElevenMPV,12816,04/01/2022, 05:12:26,447
ELEVENMPV,ElevenMPV,12816,04/01/2022, 06:16:59,447
ELEVENMPV,ElevenMPV,12816,04/01/2022, 07:13:33,447
ELEVENMPV,ElevenMPV,12816,04/01/2022, 08:19:46,447
ELEVENMPV,ElevenMPV,12817,04/01/2022, 09:18:12,447
ELEVENMPV,ElevenMPV,12817,04/01/2022, 10:20:23,447
ELEVENMPV,ElevenMPV,12817,04/01/2022, 11:17:16,447
ELEVENMPV,ElevenMPV,12817,04/01/2022, 12:30:09,447
ELEVENMPV,ElevenMPV,12817,04/01/2022, 13:33:56,447
ELEVENMPV,ElevenMPV,12817,04/01/2022, 14:18:26,447
ELEVENMPV,ElevenMPV,12818,04/01/2022, 15:19:14,447
ELEVENMPV,ElevenMPV,12819,04/01/2022, 16:19:20,447
ELEVENMPV,ElevenMPV,12819,04/01/2022, 17:17:21,447
ELEVENMPV,ElevenMPV,12819,04/01/2022, 18:16:42,447
ELEVENMPV,ElevenMPV,12820,04/01/2022, 19:10:59,447
ELEVENMPV,ElevenMPV,12821,04/01/2022, 20:14:23,447
ELEVENMPV,ElevenMPV,12822,04/01/2022, 21:12:04,447
ELEVENMPV,ElevenMPV,12822,04/01/2022, 22:13:04,447
ELEVENMPV,ElevenMPV,12822,04/01/2022, 23:13:46,447
ELEVENMPV,ElevenMPV,12822,04/02/2022, 00:54:07,447
ELEVENMPV,ElevenMPV,12822,04/02/2022, 02:27:06,447
ELEVENMPV,ElevenMPV,12822,04/02/2022, 03:25:10,447
ELEVENMPV,ElevenMPV,12822,04/02/2022, 04:16:25,447
ELEVENMPV,ElevenMPV,12822,04/02/2022, 05:12:00,447
ELEVENMPV,ElevenMPV,12822,04/02/2022, 06:15:49,447
ELEVENMPV,ElevenMPV,12822,04/02/2022, 07:13:01,447
ELEVENMPV,ElevenMPV,12823,04/02/2022, 08:16:05,447
ELEVENMPV,ElevenMPV,12823,04/02/2022, 09:12:34,447
ELEVENMPV,ElevenMPV,12823,04/02/2022, 10:13:46,447
ELEVENMPV,ElevenMPV,12823,04/02/2022, 11:10:58,447
ELEVENMPV,ElevenMPV,12824,04/02/2022, 12:20:39,447
ELEVENMPV,ElevenMPV,12824,04/02/2022, 13:18:46,447
ELEVENMPV,ElevenMPV,12825,04/02/2022, 14:12:21,447
ELEVENMPV,ElevenMPV,12826,04/02/2022, 15:13:02,447
ELEVENMPV,ElevenMPV,12826,04/02/2022, 16:16:52,447
ELEVENMPV,ElevenMPV,12826,04/02/2022, 17:13:32,447
ELEVENMPV,ElevenMPV,12827,04/02/2022, 18:14:38,447
ELEVENMPV,ElevenMPV,12828,04/02/2022, 19:11:11,447
ELEVENMPV,ElevenMPV,12829,04/02/2022, 20:13:16,447
ELEVENMPV,ElevenMPV,12829,04/02/2022, 21:12:04,447
ELEVENMPV,ElevenMPV,12829,04/02/2022, 22:12:48,447
ELEVENMPV,ElevenMPV,12829,04/02/2022, 23:12:43,447
ELEVENMPV,ElevenMPV,12829,04/03/2022, 00:59:44,447
ELEVENMPV,ElevenMPV,12829,04/03/2022, 02:35:53,447
ELEVENMPV,ElevenMPV,12829,04/03/2022, 03:23:49,447
ELEVENMPV,ElevenMPV,12829,04/03/2022, 04:16:27,447
ELEVENMPV,ElevenMPV,12829,04/03/2022, 05:12:17,447
ELEVENMPV,ElevenMPV,12830,04/03/2022, 06:15:47,447
ELEVENMPV,ElevenMPV,12832,04/03/2022, 07:12:32,447
ELEVENMPV,ElevenMPV,12832,04/03/2022, 08:15:23,447
ELEVENMPV,ElevenMPV,12832,04/03/2022, 09:13:06,447
ELEVENMPV,ElevenMPV,12832,04/03/2022, 10:14:16,447
ELEVENMPV,ElevenMPV,12832,04/03/2022, 11:11:20,447
ELEVENMPV,ElevenMPV,12832,04/03/2022, 12:21:22,447
ELEVENMPV,ElevenMPV,12832,04/03/2022, 13:19:12,447
ELEVENMPV,ElevenMPV,12833,04/03/2022, 14:11:34,447
ELEVENMPV,ElevenMPV,12833,04/03/2022, 15:13:20,447
ELEVENMPV,ElevenMPV,12833,04/03/2022, 16:17:02,447
ELEVENMPV,ElevenMPV,12833,04/03/2022, 17:13:37,447
ELEVENMPV,ElevenMPV,12834,04/03/2022, 18:14:47,447
ELEVENMPV,ElevenMPV,12834,04/03/2022, 19:10:59,447
ELEVENMPV,ElevenMPV,12834,04/03/2022, 20:14:14,447
ELEVENMPV,ElevenMPV,12835,04/03/2022, 21:12:09,447
ELEVENMPV,ElevenMPV,12836,04/03/2022, 22:12:56,447
ELEVENMPV,ElevenMPV,12836,04/03/2022, 23:13:04,447
ELEVENMPV,ElevenMPV,12836,04/04/2022, 00:57:55,447
ELEVENMPV,ElevenMPV,12837,04/04/2022, 02:45:02,447
ELEVENMPV,ElevenMPV,12837,04/04/2022, 03:33:58,447
ELEVENMPV,ElevenMPV,12837,04/04/2022, 04:16:20,447
ELEVENMPV,ElevenMPV,12837,04/04/2022, 05:12:45,447
ELEVENMPV,ElevenMPV,12839,04/04/2022, 06:16:57,447
ELEVENMPV,ElevenMPV,12839,04/04/2022, 07:13:42,447
ELEVENMPV,ElevenMPV,12840,04/04/2022, 08:21:15,447
ELEVENMPV,ElevenMPV,12840,04/04/2022, 09:14:03,447
ELEVENMPV,ElevenMPV,12840,04/04/2022, 10:19:34,447
ELEVENMPV,ElevenMPV,12840,04/04/2022, 11:17:35,447
ELEVENMPV,ElevenMPV,12840,04/04/2022, 12:27:17,447
ELEVENMPV,ElevenMPV,12840,04/04/2022, 13:24:05,447
ELEVENMPV,ElevenMPV,12840,04/04/2022, 14:14:15,447
ELEVENMPV,ElevenMPV,12840,04/04/2022, 15:14:40,447
ELEVENMPV,ElevenMPV,12840,04/04/2022, 16:19:13,447
ELEVENMPV,ElevenMPV,12840,04/04/2022, 17:18:08,447
ELEVENMPV,ElevenMPV,12840,04/04/2022, 18:16:51,447
ELEVENMPV,ElevenMPV,12841,04/04/2022, 19:13:06,447
ELEVENMPV,ElevenMPV,12841,04/04/2022, 20:14:53,447
ELEVENMPV,ElevenMPV,12841,04/04/2022, 21:12:06,447
ELEVENMPV,ElevenMPV,12841,04/04/2022, 22:12:52,447
ELEVENMPV,ElevenMPV,12841,04/04/2022, 23:14:26,447
ELEVENMPV,ElevenMPV,12841,04/05/2022, 00:56:01,447
ELEVENMPV,ElevenMPV,12842,04/05/2022, 02:26:46,447
ELEVENMPV,ElevenMPV,12843,04/05/2022, 03:25:56,447
ELEVENMPV,ElevenMPV,12843,04/05/2022, 04:16:17,447
ELEVENMPV,ElevenMPV,12844,04/05/2022, 05:12:46,447
ELEVENMPV,ElevenMPV,12844,04/05/2022, 06:17:02,447
ELEVENMPV,ElevenMPV,12844,04/05/2022, 07:13:42,447
ELEVENMPV,ElevenMPV,12844,04/05/2022, 08:21:21,447
ELEVENMPV,ElevenMPV,12845,04/05/2022, 09:13:12,447
ELEVENMPV,ElevenMPV,12845,04/05/2022, 10:13:51,447
ELEVENMPV,ElevenMPV,12845,04/05/2022, 11:12:44,447
ELEVENMPV,ElevenMPV,12845,04/05/2022, 12:27:27,447
ELEVENMPV,ElevenMPV,12845,04/05/2022, 13:24:07,447
ELEVENMPV,ElevenMPV,12846,04/05/2022, 14:18:04,447
ELEVENMPV,ElevenMPV,12846,04/05/2022, 15:14:59,447
ELEVENMPV,ElevenMPV,12846,04/05/2022, 16:18:38,447
ELEVENMPV,ElevenMPV,12846,04/05/2022, 17:16:55,447
ELEVENMPV,ElevenMPV,12846,04/05/2022, 18:16:03,447
ELEVENMPV,ElevenMPV,12847,04/05/2022, 19:11:14,447
ELEVENMPV,ElevenMPV,12847,04/05/2022, 20:14:40,447
ELEVENMPV,ElevenMPV,12847,04/05/2022, 21:11:12,447
ELEVENMPV,ElevenMPV,12847,04/05/2022, 22:12:17,447
ELEVENMPV,ElevenMPV,12847,04/05/2022, 23:14:06,447
ELEVENMPV,ElevenMPV,12848,04/06/2022, 00:59:26,447
ELEVENMPV,ElevenMPV,12848,04/06/2022, 02:37:22,447
ELEVENMPV,ElevenMPV,12848,04/06/2022, 03:27:05,447
ELEVENMPV,ElevenMPV,12848,04/06/2022, 04:16:12,447
ELEVENMPV,ElevenMPV,12848,04/06/2022, 05:12:37,447
ELEVENMPV,ElevenMPV,12850,04/06/2022, 06:15:30,447
ELEVENMPV,ElevenMPV,12850,04/06/2022, 07:13:34,447
ELEVENMPV,ElevenMPV,12850,04/06/2022, 08:21:22,447
ELEVENMPV,ElevenMPV,12850,04/06/2022, 09:18:32,447
ELEVENMPV,ElevenMPV,12850,04/06/2022, 10:19:06,447
ELEVENMPV,ElevenMPV,12850,04/06/2022, 11:16:15,447
ELEVENMPV,ElevenMPV,12850,04/06/2022, 12:29:16,447
ELEVENMPV,ElevenMPV,12850,04/06/2022, 13:28:19,447
ELEVENMPV,ElevenMPV,12850,04/06/2022, 14:17:43,447
ELEVENMPV,ElevenMPV,12850,04/06/2022, 15:18:22,447
ELEVENMPV,ElevenMPV,12850,04/06/2022, 16:19:32,447
ELEVENMPV,ElevenMPV,12850,04/06/2022, 17:15:02,447
ELEVENMPV,ElevenMPV,12850,04/06/2022, 18:16:14,447
ELEVENMPV,ElevenMPV,12850,04/06/2022, 19:09:24,447
ELEVENMPV,ElevenMPV,12850,04/06/2022, 20:14:12,447
ELEVENMPV,ElevenMPV,12850,04/06/2022, 21:12:39,447
ELEVENMPV,ElevenMPV,12850,04/06/2022, 22:13:42,447
ELEVENMPV,ElevenMPV,12850,04/06/2022, 23:13:41,447
ELEVENMPV,ElevenMPV,12850,04/07/2022, 00:57:33,447
ELEVENMPV,ElevenMPV,12850,04/07/2022, 02:27:58,447
ELEVENMPV,ElevenMPV,12850,04/07/2022, 03:25:38,447
ELEVENMPV,ElevenMPV,12851,04/07/2022, 04:16:39,447
ELEVENMPV,ElevenMPV,12851,04/07/2022, 05:12:39,447
ELEVENMPV,ElevenMPV,12853,04/07/2022, 06:16:24,447
ELEVENMPV,ElevenMPV,12853,04/07/2022, 07:13:32,447
ELEVENMPV,ElevenMPV,12853,04/07/2022, 08:17:55,447
ELEVENMPV,ElevenMPV,12853,04/07/2022, 09:18:21,447
ELEVENMPV,ElevenMPV,12853,04/07/2022, 10:18:17,447
ELEVENMPV,ElevenMPV,12853,04/07/2022, 11:12:19,447
ELEVENMPV,ElevenMPV,12854,04/07/2022, 12:23:55,447
ELEVENMPV,ElevenMPV,12854,04/07/2022, 13:28:38,447
ELEVENMPV,ElevenMPV,12855,04/07/2022, 14:14:56,447
ELEVENMPV,ElevenMPV,12856,04/07/2022, 15:13:09,447
ELEVENMPV,ElevenMPV,12856,04/07/2022, 16:18:12,447
ELEVENMPV,ElevenMPV,12857,04/07/2022, 17:17:19,447
ELEVENMPV,ElevenMPV,12857,04/07/2022, 18:15:42,447
ELEVENMPV,ElevenMPV,12857,04/07/2022, 19:11:16,447
ELEVENMPV,ElevenMPV,12857,04/07/2022, 20:14:23,447
ELEVENMPV,ElevenMPV,12857,04/07/2022, 21:12:23,447
ELEVENMPV,ElevenMPV,12857,04/07/2022, 22:13:22,447
ELEVENMPV,ElevenMPV,12857,04/07/2022, 23:13:34,447
ELEVENMPV,ElevenMPV,12857,04/08/2022, 00:57:46,447
ELEVENMPV,ElevenMPV,12858,04/08/2022, 02:42:31,447
ELEVENMPV,ElevenMPV,12858,04/08/2022, 03:32:40,447
ELEVENMPV,ElevenMPV,12858,04/08/2022, 04:16:19,447
ELEVENMPV,ElevenMPV,12859,04/08/2022, 05:12:23,447
ELEVENMPV,ElevenMPV,12859,04/08/2022, 06:16:44,447
ELEVENMPV,ElevenMPV,12859,04/08/2022, 07:13:56,447
ELEVENMPV,ElevenMPV,12859,04/08/2022, 08:21:15,447
ELEVENMPV,ElevenMPV,12859,04/08/2022, 09:18:03,447
ELEVENMPV,ElevenMPV,12859,04/08/2022, 10:18:22,447
ELEVENMPV,ElevenMPV,12859,04/08/2022, 11:12:35,447
ELEVENMPV,ElevenMPV,12859,04/08/2022, 12:24:09,447
ELEVENMPV,ElevenMPV,12859,04/08/2022, 13:32:17,447
ELEVENMPV,ElevenMPV,12859,04/08/2022, 14:17:43,447
ELEVENMPV,ElevenMPV,12859,04/08/2022, 15:19:17,447
ELEVENMPV,ElevenMPV,12860,04/08/2022, 16:23:21,447
ELEVENMPV,ElevenMPV,12861,04/08/2022, 17:19:44,447
ELEVENMPV,ElevenMPV,12861,04/08/2022, 18:20:00,447
ELEVENMPV,ElevenMPV,12861,04/08/2022, 19:11:55,447
ELEVENMPV,ElevenMPV,12862,04/08/2022, 20:14:22,447
ELEVENMPV,ElevenMPV,12864,04/08/2022, 21:17:31,447
ELEVENMPV,ElevenMPV,12864,04/08/2022, 22:13:40,447
ELEVENMPV,ElevenMPV,12864,04/08/2022, 23:13:17,447
ELEVENMPV,ElevenMPV,12865,04/09/2022, 00:56:30,447
ELEVENMPV,ElevenMPV,12865,04/09/2022, 02:22:49,447
ELEVENMPV,ElevenMPV,12865,04/09/2022, 03:21:47,447
ELEVENMPV,ElevenMPV,12866,04/09/2022, 04:16:24,447
ELEVENMPV,ElevenMPV,12866,04/09/2022, 05:11:56,447
ELEVENMPV,ElevenMPV,12866,04/09/2022, 06:16:09,447
ELEVENMPV,ElevenMPV,12866,04/09/2022, 07:12:52,447
ELEVENMPV,ElevenMPV,12866,04/09/2022, 08:15:25,447
ELEVENMPV,ElevenMPV,12866,04/09/2022, 09:12:39,447
ELEVENMPV,ElevenMPV,12866,04/09/2022, 10:13:47,447
ELEVENMPV,ElevenMPV,12866,04/09/2022, 11:11:20,447
ELEVENMPV,ElevenMPV,12866,04/09/2022, 12:20:41,447
ELEVENMPV,ElevenMPV,12867,04/09/2022, 13:19:27,447
ELEVENMPV,ElevenMPV,12867,04/09/2022, 14:12:10,447
ELEVENMPV,ElevenMPV,12867,04/09/2022, 15:13:30,447
ELEVENMPV,ElevenMPV,12867,04/09/2022, 16:17:07,447
ELEVENMPV,ElevenMPV,12868,04/09/2022, 17:13:57,447
ELEVENMPV,ElevenMPV,12868,04/09/2022, 18:15:01,447
ELEVENMPV,ElevenMPV,12870,04/09/2022, 19:10:39,447
ELEVENMPV,ElevenMPV,12870,04/09/2022, 20:14:05,447
ELEVENMPV,ElevenMPV,12872,04/09/2022, 21:11:29,447
ELEVENMPV,ElevenMPV,12872,04/09/2022, 22:13:30,447
ELEVENMPV,ElevenMPV,12872,04/09/2022, 23:12:53,447
ELEVENMPV,ElevenMPV,12873,04/10/2022, 00:59:39,447
ELEVENMPV,ElevenMPV,12873,04/10/2022, 02:37:59,447
ELEVENMPV,ElevenMPV,12873,04/10/2022, 03:26:51,447
ELEVENMPV,ElevenMPV,12873,04/10/2022, 04:16:04,447
ELEVENMPV,ElevenMPV,12873,04/10/2022, 05:12:12,447
ELEVENMPV,ElevenMPV,12875,04/10/2022, 06:16:07,447
ELEVENMPV,ElevenMPV,12875,04/10/2022, 07:12:53,447
ELEVENMPV,ElevenMPV,12876,04/10/2022, 08:15:27,447
ELEVENMPV,ElevenMPV,12876,04/10/2022, 09:12:52,447
ELEVENMPV,ElevenMPV,12876,04/10/2022, 10:13:58,447
ELEVENMPV,ElevenMPV,12876,04/10/2022, 11:11:51,447
ELEVENMPV,ElevenMPV,12876,04/10/2022, 12:20:52,447
ELEVENMPV,ElevenMPV,12876,04/10/2022, 13:19:44,447
ELEVENMPV,ElevenMPV,12876,04/10/2022, 14:11:43,447
ELEVENMPV,ElevenMPV,12876,04/10/2022, 15:13:29,447
ELEVENMPV,ElevenMPV,12876,04/10/2022, 16:17:09,447
ELEVENMPV,ElevenMPV,12876,04/10/2022, 17:14:08,447
ELEVENMPV,ElevenMPV,12877,04/10/2022, 18:15:40,447
ELEVENMPV,ElevenMPV,12877,04/10/2022, 19:10:51,447
ELEVENMPV,ElevenMPV,12878,04/10/2022, 20:13:17,447
ELEVENMPV,ElevenMPV,12879,04/10/2022, 21:11:27,447
ELEVENMPV,ElevenMPV,12880,04/10/2022, 22:13:33,447
ELEVENMPV,ElevenMPV,12880,04/10/2022, 23:12:56,447
ELEVENMPV,ElevenMPV,12881,04/11/2022, 00:58:12,447
ELEVENMPV,ElevenMPV,12881,04/11/2022, 02:49:11,447
ELEVENMPV,ElevenMPV,12881,04/11/2022, 03:40:27,447
ELEVENMPV,ElevenMPV,12881,04/11/2022, 04:17:46,447
ELEVENMPV,ElevenMPV,12882,04/11/2022, 05:12:35,447
ELEVENMPV,ElevenMPV,12882,04/11/2022, 06:17:22,447
ELEVENMPV,ElevenMPV,12883,04/11/2022, 07:18:07,447
ELEVENMPV,ElevenMPV,12883,04/11/2022, 08:21:31,447
ELEVENMPV,ElevenMPV,12883,04/11/2022, 09:13:55,447
ELEVENMPV,ElevenMPV,12883,04/11/2022, 10:18:38,447
ELEVENMPV,ElevenMPV,12884,04/11/2022, 11:16:25,447
ELEVENMPV,ElevenMPV,12884,04/11/2022, 12:28:31,447
ELEVENMPV,ElevenMPV,12884,04/11/2022, 13:25:40,447
ELEVENMPV,ElevenMPV,12884,04/11/2022, 14:17:37,447
ELEVENMPV,ElevenMPV,12884,04/11/2022, 15:19:32,447
ELEVENMPV,ElevenMPV,12884,04/11/2022, 16:19:18,447
ELEVENMPV,ElevenMPV,12885,04/11/2022, 17:18:46,447
ELEVENMPV,ElevenMPV,12885,04/11/2022, 18:17:13,447
ELEVENMPV,ElevenMPV,12886,04/11/2022, 19:11:19,447
ELEVENMPV,ElevenMPV,12888,04/11/2022, 20:15:45,447
ELEVENMPV,ElevenMPV,12888,04/11/2022, 21:12:26,447
ELEVENMPV,ElevenMPV,12888,04/11/2022, 22:13:23,447
ELEVENMPV,ElevenMPV,12888,04/11/2022, 23:14:30,447
ELEVENMPV,ElevenMPV,12888,04/12/2022, 00:57:10,447
ELEVENMPV,ElevenMPV,12889,04/12/2022, 02:40:22,447
ELEVENMPV,ElevenMPV,12890,04/12/2022, 03:31:42,447
ELEVENMPV,ElevenMPV,12890,04/12/2022, 04:16:12,447
ELEVENMPV,ElevenMPV,12890,04/12/2022, 05:12:31,447
ELEVENMPV,ElevenMPV,12890,04/12/2022, 06:16:47,447
ELEVENMPV,ElevenMPV,12890,04/12/2022, 07:13:43,447
ELEVENMPV,ElevenMPV,12890,04/12/2022, 08:21:56,447
ELEVENMPV,ElevenMPV,12890,04/12/2022, 09:13:34,447
ELEVENMPV,ElevenMPV,12890,04/12/2022, 10:20:18,447
ELEVENMPV,ElevenMPV,12890,04/12/2022, 11:16:16,447
ELEVENMPV,ElevenMPV,12890,04/12/2022, 12:27:14,447
ELEVENMPV,ElevenMPV,12890,04/12/2022, 13:28:20,447
ELEVENMPV,ElevenMPV,12890,04/12/2022, 14:12:56,447
ELEVENMPV,ElevenMPV,12890,04/12/2022, 15:14:57,447
ELEVENMPV,ElevenMPV,12891,04/12/2022, 16:22:14,447
ELEVENMPV,ElevenMPV,12891,04/12/2022, 17:16:43,447
ELEVENMPV,ElevenMPV,12891,04/12/2022, 18:16:09,447
ELEVENMPV,ElevenMPV,12892,04/12/2022, 19:11:27,447
ELEVENMPV,ElevenMPV,12892,04/12/2022, 20:14:10,447
ELEVENMPV,ElevenMPV,12893,04/12/2022, 21:12:03,447
ELEVENMPV,ElevenMPV,12893,04/12/2022, 22:13:00,447
ELEVENMPV,ElevenMPV,12893,04/12/2022, 23:13:35,447
ELEVENMPV,ElevenMPV,12894,04/13/2022, 01:03:22,447
ELEVENMPV,ElevenMPV,12894,04/13/2022, 03:00:46,447
ELEVENMPV,ElevenMPV,12894,04/13/2022, 03:39:49,447
ELEVENMPV,ElevenMPV,12894,04/13/2022, 04:17:30,447
ELEVENMPV,ElevenMPV,12894,04/13/2022, 05:12:48,447
ELEVENMPV,ElevenMPV,12894,04/13/2022, 06:17:12,447
ELEVENMPV,ElevenMPV,12894,04/13/2022, 07:14:02,447
ELEVENMPV,ElevenMPV,12894,04/13/2022, 08:17:38,447
ELEVENMPV,ElevenMPV,12894,04/13/2022, 09:13:33,447
ELEVENMPV,ElevenMPV,12894,04/13/2022, 10:19:22,447
ELEVENMPV,ElevenMPV,12894,04/13/2022, 11:14:04,447
ELEVENMPV,ElevenMPV,12894,04/13/2022, 12:24:56,447
ELEVENMPV,ElevenMPV,12894,04/13/2022, 13:28:06,447
ELEVENMPV,ElevenMPV,12894,04/13/2022, 14:20:06,447
ELEVENMPV,ElevenMPV,12894,04/13/2022, 15:18:38,447
ELEVENMPV,ElevenMPV,12894,04/13/2022, 16:18:51,447
ELEVENMPV,ElevenMPV,12894,04/13/2022, 17:22:18,447
ELEVENMPV,ElevenMPV,12894,04/13/2022, 18:15:36,447
ELEVENMPV,ElevenMPV,12894,04/13/2022, 19:12:31,447
ELEVENMPV,ElevenMPV,12894,04/13/2022, 20:17:52,447
ELEVENMPV,ElevenMPV,12894,04/13/2022, 21:12:30,447
ELEVENMPV,ElevenMPV,12894,04/13/2022, 22:13:04,447
ELEVENMPV,ElevenMPV,12894,04/13/2022, 23:13:00,447
ELEVENMPV,ElevenMPV,12894,04/14/2022, 01:05:26,447
ELEVENMPV,ElevenMPV,12895,04/14/2022, 03:02:22,447
ELEVENMPV,ElevenMPV,12895,04/14/2022, 04:16:12,447
ELEVENMPV,ElevenMPV,12895,04/14/2022, 05:12:56,447
ELEVENMPV,ElevenMPV,12895,04/14/2022, 06:17:17,447
ELEVENMPV,ElevenMPV,12895,04/14/2022, 07:13:54,447
ELEVENMPV,ElevenMPV,12895,04/14/2022, 08:21:45,447
ELEVENMPV,ElevenMPV,12895,04/14/2022, 09:18:12,447
ELEVENMPV,ElevenMPV,12895,04/14/2022, 10:14:53,447
ELEVENMPV,ElevenMPV,12895,04/14/2022, 11:16:18,447
ELEVENMPV,ElevenMPV,12895,04/14/2022, 12:28:46,447
ELEVENMPV,ElevenMPV,12895,04/14/2022, 13:27:47,447
ELEVENMPV,ElevenMPV,12895,04/14/2022, 14:17:17,447
ELEVENMPV,ElevenMPV,12896,04/14/2022, 15:18:31,447
ELEVENMPV,ElevenMPV,12897,04/14/2022, 16:19:39,447
ELEVENMPV,ElevenMPV,12897,04/14/2022, 17:18:17,447
ELEVENMPV,ElevenMPV,12897,04/14/2022, 18:16:15,447
ELEVENMPV,ElevenMPV,12897,04/14/2022, 19:12:42,447
