GTASA0000,GTA: SA Vita,97,02/17/2021, 14:23:12,618
GTASA0000,GTA: SA Vita,206,02/17/2021, 15:20:05,618
GTASA0000,GTA: SA Vita,268,02/17/2021, 16:16:01,618
GTASA0000,GTA: SA Vita,313,02/17/2021, 17:27:00,618
GTASA0000,GTA: SA Vita,333,02/17/2021, 18:09:25,618
GTASA0000,GTA: SA Vita,361,02/17/2021, 19:06:45,618
GTASA0000,GTA: SA Vita,391,02/17/2021, 20:10:20,618
GTASA0000,GTA: SA Vita,409,02/17/2021, 21:09:03,618
GTASA0000,GTA: SA Vita,429,02/17/2021, 22:09:09,618
GTASA0000,GTA: SA Vita,442,02/17/2021, 23:10:11,618
GTASA0000,GTA: SA Vita,465,02/18/2021, 00:24:41,618
GTASA0000,GTA: SA Vita,487,02/18/2021, 01:34:49,618
GTASA0000,GTA: SA Vita,495,02/18/2021, 02:15:42,618
GTASA0000,GTA: SA Vita,510,02/18/2021, 03:10:14,618
GTASA0000,GTA: SA Vita,522,02/18/2021, 04:12:22,618
GTASA0000,GTA: SA Vita,531,02/18/2021, 05:09:52,618
GTASA0000,GTA: SA Vita,549,02/18/2021, 06:11:01,618
GTASA0000,GTA: SA Vita,552,02/18/2021, 07:09:42,618
GTASA0000,GTA: SA Vita,561,02/18/2021, 08:11:49,618
GTASA0000,GTA: SA Vita,567,02/18/2021, 09:10:24,618
GTASA0000,GTA: SA Vita,574,02/18/2021, 10:11:09,618
GTASA0000,GTA: SA Vita,575,02/18/2021, 11:09:42,618
GTASA0000,GTA: SA Vita,578,02/18/2021, 12:13:21,618
GTASA0000,GTA: SA Vita,589,02/18/2021, 13:10:35,618
GTASA0000,GTA: SA Vita,594,02/18/2021, 14:10:18,618
GTASA0000,GTA: SA Vita,599,02/18/2021, 15:09:52,618
GTASA0000,GTA: SA Vita,613,02/18/2021, 16:16:13,618
GTASA0000,GTA: SA Vita,623,02/18/2021, 17:23:13,618
GTASA0000,GTA: SA Vita,624,02/18/2021, 18:11:07,618
GTASA0000,GTA: SA Vita,633,02/18/2021, 19:07:27,618
GTASA0000,GTA: SA Vita,640,02/18/2021, 20:10:19,618
GTASA0000,GTA: SA Vita,646,02/18/2021, 21:09:03,618
GTASA0000,GTA: SA Vita,649,02/18/2021, 22:10:44,618
GTASA0000,GTA: SA Vita,655,02/18/2021, 23:10:24,618
GTASA0000,GTA: SA Vita,661,02/19/2021, 00:24:14,618
GTASA0000,GTA: SA Vita,666,02/19/2021, 01:34:50,618
GTASA0000,GTA: SA Vita,667,02/19/2021, 02:16:00,618
GTASA0000,GTA: SA Vita,669,02/19/2021, 03:10:31,618
GTASA0000,GTA: SA Vita,678,02/19/2021, 04:12:18,618
GTASA0000,GTA: SA Vita,681,02/19/2021, 05:10:01,618
GTASA0000,GTA: SA Vita,682,02/19/2021, 06:11:06,618
GTASA0000,GTA: SA Vita,685,02/19/2021, 07:09:27,618
GTASA0000,GTA: SA Vita,687,02/19/2021, 08:11:49,618
GTASA0000,GTA: SA Vita,689,02/19/2021, 09:10:36,618
GTASA0000,GTA: SA Vita,696,02/19/2021, 10:11:20,618
GTASA0000,GTA: SA Vita,699,02/19/2021, 11:09:36,618
GTASA0000,GTA: SA Vita,705,02/19/2021, 12:13:09,618
GTASA0000,GTA: SA Vita,709,02/19/2021, 13:10:44,618
GTASA0000,GTA: SA Vita,715,02/19/2021, 14:10:06,618
GTASA0000,GTA: SA Vita,723,02/19/2021, 15:09:47,618
GTASA0000,GTA: SA Vita,729,02/19/2021, 16:16:10,618
GTASA0000,GTA: SA Vita,740,02/19/2021, 17:23:18,618
GTASA0000,GTA: SA Vita,746,02/19/2021, 18:11:02,618
GTASA0000,GTA: SA Vita,752,02/19/2021, 19:07:53,618
GTASA0000,GTA: SA Vita,755,02/19/2021, 20:10:25,618
GTASA0000,GTA: SA Vita,759,02/19/2021, 21:08:57,618
GTASA0000,GTA: SA Vita,763,02/19/2021, 22:10:48,618
GTASA0000,GTA: SA Vita,766,02/19/2021, 23:10:37,618
GTASA0000,GTA: SA Vita,771,02/20/2021, 00:24:07,618
GTASA0000,GTA: SA Vita,773,02/20/2021, 01:34:19,618
GTASA0000,GTA: SA Vita,773,02/20/2021, 02:15:29,618
GTASA0000,GTA: SA Vita,776,02/20/2021, 03:10:19,618
GTASA0000,GTA: SA Vita,781,02/20/2021, 04:12:08,618
GTASA0000,GTA: SA Vita,787,02/20/2021, 05:09:44,618
GTASA0000,GTA: SA Vita,789,02/20/2021, 06:10:55,618
GTASA0000,GTA: SA Vita,795,02/20/2021, 07:09:44,618
GTASA0000,GTA: SA Vita,795,02/20/2021, 08:11:53,618
GTASA0000,GTA: SA Vita,800,02/20/2021, 09:10:22,618
GTASA0000,GTA: SA Vita,803,02/20/2021, 10:10:57,618
GTASA0000,GTA: SA Vita,806,02/20/2021, 11:09:29,618
GTASA0000,GTA: SA Vita,812,02/20/2021, 12:13:00,618
GTASA0000,GTA: SA Vita,818,02/20/2021, 13:09:40,618
GTASA0000,GTA: SA Vita,824,02/20/2021, 14:09:57,618
GTASA0000,GTA: SA Vita,826,02/20/2021, 15:09:29,618
GTASA0000,GTA: SA Vita,833,02/20/2021, 16:15:52,618
GTASA0000,GTA: SA Vita,849,02/20/2021, 17:22:24,618
GTASA0000,GTA: SA Vita,866,02/20/2021, 18:11:15,618
GTASA0000,GTA: SA Vita,881,02/20/2021, 20:10:11,618
GTASA0000,GTA: SA Vita,895,02/20/2021, 21:08:41,618
GTASA0000,GTA: SA Vita,907,02/20/2021, 22:10:45,618
GTASA0000,GTA: SA Vita,916,02/20/2021, 23:10:17,618
GTASA0000,GTA: SA Vita,934,02/21/2021, 00:25:32,618
GTASA0000,GTA: SA Vita,950,02/21/2021, 01:36:55,618
GTASA0000,GTA: SA Vita,952,02/21/2021, 02:17:36,618
GTASA0000,GTA: SA Vita,961,02/21/2021, 03:10:21,618
GTASA0000,GTA: SA Vita,966,02/21/2021, 04:12:04,618
GTASA0000,GTA: SA Vita,971,02/21/2021, 05:09:36,618
GTASA0000,GTA: SA Vita,980,02/21/2021, 06:10:51,618
GTASA0000,GTA: SA Vita,983,02/21/2021, 07:09:39,618
GTASA0000,GTA: SA Vita,988,02/21/2021, 08:11:49,618
GTASA0000,GTA: SA Vita,997,02/21/2021, 09:10:06,618
GTASA0000,GTA: SA Vita,999,02/21/2021, 10:10:48,618
GTASA0000,GTA: SA Vita,1003,02/21/2021, 11:09:32,618
GTASA0000,GTA: SA Vita,1008,02/21/2021, 12:13:01,618
GTASA0000,GTA: SA Vita,1018,02/21/2021, 13:09:34,618
GTASA0000,GTA: SA Vita,1020,02/21/2021, 14:10:00,618
GTASA0000,GTA: SA Vita,1028,02/21/2021, 15:09:30,618
GTASA0000,GTA: SA Vita,1038,02/21/2021, 16:15:44,618
GTASA0000,GTA: SA Vita,1045,02/21/2021, 17:21:35,618
GTASA0000,GTA: SA Vita,1056,02/21/2021, 18:10:52,618
GTASA0000,GTA: SA Vita,1058,02/21/2021, 19:07:45,618
GTASA0000,GTA: SA Vita,1060,02/21/2021, 20:10:15,618
GTASA0000,GTA: SA Vita,1068,02/21/2021, 21:08:48,618
GTASA0000,GTA: SA Vita,1070,02/21/2021, 22:10:47,618
GTASA0000,GTA: SA Vita,1074,02/21/2021, 23:10:29,618
GTASA0000,GTA: SA Vita,1074,02/22/2021, 00:24:54,618
GTASA0000,GTA: SA Vita,1075,02/22/2021, 01:36:36,618
GTASA0000,GTA: SA Vita,1077,02/22/2021, 02:17:55,618
GTASA0000,GTA: SA Vita,1080,02/22/2021, 03:10:36,618
GTASA0000,GTA: SA Vita,1083,02/22/2021, 04:12:07,618
GTASA0000,GTA: SA Vita,1084,02/22/2021, 05:09:40,618
GTASA0000,GTA: SA Vita,1087,02/22/2021, 06:11:28,618
GTASA0000,GTA: SA Vita,1090,02/22/2021, 07:08:24,618
GTASA0000,GTA: SA Vita,1091,02/22/2021, 08:11:26,618
GTASA0000,GTA: SA Vita,1092,02/22/2021, 09:08:58,618
GTASA0000,GTA: SA Vita,1099,02/22/2021, 10:09:41,618
GTASA0000,GTA: SA Vita,1101,02/22/2021, 11:09:47,618
GTASA0000,GTA: SA Vita,1104,02/22/2021, 12:11:19,618
GTASA0000,GTA: SA Vita,1110,02/22/2021, 13:08:36,618
GTASA0000,GTA: SA Vita,1121,02/22/2021, 14:10:12,618
GTASA0000,GTA: SA Vita,1123,02/22/2021, 15:09:46,618
GTASA0000,GTA: SA Vita,1133,02/22/2021, 16:16:25,618
GTASA0000,GTA: SA Vita,1148,02/22/2021, 17:24:20,618
GTASA0000,GTA: SA Vita,1150,02/22/2021, 18:11:09,618
GTASA0000,GTA: SA Vita,1163,02/22/2021, 19:07:46,618
GTASA0000,GTA: SA Vita,1167,02/22/2021, 20:10:28,618
GTASA0000,GTA: SA Vita,1169,02/22/2021, 21:09:08,618
GTASA0000,GTA: SA Vita,1176,02/22/2021, 22:10:46,618
GTASA0000,GTA: SA Vita,1185,02/22/2021, 23:10:40,618
GTASA0000,GTA: SA Vita,1189,02/23/2021, 00:24:33,618
GTASA0000,GTA: SA Vita,1196,02/23/2021, 01:36:09,618
GTASA0000,GTA: SA Vita,1198,02/23/2021, 02:17:28,618
GTASA0000,GTA: SA Vita,1198,02/23/2021, 03:10:44,618
GTASA0000,GTA: SA Vita,1205,02/23/2021, 04:10:52,618
GTASA0000,GTA: SA Vita,1209,02/23/2021, 05:09:36,618
GTASA0000,GTA: SA Vita,1211,02/23/2021, 06:11:08,618
GTASA0000,GTA: SA Vita,1216,02/23/2021, 07:09:48,618
GTASA0000,GTA: SA Vita,1218,02/23/2021, 08:12:32,618
GTASA0000,GTA: SA Vita,1219,02/23/2021, 09:10:33,618
GTASA0000,GTA: SA Vita,1221,02/23/2021, 10:11:29,618
GTASA0000,GTA: SA Vita,1224,02/23/2021, 11:09:47,618
GTASA0000,GTA: SA Vita,1227,02/23/2021, 12:13:26,618
GTASA0000,GTA: SA Vita,1229,02/23/2021, 13:16:20,618
GTASA0000,GTA: SA Vita,1231,02/23/2021, 14:15:22,618
GTASA0000,GTA: SA Vita,1236,02/23/2021, 15:22:20,618
GTASA0000,GTA: SA Vita,1241,02/23/2021, 16:53:46,618
GTASA0000,GTA: SA Vita,1245,02/23/2021, 17:27:57,618
GTASA0000,GTA: SA Vita,1247,02/23/2021, 18:11:12,618
GTASA0000,GTA: SA Vita,1249,02/23/2021, 19:08:08,618
GTASA0000,GTA: SA Vita,1251,02/23/2021, 20:10:53,618
GTASA0000,GTA: SA Vita,1252,02/23/2021, 21:09:23,618
GTASA0000,GTA: SA Vita,1253,02/23/2021, 22:10:41,618
GTASA0000,GTA: SA Vita,1255,02/23/2021, 23:10:34,618
GTASA0000,GTA: SA Vita,1256,02/24/2021, 00:24:55,618
GTASA0000,GTA: SA Vita,1258,02/24/2021, 01:37:10,618
GTASA0000,GTA: SA Vita,1262,02/24/2021, 02:18:35,618
GTASA0000,GTA: SA Vita,1264,02/24/2021, 03:11:07,618
GTASA0000,GTA: SA Vita,1270,02/24/2021, 04:10:24,618
GTASA0000,GTA: SA Vita,1274,02/24/2021, 05:09:38,618
GTASA0000,GTA: SA Vita,1275,02/24/2021, 06:11:23,618
GTASA0000,GTA: SA Vita,1280,02/24/2021, 07:09:28,618
GTASA0000,GTA: SA Vita,1284,02/24/2021, 08:17:17,618
GTASA0000,GTA: SA Vita,1284,02/24/2021, 09:16:14,618
GTASA0000,GTA: SA Vita,1289,02/24/2021, 10:17:51,618
GTASA0000,GTA: SA Vita,1293,02/24/2021, 11:15:36,618
GTASA0000,GTA: SA Vita,1308,02/24/2021, 12:19:00,618
GTASA0000,GTA: SA Vita,1327,02/24/2021, 13:17:37,618
GTASA0000,GTA: SA Vita,1334,02/24/2021, 14:15:52,618
GTASA0000,GTA: SA Vita,1346,02/24/2021, 15:23:50,618
GTASA0000,GTA: SA Vita,1359,02/24/2021, 16:29:29,618
GTASA0000,GTA: SA Vita,1373,02/24/2021, 17:30:59,618
GTASA0000,GTA: SA Vita,1382,02/24/2021, 18:11:13,618
GTASA0000,GTA: SA Vita,1387,02/24/2021, 19:07:30,618
GTASA0000,GTA: SA Vita,1395,02/24/2021, 20:10:33,618
GTASA0000,GTA: SA Vita,1402,02/24/2021, 21:09:12,618
GTASA0000,GTA: SA Vita,1405,02/24/2021, 22:10:56,618
GTASA0000,GTA: SA Vita,1412,02/24/2021, 23:10:22,618
GTASA0000,GTA: SA Vita,1414,02/25/2021, 00:24:38,618
GTASA0000,GTA: SA Vita,1420,02/25/2021, 01:37:05,618
GTASA0000,GTA: SA Vita,1425,02/25/2021, 02:17:42,618
GTASA0000,GTA: SA Vita,1429,02/25/2021, 03:10:38,618
GTASA0000,GTA: SA Vita,1434,02/25/2021, 04:12:19,618
GTASA0000,GTA: SA Vita,1437,02/25/2021, 05:09:40,618
GTASA0000,GTA: SA Vita,1446,02/25/2021, 06:11:32,618
GTASA0000,GTA: SA Vita,1449,02/25/2021, 07:09:32,618
GTASA0000,GTA: SA Vita,1454,02/25/2021, 08:12:15,618
GTASA0000,GTA: SA Vita,1457,02/25/2021, 09:16:02,618
GTASA0000,GTA: SA Vita,1457,02/25/2021, 10:17:18,618
GTASA0000,GTA: SA Vita,1462,02/25/2021, 11:09:43,618
GTASA0000,GTA: SA Vita,1464,02/25/2021, 12:13:10,618
GTASA0000,GTA: SA Vita,1470,02/25/2021, 13:11:43,618
GTASA0000,GTA: SA Vita,1473,02/25/2021, 14:10:13,618
GTASA0000,GTA: SA Vita,1476,02/25/2021, 15:15:55,618
GTASA0000,GTA: SA Vita,1482,02/25/2021, 16:21:45,618
GTASA0000,GTA: SA Vita,1491,02/25/2021, 17:30:07,618
GTASA0000,GTA: SA Vita,1496,02/25/2021, 18:15:17,618
GTASA0000,GTA: SA Vita,1506,02/25/2021, 19:07:30,618
GTASA0000,GTA: SA Vita,1509,02/25/2021, 20:10:41,618
GTASA0000,GTA: SA Vita,1511,02/25/2021, 21:09:23,618
GTASA0000,GTA: SA Vita,1534,02/25/2021, 22:10:47,618
GTASA0000,GTA: SA Vita,1546,02/25/2021, 23:10:58,618
GTASA0000,GTA: SA Vita,1561,02/26/2021, 00:27:00,618
GTASA0000,GTA: SA Vita,1579,02/26/2021, 01:37:34,618
GTASA0000,GTA: SA Vita,1586,02/26/2021, 02:18:53,618
GTASA0000,GTA: SA Vita,1592,02/26/2021, 03:10:58,618
GTASA0000,GTA: SA Vita,1598,02/26/2021, 04:12:14,618
GTASA0000,GTA: SA Vita,1612,02/26/2021, 05:09:43,618
GTASA0000,GTA: SA Vita,1615,02/26/2021, 06:11:21,618
GTASA0000,GTA: SA Vita,1621,02/26/2021, 07:10:06,618
GTASA0000,GTA: SA Vita,1634,02/26/2021, 08:12:13,618
GTASA0000,GTA: SA Vita,1644,02/26/2021, 09:10:56,618
GTASA0000,GTA: SA Vita,1651,02/26/2021, 10:11:40,618
GTASA0000,GTA: SA Vita,1656,02/26/2021, 11:15:19,618
GTASA0000,GTA: SA Vita,1664,02/26/2021, 12:13:33,618
GTASA0000,GTA: SA Vita,1668,02/26/2021, 13:12:00,618
GTASA0000,GTA: SA Vita,1671,02/26/2021, 14:10:04,618
GTASA0000,GTA: SA Vita,1680,02/26/2021, 15:09:40,618
GTASA0000,GTA: SA Vita,1687,02/26/2021, 16:16:14,618
GTASA0000,GTA: SA Vita,1691,02/26/2021, 17:26:03,618
GTASA0000,GTA: SA Vita,1697,02/26/2021, 18:11:10,618
GTASA0000,GTA: SA Vita,1703,02/26/2021, 19:07:33,618
GTASA0000,GTA: SA Vita,1708,02/26/2021, 20:10:43,618
GTASA0000,GTA: SA Vita,1714,02/26/2021, 21:09:06,618
GTASA0000,GTA: SA Vita,1717,02/26/2021, 22:10:41,618
GTASA0000,GTA: SA Vita,1717,02/26/2021, 23:10:48,618
GTASA0000,GTA: SA Vita,1721,02/27/2021, 00:24:55,618
GTASA0000,GTA: SA Vita,1723,02/27/2021, 01:37:00,618
GTASA0000,GTA: SA Vita,1723,02/27/2021, 02:18:25,618
GTASA0000,GTA: SA Vita,1724,02/27/2021, 03:11:04,618
GTASA0000,GTA: SA Vita,1728,02/27/2021, 04:12:33,618
GTASA0000,GTA: SA Vita,1732,02/27/2021, 05:09:55,618
GTASA0000,GTA: SA Vita,1733,02/27/2021, 06:11:19,618
GTASA0000,GTA: SA Vita,1736,02/27/2021, 07:09:50,618
GTASA0000,GTA: SA Vita,1737,02/27/2021, 08:11:45,618
GTASA0000,GTA: SA Vita,1740,02/27/2021, 09:10:47,618
GTASA0000,GTA: SA Vita,1740,02/27/2021, 10:11:20,618
GTASA0000,GTA: SA Vita,1740,02/27/2021, 11:09:45,618
GTASA0000,GTA: SA Vita,1742,02/27/2021, 12:13:14,618
GTASA0000,GTA: SA Vita,1744,02/27/2021, 13:10:54,618
GTASA0000,GTA: SA Vita,1748,02/27/2021, 14:09:45,618
GTASA0000,GTA: SA Vita,1750,02/27/2021, 15:09:34,618
GTASA0000,GTA: SA Vita,1753,02/27/2021, 16:16:22,618
GTASA0000,GTA: SA Vita,1759,02/27/2021, 17:25:44,618
GTASA0000,GTA: SA Vita,1761,02/27/2021, 18:11:06,618
GTASA0000,GTA: SA Vita,1765,02/27/2021, 19:07:41,618
GTASA0000,GTA: SA Vita,1767,02/27/2021, 20:10:23,618
GTASA0000,GTA: SA Vita,1769,02/27/2021, 21:09:09,618
GTASA0000,GTA: SA Vita,1773,02/27/2021, 22:10:47,618
GTASA0000,GTA: SA Vita,1776,02/27/2021, 23:10:47,618
GTASA0000,GTA: SA Vita,1780,02/28/2021, 00:26:34,618
GTASA0000,GTA: SA Vita,1782,02/28/2021, 01:40:04,618
GTASA0000,GTA: SA Vita,1782,02/28/2021, 02:21:32,618
GTASA0000,GTA: SA Vita,1782,02/28/2021, 03:10:47,618
GTASA0000,GTA: SA Vita,1784,02/28/2021, 04:12:31,618
GTASA0000,GTA: SA Vita,1784,02/28/2021, 05:10:23,618
GTASA0000,GTA: SA Vita,1788,02/28/2021, 06:11:33,618
GTASA0000,GTA: SA Vita,1788,02/28/2021, 07:09:33,618
GTASA0000,GTA: SA Vita,1789,02/28/2021, 08:12:02,618
GTASA0000,GTA: SA Vita,1791,02/28/2021, 09:10:45,618
GTASA0000,GTA: SA Vita,1791,02/28/2021, 10:11:29,618
GTASA0000,GTA: SA Vita,1792,02/28/2021, 11:09:45,618
GTASA0000,GTA: SA Vita,1794,02/28/2021, 12:13:16,618
GTASA0000,GTA: SA Vita,1795,02/28/2021, 13:10:39,618
GTASA0000,GTA: SA Vita,1798,02/28/2021, 14:09:54,618
GTASA0000,GTA: SA Vita,1802,02/28/2021, 15:09:38,618
GTASA0000,GTA: SA Vita,1806,02/28/2021, 16:16:16,618
GTASA0000,GTA: SA Vita,1809,02/28/2021, 17:25:38,618
GTASA0000,GTA: SA Vita,1811,02/28/2021, 18:10:56,618
GTASA0000,GTA: SA Vita,1816,02/28/2021, 19:07:50,618
GTASA0000,GTA: SA Vita,1821,02/28/2021, 20:10:15,618
GTASA0000,GTA: SA Vita,1832,02/28/2021, 21:08:59,618
GTASA0000,GTA: SA Vita,1840,02/28/2021, 22:10:39,618
GTASA0000,GTA: SA Vita,1848,02/28/2021, 23:10:39,618
GTASA0000,GTA: SA Vita,1859,03/01/2021, 00:26:45,618
GTASA0000,GTA: SA Vita,1863,03/01/2021, 01:41:28,618
GTASA0000,GTA: SA Vita,1865,03/01/2021, 02:23:01,618
GTASA0000,GTA: SA Vita,1868,03/01/2021, 03:10:50,618
GTASA0000,GTA: SA Vita,1871,03/01/2021, 04:12:54,618
GTASA0000,GTA: SA Vita,1874,03/01/2021, 05:10:18,618
GTASA0000,GTA: SA Vita,1879,03/01/2021, 06:11:50,618
GTASA0000,GTA: SA Vita,1882,03/01/2021, 07:09:55,618
GTASA0000,GTA: SA Vita,1887,03/01/2021, 08:12:38,618
GTASA0000,GTA: SA Vita,1887,03/01/2021, 09:10:58,618
GTASA0000,GTA: SA Vita,1892,03/01/2021, 10:43:51,618
GTASA0000,GTA: SA Vita,1892,03/01/2021, 11:16:58,618
GTASA0000,GTA: SA Vita,1893,03/01/2021, 12:13:37,618
GTASA0000,GTA: SA Vita,1895,03/01/2021, 13:17:11,618
GTASA0000,GTA: SA Vita,1902,03/01/2021, 14:10:26,618
GTASA0000,GTA: SA Vita,1905,03/01/2021, 15:10:00,618
GTASA0000,GTA: SA Vita,1911,03/01/2021, 16:16:25,618
GTASA0000,GTA: SA Vita,1916,03/01/2021, 17:26:59,618
GTASA0000,GTA: SA Vita,1918,03/01/2021, 18:11:02,618
GTASA0000,GTA: SA Vita,1928,03/01/2021, 19:07:51,618
GTASA0000,GTA: SA Vita,1933,03/01/2021, 20:10:52,618
GTASA0000,GTA: SA Vita,1940,03/01/2021, 21:09:25,618
GTASA0000,GTA: SA Vita,1945,03/01/2021, 22:13:59,618
GTASA0000,GTA: SA Vita,1947,03/01/2021, 23:10:39,618
GTASA0000,GTA: SA Vita,1952,03/02/2021, 00:21:16,618
GTASA0000,GTA: SA Vita,1955,03/02/2021, 01:24:14,618
GTASA0000,GTA: SA Vita,1956,03/02/2021, 02:11:21,618
GTASA0000,GTA: SA Vita,1959,03/02/2021, 03:10:57,618
GTASA0000,GTA: SA Vita,1961,03/02/2021, 04:12:43,618
GTASA0000,GTA: SA Vita,1966,03/02/2021, 05:10:02,618
GTASA0000,GTA: SA Vita,1969,03/02/2021, 06:11:14,618
GTASA0000,GTA: SA Vita,1971,03/02/2021, 07:09:56,618
GTASA0000,GTA: SA Vita,1974,03/02/2021, 08:12:24,618
GTASA0000,GTA: SA Vita,1975,03/02/2021, 09:11:13,618
GTASA0000,GTA: SA Vita,1976,03/02/2021, 10:09:49,618
GTASA0000,GTA: SA Vita,1977,03/02/2021, 11:08:19,618
GTASA0000,GTA: SA Vita,1984,03/02/2021, 12:11:26,618
GTASA0000,GTA: SA Vita,1987,03/02/2021, 13:08:41,618
GTASA0000,GTA: SA Vita,1994,03/02/2021, 14:09:02,618
GTASA0000,GTA: SA Vita,1995,03/02/2021, 15:08:34,618
GTASA0000,GTA: SA Vita,1998,03/02/2021, 16:19:40,618
GTASA0000,GTA: SA Vita,2001,03/02/2021, 17:30:08,618
GTASA0000,GTA: SA Vita,2004,03/02/2021, 18:09:54,618
GTASA0000,GTA: SA Vita,2011,03/02/2021, 19:07:08,618
GTASA0000,GTA: SA Vita,2014,03/02/2021, 20:10:43,618
GTASA0000,GTA: SA Vita,2019,03/02/2021, 21:09:19,618
GTASA0000,GTA: SA Vita,2019,03/02/2021, 22:11:19,618
GTASA0000,GTA: SA Vita,2023,03/02/2021, 23:11:04,618
GTASA0000,GTA: SA Vita,2028,03/03/2021, 00:24:58,618
GTASA0000,GTA: SA Vita,2032,03/03/2021, 01:38:41,618
GTASA0000,GTA: SA Vita,2032,03/03/2021, 02:20:49,618
GTASA0000,GTA: SA Vita,2034,03/03/2021, 03:09:31,618
GTASA0000,GTA: SA Vita,2037,03/03/2021, 04:10:58,618
GTASA0000,GTA: SA Vita,2039,03/03/2021, 05:10:39,618
GTASA0000,GTA: SA Vita,2040,03/03/2021, 06:11:34,618
GTASA0000,GTA: SA Vita,2043,03/03/2021, 07:10:13,618
GTASA0000,GTA: SA Vita,2044,03/03/2021, 08:12:39,618
GTASA0000,GTA: SA Vita,2051,03/03/2021, 09:10:58,618
GTASA0000,GTA: SA Vita,2053,03/03/2021, 10:11:54,618
GTASA0000,GTA: SA Vita,2055,03/03/2021, 11:09:42,618
GTASA0000,GTA: SA Vita,2057,03/03/2021, 12:13:26,618
GTASA0000,GTA: SA Vita,2063,03/03/2021, 13:12:45,618
GTASA0000,GTA: SA Vita,2065,03/03/2021, 14:11:01,618
GTASA0000,GTA: SA Vita,2072,03/03/2021, 15:10:14,618
GTASA0000,GTA: SA Vita,2077,03/03/2021, 16:16:29,618
GTASA0000,GTA: SA Vita,2081,03/03/2021, 17:27:36,618
GTASA0000,GTA: SA Vita,2085,03/03/2021, 18:13:37,618
GTASA0000,GTA: SA Vita,2091,03/03/2021, 19:07:35,618
GTASA0000,GTA: SA Vita,2095,03/03/2021, 20:11:03,618
GTASA0000,GTA: SA Vita,2099,03/03/2021, 21:09:17,618
GTASA0000,GTA: SA Vita,2105,03/03/2021, 22:11:09,618
GTASA0000,GTA: SA Vita,2107,03/03/2021, 23:10:46,618
GTASA0000,GTA: SA Vita,2113,03/04/2021, 00:24:57,618
GTASA0000,GTA: SA Vita,2120,03/04/2021, 01:39:18,618
GTASA0000,GTA: SA Vita,2122,03/04/2021, 02:21:36,618
GTASA0000,GTA: SA Vita,2124,03/04/2021, 03:10:57,618
GTASA0000,GTA: SA Vita,2130,03/04/2021, 04:12:44,618
GTASA0000,GTA: SA Vita,2136,03/04/2021, 05:09:48,618
GTASA0000,GTA: SA Vita,2137,03/04/2021, 06:10:46,618
GTASA0000,GTA: SA Vita,2138,03/04/2021, 07:09:35,618
GTASA0000,GTA: SA Vita,2139,03/04/2021, 08:12:18,618
GTASA0000,GTA: SA Vita,2140,03/04/2021, 09:11:26,618
GTASA0000,GTA: SA Vita,2140,03/04/2021, 10:11:45,618
GTASA0000,GTA: SA Vita,2140,03/04/2021, 11:09:58,618
GTASA0000,GTA: SA Vita,2141,03/04/2021, 12:13:49,618
GTASA0000,GTA: SA Vita,2141,03/04/2021, 13:12:44,618
GTASA0000,GTA: SA Vita,2144,03/04/2021, 14:10:58,618
GTASA0000,GTA: SA Vita,2148,03/04/2021, 15:10:22,618
GTASA0000,GTA: SA Vita,2151,03/04/2021, 16:16:42,618
GTASA0000,GTA: SA Vita,2156,03/04/2021, 17:25:20,618
GTASA0000,GTA: SA Vita,2157,03/04/2021, 18:11:06,618
GTASA0000,GTA: SA Vita,2162,03/04/2021, 19:08:17,618
GTASA0000,GTA: SA Vita,2165,03/04/2021, 20:11:04,618
GTASA0000,GTA: SA Vita,2166,03/04/2021, 21:09:39,618
GTASA0000,GTA: SA Vita,2175,03/04/2021, 22:11:29,618
GTASA0000,GTA: SA Vita,2179,03/04/2021, 23:10:51,618
GTASA0000,GTA: SA Vita,2185,03/05/2021, 00:25:36,618
GTASA0000,GTA: SA Vita,2191,03/05/2021, 01:40:35,618
GTASA0000,GTA: SA Vita,2192,03/05/2021, 02:22:39,618
GTASA0000,GTA: SA Vita,2200,03/05/2021, 03:11:03,618
GTASA0000,GTA: SA Vita,2207,03/05/2021, 04:12:58,618
GTASA0000,GTA: SA Vita,2216,03/05/2021, 05:09:35,618
GTASA0000,GTA: SA Vita,2221,03/05/2021, 06:11:43,618
GTASA0000,GTA: SA Vita,2222,03/05/2021, 07:09:51,618
GTASA0000,GTA: SA Vita,2226,03/05/2021, 08:13:03,618
GTASA0000,GTA: SA Vita,2228,03/05/2021, 09:10:44,618
GTASA0000,GTA: SA Vita,2232,03/05/2021, 10:12:04,618
GTASA0000,GTA: SA Vita,2238,03/05/2021, 11:09:59,618
GTASA0000,GTA: SA Vita,2244,03/05/2021, 12:13:45,618
GTASA0000,GTA: SA Vita,2251,03/05/2021, 13:12:41,618
GTASA0000,GTA: SA Vita,2261,03/05/2021, 14:10:44,618
GTASA0000,GTA: SA Vita,2268,03/05/2021, 15:10:18,618
GTASA0000,GTA: SA Vita,2273,03/05/2021, 16:16:35,618
GTASA0000,GTA: SA Vita,2277,03/05/2021, 17:27:16,618
GTASA0000,GTA: SA Vita,2280,03/05/2021, 18:11:47,618
GTASA0000,GTA: SA Vita,2287,03/05/2021, 19:07:38,618
GTASA0000,GTA: SA Vita,2292,03/05/2021, 20:10:51,618
GTASA0000,GTA: SA Vita,2297,03/05/2021, 21:09:29,618
GTASA0000,GTA: SA Vita,2301,03/05/2021, 22:11:18,618
GTASA0000,GTA: SA Vita,2306,03/05/2021, 23:11:10,618
GTASA0000,GTA: SA Vita,2311,03/06/2021, 00:25:17,618
GTASA0000,GTA: SA Vita,2318,03/06/2021, 01:39:19,618
GTASA0000,GTA: SA Vita,2322,03/06/2021, 02:22:05,618
GTASA0000,GTA: SA Vita,2326,03/06/2021, 03:11:16,618
GTASA0000,GTA: SA Vita,2327,03/06/2021, 04:13:04,618
GTASA0000,GTA: SA Vita,2329,03/06/2021, 05:09:44,618
GTASA0000,GTA: SA Vita,2336,03/06/2021, 06:11:20,618
GTASA0000,GTA: SA Vita,2340,03/06/2021, 07:09:46,618
GTASA0000,GTA: SA Vita,2343,03/06/2021, 08:12:07,618
GTASA0000,GTA: SA Vita,2345,03/06/2021, 09:10:56,618
GTASA0000,GTA: SA Vita,2347,03/06/2021, 10:11:53,618
GTASA0000,GTA: SA Vita,2349,03/06/2021, 11:09:51,618
GTASA0000,GTA: SA Vita,2351,03/06/2021, 12:13:24,618
GTASA0000,GTA: SA Vita,2355,03/06/2021, 13:12:20,618
GTASA0000,GTA: SA Vita,2363,03/06/2021, 14:10:31,618
GTASA0000,GTA: SA Vita,2376,03/06/2021, 15:10:01,618
GTASA0000,GTA: SA Vita,2389,03/06/2021, 16:16:31,618
GTASA0000,GTA: SA Vita,2396,03/06/2021, 17:26:35,618
GTASA0000,GTA: SA Vita,2401,03/06/2021, 18:11:00,618
GTASA0000,GTA: SA Vita,2408,03/06/2021, 19:07:37,618
GTASA0000,GTA: SA Vita,2417,03/06/2021, 20:10:48,618
GTASA0000,GTA: SA Vita,2426,03/06/2021, 21:09:22,618
GTASA0000,GTA: SA Vita,2429,03/06/2021, 22:11:03,618
GTASA0000,GTA: SA Vita,2432,03/06/2021, 23:10:47,618
GTASA0000,GTA: SA Vita,2438,03/07/2021, 00:26:59,618
GTASA0000,GTA: SA Vita,2443,03/07/2021, 01:43:00,618
GTASA0000,GTA: SA Vita,2446,03/07/2021, 02:24:44,618
GTASA0000,GTA: SA Vita,2450,03/07/2021, 03:10:23,618
GTASA0000,GTA: SA Vita,2456,03/07/2021, 04:13:12,618
GTASA0000,GTA: SA Vita,2461,03/07/2021, 05:09:45,618
GTASA0000,GTA: SA Vita,2468,03/07/2021, 06:11:29,618
GTASA0000,GTA: SA Vita,2472,03/07/2021, 07:09:40,618
GTASA0000,GTA: SA Vita,2477,03/07/2021, 08:12:14,618
GTASA0000,GTA: SA Vita,2483,03/07/2021, 09:10:55,618
GTASA0000,GTA: SA Vita,2485,03/07/2021, 10:11:53,618
GTASA0000,GTA: SA Vita,2488,03/07/2021, 11:09:42,618
GTASA0000,GTA: SA Vita,2490,03/07/2021, 12:13:33,618
GTASA0000,GTA: SA Vita,2492,03/07/2021, 13:12:11,618
GTASA0000,GTA: SA Vita,2495,03/07/2021, 14:10:19,618
GTASA0000,GTA: SA Vita,2497,03/07/2021, 15:09:49,618
GTASA0000,GTA: SA Vita,2498,03/07/2021, 16:16:21,618
GTASA0000,GTA: SA Vita,2503,03/07/2021, 17:26:20,618
GTASA0000,GTA: SA Vita,2505,03/07/2021, 18:11:00,618
GTASA0000,GTA: SA Vita,2509,03/07/2021, 19:07:46,618
GTASA0000,GTA: SA Vita,2516,03/07/2021, 20:10:37,618
GTASA0000,GTA: SA Vita,2520,03/07/2021, 21:09:28,618
GTASA0000,GTA: SA Vita,2521,03/07/2021, 22:11:01,618
GTASA0000,GTA: SA Vita,2523,03/07/2021, 23:10:48,618
GTASA0000,GTA: SA Vita,2525,03/08/2021, 00:26:05,618
GTASA0000,GTA: SA Vita,2530,03/08/2021, 01:41:53,618
GTASA0000,GTA: SA Vita,2533,03/08/2021, 02:25:05,618
GTASA0000,GTA: SA Vita,2535,03/08/2021, 03:10:19,618
GTASA0000,GTA: SA Vita,2537,03/08/2021, 04:13:01,618
GTASA0000,GTA: SA Vita,2538,03/08/2021, 05:09:56,618
GTASA0000,GTA: SA Vita,2539,03/08/2021, 06:11:49,618
GTASA0000,GTA: SA Vita,2544,03/08/2021, 07:09:43,618
GTASA0000,GTA: SA Vita,2547,03/08/2021, 08:12:52,618
GTASA0000,GTA: SA Vita,2551,03/08/2021, 09:10:53,618
GTASA0000,GTA: SA Vita,2553,03/08/2021, 10:11:54,618
GTASA0000,GTA: SA Vita,2555,03/08/2021, 11:09:56,618
GTASA0000,GTA: SA Vita,2557,03/08/2021, 12:13:55,618
GTASA0000,GTA: SA Vita,2563,03/08/2021, 13:13:29,618
GTASA0000,GTA: SA Vita,2567,03/08/2021, 14:10:57,618
GTASA0000,GTA: SA Vita,2570,03/08/2021, 15:10:11,618
GTASA0000,GTA: SA Vita,2580,03/08/2021, 16:16:45,618
GTASA0000,GTA: SA Vita,2584,03/08/2021, 17:27:59,618
GTASA0000,GTA: SA Vita,2588,03/08/2021, 18:13:00,618
GTASA0000,GTA: SA Vita,2591,03/08/2021, 19:08:09,618
GTASA0000,GTA: SA Vita,2594,03/08/2021, 20:11:30,618
GTASA0000,GTA: SA Vita,2600,03/08/2021, 21:09:42,618
GTASA0000,GTA: SA Vita,2607,03/08/2021, 22:11:11,618
GTASA0000,GTA: SA Vita,2607,03/08/2021, 23:11:11,618
GTASA0000,GTA: SA Vita,2611,03/09/2021, 00:25:48,618
GTASA0000,GTA: SA Vita,2615,03/09/2021, 01:40:56,618
GTASA0000,GTA: SA Vita,2619,03/09/2021, 02:24:31,618
GTASA0000,GTA: SA Vita,2623,03/09/2021, 03:10:27,618
GTASA0000,GTA: SA Vita,2625,03/09/2021, 04:13:13,618
GTASA0000,GTA: SA Vita,2627,03/09/2021, 05:10:35,618
GTASA0000,GTA: SA Vita,2628,03/09/2021, 06:11:41,618
GTASA0000,GTA: SA Vita,2631,03/09/2021, 07:09:55,618
GTASA0000,GTA: SA Vita,2632,03/09/2021, 08:13:09,618
GTASA0000,GTA: SA Vita,2637,03/09/2021, 09:15:46,618
GTASA0000,GTA: SA Vita,2641,03/09/2021, 10:17:10,618
GTASA0000,GTA: SA Vita,2642,03/09/2021, 11:14:46,618
GTASA0000,GTA: SA Vita,2643,03/09/2021, 12:18:46,618
GTASA0000,GTA: SA Vita,2644,03/09/2021, 13:18:49,618
GTASA0000,GTA: SA Vita,2647,03/09/2021, 14:15:53,618
GTASA0000,GTA: SA Vita,2651,03/09/2021, 15:20:10,618
GTASA0000,GTA: SA Vita,2676,03/09/2021, 17:42:31,618
GTASA0000,GTA: SA Vita,2684,03/09/2021, 18:29:09,618
GTASA0000,GTA: SA Vita,2695,03/09/2021, 19:11:53,618
GTASA0000,GTA: SA Vita,2706,03/09/2021, 20:11:18,618
GTASA0000,GTA: SA Vita,2715,03/09/2021, 21:09:36,618
GTASA0000,GTA: SA Vita,2724,03/09/2021, 22:13:11,618
GTASA0000,GTA: SA Vita,2724,03/09/2021, 23:11:01,618
GTASA0000,GTA: SA Vita,2730,03/10/2021, 00:25:46,618
GTASA0000,GTA: SA Vita,2733,03/10/2021, 01:41:28,618
GTASA0000,GTA: SA Vita,2736,03/10/2021, 02:25:27,618
GTASA0000,GTA: SA Vita,2737,03/10/2021, 03:09:58,618
GTASA0000,GTA: SA Vita,2739,03/10/2021, 04:11:15,618
GTASA0000,GTA: SA Vita,2741,03/10/2021, 05:10:41,618
GTASA0000,GTA: SA Vita,2743,03/10/2021, 06:11:53,618
GTASA0000,GTA: SA Vita,2747,03/10/2021, 07:10:05,618
GTASA0000,GTA: SA Vita,2750,03/10/2021, 08:12:31,618
GTASA0000,GTA: SA Vita,2756,03/10/2021, 09:11:12,618
GTASA0000,GTA: SA Vita,2761,03/10/2021, 10:12:01,618
GTASA0000,GTA: SA Vita,2765,03/10/2021, 11:10:07,618
GTASA0000,GTA: SA Vita,2772,03/10/2021, 12:14:22,618
GTASA0000,GTA: SA Vita,2780,03/10/2021, 13:13:51,618
GTASA0000,GTA: SA Vita,2785,03/10/2021, 14:15:54,618
GTASA0000,GTA: SA Vita,2789,03/10/2021, 15:14:53,618
GTASA0000,GTA: SA Vita,2793,03/10/2021, 16:22:20,618
GTASA0000,GTA: SA Vita,2798,03/10/2021, 17:32:54,618
GTASA0000,GTA: SA Vita,2800,03/10/2021, 18:17:51,618
GTASA0000,GTA: SA Vita,2804,03/10/2021, 19:12:54,618
GTASA0000,GTA: SA Vita,2808,03/10/2021, 20:15:44,618
GTASA0000,GTA: SA Vita,2812,03/10/2021, 21:09:33,618
GTASA0000,GTA: SA Vita,2815,03/10/2021, 22:11:20,618
GTASA0000,GTA: SA Vita,2822,03/10/2021, 23:10:00,618
GTASA0000,GTA: SA Vita,2828,03/11/2021, 00:25:39,618
GTASA0000,GTA: SA Vita,2832,03/11/2021, 01:42:17,618
GTASA0000,GTA: SA Vita,2835,03/11/2021, 02:24:26,618
GTASA0000,GTA: SA Vita,2836,03/11/2021, 03:10:38,618
GTASA0000,GTA: SA Vita,2839,03/11/2021, 04:14:19,618
GTASA0000,GTA: SA Vita,2841,03/11/2021, 05:10:48,618
GTASA0000,GTA: SA Vita,2841,03/11/2021, 06:12:00,618
GTASA0000,GTA: SA Vita,2845,03/11/2021, 07:10:50,618
GTASA0000,GTA: SA Vita,2848,03/11/2021, 08:12:40,618
GTASA0000,GTA: SA Vita,2850,03/11/2021, 09:11:32,618
GTASA0000,GTA: SA Vita,2851,03/11/2021, 10:11:58,618
GTASA0000,GTA: SA Vita,2857,03/11/2021, 11:10:05,618
GTASA0000,GTA: SA Vita,2859,03/11/2021, 12:14:06,618
GTASA0000,GTA: SA Vita,2863,03/11/2021, 13:19:58,618
GTASA0000,GTA: SA Vita,2866,03/11/2021, 14:15:55,618
GTASA0000,GTA: SA Vita,2870,03/11/2021, 15:15:09,618
GTASA0000,GTA: SA Vita,2876,03/11/2021, 16:21:49,618
GTASA0000,GTA: SA Vita,2883,03/11/2021, 17:33:51,618
GTASA0000,GTA: SA Vita,2883,03/11/2021, 18:18:51,618
GTASA0000,GTA: SA Vita,2886,03/11/2021, 19:13:03,618
GTASA0000,GTA: SA Vita,2886,03/11/2021, 20:11:28,618
GTASA0000,GTA: SA Vita,2887,03/11/2021, 21:09:55,618
GTASA0000,GTA: SA Vita,2889,03/11/2021, 22:11:28,618
GTASA0000,GTA: SA Vita,2894,03/11/2021, 23:10:56,618
GTASA0000,GTA: SA Vita,2897,03/12/2021, 00:26:09,618
GTASA0000,GTA: SA Vita,2901,03/12/2021, 01:43:01,618
GTASA0000,GTA: SA Vita,2901,03/12/2021, 02:26:56,618
GTASA0000,GTA: SA Vita,2903,03/12/2021, 03:11:58,618
GTASA0000,GTA: SA Vita,2908,03/12/2021, 04:13:08,618
GTASA0000,GTA: SA Vita,2910,03/12/2021, 05:11:26,618
GTASA0000,GTA: SA Vita,2914,03/12/2021, 06:12:01,618
GTASA0000,GTA: SA Vita,2917,03/12/2021, 07:09:39,618
GTASA0000,GTA: SA Vita,2918,03/12/2021, 08:13:26,618
GTASA0000,GTA: SA Vita,2918,03/12/2021, 09:14:50,618
GTASA0000,GTA: SA Vita,2920,03/12/2021, 10:16:57,618
GTASA0000,GTA: SA Vita,2920,03/12/2021, 11:14:58,618
GTASA0000,GTA: SA Vita,2923,03/12/2021, 12:18:47,618
GTASA0000,GTA: SA Vita,2925,03/12/2021, 13:18:53,618
GTASA0000,GTA: SA Vita,2928,03/12/2021, 14:15:59,618
GTASA0000,GTA: SA Vita,2931,03/12/2021, 15:15:04,618
GTASA0000,GTA: SA Vita,2932,03/12/2021, 16:21:51,618
GTASA0000,GTA: SA Vita,2934,03/12/2021, 17:29:05,618
GTASA0000,GTA: SA Vita,2935,03/12/2021, 18:13:24,618
GTASA0000,GTA: SA Vita,2944,03/12/2021, 19:27:47,618
GTASA0000,GTA: SA Vita,2949,03/12/2021, 20:11:35,618
GTASA0000,GTA: SA Vita,2956,03/12/2021, 21:09:18,618
GTASA0000,GTA: SA Vita,2961,03/12/2021, 22:11:34,618
GTASA0000,GTA: SA Vita,2965,03/12/2021, 23:11:09,618
GTASA0000,GTA: SA Vita,2972,03/13/2021, 00:25:49,618
GTASA0000,GTA: SA Vita,2976,03/13/2021, 01:41:34,618
GTASA0000,GTA: SA Vita,2985,03/13/2021, 02:26:00,618
GTASA0000,GTA: SA Vita,2989,03/13/2021, 03:11:17,618
GTASA0000,GTA: SA Vita,2993,03/13/2021, 04:13:06,618
GTASA0000,GTA: SA Vita,2995,03/13/2021, 05:10:46,618
GTASA0000,GTA: SA Vita,2998,03/13/2021, 06:11:43,618
GTASA0000,GTA: SA Vita,3001,03/13/2021, 07:09:53,618
GTASA0000,GTA: SA Vita,3004,03/13/2021, 08:12:12,618
GTASA0000,GTA: SA Vita,3006,03/13/2021, 09:10:55,618
GTASA0000,GTA: SA Vita,3006,03/13/2021, 10:11:40,618
GTASA0000,GTA: SA Vita,3009,03/13/2021, 11:10:08,618
GTASA0000,GTA: SA Vita,3012,03/13/2021, 12:13:53,618
GTASA0000,GTA: SA Vita,3015,03/13/2021, 13:13:37,618
GTASA0000,GTA: SA Vita,3020,03/13/2021, 14:10:42,618
GTASA0000,GTA: SA Vita,3023,03/13/2021, 15:10:16,618
GTASA0000,GTA: SA Vita,3030,03/13/2021, 16:16:41,618
GTASA0000,GTA: SA Vita,3032,03/13/2021, 17:28:23,618
GTASA0000,GTA: SA Vita,3037,03/13/2021, 18:12:30,618
GTASA0000,GTA: SA Vita,3042,03/13/2021, 19:07:34,618
GTASA0000,GTA: SA Vita,3045,03/13/2021, 20:11:03,618
GTASA0000,GTA: SA Vita,3052,03/13/2021, 21:09:33,618
GTASA0000,GTA: SA Vita,3058,03/13/2021, 22:11:08,618
GTASA0000,GTA: SA Vita,3059,03/13/2021, 23:10:55,618
GTASA0000,GTA: SA Vita,3064,03/14/2021, 00:27:19,618
GTASA0000,GTA: SA Vita,3066,03/14/2021, 01:45:09,618
GTASA0000,GTA: SA Vita,3067,03/14/2021, 02:26:08,618
GTASA0000,GTA: SA Vita,3067,03/14/2021, 03:11:27,618
GTASA0000,GTA: SA Vita,3072,03/14/2021, 04:13:06,618
GTASA0000,GTA: SA Vita,3075,03/14/2021, 05:10:56,618
GTASA0000,GTA: SA Vita,3078,03/14/2021, 06:11:53,618
GTASA0000,GTA: SA Vita,3081,03/14/2021, 07:10:09,618
GTASA0000,GTA: SA Vita,3083,03/14/2021, 08:12:28,618
GTASA0000,GTA: SA Vita,3084,03/14/2021, 09:11:13,618
GTASA0000,GTA: SA Vita,3086,03/14/2021, 10:11:51,618
GTASA0000,GTA: SA Vita,3089,03/14/2021, 11:10:04,618
GTASA0000,GTA: SA Vita,3092,03/14/2021, 12:13:56,618
GTASA0000,GTA: SA Vita,3094,03/14/2021, 13:13:35,618
GTASA0000,GTA: SA Vita,3096,03/14/2021, 14:10:48,618
GTASA0000,GTA: SA Vita,3098,03/14/2021, 15:10:30,618
GTASA0000,GTA: SA Vita,3098,03/14/2021, 16:16:37,618
GTASA0000,GTA: SA Vita,3099,03/14/2021, 17:28:11,618
GTASA0000,GTA: SA Vita,3100,03/14/2021, 18:11:20,618
GTASA0000,GTA: SA Vita,3104,03/14/2021, 19:08:02,618
GTASA0000,GTA: SA Vita,3110,03/14/2021, 20:11:02,618
GTASA0000,GTA: SA Vita,3125,03/14/2021, 21:09:26,618
GTASA0000,GTA: SA Vita,3133,03/14/2021, 22:11:17,618
GTASA0000,GTA: SA Vita,3142,03/14/2021, 23:10:33,618
GTASA0000,GTA: SA Vita,3144,03/15/2021, 00:26:23,618
GTASA0000,GTA: SA Vita,3153,03/15/2021, 01:43:29,618
GTASA0000,GTA: SA Vita,3156,03/15/2021, 02:26:41,618
GTASA0000,GTA: SA Vita,3162,03/15/2021, 03:11:12,618
GTASA0000,GTA: SA Vita,3168,03/15/2021, 04:13:15,618
GTASA0000,GTA: SA Vita,3170,03/15/2021, 05:10:29,618
GTASA0000,GTA: SA Vita,3173,03/15/2021, 06:11:49,618
GTASA0000,GTA: SA Vita,3179,03/15/2021, 07:09:44,618
GTASA0000,GTA: SA Vita,3184,03/15/2021, 08:13:05,618
GTASA0000,GTA: SA Vita,3185,03/15/2021, 09:16:02,618
GTASA0000,GTA: SA Vita,3189,03/15/2021, 10:16:59,618
GTASA0000,GTA: SA Vita,3191,03/15/2021, 11:14:52,618
GTASA0000,GTA: SA Vita,3194,03/15/2021, 12:18:55,618
GTASA0000,GTA: SA Vita,3200,03/15/2021, 13:18:01,618
GTASA0000,GTA: SA Vita,3208,03/15/2021, 14:15:55,618
GTASA0000,GTA: SA Vita,3211,03/15/2021, 15:15:09,618
GTASA0000,GTA: SA Vita,3216,03/15/2021, 16:22:04,618
GTASA0000,GTA: SA Vita,3221,03/15/2021, 17:32:35,618
GTASA0000,GTA: SA Vita,3222,03/15/2021, 18:16:04,618
GTASA0000,GTA: SA Vita,3222,03/15/2021, 19:13:06,618
GTASA0000,GTA: SA Vita,3229,03/15/2021, 21:28:20,618
GTASA0000,GTA: SA Vita,3232,03/15/2021, 22:21:40,618
GTASA0000,GTA: SA Vita,3238,03/15/2021, 23:16:11,618
GTASA0000,GTA: SA Vita,3242,03/16/2021, 00:25:33,618
GTASA0000,GTA: SA Vita,3246,03/16/2021, 01:41:43,618
GTASA0000,GTA: SA Vita,3249,03/16/2021, 02:25:59,618
GTASA0000,GTA: SA Vita,3250,03/16/2021, 03:10:25,618
GTASA0000,GTA: SA Vita,3255,03/16/2021, 04:13:09,618
GTASA0000,GTA: SA Vita,3261,03/16/2021, 05:10:39,618
GTASA0000,GTA: SA Vita,3263,03/16/2021, 06:11:38,618
GTASA0000,GTA: SA Vita,3267,03/16/2021, 07:09:39,618
GTASA0000,GTA: SA Vita,3272,03/16/2021, 08:12:25,618
GTASA0000,GTA: SA Vita,3273,03/16/2021, 09:09:55,618
GTASA0000,GTA: SA Vita,3274,03/16/2021, 10:12:21,618
GTASA0000,GTA: SA Vita,3274,03/16/2021, 11:10:11,618
GTASA0000,GTA: SA Vita,3276,03/16/2021, 12:18:55,618
GTASA0000,GTA: SA Vita,3283,03/16/2021, 13:19:03,618
GTASA0000,GTA: SA Vita,3288,03/16/2021, 14:16:09,618
GTASA0000,GTA: SA Vita,3294,03/16/2021, 15:16:24,618
GTASA0000,GTA: SA Vita,3300,03/16/2021, 16:21:49,618
GTASA0000,GTA: SA Vita,3307,03/16/2021, 17:29:08,618
GTASA0000,GTA: SA Vita,3312,03/16/2021, 18:13:13,618
GTASA0000,GTA: SA Vita,3321,03/16/2021, 19:08:33,618
GTASA0000,GTA: SA Vita,3339,03/16/2021, 20:11:22,618
GTASA0000,GTA: SA Vita,3354,03/16/2021, 21:09:56,618
GTASA0000,GTA: SA Vita,3367,03/16/2021, 22:11:40,618
GTASA0000,GTA: SA Vita,3379,03/16/2021, 23:10:42,618
GTASA0000,GTA: SA Vita,3382,03/17/2021, 00:26:23,618
GTASA0000,GTA: SA Vita,3394,03/17/2021, 01:43:37,618
GTASA0000,GTA: SA Vita,3404,03/17/2021, 02:27:54,618
GTASA0000,GTA: SA Vita,3414,03/17/2021, 03:12:14,618
GTASA0000,GTA: SA Vita,3421,03/17/2021, 04:13:04,618
GTASA0000,GTA: SA Vita,3424,03/17/2021, 05:11:13,618
GTASA0000,GTA: SA Vita,3428,03/17/2021, 06:11:59,618
GTASA0000,GTA: SA Vita,3431,03/17/2021, 07:09:47,618
GTASA0000,GTA: SA Vita,3435,03/17/2021, 08:12:32,618
GTASA0000,GTA: SA Vita,3437,03/17/2021, 09:11:17,618
GTASA0000,GTA: SA Vita,3439,03/17/2021, 10:11:53,618
GTASA0000,GTA: SA Vita,3443,03/17/2021, 11:10:15,618
GTASA0000,GTA: SA Vita,3458,03/17/2021, 12:16:05,618
GTASA0000,GTA: SA Vita,3464,03/17/2021, 13:18:58,618
GTASA0000,GTA: SA Vita,3470,03/17/2021, 14:16:21,618
GTASA0000,GTA: SA Vita,3480,03/17/2021, 15:16:53,618
GTASA0000,GTA: SA Vita,3487,03/17/2021, 16:22:20,618
GTASA0000,GTA: SA Vita,3495,03/17/2021, 17:28:26,618
GTASA0000,GTA: SA Vita,3499,03/17/2021, 18:12:25,618
GTASA0000,GTA: SA Vita,3502,03/17/2021, 19:07:49,618
GTASA0000,GTA: SA Vita,3512,03/17/2021, 20:11:34,618
GTASA0000,GTA: SA Vita,3521,03/17/2021, 21:09:59,618
GTASA0000,GTA: SA Vita,3530,03/17/2021, 22:11:49,618
GTASA0000,GTA: SA Vita,3536,03/17/2021, 23:10:52,618
GTASA0000,GTA: SA Vita,3540,03/18/2021, 00:26:15,618
GTASA0000,GTA: SA Vita,3542,03/18/2021, 01:43:43,618
GTASA0000,GTA: SA Vita,3544,03/18/2021, 02:27:07,618
GTASA0000,GTA: SA Vita,3544,03/18/2021, 03:11:01,618
GTASA0000,GTA: SA Vita,3548,03/18/2021, 04:13:19,618
GTASA0000,GTA: SA Vita,3549,03/18/2021, 05:11:38,618
GTASA0000,GTA: SA Vita,3549,03/18/2021, 06:12:14,618
GTASA0000,GTA: SA Vita,3549,03/18/2021, 07:09:25,618
GTASA0000,GTA: SA Vita,3550,03/18/2021, 08:12:47,618
GTASA0000,GTA: SA Vita,3552,03/18/2021, 09:16:04,618
GTASA0000,GTA: SA Vita,3555,03/18/2021, 10:17:01,618
GTASA0000,GTA: SA Vita,3558,03/18/2021, 11:14:52,618
GTASA0000,GTA: SA Vita,3565,03/18/2021, 12:18:19,618
GTASA0000,GTA: SA Vita,3571,03/18/2021, 13:18:55,618
GTASA0000,GTA: SA Vita,3575,03/18/2021, 14:15:54,618
GTASA0000,GTA: SA Vita,3579,03/18/2021, 15:10:43,618
GTASA0000,GTA: SA Vita,3587,03/18/2021, 16:17:09,618
GTASA0000,GTA: SA Vita,3593,03/18/2021, 17:29:19,618
GTASA0000,GTA: SA Vita,3599,03/18/2021, 18:13:16,618
GTASA0000,GTA: SA Vita,3601,03/18/2021, 19:08:04,618
GTASA0000,GTA: SA Vita,3609,03/18/2021, 20:11:28,618
GTASA0000,GTA: SA Vita,3611,03/18/2021, 21:10:07,618
GTASA0000,GTA: SA Vita,3615,03/18/2021, 22:11:44,618
GTASA0000,GTA: SA Vita,3618,03/18/2021, 23:11:00,618
GTASA0000,GTA: SA Vita,3622,03/19/2021, 00:26:50,618
GTASA0000,GTA: SA Vita,3623,03/19/2021, 01:45:00,618
GTASA0000,GTA: SA Vita,3626,03/19/2021, 02:28:29,618
GTASA0000,GTA: SA Vita,3627,03/19/2021, 03:13:09,618
GTASA0000,GTA: SA Vita,3629,03/19/2021, 04:13:20,618
GTASA0000,GTA: SA Vita,3633,03/19/2021, 05:11:49,618
GTASA0000,GTA: SA Vita,3637,03/19/2021, 06:12:01,618
GTASA0000,GTA: SA Vita,3638,03/19/2021, 07:09:35,618
GTASA0000,GTA: SA Vita,3642,03/19/2021, 08:13:43,618
GTASA0000,GTA: SA Vita,3642,03/19/2021, 09:11:11,618
GTASA0000,GTA: SA Vita,3644,03/19/2021, 10:16:52,618
GTASA0000,GTA: SA Vita,3645,03/19/2021, 11:11:41,618
GTASA0000,GTA: SA Vita,3648,03/19/2021, 12:14:34,618
GTASA0000,GTA: SA Vita,3649,03/19/2021, 13:20:05,618
GTASA0000,GTA: SA Vita,3651,03/19/2021, 14:15:56,618
GTASA0000,GTA: SA Vita,3654,03/19/2021, 15:15:58,618
GTASA0000,GTA: SA Vita,3655,03/19/2021, 16:17:39,618
GTASA0000,GTA: SA Vita,3657,03/19/2021, 17:30:35,618
GTASA0000,GTA: SA Vita,3657,03/19/2021, 18:14:34,618
GTASA0000,GTA: SA Vita,3657,03/19/2021, 19:08:44,618
GTASA0000,GTA: SA Vita,3662,03/19/2021, 20:11:31,618
GTASA0000,GTA: SA Vita,3665,03/19/2021, 21:10:07,618
GTASA0000,GTA: SA Vita,3668,03/19/2021, 22:11:53,618
GTASA0000,GTA: SA Vita,3670,03/19/2021, 23:10:59,618
GTASA0000,GTA: SA Vita,3672,03/20/2021, 00:26:13,618
GTASA0000,GTA: SA Vita,3679,03/20/2021, 01:43:46,618
GTASA0000,GTA: SA Vita,3680,03/20/2021, 02:28:17,618
GTASA0000,GTA: SA Vita,3681,03/20/2021, 03:12:59,618
GTASA0000,GTA: SA Vita,3683,03/20/2021, 04:13:26,618
GTASA0000,GTA: SA Vita,3688,03/20/2021, 05:12:09,618
GTASA0000,GTA: SA Vita,3692,03/20/2021, 06:11:38,618
GTASA0000,GTA: SA Vita,3693,03/20/2021, 07:10:03,618
GTASA0000,GTA: SA Vita,3699,03/20/2021, 08:12:29,618
GTASA0000,GTA: SA Vita,3701,03/20/2021, 09:11:30,618
GTASA0000,GTA: SA Vita,3702,03/20/2021, 10:12:08,618
GTASA0000,GTA: SA Vita,3704,03/20/2021, 11:10:06,618
GTASA0000,GTA: SA Vita,3706,03/20/2021, 12:14:21,618
GTASA0000,GTA: SA Vita,3708,03/20/2021, 13:14:07,618
GTASA0000,GTA: SA Vita,3709,03/20/2021, 14:10:54,618
GTASA0000,GTA: SA Vita,3714,03/20/2021, 15:10:42,618
GTASA0000,GTA: SA Vita,3717,03/20/2021, 16:17:38,618
GTASA0000,GTA: SA Vita,3721,03/20/2021, 17:31:20,618
GTASA0000,GTA: SA Vita,3724,03/20/2021, 18:14:30,618
GTASA0000,GTA: SA Vita,3726,03/20/2021, 19:08:09,618
GTASA0000,GTA: SA Vita,3731,03/20/2021, 20:11:19,618
GTASA0000,GTA: SA Vita,3736,03/20/2021, 21:10:06,618
GTASA0000,GTA: SA Vita,3739,03/20/2021, 22:11:38,618
GTASA0000,GTA: SA Vita,3741,03/20/2021, 23:10:59,618
GTASA0000,GTA: SA Vita,3752,03/21/2021, 00:28:00,618
GTASA0000,GTA: SA Vita,3754,03/21/2021, 01:47:44,618
GTASA0000,GTA: SA Vita,3755,03/21/2021, 02:28:16,618
GTASA0000,GTA: SA Vita,3757,03/21/2021, 03:12:33,618
GTASA0000,GTA: SA Vita,3762,03/21/2021, 04:13:24,618
GTASA0000,GTA: SA Vita,3765,03/21/2021, 05:12:50,618
GTASA0000,GTA: SA Vita,3768,03/21/2021, 06:11:35,618
GTASA0000,GTA: SA Vita,3769,03/21/2021, 07:10:02,618
GTASA0000,GTA: SA Vita,3770,03/21/2021, 08:12:39,618
GTASA0000,GTA: SA Vita,3770,03/21/2021, 09:11:31,618
GTASA0000,GTA: SA Vita,3774,03/21/2021, 10:12:02,618
GTASA0000,GTA: SA Vita,3775,03/21/2021, 11:15:26,618
GTASA0000,GTA: SA Vita,3776,03/21/2021, 12:18:56,618
GTASA0000,GTA: SA Vita,3777,03/21/2021, 13:14:54,618
GTASA0000,GTA: SA Vita,3780,03/21/2021, 14:11:03,618
GTASA0000,GTA: SA Vita,3782,03/21/2021, 15:11:00,618
GTASA0000,GTA: SA Vita,3785,03/21/2021, 16:17:38,618
GTASA0000,GTA: SA Vita,3786,03/21/2021, 17:31:57,618
GTASA0000,GTA: SA Vita,3786,03/21/2021, 18:19:53,618
GTASA0000,GTA: SA Vita,3787,03/21/2021, 19:12:50,618
GTASA0000,GTA: SA Vita,3790,03/21/2021, 20:12:03,618
GTASA0000,GTA: SA Vita,3792,03/21/2021, 21:09:45,618
GTASA0000,GTA: SA Vita,3794,03/21/2021, 22:11:49,618
GTASA0000,GTA: SA Vita,3794,03/21/2021, 23:11:11,618
GTASA0000,GTA: SA Vita,3796,03/22/2021, 00:26:54,618
GTASA0000,GTA: SA Vita,3800,03/22/2021, 01:46:50,618
GTASA0000,GTA: SA Vita,3801,03/22/2021, 02:31:22,618
GTASA0000,GTA: SA Vita,3802,03/22/2021, 03:18:51,618
GTASA0000,GTA: SA Vita,3803,03/22/2021, 04:17:54,618
GTASA0000,GTA: SA Vita,3804,03/22/2021, 05:18:47,618
GTASA0000,GTA: SA Vita,3805,03/22/2021, 06:16:50,618
GTASA0000,GTA: SA Vita,3809,03/22/2021, 07:14:52,618
GTASA0000,GTA: SA Vita,3812,03/22/2021, 08:17:54,618
GTASA0000,GTA: SA Vita,3817,03/22/2021, 09:16:05,618
GTASA0000,GTA: SA Vita,3818,03/22/2021, 10:16:57,618
GTASA0000,GTA: SA Vita,3819,03/22/2021, 11:10:11,618
GTASA0000,GTA: SA Vita,3820,03/22/2021, 12:14:53,618
GTASA0000,GTA: SA Vita,3822,03/22/2021, 13:17:25,618
GTASA0000,GTA: SA Vita,3823,03/22/2021, 14:11:05,618
GTASA0000,GTA: SA Vita,3824,03/22/2021, 15:11:01,618
GTASA0000,GTA: SA Vita,3827,03/22/2021, 16:18:04,618
GTASA0000,GTA: SA Vita,3832,03/22/2021, 17:32:26,618
GTASA0000,GTA: SA Vita,3833,03/22/2021, 18:15:51,618
GTASA0000,GTA: SA Vita,3834,03/22/2021, 19:09:45,618
GTASA0000,GTA: SA Vita,3837,03/22/2021, 20:12:04,618
GTASA0000,GTA: SA Vita,3839,03/22/2021, 21:10:20,618
GTASA0000,GTA: SA Vita,3841,03/22/2021, 22:12:24,618
GTASA0000,GTA: SA Vita,3842,03/22/2021, 23:11:07,618
GTASA0000,GTA: SA Vita,3845,03/23/2021, 00:26:31,618
GTASA0000,GTA: SA Vita,3847,03/23/2021, 01:46:05,618
GTASA0000,GTA: SA Vita,3849,03/23/2021, 02:30:05,618
GTASA0000,GTA: SA Vita,3851,03/23/2021, 03:14:29,618
GTASA0000,GTA: SA Vita,3852,03/23/2021, 04:13:08,618
GTASA0000,GTA: SA Vita,3855,03/23/2021, 05:13:32,618
GTASA0000,GTA: SA Vita,3856,03/23/2021, 06:12:03,618
GTASA0000,GTA: SA Vita,3857,03/23/2021, 07:10:28,618
GTASA0000,GTA: SA Vita,3859,03/23/2021, 08:13:22,618
GTASA0000,GTA: SA Vita,3859,03/23/2021, 09:11:40,618
GTASA0000,GTA: SA Vita,3860,03/23/2021, 10:12:02,618
GTASA0000,GTA: SA Vita,3862,03/23/2021, 11:10:16,618
GTASA0000,GTA: SA Vita,3864,03/23/2021, 12:19:58,618
GTASA0000,GTA: SA Vita,3865,03/23/2021, 13:22:53,618
GTASA0000,GTA: SA Vita,3865,03/23/2021, 14:16:06,618
GTASA0000,GTA: SA Vita,3869,03/23/2021, 15:11:43,618
GTASA0000,GTA: SA Vita,3873,03/23/2021, 16:16:59,618
GTASA0000,GTA: SA Vita,3876,03/23/2021, 17:34:37,618
GTASA0000,GTA: SA Vita,3877,03/23/2021, 18:14:37,618
GTASA0000,GTA: SA Vita,3879,03/23/2021, 19:09:32,618
GTASA0000,GTA: SA Vita,3885,03/23/2021, 20:12:21,618
GTASA0000,GTA: SA Vita,3888,03/23/2021, 21:10:15,618
GTASA0000,GTA: SA Vita,3891,03/23/2021, 22:12:25,618
GTASA0000,GTA: SA Vita,3895,03/23/2021, 23:11:53,618
GTASA0000,GTA: SA Vita,3898,03/24/2021, 00:26:56,618
GTASA0000,GTA: SA Vita,3903,03/24/2021, 01:47:46,618
GTASA0000,GTA: SA Vita,3906,03/24/2021, 02:31:04,618
GTASA0000,GTA: SA Vita,3909,03/24/2021, 03:14:35,618
GTASA0000,GTA: SA Vita,3915,03/24/2021, 04:23:06,618
GTASA0000,GTA: SA Vita,3921,03/24/2021, 05:28:25,618
GTASA0000,GTA: SA Vita,3928,03/24/2021, 06:20:03,618
GTASA0000,GTA: SA Vita,3932,03/24/2021, 07:23:31,618
GTASA0000,GTA: SA Vita,3933,03/24/2021, 08:21:32,618
GTASA0000,GTA: SA Vita,3935,03/24/2021, 09:27:10,618
GTASA0000,GTA: SA Vita,3939,03/24/2021, 10:27:18,618
GTASA0000,GTA: SA Vita,3939,03/24/2021, 11:24:08,618
GTASA0000,GTA: SA Vita,3941,03/24/2021, 12:30:59,618
GTASA0000,GTA: SA Vita,3943,03/24/2021, 13:31:09,618
GTASA0000,GTA: SA Vita,3944,03/24/2021, 14:18:28,618
GTASA0000,GTA: SA Vita,3946,03/24/2021, 15:18:31,618
GTASA0000,GTA: SA Vita,3952,03/24/2021, 16:35:14,618
GTASA0000,GTA: SA Vita,3955,03/24/2021, 18:00:16,618
GTASA0000,GTA: SA Vita,3956,03/24/2021, 18:46:59,618
GTASA0000,GTA: SA Vita,3959,03/24/2021, 19:26:05,618
GTASA0000,GTA: SA Vita,3964,03/24/2021, 20:19:18,618
GTASA0000,GTA: SA Vita,3971,03/24/2021, 21:16:26,618
GTASA0000,GTA: SA Vita,3975,03/24/2021, 22:18:36,618
GTASA0000,GTA: SA Vita,3977,03/24/2021, 23:21:00,618
GTASA0000,GTA: SA Vita,3979,03/25/2021, 00:56:53,618
GTASA0000,GTA: SA Vita,3985,03/25/2021, 02:27:34,618
GTASA0000,GTA: SA Vita,3990,03/25/2021, 03:29:26,618
GTASA0000,GTA: SA Vita,3991,03/25/2021, 04:26:09,618
GTASA0000,GTA: SA Vita,3991,03/25/2021, 05:27:16,618
GTASA0000,GTA: SA Vita,3998,03/25/2021, 06:19:36,618
GTASA0000,GTA: SA Vita,4001,03/25/2021, 07:18:02,618
GTASA0000,GTA: SA Vita,4003,03/25/2021, 08:19:52,618
GTASA0000,GTA: SA Vita,4009,03/25/2021, 09:17:47,618
GTASA0000,GTA: SA Vita,4013,03/25/2021, 10:18:10,618
GTASA0000,GTA: SA Vita,4016,03/25/2021, 11:10:39,618
GTASA0000,GTA: SA Vita,4017,03/25/2021, 12:17:59,618
GTASA0000,GTA: SA Vita,4022,03/25/2021, 13:22:17,618
GTASA0000,GTA: SA Vita,4028,03/25/2021, 14:18:19,618
GTASA0000,GTA: SA Vita,4033,03/25/2021, 15:19:41,618
GTASA0000,GTA: SA Vita,4034,03/25/2021, 16:20:57,618
GTASA0000,GTA: SA Vita,4038,03/25/2021, 17:26:22,618
GTASA0000,GTA: SA Vita,4042,03/25/2021, 18:31:00,618
GTASA0000,GTA: SA Vita,4047,03/25/2021, 19:25:20,618
GTASA0000,GTA: SA Vita,4050,03/25/2021, 20:14:53,618
GTASA0000,GTA: SA Vita,4056,03/25/2021, 21:13:48,618
GTASA0000,GTA: SA Vita,4058,03/25/2021, 22:15:07,618
GTASA0000,GTA: SA Vita,4060,03/25/2021, 23:16:35,618
GTASA0000,GTA: SA Vita,4064,03/26/2021, 00:37:42,618
GTASA0000,GTA: SA Vita,4070,03/26/2021, 01:39:06,618
GTASA0000,GTA: SA Vita,4074,03/26/2021, 02:40:05,618
GTASA0000,GTA: SA Vita,4081,03/26/2021, 03:27:30,618
GTASA0000,GTA: SA Vita,4083,03/26/2021, 04:26:30,618
GTASA0000,GTA: SA Vita,4087,03/26/2021, 05:23:35,618
GTASA0000,GTA: SA Vita,4089,03/26/2021, 06:17:08,618
GTASA0000,GTA: SA Vita,4090,03/26/2021, 07:16:35,618
GTASA0000,GTA: SA Vita,4091,03/26/2021, 08:17:17,618
GTASA0000,GTA: SA Vita,4094,03/26/2021, 09:17:56,618
GTASA0000,GTA: SA Vita,4098,03/26/2021, 10:16:46,618
GTASA0000,GTA: SA Vita,4100,03/26/2021, 11:13:04,618
GTASA0000,GTA: SA Vita,4104,03/26/2021, 12:20:38,618
GTASA0000,GTA: SA Vita,4107,03/26/2021, 13:23:24,618
GTASA0000,GTA: SA Vita,4110,03/26/2021, 14:15:25,618
GTASA0000,GTA: SA Vita,4111,03/26/2021, 15:15:57,618
GTASA0000,GTA: SA Vita,4114,03/26/2021, 16:26:09,618
GTASA0000,GTA: SA Vita,4117,03/26/2021, 17:39:55,618
GTASA0000,GTA: SA Vita,4120,03/26/2021, 18:26:31,618
GTASA0000,GTA: SA Vita,4122,03/26/2021, 19:17:53,618
GTASA0000,GTA: SA Vita,4127,03/26/2021, 20:16:10,618
GTASA0000,GTA: SA Vita,4129,03/26/2021, 21:13:37,618
GTASA0000,GTA: SA Vita,4133,03/26/2021, 22:14:19,618
GTASA0000,GTA: SA Vita,4137,03/26/2021, 23:14:37,618
GTASA0000,GTA: SA Vita,4140,03/27/2021, 00:42:23,618
GTASA0000,GTA: SA Vita,4145,03/27/2021, 02:00:02,618
GTASA0000,GTA: SA Vita,4145,03/27/2021, 02:44:55,618
GTASA0000,GTA: SA Vita,4147,03/27/2021, 03:20:45,618
GTASA0000,GTA: SA Vita,4148,03/27/2021, 04:19:18,618
GTASA0000,GTA: SA Vita,4150,03/27/2021, 05:20:16,618
GTASA0000,GTA: SA Vita,4153,03/27/2021, 06:17:23,618
GTASA0000,GTA: SA Vita,4157,03/27/2021, 07:16:18,618
GTASA0000,GTA: SA Vita,4157,03/27/2021, 08:16:54,618
GTASA0000,GTA: SA Vita,4161,03/27/2021, 09:15:06,618
GTASA0000,GTA: SA Vita,4162,03/27/2021, 10:15:17,618
GTASA0000,GTA: SA Vita,4165,03/27/2021, 11:12:48,618
GTASA0000,GTA: SA Vita,4167,03/27/2021, 12:20:31,618
GTASA0000,GTA: SA Vita,4170,03/27/2021, 13:22:11,618
GTASA0000,GTA: SA Vita,4173,03/27/2021, 14:14:23,618
GTASA0000,GTA: SA Vita,4177,03/27/2021, 15:14:31,618
GTASA0000,GTA: SA Vita,4181,03/27/2021, 16:24:12,618
GTASA0000,GTA: SA Vita,4186,03/27/2021, 17:40:37,618
GTASA0000,GTA: SA Vita,4197,03/27/2021, 18:27:52,618
GTASA0000,GTA: SA Vita,4199,03/27/2021, 19:17:19,618
GTASA0000,GTA: SA Vita,4201,03/27/2021, 20:15:56,618
GTASA0000,GTA: SA Vita,4203,03/27/2021, 21:13:31,618
GTASA0000,GTA: SA Vita,4206,03/27/2021, 22:15:29,618
GTASA0000,GTA: SA Vita,4208,03/27/2021, 23:14:29,618
GTASA0000,GTA: SA Vita,4216,03/28/2021, 00:43:39,618
GTASA0000,GTA: SA Vita,4218,03/28/2021, 02:00:08,618
GTASA0000,GTA: SA Vita,4219,03/28/2021, 02:45:38,618
GTASA0000,GTA: SA Vita,4222,03/28/2021, 03:22:08,618
GTASA0000,GTA: SA Vita,4222,03/28/2021, 04:20:31,618
GTASA0000,GTA: SA Vita,4226,03/28/2021, 05:21:52,618
GTASA0000,GTA: SA Vita,4226,03/28/2021, 06:17:15,618
GTASA0000,GTA: SA Vita,4226,03/28/2021, 07:16:33,618
GTASA0000,GTA: SA Vita,4229,03/28/2021, 08:17:08,618
GTASA0000,GTA: SA Vita,4233,03/28/2021, 09:15:10,618
GTASA0000,GTA: SA Vita,4233,03/28/2021, 10:15:00,618
GTASA0000,GTA: SA Vita,4237,03/28/2021, 11:12:59,618
GTASA0000,GTA: SA Vita,4238,03/28/2021, 12:20:26,618
GTASA0000,GTA: SA Vita,4240,03/28/2021, 13:22:28,618
GTASA0000,GTA: SA Vita,4241,03/28/2021, 14:14:31,618
GTASA0000,GTA: SA Vita,4243,03/28/2021, 15:14:49,618
GTASA0000,GTA: SA Vita,4244,03/28/2021, 16:24:54,618
GTASA0000,GTA: SA Vita,4248,03/28/2021, 17:41:10,618
GTASA0000,GTA: SA Vita,4252,03/28/2021, 18:27:25,618
GTASA0000,GTA: SA Vita,4256,03/28/2021, 19:17:57,618
GTASA0000,GTA: SA Vita,4260,03/28/2021, 20:15:41,618
GTASA0000,GTA: SA Vita,4264,03/28/2021, 21:13:37,618
GTASA0000,GTA: SA Vita,4265,03/28/2021, 22:15:54,618
GTASA0000,GTA: SA Vita,4268,03/28/2021, 23:14:38,618
GTASA0000,GTA: SA Vita,4274,03/29/2021, 00:45:26,618
GTASA0000,GTA: SA Vita,4275,03/29/2021, 02:03:08,618
GTASA0000,GTA: SA Vita,4277,03/29/2021, 03:23:23,618
GTASA0000,GTA: SA Vita,4278,03/29/2021, 04:20:50,618
GTASA0000,GTA: SA Vita,4278,03/29/2021, 05:22:27,618
GTASA0000,GTA: SA Vita,4279,03/29/2021, 06:18:09,618
GTASA0000,GTA: SA Vita,4281,03/29/2021, 07:17:38,618
GTASA0000,GTA: SA Vita,4281,03/29/2021, 09:43:57,618
GTASA0000,GTA: SA Vita,4282,03/29/2021, 10:17:33,618
GTASA0000,GTA: SA Vita,4282,03/29/2021, 11:13:30,618
GTASA0000,GTA: SA Vita,4287,03/29/2021, 12:20:54,618
GTASA0000,GTA: SA Vita,4288,03/29/2021, 13:24:15,618
GTASA0000,GTA: SA Vita,4289,03/29/2021, 14:15:42,618
GTASA0000,GTA: SA Vita,4291,03/29/2021, 15:31:49,618
GTASA0000,GTA: SA Vita,4293,03/29/2021, 16:26:54,618
GTASA0000,GTA: SA Vita,4296,03/29/2021, 17:40:16,618
GTASA0000,GTA: SA Vita,4297,03/29/2021, 18:23:51,618
GTASA0000,GTA: SA Vita,4297,03/29/2021, 19:14:41,618
GTASA0000,GTA: SA Vita,4299,03/29/2021, 20:16:22,618
GTASA0000,GTA: SA Vita,4301,03/29/2021, 21:13:59,618
GTASA0000,GTA: SA Vita,4304,03/29/2021, 22:16:36,618
GTASA0000,GTA: SA Vita,4305,03/29/2021, 23:15:08,618
GTASA0000,GTA: SA Vita,4309,03/30/2021, 00:42:41,618
GTASA0000,GTA: SA Vita,4317,03/30/2021, 01:59:57,618
GTASA0000,GTA: SA Vita,4319,03/30/2021, 02:44:53,618
GTASA0000,GTA: SA Vita,4319,03/30/2021, 03:20:54,618
GTASA0000,GTA: SA Vita,4321,03/30/2021, 04:18:35,618
GTASA0000,GTA: SA Vita,4321,03/30/2021, 05:21:01,618
GTASA0000,GTA: SA Vita,4323,03/30/2021, 06:17:47,618
GTASA0000,GTA: SA Vita,4325,03/30/2021, 07:16:50,618
GTASA0000,GTA: SA Vita,4325,03/30/2021, 08:18:02,618
GTASA0000,GTA: SA Vita,4326,03/30/2021, 09:16:07,618
GTASA0000,GTA: SA Vita,4330,03/30/2021, 10:15:49,618
GTASA0000,GTA: SA Vita,4331,03/30/2021, 11:13:11,618
GTASA0000,GTA: SA Vita,4340,03/30/2021, 12:21:44,618
GTASA0000,GTA: SA Vita,4340,03/30/2021, 13:23:29,618
GTASA0000,GTA: SA Vita,4341,03/30/2021, 14:15:23,618
GTASA0000,GTA: SA Vita,4343,03/30/2021, 15:15:37,618
GTASA0000,GTA: SA Vita,4345,03/30/2021, 16:25:55,618
GTASA0000,GTA: SA Vita,4346,03/30/2021, 17:42:37,618
GTASA0000,GTA: SA Vita,4348,03/30/2021, 18:29:33,618
GTASA0000,GTA: SA Vita,4350,03/30/2021, 19:18:42,618
GTASA0000,GTA: SA Vita,4357,03/30/2021, 20:15:58,618
GTASA0000,GTA: SA Vita,4361,03/30/2021, 21:13:55,618
GTASA0000,GTA: SA Vita,4362,03/30/2021, 22:16:32,618
GTASA0000,GTA: SA Vita,4365,03/30/2021, 23:15:17,618
GTASA0000,GTA: SA Vita,4369,03/31/2021, 00:40:04,618
GTASA0000,GTA: SA Vita,4372,03/31/2021, 01:58:39,618
GTASA0000,GTA: SA Vita,4374,03/31/2021, 02:43:32,618
GTASA0000,GTA: SA Vita,4377,03/31/2021, 03:20:35,618
GTASA0000,GTA: SA Vita,4380,03/31/2021, 04:19:55,618
GTASA0000,GTA: SA Vita,4384,03/31/2021, 05:17:28,618
GTASA0000,GTA: SA Vita,4386,03/31/2021, 06:17:50,618
GTASA0000,GTA: SA Vita,4387,03/31/2021, 07:17:33,618
GTASA0000,GTA: SA Vita,4390,03/31/2021, 08:17:36,618
GTASA0000,GTA: SA Vita,4396,03/31/2021, 09:15:43,618
GTASA0000,GTA: SA Vita,4400,03/31/2021, 10:16:01,618
GTASA0000,GTA: SA Vita,4404,03/31/2021, 11:13:12,618
GTASA0000,GTA: SA Vita,4410,03/31/2021, 12:20:57,618
GTASA0000,GTA: SA Vita,4411,03/31/2021, 13:23:01,618
GTASA0000,GTA: SA Vita,4412,03/31/2021, 14:15:17,618
GTASA0000,GTA: SA Vita,4415,03/31/2021, 15:15:37,618
GTASA0000,GTA: SA Vita,4420,03/31/2021, 16:26:18,618
GTASA0000,GTA: SA Vita,4425,03/31/2021, 17:42:00,618
GTASA0000,GTA: SA Vita,4427,03/31/2021, 18:28:09,618
GTASA0000,GTA: SA Vita,4428,03/31/2021, 19:17:07,618
GTASA0000,GTA: SA Vita,4433,03/31/2021, 20:16:32,618
GTASA0000,GTA: SA Vita,4436,03/31/2021, 21:14:19,618
GTASA0000,GTA: SA Vita,4439,03/31/2021, 22:16:40,618
GTASA0000,GTA: SA Vita,4445,03/31/2021, 23:15:18,618
GTASA0000,GTA: SA Vita,4449,04/01/2021, 00:44:32,618
GTASA0000,GTA: SA Vita,4451,04/01/2021, 02:07:20,618
GTASA0000,GTA: SA Vita,4458,04/01/2021, 03:22:21,618
GTASA0000,GTA: SA Vita,4458,04/01/2021, 04:18:50,618
GTASA0000,GTA: SA Vita,4460,04/01/2021, 05:21:48,618
GTASA0000,GTA: SA Vita,4462,04/01/2021, 06:17:45,618
GTASA0000,GTA: SA Vita,4463,04/01/2021, 07:16:48,618
GTASA0000,GTA: SA Vita,4464,04/01/2021, 08:22:47,618
GTASA0000,GTA: SA Vita,4466,04/01/2021, 09:16:30,618
GTASA0000,GTA: SA Vita,4470,04/01/2021, 10:16:09,618
GTASA0000,GTA: SA Vita,4471,04/01/2021, 11:13:26,618
GTASA0000,GTA: SA Vita,4478,04/01/2021, 12:21:10,618
GTASA0000,GTA: SA Vita,4482,04/01/2021, 13:23:42,618
GTASA0000,GTA: SA Vita,4483,04/01/2021, 14:23:35,618
GTASA0000,GTA: SA Vita,4486,04/01/2021, 15:21:43,618
GTASA0000,GTA: SA Vita,4488,04/01/2021, 16:26:46,618
GTASA0000,GTA: SA Vita,4494,04/01/2021, 17:44:31,618
GTASA0000,GTA: SA Vita,4495,04/01/2021, 18:30:37,618
GTASA0000,GTA: SA Vita,4497,04/01/2021, 19:19:51,618
GTASA0000,GTA: SA Vita,4501,04/01/2021, 20:16:23,618
GTASA0000,GTA: SA Vita,4504,04/01/2021, 21:14:33,618
GTASA0000,GTA: SA Vita,4511,04/01/2021, 22:41:16,618
GTASA0000,GTA: SA Vita,4512,04/01/2021, 23:28:02,618
GTASA0000,GTA: SA Vita,4519,04/02/2021, 00:52:15,618
GTASA0000,GTA: SA Vita,4522,04/02/2021, 02:13:33,618
GTASA0000,GTA: SA Vita,4528,04/02/2021, 03:23:54,618
GTASA0000,GTA: SA Vita,4533,04/02/2021, 04:21:53,618
GTASA0000,GTA: SA Vita,4537,04/02/2021, 05:22:08,618
GTASA0000,GTA: SA Vita,4539,04/02/2021, 06:17:48,618
GTASA0000,GTA: SA Vita,4544,04/02/2021, 07:18:30,618
GTASA0000,GTA: SA Vita,4546,04/02/2021, 08:18:37,618
GTASA0000,GTA: SA Vita,4547,04/02/2021, 09:17:02,618
GTASA0000,GTA: SA Vita,4548,04/02/2021, 10:16:20,618
GTASA0000,GTA: SA Vita,4549,04/02/2021, 11:13:01,618
GTASA0000,GTA: SA Vita,4552,04/02/2021, 12:21:05,618
GTASA0000,GTA: SA Vita,4558,04/02/2021, 13:23:08,618
GTASA0000,GTA: SA Vita,4564,04/02/2021, 14:15:25,618
GTASA0000,GTA: SA Vita,4567,04/02/2021, 15:15:27,618
GTASA0000,GTA: SA Vita,4569,04/02/2021, 16:26:46,618
GTASA0000,GTA: SA Vita,4572,04/02/2021, 17:44:01,618
GTASA0000,GTA: SA Vita,4578,04/02/2021, 18:29:08,618
GTASA0000,GTA: SA Vita,4583,04/02/2021, 19:18:48,618
GTASA0000,GTA: SA Vita,4586,04/02/2021, 20:15:59,618
GTASA0000,GTA: SA Vita,4592,04/02/2021, 21:13:43,618
GTASA0000,GTA: SA Vita,4598,04/02/2021, 22:17:08,618
GTASA0000,GTA: SA Vita,4601,04/02/2021, 23:16:17,618
GTASA0000,GTA: SA Vita,4605,04/03/2021, 00:43:58,618
GTASA0000,GTA: SA Vita,4607,04/03/2021, 02:02:29,618
GTASA0000,GTA: SA Vita,4610,04/03/2021, 03:21:21,618
GTASA0000,GTA: SA Vita,4614,04/03/2021, 04:19:14,618
GTASA0000,GTA: SA Vita,4617,04/03/2021, 05:20:54,618
GTASA0000,GTA: SA Vita,4617,04/03/2021, 06:18:02,618
GTASA0000,GTA: SA Vita,4620,04/03/2021, 07:17:23,618
GTASA0000,GTA: SA Vita,4621,04/03/2021, 08:16:56,618
GTASA0000,GTA: SA Vita,4624,04/03/2021, 09:15:07,618
GTASA0000,GTA: SA Vita,4626,04/03/2021, 11:13:08,618
GTASA0000,GTA: SA Vita,4630,04/03/2021, 12:20:38,618
GTASA0000,GTA: SA Vita,4632,04/03/2021, 13:21:53,618
GTASA0000,GTA: SA Vita,4638,04/03/2021, 14:14:15,618
GTASA0000,GTA: SA Vita,4643,04/03/2021, 15:14:37,618
GTASA0000,GTA: SA Vita,4652,04/03/2021, 16:25:15,618
GTASA0000,GTA: SA Vita,4656,04/03/2021, 17:41:59,618
GTASA0000,GTA: SA Vita,4657,04/03/2021, 18:27:23,618
GTASA0000,GTA: SA Vita,4658,04/03/2021, 19:17:41,618
GTASA0000,GTA: SA Vita,4662,04/03/2021, 20:15:29,618
GTASA0000,GTA: SA Vita,4663,04/03/2021, 21:13:26,618
GTASA0000,GTA: SA Vita,4666,04/03/2021, 22:16:54,618
GTASA0000,GTA: SA Vita,4668,04/03/2021, 23:15:51,618
GTASA0000,GTA: SA Vita,4671,04/04/2021, 00:46:52,618
GTASA0000,GTA: SA Vita,4675,04/04/2021, 02:06:12,618
GTASA0000,GTA: SA Vita,4676,04/04/2021, 03:21:49,618
GTASA0000,GTA: SA Vita,4677,04/04/2021, 04:19:51,618
GTASA0000,GTA: SA Vita,4679,04/04/2021, 05:21:07,618
GTASA0000,GTA: SA Vita,4680,04/04/2021, 06:18:03,618
GTASA0000,GTA: SA Vita,4684,04/04/2021, 07:17:30,618
GTASA0000,GTA: SA Vita,4690,04/04/2021, 08:16:47,618
GTASA0000,GTA: SA Vita,4693,04/04/2021, 09:14:42,618
GTASA0000,GTA: SA Vita,4694,04/04/2021, 10:15:19,618
GTASA0000,GTA: SA Vita,4695,04/04/2021, 11:12:53,618
GTASA0000,GTA: SA Vita,4698,04/04/2021, 12:20:45,618
GTASA0000,GTA: SA Vita,4699,04/04/2021, 13:22:36,618
GTASA0000,GTA: SA Vita,4708,04/04/2021, 14:14:19,618
GTASA0000,GTA: SA Vita,4710,04/04/2021, 15:14:34,618
GTASA0000,GTA: SA Vita,4712,04/04/2021, 16:25:34,618
GTASA0000,GTA: SA Vita,4714,04/04/2021, 17:42:14,618
GTASA0000,GTA: SA Vita,4715,04/04/2021, 18:27:34,618
GTASA0000,GTA: SA Vita,4717,04/04/2021, 19:18:11,618
GTASA0000,GTA: SA Vita,4718,04/04/2021, 20:15:19,618
GTASA0000,GTA: SA Vita,4722,04/04/2021, 21:13:38,618
GTASA0000,GTA: SA Vita,4724,04/04/2021, 22:16:38,618
GTASA0000,GTA: SA Vita,4727,04/04/2021, 23:16:11,618
GTASA0000,GTA: SA Vita,4734,04/05/2021, 00:47:40,618
GTASA0000,GTA: SA Vita,4737,04/05/2021, 02:05:12,618
GTASA0000,GTA: SA Vita,4743,04/05/2021, 03:22:00,618
GTASA0000,GTA: SA Vita,4743,04/05/2021, 04:20:07,618
GTASA0000,GTA: SA Vita,4743,04/05/2021, 05:21:50,618
GTASA0000,GTA: SA Vita,4745,04/05/2021, 06:18:25,618
GTASA0000,GTA: SA Vita,4748,04/05/2021, 07:17:45,618
GTASA0000,GTA: SA Vita,4750,04/05/2021, 08:17:46,618
GTASA0000,GTA: SA Vita,4753,04/05/2021, 09:16:11,618
GTASA0000,GTA: SA Vita,4754,04/05/2021, 10:16:03,618
GTASA0000,GTA: SA Vita,4755,04/05/2021, 11:13:09,618
GTASA0000,GTA: SA Vita,4757,04/05/2021, 12:21:41,618
GTASA0000,GTA: SA Vita,4759,04/05/2021, 13:23:54,618
GTASA0000,GTA: SA Vita,4762,04/05/2021, 14:15:24,618
GTASA0000,GTA: SA Vita,4767,04/05/2021, 15:15:33,618
GTASA0000,GTA: SA Vita,4769,04/05/2021, 16:27:11,618
GTASA0000,GTA: SA Vita,4772,04/05/2021, 17:42:49,618
GTASA0000,GTA: SA Vita,4774,04/05/2021, 18:29:20,618
GTASA0000,GTA: SA Vita,4778,04/05/2021, 19:19:05,618
GTASA0000,GTA: SA Vita,4781,04/05/2021, 20:16:07,618
GTASA0000,GTA: SA Vita,4782,04/05/2021, 21:13:42,618
GTASA0000,GTA: SA Vita,4784,04/05/2021, 22:17:14,618
GTASA0000,GTA: SA Vita,4784,04/05/2021, 23:16:54,618
GTASA0000,GTA: SA Vita,4785,04/06/2021, 00:46:14,618
GTASA0000,GTA: SA Vita,4787,04/06/2021, 02:06:36,618
GTASA0000,GTA: SA Vita,4789,04/06/2021, 03:22:55,618
GTASA0000,GTA: SA Vita,4791,04/06/2021, 04:20:02,618
GTASA0000,GTA: SA Vita,4792,04/06/2021, 05:21:34,618
GTASA0000,GTA: SA Vita,4796,04/06/2021, 06:18:38,618
GTASA0000,GTA: SA Vita,4797,04/06/2021, 07:19:07,618
GTASA0000,GTA: SA Vita,4798,04/06/2021, 08:15:22,618
GTASA0000,GTA: SA Vita,4799,04/06/2021, 09:16:08,618
GTASA0000,GTA: SA Vita,4800,04/06/2021, 10:15:56,618
GTASA0000,GTA: SA Vita,4805,04/06/2021, 11:13:11,618
GTASA0000,GTA: SA Vita,4807,04/06/2021, 12:19:19,618
GTASA0000,GTA: SA Vita,4808,04/06/2021, 13:23:24,618
GTASA0000,GTA: SA Vita,4810,04/06/2021, 14:15:39,618
GTASA0000,GTA: SA Vita,4817,04/06/2021, 15:15:54,618
GTASA0000,GTA: SA Vita,4824,04/06/2021, 16:26:54,618
GTASA0000,GTA: SA Vita,4830,04/06/2021, 17:46:53,618
GTASA0000,GTA: SA Vita,4831,04/06/2021, 18:31:15,618
GTASA0000,GTA: SA Vita,4832,04/06/2021, 19:20:28,618
GTASA0000,GTA: SA Vita,4838,04/06/2021, 20:15:59,618
GTASA0000,GTA: SA Vita,4844,04/06/2021, 21:13:56,618
GTASA0000,GTA: SA Vita,4849,04/06/2021, 22:15:17,618
GTASA0000,GTA: SA Vita,4854,04/06/2021, 23:15:35,618
GTASA0000,GTA: SA Vita,4862,04/07/2021, 00:45:09,618
GTASA0000,GTA: SA Vita,4866,04/07/2021, 02:06:36,618
GTASA0000,GTA: SA Vita,4872,04/07/2021, 03:23:06,618
GTASA0000,GTA: SA Vita,4873,04/07/2021, 04:20:58,618
GTASA0000,GTA: SA Vita,4878,04/07/2021, 05:21:51,618
GTASA0000,GTA: SA Vita,4878,04/07/2021, 06:18:18,618
GTASA0000,GTA: SA Vita,4878,04/07/2021, 07:16:58,618
GTASA0000,GTA: SA Vita,4878,04/07/2021, 08:17:46,618
GTASA0000,GTA: SA Vita,4880,04/07/2021, 09:15:43,618
GTASA0000,GTA: SA Vita,4882,04/07/2021, 10:13:56,618
GTASA0000,GTA: SA Vita,4884,04/07/2021, 11:13:16,618
GTASA0000,GTA: SA Vita,4884,04/07/2021, 12:21:30,618
GTASA0000,GTA: SA Vita,4888,04/07/2021, 13:23:54,618
GTASA0000,GTA: SA Vita,4892,04/07/2021, 14:15:27,618
GTASA0000,GTA: SA Vita,4896,04/07/2021, 15:15:55,618
GTASA0000,GTA: SA Vita,4899,04/07/2021, 16:28:18,618
GTASA0000,GTA: SA Vita,4905,04/07/2021, 17:44:38,618
GTASA0000,GTA: SA Vita,4909,04/07/2021, 18:30:02,618
GTASA0000,GTA: SA Vita,4910,04/07/2021, 19:19:01,618
GTASA0000,GTA: SA Vita,4916,04/07/2021, 20:16:00,618
GTASA0000,GTA: SA Vita,4921,04/07/2021, 21:12:57,618
GTASA0000,GTA: SA Vita,4925,04/07/2021, 22:16:57,618
GTASA0000,GTA: SA Vita,4931,04/07/2021, 23:17:25,618
GTASA0000,GTA: SA Vita,4937,04/08/2021, 00:49:20,618
GTASA0000,GTA: SA Vita,4943,04/08/2021, 02:09:14,618
GTASA0000,GTA: SA Vita,4947,04/08/2021, 03:23:15,618
GTASA0000,GTA: SA Vita,4948,04/08/2021, 04:20:50,618
GTASA0000,GTA: SA Vita,4950,04/08/2021, 05:21:32,618
GTASA0000,GTA: SA Vita,4959,04/08/2021, 06:17:59,618
GTASA0000,GTA: SA Vita,4961,04/08/2021, 07:18:56,618
GTASA0000,GTA: SA Vita,4963,04/08/2021, 08:22:06,618
GTASA0000,GTA: SA Vita,4965,04/08/2021, 09:15:52,618
GTASA0000,GTA: SA Vita,4967,04/08/2021, 10:15:36,618
GTASA0000,GTA: SA Vita,4969,04/08/2021, 11:12:49,618
GTASA0000,GTA: SA Vita,4970,04/08/2021, 12:21:16,618
GTASA0000,GTA: SA Vita,4971,04/08/2021, 13:23:43,618
GTASA0000,GTA: SA Vita,4973,04/08/2021, 14:15:06,618
GTASA0000,GTA: SA Vita,4977,04/08/2021, 15:19:34,618
GTASA0000,GTA: SA Vita,4981,04/08/2021, 16:27:24,618
GTASA0000,GTA: SA Vita,4987,04/08/2021, 17:42:25,618
GTASA0000,GTA: SA Vita,4987,04/08/2021, 18:28:34,618
GTASA0000,GTA: SA Vita,4992,04/08/2021, 19:19:02,618
GTASA0000,GTA: SA Vita,4997,04/08/2021, 20:15:44,618
GTASA0000,GTA: SA Vita,5000,04/08/2021, 21:13:46,618
GTASA0000,GTA: SA Vita,5001,04/08/2021, 22:17:07,618
GTASA0000,GTA: SA Vita,5002,04/08/2021, 23:16:23,618
GTASA0000,GTA: SA Vita,5006,04/09/2021, 00:43:01,618
GTASA0000,GTA: SA Vita,5008,04/09/2021, 02:02:11,618
GTASA0000,GTA: SA Vita,5017,04/09/2021, 03:15:25,618
GTASA0000,GTA: SA Vita,5017,04/09/2021, 04:18:21,618
GTASA0000,GTA: SA Vita,5019,04/09/2021, 05:20:01,618
GTASA0000,GTA: SA Vita,5019,04/09/2021, 06:18:12,618
GTASA0000,GTA: SA Vita,5024,04/09/2021, 07:18:31,618
GTASA0000,GTA: SA Vita,5027,04/09/2021, 08:19:06,618
GTASA0000,GTA: SA Vita,5028,04/09/2021, 09:16:54,618
GTASA0000,GTA: SA Vita,5029,04/09/2021, 10:16:17,618
GTASA0000,GTA: SA Vita,5030,04/09/2021, 11:12:49,618
GTASA0000,GTA: SA Vita,5031,04/09/2021, 12:20:55,618
GTASA0000,GTA: SA Vita,5033,04/09/2021, 13:22:54,618
GTASA0000,GTA: SA Vita,5038,04/09/2021, 14:15:26,618
GTASA0000,GTA: SA Vita,5044,04/09/2021, 15:15:02,618
GTASA0000,GTA: SA Vita,5046,04/09/2021, 16:20:49,618
GTASA0000,GTA: SA Vita,5048,04/09/2021, 17:27:05,618
GTASA0000,GTA: SA Vita,5051,04/09/2021, 18:19:55,618
GTASA0000,GTA: SA Vita,5057,04/09/2021, 19:15:21,618
GTASA0000,GTA: SA Vita,5062,04/09/2021, 20:15:36,618
GTASA0000,GTA: SA Vita,5068,04/09/2021, 21:13:39,618
GTASA0000,GTA: SA Vita,5072,04/09/2021, 22:17:03,618
GTASA0000,GTA: SA Vita,5074,04/09/2021, 23:16:18,618
GTASA0000,GTA: SA Vita,5078,04/10/2021, 00:45:27,618
GTASA0000,GTA: SA Vita,5083,04/10/2021, 02:02:13,618
GTASA0000,GTA: SA Vita,5085,04/10/2021, 03:21:10,618
GTASA0000,GTA: SA Vita,5088,04/10/2021, 04:19:13,618
GTASA0000,GTA: SA Vita,5091,04/10/2021, 05:19:19,618
GTASA0000,GTA: SA Vita,5092,04/10/2021, 06:17:57,618
GTASA0000,GTA: SA Vita,5095,04/10/2021, 07:17:10,618
GTASA0000,GTA: SA Vita,5099,04/10/2021, 08:16:45,618
GTASA0000,GTA: SA Vita,5104,04/10/2021, 09:14:37,618
GTASA0000,GTA: SA Vita,5105,04/10/2021, 10:15:17,618
GTASA0000,GTA: SA Vita,5107,04/10/2021, 11:12:26,618
GTASA0000,GTA: SA Vita,5109,04/10/2021, 12:20:15,618
GTASA0000,GTA: SA Vita,5112,04/10/2021, 13:21:49,618
GTASA0000,GTA: SA Vita,5117,04/10/2021, 14:14:01,618
GTASA0000,GTA: SA Vita,5119,04/10/2021, 15:14:56,618
GTASA0000,GTA: SA Vita,5122,04/10/2021, 16:25:08,618
GTASA0000,GTA: SA Vita,5128,04/10/2021, 17:36:53,618
GTASA0000,GTA: SA Vita,5130,04/10/2021, 18:24:47,618
GTASA0000,GTA: SA Vita,5131,04/10/2021, 19:16:54,618
GTASA0000,GTA: SA Vita,5148,04/10/2021, 20:14:56,618
GTASA0000,GTA: SA Vita,5162,04/10/2021, 21:13:35,618
GTASA0000,GTA: SA Vita,5183,04/10/2021, 22:16:19,618
GTASA0000,GTA: SA Vita,5191,04/10/2021, 23:15:43,618
GTASA0000,GTA: SA Vita,5209,04/11/2021, 00:48:11,618
GTASA0000,GTA: SA Vita,5220,04/11/2021, 02:07:21,618
GTASA0000,GTA: SA Vita,5227,04/11/2021, 03:21:29,618
GTASA0000,GTA: SA Vita,5233,04/11/2021, 04:19:41,618
GTASA0000,GTA: SA Vita,5238,04/11/2021, 05:19:46,618
GTASA0000,GTA: SA Vita,5241,04/11/2021, 06:17:29,618
GTASA0000,GTA: SA Vita,5247,04/11/2021, 07:17:07,618
GTASA0000,GTA: SA Vita,5249,04/11/2021, 08:16:48,618
GTASA0000,GTA: SA Vita,5252,04/11/2021, 09:14:31,618
GTASA0000,GTA: SA Vita,5256,04/11/2021, 10:15:16,618
GTASA0000,GTA: SA Vita,5263,04/11/2021, 11:12:18,618
GTASA0000,GTA: SA Vita,5272,04/11/2021, 12:20:07,618
GTASA0000,GTA: SA Vita,5280,04/11/2021, 13:21:50,618
GTASA0000,GTA: SA Vita,5286,04/11/2021, 14:14:11,618
GTASA0000,GTA: SA Vita,5292,04/11/2021, 15:14:45,618
GTASA0000,GTA: SA Vita,5300,04/11/2021, 16:24:57,618
GTASA0000,GTA: SA Vita,5308,04/11/2021, 17:36:36,618
GTASA0000,GTA: SA Vita,5311,04/11/2021, 18:24:46,618
GTASA0000,GTA: SA Vita,5315,04/11/2021, 19:17:12,618
GTASA0000,GTA: SA Vita,5317,04/11/2021, 20:14:59,618
GTASA0000,GTA: SA Vita,5322,04/11/2021, 21:13:19,618
GTASA0000,GTA: SA Vita,5325,04/11/2021, 22:16:27,618
GTASA0000,GTA: SA Vita,5328,04/11/2021, 23:16:01,618
GTASA0000,GTA: SA Vita,5335,04/12/2021, 00:47:23,618
GTASA0000,GTA: SA Vita,5341,04/12/2021, 02:06:46,618
GTASA0000,GTA: SA Vita,5345,04/12/2021, 03:23:05,618
GTASA0000,GTA: SA Vita,5351,04/12/2021, 04:20:30,618
GTASA0000,GTA: SA Vita,5353,04/12/2021, 05:21:41,618
GTASA0000,GTA: SA Vita,5353,04/12/2021, 06:18:19,618
GTASA0000,GTA: SA Vita,5357,04/12/2021, 07:19:25,618
GTASA0000,GTA: SA Vita,5358,04/12/2021, 08:22:10,618
GTASA0000,GTA: SA Vita,5359,04/12/2021, 09:16:17,618
GTASA0000,GTA: SA Vita,5361,04/12/2021, 10:15:46,618
GTASA0000,GTA: SA Vita,5363,04/12/2021, 11:12:46,618
GTASA0000,GTA: SA Vita,5363,04/12/2021, 12:21:20,618
GTASA0000,GTA: SA Vita,5366,04/12/2021, 13:29:32,618
GTASA0000,GTA: SA Vita,5366,04/12/2021, 14:15:25,618
GTASA0000,GTA: SA Vita,5370,04/12/2021, 15:18:31,618
GTASA0000,GTA: SA Vita,5377,04/12/2021, 16:25:36,618
GTASA0000,GTA: SA Vita,5380,04/12/2021, 17:37:39,618
GTASA0000,GTA: SA Vita,5382,04/12/2021, 18:27:33,618
GTASA0000,GTA: SA Vita,5385,04/12/2021, 19:19:42,618
GTASA0000,GTA: SA Vita,5388,04/12/2021, 20:15:40,618
GTASA0000,GTA: SA Vita,5389,04/12/2021, 21:13:58,618
GTASA0000,GTA: SA Vita,5393,04/12/2021, 22:17:17,618
GTASA0000,GTA: SA Vita,5395,04/12/2021, 23:17:02,618
GTASA0000,GTA: SA Vita,5400,04/13/2021, 00:48:51,618
GTASA0000,GTA: SA Vita,5402,04/13/2021, 02:06:17,618
GTASA0000,GTA: SA Vita,5404,04/13/2021, 03:23:28,618
GTASA0000,GTA: SA Vita,5408,04/13/2021, 04:20:45,618
GTASA0000,GTA: SA Vita,5410,04/13/2021, 05:17:41,618
GTASA0000,GTA: SA Vita,5411,04/13/2021, 06:18:16,618
GTASA0000,GTA: SA Vita,5412,04/13/2021, 07:18:57,618
GTASA0000,GTA: SA Vita,5415,04/13/2021, 08:19:33,618
GTASA0000,GTA: SA Vita,5416,04/13/2021, 09:16:07,618
GTASA0000,GTA: SA Vita,5418,04/13/2021, 10:16:04,618
GTASA0000,GTA: SA Vita,5418,04/13/2021, 11:12:48,618
GTASA0000,GTA: SA Vita,5420,04/13/2021, 12:21:15,618
GTASA0000,GTA: SA Vita,5421,04/13/2021, 13:23:45,618
GTASA0000,GTA: SA Vita,5424,04/13/2021, 14:15:10,618
GTASA0000,GTA: SA Vita,5425,04/13/2021, 15:15:37,618
GTASA0000,GTA: SA Vita,5426,04/13/2021, 16:27:00,618
GTASA0000,GTA: SA Vita,5431,04/13/2021, 17:40:54,618
GTASA0000,GTA: SA Vita,5432,04/13/2021, 18:26:06,618
GTASA0000,GTA: SA Vita,5436,04/13/2021, 19:18:49,618
GTASA0000,GTA: SA Vita,5440,04/13/2021, 20:15:22,618
GTASA0000,GTA: SA Vita,5444,04/13/2021, 21:13:14,618
GTASA0000,GTA: SA Vita,5450,04/13/2021, 22:16:36,618
GTASA0000,GTA: SA Vita,5455,04/13/2021, 23:14:29,618
GTASA0000,GTA: SA Vita,5463,04/14/2021, 00:42:34,618
GTASA0000,GTA: SA Vita,5468,04/14/2021, 02:00:35,618
GTASA0000,GTA: SA Vita,5469,04/14/2021, 02:44:43,618
GTASA0000,GTA: SA Vita,5473,04/14/2021, 03:20:01,618
GTASA0000,GTA: SA Vita,5477,04/14/2021, 04:17:35,618
GTASA0000,GTA: SA Vita,5480,04/14/2021, 05:17:30,618
GTASA0000,GTA: SA Vita,5482,04/14/2021, 06:17:38,618
GTASA0000,GTA: SA Vita,5482,04/14/2021, 07:16:54,618
GTASA0000,GTA: SA Vita,5483,04/14/2021, 08:17:02,618
GTASA0000,GTA: SA Vita,5486,04/14/2021, 09:14:36,618
GTASA0000,GTA: SA Vita,5487,04/14/2021, 10:15:10,618
GTASA0000,GTA: SA Vita,5490,04/14/2021, 11:12:38,618
GTASA0000,GTA: SA Vita,5495,04/14/2021, 12:20:23,618
GTASA0000,GTA: SA Vita,5498,04/14/2021, 13:22:02,618
GTASA0000,GTA: SA Vita,5503,04/14/2021, 14:14:47,618
GTASA0000,GTA: SA Vita,5505,04/14/2021, 15:14:56,618
GTASA0000,GTA: SA Vita,5508,04/14/2021, 16:24:12,618
GTASA0000,GTA: SA Vita,5517,04/14/2021, 17:34:49,618
GTASA0000,GTA: SA Vita,5522,04/14/2021, 18:23:53,618
GTASA0000,GTA: SA Vita,5526,04/14/2021, 19:16:20,618
GTASA0000,GTA: SA Vita,5534,04/14/2021, 20:15:12,618
GTASA0000,GTA: SA Vita,5537,04/14/2021, 21:13:37,618
GTASA0000,GTA: SA Vita,5544,04/14/2021, 22:16:36,618
GTASA0000,GTA: SA Vita,5552,04/14/2021, 23:14:37,618
GTASA0000,GTA: SA Vita,5560,04/15/2021, 00:44:49,618
GTASA0000,GTA: SA Vita,5567,04/15/2021, 02:02:03,618
GTASA0000,GTA: SA Vita,5575,04/15/2021, 03:19:11,618
GTASA0000,GTA: SA Vita,5577,04/15/2021, 04:17:57,618
GTASA0000,GTA: SA Vita,5580,04/15/2021, 05:18:22,618
GTASA0000,GTA: SA Vita,5582,04/15/2021, 06:17:51,618
GTASA0000,GTA: SA Vita,5584,04/15/2021, 07:17:41,618
GTASA0000,GTA: SA Vita,5584,04/15/2021, 08:17:37,618
GTASA0000,GTA: SA Vita,5590,04/15/2021, 09:14:43,618
GTASA0000,GTA: SA Vita,5592,04/15/2021, 10:15:14,618
GTASA0000,GTA: SA Vita,5593,04/15/2021, 11:12:42,618
GTASA0000,GTA: SA Vita,5597,04/15/2021, 12:20:46,618
GTASA0000,GTA: SA Vita,5599,04/15/2021, 13:22:53,618
GTASA0000,GTA: SA Vita,5605,04/15/2021, 14:14:48,618
GTASA0000,GTA: SA Vita,5609,04/15/2021, 15:15:15,618
GTASA0000,GTA: SA Vita,5615,04/15/2021, 16:26:38,618
GTASA0000,GTA: SA Vita,5617,04/15/2021, 17:38:11,618
GTASA0000,GTA: SA Vita,5618,04/15/2021, 18:26:52,618
GTASA0000,GTA: SA Vita,5618,04/15/2021, 19:19:47,618
GTASA0000,GTA: SA Vita,5621,04/15/2021, 20:15:15,618
GTASA0000,GTA: SA Vita,5624,04/15/2021, 21:13:31,618
GTASA0000,GTA: SA Vita,5627,04/15/2021, 22:17:07,618
GTASA0000,GTA: SA Vita,5634,04/15/2021, 23:14:40,618
GTASA0000,GTA: SA Vita,5640,04/16/2021, 00:43:21,618
GTASA0000,GTA: SA Vita,5644,04/16/2021, 02:04:13,618
GTASA0000,GTA: SA Vita,5646,04/16/2021, 03:22:27,618
GTASA0000,GTA: SA Vita,5651,04/16/2021, 04:20:08,618
GTASA0000,GTA: SA Vita,5658,04/16/2021, 05:20:04,618
GTASA0000,GTA: SA Vita,5662,04/16/2021, 06:17:08,618
GTASA0000,GTA: SA Vita,5665,04/16/2021, 07:16:27,618
GTASA0000,GTA: SA Vita,5666,04/16/2021, 08:18:26,618
GTASA0000,GTA: SA Vita,5668,04/16/2021, 09:15:34,618
GTASA0000,GTA: SA Vita,5671,04/16/2021, 10:15:07,618
GTASA0000,GTA: SA Vita,5671,04/16/2021, 11:12:49,618
GTASA0000,GTA: SA Vita,5675,04/16/2021, 12:20:53,618
GTASA0000,GTA: SA Vita,5675,04/16/2021, 13:23:24,618
GTASA0000,GTA: SA Vita,5676,04/16/2021, 14:15:01,618
GTASA0000,GTA: SA Vita,5679,04/16/2021, 15:15:23,618
GTASA0000,GTA: SA Vita,5682,04/16/2021, 16:25:24,618
GTASA0000,GTA: SA Vita,5686,04/16/2021, 17:37:29,618
GTASA0000,GTA: SA Vita,5686,04/16/2021, 18:26:30,618
GTASA0000,GTA: SA Vita,5691,04/16/2021, 19:19:05,618
GTASA0000,GTA: SA Vita,5692,04/16/2021, 20:15:18,618
GTASA0000,GTA: SA Vita,5693,04/16/2021, 21:13:34,618
GTASA0000,GTA: SA Vita,5696,04/16/2021, 22:17:19,618
GTASA0000,GTA: SA Vita,5702,04/16/2021, 23:14:31,618
GTASA0000,GTA: SA Vita,5705,04/17/2021, 00:43:34,618
GTASA0000,GTA: SA Vita,5708,04/17/2021, 02:00:30,618
GTASA0000,GTA: SA Vita,5710,04/17/2021, 02:43:54,618
GTASA0000,GTA: SA Vita,5710,04/17/2021, 03:19:45,618
GTASA0000,GTA: SA Vita,5711,04/17/2021, 04:17:58,618
GTASA0000,GTA: SA Vita,5713,04/17/2021, 05:17:54,618
GTASA0000,GTA: SA Vita,5714,04/17/2021, 06:17:18,618
GTASA0000,GTA: SA Vita,5719,04/17/2021, 07:17:02,618
GTASA0000,GTA: SA Vita,5721,04/17/2021, 08:16:28,618
GTASA0000,GTA: SA Vita,5725,04/17/2021, 09:14:18,618
GTASA0000,GTA: SA Vita,5728,04/17/2021, 10:15:05,618
GTASA0000,GTA: SA Vita,5730,04/17/2021, 11:12:21,618
GTASA0000,GTA: SA Vita,5732,04/17/2021, 12:20:16,618
GTASA0000,GTA: SA Vita,5735,04/17/2021, 13:21:37,618
GTASA0000,GTA: SA Vita,5737,04/17/2021, 14:13:36,618
GTASA0000,GTA: SA Vita,5740,04/17/2021, 15:14:36,618
GTASA0000,GTA: SA Vita,5743,04/17/2021, 16:24:50,618
GTASA0000,GTA: SA Vita,5744,04/17/2021, 17:34:24,618
GTASA0000,GTA: SA Vita,5746,04/17/2021, 18:22:57,618
GTASA0000,GTA: SA Vita,5752,04/17/2021, 19:15:53,618
GTASA0000,GTA: SA Vita,5753,04/17/2021, 20:14:46,618
GTASA0000,GTA: SA Vita,5758,04/17/2021, 21:13:18,618
GTASA0000,GTA: SA Vita,5762,04/17/2021, 22:16:40,618
GTASA0000,GTA: SA Vita,5764,04/17/2021, 23:14:03,618
GTASA0000,GTA: SA Vita,5766,04/18/2021, 00:45:33,618
GTASA0000,GTA: SA Vita,5771,04/18/2021, 02:05:52,618
GTASA0000,GTA: SA Vita,5773,04/18/2021, 03:21:15,618
GTASA0000,GTA: SA Vita,5774,04/18/2021, 04:18:59,618
GTASA0000,GTA: SA Vita,5778,04/18/2021, 05:18:11,618
GTASA0000,GTA: SA Vita,5781,04/18/2021, 06:17:16,618
GTASA0000,GTA: SA Vita,5784,04/18/2021, 07:17:05,618
GTASA0000,GTA: SA Vita,5787,04/18/2021, 08:16:42,618
GTASA0000,GTA: SA Vita,5790,04/18/2021, 09:14:38,618
GTASA0000,GTA: SA Vita,5794,04/18/2021, 10:15:13,618
GTASA0000,GTA: SA Vita,5799,04/18/2021, 11:12:39,618
GTASA0000,GTA: SA Vita,5802,04/18/2021, 12:20:05,618
GTASA0000,GTA: SA Vita,5806,04/18/2021, 13:21:52,618
GTASA0000,GTA: SA Vita,5811,04/18/2021, 14:13:57,618
GTASA0000,GTA: SA Vita,5814,04/18/2021, 15:14:28,618
GTASA0000,GTA: SA Vita,5816,04/18/2021, 16:24:13,618
GTASA0000,GTA: SA Vita,5819,04/18/2021, 17:34:22,618
GTASA0000,GTA: SA Vita,5822,04/18/2021, 18:23:09,618
GTASA0000,GTA: SA Vita,5823,04/18/2021, 19:15:29,618
GTASA0000,GTA: SA Vita,5825,04/18/2021, 20:14:35,618
GTASA0000,GTA: SA Vita,5826,04/18/2021, 21:13:24,618
GTASA0000,GTA: SA Vita,5831,04/18/2021, 22:16:45,618
GTASA0000,GTA: SA Vita,5835,04/18/2021, 23:13:59,618
GTASA0000,GTA: SA Vita,5840,04/19/2021, 00:44:59,618
GTASA0000,GTA: SA Vita,5842,04/19/2021, 02:04:15,618
GTASA0000,GTA: SA Vita,5845,04/19/2021, 03:22:08,618
GTASA0000,GTA: SA Vita,5847,04/19/2021, 04:19:44,618
GTASA0000,GTA: SA Vita,5848,04/19/2021, 05:19:40,618
GTASA0000,GTA: SA Vita,5848,04/19/2021, 06:18:18,618
GTASA0000,GTA: SA Vita,5851,04/19/2021, 07:17:57,618
GTASA0000,GTA: SA Vita,5854,04/19/2021, 08:17:30,618
GTASA0000,GTA: SA Vita,5856,04/19/2021, 09:15:13,618
GTASA0000,GTA: SA Vita,5856,04/19/2021, 10:15:27,618
GTASA0000,GTA: SA Vita,5858,04/19/2021, 11:12:36,618
GTASA0000,GTA: SA Vita,5864,04/19/2021, 12:21:08,618
GTASA0000,GTA: SA Vita,5865,04/19/2021, 13:23:14,618
GTASA0000,GTA: SA Vita,5867,04/19/2021, 14:14:57,618
GTASA0000,GTA: SA Vita,5868,04/19/2021, 15:15:37,618
GTASA0000,GTA: SA Vita,5871,04/19/2021, 16:25:57,618
GTASA0000,GTA: SA Vita,5873,04/19/2021, 17:35:34,618
GTASA0000,GTA: SA Vita,5873,04/19/2021, 18:24:35,618
GTASA0000,GTA: SA Vita,5876,04/19/2021, 19:17:42,618
GTASA0000,GTA: SA Vita,5878,04/19/2021, 20:15:29,618
GTASA0000,GTA: SA Vita,5879,04/19/2021, 21:13:41,618
GTASA0000,GTA: SA Vita,5882,04/19/2021, 22:17:31,618
GTASA0000,GTA: SA Vita,5885,04/19/2021, 23:15:10,618
GTASA0000,GTA: SA Vita,5890,04/20/2021, 00:45:24,618
GTASA0000,GTA: SA Vita,5899,04/20/2021, 02:03:29,618
GTASA0000,GTA: SA Vita,5905,04/20/2021, 03:20:47,618
GTASA0000,GTA: SA Vita,5910,04/20/2021, 04:19:08,618
GTASA0000,GTA: SA Vita,5911,04/20/2021, 05:15:59,618
GTASA0000,GTA: SA Vita,5912,04/20/2021, 06:19:17,618
GTASA0000,GTA: SA Vita,5912,04/20/2021, 07:15:59,618
GTASA0000,GTA: SA Vita,5914,04/20/2021, 08:17:37,618
GTASA0000,GTA: SA Vita,5917,04/20/2021, 09:15:05,618
GTASA0000,GTA: SA Vita,5920,04/20/2021, 10:15:23,618
GTASA0000,GTA: SA Vita,5921,04/20/2021, 11:13:23,618
GTASA0000,GTA: SA Vita,5923,04/20/2021, 12:21:15,618
GTASA0000,GTA: SA Vita,5926,04/20/2021, 13:23:42,618
GTASA0000,GTA: SA Vita,5927,04/20/2021, 14:14:57,618
GTASA0000,GTA: SA Vita,5927,04/20/2021, 15:15:17,618
GTASA0000,GTA: SA Vita,5931,04/20/2021, 16:25:39,618
GTASA0000,GTA: SA Vita,5933,04/20/2021, 17:37:37,618
GTASA0000,GTA: SA Vita,5933,04/20/2021, 18:25:50,618
GTASA0000,GTA: SA Vita,5935,04/20/2021, 19:18:50,618
GTASA0000,GTA: SA Vita,5938,04/20/2021, 20:15:39,618
GTASA0000,GTA: SA Vita,5941,04/20/2021, 21:13:52,618
GTASA0000,GTA: SA Vita,5946,04/20/2021, 22:17:48,618
GTASA0000,GTA: SA Vita,5951,04/20/2021, 23:15:51,618
GTASA0000,GTA: SA Vita,5953,04/21/2021, 00:45:01,618
GTASA0000,GTA: SA Vita,5958,04/21/2021, 02:03:44,618
GTASA0000,GTA: SA Vita,5959,04/21/2021, 03:21:18,618
GTASA0000,GTA: SA Vita,5962,04/21/2021, 04:19:28,618
GTASA0000,GTA: SA Vita,5962,04/21/2021, 05:19:37,618
GTASA0000,GTA: SA Vita,5967,04/21/2021, 06:18:19,618
GTASA0000,GTA: SA Vita,5967,04/21/2021, 07:18:13,618
GTASA0000,GTA: SA Vita,5969,04/21/2021, 08:17:34,618
GTASA0000,GTA: SA Vita,5970,04/21/2021, 09:15:16,618
GTASA0000,GTA: SA Vita,5972,04/21/2021, 10:15:34,618
GTASA0000,GTA: SA Vita,5975,04/21/2021, 11:12:59,618
GTASA0000,GTA: SA Vita,5980,04/21/2021, 12:21:25,618
GTASA0000,GTA: SA Vita,5981,04/21/2021, 13:23:35,618
GTASA0000,GTA: SA Vita,5981,04/21/2021, 14:15:16,618
GTASA0000,GTA: SA Vita,5982,04/21/2021, 15:15:38,618
GTASA0000,GTA: SA Vita,5983,04/21/2021, 16:27:06,618
GTASA0000,GTA: SA Vita,5988,04/21/2021, 17:37:39,618
GTASA0000,GTA: SA Vita,5991,04/21/2021, 18:26:36,618
GTASA0000,GTA: SA Vita,5995,04/21/2021, 19:18:53,618
GTASA0000,GTA: SA Vita,5999,04/21/2021, 20:15:32,618
GTASA0000,GTA: SA Vita,6005,04/21/2021, 21:13:39,618
GTASA0000,GTA: SA Vita,6007,04/21/2021, 22:17:53,618
GTASA0000,GTA: SA Vita,6012,04/21/2021, 23:16:23,618
GTASA0000,GTA: SA Vita,6017,04/22/2021, 00:45:51,618
GTASA0000,GTA: SA Vita,6021,04/22/2021, 02:04:06,618
GTASA0000,GTA: SA Vita,6025,04/22/2021, 03:21:24,618
GTASA0000,GTA: SA Vita,6027,04/22/2021, 04:19:34,618
GTASA0000,GTA: SA Vita,6030,04/22/2021, 05:19:54,618
GTASA0000,GTA: SA Vita,6031,04/22/2021, 06:18:54,618
GTASA0000,GTA: SA Vita,6036,04/22/2021, 07:19:12,618
GTASA0000,GTA: SA Vita,6039,04/22/2021, 08:18:18,618
GTASA0000,GTA: SA Vita,6040,04/22/2021, 09:15:43,618
GTASA0000,GTA: SA Vita,6041,04/22/2021, 10:15:47,618
GTASA0000,GTA: SA Vita,6043,04/22/2021, 11:12:58,618
GTASA0000,GTA: SA Vita,6047,04/22/2021, 12:21:58,618
GTASA0000,GTA: SA Vita,6052,04/22/2021, 13:24:28,618
GTASA0000,GTA: SA Vita,6055,04/22/2021, 14:15:13,618
GTASA0000,GTA: SA Vita,6060,04/22/2021, 15:15:37,618
GTASA0000,GTA: SA Vita,6064,04/22/2021, 16:26:01,618
GTASA0000,GTA: SA Vita,6069,04/22/2021, 17:41:25,618
GTASA0000,GTA: SA Vita,6073,04/22/2021, 18:28:36,618
GTASA0000,GTA: SA Vita,6076,04/22/2021, 19:19:57,618
GTASA0000,GTA: SA Vita,6077,04/22/2021, 20:16:00,618
GTASA0000,GTA: SA Vita,6078,04/22/2021, 21:13:51,618
GTASA0000,GTA: SA Vita,6079,04/22/2021, 22:18:04,618
GTASA0000,GTA: SA Vita,6081,04/22/2021, 23:15:33,618
GTASA0000,GTA: SA Vita,6087,04/23/2021, 00:45:09,618
GTASA0000,GTA: SA Vita,6093,04/23/2021, 02:08:59,618
GTASA0000,GTA: SA Vita,6096,04/23/2021, 03:20:29,618
GTASA0000,GTA: SA Vita,6100,04/23/2021, 04:19:54,618
GTASA0000,GTA: SA Vita,6103,04/23/2021, 05:20:30,618
GTASA0000,GTA: SA Vita,6104,04/23/2021, 06:18:43,618
GTASA0000,GTA: SA Vita,6105,04/23/2021, 07:19:29,618
GTASA0000,GTA: SA Vita,6107,04/23/2021, 08:18:45,618
GTASA0000,GTA: SA Vita,6110,04/23/2021, 09:16:39,618
GTASA0000,GTA: SA Vita,6112,04/23/2021, 10:16:24,618
GTASA0000,GTA: SA Vita,6117,04/23/2021, 11:13:02,618
GTASA0000,GTA: SA Vita,6121,04/23/2021, 12:21:34,618
GTASA0000,GTA: SA Vita,6129,04/23/2021, 13:23:25,618
GTASA0000,GTA: SA Vita,6132,04/23/2021, 14:15:36,618
GTASA0000,GTA: SA Vita,6139,04/23/2021, 15:15:59,618
GTASA0000,GTA: SA Vita,6144,04/23/2021, 16:27:11,618
GTASA0000,GTA: SA Vita,6153,04/23/2021, 17:43:14,618
GTASA0000,GTA: SA Vita,6161,04/23/2021, 18:28:09,618
GTASA0000,GTA: SA Vita,6164,04/23/2021, 19:20:18,618
GTASA0000,GTA: SA Vita,6166,04/23/2021, 20:16:06,618
GTASA0000,GTA: SA Vita,6173,04/23/2021, 21:13:40,618
GTASA0000,GTA: SA Vita,6177,04/23/2021, 22:18:12,618
GTASA0000,GTA: SA Vita,6181,04/23/2021, 23:16:27,618
GTASA0000,GTA: SA Vita,6189,04/24/2021, 00:46:39,618
GTASA0000,GTA: SA Vita,6195,04/24/2021, 02:06:18,618
GTASA0000,GTA: SA Vita,6198,04/24/2021, 03:20:48,618
GTASA0000,GTA: SA Vita,6204,04/24/2021, 04:19:27,618
GTASA0000,GTA: SA Vita,6207,04/24/2021, 05:20:00,618
GTASA0000,GTA: SA Vita,6209,04/24/2021, 06:18:26,618
GTASA0000,GTA: SA Vita,6213,04/24/2021, 07:19:08,618
GTASA0000,GTA: SA Vita,6216,04/24/2021, 08:16:42,618
GTASA0000,GTA: SA Vita,6217,04/24/2021, 09:14:54,618
GTASA0000,GTA: SA Vita,6220,04/24/2021, 10:15:30,618
GTASA0000,GTA: SA Vita,6223,04/24/2021, 11:12:58,618
GTASA0000,GTA: SA Vita,6227,04/24/2021, 12:20:52,618
GTASA0000,GTA: SA Vita,6235,04/24/2021, 13:23:19,618
GTASA0000,GTA: SA Vita,6240,04/24/2021, 14:14:37,618
GTASA0000,GTA: SA Vita,6243,04/24/2021, 15:15:05,618
GTASA0000,GTA: SA Vita,6248,04/24/2021, 16:26:28,618
GTASA0000,GTA: SA Vita,6251,04/24/2021, 17:41:13,618
GTASA0000,GTA: SA Vita,6254,04/24/2021, 18:26:29,618
GTASA0000,GTA: SA Vita,6257,04/24/2021, 19:17:43,618
GTASA0000,GTA: SA Vita,6263,04/24/2021, 20:15:49,618
GTASA0000,GTA: SA Vita,6265,04/24/2021, 21:13:17,618
GTASA0000,GTA: SA Vita,6269,04/24/2021, 22:18:06,618
GTASA0000,GTA: SA Vita,6274,04/24/2021, 23:15:14,618
GTASA0000,GTA: SA Vita,6281,04/25/2021, 00:48:26,618
GTASA0000,GTA: SA Vita,6286,04/25/2021, 02:11:40,618
GTASA0000,GTA: SA Vita,6292,04/25/2021, 03:23:42,618
GTASA0000,GTA: SA Vita,6295,04/25/2021, 04:20:52,618
GTASA0000,GTA: SA Vita,6299,04/25/2021, 05:20:51,618
GTASA0000,GTA: SA Vita,6301,04/25/2021, 06:18:35,618
GTASA0000,GTA: SA Vita,6304,04/25/2021, 07:18:37,618
GTASA0000,GTA: SA Vita,6306,04/25/2021, 08:17:06,618
GTASA0000,GTA: SA Vita,6309,04/25/2021, 09:15:05,618
GTASA0000,GTA: SA Vita,6312,04/25/2021, 10:15:38,618
GTASA0000,GTA: SA Vita,6314,04/25/2021, 11:12:53,618
GTASA0000,GTA: SA Vita,6318,04/25/2021, 12:21:12,618
GTASA0000,GTA: SA Vita,6321,04/25/2021, 13:22:41,618
GTASA0000,GTA: SA Vita,6325,04/25/2021, 14:14:46,618
GTASA0000,GTA: SA Vita,6326,04/25/2021, 15:15:19,618
GTASA0000,GTA: SA Vita,6326,04/25/2021, 16:26:23,618
GTASA0000,GTA: SA Vita,6330,04/25/2021, 17:42:00,618
GTASA0000,GTA: SA Vita,6333,04/25/2021, 18:27:42,618
GTASA0000,GTA: SA Vita,6335,04/25/2021, 19:18:29,618
GTASA0000,GTA: SA Vita,6338,04/25/2021, 20:15:36,618
GTASA0000,GTA: SA Vita,6340,04/25/2021, 21:13:36,618
GTASA0000,GTA: SA Vita,6344,04/25/2021, 22:17:58,618
GTASA0000,GTA: SA Vita,6345,04/25/2021, 23:15:42,618
GTASA0000,GTA: SA Vita,6350,04/26/2021, 00:47:56,618
GTASA0000,GTA: SA Vita,6354,04/26/2021, 02:11:15,618
GTASA0000,GTA: SA Vita,6361,04/26/2021, 03:23:49,618
GTASA0000,GTA: SA Vita,6365,04/26/2021, 04:21:09,618
GTASA0000,GTA: SA Vita,6369,04/26/2021, 05:21:37,618
GTASA0000,GTA: SA Vita,6370,04/26/2021, 06:19:13,618
GTASA0000,GTA: SA Vita,6372,04/26/2021, 07:20:37,618
GTASA0000,GTA: SA Vita,6376,04/26/2021, 08:18:21,618
GTASA0000,GTA: SA Vita,6377,04/26/2021, 09:16:26,618
GTASA0000,GTA: SA Vita,6378,04/26/2021, 10:16:24,618
GTASA0000,GTA: SA Vita,6379,04/26/2021, 11:13:06,618
GTASA0000,GTA: SA Vita,6381,04/26/2021, 12:22:01,618
GTASA0000,GTA: SA Vita,6384,04/26/2021, 13:25:17,618
GTASA0000,GTA: SA Vita,6389,04/26/2021, 14:15:50,618
GTASA0000,GTA: SA Vita,6393,04/26/2021, 15:16:01,618
GTASA0000,GTA: SA Vita,6399,04/26/2021, 16:26:54,618
GTASA0000,GTA: SA Vita,6401,04/26/2021, 17:42:18,618
GTASA0000,GTA: SA Vita,6401,04/26/2021, 18:27:47,618
GTASA0000,GTA: SA Vita,6405,04/26/2021, 19:18:53,618
GTASA0000,GTA: SA Vita,6411,04/26/2021, 20:15:42,618
GTASA0000,GTA: SA Vita,6411,04/26/2021, 21:13:59,618
GTASA0000,GTA: SA Vita,6415,04/26/2021, 22:18:13,618
GTASA0000,GTA: SA Vita,6418,04/26/2021, 23:15:24,618
GTASA0000,GTA: SA Vita,6431,04/27/2021, 00:44:50,618
GTASA0000,GTA: SA Vita,6435,04/27/2021, 02:04:39,618
GTASA0000,GTA: SA Vita,6445,04/27/2021, 03:20:05,618
GTASA0000,GTA: SA Vita,6449,04/27/2021, 04:18:35,618
GTASA0000,GTA: SA Vita,6452,04/27/2021, 05:19:16,618
GTASA0000,GTA: SA Vita,6455,04/27/2021, 06:18:23,618
GTASA0000,GTA: SA Vita,6458,04/27/2021, 07:18:31,618
GTASA0000,GTA: SA Vita,6460,04/27/2021, 08:17:50,618
GTASA0000,GTA: SA Vita,6463,04/27/2021, 09:15:17,618
GTASA0000,GTA: SA Vita,6463,04/27/2021, 10:15:43,618
GTASA0000,GTA: SA Vita,6465,04/27/2021, 11:13:20,618
GTASA0000,GTA: SA Vita,6468,04/27/2021, 12:21:47,618
GTASA0000,GTA: SA Vita,6468,04/27/2021, 13:23:49,618
GTASA0000,GTA: SA Vita,6470,04/27/2021, 14:15:26,618
GTASA0000,GTA: SA Vita,6476,04/27/2021, 15:16:00,618
GTASA0000,GTA: SA Vita,6481,04/27/2021, 16:27:00,618
GTASA0000,GTA: SA Vita,6483,04/27/2021, 17:42:51,618
GTASA0000,GTA: SA Vita,6486,04/27/2021, 18:28:06,618
GTASA0000,GTA: SA Vita,6491,04/27/2021, 19:19:02,618
GTASA0000,GTA: SA Vita,6496,04/27/2021, 20:16:01,618
GTASA0000,GTA: SA Vita,6498,04/27/2021, 21:14:03,618
GTASA0000,GTA: SA Vita,6502,04/27/2021, 22:18:22,618
GTASA0000,GTA: SA Vita,6503,04/27/2021, 23:15:58,618
GTASA0000,GTA: SA Vita,6507,04/28/2021, 00:45:36,618
GTASA0000,GTA: SA Vita,6515,04/28/2021, 02:03:48,618
GTASA0000,GTA: SA Vita,6519,04/28/2021, 03:21:40,618
GTASA0000,GTA: SA Vita,6519,04/28/2021, 04:19:47,618
GTASA0000,GTA: SA Vita,6521,04/28/2021, 05:20:05,618
GTASA0000,GTA: SA Vita,6524,04/28/2021, 06:18:55,618
GTASA0000,GTA: SA Vita,6524,04/28/2021, 07:19:12,618
GTASA0000,GTA: SA Vita,6525,04/28/2021, 08:17:14,618
GTASA0000,GTA: SA Vita,6525,04/28/2021, 09:15:39,618
GTASA0000,GTA: SA Vita,6528,04/28/2021, 10:15:58,618
GTASA0000,GTA: SA Vita,6530,04/28/2021, 11:13:17,618
GTASA0000,GTA: SA Vita,6533,04/28/2021, 12:22:12,618
GTASA0000,GTA: SA Vita,6535,04/28/2021, 13:24:08,618
GTASA0000,GTA: SA Vita,6535,04/28/2021, 14:15:18,618
GTASA0000,GTA: SA Vita,6538,04/28/2021, 15:16:30,618
GTASA0000,GTA: SA Vita,6543,04/28/2021, 16:28:55,618
GTASA0000,GTA: SA Vita,6549,04/28/2021, 17:44:34,618
GTASA0000,GTA: SA Vita,6553,04/28/2021, 18:28:14,618
GTASA0000,GTA: SA Vita,6557,04/28/2021, 19:19:08,618
GTASA0000,GTA: SA Vita,6562,04/28/2021, 20:16:15,618
GTASA0000,GTA: SA Vita,6567,04/28/2021, 21:14:09,618
GTASA0000,GTA: SA Vita,6571,04/28/2021, 22:15:10,618
GTASA0000,GTA: SA Vita,6573,04/28/2021, 23:15:30,618
GTASA0000,GTA: SA Vita,6576,04/29/2021, 00:44:18,618
GTASA0000,GTA: SA Vita,6580,04/29/2021, 02:02:53,618
GTASA0000,GTA: SA Vita,6586,04/29/2021, 03:17:29,618
GTASA0000,GTA: SA Vita,6589,04/29/2021, 04:15:40,618
GTASA0000,GTA: SA Vita,6591,04/29/2021, 05:16:50,618
GTASA0000,GTA: SA Vita,6593,04/29/2021, 06:16:01,618
GTASA0000,GTA: SA Vita,6594,04/29/2021, 07:14:47,618
GTASA0000,GTA: SA Vita,6596,04/29/2021, 08:15:28,618
GTASA0000,GTA: SA Vita,6597,04/29/2021, 09:13:25,618
GTASA0000,GTA: SA Vita,6598,04/29/2021, 10:13:47,618
GTASA0000,GTA: SA Vita,6599,04/29/2021, 11:11:21,618
GTASA0000,GTA: SA Vita,6600,04/29/2021, 12:18:49,618
GTASA0000,GTA: SA Vita,6604,04/29/2021, 13:22:56,618
GTASA0000,GTA: SA Vita,6608,04/29/2021, 14:13:25,618
GTASA0000,GTA: SA Vita,6609,04/29/2021, 15:14:13,618
GTASA0000,GTA: SA Vita,6613,04/29/2021, 16:23:31,618
GTASA0000,GTA: SA Vita,6614,04/29/2021, 17:37:49,618
GTASA0000,GTA: SA Vita,6619,04/29/2021, 18:23:17,618
GTASA0000,GTA: SA Vita,6625,04/29/2021, 19:15:49,618
GTASA0000,GTA: SA Vita,6626,04/29/2021, 20:13:47,618
GTASA0000,GTA: SA Vita,6630,04/29/2021, 21:11:49,618
GTASA0000,GTA: SA Vita,6633,04/29/2021, 22:15:43,618
GTASA0000,GTA: SA Vita,6637,04/29/2021, 23:12:42,618
GTASA0000,GTA: SA Vita,6642,04/30/2021, 00:37:55,618
GTASA0000,GTA: SA Vita,6648,04/30/2021, 02:04:00,618
GTASA0000,GTA: SA Vita,6652,04/30/2021, 03:18:15,618
GTASA0000,GTA: SA Vita,6654,04/30/2021, 04:16:07,618
GTASA0000,GTA: SA Vita,6656,04/30/2021, 05:16:58,618
GTASA0000,GTA: SA Vita,6659,04/30/2021, 06:15:41,618
GTASA0000,GTA: SA Vita,6661,04/30/2021, 07:15:50,618
GTASA0000,GTA: SA Vita,6665,04/30/2021, 08:16:20,618
GTASA0000,GTA: SA Vita,6665,04/30/2021, 09:13:11,618
GTASA0000,GTA: SA Vita,6668,04/30/2021, 10:13:37,618
GTASA0000,GTA: SA Vita,6668,04/30/2021, 11:11:17,618
GTASA0000,GTA: SA Vita,6669,04/30/2021, 12:18:15,618
GTASA0000,GTA: SA Vita,6673,04/30/2021, 13:22:00,618
GTASA0000,GTA: SA Vita,6677,04/30/2021, 14:13:09,618
GTASA0000,GTA: SA Vita,6678,04/30/2021, 15:14:00,618
GTASA0000,GTA: SA Vita,6680,04/30/2021, 16:22:29,618
GTASA0000,GTA: SA Vita,6681,04/30/2021, 17:37:05,618
GTASA0000,GTA: SA Vita,6685,04/30/2021, 18:21:49,618
GTASA0000,GTA: SA Vita,6690,04/30/2021, 19:15:18,618
GTASA0000,GTA: SA Vita,6693,04/30/2021, 20:13:49,618
GTASA0000,GTA: SA Vita,6697,04/30/2021, 21:12:05,618
GTASA0000,GTA: SA Vita,6699,04/30/2021, 22:15:30,618
GTASA0000,GTA: SA Vita,6702,04/30/2021, 23:12:49,618
GTASA0000,GTA: SA Vita,6705,05/01/2021, 00:39:59,618
GTASA0000,GTA: SA Vita,6708,05/01/2021, 02:08:13,618
GTASA0000,GTA: SA Vita,6709,05/01/2021, 03:18:57,618
GTASA0000,GTA: SA Vita,6710,05/01/2021, 04:16:18,618
GTASA0000,GTA: SA Vita,6712,05/01/2021, 05:16:53,618
GTASA0000,GTA: SA Vita,6717,05/01/2021, 07:15:26,618
GTASA0000,GTA: SA Vita,6720,05/01/2021, 08:15:01,618
GTASA0000,GTA: SA Vita,6722,05/01/2021, 09:12:53,618
GTASA0000,GTA: SA Vita,6726,05/01/2021, 10:13:23,618
GTASA0000,GTA: SA Vita,6728,05/01/2021, 11:11:05,618
GTASA0000,GTA: SA Vita,6730,05/01/2021, 12:17:44,618
GTASA0000,GTA: SA Vita,6731,05/01/2021, 13:21:49,618
GTASA0000,GTA: SA Vita,6733,05/01/2021, 14:12:32,618
GTASA0000,GTA: SA Vita,6735,05/01/2021, 15:13:13,618
GTASA0000,GTA: SA Vita,6740,05/01/2021, 16:21:32,618
GTASA0000,GTA: SA Vita,6745,05/01/2021, 17:38:09,618
GTASA0000,GTA: SA Vita,6747,05/01/2021, 18:21:37,618
GTASA0000,GTA: SA Vita,6752,05/01/2021, 19:14:14,618
GTASA0000,GTA: SA Vita,6755,05/01/2021, 20:13:17,618
GTASA0000,GTA: SA Vita,6756,05/01/2021, 21:11:27,618
GTASA0000,GTA: SA Vita,6765,05/01/2021, 22:15:24,618
GTASA0000,GTA: SA Vita,6767,05/01/2021, 23:14:42,618
GTASA0000,GTA: SA Vita,6773,05/02/2021, 00:43:57,618
GTASA0000,GTA: SA Vita,6779,05/02/2021, 02:12:45,618
GTASA0000,GTA: SA Vita,6781,05/02/2021, 03:22:13,618
GTASA0000,GTA: SA Vita,6782,05/02/2021, 04:18:00,618
GTASA0000,GTA: SA Vita,6783,05/02/2021, 05:18:22,618
GTASA0000,GTA: SA Vita,6788,05/02/2021, 06:15:37,618
GTASA0000,GTA: SA Vita,6789,05/02/2021, 07:15:57,618
GTASA0000,GTA: SA Vita,6790,05/02/2021, 08:14:35,618
GTASA0000,GTA: SA Vita,6791,05/02/2021, 09:13:03,618
GTASA0000,GTA: SA Vita,6793,05/02/2021, 10:13:21,618
GTASA0000,GTA: SA Vita,6796,05/02/2021, 11:11:23,618
GTASA0000,GTA: SA Vita,6800,05/02/2021, 12:17:39,618
GTASA0000,GTA: SA Vita,6803,05/02/2021, 13:21:26,618
GTASA0000,GTA: SA Vita,6805,05/02/2021, 14:12:18,618
GTASA0000,GTA: SA Vita,6807,05/02/2021, 15:13:26,618
GTASA0000,GTA: SA Vita,6817,05/02/2021, 16:22:03,618
GTASA0000,GTA: SA Vita,6821,05/02/2021, 17:36:09,618
GTASA0000,GTA: SA Vita,6823,05/02/2021, 18:19:58,618
GTASA0000,GTA: SA Vita,6825,05/02/2021, 19:13:57,618
GTASA0000,GTA: SA Vita,6827,05/02/2021, 20:13:27,618
GTASA0000,GTA: SA Vita,6829,05/02/2021, 21:11:26,618
GTASA0000,GTA: SA Vita,6832,05/02/2021, 22:14:59,618
GTASA0000,GTA: SA Vita,6832,05/02/2021, 23:12:41,618
GTASA0000,GTA: SA Vita,6836,05/03/2021, 00:39:43,618
GTASA0000,GTA: SA Vita,6843,05/03/2021, 02:08:12,618
GTASA0000,GTA: SA Vita,6846,05/03/2021, 03:20:42,618
GTASA0000,GTA: SA Vita,6850,05/03/2021, 04:16:52,618
GTASA0000,GTA: SA Vita,6856,05/03/2021, 05:17:41,618
GTASA0000,GTA: SA Vita,6857,05/03/2021, 06:16:17,618
GTASA0000,GTA: SA Vita,6858,05/03/2021, 07:17:10,618
GTASA0000,GTA: SA Vita,6861,05/03/2021, 08:15:06,618
GTASA0000,GTA: SA Vita,6865,05/03/2021, 09:13:33,618
GTASA0000,GTA: SA Vita,6866,05/03/2021, 10:13:47,618
GTASA0000,GTA: SA Vita,6868,05/03/2021, 11:10:59,618
GTASA0000,GTA: SA Vita,6869,05/03/2021, 12:19:12,618
GTASA0000,GTA: SA Vita,6869,05/03/2021, 13:23:36,618
GTASA0000,GTA: SA Vita,6869,05/03/2021, 14:13:16,618
GTASA0000,GTA: SA Vita,6870,05/03/2021, 15:14:20,618
GTASA0000,GTA: SA Vita,6871,05/03/2021, 16:23:03,618
GTASA0000,GTA: SA Vita,6872,05/03/2021, 17:39:12,618
GTASA0000,GTA: SA Vita,6873,05/03/2021, 18:20:48,618
GTASA0000,GTA: SA Vita,6875,05/03/2021, 19:14:31,618
GTASA0000,GTA: SA Vita,6878,05/03/2021, 20:12:48,618
GTASA0000,GTA: SA Vita,6882,05/03/2021, 21:10:58,618
GTASA0000,GTA: SA Vita,6882,05/03/2021, 22:13:51,618
GTASA0000,GTA: SA Vita,6885,05/03/2021, 23:11:15,618
GTASA0000,GTA: SA Vita,6889,05/04/2021, 00:34:52,618
GTASA0000,GTA: SA Vita,6893,05/04/2021, 02:03:04,618
GTASA0000,GTA: SA Vita,6901,05/04/2021, 03:17:14,618
GTASA0000,GTA: SA Vita,6904,05/04/2021, 04:13:48,618
GTASA0000,GTA: SA Vita,6906,05/04/2021, 05:14:34,618
GTASA0000,GTA: SA Vita,6910,05/04/2021, 06:13:44,618
GTASA0000,GTA: SA Vita,6912,05/04/2021, 08:13:26,618
GTASA0000,GTA: SA Vita,6914,05/04/2021, 09:11:59,618
GTASA0000,GTA: SA Vita,6914,05/04/2021, 10:11:57,618
GTASA0000,GTA: SA Vita,6914,05/04/2021, 11:09:28,618
GTASA0000,GTA: SA Vita,6916,05/04/2021, 12:15:46,618
GTASA0000,GTA: SA Vita,6919,05/04/2021, 13:19:53,618
GTASA0000,GTA: SA Vita,6919,05/04/2021, 14:11:11,618
GTASA0000,GTA: SA Vita,6920,05/04/2021, 15:11:58,618
GTASA0000,GTA: SA Vita,6922,05/04/2021, 16:17:30,618
GTASA0000,GTA: SA Vita,6924,05/04/2021, 17:31:04,618
GTASA0000,GTA: SA Vita,6926,05/04/2021, 18:15:37,618
GTASA0000,GTA: SA Vita,6931,05/04/2021, 19:11:25,618
GTASA0000,GTA: SA Vita,6938,05/04/2021, 20:11:42,618
GTASA0000,GTA: SA Vita,6944,05/04/2021, 21:09:57,618
GTASA0000,GTA: SA Vita,6949,05/04/2021, 22:13:30,618
GTASA0000,GTA: SA Vita,6955,05/04/2021, 23:11:10,618
GTASA0000,GTA: SA Vita,6958,05/05/2021, 00:30:14,618
GTASA0000,GTA: SA Vita,6965,05/05/2021, 01:58:16,618
GTASA0000,GTA: SA Vita,6965,05/05/2021, 02:42:51,618
GTASA0000,GTA: SA Vita,6965,05/05/2021, 03:16:11,618
GTASA0000,GTA: SA Vita,6968,05/05/2021, 04:13:19,618
GTASA0000,GTA: SA Vita,6970,05/05/2021, 05:13:49,618
GTASA0000,GTA: SA Vita,6971,05/05/2021, 06:13:48,618
GTASA0000,GTA: SA Vita,6972,05/05/2021, 07:14:44,618
GTASA0000,GTA: SA Vita,6975,05/05/2021, 08:12:30,618
GTASA0000,GTA: SA Vita,6976,05/05/2021, 09:11:26,618
GTASA0000,GTA: SA Vita,6976,05/05/2021, 10:11:53,618
GTASA0000,GTA: SA Vita,6977,05/05/2021, 11:09:37,618
GTASA0000,GTA: SA Vita,6977,05/05/2021, 12:16:20,618
GTASA0000,GTA: SA Vita,6979,05/05/2021, 13:22:19,618
GTASA0000,GTA: SA Vita,6982,05/05/2021, 14:11:28,618
GTASA0000,GTA: SA Vita,6983,05/05/2021, 15:11:55,618
GTASA0000,GTA: SA Vita,6987,05/05/2021, 16:18:37,618
GTASA0000,GTA: SA Vita,6991,05/05/2021, 17:34:41,618
GTASA0000,GTA: SA Vita,6994,05/05/2021, 18:18:43,618
GTASA0000,GTA: SA Vita,6996,05/05/2021, 19:14:13,618
GTASA0000,GTA: SA Vita,7001,05/05/2021, 20:11:37,618
GTASA0000,GTA: SA Vita,7005,05/05/2021, 21:10:16,618
GTASA0000,GTA: SA Vita,7005,05/05/2021, 22:13:46,618
GTASA0000,GTA: SA Vita,7007,05/05/2021, 23:11:32,618
GTASA0000,GTA: SA Vita,7010,05/06/2021, 00:29:49,618
GTASA0000,GTA: SA Vita,7010,05/06/2021, 01:58:02,618
GTASA0000,GTA: SA Vita,7019,05/06/2021, 02:43:04,618
GTASA0000,GTA: SA Vita,7020,05/06/2021, 03:16:22,618
GTASA0000,GTA: SA Vita,7024,05/06/2021, 04:13:24,618
GTASA0000,GTA: SA Vita,7025,05/06/2021, 05:14:04,618
GTASA0000,GTA: SA Vita,7026,05/06/2021, 06:13:28,618
GTASA0000,GTA: SA Vita,7029,05/06/2021, 07:13:36,618
GTASA0000,GTA: SA Vita,7030,05/06/2021, 08:12:26,618
GTASA0000,GTA: SA Vita,7031,05/06/2021, 09:11:30,618
GTASA0000,GTA: SA Vita,7033,05/06/2021, 10:11:36,618
GTASA0000,GTA: SA Vita,7035,05/06/2021, 11:10:01,618
GTASA0000,GTA: SA Vita,7039,05/06/2021, 12:15:05,618
GTASA0000,GTA: SA Vita,7040,05/06/2021, 13:21:09,618
GTASA0000,GTA: SA Vita,7041,05/06/2021, 14:11:06,618
GTASA0000,GTA: SA Vita,7047,05/06/2021, 15:11:52,618
GTASA0000,GTA: SA Vita,7049,05/06/2021, 16:20:48,618
GTASA0000,GTA: SA Vita,7054,05/06/2021, 17:36:23,618
GTASA0000,GTA: SA Vita,7054,05/06/2021, 18:19:17,618
GTASA0000,GTA: SA Vita,7059,05/06/2021, 19:13:59,618
GTASA0000,GTA: SA Vita,7062,05/06/2021, 20:12:25,618
GTASA0000,GTA: SA Vita,7064,05/06/2021, 21:08:53,618
GTASA0000,GTA: SA Vita,7065,05/06/2021, 22:13:54,618
GTASA0000,GTA: SA Vita,7068,05/06/2021, 23:11:26,618
GTASA0000,GTA: SA Vita,7072,05/07/2021, 00:31:08,618
GTASA0000,GTA: SA Vita,7077,05/07/2021, 02:02:30,618
GTASA0000,GTA: SA Vita,7080,05/07/2021, 03:18:29,618
GTASA0000,GTA: SA Vita,7082,05/07/2021, 04:17:17,618
GTASA0000,GTA: SA Vita,7085,05/07/2021, 05:15:58,618
GTASA0000,GTA: SA Vita,7087,05/07/2021, 06:13:23,618
GTASA0000,GTA: SA Vita,7088,05/07/2021, 07:14:37,618
GTASA0000,GTA: SA Vita,7092,05/07/2021, 08:13:51,618
GTASA0000,GTA: SA Vita,7093,05/07/2021, 09:11:02,618
GTASA0000,GTA: SA Vita,7094,05/07/2021, 10:11:51,618
GTASA0000,GTA: SA Vita,7094,05/07/2021, 11:09:46,618
GTASA0000,GTA: SA Vita,7096,05/07/2021, 12:15:16,618
GTASA0000,GTA: SA Vita,7100,05/07/2021, 13:20:54,618
GTASA0000,GTA: SA Vita,7102,05/07/2021, 14:11:15,618
GTASA0000,GTA: SA Vita,7104,05/07/2021, 15:13:58,618
GTASA0000,GTA: SA Vita,7106,05/07/2021, 16:21:09,618
GTASA0000,GTA: SA Vita,7109,05/07/2021, 17:36:07,618
GTASA0000,GTA: SA Vita,7112,05/07/2021, 18:19:16,618
GTASA0000,GTA: SA Vita,7114,05/07/2021, 19:12:56,618
GTASA0000,GTA: SA Vita,7119,05/07/2021, 20:11:45,618
GTASA0000,GTA: SA Vita,7119,05/07/2021, 21:10:20,618
GTASA0000,GTA: SA Vita,7121,05/07/2021, 22:14:41,618
GTASA0000,GTA: SA Vita,7122,05/07/2021, 23:11:03,618
GTASA0000,GTA: SA Vita,7126,05/08/2021, 00:30:59,618
GTASA0000,GTA: SA Vita,7134,05/08/2021, 02:00:57,618
GTASA0000,GTA: SA Vita,7139,05/08/2021, 03:17:15,618
GTASA0000,GTA: SA Vita,7143,05/08/2021, 04:14:08,618
GTASA0000,GTA: SA Vita,7147,05/08/2021, 05:14:17,618
GTASA0000,GTA: SA Vita,7150,05/08/2021, 06:13:26,618
GTASA0000,GTA: SA Vita,7151,05/08/2021, 07:15:12,618
GTASA0000,GTA: SA Vita,7157,05/08/2021, 08:12:39,618
GTASA0000,GTA: SA Vita,7159,05/08/2021, 09:11:15,618
GTASA0000,GTA: SA Vita,7162,05/08/2021, 10:12:12,618
GTASA0000,GTA: SA Vita,7165,05/08/2021, 11:09:37,618
GTASA0000,GTA: SA Vita,7170,05/08/2021, 12:15:38,618
GTASA0000,GTA: SA Vita,7175,05/08/2021, 13:19:57,618
GTASA0000,GTA: SA Vita,7179,05/08/2021, 14:10:47,618
GTASA0000,GTA: SA Vita,7180,05/08/2021, 15:11:40,618
GTASA0000,GTA: SA Vita,7183,05/08/2021, 16:20:02,618
GTASA0000,GTA: SA Vita,7187,05/08/2021, 17:33:58,618
GTASA0000,GTA: SA Vita,7191,05/08/2021, 18:17:23,618
GTASA0000,GTA: SA Vita,7192,05/08/2021, 19:10:51,618
GTASA0000,GTA: SA Vita,7197,05/08/2021, 20:11:27,618
GTASA0000,GTA: SA Vita,7200,05/08/2021, 21:10:06,618
GTASA0000,GTA: SA Vita,7204,05/08/2021, 22:13:30,618
GTASA0000,GTA: SA Vita,7206,05/08/2021, 23:11:16,618
GTASA0000,GTA: SA Vita,7213,05/09/2021, 00:33:47,618
GTASA0000,GTA: SA Vita,7217,05/09/2021, 02:03:19,618
GTASA0000,GTA: SA Vita,7220,05/09/2021, 03:17:21,618
GTASA0000,GTA: SA Vita,7221,05/09/2021, 04:13:45,618
GTASA0000,GTA: SA Vita,7223,05/09/2021, 05:14:16,618
GTASA0000,GTA: SA Vita,7226,05/09/2021, 06:12:53,618
GTASA0000,GTA: SA Vita,7228,05/09/2021, 07:13:28,618
GTASA0000,GTA: SA Vita,7233,05/09/2021, 08:12:34,618
GTASA0000,GTA: SA Vita,7235,05/09/2021, 09:11:37,618
GTASA0000,GTA: SA Vita,7238,05/09/2021, 10:11:35,618
GTASA0000,GTA: SA Vita,7239,05/09/2021, 11:09:24,618
GTASA0000,GTA: SA Vita,7240,05/09/2021, 12:15:05,618
GTASA0000,GTA: SA Vita,7242,05/09/2021, 13:20:02,618
GTASA0000,GTA: SA Vita,7243,05/09/2021, 14:10:34,618
GTASA0000,GTA: SA Vita,7244,05/09/2021, 15:11:32,618
GTASA0000,GTA: SA Vita,7247,05/09/2021, 16:20:42,618
GTASA0000,GTA: SA Vita,7249,05/09/2021, 17:35:01,618
GTASA0000,GTA: SA Vita,7252,05/09/2021, 18:17:16,618
GTASA0000,GTA: SA Vita,7254,05/09/2021, 19:11:40,618
GTASA0000,GTA: SA Vita,7259,05/09/2021, 20:11:22,618
GTASA0000,GTA: SA Vita,7263,05/09/2021, 21:10:15,618
GTASA0000,GTA: SA Vita,7266,05/09/2021, 22:13:51,618
GTASA0000,GTA: SA Vita,7271,05/09/2021, 23:11:00,618
GTASA0000,GTA: SA Vita,7275,05/10/2021, 00:32:37,618
GTASA0000,GTA: SA Vita,7282,05/10/2021, 02:06:01,618
GTASA0000,GTA: SA Vita,7282,05/10/2021, 03:21:20,618
GTASA0000,GTA: SA Vita,7286,05/10/2021, 04:16:38,618
GTASA0000,GTA: SA Vita,7287,05/10/2021, 05:16:30,618
GTASA0000,GTA: SA Vita,7290,05/10/2021, 06:13:11,618
GTASA0000,GTA: SA Vita,7293,05/10/2021, 07:14:47,618
GTASA0000,GTA: SA Vita,7294,05/10/2021, 08:13:10,618
GTASA0000,GTA: SA Vita,7295,05/10/2021, 09:12:28,618
GTASA0000,GTA: SA Vita,7297,05/10/2021, 10:11:41,618
GTASA0000,GTA: SA Vita,7299,05/10/2021, 11:09:55,618
GTASA0000,GTA: SA Vita,7301,05/10/2021, 12:15:37,618
GTASA0000,GTA: SA Vita,7303,05/10/2021, 13:21:26,618
GTASA0000,GTA: SA Vita,7304,05/10/2021, 14:11:18,618
GTASA0000,GTA: SA Vita,7305,05/10/2021, 15:11:55,618
GTASA0000,GTA: SA Vita,7307,05/10/2021, 16:20:37,618
GTASA0000,GTA: SA Vita,7311,05/10/2021, 17:38:58,618
GTASA0000,GTA: SA Vita,7311,05/10/2021, 18:22:56,618
GTASA0000,GTA: SA Vita,7311,05/10/2021, 19:15:42,618
GTASA0000,GTA: SA Vita,7315,05/10/2021, 20:12:05,618
GTASA0000,GTA: SA Vita,7317,05/10/2021, 21:10:11,618
GTASA0000,GTA: SA Vita,7318,05/10/2021, 22:13:52,618
GTASA0000,GTA: SA Vita,7322,05/10/2021, 23:11:03,618
GTASA0000,GTA: SA Vita,7323,05/11/2021, 00:32:09,618
GTASA0000,GTA: SA Vita,7328,05/11/2021, 02:04:47,618
GTASA0000,GTA: SA Vita,7330,05/11/2021, 03:20:06,618
GTASA0000,GTA: SA Vita,7330,05/11/2021, 04:15:23,618
GTASA0000,GTA: SA Vita,7332,05/11/2021, 05:15:51,618
GTASA0000,GTA: SA Vita,7335,05/11/2021, 06:13:32,618
GTASA0000,GTA: SA Vita,7338,05/11/2021, 07:14:19,618
GTASA0000,GTA: SA Vita,7339,05/11/2021, 08:13:09,618
GTASA0000,GTA: SA Vita,7340,05/11/2021, 09:11:37,618
GTASA0000,GTA: SA Vita,7342,05/11/2021, 10:12:00,618
GTASA0000,GTA: SA Vita,7344,05/11/2021, 11:09:29,618
GTASA0000,GTA: SA Vita,7346,05/11/2021, 12:15:58,618
GTASA0000,GTA: SA Vita,7349,05/11/2021, 13:22:19,618
GTASA0000,GTA: SA Vita,7351,05/11/2021, 14:11:13,618
GTASA0000,GTA: SA Vita,7353,05/11/2021, 15:12:05,618
GTASA0000,GTA: SA Vita,7353,05/11/2021, 16:22:27,618
GTASA0000,GTA: SA Vita,7355,05/11/2021, 17:39:06,618
GTASA0000,GTA: SA Vita,7359,05/11/2021, 18:23:00,618
GTASA0000,GTA: SA Vita,7364,05/11/2021, 19:16:09,618
GTASA0000,GTA: SA Vita,7364,05/11/2021, 20:12:28,618
GTASA0000,GTA: SA Vita,7367,05/11/2021, 21:10:12,618
GTASA0000,GTA: SA Vita,7371,05/11/2021, 22:13:59,618
GTASA0000,GTA: SA Vita,7379,05/11/2021, 23:11:18,618
GTASA0000,GTA: SA Vita,7379,05/12/2021, 00:33:36,618
GTASA0000,GTA: SA Vita,7387,05/12/2021, 02:05:53,618
GTASA0000,GTA: SA Vita,7391,05/12/2021, 03:23:16,618
GTASA0000,GTA: SA Vita,7393,05/12/2021, 04:19:32,618
GTASA0000,GTA: SA Vita,7394,05/12/2021, 05:20:18,618
GTASA0000,GTA: SA Vita,7394,05/12/2021, 06:19:54,618
GTASA0000,GTA: SA Vita,7398,05/12/2021, 07:17:23,618
GTASA0000,GTA: SA Vita,7402,05/12/2021, 08:14:16,618
GTASA0000,GTA: SA Vita,7403,05/12/2021, 09:12:58,618
GTASA0000,GTA: SA Vita,7403,05/12/2021, 10:13:16,618
GTASA0000,GTA: SA Vita,7404,05/12/2021, 11:11:03,618
GTASA0000,GTA: SA Vita,7408,05/12/2021, 12:18:42,618
GTASA0000,GTA: SA Vita,7409,05/12/2021, 13:25:32,618
GTASA0000,GTA: SA Vita,7410,05/12/2021, 14:13:25,618
GTASA0000,GTA: SA Vita,7415,05/12/2021, 15:14:00,618
GTASA0000,GTA: SA Vita,7421,05/12/2021, 16:26:59,618
GTASA0000,GTA: SA Vita,7429,05/12/2021, 17:41:23,618
GTASA0000,GTA: SA Vita,7431,05/12/2021, 18:27:08,618
GTASA0000,GTA: SA Vita,7437,05/12/2021, 19:19:29,618
GTASA0000,GTA: SA Vita,7441,05/12/2021, 20:13:48,618
GTASA0000,GTA: SA Vita,7445,05/12/2021, 21:11:42,618
GTASA0000,GTA: SA Vita,7450,05/12/2021, 22:15:30,618
GTASA0000,GTA: SA Vita,7455,05/12/2021, 23:13:25,618
GTASA0000,GTA: SA Vita,7460,05/13/2021, 00:41:53,618
GTASA0000,GTA: SA Vita,7465,05/13/2021, 02:14:14,618
GTASA0000,GTA: SA Vita,7468,05/13/2021, 03:25:05,618
GTASA0000,GTA: SA Vita,7470,05/13/2021, 04:21:17,618
GTASA0000,GTA: SA Vita,7472,05/13/2021, 05:21:39,618
GTASA0000,GTA: SA Vita,7476,05/13/2021, 06:15:44,618
GTASA0000,GTA: SA Vita,7477,05/13/2021, 07:18:33,618
GTASA0000,GTA: SA Vita,7478,05/13/2021, 08:15:03,618
GTASA0000,GTA: SA Vita,7481,05/13/2021, 09:13:23,618
GTASA0000,GTA: SA Vita,7486,05/13/2021, 10:14:05,618
GTASA0000,GTA: SA Vita,7489,05/13/2021, 11:12:14,618
GTASA0000,GTA: SA Vita,7491,05/13/2021, 12:18:42,618
GTASA0000,GTA: SA Vita,7493,05/13/2021, 13:24:59,618
GTASA0000,GTA: SA Vita,7498,05/13/2021, 14:12:51,618
GTASA0000,GTA: SA Vita,7501,05/13/2021, 15:14:11,618
GTASA0000,GTA: SA Vita,7508,05/13/2021, 16:25:41,618
GTASA0000,GTA: SA Vita,7516,05/13/2021, 17:41:47,618
GTASA0000,GTA: SA Vita,7517,05/13/2021, 18:27:01,618
GTASA0000,GTA: SA Vita,7521,05/13/2021, 19:20:32,618
GTASA0000,GTA: SA Vita,7521,05/13/2021, 20:14:14,618
GTASA0000,GTA: SA Vita,7526,05/13/2021, 21:12:12,618
GTASA0000,GTA: SA Vita,7527,05/13/2021, 22:15:41,618
GTASA0000,GTA: SA Vita,7527,05/13/2021, 23:16:27,618
GTASA0000,GTA: SA Vita,7533,05/14/2021, 00:43:16,618
GTASA0000,GTA: SA Vita,7536,05/14/2021, 02:15:20,618
GTASA0000,GTA: SA Vita,7540,05/14/2021, 03:27:46,618
GTASA0000,GTA: SA Vita,7540,05/14/2021, 04:22:11,618
GTASA0000,GTA: SA Vita,7545,05/14/2021, 05:20:57,618
GTASA0000,GTA: SA Vita,7547,05/14/2021, 06:15:38,618
GTASA0000,GTA: SA Vita,7550,05/14/2021, 07:20:00,618
GTASA0000,GTA: SA Vita,7553,05/14/2021, 08:16:23,618
GTASA0000,GTA: SA Vita,7559,05/14/2021, 09:14:41,618
GTASA0000,GTA: SA Vita,7562,05/14/2021, 10:14:15,618
GTASA0000,GTA: SA Vita,7565,05/14/2021, 11:10:48,618
GTASA0000,GTA: SA Vita,7571,05/14/2021, 12:18:15,618
GTASA0000,GTA: SA Vita,7572,05/14/2021, 13:24:29,618
GTASA0000,GTA: SA Vita,7581,05/14/2021, 16:26:34,618
GTASA0000,GTA: SA Vita,7586,05/14/2021, 17:42:09,618
GTASA0000,GTA: SA Vita,7587,05/14/2021, 18:28:13,618
GTASA0000,GTA: SA Vita,7591,05/14/2021, 19:20:37,618
GTASA0000,GTA: SA Vita,7595,05/14/2021, 20:14:00,618
GTASA0000,GTA: SA Vita,7598,05/14/2021, 21:12:06,618
GTASA0000,GTA: SA Vita,7599,05/14/2021, 22:15:23,618
GTASA0000,GTA: SA Vita,7600,05/14/2021, 23:14:28,618
GTASA0000,GTA: SA Vita,7609,05/15/2021, 00:40:57,618
GTASA0000,GTA: SA Vita,7611,05/15/2021, 02:11:28,618
GTASA0000,GTA: SA Vita,7617,05/15/2021, 03:23:01,618
GTASA0000,GTA: SA Vita,7618,05/15/2021, 04:20:14,618
GTASA0000,GTA: SA Vita,7621,05/15/2021, 05:19:46,618
GTASA0000,GTA: SA Vita,7621,05/15/2021, 06:15:35,618
GTASA0000,GTA: SA Vita,7623,05/15/2021, 07:18:13,618
GTASA0000,GTA: SA Vita,7623,05/15/2021, 08:14:44,618
GTASA0000,GTA: SA Vita,7625,05/15/2021, 09:13:06,618
GTASA0000,GTA: SA Vita,7625,05/15/2021, 10:13:00,618
GTASA0000,GTA: SA Vita,7625,05/15/2021, 11:11:07,618
GTASA0000,GTA: SA Vita,7626,05/15/2021, 12:17:42,618
GTASA0000,GTA: SA Vita,7626,05/15/2021, 13:23:20,618
GTASA0000,GTA: SA Vita,7627,05/15/2021, 14:12:23,618
GTASA0000,GTA: SA Vita,7628,05/15/2021, 15:13:22,618
GTASA0000,GTA: SA Vita,7633,05/15/2021, 16:25:02,618
GTASA0000,GTA: SA Vita,7639,05/15/2021, 17:40:30,618
GTASA0000,GTA: SA Vita,7640,05/15/2021, 18:25:22,618
GTASA0000,GTA: SA Vita,7646,05/15/2021, 19:18:31,618
GTASA0000,GTA: SA Vita,7646,05/15/2021, 20:13:32,618
GTASA0000,GTA: SA Vita,7647,05/15/2021, 21:11:39,618
GTASA0000,GTA: SA Vita,7650,05/15/2021, 22:15:03,618
GTASA0000,GTA: SA Vita,7651,05/15/2021, 23:13:20,618
GTASA0000,GTA: SA Vita,7659,05/16/2021, 00:44:30,618
GTASA0000,GTA: SA Vita,7666,05/16/2021, 02:19:34,618
GTASA0000,GTA: SA Vita,7671,05/16/2021, 03:30:17,618
GTASA0000,GTA: SA Vita,7672,05/16/2021, 04:24:31,618
GTASA0000,GTA: SA Vita,7672,05/16/2021, 05:21:45,618
GTASA0000,GTA: SA Vita,7707,05/16/2021, 17:42:50,618
GTASA0000,GTA: SA Vita,7711,05/16/2021, 18:27:16,618
GTASA0000,GTA: SA Vita,7713,05/16/2021, 19:19:20,618
GTASA0000,GTA: SA Vita,7716,05/16/2021, 20:14:01,618
GTASA0000,GTA: SA Vita,7718,05/16/2021, 21:11:33,618
GTASA0000,GTA: SA Vita,7719,05/16/2021, 22:15:11,618
GTASA0000,GTA: SA Vita,7722,05/16/2021, 23:13:10,618
GTASA0000,GTA: SA Vita,7723,05/17/2021, 00:40:17,618
GTASA0000,GTA: SA Vita,7730,05/17/2021, 02:14:48,618
GTASA0000,GTA: SA Vita,7732,05/17/2021, 03:27:24,618
GTASA0000,GTA: SA Vita,7732,05/17/2021, 04:22:25,618
GTASA0000,GTA: SA Vita,7732,05/17/2021, 05:21:09,618
GTASA0000,GTA: SA Vita,7733,05/17/2021, 06:15:52,618
GTASA0000,GTA: SA Vita,7736,05/17/2021, 07:19:04,618
GTASA0000,GTA: SA Vita,7738,05/17/2021, 08:14:53,618
GTASA0000,GTA: SA Vita,7738,05/17/2021, 09:13:58,618
GTASA0000,GTA: SA Vita,7740,05/17/2021, 10:15:03,618
GTASA0000,GTA: SA Vita,7742,05/17/2021, 11:11:22,618
GTASA0000,GTA: SA Vita,7743,05/17/2021, 12:19:13,618
GTASA0000,GTA: SA Vita,7747,05/17/2021, 13:27:13,618
GTASA0000,GTA: SA Vita,7748,05/17/2021, 14:12:24,618
GTASA0000,GTA: SA Vita,7749,05/17/2021, 15:14:15,618
GTASA0000,GTA: SA Vita,7752,05/17/2021, 16:26:50,618
GTASA0000,GTA: SA Vita,7754,05/17/2021, 17:41:28,618
GTASA0000,GTA: SA Vita,7754,05/17/2021, 18:27:48,618
GTASA0000,GTA: SA Vita,7754,05/17/2021, 19:19:39,618
GTASA0000,GTA: SA Vita,7755,05/17/2021, 20:14:00,618
GTASA0000,GTA: SA Vita,7757,05/17/2021, 21:12:09,618
GTASA0000,GTA: SA Vita,7760,05/17/2021, 22:15:34,618
GTASA0000,GTA: SA Vita,7763,05/17/2021, 23:14:44,618
GTASA0000,GTA: SA Vita,7766,05/18/2021, 00:44:40,618
GTASA0000,GTA: SA Vita,7771,05/18/2021, 02:17:09,618
GTASA0000,GTA: SA Vita,7773,05/18/2021, 03:27:43,618
GTASA0000,GTA: SA Vita,7774,05/18/2021, 04:23:18,618
GTASA0000,GTA: SA Vita,7774,05/18/2021, 05:21:54,618
GTASA0000,GTA: SA Vita,7775,05/18/2021, 06:15:25,618
GTASA0000,GTA: SA Vita,7778,05/18/2021, 07:37:29,618
GTASA0000,GTA: SA Vita,7781,05/18/2021, 09:57:42,618
GTASA0000,GTA: SA Vita,7785,05/18/2021, 10:57:35,618
GTASA0000,GTA: SA Vita,7790,05/18/2021, 11:54:58,618
GTASA0000,GTA: SA Vita,7815,05/18/2021, 18:44:04,618
GTASA0000,GTA: SA Vita,7817,05/18/2021, 19:22:22,618
GTASA0000,GTA: SA Vita,7821,05/18/2021, 20:18:46,618
GTASA0000,GTA: SA Vita,7822,05/18/2021, 21:11:35,618
GTASA0000,GTA: SA Vita,7826,05/18/2021, 22:15:28,618
GTASA0000,GTA: SA Vita,7830,05/18/2021, 23:14:14,618
GTASA0000,GTA: SA Vita,7834,05/19/2021, 00:40:49,618
GTASA0000,GTA: SA Vita,7837,05/19/2021, 02:09:47,618
GTASA0000,GTA: SA Vita,7841,05/19/2021, 03:22:38,618
GTASA0000,GTA: SA Vita,7845,05/19/2021, 04:19:46,618
GTASA0000,GTA: SA Vita,7847,05/19/2021, 05:20:46,618
GTASA0000,GTA: SA Vita,7849,05/19/2021, 06:15:59,618
GTASA0000,GTA: SA Vita,7851,05/19/2021, 07:19:04,618
GTASA0000,GTA: SA Vita,7855,05/19/2021, 08:19:24,618
GTASA0000,GTA: SA Vita,7858,05/19/2021, 09:19:18,618
GTASA0000,GTA: SA Vita,7862,05/19/2021, 10:14:42,618
GTASA0000,GTA: SA Vita,7863,05/19/2021, 11:11:59,618
GTASA0000,GTA: SA Vita,7868,05/19/2021, 12:18:55,618
GTASA0000,GTA: SA Vita,7870,05/19/2021, 13:25:04,618
GTASA0000,GTA: SA Vita,7874,05/19/2021, 14:16:28,618
GTASA0000,GTA: SA Vita,7878,05/19/2021, 15:18:59,618
GTASA0000,GTA: SA Vita,7883,05/19/2021, 16:30:47,618
GTASA0000,GTA: SA Vita,7887,05/19/2021, 17:42:06,618
GTASA0000,GTA: SA Vita,7890,05/19/2021, 18:28:53,618
GTASA0000,GTA: SA Vita,7892,05/19/2021, 19:21:00,618
GTASA0000,GTA: SA Vita,7899,05/19/2021, 20:13:54,618
GTASA0000,GTA: SA Vita,7904,05/19/2021, 21:11:37,618
GTASA0000,GTA: SA Vita,7906,05/19/2021, 22:15:10,618
GTASA0000,GTA: SA Vita,7912,05/19/2021, 23:13:52,618
GTASA0000,GTA: SA Vita,7918,05/20/2021, 00:38:16,618
GTASA0000,GTA: SA Vita,7929,05/20/2021, 02:09:58,618
GTASA0000,GTA: SA Vita,7938,05/20/2021, 03:24:25,618
GTASA0000,GTA: SA Vita,7940,05/20/2021, 04:21:20,618
GTASA0000,GTA: SA Vita,7944,05/20/2021, 05:21:22,618
GTASA0000,GTA: SA Vita,7950,05/20/2021, 06:15:58,618
GTASA0000,GTA: SA Vita,7953,05/20/2021, 07:19:15,618
GTASA0000,GTA: SA Vita,7954,05/20/2021, 08:15:10,618
GTASA0000,GTA: SA Vita,7956,05/20/2021, 09:13:52,618
GTASA0000,GTA: SA Vita,7957,05/20/2021, 10:13:44,618
GTASA0000,GTA: SA Vita,7959,05/20/2021, 11:11:33,618
GTASA0000,GTA: SA Vita,7963,05/20/2021, 12:19:08,618
GTASA0000,GTA: SA Vita,7967,05/20/2021, 13:27:19,618
GTASA0000,GTA: SA Vita,7970,05/20/2021, 14:16:10,618
GTASA0000,GTA: SA Vita,7974,05/20/2021, 15:19:16,618
GTASA0000,GTA: SA Vita,7976,05/20/2021, 16:32:02,618
GTASA0000,GTA: SA Vita,7978,05/20/2021, 17:49:01,618
GTASA0000,GTA: SA Vita,7987,05/20/2021, 18:30:29,618
GTASA0000,GTA: SA Vita,7991,05/20/2021, 19:23:10,618
GTASA0000,GTA: SA Vita,7993,05/20/2021, 20:12:02,618
GTASA0000,GTA: SA Vita,7999,05/20/2021, 21:12:03,618
GTASA0000,GTA: SA Vita,8000,05/20/2021, 22:14:58,618
GTASA0000,GTA: SA Vita,8004,05/20/2021, 23:13:04,618
GTASA0000,GTA: SA Vita,8007,05/21/2021, 00:42:07,618
GTASA0000,GTA: SA Vita,8009,05/21/2021, 02:13:35,618
GTASA0000,GTA: SA Vita,8017,05/21/2021, 03:26:03,618
GTASA0000,GTA: SA Vita,8018,05/21/2021, 04:22:50,618
GTASA0000,GTA: SA Vita,8021,05/21/2021, 05:21:59,618
GTASA0000,GTA: SA Vita,8026,05/21/2021, 06:15:43,618
GTASA0000,GTA: SA Vita,8028,05/21/2021, 07:22:01,618
GTASA0000,GTA: SA Vita,8029,05/21/2021, 08:15:38,618
GTASA0000,GTA: SA Vita,8031,05/21/2021, 09:15:27,618
GTASA0000,GTA: SA Vita,8031,05/21/2021, 10:14:31,618
GTASA0000,GTA: SA Vita,8038,05/21/2021, 11:11:24,618
GTASA0000,GTA: SA Vita,8039,05/21/2021, 12:19:53,618
GTASA0000,GTA: SA Vita,8042,05/21/2021, 13:27:07,618
GTASA0000,GTA: SA Vita,8043,05/21/2021, 14:13:03,618
GTASA0000,GTA: SA Vita,8045,05/21/2021, 15:13:56,618
GTASA0000,GTA: SA Vita,8048,05/21/2021, 16:26:53,618
GTASA0000,GTA: SA Vita,8050,05/21/2021, 17:45:26,618
GTASA0000,GTA: SA Vita,8054,05/21/2021, 18:32:30,618
GTASA0000,GTA: SA Vita,8057,05/21/2021, 19:26:39,618
GTASA0000,GTA: SA Vita,8061,05/21/2021, 20:14:14,618
GTASA0000,GTA: SA Vita,8064,05/21/2021, 21:12:05,618
GTASA0000,GTA: SA Vita,8066,05/21/2021, 22:13:18,618
GTASA0000,GTA: SA Vita,8068,05/21/2021, 23:13:24,618
GTASA0000,GTA: SA Vita,8071,05/22/2021, 00:41:27,618
GTASA0000,GTA: SA Vita,8076,05/22/2021, 02:12:33,618
GTASA0000,GTA: SA Vita,8080,05/22/2021, 03:25:47,618
GTASA0000,GTA: SA Vita,8083,05/22/2021, 04:23:45,618
GTASA0000,GTA: SA Vita,8085,05/22/2021, 05:24:46,618
GTASA0000,GTA: SA Vita,8085,05/22/2021, 06:15:32,618
GTASA0000,GTA: SA Vita,8086,05/22/2021, 07:20:03,618
GTASA0000,GTA: SA Vita,8087,05/22/2021, 08:15:01,618
GTASA0000,GTA: SA Vita,8088,05/22/2021, 09:14:02,618
GTASA0000,GTA: SA Vita,8089,05/22/2021, 10:14:29,618
GTASA0000,GTA: SA Vita,8090,05/22/2021, 11:11:38,618
GTASA0000,GTA: SA Vita,8093,05/22/2021, 12:18:26,618
GTASA0000,GTA: SA Vita,8095,05/22/2021, 13:26:07,618
GTASA0000,GTA: SA Vita,8097,05/22/2021, 14:11:24,618
GTASA0000,GTA: SA Vita,8100,05/22/2021, 15:13:07,618
GTASA0000,GTA: SA Vita,8109,05/22/2021, 16:25:25,618
GTASA0000,GTA: SA Vita,8111,05/22/2021, 17:42:51,618
GTASA0000,GTA: SA Vita,8111,05/22/2021, 18:30:21,618
GTASA0000,GTA: SA Vita,8116,05/22/2021, 19:23:13,618
GTASA0000,GTA: SA Vita,8118,05/22/2021, 20:13:45,618
GTASA0000,GTA: SA Vita,8120,05/22/2021, 21:11:28,618
GTASA0000,GTA: SA Vita,8125,05/22/2021, 22:12:40,618
GTASA0000,GTA: SA Vita,8128,05/22/2021, 23:12:43,618
GTASA0000,GTA: SA Vita,8131,05/23/2021, 00:47:19,618
GTASA0000,GTA: SA Vita,8133,05/23/2021, 02:24:15,618
GTASA0000,GTA: SA Vita,8141,05/23/2021, 03:36:39,618
GTASA0000,GTA: SA Vita,8142,05/23/2021, 04:29:04,618
GTASA0000,GTA: SA Vita,8147,05/23/2021, 05:26:11,618
GTASA0000,GTA: SA Vita,8148,05/23/2021, 06:16:11,618
GTASA0000,GTA: SA Vita,8148,05/23/2021, 07:19:51,618
GTASA0000,GTA: SA Vita,8150,05/23/2021, 08:14:36,618
GTASA0000,GTA: SA Vita,8150,05/23/2021, 09:13:30,618
GTASA0000,GTA: SA Vita,8154,05/23/2021, 10:13:47,618
GTASA0000,GTA: SA Vita,8157,05/23/2021, 11:10:46,618
GTASA0000,GTA: SA Vita,8160,05/23/2021, 12:18:39,618
GTASA0000,GTA: SA Vita,8164,05/23/2021, 13:27:18,618
GTASA0000,GTA: SA Vita,8165,05/23/2021, 14:11:51,618
GTASA0000,GTA: SA Vita,8167,05/23/2021, 15:13:20,618
GTASA0000,GTA: SA Vita,8169,05/23/2021, 16:25:39,618
GTASA0000,GTA: SA Vita,8172,05/23/2021, 17:42:00,618
GTASA0000,GTA: SA Vita,8177,05/23/2021, 18:28:05,618
GTASA0000,GTA: SA Vita,8178,05/23/2021, 19:21:33,618
GTASA0000,GTA: SA Vita,8179,05/23/2021, 20:14:19,618
GTASA0000,GTA: SA Vita,8182,05/23/2021, 21:11:37,618
GTASA0000,GTA: SA Vita,8185,05/23/2021, 22:12:51,618
GTASA0000,GTA: SA Vita,8185,05/23/2021, 23:13:08,618
GTASA0000,GTA: SA Vita,8187,05/24/2021, 00:44:40,618
GTASA0000,GTA: SA Vita,8192,05/24/2021, 02:22:30,618
GTASA0000,GTA: SA Vita,8196,05/24/2021, 03:33:59,618
GTASA0000,GTA: SA Vita,8197,05/24/2021, 04:27:35,618
GTASA0000,GTA: SA Vita,8200,05/24/2021, 05:26:52,618
GTASA0000,GTA: SA Vita,8201,05/24/2021, 06:18:10,618
GTASA0000,GTA: SA Vita,8202,05/24/2021, 07:22:16,618
GTASA0000,GTA: SA Vita,8202,05/24/2021, 08:15:08,618
GTASA0000,GTA: SA Vita,8202,05/24/2021, 09:15:50,618
GTASA0000,GTA: SA Vita,8204,05/24/2021, 10:17:39,618
GTASA0000,GTA: SA Vita,8204,05/24/2021, 11:15:58,618
GTASA0000,GTA: SA Vita,8204,05/24/2021, 12:20:10,618
GTASA0000,GTA: SA Vita,8207,05/24/2021, 13:31:26,618
GTASA0000,GTA: SA Vita,8208,05/24/2021, 14:16:50,618
GTASA0000,GTA: SA Vita,8208,05/24/2021, 15:14:20,618
GTASA0000,GTA: SA Vita,8215,05/24/2021, 16:32:10,618
GTASA0000,GTA: SA Vita,8216,05/24/2021, 17:52:19,618
GTASA0000,GTA: SA Vita,8218,05/24/2021, 18:35:49,618
GTASA0000,GTA: SA Vita,8218,05/24/2021, 19:31:54,618
GTASA0000,GTA: SA Vita,8218,05/24/2021, 20:14:46,618
GTASA0000,GTA: SA Vita,8221,05/24/2021, 21:12:26,618
GTASA0000,GTA: SA Vita,8223,05/24/2021, 22:14:24,618
GTASA0000,GTA: SA Vita,8224,05/24/2021, 23:12:52,618
GTASA0000,GTA: SA Vita,8227,05/25/2021, 00:43:43,618
GTASA0000,GTA: SA Vita,8231,05/25/2021, 02:24:32,618
GTASA0000,GTA: SA Vita,8235,05/25/2021, 03:42:21,618
GTASA0000,GTA: SA Vita,8238,05/25/2021, 04:34:53,618
GTASA0000,GTA: SA Vita,8241,05/25/2021, 05:36:27,618
GTASA0000,GTA: SA Vita,8243,05/25/2021, 06:26:09,618
GTASA0000,GTA: SA Vita,8244,05/25/2021, 07:28:29,618
GTASA0000,GTA: SA Vita,8245,05/25/2021, 08:21:36,618
GTASA0000,GTA: SA Vita,8246,05/25/2021, 09:23:41,618
GTASA0000,GTA: SA Vita,8247,05/25/2021, 10:25:55,618
GTASA0000,GTA: SA Vita,8248,05/25/2021, 11:19:54,618
GTASA0000,GTA: SA Vita,8248,05/25/2021, 12:21:28,618
GTASA0000,GTA: SA Vita,8249,05/25/2021, 13:35:49,618
GTASA0000,GTA: SA Vita,8249,05/25/2021, 14:24:58,618
GTASA0000,GTA: SA Vita,8250,05/25/2021, 15:14:26,618
GTASA0000,GTA: SA Vita,8252,05/25/2021, 16:36:03,618
GTASA0000,GTA: SA Vita,8255,05/25/2021, 18:02:07,618
GTASA0000,GTA: SA Vita,8258,05/25/2021, 19:32:22,618
GTASA0000,GTA: SA Vita,8261,05/25/2021, 20:16:10,618
GTASA0000,GTA: SA Vita,8265,05/25/2021, 21:11:52,618
GTASA0000,GTA: SA Vita,8267,05/25/2021, 22:15:16,618
GTASA0000,GTA: SA Vita,8268,05/25/2021, 23:18:40,618
GTASA0000,GTA: SA Vita,8274,05/26/2021, 00:52:52,618
GTASA0000,GTA: SA Vita,8279,05/26/2021, 02:51:14,618
GTASA0000,GTA: SA Vita,8282,05/26/2021, 04:09:05,618
GTASA0000,GTA: SA Vita,8284,05/26/2021, 05:44:40,618
GTASA0000,GTA: SA Vita,8288,05/26/2021, 06:34:13,618
GTASA0000,GTA: SA Vita,8288,05/26/2021, 07:39:12,618
GTASA0000,GTA: SA Vita,8290,05/26/2021, 08:27:46,618
GTASA0000,GTA: SA Vita,8293,05/26/2021, 09:24:24,618
GTASA0000,GTA: SA Vita,8295,05/26/2021, 10:26:01,618
GTASA0000,GTA: SA Vita,8297,05/26/2021, 11:23:15,618
GTASA0000,GTA: SA Vita,8298,05/26/2021, 12:23:51,618
GTASA0000,GTA: SA Vita,8302,05/26/2021, 13:42:25,618
GTASA0000,GTA: SA Vita,8306,05/26/2021, 14:31:56,618
GTASA0000,GTA: SA Vita,8306,05/26/2021, 15:17:11,618
GTASA0000,GTA: SA Vita,8308,05/26/2021, 16:41:17,618
GTASA0000,GTA: SA Vita,8310,05/26/2021, 18:16:57,618
GTASA0000,GTA: SA Vita,8315,05/26/2021, 19:48:09,618
GTASA0000,GTA: SA Vita,8316,05/26/2021, 20:28:07,618
GTASA0000,GTA: SA Vita,8318,05/26/2021, 21:18:05,618
GTASA0000,GTA: SA Vita,8320,05/26/2021, 22:18:54,618
GTASA0000,GTA: SA Vita,8323,05/26/2021, 23:20:44,618
GTASA0000,GTA: SA Vita,8325,05/27/2021, 00:55:57,618
GTASA0000,GTA: SA Vita,8326,05/27/2021, 03:12:12,618
GTASA0000,GTA: SA Vita,8328,05/27/2021, 04:57:18,618
GTASA0000,GTA: SA Vita,8330,05/27/2021, 05:58:54,618
GTASA0000,GTA: SA Vita,8331,05/27/2021, 06:57:28,618
GTASA0000,GTA: SA Vita,8332,05/27/2021, 07:56:13,618
GTASA0000,GTA: SA Vita,8334,05/27/2021, 08:44:03,618
GTASA0000,GTA: SA Vita,8336,05/27/2021, 09:37:41,618
GTASA0000,GTA: SA Vita,8338,05/27/2021, 10:34:29,618
GTASA0000,GTA: SA Vita,8339,05/27/2021, 11:31:58,618
GTASA0000,GTA: SA Vita,8342,05/27/2021, 12:36:29,618
GTASA0000,GTA: SA Vita,8344,05/27/2021, 13:47:46,618
GTASA0000,GTA: SA Vita,8346,05/27/2021, 14:33:34,618
GTASA0000,GTA: SA Vita,8348,05/27/2021, 15:28:51,618
GTASA0000,GTA: SA Vita,8349,05/27/2021, 16:52:49,618
GTASA0000,GTA: SA Vita,8354,05/27/2021, 18:28:35,618
GTASA0000,GTA: SA Vita,8361,05/27/2021, 19:51:54,618
GTASA0000,GTA: SA Vita,8363,05/27/2021, 20:24:28,618
GTASA0000,GTA: SA Vita,8366,05/27/2021, 21:17:42,618
GTASA0000,GTA: SA Vita,8370,05/27/2021, 22:20:49,618
GTASA0000,GTA: SA Vita,8373,05/27/2021, 23:23:33,618
GTASA0000,GTA: SA Vita,8377,05/28/2021, 01:02:16,618
GTASA0000,GTA: SA Vita,8384,05/28/2021, 04:05:59,618
GTASA0000,GTA: SA Vita,8387,05/28/2021, 06:15:57,618
GTASA0000,GTA: SA Vita,8391,05/28/2021, 07:53:14,618
GTASA0000,GTA: SA Vita,8392,05/28/2021, 08:43:01,618
GTASA0000,GTA: SA Vita,8396,05/28/2021, 09:36:35,618
GTASA0000,GTA: SA Vita,8398,05/28/2021, 10:40:34,618
GTASA0000,GTA: SA Vita,8401,05/28/2021, 11:40:02,618
GTASA0000,GTA: SA Vita,8403,05/28/2021, 12:40:30,618
GTASA0000,GTA: SA Vita,8406,05/28/2021, 13:56:24,618
GTASA0000,GTA: SA Vita,8407,05/28/2021, 14:35:03,618
GTASA0000,GTA: SA Vita,8407,05/28/2021, 15:20:10,618
GTASA0000,GTA: SA Vita,8412,05/28/2021, 16:51:15,618
GTASA0000,GTA: SA Vita,8418,05/28/2021, 18:43:21,618
GTASA0000,GTA: SA Vita,8418,05/28/2021, 20:07:45,618
GTASA0000,GTA: SA Vita,8423,05/28/2021, 21:21:32,618
GTASA0000,GTA: SA Vita,8426,05/28/2021, 22:23:54,618
GTASA0000,GTA: SA Vita,8428,05/28/2021, 23:28:01,618
GTASA0000,GTA: SA Vita,8434,05/29/2021, 01:14:11,618
GTASA0000,GTA: SA Vita,8444,05/29/2021, 04:36:25,618
GTASA0000,GTA: SA Vita,8453,05/29/2021, 06:44:47,618
GTASA0000,GTA: SA Vita,8454,05/29/2021, 08:19:45,618
GTASA0000,GTA: SA Vita,8455,05/29/2021, 09:47:25,618
GTASA0000,GTA: SA Vita,8456,05/29/2021, 10:43:13,618
GTASA0000,GTA: SA Vita,8459,05/29/2021, 11:39:18,618
GTASA0000,GTA: SA Vita,8460,05/29/2021, 12:39:19,618
GTASA0000,GTA: SA Vita,8465,05/29/2021, 14:06:55,618
GTASA0000,GTA: SA Vita,8468,05/29/2021, 15:21:41,618
GTASA0000,GTA: SA Vita,8472,05/29/2021, 16:56:14,618
GTASA0000,GTA: SA Vita,8476,05/29/2021, 18:49:12,618
GTASA0000,GTA: SA Vita,8478,05/29/2021, 20:13:29,618
GTASA0000,GTA: SA Vita,8482,05/29/2021, 21:25:57,618
GTASA0000,GTA: SA Vita,8482,05/29/2021, 22:26:08,618
GTASA0000,GTA: SA Vita,8482,05/29/2021, 23:28:26,618
GTASA0000,GTA: SA Vita,8489,05/30/2021, 01:22:21,618
GTASA0000,GTA: SA Vita,8497,05/30/2021, 04:40:08,618
GTASA0000,GTA: SA Vita,8501,05/30/2021, 06:38:38,618
GTASA0000,GTA: SA Vita,8505,05/30/2021, 08:06:21,618
GTASA0000,GTA: SA Vita,8505,05/30/2021, 09:39:07,618
GTASA0000,GTA: SA Vita,8506,05/30/2021, 10:41:55,618
GTASA0000,GTA: SA Vita,8507,05/30/2021, 11:40:50,618
GTASA0000,GTA: SA Vita,8507,05/30/2021, 12:40:37,618
GTASA0000,GTA: SA Vita,8511,05/30/2021, 14:05:48,618
GTASA0000,GTA: SA Vita,8517,05/30/2021, 15:21:55,618
GTASA0000,GTA: SA Vita,8521,05/30/2021, 16:55:26,618
GTASA0000,GTA: SA Vita,8525,05/30/2021, 18:44:44,618
GTASA0000,GTA: SA Vita,8528,05/30/2021, 20:11:59,618
GTASA0000,GTA: SA Vita,8561,05/30/2021, 21:28:04,618
GTASA0000,GTA: SA Vita,8567,05/30/2021, 22:28:22,618
GTASA0000,GTA: SA Vita,8576,05/30/2021, 23:32:20,618
GTASA0000,GTA: SA Vita,8595,05/31/2021, 01:35:32,618
GTASA0000,GTA: SA Vita,8618,05/31/2021, 04:47:57,618
GTASA0000,GTA: SA Vita,8634,05/31/2021, 06:47:12,618
GTASA0000,GTA: SA Vita,8638,05/31/2021, 08:31:55,618
GTASA0000,GTA: SA Vita,8646,05/31/2021, 09:56:57,618
GTASA0000,GTA: SA Vita,8651,05/31/2021, 10:55:53,618
GTASA0000,GTA: SA Vita,8655,05/31/2021, 11:56:50,618
GTASA0000,GTA: SA Vita,8658,05/31/2021, 12:55:42,618
GTASA0000,GTA: SA Vita,8666,05/31/2021, 14:08:52,618
GTASA0000,GTA: SA Vita,8671,05/31/2021, 15:29:10,618
GTASA0000,GTA: SA Vita,8682,05/31/2021, 17:13:16,618
GTASA0000,GTA: SA Vita,8693,05/31/2021, 19:37:20,618
GTASA0000,GTA: SA Vita,8703,05/31/2021, 21:06:51,618
GTASA0000,GTA: SA Vita,8708,05/31/2021, 22:38:50,618
GTASA0000,GTA: SA Vita,8711,05/31/2021, 23:40:42,618
GTASA0000,GTA: SA Vita,8720,06/01/2021, 01:52:29,618
GTASA0000,GTA: SA Vita,8733,06/01/2021, 05:21:42,618
GTASA0000,GTA: SA Vita,8744,06/01/2021, 07:43:36,618
GTASA0000,GTA: SA Vita,8749,06/01/2021, 09:15:32,618
GTASA0000,GTA: SA Vita,8755,06/01/2021, 10:54:55,618
GTASA0000,GTA: SA Vita,8755,06/01/2021, 11:52:11,618
GTASA0000,GTA: SA Vita,8755,06/01/2021, 12:56:26,618
GTASA0000,GTA: SA Vita,8758,06/01/2021, 14:25:14,618
GTASA0000,GTA: SA Vita,8762,06/01/2021, 15:43:48,618
GTASA0000,GTA: SA Vita,8767,06/01/2021, 17:36:56,618
GTASA0000,GTA: SA Vita,8772,06/01/2021, 20:23:25,618
GTASA0000,GTA: SA Vita,8777,06/01/2021, 22:11:11,618
GTASA0000,GTA: SA Vita,8782,06/01/2021, 23:45:12,618
GTASA0000,GTA: SA Vita,8786,06/02/2021, 02:00:15,618
GTASA0000,GTA: SA Vita,8798,06/02/2021, 05:24:22,618
GTASA0000,GTA: SA Vita,8803,06/02/2021, 07:46:55,618
GTASA0000,GTA: SA Vita,8809,06/02/2021, 09:49:56,618
GTASA0000,GTA: SA Vita,8810,06/02/2021, 11:19:09,618
GTASA0000,GTA: SA Vita,8815,06/02/2021, 12:56:59,618
GTASA0000,GTA: SA Vita,8819,06/02/2021, 14:40:29,618
GTASA0000,GTA: SA Vita,8824,06/02/2021, 15:56:56,618
GTASA0000,GTA: SA Vita,8832,06/02/2021, 17:53:24,618
GTASA0000,GTA: SA Vita,8843,06/02/2021, 20:21:21,618
GTASA0000,GTA: SA Vita,8850,06/02/2021, 22:09:46,618
GTASA0000,GTA: SA Vita,8855,06/02/2021, 23:43:08,618
GTASA0000,GTA: SA Vita,8868,06/03/2021, 01:39:27,618
GTASA0000,GTA: SA Vita,8882,06/03/2021, 04:48:19,618
GTASA0000,GTA: SA Vita,8888,06/03/2021, 06:46:43,618
GTASA0000,GTA: SA Vita,8894,06/03/2021, 08:24:35,618
GTASA0000,GTA: SA Vita,8896,06/03/2021, 09:55:46,618
GTASA0000,GTA: SA Vita,8896,06/03/2021, 10:52:29,618
GTASA0000,GTA: SA Vita,8897,06/03/2021, 11:53:37,618
GTASA0000,GTA: SA Vita,8898,06/03/2021, 12:40:52,618
GTASA0000,GTA: SA Vita,8904,06/03/2021, 14:03:39,618
GTASA0000,GTA: SA Vita,8916,06/03/2021, 15:28:30,618
GTASA0000,GTA: SA Vita,8922,06/03/2021, 17:19:52,618
GTASA0000,GTA: SA Vita,8933,06/03/2021, 19:45:27,618
GTASA0000,GTA: SA Vita,8937,06/03/2021, 21:11:19,618
GTASA0000,GTA: SA Vita,8945,06/03/2021, 22:45:28,618
GTASA0000,GTA: SA Vita,8947,06/03/2021, 23:49:14,618
GTASA0000,GTA: SA Vita,8953,06/04/2021, 01:24:36,618
GTASA0000,GTA: SA Vita,8958,06/04/2021, 04:06:49,618
GTASA0000,GTA: SA Vita,8963,06/04/2021, 06:47:36,618
GTASA0000,GTA: SA Vita,8967,06/04/2021, 08:49:07,618
GTASA0000,GTA: SA Vita,8977,06/04/2021, 10:17:58,618
GTASA0000,GTA: SA Vita,8986,06/04/2021, 12:05:46,618
GTASA0000,GTA: SA Vita,8993,06/04/2021, 14:19:19,618
GTASA0000,GTA: SA Vita,8998,06/04/2021, 15:41:27,618
GTASA0000,GTA: SA Vita,9000,06/04/2021, 17:21:13,618
GTASA0000,GTA: SA Vita,9013,06/04/2021, 19:33:41,618
GTASA0000,GTA: SA Vita,9023,06/04/2021, 21:03:13,618
GTASA0000,GTA: SA Vita,9048,06/04/2021, 22:36:05,618
GTASA0000,GTA: SA Vita,9052,06/04/2021, 23:37:28,618
GTASA0000,GTA: SA Vita,9067,06/05/2021, 01:05:25,618
GTASA0000,GTA: SA Vita,9084,06/05/2021, 03:35:01,618
GTASA0000,GTA: SA Vita,9090,06/05/2021, 05:11:33,618
GTASA0000,GTA: SA Vita,9096,06/05/2021, 06:47:51,618
GTASA0000,GTA: SA Vita,9101,06/05/2021, 07:49:52,618
GTASA0000,GTA: SA Vita,9108,06/05/2021, 08:39:30,618
GTASA0000,GTA: SA Vita,9112,06/05/2021, 09:37:29,618
GTASA0000,GTA: SA Vita,9113,06/05/2021, 10:42:24,618
GTASA0000,GTA: SA Vita,9117,06/05/2021, 11:40:55,618
GTASA0000,GTA: SA Vita,9124,06/05/2021, 12:40:31,618
GTASA0000,GTA: SA Vita,9129,06/05/2021, 14:01:01,618
GTASA0000,GTA: SA Vita,9136,06/05/2021, 15:19:47,618
GTASA0000,GTA: SA Vita,9142,06/05/2021, 16:48:23,618
GTASA0000,GTA: SA Vita,9148,06/05/2021, 18:20:03,618
GTASA0000,GTA: SA Vita,9160,06/05/2021, 19:52:52,618
GTASA0000,GTA: SA Vita,9163,06/05/2021, 20:24:40,618
GTASA0000,GTA: SA Vita,9163,06/05/2021, 21:18:44,618
GTASA0000,GTA: SA Vita,9168,06/05/2021, 22:21:44,618
GTASA0000,GTA: SA Vita,9170,06/05/2021, 23:24:23,618
GTASA0000,GTA: SA Vita,9175,06/06/2021, 00:57:37,618
GTASA0000,GTA: SA Vita,9181,06/06/2021, 03:04:04,618
GTASA0000,GTA: SA Vita,9191,06/06/2021, 05:04:54,618
GTASA0000,GTA: SA Vita,9193,06/06/2021, 06:41:26,618
GTASA0000,GTA: SA Vita,9196,06/06/2021, 07:52:34,618
GTASA0000,GTA: SA Vita,9198,06/06/2021, 08:42:58,618
GTASA0000,GTA: SA Vita,9198,06/06/2021, 09:38:17,618
GTASA0000,GTA: SA Vita,9198,06/06/2021, 10:41:00,618
GTASA0000,GTA: SA Vita,9199,06/06/2021, 11:40:19,618
GTASA0000,GTA: SA Vita,9200,06/06/2021, 12:40:43,618
GTASA0000,GTA: SA Vita,9203,06/06/2021, 14:03:17,618
GTASA0000,GTA: SA Vita,9206,06/06/2021, 15:20:02,618
GTASA0000,GTA: SA Vita,9209,06/06/2021, 16:44:38,618
GTASA0000,GTA: SA Vita,9214,06/06/2021, 18:17:24,618
GTASA0000,GTA: SA Vita,9216,06/06/2021, 19:54:41,618
GTASA0000,GTA: SA Vita,9217,06/06/2021, 20:27:16,618
GTASA0000,GTA: SA Vita,9219,06/06/2021, 21:19:33,618
GTASA0000,GTA: SA Vita,9235,06/06/2021, 22:21:10,618
GTASA0000,GTA: SA Vita,9240,06/06/2021, 23:23:59,618
GTASA0000,GTA: SA Vita,9245,06/07/2021, 00:58:47,618
GTASA0000,GTA: SA Vita,9250,06/07/2021, 03:17:57,618
GTASA0000,GTA: SA Vita,9254,06/07/2021, 05:30:51,618
GTASA0000,GTA: SA Vita,9256,06/07/2021, 07:29:10,618
GTASA0000,GTA: SA Vita,9260,06/07/2021, 09:19:49,618
GTASA0000,GTA: SA Vita,9264,06/07/2021, 10:59:24,618
GTASA0000,GTA: SA Vita,9267,06/07/2021, 11:56:35,618
GTASA0000,GTA: SA Vita,9270,06/07/2021, 13:03:02,618
GTASA0000,GTA: SA Vita,9280,06/07/2021, 14:31:06,618
GTASA0000,GTA: SA Vita,9284,06/07/2021, 15:39:49,618
GTASA0000,GTA: SA Vita,9296,06/07/2021, 17:13:00,618
GTASA0000,GTA: SA Vita,9310,06/07/2021, 19:42:42,618
GTASA0000,GTA: SA Vita,9325,06/07/2021, 21:10:52,618
GTASA0000,GTA: SA Vita,9334,06/07/2021, 22:37:04,618
GTASA0000,GTA: SA Vita,9338,06/07/2021, 23:33:17,618
GTASA0000,GTA: SA Vita,9342,06/08/2021, 00:57:32,618
GTASA0000,GTA: SA Vita,9348,06/08/2021, 02:51:42,618
GTASA0000,GTA: SA Vita,9355,06/08/2021, 04:00:06,618
GTASA0000,GTA: SA Vita,9357,06/08/2021, 05:07:26,618
GTASA0000,GTA: SA Vita,9362,06/08/2021, 06:27:02,618
GTASA0000,GTA: SA Vita,9365,06/08/2021, 07:26:45,618
GTASA0000,GTA: SA Vita,9365,06/08/2021, 08:17:22,618
GTASA0000,GTA: SA Vita,9366,06/08/2021, 09:19:54,618
GTASA0000,GTA: SA Vita,9368,06/08/2021, 11:14:24,618
GTASA0000,GTA: SA Vita,9374,06/08/2021, 12:21:55,618
GTASA0000,GTA: SA Vita,9375,06/08/2021, 13:30:28,618
GTASA0000,GTA: SA Vita,9379,06/08/2021, 14:17:41,618
GTASA0000,GTA: SA Vita,9380,06/08/2021, 15:16:36,618
GTASA0000,GTA: SA Vita,9385,06/08/2021, 16:31:55,618
GTASA0000,GTA: SA Vita,9387,06/08/2021, 17:51:09,618
GTASA0000,GTA: SA Vita,9387,06/08/2021, 18:38:07,618
GTASA0000,GTA: SA Vita,9387,06/08/2021, 19:35:11,618
GTASA0000,GTA: SA Vita,9390,06/08/2021, 20:17:39,618
GTASA0000,GTA: SA Vita,9394,06/08/2021, 21:11:07,618
GTASA0000,GTA: SA Vita,9396,06/08/2021, 22:12:00,618
GTASA0000,GTA: SA Vita,9398,06/08/2021, 23:12:24,618
GTASA0000,GTA: SA Vita,9402,06/09/2021, 00:39:37,618
GTASA0000,GTA: SA Vita,9405,06/09/2021, 02:17:55,618
GTASA0000,GTA: SA Vita,9407,06/09/2021, 03:36:06,618
GTASA0000,GTA: SA Vita,9408,06/09/2021, 04:33:36,618
GTASA0000,GTA: SA Vita,9412,06/09/2021, 05:35:32,618
GTASA0000,GTA: SA Vita,9414,06/09/2021, 06:22:53,618
GTASA0000,GTA: SA Vita,9415,06/09/2021, 07:24:03,618
GTASA0000,GTA: SA Vita,9415,06/09/2021, 08:12:46,618
GTASA0000,GTA: SA Vita,9417,06/09/2021, 09:15:51,618
GTASA0000,GTA: SA Vita,9419,06/09/2021, 10:13:06,618
GTASA0000,GTA: SA Vita,9419,06/09/2021, 11:11:01,618
GTASA0000,GTA: SA Vita,9419,06/09/2021, 12:17:13,618
GTASA0000,GTA: SA Vita,9419,06/09/2021, 13:27:47,618
GTASA0000,GTA: SA Vita,9420,06/09/2021, 14:18:58,618
GTASA0000,GTA: SA Vita,9422,06/09/2021, 15:14:49,618
GTASA0000,GTA: SA Vita,9423,06/09/2021, 16:29:49,618
GTASA0000,GTA: SA Vita,9426,06/09/2021, 17:40:38,618
GTASA0000,GTA: SA Vita,9428,06/09/2021, 18:30:54,618
GTASA0000,GTA: SA Vita,9429,06/09/2021, 19:24:27,618
GTASA0000,GTA: SA Vita,9432,06/09/2021, 20:10:54,618
GTASA0000,GTA: SA Vita,9434,06/09/2021, 21:10:23,618
GTASA0000,GTA: SA Vita,9440,06/09/2021, 22:11:52,618
GTASA0000,GTA: SA Vita,9443,06/09/2021, 23:12:17,618
GTASA0000,GTA: SA Vita,9444,06/10/2021, 00:37:54,618
GTASA0000,GTA: SA Vita,9449,06/10/2021, 02:14:18,618
GTASA0000,GTA: SA Vita,9452,06/10/2021, 03:29:18,618
GTASA0000,GTA: SA Vita,9456,06/10/2021, 04:28:10,618
GTASA0000,GTA: SA Vita,9456,06/10/2021, 05:30:17,618
GTASA0000,GTA: SA Vita,9457,06/10/2021, 06:18:39,618
GTASA0000,GTA: SA Vita,9458,06/10/2021, 07:20:44,618
GTASA0000,GTA: SA Vita,9459,06/10/2021, 08:17:50,618
GTASA0000,GTA: SA Vita,9461,06/10/2021, 09:16:07,618
GTASA0000,GTA: SA Vita,9461,06/10/2021, 10:17:50,618
GTASA0000,GTA: SA Vita,9462,06/10/2021, 11:10:23,618
GTASA0000,GTA: SA Vita,9462,06/10/2021, 12:21:44,618
GTASA0000,GTA: SA Vita,9467,06/10/2021, 13:29:50,618
GTASA0000,GTA: SA Vita,9469,06/10/2021, 14:14:03,618
GTASA0000,GTA: SA Vita,9474,06/10/2021, 15:17:49,618
GTASA0000,GTA: SA Vita,9478,06/10/2021, 16:25:20,618
GTASA0000,GTA: SA Vita,9482,06/10/2021, 17:41:28,618
GTASA0000,GTA: SA Vita,9484,06/10/2021, 18:29:28,618
GTASA0000,GTA: SA Vita,9488,06/10/2021, 19:21:40,618
GTASA0000,GTA: SA Vita,9489,06/10/2021, 20:11:08,618
GTASA0000,GTA: SA Vita,9492,06/10/2021, 21:10:37,618
GTASA0000,GTA: SA Vita,9495,06/10/2021, 22:11:15,618
GTASA0000,GTA: SA Vita,9501,06/10/2021, 23:11:19,618
GTASA0000,GTA: SA Vita,9503,06/11/2021, 00:35:35,618
GTASA0000,GTA: SA Vita,9508,06/11/2021, 02:02:37,618
GTASA0000,GTA: SA Vita,9509,06/11/2021, 03:19:53,618
GTASA0000,GTA: SA Vita,9511,06/11/2021, 04:15:27,618
GTASA0000,GTA: SA Vita,9514,06/11/2021, 05:17:23,618
GTASA0000,GTA: SA Vita,9516,06/11/2021, 06:13:20,618
GTASA0000,GTA: SA Vita,9517,06/11/2021, 07:14:30,618
GTASA0000,GTA: SA Vita,9518,06/11/2021, 08:14:22,618
GTASA0000,GTA: SA Vita,9520,06/11/2021, 09:15:48,618
GTASA0000,GTA: SA Vita,9522,06/11/2021, 10:13:23,618
GTASA0000,GTA: SA Vita,9523,06/11/2021, 11:09:30,618
GTASA0000,GTA: SA Vita,9523,06/11/2021, 12:15:22,618
GTASA0000,GTA: SA Vita,9523,06/11/2021, 13:22:46,618
GTASA0000,GTA: SA Vita,9525,06/11/2021, 14:11:04,618
GTASA0000,GTA: SA Vita,9526,06/11/2021, 15:16:51,618
GTASA0000,GTA: SA Vita,9529,06/11/2021, 16:20:44,618
GTASA0000,GTA: SA Vita,9530,06/11/2021, 17:28:27,618
GTASA0000,GTA: SA Vita,9532,06/11/2021, 18:15:03,618
GTASA0000,GTA: SA Vita,9535,06/11/2021, 19:10:24,618
GTASA0000,GTA: SA Vita,9537,06/11/2021, 20:10:42,618
GTASA0000,GTA: SA Vita,9538,06/11/2021, 21:09:52,618
GTASA0000,GTA: SA Vita,9539,06/11/2021, 22:11:34,618
GTASA0000,GTA: SA Vita,9542,06/11/2021, 23:11:21,618
GTASA0000,GTA: SA Vita,9543,06/12/2021, 00:31:00,618
GTASA0000,GTA: SA Vita,9551,06/12/2021, 01:52:23,618
GTASA0000,GTA: SA Vita,9552,06/12/2021, 02:29:41,618
GTASA0000,GTA: SA Vita,9554,06/12/2021, 03:13:40,618
GTASA0000,GTA: SA Vita,9559,06/12/2021, 04:13:24,618
GTASA0000,GTA: SA Vita,9559,06/12/2021, 05:13:57,618
GTASA0000,GTA: SA Vita,9564,06/12/2021, 06:12:51,618
GTASA0000,GTA: SA Vita,9565,06/12/2021, 07:13:12,618
GTASA0000,GTA: SA Vita,9567,06/12/2021, 08:11:35,618
GTASA0000,GTA: SA Vita,9568,06/12/2021, 09:10:34,618
GTASA0000,GTA: SA Vita,9569,06/12/2021, 10:11:49,618
GTASA0000,GTA: SA Vita,9570,06/12/2021, 11:09:34,618
GTASA0000,GTA: SA Vita,9572,06/12/2021, 12:15:04,618
GTASA0000,GTA: SA Vita,9577,06/12/2021, 13:21:23,618
GTASA0000,GTA: SA Vita,9580,06/12/2021, 14:09:50,618
GTASA0000,GTA: SA Vita,9584,06/12/2021, 15:11:55,618
GTASA0000,GTA: SA Vita,9586,06/12/2021, 16:18:46,618
GTASA0000,GTA: SA Vita,9592,06/12/2021, 17:25:30,618
GTASA0000,GTA: SA Vita,9593,06/12/2021, 18:12:25,618
GTASA0000,GTA: SA Vita,9596,06/12/2021, 19:11:50,618
GTASA0000,GTA: SA Vita,9603,06/12/2021, 20:11:21,618
GTASA0000,GTA: SA Vita,9612,06/12/2021, 21:09:53,618
GTASA0000,GTA: SA Vita,9618,06/12/2021, 22:10:42,618
GTASA0000,GTA: SA Vita,9622,06/12/2021, 23:10:48,618
GTASA0000,GTA: SA Vita,9629,06/13/2021, 00:37:05,618
GTASA0000,GTA: SA Vita,9634,06/13/2021, 01:59:52,618
GTASA0000,GTA: SA Vita,9636,06/13/2021, 02:41:31,618
GTASA0000,GTA: SA Vita,9636,06/13/2021, 03:14:24,618
GTASA0000,GTA: SA Vita,9636,06/13/2021, 04:13:26,618
GTASA0000,GTA: SA Vita,9639,06/13/2021, 05:14:05,618
GTASA0000,GTA: SA Vita,9641,06/13/2021, 06:13:06,618
GTASA0000,GTA: SA Vita,9642,06/13/2021, 07:13:29,618
GTASA0000,GTA: SA Vita,9643,06/13/2021, 08:11:38,618
GTASA0000,GTA: SA Vita,9644,06/13/2021, 09:10:53,618
GTASA0000,GTA: SA Vita,9644,06/13/2021, 10:12:08,618
GTASA0000,GTA: SA Vita,9648,06/13/2021, 11:09:22,618
GTASA0000,GTA: SA Vita,9653,06/13/2021, 12:15:32,618
GTASA0000,GTA: SA Vita,9654,06/13/2021, 13:22:31,618
GTASA0000,GTA: SA Vita,9657,06/13/2021, 14:09:50,618
GTASA0000,GTA: SA Vita,9661,06/13/2021, 15:11:43,618
GTASA0000,GTA: SA Vita,9663,06/13/2021, 16:18:52,618
GTASA0000,GTA: SA Vita,9667,06/13/2021, 17:25:28,618
GTASA0000,GTA: SA Vita,9670,06/13/2021, 18:12:19,618
GTASA0000,GTA: SA Vita,9673,06/13/2021, 19:11:26,618
GTASA0000,GTA: SA Vita,9676,06/13/2021, 20:10:38,618
GTASA0000,GTA: SA Vita,9678,06/13/2021, 21:10:04,618
GTASA0000,GTA: SA Vita,9682,06/13/2021, 22:10:51,618
GTASA0000,GTA: SA Vita,9684,06/13/2021, 23:11:07,618
GTASA0000,GTA: SA Vita,9688,06/14/2021, 00:33:24,618
GTASA0000,GTA: SA Vita,9692,06/14/2021, 01:59:09,618
GTASA0000,GTA: SA Vita,9696,06/14/2021, 02:41:43,618
GTASA0000,GTA: SA Vita,9697,06/14/2021, 03:15:13,618
GTASA0000,GTA: SA Vita,9700,06/14/2021, 04:14:19,618
GTASA0000,GTA: SA Vita,9700,06/14/2021, 05:15:15,618
GTASA0000,GTA: SA Vita,9700,06/14/2021, 06:13:34,618
GTASA0000,GTA: SA Vita,9703,06/14/2021, 07:15:54,618
GTASA0000,GTA: SA Vita,9703,06/14/2021, 08:17:03,618
GTASA0000,GTA: SA Vita,9709,06/14/2021, 09:15:52,618
GTASA0000,GTA: SA Vita,9713,06/14/2021, 10:16:53,618
GTASA0000,GTA: SA Vita,9715,06/14/2021, 11:09:42,618
GTASA0000,GTA: SA Vita,9718,06/14/2021, 12:16:05,618
GTASA0000,GTA: SA Vita,9722,06/14/2021, 13:27:53,618
GTASA0000,GTA: SA Vita,9726,06/14/2021, 14:14:58,618
GTASA0000,GTA: SA Vita,9732,06/14/2021, 15:16:52,618
GTASA0000,GTA: SA Vita,9734,06/14/2021, 16:19:57,618
GTASA0000,GTA: SA Vita,9740,06/14/2021, 17:26:47,618
GTASA0000,GTA: SA Vita,9758,06/14/2021, 18:13:23,618
GTASA0000,GTA: SA Vita,9777,06/14/2021, 19:10:26,618
GTASA0000,GTA: SA Vita,9785,06/14/2021, 20:11:03,618
GTASA0000,GTA: SA Vita,9792,06/14/2021, 21:10:13,618
GTASA0000,GTA: SA Vita,9802,06/14/2021, 22:12:13,618
GTASA0000,GTA: SA Vita,9812,06/14/2021, 23:11:27,618
GTASA0000,GTA: SA Vita,9826,06/15/2021, 00:35:00,618
GTASA0000,GTA: SA Vita,9834,06/15/2021, 02:06:40,618
GTASA0000,GTA: SA Vita,9847,06/15/2021, 03:16:25,618
GTASA0000,GTA: SA Vita,9853,06/15/2021, 04:14:23,618
GTASA0000,GTA: SA Vita,9860,06/15/2021, 05:15:04,618
GTASA0000,GTA: SA Vita,9864,06/15/2021, 06:13:25,618
GTASA0000,GTA: SA Vita,9870,06/15/2021, 07:19:34,618
GTASA0000,GTA: SA Vita,9874,06/15/2021, 08:17:00,618
GTASA0000,GTA: SA Vita,9875,06/15/2021, 09:18:02,618
GTASA0000,GTA: SA Vita,9876,06/15/2021, 10:16:15,618
GTASA0000,GTA: SA Vita,9878,06/15/2021, 11:09:34,618
GTASA0000,GTA: SA Vita,9883,06/15/2021, 12:20:50,618
GTASA0000,GTA: SA Vita,9885,06/15/2021, 13:23:16,618
GTASA0000,GTA: SA Vita,9887,06/15/2021, 14:10:18,618
GTASA0000,GTA: SA Vita,9893,06/15/2021, 15:15:08,618
GTASA0000,GTA: SA Vita,9896,06/15/2021, 16:20:57,618
GTASA0000,GTA: SA Vita,9901,06/15/2021, 17:30:36,618
GTASA0000,GTA: SA Vita,9907,06/15/2021, 18:15:49,618
GTASA0000,GTA: SA Vita,9914,06/15/2021, 19:11:47,618
GTASA0000,GTA: SA Vita,9918,06/15/2021, 20:11:07,618
GTASA0000,GTA: SA Vita,9927,06/15/2021, 21:10:01,618
GTASA0000,GTA: SA Vita,9936,06/15/2021, 22:11:16,618
GTASA0000,GTA: SA Vita,9943,06/15/2021, 23:11:14,618
GTASA0000,GTA: SA Vita,9949,06/16/2021, 00:35:44,618
GTASA0000,GTA: SA Vita,9953,06/16/2021, 02:00:27,618
GTASA0000,GTA: SA Vita,9959,06/16/2021, 02:42:43,618
GTASA0000,GTA: SA Vita,9960,06/16/2021, 03:14:51,618
GTASA0000,GTA: SA Vita,9963,06/16/2021, 04:14:03,618
GTASA0000,GTA: SA Vita,9970,06/16/2021, 05:15:07,618
GTASA0000,GTA: SA Vita,9977,06/16/2021, 06:13:34,618
GTASA0000,GTA: SA Vita,9980,06/16/2021, 07:15:18,618
GTASA0000,GTA: SA Vita,9981,06/16/2021, 08:12:12,618
GTASA0000,GTA: SA Vita,9984,06/16/2021, 09:11:14,618
GTASA0000,GTA: SA Vita,9987,06/16/2021, 10:12:29,618
GTASA0000,GTA: SA Vita,9987,06/16/2021, 11:09:40,618
GTASA0000,GTA: SA Vita,9989,06/16/2021, 12:16:31,618
GTASA0000,GTA: SA Vita,9992,06/16/2021, 13:24:08,618
GTASA0000,GTA: SA Vita,9995,06/16/2021, 14:12:34,618
GTASA0000,GTA: SA Vita,10001,06/16/2021, 15:16:16,618
GTASA0000,GTA: SA Vita,10008,06/16/2021, 16:20:02,618
GTASA0000,GTA: SA Vita,10013,06/16/2021, 17:28:48,618
GTASA0000,GTA: SA Vita,10015,06/16/2021, 18:14:45,618
GTASA0000,GTA: SA Vita,10017,06/16/2021, 19:11:55,618
GTASA0000,GTA: SA Vita,10019,06/16/2021, 20:11:14,618
GTASA0000,GTA: SA Vita,10021,06/16/2021, 21:10:07,618
GTASA0000,GTA: SA Vita,10022,06/16/2021, 22:11:01,618
GTASA0000,GTA: SA Vita,10024,06/16/2021, 23:11:23,618
GTASA0000,GTA: SA Vita,10031,06/17/2021, 00:34:01,618
GTASA0000,GTA: SA Vita,10039,06/17/2021, 01:56:43,618
GTASA0000,GTA: SA Vita,10040,06/17/2021, 02:33:31,618
GTASA0000,GTA: SA Vita,10042,06/17/2021, 03:13:43,618
GTASA0000,GTA: SA Vita,10049,06/17/2021, 04:13:48,618
GTASA0000,GTA: SA Vita,10050,06/17/2021, 05:14:48,618
GTASA0000,GTA: SA Vita,10052,06/17/2021, 06:13:51,618
GTASA0000,GTA: SA Vita,10055,06/17/2021, 07:15:49,618
GTASA0000,GTA: SA Vita,10060,06/17/2021, 08:16:55,618
GTASA0000,GTA: SA Vita,10060,06/17/2021, 09:17:07,618
GTASA0000,GTA: SA Vita,10064,06/17/2021, 10:16:50,618
GTASA0000,GTA: SA Vita,10066,06/17/2021, 11:12:02,618
GTASA0000,GTA: SA Vita,10070,06/17/2021, 12:20:55,618
GTASA0000,GTA: SA Vita,10071,06/17/2021, 13:27:54,618
GTASA0000,GTA: SA Vita,10075,06/17/2021, 14:10:33,618
GTASA0000,GTA: SA Vita,10077,06/17/2021, 15:18:04,618
GTASA0000,GTA: SA Vita,10078,06/17/2021, 16:20:45,618
GTASA0000,GTA: SA Vita,10080,06/17/2021, 17:28:50,618
GTASA0000,GTA: SA Vita,10082,06/17/2021, 18:14:47,618
GTASA0000,GTA: SA Vita,10083,06/17/2021, 19:11:39,618
GTASA0000,GTA: SA Vita,10086,06/17/2021, 20:11:28,618
GTASA0000,GTA: SA Vita,10091,06/17/2021, 21:10:12,618
GTASA0000,GTA: SA Vita,10091,06/17/2021, 22:11:29,618
GTASA0000,GTA: SA Vita,10095,06/17/2021, 23:11:39,618
GTASA0000,GTA: SA Vita,10097,06/18/2021, 00:34:32,618
GTASA0000,GTA: SA Vita,10105,06/18/2021, 02:04:07,618
GTASA0000,GTA: SA Vita,10107,06/18/2021, 03:14:42,618
GTASA0000,GTA: SA Vita,10109,06/18/2021, 04:13:47,618
GTASA0000,GTA: SA Vita,10112,06/18/2021, 05:14:21,618
GTASA0000,GTA: SA Vita,10113,06/18/2021, 06:13:31,618
GTASA0000,GTA: SA Vita,10117,06/18/2021, 07:15:00,618
GTASA0000,GTA: SA Vita,10118,06/18/2021, 08:12:46,618
GTASA0000,GTA: SA Vita,10119,06/18/2021, 09:15:50,618
GTASA0000,GTA: SA Vita,10121,06/18/2021, 10:13:27,618
GTASA0000,GTA: SA Vita,10125,06/18/2021, 11:09:36,618
GTASA0000,GTA: SA Vita,10126,06/18/2021, 12:19:32,618
GTASA0000,GTA: SA Vita,10128,06/18/2021, 13:24:15,618
GTASA0000,GTA: SA Vita,10128,06/18/2021, 14:14:55,618
GTASA0000,GTA: SA Vita,10129,06/18/2021, 15:13:59,618
GTASA0000,GTA: SA Vita,10130,06/18/2021, 16:19:16,618
GTASA0000,GTA: SA Vita,10135,06/18/2021, 17:27:19,618
GTASA0000,GTA: SA Vita,10136,06/18/2021, 18:13:05,618
GTASA0000,GTA: SA Vita,10137,06/18/2021, 19:10:17,618
GTASA0000,GTA: SA Vita,10138,06/18/2021, 20:11:20,618
GTASA0000,GTA: SA Vita,10141,06/18/2021, 21:10:31,618
GTASA0000,GTA: SA Vita,10142,06/18/2021, 22:11:04,618
GTASA0000,GTA: SA Vita,10143,06/18/2021, 23:11:27,618
GTASA0000,GTA: SA Vita,10145,06/19/2021, 00:34:28,618
GTASA0000,GTA: SA Vita,10150,06/19/2021, 02:02:27,618
GTASA0000,GTA: SA Vita,10152,06/19/2021, 03:13:37,618
GTASA0000,GTA: SA Vita,10153,06/19/2021, 04:13:34,618
GTASA0000,GTA: SA Vita,10154,06/19/2021, 05:14:01,618
GTASA0000,GTA: SA Vita,10154,06/19/2021, 06:13:17,618
GTASA0000,GTA: SA Vita,10156,06/19/2021, 07:13:54,618
GTASA0000,GTA: SA Vita,10158,06/19/2021, 08:11:46,618
GTASA0000,GTA: SA Vita,10161,06/19/2021, 09:10:43,618
GTASA0000,GTA: SA Vita,10163,06/19/2021, 10:12:03,618
GTASA0000,GTA: SA Vita,10166,06/19/2021, 11:09:28,618
GTASA0000,GTA: SA Vita,10169,06/19/2021, 12:15:17,618
GTASA0000,GTA: SA Vita,10171,06/19/2021, 13:21:33,618
GTASA0000,GTA: SA Vita,10175,06/19/2021, 14:09:46,618
GTASA0000,GTA: SA Vita,10177,06/19/2021, 15:11:36,618
GTASA0000,GTA: SA Vita,10178,06/19/2021, 16:17:39,618
GTASA0000,GTA: SA Vita,10179,06/19/2021, 17:26:41,618
GTASA0000,GTA: SA Vita,10180,06/19/2021, 18:12:09,618
GTASA0000,GTA: SA Vita,10184,06/19/2021, 19:08:31,618
GTASA0000,GTA: SA Vita,10187,06/19/2021, 20:10:58,618
GTASA0000,GTA: SA Vita,10194,06/19/2021, 21:09:51,618
GTASA0000,GTA: SA Vita,10196,06/19/2021, 22:10:33,618
GTASA0000,GTA: SA Vita,10197,06/19/2021, 23:11:04,618
GTASA0000,GTA: SA Vita,10201,06/20/2021, 00:36:55,618
GTASA0000,GTA: SA Vita,10203,06/20/2021, 02:05:28,618
GTASA0000,GTA: SA Vita,10204,06/20/2021, 03:14:02,618
GTASA0000,GTA: SA Vita,10204,06/20/2021, 04:13:32,618
GTASA0000,GTA: SA Vita,10205,06/20/2021, 05:13:25,618
GTASA0000,GTA: SA Vita,10208,06/20/2021, 06:12:53,618
GTASA0000,GTA: SA Vita,10210,06/20/2021, 07:13:29,618
GTASA0000,GTA: SA Vita,10214,06/20/2021, 08:11:41,618
GTASA0000,GTA: SA Vita,10217,06/20/2021, 09:10:43,618
GTASA0000,GTA: SA Vita,10219,06/20/2021, 10:11:53,618
GTASA0000,GTA: SA Vita,10220,06/20/2021, 11:09:07,618
GTASA0000,GTA: SA Vita,10223,06/20/2021, 12:15:29,618
GTASA0000,GTA: SA Vita,10224,06/20/2021, 13:21:43,618
GTASA0000,GTA: SA Vita,10225,06/20/2021, 14:09:53,618
GTASA0000,GTA: SA Vita,10228,06/20/2021, 15:11:53,618
GTASA0000,GTA: SA Vita,10231,06/20/2021, 16:17:35,618
GTASA0000,GTA: SA Vita,10237,06/20/2021, 17:23:59,618
GTASA0000,GTA: SA Vita,10243,06/20/2021, 18:12:03,618
GTASA0000,GTA: SA Vita,10249,06/20/2021, 19:08:31,618
GTASA0000,GTA: SA Vita,10253,06/20/2021, 20:10:44,618
GTASA0000,GTA: SA Vita,10256,06/20/2021, 21:09:44,618
GTASA0000,GTA: SA Vita,10259,06/20/2021, 22:10:43,618
GTASA0000,GTA: SA Vita,10264,06/20/2021, 23:10:55,618
