RBTR00001,Reboot Shortcut,12638,06/18/2020, 12:35:47,71
RBTR00001,Reboot Shortcut,12638,06/18/2020, 13:04:35,71
RBTR00001,Reboot Shortcut,12638,06/18/2020, 14:06:21,71
RBTR00001,Reboot Shortcut,12638,06/18/2020, 15:04:55,71
RBTR00001,Reboot Shortcut,12639,06/18/2020, 16:05:12,71
RBTR00001,Reboot Shortcut,12639,06/18/2020, 17:05:41,71
RBTR00001,Reboot Shortcut,12640,06/18/2020, 18:05:02,71
RBTR00001,Reboot Shortcut,12640,06/18/2020, 19:04:27,71
RBTR00001,Reboot Shortcut,12640,06/18/2020, 20:05:19,71
RBTR00001,Reboot Shortcut,12641,06/18/2020, 21:05:10,71
RBTR00001,Reboot Shortcut,12641,06/18/2020, 22:04:46,71
RBTR00001,Reboot Shortcut,12641,06/18/2020, 23:05:11,71
RBTR00001,Reboot Shortcut,12641,06/19/2020, 00:13:11,71
RBTR00001,Reboot Shortcut,12641,06/19/2020, 01:06:05,71
RBTR00001,Reboot Shortcut,12641,06/19/2020, 02:04:57,71
RBTR00001,Reboot Shortcut,12641,06/19/2020, 03:04:46,71
RBTR00001,Reboot Shortcut,12641,06/19/2020, 04:05:13,71
RBTR00001,Reboot Shortcut,12641,06/19/2020, 05:06:07,71
RBTR00001,Reboot Shortcut,12642,06/19/2020, 06:06:05,71
RBTR00001,Reboot Shortcut,12642,06/19/2020, 07:05:04,71
RBTR00001,Reboot Shortcut,12642,06/19/2020, 08:06:41,71
RBTR00001,Reboot Shortcut,12642,06/19/2020, 09:04:55,71
RBTR00001,Reboot Shortcut,12642,06/19/2020, 10:04:43,71
RBTR00001,Reboot Shortcut,12642,06/19/2020, 11:04:34,71
RBTR00001,Reboot Shortcut,12642,06/19/2020, 12:06:20,71
RBTR00001,Reboot Shortcut,12642,06/19/2020, 13:04:42,71
RBTR00001,Reboot Shortcut,12642,06/19/2020, 14:05:08,71
RBTR00001,Reboot Shortcut,12642,06/19/2020, 15:04:58,71
RBTR00001,Reboot Shortcut,12642,06/19/2020, 16:05:19,71
RBTR00001,Reboot Shortcut,12643,06/19/2020, 17:04:50,71
RBTR00001,Reboot Shortcut,12643,06/19/2020, 18:05:08,71
RBTR00001,Reboot Shortcut,12644,06/19/2020, 19:04:30,71
RBTR00001,Reboot Shortcut,12645,06/19/2020, 20:05:26,71
RBTR00001,Reboot Shortcut,12645,06/19/2020, 21:04:53,71
RBTR00001,Reboot Shortcut,12645,06/19/2020, 22:04:36,71
RBTR00001,Reboot Shortcut,12645,06/19/2020, 23:04:21,71
RBTR00001,Reboot Shortcut,12645,06/20/2020, 00:12:44,71
RBTR00001,Reboot Shortcut,12647,06/20/2020, 01:05:16,71
RBTR00001,Reboot Shortcut,12647,06/20/2020, 02:05:48,71
RBTR00001,Reboot Shortcut,12647,06/20/2020, 03:05:55,71
RBTR00001,Reboot Shortcut,12647,06/20/2020, 04:06:13,71
RBTR00001,Reboot Shortcut,12647,06/20/2020, 05:05:00,71
RBTR00001,Reboot Shortcut,12648,06/20/2020, 06:05:56,71
RBTR00001,Reboot Shortcut,12648,06/20/2020, 07:06:07,71
RBTR00001,Reboot Shortcut,12649,06/20/2020, 08:05:12,71
RBTR00001,Reboot Shortcut,12649,06/20/2020, 09:05:33,71
RBTR00001,Reboot Shortcut,12649,06/20/2020, 10:05:49,71
RBTR00001,Reboot Shortcut,12649,06/20/2020, 11:05:49,71
RBTR00001,Reboot Shortcut,12649,06/20/2020, 12:06:20,71
RBTR00001,Reboot Shortcut,12649,06/20/2020, 13:05:02,71
RBTR00001,Reboot Shortcut,12650,06/20/2020, 14:05:52,71
RBTR00001,Reboot Shortcut,12650,06/20/2020, 15:04:41,71
RBTR00001,Reboot Shortcut,12650,06/20/2020, 16:05:09,71
RBTR00001,Reboot Shortcut,12650,06/20/2020, 17:05:16,71
RBTR00001,Reboot Shortcut,12652,06/20/2020, 18:05:07,71
RBTR00001,Reboot Shortcut,12652,06/20/2020, 19:05:51,71
RBTR00001,Reboot Shortcut,12653,06/20/2020, 20:05:20,71
RBTR00001,Reboot Shortcut,12653,06/20/2020, 21:05:02,71
RBTR00001,Reboot Shortcut,12653,06/20/2020, 22:04:21,71
RBTR00001,Reboot Shortcut,12653,06/20/2020, 23:06:32,71
RBTR00001,Reboot Shortcut,12655,06/21/2020, 00:13:56,71
RBTR00001,Reboot Shortcut,12656,06/21/2020, 01:05:05,71
RBTR00001,Reboot Shortcut,12656,06/21/2020, 02:09:09,71
RBTR00001,Reboot Shortcut,12656,06/21/2020, 03:05:06,71
RBTR00001,Reboot Shortcut,12656,06/21/2020, 04:06:08,71
RBTR00001,Reboot Shortcut,12656,06/21/2020, 05:04:41,71
RBTR00001,Reboot Shortcut,12656,06/21/2020, 06:06:03,71
RBTR00001,Reboot Shortcut,12656,06/21/2020, 07:04:56,71
RBTR00001,Reboot Shortcut,12656,06/21/2020, 08:05:14,71
RBTR00001,Reboot Shortcut,12656,06/21/2020, 09:05:00,71
RBTR00001,Reboot Shortcut,12656,06/21/2020, 10:06:08,71
RBTR00001,Reboot Shortcut,12657,06/21/2020, 11:05:57,71
RBTR00001,Reboot Shortcut,12657,06/21/2020, 12:06:15,71
RBTR00001,Reboot Shortcut,12657,06/21/2020, 13:04:49,71
RBTR00001,Reboot Shortcut,12657,06/21/2020, 14:05:51,71
RBTR00001,Reboot Shortcut,12657,06/21/2020, 15:05:39,71
RBTR00001,Reboot Shortcut,12658,06/21/2020, 16:04:51,71
RBTR00001,Reboot Shortcut,12658,06/21/2020, 17:04:40,71
RBTR00001,Reboot Shortcut,12659,06/21/2020, 18:05:32,71
RBTR00001,Reboot Shortcut,12660,06/21/2020, 19:06:02,71
RBTR00001,Reboot Shortcut,12660,06/21/2020, 20:05:29,71
RBTR00001,Reboot Shortcut,12662,06/21/2020, 21:04:52,71
RBTR00001,Reboot Shortcut,12662,06/21/2020, 22:04:51,71
RBTR00001,Reboot Shortcut,12662,06/21/2020, 23:04:58,71
RBTR00001,Reboot Shortcut,12662,06/22/2020, 00:13:04,71
RBTR00001,Reboot Shortcut,12662,06/22/2020, 01:05:16,71
RBTR00001,Reboot Shortcut,12662,06/22/2020, 02:05:28,71
RBTR00001,Reboot Shortcut,12662,06/22/2020, 03:05:02,71
RBTR00001,Reboot Shortcut,12662,06/22/2020, 04:05:20,71
RBTR00001,Reboot Shortcut,12662,06/22/2020, 05:05:04,71
RBTR00001,Reboot Shortcut,12663,06/22/2020, 06:06:04,71
RBTR00001,Reboot Shortcut,12663,06/22/2020, 07:04:51,71
RBTR00001,Reboot Shortcut,12663,06/22/2020, 08:05:46,71
RBTR00001,Reboot Shortcut,12663,06/22/2020, 09:04:58,71
RBTR00001,Reboot Shortcut,12663,06/22/2020, 10:05:33,71
RBTR00001,Reboot Shortcut,12663,06/22/2020, 11:05:04,71
RBTR00001,Reboot Shortcut,12663,06/22/2020, 12:06:42,71
RBTR00001,Reboot Shortcut,12663,06/22/2020, 13:05:14,71
RBTR00001,Reboot Shortcut,12663,06/22/2020, 14:05:02,71
RBTR00001,Reboot Shortcut,12663,06/22/2020, 15:05:30,71
RBTR00001,Reboot Shortcut,12663,06/22/2020, 16:05:01,71
RBTR00001,Reboot Shortcut,12663,06/22/2020, 17:04:47,71
RBTR00001,Reboot Shortcut,12663,06/22/2020, 18:05:12,71
RBTR00001,Reboot Shortcut,12663,06/22/2020, 19:04:33,71
RBTR00001,Reboot Shortcut,12663,06/22/2020, 20:05:48,71
RBTR00001,Reboot Shortcut,12664,06/22/2020, 21:04:48,71
RBTR00001,Reboot Shortcut,12664,06/22/2020, 22:04:35,71
RBTR00001,Reboot Shortcut,12664,06/22/2020, 23:04:24,71
RBTR00001,Reboot Shortcut,12664,06/23/2020, 00:12:58,71
RBTR00001,Reboot Shortcut,12666,06/23/2020, 01:05:16,71
RBTR00001,Reboot Shortcut,12666,06/23/2020, 02:05:57,71
RBTR00001,Reboot Shortcut,12666,06/23/2020, 03:04:56,71
RBTR00001,Reboot Shortcut,12666,06/23/2020, 04:05:17,71
RBTR00001,Reboot Shortcut,12667,06/23/2020, 05:06:06,71
RBTR00001,Reboot Shortcut,12668,06/23/2020, 06:05:36,71
RBTR00001,Reboot Shortcut,12668,06/23/2020, 07:05:05,71
RBTR00001,Reboot Shortcut,12668,06/23/2020, 08:06:03,71
RBTR00001,Reboot Shortcut,12668,06/23/2020, 09:04:48,71
RBTR00001,Reboot Shortcut,12668,06/23/2020, 10:04:48,71
RBTR00001,Reboot Shortcut,12668,06/23/2020, 11:04:37,71
RBTR00001,Reboot Shortcut,12668,06/23/2020, 12:06:26,71
RBTR00001,Reboot Shortcut,12669,06/23/2020, 13:04:46,71
RBTR00001,Reboot Shortcut,12669,06/23/2020, 14:31:49,71
RBTR00001,Reboot Shortcut,12669,06/23/2020, 15:05:00,71
RBTR00001,Reboot Shortcut,12669,06/23/2020, 16:05:01,71
RBTR00001,Reboot Shortcut,12669,06/23/2020, 17:04:46,71
RBTR00001,Reboot Shortcut,12669,06/23/2020, 18:05:13,71
RBTR00001,Reboot Shortcut,12670,06/23/2020, 19:04:32,71
RBTR00001,Reboot Shortcut,12670,06/23/2020, 20:05:30,71
RBTR00001,Reboot Shortcut,12671,06/23/2020, 21:04:46,71
RBTR00001,Reboot Shortcut,12671,06/23/2020, 22:04:35,71
RBTR00001,Reboot Shortcut,12671,06/23/2020, 23:04:23,71
RBTR00001,Reboot Shortcut,12673,06/24/2020, 00:12:39,71
RBTR00001,Reboot Shortcut,12673,06/24/2020, 01:05:34,71
RBTR00001,Reboot Shortcut,12673,06/24/2020, 02:06:20,71
RBTR00001,Reboot Shortcut,12673,06/24/2020, 03:04:45,71
RBTR00001,Reboot Shortcut,12674,06/24/2020, 04:06:00,71
RBTR00001,Reboot Shortcut,12674,06/24/2020, 05:04:54,71
RBTR00001,Reboot Shortcut,12674,06/24/2020, 06:05:16,71
RBTR00001,Reboot Shortcut,12674,06/24/2020, 07:05:18,71
RBTR00001,Reboot Shortcut,12674,06/24/2020, 08:05:48,71
RBTR00001,Reboot Shortcut,12675,06/24/2020, 09:04:55,71
RBTR00001,Reboot Shortcut,12675,06/24/2020, 10:04:47,71
RBTR00001,Reboot Shortcut,12675,06/24/2020, 11:04:57,71
RBTR00001,Reboot Shortcut,12675,06/24/2020, 12:06:27,71
RBTR00001,Reboot Shortcut,12676,06/24/2020, 13:05:08,71
RBTR00001,Reboot Shortcut,12676,06/24/2020, 14:05:04,71
RBTR00001,Reboot Shortcut,12676,06/24/2020, 15:06:28,71
RBTR00001,Reboot Shortcut,12677,06/24/2020, 16:05:09,71
RBTR00001,Reboot Shortcut,12677,06/24/2020, 17:05:41,71
RBTR00001,Reboot Shortcut,12677,06/24/2020, 18:04:53,71
RBTR00001,Reboot Shortcut,12677,06/24/2020, 19:04:45,71
RBTR00001,Reboot Shortcut,12678,06/24/2020, 20:05:14,71
RBTR00001,Reboot Shortcut,12678,06/24/2020, 21:06:44,71
RBTR00001,Reboot Shortcut,12678,06/24/2020, 22:04:52,71
RBTR00001,Reboot Shortcut,12679,06/24/2020, 23:04:55,71
RBTR00001,Reboot Shortcut,12679,06/25/2020, 00:13:08,71
RBTR00001,Reboot Shortcut,12679,06/25/2020, 01:05:36,71
RBTR00001,Reboot Shortcut,12679,06/25/2020, 02:06:05,71
RBTR00001,Reboot Shortcut,12680,06/25/2020, 03:04:48,71
RBTR00001,Reboot Shortcut,12680,06/25/2020, 04:07:10,71
RBTR00001,Reboot Shortcut,12680,06/25/2020, 05:05:45,71
RBTR00001,Reboot Shortcut,12680,06/25/2020, 06:13:28,71
RBTR00001,Reboot Shortcut,12681,06/25/2020, 07:05:45,71
RBTR00001,Reboot Shortcut,12681,06/25/2020, 08:05:40,71
RBTR00001,Reboot Shortcut,12681,06/25/2020, 09:05:13,71
RBTR00001,Reboot Shortcut,12681,06/25/2020, 10:04:59,71
RBTR00001,Reboot Shortcut,12681,06/25/2020, 11:04:54,71
RBTR00001,Reboot Shortcut,12681,06/25/2020, 12:06:33,71
RBTR00001,Reboot Shortcut,12681,06/25/2020, 13:04:48,71
RBTR00001,Reboot Shortcut,12681,06/25/2020, 14:04:58,71
RBTR00001,Reboot Shortcut,12681,06/25/2020, 15:04:55,71
RBTR00001,Reboot Shortcut,12682,06/25/2020, 16:05:03,71
RBTR00001,Reboot Shortcut,12682,06/25/2020, 17:05:42,71
RBTR00001,Reboot Shortcut,12682,06/25/2020, 18:07:17,71
RBTR00001,Reboot Shortcut,12682,06/25/2020, 19:04:48,71
RBTR00001,Reboot Shortcut,12683,06/25/2020, 20:06:34,71
RBTR00001,Reboot Shortcut,12683,06/25/2020, 21:04:48,71
RBTR00001,Reboot Shortcut,12684,06/25/2020, 22:06:40,71
RBTR00001,Reboot Shortcut,12684,06/25/2020, 23:04:37,71
RBTR00001,Reboot Shortcut,12685,06/26/2020, 00:13:15,71
RBTR00001,Reboot Shortcut,12685,06/26/2020, 01:05:22,71
RBTR00001,Reboot Shortcut,12685,06/26/2020, 02:05:42,71
RBTR00001,Reboot Shortcut,12685,06/26/2020, 03:05:08,71
RBTR00001,Reboot Shortcut,12685,06/26/2020, 04:05:16,71
RBTR00001,Reboot Shortcut,12685,06/26/2020, 05:05:03,71
RBTR00001,Reboot Shortcut,12685,06/26/2020, 06:06:20,71
RBTR00001,Reboot Shortcut,12686,06/26/2020, 07:04:51,71
RBTR00001,Reboot Shortcut,12686,06/26/2020, 08:05:48,71
RBTR00001,Reboot Shortcut,12686,06/26/2020, 09:05:07,71
RBTR00001,Reboot Shortcut,12686,06/26/2020, 10:04:59,71
RBTR00001,Reboot Shortcut,12686,06/26/2020, 11:04:49,71
RBTR00001,Reboot Shortcut,12686,06/26/2020, 12:06:56,71
RBTR00001,Reboot Shortcut,12686,06/26/2020, 13:05:06,71
RBTR00001,Reboot Shortcut,12686,06/26/2020, 14:04:54,71
RBTR00001,Reboot Shortcut,12686,06/26/2020, 15:04:49,71
RBTR00001,Reboot Shortcut,12686,06/26/2020, 16:05:04,71
RBTR00001,Reboot Shortcut,12686,06/26/2020, 17:05:23,71
RBTR00001,Reboot Shortcut,12686,06/26/2020, 18:05:21,71
RBTR00001,Reboot Shortcut,12686,06/26/2020, 19:04:42,71
RBTR00001,Reboot Shortcut,12686,06/26/2020, 20:05:47,71
RBTR00001,Reboot Shortcut,12686,06/26/2020, 21:04:56,71
RBTR00001,Reboot Shortcut,12686,06/26/2020, 22:04:48,71
RBTR00001,Reboot Shortcut,12686,06/26/2020, 23:04:38,71
RBTR00001,Reboot Shortcut,12686,06/27/2020, 00:13:15,71
RBTR00001,Reboot Shortcut,12686,06/27/2020, 01:05:35,71
RBTR00001,Reboot Shortcut,12686,06/27/2020, 02:07:18,71
RBTR00001,Reboot Shortcut,12686,06/27/2020, 03:04:48,71
RBTR00001,Reboot Shortcut,12686,06/27/2020, 04:07:48,71
RBTR00001,Reboot Shortcut,12687,06/27/2020, 05:08:45,71
RBTR00001,Reboot Shortcut,12687,06/27/2020, 06:05:58,71
RBTR00001,Reboot Shortcut,12687,06/27/2020, 07:07:04,71
RBTR00001,Reboot Shortcut,12687,06/27/2020, 08:06:57,71
RBTR00001,Reboot Shortcut,12687,06/27/2020, 09:07:06,71
RBTR00001,Reboot Shortcut,12687,06/27/2020, 10:06:55,71
RBTR00001,Reboot Shortcut,12687,06/27/2020, 11:04:45,71
RBTR00001,Reboot Shortcut,12687,06/27/2020, 12:06:05,71
RBTR00001,Reboot Shortcut,12687,06/27/2020, 13:05:10,71
RBTR00001,Reboot Shortcut,12687,06/27/2020, 14:05:46,71
RBTR00001,Reboot Shortcut,12688,06/27/2020, 15:04:47,71
RBTR00001,Reboot Shortcut,12688,06/27/2020, 16:05:12,71
RBTR00001,Reboot Shortcut,12688,06/27/2020, 17:05:34,71
RBTR00001,Reboot Shortcut,12689,06/27/2020, 18:05:25,71
RBTR00001,Reboot Shortcut,12689,06/27/2020, 19:04:56,71
RBTR00001,Reboot Shortcut,12690,06/27/2020, 20:05:37,71
RBTR00001,Reboot Shortcut,12690,06/27/2020, 21:05:53,71
RBTR00001,Reboot Shortcut,12690,06/27/2020, 22:05:04,71
RBTR00001,Reboot Shortcut,12690,06/27/2020, 23:05:44,71
RBTR00001,Reboot Shortcut,12691,06/28/2020, 00:14:12,71
RBTR00001,Reboot Shortcut,12691,06/28/2020, 01:05:24,71
RBTR00001,Reboot Shortcut,12692,06/28/2020, 02:06:01,71
RBTR00001,Reboot Shortcut,12692,06/28/2020, 03:05:18,71
RBTR00001,Reboot Shortcut,12692,06/28/2020, 04:06:19,71
RBTR00001,Reboot Shortcut,12692,06/28/2020, 05:04:44,71
RBTR00001,Reboot Shortcut,12692,06/28/2020, 06:06:43,71
RBTR00001,Reboot Shortcut,12692,06/28/2020, 07:05:12,71
RBTR00001,Reboot Shortcut,12692,06/28/2020, 08:05:32,71
RBTR00001,Reboot Shortcut,12692,06/28/2020, 09:05:34,71
RBTR00001,Reboot Shortcut,12692,06/28/2020, 10:05:06,71
RBTR00001,Reboot Shortcut,12692,06/28/2020, 11:05:07,71
RBTR00001,Reboot Shortcut,12692,06/28/2020, 12:06:10,71
RBTR00001,Reboot Shortcut,12692,06/28/2020, 13:04:55,71
RBTR00001,Reboot Shortcut,12692,06/28/2020, 14:07:57,71
RBTR00001,Reboot Shortcut,12693,06/28/2020, 15:10:33,71
RBTR00001,Reboot Shortcut,12693,06/28/2020, 16:05:02,71
RBTR00001,Reboot Shortcut,12693,06/28/2020, 17:04:46,71
RBTR00001,Reboot Shortcut,12693,06/28/2020, 18:05:06,71
RBTR00001,Reboot Shortcut,12693,06/28/2020, 19:07:04,71
RBTR00001,Reboot Shortcut,12693,06/28/2020, 20:05:15,71
RBTR00001,Reboot Shortcut,12693,06/28/2020, 21:08:13,71
RBTR00001,Reboot Shortcut,12693,06/28/2020, 22:07:08,71
RBTR00001,Reboot Shortcut,12693,06/28/2020, 23:04:41,71
RBTR00001,Reboot Shortcut,12693,06/29/2020, 00:13:46,71
RBTR00001,Reboot Shortcut,12693,06/29/2020, 01:05:18,71
RBTR00001,Reboot Shortcut,12693,06/29/2020, 02:05:51,71
RBTR00001,Reboot Shortcut,12693,06/29/2020, 03:05:05,71
RBTR00001,Reboot Shortcut,12693,06/29/2020, 04:05:13,71
RBTR00001,Reboot Shortcut,12693,06/29/2020, 05:05:08,71
RBTR00001,Reboot Shortcut,12693,06/29/2020, 06:05:33,71
RBTR00001,Reboot Shortcut,12693,06/29/2020, 07:05:16,71
RBTR00001,Reboot Shortcut,12693,06/29/2020, 08:05:45,71
RBTR00001,Reboot Shortcut,12693,06/29/2020, 09:06:33,71
RBTR00001,Reboot Shortcut,12693,06/29/2020, 11:05:30,71
RBTR00001,Reboot Shortcut,12693,06/29/2020, 12:06:37,71
RBTR00001,Reboot Shortcut,12694,06/29/2020, 13:04:58,71
RBTR00001,Reboot Shortcut,12694,06/29/2020, 14:05:21,71
RBTR00001,Reboot Shortcut,12695,06/29/2020, 15:04:50,71
RBTR00001,Reboot Shortcut,12695,06/29/2020, 16:09:13,71
RBTR00001,Reboot Shortcut,12697,06/29/2020, 17:05:23,71
RBTR00001,Reboot Shortcut,12697,06/29/2020, 18:05:27,71
RBTR00001,Reboot Shortcut,12697,06/29/2020, 19:04:50,71
RBTR00001,Reboot Shortcut,12699,06/29/2020, 20:05:41,71
RBTR00001,Reboot Shortcut,12700,06/29/2020, 21:05:10,71
RBTR00001,Reboot Shortcut,12700,06/29/2020, 22:04:55,71
RBTR00001,Reboot Shortcut,12700,06/29/2020, 23:04:56,71
RBTR00001,Reboot Shortcut,12701,06/30/2020, 00:13:24,71
RBTR00001,Reboot Shortcut,12701,06/30/2020, 01:05:14,71
RBTR00001,Reboot Shortcut,12701,06/30/2020, 02:05:48,71
RBTR00001,Reboot Shortcut,12701,06/30/2020, 03:04:54,71
RBTR00001,Reboot Shortcut,12701,06/30/2020, 04:05:57,71
RBTR00001,Reboot Shortcut,12702,06/30/2020, 05:05:05,71
RBTR00001,Reboot Shortcut,12702,06/30/2020, 06:05:25,71
RBTR00001,Reboot Shortcut,12703,06/30/2020, 07:05:08,71
RBTR00001,Reboot Shortcut,12703,06/30/2020, 08:05:56,71
RBTR00001,Reboot Shortcut,12703,06/30/2020, 09:05:08,71
RBTR00001,Reboot Shortcut,12703,06/30/2020, 10:05:06,71
RBTR00001,Reboot Shortcut,12703,06/30/2020, 11:04:51,71
RBTR00001,Reboot Shortcut,12703,06/30/2020, 12:06:27,71
RBTR00001,Reboot Shortcut,12703,06/30/2020, 13:04:51,71
RBTR00001,Reboot Shortcut,12703,06/30/2020, 14:31:49,71
RBTR00001,Reboot Shortcut,12703,06/30/2020, 15:05:08,71
RBTR00001,Reboot Shortcut,12704,06/30/2020, 16:05:36,71
RBTR00001,Reboot Shortcut,12704,06/30/2020, 17:04:50,71
RBTR00001,Reboot Shortcut,12705,06/30/2020, 18:05:28,71
RBTR00001,Reboot Shortcut,12706,06/30/2020, 19:04:44,71
RBTR00001,Reboot Shortcut,12706,06/30/2020, 20:06:49,71
RBTR00001,Reboot Shortcut,12706,06/30/2020, 21:05:21,71
RBTR00001,Reboot Shortcut,12707,06/30/2020, 22:05:55,71
RBTR00001,Reboot Shortcut,12707,06/30/2020, 23:05:36,71
RBTR00001,Reboot Shortcut,12707,07/01/2020, 00:16:39,71
RBTR00001,Reboot Shortcut,12707,07/01/2020, 01:06:32,71
RBTR00001,Reboot Shortcut,12707,07/01/2020, 02:06:28,71
RBTR00001,Reboot Shortcut,12707,07/01/2020, 03:06:11,71
RBTR00001,Reboot Shortcut,12707,07/01/2020, 04:06:17,71
RBTR00001,Reboot Shortcut,12707,07/01/2020, 05:05:51,71
RBTR00001,Reboot Shortcut,12707,07/01/2020, 06:06:43,71
RBTR00001,Reboot Shortcut,12707,07/01/2020, 07:07:33,71
RBTR00001,Reboot Shortcut,12707,07/01/2020, 08:06:39,71
RBTR00001,Reboot Shortcut,12708,07/01/2020, 09:06:12,71
RBTR00001,Reboot Shortcut,12708,07/01/2020, 10:06:10,71
RBTR00001,Reboot Shortcut,12708,07/01/2020, 11:05:30,71
RBTR00001,Reboot Shortcut,12708,07/01/2020, 12:07:52,71
RBTR00001,Reboot Shortcut,12708,07/01/2020, 13:04:53,71
RBTR00001,Reboot Shortcut,12708,07/01/2020, 14:05:37,71
RBTR00001,Reboot Shortcut,12708,07/01/2020, 15:05:58,71
RBTR00001,Reboot Shortcut,12708,07/01/2020, 16:06:26,71
RBTR00001,Reboot Shortcut,12708,07/01/2020, 17:06:02,71
RBTR00001,Reboot Shortcut,12708,07/01/2020, 18:06:16,71
RBTR00001,Reboot Shortcut,12709,07/01/2020, 19:05:42,71
RBTR00001,Reboot Shortcut,12710,07/01/2020, 20:07:12,71
RBTR00001,Reboot Shortcut,12711,07/01/2020, 21:05:41,71
RBTR00001,Reboot Shortcut,12711,07/01/2020, 22:05:47,71
RBTR00001,Reboot Shortcut,12711,07/01/2020, 23:05:40,71
RBTR00001,Reboot Shortcut,12711,07/02/2020, 00:16:07,71
RBTR00001,Reboot Shortcut,12711,07/02/2020, 01:07:00,71
RBTR00001,Reboot Shortcut,12711,07/02/2020, 02:06:30,71
RBTR00001,Reboot Shortcut,12712,07/02/2020, 03:06:19,71
RBTR00001,Reboot Shortcut,12712,07/02/2020, 04:07:11,71
RBTR00001,Reboot Shortcut,12713,07/02/2020, 05:05:56,71
RBTR00001,Reboot Shortcut,12713,07/02/2020, 06:06:46,71
RBTR00001,Reboot Shortcut,12713,07/02/2020, 07:05:44,71
RBTR00001,Reboot Shortcut,12713,07/02/2020, 08:06:39,71
RBTR00001,Reboot Shortcut,12713,07/02/2020, 09:05:48,71
RBTR00001,Reboot Shortcut,12713,07/02/2020, 10:06:08,71
RBTR00001,Reboot Shortcut,12715,07/02/2020, 11:05:35,71
RBTR00001,Reboot Shortcut,12715,07/02/2020, 12:08:14,71
RBTR00001,Reboot Shortcut,12716,07/02/2020, 13:06:14,71
RBTR00001,Reboot Shortcut,12716,07/02/2020, 14:06:33,71
RBTR00001,Reboot Shortcut,12716,07/02/2020, 15:05:56,71
RBTR00001,Reboot Shortcut,12716,07/02/2020, 16:06:27,71
RBTR00001,Reboot Shortcut,12716,07/02/2020, 17:06:10,71
RBTR00001,Reboot Shortcut,12717,07/02/2020, 18:06:25,71
RBTR00001,Reboot Shortcut,12717,07/02/2020, 19:05:40,71
RBTR00001,Reboot Shortcut,12717,07/02/2020, 20:07:08,71
RBTR00001,Reboot Shortcut,12717,07/02/2020, 21:05:36,71
RBTR00001,Reboot Shortcut,12717,07/02/2020, 22:05:43,71
RBTR00001,Reboot Shortcut,12717,07/02/2020, 23:06:05,71
RBTR00001,Reboot Shortcut,12717,07/03/2020, 00:16:47,71
RBTR00001,Reboot Shortcut,12717,07/03/2020, 01:06:39,71
RBTR00001,Reboot Shortcut,12717,07/03/2020, 02:06:38,71
RBTR00001,Reboot Shortcut,12717,07/03/2020, 03:06:12,71
RBTR00001,Reboot Shortcut,12717,07/03/2020, 04:06:36,71
RBTR00001,Reboot Shortcut,12717,07/03/2020, 05:05:27,71
RBTR00001,Reboot Shortcut,12718,07/03/2020, 06:06:22,71
RBTR00001,Reboot Shortcut,12718,07/03/2020, 07:05:50,71
RBTR00001,Reboot Shortcut,12718,07/03/2020, 08:06:44,71
RBTR00001,Reboot Shortcut,12718,07/03/2020, 09:06:07,71
RBTR00001,Reboot Shortcut,12718,07/03/2020, 10:06:11,71
RBTR00001,Reboot Shortcut,12718,07/03/2020, 11:05:22,71
RBTR00001,Reboot Shortcut,12719,07/03/2020, 12:08:38,71
RBTR00001,Reboot Shortcut,12719,07/03/2020, 13:05:52,71
RBTR00001,Reboot Shortcut,12720,07/03/2020, 14:06:37,71
RBTR00001,Reboot Shortcut,12720,07/03/2020, 15:05:40,71
RBTR00001,Reboot Shortcut,12720,07/03/2020, 16:06:35,71
RBTR00001,Reboot Shortcut,12721,07/03/2020, 17:05:42,71
RBTR00001,Reboot Shortcut,12721,07/03/2020, 18:06:27,71
RBTR00001,Reboot Shortcut,12721,07/03/2020, 19:05:21,71
RBTR00001,Reboot Shortcut,12721,07/03/2020, 20:06:54,71
RBTR00001,Reboot Shortcut,12721,07/03/2020, 21:05:43,71
RBTR00001,Reboot Shortcut,12722,07/03/2020, 22:06:04,71
RBTR00001,Reboot Shortcut,12722,07/03/2020, 23:05:33,71
RBTR00001,Reboot Shortcut,12722,07/04/2020, 00:16:09,71
RBTR00001,Reboot Shortcut,12722,07/04/2020, 01:06:31,71
RBTR00001,Reboot Shortcut,12722,07/04/2020, 02:06:28,71
RBTR00001,Reboot Shortcut,12722,07/04/2020, 03:05:52,71
RBTR00001,Reboot Shortcut,12722,07/04/2020, 04:06:48,71
RBTR00001,Reboot Shortcut,12722,07/04/2020, 05:05:43,71
RBTR00001,Reboot Shortcut,12724,07/04/2020, 06:06:37,71
RBTR00001,Reboot Shortcut,12725,07/04/2020, 07:06:03,71
RBTR00001,Reboot Shortcut,12726,07/04/2020, 08:07:09,71
RBTR00001,Reboot Shortcut,12726,07/04/2020, 09:05:33,71
RBTR00001,Reboot Shortcut,12726,07/04/2020, 10:06:10,71
RBTR00001,Reboot Shortcut,12726,07/04/2020, 11:05:43,71
RBTR00001,Reboot Shortcut,12726,07/04/2020, 12:07:42,71
RBTR00001,Reboot Shortcut,12726,07/04/2020, 13:06:05,71
RBTR00001,Reboot Shortcut,12728,07/04/2020, 14:08:00,71
RBTR00001,Reboot Shortcut,12728,07/04/2020, 15:05:42,71
RBTR00001,Reboot Shortcut,12728,07/04/2020, 16:06:17,71
RBTR00001,Reboot Shortcut,12728,07/04/2020, 17:06:33,71
RBTR00001,Reboot Shortcut,12728,07/04/2020, 18:06:27,71
RBTR00001,Reboot Shortcut,12728,07/04/2020, 19:05:22,71
RBTR00001,Reboot Shortcut,12728,07/04/2020, 20:06:44,71
RBTR00001,Reboot Shortcut,12728,07/04/2020, 21:05:42,71
RBTR00001,Reboot Shortcut,12728,07/04/2020, 22:06:16,71
RBTR00001,Reboot Shortcut,12728,07/04/2020, 23:06:10,71
RBTR00001,Reboot Shortcut,12730,07/05/2020, 00:17:08,71
RBTR00001,Reboot Shortcut,12730,07/05/2020, 01:06:44,71
RBTR00001,Reboot Shortcut,12731,07/05/2020, 02:06:28,71
RBTR00001,Reboot Shortcut,12732,07/05/2020, 03:05:53,71
RBTR00001,Reboot Shortcut,12732,07/05/2020, 04:06:30,71
RBTR00001,Reboot Shortcut,12734,07/05/2020, 05:05:38,71
RBTR00001,Reboot Shortcut,12735,07/05/2020, 06:06:35,71
RBTR00001,Reboot Shortcut,12736,07/05/2020, 07:06:06,71
RBTR00001,Reboot Shortcut,12736,07/05/2020, 08:06:26,71
RBTR00001,Reboot Shortcut,12736,07/05/2020, 09:05:49,71
RBTR00001,Reboot Shortcut,12736,07/05/2020, 10:06:51,71
RBTR00001,Reboot Shortcut,12736,07/05/2020, 11:05:40,71
RBTR00001,Reboot Shortcut,12736,07/05/2020, 12:07:48,71
RBTR00001,Reboot Shortcut,12736,07/05/2020, 13:07:05,71
RBTR00001,Reboot Shortcut,12736,07/05/2020, 14:06:21,71
RBTR00001,Reboot Shortcut,12736,07/05/2020, 15:05:46,71
RBTR00001,Reboot Shortcut,12736,07/05/2020, 16:06:30,71
RBTR00001,Reboot Shortcut,12736,07/05/2020, 17:05:44,71
RBTR00001,Reboot Shortcut,12736,07/05/2020, 18:06:32,71
RBTR00001,Reboot Shortcut,12736,07/05/2020, 19:05:29,71
RBTR00001,Reboot Shortcut,12736,07/05/2020, 20:06:50,71
RBTR00001,Reboot Shortcut,12737,07/05/2020, 21:05:43,71
RBTR00001,Reboot Shortcut,12737,07/05/2020, 22:06:14,71
RBTR00001,Reboot Shortcut,12738,07/05/2020, 23:06:02,71
RBTR00001,Reboot Shortcut,12739,07/06/2020, 00:16:38,71
RBTR00001,Reboot Shortcut,12739,07/06/2020, 01:06:36,71
RBTR00001,Reboot Shortcut,12739,07/06/2020, 02:06:39,71
RBTR00001,Reboot Shortcut,12739,07/06/2020, 03:05:57,71
RBTR00001,Reboot Shortcut,12739,07/06/2020, 04:06:24,71
RBTR00001,Reboot Shortcut,12740,07/06/2020, 05:05:41,71
RBTR00001,Reboot Shortcut,12740,07/06/2020, 06:06:40,71
RBTR00001,Reboot Shortcut,12741,07/06/2020, 07:06:02,71
RBTR00001,Reboot Shortcut,12741,07/06/2020, 08:06:56,71
RBTR00001,Reboot Shortcut,12741,07/06/2020, 09:06:25,71
RBTR00001,Reboot Shortcut,12741,07/06/2020, 10:06:05,71
RBTR00001,Reboot Shortcut,12741,07/06/2020, 11:05:35,71
RBTR00001,Reboot Shortcut,12742,07/06/2020, 12:08:23,71
RBTR00001,Reboot Shortcut,12742,07/06/2020, 13:05:56,71
RBTR00001,Reboot Shortcut,12742,07/06/2020, 14:06:30,71
RBTR00001,Reboot Shortcut,12742,07/06/2020, 15:05:58,71
RBTR00001,Reboot Shortcut,12742,07/06/2020, 16:06:31,71
RBTR00001,Reboot Shortcut,12742,07/06/2020, 17:06:00,71
RBTR00001,Reboot Shortcut,12742,07/06/2020, 18:06:33,71
RBTR00001,Reboot Shortcut,12743,07/06/2020, 19:05:38,71
RBTR00001,Reboot Shortcut,12743,07/06/2020, 20:07:03,71
RBTR00001,Reboot Shortcut,12744,07/06/2020, 21:05:56,71
RBTR00001,Reboot Shortcut,12744,07/06/2020, 22:05:50,71
RBTR00001,Reboot Shortcut,12744,07/06/2020, 23:05:47,71
RBTR00001,Reboot Shortcut,12744,07/07/2020, 00:16:23,71
RBTR00001,Reboot Shortcut,12745,07/07/2020, 01:06:24,71
RBTR00001,Reboot Shortcut,12745,07/07/2020, 02:06:20,71
RBTR00001,Reboot Shortcut,12745,07/07/2020, 03:05:49,71
RBTR00001,Reboot Shortcut,12745,07/07/2020, 04:06:22,71
RBTR00001,Reboot Shortcut,12745,07/07/2020, 05:05:42,71
RBTR00001,Reboot Shortcut,12746,07/07/2020, 06:06:34,71
RBTR00001,Reboot Shortcut,12746,07/07/2020, 07:06:15,71
RBTR00001,Reboot Shortcut,12746,07/07/2020, 08:06:30,71
RBTR00001,Reboot Shortcut,12746,07/07/2020, 09:06:00,71
RBTR00001,Reboot Shortcut,12746,07/07/2020, 10:06:05,71
RBTR00001,Reboot Shortcut,12747,07/07/2020, 11:05:31,71
RBTR00001,Reboot Shortcut,12747,07/07/2020, 12:07:39,71
RBTR00001,Reboot Shortcut,12747,07/07/2020, 13:06:00,71
RBTR00001,Reboot Shortcut,12747,07/07/2020, 14:06:51,71
RBTR00001,Reboot Shortcut,12747,07/07/2020, 15:05:46,71
RBTR00001,Reboot Shortcut,12748,07/07/2020, 16:06:17,71
RBTR00001,Reboot Shortcut,12748,07/07/2020, 17:05:53,71
RBTR00001,Reboot Shortcut,12748,07/07/2020, 18:06:16,71
RBTR00001,Reboot Shortcut,12748,07/07/2020, 19:05:20,71
RBTR00001,Reboot Shortcut,12748,07/07/2020, 20:06:51,71
RBTR00001,Reboot Shortcut,12748,07/07/2020, 21:05:53,71
RBTR00001,Reboot Shortcut,12748,07/07/2020, 22:05:45,71
RBTR00001,Reboot Shortcut,12748,07/07/2020, 23:05:55,71
RBTR00001,Reboot Shortcut,12748,07/08/2020, 00:16:20,71
RBTR00001,Reboot Shortcut,12748,07/08/2020, 01:06:24,71
RBTR00001,Reboot Shortcut,12748,07/08/2020, 02:06:25,71
RBTR00001,Reboot Shortcut,12748,07/08/2020, 03:05:47,71
RBTR00001,Reboot Shortcut,12749,07/08/2020, 04:06:13,71
RBTR00001,Reboot Shortcut,12749,07/08/2020, 05:06:03,71
RBTR00001,Reboot Shortcut,12749,07/08/2020, 06:06:36,71
RBTR00001,Reboot Shortcut,12749,07/08/2020, 07:06:11,71
RBTR00001,Reboot Shortcut,12749,07/08/2020, 08:07:03,71
RBTR00001,Reboot Shortcut,12749,07/08/2020, 09:06:05,71
RBTR00001,Reboot Shortcut,12749,07/08/2020, 10:06:01,71
RBTR00001,Reboot Shortcut,12749,07/08/2020, 11:05:30,71
RBTR00001,Reboot Shortcut,12750,07/08/2020, 12:07:53,71
RBTR00001,Reboot Shortcut,12752,07/08/2020, 13:05:57,71
RBTR00001,Reboot Shortcut,12752,07/08/2020, 14:06:30,71
RBTR00001,Reboot Shortcut,12752,07/08/2020, 15:05:55,71
RBTR00001,Reboot Shortcut,12752,07/08/2020, 16:06:20,71
RBTR00001,Reboot Shortcut,12752,07/08/2020, 17:06:02,71
RBTR00001,Reboot Shortcut,12752,07/08/2020, 18:06:27,71
RBTR00001,Reboot Shortcut,12752,07/08/2020, 19:05:48,71
RBTR00001,Reboot Shortcut,12752,07/08/2020, 20:07:16,71
RBTR00001,Reboot Shortcut,12753,07/08/2020, 21:05:45,71
RBTR00001,Reboot Shortcut,12755,07/08/2020, 22:05:44,71
RBTR00001,Reboot Shortcut,12757,07/08/2020, 23:06:04,71
RBTR00001,Reboot Shortcut,12757,07/09/2020, 00:16:42,71
RBTR00001,Reboot Shortcut,12757,07/09/2020, 01:06:17,71
RBTR00001,Reboot Shortcut,12757,07/09/2020, 02:06:41,71
RBTR00001,Reboot Shortcut,12757,07/09/2020, 03:06:10,71
RBTR00001,Reboot Shortcut,12757,07/09/2020, 04:06:45,71
RBTR00001,Reboot Shortcut,12758,07/09/2020, 05:05:57,71
RBTR00001,Reboot Shortcut,12758,07/09/2020, 06:06:28,71
RBTR00001,Reboot Shortcut,12758,07/09/2020, 07:05:57,71
RBTR00001,Reboot Shortcut,12758,07/09/2020, 08:06:18,71
RBTR00001,Reboot Shortcut,12758,07/09/2020, 09:05:43,71
RBTR00001,Reboot Shortcut,12758,07/09/2020, 10:06:05,71
RBTR00001,Reboot Shortcut,12758,07/09/2020, 11:05:36,71
RBTR00001,Reboot Shortcut,12758,07/09/2020, 12:08:03,71
RBTR00001,Reboot Shortcut,12758,07/09/2020, 13:06:02,71
RBTR00001,Reboot Shortcut,12758,07/09/2020, 14:06:52,71
RBTR00001,Reboot Shortcut,12758,07/09/2020, 15:06:10,71
RBTR00001,Reboot Shortcut,12758,07/09/2020, 16:06:21,71
RBTR00001,Reboot Shortcut,12758,07/09/2020, 17:06:13,71
RBTR00001,Reboot Shortcut,12759,07/09/2020, 18:06:43,71
RBTR00001,Reboot Shortcut,12759,07/09/2020, 19:05:44,71
RBTR00001,Reboot Shortcut,12760,07/09/2020, 20:06:59,71
RBTR00001,Reboot Shortcut,12761,07/09/2020, 21:06:05,71
RBTR00001,Reboot Shortcut,12762,07/09/2020, 22:06:06,71
RBTR00001,Reboot Shortcut,12762,07/09/2020, 23:05:51,71
RBTR00001,Reboot Shortcut,12762,07/10/2020, 00:16:56,71
RBTR00001,Reboot Shortcut,12762,07/10/2020, 01:06:56,71
RBTR00001,Reboot Shortcut,12762,07/10/2020, 02:06:51,71
RBTR00001,Reboot Shortcut,12765,07/10/2020, 03:06:16,71
RBTR00001,Reboot Shortcut,12766,07/10/2020, 04:06:43,71
RBTR00001,Reboot Shortcut,12767,07/10/2020, 05:05:43,71
RBTR00001,Reboot Shortcut,12767,07/10/2020, 06:06:35,71
RBTR00001,Reboot Shortcut,12767,07/10/2020, 07:06:22,71
RBTR00001,Reboot Shortcut,12767,07/10/2020, 08:07:09,71
RBTR00001,Reboot Shortcut,12767,07/10/2020, 09:06:34,71
RBTR00001,Reboot Shortcut,12767,07/10/2020, 10:05:57,71
RBTR00001,Reboot Shortcut,12767,07/10/2020, 11:05:54,71
RBTR00001,Reboot Shortcut,12767,07/10/2020, 12:08:53,71
RBTR00001,Reboot Shortcut,12767,07/10/2020, 13:05:56,71
RBTR00001,Reboot Shortcut,12767,07/10/2020, 14:06:49,71
RBTR00001,Reboot Shortcut,12767,07/10/2020, 15:06:01,71
RBTR00001,Reboot Shortcut,12768,07/10/2020, 16:06:24,71
RBTR00001,Reboot Shortcut,12769,07/10/2020, 17:05:48,71
RBTR00001,Reboot Shortcut,12769,07/10/2020, 18:06:45,71
RBTR00001,Reboot Shortcut,12769,07/10/2020, 19:05:45,71
RBTR00001,Reboot Shortcut,12771,07/10/2020, 20:07:06,71
RBTR00001,Reboot Shortcut,12771,07/10/2020, 21:05:58,71
RBTR00001,Reboot Shortcut,12771,07/10/2020, 22:05:54,71
RBTR00001,Reboot Shortcut,12771,07/10/2020, 23:06:09,71
RBTR00001,Reboot Shortcut,12772,07/11/2020, 00:16:59,71
RBTR00001,Reboot Shortcut,12772,07/11/2020, 01:06:40,71
RBTR00001,Reboot Shortcut,12772,07/11/2020, 02:06:46,71
RBTR00001,Reboot Shortcut,12772,07/11/2020, 03:06:08,71
RBTR00001,Reboot Shortcut,12774,07/11/2020, 04:06:31,71
RBTR00001,Reboot Shortcut,12775,07/11/2020, 05:05:35,71
RBTR00001,Reboot Shortcut,12777,07/11/2020, 06:06:58,71
RBTR00001,Reboot Shortcut,12777,07/11/2020, 07:06:31,71
RBTR00001,Reboot Shortcut,12777,07/11/2020, 08:06:47,71
RBTR00001,Reboot Shortcut,12777,07/11/2020, 09:06:06,71
RBTR00001,Reboot Shortcut,12777,07/11/2020, 10:06:17,71
RBTR00001,Reboot Shortcut,12777,07/11/2020, 11:05:57,71
RBTR00001,Reboot Shortcut,12777,07/11/2020, 12:07:58,71
RBTR00001,Reboot Shortcut,12777,07/11/2020, 13:06:21,71
RBTR00001,Reboot Shortcut,12777,07/11/2020, 14:06:58,71
RBTR00001,Reboot Shortcut,12777,07/11/2020, 15:05:43,71
RBTR00001,Reboot Shortcut,12777,07/11/2020, 16:06:35,71
RBTR00001,Reboot Shortcut,12778,07/11/2020, 17:05:52,71
RBTR00001,Reboot Shortcut,12778,07/11/2020, 18:06:29,71
RBTR00001,Reboot Shortcut,12779,07/11/2020, 19:06:06,71
RBTR00001,Reboot Shortcut,12779,07/11/2020, 20:07:25,71
RBTR00001,Reboot Shortcut,12779,07/11/2020, 21:06:09,71
RBTR00001,Reboot Shortcut,12779,07/11/2020, 22:06:06,71
RBTR00001,Reboot Shortcut,12779,07/11/2020, 23:06:03,71
RBTR00001,Reboot Shortcut,12779,07/12/2020, 00:17:48,71
RBTR00001,Reboot Shortcut,12779,07/12/2020, 01:06:34,71
RBTR00001,Reboot Shortcut,12779,07/12/2020, 02:06:35,71
RBTR00001,Reboot Shortcut,12779,07/12/2020, 03:06:36,71
RBTR00001,Reboot Shortcut,12779,07/12/2020, 04:06:49,71
RBTR00001,Reboot Shortcut,12779,07/12/2020, 05:05:52,71
RBTR00001,Reboot Shortcut,12780,07/12/2020, 06:06:57,71
RBTR00001,Reboot Shortcut,12780,07/12/2020, 07:06:07,71
RBTR00001,Reboot Shortcut,12780,07/12/2020, 08:06:29,71
RBTR00001,Reboot Shortcut,12782,07/12/2020, 09:05:59,71
RBTR00001,Reboot Shortcut,12782,07/12/2020, 10:06:20,71
RBTR00001,Reboot Shortcut,12782,07/12/2020, 11:05:42,71
RBTR00001,Reboot Shortcut,12782,07/12/2020, 12:08:14,71
RBTR00001,Reboot Shortcut,12782,07/12/2020, 13:06:01,71
RBTR00001,Reboot Shortcut,12784,07/12/2020, 14:06:41,71
RBTR00001,Reboot Shortcut,12784,07/12/2020, 15:06:03,71
RBTR00001,Reboot Shortcut,12784,07/12/2020, 16:06:18,71
RBTR00001,Reboot Shortcut,12784,07/12/2020, 17:06:03,71
RBTR00001,Reboot Shortcut,12784,07/12/2020, 18:06:52,71
RBTR00001,Reboot Shortcut,12785,07/12/2020, 19:05:41,71
RBTR00001,Reboot Shortcut,12785,07/12/2020, 20:07:04,71
RBTR00001,Reboot Shortcut,12786,07/12/2020, 21:06:00,71
RBTR00001,Reboot Shortcut,12787,07/12/2020, 22:06:01,71
RBTR00001,Reboot Shortcut,12787,07/12/2020, 23:06:13,71
RBTR00001,Reboot Shortcut,12787,07/13/2020, 00:17:20,71
RBTR00001,Reboot Shortcut,12787,07/13/2020, 01:06:52,71
RBTR00001,Reboot Shortcut,12788,07/13/2020, 02:06:53,71
RBTR00001,Reboot Shortcut,12788,07/13/2020, 03:06:51,71
RBTR00001,Reboot Shortcut,12788,07/13/2020, 04:06:55,71
RBTR00001,Reboot Shortcut,12789,07/13/2020, 05:08:11,71
RBTR00001,Reboot Shortcut,12791,07/13/2020, 07:07:36,71
RBTR00001,Reboot Shortcut,12792,07/13/2020, 09:06:24,71
RBTR00001,Reboot Shortcut,12792,07/13/2020, 10:06:21,71
RBTR00001,Reboot Shortcut,12793,07/13/2020, 11:05:53,71
RBTR00001,Reboot Shortcut,12793,07/13/2020, 12:08:01,71
RBTR00001,Reboot Shortcut,12793,07/13/2020, 13:06:08,71
RBTR00001,Reboot Shortcut,12793,07/13/2020, 14:07:06,71
RBTR00001,Reboot Shortcut,12793,07/13/2020, 15:06:07,71
RBTR00001,Reboot Shortcut,12793,07/13/2020, 16:06:22,71
RBTR00001,Reboot Shortcut,12794,07/13/2020, 17:05:48,71
RBTR00001,Reboot Shortcut,12794,07/13/2020, 18:06:49,71
RBTR00001,Reboot Shortcut,12795,07/13/2020, 19:05:44,71
RBTR00001,Reboot Shortcut,12795,07/13/2020, 20:07:14,71
RBTR00001,Reboot Shortcut,12795,07/13/2020, 21:06:08,71
RBTR00001,Reboot Shortcut,12795,07/13/2020, 22:06:06,71
RBTR00001,Reboot Shortcut,12795,07/13/2020, 23:05:58,71
RBTR00001,Reboot Shortcut,12795,07/14/2020, 00:17:08,71
RBTR00001,Reboot Shortcut,12795,07/14/2020, 01:06:36,71
RBTR00001,Reboot Shortcut,12795,07/14/2020, 02:07:10,71
RBTR00001,Reboot Shortcut,12795,07/14/2020, 03:06:29,71
RBTR00001,Reboot Shortcut,12795,07/14/2020, 04:06:26,71
RBTR00001,Reboot Shortcut,12795,07/14/2020, 05:06:05,71
RBTR00001,Reboot Shortcut,12795,07/14/2020, 06:06:55,71
RBTR00001,Reboot Shortcut,12795,07/14/2020, 07:06:18,71
RBTR00001,Reboot Shortcut,12796,07/14/2020, 08:06:49,71
RBTR00001,Reboot Shortcut,12796,07/14/2020, 09:06:25,71
RBTR00001,Reboot Shortcut,12796,07/14/2020, 10:06:12,71
RBTR00001,Reboot Shortcut,12796,07/14/2020, 11:05:55,71
RBTR00001,Reboot Shortcut,12796,07/14/2020, 12:08:53,71
RBTR00001,Reboot Shortcut,12796,07/14/2020, 13:07:00,71
RBTR00001,Reboot Shortcut,12796,07/14/2020, 14:35:45,71
RBTR00001,Reboot Shortcut,12796,07/14/2020, 15:06:15,71
RBTR00001,Reboot Shortcut,12796,07/14/2020, 16:06:26,71
RBTR00001,Reboot Shortcut,12796,07/14/2020, 17:05:59,71
RBTR00001,Reboot Shortcut,12796,07/14/2020, 18:06:45,71
RBTR00001,Reboot Shortcut,12796,07/14/2020, 19:06:06,71
RBTR00001,Reboot Shortcut,12796,07/14/2020, 20:06:57,71
RBTR00001,Reboot Shortcut,12797,07/14/2020, 21:05:19,71
RBTR00001,Reboot Shortcut,12797,07/14/2020, 22:06:00,71
RBTR00001,Reboot Shortcut,12797,07/14/2020, 23:06:16,71
RBTR00001,Reboot Shortcut,12797,07/15/2020, 00:17:28,71
RBTR00001,Reboot Shortcut,12797,07/15/2020, 01:06:56,71
RBTR00001,Reboot Shortcut,12797,07/15/2020, 02:06:53,71
RBTR00001,Reboot Shortcut,12797,07/15/2020, 03:06:31,71
RBTR00001,Reboot Shortcut,12797,07/15/2020, 04:06:27,71
RBTR00001,Reboot Shortcut,12798,07/15/2020, 05:05:48,71
RBTR00001,Reboot Shortcut,12798,07/15/2020, 06:07:18,71
RBTR00001,Reboot Shortcut,12798,07/15/2020, 07:06:51,71
RBTR00001,Reboot Shortcut,12798,07/15/2020, 08:06:48,71
RBTR00001,Reboot Shortcut,12798,07/15/2020, 09:06:36,71
RBTR00001,Reboot Shortcut,12798,07/15/2020, 10:06:10,71
RBTR00001,Reboot Shortcut,12798,07/15/2020, 11:06:01,71
RBTR00001,Reboot Shortcut,12800,07/15/2020, 12:08:00,71
RBTR00001,Reboot Shortcut,12800,07/15/2020, 13:05:58,71
RBTR00001,Reboot Shortcut,12800,07/15/2020, 14:06:45,71
RBTR00001,Reboot Shortcut,12800,07/15/2020, 15:06:20,71
RBTR00001,Reboot Shortcut,12800,07/15/2020, 16:06:26,71
RBTR00001,Reboot Shortcut,12800,07/15/2020, 17:05:54,71
RBTR00001,Reboot Shortcut,12800,07/15/2020, 18:06:26,71
RBTR00001,Reboot Shortcut,12800,07/15/2020, 19:05:07,71
RBTR00001,Reboot Shortcut,12800,07/15/2020, 20:06:08,71
RBTR00001,Reboot Shortcut,12800,07/15/2020, 21:05:54,71
RBTR00001,Reboot Shortcut,12800,07/15/2020, 22:06:06,71
RBTR00001,Reboot Shortcut,12800,07/15/2020, 23:06:06,71
RBTR00001,Reboot Shortcut,12800,07/16/2020, 00:17:04,71
RBTR00001,Reboot Shortcut,12800,07/16/2020, 01:06:37,71
RBTR00001,Reboot Shortcut,12800,07/16/2020, 02:07:03,71
RBTR00001,Reboot Shortcut,12800,07/16/2020, 03:06:32,71
RBTR00001,Reboot Shortcut,12800,07/16/2020, 04:06:47,71
RBTR00001,Reboot Shortcut,12800,07/16/2020, 05:05:58,71
RBTR00001,Reboot Shortcut,12800,07/16/2020, 06:06:27,71
RBTR00001,Reboot Shortcut,12800,07/16/2020, 07:06:21,71
RBTR00001,Reboot Shortcut,12800,07/16/2020, 08:06:20,71
RBTR00001,Reboot Shortcut,12800,07/16/2020, 09:06:39,71
RBTR00001,Reboot Shortcut,12800,07/16/2020, 10:06:16,71
RBTR00001,Reboot Shortcut,12801,07/16/2020, 11:05:47,71
RBTR00001,Reboot Shortcut,12801,07/16/2020, 12:08:24,71
RBTR00001,Reboot Shortcut,12801,07/16/2020, 13:06:13,71
RBTR00001,Reboot Shortcut,12801,07/16/2020, 14:06:45,71
RBTR00001,Reboot Shortcut,12801,07/16/2020, 15:06:23,71
RBTR00001,Reboot Shortcut,12801,07/16/2020, 16:06:43,71
RBTR00001,Reboot Shortcut,12802,07/16/2020, 17:06:29,71
RBTR00001,Reboot Shortcut,12803,07/16/2020, 18:06:41,71
RBTR00001,Reboot Shortcut,12804,07/16/2020, 19:05:54,71
RBTR00001,Reboot Shortcut,12804,07/16/2020, 20:06:51,71
RBTR00001,Reboot Shortcut,12805,07/16/2020, 21:06:14,71
RBTR00001,Reboot Shortcut,12806,07/16/2020, 22:05:59,71
RBTR00001,Reboot Shortcut,12806,07/16/2020, 23:07:00,71
RBTR00001,Reboot Shortcut,12806,07/17/2020, 00:17:10,71
RBTR00001,Reboot Shortcut,12806,07/17/2020, 01:07:04,71
RBTR00001,Reboot Shortcut,12806,07/17/2020, 02:07:15,71
RBTR00001,Reboot Shortcut,12806,07/17/2020, 03:06:36,71
RBTR00001,Reboot Shortcut,12808,07/17/2020, 04:07:07,71
RBTR00001,Reboot Shortcut,12808,07/17/2020, 05:05:59,71
RBTR00001,Reboot Shortcut,12808,07/17/2020, 06:06:56,71
RBTR00001,Reboot Shortcut,12808,07/17/2020, 07:06:23,71
RBTR00001,Reboot Shortcut,12808,07/17/2020, 08:06:51,71
RBTR00001,Reboot Shortcut,12808,07/17/2020, 09:06:22,71
RBTR00001,Reboot Shortcut,12809,07/17/2020, 10:06:17,71
RBTR00001,Reboot Shortcut,12809,07/17/2020, 11:05:50,71
RBTR00001,Reboot Shortcut,12809,07/17/2020, 12:08:47,71
RBTR00001,Reboot Shortcut,12809,07/17/2020, 13:06:07,71
RBTR00001,Reboot Shortcut,12809,07/17/2020, 14:06:33,71
RBTR00001,Reboot Shortcut,12810,07/17/2020, 15:05:59,71
RBTR00001,Reboot Shortcut,12810,07/17/2020, 16:07:05,71
RBTR00001,Reboot Shortcut,12810,07/17/2020, 17:05:49,71
RBTR00001,Reboot Shortcut,12810,07/17/2020, 18:06:29,71
RBTR00001,Reboot Shortcut,12810,07/17/2020, 19:06:05,71
RBTR00001,Reboot Shortcut,12810,07/17/2020, 20:07:08,71
RBTR00001,Reboot Shortcut,12810,07/17/2020, 21:05:32,71
RBTR00001,Reboot Shortcut,12810,07/17/2020, 22:06:06,71
RBTR00001,Reboot Shortcut,12811,07/17/2020, 23:06:04,71
RBTR00001,Reboot Shortcut,12811,07/18/2020, 00:17:27,71
RBTR00001,Reboot Shortcut,12811,07/18/2020, 01:06:51,71
RBTR00001,Reboot Shortcut,12811,07/18/2020, 02:07:04,71
RBTR00001,Reboot Shortcut,12811,07/18/2020, 03:06:33,71
RBTR00001,Reboot Shortcut,12812,07/18/2020, 04:06:33,71
RBTR00001,Reboot Shortcut,12812,07/18/2020, 05:05:58,71
RBTR00001,Reboot Shortcut,12812,07/18/2020, 06:06:44,71
RBTR00001,Reboot Shortcut,12813,07/18/2020, 07:06:28,71
RBTR00001,Reboot Shortcut,12814,07/18/2020, 09:06:13,71
RBTR00001,Reboot Shortcut,12815,07/18/2020, 10:06:10,71
RBTR00001,Reboot Shortcut,12815,07/18/2020, 11:06:06,71
RBTR00001,Reboot Shortcut,12815,07/18/2020, 12:08:03,71
RBTR00001,Reboot Shortcut,12815,07/18/2020, 13:05:55,71
RBTR00001,Reboot Shortcut,12815,07/18/2020, 14:06:26,71
RBTR00001,Reboot Shortcut,12815,07/18/2020, 15:05:56,71
RBTR00001,Reboot Shortcut,12815,07/18/2020, 16:06:18,71
RBTR00001,Reboot Shortcut,12815,07/18/2020, 17:05:38,71
RBTR00001,Reboot Shortcut,12815,07/18/2020, 18:06:52,71
RBTR00001,Reboot Shortcut,12815,07/18/2020, 19:05:35,71
RBTR00001,Reboot Shortcut,12815,07/18/2020, 20:07:09,71
RBTR00001,Reboot Shortcut,12815,07/18/2020, 21:06:25,71
RBTR00001,Reboot Shortcut,12816,07/18/2020, 22:05:52,71
RBTR00001,Reboot Shortcut,12816,07/18/2020, 23:05:42,71
RBTR00001,Reboot Shortcut,12816,07/19/2020, 00:18:09,71
RBTR00001,Reboot Shortcut,12816,07/19/2020, 01:06:52,71
RBTR00001,Reboot Shortcut,12816,07/19/2020, 02:07:01,71
RBTR00001,Reboot Shortcut,12816,07/19/2020, 03:06:18,71
RBTR00001,Reboot Shortcut,12816,07/19/2020, 04:06:49,71
RBTR00001,Reboot Shortcut,12816,07/19/2020, 05:06:16,71
RBTR00001,Reboot Shortcut,12816,07/19/2020, 06:07:15,71
RBTR00001,Reboot Shortcut,12817,07/19/2020, 07:06:40,71
RBTR00001,Reboot Shortcut,12818,07/19/2020, 08:06:25,71
RBTR00001,Reboot Shortcut,12818,07/19/2020, 09:06:30,71
RBTR00001,Reboot Shortcut,12818,07/19/2020, 10:06:17,71
RBTR00001,Reboot Shortcut,12818,07/19/2020, 11:05:48,71
RBTR00001,Reboot Shortcut,12818,07/19/2020, 12:08:21,71
RBTR00001,Reboot Shortcut,12818,07/19/2020, 13:06:07,71
RBTR00001,Reboot Shortcut,12818,07/19/2020, 14:07:05,71
RBTR00001,Reboot Shortcut,12819,07/19/2020, 15:05:56,71
RBTR00001,Reboot Shortcut,12820,07/19/2020, 16:06:37,71
RBTR00001,Reboot Shortcut,12821,07/19/2020, 17:05:47,71
RBTR00001,Reboot Shortcut,12821,07/19/2020, 18:06:22,71
RBTR00001,Reboot Shortcut,12821,07/19/2020, 19:05:44,71
RBTR00001,Reboot Shortcut,12821,07/19/2020, 20:07:17,71
RBTR00001,Reboot Shortcut,12821,07/19/2020, 21:06:37,71
RBTR00001,Reboot Shortcut,12821,07/19/2020, 22:06:02,71
RBTR00001,Reboot Shortcut,12821,07/19/2020, 23:06:01,71
RBTR00001,Reboot Shortcut,12822,07/20/2020, 00:17:39,71
RBTR00001,Reboot Shortcut,12822,07/20/2020, 01:07:01,71
RBTR00001,Reboot Shortcut,12822,07/20/2020, 02:07:10,71
RBTR00001,Reboot Shortcut,12822,07/20/2020, 03:06:44,71
RBTR00001,Reboot Shortcut,12822,07/20/2020, 04:07:21,71
RBTR00001,Reboot Shortcut,12822,07/20/2020, 05:06:17,71
RBTR00001,Reboot Shortcut,12822,07/20/2020, 06:06:48,71
RBTR00001,Reboot Shortcut,12822,07/20/2020, 07:06:41,71
RBTR00001,Reboot Shortcut,12822,07/20/2020, 08:07:27,71
RBTR00001,Reboot Shortcut,12822,07/20/2020, 09:06:40,71
RBTR00001,Reboot Shortcut,12822,07/20/2020, 10:06:55,71
RBTR00001,Reboot Shortcut,12822,07/20/2020, 11:05:53,71
RBTR00001,Reboot Shortcut,12822,07/20/2020, 12:08:03,71
RBTR00001,Reboot Shortcut,12822,07/20/2020, 13:05:56,71
RBTR00001,Reboot Shortcut,12823,07/20/2020, 14:07:02,71
RBTR00001,Reboot Shortcut,12823,07/20/2020, 15:06:33,71
RBTR00001,Reboot Shortcut,12824,07/20/2020, 16:06:33,71
RBTR00001,Reboot Shortcut,12825,07/20/2020, 17:05:56,71
RBTR00001,Reboot Shortcut,12825,07/20/2020, 18:06:36,71
RBTR00001,Reboot Shortcut,12825,07/20/2020, 19:06:08,71
RBTR00001,Reboot Shortcut,12825,07/20/2020, 20:07:27,71
RBTR00001,Reboot Shortcut,12825,07/20/2020, 21:06:26,71
RBTR00001,Reboot Shortcut,12826,07/20/2020, 22:05:59,71
RBTR00001,Reboot Shortcut,12827,07/20/2020, 23:05:52,71
RBTR00001,Reboot Shortcut,12827,07/21/2020, 00:17:41,71
RBTR00001,Reboot Shortcut,12827,07/21/2020, 01:07:19,71
RBTR00001,Reboot Shortcut,12827,07/21/2020, 02:07:34,71
RBTR00001,Reboot Shortcut,12827,07/21/2020, 03:06:35,71
RBTR00001,Reboot Shortcut,12827,07/21/2020, 04:06:59,71
RBTR00001,Reboot Shortcut,12827,07/21/2020, 05:06:29,71
RBTR00001,Reboot Shortcut,12827,07/21/2020, 06:07:06,71
RBTR00001,Reboot Shortcut,12827,07/21/2020, 07:06:45,71
RBTR00001,Reboot Shortcut,12827,07/21/2020, 08:06:58,71
RBTR00001,Reboot Shortcut,12828,07/21/2020, 09:06:31,71
RBTR00001,Reboot Shortcut,12829,07/21/2020, 10:06:29,71
RBTR00001,Reboot Shortcut,12829,07/21/2020, 11:06:30,71
RBTR00001,Reboot Shortcut,12829,07/21/2020, 12:08:24,71
RBTR00001,Reboot Shortcut,12829,07/21/2020, 13:05:51,71
RBTR00001,Reboot Shortcut,12829,07/21/2020, 14:06:56,71
RBTR00001,Reboot Shortcut,12829,07/21/2020, 15:06:31,71
RBTR00001,Reboot Shortcut,12829,07/21/2020, 16:06:31,71
RBTR00001,Reboot Shortcut,12829,07/21/2020, 17:06:18,71
RBTR00001,Reboot Shortcut,12830,07/21/2020, 18:06:48,71
RBTR00001,Reboot Shortcut,12830,07/21/2020, 19:06:10,71
RBTR00001,Reboot Shortcut,12830,07/21/2020, 20:07:01,71
RBTR00001,Reboot Shortcut,12832,07/21/2020, 21:06:18,71
RBTR00001,Reboot Shortcut,12832,07/21/2020, 22:06:25,71
RBTR00001,Reboot Shortcut,12832,07/21/2020, 23:05:48,71
RBTR00001,Reboot Shortcut,12833,07/22/2020, 00:17:33,71
RBTR00001,Reboot Shortcut,12833,07/22/2020, 01:07:02,71
RBTR00001,Reboot Shortcut,12833,07/22/2020, 02:07:22,71
RBTR00001,Reboot Shortcut,12834,07/22/2020, 03:06:30,71
RBTR00001,Reboot Shortcut,12835,07/22/2020, 04:07:00,71
RBTR00001,Reboot Shortcut,12835,07/22/2020, 05:06:20,71
RBTR00001,Reboot Shortcut,12835,07/22/2020, 06:06:59,71
RBTR00001,Reboot Shortcut,12835,07/22/2020, 07:06:49,71
RBTR00001,Reboot Shortcut,12835,07/22/2020, 08:07:29,71
RBTR00001,Reboot Shortcut,12835,07/22/2020, 09:06:24,71
RBTR00001,Reboot Shortcut,12838,07/22/2020, 10:06:34,71
RBTR00001,Reboot Shortcut,12838,07/22/2020, 11:05:54,71
RBTR00001,Reboot Shortcut,12838,07/22/2020, 12:08:06,71
RBTR00001,Reboot Shortcut,12838,07/22/2020, 13:05:59,71
RBTR00001,Reboot Shortcut,12838,07/22/2020, 14:07:14,71
RBTR00001,Reboot Shortcut,12839,07/22/2020, 15:06:24,71
RBTR00001,Reboot Shortcut,12839,07/22/2020, 16:06:47,71
RBTR00001,Reboot Shortcut,12839,07/22/2020, 17:06:10,71
RBTR00001,Reboot Shortcut,12839,07/22/2020, 18:07:04,71
RBTR00001,Reboot Shortcut,12839,07/22/2020, 19:06:08,71
RBTR00001,Reboot Shortcut,12839,07/22/2020, 20:07:25,71
RBTR00001,Reboot Shortcut,12839,07/22/2020, 21:06:34,71
RBTR00001,Reboot Shortcut,12840,07/22/2020, 22:06:28,71
RBTR00001,Reboot Shortcut,12840,07/22/2020, 23:06:06,71
RBTR00001,Reboot Shortcut,12840,07/23/2020, 00:17:38,71
RBTR00001,Reboot Shortcut,12840,07/23/2020, 01:06:44,71
RBTR00001,Reboot Shortcut,12840,07/23/2020, 02:07:11,71
RBTR00001,Reboot Shortcut,12840,07/23/2020, 03:06:37,71
RBTR00001,Reboot Shortcut,12840,07/23/2020, 04:07:12,71
RBTR00001,Reboot Shortcut,12840,07/23/2020, 05:06:34,71
RBTR00001,Reboot Shortcut,12840,07/23/2020, 06:07:10,71
RBTR00001,Reboot Shortcut,12840,07/23/2020, 07:06:35,71
RBTR00001,Reboot Shortcut,12840,07/23/2020, 08:07:09,71
RBTR00001,Reboot Shortcut,12840,07/23/2020, 09:06:54,71
RBTR00001,Reboot Shortcut,12840,07/23/2020, 10:06:40,71
RBTR00001,Reboot Shortcut,12840,07/23/2020, 11:06:04,71
RBTR00001,Reboot Shortcut,12841,07/23/2020, 12:08:20,71
RBTR00001,Reboot Shortcut,12841,07/23/2020, 13:06:24,71
RBTR00001,Reboot Shortcut,12841,07/23/2020, 14:06:50,71
RBTR00001,Reboot Shortcut,12841,07/23/2020, 15:06:33,71
RBTR00001,Reboot Shortcut,12841,07/23/2020, 16:06:44,71
RBTR00001,Reboot Shortcut,12841,07/23/2020, 17:06:41,71
RBTR00001,Reboot Shortcut,12841,07/23/2020, 18:06:51,71
RBTR00001,Reboot Shortcut,12841,07/23/2020, 19:06:24,71
RBTR00001,Reboot Shortcut,12841,07/23/2020, 20:07:14,71
RBTR00001,Reboot Shortcut,12841,07/23/2020, 21:06:39,71
RBTR00001,Reboot Shortcut,12841,07/23/2020, 22:06:33,71
RBTR00001,Reboot Shortcut,12841,07/23/2020, 23:06:01,71
RBTR00001,Reboot Shortcut,12841,07/24/2020, 00:17:59,71
RBTR00001,Reboot Shortcut,12841,07/24/2020, 01:07:29,71
RBTR00001,Reboot Shortcut,12842,07/24/2020, 02:07:51,71
RBTR00001,Reboot Shortcut,12842,07/24/2020, 03:06:35,71
RBTR00001,Reboot Shortcut,12842,07/24/2020, 04:06:58,71
RBTR00001,Reboot Shortcut,12842,07/24/2020, 05:06:26,71
RBTR00001,Reboot Shortcut,12842,07/24/2020, 06:06:59,71
RBTR00001,Reboot Shortcut,12842,07/24/2020, 07:06:52,71
RBTR00001,Reboot Shortcut,12842,07/24/2020, 08:07:25,71
RBTR00001,Reboot Shortcut,12842,07/24/2020, 09:06:20,71
RBTR00001,Reboot Shortcut,12843,07/24/2020, 10:06:20,71
RBTR00001,Reboot Shortcut,12843,07/24/2020, 11:06:16,71
RBTR00001,Reboot Shortcut,12843,07/24/2020, 12:09:23,71
RBTR00001,Reboot Shortcut,12843,07/24/2020, 13:05:52,71
RBTR00001,Reboot Shortcut,12843,07/24/2020, 14:06:55,71
RBTR00001,Reboot Shortcut,12843,07/24/2020, 15:06:09,71
RBTR00001,Reboot Shortcut,12843,07/24/2020, 16:06:38,71
RBTR00001,Reboot Shortcut,12843,07/24/2020, 17:06:17,71
RBTR00001,Reboot Shortcut,12843,07/24/2020, 18:06:54,71
RBTR00001,Reboot Shortcut,12843,07/24/2020, 19:06:18,71
RBTR00001,Reboot Shortcut,12843,07/24/2020, 20:07:21,71
RBTR00001,Reboot Shortcut,12844,07/24/2020, 21:06:18,71
RBTR00001,Reboot Shortcut,12844,07/24/2020, 22:06:16,71
RBTR00001,Reboot Shortcut,12844,07/24/2020, 23:06:09,71
RBTR00001,Reboot Shortcut,12844,07/25/2020, 00:18:05,71
RBTR00001,Reboot Shortcut,12844,07/25/2020, 01:06:43,71
RBTR00001,Reboot Shortcut,12844,07/25/2020, 02:07:13,71
RBTR00001,Reboot Shortcut,12844,07/25/2020, 03:06:46,71
RBTR00001,Reboot Shortcut,12844,07/25/2020, 04:07:05,71
RBTR00001,Reboot Shortcut,12844,07/25/2020, 05:06:30,71
RBTR00001,Reboot Shortcut,12844,07/25/2020, 06:07:01,71
RBTR00001,Reboot Shortcut,12844,07/25/2020, 07:07:04,71
RBTR00001,Reboot Shortcut,12844,07/25/2020, 08:06:51,71
RBTR00001,Reboot Shortcut,12844,07/25/2020, 09:06:54,71
RBTR00001,Reboot Shortcut,12845,07/25/2020, 10:06:42,71
RBTR00001,Reboot Shortcut,12846,07/25/2020, 11:06:09,71
RBTR00001,Reboot Shortcut,12846,07/25/2020, 12:08:06,71
RBTR00001,Reboot Shortcut,12846,07/25/2020, 13:06:01,71
RBTR00001,Reboot Shortcut,12847,07/25/2020, 14:06:51,71
RBTR00001,Reboot Shortcut,12847,07/25/2020, 15:06:18,71
RBTR00001,Reboot Shortcut,12847,07/25/2020, 16:06:55,71
RBTR00001,Reboot Shortcut,12847,07/25/2020, 17:06:23,71
RBTR00001,Reboot Shortcut,12848,07/25/2020, 18:07:20,71
RBTR00001,Reboot Shortcut,12848,07/25/2020, 19:06:40,71
RBTR00001,Reboot Shortcut,12849,07/25/2020, 20:07:12,71
RBTR00001,Reboot Shortcut,12849,07/25/2020, 21:06:38,71
RBTR00001,Reboot Shortcut,12849,07/25/2020, 22:06:24,71
RBTR00001,Reboot Shortcut,12849,07/25/2020, 23:05:49,71
RBTR00001,Reboot Shortcut,12849,07/26/2020, 00:18:48,71
RBTR00001,Reboot Shortcut,12849,07/26/2020, 01:06:53,71
RBTR00001,Reboot Shortcut,12852,07/26/2020, 02:07:26,71
RBTR00001,Reboot Shortcut,12852,07/26/2020, 03:06:21,71
RBTR00001,Reboot Shortcut,12852,07/26/2020, 04:06:42,71
RBTR00001,Reboot Shortcut,12853,07/26/2020, 05:06:21,71
RBTR00001,Reboot Shortcut,12854,07/26/2020, 06:07:15,71
RBTR00001,Reboot Shortcut,12854,07/26/2020, 07:07:06,71
RBTR00001,Reboot Shortcut,12854,07/26/2020, 08:07:36,71
RBTR00001,Reboot Shortcut,12855,07/26/2020, 09:06:32,71
RBTR00001,Reboot Shortcut,12855,07/26/2020, 10:06:26,71
RBTR00001,Reboot Shortcut,12856,07/26/2020, 11:05:51,71
RBTR00001,Reboot Shortcut,12856,07/26/2020, 12:08:14,71
RBTR00001,Reboot Shortcut,12857,07/26/2020, 13:06:08,71
RBTR00001,Reboot Shortcut,12857,07/26/2020, 14:06:48,71
RBTR00001,Reboot Shortcut,12857,07/26/2020, 15:06:33,71
RBTR00001,Reboot Shortcut,12858,07/26/2020, 16:06:57,71
RBTR00001,Reboot Shortcut,12858,07/26/2020, 17:06:25,71
RBTR00001,Reboot Shortcut,12858,07/26/2020, 18:07:07,71
RBTR00001,Reboot Shortcut,12858,07/26/2020, 19:06:24,71
RBTR00001,Reboot Shortcut,12858,07/26/2020, 20:07:25,71
RBTR00001,Reboot Shortcut,12858,07/26/2020, 21:06:43,71
RBTR00001,Reboot Shortcut,12858,07/26/2020, 22:06:40,71
RBTR00001,Reboot Shortcut,12858,07/26/2020, 23:06:07,71
RBTR00001,Reboot Shortcut,12860,07/27/2020, 00:18:16,71
RBTR00001,Reboot Shortcut,12860,07/27/2020, 01:06:51,71
RBTR00001,Reboot Shortcut,12861,07/27/2020, 02:07:15,71
RBTR00001,Reboot Shortcut,12862,07/27/2020, 03:06:45,71
RBTR00001,Reboot Shortcut,12862,07/27/2020, 04:07:17,71
RBTR00001,Reboot Shortcut,12864,07/27/2020, 05:06:39,71
RBTR00001,Reboot Shortcut,12864,07/27/2020, 06:07:36,71
RBTR00001,Reboot Shortcut,12864,07/27/2020, 07:06:43,71
RBTR00001,Reboot Shortcut,12864,07/27/2020, 08:07:48,71
RBTR00001,Reboot Shortcut,12864,07/27/2020, 09:06:41,71
RBTR00001,Reboot Shortcut,12864,07/27/2020, 10:06:40,71
RBTR00001,Reboot Shortcut,12864,07/27/2020, 11:06:21,71
RBTR00001,Reboot Shortcut,12864,07/27/2020, 12:08:28,71
RBTR00001,Reboot Shortcut,12864,07/27/2020, 13:06:16,71
RBTR00001,Reboot Shortcut,12864,07/27/2020, 14:06:47,71
RBTR00001,Reboot Shortcut,12865,07/27/2020, 15:06:56,71
RBTR00001,Reboot Shortcut,12866,07/27/2020, 16:06:03,71
RBTR00001,Reboot Shortcut,12867,07/27/2020, 17:05:37,71
RBTR00001,Reboot Shortcut,12868,07/27/2020, 18:06:27,71
RBTR00001,Reboot Shortcut,12868,07/27/2020, 19:05:24,71
RBTR00001,Reboot Shortcut,12869,07/27/2020, 20:06:16,71
RBTR00001,Reboot Shortcut,12869,07/27/2020, 21:05:19,71
RBTR00001,Reboot Shortcut,12869,07/27/2020, 22:06:19,71
RBTR00001,Reboot Shortcut,12869,07/27/2020, 23:05:48,71
RBTR00001,Reboot Shortcut,12870,07/28/2020, 00:18:01,71
RBTR00001,Reboot Shortcut,12870,07/28/2020, 01:07:02,71
RBTR00001,Reboot Shortcut,12871,07/28/2020, 02:07:33,71
RBTR00001,Reboot Shortcut,12872,07/28/2020, 03:06:31,71
RBTR00001,Reboot Shortcut,12872,07/28/2020, 04:06:54,71
RBTR00001,Reboot Shortcut,12873,07/28/2020, 05:06:29,71
RBTR00001,Reboot Shortcut,12873,07/28/2020, 06:07:30,71
RBTR00001,Reboot Shortcut,12873,07/28/2020, 07:06:47,71
RBTR00001,Reboot Shortcut,12874,07/28/2020, 08:07:40,71
RBTR00001,Reboot Shortcut,12874,07/28/2020, 09:06:45,71
RBTR00001,Reboot Shortcut,12874,07/28/2020, 10:06:43,71
RBTR00001,Reboot Shortcut,12874,07/28/2020, 11:06:16,71
RBTR00001,Reboot Shortcut,12874,07/28/2020, 12:08:38,71
RBTR00001,Reboot Shortcut,12874,07/28/2020, 13:06:35,71
RBTR00001,Reboot Shortcut,12874,07/28/2020, 14:07:02,71
RBTR00001,Reboot Shortcut,12874,07/28/2020, 15:07:11,71
RBTR00001,Reboot Shortcut,12874,07/28/2020, 16:07:20,71
RBTR00001,Reboot Shortcut,12874,07/28/2020, 17:06:19,71
RBTR00001,Reboot Shortcut,12874,07/28/2020, 18:06:50,71
RBTR00001,Reboot Shortcut,12874,07/28/2020, 19:06:38,71
RBTR00001,Reboot Shortcut,12876,07/28/2020, 20:07:27,71
RBTR00001,Reboot Shortcut,12876,07/28/2020, 21:07:00,71
RBTR00001,Reboot Shortcut,12876,07/28/2020, 22:06:42,71
RBTR00001,Reboot Shortcut,12877,07/28/2020, 23:06:28,71
RBTR00001,Reboot Shortcut,12877,07/29/2020, 00:17:02,71
RBTR00001,Reboot Shortcut,12878,07/29/2020, 01:07:29,71
RBTR00001,Reboot Shortcut,12879,07/29/2020, 02:07:31,71
RBTR00001,Reboot Shortcut,12880,07/29/2020, 03:06:41,71
RBTR00001,Reboot Shortcut,12880,07/29/2020, 04:07:01,71
RBTR00001,Reboot Shortcut,12880,07/29/2020, 05:06:34,71
RBTR00001,Reboot Shortcut,12880,07/29/2020, 06:07:37,71
RBTR00001,Reboot Shortcut,12881,07/29/2020, 07:06:32,71
RBTR00001,Reboot Shortcut,12881,07/29/2020, 08:07:02,71
RBTR00001,Reboot Shortcut,12882,07/29/2020, 09:06:37,71
RBTR00001,Reboot Shortcut,12882,07/29/2020, 10:06:35,71
RBTR00001,Reboot Shortcut,12882,07/29/2020, 11:06:30,71
RBTR00001,Reboot Shortcut,12882,07/29/2020, 12:08:38,71
RBTR00001,Reboot Shortcut,12882,07/29/2020, 13:06:47,71
RBTR00001,Reboot Shortcut,12882,07/29/2020, 14:07:11,71
RBTR00001,Reboot Shortcut,12882,07/29/2020, 15:07:49,71
RBTR00001,Reboot Shortcut,12883,07/29/2020, 16:07:16,71
RBTR00001,Reboot Shortcut,12885,07/29/2020, 17:06:20,71
RBTR00001,Reboot Shortcut,12886,07/29/2020, 18:07:21,71
RBTR00001,Reboot Shortcut,12886,07/29/2020, 19:06:41,71
RBTR00001,Reboot Shortcut,12886,07/29/2020, 20:07:48,71
RBTR00001,Reboot Shortcut,12886,07/29/2020, 21:06:40,71
RBTR00001,Reboot Shortcut,12886,07/29/2020, 22:06:40,71
RBTR00001,Reboot Shortcut,12887,07/29/2020, 23:06:38,71
RBTR00001,Reboot Shortcut,12887,07/30/2020, 00:18:26,71
RBTR00001,Reboot Shortcut,12887,07/30/2020, 01:07:17,71
RBTR00001,Reboot Shortcut,12887,07/30/2020, 02:07:19,71
RBTR00001,Reboot Shortcut,12887,07/30/2020, 03:06:59,71
RBTR00001,Reboot Shortcut,12888,07/30/2020, 04:06:52,71
RBTR00001,Reboot Shortcut,12888,07/30/2020, 05:06:52,71
RBTR00001,Reboot Shortcut,12888,07/30/2020, 06:07:52,71
RBTR00001,Reboot Shortcut,12888,07/30/2020, 07:06:48,71
RBTR00001,Reboot Shortcut,12888,07/30/2020, 08:07:27,71
RBTR00001,Reboot Shortcut,12889,07/30/2020, 09:06:50,71
RBTR00001,Reboot Shortcut,12889,07/30/2020, 10:06:29,71
RBTR00001,Reboot Shortcut,12889,07/30/2020, 11:06:45,71
RBTR00001,Reboot Shortcut,12889,07/30/2020, 12:08:58,71
RBTR00001,Reboot Shortcut,12889,07/30/2020, 13:06:31,71
RBTR00001,Reboot Shortcut,12889,07/30/2020, 14:08:07,71
RBTR00001,Reboot Shortcut,12889,07/30/2020, 15:07:42,71
RBTR00001,Reboot Shortcut,12889,07/30/2020, 16:07:25,71
RBTR00001,Reboot Shortcut,12889,07/30/2020, 17:06:48,71
RBTR00001,Reboot Shortcut,12890,07/30/2020, 18:07:25,71
RBTR00001,Reboot Shortcut,12890,07/30/2020, 19:06:11,71
RBTR00001,Reboot Shortcut,12890,07/30/2020, 20:06:45,71
RBTR00001,Reboot Shortcut,12890,07/30/2020, 21:05:39,71
RBTR00001,Reboot Shortcut,12890,07/30/2020, 22:05:41,71
RBTR00001,Reboot Shortcut,12890,07/30/2020, 23:06:32,71
RBTR00001,Reboot Shortcut,12890,07/31/2020, 00:19:01,71
RBTR00001,Reboot Shortcut,12891,07/31/2020, 01:07:37,71
RBTR00001,Reboot Shortcut,12891,07/31/2020, 02:07:51,71
RBTR00001,Reboot Shortcut,12891,07/31/2020, 03:06:45,71
RBTR00001,Reboot Shortcut,12891,07/31/2020, 04:07:17,71
RBTR00001,Reboot Shortcut,12892,07/31/2020, 05:06:52,71
RBTR00001,Reboot Shortcut,12892,07/31/2020, 06:07:24,71
RBTR00001,Reboot Shortcut,12892,07/31/2020, 07:06:55,71
RBTR00001,Reboot Shortcut,12893,07/31/2020, 08:08:06,71
RBTR00001,Reboot Shortcut,12894,07/31/2020, 09:06:50,71
RBTR00001,Reboot Shortcut,12894,07/31/2020, 10:06:32,71
RBTR00001,Reboot Shortcut,12894,07/31/2020, 11:06:27,71
RBTR00001,Reboot Shortcut,12894,07/31/2020, 12:09:41,71
RBTR00001,Reboot Shortcut,12894,07/31/2020, 13:06:41,71
RBTR00001,Reboot Shortcut,12895,07/31/2020, 14:07:13,71
RBTR00001,Reboot Shortcut,12896,07/31/2020, 15:07:05,71
RBTR00001,Reboot Shortcut,12896,07/31/2020, 16:07:14,71
RBTR00001,Reboot Shortcut,12896,07/31/2020, 17:06:39,71
RBTR00001,Reboot Shortcut,12896,07/31/2020, 18:07:29,71
RBTR00001,Reboot Shortcut,12898,07/31/2020, 19:06:25,71
RBTR00001,Reboot Shortcut,12898,07/31/2020, 20:07:46,71
RBTR00001,Reboot Shortcut,12898,07/31/2020, 21:06:37,71
RBTR00001,Reboot Shortcut,12898,07/31/2020, 22:06:26,71
RBTR00001,Reboot Shortcut,12898,07/31/2020, 23:06:28,71
RBTR00001,Reboot Shortcut,12898,08/01/2020, 00:19:16,71
RBTR00001,Reboot Shortcut,12898,08/01/2020, 01:07:29,71
RBTR00001,Reboot Shortcut,12898,08/01/2020, 02:07:35,71
RBTR00001,Reboot Shortcut,12899,08/01/2020, 03:06:46,71
RBTR00001,Reboot Shortcut,12899,08/01/2020, 04:07:20,71
RBTR00001,Reboot Shortcut,12899,08/01/2020, 05:06:47,71
RBTR00001,Reboot Shortcut,12900,08/01/2020, 06:07:45,71
RBTR00001,Reboot Shortcut,12900,08/01/2020, 07:07:07,71
RBTR00001,Reboot Shortcut,12900,08/01/2020, 08:07:37,71
RBTR00001,Reboot Shortcut,12900,08/01/2020, 09:07:10,71
RBTR00001,Reboot Shortcut,12900,08/01/2020, 10:06:48,71
RBTR00001,Reboot Shortcut,12901,08/01/2020, 11:06:36,71
RBTR00001,Reboot Shortcut,12901,08/01/2020, 12:08:49,71
RBTR00001,Reboot Shortcut,12902,08/01/2020, 13:06:34,71
RBTR00001,Reboot Shortcut,12902,08/01/2020, 14:07:18,71
RBTR00001,Reboot Shortcut,12902,08/01/2020, 15:07:06,71
RBTR00001,Reboot Shortcut,12902,08/01/2020, 16:07:34,71
RBTR00001,Reboot Shortcut,12902,08/01/2020, 17:06:45,71
RBTR00001,Reboot Shortcut,12902,08/01/2020, 18:07:39,71
RBTR00001,Reboot Shortcut,12902,08/01/2020, 19:06:40,71
RBTR00001,Reboot Shortcut,12903,08/01/2020, 20:07:43,71
RBTR00001,Reboot Shortcut,12903,08/01/2020, 21:06:37,71
RBTR00001,Reboot Shortcut,12903,08/01/2020, 22:06:30,71
RBTR00001,Reboot Shortcut,12905,08/01/2020, 23:06:30,71
RBTR00001,Reboot Shortcut,12905,08/02/2020, 00:19:40,71
RBTR00001,Reboot Shortcut,12906,08/02/2020, 01:07:14,71
RBTR00001,Reboot Shortcut,12907,08/02/2020, 02:07:42,71
RBTR00001,Reboot Shortcut,12907,08/02/2020, 03:06:51,71
RBTR00001,Reboot Shortcut,12908,08/02/2020, 04:07:24,71
RBTR00001,Reboot Shortcut,12908,08/02/2020, 05:06:53,71
RBTR00001,Reboot Shortcut,12908,08/02/2020, 06:07:43,71
RBTR00001,Reboot Shortcut,12908,08/02/2020, 07:07:20,71
RBTR00001,Reboot Shortcut,12909,08/02/2020, 08:07:21,71
RBTR00001,Reboot Shortcut,12909,08/02/2020, 09:06:43,71
RBTR00001,Reboot Shortcut,12910,08/02/2020, 10:06:42,71
RBTR00001,Reboot Shortcut,12911,08/02/2020, 11:06:40,71
RBTR00001,Reboot Shortcut,12912,08/02/2020, 12:08:41,71
RBTR00001,Reboot Shortcut,12912,08/02/2020, 13:06:58,71
RBTR00001,Reboot Shortcut,12912,08/02/2020, 14:07:25,71
RBTR00001,Reboot Shortcut,12912,08/02/2020, 15:07:10,71
RBTR00001,Reboot Shortcut,12912,08/02/2020, 16:07:21,71
RBTR00001,Reboot Shortcut,12912,08/02/2020, 17:06:39,71
RBTR00001,Reboot Shortcut,12912,08/02/2020, 18:07:18,71
RBTR00001,Reboot Shortcut,12913,08/02/2020, 19:06:46,71
RBTR00001,Reboot Shortcut,12913,08/02/2020, 20:07:49,71
RBTR00001,Reboot Shortcut,12913,08/02/2020, 21:06:36,71
RBTR00001,Reboot Shortcut,12913,08/02/2020, 22:06:34,71
RBTR00001,Reboot Shortcut,12913,08/02/2020, 23:06:57,71
RBTR00001,Reboot Shortcut,12913,08/03/2020, 00:19:20,71
RBTR00001,Reboot Shortcut,12913,08/03/2020, 01:07:26,71
RBTR00001,Reboot Shortcut,12913,08/03/2020, 02:07:49,71
RBTR00001,Reboot Shortcut,12913,08/03/2020, 03:06:49,71
RBTR00001,Reboot Shortcut,12913,08/03/2020, 04:07:27,71
RBTR00001,Reboot Shortcut,12915,08/03/2020, 05:06:55,71
RBTR00001,Reboot Shortcut,12915,08/03/2020, 06:07:43,71
RBTR00001,Reboot Shortcut,12915,08/03/2020, 07:07:08,71
RBTR00001,Reboot Shortcut,12915,08/03/2020, 08:07:47,71
RBTR00001,Reboot Shortcut,12915,08/03/2020, 09:07:14,71
RBTR00001,Reboot Shortcut,12915,08/03/2020, 10:07:12,71
RBTR00001,Reboot Shortcut,12915,08/03/2020, 11:06:49,71
RBTR00001,Reboot Shortcut,12915,08/03/2020, 12:09:18,71
RBTR00001,Reboot Shortcut,12915,08/03/2020, 13:06:29,71
RBTR00001,Reboot Shortcut,12915,08/03/2020, 14:07:34,71
RBTR00001,Reboot Shortcut,12915,08/03/2020, 15:07:03,71
RBTR00001,Reboot Shortcut,12915,08/03/2020, 16:07:09,71
RBTR00001,Reboot Shortcut,12915,08/03/2020, 17:06:46,71
RBTR00001,Reboot Shortcut,12916,08/03/2020, 18:07:25,71
RBTR00001,Reboot Shortcut,12916,08/03/2020, 19:06:41,71
RBTR00001,Reboot Shortcut,12916,08/03/2020, 20:08:20,71
RBTR00001,Reboot Shortcut,12916,08/03/2020, 21:06:43,71
RBTR00001,Reboot Shortcut,12916,08/03/2020, 22:06:31,71
RBTR00001,Reboot Shortcut,12917,08/03/2020, 23:06:30,71
RBTR00001,Reboot Shortcut,12917,08/04/2020, 00:19:14,71
RBTR00001,Reboot Shortcut,12917,08/04/2020, 01:07:26,71
RBTR00001,Reboot Shortcut,12918,08/04/2020, 02:07:56,71
RBTR00001,Reboot Shortcut,12918,08/04/2020, 03:07:03,71
RBTR00001,Reboot Shortcut,12918,08/04/2020, 04:07:25,71
RBTR00001,Reboot Shortcut,12918,08/04/2020, 05:07:02,71
RBTR00001,Reboot Shortcut,12919,08/04/2020, 06:07:33,71
RBTR00001,Reboot Shortcut,12919,08/04/2020, 07:07:05,71
RBTR00001,Reboot Shortcut,12919,08/04/2020, 08:08:11,71
RBTR00001,Reboot Shortcut,12919,08/04/2020, 09:06:50,71
RBTR00001,Reboot Shortcut,12919,08/04/2020, 10:06:57,71
RBTR00001,Reboot Shortcut,12919,08/04/2020, 11:06:44,71
RBTR00001,Reboot Shortcut,12920,08/04/2020, 12:09:19,71
RBTR00001,Reboot Shortcut,12920,08/04/2020, 13:06:52,71
RBTR00001,Reboot Shortcut,12920,08/04/2020, 14:07:29,71
RBTR00001,Reboot Shortcut,12920,08/04/2020, 15:07:08,71
RBTR00001,Reboot Shortcut,12920,08/04/2020, 16:07:25,71
RBTR00001,Reboot Shortcut,12920,08/04/2020, 17:06:53,71
RBTR00001,Reboot Shortcut,12920,08/04/2020, 18:07:35,71
RBTR00001,Reboot Shortcut,12920,08/04/2020, 19:06:44,71
RBTR00001,Reboot Shortcut,12920,08/04/2020, 20:07:52,71
RBTR00001,Reboot Shortcut,12920,08/04/2020, 21:06:58,71
RBTR00001,Reboot Shortcut,12920,08/04/2020, 22:06:42,71
RBTR00001,Reboot Shortcut,12920,08/04/2020, 23:06:05,71
RBTR00001,Reboot Shortcut,12920,08/05/2020, 00:19:22,71
RBTR00001,Reboot Shortcut,12920,08/05/2020, 01:07:47,71
RBTR00001,Reboot Shortcut,12921,08/05/2020, 02:08:07,71
RBTR00001,Reboot Shortcut,12921,08/05/2020, 03:06:58,71
RBTR00001,Reboot Shortcut,12921,08/05/2020, 04:07:33,71
RBTR00001,Reboot Shortcut,12921,08/05/2020, 05:07:07,71
RBTR00001,Reboot Shortcut,12921,08/05/2020, 06:07:37,71
RBTR00001,Reboot Shortcut,12921,08/05/2020, 07:07:28,71
RBTR00001,Reboot Shortcut,12921,08/05/2020, 08:07:55,71
RBTR00001,Reboot Shortcut,12921,08/05/2020, 09:06:59,71
RBTR00001,Reboot Shortcut,12922,08/05/2020, 10:07:01,71
RBTR00001,Reboot Shortcut,12922,08/05/2020, 11:06:44,71
RBTR00001,Reboot Shortcut,12922,08/05/2020, 12:09:04,71
RBTR00001,Reboot Shortcut,12922,08/05/2020, 13:06:51,71
RBTR00001,Reboot Shortcut,12923,08/05/2020, 14:07:44,71
RBTR00001,Reboot Shortcut,12923,08/05/2020, 15:07:00,71
RBTR00001,Reboot Shortcut,12923,08/05/2020, 16:07:16,71
RBTR00001,Reboot Shortcut,12924,08/05/2020, 17:07:09,71
RBTR00001,Reboot Shortcut,12924,08/05/2020, 18:07:45,71
RBTR00001,Reboot Shortcut,12924,08/05/2020, 19:07:00,71
RBTR00001,Reboot Shortcut,12924,08/05/2020, 20:08:01,71
RBTR00001,Reboot Shortcut,12925,08/05/2020, 21:06:51,71
RBTR00001,Reboot Shortcut,12926,08/05/2020, 22:06:31,71
RBTR00001,Reboot Shortcut,12927,08/05/2020, 23:06:59,71
RBTR00001,Reboot Shortcut,12927,08/06/2020, 00:19:35,71
RBTR00001,Reboot Shortcut,12927,08/06/2020, 01:07:51,71
RBTR00001,Reboot Shortcut,12927,08/06/2020, 02:07:47,71
RBTR00001,Reboot Shortcut,12927,08/06/2020, 03:07:02,71
RBTR00001,Reboot Shortcut,12927,08/06/2020, 04:07:33,71
RBTR00001,Reboot Shortcut,12927,08/06/2020, 05:06:58,71
RBTR00001,Reboot Shortcut,12927,08/06/2020, 06:07:39,71
RBTR00001,Reboot Shortcut,12927,08/06/2020, 07:07:08,71
RBTR00001,Reboot Shortcut,12927,08/06/2020, 08:08:00,71
RBTR00001,Reboot Shortcut,12929,08/06/2020, 09:06:58,71
RBTR00001,Reboot Shortcut,12929,08/06/2020, 10:07:03,71
RBTR00001,Reboot Shortcut,12930,08/06/2020, 11:07:05,71
RBTR00001,Reboot Shortcut,12930,08/06/2020, 12:09:24,71
RBTR00001,Reboot Shortcut,12930,08/06/2020, 13:07:00,71
RBTR00001,Reboot Shortcut,12930,08/06/2020, 14:07:55,71
RBTR00001,Reboot Shortcut,12932,08/06/2020, 15:07:09,71
RBTR00001,Reboot Shortcut,12933,08/06/2020, 16:07:23,71
RBTR00001,Reboot Shortcut,12933,08/06/2020, 17:07:00,71
RBTR00001,Reboot Shortcut,12933,08/06/2020, 18:07:32,71
RBTR00001,Reboot Shortcut,12933,08/06/2020, 19:06:55,71
RBTR00001,Reboot Shortcut,12933,08/06/2020, 20:07:55,71
RBTR00001,Reboot Shortcut,12933,08/06/2020, 21:07:09,71
RBTR00001,Reboot Shortcut,12933,08/06/2020, 22:07:05,71
RBTR00001,Reboot Shortcut,12933,08/06/2020, 23:07:10,71
RBTR00001,Reboot Shortcut,12933,08/07/2020, 00:19:52,71
RBTR00001,Reboot Shortcut,12933,08/07/2020, 01:08:01,71
RBTR00001,Reboot Shortcut,12934,08/07/2020, 02:07:58,71
RBTR00001,Reboot Shortcut,12934,08/07/2020, 03:07:17,71
RBTR00001,Reboot Shortcut,12935,08/07/2020, 04:07:41,71
RBTR00001,Reboot Shortcut,12935,08/07/2020, 05:07:21,71
RBTR00001,Reboot Shortcut,12935,08/07/2020, 06:07:53,71
RBTR00001,Reboot Shortcut,12935,08/07/2020, 07:08:09,71
RBTR00001,Reboot Shortcut,12935,08/07/2020, 08:07:57,71
RBTR00001,Reboot Shortcut,12935,08/07/2020, 09:07:06,71
RBTR00001,Reboot Shortcut,12935,08/07/2020, 10:07:43,71
RBTR00001,Reboot Shortcut,12936,08/07/2020, 11:06:51,71
RBTR00001,Reboot Shortcut,12936,08/07/2020, 12:10:08,71
RBTR00001,Reboot Shortcut,12936,08/07/2020, 13:06:59,71
RBTR00001,Reboot Shortcut,12937,08/07/2020, 14:07:40,71
RBTR00001,Reboot Shortcut,12937,08/07/2020, 15:07:16,71
RBTR00001,Reboot Shortcut,12937,08/07/2020, 16:07:28,71
RBTR00001,Reboot Shortcut,12937,08/07/2020, 17:07:05,71
RBTR00001,Reboot Shortcut,12937,08/07/2020, 18:07:37,71
RBTR00001,Reboot Shortcut,12937,08/07/2020, 19:06:42,71
RBTR00001,Reboot Shortcut,12937,08/07/2020, 20:07:58,71
RBTR00001,Reboot Shortcut,12937,08/07/2020, 21:06:55,71
RBTR00001,Reboot Shortcut,12939,08/07/2020, 22:06:51,71
RBTR00001,Reboot Shortcut,12939,08/07/2020, 23:06:53,71
RBTR00001,Reboot Shortcut,12939,08/08/2020, 00:19:49,71
RBTR00001,Reboot Shortcut,12940,08/08/2020, 01:07:44,71
RBTR00001,Reboot Shortcut,12941,08/08/2020, 02:07:49,71
RBTR00001,Reboot Shortcut,12941,08/08/2020, 03:06:48,71
RBTR00001,Reboot Shortcut,12941,08/08/2020, 04:07:29,71
RBTR00001,Reboot Shortcut,12941,08/08/2020, 05:06:52,71
RBTR00001,Reboot Shortcut,12941,08/08/2020, 06:07:53,71
RBTR00001,Reboot Shortcut,12941,08/08/2020, 07:07:08,71
RBTR00001,Reboot Shortcut,12942,08/08/2020, 08:07:55,71
RBTR00001,Reboot Shortcut,12943,08/08/2020, 09:06:59,71
RBTR00001,Reboot Shortcut,12943,08/08/2020, 10:07:03,71
RBTR00001,Reboot Shortcut,12943,08/08/2020, 11:07:07,71
RBTR00001,Reboot Shortcut,12943,08/08/2020, 12:09:13,71
RBTR00001,Reboot Shortcut,12943,08/08/2020, 13:07:04,71
RBTR00001,Reboot Shortcut,12943,08/08/2020, 14:07:47,71
RBTR00001,Reboot Shortcut,12943,08/08/2020, 15:07:14,71
RBTR00001,Reboot Shortcut,12943,08/08/2020, 16:07:15,71
RBTR00001,Reboot Shortcut,12944,08/08/2020, 17:07:30,71
RBTR00001,Reboot Shortcut,12944,08/08/2020, 18:07:26,71
RBTR00001,Reboot Shortcut,12944,08/08/2020, 19:06:58,71
RBTR00001,Reboot Shortcut,12944,08/08/2020, 20:07:51,71
RBTR00001,Reboot Shortcut,12944,08/08/2020, 21:07:02,71
RBTR00001,Reboot Shortcut,12944,08/08/2020, 22:06:32,71
RBTR00001,Reboot Shortcut,12944,08/08/2020, 23:07:05,71
RBTR00001,Reboot Shortcut,12944,08/09/2020, 00:20:47,71
RBTR00001,Reboot Shortcut,12944,08/09/2020, 01:07:46,71
RBTR00001,Reboot Shortcut,12944,08/09/2020, 02:07:54,71
RBTR00001,Reboot Shortcut,12944,08/09/2020, 03:06:53,71
RBTR00001,Reboot Shortcut,12944,08/09/2020, 04:07:30,71
RBTR00001,Reboot Shortcut,12944,08/09/2020, 05:07:04,71
RBTR00001,Reboot Shortcut,12944,08/09/2020, 06:07:58,71
RBTR00001,Reboot Shortcut,12944,08/09/2020, 07:07:10,71
RBTR00001,Reboot Shortcut,12944,08/09/2020, 08:07:29,71
RBTR00001,Reboot Shortcut,12944,08/09/2020, 09:07:13,71
RBTR00001,Reboot Shortcut,12945,08/09/2020, 10:07:19,71
RBTR00001,Reboot Shortcut,12945,08/09/2020, 11:07:07,71
RBTR00001,Reboot Shortcut,12945,08/09/2020, 12:09:28,71
RBTR00001,Reboot Shortcut,12945,08/09/2020, 13:07:04,71
RBTR00001,Reboot Shortcut,12945,08/09/2020, 14:07:20,71
RBTR00001,Reboot Shortcut,12945,08/09/2020, 15:06:52,71
RBTR00001,Reboot Shortcut,12946,08/09/2020, 16:07:30,71
RBTR00001,Reboot Shortcut,12946,08/09/2020, 17:07:10,71
RBTR00001,Reboot Shortcut,12946,08/09/2020, 18:07:38,71
RBTR00001,Reboot Shortcut,12946,08/09/2020, 19:06:58,71
RBTR00001,Reboot Shortcut,12946,08/09/2020, 20:08:14,71
RBTR00001,Reboot Shortcut,12946,08/09/2020, 21:07:15,71
RBTR00001,Reboot Shortcut,12946,08/09/2020, 22:07:04,71
RBTR00001,Reboot Shortcut,12946,08/09/2020, 23:07:11,71
RBTR00001,Reboot Shortcut,12946,08/10/2020, 00:20:34,71
RBTR00001,Reboot Shortcut,12946,08/10/2020, 01:07:55,71
RBTR00001,Reboot Shortcut,12946,08/10/2020, 02:08:01,71
RBTR00001,Reboot Shortcut,12946,08/10/2020, 03:07:39,71
RBTR00001,Reboot Shortcut,12946,08/10/2020, 04:07:44,71
RBTR00001,Reboot Shortcut,12948,08/10/2020, 05:07:21,71
RBTR00001,Reboot Shortcut,12948,08/10/2020, 06:08:26,71
RBTR00001,Reboot Shortcut,12948,08/10/2020, 07:07:14,71
RBTR00001,Reboot Shortcut,12949,08/10/2020, 08:07:58,71
RBTR00001,Reboot Shortcut,12950,08/10/2020, 09:07:23,71
RBTR00001,Reboot Shortcut,12950,08/10/2020, 10:07:30,71
RBTR00001,Reboot Shortcut,12950,08/10/2020, 11:07:06,71
RBTR00001,Reboot Shortcut,12952,08/10/2020, 12:09:40,71
RBTR00001,Reboot Shortcut,12952,08/10/2020, 13:06:51,71
RBTR00001,Reboot Shortcut,12952,08/10/2020, 14:08:08,71
RBTR00001,Reboot Shortcut,12952,08/10/2020, 15:07:18,71
RBTR00001,Reboot Shortcut,12952,08/10/2020, 16:07:50,71
RBTR00001,Reboot Shortcut,12953,08/10/2020, 17:06:58,71
RBTR00001,Reboot Shortcut,12953,08/10/2020, 18:07:45,71
RBTR00001,Reboot Shortcut,12953,08/10/2020, 19:07:09,71
RBTR00001,Reboot Shortcut,12953,08/10/2020, 20:07:42,71
RBTR00001,Reboot Shortcut,12953,08/10/2020, 21:07:00,71
RBTR00001,Reboot Shortcut,12953,08/10/2020, 22:06:51,71
RBTR00001,Reboot Shortcut,12953,08/10/2020, 23:07:00,71
RBTR00001,Reboot Shortcut,12954,08/11/2020, 00:20:13,71
RBTR00001,Reboot Shortcut,12954,08/11/2020, 01:07:50,71
RBTR00001,Reboot Shortcut,12955,08/11/2020, 02:08:17,71
RBTR00001,Reboot Shortcut,12955,08/11/2020, 03:07:24,71
RBTR00001,Reboot Shortcut,12955,08/11/2020, 04:07:55,71
RBTR00001,Reboot Shortcut,12955,08/11/2020, 05:07:11,71
RBTR00001,Reboot Shortcut,12955,08/11/2020, 06:08:01,71
RBTR00001,Reboot Shortcut,12955,08/11/2020, 07:07:46,71
RBTR00001,Reboot Shortcut,12956,08/11/2020, 08:08:29,71
RBTR00001,Reboot Shortcut,12957,08/11/2020, 09:07:26,71
RBTR00001,Reboot Shortcut,12957,08/11/2020, 10:07:42,71
RBTR00001,Reboot Shortcut,12957,08/11/2020, 11:08:04,71
RBTR00001,Reboot Shortcut,12958,08/11/2020, 12:09:05,71
RBTR00001,Reboot Shortcut,12958,08/11/2020, 13:07:18,71
RBTR00001,Reboot Shortcut,12958,08/11/2020, 14:08:04,71
RBTR00001,Reboot Shortcut,12958,08/11/2020, 15:07:39,71
RBTR00001,Reboot Shortcut,12958,08/11/2020, 16:08:00,71
RBTR00001,Reboot Shortcut,12958,08/11/2020, 17:07:01,71
RBTR00001,Reboot Shortcut,12958,08/11/2020, 18:07:55,71
RBTR00001,Reboot Shortcut,12959,08/11/2020, 19:07:08,71
RBTR00001,Reboot Shortcut,12960,08/11/2020, 20:07:54,71
RBTR00001,Reboot Shortcut,12961,08/11/2020, 21:07:06,71
RBTR00001,Reboot Shortcut,12961,08/11/2020, 22:07:12,71
RBTR00001,Reboot Shortcut,12961,08/11/2020, 23:06:51,71
RBTR00001,Reboot Shortcut,12961,08/12/2020, 00:19:41,71
RBTR00001,Reboot Shortcut,12961,08/12/2020, 01:07:45,71
RBTR00001,Reboot Shortcut,12961,08/12/2020, 02:07:48,71
RBTR00001,Reboot Shortcut,12961,08/12/2020, 03:07:28,71
RBTR00001,Reboot Shortcut,12961,08/12/2020, 04:07:58,71
RBTR00001,Reboot Shortcut,12961,08/12/2020, 05:07:04,71
RBTR00001,Reboot Shortcut,12961,08/12/2020, 06:08:10,71
RBTR00001,Reboot Shortcut,12961,08/12/2020, 07:07:38,71
RBTR00001,Reboot Shortcut,12962,08/12/2020, 08:07:52,71
RBTR00001,Reboot Shortcut,12962,08/12/2020, 09:07:35,71
RBTR00001,Reboot Shortcut,12962,08/12/2020, 10:07:41,71
RBTR00001,Reboot Shortcut,12962,08/12/2020, 11:07:11,71
RBTR00001,Reboot Shortcut,12962,08/12/2020, 12:09:19,71
RBTR00001,Reboot Shortcut,12963,08/12/2020, 13:07:06,71
RBTR00001,Reboot Shortcut,12964,08/12/2020, 14:08:12,71
RBTR00001,Reboot Shortcut,12964,08/12/2020, 15:07:33,71
RBTR00001,Reboot Shortcut,12964,08/12/2020, 16:07:54,71
RBTR00001,Reboot Shortcut,12964,08/12/2020, 17:07:09,71
RBTR00001,Reboot Shortcut,12964,08/12/2020, 18:08:01,71
RBTR00001,Reboot Shortcut,12964,08/12/2020, 19:07:12,71
RBTR00001,Reboot Shortcut,12964,08/12/2020, 20:08:25,71
RBTR00001,Reboot Shortcut,12964,08/12/2020, 21:07:01,71
RBTR00001,Reboot Shortcut,12964,08/12/2020, 22:07:32,71
RBTR00001,Reboot Shortcut,12966,08/12/2020, 23:07:30,71
RBTR00001,Reboot Shortcut,12966,08/13/2020, 00:20:13,71
RBTR00001,Reboot Shortcut,12966,08/13/2020, 01:07:48,71
RBTR00001,Reboot Shortcut,12966,08/13/2020, 02:08:24,71
RBTR00001,Reboot Shortcut,12966,08/13/2020, 03:07:27,71
RBTR00001,Reboot Shortcut,12967,08/13/2020, 04:08:01,71
RBTR00001,Reboot Shortcut,12967,08/13/2020, 05:07:15,71
RBTR00001,Reboot Shortcut,12967,08/13/2020, 06:08:30,71
RBTR00001,Reboot Shortcut,12967,08/13/2020, 07:07:24,71
RBTR00001,Reboot Shortcut,12967,08/13/2020, 08:07:59,71
RBTR00001,Reboot Shortcut,12968,08/13/2020, 09:07:30,71
RBTR00001,Reboot Shortcut,12968,08/13/2020, 10:07:46,71
RBTR00001,Reboot Shortcut,12968,08/13/2020, 11:06:52,71
RBTR00001,Reboot Shortcut,12968,08/13/2020, 12:09:32,71
RBTR00001,Reboot Shortcut,12968,08/13/2020, 13:07:13,71
RBTR00001,Reboot Shortcut,12968,08/13/2020, 14:07:57,71
RBTR00001,Reboot Shortcut,12968,08/13/2020, 15:07:38,71
RBTR00001,Reboot Shortcut,12968,08/13/2020, 16:08:06,71
RBTR00001,Reboot Shortcut,12968,08/13/2020, 17:07:35,71
RBTR00001,Reboot Shortcut,12968,08/13/2020, 18:07:49,71
RBTR00001,Reboot Shortcut,12968,08/13/2020, 19:06:50,71
RBTR00001,Reboot Shortcut,12970,08/13/2020, 20:08:11,71
RBTR00001,Reboot Shortcut,12970,08/13/2020, 21:07:10,71
RBTR00001,Reboot Shortcut,12971,08/13/2020, 22:07:47,71
RBTR00001,Reboot Shortcut,12972,08/13/2020, 23:07:15,71
RBTR00001,Reboot Shortcut,12973,08/14/2020, 00:20:03,71
RBTR00001,Reboot Shortcut,12973,08/14/2020, 01:06:47,71
RBTR00001,Reboot Shortcut,12973,08/14/2020, 02:08:18,71
RBTR00001,Reboot Shortcut,12974,08/14/2020, 03:07:33,71
RBTR00001,Reboot Shortcut,12974,08/14/2020, 04:08:11,71
RBTR00001,Reboot Shortcut,12974,08/14/2020, 05:07:15,71
RBTR00001,Reboot Shortcut,12974,08/14/2020, 06:08:17,71
RBTR00001,Reboot Shortcut,12974,08/14/2020, 07:07:28,71
RBTR00001,Reboot Shortcut,12974,08/14/2020, 08:08:44,71
RBTR00001,Reboot Shortcut,12974,08/14/2020, 09:07:43,71
RBTR00001,Reboot Shortcut,12974,08/14/2020, 10:07:36,71
RBTR00001,Reboot Shortcut,12974,08/14/2020, 11:07:03,71
RBTR00001,Reboot Shortcut,12974,08/14/2020, 12:10:48,71
RBTR00001,Reboot Shortcut,12974,08/14/2020, 13:07:14,71
RBTR00001,Reboot Shortcut,12974,08/14/2020, 14:07:52,71
RBTR00001,Reboot Shortcut,12974,08/14/2020, 15:07:22,71
RBTR00001,Reboot Shortcut,12974,08/14/2020, 16:08:03,71
RBTR00001,Reboot Shortcut,12974,08/14/2020, 17:07:21,71
RBTR00001,Reboot Shortcut,12974,08/14/2020, 18:08:11,71
RBTR00001,Reboot Shortcut,12974,08/14/2020, 19:07:25,71
RBTR00001,Reboot Shortcut,12974,08/14/2020, 20:08:32,71
RBTR00001,Reboot Shortcut,12974,08/14/2020, 21:07:08,71
RBTR00001,Reboot Shortcut,12974,08/14/2020, 22:07:46,71
RBTR00001,Reboot Shortcut,12974,08/14/2020, 23:07:14,71
RBTR00001,Reboot Shortcut,12975,08/15/2020, 00:20:04,71
RBTR00001,Reboot Shortcut,12975,08/15/2020, 01:08:01,71
RBTR00001,Reboot Shortcut,12975,08/15/2020, 02:08:07,71
RBTR00001,Reboot Shortcut,12975,08/15/2020, 03:07:55,71
RBTR00001,Reboot Shortcut,12976,08/15/2020, 04:07:54,71
RBTR00001,Reboot Shortcut,12976,08/15/2020, 05:07:04,71
RBTR00001,Reboot Shortcut,12977,08/15/2020, 06:08:34,71
RBTR00001,Reboot Shortcut,12977,08/15/2020, 07:07:29,71
RBTR00001,Reboot Shortcut,12978,08/15/2020, 08:08:07,71
RBTR00001,Reboot Shortcut,12978,08/15/2020, 09:07:32,71
RBTR00001,Reboot Shortcut,12979,08/15/2020, 10:07:40,71
RBTR00001,Reboot Shortcut,12980,08/15/2020, 11:07:22,71
RBTR00001,Reboot Shortcut,12980,08/15/2020, 12:09:16,71
RBTR00001,Reboot Shortcut,12980,08/15/2020, 13:06:50,71
RBTR00001,Reboot Shortcut,12980,08/15/2020, 14:07:55,71
RBTR00001,Reboot Shortcut,12980,08/15/2020, 15:07:39,71
RBTR00001,Reboot Shortcut,12980,08/15/2020, 16:08:01,71
RBTR00001,Reboot Shortcut,12980,08/15/2020, 17:07:13,71
RBTR00001,Reboot Shortcut,12980,08/15/2020, 18:08:02,71
RBTR00001,Reboot Shortcut,12980,08/15/2020, 19:07:07,71
RBTR00001,Reboot Shortcut,12982,08/15/2020, 20:08:36,71
RBTR00001,Reboot Shortcut,12982,08/15/2020, 21:07:25,71
RBTR00001,Reboot Shortcut,12982,08/15/2020, 22:07:17,71
RBTR00001,Reboot Shortcut,12982,08/15/2020, 23:07:17,71
RBTR00001,Reboot Shortcut,12982,08/16/2020, 00:21:11,71
RBTR00001,Reboot Shortcut,12982,08/16/2020, 01:07:46,71
RBTR00001,Reboot Shortcut,12982,08/16/2020, 02:08:20,71
RBTR00001,Reboot Shortcut,12982,08/16/2020, 03:07:28,71
RBTR00001,Reboot Shortcut,12982,08/16/2020, 04:07:59,71
RBTR00001,Reboot Shortcut,12982,08/16/2020, 05:06:55,71
RBTR00001,Reboot Shortcut,12982,08/16/2020, 06:08:31,71
RBTR00001,Reboot Shortcut,12982,08/16/2020, 07:07:39,71
RBTR00001,Reboot Shortcut,12983,08/16/2020, 08:08:18,71
RBTR00001,Reboot Shortcut,12983,08/16/2020, 09:07:42,71
RBTR00001,Reboot Shortcut,12983,08/16/2020, 10:07:32,71
RBTR00001,Reboot Shortcut,12983,08/16/2020, 11:06:47,71
RBTR00001,Reboot Shortcut,12983,08/16/2020, 12:09:23,71
RBTR00001,Reboot Shortcut,12983,08/16/2020, 13:06:56,71
RBTR00001,Reboot Shortcut,12983,08/16/2020, 14:08:10,71
RBTR00001,Reboot Shortcut,12983,08/16/2020, 15:07:36,71
RBTR00001,Reboot Shortcut,12983,08/16/2020, 16:08:19,71
RBTR00001,Reboot Shortcut,12984,08/16/2020, 17:07:10,71
RBTR00001,Reboot Shortcut,12985,08/16/2020, 18:08:22,71
RBTR00001,Reboot Shortcut,12985,08/16/2020, 19:07:28,71
RBTR00001,Reboot Shortcut,12985,08/16/2020, 20:08:28,71
RBTR00001,Reboot Shortcut,12986,08/16/2020, 21:07:23,71
RBTR00001,Reboot Shortcut,12986,08/16/2020, 22:07:23,71
RBTR00001,Reboot Shortcut,12986,08/16/2020, 23:07:27,71
RBTR00001,Reboot Shortcut,12986,08/17/2020, 00:20:44,71
RBTR00001,Reboot Shortcut,12986,08/17/2020, 01:07:51,71
RBTR00001,Reboot Shortcut,12986,08/17/2020, 02:08:29,71
RBTR00001,Reboot Shortcut,12986,08/17/2020, 03:07:44,71
RBTR00001,Reboot Shortcut,12986,08/17/2020, 04:08:11,71
RBTR00001,Reboot Shortcut,12986,08/17/2020, 05:07:24,71
RBTR00001,Reboot Shortcut,12986,08/17/2020, 06:08:25,71
RBTR00001,Reboot Shortcut,12986,08/17/2020, 07:07:55,71
RBTR00001,Reboot Shortcut,12987,08/17/2020, 08:08:22,71
RBTR00001,Reboot Shortcut,12987,08/17/2020, 09:07:47,71
RBTR00001,Reboot Shortcut,12987,08/17/2020, 10:07:44,71
RBTR00001,Reboot Shortcut,12987,08/17/2020, 11:06:51,71
RBTR00001,Reboot Shortcut,12987,08/17/2020, 12:10:02,71
RBTR00001,Reboot Shortcut,12987,08/17/2020, 13:07:23,71
RBTR00001,Reboot Shortcut,12988,08/17/2020, 14:08:11,71
RBTR00001,Reboot Shortcut,12988,08/17/2020, 15:07:45,71
RBTR00001,Reboot Shortcut,12988,08/17/2020, 16:09:25,71
RBTR00001,Reboot Shortcut,12988,08/17/2020, 17:07:18,71
RBTR00001,Reboot Shortcut,12988,08/17/2020, 18:08:17,71
RBTR00001,Reboot Shortcut,12988,08/17/2020, 19:22:05,71
RBTR00001,Reboot Shortcut,12989,08/17/2020, 20:08:36,71
RBTR00001,Reboot Shortcut,12992,08/17/2020, 21:07:28,71
RBTR00001,Reboot Shortcut,12992,08/17/2020, 22:07:34,71
RBTR00001,Reboot Shortcut,12992,08/17/2020, 23:07:14,71
RBTR00001,Reboot Shortcut,12992,08/18/2020, 00:20:31,71
RBTR00001,Reboot Shortcut,12992,08/18/2020, 01:08:18,71
RBTR00001,Reboot Shortcut,12993,08/18/2020, 02:08:33,71
RBTR00001,Reboot Shortcut,12994,08/18/2020, 03:08:04,71
RBTR00001,Reboot Shortcut,12995,08/18/2020, 04:08:16,71
RBTR00001,Reboot Shortcut,12996,08/18/2020, 05:07:36,71
RBTR00001,Reboot Shortcut,12996,08/18/2020, 06:11:58,71
RBTR00001,Reboot Shortcut,12996,08/18/2020, 07:07:39,71
RBTR00001,Reboot Shortcut,12996,08/18/2020, 08:08:46,71
RBTR00001,Reboot Shortcut,12996,08/18/2020, 09:08:03,71
RBTR00001,Reboot Shortcut,12997,08/18/2020, 10:07:40,71
RBTR00001,Reboot Shortcut,12998,08/18/2020, 11:07:18,71
RBTR00001,Reboot Shortcut,12998,08/18/2020, 12:10:51,71
RBTR00001,Reboot Shortcut,12999,08/18/2020, 13:07:28,71
RBTR00001,Reboot Shortcut,12999,08/18/2020, 14:07:58,71
RBTR00001,Reboot Shortcut,12999,08/18/2020, 16:08:00,71
RBTR00001,Reboot Shortcut,12999,08/18/2020, 17:07:15,71
RBTR00001,Reboot Shortcut,12999,08/18/2020, 18:07:52,71
RBTR00001,Reboot Shortcut,12999,08/18/2020, 19:07:13,71
RBTR00001,Reboot Shortcut,12999,08/18/2020, 20:08:39,71
RBTR00001,Reboot Shortcut,12999,08/18/2020, 21:07:35,71
RBTR00001,Reboot Shortcut,12999,08/18/2020, 22:07:16,71
RBTR00001,Reboot Shortcut,12999,08/18/2020, 23:06:55,71
RBTR00001,Reboot Shortcut,13000,08/19/2020, 00:20:39,71
RBTR00001,Reboot Shortcut,13000,08/19/2020, 01:08:12,71
RBTR00001,Reboot Shortcut,13000,08/19/2020, 02:08:18,71
RBTR00001,Reboot Shortcut,13000,08/19/2020, 03:07:47,71
RBTR00001,Reboot Shortcut,13000,08/19/2020, 04:08:38,71
RBTR00001,Reboot Shortcut,13000,08/19/2020, 05:07:25,71
RBTR00001,Reboot Shortcut,13003,08/19/2020, 06:08:30,71
RBTR00001,Reboot Shortcut,13003,08/19/2020, 07:07:52,71
RBTR00001,Reboot Shortcut,13004,08/19/2020, 08:12:06,71
RBTR00001,Reboot Shortcut,13004,08/19/2020, 09:07:48,71
RBTR00001,Reboot Shortcut,13004,08/19/2020, 10:07:32,71
RBTR00001,Reboot Shortcut,13004,08/19/2020, 11:07:58,71
RBTR00001,Reboot Shortcut,13004,08/19/2020, 12:11:47,71
RBTR00001,Reboot Shortcut,13004,08/19/2020, 13:07:26,71
RBTR00001,Reboot Shortcut,13004,08/19/2020, 14:08:23,71
RBTR00001,Reboot Shortcut,13004,08/19/2020, 15:07:47,71
RBTR00001,Reboot Shortcut,13004,08/19/2020, 16:08:15,71
RBTR00001,Reboot Shortcut,13005,08/19/2020, 17:07:22,71
RBTR00001,Reboot Shortcut,13008,08/19/2020, 18:07:58,71
RBTR00001,Reboot Shortcut,13008,08/19/2020, 19:06:06,71
RBTR00001,Reboot Shortcut,13008,08/19/2020, 20:08:30,71
RBTR00001,Reboot Shortcut,13008,08/19/2020, 21:07:40,71
RBTR00001,Reboot Shortcut,13008,08/19/2020, 22:07:32,71
RBTR00001,Reboot Shortcut,13008,08/19/2020, 23:07:29,71
RBTR00001,Reboot Shortcut,13008,08/20/2020, 00:20:41,71
RBTR00001,Reboot Shortcut,13008,08/20/2020, 01:08:15,71
RBTR00001,Reboot Shortcut,13008,08/20/2020, 02:08:54,71
RBTR00001,Reboot Shortcut,13008,08/20/2020, 03:07:28,71
RBTR00001,Reboot Shortcut,13009,08/20/2020, 04:08:19,71
RBTR00001,Reboot Shortcut,13009,08/20/2020, 05:07:33,71
RBTR00001,Reboot Shortcut,13010,08/20/2020, 06:09:24,71
RBTR00001,Reboot Shortcut,13010,08/20/2020, 07:07:45,71
RBTR00001,Reboot Shortcut,13010,08/20/2020, 08:08:24,71
RBTR00001,Reboot Shortcut,13010,08/20/2020, 09:07:47,71
RBTR00001,Reboot Shortcut,13010,08/20/2020, 10:07:42,71
RBTR00001,Reboot Shortcut,13010,08/20/2020, 11:07:14,71
RBTR00001,Reboot Shortcut,13010,08/20/2020, 12:10:37,71
RBTR00001,Reboot Shortcut,13010,08/20/2020, 13:07:32,71
RBTR00001,Reboot Shortcut,13010,08/20/2020, 14:08:32,71
RBTR00001,Reboot Shortcut,13010,08/20/2020, 15:07:49,71
RBTR00001,Reboot Shortcut,13010,08/20/2020, 16:07:56,71
RBTR00001,Reboot Shortcut,13011,08/20/2020, 17:07:44,71
RBTR00001,Reboot Shortcut,13011,08/20/2020, 18:08:23,71
RBTR00001,Reboot Shortcut,13011,08/20/2020, 19:07:41,71
RBTR00001,Reboot Shortcut,13012,08/20/2020, 20:08:21,71
RBTR00001,Reboot Shortcut,13012,08/20/2020, 21:12:33,71
RBTR00001,Reboot Shortcut,13012,08/20/2020, 22:07:38,71
RBTR00001,Reboot Shortcut,13012,08/20/2020, 23:06:48,71
RBTR00001,Reboot Shortcut,13012,08/21/2020, 00:21:02,71
RBTR00001,Reboot Shortcut,13013,08/21/2020, 01:07:45,71
RBTR00001,Reboot Shortcut,13013,08/21/2020, 02:08:25,71
RBTR00001,Reboot Shortcut,13013,08/21/2020, 03:07:55,71
RBTR00001,Reboot Shortcut,13013,08/21/2020, 04:08:32,71
RBTR00001,Reboot Shortcut,13013,08/21/2020, 05:12:35,71
RBTR00001,Reboot Shortcut,13013,08/21/2020, 06:12:31,71
RBTR00001,Reboot Shortcut,13013,08/21/2020, 07:07:57,71
RBTR00001,Reboot Shortcut,13015,08/21/2020, 08:09:41,71
RBTR00001,Reboot Shortcut,13015,08/21/2020, 09:07:30,71
RBTR00001,Reboot Shortcut,13015,08/21/2020, 10:07:37,71
RBTR00001,Reboot Shortcut,13015,08/21/2020, 11:07:11,71
RBTR00001,Reboot Shortcut,13015,08/21/2020, 12:12:22,71
RBTR00001,Reboot Shortcut,13016,08/21/2020, 13:07:42,71
RBTR00001,Reboot Shortcut,13016,08/21/2020, 14:08:16,71
RBTR00001,Reboot Shortcut,13016,08/21/2020, 15:07:48,71
RBTR00001,Reboot Shortcut,13016,08/21/2020, 16:08:00,71
RBTR00001,Reboot Shortcut,13016,08/21/2020, 17:07:30,71
RBTR00001,Reboot Shortcut,13017,08/21/2020, 18:08:22,71
RBTR00001,Reboot Shortcut,13017,08/21/2020, 19:07:20,71
RBTR00001,Reboot Shortcut,13017,08/21/2020, 20:08:31,71
RBTR00001,Reboot Shortcut,13018,08/21/2020, 21:07:23,71
RBTR00001,Reboot Shortcut,13018,08/21/2020, 22:07:47,71
RBTR00001,Reboot Shortcut,13018,08/21/2020, 23:07:20,71
RBTR00001,Reboot Shortcut,13019,08/22/2020, 00:22:37,71
RBTR00001,Reboot Shortcut,13019,08/22/2020, 01:07:40,71
RBTR00001,Reboot Shortcut,13019,08/22/2020, 02:08:15,71
RBTR00001,Reboot Shortcut,13019,08/22/2020, 03:11:49,71
RBTR00001,Reboot Shortcut,13019,08/22/2020, 04:11:43,71
RBTR00001,Reboot Shortcut,13019,08/22/2020, 05:07:32,71
RBTR00001,Reboot Shortcut,13019,08/22/2020, 06:08:31,71
RBTR00001,Reboot Shortcut,13019,08/22/2020, 07:08:39,71
RBTR00001,Reboot Shortcut,13019,08/22/2020, 08:08:22,71
RBTR00001,Reboot Shortcut,13019,08/22/2020, 09:07:41,71
RBTR00001,Reboot Shortcut,13019,08/22/2020, 10:08:04,71
RBTR00001,Reboot Shortcut,13019,08/22/2020, 11:06:56,71
RBTR00001,Reboot Shortcut,13019,08/22/2020, 12:10:03,71
RBTR00001,Reboot Shortcut,13019,08/22/2020, 13:11:30,71
RBTR00001,Reboot Shortcut,13020,08/22/2020, 14:08:43,71
RBTR00001,Reboot Shortcut,13020,08/22/2020, 15:07:44,71
RBTR00001,Reboot Shortcut,13020,08/22/2020, 16:09:42,71
RBTR00001,Reboot Shortcut,13021,08/22/2020, 17:07:17,71
RBTR00001,Reboot Shortcut,13023,08/22/2020, 18:09:29,71
RBTR00001,Reboot Shortcut,13023,08/22/2020, 19:07:26,71
RBTR00001,Reboot Shortcut,13026,08/22/2020, 20:12:16,71
RBTR00001,Reboot Shortcut,13026,08/22/2020, 21:07:52,71
RBTR00001,Reboot Shortcut,13027,08/22/2020, 22:07:23,71
RBTR00001,Reboot Shortcut,13027,08/22/2020, 23:07:17,71
RBTR00001,Reboot Shortcut,13027,08/23/2020, 00:22:01,71
RBTR00001,Reboot Shortcut,13028,08/23/2020, 01:08:03,71
RBTR00001,Reboot Shortcut,13029,08/23/2020, 02:11:52,71
RBTR00001,Reboot Shortcut,13029,08/23/2020, 03:08:43,71
RBTR00001,Reboot Shortcut,13031,08/23/2020, 04:11:38,71
RBTR00001,Reboot Shortcut,13031,08/23/2020, 05:07:34,71
RBTR00001,Reboot Shortcut,13031,08/23/2020, 06:09:09,71
RBTR00001,Reboot Shortcut,13031,08/23/2020, 07:08:50,71
RBTR00001,Reboot Shortcut,13032,08/23/2020, 08:08:39,71
RBTR00001,Reboot Shortcut,13032,08/23/2020, 09:09:41,71
RBTR00001,Reboot Shortcut,13032,08/23/2020, 10:09:07,71
RBTR00001,Reboot Shortcut,13032,08/23/2020, 11:12:16,71
RBTR00001,Reboot Shortcut,13032,08/23/2020, 12:12:13,71
RBTR00001,Reboot Shortcut,13032,08/23/2020, 13:07:40,71
RBTR00001,Reboot Shortcut,13032,08/23/2020, 14:08:11,71
RBTR00001,Reboot Shortcut,13032,08/23/2020, 15:07:37,71
RBTR00001,Reboot Shortcut,13032,08/23/2020, 16:08:08,71
RBTR00001,Reboot Shortcut,13032,08/23/2020, 17:07:36,71
RBTR00001,Reboot Shortcut,13032,08/23/2020, 18:08:30,71
RBTR00001,Reboot Shortcut,13032,08/23/2020, 19:07:58,71
RBTR00001,Reboot Shortcut,13032,08/23/2020, 20:11:41,71
RBTR00001,Reboot Shortcut,13032,08/23/2020, 21:07:22,71
RBTR00001,Reboot Shortcut,13032,08/23/2020, 22:08:42,71
RBTR00001,Reboot Shortcut,13032,08/23/2020, 23:07:23,71
RBTR00001,Reboot Shortcut,13034,08/24/2020, 00:21:37,71
RBTR00001,Reboot Shortcut,13034,08/24/2020, 01:07:57,71
RBTR00001,Reboot Shortcut,13034,08/24/2020, 02:09:32,71
RBTR00001,Reboot Shortcut,13034,08/24/2020, 03:08:01,71
RBTR00001,Reboot Shortcut,13036,08/24/2020, 04:08:58,71
RBTR00001,Reboot Shortcut,13036,08/24/2020, 05:12:40,71
RBTR00001,Reboot Shortcut,13036,08/24/2020, 06:08:54,71
RBTR00001,Reboot Shortcut,13036,08/24/2020, 07:08:00,71
RBTR00001,Reboot Shortcut,13036,08/24/2020, 08:08:43,71
RBTR00001,Reboot Shortcut,13036,08/24/2020, 09:07:49,71
RBTR00001,Reboot Shortcut,13037,08/24/2020, 10:07:57,71
RBTR00001,Reboot Shortcut,13037,08/24/2020, 11:07:09,71
RBTR00001,Reboot Shortcut,13038,08/24/2020, 12:10:17,71
RBTR00001,Reboot Shortcut,13038,08/24/2020, 13:07:35,71
RBTR00001,Reboot Shortcut,13038,08/24/2020, 14:08:33,71
RBTR00001,Reboot Shortcut,13038,08/24/2020, 15:07:57,71
RBTR00001,Reboot Shortcut,13038,08/24/2020, 16:08:07,71
RBTR00001,Reboot Shortcut,13038,08/24/2020, 17:07:34,71
RBTR00001,Reboot Shortcut,13038,08/24/2020, 18:08:29,71
RBTR00001,Reboot Shortcut,13038,08/24/2020, 19:07:42,71
RBTR00001,Reboot Shortcut,13038,08/24/2020, 20:08:26,71
RBTR00001,Reboot Shortcut,13039,08/24/2020, 21:07:32,71
RBTR00001,Reboot Shortcut,13039,08/24/2020, 22:07:36,71
RBTR00001,Reboot Shortcut,13039,08/24/2020, 23:07:28,71
RBTR00001,Reboot Shortcut,13039,08/25/2020, 00:21:25,71
RBTR00001,Reboot Shortcut,13040,08/25/2020, 01:07:59,71
RBTR00001,Reboot Shortcut,13040,08/25/2020, 02:08:34,71
RBTR00001,Reboot Shortcut,13040,08/25/2020, 03:07:42,71
RBTR00001,Reboot Shortcut,13040,08/25/2020, 04:08:31,71
RBTR00001,Reboot Shortcut,13040,08/25/2020, 05:08:01,71
RBTR00001,Reboot Shortcut,13040,08/25/2020, 06:08:40,71
RBTR00001,Reboot Shortcut,13040,08/25/2020, 07:08:12,71
RBTR00001,Reboot Shortcut,13040,08/25/2020, 08:08:59,71
RBTR00001,Reboot Shortcut,13040,08/25/2020, 09:08:05,71
RBTR00001,Reboot Shortcut,13040,08/25/2020, 10:07:49,71
RBTR00001,Reboot Shortcut,13041,08/25/2020, 11:07:30,71
RBTR00001,Reboot Shortcut,13043,08/25/2020, 12:10:24,71
RBTR00001,Reboot Shortcut,13043,08/25/2020, 13:07:27,71
RBTR00001,Reboot Shortcut,13046,08/25/2020, 14:08:37,71
RBTR00001,Reboot Shortcut,13048,08/25/2020, 15:08:00,71
RBTR00001,Reboot Shortcut,13050,08/25/2020, 16:08:15,71
RBTR00001,Reboot Shortcut,13050,08/25/2020, 17:07:35,71
RBTR00001,Reboot Shortcut,13051,08/25/2020, 18:08:25,71
RBTR00001,Reboot Shortcut,13051,08/25/2020, 19:07:17,71
RBTR00001,Reboot Shortcut,13051,08/25/2020, 20:08:24,71
RBTR00001,Reboot Shortcut,13051,08/25/2020, 21:07:36,71
RBTR00001,Reboot Shortcut,13051,08/25/2020, 22:07:37,71
RBTR00001,Reboot Shortcut,13052,08/25/2020, 23:07:18,71
RBTR00001,Reboot Shortcut,13052,08/26/2020, 00:21:18,71
RBTR00001,Reboot Shortcut,13052,08/26/2020, 01:07:53,71
RBTR00001,Reboot Shortcut,13053,08/26/2020, 02:08:52,71
RBTR00001,Reboot Shortcut,13053,08/26/2020, 03:08:05,71
RBTR00001,Reboot Shortcut,13053,08/26/2020, 04:08:46,71
RBTR00001,Reboot Shortcut,13054,08/26/2020, 05:09:43,71
RBTR00001,Reboot Shortcut,13054,08/26/2020, 06:08:56,71
RBTR00001,Reboot Shortcut,13054,08/26/2020, 07:08:11,71
RBTR00001,Reboot Shortcut,13055,08/26/2020, 08:08:31,71
RBTR00001,Reboot Shortcut,13055,08/26/2020, 09:07:58,71
RBTR00001,Reboot Shortcut,13055,08/26/2020, 10:07:48,71
RBTR00001,Reboot Shortcut,13055,08/26/2020, 11:07:22,71
RBTR00001,Reboot Shortcut,13055,08/26/2020, 12:10:21,71
RBTR00001,Reboot Shortcut,13055,08/26/2020, 13:07:24,71
RBTR00001,Reboot Shortcut,13056,08/26/2020, 14:08:41,71
RBTR00001,Reboot Shortcut,13056,08/26/2020, 15:07:58,71
RBTR00001,Reboot Shortcut,13056,08/26/2020, 16:08:21,71
RBTR00001,Reboot Shortcut,13056,08/26/2020, 17:07:32,71
RBTR00001,Reboot Shortcut,13057,08/26/2020, 18:08:35,71
RBTR00001,Reboot Shortcut,13057,08/26/2020, 19:07:31,71
RBTR00001,Reboot Shortcut,13057,08/26/2020, 20:08:46,71
RBTR00001,Reboot Shortcut,13060,08/26/2020, 21:07:38,71
RBTR00001,Reboot Shortcut,13060,08/26/2020, 22:07:40,71
RBTR00001,Reboot Shortcut,13060,08/26/2020, 23:07:23,71
RBTR00001,Reboot Shortcut,13060,08/27/2020, 00:21:36,71
RBTR00001,Reboot Shortcut,13060,08/27/2020, 01:08:16,71
RBTR00001,Reboot Shortcut,13060,08/27/2020, 02:08:53,71
RBTR00001,Reboot Shortcut,13060,08/27/2020, 03:08:02,71
RBTR00001,Reboot Shortcut,13060,08/27/2020, 04:08:36,71
RBTR00001,Reboot Shortcut,13060,08/27/2020, 05:12:11,71
RBTR00001,Reboot Shortcut,13060,08/27/2020, 06:08:48,71
RBTR00001,Reboot Shortcut,13061,08/27/2020, 07:07:59,71
RBTR00001,Reboot Shortcut,13061,08/27/2020, 08:09:09,71
RBTR00001,Reboot Shortcut,13061,08/27/2020, 09:08:12,71
RBTR00001,Reboot Shortcut,13061,08/27/2020, 10:08:11,71
RBTR00001,Reboot Shortcut,13061,08/27/2020, 11:07:19,71
RBTR00001,Reboot Shortcut,13062,08/27/2020, 12:10:31,71
RBTR00001,Reboot Shortcut,13064,08/27/2020, 13:07:24,71
RBTR00001,Reboot Shortcut,13065,08/27/2020, 14:08:39,71
RBTR00001,Reboot Shortcut,13065,08/27/2020, 15:07:55,71
RBTR00001,Reboot Shortcut,13065,08/27/2020, 16:08:41,71
RBTR00001,Reboot Shortcut,13065,08/27/2020, 17:07:59,71
RBTR00001,Reboot Shortcut,13065,08/27/2020, 18:08:42,71
RBTR00001,Reboot Shortcut,13067,08/27/2020, 19:07:44,71
RBTR00001,Reboot Shortcut,13067,08/27/2020, 20:08:30,71
RBTR00001,Reboot Shortcut,13067,08/27/2020, 21:07:48,71
RBTR00001,Reboot Shortcut,13067,08/27/2020, 22:07:18,71
RBTR00001,Reboot Shortcut,13067,08/27/2020, 23:07:51,71
RBTR00001,Reboot Shortcut,13067,08/28/2020, 00:24:02,71
RBTR00001,Reboot Shortcut,13067,08/28/2020, 01:11:46,71
RBTR00001,Reboot Shortcut,13067,08/28/2020, 02:09:30,71
RBTR00001,Reboot Shortcut,13067,08/28/2020, 03:08:31,71
RBTR00001,Reboot Shortcut,13068,08/28/2020, 04:08:45,71
RBTR00001,Reboot Shortcut,13069,08/28/2020, 05:08:34,71
RBTR00001,Reboot Shortcut,13069,08/28/2020, 06:09:23,71
RBTR00001,Reboot Shortcut,13069,08/28/2020, 07:08:39,71
RBTR00001,Reboot Shortcut,13069,08/28/2020, 08:09:47,71
RBTR00001,Reboot Shortcut,13069,08/28/2020, 09:08:26,71
RBTR00001,Reboot Shortcut,13069,08/28/2020, 10:08:18,71
RBTR00001,Reboot Shortcut,13069,08/28/2020, 11:07:56,71
RBTR00001,Reboot Shortcut,13069,08/28/2020, 12:12:22,71
RBTR00001,Reboot Shortcut,13069,08/28/2020, 13:08:09,71
RBTR00001,Reboot Shortcut,13069,08/28/2020, 14:09:14,71
RBTR00001,Reboot Shortcut,13069,08/28/2020, 15:08:18,71
RBTR00001,Reboot Shortcut,13069,08/28/2020, 16:08:56,71
RBTR00001,Reboot Shortcut,13069,08/28/2020, 17:07:48,71
RBTR00001,Reboot Shortcut,13069,08/28/2020, 18:09:03,71
RBTR00001,Reboot Shortcut,13069,08/28/2020, 19:07:59,71
RBTR00001,Reboot Shortcut,13069,08/28/2020, 20:09:17,71
RBTR00001,Reboot Shortcut,13070,08/28/2020, 21:08:16,71
RBTR00001,Reboot Shortcut,13072,08/28/2020, 22:08:04,71
RBTR00001,Reboot Shortcut,13072,08/28/2020, 23:04:09,71
RBTR00001,Reboot Shortcut,13073,08/29/2020, 00:15:40,71
RBTR00001,Reboot Shortcut,13073,08/29/2020, 01:05:31,71
RBTR00001,Reboot Shortcut,13073,08/29/2020, 02:04:18,71
RBTR00001,Reboot Shortcut,13073,08/29/2020, 03:09:03,71
RBTR00001,Reboot Shortcut,13074,08/29/2020, 04:05:08,71
RBTR00001,Reboot Shortcut,13075,08/29/2020, 05:10:50,71
RBTR00001,Reboot Shortcut,13075,08/29/2020, 06:06:51,71
RBTR00001,Reboot Shortcut,13075,08/29/2020, 07:06:54,71
RBTR00001,Reboot Shortcut,13075,08/29/2020, 08:13:28,71
RBTR00001,Reboot Shortcut,13075,08/29/2020, 09:07:11,71
RBTR00001,Reboot Shortcut,13075,08/29/2020, 10:05:21,71
RBTR00001,Reboot Shortcut,13075,08/29/2020, 11:10:03,71
RBTR00001,Reboot Shortcut,13075,08/29/2020, 12:07:16,71
RBTR00001,Reboot Shortcut,13075,08/29/2020, 13:10:49,71
RBTR00001,Reboot Shortcut,13075,08/29/2020, 14:09:59,71
RBTR00001,Reboot Shortcut,13077,08/29/2020, 15:07:27,71
RBTR00001,Reboot Shortcut,13078,08/29/2020, 16:05:21,71
RBTR00001,Reboot Shortcut,13080,08/29/2020, 17:06:40,71
RBTR00001,Reboot Shortcut,13081,08/29/2020, 18:07:14,71
RBTR00001,Reboot Shortcut,13081,08/29/2020, 19:10:29,71
RBTR00001,Reboot Shortcut,13082,08/29/2020, 20:07:22,71
RBTR00001,Reboot Shortcut,13082,08/29/2020, 21:08:34,71
RBTR00001,Reboot Shortcut,13082,08/29/2020, 22:07:21,71
RBTR00001,Reboot Shortcut,13082,08/29/2020, 23:04:45,71
RBTR00001,Reboot Shortcut,13082,08/30/2020, 00:16:32,71
RBTR00001,Reboot Shortcut,13082,08/30/2020, 01:04:46,71
RBTR00001,Reboot Shortcut,13082,08/30/2020, 02:07:28,71
RBTR00001,Reboot Shortcut,13082,08/30/2020, 03:06:20,71
RBTR00001,Reboot Shortcut,13082,08/30/2020, 04:05:40,71
RBTR00001,Reboot Shortcut,13083,08/30/2020, 05:12:05,71
RBTR00001,Reboot Shortcut,13083,08/30/2020, 06:10:00,71
RBTR00001,Reboot Shortcut,13083,08/30/2020, 07:11:31,71
RBTR00001,Reboot Shortcut,13084,08/30/2020, 08:12:27,71
RBTR00001,Reboot Shortcut,13084,08/30/2020, 09:07:34,71
RBTR00001,Reboot Shortcut,13084,08/30/2020, 10:07:15,71
RBTR00001,Reboot Shortcut,13084,08/30/2020, 11:12:03,71
RBTR00001,Reboot Shortcut,13084,08/30/2020, 12:11:14,71
RBTR00001,Reboot Shortcut,13085,08/30/2020, 13:05:26,71
RBTR00001,Reboot Shortcut,13085,08/30/2020, 14:04:36,71
RBTR00001,Reboot Shortcut,13086,08/30/2020, 15:12:26,71
RBTR00001,Reboot Shortcut,13086,08/30/2020, 16:05:39,71
RBTR00001,Reboot Shortcut,13087,08/30/2020, 17:07:15,71
RBTR00001,Reboot Shortcut,13087,08/30/2020, 18:13:00,71
RBTR00001,Reboot Shortcut,13087,08/30/2020, 19:11:19,71
RBTR00001,Reboot Shortcut,13088,08/30/2020, 20:07:35,71
RBTR00001,Reboot Shortcut,13089,08/30/2020, 21:07:25,71
RBTR00001,Reboot Shortcut,13089,08/30/2020, 22:09:44,71
RBTR00001,Reboot Shortcut,13090,08/30/2020, 23:05:54,71
RBTR00001,Reboot Shortcut,13092,08/31/2020, 00:16:34,71
RBTR00001,Reboot Shortcut,13092,08/31/2020, 01:04:20,71
RBTR00001,Reboot Shortcut,13092,08/31/2020, 02:10:54,71
RBTR00001,Reboot Shortcut,13092,08/31/2020, 03:04:10,71
RBTR00001,Reboot Shortcut,13092,08/31/2020, 04:13:09,71
RBTR00001,Reboot Shortcut,13092,08/31/2020, 05:10:29,71
RBTR00001,Reboot Shortcut,13092,08/31/2020, 06:06:45,71
RBTR00001,Reboot Shortcut,13092,08/31/2020, 07:04:10,71
RBTR00001,Reboot Shortcut,13092,08/31/2020, 08:04:32,71
RBTR00001,Reboot Shortcut,13093,08/31/2020, 09:04:08,71
RBTR00001,Reboot Shortcut,13093,08/31/2020, 10:04:03,71
RBTR00001,Reboot Shortcut,13094,08/31/2020, 11:03:49,71
RBTR00001,Reboot Shortcut,13094,08/31/2020, 12:12:02,71
RBTR00001,Reboot Shortcut,13094,08/31/2020, 14:04:18,71
RBTR00001,Reboot Shortcut,13095,08/31/2020, 15:04:01,71
RBTR00001,Reboot Shortcut,13095,08/31/2020, 16:04:23,71
RBTR00001,Reboot Shortcut,13097,08/31/2020, 17:08:27,71
RBTR00001,Reboot Shortcut,13098,08/31/2020, 18:09:18,71
RBTR00001,Reboot Shortcut,13098,08/31/2020, 19:08:08,71
RBTR00001,Reboot Shortcut,13098,08/31/2020, 20:09:22,71
RBTR00001,Reboot Shortcut,13099,08/31/2020, 21:08:20,71
RBTR00001,Reboot Shortcut,13101,08/31/2020, 22:08:28,71
RBTR00001,Reboot Shortcut,13101,08/31/2020, 23:08:01,71
RBTR00001,Reboot Shortcut,13101,09/01/2020, 00:24:01,71
RBTR00001,Reboot Shortcut,13101,09/01/2020, 01:13:51,71
RBTR00001,Reboot Shortcut,13101,09/01/2020, 02:09:33,71
RBTR00001,Reboot Shortcut,13101,09/01/2020, 03:08:40,71
RBTR00001,Reboot Shortcut,13101,09/01/2020, 04:08:53,71
RBTR00001,Reboot Shortcut,13101,09/01/2020, 05:08:29,71
RBTR00001,Reboot Shortcut,13101,09/01/2020, 06:09:37,71
RBTR00001,Reboot Shortcut,13101,09/01/2020, 07:08:38,71
RBTR00001,Reboot Shortcut,13101,09/01/2020, 08:09:38,71
RBTR00001,Reboot Shortcut,13102,09/01/2020, 09:10:04,71
RBTR00001,Reboot Shortcut,13102,09/01/2020, 10:08:42,71
RBTR00001,Reboot Shortcut,13102,09/01/2020, 11:07:51,71
RBTR00001,Reboot Shortcut,13102,09/01/2020, 12:10:56,71
RBTR00001,Reboot Shortcut,13102,09/01/2020, 13:08:12,71
RBTR00001,Reboot Shortcut,13102,09/01/2020, 14:11:18,71
RBTR00001,Reboot Shortcut,13102,09/01/2020, 15:09:03,71
RBTR00001,Reboot Shortcut,13102,09/01/2020, 16:08:59,71
RBTR00001,Reboot Shortcut,13102,09/01/2020, 17:08:19,71
RBTR00001,Reboot Shortcut,13103,09/01/2020, 18:09:18,71
RBTR00001,Reboot Shortcut,13103,09/01/2020, 19:08:13,71
RBTR00001,Reboot Shortcut,13103,09/01/2020, 20:09:20,71
RBTR00001,Reboot Shortcut,13103,09/01/2020, 21:08:27,71
RBTR00001,Reboot Shortcut,13103,09/01/2020, 22:08:40,71
RBTR00001,Reboot Shortcut,13104,09/01/2020, 23:07:52,71
RBTR00001,Reboot Shortcut,13104,09/02/2020, 00:23:14,71
RBTR00001,Reboot Shortcut,13104,09/02/2020, 01:07:26,71
RBTR00001,Reboot Shortcut,13104,09/02/2020, 02:09:14,71
RBTR00001,Reboot Shortcut,13104,09/02/2020, 03:09:31,71
RBTR00001,Reboot Shortcut,13104,09/02/2020, 04:09:12,71
RBTR00001,Reboot Shortcut,13104,09/02/2020, 05:08:14,71
RBTR00001,Reboot Shortcut,13104,09/02/2020, 06:09:20,71
RBTR00001,Reboot Shortcut,13104,09/02/2020, 07:08:40,71
RBTR00001,Reboot Shortcut,13104,09/02/2020, 08:09:24,71
RBTR00001,Reboot Shortcut,13104,09/02/2020, 09:09:54,71
RBTR00001,Reboot Shortcut,13104,09/02/2020, 10:08:33,71
RBTR00001,Reboot Shortcut,13104,09/02/2020, 11:07:51,71
RBTR00001,Reboot Shortcut,13104,09/02/2020, 12:11:12,71
RBTR00001,Reboot Shortcut,13104,09/02/2020, 13:08:14,71
RBTR00001,Reboot Shortcut,13104,09/02/2020, 14:09:27,71
RBTR00001,Reboot Shortcut,13104,09/02/2020, 15:10:30,71
RBTR00001,Reboot Shortcut,13104,09/02/2020, 16:09:12,71
RBTR00001,Reboot Shortcut,13104,09/02/2020, 17:08:21,71
RBTR00001,Reboot Shortcut,13105,09/02/2020, 18:09:01,71
RBTR00001,Reboot Shortcut,13105,09/02/2020, 19:08:01,71
RBTR00001,Reboot Shortcut,13105,09/02/2020, 20:09:15,71
RBTR00001,Reboot Shortcut,13105,09/02/2020, 21:08:26,71
RBTR00001,Reboot Shortcut,13106,09/02/2020, 22:08:11,71
RBTR00001,Reboot Shortcut,13106,09/02/2020, 23:07:52,71
RBTR00001,Reboot Shortcut,13106,09/03/2020, 00:23:21,71
RBTR00001,Reboot Shortcut,13107,09/03/2020, 01:11:59,71
RBTR00001,Reboot Shortcut,13108,09/03/2020, 02:09:34,71
RBTR00001,Reboot Shortcut,13108,09/03/2020, 03:08:19,71
RBTR00001,Reboot Shortcut,13108,09/03/2020, 04:09:05,71
RBTR00001,Reboot Shortcut,13108,09/03/2020, 05:09:25,71
RBTR00001,Reboot Shortcut,13109,09/03/2020, 06:09:40,71
RBTR00001,Reboot Shortcut,13109,09/03/2020, 07:08:46,71
RBTR00001,Reboot Shortcut,13109,09/03/2020, 08:09:37,71
RBTR00001,Reboot Shortcut,13109,09/03/2020, 09:08:39,71
RBTR00001,Reboot Shortcut,13110,09/03/2020, 10:08:53,71
RBTR00001,Reboot Shortcut,13110,09/03/2020, 11:08:05,71
RBTR00001,Reboot Shortcut,13111,09/03/2020, 12:11:18,71
RBTR00001,Reboot Shortcut,13112,09/03/2020, 13:08:14,71
RBTR00001,Reboot Shortcut,13112,09/03/2020, 14:09:30,71
RBTR00001,Reboot Shortcut,13112,09/03/2020, 15:08:45,71
RBTR00001,Reboot Shortcut,13112,09/03/2020, 16:09:20,71
RBTR00001,Reboot Shortcut,13112,09/03/2020, 17:08:26,71
RBTR00001,Reboot Shortcut,13113,09/03/2020, 18:09:10,71
RBTR00001,Reboot Shortcut,13113,09/03/2020, 19:06:53,71
RBTR00001,Reboot Shortcut,13113,09/03/2020, 20:09:40,71
RBTR00001,Reboot Shortcut,13113,09/03/2020, 21:08:34,71
RBTR00001,Reboot Shortcut,13113,09/03/2020, 22:08:31,71
RBTR00001,Reboot Shortcut,13114,09/03/2020, 23:08:03,71
RBTR00001,Reboot Shortcut,13114,09/04/2020, 00:24:05,71
RBTR00001,Reboot Shortcut,13116,09/04/2020, 01:12:24,71
RBTR00001,Reboot Shortcut,13117,09/04/2020, 02:09:36,71
RBTR00001,Reboot Shortcut,13117,09/04/2020, 03:08:22,71
RBTR00001,Reboot Shortcut,13117,09/04/2020, 04:09:13,71
RBTR00001,Reboot Shortcut,13119,09/04/2020, 05:08:15,71
RBTR00001,Reboot Shortcut,13119,09/04/2020, 06:09:46,71
RBTR00001,Reboot Shortcut,13120,09/04/2020, 07:08:33,71
RBTR00001,Reboot Shortcut,13120,09/04/2020, 08:09:36,71
RBTR00001,Reboot Shortcut,13120,09/04/2020, 09:08:37,71
RBTR00001,Reboot Shortcut,13121,09/04/2020, 10:08:47,71
RBTR00001,Reboot Shortcut,13121,09/04/2020, 11:08:04,71
RBTR00001,Reboot Shortcut,13121,09/04/2020, 12:14:45,71
RBTR00001,Reboot Shortcut,13122,09/04/2020, 13:08:41,71
RBTR00001,Reboot Shortcut,13123,09/04/2020, 14:09:28,71
RBTR00001,Reboot Shortcut,13123,09/04/2020, 15:08:43,71
RBTR00001,Reboot Shortcut,13123,09/04/2020, 16:09:08,71
RBTR00001,Reboot Shortcut,13123,09/04/2020, 17:08:23,71
RBTR00001,Reboot Shortcut,13123,09/04/2020, 18:09:16,71
RBTR00001,Reboot Shortcut,13123,09/04/2020, 19:08:06,71
RBTR00001,Reboot Shortcut,13123,09/04/2020, 20:09:23,71
RBTR00001,Reboot Shortcut,13123,09/04/2020, 21:08:13,71
RBTR00001,Reboot Shortcut,13123,09/04/2020, 22:08:30,71
RBTR00001,Reboot Shortcut,13123,09/04/2020, 23:08:04,71
RBTR00001,Reboot Shortcut,13125,09/05/2020, 00:39:53,71
RBTR00001,Reboot Shortcut,13125,09/05/2020, 02:07:32,71
RBTR00001,Reboot Shortcut,13126,09/05/2020, 03:20:31,71
RBTR00001,Reboot Shortcut,13126,09/05/2020, 04:17:15,71
RBTR00001,Reboot Shortcut,13126,09/05/2020, 05:15:15,71
RBTR00001,Reboot Shortcut,13126,09/05/2020, 06:17:41,71
RBTR00001,Reboot Shortcut,13126,09/05/2020, 07:18:05,71
RBTR00001,Reboot Shortcut,13126,09/05/2020, 08:16:29,71
RBTR00001,Reboot Shortcut,13126,09/05/2020, 09:15:48,71
RBTR00001,Reboot Shortcut,13126,09/05/2020, 10:15:55,71
RBTR00001,Reboot Shortcut,13126,09/05/2020, 11:14:33,71
RBTR00001,Reboot Shortcut,13126,09/05/2020, 12:20:32,71
RBTR00001,Reboot Shortcut,13126,09/05/2020, 13:20:53,71
RBTR00001,Reboot Shortcut,13126,09/05/2020, 14:16:44,71
RBTR00001,Reboot Shortcut,13127,09/05/2020, 15:15:33,71
RBTR00001,Reboot Shortcut,13127,09/05/2020, 16:10:04,71
RBTR00001,Reboot Shortcut,13127,09/05/2020, 17:08:15,71
RBTR00001,Reboot Shortcut,13127,09/05/2020, 18:09:25,71
RBTR00001,Reboot Shortcut,13127,09/05/2020, 19:08:01,71
RBTR00001,Reboot Shortcut,13128,09/05/2020, 20:09:33,71
RBTR00001,Reboot Shortcut,13128,09/05/2020, 21:08:16,71
RBTR00001,Reboot Shortcut,13130,09/05/2020, 22:08:10,71
RBTR00001,Reboot Shortcut,13130,09/05/2020, 23:08:43,71
RBTR00001,Reboot Shortcut,13130,09/06/2020, 00:25:09,71
RBTR00001,Reboot Shortcut,13130,09/06/2020, 01:13:50,71
RBTR00001,Reboot Shortcut,13131,09/06/2020, 02:09:28,71
RBTR00001,Reboot Shortcut,13131,09/06/2020, 03:08:57,71
RBTR00001,Reboot Shortcut,13131,09/06/2020, 04:09:11,71
RBTR00001,Reboot Shortcut,13131,09/06/2020, 05:08:13,71
RBTR00001,Reboot Shortcut,13131,09/06/2020, 06:10:52,71
RBTR00001,Reboot Shortcut,13131,09/06/2020, 07:08:28,71
RBTR00001,Reboot Shortcut,13131,09/06/2020, 08:09:01,71
RBTR00001,Reboot Shortcut,13131,09/06/2020, 09:08:32,71
RBTR00001,Reboot Shortcut,13131,09/06/2020, 10:08:37,71
RBTR00001,Reboot Shortcut,13131,09/06/2020, 11:08:16,71
RBTR00001,Reboot Shortcut,13131,09/06/2020, 12:11:02,71
RBTR00001,Reboot Shortcut,13131,09/06/2020, 13:08:10,71
RBTR00001,Reboot Shortcut,13131,09/06/2020, 14:09:10,71
RBTR00001,Reboot Shortcut,13132,09/06/2020, 15:08:21,71
RBTR00001,Reboot Shortcut,13133,09/06/2020, 16:09:04,71
RBTR00001,Reboot Shortcut,13133,09/06/2020, 17:09:38,71
RBTR00001,Reboot Shortcut,13133,09/06/2020, 18:09:46,71
RBTR00001,Reboot Shortcut,13134,09/06/2020, 19:08:18,71
RBTR00001,Reboot Shortcut,13134,09/06/2020, 20:09:26,71
RBTR00001,Reboot Shortcut,13134,09/06/2020, 21:08:32,71
RBTR00001,Reboot Shortcut,13135,09/06/2020, 22:08:32,71
RBTR00001,Reboot Shortcut,13136,09/06/2020, 23:08:09,71
RBTR00001,Reboot Shortcut,13136,09/07/2020, 00:24:37,71
RBTR00001,Reboot Shortcut,13136,09/07/2020, 01:13:45,71
RBTR00001,Reboot Shortcut,13136,09/07/2020, 02:10:04,71
RBTR00001,Reboot Shortcut,13136,09/07/2020, 03:08:44,71
RBTR00001,Reboot Shortcut,13136,09/07/2020, 04:09:29,71
RBTR00001,Reboot Shortcut,13136,09/07/2020, 05:08:18,71
RBTR00001,Reboot Shortcut,13137,09/07/2020, 06:11:10,71
RBTR00001,Reboot Shortcut,13137,09/07/2020, 07:09:44,71
RBTR00001,Reboot Shortcut,13137,09/07/2020, 08:09:36,71
RBTR00001,Reboot Shortcut,13138,09/07/2020, 09:08:55,71
RBTR00001,Reboot Shortcut,13138,09/07/2020, 10:08:57,71
RBTR00001,Reboot Shortcut,13138,09/07/2020, 11:08:26,71
RBTR00001,Reboot Shortcut,13138,09/07/2020, 12:11:22,71
RBTR00001,Reboot Shortcut,13138,09/07/2020, 13:08:28,71
RBTR00001,Reboot Shortcut,13138,09/07/2020, 14:09:16,71
RBTR00001,Reboot Shortcut,13139,09/07/2020, 15:08:55,71
RBTR00001,Reboot Shortcut,13140,09/07/2020, 16:09:12,71
RBTR00001,Reboot Shortcut,13140,09/07/2020, 17:08:14,71
RBTR00001,Reboot Shortcut,13140,09/07/2020, 18:09:21,71
RBTR00001,Reboot Shortcut,13140,09/07/2020, 19:08:06,71
RBTR00001,Reboot Shortcut,13140,09/07/2020, 20:09:19,71
RBTR00001,Reboot Shortcut,13140,09/07/2020, 21:08:27,71
RBTR00001,Reboot Shortcut,13140,09/07/2020, 22:08:33,71
RBTR00001,Reboot Shortcut,13140,09/07/2020, 23:08:14,71
RBTR00001,Reboot Shortcut,13140,09/08/2020, 00:24:17,71
RBTR00001,Reboot Shortcut,13140,09/08/2020, 01:13:24,71
RBTR00001,Reboot Shortcut,13140,09/08/2020, 02:09:47,71
RBTR00001,Reboot Shortcut,13141,09/08/2020, 03:08:55,71
RBTR00001,Reboot Shortcut,13141,09/08/2020, 04:09:34,71
RBTR00001,Reboot Shortcut,13141,09/08/2020, 05:08:19,71
RBTR00001,Reboot Shortcut,13141,09/08/2020, 06:09:33,71
RBTR00001,Reboot Shortcut,13141,09/08/2020, 07:08:45,71
RBTR00001,Reboot Shortcut,13141,09/08/2020, 08:10:01,71
RBTR00001,Reboot Shortcut,13141,09/08/2020, 09:08:51,71
RBTR00001,Reboot Shortcut,13141,09/08/2020, 10:09:05,71
RBTR00001,Reboot Shortcut,13141,09/08/2020, 12:11:21,71
RBTR00001,Reboot Shortcut,13141,09/08/2020, 13:08:41,71
RBTR00001,Reboot Shortcut,13141,09/08/2020, 14:09:53,71
RBTR00001,Reboot Shortcut,13142,09/08/2020, 15:09:13,71
RBTR00001,Reboot Shortcut,13142,09/08/2020, 16:09:24,71
RBTR00001,Reboot Shortcut,13142,09/08/2020, 17:08:19,71
RBTR00001,Reboot Shortcut,13142,09/08/2020, 18:09:19,71
RBTR00001,Reboot Shortcut,13143,09/08/2020, 19:08:32,71
RBTR00001,Reboot Shortcut,13143,09/08/2020, 20:09:43,71
RBTR00001,Reboot Shortcut,13144,09/08/2020, 21:08:34,71
RBTR00001,Reboot Shortcut,13144,09/08/2020, 22:08:53,71
RBTR00001,Reboot Shortcut,13144,09/08/2020, 23:08:22,71
RBTR00001,Reboot Shortcut,13144,09/09/2020, 00:24:13,71
RBTR00001,Reboot Shortcut,13144,09/09/2020, 01:13:39,71
RBTR00001,Reboot Shortcut,13146,09/09/2020, 02:09:58,71
RBTR00001,Reboot Shortcut,13146,09/09/2020, 03:09:10,71
RBTR00001,Reboot Shortcut,13147,09/09/2020, 04:09:22,71
RBTR00001,Reboot Shortcut,13148,09/09/2020, 05:08:40,71
RBTR00001,Reboot Shortcut,13148,09/09/2020, 06:09:53,71
RBTR00001,Reboot Shortcut,13148,09/09/2020, 07:08:58,71
RBTR00001,Reboot Shortcut,13149,09/09/2020, 08:09:31,71
RBTR00001,Reboot Shortcut,13149,09/09/2020, 09:08:59,71
RBTR00001,Reboot Shortcut,13149,09/09/2020, 10:08:56,71
RBTR00001,Reboot Shortcut,13149,09/09/2020, 11:08:33,71
RBTR00001,Reboot Shortcut,13150,09/09/2020, 12:11:32,71
RBTR00001,Reboot Shortcut,13150,09/09/2020, 13:08:43,71
RBTR00001,Reboot Shortcut,13151,09/09/2020, 14:09:46,71
RBTR00001,Reboot Shortcut,13151,09/09/2020, 15:08:55,71
RBTR00001,Reboot Shortcut,13151,09/09/2020, 16:09:29,71
RBTR00001,Reboot Shortcut,13151,09/09/2020, 17:08:36,71
RBTR00001,Reboot Shortcut,13151,09/09/2020, 18:09:36,71
RBTR00001,Reboot Shortcut,13151,09/09/2020, 19:08:16,71
RBTR00001,Reboot Shortcut,13151,09/09/2020, 20:09:14,71
RBTR00001,Reboot Shortcut,13151,09/09/2020, 21:08:26,71
RBTR00001,Reboot Shortcut,13152,09/09/2020, 22:08:36,71
RBTR00001,Reboot Shortcut,13152,09/09/2020, 23:08:12,71
RBTR00001,Reboot Shortcut,13152,09/10/2020, 00:23:44,71
RBTR00001,Reboot Shortcut,13152,09/10/2020, 01:11:24,71
RBTR00001,Reboot Shortcut,13152,09/10/2020, 02:12:50,71
RBTR00001,Reboot Shortcut,13152,09/10/2020, 03:08:45,71
RBTR00001,Reboot Shortcut,13152,09/10/2020, 04:09:22,71
RBTR00001,Reboot Shortcut,13153,09/10/2020, 05:08:55,71
RBTR00001,Reboot Shortcut,13153,09/10/2020, 06:09:37,71
RBTR00001,Reboot Shortcut,13154,09/10/2020, 07:08:49,71
RBTR00001,Reboot Shortcut,13155,09/10/2020, 08:09:15,71
RBTR00001,Reboot Shortcut,13155,09/10/2020, 09:08:50,71
RBTR00001,Reboot Shortcut,13155,09/10/2020, 10:08:46,71
RBTR00001,Reboot Shortcut,13155,09/10/2020, 11:08:02,71
RBTR00001,Reboot Shortcut,13157,09/10/2020, 12:11:29,71
RBTR00001,Reboot Shortcut,13157,09/10/2020, 13:08:26,71
RBTR00001,Reboot Shortcut,13157,09/10/2020, 14:09:32,71
RBTR00001,Reboot Shortcut,13157,09/10/2020, 15:09:02,71
RBTR00001,Reboot Shortcut,13157,09/10/2020, 16:13:24,71
RBTR00001,Reboot Shortcut,13157,09/10/2020, 17:08:41,71
RBTR00001,Reboot Shortcut,13157,09/10/2020, 18:09:21,71
RBTR00001,Reboot Shortcut,13157,09/10/2020, 19:08:11,71
RBTR00001,Reboot Shortcut,13158,09/10/2020, 20:09:28,71
RBTR00001,Reboot Shortcut,13158,09/10/2020, 21:08:38,71
RBTR00001,Reboot Shortcut,13158,09/10/2020, 22:08:46,71
RBTR00001,Reboot Shortcut,13159,09/10/2020, 23:08:00,71
RBTR00001,Reboot Shortcut,13159,09/11/2020, 00:24:08,71
RBTR00001,Reboot Shortcut,13159,09/11/2020, 01:11:46,71
RBTR00001,Reboot Shortcut,13159,09/11/2020, 02:09:38,71
RBTR00001,Reboot Shortcut,13159,09/11/2020, 03:08:43,71
RBTR00001,Reboot Shortcut,13159,09/11/2020, 04:09:17,71
RBTR00001,Reboot Shortcut,13159,09/11/2020, 05:08:26,71
RBTR00001,Reboot Shortcut,13159,09/11/2020, 06:09:57,71
RBTR00001,Reboot Shortcut,13159,09/11/2020, 07:08:37,71
RBTR00001,Reboot Shortcut,13159,09/11/2020, 08:09:50,71
RBTR00001,Reboot Shortcut,13159,09/11/2020, 09:08:43,71
RBTR00001,Reboot Shortcut,13159,09/11/2020, 10:09:01,71
RBTR00001,Reboot Shortcut,13159,09/11/2020, 11:07:57,71
RBTR00001,Reboot Shortcut,13159,09/11/2020, 12:17:31,71
RBTR00001,Reboot Shortcut,13159,09/11/2020, 13:08:18,71
RBTR00001,Reboot Shortcut,13159,09/11/2020, 14:09:20,71
RBTR00001,Reboot Shortcut,13159,09/11/2020, 15:08:49,71
RBTR00001,Reboot Shortcut,13159,09/11/2020, 16:09:14,71
RBTR00001,Reboot Shortcut,13159,09/11/2020, 17:08:30,71
RBTR00001,Reboot Shortcut,13162,09/11/2020, 18:09:05,71
RBTR00001,Reboot Shortcut,13163,09/11/2020, 19:08:04,71
RBTR00001,Reboot Shortcut,13163,09/11/2020, 20:09:36,71
RBTR00001,Reboot Shortcut,13163,09/11/2020, 21:08:40,71
RBTR00001,Reboot Shortcut,13164,09/11/2020, 22:08:41,71
RBTR00001,Reboot Shortcut,13164,09/11/2020, 23:08:02,71
RBTR00001,Reboot Shortcut,13164,09/12/2020, 00:24:03,71
RBTR00001,Reboot Shortcut,13165,09/12/2020, 01:12:51,71
RBTR00001,Reboot Shortcut,13165,09/12/2020, 02:09:29,71
RBTR00001,Reboot Shortcut,13165,09/12/2020, 03:08:58,71
RBTR00001,Reboot Shortcut,13165,09/12/2020, 04:09:02,71
RBTR00001,Reboot Shortcut,13165,09/12/2020, 05:08:17,71
RBTR00001,Reboot Shortcut,13165,09/12/2020, 06:09:58,71
RBTR00001,Reboot Shortcut,13165,09/12/2020, 07:08:38,71
RBTR00001,Reboot Shortcut,13166,09/12/2020, 08:09:15,71
RBTR00001,Reboot Shortcut,13166,09/12/2020, 09:08:19,71
RBTR00001,Reboot Shortcut,13166,09/12/2020, 10:08:45,71
RBTR00001,Reboot Shortcut,13166,09/12/2020, 11:09:24,71
RBTR00001,Reboot Shortcut,13167,09/12/2020, 12:11:18,71
RBTR00001,Reboot Shortcut,13169,09/12/2020, 13:08:07,71
RBTR00001,Reboot Shortcut,13169,09/12/2020, 14:08:59,71
RBTR00001,Reboot Shortcut,13169,09/12/2020, 15:08:21,71
RBTR00001,Reboot Shortcut,13169,09/12/2020, 16:09:08,71
RBTR00001,Reboot Shortcut,13170,09/12/2020, 17:08:04,71
RBTR00001,Reboot Shortcut,13170,09/12/2020, 18:09:26,71
RBTR00001,Reboot Shortcut,13170,09/12/2020, 19:08:11,71
RBTR00001,Reboot Shortcut,13170,09/12/2020, 20:09:38,71
RBTR00001,Reboot Shortcut,13172,09/12/2020, 21:08:19,71
RBTR00001,Reboot Shortcut,13172,09/12/2020, 22:08:39,71
RBTR00001,Reboot Shortcut,13172,09/12/2020, 23:08:10,71
RBTR00001,Reboot Shortcut,13173,09/13/2020, 00:25:21,71
RBTR00001,Reboot Shortcut,13173,09/13/2020, 01:14:44,71
RBTR00001,Reboot Shortcut,13173,09/13/2020, 02:09:35,71
RBTR00001,Reboot Shortcut,13175,09/13/2020, 03:09:02,71
RBTR00001,Reboot Shortcut,13176,09/13/2020, 04:09:00,71
RBTR00001,Reboot Shortcut,13176,09/13/2020, 05:08:19,71
RBTR00001,Reboot Shortcut,13176,09/13/2020, 06:09:46,71
RBTR00001,Reboot Shortcut,13176,09/13/2020, 07:08:44,71
RBTR00001,Reboot Shortcut,13176,09/13/2020, 08:09:13,71
RBTR00001,Reboot Shortcut,13176,09/13/2020, 09:08:44,71
RBTR00001,Reboot Shortcut,13176,09/13/2020, 10:08:52,71
RBTR00001,Reboot Shortcut,13177,09/13/2020, 11:08:22,71
RBTR00001,Reboot Shortcut,13177,09/13/2020, 12:11:35,71
RBTR00001,Reboot Shortcut,13177,09/13/2020, 13:08:10,71
RBTR00001,Reboot Shortcut,13177,09/13/2020, 14:09:13,71
RBTR00001,Reboot Shortcut,13179,09/13/2020, 15:08:42,71
RBTR00001,Reboot Shortcut,13179,09/13/2020, 16:09:20,71
RBTR00001,Reboot Shortcut,13179,09/13/2020, 17:08:18,71
RBTR00001,Reboot Shortcut,13179,09/13/2020, 18:09:22,71
RBTR00001,Reboot Shortcut,13179,09/13/2020, 19:08:23,71
RBTR00001,Reboot Shortcut,13180,09/13/2020, 20:09:30,71
RBTR00001,Reboot Shortcut,13180,09/13/2020, 21:08:32,71
RBTR00001,Reboot Shortcut,13180,09/13/2020, 22:08:33,71
RBTR00001,Reboot Shortcut,13180,09/13/2020, 23:08:03,71
RBTR00001,Reboot Shortcut,13180,09/14/2020, 00:24:38,71
RBTR00001,Reboot Shortcut,13180,09/14/2020, 01:14:20,71
RBTR00001,Reboot Shortcut,13180,09/14/2020, 02:09:51,71
RBTR00001,Reboot Shortcut,13180,09/14/2020, 03:08:55,71
RBTR00001,Reboot Shortcut,13180,09/14/2020, 04:09:29,71
RBTR00001,Reboot Shortcut,13180,09/14/2020, 05:08:33,71
RBTR00001,Reboot Shortcut,13180,09/14/2020, 06:09:51,71
RBTR00001,Reboot Shortcut,13182,09/14/2020, 07:08:53,71
RBTR00001,Reboot Shortcut,13183,09/14/2020, 08:09:48,71
RBTR00001,Reboot Shortcut,13183,09/14/2020, 09:08:44,71
RBTR00001,Reboot Shortcut,13183,09/14/2020, 10:09:01,71
RBTR00001,Reboot Shortcut,13183,09/14/2020, 11:08:06,71
RBTR00001,Reboot Shortcut,13183,09/14/2020, 12:11:30,71
RBTR00001,Reboot Shortcut,13183,09/14/2020, 13:08:53,71
RBTR00001,Reboot Shortcut,13183,09/14/2020, 14:09:21,71
RBTR00001,Reboot Shortcut,13183,09/14/2020, 15:08:55,71
RBTR00001,Reboot Shortcut,13183,09/14/2020, 16:09:17,71
RBTR00001,Reboot Shortcut,13183,09/14/2020, 17:08:31,71
RBTR00001,Reboot Shortcut,13184,09/14/2020, 18:09:32,71
RBTR00001,Reboot Shortcut,13184,09/14/2020, 19:08:13,71
RBTR00001,Reboot Shortcut,13184,09/14/2020, 20:09:45,71
RBTR00001,Reboot Shortcut,13184,09/14/2020, 21:08:52,71
RBTR00001,Reboot Shortcut,13185,09/14/2020, 22:08:21,71
RBTR00001,Reboot Shortcut,13187,09/14/2020, 23:08:13,71
RBTR00001,Reboot Shortcut,13187,09/15/2020, 00:24:28,71
RBTR00001,Reboot Shortcut,13187,09/15/2020, 01:14:10,71
RBTR00001,Reboot Shortcut,13187,09/15/2020, 02:10:06,71
RBTR00001,Reboot Shortcut,13187,09/15/2020, 03:08:59,71
RBTR00001,Reboot Shortcut,13187,09/15/2020, 04:09:32,71
RBTR00001,Reboot Shortcut,13187,09/15/2020, 05:08:26,71
RBTR00001,Reboot Shortcut,13187,09/15/2020, 06:09:41,71
RBTR00001,Reboot Shortcut,13187,09/15/2020, 07:08:48,71
RBTR00001,Reboot Shortcut,13187,09/15/2020, 08:09:57,71
RBTR00001,Reboot Shortcut,13187,09/15/2020, 09:08:56,71
RBTR00001,Reboot Shortcut,13187,09/15/2020, 10:08:55,71
RBTR00001,Reboot Shortcut,13187,09/15/2020, 11:08:25,71
RBTR00001,Reboot Shortcut,13187,09/15/2020, 12:11:27,71
RBTR00001,Reboot Shortcut,13187,09/15/2020, 13:08:40,71
RBTR00001,Reboot Shortcut,13187,09/15/2020, 14:09:40,71
RBTR00001,Reboot Shortcut,13189,09/15/2020, 15:08:55,71
RBTR00001,Reboot Shortcut,13189,09/15/2020, 16:09:25,71
RBTR00001,Reboot Shortcut,13190,09/15/2020, 17:08:30,71
RBTR00001,Reboot Shortcut,13190,09/15/2020, 18:09:20,71
RBTR00001,Reboot Shortcut,13191,09/15/2020, 19:08:06,71
RBTR00001,Reboot Shortcut,13191,09/15/2020, 20:09:22,71
RBTR00001,Reboot Shortcut,13191,09/15/2020, 21:08:09,71
RBTR00001,Reboot Shortcut,13192,09/15/2020, 22:08:42,71
RBTR00001,Reboot Shortcut,13192,09/15/2020, 23:08:26,71
RBTR00001,Reboot Shortcut,13192,09/16/2020, 00:24:19,71
RBTR00001,Reboot Shortcut,13193,09/16/2020, 01:14:05,71
RBTR00001,Reboot Shortcut,13193,09/16/2020, 02:09:34,71
RBTR00001,Reboot Shortcut,13193,09/16/2020, 03:08:47,71
RBTR00001,Reboot Shortcut,13193,09/16/2020, 04:09:25,71
RBTR00001,Reboot Shortcut,13193,09/16/2020, 05:08:58,71
RBTR00001,Reboot Shortcut,13193,09/16/2020, 06:09:45,71
RBTR00001,Reboot Shortcut,13193,09/16/2020, 07:08:59,71
RBTR00001,Reboot Shortcut,13193,09/16/2020, 08:09:40,71
RBTR00001,Reboot Shortcut,13194,09/16/2020, 09:08:51,71
RBTR00001,Reboot Shortcut,13195,09/16/2020, 10:08:44,71
RBTR00001,Reboot Shortcut,13195,09/16/2020, 11:08:24,71
RBTR00001,Reboot Shortcut,13195,09/16/2020, 12:11:34,71
RBTR00001,Reboot Shortcut,13195,09/16/2020, 13:08:35,71
RBTR00001,Reboot Shortcut,13195,09/16/2020, 14:09:30,71
RBTR00001,Reboot Shortcut,13195,09/16/2020, 15:08:48,71
RBTR00001,Reboot Shortcut,13195,09/16/2020, 16:09:32,71
RBTR00001,Reboot Shortcut,13195,09/16/2020, 17:08:42,71
RBTR00001,Reboot Shortcut,13195,09/16/2020, 18:09:32,71
RBTR00001,Reboot Shortcut,13196,09/16/2020, 19:08:05,71
RBTR00001,Reboot Shortcut,13197,09/16/2020, 20:09:40,71
RBTR00001,Reboot Shortcut,13197,09/16/2020, 21:08:49,71
RBTR00001,Reboot Shortcut,13198,09/16/2020, 22:08:35,71
RBTR00001,Reboot Shortcut,13199,09/16/2020, 23:08:13,71
RBTR00001,Reboot Shortcut,13199,09/17/2020, 00:24:53,71
RBTR00001,Reboot Shortcut,13199,09/17/2020, 01:14:36,71
RBTR00001,Reboot Shortcut,13199,09/17/2020, 02:09:49,71
RBTR00001,Reboot Shortcut,13199,09/17/2020, 03:08:45,71
RBTR00001,Reboot Shortcut,13199,09/17/2020, 04:09:23,71
RBTR00001,Reboot Shortcut,13200,09/17/2020, 05:08:53,71
RBTR00001,Reboot Shortcut,13200,09/17/2020, 06:09:50,71
RBTR00001,Reboot Shortcut,13200,09/17/2020, 07:08:54,71
RBTR00001,Reboot Shortcut,13200,09/17/2020, 08:09:45,71
RBTR00001,Reboot Shortcut,13200,09/17/2020, 09:08:54,71
RBTR00001,Reboot Shortcut,13200,09/17/2020, 10:08:56,71
RBTR00001,Reboot Shortcut,13201,09/17/2020, 11:08:12,71
RBTR00001,Reboot Shortcut,13201,09/17/2020, 12:12:05,71
RBTR00001,Reboot Shortcut,13201,09/17/2020, 13:08:40,71
RBTR00001,Reboot Shortcut,13201,09/17/2020, 14:09:46,71
RBTR00001,Reboot Shortcut,13201,09/17/2020, 15:08:59,71
RBTR00001,Reboot Shortcut,13201,09/17/2020, 16:09:04,71
RBTR00001,Reboot Shortcut,13201,09/17/2020, 17:08:46,71
RBTR00001,Reboot Shortcut,13201,09/17/2020, 18:09:39,71
RBTR00001,Reboot Shortcut,13201,09/17/2020, 19:08:16,71
RBTR00001,Reboot Shortcut,13201,09/17/2020, 20:09:36,71
RBTR00001,Reboot Shortcut,13201,09/17/2020, 21:08:58,71
RBTR00001,Reboot Shortcut,13201,09/17/2020, 22:08:40,71
RBTR00001,Reboot Shortcut,13201,09/17/2020, 23:08:19,71
RBTR00001,Reboot Shortcut,13202,09/18/2020, 00:25:06,71
RBTR00001,Reboot Shortcut,13203,09/18/2020, 01:14:52,71
RBTR00001,Reboot Shortcut,13203,09/18/2020, 02:09:57,71
RBTR00001,Reboot Shortcut,13203,09/18/2020, 03:08:37,71
RBTR00001,Reboot Shortcut,13203,09/18/2020, 04:09:40,71
RBTR00001,Reboot Shortcut,13203,09/18/2020, 05:08:50,71
RBTR00001,Reboot Shortcut,13203,09/18/2020, 06:09:57,71
RBTR00001,Reboot Shortcut,13203,09/18/2020, 07:08:40,71
RBTR00001,Reboot Shortcut,13203,09/18/2020, 08:10:01,71
RBTR00001,Reboot Shortcut,13203,09/18/2020, 09:08:57,71
RBTR00001,Reboot Shortcut,13203,09/18/2020, 10:09:13,71
RBTR00001,Reboot Shortcut,13203,09/18/2020, 11:08:28,71
RBTR00001,Reboot Shortcut,13203,09/18/2020, 12:17:35,71
RBTR00001,Reboot Shortcut,13203,09/18/2020, 13:08:20,71
RBTR00001,Reboot Shortcut,13203,09/18/2020, 14:09:28,71
RBTR00001,Reboot Shortcut,13203,09/18/2020, 15:09:07,71
RBTR00001,Reboot Shortcut,13203,09/18/2020, 16:09:35,71
RBTR00001,Reboot Shortcut,13204,09/18/2020, 17:08:32,71
RBTR00001,Reboot Shortcut,13204,09/18/2020, 18:09:25,71
RBTR00001,Reboot Shortcut,13204,09/18/2020, 19:08:05,71
RBTR00001,Reboot Shortcut,13204,09/18/2020, 20:09:37,71
RBTR00001,Reboot Shortcut,13204,09/18/2020, 21:08:49,71
RBTR00001,Reboot Shortcut,13204,09/18/2020, 22:08:48,71
RBTR00001,Reboot Shortcut,13204,09/18/2020, 23:08:20,71
RBTR00001,Reboot Shortcut,13204,09/19/2020, 00:25:04,71
RBTR00001,Reboot Shortcut,13205,09/19/2020, 01:14:38,71
RBTR00001,Reboot Shortcut,13206,09/19/2020, 02:09:43,71
RBTR00001,Reboot Shortcut,13206,09/19/2020, 03:09:09,71
RBTR00001,Reboot Shortcut,13206,09/19/2020, 04:09:13,71
RBTR00001,Reboot Shortcut,13206,09/19/2020, 05:08:51,71
RBTR00001,Reboot Shortcut,13206,09/19/2020, 06:09:57,71
RBTR00001,Reboot Shortcut,13206,09/19/2020, 07:08:50,71
RBTR00001,Reboot Shortcut,13206,09/19/2020, 08:09:23,71
RBTR00001,Reboot Shortcut,13206,09/19/2020, 09:08:26,71
RBTR00001,Reboot Shortcut,13206,09/19/2020, 10:08:31,71
RBTR00001,Reboot Shortcut,13206,09/19/2020, 11:08:04,71
RBTR00001,Reboot Shortcut,13207,09/19/2020, 12:11:45,71
RBTR00001,Reboot Shortcut,13207,09/19/2020, 13:08:40,71
RBTR00001,Reboot Shortcut,13207,09/19/2020, 14:09:26,71
RBTR00001,Reboot Shortcut,13207,09/19/2020, 15:08:54,71
RBTR00001,Reboot Shortcut,13207,09/19/2020, 16:09:33,71
RBTR00001,Reboot Shortcut,13208,09/19/2020, 17:08:28,71
RBTR00001,Reboot Shortcut,13208,09/19/2020, 18:09:22,71
RBTR00001,Reboot Shortcut,13208,09/19/2020, 19:08:04,71
RBTR00001,Reboot Shortcut,13208,09/19/2020, 20:09:30,71
RBTR00001,Reboot Shortcut,13208,09/19/2020, 21:08:33,71
RBTR00001,Reboot Shortcut,13208,09/19/2020, 22:08:34,71
RBTR00001,Reboot Shortcut,13208,09/19/2020, 23:08:05,71
RBTR00001,Reboot Shortcut,13208,09/20/2020, 00:26:00,71
RBTR00001,Reboot Shortcut,13208,09/20/2020, 01:16:52,71
RBTR00001,Reboot Shortcut,13208,09/20/2020, 02:09:46,71
RBTR00001,Reboot Shortcut,13210,09/20/2020, 03:08:49,71
RBTR00001,Reboot Shortcut,13210,09/20/2020, 04:09:49,71
RBTR00001,Reboot Shortcut,13210,09/20/2020, 05:08:33,71
RBTR00001,Reboot Shortcut,13210,09/20/2020, 06:09:56,71
RBTR00001,Reboot Shortcut,13210,09/20/2020, 07:09:07,71
RBTR00001,Reboot Shortcut,13212,09/20/2020, 08:09:24,71
RBTR00001,Reboot Shortcut,13212,09/20/2020, 09:08:45,71
RBTR00001,Reboot Shortcut,13212,09/20/2020, 10:08:49,71
RBTR00001,Reboot Shortcut,13214,09/20/2020, 11:08:13,71
RBTR00001,Reboot Shortcut,13215,09/20/2020, 12:11:34,71
RBTR00001,Reboot Shortcut,13215,09/20/2020, 13:08:35,71
RBTR00001,Reboot Shortcut,13215,09/20/2020, 14:09:24,71
RBTR00001,Reboot Shortcut,13217,09/20/2020, 15:09:06,71
RBTR00001,Reboot Shortcut,13217,09/20/2020, 16:09:02,71
RBTR00001,Reboot Shortcut,13217,09/20/2020, 17:08:49,71
RBTR00001,Reboot Shortcut,13217,09/20/2020, 18:09:38,71
RBTR00001,Reboot Shortcut,13217,09/20/2020, 19:08:19,71
RBTR00001,Reboot Shortcut,13217,09/20/2020, 20:09:51,71
RBTR00001,Reboot Shortcut,13217,09/20/2020, 21:09:03,71
RBTR00001,Reboot Shortcut,13217,09/20/2020, 22:08:50,71
RBTR00001,Reboot Shortcut,13217,09/20/2020, 23:08:32,71
RBTR00001,Reboot Shortcut,13219,09/21/2020, 00:25:58,71
RBTR00001,Reboot Shortcut,13219,09/21/2020, 01:16:44,71
RBTR00001,Reboot Shortcut,13219,09/21/2020, 02:10:14,71
RBTR00001,Reboot Shortcut,13219,09/21/2020, 03:08:53,71
RBTR00001,Reboot Shortcut,13219,09/21/2020, 04:09:51,71
RBTR00001,Reboot Shortcut,13219,09/21/2020, 05:08:37,71
RBTR00001,Reboot Shortcut,13219,09/21/2020, 06:10:12,71
RBTR00001,Reboot Shortcut,13219,09/21/2020, 07:09:05,71
RBTR00001,Reboot Shortcut,13220,09/21/2020, 08:09:42,71
RBTR00001,Reboot Shortcut,13221,09/21/2020, 09:09:30,71
RBTR00001,Reboot Shortcut,13221,09/21/2020, 10:09:18,71
RBTR00001,Reboot Shortcut,13221,09/21/2020, 11:08:04,71
RBTR00001,Reboot Shortcut,13221,09/21/2020, 12:11:57,71
RBTR00001,Reboot Shortcut,13221,09/21/2020, 13:08:43,71
RBTR00001,Reboot Shortcut,13221,09/21/2020, 14:09:39,71
RBTR00001,Reboot Shortcut,13221,09/21/2020, 15:09:19,71
RBTR00001,Reboot Shortcut,13221,09/21/2020, 16:09:40,71
RBTR00001,Reboot Shortcut,13221,09/21/2020, 17:08:26,71
RBTR00001,Reboot Shortcut,13221,09/21/2020, 18:09:41,71
RBTR00001,Reboot Shortcut,13221,09/21/2020, 19:08:23,71
RBTR00001,Reboot Shortcut,13221,09/21/2020, 20:09:36,71
RBTR00001,Reboot Shortcut,13222,09/21/2020, 21:09:01,71
RBTR00001,Reboot Shortcut,13222,09/21/2020, 22:08:38,71
RBTR00001,Reboot Shortcut,13222,09/21/2020, 23:08:39,71
RBTR00001,Reboot Shortcut,13223,09/22/2020, 00:25:08,71
RBTR00001,Reboot Shortcut,13223,09/22/2020, 01:16:17,71
RBTR00001,Reboot Shortcut,13223,09/22/2020, 02:09:52,71
RBTR00001,Reboot Shortcut,13224,09/22/2020, 03:08:46,71
RBTR00001,Reboot Shortcut,13224,09/22/2020, 04:09:46,71
RBTR00001,Reboot Shortcut,13224,09/22/2020, 05:08:44,71
RBTR00001,Reboot Shortcut,13224,09/22/2020, 06:10:28,71
RBTR00001,Reboot Shortcut,13224,09/22/2020, 07:09:21,71
RBTR00001,Reboot Shortcut,13224,09/22/2020, 08:09:52,71
RBTR00001,Reboot Shortcut,13224,09/22/2020, 09:09:00,71
RBTR00001,Reboot Shortcut,13224,09/22/2020, 10:09:23,71
RBTR00001,Reboot Shortcut,13225,09/22/2020, 11:08:30,71
RBTR00001,Reboot Shortcut,13225,09/22/2020, 12:11:52,71
RBTR00001,Reboot Shortcut,13225,09/22/2020, 13:09:09,71
RBTR00001,Reboot Shortcut,13225,09/22/2020, 14:10:17,71
RBTR00001,Reboot Shortcut,13225,09/22/2020, 15:10:08,71
RBTR00001,Reboot Shortcut,13225,09/22/2020, 16:09:53,71
RBTR00001,Reboot Shortcut,13226,09/22/2020, 17:08:31,71
RBTR00001,Reboot Shortcut,13226,09/22/2020, 18:09:35,71
RBTR00001,Reboot Shortcut,13226,09/22/2020, 19:08:27,71
RBTR00001,Reboot Shortcut,13226,09/22/2020, 20:09:35,71
RBTR00001,Reboot Shortcut,13226,09/22/2020, 21:08:58,71
RBTR00001,Reboot Shortcut,13226,09/22/2020, 22:08:42,71
RBTR00001,Reboot Shortcut,13226,09/22/2020, 23:08:33,71
RBTR00001,Reboot Shortcut,13226,09/23/2020, 00:25:12,71
RBTR00001,Reboot Shortcut,13226,09/23/2020, 01:16:04,71
RBTR00001,Reboot Shortcut,13226,09/23/2020, 02:09:39,71
RBTR00001,Reboot Shortcut,13227,09/23/2020, 03:09:17,71
RBTR00001,Reboot Shortcut,13229,09/23/2020, 04:09:48,71
RBTR00001,Reboot Shortcut,13229,09/23/2020, 05:08:34,71
RBTR00001,Reboot Shortcut,13229,09/23/2020, 06:10:08,71
RBTR00001,Reboot Shortcut,13229,09/23/2020, 07:09:20,71
RBTR00001,Reboot Shortcut,13229,09/23/2020, 08:09:38,71
RBTR00001,Reboot Shortcut,13229,09/23/2020, 09:09:01,71
RBTR00001,Reboot Shortcut,13229,09/23/2020, 10:09:18,71
RBTR00001,Reboot Shortcut,13229,09/23/2020, 11:08:39,71
RBTR00001,Reboot Shortcut,13229,09/23/2020, 12:12:00,71
RBTR00001,Reboot Shortcut,13229,09/23/2020, 13:08:49,71
RBTR00001,Reboot Shortcut,13229,09/23/2020, 14:09:52,71
RBTR00001,Reboot Shortcut,13229,09/23/2020, 15:09:22,71
RBTR00001,Reboot Shortcut,13229,09/23/2020, 16:09:50,71
RBTR00001,Reboot Shortcut,13229,09/23/2020, 17:08:35,71
RBTR00001,Reboot Shortcut,13229,09/23/2020, 18:09:35,71
RBTR00001,Reboot Shortcut,13230,09/23/2020, 19:08:31,71
RBTR00001,Reboot Shortcut,13231,09/23/2020, 20:10:13,71
RBTR00001,Reboot Shortcut,13231,09/23/2020, 21:09:03,71
RBTR00001,Reboot Shortcut,13231,09/23/2020, 22:09:40,71
RBTR00001,Reboot Shortcut,13231,09/23/2020, 23:08:28,71
RBTR00001,Reboot Shortcut,13231,09/24/2020, 00:25:53,71
RBTR00001,Reboot Shortcut,13231,09/24/2020, 01:18:14,71
RBTR00001,Reboot Shortcut,13231,09/24/2020, 02:10:15,71
RBTR00001,Reboot Shortcut,13231,09/24/2020, 03:08:50,71
RBTR00001,Reboot Shortcut,13232,09/24/2020, 04:09:37,71
RBTR00001,Reboot Shortcut,13233,09/24/2020, 05:08:42,71
RBTR00001,Reboot Shortcut,13233,09/24/2020, 06:10:10,71
RBTR00001,Reboot Shortcut,13233,09/24/2020, 07:09:25,71
RBTR00001,Reboot Shortcut,13233,09/24/2020, 08:09:53,71
RBTR00001,Reboot Shortcut,13233,09/24/2020, 09:09:35,71
RBTR00001,Reboot Shortcut,13233,09/24/2020, 10:09:25,71
RBTR00001,Reboot Shortcut,13233,09/24/2020, 11:08:42,71
RBTR00001,Reboot Shortcut,13233,09/24/2020, 12:11:56,71
RBTR00001,Reboot Shortcut,13233,09/24/2020, 13:08:53,71
RBTR00001,Reboot Shortcut,13233,09/24/2020, 14:09:53,71
RBTR00001,Reboot Shortcut,13233,09/24/2020, 15:09:10,71
RBTR00001,Reboot Shortcut,13233,09/24/2020, 16:10:01,71
RBTR00001,Reboot Shortcut,13233,09/24/2020, 17:08:51,71
RBTR00001,Reboot Shortcut,13233,09/24/2020, 18:09:44,71
RBTR00001,Reboot Shortcut,13233,09/24/2020, 19:08:17,71
RBTR00001,Reboot Shortcut,13233,09/24/2020, 20:09:49,71
RBTR00001,Reboot Shortcut,13234,09/24/2020, 21:08:57,71
RBTR00001,Reboot Shortcut,13234,09/24/2020, 22:09:00,71
RBTR00001,Reboot Shortcut,13234,09/24/2020, 23:08:32,71
RBTR00001,Reboot Shortcut,13234,09/25/2020, 00:25:47,71
RBTR00001,Reboot Shortcut,13234,09/25/2020, 01:17:41,71
RBTR00001,Reboot Shortcut,13235,09/25/2020, 02:10:05,71
RBTR00001,Reboot Shortcut,13236,09/25/2020, 03:08:59,71
RBTR00001,Reboot Shortcut,13236,09/25/2020, 04:09:44,71
RBTR00001,Reboot Shortcut,13236,09/25/2020, 05:08:55,71
RBTR00001,Reboot Shortcut,13236,09/25/2020, 06:10:24,71
RBTR00001,Reboot Shortcut,13236,09/25/2020, 07:09:09,71
RBTR00001,Reboot Shortcut,13236,09/25/2020, 08:10:15,71
RBTR00001,Reboot Shortcut,13236,09/25/2020, 09:09:09,71
RBTR00001,Reboot Shortcut,13236,09/25/2020, 10:09:01,71
RBTR00001,Reboot Shortcut,13236,09/25/2020, 11:08:28,71
RBTR00001,Reboot Shortcut,13236,09/25/2020, 12:17:42,71
RBTR00001,Reboot Shortcut,13236,09/25/2020, 13:08:45,71
RBTR00001,Reboot Shortcut,13236,09/25/2020, 14:09:44,71
RBTR00001,Reboot Shortcut,13236,09/25/2020, 15:09:02,71
RBTR00001,Reboot Shortcut,13237,09/25/2020, 16:09:56,71
RBTR00001,Reboot Shortcut,13237,09/25/2020, 17:08:41,71
RBTR00001,Reboot Shortcut,13237,09/25/2020, 18:09:55,71
RBTR00001,Reboot Shortcut,13237,09/25/2020, 19:08:36,71
RBTR00001,Reboot Shortcut,13237,09/25/2020, 20:09:41,71
RBTR00001,Reboot Shortcut,13238,09/25/2020, 21:09:19,71
RBTR00001,Reboot Shortcut,13238,09/25/2020, 22:09:13,71
RBTR00001,Reboot Shortcut,13238,09/25/2020, 23:09:02,71
RBTR00001,Reboot Shortcut,13238,09/26/2020, 00:25:58,71
RBTR00001,Reboot Shortcut,13239,09/26/2020, 01:16:41,71
RBTR00001,Reboot Shortcut,13239,09/26/2020, 02:10:08,71
RBTR00001,Reboot Shortcut,13239,09/26/2020, 03:09:16,71
RBTR00001,Reboot Shortcut,13239,09/26/2020, 04:09:49,71
RBTR00001,Reboot Shortcut,13240,09/26/2020, 05:08:46,71
RBTR00001,Reboot Shortcut,13240,09/26/2020, 06:11:23,71
RBTR00001,Reboot Shortcut,13240,09/26/2020, 07:09:04,71
RBTR00001,Reboot Shortcut,13240,09/26/2020, 08:09:32,71
RBTR00001,Reboot Shortcut,13240,09/26/2020, 09:09:06,71
RBTR00001,Reboot Shortcut,13241,09/26/2020, 10:09:05,71
RBTR00001,Reboot Shortcut,13241,09/26/2020, 11:08:34,71
RBTR00001,Reboot Shortcut,13242,09/26/2020, 12:11:53,71
RBTR00001,Reboot Shortcut,13242,09/26/2020, 13:08:35,71
RBTR00001,Reboot Shortcut,13242,09/26/2020, 14:09:42,71
RBTR00001,Reboot Shortcut,13242,09/26/2020, 15:08:44,71
RBTR00001,Reboot Shortcut,13243,09/26/2020, 16:09:47,71
RBTR00001,Reboot Shortcut,13243,09/26/2020, 17:08:35,71
RBTR00001,Reboot Shortcut,13243,09/26/2020, 18:09:47,71
RBTR00001,Reboot Shortcut,13243,09/26/2020, 19:08:22,71
RBTR00001,Reboot Shortcut,13243,09/26/2020, 20:09:50,71
RBTR00001,Reboot Shortcut,13243,09/26/2020, 21:08:54,71
RBTR00001,Reboot Shortcut,13243,09/26/2020, 22:08:53,71
RBTR00001,Reboot Shortcut,13244,09/26/2020, 23:08:20,71
RBTR00001,Reboot Shortcut,13244,09/27/2020, 00:26:58,71
RBTR00001,Reboot Shortcut,13244,09/27/2020, 01:19:51,71
RBTR00001,Reboot Shortcut,13244,09/27/2020, 02:10:08,71
RBTR00001,Reboot Shortcut,13245,09/27/2020, 03:09:09,71
RBTR00001,Reboot Shortcut,13245,09/27/2020, 04:09:49,71
RBTR00001,Reboot Shortcut,13245,09/27/2020, 05:09:02,71
RBTR00001,Reboot Shortcut,13246,09/27/2020, 06:10:22,71
RBTR00001,Reboot Shortcut,13246,09/27/2020, 07:09:02,71
RBTR00001,Reboot Shortcut,13246,09/27/2020, 08:09:38,71
RBTR00001,Reboot Shortcut,13246,09/27/2020, 09:09:17,71
RBTR00001,Reboot Shortcut,13247,09/27/2020, 10:09:10,71
RBTR00001,Reboot Shortcut,13247,09/27/2020, 11:08:45,71
RBTR00001,Reboot Shortcut,13247,09/27/2020, 12:11:52,71
RBTR00001,Reboot Shortcut,13247,09/27/2020, 13:08:28,71
RBTR00001,Reboot Shortcut,13247,09/27/2020, 14:09:32,71
RBTR00001,Reboot Shortcut,13248,09/27/2020, 15:08:37,71
RBTR00001,Reboot Shortcut,13248,09/27/2020, 16:09:49,71
RBTR00001,Reboot Shortcut,13248,09/27/2020, 17:08:45,71
RBTR00001,Reboot Shortcut,13248,09/27/2020, 18:09:46,71
RBTR00001,Reboot Shortcut,13249,09/27/2020, 19:08:39,71
RBTR00001,Reboot Shortcut,13249,09/27/2020, 20:09:32,71
RBTR00001,Reboot Shortcut,13249,09/27/2020, 21:09:09,71
RBTR00001,Reboot Shortcut,13249,09/27/2020, 22:09:08,71
RBTR00001,Reboot Shortcut,13249,09/27/2020, 23:08:37,71
RBTR00001,Reboot Shortcut,13249,09/28/2020, 00:26:20,71
RBTR00001,Reboot Shortcut,13249,09/28/2020, 01:19:05,71
RBTR00001,Reboot Shortcut,13249,09/28/2020, 02:10:16,71
RBTR00001,Reboot Shortcut,13250,09/28/2020, 03:09:09,71
RBTR00001,Reboot Shortcut,13250,09/28/2020, 04:09:53,71
RBTR00001,Reboot Shortcut,13250,09/28/2020, 05:09:06,71
RBTR00001,Reboot Shortcut,13250,09/28/2020, 06:10:14,71
RBTR00001,Reboot Shortcut,13250,09/28/2020, 07:09:29,71
RBTR00001,Reboot Shortcut,13250,09/28/2020, 08:10:15,71
RBTR00001,Reboot Shortcut,13251,09/28/2020, 09:09:11,71
RBTR00001,Reboot Shortcut,13251,09/28/2020, 10:09:32,71
RBTR00001,Reboot Shortcut,13251,09/28/2020, 11:08:34,71
RBTR00001,Reboot Shortcut,13251,09/28/2020, 12:11:49,71
RBTR00001,Reboot Shortcut,13251,09/28/2020, 13:09:09,71
RBTR00001,Reboot Shortcut,13251,09/28/2020, 14:09:41,71
RBTR00001,Reboot Shortcut,13252,09/28/2020, 15:09:38,71
RBTR00001,Reboot Shortcut,13252,09/28/2020, 16:10:20,71
RBTR00001,Reboot Shortcut,13253,09/28/2020, 17:08:39,71
RBTR00001,Reboot Shortcut,13253,09/28/2020, 18:09:06,71
RBTR00001,Reboot Shortcut,13253,09/28/2020, 19:08:45,71
RBTR00001,Reboot Shortcut,13254,09/28/2020, 20:09:48,71
RBTR00001,Reboot Shortcut,13254,09/28/2020, 21:09:12,71
RBTR00001,Reboot Shortcut,13254,09/28/2020, 23:10:19,71
RBTR00001,Reboot Shortcut,13254,09/29/2020, 00:26:16,71
RBTR00001,Reboot Shortcut,13254,09/29/2020, 01:18:51,71
RBTR00001,Reboot Shortcut,13255,09/29/2020, 02:10:24,71
RBTR00001,Reboot Shortcut,13255,09/29/2020, 03:09:05,71
RBTR00001,Reboot Shortcut,13255,09/29/2020, 04:09:57,71
RBTR00001,Reboot Shortcut,13255,09/29/2020, 05:08:48,71
RBTR00001,Reboot Shortcut,13256,09/29/2020, 06:10:33,71
RBTR00001,Reboot Shortcut,13256,09/29/2020, 07:09:21,71
RBTR00001,Reboot Shortcut,13256,09/29/2020, 08:10:19,71
RBTR00001,Reboot Shortcut,13257,09/29/2020, 09:09:37,71
RBTR00001,Reboot Shortcut,13257,09/29/2020, 10:09:48,71
RBTR00001,Reboot Shortcut,13257,09/29/2020, 11:08:36,71
RBTR00001,Reboot Shortcut,13257,09/29/2020, 12:12:13,71
RBTR00001,Reboot Shortcut,13257,09/29/2020, 13:09:10,71
RBTR00001,Reboot Shortcut,13257,09/29/2020, 14:12:19,71
RBTR00001,Reboot Shortcut,13257,09/29/2020, 15:09:24,71
RBTR00001,Reboot Shortcut,13257,09/29/2020, 16:10:37,71
RBTR00001,Reboot Shortcut,13257,09/29/2020, 17:08:52,71
RBTR00001,Reboot Shortcut,13257,09/29/2020, 18:09:47,71
RBTR00001,Reboot Shortcut,13258,09/29/2020, 19:08:32,71
RBTR00001,Reboot Shortcut,13258,09/29/2020, 20:10:01,71
RBTR00001,Reboot Shortcut,13259,09/29/2020, 21:09:21,71
RBTR00001,Reboot Shortcut,13259,09/29/2020, 22:09:19,71
RBTR00001,Reboot Shortcut,13260,09/29/2020, 23:08:38,71
RBTR00001,Reboot Shortcut,13261,09/30/2020, 00:26:15,71
RBTR00001,Reboot Shortcut,13261,09/30/2020, 01:18:49,71
RBTR00001,Reboot Shortcut,13261,09/30/2020, 02:10:20,71
RBTR00001,Reboot Shortcut,13261,09/30/2020, 03:09:26,71
RBTR00001,Reboot Shortcut,13261,09/30/2020, 04:10:22,71
RBTR00001,Reboot Shortcut,13261,09/30/2020, 05:08:54,71
RBTR00001,Reboot Shortcut,13262,09/30/2020, 06:11:25,71
RBTR00001,Reboot Shortcut,13262,09/30/2020, 07:10:03,71
RBTR00001,Reboot Shortcut,13262,09/30/2020, 08:10:17,71
RBTR00001,Reboot Shortcut,13262,09/30/2020, 09:09:44,71
RBTR00001,Reboot Shortcut,13262,09/30/2020, 10:09:41,71
RBTR00001,Reboot Shortcut,13262,09/30/2020, 11:08:59,71
RBTR00001,Reboot Shortcut,13262,09/30/2020, 12:12:19,71
RBTR00001,Reboot Shortcut,13262,09/30/2020, 13:09:13,71
RBTR00001,Reboot Shortcut,13262,09/30/2020, 14:10:06,71
RBTR00001,Reboot Shortcut,13262,09/30/2020, 15:09:37,71
RBTR00001,Reboot Shortcut,13262,09/30/2020, 16:10:39,71
RBTR00001,Reboot Shortcut,13263,09/30/2020, 17:09:07,71
RBTR00001,Reboot Shortcut,13263,09/30/2020, 18:09:58,71
RBTR00001,Reboot Shortcut,13263,09/30/2020, 19:08:43,71
RBTR00001,Reboot Shortcut,13263,09/30/2020, 20:10:06,71
RBTR00001,Reboot Shortcut,13263,09/30/2020, 21:09:22,71
RBTR00001,Reboot Shortcut,13264,09/30/2020, 22:09:19,71
RBTR00001,Reboot Shortcut,13264,09/30/2020, 23:08:41,71
RBTR00001,Reboot Shortcut,13265,10/01/2020, 00:27:05,71
RBTR00001,Reboot Shortcut,13265,10/01/2020, 01:21:43,71
RBTR00001,Reboot Shortcut,13265,10/01/2020, 02:10:30,71
RBTR00001,Reboot Shortcut,13265,10/01/2020, 03:09:38,71
RBTR00001,Reboot Shortcut,13266,10/01/2020, 04:10:28,71
RBTR00001,Reboot Shortcut,13266,10/01/2020, 05:09:24,71
RBTR00001,Reboot Shortcut,13266,10/01/2020, 06:10:32,71
RBTR00001,Reboot Shortcut,13266,10/01/2020, 07:09:51,71
RBTR00001,Reboot Shortcut,13266,10/01/2020, 08:10:28,71
RBTR00001,Reboot Shortcut,13266,10/01/2020, 09:09:36,71
RBTR00001,Reboot Shortcut,13266,10/01/2020, 10:09:41,71
RBTR00001,Reboot Shortcut,13266,10/01/2020, 11:08:51,71
RBTR00001,Reboot Shortcut,13266,10/01/2020, 12:12:20,71
RBTR00001,Reboot Shortcut,13267,10/01/2020, 13:09:23,71
RBTR00001,Reboot Shortcut,13267,10/01/2020, 14:10:28,71
RBTR00001,Reboot Shortcut,13267,10/01/2020, 15:09:30,71
RBTR00001,Reboot Shortcut,13267,10/01/2020, 16:10:36,71
RBTR00001,Reboot Shortcut,13268,10/01/2020, 17:09:23,71
RBTR00001,Reboot Shortcut,13268,10/01/2020, 18:10:14,71
RBTR00001,Reboot Shortcut,13268,10/01/2020, 19:08:41,71
RBTR00001,Reboot Shortcut,13268,10/01/2020, 20:10:08,71
RBTR00001,Reboot Shortcut,13268,10/01/2020, 21:09:05,71
RBTR00001,Reboot Shortcut,13268,10/01/2020, 22:09:35,71
RBTR00001,Reboot Shortcut,13269,10/01/2020, 23:08:46,71
RBTR00001,Reboot Shortcut,13270,10/02/2020, 00:25:36,71
RBTR00001,Reboot Shortcut,13270,10/02/2020, 01:19:57,71
RBTR00001,Reboot Shortcut,13270,10/02/2020, 02:10:34,71
RBTR00001,Reboot Shortcut,13270,10/02/2020, 03:09:40,71
RBTR00001,Reboot Shortcut,13270,10/02/2020, 04:10:51,71
RBTR00001,Reboot Shortcut,13270,10/02/2020, 05:09:09,71
RBTR00001,Reboot Shortcut,13270,10/02/2020, 06:11:32,71
RBTR00001,Reboot Shortcut,13270,10/02/2020, 07:09:58,71
RBTR00001,Reboot Shortcut,13270,10/02/2020, 08:11:02,71
RBTR00001,Reboot Shortcut,13270,10/02/2020, 09:09:43,71
RBTR00001,Reboot Shortcut,13270,10/02/2020, 10:09:58,71
RBTR00001,Reboot Shortcut,13270,10/02/2020, 11:08:44,71
RBTR00001,Reboot Shortcut,13271,10/02/2020, 12:17:37,71
RBTR00001,Reboot Shortcut,13271,10/02/2020, 13:09:15,71
RBTR00001,Reboot Shortcut,13272,10/02/2020, 14:10:02,71
RBTR00001,Reboot Shortcut,13272,10/02/2020, 15:09:20,71
RBTR00001,Reboot Shortcut,13272,10/02/2020, 16:10:47,71
RBTR00001,Reboot Shortcut,13272,10/02/2020, 17:09:18,71
RBTR00001,Reboot Shortcut,13272,10/02/2020, 18:10:25,71
RBTR00001,Reboot Shortcut,13274,10/02/2020, 19:09:00,71
RBTR00001,Reboot Shortcut,13275,10/02/2020, 20:10:09,71
RBTR00001,Reboot Shortcut,13275,10/02/2020, 21:09:23,71
RBTR00001,Reboot Shortcut,13275,10/02/2020, 22:09:48,71
RBTR00001,Reboot Shortcut,13275,10/02/2020, 23:09:01,71
RBTR00001,Reboot Shortcut,13276,10/03/2020, 00:26:44,71
RBTR00001,Reboot Shortcut,13276,10/03/2020, 01:20:32,71
RBTR00001,Reboot Shortcut,13276,10/03/2020, 02:10:35,71
RBTR00001,Reboot Shortcut,13276,10/03/2020, 03:09:32,71
RBTR00001,Reboot Shortcut,13276,10/03/2020, 04:10:38,71
RBTR00001,Reboot Shortcut,13276,10/03/2020, 05:09:15,71
RBTR00001,Reboot Shortcut,13276,10/03/2020, 06:10:28,71
RBTR00001,Reboot Shortcut,13276,10/03/2020, 07:09:29,71
RBTR00001,Reboot Shortcut,13276,10/03/2020, 08:10:06,71
RBTR00001,Reboot Shortcut,13277,10/03/2020, 09:09:19,71
RBTR00001,Reboot Shortcut,13277,10/03/2020, 10:09:52,71
RBTR00001,Reboot Shortcut,13277,10/03/2020, 11:08:33,71
RBTR00001,Reboot Shortcut,13277,10/03/2020, 12:12:02,71
RBTR00001,Reboot Shortcut,13277,10/03/2020, 13:08:42,71
RBTR00001,Reboot Shortcut,13277,10/03/2020, 14:10:05,71
RBTR00001,Reboot Shortcut,13277,10/03/2020, 15:09:02,71
RBTR00001,Reboot Shortcut,13277,10/03/2020, 16:10:36,71
RBTR00001,Reboot Shortcut,13277,10/03/2020, 17:08:52,71
RBTR00001,Reboot Shortcut,13278,10/03/2020, 18:10:12,71
RBTR00001,Reboot Shortcut,13278,10/03/2020, 19:08:50,71
RBTR00001,Reboot Shortcut,13278,10/03/2020, 20:10:17,71
RBTR00001,Reboot Shortcut,13278,10/03/2020, 21:09:20,71
RBTR00001,Reboot Shortcut,13278,10/03/2020, 22:09:29,71
RBTR00001,Reboot Shortcut,13278,10/03/2020, 23:09:03,71
RBTR00001,Reboot Shortcut,13278,10/04/2020, 00:27:45,71
RBTR00001,Reboot Shortcut,13278,10/04/2020, 01:23:35,71
RBTR00001,Reboot Shortcut,13279,10/04/2020, 02:10:49,71
RBTR00001,Reboot Shortcut,13279,10/04/2020, 03:09:45,71
RBTR00001,Reboot Shortcut,13279,10/04/2020, 04:10:31,71
RBTR00001,Reboot Shortcut,13279,10/04/2020, 05:09:00,71
RBTR00001,Reboot Shortcut,13279,10/04/2020, 06:10:33,71
RBTR00001,Reboot Shortcut,13279,10/04/2020, 07:09:57,71
RBTR00001,Reboot Shortcut,13279,10/04/2020, 08:10:28,71
RBTR00001,Reboot Shortcut,13279,10/04/2020, 09:09:41,71
RBTR00001,Reboot Shortcut,13279,10/04/2020, 10:10:00,71
RBTR00001,Reboot Shortcut,13279,10/04/2020, 11:08:47,71
RBTR00001,Reboot Shortcut,13279,10/04/2020, 12:12:21,71
RBTR00001,Reboot Shortcut,13280,10/04/2020, 13:08:59,71
RBTR00001,Reboot Shortcut,13280,10/04/2020, 14:10:05,71
RBTR00001,Reboot Shortcut,13281,10/04/2020, 15:09:11,71
RBTR00001,Reboot Shortcut,13281,10/04/2020, 16:10:59,71
RBTR00001,Reboot Shortcut,13281,10/04/2020, 17:09:00,71
RBTR00001,Reboot Shortcut,13281,10/04/2020, 18:10:05,71
RBTR00001,Reboot Shortcut,13282,10/04/2020, 19:09:09,71
RBTR00001,Reboot Shortcut,13282,10/04/2020, 20:10:18,71
RBTR00001,Reboot Shortcut,13283,10/04/2020, 21:09:23,71
RBTR00001,Reboot Shortcut,13283,10/04/2020, 22:09:36,71
RBTR00001,Reboot Shortcut,13284,10/04/2020, 23:09:05,71
RBTR00001,Reboot Shortcut,13285,10/05/2020, 00:27:22,71
RBTR00001,Reboot Shortcut,13285,10/05/2020, 01:23:17,71
RBTR00001,Reboot Shortcut,13285,10/05/2020, 02:10:43,71
RBTR00001,Reboot Shortcut,13286,10/05/2020, 03:09:41,71
RBTR00001,Reboot Shortcut,13286,10/05/2020, 04:10:55,71
RBTR00001,Reboot Shortcut,13286,10/05/2020, 05:09:10,71
RBTR00001,Reboot Shortcut,13286,10/05/2020, 06:11:02,71
RBTR00001,Reboot Shortcut,13286,10/05/2020, 07:09:48,71
RBTR00001,Reboot Shortcut,13286,10/05/2020, 08:10:44,71
RBTR00001,Reboot Shortcut,13287,10/05/2020, 09:09:43,71
RBTR00001,Reboot Shortcut,13288,10/05/2020, 10:10:14,71
RBTR00001,Reboot Shortcut,13288,10/05/2020, 11:09:07,71
RBTR00001,Reboot Shortcut,13288,10/05/2020, 12:12:57,71
RBTR00001,Reboot Shortcut,13288,10/05/2020, 13:09:36,71
RBTR00001,Reboot Shortcut,13288,10/05/2020, 14:10:42,71
RBTR00001,Reboot Shortcut,13288,10/05/2020, 15:09:45,71
RBTR00001,Reboot Shortcut,13289,10/05/2020, 16:11:25,71
RBTR00001,Reboot Shortcut,13289,10/05/2020, 17:09:20,71
RBTR00001,Reboot Shortcut,13289,10/05/2020, 18:10:34,71
RBTR00001,Reboot Shortcut,13289,10/05/2020, 19:09:04,71
RBTR00001,Reboot Shortcut,13289,10/05/2020, 20:10:19,71
RBTR00001,Reboot Shortcut,13289,10/05/2020, 21:09:20,71
RBTR00001,Reboot Shortcut,13289,10/05/2020, 22:09:49,71
RBTR00001,Reboot Shortcut,13289,10/05/2020, 23:08:59,71
RBTR00001,Reboot Shortcut,13289,10/06/2020, 00:27:15,71
RBTR00001,Reboot Shortcut,13289,10/06/2020, 01:22:43,71
RBTR00001,Reboot Shortcut,13289,10/06/2020, 02:10:56,71
RBTR00001,Reboot Shortcut,13290,10/06/2020, 03:09:50,71
RBTR00001,Reboot Shortcut,13290,10/06/2020, 04:10:58,71
RBTR00001,Reboot Shortcut,13290,10/06/2020, 05:09:40,71
RBTR00001,Reboot Shortcut,13290,10/06/2020, 06:11:02,71
RBTR00001,Reboot Shortcut,13290,10/06/2020, 07:09:50,71
RBTR00001,Reboot Shortcut,13290,10/06/2020, 08:17:16,71
RBTR00001,Reboot Shortcut,13290,10/06/2020, 09:10:04,71
RBTR00001,Reboot Shortcut,13290,10/06/2020, 10:10:23,71
RBTR00001,Reboot Shortcut,13290,10/06/2020, 11:09:15,71
RBTR00001,Reboot Shortcut,13290,10/06/2020, 12:12:51,71
RBTR00001,Reboot Shortcut,13291,10/06/2020, 13:09:28,71
RBTR00001,Reboot Shortcut,13291,10/06/2020, 14:13:35,71
RBTR00001,Reboot Shortcut,13291,10/06/2020, 15:10:43,71
RBTR00001,Reboot Shortcut,13291,10/06/2020, 16:11:28,71
RBTR00001,Reboot Shortcut,13291,10/06/2020, 17:09:25,71
RBTR00001,Reboot Shortcut,13291,10/06/2020, 18:10:29,71
RBTR00001,Reboot Shortcut,13291,10/06/2020, 19:09:32,71
RBTR00001,Reboot Shortcut,13291,10/06/2020, 20:10:43,71
RBTR00001,Reboot Shortcut,13291,10/06/2020, 21:09:26,71
RBTR00001,Reboot Shortcut,13291,10/06/2020, 22:10:02,71
RBTR00001,Reboot Shortcut,13291,10/06/2020, 23:09:33,71
RBTR00001,Reboot Shortcut,13293,10/07/2020, 00:27:33,71
RBTR00001,Reboot Shortcut,13293,10/07/2020, 01:23:36,71
RBTR00001,Reboot Shortcut,13293,10/07/2020, 02:10:33,71
RBTR00001,Reboot Shortcut,13293,10/07/2020, 03:09:55,71
RBTR00001,Reboot Shortcut,13294,10/07/2020, 04:10:42,71
RBTR00001,Reboot Shortcut,13294,10/07/2020, 05:09:53,71
RBTR00001,Reboot Shortcut,13294,10/07/2020, 06:11:11,71
RBTR00001,Reboot Shortcut,13294,10/07/2020, 07:10:17,71
RBTR00001,Reboot Shortcut,13294,10/07/2020, 08:13:44,71
RBTR00001,Reboot Shortcut,13294,10/07/2020, 09:09:49,71
RBTR00001,Reboot Shortcut,13294,10/07/2020, 10:10:19,71
RBTR00001,Reboot Shortcut,13294,10/07/2020, 11:09:13,71
RBTR00001,Reboot Shortcut,13294,10/07/2020, 12:13:06,71
RBTR00001,Reboot Shortcut,13294,10/07/2020, 13:10:16,71
RBTR00001,Reboot Shortcut,13294,10/07/2020, 14:11:09,71
RBTR00001,Reboot Shortcut,13294,10/07/2020, 15:09:55,71
RBTR00001,Reboot Shortcut,13294,10/07/2020, 16:11:33,71
RBTR00001,Reboot Shortcut,13294,10/07/2020, 17:09:20,71
RBTR00001,Reboot Shortcut,13295,10/07/2020, 18:10:20,71
RBTR00001,Reboot Shortcut,13295,10/07/2020, 19:09:13,71
RBTR00001,Reboot Shortcut,13295,10/07/2020, 20:10:16,71
RBTR00001,Reboot Shortcut,13295,10/07/2020, 21:09:35,71
RBTR00001,Reboot Shortcut,13295,10/07/2020, 22:08:39,71
RBTR00001,Reboot Shortcut,13295,10/07/2020, 23:08:18,71
RBTR00001,Reboot Shortcut,13295,10/08/2020, 00:23:02,71
RBTR00001,Reboot Shortcut,13296,10/08/2020, 01:12:38,71
RBTR00001,Reboot Shortcut,13296,10/08/2020, 02:09:18,71
RBTR00001,Reboot Shortcut,13296,10/08/2020, 03:08:20,71
RBTR00001,Reboot Shortcut,13296,10/08/2020, 04:09:30,71
RBTR00001,Reboot Shortcut,13296,10/08/2020, 05:08:10,71
RBTR00001,Reboot Shortcut,13297,10/08/2020, 06:09:36,71
RBTR00001,Reboot Shortcut,13298,10/08/2020, 07:08:51,71
RBTR00001,Reboot Shortcut,13298,10/08/2020, 08:09:05,71
RBTR00001,Reboot Shortcut,13298,10/08/2020, 09:10:05,71
RBTR00001,Reboot Shortcut,13298,10/08/2020, 10:10:31,71
RBTR00001,Reboot Shortcut,13299,10/08/2020, 11:09:26,71
RBTR00001,Reboot Shortcut,13299,10/08/2020, 12:13:08,71
RBTR00001,Reboot Shortcut,13299,10/08/2020, 13:09:59,71
RBTR00001,Reboot Shortcut,13299,10/08/2020, 14:10:55,71
RBTR00001,Reboot Shortcut,13299,10/08/2020, 15:10:18,71
RBTR00001,Reboot Shortcut,13299,10/08/2020, 16:11:46,71
RBTR00001,Reboot Shortcut,13299,10/08/2020, 17:09:37,71
RBTR00001,Reboot Shortcut,13299,10/08/2020, 18:10:29,71
RBTR00001,Reboot Shortcut,13299,10/08/2020, 19:09:16,71
RBTR00001,Reboot Shortcut,13299,10/08/2020, 20:10:31,71
RBTR00001,Reboot Shortcut,13300,10/08/2020, 21:09:44,71
RBTR00001,Reboot Shortcut,13300,10/08/2020, 22:10:13,71
RBTR00001,Reboot Shortcut,13300,10/08/2020, 23:09:35,71
RBTR00001,Reboot Shortcut,13301,10/09/2020, 00:27:30,71
RBTR00001,Reboot Shortcut,13302,10/09/2020, 01:24:38,71
RBTR00001,Reboot Shortcut,13302,10/09/2020, 02:10:34,71
RBTR00001,Reboot Shortcut,13302,10/09/2020, 03:10:17,71
RBTR00001,Reboot Shortcut,13303,10/09/2020, 04:11:19,71
RBTR00001,Reboot Shortcut,13303,10/09/2020, 05:09:56,71
RBTR00001,Reboot Shortcut,13303,10/09/2020, 06:13:10,71
RBTR00001,Reboot Shortcut,13303,10/09/2020, 07:10:07,71
RBTR00001,Reboot Shortcut,13303,10/09/2020, 08:11:53,71
RBTR00001,Reboot Shortcut,13303,10/09/2020, 09:10:15,71
RBTR00001,Reboot Shortcut,13303,10/09/2020, 10:10:33,71
RBTR00001,Reboot Shortcut,13303,10/09/2020, 11:09:41,71
RBTR00001,Reboot Shortcut,13303,10/09/2020, 12:18:19,71
RBTR00001,Reboot Shortcut,13303,10/09/2020, 13:09:23,71
RBTR00001,Reboot Shortcut,13303,10/09/2020, 14:10:35,71
RBTR00001,Reboot Shortcut,13304,10/09/2020, 15:10:20,71
RBTR00001,Reboot Shortcut,13304,10/09/2020, 16:12:02,71
RBTR00001,Reboot Shortcut,13304,10/09/2020, 17:09:36,71
RBTR00001,Reboot Shortcut,13304,10/09/2020, 18:10:28,71
RBTR00001,Reboot Shortcut,13304,10/09/2020, 19:09:25,71
RBTR00001,Reboot Shortcut,13304,10/09/2020, 20:10:52,71
RBTR00001,Reboot Shortcut,13304,10/09/2020, 21:09:46,71
RBTR00001,Reboot Shortcut,13304,10/09/2020, 22:23:47,71
RBTR00001,Reboot Shortcut,13304,10/09/2020, 23:09:26,71
RBTR00001,Reboot Shortcut,13304,10/10/2020, 00:27:47,71
RBTR00001,Reboot Shortcut,13304,10/10/2020, 01:25:10,71
RBTR00001,Reboot Shortcut,13304,10/10/2020, 02:12:06,71
RBTR00001,Reboot Shortcut,13304,10/10/2020, 03:10:14,71
RBTR00001,Reboot Shortcut,13304,10/10/2020, 04:13:42,71
RBTR00001,Reboot Shortcut,13304,10/10/2020, 05:09:47,71
RBTR00001,Reboot Shortcut,13304,10/10/2020, 06:11:00,71
RBTR00001,Reboot Shortcut,13305,10/10/2020, 07:09:58,71
RBTR00001,Reboot Shortcut,13305,10/10/2020, 08:10:58,71
RBTR00001,Reboot Shortcut,13305,10/10/2020, 09:10:12,71
RBTR00001,Reboot Shortcut,13305,10/10/2020, 10:10:07,71
RBTR00001,Reboot Shortcut,13305,10/10/2020, 11:09:25,71
RBTR00001,Reboot Shortcut,13305,10/10/2020, 12:13:09,71
RBTR00001,Reboot Shortcut,13305,10/10/2020, 13:09:37,71
RBTR00001,Reboot Shortcut,13305,10/10/2020, 14:10:37,71
RBTR00001,Reboot Shortcut,13305,10/10/2020, 15:09:44,71
RBTR00001,Reboot Shortcut,13305,10/10/2020, 16:11:33,71
RBTR00001,Reboot Shortcut,13305,10/10/2020, 17:09:06,71
RBTR00001,Reboot Shortcut,13306,10/10/2020, 18:10:44,71
RBTR00001,Reboot Shortcut,13306,10/10/2020, 19:09:09,71
RBTR00001,Reboot Shortcut,13306,10/10/2020, 20:10:28,71
RBTR00001,Reboot Shortcut,13306,10/10/2020, 21:09:49,71
RBTR00001,Reboot Shortcut,13308,10/10/2020, 22:10:09,71
RBTR00001,Reboot Shortcut,13308,10/10/2020, 23:09:43,71
RBTR00001,Reboot Shortcut,13308,10/11/2020, 00:29:12,71
RBTR00001,Reboot Shortcut,13308,10/11/2020, 01:28:22,71
RBTR00001,Reboot Shortcut,13308,10/11/2020, 02:11:30,71
RBTR00001,Reboot Shortcut,13308,10/11/2020, 03:10:09,71
RBTR00001,Reboot Shortcut,13309,10/11/2020, 04:11:14,71
RBTR00001,Reboot Shortcut,13309,10/11/2020, 05:09:43,71
RBTR00001,Reboot Shortcut,13309,10/11/2020, 06:11:25,71
RBTR00001,Reboot Shortcut,13309,10/11/2020, 07:10:15,71
RBTR00001,Reboot Shortcut,13309,10/11/2020, 08:11:16,71
RBTR00001,Reboot Shortcut,13309,10/11/2020, 09:10:13,71
RBTR00001,Reboot Shortcut,13309,10/11/2020, 10:10:26,71
RBTR00001,Reboot Shortcut,13309,10/11/2020, 11:09:19,71
RBTR00001,Reboot Shortcut,13309,10/11/2020, 12:13:01,71
RBTR00001,Reboot Shortcut,13309,10/11/2020, 13:09:50,71
RBTR00001,Reboot Shortcut,13309,10/11/2020, 14:10:22,71
RBTR00001,Reboot Shortcut,13310,10/11/2020, 15:09:42,71
RBTR00001,Reboot Shortcut,13310,10/11/2020, 16:11:37,71
RBTR00001,Reboot Shortcut,13310,10/11/2020, 17:09:14,71
RBTR00001,Reboot Shortcut,13310,10/11/2020, 18:10:50,71
RBTR00001,Reboot Shortcut,13310,10/11/2020, 19:09:34,71
RBTR00001,Reboot Shortcut,13310,10/11/2020, 20:10:26,71
RBTR00001,Reboot Shortcut,13310,10/11/2020, 21:09:36,71
RBTR00001,Reboot Shortcut,13310,10/11/2020, 22:10:16,71
RBTR00001,Reboot Shortcut,13310,10/11/2020, 23:09:28,71
RBTR00001,Reboot Shortcut,13310,10/12/2020, 00:28:50,71
RBTR00001,Reboot Shortcut,13310,10/12/2020, 01:27:49,71
RBTR00001,Reboot Shortcut,13310,10/12/2020, 02:11:24,71
RBTR00001,Reboot Shortcut,13311,10/12/2020, 03:10:21,71
RBTR00001,Reboot Shortcut,13312,10/12/2020, 04:11:17,71
RBTR00001,Reboot Shortcut,13312,10/12/2020, 05:10:41,71
RBTR00001,Reboot Shortcut,13312,10/12/2020, 06:12:00,71
RBTR00001,Reboot Shortcut,13312,10/12/2020, 07:10:44,71
RBTR00001,Reboot Shortcut,13312,10/12/2020, 08:11:46,71
RBTR00001,Reboot Shortcut,13312,10/12/2020, 09:10:32,71
RBTR00001,Reboot Shortcut,13312,10/12/2020, 10:10:50,71
RBTR00001,Reboot Shortcut,13312,10/12/2020, 11:09:38,71
RBTR00001,Reboot Shortcut,13312,10/12/2020, 12:13:31,71
RBTR00001,Reboot Shortcut,13312,10/12/2020, 13:10:07,71
RBTR00001,Reboot Shortcut,13312,10/12/2020, 14:10:50,71
RBTR00001,Reboot Shortcut,13312,10/12/2020, 15:10:27,71
RBTR00001,Reboot Shortcut,13312,10/12/2020, 16:12:08,71
RBTR00001,Reboot Shortcut,13312,10/12/2020, 17:09:31,71
RBTR00001,Reboot Shortcut,13312,10/12/2020, 18:10:57,71
RBTR00001,Reboot Shortcut,13313,10/12/2020, 19:09:26,71
RBTR00001,Reboot Shortcut,13313,10/12/2020, 20:10:48,71
RBTR00001,Reboot Shortcut,13313,10/12/2020, 21:10:11,71
RBTR00001,Reboot Shortcut,13313,10/12/2020, 22:10:19,71
RBTR00001,Reboot Shortcut,13313,10/12/2020, 23:09:32,71
RBTR00001,Reboot Shortcut,13313,10/13/2020, 00:28:45,71
RBTR00001,Reboot Shortcut,13313,10/13/2020, 01:28:02,71
RBTR00001,Reboot Shortcut,13313,10/13/2020, 02:11:37,71
RBTR00001,Reboot Shortcut,13313,10/13/2020, 03:10:15,71
RBTR00001,Reboot Shortcut,13313,10/13/2020, 04:11:31,71
RBTR00001,Reboot Shortcut,13313,10/13/2020, 05:09:59,71
RBTR00001,Reboot Shortcut,13313,10/13/2020, 06:11:36,71
RBTR00001,Reboot Shortcut,13313,10/13/2020, 07:10:15,71
RBTR00001,Reboot Shortcut,13313,10/13/2020, 08:12:10,71
RBTR00001,Reboot Shortcut,13313,10/13/2020, 09:10:20,71
RBTR00001,Reboot Shortcut,13313,10/13/2020, 10:10:54,71
RBTR00001,Reboot Shortcut,13313,10/13/2020, 11:09:55,71
RBTR00001,Reboot Shortcut,13313,10/13/2020, 12:13:57,71
RBTR00001,Reboot Shortcut,13313,10/13/2020, 13:09:52,71
RBTR00001,Reboot Shortcut,13313,10/13/2020, 14:14:01,71
RBTR00001,Reboot Shortcut,13314,10/13/2020, 15:19:51,71
RBTR00001,Reboot Shortcut,13315,10/13/2020, 16:12:36,71
RBTR00001,Reboot Shortcut,13315,10/13/2020, 17:11:19,71
RBTR00001,Reboot Shortcut,13315,10/13/2020, 18:11:02,71
RBTR00001,Reboot Shortcut,13315,10/13/2020, 19:09:26,71
RBTR00001,Reboot Shortcut,13316,10/13/2020, 20:10:58,71
RBTR00001,Reboot Shortcut,13316,10/13/2020, 21:09:58,71
RBTR00001,Reboot Shortcut,13316,10/13/2020, 22:10:19,71
RBTR00001,Reboot Shortcut,13316,10/13/2020, 23:09:52,71
RBTR00001,Reboot Shortcut,13317,10/14/2020, 00:28:50,71
RBTR00001,Reboot Shortcut,13317,10/14/2020, 01:28:06,71
RBTR00001,Reboot Shortcut,13317,10/14/2020, 02:11:44,71
RBTR00001,Reboot Shortcut,13317,10/14/2020, 03:10:03,71
RBTR00001,Reboot Shortcut,13317,10/14/2020, 04:11:34,71
RBTR00001,Reboot Shortcut,13318,10/14/2020, 05:10:16,71
RBTR00001,Reboot Shortcut,13318,10/14/2020, 06:12:02,71
RBTR00001,Reboot Shortcut,13318,10/14/2020, 07:10:49,71
RBTR00001,Reboot Shortcut,13318,10/14/2020, 08:11:47,71
RBTR00001,Reboot Shortcut,13318,10/14/2020, 09:11:48,71
RBTR00001,Reboot Shortcut,13318,10/14/2020, 10:11:11,71
RBTR00001,Reboot Shortcut,13318,10/14/2020, 11:09:47,71
RBTR00001,Reboot Shortcut,13318,10/14/2020, 12:13:38,71
RBTR00001,Reboot Shortcut,13318,10/14/2020, 13:10:01,71
RBTR00001,Reboot Shortcut,13318,10/14/2020, 14:11:42,71
RBTR00001,Reboot Shortcut,13318,10/14/2020, 15:13:38,71
RBTR00001,Reboot Shortcut,13318,10/14/2020, 16:13:47,71
RBTR00001,Reboot Shortcut,13318,10/14/2020, 17:10:19,71
RBTR00001,Reboot Shortcut,13318,10/14/2020, 18:11:23,71
RBTR00001,Reboot Shortcut,13318,10/14/2020, 19:09:25,71
RBTR00001,Reboot Shortcut,13318,10/14/2020, 20:10:59,71
RBTR00001,Reboot Shortcut,13318,10/14/2020, 21:09:46,71
RBTR00001,Reboot Shortcut,13318,10/14/2020, 22:10:16,71
RBTR00001,Reboot Shortcut,13318,10/14/2020, 23:09:55,71
RBTR00001,Reboot Shortcut,13318,10/15/2020, 00:29:09,71
RBTR00001,Reboot Shortcut,13318,10/15/2020, 01:29:07,71
RBTR00001,Reboot Shortcut,13318,10/15/2020, 02:11:18,71
RBTR00001,Reboot Shortcut,13318,10/15/2020, 03:10:05,71
RBTR00001,Reboot Shortcut,13318,10/15/2020, 04:11:55,71
RBTR00001,Reboot Shortcut,13318,10/15/2020, 05:08:24,71
RBTR00001,Reboot Shortcut,13318,10/15/2020, 06:11:49,71
RBTR00001,Reboot Shortcut,13318,10/15/2020, 07:10:25,71
RBTR00001,Reboot Shortcut,13318,10/15/2020, 08:12:37,71
RBTR00001,Reboot Shortcut,13318,10/15/2020, 09:11:02,71
RBTR00001,Reboot Shortcut,13318,10/15/2020, 10:10:54,71
RBTR00001,Reboot Shortcut,13318,10/15/2020, 11:09:56,71
RBTR00001,Reboot Shortcut,13318,10/15/2020, 12:13:54,71
RBTR00001,Reboot Shortcut,13318,10/15/2020, 13:10:12,71
RBTR00001,Reboot Shortcut,13318,10/15/2020, 14:12:17,71
RBTR00001,Reboot Shortcut,13318,10/15/2020, 15:11:43,71
RBTR00001,Reboot Shortcut,13318,10/15/2020, 16:12:54,71
RBTR00001,Reboot Shortcut,13318,10/15/2020, 17:10:42,71
RBTR00001,Reboot Shortcut,13318,10/15/2020, 18:11:02,71
RBTR00001,Reboot Shortcut,13318,10/15/2020, 19:09:47,71
RBTR00001,Reboot Shortcut,13318,10/15/2020, 20:11:03,71
RBTR00001,Reboot Shortcut,13318,10/15/2020, 21:09:26,71
RBTR00001,Reboot Shortcut,13318,10/15/2020, 22:10:24,71
RBTR00001,Reboot Shortcut,13318,10/15/2020, 23:09:53,71
RBTR00001,Reboot Shortcut,13318,10/16/2020, 00:29:35,71
RBTR00001,Reboot Shortcut,13318,10/16/2020, 01:30:22,71
RBTR00001,Reboot Shortcut,13318,10/16/2020, 02:11:25,71
RBTR00001,Reboot Shortcut,13318,10/16/2020, 03:10:21,71
RBTR00001,Reboot Shortcut,13318,10/16/2020, 04:12:21,71
RBTR00001,Reboot Shortcut,13318,10/16/2020, 05:10:13,71
RBTR00001,Reboot Shortcut,13318,10/16/2020, 06:11:42,71
RBTR00001,Reboot Shortcut,13319,10/16/2020, 07:10:41,71
RBTR00001,Reboot Shortcut,13319,10/16/2020, 08:12:14,71
RBTR00001,Reboot Shortcut,13319,10/16/2020, 09:10:38,71
RBTR00001,Reboot Shortcut,13319,10/16/2020, 10:10:59,71
RBTR00001,Reboot Shortcut,13319,10/16/2020, 11:10:04,71
RBTR00001,Reboot Shortcut,13319,10/16/2020, 12:18:56,71
RBTR00001,Reboot Shortcut,13319,10/16/2020, 13:09:49,71
RBTR00001,Reboot Shortcut,13319,10/16/2020, 14:11:38,71
RBTR00001,Reboot Shortcut,13319,10/16/2020, 15:10:58,71
RBTR00001,Reboot Shortcut,13319,10/16/2020, 16:12:58,71
RBTR00001,Reboot Shortcut,13319,10/16/2020, 17:09:56,71
RBTR00001,Reboot Shortcut,13319,10/16/2020, 18:11:13,71
RBTR00001,Reboot Shortcut,13319,10/16/2020, 19:09:42,71
RBTR00001,Reboot Shortcut,13319,10/16/2020, 20:10:53,71
RBTR00001,Reboot Shortcut,13319,10/16/2020, 21:10:08,71
RBTR00001,Reboot Shortcut,13319,10/16/2020, 22:10:16,71
RBTR00001,Reboot Shortcut,13319,10/16/2020, 23:09:39,71
RBTR00001,Reboot Shortcut,13319,10/17/2020, 00:29:30,71
RBTR00001,Reboot Shortcut,13319,10/17/2020, 01:29:50,71
RBTR00001,Reboot Shortcut,13319,10/17/2020, 02:11:12,71
RBTR00001,Reboot Shortcut,13319,10/17/2020, 03:10:50,71
RBTR00001,Reboot Shortcut,13319,10/17/2020, 04:11:58,71
RBTR00001,Reboot Shortcut,13319,10/17/2020, 05:10:12,71
RBTR00001,Reboot Shortcut,13319,10/17/2020, 06:11:33,71
RBTR00001,Reboot Shortcut,13319,10/17/2020, 07:10:51,71
RBTR00001,Reboot Shortcut,13319,10/17/2020, 08:11:34,71
RBTR00001,Reboot Shortcut,13319,10/17/2020, 09:10:24,71
RBTR00001,Reboot Shortcut,13319,10/17/2020, 10:10:51,71
RBTR00001,Reboot Shortcut,13320,10/17/2020, 11:09:55,71
RBTR00001,Reboot Shortcut,13320,10/17/2020, 12:13:20,71
RBTR00001,Reboot Shortcut,13320,10/17/2020, 13:10:00,71
RBTR00001,Reboot Shortcut,13320,10/17/2020, 14:10:45,71
RBTR00001,Reboot Shortcut,13320,10/17/2020, 15:10:26,71
RBTR00001,Reboot Shortcut,13320,10/17/2020, 16:12:57,71
RBTR00001,Reboot Shortcut,13321,10/17/2020, 17:10:06,71
RBTR00001,Reboot Shortcut,13321,10/17/2020, 18:11:07,71
RBTR00001,Reboot Shortcut,13321,10/17/2020, 19:09:27,71
RBTR00001,Reboot Shortcut,13321,10/17/2020, 20:10:44,71
RBTR00001,Reboot Shortcut,13321,10/17/2020, 21:09:53,71
RBTR00001,Reboot Shortcut,13321,10/17/2020, 22:10:16,71
RBTR00001,Reboot Shortcut,13321,10/17/2020, 23:09:56,71
RBTR00001,Reboot Shortcut,13321,10/18/2020, 00:30:27,71
RBTR00001,Reboot Shortcut,13321,10/18/2020, 01:32:59,71
RBTR00001,Reboot Shortcut,13321,10/18/2020, 02:11:13,71
RBTR00001,Reboot Shortcut,13321,10/18/2020, 03:10:18,71
RBTR00001,Reboot Shortcut,13322,10/18/2020, 04:11:36,71
RBTR00001,Reboot Shortcut,13323,10/18/2020, 05:10:26,71
RBTR00001,Reboot Shortcut,13324,10/18/2020, 06:11:40,71
RBTR00001,Reboot Shortcut,13324,10/18/2020, 07:10:54,71
RBTR00001,Reboot Shortcut,13326,10/18/2020, 08:11:50,71
RBTR00001,Reboot Shortcut,13326,10/18/2020, 09:10:37,71
RBTR00001,Reboot Shortcut,13326,10/18/2020, 10:10:45,71
RBTR00001,Reboot Shortcut,13326,10/18/2020, 11:09:51,71
RBTR00001,Reboot Shortcut,13326,10/18/2020, 12:13:32,71
RBTR00001,Reboot Shortcut,13326,10/18/2020, 13:09:59,71
RBTR00001,Reboot Shortcut,13327,10/18/2020, 14:10:59,71
RBTR00001,Reboot Shortcut,13327,10/18/2020, 15:10:09,71
RBTR00001,Reboot Shortcut,13328,10/18/2020, 16:13:03,71
RBTR00001,Reboot Shortcut,13328,10/18/2020, 17:09:45,71
RBTR00001,Reboot Shortcut,13328,10/18/2020, 18:10:56,71
RBTR00001,Reboot Shortcut,13329,10/18/2020, 19:09:42,71
RBTR00001,Reboot Shortcut,13329,10/18/2020, 20:10:59,71
RBTR00001,Reboot Shortcut,13330,10/18/2020, 21:10:04,71
RBTR00001,Reboot Shortcut,13330,10/18/2020, 22:10:28,71
RBTR00001,Reboot Shortcut,13330,10/18/2020, 23:10:17,71
RBTR00001,Reboot Shortcut,13330,10/19/2020, 00:30:26,71
RBTR00001,Reboot Shortcut,13330,10/19/2020, 01:32:43,71
RBTR00001,Reboot Shortcut,13330,10/19/2020, 02:11:10,71
RBTR00001,Reboot Shortcut,13331,10/19/2020, 03:10:40,71
RBTR00001,Reboot Shortcut,13332,10/19/2020, 04:11:42,71
RBTR00001,Reboot Shortcut,13332,10/19/2020, 05:10:36,71
RBTR00001,Reboot Shortcut,13333,10/19/2020, 06:12:19,71
RBTR00001,Reboot Shortcut,13334,10/19/2020, 07:12:40,71
RBTR00001,Reboot Shortcut,13334,10/19/2020, 08:12:39,71
RBTR00001,Reboot Shortcut,13334,10/19/2020, 09:14:39,71
RBTR00001,Reboot Shortcut,13334,10/19/2020, 10:11:27,71
RBTR00001,Reboot Shortcut,13334,10/19/2020, 11:10:07,71
RBTR00001,Reboot Shortcut,13334,10/19/2020, 12:14:21,71
RBTR00001,Reboot Shortcut,13335,10/19/2020, 13:10:43,71
RBTR00001,Reboot Shortcut,13335,10/19/2020, 14:11:31,71
RBTR00001,Reboot Shortcut,13335,10/19/2020, 15:10:55,71
RBTR00001,Reboot Shortcut,13335,10/19/2020, 16:13:24,71
RBTR00001,Reboot Shortcut,13335,10/19/2020, 17:10:36,71
RBTR00001,Reboot Shortcut,13335,10/19/2020, 18:11:30,71
RBTR00001,Reboot Shortcut,13335,10/19/2020, 19:09:34,71
RBTR00001,Reboot Shortcut,13335,10/19/2020, 20:11:11,71
RBTR00001,Reboot Shortcut,13337,10/19/2020, 21:10:32,71
RBTR00001,Reboot Shortcut,13338,10/19/2020, 22:10:40,71
RBTR00001,Reboot Shortcut,13338,10/19/2020, 23:10:16,71
RBTR00001,Reboot Shortcut,13338,10/20/2020, 00:29:53,71
RBTR00001,Reboot Shortcut,13338,10/20/2020, 01:32:26,71
RBTR00001,Reboot Shortcut,13338,10/20/2020, 02:11:09,71
RBTR00001,Reboot Shortcut,13338,10/20/2020, 03:10:54,71
RBTR00001,Reboot Shortcut,13338,10/20/2020, 04:12:19,71
RBTR00001,Reboot Shortcut,13338,10/20/2020, 05:12:50,71
RBTR00001,Reboot Shortcut,13338,10/20/2020, 06:12:08,71
RBTR00001,Reboot Shortcut,13338,10/20/2020, 07:10:54,71
RBTR00001,Reboot Shortcut,13338,10/20/2020, 08:12:33,71
RBTR00001,Reboot Shortcut,13338,10/20/2020, 09:11:04,71
RBTR00001,Reboot Shortcut,13338,10/20/2020, 10:11:16,71
RBTR00001,Reboot Shortcut,13338,10/20/2020, 11:10:17,71
RBTR00001,Reboot Shortcut,13338,10/20/2020, 12:14:07,71
RBTR00001,Reboot Shortcut,13338,10/20/2020, 13:10:40,71
RBTR00001,Reboot Shortcut,13339,10/20/2020, 14:11:47,71
RBTR00001,Reboot Shortcut,13339,10/20/2020, 15:11:16,71
RBTR00001,Reboot Shortcut,13339,10/20/2020, 16:14:02,71
RBTR00001,Reboot Shortcut,13339,10/20/2020, 17:10:30,71
RBTR00001,Reboot Shortcut,13339,10/20/2020, 18:11:14,71
RBTR00001,Reboot Shortcut,13339,10/20/2020, 19:11:44,71
RBTR00001,Reboot Shortcut,13339,10/20/2020, 20:11:09,71
RBTR00001,Reboot Shortcut,13339,10/20/2020, 21:11:18,71
RBTR00001,Reboot Shortcut,13339,10/20/2020, 22:10:21,71
RBTR00001,Reboot Shortcut,13339,10/20/2020, 23:10:12,71
RBTR00001,Reboot Shortcut,13340,10/21/2020, 00:30:30,71
RBTR00001,Reboot Shortcut,13341,10/21/2020, 01:31:48,71
RBTR00001,Reboot Shortcut,13341,10/21/2020, 02:11:19,71
RBTR00001,Reboot Shortcut,13341,10/21/2020, 03:10:38,71
RBTR00001,Reboot Shortcut,13341,10/21/2020, 04:12:32,71
RBTR00001,Reboot Shortcut,13341,10/21/2020, 05:10:38,71
RBTR00001,Reboot Shortcut,13341,10/21/2020, 06:12:59,71
RBTR00001,Reboot Shortcut,13342,10/21/2020, 07:11:36,71
RBTR00001,Reboot Shortcut,13342,10/21/2020, 08:12:14,71
RBTR00001,Reboot Shortcut,13342,10/21/2020, 09:10:54,71
RBTR00001,Reboot Shortcut,13343,10/21/2020, 10:11:33,71
RBTR00001,Reboot Shortcut,13343,10/21/2020, 11:10:16,71
RBTR00001,Reboot Shortcut,13344,10/21/2020, 12:15:32,71
RBTR00001,Reboot Shortcut,13344,10/21/2020, 13:10:27,71
RBTR00001,Reboot Shortcut,13344,10/21/2020, 14:11:54,71
RBTR00001,Reboot Shortcut,13344,10/21/2020, 15:11:34,71
RBTR00001,Reboot Shortcut,13345,10/21/2020, 16:14:50,71
RBTR00001,Reboot Shortcut,13345,10/21/2020, 17:10:16,71
RBTR00001,Reboot Shortcut,13345,10/21/2020, 18:11:32,71
RBTR00001,Reboot Shortcut,13345,10/21/2020, 19:09:58,71
RBTR00001,Reboot Shortcut,13345,10/21/2020, 20:11:18,71
RBTR00001,Reboot Shortcut,13345,10/21/2020, 21:10:30,71
RBTR00001,Reboot Shortcut,13345,10/21/2020, 22:12:26,71
RBTR00001,Reboot Shortcut,13346,10/21/2020, 23:10:20,71
RBTR00001,Reboot Shortcut,13346,10/22/2020, 00:30:47,71
RBTR00001,Reboot Shortcut,13346,10/22/2020, 01:34:08,71
RBTR00001,Reboot Shortcut,13346,10/22/2020, 02:12:16,71
RBTR00001,Reboot Shortcut,13346,10/22/2020, 03:10:46,71
RBTR00001,Reboot Shortcut,13346,10/22/2020, 04:12:17,71
RBTR00001,Reboot Shortcut,13346,10/22/2020, 05:10:37,71
RBTR00001,Reboot Shortcut,13346,10/22/2020, 06:12:23,71
RBTR00001,Reboot Shortcut,13346,10/22/2020, 07:11:08,71
RBTR00001,Reboot Shortcut,13346,10/22/2020, 08:12:32,71
RBTR00001,Reboot Shortcut,13346,10/22/2020, 09:10:59,71
RBTR00001,Reboot Shortcut,13346,10/22/2020, 10:11:46,71
RBTR00001,Reboot Shortcut,13346,10/22/2020, 11:10:25,71
RBTR00001,Reboot Shortcut,13346,10/22/2020, 12:14:25,71
RBTR00001,Reboot Shortcut,13346,10/22/2020, 13:10:29,71
RBTR00001,Reboot Shortcut,13346,10/22/2020, 14:11:29,71
RBTR00001,Reboot Shortcut,13346,10/22/2020, 15:11:00,71
RBTR00001,Reboot Shortcut,13346,10/22/2020, 16:14:45,71
RBTR00001,Reboot Shortcut,13346,10/22/2020, 17:10:25,71
RBTR00001,Reboot Shortcut,13346,10/22/2020, 18:11:22,71
RBTR00001,Reboot Shortcut,13346,10/22/2020, 19:09:57,71
RBTR00001,Reboot Shortcut,13346,10/22/2020, 20:11:28,71
RBTR00001,Reboot Shortcut,13346,10/22/2020, 21:10:09,71
RBTR00001,Reboot Shortcut,13347,10/22/2020, 22:11:12,71
RBTR00001,Reboot Shortcut,13347,10/22/2020, 23:10:34,71
RBTR00001,Reboot Shortcut,13347,10/23/2020, 00:31:00,71
RBTR00001,Reboot Shortcut,13347,10/23/2020, 01:35:16,71
RBTR00001,Reboot Shortcut,13347,10/23/2020, 02:12:37,71
RBTR00001,Reboot Shortcut,13347,10/23/2020, 03:10:46,71
RBTR00001,Reboot Shortcut,13347,10/23/2020, 04:13:04,71
RBTR00001,Reboot Shortcut,13347,10/23/2020, 05:33:51,71
RBTR00001,Reboot Shortcut,13347,10/23/2020, 07:10:15,71
RBTR00001,Reboot Shortcut,13347,10/23/2020, 07:11:51,71
RBTR00001,Reboot Shortcut,13347,10/23/2020, 08:13:07,71
RBTR00001,Reboot Shortcut,13347,10/23/2020, 09:11:17,71
RBTR00001,Reboot Shortcut,13347,10/23/2020, 10:12:03,71
RBTR00001,Reboot Shortcut,13347,10/23/2020, 11:10:40,71
RBTR00001,Reboot Shortcut,13347,10/23/2020, 12:19:25,71
RBTR00001,Reboot Shortcut,13347,10/23/2020, 13:12:24,71
RBTR00001,Reboot Shortcut,13347,10/23/2020, 14:11:31,71
RBTR00001,Reboot Shortcut,13347,10/23/2020, 15:11:00,71
RBTR00001,Reboot Shortcut,13347,10/23/2020, 16:15:29,71
RBTR00001,Reboot Shortcut,13347,10/23/2020, 17:10:20,71
RBTR00001,Reboot Shortcut,13347,10/23/2020, 18:11:29,71
RBTR00001,Reboot Shortcut,13347,10/23/2020, 19:10:13,71
RBTR00001,Reboot Shortcut,13347,10/23/2020, 20:13:14,71
RBTR00001,Reboot Shortcut,13348,10/23/2020, 21:10:28,71
RBTR00001,Reboot Shortcut,13348,10/23/2020, 22:11:14,71
RBTR00001,Reboot Shortcut,13348,10/23/2020, 23:10:31,71
RBTR00001,Reboot Shortcut,13348,10/24/2020, 00:30:57,71
RBTR00001,Reboot Shortcut,13348,10/24/2020, 01:35:04,71
RBTR00001,Reboot Shortcut,13348,10/24/2020, 02:12:40,71
RBTR00001,Reboot Shortcut,13348,10/24/2020, 03:10:53,71
RBTR00001,Reboot Shortcut,13348,10/24/2020, 04:12:35,71
RBTR00001,Reboot Shortcut,13348,10/24/2020, 05:10:50,71
RBTR00001,Reboot Shortcut,13348,10/24/2020, 06:12:08,71
RBTR00001,Reboot Shortcut,13348,10/24/2020, 07:11:18,71
RBTR00001,Reboot Shortcut,13348,10/24/2020, 08:12:04,71
RBTR00001,Reboot Shortcut,13348,10/24/2020, 09:10:53,71
RBTR00001,Reboot Shortcut,13349,10/24/2020, 10:11:36,71
RBTR00001,Reboot Shortcut,13349,10/24/2020, 11:10:23,71
RBTR00001,Reboot Shortcut,13349,10/24/2020, 12:14:14,71
RBTR00001,Reboot Shortcut,13349,10/24/2020, 13:10:26,71
RBTR00001,Reboot Shortcut,13349,10/24/2020, 14:11:11,71
RBTR00001,Reboot Shortcut,13349,10/24/2020, 15:10:46,71
RBTR00001,Reboot Shortcut,13349,10/24/2020, 16:14:59,71
RBTR00001,Reboot Shortcut,13349,10/24/2020, 17:10:27,71
RBTR00001,Reboot Shortcut,13349,10/24/2020, 18:11:13,71
RBTR00001,Reboot Shortcut,13349,10/24/2020, 19:10:01,71
RBTR00001,Reboot Shortcut,13349,10/24/2020, 20:11:15,71
RBTR00001,Reboot Shortcut,13349,10/24/2020, 21:10:22,71
RBTR00001,Reboot Shortcut,13349,10/24/2020, 22:11:10,71
RBTR00001,Reboot Shortcut,13349,10/24/2020, 23:10:22,71
RBTR00001,Reboot Shortcut,13349,10/25/2020, 00:32:12,71
RBTR00001,Reboot Shortcut,13349,10/25/2020, 01:38:53,71
RBTR00001,Reboot Shortcut,13349,10/25/2020, 02:14:03,71
RBTR00001,Reboot Shortcut,13349,10/25/2020, 03:11:19,71
RBTR00001,Reboot Shortcut,13349,10/25/2020, 04:13:16,71
RBTR00001,Reboot Shortcut,13349,10/25/2020, 05:10:47,71
RBTR00001,Reboot Shortcut,13349,10/25/2020, 06:12:15,71
RBTR00001,Reboot Shortcut,13349,10/25/2020, 07:11:46,71
RBTR00001,Reboot Shortcut,13349,10/25/2020, 08:12:29,71
RBTR00001,Reboot Shortcut,13349,10/25/2020, 09:11:09,71
RBTR00001,Reboot Shortcut,13349,10/25/2020, 10:11:58,71
RBTR00001,Reboot Shortcut,13349,10/25/2020, 11:10:39,71
RBTR00001,Reboot Shortcut,13349,10/25/2020, 12:14:22,71
RBTR00001,Reboot Shortcut,13349,10/25/2020, 13:10:20,71
RBTR00001,Reboot Shortcut,13350,10/25/2020, 14:11:25,71
RBTR00001,Reboot Shortcut,13350,10/25/2020, 15:11:06,71
RBTR00001,Reboot Shortcut,13351,10/25/2020, 16:15:35,71
RBTR00001,Reboot Shortcut,13351,10/25/2020, 17:10:18,71
RBTR00001,Reboot Shortcut,13351,10/25/2020, 18:11:28,71
RBTR00001,Reboot Shortcut,13351,10/25/2020, 19:10:06,71
RBTR00001,Reboot Shortcut,13351,10/25/2020, 20:11:25,71
RBTR00001,Reboot Shortcut,13351,10/25/2020, 21:10:26,71
RBTR00001,Reboot Shortcut,13351,10/25/2020, 22:11:21,71
RBTR00001,Reboot Shortcut,13351,10/25/2020, 23:10:36,71
RBTR00001,Reboot Shortcut,13351,10/26/2020, 00:31:58,71
RBTR00001,Reboot Shortcut,13352,10/26/2020, 01:38:50,71
RBTR00001,Reboot Shortcut,13353,10/26/2020, 02:14:59,71
RBTR00001,Reboot Shortcut,13353,10/26/2020, 03:11:31,71
RBTR00001,Reboot Shortcut,13353,10/26/2020, 04:13:31,71
RBTR00001,Reboot Shortcut,13353,10/26/2020, 05:11:13,71
RBTR00001,Reboot Shortcut,13353,10/26/2020, 06:12:32,71
RBTR00001,Reboot Shortcut,13353,10/26/2020, 07:11:45,71
RBTR00001,Reboot Shortcut,13354,10/26/2020, 08:12:53,71
RBTR00001,Reboot Shortcut,13354,10/26/2020, 09:11:59,71
RBTR00001,Reboot Shortcut,13354,10/26/2020, 10:13:01,71
RBTR00001,Reboot Shortcut,13354,10/26/2020, 11:10:51,71
RBTR00001,Reboot Shortcut,13354,10/26/2020, 12:14:46,71
RBTR00001,Reboot Shortcut,13354,10/26/2020, 13:10:53,71
RBTR00001,Reboot Shortcut,13354,10/26/2020, 14:12:02,71
RBTR00001,Reboot Shortcut,13354,10/26/2020, 15:11:52,71
RBTR00001,Reboot Shortcut,13354,10/26/2020, 16:16:42,71
RBTR00001,Reboot Shortcut,13355,10/26/2020, 17:11:10,71
RBTR00001,Reboot Shortcut,13357,10/26/2020, 18:11:47,71
RBTR00001,Reboot Shortcut,13357,10/26/2020, 19:10:16,71
RBTR00001,Reboot Shortcut,13357,10/26/2020, 20:11:39,71
RBTR00001,Reboot Shortcut,13357,10/26/2020, 21:10:27,71
RBTR00001,Reboot Shortcut,13357,10/26/2020, 22:11:27,71
RBTR00001,Reboot Shortcut,13357,10/26/2020, 23:10:41,71
RBTR00001,Reboot Shortcut,13358,10/27/2020, 00:31:28,71
RBTR00001,Reboot Shortcut,13358,10/27/2020, 01:38:49,71
RBTR00001,Reboot Shortcut,13358,10/27/2020, 02:15:19,71
RBTR00001,Reboot Shortcut,13358,10/27/2020, 03:11:29,71
RBTR00001,Reboot Shortcut,13358,10/27/2020, 04:13:54,71
RBTR00001,Reboot Shortcut,13358,10/27/2020, 05:11:24,71
RBTR00001,Reboot Shortcut,13358,10/27/2020, 06:12:36,71
RBTR00001,Reboot Shortcut,13358,10/27/2020, 07:11:39,71
RBTR00001,Reboot Shortcut,13358,10/27/2020, 08:13:09,71
RBTR00001,Reboot Shortcut,13358,10/27/2020, 09:12:03,71
RBTR00001,Reboot Shortcut,13358,10/27/2020, 10:12:58,71
RBTR00001,Reboot Shortcut,13359,10/27/2020, 11:10:59,71
RBTR00001,Reboot Shortcut,13360,10/27/2020, 12:14:49,71
RBTR00001,Reboot Shortcut,13360,10/27/2020, 13:10:40,71
RBTR00001,Reboot Shortcut,13360,10/27/2020, 14:14:22,71
RBTR00001,Reboot Shortcut,13361,10/27/2020, 15:13:19,71
RBTR00001,Reboot Shortcut,13361,10/27/2020, 16:16:50,71
RBTR00001,Reboot Shortcut,13361,10/27/2020, 17:10:32,71
RBTR00001,Reboot Shortcut,13362,10/27/2020, 18:11:31,71
RBTR00001,Reboot Shortcut,13362,10/27/2020, 19:10:22,71
RBTR00001,Reboot Shortcut,13363,10/27/2020, 20:11:45,71
RBTR00001,Reboot Shortcut,13364,10/27/2020, 21:10:42,71
RBTR00001,Reboot Shortcut,13364,10/27/2020, 22:12:02,71
RBTR00001,Reboot Shortcut,13364,10/27/2020, 23:10:52,71
RBTR00001,Reboot Shortcut,13366,10/28/2020, 00:32:03,71
RBTR00001,Reboot Shortcut,13366,10/28/2020, 01:41:03,71
RBTR00001,Reboot Shortcut,13366,10/28/2020, 02:16:22,71
RBTR00001,Reboot Shortcut,13366,10/28/2020, 03:11:39,71
RBTR00001,Reboot Shortcut,13366,10/28/2020, 04:14:03,71
RBTR00001,Reboot Shortcut,13366,10/28/2020, 05:11:03,71
RBTR00001,Reboot Shortcut,13366,10/28/2020, 06:12:40,71
RBTR00001,Reboot Shortcut,13366,10/28/2020, 07:12:05,71
RBTR00001,Reboot Shortcut,13366,10/28/2020, 08:13:10,71
RBTR00001,Reboot Shortcut,13366,10/28/2020, 09:11:48,71
RBTR00001,Reboot Shortcut,13366,10/28/2020, 10:13:17,71
RBTR00001,Reboot Shortcut,13366,10/28/2020, 11:10:47,71
RBTR00001,Reboot Shortcut,13366,10/28/2020, 12:15:09,71
RBTR00001,Reboot Shortcut,13366,10/28/2020, 13:10:41,71
RBTR00001,Reboot Shortcut,13366,10/28/2020, 14:12:32,71
RBTR00001,Reboot Shortcut,13367,10/28/2020, 15:12:51,71
RBTR00001,Reboot Shortcut,13367,10/28/2020, 16:17:30,71
RBTR00001,Reboot Shortcut,13367,10/28/2020, 17:10:54,71
RBTR00001,Reboot Shortcut,13368,10/28/2020, 18:11:42,71
RBTR00001,Reboot Shortcut,13368,10/28/2020, 19:10:15,71
RBTR00001,Reboot Shortcut,13368,10/28/2020, 20:11:55,71
RBTR00001,Reboot Shortcut,13368,10/28/2020, 21:10:40,71
RBTR00001,Reboot Shortcut,13368,10/28/2020, 22:12:07,71
RBTR00001,Reboot Shortcut,13368,10/28/2020, 23:11:06,71
RBTR00001,Reboot Shortcut,13368,10/29/2020, 00:32:38,71
RBTR00001,Reboot Shortcut,13368,10/29/2020, 01:43:11,71
RBTR00001,Reboot Shortcut,13368,10/29/2020, 02:18:00,71
RBTR00001,Reboot Shortcut,13368,10/29/2020, 03:10:49,71
RBTR00001,Reboot Shortcut,13368,10/29/2020, 04:14:13,71
RBTR00001,Reboot Shortcut,13369,10/29/2020, 05:11:06,71
RBTR00001,Reboot Shortcut,13369,10/29/2020, 06:13:07,71
RBTR00001,Reboot Shortcut,13369,10/29/2020, 07:11:41,71
RBTR00001,Reboot Shortcut,13369,10/29/2020, 08:13:28,71
RBTR00001,Reboot Shortcut,13370,10/29/2020, 09:11:47,71
RBTR00001,Reboot Shortcut,13370,10/29/2020, 10:13:42,71
RBTR00001,Reboot Shortcut,13370,10/29/2020, 11:11:03,71
RBTR00001,Reboot Shortcut,13371,10/29/2020, 12:15:50,71
RBTR00001,Reboot Shortcut,13371,10/29/2020, 13:11:30,71
RBTR00001,Reboot Shortcut,13371,10/29/2020, 14:12:31,71
RBTR00001,Reboot Shortcut,13371,10/29/2020, 15:12:03,71
RBTR00001,Reboot Shortcut,13371,10/29/2020, 16:16:39,71
RBTR00001,Reboot Shortcut,13371,10/29/2020, 17:08:49,71
RBTR00001,Reboot Shortcut,13371,10/29/2020, 18:08:00,71
RBTR00001,Reboot Shortcut,13372,10/29/2020, 19:06:25,71
RBTR00001,Reboot Shortcut,13372,10/29/2020, 20:05:57,71
RBTR00001,Reboot Shortcut,13372,10/29/2020, 21:05:33,71
RBTR00001,Reboot Shortcut,13372,10/29/2020, 22:05:56,71
RBTR00001,Reboot Shortcut,13373,10/29/2020, 23:06:12,71
RBTR00001,Reboot Shortcut,13373,10/30/2020, 00:19:14,71
RBTR00001,Reboot Shortcut,13374,10/30/2020, 01:07:10,71
RBTR00001,Reboot Shortcut,13376,10/30/2020, 02:06:55,71
RBTR00001,Reboot Shortcut,13376,10/30/2020, 03:06:40,71
RBTR00001,Reboot Shortcut,13377,10/30/2020, 04:07:35,71
RBTR00001,Reboot Shortcut,13377,10/30/2020, 05:07:50,71
RBTR00001,Reboot Shortcut,13377,10/30/2020, 06:07:26,71
RBTR00001,Reboot Shortcut,13377,10/30/2020, 07:06:53,71
RBTR00001,Reboot Shortcut,13377,10/30/2020, 08:08:02,71
RBTR00001,Reboot Shortcut,13377,10/30/2020, 09:06:48,71
RBTR00001,Reboot Shortcut,13377,10/30/2020, 10:07:37,71
RBTR00001,Reboot Shortcut,13377,10/30/2020, 11:06:08,71
RBTR00001,Reboot Shortcut,13377,10/30/2020, 12:09:10,71
RBTR00001,Reboot Shortcut,13377,10/30/2020, 13:06:32,71
RBTR00001,Reboot Shortcut,13377,10/30/2020, 14:06:44,71
RBTR00001,Reboot Shortcut,13377,10/30/2020, 15:06:40,71
RBTR00001,Reboot Shortcut,13377,10/30/2020, 16:10:43,71
RBTR00001,Reboot Shortcut,13377,10/30/2020, 17:06:39,71
RBTR00001,Reboot Shortcut,13377,10/30/2020, 18:06:54,71
RBTR00001,Reboot Shortcut,13377,10/30/2020, 19:06:04,71
RBTR00001,Reboot Shortcut,13377,10/30/2020, 20:06:29,71
RBTR00001,Reboot Shortcut,13377,10/30/2020, 21:06:31,71
RBTR00001,Reboot Shortcut,13377,10/30/2020, 22:07:11,71
RBTR00001,Reboot Shortcut,13377,10/30/2020, 23:06:48,71
RBTR00001,Reboot Shortcut,13377,10/31/2020, 00:18:02,71
RBTR00001,Reboot Shortcut,13377,10/31/2020, 01:09:23,71
RBTR00001,Reboot Shortcut,13377,10/31/2020, 02:07:42,71
RBTR00001,Reboot Shortcut,13377,10/31/2020, 03:07:40,71
RBTR00001,Reboot Shortcut,13377,10/31/2020, 04:08:40,71
RBTR00001,Reboot Shortcut,13377,10/31/2020, 05:07:28,71
RBTR00001,Reboot Shortcut,13377,10/31/2020, 06:07:41,71
RBTR00001,Reboot Shortcut,13377,10/31/2020, 07:07:29,71
RBTR00001,Reboot Shortcut,13377,10/31/2020, 08:07:34,71
RBTR00001,Reboot Shortcut,13377,10/31/2020, 09:06:43,71
RBTR00001,Reboot Shortcut,13377,10/31/2020, 10:07:53,71
RBTR00001,Reboot Shortcut,13377,10/31/2020, 11:06:33,71
RBTR00001,Reboot Shortcut,13377,10/31/2020, 12:08:52,71
RBTR00001,Reboot Shortcut,13377,10/31/2020, 13:06:32,71
RBTR00001,Reboot Shortcut,13378,10/31/2020, 14:06:32,71
RBTR00001,Reboot Shortcut,13379,10/31/2020, 15:06:48,71
RBTR00001,Reboot Shortcut,13379,10/31/2020, 16:11:15,71
RBTR00001,Reboot Shortcut,13379,10/31/2020, 17:06:35,71
RBTR00001,Reboot Shortcut,13379,10/31/2020, 18:06:51,71
RBTR00001,Reboot Shortcut,13379,10/31/2020, 19:06:16,71
RBTR00001,Reboot Shortcut,13379,10/31/2020, 20:06:39,71
RBTR00001,Reboot Shortcut,13379,10/31/2020, 21:06:14,71
RBTR00001,Reboot Shortcut,13379,10/31/2020, 22:07:37,71
RBTR00001,Reboot Shortcut,13379,10/31/2020, 23:06:37,71
RBTR00001,Reboot Shortcut,13379,11/01/2020, 00:20:24,71
RBTR00001,Reboot Shortcut,13379,11/01/2020, 01:09:19,71
RBTR00001,Reboot Shortcut,13379,11/01/2020, 02:10:26,71
RBTR00001,Reboot Shortcut,13379,11/01/2020, 03:07:30,71
RBTR00001,Reboot Shortcut,13379,11/01/2020, 04:08:55,71
RBTR00001,Reboot Shortcut,13379,11/01/2020, 05:06:54,71
RBTR00001,Reboot Shortcut,13379,11/01/2020, 06:07:56,71
RBTR00001,Reboot Shortcut,13379,11/01/2020, 07:07:53,71
RBTR00001,Reboot Shortcut,13379,11/01/2020, 08:08:02,71
RBTR00001,Reboot Shortcut,13379,11/01/2020, 09:07:15,71
RBTR00001,Reboot Shortcut,13381,11/01/2020, 13:13:24,71
RBTR00001,Reboot Shortcut,13381,11/01/2020, 14:06:34,71
RBTR00001,Reboot Shortcut,13381,11/01/2020, 15:07:12,71
RBTR00001,Reboot Shortcut,13381,11/01/2020, 16:12:04,71
RBTR00001,Reboot Shortcut,13381,11/01/2020, 17:06:53,71
RBTR00001,Reboot Shortcut,13381,11/01/2020, 18:07:09,71
RBTR00001,Reboot Shortcut,13381,11/01/2020, 19:06:19,71
RBTR00001,Reboot Shortcut,13382,11/01/2020, 20:06:29,71
RBTR00001,Reboot Shortcut,13382,11/01/2020, 21:06:26,71
RBTR00001,Reboot Shortcut,13382,11/01/2020, 22:08:01,71
RBTR00001,Reboot Shortcut,13382,11/01/2020, 23:08:03,71
RBTR00001,Reboot Shortcut,13382,11/02/2020, 00:19:17,71
RBTR00001,Reboot Shortcut,13382,11/02/2020, 01:08:28,71
RBTR00001,Reboot Shortcut,13382,11/02/2020, 02:08:14,71
RBTR00001,Reboot Shortcut,13382,11/02/2020, 03:07:03,71
RBTR00001,Reboot Shortcut,13382,11/02/2020, 04:09:41,71
RBTR00001,Reboot Shortcut,13382,11/02/2020, 05:07:31,71
RBTR00001,Reboot Shortcut,13383,11/02/2020, 06:08:30,71
RBTR00001,Reboot Shortcut,13383,11/02/2020, 07:07:46,71
RBTR00001,Reboot Shortcut,13383,11/02/2020, 08:10:50,71
RBTR00001,Reboot Shortcut,13384,11/02/2020, 09:07:29,71
RBTR00001,Reboot Shortcut,13384,11/02/2020, 10:09:11,71
RBTR00001,Reboot Shortcut,13384,11/02/2020, 11:07:09,71
RBTR00001,Reboot Shortcut,13384,11/02/2020, 12:09:42,71
RBTR00001,Reboot Shortcut,13384,11/02/2020, 13:07:28,71
RBTR00001,Reboot Shortcut,13384,11/02/2020, 14:07:20,71
RBTR00001,Reboot Shortcut,13384,11/02/2020, 15:07:55,71
RBTR00001,Reboot Shortcut,13384,11/02/2020, 16:13:44,71
RBTR00001,Reboot Shortcut,13384,11/02/2020, 17:07:24,71
RBTR00001,Reboot Shortcut,13384,11/02/2020, 18:07:26,71
RBTR00001,Reboot Shortcut,13384,11/02/2020, 19:06:18,71
RBTR00001,Reboot Shortcut,13384,11/02/2020, 20:07:02,71
RBTR00001,Reboot Shortcut,13384,11/02/2020, 21:06:34,71
RBTR00001,Reboot Shortcut,13384,11/02/2020, 22:08:48,71
RBTR00001,Reboot Shortcut,13384,11/02/2020, 23:07:19,71
RBTR00001,Reboot Shortcut,13384,11/03/2020, 00:19:36,71
RBTR00001,Reboot Shortcut,13384,11/03/2020, 01:10:23,71
RBTR00001,Reboot Shortcut,13384,11/03/2020, 02:08:43,71
RBTR00001,Reboot Shortcut,13384,11/03/2020, 03:07:32,71
RBTR00001,Reboot Shortcut,13384,11/03/2020, 04:09:36,71
RBTR00001,Reboot Shortcut,13384,11/03/2020, 05:07:03,71
RBTR00001,Reboot Shortcut,13384,11/03/2020, 06:08:24,71
RBTR00001,Reboot Shortcut,13384,11/03/2020, 07:08:27,71
RBTR00001,Reboot Shortcut,13384,11/03/2020, 08:08:55,71
RBTR00001,Reboot Shortcut,13384,11/03/2020, 09:07:27,71
RBTR00001,Reboot Shortcut,13384,11/03/2020, 10:09:10,71
RBTR00001,Reboot Shortcut,13385,11/03/2020, 11:07:00,71
RBTR00001,Reboot Shortcut,13386,11/03/2020, 12:09:47,71
RBTR00001,Reboot Shortcut,13386,11/03/2020, 13:07:20,71
RBTR00001,Reboot Shortcut,13386,11/03/2020, 14:07:19,71
RBTR00001,Reboot Shortcut,13386,11/03/2020, 15:08:07,71
RBTR00001,Reboot Shortcut,13386,11/03/2020, 16:15:09,71
RBTR00001,Reboot Shortcut,13386,11/03/2020, 17:07:38,71
RBTR00001,Reboot Shortcut,13386,11/03/2020, 18:07:23,71
RBTR00001,Reboot Shortcut,13387,11/03/2020, 19:06:35,71
RBTR00001,Reboot Shortcut,13387,11/03/2020, 20:07:03,71
RBTR00001,Reboot Shortcut,13387,11/03/2020, 21:06:32,71
RBTR00001,Reboot Shortcut,13388,11/03/2020, 22:08:42,71
RBTR00001,Reboot Shortcut,13388,11/03/2020, 23:07:21,71
RBTR00001,Reboot Shortcut,13388,11/04/2020, 00:19:37,71
RBTR00001,Reboot Shortcut,13388,11/04/2020, 01:11:45,71
RBTR00001,Reboot Shortcut,13388,11/04/2020, 02:08:33,71
RBTR00001,Reboot Shortcut,13388,11/04/2020, 03:07:33,71
RBTR00001,Reboot Shortcut,13388,11/04/2020, 04:10:18,71
RBTR00001,Reboot Shortcut,13388,11/04/2020, 05:07:46,71
RBTR00001,Reboot Shortcut,13388,11/04/2020, 06:08:13,71
RBTR00001,Reboot Shortcut,13388,11/04/2020, 07:08:42,71
RBTR00001,Reboot Shortcut,13388,11/04/2020, 08:08:39,71
RBTR00001,Reboot Shortcut,13388,11/04/2020, 09:07:46,71
RBTR00001,Reboot Shortcut,13388,11/04/2020, 10:09:25,71
RBTR00001,Reboot Shortcut,13388,11/04/2020, 11:07:19,71
RBTR00001,Reboot Shortcut,13388,11/04/2020, 12:10:05,71
RBTR00001,Reboot Shortcut,13388,11/04/2020, 13:07:18,71
RBTR00001,Reboot Shortcut,13388,11/04/2020, 14:07:32,71
RBTR00001,Reboot Shortcut,13388,11/04/2020, 15:08:08,71
RBTR00001,Reboot Shortcut,13389,11/04/2020, 16:14:38,71
RBTR00001,Reboot Shortcut,13390,11/04/2020, 17:07:49,71
RBTR00001,Reboot Shortcut,13390,11/04/2020, 18:07:24,71
RBTR00001,Reboot Shortcut,13390,11/04/2020, 19:06:40,71
RBTR00001,Reboot Shortcut,13390,11/04/2020, 20:07:16,71
RBTR00001,Reboot Shortcut,13390,11/04/2020, 21:06:41,71
RBTR00001,Reboot Shortcut,13390,11/04/2020, 22:09:00,71
RBTR00001,Reboot Shortcut,13390,11/04/2020, 23:07:22,71
RBTR00001,Reboot Shortcut,13390,11/05/2020, 00:20:20,71
RBTR00001,Reboot Shortcut,13391,11/05/2020, 01:13:38,71
RBTR00001,Reboot Shortcut,13391,11/05/2020, 02:08:58,71
RBTR00001,Reboot Shortcut,13391,11/05/2020, 03:07:36,71
RBTR00001,Reboot Shortcut,13391,11/05/2020, 04:10:17,71
RBTR00001,Reboot Shortcut,13391,11/05/2020, 05:07:39,71
RBTR00001,Reboot Shortcut,13391,11/05/2020, 06:08:39,71
RBTR00001,Reboot Shortcut,13391,11/05/2020, 07:08:26,71
RBTR00001,Reboot Shortcut,13391,11/05/2020, 08:09:17,71
RBTR00001,Reboot Shortcut,13392,11/05/2020, 09:07:50,71
RBTR00001,Reboot Shortcut,13392,11/05/2020, 10:09:37,71
RBTR00001,Reboot Shortcut,13392,11/05/2020, 11:07:25,71
RBTR00001,Reboot Shortcut,13392,11/05/2020, 12:10:44,71
RBTR00001,Reboot Shortcut,13392,11/05/2020, 13:09:11,71
RBTR00001,Reboot Shortcut,13392,11/05/2020, 14:08:08,71
RBTR00001,Reboot Shortcut,13392,11/05/2020, 15:08:25,71
RBTR00001,Reboot Shortcut,13392,11/05/2020, 16:26:10,71
RBTR00001,Reboot Shortcut,13392,11/05/2020, 17:07:40,71
RBTR00001,Reboot Shortcut,13392,11/05/2020, 18:07:43,71
RBTR00001,Reboot Shortcut,13392,11/05/2020, 19:06:40,71
RBTR00001,Reboot Shortcut,13392,11/05/2020, 20:07:22,71
RBTR00001,Reboot Shortcut,13392,11/05/2020, 21:06:48,71
RBTR00001,Reboot Shortcut,13392,11/05/2020, 22:09:18,71
RBTR00001,Reboot Shortcut,13393,11/05/2020, 23:07:53,71
RBTR00001,Reboot Shortcut,13394,11/06/2020, 00:20:41,71
RBTR00001,Reboot Shortcut,13394,11/06/2020, 01:15:22,71
RBTR00001,Reboot Shortcut,13394,11/06/2020, 02:09:07,71
RBTR00001,Reboot Shortcut,13394,11/06/2020, 03:07:41,71
RBTR00001,Reboot Shortcut,13394,11/06/2020, 04:10:41,71
RBTR00001,Reboot Shortcut,13394,11/06/2020, 05:07:49,71
RBTR00001,Reboot Shortcut,13394,11/06/2020, 06:08:43,71
RBTR00001,Reboot Shortcut,13394,11/06/2020, 07:08:53,71
RBTR00001,Reboot Shortcut,13394,11/06/2020, 08:09:38,71
RBTR00001,Reboot Shortcut,13394,11/06/2020, 09:08:08,71
RBTR00001,Reboot Shortcut,13394,11/06/2020, 10:09:59,71
RBTR00001,Reboot Shortcut,13394,11/06/2020, 11:07:11,71
RBTR00001,Reboot Shortcut,13394,11/06/2020, 12:10:37,71
RBTR00001,Reboot Shortcut,13394,11/06/2020, 13:07:46,71
RBTR00001,Reboot Shortcut,13394,11/06/2020, 14:08:26,71
RBTR00001,Reboot Shortcut,13395,11/06/2020, 15:08:38,71
RBTR00001,Reboot Shortcut,13395,11/06/2020, 16:16:05,71
RBTR00001,Reboot Shortcut,13396,11/06/2020, 17:07:52,71
RBTR00001,Reboot Shortcut,13396,11/06/2020, 18:07:51,71
RBTR00001,Reboot Shortcut,13396,11/06/2020, 19:06:34,71
RBTR00001,Reboot Shortcut,13396,11/06/2020, 20:07:11,71
RBTR00001,Reboot Shortcut,13396,11/06/2020, 21:07:01,71
RBTR00001,Reboot Shortcut,13396,11/06/2020, 22:09:44,71
RBTR00001,Reboot Shortcut,13396,11/06/2020, 23:07:46,71
RBTR00001,Reboot Shortcut,13396,11/07/2020, 00:20:55,71
RBTR00001,Reboot Shortcut,13396,11/07/2020, 01:16:17,71
RBTR00001,Reboot Shortcut,13396,11/07/2020, 02:09:05,71
RBTR00001,Reboot Shortcut,13396,11/07/2020, 03:08:10,71
RBTR00001,Reboot Shortcut,13396,11/07/2020, 04:10:57,71
RBTR00001,Reboot Shortcut,13396,11/07/2020, 05:07:51,71
RBTR00001,Reboot Shortcut,13397,11/07/2020, 06:08:49,71
RBTR00001,Reboot Shortcut,13397,11/07/2020, 07:08:51,71
RBTR00001,Reboot Shortcut,13397,11/07/2020, 08:09:15,71
RBTR00001,Reboot Shortcut,13397,11/07/2020, 09:08:10,71
RBTR00001,Reboot Shortcut,13397,11/07/2020, 10:09:46,71
RBTR00001,Reboot Shortcut,13397,11/07/2020, 11:07:35,71
RBTR00001,Reboot Shortcut,13397,11/07/2020, 12:10:28,71
RBTR00001,Reboot Shortcut,13397,11/07/2020, 13:07:28,71
RBTR00001,Reboot Shortcut,13397,11/07/2020, 14:07:52,71
RBTR00001,Reboot Shortcut,13397,11/07/2020, 15:08:21,71
RBTR00001,Reboot Shortcut,13397,11/07/2020, 16:15:42,71
RBTR00001,Reboot Shortcut,13397,11/07/2020, 17:07:30,71
RBTR00001,Reboot Shortcut,13397,11/07/2020, 18:07:46,71
RBTR00001,Reboot Shortcut,13397,11/07/2020, 19:06:47,71
RBTR00001,Reboot Shortcut,13398,11/07/2020, 20:07:16,71
RBTR00001,Reboot Shortcut,13398,11/07/2020, 21:06:55,71
RBTR00001,Reboot Shortcut,13398,11/07/2020, 22:09:28,71
RBTR00001,Reboot Shortcut,13398,11/07/2020, 23:07:50,71
RBTR00001,Reboot Shortcut,13398,11/08/2020, 00:22:12,71
RBTR00001,Reboot Shortcut,13398,11/08/2020, 01:18:45,71
RBTR00001,Reboot Shortcut,13398,11/08/2020, 02:09:43,71
RBTR00001,Reboot Shortcut,13398,11/08/2020, 03:08:12,71
RBTR00001,Reboot Shortcut,13398,11/08/2020, 04:11:09,71
RBTR00001,Reboot Shortcut,13398,11/08/2020, 05:08:19,71
RBTR00001,Reboot Shortcut,13398,11/08/2020, 06:09:14,71
RBTR00001,Reboot Shortcut,13398,11/08/2020, 07:08:53,71
RBTR00001,Reboot Shortcut,13398,11/08/2020, 08:09:36,71
RBTR00001,Reboot Shortcut,13398,11/08/2020, 09:08:03,71
RBTR00001,Reboot Shortcut,13398,11/08/2020, 10:09:57,71
RBTR00001,Reboot Shortcut,13398,11/08/2020, 11:07:32,71
RBTR00001,Reboot Shortcut,13398,11/08/2020, 12:10:35,71
RBTR00001,Reboot Shortcut,13399,11/08/2020, 13:07:29,71
RBTR00001,Reboot Shortcut,13400,11/08/2020, 14:08:28,71
RBTR00001,Reboot Shortcut,13402,11/08/2020, 15:08:32,71
RBTR00001,Reboot Shortcut,13402,11/08/2020, 16:16:10,71
RBTR00001,Reboot Shortcut,13403,11/08/2020, 17:07:40,71
RBTR00001,Reboot Shortcut,13403,11/08/2020, 18:07:33,71
RBTR00001,Reboot Shortcut,13404,11/08/2020, 19:06:38,71
RBTR00001,Reboot Shortcut,13404,11/08/2020, 20:07:24,71
RBTR00001,Reboot Shortcut,13404,11/08/2020, 21:06:49,71
RBTR00001,Reboot Shortcut,13404,11/08/2020, 22:09:45,71
RBTR00001,Reboot Shortcut,13404,11/08/2020, 23:07:55,71
RBTR00001,Reboot Shortcut,13404,11/09/2020, 00:22:10,71
RBTR00001,Reboot Shortcut,13404,11/09/2020, 01:18:44,71
RBTR00001,Reboot Shortcut,13406,11/09/2020, 02:10:02,71
RBTR00001,Reboot Shortcut,13406,11/09/2020, 03:08:16,71
RBTR00001,Reboot Shortcut,13406,11/09/2020, 04:11:40,71
RBTR00001,Reboot Shortcut,13406,11/09/2020, 05:08:25,71
RBTR00001,Reboot Shortcut,13406,11/09/2020, 06:09:27,71
RBTR00001,Reboot Shortcut,13406,11/09/2020, 07:09:16,71
RBTR00001,Reboot Shortcut,13406,11/09/2020, 08:10:03,71
RBTR00001,Reboot Shortcut,13407,11/09/2020, 09:08:29,71
RBTR00001,Reboot Shortcut,13407,11/09/2020, 10:10:40,71
RBTR00001,Reboot Shortcut,13407,11/09/2020, 11:07:57,71
RBTR00001,Reboot Shortcut,13408,11/09/2020, 12:11:12,71
RBTR00001,Reboot Shortcut,13408,11/09/2020, 13:08:14,71
RBTR00001,Reboot Shortcut,13408,11/09/2020, 14:09:13,71
RBTR00001,Reboot Shortcut,13408,11/09/2020, 15:10:03,71
RBTR00001,Reboot Shortcut,13408,11/09/2020, 16:18:35,71
RBTR00001,Reboot Shortcut,13408,11/09/2020, 17:08:28,71
RBTR00001,Reboot Shortcut,13409,11/09/2020, 18:08:17,71
RBTR00001,Reboot Shortcut,13409,11/09/2020, 19:06:59,71
RBTR00001,Reboot Shortcut,13409,11/09/2020, 20:07:36,71
RBTR00001,Reboot Shortcut,13409,11/09/2020, 21:07:28,71
RBTR00001,Reboot Shortcut,13409,11/09/2020, 22:10:19,71
RBTR00001,Reboot Shortcut,13409,11/09/2020, 23:08:21,71
RBTR00001,Reboot Shortcut,13409,11/10/2020, 00:22:00,71
RBTR00001,Reboot Shortcut,13409,11/10/2020, 01:20:41,71
RBTR00001,Reboot Shortcut,13409,11/10/2020, 02:10:07,71
RBTR00001,Reboot Shortcut,13409,11/10/2020, 03:08:31,71
RBTR00001,Reboot Shortcut,13409,11/10/2020, 04:07:51,71
RBTR00001,Reboot Shortcut,13409,11/10/2020, 05:06:42,71
RBTR00001,Reboot Shortcut,13409,11/10/2020, 06:07:59,71
RBTR00001,Reboot Shortcut,13409,11/10/2020, 07:06:54,71
RBTR00001,Reboot Shortcut,13409,11/10/2020, 08:07:54,71
RBTR00001,Reboot Shortcut,13409,11/10/2020, 09:06:55,71
RBTR00001,Reboot Shortcut,13409,11/10/2020, 10:08:15,71
RBTR00001,Reboot Shortcut,13409,11/10/2020, 11:06:42,71
RBTR00001,Reboot Shortcut,13409,11/10/2020, 12:09:36,71
RBTR00001,Reboot Shortcut,13410,11/10/2020, 13:06:54,71
RBTR00001,Reboot Shortcut,13410,11/10/2020, 14:08:12,71
RBTR00001,Reboot Shortcut,13410,11/10/2020, 15:07:31,71
RBTR00001,Reboot Shortcut,13410,11/10/2020, 16:11:31,71
RBTR00001,Reboot Shortcut,13410,11/10/2020, 17:07:16,71
RBTR00001,Reboot Shortcut,13411,11/10/2020, 18:07:27,71
RBTR00001,Reboot Shortcut,13412,11/10/2020, 19:06:11,71
RBTR00001,Reboot Shortcut,13412,11/10/2020, 20:07:07,71
RBTR00001,Reboot Shortcut,13412,11/10/2020, 21:06:38,71
RBTR00001,Reboot Shortcut,13412,11/10/2020, 22:08:27,71
RBTR00001,Reboot Shortcut,13413,11/10/2020, 23:06:54,71
RBTR00001,Reboot Shortcut,13413,11/11/2020, 00:16:26,71
RBTR00001,Reboot Shortcut,13413,11/11/2020, 01:08:23,71
RBTR00001,Reboot Shortcut,13413,11/11/2020, 02:08:06,71
RBTR00001,Reboot Shortcut,13413,11/11/2020, 03:07:09,71
RBTR00001,Reboot Shortcut,13413,11/11/2020, 04:08:35,71
RBTR00001,Reboot Shortcut,13413,11/11/2020, 05:07:05,71
RBTR00001,Reboot Shortcut,13414,11/11/2020, 06:08:08,71
RBTR00001,Reboot Shortcut,13414,11/11/2020, 07:07:52,71
RBTR00001,Reboot Shortcut,13415,11/11/2020, 08:08:22,71
RBTR00001,Reboot Shortcut,13415,11/11/2020, 09:07:29,71
RBTR00001,Reboot Shortcut,13416,11/11/2020, 10:08:18,71
RBTR00001,Reboot Shortcut,13416,11/11/2020, 11:07:01,71
RBTR00001,Reboot Shortcut,13416,11/11/2020, 12:09:38,71
RBTR00001,Reboot Shortcut,13417,11/11/2020, 13:06:56,71
RBTR00001,Reboot Shortcut,13417,11/11/2020, 14:08:13,71
RBTR00001,Reboot Shortcut,13417,11/11/2020, 15:07:45,71
RBTR00001,Reboot Shortcut,13417,11/11/2020, 16:11:44,71
RBTR00001,Reboot Shortcut,13417,11/11/2020, 17:06:51,71
RBTR00001,Reboot Shortcut,13417,11/11/2020, 18:07:41,71
RBTR00001,Reboot Shortcut,13417,11/11/2020, 19:06:40,71
RBTR00001,Reboot Shortcut,13417,11/11/2020, 20:07:19,71
RBTR00001,Reboot Shortcut,13417,11/11/2020, 21:06:46,71
RBTR00001,Reboot Shortcut,13417,11/11/2020, 22:08:34,71
RBTR00001,Reboot Shortcut,13417,11/11/2020, 23:07:17,71
RBTR00001,Reboot Shortcut,13417,11/12/2020, 00:19:39,71
RBTR00001,Reboot Shortcut,13417,11/12/2020, 01:09:19,71
RBTR00001,Reboot Shortcut,13417,11/12/2020, 02:08:32,71
RBTR00001,Reboot Shortcut,13417,11/12/2020, 03:07:19,71
RBTR00001,Reboot Shortcut,13417,11/12/2020, 04:08:52,71
RBTR00001,Reboot Shortcut,13417,11/12/2020, 05:07:21,71
RBTR00001,Reboot Shortcut,13417,11/12/2020, 06:08:35,71
RBTR00001,Reboot Shortcut,13417,11/12/2020, 07:07:41,71
RBTR00001,Reboot Shortcut,13417,11/12/2020, 08:09:00,71
RBTR00001,Reboot Shortcut,13417,11/12/2020, 09:07:47,71
RBTR00001,Reboot Shortcut,13417,11/12/2020, 10:08:39,71
RBTR00001,Reboot Shortcut,13419,11/12/2020, 11:07:07,71
RBTR00001,Reboot Shortcut,13419,11/12/2020, 12:09:54,71
RBTR00001,Reboot Shortcut,13419,11/12/2020, 13:07:13,71
RBTR00001,Reboot Shortcut,13419,11/12/2020, 14:08:35,71
RBTR00001,Reboot Shortcut,13419,11/12/2020, 15:08:20,71
RBTR00001,Reboot Shortcut,13420,11/12/2020, 16:13:18,71
RBTR00001,Reboot Shortcut,13420,11/12/2020, 17:07:41,71
RBTR00001,Reboot Shortcut,13420,11/12/2020, 18:07:57,71
RBTR00001,Reboot Shortcut,13420,11/12/2020, 19:06:51,71
RBTR00001,Reboot Shortcut,13420,11/12/2020, 20:07:13,71
RBTR00001,Reboot Shortcut,13421,11/12/2020, 21:06:49,71
RBTR00001,Reboot Shortcut,13422,11/12/2020, 22:08:41,71
RBTR00001,Reboot Shortcut,13422,11/12/2020, 23:07:20,71
RBTR00001,Reboot Shortcut,13422,11/13/2020, 00:19:03,71
RBTR00001,Reboot Shortcut,13422,11/13/2020, 01:11:30,71
RBTR00001,Reboot Shortcut,13422,11/13/2020, 02:08:52,71
RBTR00001,Reboot Shortcut,13422,11/13/2020, 03:07:49,71
RBTR00001,Reboot Shortcut,13422,11/13/2020, 04:09:39,71
RBTR00001,Reboot Shortcut,13422,11/13/2020, 05:07:26,71
RBTR00001,Reboot Shortcut,13422,11/13/2020, 06:08:54,71
RBTR00001,Reboot Shortcut,13422,11/13/2020, 07:07:45,71
RBTR00001,Reboot Shortcut,13422,11/13/2020, 08:08:44,71
RBTR00001,Reboot Shortcut,13422,11/13/2020, 09:08:02,71
RBTR00001,Reboot Shortcut,13422,11/13/2020, 10:08:19,71
RBTR00001,Reboot Shortcut,13423,11/13/2020, 11:07:19,71
RBTR00001,Reboot Shortcut,13424,11/13/2020, 12:09:59,71
RBTR00001,Reboot Shortcut,13424,11/13/2020, 13:07:18,71
RBTR00001,Reboot Shortcut,13424,11/13/2020, 14:08:21,71
RBTR00001,Reboot Shortcut,13424,11/13/2020, 15:08:21,71
RBTR00001,Reboot Shortcut,13424,11/13/2020, 16:11:36,71
RBTR00001,Reboot Shortcut,13424,11/13/2020, 17:07:36,71
RBTR00001,Reboot Shortcut,13424,11/13/2020, 18:07:56,71
RBTR00001,Reboot Shortcut,13424,11/13/2020, 19:06:47,71
RBTR00001,Reboot Shortcut,13424,11/13/2020, 20:07:34,71
RBTR00001,Reboot Shortcut,13424,11/13/2020, 21:06:42,71
RBTR00001,Reboot Shortcut,13424,11/13/2020, 22:08:55,71
RBTR00001,Reboot Shortcut,13424,11/13/2020, 23:07:27,71
RBTR00001,Reboot Shortcut,13425,11/14/2020, 00:20:07,71
RBTR00001,Reboot Shortcut,13425,11/14/2020, 01:12:17,71
RBTR00001,Reboot Shortcut,13425,11/14/2020, 02:11:50,71
RBTR00001,Reboot Shortcut,13425,11/14/2020, 03:07:50,71
RBTR00001,Reboot Shortcut,13425,11/14/2020, 04:08:43,71
RBTR00001,Reboot Shortcut,13425,11/14/2020, 05:07:16,71
RBTR00001,Reboot Shortcut,13425,11/14/2020, 06:08:33,71
RBTR00001,Reboot Shortcut,13425,11/14/2020, 07:07:28,71
RBTR00001,Reboot Shortcut,13425,11/14/2020, 08:08:46,71
RBTR00001,Reboot Shortcut,13425,11/14/2020, 09:07:55,71
RBTR00001,Reboot Shortcut,13425,11/14/2020, 10:08:16,71
RBTR00001,Reboot Shortcut,13425,11/14/2020, 11:07:23,71
RBTR00001,Reboot Shortcut,13425,11/14/2020, 12:09:10,71
RBTR00001,Reboot Shortcut,13425,11/14/2020, 13:07:04,71
RBTR00001,Reboot Shortcut,13425,11/14/2020, 14:07:54,71
RBTR00001,Reboot Shortcut,13425,11/14/2020, 15:07:52,71
RBTR00001,Reboot Shortcut,13427,11/14/2020, 16:10:59,71
RBTR00001,Reboot Shortcut,13427,11/14/2020, 17:06:52,71
RBTR00001,Reboot Shortcut,13427,11/14/2020, 18:07:34,71
RBTR00001,Reboot Shortcut,13427,11/14/2020, 19:06:42,71
RBTR00001,Reboot Shortcut,13427,11/14/2020, 20:07:15,71
RBTR00001,Reboot Shortcut,13427,11/14/2020, 21:06:49,71
RBTR00001,Reboot Shortcut,13427,11/14/2020, 22:08:19,71
RBTR00001,Reboot Shortcut,13427,11/14/2020, 23:07:25,71
RBTR00001,Reboot Shortcut,13427,11/15/2020, 00:21:21,71
RBTR00001,Reboot Shortcut,13427,11/15/2020, 01:16:27,71
RBTR00001,Reboot Shortcut,13427,11/15/2020, 02:09:01,71
RBTR00001,Reboot Shortcut,13427,11/15/2020, 03:07:42,71
RBTR00001,Reboot Shortcut,13427,11/15/2020, 04:08:56,71
RBTR00001,Reboot Shortcut,13427,11/15/2020, 05:07:28,71
RBTR00001,Reboot Shortcut,13427,11/15/2020, 06:08:55,71
RBTR00001,Reboot Shortcut,13427,11/15/2020, 07:07:48,71
RBTR00001,Reboot Shortcut,13427,11/15/2020, 08:08:41,71
RBTR00001,Reboot Shortcut,13427,11/15/2020, 09:07:34,71
RBTR00001,Reboot Shortcut,13427,11/15/2020, 10:08:02,71
RBTR00001,Reboot Shortcut,13427,11/15/2020, 11:07:32,71
RBTR00001,Reboot Shortcut,13427,11/15/2020, 12:09:51,71
RBTR00001,Reboot Shortcut,13427,11/15/2020, 13:06:49,71
RBTR00001,Reboot Shortcut,13427,11/15/2020, 14:08:01,71
RBTR00001,Reboot Shortcut,13428,11/15/2020, 15:07:21,71
RBTR00001,Reboot Shortcut,13428,11/15/2020, 16:11:08,71
RBTR00001,Reboot Shortcut,13429,11/15/2020, 17:07:03,71
RBTR00001,Reboot Shortcut,13430,11/15/2020, 18:07:37,71
RBTR00001,Reboot Shortcut,13430,11/15/2020, 19:06:28,71
RBTR00001,Reboot Shortcut,13430,11/15/2020, 20:07:30,71
RBTR00001,Reboot Shortcut,13430,11/15/2020, 21:06:37,71
RBTR00001,Reboot Shortcut,13430,11/15/2020, 22:08:34,71
RBTR00001,Reboot Shortcut,13431,11/15/2020, 23:07:35,71
RBTR00001,Reboot Shortcut,13432,11/16/2020, 00:20:59,71
RBTR00001,Reboot Shortcut,13432,11/16/2020, 01:14:19,71
RBTR00001,Reboot Shortcut,13432,11/16/2020, 02:10:40,71
RBTR00001,Reboot Shortcut,13432,11/16/2020, 03:07:51,71
RBTR00001,Reboot Shortcut,13432,11/16/2020, 04:09:17,71
RBTR00001,Reboot Shortcut,13433,11/16/2020, 05:07:45,71
RBTR00001,Reboot Shortcut,13433,11/16/2020, 06:08:51,71
RBTR00001,Reboot Shortcut,13433,11/16/2020, 07:07:53,71
RBTR00001,Reboot Shortcut,13433,11/16/2020, 08:09:10,71
RBTR00001,Reboot Shortcut,13433,11/16/2020, 09:08:10,71
RBTR00001,Reboot Shortcut,13433,11/16/2020, 10:09:03,71
RBTR00001,Reboot Shortcut,13433,11/16/2020, 11:07:30,71
RBTR00001,Reboot Shortcut,13433,11/16/2020, 12:10:18,71
RBTR00001,Reboot Shortcut,13433,11/16/2020, 13:07:26,71
RBTR00001,Reboot Shortcut,13433,11/16/2020, 14:09:24,71
RBTR00001,Reboot Shortcut,13433,11/16/2020, 15:08:24,71
RBTR00001,Reboot Shortcut,13433,11/16/2020, 16:13:18,71
RBTR00001,Reboot Shortcut,13433,11/16/2020, 17:13:46,71
RBTR00001,Reboot Shortcut,13434,11/16/2020, 18:08:12,71
RBTR00001,Reboot Shortcut,13434,11/16/2020, 19:06:42,71
RBTR00001,Reboot Shortcut,13434,11/16/2020, 20:07:35,71
RBTR00001,Reboot Shortcut,13434,11/16/2020, 21:07:13,71
RBTR00001,Reboot Shortcut,13434,11/16/2020, 22:08:58,71
RBTR00001,Reboot Shortcut,13434,11/16/2020, 23:06:55,71
RBTR00001,Reboot Shortcut,13434,11/17/2020, 00:20:42,71
RBTR00001,Reboot Shortcut,13435,11/17/2020, 01:14:45,71
RBTR00001,Reboot Shortcut,13436,11/17/2020, 02:09:10,71
RBTR00001,Reboot Shortcut,13436,11/17/2020, 03:07:40,71
RBTR00001,Reboot Shortcut,13436,11/17/2020, 04:09:13,71
RBTR00001,Reboot Shortcut,13436,11/17/2020, 05:07:51,71
RBTR00001,Reboot Shortcut,13436,11/17/2020, 06:09:01,71
RBTR00001,Reboot Shortcut,13436,11/17/2020, 07:08:01,71
RBTR00001,Reboot Shortcut,13436,11/17/2020, 08:09:26,71
RBTR00001,Reboot Shortcut,13436,11/17/2020, 09:07:53,71
RBTR00001,Reboot Shortcut,13436,11/17/2020, 10:09:55,71
RBTR00001,Reboot Shortcut,13436,11/17/2020, 11:07:32,71
RBTR00001,Reboot Shortcut,13437,11/17/2020, 12:10:08,71
RBTR00001,Reboot Shortcut,13437,11/17/2020, 13:07:31,71
RBTR00001,Reboot Shortcut,13438,11/17/2020, 14:10:16,71
RBTR00001,Reboot Shortcut,13439,11/17/2020, 15:08:57,71
RBTR00001,Reboot Shortcut,13439,11/17/2020, 16:13:37,71
RBTR00001,Reboot Shortcut,13439,11/17/2020, 17:07:54,71
RBTR00001,Reboot Shortcut,13439,11/17/2020, 18:08:06,71
RBTR00001,Reboot Shortcut,13439,11/17/2020, 19:06:49,71
RBTR00001,Reboot Shortcut,13439,11/17/2020, 20:10:04,71
RBTR00001,Reboot Shortcut,13439,11/17/2020, 21:07:03,71
RBTR00001,Reboot Shortcut,13439,11/17/2020, 22:09:15,71
RBTR00001,Reboot Shortcut,13440,11/17/2020, 23:07:40,71
RBTR00001,Reboot Shortcut,13440,11/18/2020, 00:21:03,71
RBTR00001,Reboot Shortcut,13440,11/18/2020, 01:15:50,71
RBTR00001,Reboot Shortcut,13440,11/18/2020, 02:09:19,71
RBTR00001,Reboot Shortcut,13440,11/18/2020, 03:07:56,71
RBTR00001,Reboot Shortcut,13440,11/18/2020, 04:09:35,71
RBTR00001,Reboot Shortcut,13441,11/18/2020, 05:07:48,71
RBTR00001,Reboot Shortcut,13441,11/18/2020, 06:09:15,71
RBTR00001,Reboot Shortcut,13441,11/18/2020, 07:08:35,71
RBTR00001,Reboot Shortcut,13441,11/18/2020, 08:09:35,71
RBTR00001,Reboot Shortcut,13441,11/18/2020, 09:07:57,71
RBTR00001,Reboot Shortcut,13441,11/18/2020, 10:09:10,71
RBTR00001,Reboot Shortcut,13441,11/18/2020, 11:07:25,71
RBTR00001,Reboot Shortcut,13441,11/18/2020, 12:10:16,71
RBTR00001,Reboot Shortcut,13441,11/18/2020, 13:07:34,71
RBTR00001,Reboot Shortcut,13441,11/18/2020, 14:09:42,71
RBTR00001,Reboot Shortcut,13441,11/18/2020, 15:08:02,71
RBTR00001,Reboot Shortcut,13441,11/18/2020, 16:12:33,71
RBTR00001,Reboot Shortcut,13441,11/18/2020, 17:08:10,71
RBTR00001,Reboot Shortcut,13441,11/18/2020, 18:08:15,71
RBTR00001,Reboot Shortcut,13442,11/18/2020, 19:07:06,71
RBTR00001,Reboot Shortcut,13442,11/18/2020, 20:07:45,71
RBTR00001,Reboot Shortcut,13442,11/18/2020, 21:07:27,71
RBTR00001,Reboot Shortcut,13442,11/18/2020, 22:09:24,71
RBTR00001,Reboot Shortcut,13442,11/18/2020, 23:09:32,71
RBTR00001,Reboot Shortcut,13443,11/19/2020, 00:21:04,71
RBTR00001,Reboot Shortcut,13443,11/19/2020, 01:16:14,71
RBTR00001,Reboot Shortcut,13443,11/19/2020, 02:09:22,71
RBTR00001,Reboot Shortcut,13444,11/19/2020, 03:08:19,71
RBTR00001,Reboot Shortcut,13444,11/19/2020, 04:09:40,71
RBTR00001,Reboot Shortcut,13444,11/19/2020, 05:07:56,71
RBTR00001,Reboot Shortcut,13444,11/19/2020, 06:09:26,71
RBTR00001,Reboot Shortcut,13444,11/19/2020, 07:08:04,71
RBTR00001,Reboot Shortcut,13444,11/19/2020, 08:09:19,71
RBTR00001,Reboot Shortcut,13444,11/19/2020, 09:17:34,71
RBTR00001,Reboot Shortcut,13444,11/19/2020, 10:09:33,71
RBTR00001,Reboot Shortcut,13444,11/19/2020, 11:07:37,71
RBTR00001,Reboot Shortcut,13444,11/19/2020, 12:10:37,71
RBTR00001,Reboot Shortcut,13445,11/19/2020, 13:07:35,71
RBTR00001,Reboot Shortcut,13445,11/19/2020, 14:10:12,71
RBTR00001,Reboot Shortcut,13445,11/19/2020, 15:09:14,71
RBTR00001,Reboot Shortcut,13445,11/19/2020, 16:15:00,71
RBTR00001,Reboot Shortcut,13445,11/19/2020, 17:08:21,71
RBTR00001,Reboot Shortcut,13445,11/19/2020, 18:09:03,71
RBTR00001,Reboot Shortcut,13445,11/19/2020, 19:06:52,71
RBTR00001,Reboot Shortcut,13445,11/19/2020, 20:08:10,71
RBTR00001,Reboot Shortcut,13445,11/19/2020, 21:07:22,71
RBTR00001,Reboot Shortcut,13445,11/19/2020, 22:09:31,71
RBTR00001,Reboot Shortcut,13445,11/19/2020, 23:07:48,71
RBTR00001,Reboot Shortcut,13445,11/20/2020, 00:21:24,71
RBTR00001,Reboot Shortcut,13445,11/20/2020, 01:17:20,71
RBTR00001,Reboot Shortcut,13445,11/20/2020, 02:09:47,71
RBTR00001,Reboot Shortcut,13445,11/20/2020, 03:08:15,71
RBTR00001,Reboot Shortcut,13445,11/20/2020, 04:09:40,71
RBTR00001,Reboot Shortcut,13445,11/20/2020, 05:07:52,71
RBTR00001,Reboot Shortcut,13445,11/20/2020, 06:09:18,71
RBTR00001,Reboot Shortcut,13447,11/20/2020, 07:12:44,71
RBTR00001,Reboot Shortcut,13447,11/20/2020, 08:09:39,71
RBTR00001,Reboot Shortcut,13447,11/20/2020, 09:08:24,71
RBTR00001,Reboot Shortcut,13447,11/20/2020, 10:09:21,71
RBTR00001,Reboot Shortcut,13447,11/20/2020, 11:07:42,71
RBTR00001,Reboot Shortcut,13447,11/20/2020, 12:10:34,71
RBTR00001,Reboot Shortcut,13447,11/20/2020, 13:07:30,71
RBTR00001,Reboot Shortcut,13447,11/20/2020, 14:09:18,71
RBTR00001,Reboot Shortcut,13447,11/20/2020, 15:08:08,71
RBTR00001,Reboot Shortcut,13447,11/20/2020, 16:12:42,71
RBTR00001,Reboot Shortcut,13447,11/20/2020, 17:08:17,71
RBTR00001,Reboot Shortcut,13447,11/20/2020, 18:08:11,71
RBTR00001,Reboot Shortcut,13447,11/20/2020, 19:07:03,71
RBTR00001,Reboot Shortcut,13447,11/20/2020, 20:07:52,71
RBTR00001,Reboot Shortcut,13448,11/20/2020, 21:07:35,71
RBTR00001,Reboot Shortcut,13448,11/20/2020, 22:09:38,71
RBTR00001,Reboot Shortcut,13448,11/20/2020, 23:07:46,71
RBTR00001,Reboot Shortcut,13449,11/21/2020, 00:21:31,71
RBTR00001,Reboot Shortcut,13450,11/21/2020, 01:17:00,71
RBTR00001,Reboot Shortcut,13450,11/21/2020, 02:09:46,71
RBTR00001,Reboot Shortcut,13450,11/21/2020, 03:08:13,71
RBTR00001,Reboot Shortcut,13450,11/21/2020, 04:10:15,71
RBTR00001,Reboot Shortcut,13450,11/21/2020, 05:07:50,71
RBTR00001,Reboot Shortcut,13450,11/21/2020, 06:09:46,71
RBTR00001,Reboot Shortcut,13451,11/21/2020, 07:08:17,71
RBTR00001,Reboot Shortcut,13451,11/21/2020, 08:09:12,71
RBTR00001,Reboot Shortcut,13451,11/21/2020, 09:07:48,71
RBTR00001,Reboot Shortcut,13452,11/21/2020, 10:08:58,71
RBTR00001,Reboot Shortcut,13452,11/21/2020, 11:07:54,71
RBTR00001,Reboot Shortcut,13452,11/21/2020, 12:09:55,71
RBTR00001,Reboot Shortcut,13452,11/21/2020, 13:07:30,71
RBTR00001,Reboot Shortcut,13454,11/21/2020, 14:08:51,71
RBTR00001,Reboot Shortcut,13454,11/21/2020, 15:07:39,71
RBTR00001,Reboot Shortcut,13455,11/21/2020, 16:12:04,71
RBTR00001,Reboot Shortcut,13455,11/21/2020, 17:07:03,71
RBTR00001,Reboot Shortcut,13455,11/21/2020, 18:07:59,71
RBTR00001,Reboot Shortcut,13455,11/21/2020, 19:06:39,71
RBTR00001,Reboot Shortcut,13456,11/21/2020, 20:07:41,71
RBTR00001,Reboot Shortcut,13456,11/21/2020, 21:07:21,71
RBTR00001,Reboot Shortcut,13456,11/21/2020, 22:11:11,71
RBTR00001,Reboot Shortcut,13456,11/21/2020, 23:07:52,71
RBTR00001,Reboot Shortcut,13456,11/22/2020, 00:22:56,71
RBTR00001,Reboot Shortcut,13456,11/22/2020, 01:19:41,71
RBTR00001,Reboot Shortcut,13456,11/22/2020, 02:09:56,71
RBTR00001,Reboot Shortcut,13456,11/22/2020, 03:08:05,71
RBTR00001,Reboot Shortcut,13456,11/22/2020, 04:09:38,71
RBTR00001,Reboot Shortcut,13456,11/22/2020, 05:08:02,71
RBTR00001,Reboot Shortcut,13457,11/22/2020, 06:09:44,71
RBTR00001,Reboot Shortcut,13457,11/22/2020, 07:08:28,71
RBTR00001,Reboot Shortcut,13457,11/22/2020, 08:09:14,71
RBTR00001,Reboot Shortcut,13457,11/22/2020, 09:08:14,71
RBTR00001,Reboot Shortcut,13457,11/22/2020, 10:08:54,71
RBTR00001,Reboot Shortcut,13457,11/22/2020, 11:07:57,71
RBTR00001,Reboot Shortcut,13458,11/22/2020, 12:10:17,71
RBTR00001,Reboot Shortcut,13458,11/22/2020, 13:07:24,71
RBTR00001,Reboot Shortcut,13458,11/22/2020, 14:08:48,71
RBTR00001,Reboot Shortcut,13458,11/22/2020, 15:07:51,71
RBTR00001,Reboot Shortcut,13458,11/22/2020, 16:12:13,71
RBTR00001,Reboot Shortcut,13458,11/22/2020, 17:07:05,71
RBTR00001,Reboot Shortcut,13458,11/22/2020, 18:07:59,71
RBTR00001,Reboot Shortcut,13458,11/22/2020, 19:06:55,71
RBTR00001,Reboot Shortcut,13458,11/22/2020, 20:07:46,71
RBTR00001,Reboot Shortcut,13459,11/22/2020, 21:07:10,71
RBTR00001,Reboot Shortcut,13459,11/22/2020, 22:09:35,71
RBTR00001,Reboot Shortcut,13460,11/22/2020, 23:07:52,71
RBTR00001,Reboot Shortcut,13460,11/23/2020, 00:22:34,71
RBTR00001,Reboot Shortcut,13461,11/23/2020, 01:19:43,71
RBTR00001,Reboot Shortcut,13461,11/23/2020, 02:10:11,71
RBTR00001,Reboot Shortcut,13461,11/23/2020, 03:08:01,71
RBTR00001,Reboot Shortcut,13461,11/23/2020, 04:10:18,71
RBTR00001,Reboot Shortcut,13461,11/23/2020, 05:08:25,71
RBTR00001,Reboot Shortcut,13461,11/23/2020, 06:10:03,71
RBTR00001,Reboot Shortcut,13461,11/23/2020, 07:08:28,71
RBTR00001,Reboot Shortcut,13461,11/23/2020, 08:11:47,71
RBTR00001,Reboot Shortcut,13461,11/23/2020, 09:08:35,71
RBTR00001,Reboot Shortcut,13461,11/23/2020, 10:09:29,71
RBTR00001,Reboot Shortcut,13461,11/23/2020, 11:07:58,71
RBTR00001,Reboot Shortcut,13461,11/23/2020, 12:11:11,71
RBTR00001,Reboot Shortcut,13461,11/23/2020, 13:08:13,71
RBTR00001,Reboot Shortcut,13461,11/23/2020, 14:10:05,71
RBTR00001,Reboot Shortcut,13461,11/23/2020, 15:08:52,71
RBTR00001,Reboot Shortcut,13461,11/23/2020, 16:13:37,71
RBTR00001,Reboot Shortcut,13461,11/23/2020, 17:06:02,71
RBTR00001,Reboot Shortcut,13461,11/23/2020, 18:09:09,71
RBTR00001,Reboot Shortcut,13462,11/23/2020, 19:07:09,71
RBTR00001,Reboot Shortcut,13462,11/23/2020, 20:08:22,71
RBTR00001,Reboot Shortcut,13463,11/23/2020, 21:07:27,71
RBTR00001,Reboot Shortcut,13463,11/23/2020, 22:09:47,71
RBTR00001,Reboot Shortcut,13463,11/23/2020, 23:08:13,71
RBTR00001,Reboot Shortcut,13463,11/24/2020, 00:22:13,71
RBTR00001,Reboot Shortcut,13463,11/24/2020, 01:19:21,71
RBTR00001,Reboot Shortcut,13463,11/24/2020, 02:10:00,71
RBTR00001,Reboot Shortcut,13464,11/24/2020, 03:08:19,71
RBTR00001,Reboot Shortcut,13464,11/24/2020, 04:10:08,71
RBTR00001,Reboot Shortcut,13465,11/24/2020, 05:08:25,71
RBTR00001,Reboot Shortcut,13465,11/24/2020, 06:09:57,71
RBTR00001,Reboot Shortcut,13465,11/24/2020, 07:08:42,71
RBTR00001,Reboot Shortcut,13465,11/24/2020, 08:10:01,71
RBTR00001,Reboot Shortcut,13466,11/24/2020, 09:08:44,71
RBTR00001,Reboot Shortcut,13467,11/24/2020, 10:09:43,71
RBTR00001,Reboot Shortcut,13467,11/24/2020, 11:08:13,71
RBTR00001,Reboot Shortcut,13467,11/24/2020, 12:11:03,71
RBTR00001,Reboot Shortcut,13468,11/24/2020, 13:07:56,71
RBTR00001,Reboot Shortcut,13468,11/24/2020, 14:09:17,71
RBTR00001,Reboot Shortcut,13468,11/24/2020, 15:08:40,71
RBTR00001,Reboot Shortcut,13468,11/24/2020, 16:14:23,71
RBTR00001,Reboot Shortcut,13468,11/24/2020, 17:08:04,71
RBTR00001,Reboot Shortcut,13468,11/24/2020, 18:08:46,71
RBTR00001,Reboot Shortcut,13468,11/24/2020, 19:07:27,71
RBTR00001,Reboot Shortcut,13470,11/24/2020, 20:08:21,71
RBTR00001,Reboot Shortcut,13472,11/24/2020, 21:07:22,71
RBTR00001,Reboot Shortcut,13472,11/24/2020, 22:09:54,71
RBTR00001,Reboot Shortcut,13475,11/24/2020, 23:08:11,71
RBTR00001,Reboot Shortcut,13477,11/25/2020, 00:22:29,71
RBTR00001,Reboot Shortcut,13477,11/25/2020, 01:20:25,71
RBTR00001,Reboot Shortcut,13477,11/25/2020, 02:10:07,71
RBTR00001,Reboot Shortcut,13477,11/25/2020, 03:08:32,71
RBTR00001,Reboot Shortcut,13477,11/25/2020, 04:10:17,71
RBTR00001,Reboot Shortcut,13477,11/25/2020, 05:08:31,71
RBTR00001,Reboot Shortcut,13477,11/25/2020, 06:10:14,71
RBTR00001,Reboot Shortcut,13477,11/25/2020, 07:08:53,71
RBTR00001,Reboot Shortcut,13477,11/25/2020, 08:09:49,71
RBTR00001,Reboot Shortcut,13477,11/25/2020, 09:08:54,71
RBTR00001,Reboot Shortcut,13477,11/25/2020, 10:09:41,71
RBTR00001,Reboot Shortcut,13477,11/25/2020, 11:07:46,71
RBTR00001,Reboot Shortcut,13477,11/25/2020, 12:11:11,71
RBTR00001,Reboot Shortcut,13477,11/25/2020, 13:08:04,71
RBTR00001,Reboot Shortcut,13477,11/25/2020, 14:09:52,71
RBTR00001,Reboot Shortcut,13477,11/25/2020, 15:08:37,71
RBTR00001,Reboot Shortcut,13478,11/25/2020, 16:13:37,71
RBTR00001,Reboot Shortcut,13478,11/25/2020, 17:07:01,71
RBTR00001,Reboot Shortcut,13478,11/25/2020, 18:08:49,71
RBTR00001,Reboot Shortcut,13478,11/25/2020, 19:07:03,71
RBTR00001,Reboot Shortcut,13478,11/25/2020, 20:08:31,71
RBTR00001,Reboot Shortcut,13478,11/25/2020, 21:07:33,71
RBTR00001,Reboot Shortcut,13478,11/25/2020, 22:09:52,71
RBTR00001,Reboot Shortcut,13478,11/25/2020, 23:08:21,71
RBTR00001,Reboot Shortcut,13478,11/26/2020, 00:22:16,71
RBTR00001,Reboot Shortcut,13479,11/26/2020, 01:20:41,71
RBTR00001,Reboot Shortcut,13479,11/26/2020, 02:10:14,71
RBTR00001,Reboot Shortcut,13479,11/26/2020, 03:08:44,71
RBTR00001,Reboot Shortcut,13480,11/26/2020, 04:10:06,71
RBTR00001,Reboot Shortcut,13480,11/26/2020, 05:08:13,71
RBTR00001,Reboot Shortcut,13480,11/26/2020, 06:10:15,71
RBTR00001,Reboot Shortcut,13480,11/26/2020, 07:08:43,71
RBTR00001,Reboot Shortcut,13482,11/26/2020, 08:10:07,71
RBTR00001,Reboot Shortcut,13483,11/26/2020, 09:08:48,71
RBTR00001,Reboot Shortcut,13484,11/26/2020, 10:09:32,71
RBTR00001,Reboot Shortcut,13484,11/26/2020, 11:08:18,71
RBTR00001,Reboot Shortcut,13485,11/26/2020, 12:11:11,71
RBTR00001,Reboot Shortcut,13485,11/26/2020, 13:07:57,71
RBTR00001,Reboot Shortcut,13486,11/26/2020, 14:09:50,71
RBTR00001,Reboot Shortcut,13486,11/26/2020, 15:08:44,71
RBTR00001,Reboot Shortcut,13486,11/26/2020, 16:13:32,71
RBTR00001,Reboot Shortcut,13487,11/26/2020, 17:07:32,71
RBTR00001,Reboot Shortcut,13487,11/26/2020, 18:08:48,71
RBTR00001,Reboot Shortcut,13487,11/26/2020, 19:07:09,71
RBTR00001,Reboot Shortcut,13487,11/26/2020, 20:08:46,71
RBTR00001,Reboot Shortcut,13487,11/26/2020, 21:07:22,71
RBTR00001,Reboot Shortcut,13487,11/26/2020, 22:09:44,71
RBTR00001,Reboot Shortcut,13487,11/26/2020, 23:08:31,71
RBTR00001,Reboot Shortcut,13487,11/27/2020, 00:23:41,71
RBTR00001,Reboot Shortcut,13487,11/27/2020, 01:23:06,71
RBTR00001,Reboot Shortcut,13487,11/27/2020, 02:10:13,71
RBTR00001,Reboot Shortcut,13488,11/27/2020, 03:09:02,71
RBTR00001,Reboot Shortcut,13488,11/27/2020, 04:11:04,71
RBTR00001,Reboot Shortcut,13488,11/27/2020, 05:08:42,71
RBTR00001,Reboot Shortcut,13488,11/27/2020, 06:10:22,71
RBTR00001,Reboot Shortcut,13488,11/27/2020, 07:08:47,71
RBTR00001,Reboot Shortcut,13488,11/27/2020, 08:11:07,71
RBTR00001,Reboot Shortcut,13489,11/27/2020, 09:09:18,71
RBTR00001,Reboot Shortcut,13489,11/27/2020, 10:09:54,71
RBTR00001,Reboot Shortcut,13489,11/27/2020, 11:08:29,71
RBTR00001,Reboot Shortcut,13490,11/27/2020, 12:11:49,71
RBTR00001,Reboot Shortcut,13490,11/27/2020, 13:08:28,71
RBTR00001,Reboot Shortcut,13490,11/27/2020, 14:09:30,71
RBTR00001,Reboot Shortcut,13490,11/27/2020, 15:08:30,71
RBTR00001,Reboot Shortcut,13491,11/27/2020, 17:07:50,71
RBTR00001,Reboot Shortcut,13491,11/27/2020, 18:08:39,71
RBTR00001,Reboot Shortcut,13491,11/27/2020, 19:07:15,71
RBTR00001,Reboot Shortcut,13491,11/27/2020, 20:09:01,71
RBTR00001,Reboot Shortcut,13491,11/27/2020, 21:07:29,71
RBTR00001,Reboot Shortcut,13492,11/27/2020, 22:09:36,71
RBTR00001,Reboot Shortcut,13492,11/27/2020, 23:08:44,71
RBTR00001,Reboot Shortcut,13492,11/28/2020, 00:23:25,71
RBTR00001,Reboot Shortcut,13492,11/28/2020, 01:22:59,71
RBTR00001,Reboot Shortcut,13492,11/28/2020, 02:10:13,71
RBTR00001,Reboot Shortcut,13492,11/28/2020, 03:09:06,71
RBTR00001,Reboot Shortcut,13492,11/28/2020, 04:11:19,71
RBTR00001,Reboot Shortcut,13492,11/28/2020, 05:08:30,71
RBTR00001,Reboot Shortcut,13492,11/28/2020, 06:10:05,71
RBTR00001,Reboot Shortcut,13492,11/28/2020, 07:09:38,71
RBTR00001,Reboot Shortcut,13493,11/28/2020, 08:10:31,71
RBTR00001,Reboot Shortcut,13493,11/28/2020, 09:08:54,71
RBTR00001,Reboot Shortcut,13494,11/28/2020, 10:09:17,71
RBTR00001,Reboot Shortcut,13494,11/28/2020, 11:08:13,71
RBTR00001,Reboot Shortcut,13494,11/28/2020, 12:11:21,71
RBTR00001,Reboot Shortcut,13494,11/28/2020, 13:07:55,71
RBTR00001,Reboot Shortcut,13495,11/28/2020, 14:09:23,71
RBTR00001,Reboot Shortcut,13495,11/28/2020, 15:08:22,71
RBTR00001,Reboot Shortcut,13495,11/28/2020, 16:12:52,71
RBTR00001,Reboot Shortcut,13495,11/28/2020, 17:07:50,71
RBTR00001,Reboot Shortcut,13495,11/28/2020, 18:08:56,71
RBTR00001,Reboot Shortcut,13495,11/28/2020, 19:07:03,71
RBTR00001,Reboot Shortcut,13495,11/28/2020, 20:08:52,71
RBTR00001,Reboot Shortcut,13495,11/28/2020, 21:07:20,71
RBTR00001,Reboot Shortcut,13495,11/28/2020, 22:09:52,71
RBTR00001,Reboot Shortcut,13495,11/28/2020, 23:08:29,71
RBTR00001,Reboot Shortcut,13495,11/29/2020, 00:24:44,71
RBTR00001,Reboot Shortcut,13495,11/29/2020, 01:26:29,71
RBTR00001,Reboot Shortcut,13495,11/29/2020, 02:10:28,71
RBTR00001,Reboot Shortcut,13495,11/29/2020, 03:09:04,71
RBTR00001,Reboot Shortcut,13496,11/29/2020, 04:11:31,71
RBTR00001,Reboot Shortcut,13496,11/29/2020, 05:08:28,71
RBTR00001,Reboot Shortcut,13496,11/29/2020, 06:10:11,71
RBTR00001,Reboot Shortcut,13496,11/29/2020, 07:08:47,71
RBTR00001,Reboot Shortcut,13496,11/29/2020, 08:10:37,71
RBTR00001,Reboot Shortcut,13496,11/29/2020, 09:08:35,71
RBTR00001,Reboot Shortcut,13496,11/29/2020, 10:09:19,71
RBTR00001,Reboot Shortcut,13496,11/29/2020, 11:08:10,71
RBTR00001,Reboot Shortcut,13497,11/29/2020, 12:11:27,71
RBTR00001,Reboot Shortcut,13497,11/29/2020, 13:08:10,71
RBTR00001,Reboot Shortcut,13498,11/29/2020, 14:09:29,71
RBTR00001,Reboot Shortcut,13498,11/29/2020, 15:08:01,71
RBTR00001,Reboot Shortcut,13498,11/29/2020, 16:13:16,71
RBTR00001,Reboot Shortcut,13498,11/29/2020, 17:07:47,71
RBTR00001,Reboot Shortcut,13498,11/29/2020, 18:08:35,71
RBTR00001,Reboot Shortcut,13498,11/29/2020, 19:07:24,71
RBTR00001,Reboot Shortcut,13498,11/29/2020, 20:08:46,71
RBTR00001,Reboot Shortcut,13498,11/29/2020, 21:07:36,71
RBTR00001,Reboot Shortcut,13498,11/29/2020, 22:10:03,71
RBTR00001,Reboot Shortcut,13498,11/29/2020, 23:08:41,71
RBTR00001,Reboot Shortcut,13498,11/30/2020, 00:24:37,71
RBTR00001,Reboot Shortcut,13498,11/30/2020, 01:26:33,71
RBTR00001,Reboot Shortcut,13498,11/30/2020, 02:10:46,71
RBTR00001,Reboot Shortcut,13498,11/30/2020, 03:08:58,71
RBTR00001,Reboot Shortcut,13498,11/30/2020, 04:11:32,71
RBTR00001,Reboot Shortcut,13499,11/30/2020, 05:08:52,71
RBTR00001,Reboot Shortcut,13499,11/30/2020, 06:10:24,71
RBTR00001,Reboot Shortcut,13499,11/30/2020, 07:09:10,71
RBTR00001,Reboot Shortcut,13499,11/30/2020, 08:11:31,71
RBTR00001,Reboot Shortcut,13499,11/30/2020, 09:09:18,71
RBTR00001,Reboot Shortcut,13499,11/30/2020, 10:10:04,71
RBTR00001,Reboot Shortcut,13499,11/30/2020, 11:08:34,71
RBTR00001,Reboot Shortcut,13499,11/30/2020, 12:12:19,71
RBTR00001,Reboot Shortcut,13499,11/30/2020, 13:08:38,71
RBTR00001,Reboot Shortcut,13499,11/30/2020, 14:10:40,71
RBTR00001,Reboot Shortcut,13499,11/30/2020, 15:11:08,71
RBTR00001,Reboot Shortcut,13499,11/30/2020, 16:14:42,71
RBTR00001,Reboot Shortcut,13499,11/30/2020, 17:15:28,71
RBTR00001,Reboot Shortcut,13499,11/30/2020, 18:09:30,71
RBTR00001,Reboot Shortcut,13499,11/30/2020, 19:07:32,71
RBTR00001,Reboot Shortcut,13499,11/30/2020, 20:09:35,71
RBTR00001,Reboot Shortcut,13499,11/30/2020, 21:07:47,71
RBTR00001,Reboot Shortcut,13499,11/30/2020, 22:10:37,71
RBTR00001,Reboot Shortcut,13499,11/30/2020, 23:08:44,71
RBTR00001,Reboot Shortcut,13499,12/01/2020, 00:25:09,71
RBTR00001,Reboot Shortcut,13499,12/01/2020, 01:27:32,71
RBTR00001,Reboot Shortcut,13499,12/01/2020, 02:10:25,71
RBTR00001,Reboot Shortcut,13499,12/01/2020, 03:09:23,71
RBTR00001,Reboot Shortcut,13499,12/01/2020, 04:11:34,71
RBTR00001,Reboot Shortcut,13499,12/01/2020, 05:08:54,71
RBTR00001,Reboot Shortcut,13500,12/01/2020, 06:10:43,71
RBTR00001,Reboot Shortcut,13500,12/01/2020, 07:09:16,71
RBTR00001,Reboot Shortcut,13501,12/01/2020, 08:11:34,71
RBTR00001,Reboot Shortcut,13501,12/01/2020, 09:09:44,71
RBTR00001,Reboot Shortcut,13501,12/01/2020, 10:10:06,71
RBTR00001,Reboot Shortcut,13501,12/01/2020, 11:08:40,71
RBTR00001,Reboot Shortcut,13501,12/01/2020, 12:12:31,71
RBTR00001,Reboot Shortcut,13501,12/01/2020, 13:09:01,71
RBTR00001,Reboot Shortcut,13501,12/01/2020, 14:11:24,71
RBTR00001,Reboot Shortcut,13501,12/01/2020, 15:11:30,71
RBTR00001,Reboot Shortcut,13502,12/01/2020, 16:16:04,71
RBTR00001,Reboot Shortcut,13502,12/01/2020, 17:23:22,71
RBTR00001,Reboot Shortcut,13505,12/01/2020, 20:32:39,71
RBTR00001,Reboot Shortcut,13505,12/01/2020, 21:20:56,71
RBTR00001,Reboot Shortcut,13506,12/01/2020, 22:10:54,71
RBTR00001,Reboot Shortcut,13506,12/01/2020, 23:09:07,71
RBTR00001,Reboot Shortcut,13506,12/02/2020, 00:24:45,71
RBTR00001,Reboot Shortcut,13506,12/02/2020, 01:27:08,71
RBTR00001,Reboot Shortcut,13506,12/02/2020, 02:09:50,71
RBTR00001,Reboot Shortcut,13507,12/02/2020, 03:09:32,71
RBTR00001,Reboot Shortcut,13508,12/02/2020, 04:11:53,71
RBTR00001,Reboot Shortcut,13508,12/02/2020, 05:08:50,71
RBTR00001,Reboot Shortcut,13508,12/02/2020, 06:10:33,71
RBTR00001,Reboot Shortcut,13508,12/02/2020, 07:09:19,71
RBTR00001,Reboot Shortcut,13508,12/02/2020, 08:11:31,71
RBTR00001,Reboot Shortcut,13508,12/02/2020, 09:09:53,71
RBTR00001,Reboot Shortcut,13508,12/02/2020, 10:10:28,71
RBTR00001,Reboot Shortcut,13508,12/02/2020, 11:08:49,71
RBTR00001,Reboot Shortcut,13508,12/02/2020, 12:12:35,71
RBTR00001,Reboot Shortcut,13508,12/02/2020, 13:09:25,71
RBTR00001,Reboot Shortcut,13509,12/02/2020, 14:10:32,71
RBTR00001,Reboot Shortcut,13510,12/02/2020, 15:11:56,71
RBTR00001,Reboot Shortcut,13510,12/02/2020, 16:19:50,71
RBTR00001,Reboot Shortcut,13510,12/02/2020, 17:13:13,71
RBTR00001,Reboot Shortcut,13510,12/02/2020, 18:09:18,71
RBTR00001,Reboot Shortcut,13510,12/02/2020, 19:07:38,71
RBTR00001,Reboot Shortcut,13510,12/02/2020, 20:09:29,71
RBTR00001,Reboot Shortcut,13510,12/02/2020, 21:06:34,71
RBTR00001,Reboot Shortcut,13511,12/02/2020, 22:10:38,71
RBTR00001,Reboot Shortcut,13511,12/02/2020, 23:09:00,71
RBTR00001,Reboot Shortcut,13511,12/03/2020, 00:24:30,71
RBTR00001,Reboot Shortcut,13511,12/03/2020, 01:27:05,71
RBTR00001,Reboot Shortcut,13512,12/03/2020, 02:10:37,71
RBTR00001,Reboot Shortcut,13512,12/03/2020, 03:09:19,71
RBTR00001,Reboot Shortcut,13512,12/03/2020, 04:11:43,71
RBTR00001,Reboot Shortcut,13512,12/03/2020, 05:09:21,71
RBTR00001,Reboot Shortcut,13512,12/03/2020, 06:10:14,71
RBTR00001,Reboot Shortcut,13512,12/03/2020, 07:09:31,71
RBTR00001,Reboot Shortcut,13512,12/03/2020, 08:11:29,71
RBTR00001,Reboot Shortcut,13512,12/03/2020, 09:09:20,71
RBTR00001,Reboot Shortcut,13512,12/03/2020, 10:09:53,71
RBTR00001,Reboot Shortcut,13512,12/03/2020, 11:08:47,71
RBTR00001,Reboot Shortcut,13512,12/03/2020, 12:12:33,71
RBTR00001,Reboot Shortcut,13513,12/03/2020, 13:08:59,71
RBTR00001,Reboot Shortcut,13513,12/03/2020, 14:09:58,71
RBTR00001,Reboot Shortcut,13513,12/03/2020, 15:09:05,71
RBTR00001,Reboot Shortcut,13513,12/03/2020, 16:14:18,71
RBTR00001,Reboot Shortcut,13514,12/03/2020, 17:10:38,71
RBTR00001,Reboot Shortcut,13514,12/03/2020, 18:09:59,71
RBTR00001,Reboot Shortcut,13514,12/03/2020, 19:08:05,71
RBTR00001,Reboot Shortcut,13514,12/03/2020, 20:09:14,71
RBTR00001,Reboot Shortcut,13514,12/03/2020, 21:08:24,71
RBTR00001,Reboot Shortcut,13514,12/03/2020, 22:11:07,71
RBTR00001,Reboot Shortcut,13514,12/03/2020, 23:09:45,71
RBTR00001,Reboot Shortcut,13514,12/04/2020, 00:24:44,71
RBTR00001,Reboot Shortcut,13514,12/04/2020, 01:28:40,71
RBTR00001,Reboot Shortcut,13514,12/04/2020, 02:10:27,71
RBTR00001,Reboot Shortcut,13514,12/04/2020, 03:09:41,71
RBTR00001,Reboot Shortcut,13514,12/04/2020, 04:12:00,71
RBTR00001,Reboot Shortcut,13514,12/04/2020, 05:09:54,71
RBTR00001,Reboot Shortcut,13514,12/04/2020, 06:11:10,71
RBTR00001,Reboot Shortcut,13514,12/04/2020, 07:12:48,71
RBTR00001,Reboot Shortcut,13514,12/04/2020, 08:13:26,71
RBTR00001,Reboot Shortcut,13514,12/04/2020, 09:12:10,71
RBTR00001,Reboot Shortcut,13514,12/04/2020, 10:11:02,71
RBTR00001,Reboot Shortcut,13514,12/04/2020, 11:09:12,71
RBTR00001,Reboot Shortcut,13514,12/04/2020, 12:13:32,71
RBTR00001,Reboot Shortcut,13515,12/04/2020, 13:09:30,71
RBTR00001,Reboot Shortcut,13515,12/04/2020, 14:10:40,71
RBTR00001,Reboot Shortcut,13515,12/04/2020, 15:09:29,71
RBTR00001,Reboot Shortcut,13515,12/04/2020, 16:14:12,71
RBTR00001,Reboot Shortcut,13515,12/04/2020, 17:25:55,71
RBTR00001,Reboot Shortcut,13515,12/04/2020, 18:09:48,71
RBTR00001,Reboot Shortcut,13515,12/04/2020, 19:08:02,71
RBTR00001,Reboot Shortcut,13515,12/04/2020, 20:09:34,71
RBTR00001,Reboot Shortcut,13515,12/04/2020, 21:08:58,71
RBTR00001,Reboot Shortcut,13515,12/04/2020, 22:11:21,71
RBTR00001,Reboot Shortcut,13515,12/04/2020, 23:09:41,71
RBTR00001,Reboot Shortcut,13515,12/05/2020, 00:25:05,71
RBTR00001,Reboot Shortcut,13515,12/05/2020, 01:29:47,71
RBTR00001,Reboot Shortcut,13515,12/05/2020, 02:11:03,71
RBTR00001,Reboot Shortcut,13515,12/05/2020, 03:09:54,71
RBTR00001,Reboot Shortcut,13515,12/05/2020, 04:11:53,71
RBTR00001,Reboot Shortcut,13515,12/05/2020, 05:09:53,71
RBTR00001,Reboot Shortcut,13515,12/05/2020, 06:11:13,71
RBTR00001,Reboot Shortcut,13515,12/05/2020, 07:10:06,71
RBTR00001,Reboot Shortcut,13515,12/05/2020, 08:11:04,71
RBTR00001,Reboot Shortcut,13515,12/05/2020, 09:10:20,71
RBTR00001,Reboot Shortcut,13516,12/05/2020, 10:10:40,71
RBTR00001,Reboot Shortcut,13517,12/05/2020, 11:09:22,71
RBTR00001,Reboot Shortcut,13517,12/05/2020, 12:12:22,71
RBTR00001,Reboot Shortcut,13517,12/05/2020, 13:09:20,71
RBTR00001,Reboot Shortcut,13517,12/05/2020, 14:10:47,71
RBTR00001,Reboot Shortcut,13517,12/05/2020, 15:09:09,71
RBTR00001,Reboot Shortcut,13517,12/05/2020, 16:13:42,71
RBTR00001,Reboot Shortcut,13517,12/05/2020, 17:10:05,71
RBTR00001,Reboot Shortcut,13517,12/05/2020, 18:09:40,71
RBTR00001,Reboot Shortcut,13518,12/05/2020, 19:07:55,71
RBTR00001,Reboot Shortcut,13519,12/05/2020, 20:09:03,71
RBTR00001,Reboot Shortcut,13519,12/05/2020, 21:08:18,71
RBTR00001,Reboot Shortcut,13519,12/05/2020, 22:11:31,71
RBTR00001,Reboot Shortcut,13519,12/05/2020, 23:09:45,71
RBTR00001,Reboot Shortcut,13519,12/06/2020, 00:26:43,71
RBTR00001,Reboot Shortcut,13519,12/06/2020, 01:32:59,71
RBTR00001,Reboot Shortcut,13519,12/06/2020, 02:13:36,71
RBTR00001,Reboot Shortcut,13519,12/06/2020, 03:12:00,71
RBTR00001,Reboot Shortcut,13519,12/06/2020, 04:12:03,71
RBTR00001,Reboot Shortcut,13519,12/06/2020, 05:09:44,71
RBTR00001,Reboot Shortcut,13519,12/06/2020, 06:11:39,71
RBTR00001,Reboot Shortcut,13519,12/06/2020, 07:09:53,71
RBTR00001,Reboot Shortcut,13519,12/06/2020, 08:11:27,71
RBTR00001,Reboot Shortcut,13519,12/06/2020, 09:10:08,71
RBTR00001,Reboot Shortcut,13519,12/06/2020, 10:10:59,71
RBTR00001,Reboot Shortcut,13519,12/06/2020, 11:09:16,71
RBTR00001,Reboot Shortcut,13519,12/06/2020, 12:12:32,71
RBTR00001,Reboot Shortcut,13520,12/06/2020, 13:09:14,71
RBTR00001,Reboot Shortcut,13520,12/06/2020, 14:10:36,71
RBTR00001,Reboot Shortcut,13520,12/06/2020, 15:09:18,71
RBTR00001,Reboot Shortcut,13520,12/06/2020, 16:14:11,71
RBTR00001,Reboot Shortcut,13521,12/06/2020, 17:11:27,71
RBTR00001,Reboot Shortcut,13521,12/06/2020, 18:10:11,71
RBTR00001,Reboot Shortcut,13522,12/06/2020, 19:08:14,71
RBTR00001,Reboot Shortcut,13523,12/06/2020, 20:09:30,71
RBTR00001,Reboot Shortcut,13523,12/06/2020, 21:08:41,71
RBTR00001,Reboot Shortcut,13524,12/06/2020, 22:11:31,71
RBTR00001,Reboot Shortcut,13524,12/06/2020, 23:10:16,71
RBTR00001,Reboot Shortcut,13526,12/07/2020, 00:26:14,71
RBTR00001,Reboot Shortcut,13526,12/07/2020, 01:32:51,71
RBTR00001,Reboot Shortcut,13526,12/07/2020, 02:14:18,71
RBTR00001,Reboot Shortcut,13526,12/07/2020, 03:10:27,71
RBTR00001,Reboot Shortcut,13526,12/07/2020, 04:12:39,71
RBTR00001,Reboot Shortcut,13526,12/07/2020, 05:10:08,71
RBTR00001,Reboot Shortcut,13526,12/07/2020, 06:11:57,71
RBTR00001,Reboot Shortcut,13526,12/07/2020, 07:10:20,71
RBTR00001,Reboot Shortcut,13526,12/07/2020, 08:11:52,71
RBTR00001,Reboot Shortcut,13526,12/07/2020, 09:10:17,71
RBTR00001,Reboot Shortcut,13526,12/07/2020, 10:10:57,71
RBTR00001,Reboot Shortcut,13526,12/07/2020, 11:09:45,71
RBTR00001,Reboot Shortcut,13526,12/07/2020, 12:13:16,71
RBTR00001,Reboot Shortcut,13526,12/07/2020, 13:09:37,71
RBTR00001,Reboot Shortcut,13526,12/07/2020, 14:11:05,71
RBTR00001,Reboot Shortcut,13526,12/07/2020, 15:10:28,71
RBTR00001,Reboot Shortcut,13526,12/07/2020, 16:14:54,71
RBTR00001,Reboot Shortcut,13526,12/07/2020, 17:13:17,71
RBTR00001,Reboot Shortcut,13526,12/07/2020, 18:10:24,71
RBTR00001,Reboot Shortcut,13527,12/07/2020, 19:09:17,71
RBTR00001,Reboot Shortcut,13527,12/07/2020, 20:09:40,71
RBTR00001,Reboot Shortcut,13527,12/07/2020, 21:09:04,71
RBTR00001,Reboot Shortcut,13527,12/07/2020, 22:11:41,71
RBTR00001,Reboot Shortcut,13529,12/07/2020, 23:10:23,71
RBTR00001,Reboot Shortcut,13529,12/08/2020, 00:25:54,71
RBTR00001,Reboot Shortcut,13529,12/08/2020, 01:32:49,71
RBTR00001,Reboot Shortcut,13529,12/08/2020, 02:14:53,71
RBTR00001,Reboot Shortcut,13530,12/08/2020, 03:10:55,71
RBTR00001,Reboot Shortcut,13530,12/08/2020, 04:12:20,71
RBTR00001,Reboot Shortcut,13530,12/08/2020, 05:10:15,71
RBTR00001,Reboot Shortcut,13530,12/08/2020, 06:11:56,71
RBTR00001,Reboot Shortcut,13530,12/08/2020, 07:10:29,71
RBTR00001,Reboot Shortcut,13530,12/08/2020, 08:12:10,71
RBTR00001,Reboot Shortcut,13530,12/08/2020, 09:10:35,71
RBTR00001,Reboot Shortcut,13531,12/08/2020, 10:11:07,71
RBTR00001,Reboot Shortcut,13531,12/08/2020, 11:10:04,71
RBTR00001,Reboot Shortcut,13531,12/08/2020, 12:13:30,71
RBTR00001,Reboot Shortcut,13532,12/08/2020, 13:09:54,71
RBTR00001,Reboot Shortcut,13532,12/08/2020, 14:11:21,71
RBTR00001,Reboot Shortcut,13532,12/08/2020, 15:09:49,71
RBTR00001,Reboot Shortcut,13532,12/08/2020, 16:15:01,71
RBTR00001,Reboot Shortcut,13533,12/08/2020, 17:13:46,71
RBTR00001,Reboot Shortcut,13534,12/08/2020, 18:10:25,71
RBTR00001,Reboot Shortcut,13534,12/08/2020, 19:08:53,71
RBTR00001,Reboot Shortcut,13534,12/08/2020, 20:09:41,71
RBTR00001,Reboot Shortcut,13534,12/08/2020, 21:09:08,71
RBTR00001,Reboot Shortcut,13535,12/08/2020, 22:11:57,71
RBTR00001,Reboot Shortcut,13535,12/08/2020, 23:10:26,71
RBTR00001,Reboot Shortcut,13535,12/09/2020, 00:26:22,71
RBTR00001,Reboot Shortcut,13535,12/09/2020, 01:33:54,71
RBTR00001,Reboot Shortcut,13535,12/09/2020, 02:15:43,71
RBTR00001,Reboot Shortcut,13535,12/09/2020, 03:10:39,71
RBTR00001,Reboot Shortcut,13536,12/09/2020, 04:12:34,71
RBTR00001,Reboot Shortcut,13536,12/09/2020, 05:10:06,71
RBTR00001,Reboot Shortcut,13536,12/09/2020, 06:11:55,71
RBTR00001,Reboot Shortcut,13536,12/09/2020, 07:10:27,71
RBTR00001,Reboot Shortcut,13536,12/09/2020, 08:11:59,71
RBTR00001,Reboot Shortcut,13537,12/09/2020, 09:11:20,71
RBTR00001,Reboot Shortcut,13537,12/09/2020, 10:11:16,71
RBTR00001,Reboot Shortcut,13537,12/09/2020, 11:10:19,71
RBTR00001,Reboot Shortcut,13537,12/09/2020, 12:13:28,71
RBTR00001,Reboot Shortcut,13537,12/09/2020, 13:10:28,71
RBTR00001,Reboot Shortcut,13538,12/09/2020, 14:11:22,71
RBTR00001,Reboot Shortcut,13538,12/09/2020, 15:10:20,71
RBTR00001,Reboot Shortcut,13538,12/09/2020, 16:14:44,71
RBTR00001,Reboot Shortcut,13538,12/09/2020, 17:10:39,71
RBTR00001,Reboot Shortcut,13538,12/09/2020, 18:10:28,71
RBTR00001,Reboot Shortcut,13538,12/09/2020, 19:08:58,71
RBTR00001,Reboot Shortcut,13538,12/09/2020, 20:09:58,71
RBTR00001,Reboot Shortcut,13538,12/09/2020, 21:09:08,71
RBTR00001,Reboot Shortcut,13538,12/09/2020, 22:11:49,71
RBTR00001,Reboot Shortcut,13539,12/09/2020, 23:10:06,71
RBTR00001,Reboot Shortcut,13539,12/10/2020, 00:26:33,71
RBTR00001,Reboot Shortcut,13539,12/10/2020, 01:36:37,71
RBTR00001,Reboot Shortcut,13539,12/10/2020, 02:18:31,71
RBTR00001,Reboot Shortcut,13539,12/10/2020, 03:10:35,71
RBTR00001,Reboot Shortcut,13539,12/10/2020, 04:12:32,71
RBTR00001,Reboot Shortcut,13539,12/10/2020, 05:09:58,71
RBTR00001,Reboot Shortcut,13540,12/10/2020, 06:11:58,71
RBTR00001,Reboot Shortcut,13540,12/10/2020, 07:10:31,71
RBTR00001,Reboot Shortcut,13540,12/10/2020, 08:11:45,71
RBTR00001,Reboot Shortcut,13540,12/10/2020, 09:10:43,71
RBTR00001,Reboot Shortcut,13540,12/10/2020, 10:11:36,71
RBTR00001,Reboot Shortcut,13540,12/10/2020, 11:10:11,71
RBTR00001,Reboot Shortcut,13540,12/10/2020, 12:13:39,71
RBTR00001,Reboot Shortcut,13540,12/10/2020, 13:09:32,71
RBTR00001,Reboot Shortcut,13540,12/10/2020, 14:11:25,71
RBTR00001,Reboot Shortcut,13541,12/10/2020, 15:10:24,71
RBTR00001,Reboot Shortcut,13541,12/10/2020, 16:14:40,71
RBTR00001,Reboot Shortcut,13541,12/10/2020, 17:16:37,71
RBTR00001,Reboot Shortcut,13542,12/10/2020, 18:10:23,71
RBTR00001,Reboot Shortcut,13543,12/10/2020, 19:08:57,71
RBTR00001,Reboot Shortcut,13543,12/10/2020, 20:10:08,71
RBTR00001,Reboot Shortcut,13543,12/10/2020, 21:08:59,71
RBTR00001,Reboot Shortcut,13544,12/10/2020, 22:12:31,71
RBTR00001,Reboot Shortcut,13544,12/10/2020, 23:10:25,71
RBTR00001,Reboot Shortcut,13544,12/11/2020, 00:26:50,71
RBTR00001,Reboot Shortcut,13546,12/11/2020, 01:37:18,71
RBTR00001,Reboot Shortcut,13546,12/11/2020, 02:18:36,71
RBTR00001,Reboot Shortcut,13546,12/11/2020, 03:10:45,71
RBTR00001,Reboot Shortcut,13546,12/11/2020, 04:12:37,71
RBTR00001,Reboot Shortcut,13546,12/11/2020, 05:10:14,71
RBTR00001,Reboot Shortcut,13546,12/11/2020, 06:11:41,71
RBTR00001,Reboot Shortcut,13546,12/11/2020, 07:10:06,71
RBTR00001,Reboot Shortcut,13546,12/11/2020, 08:12:47,71
RBTR00001,Reboot Shortcut,13547,12/11/2020, 09:10:29,71
RBTR00001,Reboot Shortcut,13547,12/11/2020, 10:11:55,71
RBTR00001,Reboot Shortcut,13547,12/11/2020, 11:10:19,71
RBTR00001,Reboot Shortcut,13547,12/11/2020, 12:13:40,71
RBTR00001,Reboot Shortcut,13547,12/11/2020, 13:09:51,71
RBTR00001,Reboot Shortcut,13547,12/11/2020, 14:11:36,71
RBTR00001,Reboot Shortcut,13547,12/11/2020, 15:10:22,71
RBTR00001,Reboot Shortcut,13547,12/11/2020, 16:14:48,71
RBTR00001,Reboot Shortcut,13547,12/11/2020, 17:17:03,71
RBTR00001,Reboot Shortcut,13548,12/11/2020, 18:10:23,71
RBTR00001,Reboot Shortcut,13548,12/11/2020, 19:08:35,71
RBTR00001,Reboot Shortcut,13548,12/11/2020, 20:10:23,71
RBTR00001,Reboot Shortcut,13549,12/11/2020, 21:09:12,71
RBTR00001,Reboot Shortcut,13549,12/11/2020, 22:11:44,71
RBTR00001,Reboot Shortcut,13549,12/11/2020, 23:10:34,71
RBTR00001,Reboot Shortcut,13549,12/12/2020, 00:26:46,71
RBTR00001,Reboot Shortcut,13549,12/12/2020, 01:37:33,71
RBTR00001,Reboot Shortcut,13549,12/12/2020, 02:18:23,71
RBTR00001,Reboot Shortcut,13549,12/12/2020, 03:11:04,71
RBTR00001,Reboot Shortcut,13549,12/12/2020, 04:12:53,71
RBTR00001,Reboot Shortcut,13549,12/12/2020, 05:09:51,71
RBTR00001,Reboot Shortcut,13549,12/12/2020, 06:11:54,71
RBTR00001,Reboot Shortcut,13549,12/12/2020, 07:10:22,71
RBTR00001,Reboot Shortcut,13549,12/12/2020, 08:12:11,71
RBTR00001,Reboot Shortcut,13550,12/12/2020, 09:11:22,71
RBTR00001,Reboot Shortcut,13550,12/12/2020, 10:11:42,71
RBTR00001,Reboot Shortcut,13550,12/12/2020, 11:10:27,71
RBTR00001,Reboot Shortcut,13550,12/12/2020, 12:13:19,71
RBTR00001,Reboot Shortcut,13550,12/12/2020, 13:09:29,71
RBTR00001,Reboot Shortcut,13550,12/12/2020, 14:11:09,71
RBTR00001,Reboot Shortcut,13550,12/12/2020, 15:10:01,71
RBTR00001,Reboot Shortcut,13550,12/12/2020, 16:15:01,71
RBTR00001,Reboot Shortcut,13550,12/12/2020, 17:16:55,71
RBTR00001,Reboot Shortcut,13550,12/12/2020, 18:10:34,71
RBTR00001,Reboot Shortcut,13550,12/12/2020, 19:08:43,71
RBTR00001,Reboot Shortcut,13551,12/12/2020, 20:10:09,71
RBTR00001,Reboot Shortcut,13551,12/12/2020, 21:08:40,71
RBTR00001,Reboot Shortcut,13551,12/12/2020, 22:11:55,71
RBTR00001,Reboot Shortcut,13551,12/12/2020, 23:10:15,71
RBTR00001,Reboot Shortcut,13551,12/13/2020, 00:28:14,71
RBTR00001,Reboot Shortcut,13551,12/13/2020, 01:41:34,71
RBTR00001,Reboot Shortcut,13551,12/13/2020, 02:18:53,71
RBTR00001,Reboot Shortcut,13551,12/13/2020, 03:11:24,71
RBTR00001,Reboot Shortcut,13551,12/13/2020, 04:12:35,71
RBTR00001,Reboot Shortcut,13551,12/13/2020, 05:10:52,71
RBTR00001,Reboot Shortcut,13551,12/13/2020, 06:11:54,71
RBTR00001,Reboot Shortcut,13551,12/13/2020, 07:10:03,71
RBTR00001,Reboot Shortcut,13551,12/13/2020, 08:12:04,71
RBTR00001,Reboot Shortcut,13551,12/13/2020, 09:10:35,71
RBTR00001,Reboot Shortcut,13551,12/13/2020, 10:11:45,71
RBTR00001,Reboot Shortcut,13551,12/13/2020, 11:10:37,71
RBTR00001,Reboot Shortcut,13551,12/13/2020, 12:13:22,71
RBTR00001,Reboot Shortcut,13552,12/13/2020, 13:09:50,71
RBTR00001,Reboot Shortcut,13552,12/13/2020, 14:11:26,71
RBTR00001,Reboot Shortcut,13552,12/13/2020, 15:10:05,71
RBTR00001,Reboot Shortcut,13552,12/13/2020, 16:15:02,71
RBTR00001,Reboot Shortcut,13552,12/13/2020, 17:18:33,71
RBTR00001,Reboot Shortcut,13552,12/13/2020, 18:10:15,71
RBTR00001,Reboot Shortcut,13552,12/13/2020, 19:08:24,71
RBTR00001,Reboot Shortcut,13552,12/13/2020, 20:10:07,71
RBTR00001,Reboot Shortcut,13553,12/13/2020, 21:09:18,71
RBTR00001,Reboot Shortcut,13553,12/13/2020, 22:11:40,71
RBTR00001,Reboot Shortcut,13553,12/13/2020, 23:10:28,71
RBTR00001,Reboot Shortcut,13553,12/14/2020, 00:27:29,71
RBTR00001,Reboot Shortcut,13553,12/14/2020, 01:41:30,71
RBTR00001,Reboot Shortcut,13554,12/14/2020, 02:20:19,71
RBTR00001,Reboot Shortcut,13554,12/14/2020, 03:10:56,71
RBTR00001,Reboot Shortcut,13554,12/14/2020, 04:12:49,71
RBTR00001,Reboot Shortcut,13554,12/14/2020, 05:10:02,71
RBTR00001,Reboot Shortcut,13554,12/14/2020, 06:12:18,71
RBTR00001,Reboot Shortcut,13554,12/14/2020, 07:10:18,71
RBTR00001,Reboot Shortcut,13554,12/14/2020, 08:12:59,71
RBTR00001,Reboot Shortcut,13555,12/14/2020, 09:10:55,71
RBTR00001,Reboot Shortcut,13555,12/14/2020, 10:12:02,71
RBTR00001,Reboot Shortcut,13555,12/14/2020, 11:10:24,71
RBTR00001,Reboot Shortcut,13555,12/14/2020, 12:14:07,71
RBTR00001,Reboot Shortcut,13555,12/14/2020, 13:11:59,71
RBTR00001,Reboot Shortcut,13555,12/14/2020, 14:11:56,71
RBTR00001,Reboot Shortcut,13555,12/14/2020, 15:10:53,71
RBTR00001,Reboot Shortcut,13555,12/14/2020, 16:12:48,71
RBTR00001,Reboot Shortcut,13555,12/14/2020, 17:18:41,71
RBTR00001,Reboot Shortcut,13555,12/14/2020, 18:09:18,71
RBTR00001,Reboot Shortcut,13555,12/14/2020, 19:08:38,71
RBTR00001,Reboot Shortcut,13555,12/14/2020, 20:10:26,71
RBTR00001,Reboot Shortcut,13556,12/14/2020, 21:09:19,71
RBTR00001,Reboot Shortcut,13556,12/14/2020, 22:12:03,71
RBTR00001,Reboot Shortcut,13556,12/14/2020, 23:10:45,71
RBTR00001,Reboot Shortcut,13556,12/15/2020, 09:11:04,71
RBTR00001,Reboot Shortcut,13557,12/15/2020, 10:11:37,71
RBTR00001,Reboot Shortcut,13557,12/15/2020, 11:10:21,71
RBTR00001,Reboot Shortcut,13557,12/15/2020, 12:14:06,71
RBTR00001,Reboot Shortcut,13557,12/15/2020, 13:11:58,71
RBTR00001,Reboot Shortcut,13557,12/15/2020, 14:11:59,71
RBTR00001,Reboot Shortcut,13557,12/15/2020, 15:10:52,71
RBTR00001,Reboot Shortcut,13557,12/15/2020, 16:15:29,71
RBTR00001,Reboot Shortcut,13557,12/15/2020, 17:22:03,71
RBTR00001,Reboot Shortcut,13557,12/15/2020, 18:10:36,71
RBTR00001,Reboot Shortcut,13557,12/15/2020, 19:08:33,71
RBTR00001,Reboot Shortcut,13557,12/15/2020, 20:10:21,71
RBTR00001,Reboot Shortcut,13558,12/15/2020, 21:09:27,71
RBTR00001,Reboot Shortcut,13558,12/15/2020, 22:11:29,71
RBTR00001,Reboot Shortcut,13558,12/15/2020, 23:10:47,71
RBTR00001,Reboot Shortcut,13558,12/16/2020, 00:27:00,71
RBTR00001,Reboot Shortcut,13558,12/16/2020, 01:42:14,71
RBTR00001,Reboot Shortcut,13558,12/16/2020, 02:21:54,71
RBTR00001,Reboot Shortcut,13558,12/16/2020, 03:10:42,71
RBTR00001,Reboot Shortcut,13558,12/16/2020, 04:12:54,71
RBTR00001,Reboot Shortcut,13559,12/16/2020, 05:10:11,71
RBTR00001,Reboot Shortcut,13559,12/16/2020, 06:12:24,71
RBTR00001,Reboot Shortcut,13559,12/16/2020, 07:10:38,71
RBTR00001,Reboot Shortcut,13559,12/16/2020, 08:12:33,71
RBTR00001,Reboot Shortcut,13559,12/16/2020, 09:10:49,71
RBTR00001,Reboot Shortcut,13560,12/16/2020, 10:11:42,71
RBTR00001,Reboot Shortcut,13560,12/16/2020, 11:10:24,71
RBTR00001,Reboot Shortcut,13560,12/16/2020, 12:14:10,71
RBTR00001,Reboot Shortcut,13560,12/16/2020, 13:12:25,71
RBTR00001,Reboot Shortcut,13560,12/16/2020, 14:12:03,71
RBTR00001,Reboot Shortcut,13560,12/16/2020, 15:10:56,71
RBTR00001,Reboot Shortcut,13560,12/16/2020, 16:15:58,71
RBTR00001,Reboot Shortcut,13560,12/16/2020, 17:32:49,71
RBTR00001,Reboot Shortcut,13560,12/16/2020, 18:10:16,71
RBTR00001,Reboot Shortcut,13560,12/16/2020, 19:09:14,71
RBTR00001,Reboot Shortcut,13560,12/16/2020, 20:10:39,71
RBTR00001,Reboot Shortcut,13560,12/16/2020, 21:09:58,71
RBTR00001,Reboot Shortcut,13560,12/16/2020, 22:12:49,71
RBTR00001,Reboot Shortcut,13560,12/16/2020, 23:12:18,71
RBTR00001,Reboot Shortcut,13560,12/17/2020, 00:29:18,71
RBTR00001,Reboot Shortcut,13560,12/17/2020, 01:44:25,71
RBTR00001,Reboot Shortcut,13560,12/17/2020, 02:22:29,71
RBTR00001,Reboot Shortcut,13560,12/17/2020, 03:10:46,71
RBTR00001,Reboot Shortcut,13560,12/17/2020, 04:12:51,71
RBTR00001,Reboot Shortcut,13560,12/17/2020, 05:10:15,71
RBTR00001,Reboot Shortcut,13560,12/17/2020, 06:12:34,71
RBTR00001,Reboot Shortcut,13560,12/17/2020, 07:11:31,71
RBTR00001,Reboot Shortcut,13560,12/17/2020, 08:12:50,71
RBTR00001,Reboot Shortcut,13560,12/17/2020, 09:10:52,71
RBTR00001,Reboot Shortcut,13561,12/17/2020, 10:11:55,71
RBTR00001,Reboot Shortcut,13562,12/17/2020, 11:10:25,71
RBTR00001,Reboot Shortcut,13562,12/17/2020, 12:14:57,71
RBTR00001,Reboot Shortcut,13562,12/17/2020, 13:14:19,71
RBTR00001,Reboot Shortcut,13562,12/17/2020, 14:12:30,71
RBTR00001,Reboot Shortcut,13562,12/17/2020, 15:10:57,71
RBTR00001,Reboot Shortcut,13562,12/17/2020, 16:18:19,71
RBTR00001,Reboot Shortcut,13562,12/17/2020, 17:27:37,71
RBTR00001,Reboot Shortcut,13562,12/17/2020, 18:11:59,71
RBTR00001,Reboot Shortcut,13562,12/17/2020, 19:09:55,71
RBTR00001,Reboot Shortcut,13562,12/17/2020, 20:10:46,71
RBTR00001,Reboot Shortcut,13562,12/17/2020, 21:10:03,71
RBTR00001,Reboot Shortcut,13562,12/17/2020, 22:12:59,71
RBTR00001,Reboot Shortcut,13562,12/17/2020, 23:11:58,71
RBTR00001,Reboot Shortcut,13562,12/18/2020, 00:28:37,71
RBTR00001,Reboot Shortcut,13562,12/18/2020, 01:46:25,71
RBTR00001,Reboot Shortcut,13562,12/18/2020, 02:25:47,71
RBTR00001,Reboot Shortcut,13562,12/18/2020, 03:13:41,71
RBTR00001,Reboot Shortcut,13562,12/18/2020, 04:14:34,71
RBTR00001,Reboot Shortcut,13562,12/18/2020, 05:14:01,71
RBTR00001,Reboot Shortcut,13562,12/18/2020, 06:13:19,71
RBTR00001,Reboot Shortcut,13562,12/18/2020, 07:14:07,71
RBTR00001,Reboot Shortcut,13562,12/18/2020, 08:13:45,71
RBTR00001,Reboot Shortcut,13562,12/18/2020, 09:13:22,71
RBTR00001,Reboot Shortcut,13562,12/18/2020, 10:14:05,71
RBTR00001,Reboot Shortcut,13562,12/18/2020, 11:12:25,71
RBTR00001,Reboot Shortcut,13563,12/18/2020, 12:15:14,71
RBTR00001,Reboot Shortcut,13563,12/18/2020, 13:18:05,71
RBTR00001,Reboot Shortcut,13563,12/18/2020, 14:13:48,71
RBTR00001,Reboot Shortcut,13563,12/18/2020, 15:12:31,71
RBTR00001,Reboot Shortcut,13563,12/18/2020, 16:20:44,71
RBTR00001,Reboot Shortcut,13563,12/18/2020, 17:31:52,71
RBTR00001,Reboot Shortcut,13563,12/18/2020, 18:18:19,71
RBTR00001,Reboot Shortcut,13563,12/18/2020, 19:15:07,71
RBTR00001,Reboot Shortcut,13563,12/18/2020, 20:11:21,71
RBTR00001,Reboot Shortcut,13563,12/18/2020, 21:09:52,71
RBTR00001,Reboot Shortcut,13563,12/18/2020, 22:12:57,71
RBTR00001,Reboot Shortcut,13564,12/18/2020, 23:12:00,71
RBTR00001,Reboot Shortcut,13565,12/19/2020, 00:28:39,71
RBTR00001,Reboot Shortcut,13565,12/19/2020, 01:45:51,71
RBTR00001,Reboot Shortcut,13565,12/19/2020, 02:25:12,71
RBTR00001,Reboot Shortcut,13565,12/19/2020, 03:13:15,71
RBTR00001,Reboot Shortcut,13565,12/19/2020, 04:14:00,71
RBTR00001,Reboot Shortcut,13565,12/19/2020, 05:13:10,71
RBTR00001,Reboot Shortcut,13565,12/19/2020, 06:13:08,71
RBTR00001,Reboot Shortcut,13565,12/19/2020, 07:13:45,71
RBTR00001,Reboot Shortcut,13565,12/19/2020, 08:13:08,71
RBTR00001,Reboot Shortcut,13565,12/19/2020, 09:12:18,71
RBTR00001,Reboot Shortcut,13565,12/19/2020, 10:13:33,71
RBTR00001,Reboot Shortcut,13565,12/19/2020, 11:11:41,71
RBTR00001,Reboot Shortcut,13565,12/19/2020, 12:14:47,71
RBTR00001,Reboot Shortcut,13565,12/19/2020, 13:16:26,71
RBTR00001,Reboot Shortcut,13565,12/19/2020, 14:12:43,71
RBTR00001,Reboot Shortcut,13567,12/19/2020, 15:11:03,71
RBTR00001,Reboot Shortcut,13567,12/19/2020, 16:20:02,71
RBTR00001,Reboot Shortcut,13568,12/19/2020, 17:30:32,71
RBTR00001,Reboot Shortcut,13568,12/19/2020, 18:14:52,71
RBTR00001,Reboot Shortcut,13568,12/19/2020, 19:10:41,71
RBTR00001,Reboot Shortcut,13568,12/19/2020, 20:11:27,71
RBTR00001,Reboot Shortcut,13568,12/19/2020, 21:09:26,71
RBTR00001,Reboot Shortcut,13568,12/19/2020, 22:12:45,71
RBTR00001,Reboot Shortcut,13568,12/19/2020, 23:10:28,71
RBTR00001,Reboot Shortcut,13568,12/20/2020, 00:28:52,71
RBTR00001,Reboot Shortcut,13568,12/20/2020, 01:47:26,71
RBTR00001,Reboot Shortcut,13569,12/20/2020, 02:24:43,71
RBTR00001,Reboot Shortcut,13569,12/20/2020, 03:11:43,71
RBTR00001,Reboot Shortcut,13569,12/20/2020, 04:12:48,71
RBTR00001,Reboot Shortcut,13569,12/20/2020, 05:10:29,71
RBTR00001,Reboot Shortcut,13571,12/20/2020, 06:12:46,71
RBTR00001,Reboot Shortcut,13571,12/20/2020, 07:11:29,71
RBTR00001,Reboot Shortcut,13571,12/20/2020, 08:13:11,71
RBTR00001,Reboot Shortcut,13571,12/20/2020, 09:11:13,71
RBTR00001,Reboot Shortcut,13571,12/20/2020, 10:12:11,71
RBTR00001,Reboot Shortcut,13571,12/20/2020, 11:10:56,71
RBTR00001,Reboot Shortcut,13571,12/20/2020, 12:15:03,71
RBTR00001,Reboot Shortcut,13571,12/20/2020, 13:15:36,71
RBTR00001,Reboot Shortcut,13571,12/20/2020, 14:12:24,71
RBTR00001,Reboot Shortcut,13571,12/20/2020, 15:10:46,71
RBTR00001,Reboot Shortcut,13572,12/20/2020, 16:19:12,71
RBTR00001,Reboot Shortcut,13572,12/20/2020, 17:30:12,71
RBTR00001,Reboot Shortcut,13572,12/20/2020, 18:15:13,71
RBTR00001,Reboot Shortcut,13572,12/20/2020, 19:12:13,71
RBTR00001,Reboot Shortcut,13572,12/20/2020, 20:11:27,71
RBTR00001,Reboot Shortcut,13572,12/20/2020, 21:10:08,71
RBTR00001,Reboot Shortcut,13573,12/20/2020, 22:13:26,71
RBTR00001,Reboot Shortcut,13574,12/20/2020, 23:14:12,71
RBTR00001,Reboot Shortcut,13574,12/21/2020, 00:31:01,71
RBTR00001,Reboot Shortcut,13575,12/21/2020, 01:51:35,71
RBTR00001,Reboot Shortcut,13575,12/21/2020, 02:30:21,71
RBTR00001,Reboot Shortcut,13575,12/21/2020, 03:16:49,71
RBTR00001,Reboot Shortcut,13575,12/21/2020, 04:16:09,71
RBTR00001,Reboot Shortcut,13576,12/21/2020, 05:14:49,71
RBTR00001,Reboot Shortcut,13576,12/21/2020, 06:13:21,71
RBTR00001,Reboot Shortcut,13576,12/21/2020, 07:15:33,71
RBTR00001,Reboot Shortcut,13578,12/21/2020, 08:14:10,71
RBTR00001,Reboot Shortcut,13578,12/21/2020, 09:14:51,71
RBTR00001,Reboot Shortcut,13578,12/21/2020, 10:14:35,71
RBTR00001,Reboot Shortcut,13579,12/21/2020, 11:12:46,71
RBTR00001,Reboot Shortcut,13579,12/21/2020, 12:15:28,71
RBTR00001,Reboot Shortcut,13579,12/21/2020, 13:19:57,71
RBTR00001,Reboot Shortcut,13579,12/21/2020, 14:13:26,71
RBTR00001,Reboot Shortcut,13579,12/21/2020, 15:12:17,71
RBTR00001,Reboot Shortcut,13579,12/21/2020, 16:20:44,71
RBTR00001,Reboot Shortcut,13579,12/21/2020, 17:33:45,71
RBTR00001,Reboot Shortcut,13579,12/21/2020, 18:18:52,71
RBTR00001,Reboot Shortcut,13579,12/21/2020, 19:15:54,71
RBTR00001,Reboot Shortcut,13579,12/21/2020, 20:11:57,71
RBTR00001,Reboot Shortcut,13579,12/21/2020, 21:11:18,71
RBTR00001,Reboot Shortcut,13579,12/21/2020, 22:15:16,71
RBTR00001,Reboot Shortcut,13579,12/21/2020, 23:17:27,71
RBTR00001,Reboot Shortcut,13579,12/22/2020, 00:32:20,71
RBTR00001,Reboot Shortcut,13579,12/22/2020, 01:54:09,71
RBTR00001,Reboot Shortcut,13579,12/22/2020, 02:34:27,71
RBTR00001,Reboot Shortcut,13579,12/22/2020, 03:20:05,71
RBTR00001,Reboot Shortcut,13580,12/22/2020, 04:19:38,71
RBTR00001,Reboot Shortcut,13580,12/22/2020, 05:18:09,71
RBTR00001,Reboot Shortcut,13580,12/22/2020, 06:15:27,71
RBTR00001,Reboot Shortcut,13580,12/22/2020, 07:20:18,71
RBTR00001,Reboot Shortcut,13580,12/22/2020, 08:16:17,71
RBTR00001,Reboot Shortcut,13580,12/22/2020, 09:18:39,71
RBTR00001,Reboot Shortcut,13580,12/22/2020, 10:18:21,71
RBTR00001,Reboot Shortcut,13580,12/22/2020, 11:15:39,71
RBTR00001,Reboot Shortcut,13580,12/22/2020, 12:17:59,71
RBTR00001,Reboot Shortcut,13580,12/22/2020, 13:25:11,71
RBTR00001,Reboot Shortcut,13580,12/22/2020, 14:15:22,71
RBTR00001,Reboot Shortcut,13581,12/22/2020, 15:13:56,71
RBTR00001,Reboot Shortcut,13581,12/22/2020, 16:25:08,71
RBTR00001,Reboot Shortcut,13581,12/22/2020, 17:38:19,71
RBTR00001,Reboot Shortcut,13581,12/22/2020, 18:23:14,71
RBTR00001,Reboot Shortcut,13582,12/22/2020, 19:19:27,71
RBTR00001,Reboot Shortcut,13582,12/22/2020, 20:12:55,71
RBTR00001,Reboot Shortcut,13582,12/22/2020, 21:12:09,71
RBTR00001,Reboot Shortcut,13582,12/22/2020, 22:16:33,71
RBTR00001,Reboot Shortcut,13583,12/22/2020, 23:18:59,71
RBTR00001,Reboot Shortcut,13585,12/23/2020, 00:34:09,71
RBTR00001,Reboot Shortcut,13586,12/23/2020, 01:57:55,71
RBTR00001,Reboot Shortcut,13586,12/23/2020, 02:44:22,71
RBTR00001,Reboot Shortcut,13586,12/23/2020, 03:21:24,71
RBTR00001,Reboot Shortcut,13586,12/23/2020, 04:21:07,71
RBTR00001,Reboot Shortcut,13586,12/23/2020, 05:20:48,71
RBTR00001,Reboot Shortcut,13586,12/23/2020, 06:15:32,71
RBTR00001,Reboot Shortcut,13586,12/23/2020, 07:22:04,71
RBTR00001,Reboot Shortcut,13586,12/23/2020, 08:17:01,71
RBTR00001,Reboot Shortcut,13586,12/23/2020, 09:19:36,71
RBTR00001,Reboot Shortcut,13586,12/23/2020, 10:19:30,71
RBTR00001,Reboot Shortcut,13586,12/23/2020, 11:16:06,71
RBTR00001,Reboot Shortcut,13586,12/23/2020, 12:17:46,71
RBTR00001,Reboot Shortcut,13586,12/23/2020, 13:25:29,71
RBTR00001,Reboot Shortcut,13586,12/23/2020, 14:15:18,71
RBTR00001,Reboot Shortcut,13586,12/23/2020, 15:14:17,71
RBTR00001,Reboot Shortcut,13587,12/23/2020, 16:26:38,71
RBTR00001,Reboot Shortcut,13587,12/23/2020, 17:41:39,71
RBTR00001,Reboot Shortcut,13587,12/23/2020, 18:28:29,71
RBTR00001,Reboot Shortcut,13587,12/23/2020, 19:23:40,71
RBTR00001,Reboot Shortcut,13587,12/23/2020, 20:13:49,71
RBTR00001,Reboot Shortcut,13587,12/23/2020, 21:12:42,71
RBTR00001,Reboot Shortcut,13587,12/23/2020, 22:17:16,71
RBTR00001,Reboot Shortcut,13587,12/23/2020, 23:20:12,71
RBTR00001,Reboot Shortcut,13587,12/24/2020, 00:37:06,71
RBTR00001,Reboot Shortcut,13587,12/24/2020, 02:02:31,71
RBTR00001,Reboot Shortcut,13587,12/24/2020, 03:23:39,71
RBTR00001,Reboot Shortcut,13587,12/24/2020, 04:23:16,71
RBTR00001,Reboot Shortcut,13587,12/24/2020, 05:22:21,71
RBTR00001,Reboot Shortcut,13587,12/24/2020, 06:16:50,71
RBTR00001,Reboot Shortcut,13587,12/24/2020, 07:22:35,71
RBTR00001,Reboot Shortcut,13588,12/24/2020, 08:17:25,71
RBTR00001,Reboot Shortcut,13588,12/24/2020, 09:20:00,71
RBTR00001,Reboot Shortcut,13589,12/24/2020, 10:19:55,71
RBTR00001,Reboot Shortcut,13589,12/24/2020, 11:16:36,71
RBTR00001,Reboot Shortcut,13589,12/24/2020, 12:17:45,71
RBTR00001,Reboot Shortcut,13589,12/24/2020, 13:25:48,71
RBTR00001,Reboot Shortcut,13589,12/24/2020, 14:15:23,71
RBTR00001,Reboot Shortcut,13589,12/24/2020, 15:14:12,71
RBTR00001,Reboot Shortcut,13590,12/24/2020, 16:27:12,71
RBTR00001,Reboot Shortcut,13590,12/24/2020, 17:43:06,71
RBTR00001,Reboot Shortcut,13590,12/24/2020, 18:29:39,71
RBTR00001,Reboot Shortcut,13592,12/24/2020, 19:25:12,71
RBTR00001,Reboot Shortcut,13593,12/24/2020, 20:14:01,71
RBTR00001,Reboot Shortcut,13593,12/24/2020, 21:12:33,71
RBTR00001,Reboot Shortcut,13593,12/24/2020, 22:15:54,71
RBTR00001,Reboot Shortcut,13593,12/24/2020, 23:18:43,71
RBTR00001,Reboot Shortcut,13593,12/25/2020, 00:34:27,71
RBTR00001,Reboot Shortcut,13593,12/25/2020, 01:58:59,71
RBTR00001,Reboot Shortcut,13593,12/25/2020, 02:44:31,71
RBTR00001,Reboot Shortcut,13593,12/25/2020, 03:19:49,71
RBTR00001,Reboot Shortcut,13593,12/25/2020, 04:18:34,71
RBTR00001,Reboot Shortcut,13593,12/25/2020, 05:18:00,71
RBTR00001,Reboot Shortcut,13594,12/25/2020, 06:13:33,71
RBTR00001,Reboot Shortcut,13594,12/25/2020, 07:17:59,71
RBTR00001,Reboot Shortcut,13594,12/25/2020, 08:14:37,71
RBTR00001,Reboot Shortcut,13594,12/25/2020, 09:16:49,71
RBTR00001,Reboot Shortcut,13595,12/25/2020, 10:16:32,71
RBTR00001,Reboot Shortcut,13595,12/25/2020, 11:13:19,71
RBTR00001,Reboot Shortcut,13595,12/25/2020, 12:15:36,71
RBTR00001,Reboot Shortcut,13595,12/25/2020, 13:21:47,71
RBTR00001,Reboot Shortcut,13596,12/25/2020, 14:12:35,71
RBTR00001,Reboot Shortcut,13596,12/25/2020, 15:11:44,71
RBTR00001,Reboot Shortcut,13596,12/25/2020, 16:22:31,71
RBTR00001,Reboot Shortcut,13596,12/25/2020, 17:39:07,71
RBTR00001,Reboot Shortcut,13596,12/25/2020, 18:24:15,71
RBTR00001,Reboot Shortcut,13596,12/25/2020, 19:20:20,71
RBTR00001,Reboot Shortcut,13596,12/25/2020, 20:11:13,71
RBTR00001,Reboot Shortcut,13597,12/25/2020, 21:10:19,71
RBTR00001,Reboot Shortcut,13599,12/25/2020, 22:14:44,71
RBTR00001,Reboot Shortcut,13599,12/25/2020, 23:17:53,71
RBTR00001,Reboot Shortcut,13599,12/26/2020, 00:33:18,71
RBTR00001,Reboot Shortcut,13601,12/26/2020, 01:57:56,71
RBTR00001,Reboot Shortcut,13601,12/26/2020, 02:43:07,71
RBTR00001,Reboot Shortcut,13601,12/26/2020, 03:19:41,71
RBTR00001,Reboot Shortcut,13601,12/26/2020, 04:18:43,71
RBTR00001,Reboot Shortcut,13603,12/26/2020, 05:18:12,71
RBTR00001,Reboot Shortcut,13603,12/26/2020, 06:13:24,71
RBTR00001,Reboot Shortcut,13604,12/26/2020, 07:18:13,71
RBTR00001,Reboot Shortcut,13604,12/26/2020, 08:14:08,71
RBTR00001,Reboot Shortcut,13604,12/26/2020, 09:16:32,71
RBTR00001,Reboot Shortcut,13604,12/26/2020, 10:16:23,71
RBTR00001,Reboot Shortcut,13604,12/26/2020, 11:13:23,71
RBTR00001,Reboot Shortcut,13604,12/26/2020, 12:15:31,71
RBTR00001,Reboot Shortcut,13605,12/26/2020, 13:21:26,71
RBTR00001,Reboot Shortcut,13605,12/26/2020, 14:12:20,71
RBTR00001,Reboot Shortcut,13606,12/26/2020, 15:11:01,71
RBTR00001,Reboot Shortcut,13606,12/26/2020, 16:21:51,71
RBTR00001,Reboot Shortcut,13606,12/26/2020, 17:39:25,71
RBTR00001,Reboot Shortcut,13606,12/26/2020, 18:24:32,71
RBTR00001,Reboot Shortcut,13606,12/26/2020, 19:20:18,71
RBTR00001,Reboot Shortcut,13606,12/26/2020, 20:10:55,71
RBTR00001,Reboot Shortcut,13606,12/26/2020, 21:10:15,71
RBTR00001,Reboot Shortcut,13606,12/26/2020, 22:14:47,71
RBTR00001,Reboot Shortcut,13606,12/26/2020, 23:18:08,71
RBTR00001,Reboot Shortcut,13606,12/27/2020, 00:35:18,71
RBTR00001,Reboot Shortcut,13606,12/27/2020, 02:03:18,71
RBTR00001,Reboot Shortcut,13606,12/27/2020, 03:20:31,71
RBTR00001,Reboot Shortcut,13607,12/27/2020, 04:19:46,71
RBTR00001,Reboot Shortcut,13607,12/27/2020, 05:19:01,71
RBTR00001,Reboot Shortcut,13608,12/27/2020, 06:13:16,71
RBTR00001,Reboot Shortcut,13608,12/27/2020, 07:18:38,71
RBTR00001,Reboot Shortcut,13608,12/27/2020, 08:14:32,71
RBTR00001,Reboot Shortcut,13608,12/27/2020, 09:16:56,71
RBTR00001,Reboot Shortcut,13608,12/27/2020, 10:16:55,71
RBTR00001,Reboot Shortcut,13608,12/27/2020, 11:13:46,71
RBTR00001,Reboot Shortcut,13608,12/27/2020, 12:15:28,71
RBTR00001,Reboot Shortcut,13609,12/27/2020, 13:21:45,71
RBTR00001,Reboot Shortcut,13609,12/27/2020, 14:12:25,71
RBTR00001,Reboot Shortcut,13610,12/27/2020, 15:11:19,71
RBTR00001,Reboot Shortcut,13610,12/27/2020, 16:22:09,71
RBTR00001,Reboot Shortcut,13610,12/27/2020, 17:40:20,71
RBTR00001,Reboot Shortcut,13611,12/27/2020, 18:25:59,71
RBTR00001,Reboot Shortcut,13611,12/27/2020, 19:21:02,71
RBTR00001,Reboot Shortcut,13613,12/27/2020, 20:11:19,71
RBTR00001,Reboot Shortcut,13613,12/27/2020, 21:10:24,71
RBTR00001,Reboot Shortcut,13614,12/27/2020, 22:15:07,71
RBTR00001,Reboot Shortcut,13616,12/27/2020, 23:18:41,71
RBTR00001,Reboot Shortcut,13616,12/28/2020, 00:35:32,71
RBTR00001,Reboot Shortcut,13616,12/28/2020, 02:03:13,71
RBTR00001,Reboot Shortcut,13616,12/28/2020, 03:21:21,71
RBTR00001,Reboot Shortcut,13616,12/28/2020, 04:21:01,71
RBTR00001,Reboot Shortcut,13616,12/28/2020, 05:20:19,71
RBTR00001,Reboot Shortcut,13616,12/28/2020, 06:14:30,71
RBTR00001,Reboot Shortcut,13617,12/28/2020, 07:20:16,71
RBTR00001,Reboot Shortcut,13617,12/28/2020, 08:15:36,71
RBTR00001,Reboot Shortcut,13617,12/28/2020, 09:18:04,71
RBTR00001,Reboot Shortcut,13617,12/28/2020, 10:18:21,71
RBTR00001,Reboot Shortcut,13617,12/28/2020, 11:14:50,71
RBTR00001,Reboot Shortcut,13617,12/28/2020, 12:15:57,71
RBTR00001,Reboot Shortcut,13617,12/28/2020, 13:23:55,71
RBTR00001,Reboot Shortcut,13617,12/28/2020, 14:13:42,71
RBTR00001,Reboot Shortcut,13617,12/28/2020, 15:12:09,71
RBTR00001,Reboot Shortcut,13617,12/28/2020, 16:24:29,71
RBTR00001,Reboot Shortcut,13617,12/28/2020, 17:43:13,71
RBTR00001,Reboot Shortcut,13617,12/28/2020, 18:30:06,71
RBTR00001,Reboot Shortcut,13617,12/28/2020, 19:24:38,71
RBTR00001,Reboot Shortcut,13618,12/28/2020, 20:13:31,71
RBTR00001,Reboot Shortcut,13618,12/28/2020, 21:11:22,71
RBTR00001,Reboot Shortcut,13618,12/28/2020, 22:15:57,71
RBTR00001,Reboot Shortcut,13619,12/28/2020, 23:20:30,71
RBTR00001,Reboot Shortcut,13619,12/29/2020, 00:36:28,71
RBTR00001,Reboot Shortcut,13620,12/29/2020, 02:04:46,71
RBTR00001,Reboot Shortcut,13620,12/29/2020, 03:23:22,71
RBTR00001,Reboot Shortcut,13620,12/29/2020, 04:23:51,71
RBTR00001,Reboot Shortcut,13620,12/29/2020, 05:22:47,71
RBTR00001,Reboot Shortcut,13620,12/29/2020, 06:16:05,71
RBTR00001,Reboot Shortcut,13621,12/29/2020, 07:21:48,71
RBTR00001,Reboot Shortcut,13621,12/29/2020, 08:16:54,71
RBTR00001,Reboot Shortcut,13621,12/29/2020, 09:20:35,71
RBTR00001,Reboot Shortcut,13621,12/29/2020, 10:20:36,71
RBTR00001,Reboot Shortcut,13621,12/29/2020, 11:17:22,71
RBTR00001,Reboot Shortcut,13621,12/29/2020, 12:17:03,71
RBTR00001,Reboot Shortcut,13621,12/29/2020, 13:26:32,71
RBTR00001,Reboot Shortcut,13621,12/29/2020, 14:14:54,71
RBTR00001,Reboot Shortcut,13622,12/29/2020, 15:13:06,71
RBTR00001,Reboot Shortcut,13622,12/29/2020, 16:27:52,71
RBTR00001,Reboot Shortcut,13622,12/29/2020, 17:47:47,71
RBTR00001,Reboot Shortcut,13622,12/29/2020, 18:35:25,71
RBTR00001,Reboot Shortcut,13622,12/29/2020, 19:30:25,71
RBTR00001,Reboot Shortcut,13622,12/29/2020, 20:16:36,71
RBTR00001,Reboot Shortcut,13623,12/29/2020, 21:12:47,71
RBTR00001,Reboot Shortcut,13623,12/29/2020, 22:17:57,71
RBTR00001,Reboot Shortcut,13623,12/29/2020, 23:22:50,71
RBTR00001,Reboot Shortcut,13624,12/30/2020, 00:37:47,71
RBTR00001,Reboot Shortcut,13624,12/30/2020, 02:06:43,71
RBTR00001,Reboot Shortcut,13625,12/30/2020, 03:23:20,71
RBTR00001,Reboot Shortcut,13625,12/30/2020, 04:23:23,71
RBTR00001,Reboot Shortcut,13625,12/30/2020, 05:22:53,71
RBTR00001,Reboot Shortcut,13625,12/30/2020, 06:16:08,71
RBTR00001,Reboot Shortcut,13627,12/30/2020, 07:22:14,71
RBTR00001,Reboot Shortcut,13627,12/30/2020, 08:17:02,71
RBTR00001,Reboot Shortcut,13628,12/30/2020, 09:20:27,71
RBTR00001,Reboot Shortcut,13628,12/30/2020, 10:20:34,71
RBTR00001,Reboot Shortcut,13628,12/30/2020, 11:17:25,71
RBTR00001,Reboot Shortcut,13629,12/30/2020, 12:16:30,71
RBTR00001,Reboot Shortcut,13630,12/30/2020, 13:26:00,71
RBTR00001,Reboot Shortcut,13630,12/30/2020, 14:14:26,71
RBTR00001,Reboot Shortcut,13631,12/30/2020, 15:12:46,71
RBTR00001,Reboot Shortcut,13631,12/30/2020, 16:26:52,71
RBTR00001,Reboot Shortcut,13631,12/30/2020, 17:47:57,71
RBTR00001,Reboot Shortcut,13631,12/30/2020, 18:35:16,71
RBTR00001,Reboot Shortcut,13631,12/30/2020, 19:30:47,71
RBTR00001,Reboot Shortcut,13631,12/30/2020, 20:16:59,71
RBTR00001,Reboot Shortcut,13631,12/30/2020, 21:13:45,71
RBTR00001,Reboot Shortcut,13631,12/30/2020, 22:17:18,71
RBTR00001,Reboot Shortcut,13632,12/30/2020, 23:21:41,71
RBTR00001,Reboot Shortcut,13632,12/31/2020, 00:39:52,71
RBTR00001,Reboot Shortcut,13632,12/31/2020, 02:10:05,71
RBTR00001,Reboot Shortcut,13632,12/31/2020, 03:25:23,71
RBTR00001,Reboot Shortcut,13633,12/31/2020, 04:26:05,71
RBTR00001,Reboot Shortcut,13634,12/31/2020, 05:25:42,71
RBTR00001,Reboot Shortcut,13634,12/31/2020, 06:19:21,71
RBTR00001,Reboot Shortcut,13635,12/31/2020, 07:24:32,71
RBTR00001,Reboot Shortcut,13635,12/31/2020, 08:20:56,71
RBTR00001,Reboot Shortcut,13635,12/31/2020, 09:23:12,71
RBTR00001,Reboot Shortcut,13635,12/31/2020, 10:24:45,71
RBTR00001,Reboot Shortcut,13635,12/31/2020, 11:21:44,71
RBTR00001,Reboot Shortcut,13635,12/31/2020, 12:19:24,71
RBTR00001,Reboot Shortcut,13635,12/31/2020, 13:29:55,71
RBTR00001,Reboot Shortcut,13635,12/31/2020, 14:18:49,71
RBTR00001,Reboot Shortcut,13635,12/31/2020, 15:15:13,71
RBTR00001,Reboot Shortcut,13635,12/31/2020, 16:30:21,71
RBTR00001,Reboot Shortcut,13636,12/31/2020, 17:52:37,71
RBTR00001,Reboot Shortcut,13636,12/31/2020, 18:38:08,71
RBTR00001,Reboot Shortcut,13636,12/31/2020, 19:30:05,71
RBTR00001,Reboot Shortcut,13636,12/31/2020, 20:15:45,71
RBTR00001,Reboot Shortcut,13637,12/31/2020, 21:11:33,71
RBTR00001,Reboot Shortcut,13637,12/31/2020, 22:16:11,71
RBTR00001,Reboot Shortcut,13637,12/31/2020, 23:21:54,71
RBTR00001,Reboot Shortcut,13637,01/01/2021, 00:39:38,71
RBTR00001,Reboot Shortcut,13639,01/01/2021, 02:12:31,71
RBTR00001,Reboot Shortcut,13639,01/01/2021, 03:24:48,71
RBTR00001,Reboot Shortcut,13639,01/01/2021, 04:24:24,71
RBTR00001,Reboot Shortcut,13639,01/01/2021, 05:23:31,71
RBTR00001,Reboot Shortcut,13639,01/01/2021, 06:16:56,71
RBTR00001,Reboot Shortcut,13640,01/01/2021, 07:22:35,71
RBTR00001,Reboot Shortcut,13640,01/01/2021, 08:18:27,71
RBTR00001,Reboot Shortcut,13640,01/01/2021, 09:22:03,71
RBTR00001,Reboot Shortcut,13640,01/01/2021, 10:22:39,71
RBTR00001,Reboot Shortcut,13640,01/01/2021, 11:19:53,71
RBTR00001,Reboot Shortcut,13640,01/01/2021, 12:17:27,71
RBTR00001,Reboot Shortcut,13640,01/01/2021, 13:27:12,71
RBTR00001,Reboot Shortcut,13640,01/01/2021, 14:15:24,71
RBTR00001,Reboot Shortcut,13640,01/01/2021, 15:13:24,71
RBTR00001,Reboot Shortcut,13640,01/01/2021, 16:27:24,71
RBTR00001,Reboot Shortcut,13640,01/01/2021, 17:47:30,71
RBTR00001,Reboot Shortcut,13641,01/01/2021, 18:33:22,71
RBTR00001,Reboot Shortcut,13642,01/01/2021, 19:29:02,71
RBTR00001,Reboot Shortcut,13642,01/01/2021, 20:15:34,71
RBTR00001,Reboot Shortcut,13643,01/01/2021, 21:11:55,71
RBTR00001,Reboot Shortcut,13644,01/01/2021, 22:16:59,71
RBTR00001,Reboot Shortcut,13644,01/01/2021, 23:22:19,71
RBTR00001,Reboot Shortcut,13644,01/02/2021, 00:38:17,71
RBTR00001,Reboot Shortcut,13645,01/02/2021, 02:09:08,71
RBTR00001,Reboot Shortcut,13645,01/02/2021, 03:24:12,71
RBTR00001,Reboot Shortcut,13645,01/02/2021, 04:25:20,71
RBTR00001,Reboot Shortcut,13645,01/02/2021, 05:24:14,71
RBTR00001,Reboot Shortcut,13645,01/02/2021, 06:17:21,71
RBTR00001,Reboot Shortcut,13645,01/02/2021, 07:22:44,71
RBTR00001,Reboot Shortcut,13645,01/02/2021, 08:17:38,71
RBTR00001,Reboot Shortcut,13646,01/02/2021, 09:20:51,71
RBTR00001,Reboot Shortcut,13646,01/02/2021, 10:21:31,71
RBTR00001,Reboot Shortcut,13646,01/02/2021, 11:18:25,71
RBTR00001,Reboot Shortcut,13646,01/02/2021, 12:16:12,71
RBTR00001,Reboot Shortcut,13646,01/02/2021, 13:25:18,71
RBTR00001,Reboot Shortcut,13646,01/02/2021, 14:13:42,71
RBTR00001,Reboot Shortcut,13646,01/02/2021, 15:12:08,71
RBTR00001,Reboot Shortcut,13646,01/02/2021, 16:26:09,71
RBTR00001,Reboot Shortcut,13647,01/02/2021, 17:46:47,71
RBTR00001,Reboot Shortcut,13647,01/02/2021, 18:32:05,71
RBTR00001,Reboot Shortcut,13647,01/02/2021, 19:27:36,71
RBTR00001,Reboot Shortcut,13647,01/02/2021, 20:14:56,71
RBTR00001,Reboot Shortcut,13647,01/02/2021, 21:11:27,71
RBTR00001,Reboot Shortcut,13647,01/02/2021, 22:16:45,71
RBTR00001,Reboot Shortcut,13647,01/02/2021, 23:22:35,71
RBTR00001,Reboot Shortcut,13648,01/03/2021, 00:40:21,71
RBTR00001,Reboot Shortcut,13648,01/03/2021, 02:14:27,71
RBTR00001,Reboot Shortcut,13649,01/03/2021, 03:26:40,71
RBTR00001,Reboot Shortcut,13649,01/03/2021, 04:25:26,71
RBTR00001,Reboot Shortcut,13649,01/03/2021, 05:24:36,71
RBTR00001,Reboot Shortcut,13649,01/03/2021, 06:17:17,71
RBTR00001,Reboot Shortcut,13650,01/03/2021, 07:23:36,71
RBTR00001,Reboot Shortcut,13650,01/03/2021, 08:18:56,71
RBTR00001,Reboot Shortcut,13650,01/03/2021, 09:22:33,71
RBTR00001,Reboot Shortcut,13650,01/03/2021, 10:22:49,71
RBTR00001,Reboot Shortcut,13650,01/03/2021, 11:20:03,71
RBTR00001,Reboot Shortcut,13650,01/03/2021, 12:16:50,71
RBTR00001,Reboot Shortcut,13651,01/03/2021, 13:26:42,71
RBTR00001,Reboot Shortcut,13651,01/03/2021, 14:14:37,71
RBTR00001,Reboot Shortcut,13651,01/03/2021, 15:12:34,71
RBTR00001,Reboot Shortcut,13651,01/03/2021, 16:27:27,71
RBTR00001,Reboot Shortcut,13652,01/03/2021, 17:49:09,71
RBTR00001,Reboot Shortcut,13652,01/03/2021, 18:32:46,71
RBTR00001,Reboot Shortcut,13652,01/03/2021, 19:28:50,71
RBTR00001,Reboot Shortcut,13652,01/03/2021, 20:16:20,71
RBTR00001,Reboot Shortcut,13652,01/03/2021, 21:12:28,71
RBTR00001,Reboot Shortcut,13652,01/03/2021, 22:17:37,71
RBTR00001,Reboot Shortcut,13652,01/03/2021, 23:23:21,71
RBTR00001,Reboot Shortcut,13652,01/04/2021, 00:41:25,71
RBTR00001,Reboot Shortcut,13655,01/04/2021, 02:15:54,71
RBTR00001,Reboot Shortcut,13655,01/04/2021, 03:28:14,71
RBTR00001,Reboot Shortcut,13656,01/04/2021, 04:27:16,71
RBTR00001,Reboot Shortcut,13656,01/04/2021, 05:25:39,71
RBTR00001,Reboot Shortcut,13656,01/04/2021, 06:19:12,71
RBTR00001,Reboot Shortcut,13656,01/04/2021, 07:24:47,71
RBTR00001,Reboot Shortcut,13657,01/04/2021, 08:21:39,71
RBTR00001,Reboot Shortcut,13657,01/04/2021, 09:24:19,71
RBTR00001,Reboot Shortcut,13657,01/04/2021, 10:25:23,71
RBTR00001,Reboot Shortcut,13657,01/04/2021, 11:22:08,71
RBTR00001,Reboot Shortcut,13657,01/04/2021, 12:18:14,71
RBTR00001,Reboot Shortcut,13657,01/04/2021, 13:29:07,71
RBTR00001,Reboot Shortcut,13657,01/04/2021, 14:17:52,71
RBTR00001,Reboot Shortcut,13657,01/04/2021, 15:13:56,71
RBTR00001,Reboot Shortcut,13657,01/04/2021, 16:29:23,71
RBTR00001,Reboot Shortcut,13657,01/04/2021, 17:52:46,71
RBTR00001,Reboot Shortcut,13657,01/04/2021, 18:34:58,71
RBTR00001,Reboot Shortcut,13658,01/04/2021, 19:28:19,71
RBTR00001,Reboot Shortcut,13658,01/04/2021, 20:17:25,71
RBTR00001,Reboot Shortcut,13658,01/04/2021, 21:13:17,71
RBTR00001,Reboot Shortcut,13658,01/04/2021, 22:17:55,71
RBTR00001,Reboot Shortcut,13658,01/04/2021, 23:24:29,71
RBTR00001,Reboot Shortcut,13660,01/05/2021, 00:41:27,71
RBTR00001,Reboot Shortcut,13661,01/05/2021, 02:16:29,71
RBTR00001,Reboot Shortcut,13661,01/05/2021, 03:28:23,71
RBTR00001,Reboot Shortcut,13661,01/05/2021, 04:27:58,71
RBTR00001,Reboot Shortcut,13661,01/05/2021, 05:26:09,71
RBTR00001,Reboot Shortcut,13661,01/05/2021, 06:19:18,71
RBTR00001,Reboot Shortcut,13661,01/05/2021, 07:25:23,71
RBTR00001,Reboot Shortcut,13661,01/05/2021, 08:22:22,71
RBTR00001,Reboot Shortcut,13661,01/05/2021, 09:25:24,71
RBTR00001,Reboot Shortcut,13661,01/05/2021, 10:25:41,71
RBTR00001,Reboot Shortcut,13661,01/05/2021, 11:22:31,71
RBTR00001,Reboot Shortcut,13661,01/05/2021, 12:18:15,71
RBTR00001,Reboot Shortcut,13661,01/05/2021, 13:29:29,71
RBTR00001,Reboot Shortcut,13661,01/05/2021, 14:18:09,71
RBTR00001,Reboot Shortcut,13661,01/05/2021, 15:14:10,71
RBTR00001,Reboot Shortcut,13662,01/05/2021, 16:30:21,71
RBTR00001,Reboot Shortcut,13662,01/05/2021, 17:58:14,71
RBTR00001,Reboot Shortcut,13662,01/05/2021, 18:43:42,71
RBTR00001,Reboot Shortcut,13662,01/05/2021, 19:28:56,71
RBTR00001,Reboot Shortcut,13662,01/05/2021, 20:18:07,71
RBTR00001,Reboot Shortcut,13662,01/05/2021, 21:13:21,71
RBTR00001,Reboot Shortcut,13662,01/05/2021, 22:18:25,71
RBTR00001,Reboot Shortcut,13662,01/05/2021, 23:25:26,71
RBTR00001,Reboot Shortcut,13662,01/06/2021, 00:41:28,71
RBTR00001,Reboot Shortcut,13663,01/06/2021, 02:17:22,71
RBTR00001,Reboot Shortcut,13663,01/06/2021, 03:29:51,71
RBTR00001,Reboot Shortcut,13664,01/06/2021, 04:28:45,71
RBTR00001,Reboot Shortcut,13664,01/06/2021, 05:27:48,71
RBTR00001,Reboot Shortcut,13664,01/06/2021, 06:19:46,71
RBTR00001,Reboot Shortcut,13664,01/06/2021, 07:26:42,71
RBTR00001,Reboot Shortcut,13664,01/06/2021, 08:21:56,71
RBTR00001,Reboot Shortcut,13664,01/06/2021, 09:25:53,71
RBTR00001,Reboot Shortcut,13664,01/06/2021, 10:26:37,71
RBTR00001,Reboot Shortcut,13664,01/06/2021, 11:22:55,71
RBTR00001,Reboot Shortcut,13664,01/06/2021, 12:18:36,71
RBTR00001,Reboot Shortcut,13664,01/06/2021, 13:29:49,71
RBTR00001,Reboot Shortcut,13664,01/06/2021, 14:18:43,71
RBTR00001,Reboot Shortcut,13664,01/06/2021, 15:14:26,71
RBTR00001,Reboot Shortcut,13665,01/06/2021, 16:31:02,71
RBTR00001,Reboot Shortcut,13665,01/06/2021, 17:56:42,71
RBTR00001,Reboot Shortcut,13665,01/06/2021, 18:40:01,71
RBTR00001,Reboot Shortcut,13665,01/06/2021, 19:29:01,71
RBTR00001,Reboot Shortcut,13665,01/06/2021, 20:18:24,71
RBTR00001,Reboot Shortcut,13665,01/06/2021, 21:13:30,71
RBTR00001,Reboot Shortcut,13665,01/06/2021, 22:19:05,71
RBTR00001,Reboot Shortcut,13665,01/06/2021, 23:26:34,71
RBTR00001,Reboot Shortcut,13665,01/07/2021, 00:44:55,71
RBTR00001,Reboot Shortcut,13665,01/07/2021, 02:21:38,71
RBTR00001,Reboot Shortcut,13665,01/07/2021, 03:34:04,71
RBTR00001,Reboot Shortcut,13666,01/07/2021, 04:31:25,71
RBTR00001,Reboot Shortcut,13666,01/07/2021, 05:30:06,71
RBTR00001,Reboot Shortcut,13666,01/07/2021, 06:21:16,71
RBTR00001,Reboot Shortcut,13666,01/07/2021, 07:27:55,71
RBTR00001,Reboot Shortcut,13666,01/07/2021, 08:22:34,71
RBTR00001,Reboot Shortcut,13666,01/07/2021, 09:26:51,71
RBTR00001,Reboot Shortcut,13666,01/07/2021, 10:27:17,71
RBTR00001,Reboot Shortcut,13666,01/07/2021, 11:23:49,71
RBTR00001,Reboot Shortcut,13666,01/07/2021, 12:18:56,71
RBTR00001,Reboot Shortcut,13667,01/07/2021, 13:30:30,71
RBTR00001,Reboot Shortcut,13667,01/07/2021, 14:19:25,71
RBTR00001,Reboot Shortcut,13668,01/07/2021, 15:14:17,71
RBTR00001,Reboot Shortcut,13668,01/07/2021, 16:31:37,71
RBTR00001,Reboot Shortcut,13669,01/07/2021, 17:57:44,71
RBTR00001,Reboot Shortcut,13669,01/07/2021, 18:44:09,71
RBTR00001,Reboot Shortcut,13669,01/07/2021, 19:25:33,71
RBTR00001,Reboot Shortcut,13669,01/07/2021, 20:16:41,71
RBTR00001,Reboot Shortcut,13669,01/07/2021, 21:13:30,71
RBTR00001,Reboot Shortcut,13669,01/07/2021, 22:19:04,71
RBTR00001,Reboot Shortcut,13669,01/07/2021, 23:26:38,71
RBTR00001,Reboot Shortcut,13669,01/08/2021, 00:44:21,71
RBTR00001,Reboot Shortcut,13669,01/08/2021, 02:22:09,71
RBTR00001,Reboot Shortcut,13669,01/08/2021, 03:35:37,71
RBTR00001,Reboot Shortcut,13669,01/08/2021, 04:32:21,71
RBTR00001,Reboot Shortcut,13669,01/08/2021, 05:31:41,71
RBTR00001,Reboot Shortcut,13669,01/08/2021, 06:22:43,71
RBTR00001,Reboot Shortcut,13669,01/08/2021, 07:28:21,71
RBTR00001,Reboot Shortcut,13669,01/08/2021, 08:23:45,71
RBTR00001,Reboot Shortcut,13669,01/08/2021, 09:27:35,71
RBTR00001,Reboot Shortcut,13669,01/08/2021, 10:28:36,71
RBTR00001,Reboot Shortcut,13669,01/08/2021, 11:25:00,71
RBTR00001,Reboot Shortcut,13669,01/08/2021, 12:21:18,71
RBTR00001,Reboot Shortcut,13669,01/08/2021, 13:32:41,71
RBTR00001,Reboot Shortcut,13670,01/08/2021, 14:19:50,71
RBTR00001,Reboot Shortcut,13670,01/08/2021, 15:15:40,71
RBTR00001,Reboot Shortcut,13670,01/08/2021, 16:33:43,71
RBTR00001,Reboot Shortcut,13670,01/08/2021, 17:59:21,71
RBTR00001,Reboot Shortcut,13670,01/08/2021, 18:44:02,71
RBTR00001,Reboot Shortcut,13670,01/08/2021, 19:27:03,71
RBTR00001,Reboot Shortcut,13670,01/08/2021, 20:17:48,71
RBTR00001,Reboot Shortcut,13670,01/08/2021, 21:15:13,71
RBTR00001,Reboot Shortcut,13670,01/08/2021, 22:21:14,71
RBTR00001,Reboot Shortcut,13670,01/08/2021, 23:28:06,71
RBTR00001,Reboot Shortcut,13670,01/09/2021, 00:44:20,71
RBTR00001,Reboot Shortcut,13670,01/09/2021, 02:22:55,71
RBTR00001,Reboot Shortcut,13670,01/09/2021, 03:36:25,71
RBTR00001,Reboot Shortcut,13670,01/09/2021, 04:34:02,71
RBTR00001,Reboot Shortcut,13670,01/09/2021, 05:33:16,71
RBTR00001,Reboot Shortcut,13670,01/09/2021, 06:25:28,71
RBTR00001,Reboot Shortcut,13670,01/09/2021, 07:28:45,71
RBTR00001,Reboot Shortcut,13670,01/09/2021, 08:24:28,71
RBTR00001,Reboot Shortcut,13670,01/09/2021, 09:27:52,71
RBTR00001,Reboot Shortcut,13671,01/09/2021, 10:28:07,71
RBTR00001,Reboot Shortcut,13672,01/09/2021, 11:25:19,71
RBTR00001,Reboot Shortcut,13672,01/09/2021, 12:20:56,71
RBTR00001,Reboot Shortcut,13672,01/09/2021, 13:32:50,71
RBTR00001,Reboot Shortcut,13672,01/09/2021, 14:19:16,71
RBTR00001,Reboot Shortcut,13673,01/09/2021, 15:15:39,71
RBTR00001,Reboot Shortcut,13673,01/09/2021, 16:35:23,71
RBTR00001,Reboot Shortcut,13674,01/09/2021, 18:02:16,71
RBTR00001,Reboot Shortcut,13674,01/09/2021, 19:32:26,71
RBTR00001,Reboot Shortcut,13674,01/09/2021, 20:21:26,71
RBTR00001,Reboot Shortcut,13674,01/09/2021, 21:15:50,71
RBTR00001,Reboot Shortcut,13674,01/09/2021, 22:21:55,71
RBTR00001,Reboot Shortcut,13675,01/09/2021, 23:28:29,71
RBTR00001,Reboot Shortcut,13675,01/10/2021, 00:46:35,71
RBTR00001,Reboot Shortcut,13676,01/10/2021, 02:28:32,71
RBTR00001,Reboot Shortcut,13676,01/10/2021, 03:42:02,71
RBTR00001,Reboot Shortcut,13677,01/10/2021, 04:36:07,71
RBTR00001,Reboot Shortcut,13677,01/10/2021, 05:34:45,71
RBTR00001,Reboot Shortcut,13678,01/10/2021, 06:26:22,71
RBTR00001,Reboot Shortcut,13679,01/10/2021, 07:31:13,71
RBTR00001,Reboot Shortcut,13679,01/10/2021, 08:25:08,71
RBTR00001,Reboot Shortcut,13679,01/10/2021, 09:28:54,71
RBTR00001,Reboot Shortcut,13679,01/10/2021, 10:30:07,71
RBTR00001,Reboot Shortcut,13679,01/10/2021, 11:26:03,71
RBTR00001,Reboot Shortcut,13679,01/10/2021, 12:22:58,71
RBTR00001,Reboot Shortcut,13679,01/10/2021, 13:33:30,71
RBTR00001,Reboot Shortcut,13679,01/10/2021, 14:20:55,71
RBTR00001,Reboot Shortcut,13679,01/10/2021, 15:16:44,71
RBTR00001,Reboot Shortcut,13680,01/10/2021, 16:35:25,71
RBTR00001,Reboot Shortcut,13680,01/10/2021, 18:04:23,71
RBTR00001,Reboot Shortcut,13681,01/10/2021, 19:34:33,71
RBTR00001,Reboot Shortcut,13681,01/10/2021, 20:20:20,71
RBTR00001,Reboot Shortcut,13681,01/10/2021, 21:14:11,71
RBTR00001,Reboot Shortcut,13681,01/10/2021, 22:20:32,71
RBTR00001,Reboot Shortcut,13681,01/10/2021, 23:27:50,71
RBTR00001,Reboot Shortcut,13681,01/11/2021, 00:45:51,71
RBTR00001,Reboot Shortcut,13681,01/11/2021, 02:27:10,71
RBTR00001,Reboot Shortcut,13681,01/11/2021, 03:41:25,71
RBTR00001,Reboot Shortcut,13681,01/11/2021, 04:36:11,71
RBTR00001,Reboot Shortcut,13681,01/11/2021, 05:35:28,71
RBTR00001,Reboot Shortcut,13681,01/11/2021, 06:27:32,71
RBTR00001,Reboot Shortcut,13681,01/11/2021, 07:31:30,71
RBTR00001,Reboot Shortcut,13681,01/11/2021, 08:28:07,71
RBTR00001,Reboot Shortcut,13681,01/11/2021, 09:32:23,71
RBTR00001,Reboot Shortcut,13681,01/11/2021, 10:34:03,71
RBTR00001,Reboot Shortcut,13681,01/11/2021, 11:28:55,71
RBTR00001,Reboot Shortcut,13681,01/11/2021, 12:25:15,71
RBTR00001,Reboot Shortcut,13681,01/11/2021, 13:37:17,71
RBTR00001,Reboot Shortcut,13681,01/11/2021, 14:24:10,71
RBTR00001,Reboot Shortcut,13681,01/11/2021, 15:17:05,71
RBTR00001,Reboot Shortcut,13681,01/11/2021, 16:33:28,71
RBTR00001,Reboot Shortcut,13682,01/11/2021, 18:04:26,71
RBTR00001,Reboot Shortcut,13682,01/11/2021, 19:35:25,71
RBTR00001,Reboot Shortcut,13683,01/11/2021, 20:23:35,71
RBTR00001,Reboot Shortcut,13683,01/11/2021, 21:18:45,71
RBTR00001,Reboot Shortcut,13683,01/11/2021, 22:24:04,71
RBTR00001,Reboot Shortcut,13683,01/11/2021, 23:30:44,71
RBTR00001,Reboot Shortcut,13683,01/12/2021, 00:48:20,71
RBTR00001,Reboot Shortcut,13683,01/12/2021, 02:30:53,71
RBTR00001,Reboot Shortcut,13683,01/12/2021, 03:43:39,71
RBTR00001,Reboot Shortcut,13683,01/12/2021, 04:35:51,71
RBTR00001,Reboot Shortcut,13683,01/12/2021, 05:36:45,71
RBTR00001,Reboot Shortcut,13683,01/12/2021, 06:28:25,71
RBTR00001,Reboot Shortcut,13684,01/12/2021, 07:33:47,71
RBTR00001,Reboot Shortcut,13684,01/12/2021, 08:29:41,71
RBTR00001,Reboot Shortcut,13686,01/12/2021, 09:35:57,71
RBTR00001,Reboot Shortcut,13686,01/12/2021, 10:34:54,71
RBTR00001,Reboot Shortcut,13686,01/12/2021, 11:30:36,71
RBTR00001,Reboot Shortcut,13686,01/12/2021, 12:26:01,71
RBTR00001,Reboot Shortcut,13686,01/12/2021, 13:39:44,71
RBTR00001,Reboot Shortcut,13686,01/12/2021, 14:26:46,71
RBTR00001,Reboot Shortcut,13686,01/12/2021, 15:21:18,71
RBTR00001,Reboot Shortcut,13686,01/12/2021, 16:38:37,71
RBTR00001,Reboot Shortcut,13687,01/12/2021, 18:12:49,71
RBTR00001,Reboot Shortcut,13687,01/12/2021, 19:42:20,71
RBTR00001,Reboot Shortcut,13688,01/12/2021, 20:28:50,71
RBTR00001,Reboot Shortcut,13689,01/12/2021, 21:22:03,71
RBTR00001,Reboot Shortcut,13689,01/12/2021, 22:27:47,71
RBTR00001,Reboot Shortcut,13690,01/12/2021, 23:35:12,71
RBTR00001,Reboot Shortcut,13691,01/13/2021, 00:54:58,71
RBTR00001,Reboot Shortcut,13692,01/13/2021, 02:37:31,71
RBTR00001,Reboot Shortcut,13692,01/13/2021, 03:50:37,71
RBTR00001,Reboot Shortcut,13692,01/13/2021, 04:39:01,71
RBTR00001,Reboot Shortcut,13693,01/13/2021, 05:41:18,71
RBTR00001,Reboot Shortcut,13693,01/13/2021, 06:33:58,71
RBTR00001,Reboot Shortcut,13693,01/13/2021, 07:40:26,71
RBTR00001,Reboot Shortcut,13693,01/13/2021, 08:37:04,71
RBTR00001,Reboot Shortcut,13693,01/13/2021, 09:41:22,71
RBTR00001,Reboot Shortcut,13693,01/13/2021, 10:42:51,71
RBTR00001,Reboot Shortcut,13693,01/13/2021, 11:39:15,71
RBTR00001,Reboot Shortcut,13694,01/13/2021, 12:33:57,71
RBTR00001,Reboot Shortcut,13695,01/13/2021, 13:47:04,71
RBTR00001,Reboot Shortcut,13695,01/13/2021, 15:27:26,71
RBTR00001,Reboot Shortcut,13696,01/13/2021, 16:45:19,71
RBTR00001,Reboot Shortcut,13696,01/13/2021, 18:26:21,71
RBTR00001,Reboot Shortcut,13697,01/13/2021, 19:54:18,71
RBTR00001,Reboot Shortcut,13697,01/13/2021, 20:34:22,71
RBTR00001,Reboot Shortcut,13697,01/13/2021, 21:26:26,71
RBTR00001,Reboot Shortcut,13697,01/13/2021, 22:29:42,71
RBTR00001,Reboot Shortcut,13697,01/13/2021, 23:38:51,71
RBTR00001,Reboot Shortcut,13697,01/14/2021, 01:03:14,71
RBTR00001,Reboot Shortcut,13697,01/14/2021, 03:06:16,71
RBTR00001,Reboot Shortcut,13698,01/14/2021, 04:39:00,71
RBTR00001,Reboot Shortcut,13698,01/14/2021, 05:43:45,71
RBTR00001,Reboot Shortcut,13698,01/14/2021, 06:36:51,71
RBTR00001,Reboot Shortcut,13698,01/14/2021, 07:42:22,71
RBTR00001,Reboot Shortcut,13699,01/14/2021, 08:37:23,71
RBTR00001,Reboot Shortcut,13700,01/14/2021, 09:41:52,71
RBTR00001,Reboot Shortcut,13700,01/14/2021, 10:44:05,71
RBTR00001,Reboot Shortcut,13700,01/14/2021, 11:40:13,71
RBTR00001,Reboot Shortcut,13700,01/14/2021, 12:32:47,71
RBTR00001,Reboot Shortcut,13700,01/14/2021, 13:47:31,71
RBTR00001,Reboot Shortcut,13700,01/14/2021, 14:35:18,71
RBTR00001,Reboot Shortcut,13700,01/14/2021, 15:25:54,71
RBTR00001,Reboot Shortcut,13700,01/14/2021, 16:44:10,71
RBTR00001,Reboot Shortcut,13702,01/14/2021, 18:23:15,71
RBTR00001,Reboot Shortcut,13702,01/14/2021, 19:50:17,71
RBTR00001,Reboot Shortcut,13702,01/14/2021, 20:33:35,71
RBTR00001,Reboot Shortcut,13703,01/14/2021, 21:24:25,71
RBTR00001,Reboot Shortcut,13703,01/14/2021, 22:27:43,71
RBTR00001,Reboot Shortcut,13703,01/14/2021, 23:36:06,71
RBTR00001,Reboot Shortcut,13703,01/15/2021, 00:58:49,71
RBTR00001,Reboot Shortcut,13703,01/15/2021, 02:47:02,71
RBTR00001,Reboot Shortcut,13703,01/15/2021, 03:54:02,71
RBTR00001,Reboot Shortcut,13703,01/15/2021, 04:37:04,71
RBTR00001,Reboot Shortcut,13703,01/15/2021, 05:40:27,71
RBTR00001,Reboot Shortcut,13703,01/15/2021, 06:33:17,71
RBTR00001,Reboot Shortcut,13703,01/15/2021, 07:39:25,71
RBTR00001,Reboot Shortcut,13703,01/15/2021, 08:34:56,71
RBTR00001,Reboot Shortcut,13703,01/15/2021, 09:40:06,71
RBTR00001,Reboot Shortcut,13704,01/15/2021, 10:42:06,71
RBTR00001,Reboot Shortcut,13704,01/15/2021, 11:38:59,71
RBTR00001,Reboot Shortcut,13704,01/15/2021, 12:32:08,71
RBTR00001,Reboot Shortcut,13704,01/15/2021, 13:45:33,71
RBTR00001,Reboot Shortcut,13704,01/15/2021, 14:33:55,71
RBTR00001,Reboot Shortcut,13704,01/15/2021, 15:24:31,71
RBTR00001,Reboot Shortcut,13705,01/15/2021, 16:50:28,71
RBTR00001,Reboot Shortcut,13706,01/15/2021, 18:21:02,71
RBTR00001,Reboot Shortcut,13706,01/15/2021, 19:49:23,71
RBTR00001,Reboot Shortcut,13706,01/15/2021, 20:35:11,71
RBTR00001,Reboot Shortcut,13707,01/15/2021, 21:26:59,71
RBTR00001,Reboot Shortcut,13708,01/15/2021, 22:31:29,71
RBTR00001,Reboot Shortcut,13708,01/15/2021, 23:39:10,71
RBTR00001,Reboot Shortcut,13708,01/16/2021, 01:01:11,71
RBTR00001,Reboot Shortcut,13710,01/16/2021, 03:03:44,71
RBTR00001,Reboot Shortcut,13710,01/16/2021, 04:37:45,71
RBTR00001,Reboot Shortcut,13710,01/16/2021, 05:41:28,71
RBTR00001,Reboot Shortcut,13710,01/16/2021, 06:34:18,71
RBTR00001,Reboot Shortcut,13710,01/16/2021, 07:39:46,71
RBTR00001,Reboot Shortcut,13710,01/16/2021, 08:34:44,71
RBTR00001,Reboot Shortcut,13710,01/16/2021, 09:38:48,71
RBTR00001,Reboot Shortcut,13710,01/16/2021, 10:41:09,71
RBTR00001,Reboot Shortcut,13710,01/16/2021, 11:37:29,71
RBTR00001,Reboot Shortcut,13710,01/16/2021, 12:30:51,71
RBTR00001,Reboot Shortcut,13711,01/16/2021, 13:44:12,71
RBTR00001,Reboot Shortcut,13711,01/16/2021, 14:31:51,71
RBTR00001,Reboot Shortcut,13711,01/16/2021, 15:22:43,71
RBTR00001,Reboot Shortcut,13711,01/16/2021, 16:41:43,71
RBTR00001,Reboot Shortcut,13712,01/16/2021, 18:17:50,71
RBTR00001,Reboot Shortcut,13712,01/16/2021, 19:45:45,71
RBTR00001,Reboot Shortcut,13713,01/16/2021, 20:32:05,71
RBTR00001,Reboot Shortcut,13713,01/16/2021, 21:22:33,71
RBTR00001,Reboot Shortcut,13713,01/16/2021, 22:27:50,71
RBTR00001,Reboot Shortcut,13714,01/16/2021, 23:35:11,71
RBTR00001,Reboot Shortcut,13714,01/17/2021, 00:59:32,71
RBTR00001,Reboot Shortcut,13714,01/17/2021, 02:51:24,71
RBTR00001,Reboot Shortcut,13714,01/17/2021, 03:56:45,71
RBTR00001,Reboot Shortcut,13714,01/17/2021, 04:47:34,71
RBTR00001,Reboot Shortcut,13714,01/17/2021, 05:41:57,71
RBTR00001,Reboot Shortcut,13714,01/17/2021, 06:34:02,71
RBTR00001,Reboot Shortcut,13714,01/17/2021, 07:39:30,71
RBTR00001,Reboot Shortcut,13714,01/17/2021, 08:34:21,71
RBTR00001,Reboot Shortcut,13714,01/17/2021, 09:38:20,71
RBTR00001,Reboot Shortcut,13715,01/17/2021, 10:40:13,71
RBTR00001,Reboot Shortcut,13715,01/17/2021, 11:36:12,71
RBTR00001,Reboot Shortcut,13715,01/17/2021, 12:29:38,71
RBTR00001,Reboot Shortcut,13715,01/17/2021, 13:46:16,71
RBTR00001,Reboot Shortcut,13715,01/17/2021, 14:30:13,71
RBTR00001,Reboot Shortcut,13715,01/17/2021, 15:22:25,71
RBTR00001,Reboot Shortcut,13715,01/17/2021, 16:41:18,71
RBTR00001,Reboot Shortcut,13716,01/17/2021, 18:16:58,71
RBTR00001,Reboot Shortcut,13716,01/17/2021, 19:44:24,71
RBTR00001,Reboot Shortcut,13716,01/17/2021, 20:31:01,71
RBTR00001,Reboot Shortcut,13716,01/17/2021, 21:22:07,71
RBTR00001,Reboot Shortcut,13716,01/17/2021, 22:27:43,71
RBTR00001,Reboot Shortcut,13716,01/17/2021, 23:34:57,71
RBTR00001,Reboot Shortcut,13716,01/18/2021, 00:58:10,71
RBTR00001,Reboot Shortcut,13716,01/18/2021, 02:47:54,71
RBTR00001,Reboot Shortcut,13716,01/18/2021, 03:55:11,71
RBTR00001,Reboot Shortcut,13716,01/18/2021, 04:38:27,71
RBTR00001,Reboot Shortcut,13717,01/18/2021, 05:42:05,71
RBTR00001,Reboot Shortcut,13717,01/18/2021, 06:34:54,71
RBTR00001,Reboot Shortcut,13718,01/18/2021, 07:41:15,71
RBTR00001,Reboot Shortcut,13718,01/18/2021, 08:37:56,71
RBTR00001,Reboot Shortcut,13718,01/18/2021, 09:41:51,71
RBTR00001,Reboot Shortcut,13718,01/18/2021, 10:44:25,71
RBTR00001,Reboot Shortcut,13718,01/18/2021, 11:41:21,71
RBTR00001,Reboot Shortcut,13718,01/18/2021, 12:32:54,71
RBTR00001,Reboot Shortcut,13718,01/18/2021, 13:47:15,71
RBTR00001,Reboot Shortcut,13719,01/18/2021, 14:35:19,71
RBTR00001,Reboot Shortcut,13719,01/18/2021, 15:25:41,71
RBTR00001,Reboot Shortcut,13719,01/18/2021, 16:44:05,71
RBTR00001,Reboot Shortcut,13719,01/18/2021, 18:20:40,71
RBTR00001,Reboot Shortcut,13719,01/18/2021, 19:48:59,71
RBTR00001,Reboot Shortcut,13719,01/18/2021, 20:36:22,71
RBTR00001,Reboot Shortcut,13720,01/18/2021, 21:28:10,71
RBTR00001,Reboot Shortcut,13720,01/18/2021, 22:31:24,71
RBTR00001,Reboot Shortcut,13720,01/18/2021, 23:38:45,71
RBTR00001,Reboot Shortcut,13720,01/19/2021, 01:01:13,71
RBTR00001,Reboot Shortcut,13720,01/19/2021, 03:06:11,71
RBTR00001,Reboot Shortcut,13720,01/19/2021, 04:38:02,71
RBTR00001,Reboot Shortcut,13722,01/19/2021, 05:43:12,71
RBTR00001,Reboot Shortcut,13722,01/19/2021, 06:36:16,71
RBTR00001,Reboot Shortcut,13722,01/19/2021, 07:42:26,71
RBTR00001,Reboot Shortcut,13722,01/19/2021, 08:38:37,71
RBTR00001,Reboot Shortcut,13722,01/19/2021, 09:43:58,71
RBTR00001,Reboot Shortcut,13722,01/19/2021, 10:46:45,71
RBTR00001,Reboot Shortcut,13722,01/19/2021, 11:43:29,71
RBTR00001,Reboot Shortcut,13722,01/19/2021, 12:34:36,71
RBTR00001,Reboot Shortcut,13722,01/19/2021, 13:49:49,71
RBTR00001,Reboot Shortcut,13724,01/19/2021, 14:42:40,71
RBTR00001,Reboot Shortcut,13725,01/19/2021, 15:25:08,71
RBTR00001,Reboot Shortcut,13725,01/19/2021, 16:43:46,71
RBTR00001,Reboot Shortcut,13725,01/19/2021, 18:18:34,71
RBTR00001,Reboot Shortcut,13725,01/19/2021, 19:49:36,71
RBTR00001,Reboot Shortcut,13725,01/19/2021, 20:37:46,71
RBTR00001,Reboot Shortcut,13726,01/19/2021, 21:28:58,71
RBTR00001,Reboot Shortcut,13726,01/19/2021, 22:31:55,71
RBTR00001,Reboot Shortcut,13726,01/19/2021, 23:39:24,71
RBTR00001,Reboot Shortcut,13726,01/20/2021, 01:02:32,71
RBTR00001,Reboot Shortcut,13726,01/20/2021, 03:08:38,71
RBTR00001,Reboot Shortcut,13726,01/20/2021, 04:40:25,71
RBTR00001,Reboot Shortcut,13726,01/20/2021, 05:45:56,71
RBTR00001,Reboot Shortcut,13726,01/20/2021, 06:39:25,71
RBTR00001,Reboot Shortcut,13727,01/20/2021, 07:45:27,71
RBTR00001,Reboot Shortcut,13727,01/20/2021, 08:41:39,71
RBTR00001,Reboot Shortcut,13727,01/20/2021, 09:45:46,71
RBTR00001,Reboot Shortcut,13727,01/20/2021, 10:47:24,71
RBTR00001,Reboot Shortcut,13727,01/20/2021, 11:43:30,71
RBTR00001,Reboot Shortcut,13727,01/20/2021, 12:34:22,71
RBTR00001,Reboot Shortcut,13727,01/20/2021, 13:48:47,71
RBTR00001,Reboot Shortcut,13727,01/20/2021, 14:35:46,71
RBTR00001,Reboot Shortcut,13727,01/20/2021, 15:26:40,71
RBTR00001,Reboot Shortcut,13727,01/20/2021, 16:46:09,71
RBTR00001,Reboot Shortcut,13727,01/20/2021, 18:21:00,71
RBTR00001,Reboot Shortcut,13728,01/20/2021, 19:50:19,71
RBTR00001,Reboot Shortcut,13728,01/20/2021, 20:35:26,71
RBTR00001,Reboot Shortcut,13729,01/20/2021, 21:29:00,71
RBTR00001,Reboot Shortcut,13729,01/20/2021, 22:28:35,71
RBTR00001,Reboot Shortcut,13729,01/20/2021, 23:36:29,71
RBTR00001,Reboot Shortcut,13729,01/21/2021, 01:02:26,71
RBTR00001,Reboot Shortcut,13730,01/21/2021, 03:08:11,71
RBTR00001,Reboot Shortcut,13730,01/21/2021, 04:39:15,71
RBTR00001,Reboot Shortcut,13730,01/21/2021, 05:44:52,71
RBTR00001,Reboot Shortcut,13730,01/21/2021, 06:38:11,71
RBTR00001,Reboot Shortcut,13730,01/21/2021, 07:44:11,71
RBTR00001,Reboot Shortcut,13730,01/21/2021, 08:39:52,71
RBTR00001,Reboot Shortcut,13730,01/21/2021, 09:44:54,71
RBTR00001,Reboot Shortcut,13731,01/21/2021, 10:46:20,71
RBTR00001,Reboot Shortcut,13731,01/21/2021, 11:42:59,71
RBTR00001,Reboot Shortcut,13731,01/21/2021, 12:34:42,71
RBTR00001,Reboot Shortcut,13731,01/21/2021, 13:49:13,71
RBTR00001,Reboot Shortcut,13731,01/21/2021, 14:36:03,71
RBTR00001,Reboot Shortcut,13731,01/21/2021, 15:26:21,71
RBTR00001,Reboot Shortcut,13731,01/21/2021, 16:44:11,71
RBTR00001,Reboot Shortcut,13731,01/21/2021, 18:18:48,71
RBTR00001,Reboot Shortcut,13731,01/21/2021, 19:46:22,71
RBTR00001,Reboot Shortcut,13731,01/21/2021, 20:33:49,71
RBTR00001,Reboot Shortcut,13731,01/21/2021, 21:25:36,71
RBTR00001,Reboot Shortcut,13731,01/21/2021, 22:29:41,71
RBTR00001,Reboot Shortcut,13732,01/21/2021, 23:36:59,71
RBTR00001,Reboot Shortcut,13732,01/22/2021, 01:01:00,71
RBTR00001,Reboot Shortcut,13732,01/22/2021, 03:07:06,71
RBTR00001,Reboot Shortcut,13732,01/22/2021, 04:39:12,71
RBTR00001,Reboot Shortcut,13732,01/22/2021, 05:44:33,71
RBTR00001,Reboot Shortcut,13732,01/22/2021, 06:37:35,71
RBTR00001,Reboot Shortcut,13732,01/22/2021, 07:45:02,71
RBTR00001,Reboot Shortcut,13732,01/22/2021, 08:38:26,71
RBTR00001,Reboot Shortcut,13732,01/22/2021, 09:43:00,71
RBTR00001,Reboot Shortcut,13732,01/22/2021, 10:45:26,71
RBTR00001,Reboot Shortcut,13733,01/22/2021, 11:41:36,71
RBTR00001,Reboot Shortcut,13733,01/22/2021, 12:33:39,71
RBTR00001,Reboot Shortcut,13733,01/22/2021, 13:47:46,71
RBTR00001,Reboot Shortcut,13733,01/22/2021, 14:35:45,71
RBTR00001,Reboot Shortcut,13733,01/22/2021, 15:26:52,71
RBTR00001,Reboot Shortcut,13733,01/22/2021, 16:44:34,71
RBTR00001,Reboot Shortcut,13735,01/22/2021, 18:20:08,71
RBTR00001,Reboot Shortcut,13736,01/22/2021, 19:49:27,71
RBTR00001,Reboot Shortcut,13736,01/22/2021, 20:36:30,71
RBTR00001,Reboot Shortcut,13736,01/22/2021, 21:28:01,71
RBTR00001,Reboot Shortcut,13736,01/22/2021, 22:31:34,71
RBTR00001,Reboot Shortcut,13736,01/22/2021, 23:37:44,71
RBTR00001,Reboot Shortcut,13736,01/23/2021, 01:00:42,71
RBTR00001,Reboot Shortcut,13736,01/23/2021, 03:05:54,71
RBTR00001,Reboot Shortcut,13737,01/23/2021, 04:37:57,71
RBTR00001,Reboot Shortcut,13737,01/23/2021, 05:42:53,71
RBTR00001,Reboot Shortcut,13738,01/23/2021, 06:34:53,71
RBTR00001,Reboot Shortcut,13738,01/23/2021, 07:40:56,71
RBTR00001,Reboot Shortcut,13738,01/23/2021, 08:35:55,71
RBTR00001,Reboot Shortcut,13739,01/23/2021, 09:39:52,71
RBTR00001,Reboot Shortcut,13739,01/23/2021, 10:41:21,71
RBTR00001,Reboot Shortcut,13739,01/23/2021, 11:37:28,71
RBTR00001,Reboot Shortcut,13739,01/23/2021, 12:31:08,71
RBTR00001,Reboot Shortcut,13739,01/23/2021, 13:44:43,71
RBTR00001,Reboot Shortcut,13739,01/23/2021, 14:32:53,71
RBTR00001,Reboot Shortcut,13740,01/23/2021, 15:23:54,71
RBTR00001,Reboot Shortcut,13740,01/23/2021, 16:42:33,71
RBTR00001,Reboot Shortcut,13741,01/23/2021, 18:17:04,71
RBTR00001,Reboot Shortcut,13741,01/23/2021, 19:46:05,71
RBTR00001,Reboot Shortcut,13741,01/23/2021, 20:32:24,71
RBTR00001,Reboot Shortcut,13741,01/23/2021, 21:24:01,71
RBTR00001,Reboot Shortcut,13742,01/23/2021, 22:28:34,71
RBTR00001,Reboot Shortcut,13743,01/23/2021, 23:35:27,71
RBTR00001,Reboot Shortcut,13743,01/24/2021, 01:00:34,71
RBTR00001,Reboot Shortcut,13744,01/24/2021, 02:53:33,71
RBTR00001,Reboot Shortcut,13745,01/24/2021, 04:01:45,71
RBTR00001,Reboot Shortcut,13745,01/24/2021, 05:44:36,71
RBTR00001,Reboot Shortcut,13745,01/24/2021, 06:36:52,71
RBTR00001,Reboot Shortcut,13745,01/24/2021, 07:42:02,71
RBTR00001,Reboot Shortcut,13746,01/24/2021, 08:36:41,71
RBTR00001,Reboot Shortcut,13746,01/24/2021, 09:40:27,71
RBTR00001,Reboot Shortcut,13746,01/24/2021, 10:43:58,71
RBTR00001,Reboot Shortcut,13746,01/24/2021, 11:38:30,71
RBTR00001,Reboot Shortcut,13746,01/24/2021, 12:32:13,71
RBTR00001,Reboot Shortcut,13747,01/24/2021, 13:45:34,71
RBTR00001,Reboot Shortcut,13747,01/24/2021, 14:33:01,71
RBTR00001,Reboot Shortcut,13749,01/24/2021, 15:25:12,71
RBTR00001,Reboot Shortcut,13749,01/24/2021, 16:43:54,71
RBTR00001,Reboot Shortcut,13751,01/24/2021, 18:18:20,71
RBTR00001,Reboot Shortcut,13751,01/24/2021, 19:46:51,71
RBTR00001,Reboot Shortcut,13752,01/24/2021, 20:33:59,71
RBTR00001,Reboot Shortcut,13752,01/24/2021, 21:25:17,71
RBTR00001,Reboot Shortcut,13752,01/24/2021, 22:29:56,71
RBTR00001,Reboot Shortcut,13753,01/24/2021, 23:36:03,71
RBTR00001,Reboot Shortcut,13753,01/25/2021, 01:00:35,71
RBTR00001,Reboot Shortcut,13753,01/25/2021, 02:53:05,71
RBTR00001,Reboot Shortcut,13754,01/25/2021, 04:01:44,71
RBTR00001,Reboot Shortcut,13755,01/25/2021, 05:43:58,71
RBTR00001,Reboot Shortcut,13755,01/25/2021, 06:37:24,71
RBTR00001,Reboot Shortcut,13755,01/25/2021, 07:42:58,71
RBTR00001,Reboot Shortcut,13755,01/25/2021, 08:38:35,71
RBTR00001,Reboot Shortcut,13755,01/25/2021, 09:43:36,71
RBTR00001,Reboot Shortcut,13755,01/25/2021, 10:45:34,71
RBTR00001,Reboot Shortcut,13755,01/25/2021, 11:41:56,71
RBTR00001,Reboot Shortcut,13755,01/25/2021, 12:33:48,71
RBTR00001,Reboot Shortcut,13755,01/25/2021, 13:48:11,71
RBTR00001,Reboot Shortcut,13755,01/25/2021, 14:36:08,71
RBTR00001,Reboot Shortcut,13755,01/25/2021, 15:26:56,71
RBTR00001,Reboot Shortcut,13755,01/25/2021, 16:44:10,71
RBTR00001,Reboot Shortcut,13755,01/25/2021, 18:19:30,71
RBTR00001,Reboot Shortcut,13755,01/25/2021, 19:49:10,71
RBTR00001,Reboot Shortcut,13755,01/25/2021, 20:35:45,71
RBTR00001,Reboot Shortcut,13755,01/25/2021, 21:28:03,71
RBTR00001,Reboot Shortcut,13755,01/25/2021, 22:22:09,71
RBTR00001,Reboot Shortcut,13755,01/25/2021, 23:17:49,71
RBTR00001,Reboot Shortcut,13756,01/26/2021, 00:30:54,71
RBTR00001,Reboot Shortcut,13757,01/26/2021, 01:51:58,71
RBTR00001,Reboot Shortcut,13757,01/26/2021, 02:29:33,71
RBTR00001,Reboot Shortcut,13757,01/26/2021, 03:16:40,71
RBTR00001,Reboot Shortcut,13757,01/26/2021, 04:15:31,71
RBTR00001,Reboot Shortcut,13758,01/26/2021, 05:14:52,71
RBTR00001,Reboot Shortcut,13760,01/26/2021, 06:12:42,71
RBTR00001,Reboot Shortcut,13761,01/26/2021, 07:14:00,71
RBTR00001,Reboot Shortcut,13761,01/26/2021, 08:14:31,71
RBTR00001,Reboot Shortcut,13761,01/26/2021, 09:14:14,71
RBTR00001,Reboot Shortcut,13761,01/26/2021, 10:13:36,71
RBTR00001,Reboot Shortcut,13761,01/26/2021, 11:11:16,71
RBTR00001,Reboot Shortcut,13761,01/26/2021, 12:15:23,71
RBTR00001,Reboot Shortcut,13761,01/26/2021, 13:23:59,71
RBTR00001,Reboot Shortcut,13761,01/26/2021, 14:12:10,71
RBTR00001,Reboot Shortcut,13761,01/26/2021, 15:10:46,71
RBTR00001,Reboot Shortcut,13761,01/26/2021, 16:20:47,71
RBTR00001,Reboot Shortcut,13762,01/26/2021, 17:37:30,71
RBTR00001,Reboot Shortcut,13762,01/26/2021, 18:22:12,71
RBTR00001,Reboot Shortcut,13762,01/26/2021, 19:18:37,71
RBTR00001,Reboot Shortcut,13762,01/26/2021, 20:11:31,71
RBTR00001,Reboot Shortcut,13762,01/26/2021, 21:09:50,71
RBTR00001,Reboot Shortcut,13762,01/26/2021, 22:12:02,71
RBTR00001,Reboot Shortcut,13762,01/26/2021, 23:12:23,71
RBTR00001,Reboot Shortcut,13762,01/27/2021, 00:28:48,71
RBTR00001,Reboot Shortcut,13762,01/27/2021, 01:50:41,71
RBTR00001,Reboot Shortcut,13762,01/27/2021, 02:29:34,71
RBTR00001,Reboot Shortcut,13762,01/27/2021, 03:16:55,71
RBTR00001,Reboot Shortcut,13762,01/27/2021, 04:16:00,71
RBTR00001,Reboot Shortcut,13762,01/27/2021, 05:15:31,71
RBTR00001,Reboot Shortcut,13762,01/27/2021, 06:13:32,71
RBTR00001,Reboot Shortcut,13762,01/27/2021, 07:12:59,71
RBTR00001,Reboot Shortcut,13762,01/27/2021, 08:14:25,71
RBTR00001,Reboot Shortcut,13762,01/27/2021, 09:14:09,71
RBTR00001,Reboot Shortcut,13762,01/27/2021, 10:13:44,71
RBTR00001,Reboot Shortcut,13762,01/27/2021, 11:11:05,71
RBTR00001,Reboot Shortcut,13762,01/27/2021, 12:15:47,71
RBTR00001,Reboot Shortcut,13762,01/27/2021, 13:21:23,71
RBTR00001,Reboot Shortcut,13762,01/27/2021, 14:11:57,71
RBTR00001,Reboot Shortcut,13762,01/27/2021, 15:10:34,71
RBTR00001,Reboot Shortcut,13764,01/27/2021, 16:21:09,71
RBTR00001,Reboot Shortcut,13765,01/27/2021, 17:38:29,71
RBTR00001,Reboot Shortcut,13765,01/27/2021, 18:23:26,71
RBTR00001,Reboot Shortcut,13765,01/27/2021, 19:19:39,71
RBTR00001,Reboot Shortcut,13765,01/27/2021, 20:11:21,71
RBTR00001,Reboot Shortcut,13765,01/27/2021, 21:09:44,71
RBTR00001,Reboot Shortcut,13766,01/27/2021, 22:11:53,71
RBTR00001,Reboot Shortcut,13766,01/27/2021, 23:13:35,71
RBTR00001,Reboot Shortcut,13766,01/28/2021, 00:30:47,71
RBTR00001,Reboot Shortcut,13766,01/28/2021, 01:52:54,71
RBTR00001,Reboot Shortcut,13766,01/28/2021, 02:30:42,71
RBTR00001,Reboot Shortcut,13766,01/28/2021, 03:17:46,71
RBTR00001,Reboot Shortcut,13767,01/28/2021, 07:29:45,71
RBTR00001,Reboot Shortcut,13767,01/28/2021, 07:57:29,71
RBTR00001,Reboot Shortcut,13768,01/28/2021, 08:29:23,71
RBTR00001,Reboot Shortcut,13768,01/28/2021, 08:57:26,71
RBTR00001,Reboot Shortcut,13768,01/28/2021, 09:28:58,71
RBTR00001,Reboot Shortcut,13768,01/28/2021, 10:15:12,71
RBTR00001,Reboot Shortcut,13768,01/28/2021, 11:13:04,71
RBTR00001,Reboot Shortcut,13768,01/28/2021, 12:15:35,71
RBTR00001,Reboot Shortcut,13768,01/28/2021, 13:22:15,71
RBTR00001,Reboot Shortcut,13769,01/28/2021, 14:11:58,71
RBTR00001,Reboot Shortcut,13770,01/28/2021, 15:12:36,71
RBTR00001,Reboot Shortcut,13770,01/28/2021, 16:21:34,71
RBTR00001,Reboot Shortcut,13770,01/28/2021, 17:39:26,71
RBTR00001,Reboot Shortcut,13770,01/28/2021, 18:25:02,71
RBTR00001,Reboot Shortcut,13770,01/28/2021, 19:21:01,71
RBTR00001,Reboot Shortcut,13770,01/28/2021, 20:11:01,71
RBTR00001,Reboot Shortcut,13770,01/28/2021, 21:09:29,71
RBTR00001,Reboot Shortcut,13770,01/28/2021, 22:12:23,71
RBTR00001,Reboot Shortcut,13770,01/28/2021, 23:14:51,71
RBTR00001,Reboot Shortcut,13770,01/29/2021, 00:28:47,71
RBTR00001,Reboot Shortcut,13770,01/29/2021, 01:51:01,71
RBTR00001,Reboot Shortcut,13770,01/29/2021, 02:30:32,71
RBTR00001,Reboot Shortcut,13771,01/29/2021, 03:18:49,71
RBTR00001,Reboot Shortcut,13771,01/29/2021, 04:18:41,71
RBTR00001,Reboot Shortcut,13771,01/29/2021, 05:17:42,71
RBTR00001,Reboot Shortcut,13772,01/29/2021, 06:12:42,71
RBTR00001,Reboot Shortcut,13772,01/29/2021, 07:15:51,71
RBTR00001,Reboot Shortcut,13773,01/29/2021, 08:14:25,71
RBTR00001,Reboot Shortcut,13773,01/29/2021, 09:16:01,71
RBTR00001,Reboot Shortcut,13773,01/29/2021, 10:15:16,71
RBTR00001,Reboot Shortcut,13773,01/29/2021, 11:12:37,71
RBTR00001,Reboot Shortcut,13773,01/29/2021, 12:15:37,71
RBTR00001,Reboot Shortcut,13773,01/29/2021, 13:21:56,71
RBTR00001,Reboot Shortcut,13773,01/29/2021, 14:11:57,71
RBTR00001,Reboot Shortcut,13773,01/29/2021, 15:10:47,71
RBTR00001,Reboot Shortcut,13773,01/29/2021, 16:21:50,71
RBTR00001,Reboot Shortcut,13775,01/29/2021, 17:40:52,71
RBTR00001,Reboot Shortcut,13775,01/29/2021, 18:25:53,71
RBTR00001,Reboot Shortcut,13775,01/29/2021, 19:21:31,71
RBTR00001,Reboot Shortcut,13775,01/29/2021, 20:11:21,71
RBTR00001,Reboot Shortcut,13775,01/29/2021, 21:10:03,71
RBTR00001,Reboot Shortcut,13775,01/29/2021, 22:11:54,71
RBTR00001,Reboot Shortcut,13775,01/29/2021, 23:13:16,71
RBTR00001,Reboot Shortcut,13776,01/30/2021, 00:29:22,71
RBTR00001,Reboot Shortcut,13776,01/30/2021, 01:51:23,71
RBTR00001,Reboot Shortcut,13776,01/30/2021, 02:30:28,71
RBTR00001,Reboot Shortcut,13776,01/30/2021, 03:17:49,71
RBTR00001,Reboot Shortcut,13776,01/30/2021, 04:16:40,71
RBTR00001,Reboot Shortcut,13776,01/30/2021, 05:16:10,71
RBTR00001,Reboot Shortcut,13776,01/30/2021, 06:12:49,71
RBTR00001,Reboot Shortcut,13777,01/30/2021, 07:14:04,71
RBTR00001,Reboot Shortcut,13778,01/30/2021, 08:13:30,71
RBTR00001,Reboot Shortcut,13779,01/30/2021, 09:13:52,71
RBTR00001,Reboot Shortcut,13779,01/30/2021, 10:14:44,71
RBTR00001,Reboot Shortcut,13779,01/30/2021, 11:11:41,71
RBTR00001,Reboot Shortcut,13779,01/30/2021, 12:15:07,71
RBTR00001,Reboot Shortcut,13780,01/30/2021, 13:20:32,71
RBTR00001,Reboot Shortcut,13780,01/30/2021, 14:11:41,71
RBTR00001,Reboot Shortcut,13780,01/30/2021, 15:10:17,71
RBTR00001,Reboot Shortcut,13780,01/30/2021, 16:21:15,71
RBTR00001,Reboot Shortcut,13780,01/30/2021, 17:38:25,71
RBTR00001,Reboot Shortcut,13783,01/30/2021, 18:25:37,71
RBTR00001,Reboot Shortcut,13784,01/30/2021, 19:18:13,71
RBTR00001,Reboot Shortcut,13784,01/30/2021, 20:11:42,71
RBTR00001,Reboot Shortcut,13784,01/30/2021, 21:09:48,71
RBTR00001,Reboot Shortcut,13784,01/30/2021, 22:11:51,71
RBTR00001,Reboot Shortcut,13785,01/30/2021, 23:13:15,71
RBTR00001,Reboot Shortcut,13785,01/31/2021, 00:31:01,71
RBTR00001,Reboot Shortcut,13785,01/31/2021, 01:54:54,71
RBTR00001,Reboot Shortcut,13785,01/31/2021, 02:32:17,71
RBTR00001,Reboot Shortcut,13785,01/31/2021, 03:17:50,71
RBTR00001,Reboot Shortcut,13785,01/31/2021, 04:16:43,71
RBTR00001,Reboot Shortcut,13785,01/31/2021, 05:16:57,71
RBTR00001,Reboot Shortcut,13785,01/31/2021, 06:12:46,71
RBTR00001,Reboot Shortcut,13786,01/31/2021, 07:14:30,71
RBTR00001,Reboot Shortcut,13786,01/31/2021, 08:14:58,71
RBTR00001,Reboot Shortcut,13786,01/31/2021, 09:15:46,71
RBTR00001,Reboot Shortcut,13786,01/31/2021, 10:13:31,71
RBTR00001,Reboot Shortcut,13786,01/31/2021, 11:11:30,71
RBTR00001,Reboot Shortcut,13786,01/31/2021, 12:15:21,71
RBTR00001,Reboot Shortcut,13786,01/31/2021, 13:20:24,71
RBTR00001,Reboot Shortcut,13786,01/31/2021, 14:11:31,71
RBTR00001,Reboot Shortcut,13786,01/31/2021, 15:10:42,71
RBTR00001,Reboot Shortcut,13786,01/31/2021, 16:21:13,71
RBTR00001,Reboot Shortcut,13786,01/31/2021, 17:38:38,71
RBTR00001,Reboot Shortcut,13786,01/31/2021, 18:22:50,71
RBTR00001,Reboot Shortcut,13786,01/31/2021, 19:18:50,71
RBTR00001,Reboot Shortcut,13787,01/31/2021, 20:11:39,71
RBTR00001,Reboot Shortcut,13787,01/31/2021, 21:14:03,71
RBTR00001,Reboot Shortcut,13787,01/31/2021, 22:11:57,71
RBTR00001,Reboot Shortcut,13787,01/31/2021, 23:13:28,71
RBTR00001,Reboot Shortcut,13787,02/01/2021, 00:31:33,71
RBTR00001,Reboot Shortcut,13787,02/01/2021, 01:55:59,71
RBTR00001,Reboot Shortcut,13787,02/01/2021, 02:34:24,71
RBTR00001,Reboot Shortcut,13787,02/01/2021, 03:18:42,71
RBTR00001,Reboot Shortcut,13787,02/01/2021, 04:17:49,71
RBTR00001,Reboot Shortcut,13787,02/01/2021, 05:21:13,71
RBTR00001,Reboot Shortcut,13787,02/01/2021, 06:12:51,71
RBTR00001,Reboot Shortcut,13787,02/01/2021, 07:15:47,71
RBTR00001,Reboot Shortcut,13787,02/01/2021, 08:14:40,71
RBTR00001,Reboot Shortcut,13787,02/01/2021, 09:16:00,71
RBTR00001,Reboot Shortcut,13787,02/01/2021, 10:15:57,71
RBTR00001,Reboot Shortcut,13787,02/01/2021, 11:12:09,71
RBTR00001,Reboot Shortcut,13787,02/01/2021, 12:15:59,71
RBTR00001,Reboot Shortcut,13787,02/01/2021, 13:22:13,71
RBTR00001,Reboot Shortcut,13787,02/01/2021, 14:11:59,71
RBTR00001,Reboot Shortcut,13787,02/01/2021, 15:22:33,71
RBTR00001,Reboot Shortcut,13787,02/01/2021, 16:21:36,71
RBTR00001,Reboot Shortcut,13787,02/01/2021, 17:40:53,71
RBTR00001,Reboot Shortcut,13787,02/01/2021, 18:25:38,71
RBTR00001,Reboot Shortcut,13787,02/01/2021, 19:21:08,71
RBTR00001,Reboot Shortcut,13787,02/01/2021, 20:11:33,71
RBTR00001,Reboot Shortcut,13789,02/01/2021, 21:08:10,71
RBTR00001,Reboot Shortcut,13789,02/01/2021, 22:12:24,71
RBTR00001,Reboot Shortcut,13789,02/01/2021, 23:14:30,71
RBTR00001,Reboot Shortcut,13789,02/02/2021, 00:30:31,71
RBTR00001,Reboot Shortcut,13789,02/02/2021, 01:50:51,71
RBTR00001,Reboot Shortcut,13790,02/02/2021, 02:31:40,71
RBTR00001,Reboot Shortcut,13790,02/02/2021, 03:18:45,71
RBTR00001,Reboot Shortcut,13790,02/02/2021, 04:18:07,71
RBTR00001,Reboot Shortcut,13790,02/02/2021, 05:23:06,71
RBTR00001,Reboot Shortcut,13790,02/02/2021, 06:12:54,71
RBTR00001,Reboot Shortcut,13790,02/02/2021, 07:15:21,71
RBTR00001,Reboot Shortcut,13790,02/02/2021, 08:14:12,71
RBTR00001,Reboot Shortcut,13791,02/02/2021, 09:15:11,71
RBTR00001,Reboot Shortcut,13791,02/02/2021, 10:14:46,71
RBTR00001,Reboot Shortcut,13791,02/02/2021, 11:12:14,71
RBTR00001,Reboot Shortcut,13791,02/02/2021, 12:15:48,71
RBTR00001,Reboot Shortcut,13791,02/02/2021, 13:22:06,71
RBTR00001,Reboot Shortcut,13791,02/02/2021, 14:11:58,71
RBTR00001,Reboot Shortcut,13792,02/02/2021, 15:10:56,71
RBTR00001,Reboot Shortcut,13792,02/02/2021, 16:21:40,71
RBTR00001,Reboot Shortcut,13792,02/02/2021, 17:41:09,71
RBTR00001,Reboot Shortcut,13792,02/02/2021, 18:25:20,71
RBTR00001,Reboot Shortcut,13792,02/02/2021, 19:17:12,71
RBTR00001,Reboot Shortcut,13792,02/02/2021, 20:11:02,71
RBTR00001,Reboot Shortcut,13792,02/02/2021, 21:09:43,71
RBTR00001,Reboot Shortcut,13792,02/02/2021, 22:12:27,71
RBTR00001,Reboot Shortcut,13792,02/02/2021, 23:10:55,71
RBTR00001,Reboot Shortcut,13792,02/03/2021, 00:25:33,71
RBTR00001,Reboot Shortcut,13792,02/03/2021, 01:41:38,71
RBTR00001,Reboot Shortcut,13793,02/03/2021, 02:25:30,71
RBTR00001,Reboot Shortcut,13793,02/03/2021, 03:13:33,71
RBTR00001,Reboot Shortcut,13793,02/03/2021, 04:13:03,71
RBTR00001,Reboot Shortcut,13793,02/03/2021, 05:12:03,71
RBTR00001,Reboot Shortcut,13793,02/03/2021, 06:12:02,71
RBTR00001,Reboot Shortcut,13793,02/03/2021, 07:11:02,71
RBTR00001,Reboot Shortcut,13793,02/03/2021, 08:13:03,71
RBTR00001,Reboot Shortcut,13794,02/03/2021, 09:11:44,71
RBTR00001,Reboot Shortcut,13795,02/03/2021, 10:11:33,71
RBTR00001,Reboot Shortcut,13795,02/03/2021, 12:14:47,71
RBTR00001,Reboot Shortcut,13795,02/03/2021, 13:18:01,71
RBTR00001,Reboot Shortcut,13795,02/03/2021, 14:14:46,71
RBTR00001,Reboot Shortcut,13795,02/03/2021, 15:12:59,71
RBTR00001,Reboot Shortcut,13795,02/03/2021, 16:18:11,71
RBTR00001,Reboot Shortcut,13795,02/03/2021, 17:33:14,71
RBTR00001,Reboot Shortcut,13795,02/03/2021, 18:17:09,71
RBTR00001,Reboot Shortcut,13796,02/03/2021, 19:13:02,71
RBTR00001,Reboot Shortcut,13796,02/03/2021, 20:11:09,71
RBTR00001,Reboot Shortcut,13796,02/03/2021, 21:09:29,71
RBTR00001,Reboot Shortcut,13796,02/03/2021, 22:10:41,71
RBTR00001,Reboot Shortcut,13797,02/03/2021, 23:10:23,71
RBTR00001,Reboot Shortcut,13797,02/04/2021, 00:24:31,71
RBTR00001,Reboot Shortcut,13797,02/04/2021, 01:33:27,71
RBTR00001,Reboot Shortcut,13797,02/04/2021, 02:15:32,71
RBTR00001,Reboot Shortcut,13797,02/04/2021, 03:09:25,71
RBTR00001,Reboot Shortcut,13797,02/04/2021, 04:11:57,71
RBTR00001,Reboot Shortcut,13797,02/04/2021, 05:09:32,71
RBTR00001,Reboot Shortcut,13797,02/04/2021, 06:10:41,71
RBTR00001,Reboot Shortcut,13797,02/04/2021, 07:10:32,71
RBTR00001,Reboot Shortcut,13797,02/04/2021, 08:12:00,71
RBTR00001,Reboot Shortcut,13798,02/04/2021, 09:10:18,71
RBTR00001,Reboot Shortcut,13798,02/04/2021, 10:11:00,71
RBTR00001,Reboot Shortcut,13798,02/04/2021, 11:09:10,71
RBTR00001,Reboot Shortcut,13798,02/04/2021, 12:23:08,71
RBTR00001,Reboot Shortcut,13798,02/04/2021, 13:09:34,71
RBTR00001,Reboot Shortcut,13798,02/04/2021, 14:09:54,71
RBTR00001,Reboot Shortcut,13798,02/04/2021, 15:09:31,71
RBTR00001,Reboot Shortcut,13798,02/04/2021, 16:16:04,71
RBTR00001,Reboot Shortcut,13798,02/04/2021, 17:20:06,71
RBTR00001,Reboot Shortcut,13798,02/04/2021, 18:10:52,71
RBTR00001,Reboot Shortcut,13798,02/04/2021, 19:07:43,71
RBTR00001,Reboot Shortcut,13798,02/04/2021, 20:10:04,71
RBTR00001,Reboot Shortcut,13798,02/04/2021, 21:07:30,71
RBTR00001,Reboot Shortcut,13798,02/04/2021, 22:10:46,71
RBTR00001,Reboot Shortcut,13798,02/04/2021, 23:10:33,71
RBTR00001,Reboot Shortcut,13798,02/05/2021, 00:23:52,71
RBTR00001,Reboot Shortcut,13798,02/05/2021, 01:33:39,71
RBTR00001,Reboot Shortcut,13798,02/05/2021, 02:15:11,71
RBTR00001,Reboot Shortcut,13798,02/05/2021, 03:10:10,71
RBTR00001,Reboot Shortcut,13798,02/05/2021, 04:11:59,71
RBTR00001,Reboot Shortcut,13798,02/05/2021, 05:09:33,71
RBTR00001,Reboot Shortcut,13798,02/05/2021, 06:11:37,71
RBTR00001,Reboot Shortcut,13798,02/05/2021, 07:09:28,71
RBTR00001,Reboot Shortcut,13798,02/05/2021, 08:11:51,71
RBTR00001,Reboot Shortcut,13798,02/05/2021, 09:10:43,71
RBTR00001,Reboot Shortcut,13798,02/05/2021, 10:10:38,71
RBTR00001,Reboot Shortcut,13798,02/05/2021, 11:09:16,71
RBTR00001,Reboot Shortcut,13798,02/05/2021, 12:12:46,71
RBTR00001,Reboot Shortcut,13798,02/05/2021, 13:09:08,71
RBTR00001,Reboot Shortcut,13798,02/05/2021, 14:10:08,71
RBTR00001,Reboot Shortcut,13799,02/05/2021, 15:09:05,71
RBTR00001,Reboot Shortcut,13799,02/05/2021, 16:15:46,71
RBTR00001,Reboot Shortcut,13799,02/05/2021, 17:21:47,71
RBTR00001,Reboot Shortcut,13799,02/05/2021, 18:10:57,71
RBTR00001,Reboot Shortcut,13800,02/05/2021, 19:07:29,71
RBTR00001,Reboot Shortcut,13800,02/05/2021, 20:09:53,71
RBTR00001,Reboot Shortcut,13800,02/05/2021, 21:08:31,71
RBTR00001,Reboot Shortcut,13800,02/05/2021, 22:10:48,71
RBTR00001,Reboot Shortcut,13800,02/05/2021, 23:10:19,71
RBTR00001,Reboot Shortcut,13800,02/06/2021, 00:23:33,71
RBTR00001,Reboot Shortcut,13800,02/06/2021, 01:32:30,71
RBTR00001,Reboot Shortcut,13800,02/06/2021, 02:14:06,71
RBTR00001,Reboot Shortcut,13801,02/06/2021, 03:10:19,71
RBTR00001,Reboot Shortcut,13801,02/06/2021, 04:11:48,71
RBTR00001,Reboot Shortcut,13801,02/06/2021, 05:09:30,71
RBTR00001,Reboot Shortcut,13801,02/06/2021, 06:11:51,71
RBTR00001,Reboot Shortcut,13801,02/06/2021, 07:10:49,71
RBTR00001,Reboot Shortcut,13801,02/06/2021, 08:12:05,71
RBTR00001,Reboot Shortcut,13801,02/06/2021, 09:10:09,71
RBTR00001,Reboot Shortcut,13801,02/06/2021, 10:10:34,71
RBTR00001,Reboot Shortcut,13801,02/06/2021, 11:09:23,71
RBTR00001,Reboot Shortcut,13801,02/06/2021, 12:12:43,71
RBTR00001,Reboot Shortcut,13801,02/06/2021, 13:08:29,71
RBTR00001,Reboot Shortcut,13801,02/06/2021, 14:09:29,71
RBTR00001,Reboot Shortcut,13801,02/06/2021, 15:09:04,71
RBTR00001,Reboot Shortcut,13801,02/06/2021, 16:15:17,71
RBTR00001,Reboot Shortcut,13801,02/06/2021, 17:21:36,71
RBTR00001,Reboot Shortcut,13802,02/06/2021, 18:11:01,71
RBTR00001,Reboot Shortcut,13802,02/06/2021, 19:07:21,71
RBTR00001,Reboot Shortcut,13802,02/06/2021, 20:09:39,71
RBTR00001,Reboot Shortcut,13802,02/06/2021, 21:08:12,71
RBTR00001,Reboot Shortcut,13803,02/06/2021, 22:10:32,71
RBTR00001,Reboot Shortcut,13804,02/06/2021, 23:10:00,71
RBTR00001,Reboot Shortcut,13804,02/07/2021, 00:24:25,71
RBTR00001,Reboot Shortcut,13804,02/07/2021, 01:34:27,71
RBTR00001,Reboot Shortcut,13804,02/07/2021, 02:15:17,71
RBTR00001,Reboot Shortcut,13804,02/07/2021, 03:09:58,71
RBTR00001,Reboot Shortcut,13804,02/07/2021, 04:11:45,71
RBTR00001,Reboot Shortcut,13804,02/07/2021, 05:09:29,71
RBTR00001,Reboot Shortcut,13804,02/07/2021, 06:11:48,71
RBTR00001,Reboot Shortcut,13804,02/07/2021, 07:09:34,71
RBTR00001,Reboot Shortcut,13804,02/07/2021, 08:11:34,71
RBTR00001,Reboot Shortcut,13804,02/07/2021, 09:10:00,71
RBTR00001,Reboot Shortcut,13804,02/07/2021, 10:10:31,71
RBTR00001,Reboot Shortcut,13804,02/07/2021, 11:09:16,71
RBTR00001,Reboot Shortcut,13804,02/07/2021, 12:16:54,71
RBTR00001,Reboot Shortcut,13804,02/07/2021, 13:08:40,71
RBTR00001,Reboot Shortcut,13804,02/07/2021, 14:09:32,71
RBTR00001,Reboot Shortcut,13805,02/07/2021, 15:08:57,71
RBTR00001,Reboot Shortcut,13805,02/07/2021, 16:15:30,71
RBTR00001,Reboot Shortcut,13805,02/07/2021, 17:21:05,71
RBTR00001,Reboot Shortcut,13805,02/07/2021, 18:10:49,71
RBTR00001,Reboot Shortcut,13806,02/07/2021, 19:07:28,71
RBTR00001,Reboot Shortcut,13806,02/07/2021, 20:11:57,71
RBTR00001,Reboot Shortcut,13807,02/07/2021, 21:15:36,71
RBTR00001,Reboot Shortcut,13807,02/07/2021, 22:10:42,71
RBTR00001,Reboot Shortcut,13807,02/07/2021, 23:10:14,71
RBTR00001,Reboot Shortcut,13808,02/08/2021, 00:23:46,71
RBTR00001,Reboot Shortcut,13808,02/08/2021, 01:34:02,71
RBTR00001,Reboot Shortcut,13809,02/08/2021, 02:15:27,71
RBTR00001,Reboot Shortcut,13809,02/08/2021, 03:10:09,71
RBTR00001,Reboot Shortcut,13809,02/08/2021, 04:11:59,71
RBTR00001,Reboot Shortcut,13810,02/08/2021, 05:09:36,71
RBTR00001,Reboot Shortcut,13810,02/08/2021, 06:11:06,71
RBTR00001,Reboot Shortcut,13810,02/08/2021, 07:09:40,71
RBTR00001,Reboot Shortcut,13810,02/08/2021, 08:17:48,71
RBTR00001,Reboot Shortcut,13810,02/08/2021, 09:10:14,71
RBTR00001,Reboot Shortcut,13810,02/08/2021, 10:11:01,71
RBTR00001,Reboot Shortcut,13811,02/08/2021, 11:09:13,71
RBTR00001,Reboot Shortcut,13812,02/08/2021, 12:12:48,71
RBTR00001,Reboot Shortcut,13812,02/08/2021, 13:09:38,71
RBTR00001,Reboot Shortcut,13812,02/08/2021, 14:10:11,71
RBTR00001,Reboot Shortcut,13812,02/08/2021, 15:09:35,71
RBTR00001,Reboot Shortcut,13812,02/08/2021, 16:17:52,71
RBTR00001,Reboot Shortcut,13813,02/08/2021, 17:21:48,71
RBTR00001,Reboot Shortcut,13813,02/08/2021, 18:11:12,71
RBTR00001,Reboot Shortcut,13813,02/08/2021, 19:07:21,71
RBTR00001,Reboot Shortcut,13813,02/08/2021, 20:10:12,71
RBTR00001,Reboot Shortcut,13813,02/08/2021, 21:08:40,71
RBTR00001,Reboot Shortcut,13813,02/08/2021, 22:09:26,71
RBTR00001,Reboot Shortcut,13813,02/08/2021, 23:10:04,71
RBTR00001,Reboot Shortcut,13814,02/09/2021, 00:23:39,71
RBTR00001,Reboot Shortcut,13815,02/09/2021, 01:33:27,71
RBTR00001,Reboot Shortcut,13816,02/09/2021, 02:14:20,71
RBTR00001,Reboot Shortcut,13816,02/09/2021, 03:10:37,71
RBTR00001,Reboot Shortcut,13816,02/09/2021, 04:11:38,71
RBTR00001,Reboot Shortcut,13816,02/09/2021, 05:09:38,71
RBTR00001,Reboot Shortcut,13817,02/09/2021, 06:10:31,71
RBTR00001,Reboot Shortcut,13817,02/09/2021, 07:09:41,71
RBTR00001,Reboot Shortcut,13817,02/09/2021, 08:11:56,71
RBTR00001,Reboot Shortcut,13817,02/09/2021, 09:10:09,71
RBTR00001,Reboot Shortcut,13817,02/09/2021, 10:10:48,71
RBTR00001,Reboot Shortcut,13817,02/09/2021, 11:09:28,71
RBTR00001,Reboot Shortcut,13817,02/09/2021, 12:13:03,71
RBTR00001,Reboot Shortcut,13817,02/09/2021, 13:09:20,71
RBTR00001,Reboot Shortcut,13817,02/09/2021, 14:09:56,71
RBTR00001,Reboot Shortcut,13817,02/09/2021, 15:21:01,71
RBTR00001,Reboot Shortcut,13817,02/09/2021, 16:40:31,71
RBTR00001,Reboot Shortcut,13818,02/09/2021, 17:21:35,71
RBTR00001,Reboot Shortcut,13818,02/09/2021, 18:11:09,71
RBTR00001,Reboot Shortcut,13818,02/09/2021, 19:07:47,71
RBTR00001,Reboot Shortcut,13818,02/09/2021, 20:09:59,71
RBTR00001,Reboot Shortcut,13818,02/09/2021, 21:08:40,71
RBTR00001,Reboot Shortcut,13818,02/09/2021, 22:10:55,71
RBTR00001,Reboot Shortcut,13819,02/09/2021, 23:10:38,71
RBTR00001,Reboot Shortcut,13819,02/10/2021, 00:23:49,71
RBTR00001,Reboot Shortcut,13821,02/10/2021, 01:33:00,71
RBTR00001,Reboot Shortcut,13821,02/10/2021, 02:11:28,71
RBTR00001,Reboot Shortcut,13821,02/10/2021, 03:10:46,71
RBTR00001,Reboot Shortcut,13821,02/10/2021, 04:11:53,71
RBTR00001,Reboot Shortcut,13822,02/10/2021, 05:10:43,71
RBTR00001,Reboot Shortcut,13823,02/10/2021, 06:11:18,71
RBTR00001,Reboot Shortcut,13823,02/10/2021, 07:10:00,71
RBTR00001,Reboot Shortcut,13823,02/10/2021, 08:12:04,71
RBTR00001,Reboot Shortcut,13823,02/10/2021, 09:10:45,71
RBTR00001,Reboot Shortcut,13823,02/10/2021, 10:10:52,71
RBTR00001,Reboot Shortcut,13823,02/10/2021, 11:09:36,71
RBTR00001,Reboot Shortcut,13823,02/10/2021, 12:13:13,71
RBTR00001,Reboot Shortcut,13823,02/10/2021, 13:09:50,71
RBTR00001,Reboot Shortcut,13823,02/10/2021, 14:10:22,71
RBTR00001,Reboot Shortcut,13823,02/10/2021, 15:09:38,71
RBTR00001,Reboot Shortcut,13823,02/10/2021, 16:15:54,71
RBTR00001,Reboot Shortcut,13823,02/10/2021, 17:21:51,71
RBTR00001,Reboot Shortcut,13823,02/10/2021, 18:11:01,71
RBTR00001,Reboot Shortcut,13823,02/10/2021, 19:07:38,71
RBTR00001,Reboot Shortcut,13823,02/10/2021, 20:10:09,71
RBTR00001,Reboot Shortcut,13823,02/10/2021, 21:09:02,71
RBTR00001,Reboot Shortcut,13823,02/10/2021, 22:10:52,71
RBTR00001,Reboot Shortcut,13823,02/10/2021, 23:10:31,71
RBTR00001,Reboot Shortcut,13823,02/11/2021, 00:23:50,71
RBTR00001,Reboot Shortcut,13823,02/11/2021, 01:33:29,71
RBTR00001,Reboot Shortcut,13823,02/11/2021, 02:15:05,71
RBTR00001,Reboot Shortcut,13823,02/11/2021, 03:10:11,71
RBTR00001,Reboot Shortcut,13823,02/11/2021, 04:12:01,71
RBTR00001,Reboot Shortcut,13823,02/11/2021, 05:09:35,71
RBTR00001,Reboot Shortcut,13823,02/11/2021, 06:11:21,71
RBTR00001,Reboot Shortcut,13823,02/11/2021, 07:09:38,71
RBTR00001,Reboot Shortcut,13823,02/11/2021, 08:11:52,71
RBTR00001,Reboot Shortcut,13823,02/11/2021, 09:10:37,71
RBTR00001,Reboot Shortcut,13823,02/11/2021, 10:11:06,71
RBTR00001,Reboot Shortcut,13823,02/11/2021, 11:09:22,71
RBTR00001,Reboot Shortcut,13823,02/11/2021, 12:13:06,71
RBTR00001,Reboot Shortcut,13824,02/11/2021, 13:10:20,71
RBTR00001,Reboot Shortcut,13824,02/11/2021, 14:10:13,71
RBTR00001,Reboot Shortcut,13824,02/11/2021, 15:09:24,71
RBTR00001,Reboot Shortcut,13824,02/11/2021, 16:15:55,71
RBTR00001,Reboot Shortcut,13824,02/11/2021, 17:22:08,71
RBTR00001,Reboot Shortcut,13825,02/11/2021, 18:11:16,71
RBTR00001,Reboot Shortcut,13826,02/11/2021, 19:07:42,71
RBTR00001,Reboot Shortcut,13826,02/11/2021, 20:11:13,71
RBTR00001,Reboot Shortcut,13826,02/11/2021, 21:08:49,71
RBTR00001,Reboot Shortcut,13826,02/11/2021, 22:10:56,71
RBTR00001,Reboot Shortcut,13827,02/11/2021, 23:10:22,71
RBTR00001,Reboot Shortcut,13827,02/12/2021, 00:24:07,71
RBTR00001,Reboot Shortcut,13830,02/12/2021, 01:34:08,71
RBTR00001,Reboot Shortcut,13830,02/12/2021, 02:15:22,71
RBTR00001,Reboot Shortcut,13830,02/12/2021, 03:10:26,71
RBTR00001,Reboot Shortcut,13830,02/12/2021, 04:12:11,71
RBTR00001,Reboot Shortcut,13830,02/12/2021, 05:09:45,71
RBTR00001,Reboot Shortcut,13831,02/12/2021, 06:10:48,71
RBTR00001,Reboot Shortcut,13831,02/12/2021, 07:09:55,71
RBTR00001,Reboot Shortcut,13831,02/12/2021, 08:12:09,71
RBTR00001,Reboot Shortcut,13831,02/12/2021, 09:11:56,71
RBTR00001,Reboot Shortcut,13831,02/12/2021, 10:11:07,71
RBTR00001,Reboot Shortcut,13831,02/12/2021, 11:09:19,71
RBTR00001,Reboot Shortcut,13831,02/12/2021, 12:13:26,71
RBTR00001,Reboot Shortcut,13831,02/12/2021, 13:10:38,71
RBTR00001,Reboot Shortcut,13831,02/12/2021, 14:10:02,71
RBTR00001,Reboot Shortcut,13831,02/12/2021, 15:09:31,71
RBTR00001,Reboot Shortcut,13831,02/12/2021, 16:15:49,71
RBTR00001,Reboot Shortcut,13831,02/12/2021, 17:21:47,71
RBTR00001,Reboot Shortcut,13831,02/12/2021, 18:11:12,71
RBTR00001,Reboot Shortcut,13831,02/12/2021, 19:07:32,71
RBTR00001,Reboot Shortcut,13831,02/12/2021, 20:10:07,71
RBTR00001,Reboot Shortcut,13831,02/12/2021, 21:09:00,71
RBTR00001,Reboot Shortcut,13832,02/12/2021, 22:10:43,71
RBTR00001,Reboot Shortcut,13832,02/12/2021, 23:10:23,71
RBTR00001,Reboot Shortcut,13833,02/13/2021, 00:24:13,71
RBTR00001,Reboot Shortcut,13833,02/13/2021, 01:33:16,71
RBTR00001,Reboot Shortcut,13833,02/13/2021, 02:14:51,71
RBTR00001,Reboot Shortcut,13834,02/13/2021, 03:10:13,71
RBTR00001,Reboot Shortcut,13835,02/13/2021, 04:12:06,71
RBTR00001,Reboot Shortcut,13835,02/13/2021, 05:09:33,71
RBTR00001,Reboot Shortcut,13835,02/13/2021, 06:11:01,71
RBTR00001,Reboot Shortcut,13836,02/13/2021, 07:09:25,71
RBTR00001,Reboot Shortcut,13836,02/13/2021, 08:12:00,71
RBTR00001,Reboot Shortcut,13836,02/13/2021, 09:10:26,71
RBTR00001,Reboot Shortcut,13836,02/13/2021, 10:10:57,71
RBTR00001,Reboot Shortcut,13836,02/13/2021, 11:09:27,71
RBTR00001,Reboot Shortcut,13836,02/13/2021, 12:12:58,71
RBTR00001,Reboot Shortcut,13837,02/13/2021, 13:09:02,71
RBTR00001,Reboot Shortcut,13838,02/13/2021, 14:09:45,71
RBTR00001,Reboot Shortcut,13838,02/13/2021, 15:09:02,71
RBTR00001,Reboot Shortcut,13838,02/13/2021, 16:15:17,71
RBTR00001,Reboot Shortcut,13840,02/13/2021, 17:20:26,71
RBTR00001,Reboot Shortcut,13841,02/13/2021, 18:10:47,71
RBTR00001,Reboot Shortcut,13841,02/13/2021, 19:07:45,71
RBTR00001,Reboot Shortcut,13842,02/13/2021, 20:10:01,71
RBTR00001,Reboot Shortcut,13843,02/13/2021, 21:08:29,71
RBTR00001,Reboot Shortcut,13843,02/13/2021, 22:10:57,71
RBTR00001,Reboot Shortcut,13843,02/13/2021, 23:10:25,71
RBTR00001,Reboot Shortcut,13843,02/14/2021, 00:25:05,71
RBTR00001,Reboot Shortcut,13843,02/14/2021, 01:35:10,71
RBTR00001,Reboot Shortcut,13843,02/14/2021, 02:15:53,71
RBTR00001,Reboot Shortcut,13843,02/14/2021, 03:10:41,71
RBTR00001,Reboot Shortcut,13843,02/14/2021, 04:12:04,71
RBTR00001,Reboot Shortcut,13843,02/14/2021, 05:09:26,71
RBTR00001,Reboot Shortcut,13843,02/14/2021, 06:11:17,71
RBTR00001,Reboot Shortcut,13843,02/14/2021, 07:09:46,71
RBTR00001,Reboot Shortcut,13843,02/14/2021, 08:12:41,71
RBTR00001,Reboot Shortcut,13843,02/14/2021, 09:10:42,71
RBTR00001,Reboot Shortcut,13844,02/14/2021, 10:10:49,71
RBTR00001,Reboot Shortcut,13844,02/14/2021, 11:09:18,71
RBTR00001,Reboot Shortcut,13844,02/14/2021, 12:13:12,71
RBTR00001,Reboot Shortcut,13844,02/14/2021, 13:09:43,71
RBTR00001,Reboot Shortcut,13845,02/14/2021, 14:09:44,71
RBTR00001,Reboot Shortcut,13845,02/14/2021, 15:09:16,71
RBTR00001,Reboot Shortcut,13845,02/14/2021, 16:15:23,71
RBTR00001,Reboot Shortcut,13845,02/14/2021, 17:21:03,71
RBTR00001,Reboot Shortcut,13845,02/14/2021, 18:10:45,71
RBTR00001,Reboot Shortcut,13847,02/14/2021, 19:07:43,71
RBTR00001,Reboot Shortcut,13847,02/14/2021, 20:10:00,71
RBTR00001,Reboot Shortcut,13847,02/14/2021, 21:08:56,71
RBTR00001,Reboot Shortcut,13848,02/14/2021, 22:10:56,71
RBTR00001,Reboot Shortcut,13848,02/14/2021, 23:10:28,71
RBTR00001,Reboot Shortcut,13848,02/15/2021, 00:24:27,71
RBTR00001,Reboot Shortcut,13849,02/15/2021, 01:34:45,71
RBTR00001,Reboot Shortcut,13850,02/15/2021, 02:16:22,71
RBTR00001,Reboot Shortcut,13850,02/15/2021, 03:10:38,71
RBTR00001,Reboot Shortcut,13850,02/15/2021, 04:12:14,71
RBTR00001,Reboot Shortcut,13850,02/15/2021, 05:12:25,71
RBTR00001,Reboot Shortcut,13850,02/15/2021, 06:11:15,71
RBTR00001,Reboot Shortcut,13851,02/15/2021, 07:09:53,71
RBTR00001,Reboot Shortcut,13851,02/15/2021, 08:12:30,71
RBTR00001,Reboot Shortcut,13851,02/15/2021, 09:10:47,71
RBTR00001,Reboot Shortcut,13851,02/15/2021, 10:11:12,71
RBTR00001,Reboot Shortcut,13852,02/15/2021, 11:09:43,71
RBTR00001,Reboot Shortcut,13852,02/15/2021, 12:13:31,71
RBTR00001,Reboot Shortcut,13852,02/15/2021, 13:11:18,71
RBTR00001,Reboot Shortcut,13853,02/15/2021, 14:10:03,71
RBTR00001,Reboot Shortcut,13853,02/15/2021, 15:09:43,71
RBTR00001,Reboot Shortcut,13853,02/15/2021, 16:16:10,71
RBTR00001,Reboot Shortcut,13854,02/15/2021, 17:22:59,71
RBTR00001,Reboot Shortcut,13854,02/15/2021, 18:11:21,71
RBTR00001,Reboot Shortcut,13854,02/15/2021, 19:07:37,71
RBTR00001,Reboot Shortcut,13854,02/15/2021, 20:09:59,71
RBTR00001,Reboot Shortcut,13855,02/15/2021, 21:09:01,71
RBTR00001,Reboot Shortcut,13855,02/15/2021, 22:10:48,71
RBTR00001,Reboot Shortcut,13856,02/15/2021, 23:10:32,71
RBTR00001,Reboot Shortcut,13857,02/16/2021, 00:24:10,71
RBTR00001,Reboot Shortcut,13858,02/16/2021, 01:34:28,71
RBTR00001,Reboot Shortcut,13858,02/16/2021, 02:15:46,71
RBTR00001,Reboot Shortcut,13858,02/16/2021, 03:10:27,71
RBTR00001,Reboot Shortcut,13858,02/16/2021, 04:12:04,71
RBTR00001,Reboot Shortcut,13858,02/16/2021, 05:09:39,71
RBTR00001,Reboot Shortcut,13858,02/16/2021, 06:10:57,71
RBTR00001,Reboot Shortcut,13858,02/16/2021, 07:09:43,71
RBTR00001,Reboot Shortcut,13858,02/16/2021, 08:11:42,71
RBTR00001,Reboot Shortcut,13858,02/16/2021, 09:10:22,71
RBTR00001,Reboot Shortcut,13858,02/16/2021, 10:11:02,71
RBTR00001,Reboot Shortcut,13859,02/16/2021, 11:09:36,71
RBTR00001,Reboot Shortcut,13859,02/16/2021, 12:13:10,71
RBTR00001,Reboot Shortcut,13859,02/16/2021, 13:10:01,71
RBTR00001,Reboot Shortcut,13860,02/16/2021, 14:10:19,71
RBTR00001,Reboot Shortcut,13860,02/16/2021, 15:09:29,71
RBTR00001,Reboot Shortcut,13860,02/16/2021, 16:15:55,71
RBTR00001,Reboot Shortcut,13860,02/16/2021, 17:22:16,71
RBTR00001,Reboot Shortcut,13860,02/16/2021, 18:11:14,71
RBTR00001,Reboot Shortcut,13860,02/16/2021, 19:07:35,71
RBTR00001,Reboot Shortcut,13860,02/16/2021, 20:10:07,71
RBTR00001,Reboot Shortcut,13860,02/16/2021, 21:08:56,71
RBTR00001,Reboot Shortcut,13861,02/16/2021, 22:10:44,71
RBTR00001,Reboot Shortcut,13861,02/16/2021, 23:10:24,71
RBTR00001,Reboot Shortcut,13861,02/17/2021, 00:24:12,71
RBTR00001,Reboot Shortcut,13861,02/17/2021, 01:33:59,71
RBTR00001,Reboot Shortcut,13861,02/17/2021, 02:13:42,71
RBTR00001,Reboot Shortcut,13861,02/17/2021, 03:10:46,71
RBTR00001,Reboot Shortcut,13861,02/17/2021, 04:12:03,71
RBTR00001,Reboot Shortcut,13861,02/17/2021, 05:09:35,71
RBTR00001,Reboot Shortcut,13861,02/17/2021, 06:09:18,71
RBTR00001,Reboot Shortcut,13861,02/17/2021, 07:10:04,71
RBTR00001,Reboot Shortcut,13861,02/17/2021, 08:12:15,71
RBTR00001,Reboot Shortcut,13861,02/17/2021, 09:10:26,71
RBTR00001,Reboot Shortcut,13861,02/17/2021, 10:11:16,71
RBTR00001,Reboot Shortcut,13861,02/17/2021, 11:09:34,71
RBTR00001,Reboot Shortcut,13861,02/17/2021, 12:13:01,71
RBTR00001,Reboot Shortcut,13861,02/17/2021, 13:10:07,71
RBTR00001,Reboot Shortcut,13861,02/17/2021, 14:23:12,71
RBTR00001,Reboot Shortcut,13861,02/17/2021, 15:20:05,71
RBTR00001,Reboot Shortcut,13862,02/17/2021, 16:16:01,71
RBTR00001,Reboot Shortcut,13862,02/17/2021, 17:27:00,71
RBTR00001,Reboot Shortcut,13862,02/17/2021, 18:09:25,71
RBTR00001,Reboot Shortcut,13862,02/17/2021, 19:06:45,71
RBTR00001,Reboot Shortcut,13862,02/17/2021, 20:10:20,71
RBTR00001,Reboot Shortcut,13862,02/17/2021, 21:09:03,71
RBTR00001,Reboot Shortcut,13862,02/17/2021, 22:09:09,71
RBTR00001,Reboot Shortcut,13862,02/17/2021, 23:10:11,71
RBTR00001,Reboot Shortcut,13862,02/18/2021, 00:24:41,71
RBTR00001,Reboot Shortcut,13862,02/18/2021, 01:34:50,71
RBTR00001,Reboot Shortcut,13862,02/18/2021, 02:15:42,71
RBTR00001,Reboot Shortcut,13862,02/18/2021, 03:10:14,71
RBTR00001,Reboot Shortcut,13862,02/18/2021, 04:12:22,71
RBTR00001,Reboot Shortcut,13862,02/18/2021, 05:09:52,71
RBTR00001,Reboot Shortcut,13862,02/18/2021, 06:11:01,71
RBTR00001,Reboot Shortcut,13863,02/18/2021, 07:09:42,71
RBTR00001,Reboot Shortcut,13863,02/18/2021, 08:11:49,71
RBTR00001,Reboot Shortcut,13864,02/18/2021, 09:10:24,71
RBTR00001,Reboot Shortcut,13864,02/18/2021, 10:11:09,71
RBTR00001,Reboot Shortcut,13864,02/18/2021, 11:09:42,71
RBTR00001,Reboot Shortcut,13864,02/18/2021, 12:13:21,71
RBTR00001,Reboot Shortcut,13864,02/18/2021, 13:10:35,71
RBTR00001,Reboot Shortcut,13864,02/18/2021, 14:10:18,71
RBTR00001,Reboot Shortcut,13864,02/18/2021, 15:09:52,71
RBTR00001,Reboot Shortcut,13865,02/18/2021, 16:16:13,71
RBTR00001,Reboot Shortcut,13865,02/18/2021, 17:23:13,71
RBTR00001,Reboot Shortcut,13866,02/18/2021, 18:11:07,71
RBTR00001,Reboot Shortcut,13866,02/18/2021, 19:07:27,71
RBTR00001,Reboot Shortcut,13866,02/18/2021, 20:10:19,71
RBTR00001,Reboot Shortcut,13868,02/18/2021, 21:09:03,71
RBTR00001,Reboot Shortcut,13869,02/18/2021, 22:10:44,71
RBTR00001,Reboot Shortcut,13870,02/18/2021, 23:10:24,71
RBTR00001,Reboot Shortcut,13870,02/19/2021, 00:24:14,71
RBTR00001,Reboot Shortcut,13870,02/19/2021, 01:34:50,71
RBTR00001,Reboot Shortcut,13870,02/19/2021, 02:16:00,71
RBTR00001,Reboot Shortcut,13870,02/19/2021, 03:10:31,71
RBTR00001,Reboot Shortcut,13870,02/19/2021, 04:12:18,71
RBTR00001,Reboot Shortcut,13870,02/19/2021, 05:10:01,71
RBTR00001,Reboot Shortcut,13870,02/19/2021, 06:11:06,71
RBTR00001,Reboot Shortcut,13870,02/19/2021, 07:09:27,71
RBTR00001,Reboot Shortcut,13871,02/19/2021, 08:11:49,71
RBTR00001,Reboot Shortcut,13871,02/19/2021, 09:10:36,71
RBTR00001,Reboot Shortcut,13871,02/19/2021, 10:11:20,71
RBTR00001,Reboot Shortcut,13871,02/19/2021, 11:09:36,71
RBTR00001,Reboot Shortcut,13871,02/19/2021, 12:13:09,71
RBTR00001,Reboot Shortcut,13871,02/19/2021, 13:10:44,71
RBTR00001,Reboot Shortcut,13871,02/19/2021, 14:10:06,71
RBTR00001,Reboot Shortcut,13872,02/19/2021, 15:09:47,71
RBTR00001,Reboot Shortcut,13873,02/19/2021, 16:16:10,71
RBTR00001,Reboot Shortcut,13873,02/19/2021, 17:23:18,71
RBTR00001,Reboot Shortcut,13874,02/19/2021, 18:11:02,71
RBTR00001,Reboot Shortcut,13875,02/19/2021, 19:07:53,71
RBTR00001,Reboot Shortcut,13875,02/19/2021, 20:10:25,71
RBTR00001,Reboot Shortcut,13875,02/19/2021, 21:08:58,71
RBTR00001,Reboot Shortcut,13876,02/19/2021, 22:10:48,71
RBTR00001,Reboot Shortcut,13877,02/19/2021, 23:10:37,71
RBTR00001,Reboot Shortcut,13878,02/20/2021, 00:24:07,71
RBTR00001,Reboot Shortcut,13879,02/20/2021, 01:34:19,71
RBTR00001,Reboot Shortcut,13880,02/20/2021, 02:15:29,71
RBTR00001,Reboot Shortcut,13880,02/20/2021, 03:10:19,71
RBTR00001,Reboot Shortcut,13880,02/20/2021, 04:12:08,71
RBTR00001,Reboot Shortcut,13880,02/20/2021, 05:09:44,71
RBTR00001,Reboot Shortcut,13880,02/20/2021, 06:10:55,71
RBTR00001,Reboot Shortcut,13880,02/20/2021, 07:09:44,71
RBTR00001,Reboot Shortcut,13881,02/20/2021, 08:11:53,71
RBTR00001,Reboot Shortcut,13881,02/20/2021, 09:10:22,71
RBTR00001,Reboot Shortcut,13881,02/20/2021, 10:10:57,71
RBTR00001,Reboot Shortcut,13882,02/20/2021, 11:09:29,71
RBTR00001,Reboot Shortcut,13882,02/20/2021, 12:13:00,71
RBTR00001,Reboot Shortcut,13882,02/20/2021, 13:09:41,71
RBTR00001,Reboot Shortcut,13884,02/20/2021, 14:09:57,71
RBTR00001,Reboot Shortcut,13884,02/20/2021, 15:09:29,71
RBTR00001,Reboot Shortcut,13884,02/20/2021, 16:15:52,71
RBTR00001,Reboot Shortcut,13884,02/20/2021, 17:22:24,71
RBTR00001,Reboot Shortcut,13885,02/20/2021, 18:11:15,71
RBTR00001,Reboot Shortcut,13885,02/20/2021, 20:10:11,71
RBTR00001,Reboot Shortcut,13885,02/20/2021, 21:08:41,71
RBTR00001,Reboot Shortcut,13886,02/20/2021, 22:10:45,71
RBTR00001,Reboot Shortcut,13886,02/20/2021, 23:10:17,71
RBTR00001,Reboot Shortcut,13886,02/21/2021, 00:25:32,71
RBTR00001,Reboot Shortcut,13886,02/21/2021, 01:36:55,71
RBTR00001,Reboot Shortcut,13887,02/21/2021, 02:17:36,71
RBTR00001,Reboot Shortcut,13887,02/21/2021, 03:10:21,71
RBTR00001,Reboot Shortcut,13887,02/21/2021, 04:12:04,71
RBTR00001,Reboot Shortcut,13887,02/21/2021, 05:09:36,71
RBTR00001,Reboot Shortcut,13887,02/21/2021, 06:10:51,71
RBTR00001,Reboot Shortcut,13888,02/21/2021, 07:09:39,71
RBTR00001,Reboot Shortcut,13888,02/21/2021, 08:11:49,71
RBTR00001,Reboot Shortcut,13888,02/21/2021, 09:10:06,71
RBTR00001,Reboot Shortcut,13888,02/21/2021, 10:10:48,71
RBTR00001,Reboot Shortcut,13889,02/21/2021, 11:09:32,71
RBTR00001,Reboot Shortcut,13890,02/21/2021, 12:13:01,71
RBTR00001,Reboot Shortcut,13891,02/21/2021, 13:09:34,71
RBTR00001,Reboot Shortcut,13891,02/21/2021, 14:10:00,71
RBTR00001,Reboot Shortcut,13891,02/21/2021, 15:09:30,71
RBTR00001,Reboot Shortcut,13891,02/21/2021, 16:15:44,71
RBTR00001,Reboot Shortcut,13891,02/21/2021, 17:21:35,71
RBTR00001,Reboot Shortcut,13891,02/21/2021, 18:10:52,71
RBTR00001,Reboot Shortcut,13891,02/21/2021, 19:07:45,71
RBTR00001,Reboot Shortcut,13891,02/21/2021, 20:10:15,71
RBTR00001,Reboot Shortcut,13892,02/21/2021, 21:08:48,71
RBTR00001,Reboot Shortcut,13892,02/21/2021, 22:10:47,71
RBTR00001,Reboot Shortcut,13893,02/21/2021, 23:10:29,71
RBTR00001,Reboot Shortcut,13894,02/22/2021, 00:24:54,71
RBTR00001,Reboot Shortcut,13894,02/22/2021, 01:36:37,71
RBTR00001,Reboot Shortcut,13894,02/22/2021, 02:17:55,71
RBTR00001,Reboot Shortcut,13895,02/22/2021, 03:10:36,71
RBTR00001,Reboot Shortcut,13895,02/22/2021, 04:12:07,71
RBTR00001,Reboot Shortcut,13896,02/22/2021, 05:09:40,71
RBTR00001,Reboot Shortcut,13897,02/22/2021, 06:11:28,71
RBTR00001,Reboot Shortcut,13897,02/22/2021, 07:08:24,71
RBTR00001,Reboot Shortcut,13897,02/22/2021, 08:11:26,71
RBTR00001,Reboot Shortcut,13897,02/22/2021, 09:08:58,71
RBTR00001,Reboot Shortcut,13897,02/22/2021, 10:09:41,71
RBTR00001,Reboot Shortcut,13897,02/22/2021, 11:09:47,71
RBTR00001,Reboot Shortcut,13897,02/22/2021, 12:11:19,71
RBTR00001,Reboot Shortcut,13897,02/22/2021, 13:08:36,71
RBTR00001,Reboot Shortcut,13897,02/22/2021, 14:10:12,71
RBTR00001,Reboot Shortcut,13897,02/22/2021, 15:09:46,71
RBTR00001,Reboot Shortcut,13897,02/22/2021, 16:16:25,71
RBTR00001,Reboot Shortcut,13897,02/22/2021, 17:24:20,71
RBTR00001,Reboot Shortcut,13897,02/22/2021, 18:11:09,71
RBTR00001,Reboot Shortcut,13897,02/22/2021, 19:07:46,71
RBTR00001,Reboot Shortcut,13897,02/22/2021, 20:10:28,71
RBTR00001,Reboot Shortcut,13898,02/22/2021, 21:09:08,71
RBTR00001,Reboot Shortcut,13898,02/22/2021, 22:10:46,71
RBTR00001,Reboot Shortcut,13899,02/22/2021, 23:10:40,71
RBTR00001,Reboot Shortcut,13899,02/23/2021, 00:24:33,71
RBTR00001,Reboot Shortcut,13900,02/23/2021, 01:36:10,71
RBTR00001,Reboot Shortcut,13900,02/23/2021, 02:17:28,71
RBTR00001,Reboot Shortcut,13900,02/23/2021, 03:10:44,71
RBTR00001,Reboot Shortcut,13900,02/23/2021, 04:10:52,71
RBTR00001,Reboot Shortcut,13900,02/23/2021, 05:09:36,71
RBTR00001,Reboot Shortcut,13900,02/23/2021, 06:11:08,71
RBTR00001,Reboot Shortcut,13900,02/23/2021, 07:09:48,71
RBTR00001,Reboot Shortcut,13900,02/23/2021, 08:12:32,71
RBTR00001,Reboot Shortcut,13900,02/23/2021, 09:10:33,71
RBTR00001,Reboot Shortcut,13900,02/23/2021, 10:11:29,71
RBTR00001,Reboot Shortcut,13900,02/23/2021, 11:09:47,71
RBTR00001,Reboot Shortcut,13900,02/23/2021, 12:13:26,71
RBTR00001,Reboot Shortcut,13900,02/23/2021, 13:16:20,71
RBTR00001,Reboot Shortcut,13900,02/23/2021, 14:15:22,71
RBTR00001,Reboot Shortcut,13901,02/23/2021, 15:22:20,71
RBTR00001,Reboot Shortcut,13901,02/23/2021, 16:53:46,71
RBTR00001,Reboot Shortcut,13901,02/23/2021, 17:27:57,71
RBTR00001,Reboot Shortcut,13901,02/23/2021, 18:11:12,71
RBTR00001,Reboot Shortcut,13901,02/23/2021, 19:08:08,71
RBTR00001,Reboot Shortcut,13902,02/23/2021, 20:10:53,71
RBTR00001,Reboot Shortcut,13903,02/23/2021, 21:09:23,71
RBTR00001,Reboot Shortcut,13904,02/23/2021, 22:10:41,71
RBTR00001,Reboot Shortcut,13904,02/23/2021, 23:10:34,71
RBTR00001,Reboot Shortcut,13904,02/24/2021, 00:24:55,71
RBTR00001,Reboot Shortcut,13904,02/24/2021, 01:37:10,71
RBTR00001,Reboot Shortcut,13904,02/24/2021, 02:18:35,71
RBTR00001,Reboot Shortcut,13904,02/24/2021, 03:11:07,71
RBTR00001,Reboot Shortcut,13904,02/24/2021, 04:10:24,71
RBTR00001,Reboot Shortcut,13904,02/24/2021, 05:09:38,71
RBTR00001,Reboot Shortcut,13905,02/24/2021, 06:11:23,71
RBTR00001,Reboot Shortcut,13905,02/24/2021, 07:09:28,71
RBTR00001,Reboot Shortcut,13906,02/24/2021, 08:17:17,71
RBTR00001,Reboot Shortcut,13906,02/24/2021, 09:16:14,71
RBTR00001,Reboot Shortcut,13908,02/24/2021, 10:17:51,71
RBTR00001,Reboot Shortcut,13908,02/24/2021, 11:15:36,71
RBTR00001,Reboot Shortcut,13908,02/24/2021, 12:19:00,71
RBTR00001,Reboot Shortcut,13908,02/24/2021, 13:17:37,71
RBTR00001,Reboot Shortcut,13908,02/24/2021, 14:15:52,71
RBTR00001,Reboot Shortcut,13908,02/24/2021, 15:23:50,71
RBTR00001,Reboot Shortcut,13908,02/24/2021, 16:29:29,71
RBTR00001,Reboot Shortcut,13909,02/24/2021, 17:30:59,71
RBTR00001,Reboot Shortcut,13909,02/24/2021, 18:11:13,71
RBTR00001,Reboot Shortcut,13909,02/24/2021, 19:07:30,71
RBTR00001,Reboot Shortcut,13910,02/24/2021, 20:10:33,71
RBTR00001,Reboot Shortcut,13910,02/24/2021, 21:09:12,71
RBTR00001,Reboot Shortcut,13911,02/24/2021, 22:10:56,71
RBTR00001,Reboot Shortcut,13912,02/24/2021, 23:10:22,71
RBTR00001,Reboot Shortcut,13912,02/25/2021, 00:24:38,71
RBTR00001,Reboot Shortcut,13914,02/25/2021, 01:37:05,71
RBTR00001,Reboot Shortcut,13914,02/25/2021, 02:17:42,71
RBTR00001,Reboot Shortcut,13916,02/25/2021, 03:10:38,71
RBTR00001,Reboot Shortcut,13918,02/25/2021, 04:12:19,71
RBTR00001,Reboot Shortcut,13920,02/25/2021, 05:09:40,71
RBTR00001,Reboot Shortcut,13920,02/25/2021, 06:11:32,71
RBTR00001,Reboot Shortcut,13920,02/25/2021, 07:09:32,71
RBTR00001,Reboot Shortcut,13920,02/25/2021, 08:12:15,71
RBTR00001,Reboot Shortcut,13921,02/25/2021, 09:16:02,71
RBTR00001,Reboot Shortcut,13921,02/25/2021, 10:17:18,71
RBTR00001,Reboot Shortcut,13921,02/25/2021, 11:09:43,71
RBTR00001,Reboot Shortcut,13923,02/25/2021, 12:13:10,71
RBTR00001,Reboot Shortcut,13923,02/25/2021, 13:11:43,71
RBTR00001,Reboot Shortcut,13923,02/25/2021, 14:10:13,71
RBTR00001,Reboot Shortcut,13923,02/25/2021, 15:15:55,71
RBTR00001,Reboot Shortcut,13923,02/25/2021, 16:21:45,71
RBTR00001,Reboot Shortcut,13925,02/25/2021, 17:30:07,71
RBTR00001,Reboot Shortcut,13926,02/25/2021, 18:15:17,71
RBTR00001,Reboot Shortcut,13928,02/25/2021, 19:07:30,71
RBTR00001,Reboot Shortcut,13928,02/25/2021, 20:10:41,71
RBTR00001,Reboot Shortcut,13928,02/25/2021, 21:09:23,71
RBTR00001,Reboot Shortcut,13928,02/25/2021, 22:10:47,71
RBTR00001,Reboot Shortcut,13929,02/25/2021, 23:10:58,71
RBTR00001,Reboot Shortcut,13929,02/26/2021, 00:27:00,71
RBTR00001,Reboot Shortcut,13931,02/26/2021, 01:37:34,71
RBTR00001,Reboot Shortcut,13931,02/26/2021, 02:18:53,71
RBTR00001,Reboot Shortcut,13931,02/26/2021, 03:10:58,71
RBTR00001,Reboot Shortcut,13931,02/26/2021, 04:12:14,71
RBTR00001,Reboot Shortcut,13931,02/26/2021, 05:09:43,71
RBTR00001,Reboot Shortcut,13931,02/26/2021, 06:11:21,71
RBTR00001,Reboot Shortcut,13931,02/26/2021, 07:10:06,71
RBTR00001,Reboot Shortcut,13931,02/26/2021, 08:12:13,71
RBTR00001,Reboot Shortcut,13931,02/26/2021, 09:10:56,71
RBTR00001,Reboot Shortcut,13931,02/26/2021, 10:11:40,71
RBTR00001,Reboot Shortcut,13931,02/26/2021, 11:15:20,71
RBTR00001,Reboot Shortcut,13931,02/26/2021, 12:13:33,71
RBTR00001,Reboot Shortcut,13931,02/26/2021, 13:12:00,71
RBTR00001,Reboot Shortcut,13931,02/26/2021, 14:10:04,71
RBTR00001,Reboot Shortcut,13931,02/26/2021, 15:09:40,71
RBTR00001,Reboot Shortcut,13931,02/26/2021, 16:16:14,71
RBTR00001,Reboot Shortcut,13931,02/26/2021, 17:26:03,71
RBTR00001,Reboot Shortcut,13931,02/26/2021, 18:11:10,71
RBTR00001,Reboot Shortcut,13932,02/26/2021, 19:07:33,71
RBTR00001,Reboot Shortcut,13933,02/26/2021, 20:10:43,71
RBTR00001,Reboot Shortcut,13933,02/26/2021, 21:09:06,71
RBTR00001,Reboot Shortcut,13934,02/26/2021, 22:10:41,71
RBTR00001,Reboot Shortcut,13934,02/26/2021, 23:10:48,71
RBTR00001,Reboot Shortcut,13934,02/27/2021, 00:24:55,71
RBTR00001,Reboot Shortcut,13934,02/27/2021, 01:37:00,71
RBTR00001,Reboot Shortcut,13934,02/27/2021, 02:18:25,71
RBTR00001,Reboot Shortcut,13934,02/27/2021, 03:11:04,71
RBTR00001,Reboot Shortcut,13934,02/27/2021, 04:12:33,71
RBTR00001,Reboot Shortcut,13934,02/27/2021, 05:09:55,71
RBTR00001,Reboot Shortcut,13934,02/27/2021, 06:11:19,71
RBTR00001,Reboot Shortcut,13934,02/27/2021, 07:09:50,71
RBTR00001,Reboot Shortcut,13934,02/27/2021, 08:11:45,71
RBTR00001,Reboot Shortcut,13934,02/27/2021, 09:10:47,71
RBTR00001,Reboot Shortcut,13934,02/27/2021, 10:11:20,71
RBTR00001,Reboot Shortcut,13934,02/27/2021, 11:09:45,71
RBTR00001,Reboot Shortcut,13934,02/27/2021, 12:13:14,71
RBTR00001,Reboot Shortcut,13935,02/27/2021, 13:10:54,71
RBTR00001,Reboot Shortcut,13935,02/27/2021, 14:09:45,71
RBTR00001,Reboot Shortcut,13935,02/27/2021, 15:09:34,71
RBTR00001,Reboot Shortcut,13936,02/27/2021, 16:16:22,71
RBTR00001,Reboot Shortcut,13936,02/27/2021, 17:25:44,71
RBTR00001,Reboot Shortcut,13936,02/27/2021, 18:11:06,71
RBTR00001,Reboot Shortcut,13936,02/27/2021, 19:07:41,71
RBTR00001,Reboot Shortcut,13936,02/27/2021, 20:10:23,71
RBTR00001,Reboot Shortcut,13937,02/27/2021, 21:09:09,71
RBTR00001,Reboot Shortcut,13937,02/27/2021, 22:10:47,71
RBTR00001,Reboot Shortcut,13937,02/27/2021, 23:10:47,71
RBTR00001,Reboot Shortcut,13937,02/28/2021, 00:26:34,71
RBTR00001,Reboot Shortcut,13937,02/28/2021, 01:40:05,71
RBTR00001,Reboot Shortcut,13937,02/28/2021, 02:21:32,71
RBTR00001,Reboot Shortcut,13937,02/28/2021, 03:10:47,71
RBTR00001,Reboot Shortcut,13937,02/28/2021, 04:12:31,71
RBTR00001,Reboot Shortcut,13938,02/28/2021, 05:10:23,71
RBTR00001,Reboot Shortcut,13938,02/28/2021, 06:11:33,71
RBTR00001,Reboot Shortcut,13938,02/28/2021, 07:09:33,71
RBTR00001,Reboot Shortcut,13938,02/28/2021, 08:12:02,71
RBTR00001,Reboot Shortcut,13939,02/28/2021, 09:10:45,71
RBTR00001,Reboot Shortcut,13939,02/28/2021, 10:11:29,71
RBTR00001,Reboot Shortcut,13939,02/28/2021, 11:09:45,71
RBTR00001,Reboot Shortcut,13939,02/28/2021, 12:13:16,71
RBTR00001,Reboot Shortcut,13940,02/28/2021, 13:10:39,71
RBTR00001,Reboot Shortcut,13941,02/28/2021, 14:09:54,71
RBTR00001,Reboot Shortcut,13942,02/28/2021, 15:09:38,71
RBTR00001,Reboot Shortcut,13942,02/28/2021, 16:16:16,71
RBTR00001,Reboot Shortcut,13942,02/28/2021, 17:25:38,71
RBTR00001,Reboot Shortcut,13942,02/28/2021, 18:10:56,71
RBTR00001,Reboot Shortcut,13942,02/28/2021, 19:07:50,71
RBTR00001,Reboot Shortcut,13942,02/28/2021, 20:10:15,71
RBTR00001,Reboot Shortcut,13942,02/28/2021, 21:08:59,71
RBTR00001,Reboot Shortcut,13943,02/28/2021, 22:10:39,71
RBTR00001,Reboot Shortcut,13943,02/28/2021, 23:10:39,71
RBTR00001,Reboot Shortcut,13943,03/01/2021, 00:26:45,71
RBTR00001,Reboot Shortcut,13943,03/01/2021, 01:41:28,71
RBTR00001,Reboot Shortcut,13943,03/01/2021, 02:23:01,71
RBTR00001,Reboot Shortcut,13944,03/01/2021, 03:10:50,71
RBTR00001,Reboot Shortcut,13944,03/01/2021, 04:12:54,71
RBTR00001,Reboot Shortcut,13945,03/01/2021, 05:10:18,71
RBTR00001,Reboot Shortcut,13945,03/01/2021, 06:11:50,71
RBTR00001,Reboot Shortcut,13945,03/01/2021, 07:09:55,71
RBTR00001,Reboot Shortcut,13945,03/01/2021, 08:12:38,71
RBTR00001,Reboot Shortcut,13945,03/01/2021, 09:10:58,71
RBTR00001,Reboot Shortcut,13945,03/01/2021, 10:43:51,71
RBTR00001,Reboot Shortcut,13945,03/01/2021, 11:16:58,71
RBTR00001,Reboot Shortcut,13946,03/01/2021, 12:13:37,71
RBTR00001,Reboot Shortcut,13947,03/01/2021, 13:17:11,71
RBTR00001,Reboot Shortcut,13947,03/01/2021, 14:10:26,71
RBTR00001,Reboot Shortcut,13947,03/01/2021, 15:10:00,71
RBTR00001,Reboot Shortcut,13947,03/01/2021, 16:16:25,71
RBTR00001,Reboot Shortcut,13947,03/01/2021, 17:26:59,71
RBTR00001,Reboot Shortcut,13947,03/01/2021, 18:11:02,71
RBTR00001,Reboot Shortcut,13947,03/01/2021, 19:07:51,71
RBTR00001,Reboot Shortcut,13947,03/01/2021, 20:10:52,71
RBTR00001,Reboot Shortcut,13947,03/01/2021, 21:09:25,71
RBTR00001,Reboot Shortcut,13947,03/01/2021, 22:13:59,71
RBTR00001,Reboot Shortcut,13947,03/01/2021, 23:10:39,71
RBTR00001,Reboot Shortcut,13947,03/02/2021, 00:21:16,71
RBTR00001,Reboot Shortcut,13947,03/02/2021, 01:24:14,71
RBTR00001,Reboot Shortcut,13947,03/02/2021, 02:11:21,71
RBTR00001,Reboot Shortcut,13947,03/02/2021, 03:10:57,71
RBTR00001,Reboot Shortcut,13947,03/02/2021, 04:12:43,71
RBTR00001,Reboot Shortcut,13948,03/02/2021, 05:10:02,71
RBTR00001,Reboot Shortcut,13948,03/02/2021, 06:11:14,71
RBTR00001,Reboot Shortcut,13948,03/02/2021, 07:09:57,71
RBTR00001,Reboot Shortcut,13948,03/02/2021, 08:12:24,71
RBTR00001,Reboot Shortcut,13949,03/02/2021, 09:11:13,71
RBTR00001,Reboot Shortcut,13950,03/02/2021, 10:09:49,71
RBTR00001,Reboot Shortcut,13950,03/02/2021, 11:08:19,71
RBTR00001,Reboot Shortcut,13950,03/02/2021, 12:11:26,71
RBTR00001,Reboot Shortcut,13951,03/02/2021, 13:08:41,71
RBTR00001,Reboot Shortcut,13951,03/02/2021, 14:09:02,71
RBTR00001,Reboot Shortcut,13951,03/02/2021, 15:08:34,71
RBTR00001,Reboot Shortcut,13951,03/02/2021, 16:19:40,71
RBTR00001,Reboot Shortcut,13951,03/02/2021, 17:30:08,71
RBTR00001,Reboot Shortcut,13951,03/02/2021, 18:09:54,71
RBTR00001,Reboot Shortcut,13951,03/02/2021, 19:07:08,71
RBTR00001,Reboot Shortcut,13951,03/02/2021, 20:10:43,71
RBTR00001,Reboot Shortcut,13951,03/02/2021, 21:09:19,71
RBTR00001,Reboot Shortcut,13951,03/02/2021, 22:11:19,71
RBTR00001,Reboot Shortcut,13951,03/02/2021, 23:11:04,71
RBTR00001,Reboot Shortcut,13951,03/03/2021, 00:24:58,71
RBTR00001,Reboot Shortcut,13952,03/03/2021, 01:38:41,71
RBTR00001,Reboot Shortcut,13952,03/03/2021, 02:20:49,71
RBTR00001,Reboot Shortcut,13952,03/03/2021, 03:09:31,71
RBTR00001,Reboot Shortcut,13952,03/03/2021, 04:10:58,71
RBTR00001,Reboot Shortcut,13952,03/03/2021, 05:10:39,71
RBTR00001,Reboot Shortcut,13952,03/03/2021, 06:11:34,71
RBTR00001,Reboot Shortcut,13952,03/03/2021, 07:10:13,71
RBTR00001,Reboot Shortcut,13952,03/03/2021, 08:12:39,71
RBTR00001,Reboot Shortcut,13952,03/03/2021, 09:10:58,71
RBTR00001,Reboot Shortcut,13952,03/03/2021, 10:11:54,71
RBTR00001,Reboot Shortcut,13952,03/03/2021, 11:09:42,71
RBTR00001,Reboot Shortcut,13952,03/03/2021, 12:13:26,71
RBTR00001,Reboot Shortcut,13952,03/03/2021, 13:12:45,71
RBTR00001,Reboot Shortcut,13952,03/03/2021, 14:11:01,71
RBTR00001,Reboot Shortcut,13952,03/03/2021, 15:10:14,71
RBTR00001,Reboot Shortcut,13952,03/03/2021, 16:16:29,71
RBTR00001,Reboot Shortcut,13952,03/03/2021, 17:27:36,71
RBTR00001,Reboot Shortcut,13952,03/03/2021, 18:13:37,71
RBTR00001,Reboot Shortcut,13952,03/03/2021, 19:07:35,71
RBTR00001,Reboot Shortcut,13952,03/03/2021, 20:11:03,71
RBTR00001,Reboot Shortcut,13952,03/03/2021, 21:09:17,71
RBTR00001,Reboot Shortcut,13952,03/03/2021, 22:11:09,71
RBTR00001,Reboot Shortcut,13953,03/03/2021, 23:10:46,71
RBTR00001,Reboot Shortcut,13953,03/04/2021, 00:24:57,71
RBTR00001,Reboot Shortcut,13953,03/04/2021, 01:39:18,71
RBTR00001,Reboot Shortcut,13953,03/04/2021, 02:21:36,71
RBTR00001,Reboot Shortcut,13954,03/04/2021, 03:10:57,71
RBTR00001,Reboot Shortcut,13954,03/04/2021, 04:12:44,71
RBTR00001,Reboot Shortcut,13954,03/04/2021, 05:09:48,71
RBTR00001,Reboot Shortcut,13954,03/04/2021, 06:10:46,71
RBTR00001,Reboot Shortcut,13954,03/04/2021, 07:09:35,71
RBTR00001,Reboot Shortcut,13954,03/04/2021, 08:12:18,71
RBTR00001,Reboot Shortcut,13954,03/04/2021, 09:11:26,71
RBTR00001,Reboot Shortcut,13954,03/04/2021, 10:11:45,71
RBTR00001,Reboot Shortcut,13954,03/04/2021, 11:09:58,71
RBTR00001,Reboot Shortcut,13954,03/04/2021, 12:13:49,71
RBTR00001,Reboot Shortcut,13954,03/04/2021, 13:12:44,71
RBTR00001,Reboot Shortcut,13955,03/04/2021, 14:10:58,71
RBTR00001,Reboot Shortcut,13955,03/04/2021, 15:10:22,71
RBTR00001,Reboot Shortcut,13955,03/04/2021, 16:16:42,71
RBTR00001,Reboot Shortcut,13955,03/04/2021, 17:25:20,71
RBTR00001,Reboot Shortcut,13956,03/04/2021, 18:11:06,71
RBTR00001,Reboot Shortcut,13957,03/04/2021, 19:08:17,71
RBTR00001,Reboot Shortcut,13958,03/04/2021, 20:11:04,71
RBTR00001,Reboot Shortcut,13958,03/04/2021, 21:09:39,71
RBTR00001,Reboot Shortcut,13959,03/04/2021, 22:11:29,71
RBTR00001,Reboot Shortcut,13960,03/04/2021, 23:10:51,71
RBTR00001,Reboot Shortcut,13960,03/05/2021, 00:25:36,71
RBTR00001,Reboot Shortcut,13960,03/05/2021, 01:40:35,71
RBTR00001,Reboot Shortcut,13960,03/05/2021, 02:22:39,71
RBTR00001,Reboot Shortcut,13960,03/05/2021, 03:11:03,71
RBTR00001,Reboot Shortcut,13961,03/05/2021, 04:12:58,71
RBTR00001,Reboot Shortcut,13961,03/05/2021, 05:09:35,71
RBTR00001,Reboot Shortcut,13962,03/05/2021, 06:11:43,71
RBTR00001,Reboot Shortcut,13962,03/05/2021, 07:09:51,71
RBTR00001,Reboot Shortcut,13962,03/05/2021, 08:13:03,71
RBTR00001,Reboot Shortcut,13962,03/05/2021, 09:10:44,71
RBTR00001,Reboot Shortcut,13962,03/05/2021, 10:12:04,71
RBTR00001,Reboot Shortcut,13962,03/05/2021, 11:09:59,71
RBTR00001,Reboot Shortcut,13962,03/05/2021, 12:13:45,71
RBTR00001,Reboot Shortcut,13962,03/05/2021, 13:12:41,71
RBTR00001,Reboot Shortcut,13962,03/05/2021, 14:10:44,71
RBTR00001,Reboot Shortcut,13962,03/05/2021, 15:10:18,71
RBTR00001,Reboot Shortcut,13962,03/05/2021, 16:16:35,71
RBTR00001,Reboot Shortcut,13962,03/05/2021, 17:27:16,71
RBTR00001,Reboot Shortcut,13963,03/05/2021, 18:11:47,71
RBTR00001,Reboot Shortcut,13963,03/05/2021, 19:07:38,71
RBTR00001,Reboot Shortcut,13963,03/05/2021, 20:10:51,71
RBTR00001,Reboot Shortcut,13963,03/05/2021, 21:09:29,71
RBTR00001,Reboot Shortcut,13963,03/05/2021, 22:11:18,71
RBTR00001,Reboot Shortcut,13964,03/05/2021, 23:11:10,71
RBTR00001,Reboot Shortcut,13965,03/06/2021, 00:25:17,71
RBTR00001,Reboot Shortcut,13965,03/06/2021, 01:39:19,71
RBTR00001,Reboot Shortcut,13965,03/06/2021, 02:22:05,71
RBTR00001,Reboot Shortcut,13965,03/06/2021, 03:11:16,71
RBTR00001,Reboot Shortcut,13965,03/06/2021, 04:13:04,71
RBTR00001,Reboot Shortcut,13966,03/06/2021, 05:09:44,71
RBTR00001,Reboot Shortcut,13966,03/06/2021, 06:11:20,71
RBTR00001,Reboot Shortcut,13966,03/06/2021, 07:09:46,71
RBTR00001,Reboot Shortcut,13966,03/06/2021, 08:12:07,71
RBTR00001,Reboot Shortcut,13966,03/06/2021, 09:10:56,71
RBTR00001,Reboot Shortcut,13967,03/06/2021, 10:11:53,71
RBTR00001,Reboot Shortcut,13967,03/06/2021, 11:09:51,71
RBTR00001,Reboot Shortcut,13967,03/06/2021, 12:13:24,71
RBTR00001,Reboot Shortcut,13968,03/06/2021, 13:12:20,71
RBTR00001,Reboot Shortcut,13969,03/06/2021, 14:10:31,71
RBTR00001,Reboot Shortcut,13969,03/06/2021, 15:10:01,71
RBTR00001,Reboot Shortcut,13971,03/06/2021, 16:16:31,71
RBTR00001,Reboot Shortcut,13971,03/06/2021, 17:26:35,71
RBTR00001,Reboot Shortcut,13971,03/06/2021, 18:11:00,71
RBTR00001,Reboot Shortcut,13971,03/06/2021, 19:07:37,71
RBTR00001,Reboot Shortcut,13972,03/06/2021, 20:10:48,71
RBTR00001,Reboot Shortcut,13974,03/06/2021, 21:09:22,71
RBTR00001,Reboot Shortcut,13974,03/06/2021, 22:11:03,71
RBTR00001,Reboot Shortcut,13975,03/06/2021, 23:10:47,71
RBTR00001,Reboot Shortcut,13975,03/07/2021, 00:26:59,71
RBTR00001,Reboot Shortcut,13976,03/07/2021, 01:43:00,71
RBTR00001,Reboot Shortcut,13976,03/07/2021, 02:24:44,71
RBTR00001,Reboot Shortcut,13976,03/07/2021, 03:10:23,71
RBTR00001,Reboot Shortcut,13976,03/07/2021, 04:13:12,71
RBTR00001,Reboot Shortcut,13976,03/07/2021, 05:09:45,71
RBTR00001,Reboot Shortcut,13976,03/07/2021, 06:11:29,71
RBTR00001,Reboot Shortcut,13976,03/07/2021, 07:09:40,71
RBTR00001,Reboot Shortcut,13976,03/07/2021, 08:12:14,71
RBTR00001,Reboot Shortcut,13976,03/07/2021, 09:10:55,71
RBTR00001,Reboot Shortcut,13976,03/07/2021, 10:11:53,71
RBTR00001,Reboot Shortcut,13976,03/07/2021, 11:09:42,71
RBTR00001,Reboot Shortcut,13976,03/07/2021, 12:13:33,71
RBTR00001,Reboot Shortcut,13976,03/07/2021, 13:12:11,71
RBTR00001,Reboot Shortcut,13976,03/07/2021, 14:10:19,71
RBTR00001,Reboot Shortcut,13976,03/07/2021, 15:09:49,71
RBTR00001,Reboot Shortcut,13976,03/07/2021, 16:16:21,71
RBTR00001,Reboot Shortcut,13976,03/07/2021, 17:26:20,71
RBTR00001,Reboot Shortcut,13976,03/07/2021, 18:11:00,71
RBTR00001,Reboot Shortcut,13978,03/07/2021, 19:07:46,71
RBTR00001,Reboot Shortcut,13980,03/07/2021, 20:10:37,71
RBTR00001,Reboot Shortcut,13980,03/07/2021, 21:09:28,71
RBTR00001,Reboot Shortcut,13980,03/07/2021, 22:11:01,71
RBTR00001,Reboot Shortcut,13980,03/07/2021, 23:10:48,71
RBTR00001,Reboot Shortcut,13980,03/08/2021, 00:26:05,71
RBTR00001,Reboot Shortcut,13981,03/08/2021, 01:41:53,71
RBTR00001,Reboot Shortcut,13981,03/08/2021, 02:25:05,71
RBTR00001,Reboot Shortcut,13981,03/08/2021, 03:10:19,71
RBTR00001,Reboot Shortcut,13981,03/08/2021, 04:13:01,71
RBTR00001,Reboot Shortcut,13981,03/08/2021, 05:09:56,71
RBTR00001,Reboot Shortcut,13981,03/08/2021, 06:11:49,71
RBTR00001,Reboot Shortcut,13981,03/08/2021, 07:09:43,71
RBTR00001,Reboot Shortcut,13981,03/08/2021, 08:12:52,71
RBTR00001,Reboot Shortcut,13981,03/08/2021, 09:10:53,71
RBTR00001,Reboot Shortcut,13981,03/08/2021, 10:11:54,71
RBTR00001,Reboot Shortcut,13981,03/08/2021, 11:09:56,71
RBTR00001,Reboot Shortcut,13981,03/08/2021, 12:13:55,71
RBTR00001,Reboot Shortcut,13981,03/08/2021, 13:13:29,71
RBTR00001,Reboot Shortcut,13981,03/08/2021, 14:10:57,71
RBTR00001,Reboot Shortcut,13981,03/08/2021, 15:10:11,71
RBTR00001,Reboot Shortcut,13981,03/08/2021, 16:16:45,71
RBTR00001,Reboot Shortcut,13982,03/08/2021, 17:27:59,71
RBTR00001,Reboot Shortcut,13982,03/08/2021, 18:13:00,71
RBTR00001,Reboot Shortcut,13982,03/08/2021, 19:08:09,71
RBTR00001,Reboot Shortcut,13982,03/08/2021, 20:11:30,71
RBTR00001,Reboot Shortcut,13982,03/08/2021, 21:09:42,71
RBTR00001,Reboot Shortcut,13982,03/08/2021, 22:11:11,71
RBTR00001,Reboot Shortcut,13983,03/08/2021, 23:11:11,71
RBTR00001,Reboot Shortcut,13983,03/09/2021, 00:25:48,71
RBTR00001,Reboot Shortcut,13983,03/09/2021, 01:40:56,71
RBTR00001,Reboot Shortcut,13983,03/09/2021, 02:24:31,71
RBTR00001,Reboot Shortcut,13983,03/09/2021, 03:10:27,71
RBTR00001,Reboot Shortcut,13984,03/09/2021, 04:13:13,71
RBTR00001,Reboot Shortcut,13984,03/09/2021, 05:10:35,71
RBTR00001,Reboot Shortcut,13984,03/09/2021, 06:11:41,71
RBTR00001,Reboot Shortcut,13984,03/09/2021, 07:09:55,71
RBTR00001,Reboot Shortcut,13984,03/09/2021, 08:13:09,71
RBTR00001,Reboot Shortcut,13984,03/09/2021, 09:15:46,71
RBTR00001,Reboot Shortcut,13984,03/09/2021, 10:17:10,71
RBTR00001,Reboot Shortcut,13984,03/09/2021, 11:14:46,71
RBTR00001,Reboot Shortcut,13984,03/09/2021, 12:18:46,71
RBTR00001,Reboot Shortcut,13984,03/09/2021, 13:18:49,71
RBTR00001,Reboot Shortcut,13985,03/09/2021, 14:15:53,71
RBTR00001,Reboot Shortcut,13985,03/09/2021, 15:20:10,71
RBTR00001,Reboot Shortcut,13985,03/09/2021, 17:42:31,71
RBTR00001,Reboot Shortcut,13985,03/09/2021, 18:29:09,71
RBTR00001,Reboot Shortcut,13985,03/09/2021, 19:11:53,71
RBTR00001,Reboot Shortcut,13985,03/09/2021, 20:11:18,71
RBTR00001,Reboot Shortcut,13985,03/09/2021, 21:09:36,71
RBTR00001,Reboot Shortcut,13985,03/09/2021, 22:13:11,71
RBTR00001,Reboot Shortcut,13985,03/09/2021, 23:11:01,71
RBTR00001,Reboot Shortcut,13986,03/10/2021, 00:25:46,71
RBTR00001,Reboot Shortcut,13986,03/10/2021, 01:41:28,71
RBTR00001,Reboot Shortcut,13987,03/10/2021, 02:25:27,71
RBTR00001,Reboot Shortcut,13987,03/10/2021, 03:09:58,71
RBTR00001,Reboot Shortcut,13987,03/10/2021, 04:11:15,71
RBTR00001,Reboot Shortcut,13987,03/10/2021, 05:10:41,71
RBTR00001,Reboot Shortcut,13987,03/10/2021, 06:11:53,71
RBTR00001,Reboot Shortcut,13987,03/10/2021, 07:10:05,71
RBTR00001,Reboot Shortcut,13987,03/10/2021, 08:12:31,71
RBTR00001,Reboot Shortcut,13987,03/10/2021, 09:11:12,71
RBTR00001,Reboot Shortcut,13988,03/10/2021, 10:12:01,71
RBTR00001,Reboot Shortcut,13988,03/10/2021, 11:10:07,71
RBTR00001,Reboot Shortcut,13988,03/10/2021, 12:14:22,71
RBTR00001,Reboot Shortcut,13988,03/10/2021, 13:13:51,71
RBTR00001,Reboot Shortcut,13988,03/10/2021, 14:15:54,71
RBTR00001,Reboot Shortcut,13988,03/10/2021, 15:14:53,71
RBTR00001,Reboot Shortcut,13989,03/10/2021, 16:22:20,71
RBTR00001,Reboot Shortcut,13989,03/10/2021, 17:32:54,71
RBTR00001,Reboot Shortcut,13989,03/10/2021, 18:17:51,71
RBTR00001,Reboot Shortcut,13989,03/10/2021, 19:12:54,71
RBTR00001,Reboot Shortcut,13990,03/10/2021, 20:15:44,71
RBTR00001,Reboot Shortcut,13990,03/10/2021, 21:09:33,71
RBTR00001,Reboot Shortcut,13990,03/10/2021, 22:11:20,71
RBTR00001,Reboot Shortcut,13990,03/10/2021, 23:10:00,71
RBTR00001,Reboot Shortcut,13991,03/11/2021, 00:25:39,71
RBTR00001,Reboot Shortcut,13991,03/11/2021, 01:42:17,71
RBTR00001,Reboot Shortcut,13991,03/11/2021, 02:24:26,71
RBTR00001,Reboot Shortcut,13991,03/11/2021, 03:10:38,71
RBTR00001,Reboot Shortcut,13991,03/11/2021, 04:14:19,71
RBTR00001,Reboot Shortcut,13991,03/11/2021, 05:10:48,71
RBTR00001,Reboot Shortcut,13991,03/11/2021, 06:12:00,71
RBTR00001,Reboot Shortcut,13991,03/11/2021, 07:10:50,71
RBTR00001,Reboot Shortcut,13991,03/11/2021, 08:12:40,71
RBTR00001,Reboot Shortcut,13991,03/11/2021, 09:11:32,71
RBTR00001,Reboot Shortcut,13991,03/11/2021, 10:11:58,71
RBTR00001,Reboot Shortcut,13991,03/11/2021, 11:10:05,71
RBTR00001,Reboot Shortcut,13991,03/11/2021, 12:14:06,71
RBTR00001,Reboot Shortcut,13992,03/11/2021, 13:19:58,71
RBTR00001,Reboot Shortcut,13992,03/11/2021, 14:15:55,71
RBTR00001,Reboot Shortcut,13993,03/11/2021, 15:15:09,71
RBTR00001,Reboot Shortcut,13993,03/11/2021, 16:21:49,71
RBTR00001,Reboot Shortcut,13993,03/11/2021, 17:33:51,71
RBTR00001,Reboot Shortcut,13993,03/11/2021, 18:18:51,71
RBTR00001,Reboot Shortcut,13993,03/11/2021, 19:13:03,71
RBTR00001,Reboot Shortcut,13995,03/11/2021, 20:11:28,71
RBTR00001,Reboot Shortcut,13995,03/11/2021, 21:09:55,71
RBTR00001,Reboot Shortcut,13995,03/11/2021, 22:11:28,71
RBTR00001,Reboot Shortcut,13995,03/11/2021, 23:10:56,71
RBTR00001,Reboot Shortcut,13996,03/12/2021, 00:26:09,71
RBTR00001,Reboot Shortcut,13997,03/12/2021, 01:43:01,71
RBTR00001,Reboot Shortcut,13997,03/12/2021, 02:26:56,71
RBTR00001,Reboot Shortcut,13997,03/12/2021, 03:11:58,71
RBTR00001,Reboot Shortcut,13999,03/12/2021, 04:13:08,71
RBTR00001,Reboot Shortcut,13999,03/12/2021, 05:11:26,71
RBTR00001,Reboot Shortcut,13999,03/12/2021, 06:12:01,71
RBTR00001,Reboot Shortcut,13999,03/12/2021, 07:09:39,71
RBTR00001,Reboot Shortcut,13999,03/12/2021, 08:13:26,71
RBTR00001,Reboot Shortcut,14000,03/12/2021, 09:14:50,71
RBTR00001,Reboot Shortcut,14000,03/12/2021, 10:16:57,71
RBTR00001,Reboot Shortcut,14000,03/12/2021, 11:14:58,71
RBTR00001,Reboot Shortcut,14001,03/12/2021, 12:18:47,71
RBTR00001,Reboot Shortcut,14002,03/12/2021, 13:18:53,71
RBTR00001,Reboot Shortcut,14002,03/12/2021, 14:15:59,71
RBTR00001,Reboot Shortcut,14002,03/12/2021, 15:15:04,71
RBTR00001,Reboot Shortcut,14003,03/12/2021, 16:21:51,71
RBTR00001,Reboot Shortcut,14004,03/12/2021, 17:29:05,71
RBTR00001,Reboot Shortcut,14004,03/12/2021, 18:13:24,71
RBTR00001,Reboot Shortcut,14004,03/12/2021, 19:27:47,71
RBTR00001,Reboot Shortcut,14004,03/12/2021, 20:11:35,71
RBTR00001,Reboot Shortcut,14004,03/12/2021, 21:09:18,71
RBTR00001,Reboot Shortcut,14004,03/12/2021, 22:11:34,71
RBTR00001,Reboot Shortcut,14004,03/12/2021, 23:11:09,71
RBTR00001,Reboot Shortcut,14004,03/13/2021, 00:25:49,71
RBTR00001,Reboot Shortcut,14004,03/13/2021, 01:41:34,71
RBTR00001,Reboot Shortcut,14005,03/13/2021, 02:26:00,71
RBTR00001,Reboot Shortcut,14005,03/13/2021, 03:11:17,71
RBTR00001,Reboot Shortcut,14005,03/13/2021, 04:13:06,71
RBTR00001,Reboot Shortcut,14005,03/13/2021, 05:10:46,71
RBTR00001,Reboot Shortcut,14005,03/13/2021, 06:11:43,71
RBTR00001,Reboot Shortcut,14007,03/13/2021, 07:09:53,71
RBTR00001,Reboot Shortcut,14007,03/13/2021, 08:12:12,71
RBTR00001,Reboot Shortcut,14007,03/13/2021, 09:10:55,71
RBTR00001,Reboot Shortcut,14007,03/13/2021, 10:11:40,71
RBTR00001,Reboot Shortcut,14007,03/13/2021, 11:10:08,71
RBTR00001,Reboot Shortcut,14007,03/13/2021, 12:13:53,71
RBTR00001,Reboot Shortcut,14008,03/13/2021, 13:13:37,71
RBTR00001,Reboot Shortcut,14008,03/13/2021, 14:10:42,71
RBTR00001,Reboot Shortcut,14008,03/13/2021, 15:10:16,71
RBTR00001,Reboot Shortcut,14010,03/13/2021, 16:16:41,71
RBTR00001,Reboot Shortcut,14010,03/13/2021, 17:28:23,71
RBTR00001,Reboot Shortcut,14010,03/13/2021, 18:12:30,71
RBTR00001,Reboot Shortcut,14010,03/13/2021, 19:07:34,71
RBTR00001,Reboot Shortcut,14010,03/13/2021, 20:11:03,71
RBTR00001,Reboot Shortcut,14011,03/13/2021, 21:09:33,71
RBTR00001,Reboot Shortcut,14011,03/13/2021, 22:11:08,71
RBTR00001,Reboot Shortcut,14011,03/13/2021, 23:10:55,71
RBTR00001,Reboot Shortcut,14011,03/14/2021, 00:27:19,71
RBTR00001,Reboot Shortcut,14011,03/14/2021, 01:45:09,71
RBTR00001,Reboot Shortcut,14011,03/14/2021, 02:26:09,71
RBTR00001,Reboot Shortcut,14011,03/14/2021, 03:11:27,71
RBTR00001,Reboot Shortcut,14011,03/14/2021, 04:13:06,71
RBTR00001,Reboot Shortcut,14011,03/14/2021, 05:10:56,71
RBTR00001,Reboot Shortcut,14011,03/14/2021, 06:11:53,71
RBTR00001,Reboot Shortcut,14011,03/14/2021, 07:10:09,71
RBTR00001,Reboot Shortcut,14011,03/14/2021, 08:12:28,71
RBTR00001,Reboot Shortcut,14011,03/14/2021, 09:11:13,71
RBTR00001,Reboot Shortcut,14011,03/14/2021, 10:11:51,71
RBTR00001,Reboot Shortcut,14011,03/14/2021, 11:10:04,71
RBTR00001,Reboot Shortcut,14011,03/14/2021, 12:13:56,71
RBTR00001,Reboot Shortcut,14012,03/14/2021, 13:13:35,71
RBTR00001,Reboot Shortcut,14012,03/14/2021, 14:10:48,71
RBTR00001,Reboot Shortcut,14012,03/14/2021, 15:10:30,71
RBTR00001,Reboot Shortcut,14012,03/14/2021, 16:16:37,71
RBTR00001,Reboot Shortcut,14012,03/14/2021, 17:28:11,71
RBTR00001,Reboot Shortcut,14012,03/14/2021, 18:11:20,71
RBTR00001,Reboot Shortcut,14012,03/14/2021, 19:08:02,71
RBTR00001,Reboot Shortcut,14012,03/14/2021, 20:11:02,71
RBTR00001,Reboot Shortcut,14012,03/14/2021, 21:09:26,71
RBTR00001,Reboot Shortcut,14012,03/14/2021, 22:11:17,71
RBTR00001,Reboot Shortcut,14012,03/14/2021, 23:10:33,71
RBTR00001,Reboot Shortcut,14012,03/15/2021, 00:26:23,71
RBTR00001,Reboot Shortcut,14012,03/15/2021, 01:43:29,71
RBTR00001,Reboot Shortcut,14012,03/15/2021, 02:26:41,71
RBTR00001,Reboot Shortcut,14012,03/15/2021, 03:11:12,71
RBTR00001,Reboot Shortcut,14012,03/15/2021, 04:13:15,71
RBTR00001,Reboot Shortcut,14012,03/15/2021, 05:10:29,71
RBTR00001,Reboot Shortcut,14012,03/15/2021, 06:11:49,71
RBTR00001,Reboot Shortcut,14012,03/15/2021, 07:09:44,71
RBTR00001,Reboot Shortcut,14012,03/15/2021, 08:13:05,71
RBTR00001,Reboot Shortcut,14012,03/15/2021, 09:16:02,71
RBTR00001,Reboot Shortcut,14012,03/15/2021, 10:16:59,71
RBTR00001,Reboot Shortcut,14012,03/15/2021, 11:14:52,71
RBTR00001,Reboot Shortcut,14012,03/15/2021, 12:18:55,71
RBTR00001,Reboot Shortcut,14012,03/15/2021, 13:18:01,71
RBTR00001,Reboot Shortcut,14012,03/15/2021, 14:15:55,71
RBTR00001,Reboot Shortcut,14012,03/15/2021, 15:15:09,71
RBTR00001,Reboot Shortcut,14012,03/15/2021, 16:22:04,71
RBTR00001,Reboot Shortcut,14012,03/15/2021, 17:32:35,71
RBTR00001,Reboot Shortcut,14013,03/15/2021, 18:16:04,71
RBTR00001,Reboot Shortcut,14013,03/15/2021, 19:13:06,71
RBTR00001,Reboot Shortcut,14014,03/15/2021, 21:28:20,71
RBTR00001,Reboot Shortcut,14014,03/15/2021, 22:21:40,71
RBTR00001,Reboot Shortcut,14016,03/15/2021, 23:16:11,71
RBTR00001,Reboot Shortcut,14016,03/16/2021, 00:25:33,71
RBTR00001,Reboot Shortcut,14016,03/16/2021, 01:41:43,71
RBTR00001,Reboot Shortcut,14016,03/16/2021, 02:25:59,71
RBTR00001,Reboot Shortcut,14016,03/16/2021, 03:10:25,71
RBTR00001,Reboot Shortcut,14016,03/16/2021, 04:13:09,71
RBTR00001,Reboot Shortcut,14017,03/16/2021, 05:10:39,71
RBTR00001,Reboot Shortcut,14017,03/16/2021, 06:11:38,71
RBTR00001,Reboot Shortcut,14017,03/16/2021, 07:09:39,71
RBTR00001,Reboot Shortcut,14017,03/16/2021, 08:12:25,71
RBTR00001,Reboot Shortcut,14017,03/16/2021, 09:09:55,71
RBTR00001,Reboot Shortcut,14017,03/16/2021, 10:12:21,71
RBTR00001,Reboot Shortcut,14017,03/16/2021, 11:10:11,71
RBTR00001,Reboot Shortcut,14019,03/16/2021, 12:18:55,71
RBTR00001,Reboot Shortcut,14019,03/16/2021, 13:19:03,71
RBTR00001,Reboot Shortcut,14019,03/16/2021, 14:16:09,71
RBTR00001,Reboot Shortcut,14020,03/16/2021, 15:16:24,71
RBTR00001,Reboot Shortcut,14021,03/16/2021, 16:21:49,71
RBTR00001,Reboot Shortcut,14021,03/16/2021, 17:29:08,71
RBTR00001,Reboot Shortcut,14021,03/16/2021, 18:13:13,71
RBTR00001,Reboot Shortcut,14021,03/16/2021, 19:08:33,71
RBTR00001,Reboot Shortcut,14021,03/16/2021, 20:11:22,71
RBTR00001,Reboot Shortcut,14022,03/16/2021, 21:09:56,71
RBTR00001,Reboot Shortcut,14022,03/16/2021, 22:11:40,71
RBTR00001,Reboot Shortcut,14023,03/16/2021, 23:10:42,71
RBTR00001,Reboot Shortcut,14023,03/17/2021, 00:26:23,71
RBTR00001,Reboot Shortcut,14023,03/17/2021, 01:43:37,71
RBTR00001,Reboot Shortcut,14023,03/17/2021, 02:27:54,71
RBTR00001,Reboot Shortcut,14023,03/17/2021, 03:12:14,71
RBTR00001,Reboot Shortcut,14023,03/17/2021, 04:13:04,71
RBTR00001,Reboot Shortcut,14023,03/17/2021, 05:11:13,71
RBTR00001,Reboot Shortcut,14023,03/17/2021, 06:11:59,71
RBTR00001,Reboot Shortcut,14023,03/17/2021, 07:09:47,71
RBTR00001,Reboot Shortcut,14023,03/17/2021, 08:12:32,71
RBTR00001,Reboot Shortcut,14023,03/17/2021, 09:11:17,71
RBTR00001,Reboot Shortcut,14023,03/17/2021, 10:11:53,71
RBTR00001,Reboot Shortcut,14023,03/17/2021, 11:10:15,71
RBTR00001,Reboot Shortcut,14023,03/17/2021, 12:16:05,71
RBTR00001,Reboot Shortcut,14023,03/17/2021, 13:18:58,71
RBTR00001,Reboot Shortcut,14024,03/17/2021, 14:16:21,71
RBTR00001,Reboot Shortcut,14024,03/17/2021, 15:16:53,71
RBTR00001,Reboot Shortcut,14025,03/17/2021, 16:22:20,71
RBTR00001,Reboot Shortcut,14025,03/17/2021, 17:28:26,71
RBTR00001,Reboot Shortcut,14025,03/17/2021, 18:12:25,71
RBTR00001,Reboot Shortcut,14026,03/17/2021, 19:07:49,71
RBTR00001,Reboot Shortcut,14026,03/17/2021, 20:11:34,71
RBTR00001,Reboot Shortcut,14026,03/17/2021, 21:09:59,71
RBTR00001,Reboot Shortcut,14026,03/17/2021, 22:11:49,71
RBTR00001,Reboot Shortcut,14026,03/17/2021, 23:10:52,71
RBTR00001,Reboot Shortcut,14026,03/18/2021, 00:26:15,71
RBTR00001,Reboot Shortcut,14026,03/18/2021, 01:43:43,71
RBTR00001,Reboot Shortcut,14026,03/18/2021, 02:27:07,71
RBTR00001,Reboot Shortcut,14026,03/18/2021, 03:11:01,71
RBTR00001,Reboot Shortcut,14026,03/18/2021, 04:13:19,71
RBTR00001,Reboot Shortcut,14026,03/18/2021, 05:11:38,71
RBTR00001,Reboot Shortcut,14026,03/18/2021, 06:12:14,71
RBTR00001,Reboot Shortcut,14026,03/18/2021, 07:09:25,71
RBTR00001,Reboot Shortcut,14027,03/18/2021, 08:12:47,71
RBTR00001,Reboot Shortcut,14027,03/18/2021, 09:16:04,71
RBTR00001,Reboot Shortcut,14027,03/18/2021, 10:17:01,71
RBTR00001,Reboot Shortcut,14027,03/18/2021, 11:14:52,71
RBTR00001,Reboot Shortcut,14027,03/18/2021, 12:18:19,71
RBTR00001,Reboot Shortcut,14027,03/18/2021, 13:18:55,71
RBTR00001,Reboot Shortcut,14027,03/18/2021, 14:15:54,71
RBTR00001,Reboot Shortcut,14027,03/18/2021, 15:10:43,71
RBTR00001,Reboot Shortcut,14027,03/18/2021, 16:17:09,71
RBTR00001,Reboot Shortcut,14027,03/18/2021, 17:29:19,71
RBTR00001,Reboot Shortcut,14027,03/18/2021, 18:13:16,71
RBTR00001,Reboot Shortcut,14027,03/18/2021, 19:08:04,71
RBTR00001,Reboot Shortcut,14027,03/18/2021, 20:11:28,71
RBTR00001,Reboot Shortcut,14027,03/18/2021, 21:10:07,71
RBTR00001,Reboot Shortcut,14027,03/18/2021, 22:11:44,71
RBTR00001,Reboot Shortcut,14027,03/18/2021, 23:11:00,71
RBTR00001,Reboot Shortcut,14027,03/19/2021, 00:26:50,71
RBTR00001,Reboot Shortcut,14027,03/19/2021, 01:45:00,71
RBTR00001,Reboot Shortcut,14027,03/19/2021, 02:28:29,71
RBTR00001,Reboot Shortcut,14027,03/19/2021, 03:13:09,71
RBTR00001,Reboot Shortcut,14027,03/19/2021, 04:13:20,71
RBTR00001,Reboot Shortcut,14028,03/19/2021, 05:11:49,71
RBTR00001,Reboot Shortcut,14028,03/19/2021, 06:12:01,71
RBTR00001,Reboot Shortcut,14028,03/19/2021, 07:09:36,71
RBTR00001,Reboot Shortcut,14028,03/19/2021, 08:13:43,71
RBTR00001,Reboot Shortcut,14028,03/19/2021, 09:11:11,71
RBTR00001,Reboot Shortcut,14028,03/19/2021, 10:16:52,71
RBTR00001,Reboot Shortcut,14028,03/19/2021, 11:11:41,71
RBTR00001,Reboot Shortcut,14028,03/19/2021, 12:14:34,71
RBTR00001,Reboot Shortcut,14028,03/19/2021, 13:20:05,71
RBTR00001,Reboot Shortcut,14028,03/19/2021, 14:15:56,71
RBTR00001,Reboot Shortcut,14029,03/19/2021, 15:15:58,71
RBTR00001,Reboot Shortcut,14029,03/19/2021, 16:17:39,71
RBTR00001,Reboot Shortcut,14030,03/19/2021, 17:30:35,71
RBTR00001,Reboot Shortcut,14030,03/19/2021, 18:14:34,71
RBTR00001,Reboot Shortcut,14030,03/19/2021, 19:08:44,71
RBTR00001,Reboot Shortcut,14030,03/19/2021, 20:11:31,71
RBTR00001,Reboot Shortcut,14030,03/19/2021, 21:10:07,71
RBTR00001,Reboot Shortcut,14030,03/19/2021, 22:11:53,71
RBTR00001,Reboot Shortcut,14030,03/19/2021, 23:10:59,71
RBTR00001,Reboot Shortcut,14031,03/20/2021, 00:26:13,71
RBTR00001,Reboot Shortcut,14031,03/20/2021, 01:43:46,71
RBTR00001,Reboot Shortcut,14031,03/20/2021, 02:28:17,71
RBTR00001,Reboot Shortcut,14031,03/20/2021, 03:12:59,71
RBTR00001,Reboot Shortcut,14031,03/20/2021, 04:13:26,71
RBTR00001,Reboot Shortcut,14031,03/20/2021, 05:12:09,71
RBTR00001,Reboot Shortcut,14032,03/20/2021, 06:11:38,71
RBTR00001,Reboot Shortcut,14032,03/20/2021, 07:10:03,71
RBTR00001,Reboot Shortcut,14032,03/20/2021, 08:12:29,71
RBTR00001,Reboot Shortcut,14032,03/20/2021, 09:11:30,71
RBTR00001,Reboot Shortcut,14032,03/20/2021, 10:12:08,71
RBTR00001,Reboot Shortcut,14032,03/20/2021, 11:10:06,71
RBTR00001,Reboot Shortcut,14032,03/20/2021, 12:14:21,71
RBTR00001,Reboot Shortcut,14032,03/20/2021, 13:14:07,71
RBTR00001,Reboot Shortcut,14032,03/20/2021, 14:10:54,71
RBTR00001,Reboot Shortcut,14033,03/20/2021, 15:10:42,71
RBTR00001,Reboot Shortcut,14033,03/20/2021, 16:17:38,71
RBTR00001,Reboot Shortcut,14034,03/20/2021, 17:31:20,71
RBTR00001,Reboot Shortcut,14034,03/20/2021, 18:14:30,71
RBTR00001,Reboot Shortcut,14034,03/20/2021, 19:08:09,71
RBTR00001,Reboot Shortcut,14034,03/20/2021, 20:11:20,71
RBTR00001,Reboot Shortcut,14034,03/20/2021, 21:10:06,71
RBTR00001,Reboot Shortcut,14035,03/20/2021, 22:11:38,71
RBTR00001,Reboot Shortcut,14035,03/20/2021, 23:10:59,71
RBTR00001,Reboot Shortcut,14036,03/21/2021, 00:28:00,71
RBTR00001,Reboot Shortcut,14037,03/21/2021, 01:47:44,71
RBTR00001,Reboot Shortcut,14037,03/21/2021, 02:28:16,71
RBTR00001,Reboot Shortcut,14037,03/21/2021, 03:12:33,71
RBTR00001,Reboot Shortcut,14037,03/21/2021, 04:13:24,71
RBTR00001,Reboot Shortcut,14038,03/21/2021, 05:12:50,71
RBTR00001,Reboot Shortcut,14038,03/21/2021, 06:11:35,71
RBTR00001,Reboot Shortcut,14038,03/21/2021, 07:10:02,71
RBTR00001,Reboot Shortcut,14038,03/21/2021, 08:12:39,71
RBTR00001,Reboot Shortcut,14038,03/21/2021, 09:11:31,71
RBTR00001,Reboot Shortcut,14038,03/21/2021, 10:12:02,71
RBTR00001,Reboot Shortcut,14039,03/21/2021, 11:15:26,71
RBTR00001,Reboot Shortcut,14039,03/21/2021, 12:18:56,71
RBTR00001,Reboot Shortcut,14039,03/21/2021, 13:14:54,71
RBTR00001,Reboot Shortcut,14039,03/21/2021, 14:11:03,71
RBTR00001,Reboot Shortcut,14039,03/21/2021, 15:11:00,71
RBTR00001,Reboot Shortcut,14039,03/21/2021, 16:17:38,71
RBTR00001,Reboot Shortcut,14039,03/21/2021, 17:31:57,71
RBTR00001,Reboot Shortcut,14039,03/21/2021, 18:19:53,71
RBTR00001,Reboot Shortcut,14039,03/21/2021, 19:12:50,71
RBTR00001,Reboot Shortcut,14040,03/21/2021, 20:12:03,71
RBTR00001,Reboot Shortcut,14040,03/21/2021, 21:09:45,71
RBTR00001,Reboot Shortcut,14040,03/21/2021, 22:11:49,71
RBTR00001,Reboot Shortcut,14041,03/21/2021, 23:11:11,71
RBTR00001,Reboot Shortcut,14041,03/22/2021, 00:26:54,71
RBTR00001,Reboot Shortcut,14041,03/22/2021, 01:46:50,71
RBTR00001,Reboot Shortcut,14041,03/22/2021, 02:31:22,71
RBTR00001,Reboot Shortcut,14041,03/22/2021, 03:18:51,71
RBTR00001,Reboot Shortcut,14041,03/22/2021, 04:17:54,71
RBTR00001,Reboot Shortcut,14041,03/22/2021, 05:18:47,71
RBTR00001,Reboot Shortcut,14041,03/22/2021, 06:16:50,71
RBTR00001,Reboot Shortcut,14041,03/22/2021, 07:14:52,71
RBTR00001,Reboot Shortcut,14041,03/22/2021, 08:17:54,71
RBTR00001,Reboot Shortcut,14041,03/22/2021, 09:16:05,71
RBTR00001,Reboot Shortcut,14041,03/22/2021, 10:16:57,71
RBTR00001,Reboot Shortcut,14041,03/22/2021, 11:10:11,71
RBTR00001,Reboot Shortcut,14041,03/22/2021, 12:14:53,71
RBTR00001,Reboot Shortcut,14041,03/22/2021, 13:17:25,71
RBTR00001,Reboot Shortcut,14041,03/22/2021, 14:11:05,71
RBTR00001,Reboot Shortcut,14041,03/22/2021, 15:11:01,71
RBTR00001,Reboot Shortcut,14041,03/22/2021, 16:18:04,71
RBTR00001,Reboot Shortcut,14041,03/22/2021, 17:32:26,71
RBTR00001,Reboot Shortcut,14041,03/22/2021, 18:15:51,71
RBTR00001,Reboot Shortcut,14041,03/22/2021, 19:09:45,71
RBTR00001,Reboot Shortcut,14041,03/22/2021, 20:12:04,71
RBTR00001,Reboot Shortcut,14041,03/22/2021, 21:10:20,71
RBTR00001,Reboot Shortcut,14042,03/22/2021, 22:12:24,71
RBTR00001,Reboot Shortcut,14042,03/22/2021, 23:11:07,71
RBTR00001,Reboot Shortcut,14042,03/23/2021, 00:26:31,71
RBTR00001,Reboot Shortcut,14042,03/23/2021, 01:46:05,71
RBTR00001,Reboot Shortcut,14043,03/23/2021, 02:30:05,71
RBTR00001,Reboot Shortcut,14043,03/23/2021, 03:14:29,71
RBTR00001,Reboot Shortcut,14043,03/23/2021, 04:13:08,71
RBTR00001,Reboot Shortcut,14043,03/23/2021, 05:13:32,71
RBTR00001,Reboot Shortcut,14044,03/23/2021, 06:12:03,71
RBTR00001,Reboot Shortcut,14044,03/23/2021, 07:10:28,71
RBTR00001,Reboot Shortcut,14044,03/23/2021, 08:13:22,71
RBTR00001,Reboot Shortcut,14044,03/23/2021, 09:11:40,71
RBTR00001,Reboot Shortcut,14044,03/23/2021, 10:12:02,71
RBTR00001,Reboot Shortcut,14044,03/23/2021, 11:10:16,71
RBTR00001,Reboot Shortcut,14044,03/23/2021, 12:19:58,71
RBTR00001,Reboot Shortcut,14044,03/23/2021, 13:22:53,71
RBTR00001,Reboot Shortcut,14044,03/23/2021, 14:16:06,71
RBTR00001,Reboot Shortcut,14044,03/23/2021, 15:11:43,71
RBTR00001,Reboot Shortcut,14044,03/23/2021, 16:16:59,71
RBTR00001,Reboot Shortcut,14044,03/23/2021, 17:34:37,71
RBTR00001,Reboot Shortcut,14044,03/23/2021, 18:14:37,71
RBTR00001,Reboot Shortcut,14044,03/23/2021, 19:09:32,71
RBTR00001,Reboot Shortcut,14044,03/23/2021, 20:12:21,71
RBTR00001,Reboot Shortcut,14044,03/23/2021, 21:10:15,71
RBTR00001,Reboot Shortcut,14044,03/23/2021, 22:12:25,71
RBTR00001,Reboot Shortcut,14044,03/23/2021, 23:11:54,71
RBTR00001,Reboot Shortcut,14044,03/24/2021, 00:26:56,71
RBTR00001,Reboot Shortcut,14044,03/24/2021, 01:47:46,71
RBTR00001,Reboot Shortcut,14044,03/24/2021, 02:31:04,71
RBTR00001,Reboot Shortcut,14045,03/24/2021, 03:14:35,71
RBTR00001,Reboot Shortcut,14045,03/24/2021, 04:23:06,71
RBTR00001,Reboot Shortcut,14045,03/24/2021, 05:28:25,71
RBTR00001,Reboot Shortcut,14046,03/24/2021, 06:20:03,71
RBTR00001,Reboot Shortcut,14046,03/24/2021, 07:23:31,71
RBTR00001,Reboot Shortcut,14046,03/24/2021, 08:21:32,71
RBTR00001,Reboot Shortcut,14047,03/24/2021, 09:27:10,71
RBTR00001,Reboot Shortcut,14047,03/24/2021, 10:27:18,71
RBTR00001,Reboot Shortcut,14047,03/24/2021, 11:24:08,71
RBTR00001,Reboot Shortcut,14047,03/24/2021, 12:30:59,71
RBTR00001,Reboot Shortcut,14047,03/24/2021, 13:31:09,71
RBTR00001,Reboot Shortcut,14047,03/24/2021, 14:18:28,71
RBTR00001,Reboot Shortcut,14047,03/24/2021, 15:18:31,71
RBTR00001,Reboot Shortcut,14047,03/24/2021, 16:35:14,71
RBTR00001,Reboot Shortcut,14047,03/24/2021, 18:00:16,71
RBTR00001,Reboot Shortcut,14047,03/24/2021, 18:46:59,71
RBTR00001,Reboot Shortcut,14048,03/24/2021, 19:26:05,71
RBTR00001,Reboot Shortcut,14048,03/24/2021, 20:19:18,71
RBTR00001,Reboot Shortcut,14048,03/24/2021, 21:16:26,71
RBTR00001,Reboot Shortcut,14049,03/24/2021, 22:18:36,71
RBTR00001,Reboot Shortcut,14049,03/24/2021, 23:21:00,71
RBTR00001,Reboot Shortcut,14049,03/25/2021, 00:56:53,71
RBTR00001,Reboot Shortcut,14049,03/25/2021, 02:27:34,71
RBTR00001,Reboot Shortcut,14050,03/25/2021, 03:29:26,71
RBTR00001,Reboot Shortcut,14050,03/25/2021, 04:26:09,71
RBTR00001,Reboot Shortcut,14050,03/25/2021, 05:27:16,71
RBTR00001,Reboot Shortcut,14050,03/25/2021, 06:19:36,71
RBTR00001,Reboot Shortcut,14050,03/25/2021, 07:18:02,71
RBTR00001,Reboot Shortcut,14050,03/25/2021, 08:19:52,71
RBTR00001,Reboot Shortcut,14050,03/25/2021, 09:17:47,71
RBTR00001,Reboot Shortcut,14050,03/25/2021, 10:18:10,71
RBTR00001,Reboot Shortcut,14050,03/25/2021, 11:10:39,71
RBTR00001,Reboot Shortcut,14050,03/25/2021, 12:17:59,71
RBTR00001,Reboot Shortcut,14051,03/25/2021, 13:22:17,71
RBTR00001,Reboot Shortcut,14052,03/25/2021, 14:18:19,71
RBTR00001,Reboot Shortcut,14052,03/25/2021, 15:19:41,71
RBTR00001,Reboot Shortcut,14053,03/25/2021, 16:20:57,71
RBTR00001,Reboot Shortcut,14053,03/25/2021, 17:26:22,71
RBTR00001,Reboot Shortcut,14053,03/25/2021, 18:31:00,71
RBTR00001,Reboot Shortcut,14053,03/25/2021, 19:25:20,71
RBTR00001,Reboot Shortcut,14055,03/25/2021, 20:14:53,71
RBTR00001,Reboot Shortcut,14055,03/25/2021, 21:13:48,71
RBTR00001,Reboot Shortcut,14056,03/25/2021, 22:15:07,71
RBTR00001,Reboot Shortcut,14056,03/25/2021, 23:16:35,71
RBTR00001,Reboot Shortcut,14056,03/26/2021, 00:37:42,71
RBTR00001,Reboot Shortcut,14056,03/26/2021, 01:39:06,71
RBTR00001,Reboot Shortcut,14056,03/26/2021, 02:40:05,71
RBTR00001,Reboot Shortcut,14056,03/26/2021, 03:27:30,71
RBTR00001,Reboot Shortcut,14056,03/26/2021, 04:26:30,71
RBTR00001,Reboot Shortcut,14056,03/26/2021, 05:23:35,71
RBTR00001,Reboot Shortcut,14056,03/26/2021, 06:17:08,71
RBTR00001,Reboot Shortcut,14057,03/26/2021, 07:16:35,71
RBTR00001,Reboot Shortcut,14059,03/26/2021, 08:17:17,71
RBTR00001,Reboot Shortcut,14059,03/26/2021, 09:17:56,71
RBTR00001,Reboot Shortcut,14059,03/26/2021, 10:16:46,71
RBTR00001,Reboot Shortcut,14059,03/26/2021, 11:13:04,71
RBTR00001,Reboot Shortcut,14059,03/26/2021, 12:20:38,71
RBTR00001,Reboot Shortcut,14059,03/26/2021, 13:23:24,71
RBTR00001,Reboot Shortcut,14059,03/26/2021, 14:15:25,71
RBTR00001,Reboot Shortcut,14059,03/26/2021, 15:15:57,71
RBTR00001,Reboot Shortcut,14059,03/26/2021, 16:26:09,71
RBTR00001,Reboot Shortcut,14060,03/26/2021, 17:39:55,71
RBTR00001,Reboot Shortcut,14060,03/26/2021, 18:26:31,71
RBTR00001,Reboot Shortcut,14060,03/26/2021, 19:17:53,71
RBTR00001,Reboot Shortcut,14060,03/26/2021, 20:16:10,71
RBTR00001,Reboot Shortcut,14060,03/26/2021, 21:13:37,71
RBTR00001,Reboot Shortcut,14060,03/26/2021, 22:14:19,71
RBTR00001,Reboot Shortcut,14060,03/26/2021, 23:14:37,71
RBTR00001,Reboot Shortcut,14061,03/27/2021, 00:42:23,71
RBTR00001,Reboot Shortcut,14062,03/27/2021, 02:00:02,71
RBTR00001,Reboot Shortcut,14062,03/27/2021, 02:44:55,71
RBTR00001,Reboot Shortcut,14063,03/27/2021, 03:20:45,71
RBTR00001,Reboot Shortcut,14063,03/27/2021, 04:19:18,71
RBTR00001,Reboot Shortcut,14063,03/27/2021, 05:20:16,71
RBTR00001,Reboot Shortcut,14063,03/27/2021, 06:17:23,71
RBTR00001,Reboot Shortcut,14063,03/27/2021, 07:16:18,71
RBTR00001,Reboot Shortcut,14063,03/27/2021, 08:16:54,71
RBTR00001,Reboot Shortcut,14063,03/27/2021, 09:15:06,71
RBTR00001,Reboot Shortcut,14063,03/27/2021, 10:15:17,71
RBTR00001,Reboot Shortcut,14064,03/27/2021, 11:12:48,71
RBTR00001,Reboot Shortcut,14064,03/27/2021, 12:20:31,71
RBTR00001,Reboot Shortcut,14064,03/27/2021, 13:22:11,71
RBTR00001,Reboot Shortcut,14064,03/27/2021, 14:14:23,71
RBTR00001,Reboot Shortcut,14065,03/27/2021, 15:14:31,71
RBTR00001,Reboot Shortcut,14065,03/27/2021, 16:24:12,71
RBTR00001,Reboot Shortcut,14065,03/27/2021, 17:40:37,71
RBTR00001,Reboot Shortcut,14065,03/27/2021, 18:27:52,71
RBTR00001,Reboot Shortcut,14065,03/27/2021, 19:17:19,71
RBTR00001,Reboot Shortcut,14066,03/27/2021, 20:15:56,71
RBTR00001,Reboot Shortcut,14066,03/27/2021, 21:13:31,71
RBTR00001,Reboot Shortcut,14066,03/27/2021, 22:15:29,71
RBTR00001,Reboot Shortcut,14066,03/27/2021, 23:14:29,71
RBTR00001,Reboot Shortcut,14067,03/28/2021, 00:43:39,71
RBTR00001,Reboot Shortcut,14067,03/28/2021, 02:00:08,71
RBTR00001,Reboot Shortcut,14067,03/28/2021, 02:45:38,71
RBTR00001,Reboot Shortcut,14067,03/28/2021, 03:22:08,71
RBTR00001,Reboot Shortcut,14067,03/28/2021, 04:20:31,71
RBTR00001,Reboot Shortcut,14067,03/28/2021, 05:21:52,71
RBTR00001,Reboot Shortcut,14068,03/28/2021, 06:17:15,71
RBTR00001,Reboot Shortcut,14068,03/28/2021, 07:16:33,71
RBTR00001,Reboot Shortcut,14068,03/28/2021, 08:17:08,71
RBTR00001,Reboot Shortcut,14068,03/28/2021, 09:15:10,71
RBTR00001,Reboot Shortcut,14068,03/28/2021, 10:15:00,71
RBTR00001,Reboot Shortcut,14070,03/28/2021, 11:12:59,71
RBTR00001,Reboot Shortcut,14070,03/28/2021, 12:20:26,71
RBTR00001,Reboot Shortcut,14070,03/28/2021, 13:22:28,71
RBTR00001,Reboot Shortcut,14071,03/28/2021, 14:14:31,71
RBTR00001,Reboot Shortcut,14071,03/28/2021, 15:14:49,71
RBTR00001,Reboot Shortcut,14071,03/28/2021, 16:24:54,71
RBTR00001,Reboot Shortcut,14071,03/28/2021, 17:41:10,71
RBTR00001,Reboot Shortcut,14073,03/28/2021, 18:27:25,71
RBTR00001,Reboot Shortcut,14073,03/28/2021, 19:17:57,71
RBTR00001,Reboot Shortcut,14075,03/28/2021, 20:15:41,71
RBTR00001,Reboot Shortcut,14075,03/28/2021, 21:13:37,71
RBTR00001,Reboot Shortcut,14075,03/28/2021, 22:15:54,71
RBTR00001,Reboot Shortcut,14076,03/28/2021, 23:14:38,71
RBTR00001,Reboot Shortcut,14076,03/29/2021, 00:45:26,71
RBTR00001,Reboot Shortcut,14076,03/29/2021, 02:03:08,71
RBTR00001,Reboot Shortcut,14076,03/29/2021, 03:23:23,71
RBTR00001,Reboot Shortcut,14076,03/29/2021, 04:20:50,71
RBTR00001,Reboot Shortcut,14076,03/29/2021, 05:22:27,71
RBTR00001,Reboot Shortcut,14076,03/29/2021, 06:18:09,71
RBTR00001,Reboot Shortcut,14076,03/29/2021, 07:17:38,71
RBTR00001,Reboot Shortcut,14076,03/29/2021, 09:43:57,71
RBTR00001,Reboot Shortcut,14076,03/29/2021, 10:17:33,71
RBTR00001,Reboot Shortcut,14076,03/29/2021, 11:13:30,71
RBTR00001,Reboot Shortcut,14076,03/29/2021, 12:20:54,71
RBTR00001,Reboot Shortcut,14076,03/29/2021, 13:24:15,71
RBTR00001,Reboot Shortcut,14076,03/29/2021, 14:15:42,71
RBTR00001,Reboot Shortcut,14078,03/29/2021, 15:31:49,71
RBTR00001,Reboot Shortcut,14078,03/29/2021, 16:26:54,71
RBTR00001,Reboot Shortcut,14078,03/29/2021, 17:40:16,71
RBTR00001,Reboot Shortcut,14078,03/29/2021, 18:23:51,71
RBTR00001,Reboot Shortcut,14079,03/29/2021, 19:14:41,71
RBTR00001,Reboot Shortcut,14079,03/29/2021, 20:16:22,71
RBTR00001,Reboot Shortcut,14079,03/29/2021, 21:13:59,71
RBTR00001,Reboot Shortcut,14079,03/29/2021, 22:16:36,71
RBTR00001,Reboot Shortcut,14080,03/29/2021, 23:15:08,71
RBTR00001,Reboot Shortcut,14080,03/30/2021, 00:42:41,71
RBTR00001,Reboot Shortcut,14081,03/30/2021, 01:59:57,71
RBTR00001,Reboot Shortcut,14081,03/30/2021, 02:44:53,71
RBTR00001,Reboot Shortcut,14081,03/30/2021, 03:20:54,71
RBTR00001,Reboot Shortcut,14081,03/30/2021, 04:18:35,71
RBTR00001,Reboot Shortcut,14081,03/30/2021, 05:21:01,71
RBTR00001,Reboot Shortcut,14081,03/30/2021, 06:17:47,71
RBTR00001,Reboot Shortcut,14081,03/30/2021, 07:16:50,71
RBTR00001,Reboot Shortcut,14081,03/30/2021, 08:18:02,71
RBTR00001,Reboot Shortcut,14082,03/30/2021, 09:16:07,71
RBTR00001,Reboot Shortcut,14082,03/30/2021, 10:15:49,71
RBTR00001,Reboot Shortcut,14082,03/30/2021, 11:13:11,71
RBTR00001,Reboot Shortcut,14082,03/30/2021, 12:21:44,71
RBTR00001,Reboot Shortcut,14082,03/30/2021, 13:23:29,71
RBTR00001,Reboot Shortcut,14082,03/30/2021, 14:15:23,71
RBTR00001,Reboot Shortcut,14082,03/30/2021, 15:15:37,71
RBTR00001,Reboot Shortcut,14083,03/30/2021, 16:25:55,71
RBTR00001,Reboot Shortcut,14083,03/30/2021, 17:42:38,71
RBTR00001,Reboot Shortcut,14083,03/30/2021, 18:29:33,71
RBTR00001,Reboot Shortcut,14083,03/30/2021, 19:18:42,71
RBTR00001,Reboot Shortcut,14083,03/30/2021, 20:15:58,71
RBTR00001,Reboot Shortcut,14083,03/30/2021, 21:13:55,71
RBTR00001,Reboot Shortcut,14084,03/30/2021, 22:16:32,71
RBTR00001,Reboot Shortcut,14084,03/30/2021, 23:15:17,71
RBTR00001,Reboot Shortcut,14085,03/31/2021, 00:40:04,71
RBTR00001,Reboot Shortcut,14085,03/31/2021, 01:58:39,71
RBTR00001,Reboot Shortcut,14085,03/31/2021, 02:43:33,71
RBTR00001,Reboot Shortcut,14085,03/31/2021, 03:20:35,71
RBTR00001,Reboot Shortcut,14085,03/31/2021, 04:19:55,71
RBTR00001,Reboot Shortcut,14085,03/31/2021, 05:17:28,71
RBTR00001,Reboot Shortcut,14085,03/31/2021, 06:17:50,71
RBTR00001,Reboot Shortcut,14085,03/31/2021, 07:17:33,71
RBTR00001,Reboot Shortcut,14086,03/31/2021, 08:17:36,71
RBTR00001,Reboot Shortcut,14086,03/31/2021, 09:15:43,71
RBTR00001,Reboot Shortcut,14087,03/31/2021, 10:16:01,71
RBTR00001,Reboot Shortcut,14087,03/31/2021, 11:13:12,71
RBTR00001,Reboot Shortcut,14087,03/31/2021, 12:20:57,71
RBTR00001,Reboot Shortcut,14088,03/31/2021, 13:23:01,71
RBTR00001,Reboot Shortcut,14088,03/31/2021, 14:15:17,71
RBTR00001,Reboot Shortcut,14088,03/31/2021, 15:15:37,71
RBTR00001,Reboot Shortcut,14088,03/31/2021, 16:26:18,71
RBTR00001,Reboot Shortcut,14088,03/31/2021, 17:42:00,71
RBTR00001,Reboot Shortcut,14088,03/31/2021, 18:28:09,71
RBTR00001,Reboot Shortcut,14088,03/31/2021, 19:17:07,71
RBTR00001,Reboot Shortcut,14088,03/31/2021, 20:16:32,71
RBTR00001,Reboot Shortcut,14089,03/31/2021, 21:14:19,71
RBTR00001,Reboot Shortcut,14090,03/31/2021, 22:16:40,71
RBTR00001,Reboot Shortcut,14090,03/31/2021, 23:15:18,71
RBTR00001,Reboot Shortcut,14090,04/01/2021, 00:44:32,71
RBTR00001,Reboot Shortcut,14090,04/01/2021, 02:07:20,71
RBTR00001,Reboot Shortcut,14090,04/01/2021, 03:22:21,71
RBTR00001,Reboot Shortcut,14091,04/01/2021, 04:18:50,71
RBTR00001,Reboot Shortcut,14091,04/01/2021, 05:21:48,71
RBTR00001,Reboot Shortcut,14091,04/01/2021, 06:17:45,71
RBTR00001,Reboot Shortcut,14091,04/01/2021, 07:16:48,71
RBTR00001,Reboot Shortcut,14091,04/01/2021, 08:22:47,71
RBTR00001,Reboot Shortcut,14091,04/01/2021, 09:16:30,71
RBTR00001,Reboot Shortcut,14091,04/01/2021, 10:16:09,71
RBTR00001,Reboot Shortcut,14091,04/01/2021, 11:13:26,71
RBTR00001,Reboot Shortcut,14091,04/01/2021, 12:21:10,71
RBTR00001,Reboot Shortcut,14092,04/01/2021, 13:23:42,71
RBTR00001,Reboot Shortcut,14092,04/01/2021, 14:23:35,71
RBTR00001,Reboot Shortcut,14092,04/01/2021, 15:21:43,71
RBTR00001,Reboot Shortcut,14092,04/01/2021, 16:26:46,71
RBTR00001,Reboot Shortcut,14092,04/01/2021, 17:44:31,71
RBTR00001,Reboot Shortcut,14092,04/01/2021, 18:30:37,71
RBTR00001,Reboot Shortcut,14092,04/01/2021, 19:19:51,71
RBTR00001,Reboot Shortcut,14092,04/01/2021, 20:16:23,71
RBTR00001,Reboot Shortcut,14092,04/01/2021, 21:14:33,71
RBTR00001,Reboot Shortcut,14092,04/01/2021, 22:41:16,71
RBTR00001,Reboot Shortcut,14092,04/01/2021, 23:28:02,71
RBTR00001,Reboot Shortcut,14092,04/02/2021, 00:52:15,71
RBTR00001,Reboot Shortcut,14092,04/02/2021, 02:13:33,71
RBTR00001,Reboot Shortcut,14092,04/02/2021, 03:23:54,71
RBTR00001,Reboot Shortcut,14093,04/02/2021, 04:21:53,71
RBTR00001,Reboot Shortcut,14093,04/02/2021, 05:22:08,71
RBTR00001,Reboot Shortcut,14093,04/02/2021, 06:17:48,71
RBTR00001,Reboot Shortcut,14093,04/02/2021, 07:18:31,71
RBTR00001,Reboot Shortcut,14093,04/02/2021, 08:18:37,71
RBTR00001,Reboot Shortcut,14093,04/02/2021, 09:17:02,71
RBTR00001,Reboot Shortcut,14093,04/02/2021, 10:16:20,71
RBTR00001,Reboot Shortcut,14093,04/02/2021, 11:13:01,71
RBTR00001,Reboot Shortcut,14093,04/02/2021, 12:21:05,71
RBTR00001,Reboot Shortcut,14093,04/02/2021, 13:23:08,71
RBTR00001,Reboot Shortcut,14093,04/02/2021, 14:15:25,71
RBTR00001,Reboot Shortcut,14093,04/02/2021, 15:15:27,71
RBTR00001,Reboot Shortcut,14093,04/02/2021, 16:26:46,71
RBTR00001,Reboot Shortcut,14094,04/02/2021, 17:44:01,71
RBTR00001,Reboot Shortcut,14094,04/02/2021, 18:29:08,71
RBTR00001,Reboot Shortcut,14094,04/02/2021, 19:18:48,71
RBTR00001,Reboot Shortcut,14094,04/02/2021, 20:15:59,71
RBTR00001,Reboot Shortcut,14095,04/02/2021, 21:13:43,71
RBTR00001,Reboot Shortcut,14095,04/02/2021, 22:17:08,71
RBTR00001,Reboot Shortcut,14095,04/02/2021, 23:16:17,71
RBTR00001,Reboot Shortcut,14096,04/03/2021, 00:43:58,71
RBTR00001,Reboot Shortcut,14096,04/03/2021, 02:02:30,71
RBTR00001,Reboot Shortcut,14096,04/03/2021, 03:21:21,71
RBTR00001,Reboot Shortcut,14096,04/03/2021, 04:19:14,71
RBTR00001,Reboot Shortcut,14096,04/03/2021, 05:20:54,71
RBTR00001,Reboot Shortcut,14097,04/03/2021, 06:18:02,71
RBTR00001,Reboot Shortcut,14097,04/03/2021, 07:17:23,71
RBTR00001,Reboot Shortcut,14097,04/03/2021, 08:16:56,71
RBTR00001,Reboot Shortcut,14097,04/03/2021, 09:15:07,71
RBTR00001,Reboot Shortcut,14097,04/03/2021, 11:13:08,71
RBTR00001,Reboot Shortcut,14097,04/03/2021, 12:20:38,71
RBTR00001,Reboot Shortcut,14097,04/03/2021, 13:21:53,71
RBTR00001,Reboot Shortcut,14097,04/03/2021, 14:14:15,71
RBTR00001,Reboot Shortcut,14098,04/03/2021, 15:14:37,71
RBTR00001,Reboot Shortcut,14098,04/03/2021, 16:25:15,71
RBTR00001,Reboot Shortcut,14098,04/03/2021, 17:41:59,71
RBTR00001,Reboot Shortcut,14098,04/03/2021, 18:27:23,71
RBTR00001,Reboot Shortcut,14098,04/03/2021, 19:17:41,71
RBTR00001,Reboot Shortcut,14098,04/03/2021, 20:15:29,71
RBTR00001,Reboot Shortcut,14099,04/03/2021, 21:13:26,71
RBTR00001,Reboot Shortcut,14099,04/03/2021, 22:16:54,71
RBTR00001,Reboot Shortcut,14099,04/03/2021, 23:15:51,71
RBTR00001,Reboot Shortcut,14099,04/04/2021, 00:46:52,71
RBTR00001,Reboot Shortcut,14099,04/04/2021, 02:06:12,71
RBTR00001,Reboot Shortcut,14099,04/04/2021, 03:21:49,71
RBTR00001,Reboot Shortcut,14100,04/04/2021, 04:19:51,71
RBTR00001,Reboot Shortcut,14100,04/04/2021, 05:21:07,71
RBTR00001,Reboot Shortcut,14100,04/04/2021, 06:18:03,71
RBTR00001,Reboot Shortcut,14100,04/04/2021, 07:17:30,71
RBTR00001,Reboot Shortcut,14100,04/04/2021, 08:16:47,71
RBTR00001,Reboot Shortcut,14101,04/04/2021, 09:14:42,71
RBTR00001,Reboot Shortcut,14101,04/04/2021, 10:15:19,71
RBTR00001,Reboot Shortcut,14101,04/04/2021, 11:12:53,71
RBTR00001,Reboot Shortcut,14101,04/04/2021, 12:20:45,71
RBTR00001,Reboot Shortcut,14101,04/04/2021, 13:22:36,71
RBTR00001,Reboot Shortcut,14101,04/04/2021, 14:14:19,71
RBTR00001,Reboot Shortcut,14101,04/04/2021, 15:14:34,71
RBTR00001,Reboot Shortcut,14101,04/04/2021, 16:25:34,71
RBTR00001,Reboot Shortcut,14101,04/04/2021, 17:42:14,71
RBTR00001,Reboot Shortcut,14101,04/04/2021, 18:27:34,71
RBTR00001,Reboot Shortcut,14101,04/04/2021, 19:18:11,71
RBTR00001,Reboot Shortcut,14102,04/04/2021, 20:15:19,71
RBTR00001,Reboot Shortcut,14102,04/04/2021, 21:13:38,71
RBTR00001,Reboot Shortcut,14102,04/04/2021, 22:16:38,71
RBTR00001,Reboot Shortcut,14102,04/04/2021, 23:16:11,71
RBTR00001,Reboot Shortcut,14103,04/05/2021, 00:47:40,71
RBTR00001,Reboot Shortcut,14103,04/05/2021, 02:05:12,71
RBTR00001,Reboot Shortcut,14104,04/05/2021, 03:22:00,71
RBTR00001,Reboot Shortcut,14104,04/05/2021, 04:20:07,71
RBTR00001,Reboot Shortcut,14104,04/05/2021, 05:21:50,71
RBTR00001,Reboot Shortcut,14105,04/05/2021, 06:18:25,71
RBTR00001,Reboot Shortcut,14105,04/05/2021, 07:17:45,71
RBTR00001,Reboot Shortcut,14105,04/05/2021, 08:17:46,71
RBTR00001,Reboot Shortcut,14105,04/05/2021, 09:16:11,71
RBTR00001,Reboot Shortcut,14105,04/05/2021, 10:16:03,71
RBTR00001,Reboot Shortcut,14106,04/05/2021, 11:13:09,71
RBTR00001,Reboot Shortcut,14106,04/05/2021, 12:21:41,71
RBTR00001,Reboot Shortcut,14106,04/05/2021, 13:23:54,71
RBTR00001,Reboot Shortcut,14107,04/05/2021, 14:15:24,71
RBTR00001,Reboot Shortcut,14107,04/05/2021, 15:15:33,71
RBTR00001,Reboot Shortcut,14107,04/05/2021, 16:27:11,71
RBTR00001,Reboot Shortcut,14109,04/05/2021, 17:42:49,71
RBTR00001,Reboot Shortcut,14109,04/05/2021, 18:29:20,71
RBTR00001,Reboot Shortcut,14109,04/05/2021, 19:19:05,71
RBTR00001,Reboot Shortcut,14109,04/05/2021, 20:16:07,71
RBTR00001,Reboot Shortcut,14109,04/05/2021, 21:13:42,71
RBTR00001,Reboot Shortcut,14109,04/05/2021, 22:17:14,71
RBTR00001,Reboot Shortcut,14109,04/05/2021, 23:16:54,71
RBTR00001,Reboot Shortcut,14110,04/06/2021, 00:46:14,71
RBTR00001,Reboot Shortcut,14111,04/06/2021, 02:06:36,71
RBTR00001,Reboot Shortcut,14111,04/06/2021, 03:22:55,71
RBTR00001,Reboot Shortcut,14111,04/06/2021, 04:20:02,71
RBTR00001,Reboot Shortcut,14111,04/06/2021, 05:21:34,71
RBTR00001,Reboot Shortcut,14111,04/06/2021, 06:18:38,71
RBTR00001,Reboot Shortcut,14111,04/06/2021, 07:19:07,71
RBTR00001,Reboot Shortcut,14111,04/06/2021, 08:15:22,71
RBTR00001,Reboot Shortcut,14111,04/06/2021, 09:16:08,71
RBTR00001,Reboot Shortcut,14111,04/06/2021, 10:15:56,71
RBTR00001,Reboot Shortcut,14111,04/06/2021, 11:13:11,71
RBTR00001,Reboot Shortcut,14111,04/06/2021, 12:19:19,71
RBTR00001,Reboot Shortcut,14111,04/06/2021, 13:23:24,71
RBTR00001,Reboot Shortcut,14112,04/06/2021, 14:15:39,71
RBTR00001,Reboot Shortcut,14112,04/06/2021, 15:15:54,71
RBTR00001,Reboot Shortcut,14112,04/06/2021, 16:26:54,71
RBTR00001,Reboot Shortcut,14112,04/06/2021, 17:46:53,71
RBTR00001,Reboot Shortcut,14112,04/06/2021, 18:31:15,71
RBTR00001,Reboot Shortcut,14112,04/06/2021, 19:20:28,71
RBTR00001,Reboot Shortcut,14112,04/06/2021, 20:15:59,71
RBTR00001,Reboot Shortcut,14112,04/06/2021, 21:13:56,71
RBTR00001,Reboot Shortcut,14112,04/06/2021, 22:15:17,71
RBTR00001,Reboot Shortcut,14112,04/06/2021, 23:15:35,71
RBTR00001,Reboot Shortcut,14112,04/07/2021, 00:45:09,71
RBTR00001,Reboot Shortcut,14112,04/07/2021, 02:06:36,71
RBTR00001,Reboot Shortcut,14112,04/07/2021, 03:23:06,71
RBTR00001,Reboot Shortcut,14112,04/07/2021, 04:20:58,71
RBTR00001,Reboot Shortcut,14112,04/07/2021, 05:21:51,71
RBTR00001,Reboot Shortcut,14113,04/07/2021, 06:18:18,71
RBTR00001,Reboot Shortcut,14113,04/07/2021, 07:16:58,71
RBTR00001,Reboot Shortcut,14113,04/07/2021, 08:17:46,71
RBTR00001,Reboot Shortcut,14113,04/07/2021, 09:15:43,71
RBTR00001,Reboot Shortcut,14113,04/07/2021, 10:13:56,71
RBTR00001,Reboot Shortcut,14113,04/07/2021, 11:13:16,71
RBTR00001,Reboot Shortcut,14113,04/07/2021, 12:21:30,71
RBTR00001,Reboot Shortcut,14113,04/07/2021, 13:23:54,71
RBTR00001,Reboot Shortcut,14113,04/07/2021, 14:15:27,71
RBTR00001,Reboot Shortcut,14113,04/07/2021, 15:15:55,71
RBTR00001,Reboot Shortcut,14113,04/07/2021, 16:28:18,71
RBTR00001,Reboot Shortcut,14114,04/07/2021, 17:44:38,71
RBTR00001,Reboot Shortcut,14114,04/07/2021, 18:30:02,71
RBTR00001,Reboot Shortcut,14114,04/07/2021, 19:19:01,71
RBTR00001,Reboot Shortcut,14115,04/07/2021, 20:16:00,71
RBTR00001,Reboot Shortcut,14116,04/07/2021, 21:12:57,71
RBTR00001,Reboot Shortcut,14116,04/07/2021, 22:16:57,71
RBTR00001,Reboot Shortcut,14117,04/07/2021, 23:17:25,71
RBTR00001,Reboot Shortcut,14118,04/08/2021, 00:49:20,71
RBTR00001,Reboot Shortcut,14118,04/08/2021, 02:09:14,71
RBTR00001,Reboot Shortcut,14118,04/08/2021, 03:23:15,71
RBTR00001,Reboot Shortcut,14118,04/08/2021, 04:20:50,71
RBTR00001,Reboot Shortcut,14118,04/08/2021, 05:21:32,71
RBTR00001,Reboot Shortcut,14118,04/08/2021, 06:17:59,71
RBTR00001,Reboot Shortcut,14118,04/08/2021, 07:18:56,71
RBTR00001,Reboot Shortcut,14118,04/08/2021, 08:22:06,71
RBTR00001,Reboot Shortcut,14118,04/08/2021, 09:15:52,71
RBTR00001,Reboot Shortcut,14118,04/08/2021, 10:15:36,71
RBTR00001,Reboot Shortcut,14118,04/08/2021, 11:12:49,71
RBTR00001,Reboot Shortcut,14118,04/08/2021, 12:21:17,71
RBTR00001,Reboot Shortcut,14118,04/08/2021, 13:23:43,71
RBTR00001,Reboot Shortcut,14118,04/08/2021, 14:15:06,71
RBTR00001,Reboot Shortcut,14118,04/08/2021, 15:19:34,71
RBTR00001,Reboot Shortcut,14118,04/08/2021, 16:27:24,71
RBTR00001,Reboot Shortcut,14118,04/08/2021, 17:42:25,71
RBTR00001,Reboot Shortcut,14118,04/08/2021, 18:28:34,71
RBTR00001,Reboot Shortcut,14118,04/08/2021, 19:19:02,71
RBTR00001,Reboot Shortcut,14118,04/08/2021, 20:15:44,71
RBTR00001,Reboot Shortcut,14118,04/08/2021, 21:13:46,71
RBTR00001,Reboot Shortcut,14118,04/08/2021, 22:17:07,71
RBTR00001,Reboot Shortcut,14118,04/08/2021, 23:16:23,71
RBTR00001,Reboot Shortcut,14118,04/09/2021, 00:43:01,71
RBTR00001,Reboot Shortcut,14118,04/09/2021, 02:02:11,71
RBTR00001,Reboot Shortcut,14118,04/09/2021, 03:15:26,71
RBTR00001,Reboot Shortcut,14118,04/09/2021, 04:18:21,71
RBTR00001,Reboot Shortcut,14118,04/09/2021, 05:20:01,71
RBTR00001,Reboot Shortcut,14118,04/09/2021, 06:18:12,71
RBTR00001,Reboot Shortcut,14118,04/09/2021, 07:18:31,71
RBTR00001,Reboot Shortcut,14119,04/09/2021, 08:19:06,71
RBTR00001,Reboot Shortcut,14119,04/09/2021, 09:16:54,71
RBTR00001,Reboot Shortcut,14119,04/09/2021, 10:16:17,71
RBTR00001,Reboot Shortcut,14119,04/09/2021, 11:12:49,71
RBTR00001,Reboot Shortcut,14120,04/09/2021, 12:20:55,71
RBTR00001,Reboot Shortcut,14120,04/09/2021, 13:22:54,71
RBTR00001,Reboot Shortcut,14120,04/09/2021, 14:15:26,71
RBTR00001,Reboot Shortcut,14120,04/09/2021, 15:15:02,71
RBTR00001,Reboot Shortcut,14120,04/09/2021, 16:20:49,71
RBTR00001,Reboot Shortcut,14120,04/09/2021, 17:27:05,71
RBTR00001,Reboot Shortcut,14121,04/09/2021, 18:19:55,71
RBTR00001,Reboot Shortcut,14121,04/09/2021, 19:15:21,71
RBTR00001,Reboot Shortcut,14121,04/09/2021, 20:15:36,71
RBTR00001,Reboot Shortcut,14122,04/09/2021, 21:13:39,71
RBTR00001,Reboot Shortcut,14122,04/09/2021, 22:17:03,71
RBTR00001,Reboot Shortcut,14122,04/09/2021, 23:16:18,71
RBTR00001,Reboot Shortcut,14124,04/10/2021, 00:45:27,71
RBTR00001,Reboot Shortcut,14124,04/10/2021, 02:02:13,71
RBTR00001,Reboot Shortcut,14124,04/10/2021, 03:21:10,71
RBTR00001,Reboot Shortcut,14124,04/10/2021, 04:19:13,71
RBTR00001,Reboot Shortcut,14124,04/10/2021, 05:19:19,71
RBTR00001,Reboot Shortcut,14124,04/10/2021, 06:17:57,71
RBTR00001,Reboot Shortcut,14124,04/10/2021, 07:17:10,71
RBTR00001,Reboot Shortcut,14124,04/10/2021, 08:16:45,71
RBTR00001,Reboot Shortcut,14124,04/10/2021, 09:14:37,71
RBTR00001,Reboot Shortcut,14124,04/10/2021, 10:15:17,71
RBTR00001,Reboot Shortcut,14125,04/10/2021, 11:12:26,71
RBTR00001,Reboot Shortcut,14127,04/10/2021, 12:20:15,71
RBTR00001,Reboot Shortcut,14127,04/10/2021, 13:21:50,71
RBTR00001,Reboot Shortcut,14127,04/10/2021, 14:14:01,71
RBTR00001,Reboot Shortcut,14127,04/10/2021, 15:14:56,71
RBTR00001,Reboot Shortcut,14127,04/10/2021, 16:25:08,71
RBTR00001,Reboot Shortcut,14127,04/10/2021, 17:36:53,71
RBTR00001,Reboot Shortcut,14127,04/10/2021, 18:24:47,71
RBTR00001,Reboot Shortcut,14127,04/10/2021, 19:16:54,71
RBTR00001,Reboot Shortcut,14128,04/10/2021, 20:14:56,71
RBTR00001,Reboot Shortcut,14129,04/10/2021, 21:13:35,71
RBTR00001,Reboot Shortcut,14130,04/10/2021, 22:16:19,71
RBTR00001,Reboot Shortcut,14130,04/10/2021, 23:15:43,71
RBTR00001,Reboot Shortcut,14130,04/11/2021, 00:48:11,71
RBTR00001,Reboot Shortcut,14130,04/11/2021, 02:07:21,71
RBTR00001,Reboot Shortcut,14131,04/11/2021, 03:21:29,71
RBTR00001,Reboot Shortcut,14132,04/11/2021, 04:19:41,71
RBTR00001,Reboot Shortcut,14132,04/11/2021, 05:19:46,71
RBTR00001,Reboot Shortcut,14132,04/11/2021, 06:17:29,71
RBTR00001,Reboot Shortcut,14132,04/11/2021, 07:17:07,71
RBTR00001,Reboot Shortcut,14132,04/11/2021, 08:16:48,71
RBTR00001,Reboot Shortcut,14132,04/11/2021, 09:14:31,71
RBTR00001,Reboot Shortcut,14132,04/11/2021, 10:15:16,71
RBTR00001,Reboot Shortcut,14132,04/11/2021, 11:12:18,71
RBTR00001,Reboot Shortcut,14132,04/11/2021, 12:20:07,71
RBTR00001,Reboot Shortcut,14132,04/11/2021, 13:21:50,71
RBTR00001,Reboot Shortcut,14132,04/11/2021, 14:14:11,71
RBTR00001,Reboot Shortcut,14132,04/11/2021, 15:14:45,71
RBTR00001,Reboot Shortcut,14133,04/11/2021, 16:24:57,71
RBTR00001,Reboot Shortcut,14134,04/11/2021, 17:36:36,71
RBTR00001,Reboot Shortcut,14134,04/11/2021, 18:24:46,71
RBTR00001,Reboot Shortcut,14135,04/11/2021, 19:17:12,71
RBTR00001,Reboot Shortcut,14135,04/11/2021, 20:14:59,71
RBTR00001,Reboot Shortcut,14135,04/11/2021, 21:13:19,71
RBTR00001,Reboot Shortcut,14136,04/11/2021, 22:16:27,71
RBTR00001,Reboot Shortcut,14136,04/11/2021, 23:16:01,71
RBTR00001,Reboot Shortcut,14137,04/12/2021, 00:47:23,71
RBTR00001,Reboot Shortcut,14137,04/12/2021, 02:06:46,71
RBTR00001,Reboot Shortcut,14137,04/12/2021, 03:23:05,71
RBTR00001,Reboot Shortcut,14137,04/12/2021, 04:20:30,71
RBTR00001,Reboot Shortcut,14137,04/12/2021, 05:21:41,71
RBTR00001,Reboot Shortcut,14137,04/12/2021, 06:18:19,71
RBTR00001,Reboot Shortcut,14138,04/12/2021, 07:19:25,71
RBTR00001,Reboot Shortcut,14138,04/12/2021, 08:22:10,71
RBTR00001,Reboot Shortcut,14138,04/12/2021, 09:16:17,71
RBTR00001,Reboot Shortcut,14138,04/12/2021, 10:15:46,71
RBTR00001,Reboot Shortcut,14138,04/12/2021, 11:12:46,71
RBTR00001,Reboot Shortcut,14138,04/12/2021, 12:21:20,71
RBTR00001,Reboot Shortcut,14138,04/12/2021, 13:29:32,71
RBTR00001,Reboot Shortcut,14138,04/12/2021, 14:15:25,71
RBTR00001,Reboot Shortcut,14138,04/12/2021, 15:18:31,71
RBTR00001,Reboot Shortcut,14138,04/12/2021, 16:25:36,71
RBTR00001,Reboot Shortcut,14138,04/12/2021, 17:37:39,71
RBTR00001,Reboot Shortcut,14138,04/12/2021, 18:27:33,71
RBTR00001,Reboot Shortcut,14138,04/12/2021, 19:19:42,71
RBTR00001,Reboot Shortcut,14139,04/12/2021, 20:15:40,71
RBTR00001,Reboot Shortcut,14139,04/12/2021, 21:13:58,71
RBTR00001,Reboot Shortcut,14140,04/12/2021, 22:17:17,71
RBTR00001,Reboot Shortcut,14140,04/12/2021, 23:17:02,71
RBTR00001,Reboot Shortcut,14141,04/13/2021, 00:48:51,71
RBTR00001,Reboot Shortcut,14141,04/13/2021, 02:06:17,71
RBTR00001,Reboot Shortcut,14142,04/13/2021, 03:23:28,71
RBTR00001,Reboot Shortcut,14142,04/13/2021, 04:20:45,71
RBTR00001,Reboot Shortcut,14142,04/13/2021, 05:17:41,71
RBTR00001,Reboot Shortcut,14142,04/13/2021, 06:18:16,71
RBTR00001,Reboot Shortcut,14142,04/13/2021, 07:18:57,71
RBTR00001,Reboot Shortcut,14142,04/13/2021, 08:19:33,71
RBTR00001,Reboot Shortcut,14142,04/13/2021, 09:16:07,71
RBTR00001,Reboot Shortcut,14142,04/13/2021, 10:16:04,71
RBTR00001,Reboot Shortcut,14142,04/13/2021, 11:12:48,71
RBTR00001,Reboot Shortcut,14142,04/13/2021, 12:21:16,71
RBTR00001,Reboot Shortcut,14143,04/13/2021, 13:23:45,71
RBTR00001,Reboot Shortcut,14144,04/13/2021, 14:15:10,71
RBTR00001,Reboot Shortcut,14144,04/13/2021, 15:15:37,71
RBTR00001,Reboot Shortcut,14144,04/13/2021, 16:27:00,71
RBTR00001,Reboot Shortcut,14144,04/13/2021, 17:40:54,71
RBTR00001,Reboot Shortcut,14144,04/13/2021, 18:26:07,71
RBTR00001,Reboot Shortcut,14145,04/13/2021, 19:18:49,71
RBTR00001,Reboot Shortcut,14146,04/13/2021, 20:15:22,71
RBTR00001,Reboot Shortcut,14146,04/13/2021, 21:13:14,71
RBTR00001,Reboot Shortcut,14147,04/13/2021, 22:16:36,71
RBTR00001,Reboot Shortcut,14147,04/13/2021, 23:14:29,71
RBTR00001,Reboot Shortcut,14147,04/14/2021, 00:42:34,71
RBTR00001,Reboot Shortcut,14147,04/14/2021, 02:00:35,71
RBTR00001,Reboot Shortcut,14147,04/14/2021, 02:44:43,71
RBTR00001,Reboot Shortcut,14147,04/14/2021, 03:20:01,71
RBTR00001,Reboot Shortcut,14148,04/14/2021, 04:17:35,71
RBTR00001,Reboot Shortcut,14148,04/14/2021, 05:17:30,71
RBTR00001,Reboot Shortcut,14148,04/14/2021, 06:17:38,71
RBTR00001,Reboot Shortcut,14148,04/14/2021, 07:16:54,71
RBTR00001,Reboot Shortcut,14148,04/14/2021, 08:17:02,71
RBTR00001,Reboot Shortcut,14148,04/14/2021, 09:14:36,71
RBTR00001,Reboot Shortcut,14148,04/14/2021, 10:15:10,71
RBTR00001,Reboot Shortcut,14148,04/14/2021, 11:12:38,71
RBTR00001,Reboot Shortcut,14148,04/14/2021, 12:20:23,71
RBTR00001,Reboot Shortcut,14148,04/14/2021, 13:22:02,71
RBTR00001,Reboot Shortcut,14148,04/14/2021, 14:14:47,71
RBTR00001,Reboot Shortcut,14149,04/14/2021, 15:14:56,71
RBTR00001,Reboot Shortcut,14149,04/14/2021, 16:24:12,71
RBTR00001,Reboot Shortcut,14149,04/14/2021, 17:34:49,71
RBTR00001,Reboot Shortcut,14149,04/14/2021, 18:23:53,71
RBTR00001,Reboot Shortcut,14149,04/14/2021, 19:16:20,71
RBTR00001,Reboot Shortcut,14149,04/14/2021, 20:15:12,71
RBTR00001,Reboot Shortcut,14149,04/14/2021, 21:13:37,71
RBTR00001,Reboot Shortcut,14149,04/14/2021, 22:16:36,71
RBTR00001,Reboot Shortcut,14150,04/14/2021, 23:14:37,71
RBTR00001,Reboot Shortcut,14150,04/15/2021, 00:44:49,71
RBTR00001,Reboot Shortcut,14150,04/15/2021, 02:02:03,71
RBTR00001,Reboot Shortcut,14151,04/15/2021, 03:19:11,71
RBTR00001,Reboot Shortcut,14151,04/15/2021, 04:17:57,71
RBTR00001,Reboot Shortcut,14151,04/15/2021, 05:18:22,71
RBTR00001,Reboot Shortcut,14151,04/15/2021, 06:17:51,71
RBTR00001,Reboot Shortcut,14151,04/15/2021, 07:17:41,71
RBTR00001,Reboot Shortcut,14151,04/15/2021, 08:17:37,71
RBTR00001,Reboot Shortcut,14151,04/15/2021, 09:14:43,71
RBTR00001,Reboot Shortcut,14151,04/15/2021, 10:15:14,71
RBTR00001,Reboot Shortcut,14151,04/15/2021, 11:12:42,71
RBTR00001,Reboot Shortcut,14152,04/15/2021, 12:20:46,71
RBTR00001,Reboot Shortcut,14152,04/15/2021, 13:22:53,71
RBTR00001,Reboot Shortcut,14152,04/15/2021, 14:14:48,71
RBTR00001,Reboot Shortcut,14152,04/15/2021, 15:15:15,71
RBTR00001,Reboot Shortcut,14152,04/15/2021, 16:26:38,71
RBTR00001,Reboot Shortcut,14153,04/15/2021, 17:38:11,71
RBTR00001,Reboot Shortcut,14153,04/15/2021, 18:26:53,71
RBTR00001,Reboot Shortcut,14153,04/15/2021, 19:19:47,71
RBTR00001,Reboot Shortcut,14153,04/15/2021, 20:15:15,71
RBTR00001,Reboot Shortcut,14155,04/15/2021, 21:13:31,71
RBTR00001,Reboot Shortcut,14155,04/15/2021, 22:17:07,71
RBTR00001,Reboot Shortcut,14155,04/15/2021, 23:14:40,71
RBTR00001,Reboot Shortcut,14156,04/16/2021, 00:43:21,71
RBTR00001,Reboot Shortcut,14156,04/16/2021, 02:04:13,71
RBTR00001,Reboot Shortcut,14157,04/16/2021, 03:22:27,71
RBTR00001,Reboot Shortcut,14158,04/16/2021, 04:20:08,71
RBTR00001,Reboot Shortcut,14158,04/16/2021, 05:20:04,71
RBTR00001,Reboot Shortcut,14158,04/16/2021, 06:17:08,71
RBTR00001,Reboot Shortcut,14158,04/16/2021, 07:16:27,71
RBTR00001,Reboot Shortcut,14158,04/16/2021, 08:18:26,71
RBTR00001,Reboot Shortcut,14158,04/16/2021, 09:15:34,71
RBTR00001,Reboot Shortcut,14158,04/16/2021, 10:15:07,71
RBTR00001,Reboot Shortcut,14158,04/16/2021, 11:12:49,71
RBTR00001,Reboot Shortcut,14158,04/16/2021, 12:20:53,71
RBTR00001,Reboot Shortcut,14158,04/16/2021, 13:23:24,71
RBTR00001,Reboot Shortcut,14158,04/16/2021, 14:15:01,71
RBTR00001,Reboot Shortcut,14158,04/16/2021, 15:15:23,71
RBTR00001,Reboot Shortcut,14158,04/16/2021, 16:25:24,71
RBTR00001,Reboot Shortcut,14159,04/16/2021, 17:37:29,71
RBTR00001,Reboot Shortcut,14159,04/16/2021, 18:26:30,71
RBTR00001,Reboot Shortcut,14159,04/16/2021, 19:19:05,71
RBTR00001,Reboot Shortcut,14160,04/16/2021, 20:15:18,71
RBTR00001,Reboot Shortcut,14160,04/16/2021, 21:13:34,71
RBTR00001,Reboot Shortcut,14160,04/16/2021, 22:17:19,71
RBTR00001,Reboot Shortcut,14160,04/16/2021, 23:14:31,71
RBTR00001,Reboot Shortcut,14161,04/17/2021, 00:43:34,71
RBTR00001,Reboot Shortcut,14161,04/17/2021, 02:00:30,71
RBTR00001,Reboot Shortcut,14161,04/17/2021, 02:43:54,71
RBTR00001,Reboot Shortcut,14161,04/17/2021, 03:19:45,71
RBTR00001,Reboot Shortcut,14163,04/17/2021, 04:17:58,71
RBTR00001,Reboot Shortcut,14163,04/17/2021, 05:17:54,71
RBTR00001,Reboot Shortcut,14164,04/17/2021, 06:17:18,71
RBTR00001,Reboot Shortcut,14164,04/17/2021, 07:17:02,71
RBTR00001,Reboot Shortcut,14164,04/17/2021, 08:16:28,71
RBTR00001,Reboot Shortcut,14166,04/17/2021, 09:14:18,71
RBTR00001,Reboot Shortcut,14166,04/17/2021, 10:15:05,71
RBTR00001,Reboot Shortcut,14166,04/17/2021, 11:12:21,71
RBTR00001,Reboot Shortcut,14166,04/17/2021, 12:20:16,71
RBTR00001,Reboot Shortcut,14166,04/17/2021, 13:21:37,71
RBTR00001,Reboot Shortcut,14166,04/17/2021, 14:13:36,71
RBTR00001,Reboot Shortcut,14166,04/17/2021, 15:14:36,71
RBTR00001,Reboot Shortcut,14166,04/17/2021, 16:24:50,71
RBTR00001,Reboot Shortcut,14166,04/17/2021, 17:34:24,71
RBTR00001,Reboot Shortcut,14166,04/17/2021, 18:22:57,71
RBTR00001,Reboot Shortcut,14166,04/17/2021, 19:15:53,71
RBTR00001,Reboot Shortcut,14166,04/17/2021, 20:14:46,71
RBTR00001,Reboot Shortcut,14166,04/17/2021, 21:13:18,71
RBTR00001,Reboot Shortcut,14166,04/17/2021, 22:16:40,71
RBTR00001,Reboot Shortcut,14166,04/17/2021, 23:14:03,71
RBTR00001,Reboot Shortcut,14167,04/18/2021, 00:45:33,71
RBTR00001,Reboot Shortcut,14167,04/18/2021, 02:05:52,71
RBTR00001,Reboot Shortcut,14167,04/18/2021, 03:21:15,71
RBTR00001,Reboot Shortcut,14167,04/18/2021, 04:18:59,71
RBTR00001,Reboot Shortcut,14167,04/18/2021, 05:18:11,71
RBTR00001,Reboot Shortcut,14169,04/18/2021, 06:17:16,71
RBTR00001,Reboot Shortcut,14169,04/18/2021, 07:17:05,71
RBTR00001,Reboot Shortcut,14172,04/18/2021, 08:16:42,71
RBTR00001,Reboot Shortcut,14173,04/18/2021, 09:14:38,71
RBTR00001,Reboot Shortcut,14173,04/18/2021, 10:15:13,71
RBTR00001,Reboot Shortcut,14173,04/18/2021, 11:12:39,71
RBTR00001,Reboot Shortcut,14173,04/18/2021, 12:20:05,71
RBTR00001,Reboot Shortcut,14176,04/18/2021, 13:21:52,71
RBTR00001,Reboot Shortcut,14176,04/18/2021, 14:13:57,71
RBTR00001,Reboot Shortcut,14176,04/18/2021, 15:14:28,71
RBTR00001,Reboot Shortcut,14176,04/18/2021, 16:24:13,71
RBTR00001,Reboot Shortcut,14176,04/18/2021, 17:34:22,71
RBTR00001,Reboot Shortcut,14176,04/18/2021, 18:23:10,71
RBTR00001,Reboot Shortcut,14176,04/18/2021, 19:15:29,71
RBTR00001,Reboot Shortcut,14176,04/18/2021, 20:14:35,71
RBTR00001,Reboot Shortcut,14176,04/18/2021, 21:13:24,71
RBTR00001,Reboot Shortcut,14177,04/18/2021, 22:16:45,71
RBTR00001,Reboot Shortcut,14177,04/18/2021, 23:13:59,71
RBTR00001,Reboot Shortcut,14177,04/19/2021, 00:44:59,71
RBTR00001,Reboot Shortcut,14177,04/19/2021, 02:04:15,71
RBTR00001,Reboot Shortcut,14177,04/19/2021, 03:22:08,71
RBTR00001,Reboot Shortcut,14177,04/19/2021, 04:19:44,71
RBTR00001,Reboot Shortcut,14177,04/19/2021, 05:19:40,71
RBTR00001,Reboot Shortcut,14177,04/19/2021, 06:18:18,71
RBTR00001,Reboot Shortcut,14177,04/19/2021, 07:17:57,71
RBTR00001,Reboot Shortcut,14177,04/19/2021, 08:17:30,71
RBTR00001,Reboot Shortcut,14177,04/19/2021, 09:15:13,71
RBTR00001,Reboot Shortcut,14177,04/19/2021, 10:15:27,71
RBTR00001,Reboot Shortcut,14177,04/19/2021, 11:12:36,71
RBTR00001,Reboot Shortcut,14177,04/19/2021, 12:21:08,71
RBTR00001,Reboot Shortcut,14178,04/19/2021, 13:23:14,71
RBTR00001,Reboot Shortcut,14178,04/19/2021, 14:14:57,71
RBTR00001,Reboot Shortcut,14178,04/19/2021, 15:15:37,71
RBTR00001,Reboot Shortcut,14178,04/19/2021, 16:25:57,71
RBTR00001,Reboot Shortcut,14178,04/19/2021, 17:35:34,71
RBTR00001,Reboot Shortcut,14178,04/19/2021, 18:24:35,71
RBTR00001,Reboot Shortcut,14178,04/19/2021, 19:17:42,71
RBTR00001,Reboot Shortcut,14179,04/19/2021, 20:15:29,71
RBTR00001,Reboot Shortcut,14179,04/19/2021, 21:13:41,71
RBTR00001,Reboot Shortcut,14179,04/19/2021, 22:17:31,71
RBTR00001,Reboot Shortcut,14180,04/19/2021, 23:15:10,71
RBTR00001,Reboot Shortcut,14180,04/20/2021, 00:45:24,71
RBTR00001,Reboot Shortcut,14182,04/20/2021, 02:03:29,71
RBTR00001,Reboot Shortcut,14182,04/20/2021, 03:20:47,71
RBTR00001,Reboot Shortcut,14182,04/20/2021, 04:19:08,71
RBTR00001,Reboot Shortcut,14182,04/20/2021, 05:15:59,71
RBTR00001,Reboot Shortcut,14182,04/20/2021, 06:19:17,71
RBTR00001,Reboot Shortcut,14182,04/20/2021, 07:15:59,71
RBTR00001,Reboot Shortcut,14182,04/20/2021, 08:17:37,71
RBTR00001,Reboot Shortcut,14182,04/20/2021, 09:15:05,71
RBTR00001,Reboot Shortcut,14182,04/20/2021, 10:15:23,71
RBTR00001,Reboot Shortcut,14182,04/20/2021, 11:13:23,71
RBTR00001,Reboot Shortcut,14182,04/20/2021, 12:21:15,71
RBTR00001,Reboot Shortcut,14182,04/20/2021, 13:23:42,71
RBTR00001,Reboot Shortcut,14182,04/20/2021, 14:14:57,71
RBTR00001,Reboot Shortcut,14182,04/20/2021, 15:15:17,71
RBTR00001,Reboot Shortcut,14182,04/20/2021, 16:25:39,71
RBTR00001,Reboot Shortcut,14186,04/20/2021, 17:37:37,71
RBTR00001,Reboot Shortcut,14189,04/20/2021, 18:25:50,71
RBTR00001,Reboot Shortcut,14189,04/20/2021, 19:18:50,71
RBTR00001,Reboot Shortcut,14189,04/20/2021, 20:15:39,71
RBTR00001,Reboot Shortcut,14189,04/20/2021, 21:13:52,71
RBTR00001,Reboot Shortcut,14189,04/20/2021, 22:17:48,71
RBTR00001,Reboot Shortcut,14189,04/20/2021, 23:15:51,71
RBTR00001,Reboot Shortcut,14189,04/21/2021, 00:45:01,71
RBTR00001,Reboot Shortcut,14189,04/21/2021, 02:03:44,71
RBTR00001,Reboot Shortcut,14190,04/21/2021, 03:21:18,71
RBTR00001,Reboot Shortcut,14190,04/21/2021, 04:19:28,71
RBTR00001,Reboot Shortcut,14190,04/21/2021, 05:19:37,71
RBTR00001,Reboot Shortcut,14190,04/21/2021, 06:18:19,71
RBTR00001,Reboot Shortcut,14190,04/21/2021, 07:18:13,71
RBTR00001,Reboot Shortcut,14190,04/21/2021, 08:17:34,71
RBTR00001,Reboot Shortcut,14190,04/21/2021, 09:15:16,71
RBTR00001,Reboot Shortcut,14190,04/21/2021, 10:15:34,71
RBTR00001,Reboot Shortcut,14190,04/21/2021, 11:12:59,71
RBTR00001,Reboot Shortcut,14190,04/21/2021, 12:21:25,71
RBTR00001,Reboot Shortcut,14190,04/21/2021, 13:23:35,71
RBTR00001,Reboot Shortcut,14190,04/21/2021, 14:15:16,71
RBTR00001,Reboot Shortcut,14190,04/21/2021, 15:15:38,71
RBTR00001,Reboot Shortcut,14190,04/21/2021, 16:27:06,71
RBTR00001,Reboot Shortcut,14190,04/21/2021, 17:37:39,71
RBTR00001,Reboot Shortcut,14191,04/21/2021, 18:26:36,71
RBTR00001,Reboot Shortcut,14191,04/21/2021, 19:18:53,71
RBTR00001,Reboot Shortcut,14191,04/21/2021, 20:15:32,71
RBTR00001,Reboot Shortcut,14193,04/21/2021, 21:13:39,71
RBTR00001,Reboot Shortcut,14193,04/21/2021, 22:17:53,71
RBTR00001,Reboot Shortcut,14194,04/21/2021, 23:16:23,71
RBTR00001,Reboot Shortcut,14195,04/22/2021, 00:45:51,71
RBTR00001,Reboot Shortcut,14196,04/22/2021, 02:04:06,71
RBTR00001,Reboot Shortcut,14197,04/22/2021, 03:21:24,71
RBTR00001,Reboot Shortcut,14197,04/22/2021, 04:19:34,71
RBTR00001,Reboot Shortcut,14197,04/22/2021, 05:19:54,71
RBTR00001,Reboot Shortcut,14197,04/22/2021, 06:18:54,71
RBTR00001,Reboot Shortcut,14197,04/22/2021, 07:19:12,71
RBTR00001,Reboot Shortcut,14197,04/22/2021, 08:18:18,71
RBTR00001,Reboot Shortcut,14197,04/22/2021, 09:15:43,71
RBTR00001,Reboot Shortcut,14197,04/22/2021, 10:15:47,71
RBTR00001,Reboot Shortcut,14197,04/22/2021, 11:12:58,71
RBTR00001,Reboot Shortcut,14197,04/22/2021, 12:21:58,71
RBTR00001,Reboot Shortcut,14197,04/22/2021, 13:24:28,71
RBTR00001,Reboot Shortcut,14197,04/22/2021, 14:15:13,71
RBTR00001,Reboot Shortcut,14197,04/22/2021, 15:15:37,71
RBTR00001,Reboot Shortcut,14197,04/22/2021, 16:26:01,71
RBTR00001,Reboot Shortcut,14197,04/22/2021, 17:41:25,71
RBTR00001,Reboot Shortcut,14197,04/22/2021, 18:28:36,71
RBTR00001,Reboot Shortcut,14197,04/22/2021, 19:19:57,71
RBTR00001,Reboot Shortcut,14199,04/22/2021, 20:16:00,71
RBTR00001,Reboot Shortcut,14200,04/22/2021, 21:13:51,71
RBTR00001,Reboot Shortcut,14201,04/22/2021, 22:18:04,71
RBTR00001,Reboot Shortcut,14201,04/22/2021, 23:15:33,71
RBTR00001,Reboot Shortcut,14201,04/23/2021, 00:45:09,71
RBTR00001,Reboot Shortcut,14202,04/23/2021, 02:08:59,71
RBTR00001,Reboot Shortcut,14202,04/23/2021, 03:20:29,71
RBTR00001,Reboot Shortcut,14202,04/23/2021, 04:19:54,71
RBTR00001,Reboot Shortcut,14202,04/23/2021, 05:20:30,71
RBTR00001,Reboot Shortcut,14202,04/23/2021, 06:18:43,71
RBTR00001,Reboot Shortcut,14202,04/23/2021, 07:19:29,71
RBTR00001,Reboot Shortcut,14202,04/23/2021, 08:18:45,71
RBTR00001,Reboot Shortcut,14202,04/23/2021, 09:16:39,71
RBTR00001,Reboot Shortcut,14202,04/23/2021, 10:16:24,71
RBTR00001,Reboot Shortcut,14202,04/23/2021, 11:13:02,71
RBTR00001,Reboot Shortcut,14202,04/23/2021, 12:21:34,71
RBTR00001,Reboot Shortcut,14202,04/23/2021, 13:23:25,71
RBTR00001,Reboot Shortcut,14202,04/23/2021, 14:15:36,71
RBTR00001,Reboot Shortcut,14202,04/23/2021, 15:15:59,71
RBTR00001,Reboot Shortcut,14202,04/23/2021, 16:27:11,71
RBTR00001,Reboot Shortcut,14202,04/23/2021, 17:43:14,71
RBTR00001,Reboot Shortcut,14202,04/23/2021, 18:28:09,71
RBTR00001,Reboot Shortcut,14202,04/23/2021, 19:20:18,71
RBTR00001,Reboot Shortcut,14202,04/23/2021, 20:16:06,71
RBTR00001,Reboot Shortcut,14202,04/23/2021, 21:13:40,71
RBTR00001,Reboot Shortcut,14202,04/23/2021, 22:18:12,71
RBTR00001,Reboot Shortcut,14202,04/23/2021, 23:16:27,71
RBTR00001,Reboot Shortcut,14203,04/24/2021, 00:46:39,71
RBTR00001,Reboot Shortcut,14203,04/24/2021, 02:06:18,71
RBTR00001,Reboot Shortcut,14204,04/24/2021, 03:20:48,71
RBTR00001,Reboot Shortcut,14204,04/24/2021, 04:19:27,71
RBTR00001,Reboot Shortcut,14205,04/24/2021, 05:20:00,71
RBTR00001,Reboot Shortcut,14205,04/24/2021, 06:18:26,71
RBTR00001,Reboot Shortcut,14205,04/24/2021, 07:19:08,71
RBTR00001,Reboot Shortcut,14205,04/24/2021, 08:16:42,71
RBTR00001,Reboot Shortcut,14205,04/24/2021, 09:14:54,71
RBTR00001,Reboot Shortcut,14205,04/24/2021, 10:15:30,71
RBTR00001,Reboot Shortcut,14206,04/24/2021, 11:12:58,71
RBTR00001,Reboot Shortcut,14206,04/24/2021, 12:20:52,71
RBTR00001,Reboot Shortcut,14206,04/24/2021, 13:23:19,71
RBTR00001,Reboot Shortcut,14206,04/24/2021, 14:14:37,71
RBTR00001,Reboot Shortcut,14207,04/24/2021, 15:15:05,71
RBTR00001,Reboot Shortcut,14207,04/24/2021, 16:26:28,71
RBTR00001,Reboot Shortcut,14207,04/24/2021, 17:41:13,71
RBTR00001,Reboot Shortcut,14207,04/24/2021, 18:26:29,71
RBTR00001,Reboot Shortcut,14207,04/24/2021, 19:17:43,71
RBTR00001,Reboot Shortcut,14207,04/24/2021, 20:15:49,71
RBTR00001,Reboot Shortcut,14207,04/24/2021, 21:13:17,71
RBTR00001,Reboot Shortcut,14207,04/24/2021, 22:18:06,71
RBTR00001,Reboot Shortcut,14207,04/24/2021, 23:15:14,71
RBTR00001,Reboot Shortcut,14207,04/25/2021, 00:48:26,71
RBTR00001,Reboot Shortcut,14207,04/25/2021, 02:11:40,71
RBTR00001,Reboot Shortcut,14208,04/25/2021, 03:23:42,71
RBTR00001,Reboot Shortcut,14208,04/25/2021, 04:20:52,71
RBTR00001,Reboot Shortcut,14208,04/25/2021, 05:20:51,71
RBTR00001,Reboot Shortcut,14208,04/25/2021, 06:18:35,71
RBTR00001,Reboot Shortcut,14208,04/25/2021, 07:18:37,71
RBTR00001,Reboot Shortcut,14208,04/25/2021, 08:17:06,71
RBTR00001,Reboot Shortcut,14208,04/25/2021, 09:15:05,71
RBTR00001,Reboot Shortcut,14208,04/25/2021, 10:15:38,71
RBTR00001,Reboot Shortcut,14208,04/25/2021, 11:12:53,71
RBTR00001,Reboot Shortcut,14208,04/25/2021, 12:21:12,71
RBTR00001,Reboot Shortcut,14208,04/25/2021, 13:22:41,71
RBTR00001,Reboot Shortcut,14208,04/25/2021, 14:14:46,71
RBTR00001,Reboot Shortcut,14208,04/25/2021, 15:15:19,71
RBTR00001,Reboot Shortcut,14208,04/25/2021, 16:26:23,71
RBTR00001,Reboot Shortcut,14208,04/25/2021, 17:42:00,71
RBTR00001,Reboot Shortcut,14209,04/25/2021, 18:27:42,71
RBTR00001,Reboot Shortcut,14209,04/25/2021, 19:18:29,71
RBTR00001,Reboot Shortcut,14209,04/25/2021, 20:15:36,71
RBTR00001,Reboot Shortcut,14210,04/25/2021, 21:13:36,71
RBTR00001,Reboot Shortcut,14211,04/25/2021, 22:17:58,71
RBTR00001,Reboot Shortcut,14211,04/25/2021, 23:15:42,71
RBTR00001,Reboot Shortcut,14211,04/26/2021, 00:47:56,71
RBTR00001,Reboot Shortcut,14211,04/26/2021, 02:11:15,71
RBTR00001,Reboot Shortcut,14211,04/26/2021, 03:23:49,71
RBTR00001,Reboot Shortcut,14212,04/26/2021, 04:21:09,71
RBTR00001,Reboot Shortcut,14212,04/26/2021, 05:21:37,71
RBTR00001,Reboot Shortcut,14212,04/26/2021, 06:19:13,71
RBTR00001,Reboot Shortcut,14213,04/26/2021, 07:20:37,71
RBTR00001,Reboot Shortcut,14213,04/26/2021, 08:18:21,71
RBTR00001,Reboot Shortcut,14213,04/26/2021, 09:16:26,71
RBTR00001,Reboot Shortcut,14213,04/26/2021, 10:16:24,71
RBTR00001,Reboot Shortcut,14214,04/26/2021, 11:13:06,71
RBTR00001,Reboot Shortcut,14215,04/26/2021, 12:22:01,71
RBTR00001,Reboot Shortcut,14215,04/26/2021, 13:25:17,71
RBTR00001,Reboot Shortcut,14216,04/26/2021, 14:15:50,71
RBTR00001,Reboot Shortcut,14216,04/26/2021, 15:16:01,71
RBTR00001,Reboot Shortcut,14216,04/26/2021, 16:26:54,71
RBTR00001,Reboot Shortcut,14216,04/26/2021, 17:42:18,71
RBTR00001,Reboot Shortcut,14216,04/26/2021, 18:27:47,71
RBTR00001,Reboot Shortcut,14216,04/26/2021, 19:18:53,71
RBTR00001,Reboot Shortcut,14216,04/26/2021, 20:15:42,71
RBTR00001,Reboot Shortcut,14216,04/26/2021, 21:14:00,71
RBTR00001,Reboot Shortcut,14218,04/26/2021, 22:18:13,71
RBTR00001,Reboot Shortcut,14218,04/26/2021, 23:15:24,71
RBTR00001,Reboot Shortcut,14219,04/27/2021, 00:44:50,71
RBTR00001,Reboot Shortcut,14219,04/27/2021, 02:04:39,71
RBTR00001,Reboot Shortcut,14219,04/27/2021, 03:20:05,71
RBTR00001,Reboot Shortcut,14219,04/27/2021, 04:18:35,71
RBTR00001,Reboot Shortcut,14219,04/27/2021, 05:19:16,71
RBTR00001,Reboot Shortcut,14219,04/27/2021, 06:18:23,71
RBTR00001,Reboot Shortcut,14219,04/27/2021, 07:18:31,71
RBTR00001,Reboot Shortcut,14219,04/27/2021, 08:17:50,71
RBTR00001,Reboot Shortcut,14219,04/27/2021, 09:15:17,71
RBTR00001,Reboot Shortcut,14219,04/27/2021, 10:15:43,71
RBTR00001,Reboot Shortcut,14219,04/27/2021, 11:13:20,71
RBTR00001,Reboot Shortcut,14219,04/27/2021, 12:21:47,71
RBTR00001,Reboot Shortcut,14219,04/27/2021, 13:23:49,71
RBTR00001,Reboot Shortcut,14219,04/27/2021, 14:15:26,71
RBTR00001,Reboot Shortcut,14220,04/27/2021, 15:16:00,71
RBTR00001,Reboot Shortcut,14220,04/27/2021, 16:27:00,71
RBTR00001,Reboot Shortcut,14220,04/27/2021, 17:42:51,71
RBTR00001,Reboot Shortcut,14220,04/27/2021, 18:28:06,71
RBTR00001,Reboot Shortcut,14220,04/27/2021, 19:19:02,71
RBTR00001,Reboot Shortcut,14220,04/27/2021, 20:16:01,71
RBTR00001,Reboot Shortcut,14220,04/27/2021, 21:14:03,71
RBTR00001,Reboot Shortcut,14220,04/27/2021, 22:18:22,71
RBTR00001,Reboot Shortcut,14220,04/27/2021, 23:15:58,71
RBTR00001,Reboot Shortcut,14221,04/28/2021, 00:45:36,71
RBTR00001,Reboot Shortcut,14221,04/28/2021, 02:03:48,71
RBTR00001,Reboot Shortcut,14221,04/28/2021, 03:21:40,71
RBTR00001,Reboot Shortcut,14221,04/28/2021, 04:19:47,71
RBTR00001,Reboot Shortcut,14221,04/28/2021, 05:20:05,71
RBTR00001,Reboot Shortcut,14221,04/28/2021, 06:18:55,71
RBTR00001,Reboot Shortcut,14222,04/28/2021, 07:19:12,71
RBTR00001,Reboot Shortcut,14222,04/28/2021, 08:17:14,71
RBTR00001,Reboot Shortcut,14222,04/28/2021, 09:15:39,71
RBTR00001,Reboot Shortcut,14222,04/28/2021, 10:15:58,71
RBTR00001,Reboot Shortcut,14222,04/28/2021, 11:13:17,71
RBTR00001,Reboot Shortcut,14222,04/28/2021, 12:22:12,71
RBTR00001,Reboot Shortcut,14222,04/28/2021, 13:24:08,71
RBTR00001,Reboot Shortcut,14222,04/28/2021, 14:15:18,71
RBTR00001,Reboot Shortcut,14222,04/28/2021, 15:16:30,71
RBTR00001,Reboot Shortcut,14223,04/28/2021, 16:28:55,71
RBTR00001,Reboot Shortcut,14223,04/28/2021, 17:44:34,71
RBTR00001,Reboot Shortcut,14223,04/28/2021, 18:28:14,71
RBTR00001,Reboot Shortcut,14223,04/28/2021, 19:19:08,71
RBTR00001,Reboot Shortcut,14223,04/28/2021, 20:16:15,71
RBTR00001,Reboot Shortcut,14223,04/28/2021, 21:14:09,71
RBTR00001,Reboot Shortcut,14223,04/28/2021, 22:15:10,71
RBTR00001,Reboot Shortcut,14223,04/28/2021, 23:15:30,71
RBTR00001,Reboot Shortcut,14224,04/29/2021, 00:44:18,71
RBTR00001,Reboot Shortcut,14224,04/29/2021, 02:02:53,71
RBTR00001,Reboot Shortcut,14226,04/29/2021, 03:17:29,71
RBTR00001,Reboot Shortcut,14228,04/29/2021, 04:15:40,71
RBTR00001,Reboot Shortcut,14228,04/29/2021, 05:16:50,71
RBTR00001,Reboot Shortcut,14228,04/29/2021, 06:16:01,71
RBTR00001,Reboot Shortcut,14228,04/29/2021, 07:14:47,71
RBTR00001,Reboot Shortcut,14228,04/29/2021, 08:15:28,71
RBTR00001,Reboot Shortcut,14228,04/29/2021, 09:13:25,71
RBTR00001,Reboot Shortcut,14228,04/29/2021, 10:13:47,71
RBTR00001,Reboot Shortcut,14228,04/29/2021, 11:11:21,71
RBTR00001,Reboot Shortcut,14228,04/29/2021, 12:18:49,71
RBTR00001,Reboot Shortcut,14228,04/29/2021, 13:22:56,71
RBTR00001,Reboot Shortcut,14228,04/29/2021, 14:13:25,71
RBTR00001,Reboot Shortcut,14228,04/29/2021, 15:14:13,71
RBTR00001,Reboot Shortcut,14228,04/29/2021, 16:23:31,71
RBTR00001,Reboot Shortcut,14228,04/29/2021, 17:37:49,71
RBTR00001,Reboot Shortcut,14229,04/29/2021, 18:23:17,71
RBTR00001,Reboot Shortcut,14229,04/29/2021, 19:15:49,71
RBTR00001,Reboot Shortcut,14229,04/29/2021, 20:13:47,71
RBTR00001,Reboot Shortcut,14229,04/29/2021, 21:11:49,71
RBTR00001,Reboot Shortcut,14230,04/29/2021, 22:15:43,71
RBTR00001,Reboot Shortcut,14230,04/29/2021, 23:12:42,71
RBTR00001,Reboot Shortcut,14231,04/30/2021, 00:37:55,71
RBTR00001,Reboot Shortcut,14231,04/30/2021, 02:04:00,71
RBTR00001,Reboot Shortcut,14231,04/30/2021, 03:18:15,71
RBTR00001,Reboot Shortcut,14231,04/30/2021, 04:16:07,71
RBTR00001,Reboot Shortcut,14231,04/30/2021, 05:16:58,71
RBTR00001,Reboot Shortcut,14231,04/30/2021, 06:15:41,71
RBTR00001,Reboot Shortcut,14231,04/30/2021, 07:15:50,71
RBTR00001,Reboot Shortcut,14231,04/30/2021, 08:16:20,71
RBTR00001,Reboot Shortcut,14231,04/30/2021, 09:13:11,71
RBTR00001,Reboot Shortcut,14231,04/30/2021, 10:13:37,71
RBTR00001,Reboot Shortcut,14231,04/30/2021, 11:11:17,71
RBTR00001,Reboot Shortcut,14231,04/30/2021, 12:18:15,71
RBTR00001,Reboot Shortcut,14231,04/30/2021, 13:22:00,71
RBTR00001,Reboot Shortcut,14232,04/30/2021, 14:13:09,71
RBTR00001,Reboot Shortcut,14232,04/30/2021, 15:14:00,71
RBTR00001,Reboot Shortcut,14232,04/30/2021, 16:22:29,71
RBTR00001,Reboot Shortcut,14232,04/30/2021, 17:37:05,71
RBTR00001,Reboot Shortcut,14232,04/30/2021, 18:21:49,71
RBTR00001,Reboot Shortcut,14232,04/30/2021, 19:15:18,71
RBTR00001,Reboot Shortcut,14232,04/30/2021, 20:13:49,71
RBTR00001,Reboot Shortcut,14232,04/30/2021, 21:12:05,71
RBTR00001,Reboot Shortcut,14232,04/30/2021, 22:15:30,71
RBTR00001,Reboot Shortcut,14232,04/30/2021, 23:12:49,71
RBTR00001,Reboot Shortcut,14232,05/01/2021, 00:39:59,71
RBTR00001,Reboot Shortcut,14232,05/01/2021, 02:08:13,71
RBTR00001,Reboot Shortcut,14232,05/01/2021, 03:18:57,71
RBTR00001,Reboot Shortcut,14232,05/01/2021, 04:16:18,71
RBTR00001,Reboot Shortcut,14232,05/01/2021, 05:16:53,71
RBTR00001,Reboot Shortcut,14232,05/01/2021, 07:15:26,71
RBTR00001,Reboot Shortcut,14232,05/01/2021, 08:15:01,71
RBTR00001,Reboot Shortcut,14232,05/01/2021, 09:12:53,71
RBTR00001,Reboot Shortcut,14232,05/01/2021, 10:13:23,71
RBTR00001,Reboot Shortcut,14232,05/01/2021, 11:11:05,71
RBTR00001,Reboot Shortcut,14232,05/01/2021, 12:17:44,71
RBTR00001,Reboot Shortcut,14232,05/01/2021, 13:21:49,71
RBTR00001,Reboot Shortcut,14232,05/01/2021, 14:12:32,71
RBTR00001,Reboot Shortcut,14232,05/01/2021, 15:13:13,71
RBTR00001,Reboot Shortcut,14232,05/01/2021, 16:21:32,71
RBTR00001,Reboot Shortcut,14232,05/01/2021, 17:38:09,71
RBTR00001,Reboot Shortcut,14232,05/01/2021, 18:21:37,71
RBTR00001,Reboot Shortcut,14232,05/01/2021, 19:14:14,71
RBTR00001,Reboot Shortcut,14232,05/01/2021, 20:13:17,71
RBTR00001,Reboot Shortcut,14232,05/01/2021, 21:11:27,71
RBTR00001,Reboot Shortcut,14232,05/01/2021, 22:15:24,71
RBTR00001,Reboot Shortcut,14233,05/01/2021, 23:14:42,71
RBTR00001,Reboot Shortcut,14234,05/02/2021, 00:43:57,71
RBTR00001,Reboot Shortcut,14234,05/02/2021, 02:12:45,71
RBTR00001,Reboot Shortcut,14234,05/02/2021, 03:22:13,71
RBTR00001,Reboot Shortcut,14234,05/02/2021, 04:18:00,71
RBTR00001,Reboot Shortcut,14234,05/02/2021, 05:18:22,71
RBTR00001,Reboot Shortcut,14234,05/02/2021, 06:15:37,71
RBTR00001,Reboot Shortcut,14234,05/02/2021, 07:15:57,71
RBTR00001,Reboot Shortcut,14234,05/02/2021, 08:14:35,71
RBTR00001,Reboot Shortcut,14234,05/02/2021, 09:13:03,71
RBTR00001,Reboot Shortcut,14234,05/02/2021, 10:13:21,71
RBTR00001,Reboot Shortcut,14234,05/02/2021, 11:11:23,71
RBTR00001,Reboot Shortcut,14235,05/02/2021, 12:17:39,71
RBTR00001,Reboot Shortcut,14235,05/02/2021, 13:21:26,71
RBTR00001,Reboot Shortcut,14236,05/02/2021, 14:12:18,71
RBTR00001,Reboot Shortcut,14236,05/02/2021, 15:13:26,71
RBTR00001,Reboot Shortcut,14236,05/02/2021, 16:22:03,71
RBTR00001,Reboot Shortcut,14236,05/02/2021, 17:36:09,71
RBTR00001,Reboot Shortcut,14236,05/02/2021, 18:19:58,71
RBTR00001,Reboot Shortcut,14237,05/02/2021, 19:13:57,71
RBTR00001,Reboot Shortcut,14237,05/02/2021, 20:13:27,71
RBTR00001,Reboot Shortcut,14237,05/02/2021, 21:11:26,71
RBTR00001,Reboot Shortcut,14237,05/02/2021, 22:14:59,71
RBTR00001,Reboot Shortcut,14239,05/02/2021, 23:12:41,71
RBTR00001,Reboot Shortcut,14239,05/03/2021, 00:39:43,71
RBTR00001,Reboot Shortcut,14239,05/03/2021, 02:08:12,71
RBTR00001,Reboot Shortcut,14239,05/03/2021, 03:20:42,71
RBTR00001,Reboot Shortcut,14239,05/03/2021, 04:16:52,71
RBTR00001,Reboot Shortcut,14239,05/03/2021, 05:17:41,71
RBTR00001,Reboot Shortcut,14239,05/03/2021, 06:16:17,71
RBTR00001,Reboot Shortcut,14239,05/03/2021, 07:17:10,71
RBTR00001,Reboot Shortcut,14240,05/03/2021, 08:15:07,71
RBTR00001,Reboot Shortcut,14240,05/03/2021, 09:13:33,71
RBTR00001,Reboot Shortcut,14240,05/03/2021, 10:13:47,71
RBTR00001,Reboot Shortcut,14240,05/03/2021, 11:10:59,71
RBTR00001,Reboot Shortcut,14242,05/03/2021, 12:19:12,71
RBTR00001,Reboot Shortcut,14242,05/03/2021, 13:23:36,71
RBTR00001,Reboot Shortcut,14242,05/03/2021, 14:13:16,71
RBTR00001,Reboot Shortcut,14242,05/03/2021, 15:14:20,71
RBTR00001,Reboot Shortcut,14242,05/03/2021, 16:23:03,71
RBTR00001,Reboot Shortcut,14242,05/03/2021, 17:39:12,71
RBTR00001,Reboot Shortcut,14242,05/03/2021, 18:20:48,71
RBTR00001,Reboot Shortcut,14242,05/03/2021, 19:14:31,71
RBTR00001,Reboot Shortcut,14242,05/03/2021, 20:12:48,71
RBTR00001,Reboot Shortcut,14242,05/03/2021, 21:10:58,71
RBTR00001,Reboot Shortcut,14242,05/03/2021, 22:13:51,71
RBTR00001,Reboot Shortcut,14242,05/03/2021, 23:11:15,71
RBTR00001,Reboot Shortcut,14242,05/04/2021, 00:34:52,71
RBTR00001,Reboot Shortcut,14242,05/04/2021, 02:03:04,71
RBTR00001,Reboot Shortcut,14242,05/04/2021, 03:17:14,71
RBTR00001,Reboot Shortcut,14242,05/04/2021, 04:13:48,71
RBTR00001,Reboot Shortcut,14242,05/04/2021, 05:14:34,71
RBTR00001,Reboot Shortcut,14242,05/04/2021, 06:13:44,71
RBTR00001,Reboot Shortcut,14242,05/04/2021, 08:13:26,71
RBTR00001,Reboot Shortcut,14242,05/04/2021, 09:12:00,71
RBTR00001,Reboot Shortcut,14242,05/04/2021, 10:11:57,71
RBTR00001,Reboot Shortcut,14243,05/04/2021, 11:09:28,71
RBTR00001,Reboot Shortcut,14244,05/04/2021, 12:15:46,71
RBTR00001,Reboot Shortcut,14244,05/04/2021, 13:19:53,71
RBTR00001,Reboot Shortcut,14245,05/04/2021, 14:11:11,71
RBTR00001,Reboot Shortcut,14246,05/04/2021, 15:11:58,71
RBTR00001,Reboot Shortcut,14247,05/04/2021, 16:17:31,71
RBTR00001,Reboot Shortcut,14247,05/04/2021, 17:31:04,71
RBTR00001,Reboot Shortcut,14247,05/04/2021, 18:15:38,71
RBTR00001,Reboot Shortcut,14247,05/04/2021, 19:11:25,71
RBTR00001,Reboot Shortcut,14247,05/04/2021, 20:11:42,71
RBTR00001,Reboot Shortcut,14247,05/04/2021, 21:09:57,71
RBTR00001,Reboot Shortcut,14247,05/04/2021, 22:13:30,71
RBTR00001,Reboot Shortcut,14247,05/04/2021, 23:11:10,71
RBTR00001,Reboot Shortcut,14247,05/05/2021, 00:30:15,71
RBTR00001,Reboot Shortcut,14248,05/05/2021, 01:58:16,71
RBTR00001,Reboot Shortcut,14248,05/05/2021, 02:42:51,71
RBTR00001,Reboot Shortcut,14248,05/05/2021, 03:16:11,71
RBTR00001,Reboot Shortcut,14248,05/05/2021, 04:13:19,71
RBTR00001,Reboot Shortcut,14248,05/05/2021, 05:13:49,71
RBTR00001,Reboot Shortcut,14248,05/05/2021, 06:13:48,71
RBTR00001,Reboot Shortcut,14248,05/05/2021, 07:14:44,71
RBTR00001,Reboot Shortcut,14248,05/05/2021, 08:12:30,71
RBTR00001,Reboot Shortcut,14248,05/05/2021, 09:11:26,71
RBTR00001,Reboot Shortcut,14248,05/05/2021, 10:11:53,71
RBTR00001,Reboot Shortcut,14248,05/05/2021, 11:09:37,71
RBTR00001,Reboot Shortcut,14248,05/05/2021, 12:16:21,71
RBTR00001,Reboot Shortcut,14249,05/05/2021, 13:22:19,71
RBTR00001,Reboot Shortcut,14250,05/05/2021, 14:11:28,71
RBTR00001,Reboot Shortcut,14250,05/05/2021, 15:11:55,71
RBTR00001,Reboot Shortcut,14250,05/05/2021, 16:18:37,71
RBTR00001,Reboot Shortcut,14250,05/05/2021, 17:34:41,71
RBTR00001,Reboot Shortcut,14252,05/05/2021, 18:18:43,71
RBTR00001,Reboot Shortcut,14252,05/05/2021, 19:14:13,71
RBTR00001,Reboot Shortcut,14252,05/05/2021, 20:11:37,71
RBTR00001,Reboot Shortcut,14252,05/05/2021, 21:10:16,71
RBTR00001,Reboot Shortcut,14252,05/05/2021, 22:13:46,71
RBTR00001,Reboot Shortcut,14252,05/05/2021, 23:11:32,71
RBTR00001,Reboot Shortcut,14252,05/06/2021, 00:29:49,71
RBTR00001,Reboot Shortcut,14252,05/06/2021, 01:58:02,71
RBTR00001,Reboot Shortcut,14252,05/06/2021, 02:43:04,71
RBTR00001,Reboot Shortcut,14252,05/06/2021, 03:16:22,71
RBTR00001,Reboot Shortcut,14252,05/06/2021, 04:13:24,71
RBTR00001,Reboot Shortcut,14252,05/06/2021, 05:14:04,71
RBTR00001,Reboot Shortcut,14253,05/06/2021, 06:13:28,71
RBTR00001,Reboot Shortcut,14253,05/06/2021, 07:13:36,71
RBTR00001,Reboot Shortcut,14253,05/06/2021, 08:12:26,71
RBTR00001,Reboot Shortcut,14253,05/06/2021, 09:11:30,71
RBTR00001,Reboot Shortcut,14253,05/06/2021, 10:11:36,71
RBTR00001,Reboot Shortcut,14253,05/06/2021, 11:10:01,71
RBTR00001,Reboot Shortcut,14253,05/06/2021, 12:15:05,71
RBTR00001,Reboot Shortcut,14253,05/06/2021, 13:21:09,71
RBTR00001,Reboot Shortcut,14253,05/06/2021, 14:11:06,71
RBTR00001,Reboot Shortcut,14253,05/06/2021, 15:11:52,71
RBTR00001,Reboot Shortcut,14253,05/06/2021, 16:20:48,71
RBTR00001,Reboot Shortcut,14253,05/06/2021, 17:36:23,71
RBTR00001,Reboot Shortcut,14253,05/06/2021, 18:19:17,71
RBTR00001,Reboot Shortcut,14254,05/06/2021, 19:13:59,71
RBTR00001,Reboot Shortcut,14256,05/06/2021, 20:12:25,71
RBTR00001,Reboot Shortcut,14256,05/06/2021, 21:08:53,71
RBTR00001,Reboot Shortcut,14256,05/06/2021, 22:13:54,71
RBTR00001,Reboot Shortcut,14256,05/06/2021, 23:11:26,71
RBTR00001,Reboot Shortcut,14256,05/07/2021, 00:31:08,71
RBTR00001,Reboot Shortcut,14256,05/07/2021, 02:02:30,71
RBTR00001,Reboot Shortcut,14256,05/07/2021, 03:18:29,71
RBTR00001,Reboot Shortcut,14256,05/07/2021, 04:17:17,71
RBTR00001,Reboot Shortcut,14256,05/07/2021, 05:15:58,71
RBTR00001,Reboot Shortcut,14256,05/07/2021, 06:13:23,71
RBTR00001,Reboot Shortcut,14256,05/07/2021, 07:14:37,71
RBTR00001,Reboot Shortcut,14256,05/07/2021, 08:13:51,71
RBTR00001,Reboot Shortcut,14256,05/07/2021, 09:11:02,71
RBTR00001,Reboot Shortcut,14256,05/07/2021, 10:11:51,71
RBTR00001,Reboot Shortcut,14256,05/07/2021, 11:09:46,71
RBTR00001,Reboot Shortcut,14257,05/07/2021, 12:15:16,71
RBTR00001,Reboot Shortcut,14257,05/07/2021, 13:20:54,71
RBTR00001,Reboot Shortcut,14257,05/07/2021, 14:11:15,71
RBTR00001,Reboot Shortcut,14257,05/07/2021, 15:13:58,71
RBTR00001,Reboot Shortcut,14257,05/07/2021, 16:21:09,71
RBTR00001,Reboot Shortcut,14258,05/07/2021, 17:36:07,71
RBTR00001,Reboot Shortcut,14258,05/07/2021, 18:19:16,71
RBTR00001,Reboot Shortcut,14258,05/07/2021, 19:12:56,71
RBTR00001,Reboot Shortcut,14258,05/07/2021, 20:11:45,71
RBTR00001,Reboot Shortcut,14259,05/07/2021, 21:10:20,71
RBTR00001,Reboot Shortcut,14259,05/07/2021, 22:14:41,71
RBTR00001,Reboot Shortcut,14260,05/07/2021, 23:11:03,71
RBTR00001,Reboot Shortcut,14262,05/08/2021, 00:30:59,71
RBTR00001,Reboot Shortcut,14263,05/08/2021, 02:00:57,71
RBTR00001,Reboot Shortcut,14263,05/08/2021, 03:17:15,71
RBTR00001,Reboot Shortcut,14263,05/08/2021, 04:14:08,71
RBTR00001,Reboot Shortcut,14263,05/08/2021, 05:14:17,71
RBTR00001,Reboot Shortcut,14263,05/08/2021, 06:13:26,71
RBTR00001,Reboot Shortcut,14263,05/08/2021, 07:15:13,71
RBTR00001,Reboot Shortcut,14264,05/08/2021, 08:12:39,71
RBTR00001,Reboot Shortcut,14264,05/08/2021, 09:11:15,71
RBTR00001,Reboot Shortcut,14265,05/08/2021, 10:12:12,71
RBTR00001,Reboot Shortcut,14265,05/08/2021, 11:09:37,71
RBTR00001,Reboot Shortcut,14265,05/08/2021, 12:15:38,71
RBTR00001,Reboot Shortcut,14265,05/08/2021, 13:19:57,71
RBTR00001,Reboot Shortcut,14265,05/08/2021, 14:10:47,71
RBTR00001,Reboot Shortcut,14266,05/08/2021, 15:11:40,71
RBTR00001,Reboot Shortcut,14266,05/08/2021, 16:20:02,71
RBTR00001,Reboot Shortcut,14267,05/08/2021, 17:33:58,71
RBTR00001,Reboot Shortcut,14267,05/08/2021, 18:17:23,71
RBTR00001,Reboot Shortcut,14267,05/08/2021, 19:10:51,71
RBTR00001,Reboot Shortcut,14267,05/08/2021, 20:11:27,71
RBTR00001,Reboot Shortcut,14267,05/08/2021, 21:10:06,71
RBTR00001,Reboot Shortcut,14267,05/08/2021, 22:13:30,71
RBTR00001,Reboot Shortcut,14267,05/08/2021, 23:11:16,71
RBTR00001,Reboot Shortcut,14268,05/09/2021, 00:33:47,71
RBTR00001,Reboot Shortcut,14268,05/09/2021, 02:03:19,71
RBTR00001,Reboot Shortcut,14268,05/09/2021, 03:17:21,71
RBTR00001,Reboot Shortcut,14268,05/09/2021, 04:13:45,71
RBTR00001,Reboot Shortcut,14268,05/09/2021, 05:14:16,71
RBTR00001,Reboot Shortcut,14269,05/09/2021, 06:12:53,71
RBTR00001,Reboot Shortcut,14269,05/09/2021, 07:13:28,71
RBTR00001,Reboot Shortcut,14269,05/09/2021, 08:12:34,71
RBTR00001,Reboot Shortcut,14270,05/09/2021, 09:11:38,71
RBTR00001,Reboot Shortcut,14270,05/09/2021, 10:11:35,71
RBTR00001,Reboot Shortcut,14270,05/09/2021, 11:09:24,71
RBTR00001,Reboot Shortcut,14270,05/09/2021, 12:15:05,71
RBTR00001,Reboot Shortcut,14270,05/09/2021, 13:20:02,71
RBTR00001,Reboot Shortcut,14270,05/09/2021, 14:10:34,71
RBTR00001,Reboot Shortcut,14270,05/09/2021, 15:11:32,71
RBTR00001,Reboot Shortcut,14270,05/09/2021, 16:20:42,71
RBTR00001,Reboot Shortcut,14270,05/09/2021, 17:35:01,71
RBTR00001,Reboot Shortcut,14270,05/09/2021, 18:17:16,71
RBTR00001,Reboot Shortcut,14270,05/09/2021, 19:11:40,71
RBTR00001,Reboot Shortcut,14270,05/09/2021, 20:11:22,71
RBTR00001,Reboot Shortcut,14270,05/09/2021, 21:10:15,71
RBTR00001,Reboot Shortcut,14270,05/09/2021, 22:13:51,71
RBTR00001,Reboot Shortcut,14270,05/09/2021, 23:11:00,71
RBTR00001,Reboot Shortcut,14270,05/10/2021, 00:32:37,71
RBTR00001,Reboot Shortcut,14270,05/10/2021, 02:06:01,71
RBTR00001,Reboot Shortcut,14271,05/10/2021, 03:21:20,71
RBTR00001,Reboot Shortcut,14271,05/10/2021, 04:16:38,71
RBTR00001,Reboot Shortcut,14271,05/10/2021, 05:16:30,71
RBTR00001,Reboot Shortcut,14271,05/10/2021, 06:13:11,71
RBTR00001,Reboot Shortcut,14271,05/10/2021, 07:14:47,71
RBTR00001,Reboot Shortcut,14271,05/10/2021, 08:13:10,71
RBTR00001,Reboot Shortcut,14272,05/10/2021, 09:12:28,71
RBTR00001,Reboot Shortcut,14273,05/10/2021, 10:11:41,71
RBTR00001,Reboot Shortcut,14273,05/10/2021, 11:09:55,71
RBTR00001,Reboot Shortcut,14273,05/10/2021, 12:15:37,71
RBTR00001,Reboot Shortcut,14273,05/10/2021, 13:21:26,71
RBTR00001,Reboot Shortcut,14273,05/10/2021, 14:11:18,71
RBTR00001,Reboot Shortcut,14273,05/10/2021, 15:11:55,71
RBTR00001,Reboot Shortcut,14273,05/10/2021, 16:20:38,71
RBTR00001,Reboot Shortcut,14274,05/10/2021, 17:38:58,71
RBTR00001,Reboot Shortcut,14275,05/10/2021, 18:22:56,71
RBTR00001,Reboot Shortcut,14275,05/10/2021, 19:15:42,71
RBTR00001,Reboot Shortcut,14276,05/10/2021, 20:12:05,71
RBTR00001,Reboot Shortcut,14276,05/10/2021, 21:10:11,71
RBTR00001,Reboot Shortcut,14277,05/10/2021, 22:13:52,71
RBTR00001,Reboot Shortcut,14277,05/10/2021, 23:11:03,71
RBTR00001,Reboot Shortcut,14277,05/11/2021, 00:32:09,71
RBTR00001,Reboot Shortcut,14278,05/11/2021, 02:04:47,71
RBTR00001,Reboot Shortcut,14278,05/11/2021, 03:20:06,71
RBTR00001,Reboot Shortcut,14278,05/11/2021, 04:15:23,71
RBTR00001,Reboot Shortcut,14278,05/11/2021, 05:15:52,71
RBTR00001,Reboot Shortcut,14278,05/11/2021, 06:13:32,71
RBTR00001,Reboot Shortcut,14278,05/11/2021, 07:14:19,71
RBTR00001,Reboot Shortcut,14278,05/11/2021, 08:13:09,71
RBTR00001,Reboot Shortcut,14278,05/11/2021, 09:11:37,71
RBTR00001,Reboot Shortcut,14278,05/11/2021, 10:12:00,71
RBTR00001,Reboot Shortcut,14278,05/11/2021, 11:09:29,71
RBTR00001,Reboot Shortcut,14278,05/11/2021, 12:15:58,71
RBTR00001,Reboot Shortcut,14278,05/11/2021, 13:22:19,71
RBTR00001,Reboot Shortcut,14279,05/11/2021, 14:11:13,71
RBTR00001,Reboot Shortcut,14280,05/11/2021, 15:12:05,71
RBTR00001,Reboot Shortcut,14281,05/11/2021, 16:22:27,71
RBTR00001,Reboot Shortcut,14281,05/11/2021, 17:39:06,71
RBTR00001,Reboot Shortcut,14281,05/11/2021, 18:23:00,71
RBTR00001,Reboot Shortcut,14281,05/11/2021, 19:16:09,71
RBTR00001,Reboot Shortcut,14281,05/11/2021, 20:12:28,71
RBTR00001,Reboot Shortcut,14281,05/11/2021, 21:10:12,71
RBTR00001,Reboot Shortcut,14281,05/11/2021, 22:13:59,71
RBTR00001,Reboot Shortcut,14281,05/11/2021, 23:11:18,71
RBTR00001,Reboot Shortcut,14281,05/12/2021, 00:33:36,71
RBTR00001,Reboot Shortcut,14281,05/12/2021, 02:05:53,71
RBTR00001,Reboot Shortcut,14281,05/12/2021, 03:23:16,71
RBTR00001,Reboot Shortcut,14281,05/12/2021, 04:19:32,71
RBTR00001,Reboot Shortcut,14281,05/12/2021, 05:20:18,71
RBTR00001,Reboot Shortcut,14281,05/12/2021, 06:19:54,71
RBTR00001,Reboot Shortcut,14282,05/12/2021, 07:17:23,71
RBTR00001,Reboot Shortcut,14282,05/12/2021, 08:14:16,71
RBTR00001,Reboot Shortcut,14283,05/12/2021, 09:12:58,71
RBTR00001,Reboot Shortcut,14283,05/12/2021, 10:13:16,71
RBTR00001,Reboot Shortcut,14283,05/12/2021, 11:11:03,71
RBTR00001,Reboot Shortcut,14283,05/12/2021, 12:18:42,71
RBTR00001,Reboot Shortcut,14284,05/12/2021, 13:25:32,71
RBTR00001,Reboot Shortcut,14284,05/12/2021, 14:13:25,71
RBTR00001,Reboot Shortcut,14284,05/12/2021, 15:14:00,71
RBTR00001,Reboot Shortcut,14284,05/12/2021, 16:26:59,71
RBTR00001,Reboot Shortcut,14284,05/12/2021, 17:41:23,71
RBTR00001,Reboot Shortcut,14284,05/12/2021, 18:27:08,71
RBTR00001,Reboot Shortcut,14284,05/12/2021, 19:19:29,71
RBTR00001,Reboot Shortcut,14284,05/12/2021, 20:13:48,71
RBTR00001,Reboot Shortcut,14284,05/12/2021, 21:11:42,71
RBTR00001,Reboot Shortcut,14285,05/12/2021, 22:15:30,71
RBTR00001,Reboot Shortcut,14285,05/12/2021, 23:13:25,71
RBTR00001,Reboot Shortcut,14285,05/13/2021, 00:41:53,71
RBTR00001,Reboot Shortcut,14285,05/13/2021, 02:14:14,71
RBTR00001,Reboot Shortcut,14285,05/13/2021, 03:25:05,71
RBTR00001,Reboot Shortcut,14286,05/13/2021, 04:21:17,71
RBTR00001,Reboot Shortcut,14286,05/13/2021, 05:21:39,71
RBTR00001,Reboot Shortcut,14286,05/13/2021, 06:15:44,71
RBTR00001,Reboot Shortcut,14286,05/13/2021, 07:18:33,71
RBTR00001,Reboot Shortcut,14286,05/13/2021, 08:15:03,71
RBTR00001,Reboot Shortcut,14286,05/13/2021, 09:13:23,71
RBTR00001,Reboot Shortcut,14287,05/13/2021, 10:14:05,71
RBTR00001,Reboot Shortcut,14287,05/13/2021, 11:12:14,71
RBTR00001,Reboot Shortcut,14287,05/13/2021, 12:18:42,71
RBTR00001,Reboot Shortcut,14287,05/13/2021, 13:24:59,71
RBTR00001,Reboot Shortcut,14287,05/13/2021, 14:12:51,71
RBTR00001,Reboot Shortcut,14287,05/13/2021, 15:14:11,71
RBTR00001,Reboot Shortcut,14287,05/13/2021, 16:25:41,71
RBTR00001,Reboot Shortcut,14287,05/13/2021, 17:41:47,71
RBTR00001,Reboot Shortcut,14287,05/13/2021, 18:27:01,71
RBTR00001,Reboot Shortcut,14287,05/13/2021, 19:20:32,71
RBTR00001,Reboot Shortcut,14287,05/13/2021, 20:14:14,71
RBTR00001,Reboot Shortcut,14287,05/13/2021, 21:12:12,71
RBTR00001,Reboot Shortcut,14287,05/13/2021, 22:15:41,71
RBTR00001,Reboot Shortcut,14288,05/13/2021, 23:16:27,71
RBTR00001,Reboot Shortcut,14289,05/14/2021, 00:43:16,71
RBTR00001,Reboot Shortcut,14289,05/14/2021, 02:15:20,71
RBTR00001,Reboot Shortcut,14290,05/14/2021, 03:27:46,71
RBTR00001,Reboot Shortcut,14290,05/14/2021, 04:22:11,71
RBTR00001,Reboot Shortcut,14290,05/14/2021, 05:20:57,71
RBTR00001,Reboot Shortcut,14290,05/14/2021, 06:15:38,71
RBTR00001,Reboot Shortcut,14290,05/14/2021, 07:20:00,71
RBTR00001,Reboot Shortcut,14290,05/14/2021, 08:16:23,71
RBTR00001,Reboot Shortcut,14290,05/14/2021, 09:14:41,71
RBTR00001,Reboot Shortcut,14290,05/14/2021, 10:14:15,71
RBTR00001,Reboot Shortcut,14290,05/14/2021, 11:10:48,71
RBTR00001,Reboot Shortcut,14290,05/14/2021, 12:18:15,71
RBTR00001,Reboot Shortcut,14290,05/14/2021, 13:24:29,71
RBTR00001,Reboot Shortcut,14293,05/14/2021, 16:26:34,71
RBTR00001,Reboot Shortcut,14293,05/14/2021, 17:42:09,71
RBTR00001,Reboot Shortcut,14293,05/14/2021, 18:28:13,71
RBTR00001,Reboot Shortcut,14293,05/14/2021, 19:20:37,71
RBTR00001,Reboot Shortcut,14294,05/14/2021, 20:14:00,71
RBTR00001,Reboot Shortcut,14294,05/14/2021, 21:12:06,71
RBTR00001,Reboot Shortcut,14295,05/14/2021, 22:15:23,71
RBTR00001,Reboot Shortcut,14296,05/14/2021, 23:14:28,71
RBTR00001,Reboot Shortcut,14296,05/15/2021, 00:40:57,71
RBTR00001,Reboot Shortcut,14297,05/15/2021, 02:11:28,71
RBTR00001,Reboot Shortcut,14297,05/15/2021, 03:23:01,71
RBTR00001,Reboot Shortcut,14297,05/15/2021, 04:20:14,71
RBTR00001,Reboot Shortcut,14297,05/15/2021, 05:19:46,71
RBTR00001,Reboot Shortcut,14298,05/15/2021, 06:15:35,71
RBTR00001,Reboot Shortcut,14298,05/15/2021, 07:18:13,71
RBTR00001,Reboot Shortcut,14298,05/15/2021, 08:14:44,71
RBTR00001,Reboot Shortcut,14299,05/15/2021, 09:13:06,71
RBTR00001,Reboot Shortcut,14299,05/15/2021, 10:13:00,71
RBTR00001,Reboot Shortcut,14300,05/15/2021, 11:11:07,71
RBTR00001,Reboot Shortcut,14301,05/15/2021, 12:17:42,71
RBTR00001,Reboot Shortcut,14301,05/15/2021, 13:23:20,71
RBTR00001,Reboot Shortcut,14301,05/15/2021, 14:12:24,71
RBTR00001,Reboot Shortcut,14303,05/15/2021, 15:13:22,71
RBTR00001,Reboot Shortcut,14303,05/15/2021, 16:25:02,71
RBTR00001,Reboot Shortcut,14304,05/15/2021, 17:40:30,71
RBTR00001,Reboot Shortcut,14304,05/15/2021, 18:25:22,71
RBTR00001,Reboot Shortcut,14304,05/15/2021, 19:18:31,71
RBTR00001,Reboot Shortcut,14304,05/15/2021, 20:13:32,71
RBTR00001,Reboot Shortcut,14304,05/15/2021, 21:11:39,71
RBTR00001,Reboot Shortcut,14305,05/15/2021, 22:15:03,71
RBTR00001,Reboot Shortcut,14305,05/15/2021, 23:13:20,71
RBTR00001,Reboot Shortcut,14305,05/16/2021, 00:44:30,71
RBTR00001,Reboot Shortcut,14305,05/16/2021, 02:19:34,71
RBTR00001,Reboot Shortcut,14305,05/16/2021, 03:30:17,71
RBTR00001,Reboot Shortcut,14305,05/16/2021, 04:24:31,71
RBTR00001,Reboot Shortcut,14305,05/16/2021, 05:21:45,71
RBTR00001,Reboot Shortcut,14306,05/16/2021, 17:42:50,71
RBTR00001,Reboot Shortcut,14307,05/16/2021, 18:27:16,71
RBTR00001,Reboot Shortcut,14307,05/16/2021, 19:19:20,71
RBTR00001,Reboot Shortcut,14308,05/16/2021, 20:14:01,71
RBTR00001,Reboot Shortcut,14308,05/16/2021, 21:11:33,71
RBTR00001,Reboot Shortcut,14309,05/16/2021, 22:15:11,71
RBTR00001,Reboot Shortcut,14309,05/16/2021, 23:13:10,71
RBTR00001,Reboot Shortcut,14309,05/17/2021, 00:40:17,71
RBTR00001,Reboot Shortcut,14311,05/17/2021, 02:14:48,71
RBTR00001,Reboot Shortcut,14311,05/17/2021, 03:27:24,71
RBTR00001,Reboot Shortcut,14312,05/17/2021, 04:22:25,71
RBTR00001,Reboot Shortcut,14312,05/17/2021, 05:21:09,71
RBTR00001,Reboot Shortcut,14312,05/17/2021, 06:15:52,71
RBTR00001,Reboot Shortcut,14313,05/17/2021, 07:19:04,71
RBTR00001,Reboot Shortcut,14313,05/17/2021, 08:14:53,71
RBTR00001,Reboot Shortcut,14313,05/17/2021, 09:13:58,71
RBTR00001,Reboot Shortcut,14313,05/17/2021, 10:15:03,71
RBTR00001,Reboot Shortcut,14313,05/17/2021, 11:11:22,71
RBTR00001,Reboot Shortcut,14313,05/17/2021, 12:19:13,71
RBTR00001,Reboot Shortcut,14313,05/17/2021, 13:27:13,71
RBTR00001,Reboot Shortcut,14313,05/17/2021, 14:12:24,71
RBTR00001,Reboot Shortcut,14314,05/17/2021, 15:14:15,71
RBTR00001,Reboot Shortcut,14314,05/17/2021, 16:26:50,71
RBTR00001,Reboot Shortcut,14314,05/17/2021, 17:41:28,71
RBTR00001,Reboot Shortcut,14314,05/17/2021, 18:27:48,71
RBTR00001,Reboot Shortcut,14314,05/17/2021, 19:19:39,71
RBTR00001,Reboot Shortcut,14315,05/17/2021, 20:14:00,71
RBTR00001,Reboot Shortcut,14315,05/17/2021, 21:12:09,71
RBTR00001,Reboot Shortcut,14315,05/17/2021, 22:15:34,71
RBTR00001,Reboot Shortcut,14315,05/17/2021, 23:14:44,71
RBTR00001,Reboot Shortcut,14315,05/18/2021, 00:44:40,71
RBTR00001,Reboot Shortcut,14315,05/18/2021, 02:17:09,71
RBTR00001,Reboot Shortcut,14315,05/18/2021, 03:27:43,71
RBTR00001,Reboot Shortcut,14315,05/18/2021, 04:23:18,71
RBTR00001,Reboot Shortcut,14315,05/18/2021, 05:21:54,71
RBTR00001,Reboot Shortcut,14317,05/18/2021, 06:15:25,71
RBTR00001,Reboot Shortcut,14317,05/18/2021, 07:37:29,71
RBTR00001,Reboot Shortcut,14317,05/18/2021, 09:57:42,71
RBTR00001,Reboot Shortcut,14317,05/18/2021, 10:57:35,71
RBTR00001,Reboot Shortcut,14317,05/18/2021, 11:54:58,71
RBTR00001,Reboot Shortcut,14320,05/18/2021, 18:44:04,71
RBTR00001,Reboot Shortcut,14320,05/18/2021, 19:22:22,71
RBTR00001,Reboot Shortcut,14320,05/18/2021, 20:18:46,71
RBTR00001,Reboot Shortcut,14321,05/18/2021, 21:11:35,71
RBTR00001,Reboot Shortcut,14321,05/18/2021, 22:15:28,71
RBTR00001,Reboot Shortcut,14321,05/18/2021, 23:14:14,71
RBTR00001,Reboot Shortcut,14321,05/19/2021, 00:40:49,71
RBTR00001,Reboot Shortcut,14321,05/19/2021, 02:09:47,71
RBTR00001,Reboot Shortcut,14321,05/19/2021, 03:22:38,71
RBTR00001,Reboot Shortcut,14321,05/19/2021, 04:19:46,71
RBTR00001,Reboot Shortcut,14321,05/19/2021, 05:20:46,71
RBTR00001,Reboot Shortcut,14321,05/19/2021, 06:15:59,71
RBTR00001,Reboot Shortcut,14321,05/19/2021, 07:19:04,71
RBTR00001,Reboot Shortcut,14321,05/19/2021, 08:19:24,71
RBTR00001,Reboot Shortcut,14321,05/19/2021, 09:19:18,71
RBTR00001,Reboot Shortcut,14321,05/19/2021, 10:14:42,71
RBTR00001,Reboot Shortcut,14321,05/19/2021, 11:11:59,71
RBTR00001,Reboot Shortcut,14321,05/19/2021, 12:18:55,71
RBTR00001,Reboot Shortcut,14321,05/19/2021, 13:25:04,71
RBTR00001,Reboot Shortcut,14321,05/19/2021, 14:16:29,71
RBTR00001,Reboot Shortcut,14323,05/19/2021, 15:18:59,71
RBTR00001,Reboot Shortcut,14324,05/19/2021, 16:30:47,71
RBTR00001,Reboot Shortcut,14324,05/19/2021, 17:42:06,71
RBTR00001,Reboot Shortcut,14325,05/19/2021, 18:28:53,71
RBTR00001,Reboot Shortcut,14326,05/19/2021, 19:21:00,71
RBTR00001,Reboot Shortcut,14326,05/19/2021, 20:13:54,71
RBTR00001,Reboot Shortcut,14326,05/19/2021, 21:11:38,71
RBTR00001,Reboot Shortcut,14326,05/19/2021, 22:15:10,71
RBTR00001,Reboot Shortcut,14327,05/19/2021, 23:13:52,71
RBTR00001,Reboot Shortcut,14327,05/20/2021, 00:38:16,71
RBTR00001,Reboot Shortcut,14327,05/20/2021, 02:09:58,71
RBTR00001,Reboot Shortcut,14327,05/20/2021, 03:24:25,71
RBTR00001,Reboot Shortcut,14328,05/20/2021, 04:21:20,71
RBTR00001,Reboot Shortcut,14328,05/20/2021, 05:21:22,71
RBTR00001,Reboot Shortcut,14328,05/20/2021, 06:15:58,71
RBTR00001,Reboot Shortcut,14328,05/20/2021, 07:19:15,71
RBTR00001,Reboot Shortcut,14328,05/20/2021, 08:15:10,71
RBTR00001,Reboot Shortcut,14329,05/20/2021, 09:13:52,71
RBTR00001,Reboot Shortcut,14329,05/20/2021, 10:13:44,71
RBTR00001,Reboot Shortcut,14329,05/20/2021, 11:11:33,71
RBTR00001,Reboot Shortcut,14329,05/20/2021, 12:19:08,71
RBTR00001,Reboot Shortcut,14329,05/20/2021, 13:27:19,71
RBTR00001,Reboot Shortcut,14329,05/20/2021, 14:16:10,71
RBTR00001,Reboot Shortcut,14329,05/20/2021, 15:19:16,71
RBTR00001,Reboot Shortcut,14330,05/20/2021, 16:32:02,71
RBTR00001,Reboot Shortcut,14332,05/20/2021, 17:49:01,71
RBTR00001,Reboot Shortcut,14333,05/20/2021, 18:30:29,71
RBTR00001,Reboot Shortcut,14334,05/20/2021, 19:23:10,71
RBTR00001,Reboot Shortcut,14334,05/20/2021, 20:12:02,71
RBTR00001,Reboot Shortcut,14334,05/20/2021, 21:12:03,71
RBTR00001,Reboot Shortcut,14334,05/20/2021, 22:14:58,71
RBTR00001,Reboot Shortcut,14334,05/20/2021, 23:13:04,71
RBTR00001,Reboot Shortcut,14334,05/21/2021, 00:42:07,71
RBTR00001,Reboot Shortcut,14334,05/21/2021, 02:13:35,71
RBTR00001,Reboot Shortcut,14334,05/21/2021, 03:26:03,71
RBTR00001,Reboot Shortcut,14334,05/21/2021, 04:22:50,71
RBTR00001,Reboot Shortcut,14334,05/21/2021, 05:21:59,71
RBTR00001,Reboot Shortcut,14334,05/21/2021, 06:15:43,71
RBTR00001,Reboot Shortcut,14335,05/21/2021, 07:22:01,71
RBTR00001,Reboot Shortcut,14336,05/21/2021, 08:15:38,71
RBTR00001,Reboot Shortcut,14337,05/21/2021, 09:15:27,71
RBTR00001,Reboot Shortcut,14338,05/21/2021, 10:14:31,71
RBTR00001,Reboot Shortcut,14338,05/21/2021, 11:11:24,71
RBTR00001,Reboot Shortcut,14338,05/21/2021, 12:19:53,71
RBTR00001,Reboot Shortcut,14338,05/21/2021, 13:27:07,71
RBTR00001,Reboot Shortcut,14338,05/21/2021, 14:13:03,71
RBTR00001,Reboot Shortcut,14338,05/21/2021, 15:13:56,71
RBTR00001,Reboot Shortcut,14338,05/21/2021, 16:26:53,71
RBTR00001,Reboot Shortcut,14338,05/21/2021, 17:45:26,71
RBTR00001,Reboot Shortcut,14339,05/21/2021, 18:32:30,71
RBTR00001,Reboot Shortcut,14339,05/21/2021, 19:26:39,71
RBTR00001,Reboot Shortcut,14339,05/21/2021, 20:14:14,71
RBTR00001,Reboot Shortcut,14339,05/21/2021, 21:12:05,71
RBTR00001,Reboot Shortcut,14339,05/21/2021, 22:13:18,71
RBTR00001,Reboot Shortcut,14339,05/21/2021, 23:13:24,71
RBTR00001,Reboot Shortcut,14339,05/22/2021, 00:41:27,71
RBTR00001,Reboot Shortcut,14339,05/22/2021, 02:12:33,71
RBTR00001,Reboot Shortcut,14340,05/22/2021, 03:25:47,71
RBTR00001,Reboot Shortcut,14340,05/22/2021, 04:23:45,71
RBTR00001,Reboot Shortcut,14340,05/22/2021, 05:24:46,71
RBTR00001,Reboot Shortcut,14340,05/22/2021, 06:15:32,71
RBTR00001,Reboot Shortcut,14340,05/22/2021, 07:20:03,71
RBTR00001,Reboot Shortcut,14340,05/22/2021, 08:15:01,71
RBTR00001,Reboot Shortcut,14340,05/22/2021, 09:14:02,71
RBTR00001,Reboot Shortcut,14340,05/22/2021, 10:14:29,71
RBTR00001,Reboot Shortcut,14340,05/22/2021, 11:11:38,71
RBTR00001,Reboot Shortcut,14341,05/22/2021, 12:18:26,71
RBTR00001,Reboot Shortcut,14341,05/22/2021, 13:26:07,71
RBTR00001,Reboot Shortcut,14341,05/22/2021, 14:11:24,71
RBTR00001,Reboot Shortcut,14341,05/22/2021, 15:13:07,71
RBTR00001,Reboot Shortcut,14342,05/22/2021, 16:25:25,71
RBTR00001,Reboot Shortcut,14343,05/22/2021, 17:42:51,71
RBTR00001,Reboot Shortcut,14344,05/22/2021, 18:30:21,71
RBTR00001,Reboot Shortcut,14344,05/22/2021, 19:23:13,71
RBTR00001,Reboot Shortcut,14345,05/22/2021, 20:13:45,71
RBTR00001,Reboot Shortcut,14345,05/22/2021, 21:11:28,71
RBTR00001,Reboot Shortcut,14345,05/22/2021, 22:12:40,71
RBTR00001,Reboot Shortcut,14345,05/22/2021, 23:12:43,71
RBTR00001,Reboot Shortcut,14345,05/23/2021, 00:47:19,71
RBTR00001,Reboot Shortcut,14345,05/23/2021, 02:24:15,71
RBTR00001,Reboot Shortcut,14345,05/23/2021, 03:36:39,71
RBTR00001,Reboot Shortcut,14345,05/23/2021, 04:29:04,71
RBTR00001,Reboot Shortcut,14345,05/23/2021, 05:26:11,71
RBTR00001,Reboot Shortcut,14345,05/23/2021, 06:16:11,71
RBTR00001,Reboot Shortcut,14345,05/23/2021, 07:19:51,71
RBTR00001,Reboot Shortcut,14345,05/23/2021, 08:14:36,71
RBTR00001,Reboot Shortcut,14345,05/23/2021, 09:13:30,71
RBTR00001,Reboot Shortcut,14345,05/23/2021, 10:13:47,71
RBTR00001,Reboot Shortcut,14345,05/23/2021, 11:10:46,71
RBTR00001,Reboot Shortcut,14345,05/23/2021, 12:18:39,71
RBTR00001,Reboot Shortcut,14345,05/23/2021, 13:27:18,71
RBTR00001,Reboot Shortcut,14345,05/23/2021, 14:11:51,71
RBTR00001,Reboot Shortcut,14346,05/23/2021, 15:13:20,71
RBTR00001,Reboot Shortcut,14346,05/23/2021, 16:25:39,71
RBTR00001,Reboot Shortcut,14347,05/23/2021, 17:42:00,71
RBTR00001,Reboot Shortcut,14347,05/23/2021, 18:28:05,71
RBTR00001,Reboot Shortcut,14347,05/23/2021, 19:21:33,71
RBTR00001,Reboot Shortcut,14347,05/23/2021, 20:14:19,71
RBTR00001,Reboot Shortcut,14347,05/23/2021, 21:11:37,71
RBTR00001,Reboot Shortcut,14348,05/23/2021, 22:12:51,71
RBTR00001,Reboot Shortcut,14348,05/23/2021, 23:13:08,71
RBTR00001,Reboot Shortcut,14349,05/24/2021, 00:44:40,71
RBTR00001,Reboot Shortcut,14350,05/24/2021, 02:22:30,71
RBTR00001,Reboot Shortcut,14350,05/24/2021, 03:33:59,71
RBTR00001,Reboot Shortcut,14350,05/24/2021, 04:27:35,71
RBTR00001,Reboot Shortcut,14350,05/24/2021, 05:26:52,71
RBTR00001,Reboot Shortcut,14350,05/24/2021, 06:18:10,71
RBTR00001,Reboot Shortcut,14350,05/24/2021, 07:22:16,71
RBTR00001,Reboot Shortcut,14350,05/24/2021, 08:15:08,71
RBTR00001,Reboot Shortcut,14351,05/24/2021, 09:15:50,71
RBTR00001,Reboot Shortcut,14351,05/24/2021, 10:17:39,71
RBTR00001,Reboot Shortcut,14351,05/24/2021, 11:15:58,71
RBTR00001,Reboot Shortcut,14352,05/24/2021, 12:20:10,71
RBTR00001,Reboot Shortcut,14354,05/24/2021, 13:31:26,71
RBTR00001,Reboot Shortcut,14354,05/24/2021, 14:16:50,71
RBTR00001,Reboot Shortcut,14354,05/24/2021, 15:14:20,71
RBTR00001,Reboot Shortcut,14354,05/24/2021, 16:32:10,71
RBTR00001,Reboot Shortcut,14355,05/24/2021, 17:52:19,71
RBTR00001,Reboot Shortcut,14355,05/24/2021, 18:35:49,71
RBTR00001,Reboot Shortcut,14355,05/24/2021, 19:31:54,71
RBTR00001,Reboot Shortcut,14355,05/24/2021, 20:14:46,71
RBTR00001,Reboot Shortcut,14355,05/24/2021, 21:12:26,71
RBTR00001,Reboot Shortcut,14355,05/24/2021, 22:14:24,71
RBTR00001,Reboot Shortcut,14355,05/24/2021, 23:12:52,71
RBTR00001,Reboot Shortcut,14356,05/25/2021, 00:43:43,71
RBTR00001,Reboot Shortcut,14356,05/25/2021, 02:24:32,71
RBTR00001,Reboot Shortcut,14356,05/25/2021, 03:42:21,71
RBTR00001,Reboot Shortcut,14356,05/25/2021, 04:34:53,71
RBTR00001,Reboot Shortcut,14356,05/25/2021, 05:36:27,71
RBTR00001,Reboot Shortcut,14357,05/25/2021, 06:26:09,71
RBTR00001,Reboot Shortcut,14357,05/25/2021, 07:28:29,71
RBTR00001,Reboot Shortcut,14357,05/25/2021, 08:21:36,71
RBTR00001,Reboot Shortcut,14357,05/25/2021, 09:23:41,71
RBTR00001,Reboot Shortcut,14358,05/25/2021, 10:25:55,71
RBTR00001,Reboot Shortcut,14358,05/25/2021, 11:19:54,71
RBTR00001,Reboot Shortcut,14358,05/25/2021, 12:21:28,71
RBTR00001,Reboot Shortcut,14358,05/25/2021, 13:35:49,71
RBTR00001,Reboot Shortcut,14359,05/25/2021, 14:24:58,71
RBTR00001,Reboot Shortcut,14359,05/25/2021, 15:14:26,71
RBTR00001,Reboot Shortcut,14359,05/25/2021, 16:36:03,71
RBTR00001,Reboot Shortcut,14359,05/25/2021, 18:02:07,71
RBTR00001,Reboot Shortcut,14359,05/25/2021, 19:32:22,71
RBTR00001,Reboot Shortcut,14359,05/25/2021, 20:16:10,71
RBTR00001,Reboot Shortcut,14360,05/25/2021, 21:11:52,71
RBTR00001,Reboot Shortcut,14360,05/25/2021, 22:15:16,71
RBTR00001,Reboot Shortcut,14360,05/25/2021, 23:18:40,71
RBTR00001,Reboot Shortcut,14360,05/26/2021, 00:52:52,71
RBTR00001,Reboot Shortcut,14360,05/26/2021, 02:51:14,71
RBTR00001,Reboot Shortcut,14360,05/26/2021, 04:09:05,71
RBTR00001,Reboot Shortcut,14360,05/26/2021, 05:44:40,71
RBTR00001,Reboot Shortcut,14361,05/26/2021, 06:34:13,71
RBTR00001,Reboot Shortcut,14361,05/26/2021, 07:39:12,71
RBTR00001,Reboot Shortcut,14361,05/26/2021, 08:27:46,71
RBTR00001,Reboot Shortcut,14361,05/26/2021, 09:24:24,71
RBTR00001,Reboot Shortcut,14361,05/26/2021, 10:26:01,71
RBTR00001,Reboot Shortcut,14361,05/26/2021, 11:23:15,71
RBTR00001,Reboot Shortcut,14361,05/26/2021, 12:23:51,71
RBTR00001,Reboot Shortcut,14361,05/26/2021, 13:42:25,71
RBTR00001,Reboot Shortcut,14361,05/26/2021, 14:31:56,71
RBTR00001,Reboot Shortcut,14361,05/26/2021, 15:17:11,71
RBTR00001,Reboot Shortcut,14361,05/26/2021, 16:41:17,71
RBTR00001,Reboot Shortcut,14362,05/26/2021, 18:16:57,71
RBTR00001,Reboot Shortcut,14364,05/26/2021, 19:48:09,71
RBTR00001,Reboot Shortcut,14364,05/26/2021, 20:28:07,71
RBTR00001,Reboot Shortcut,14365,05/26/2021, 21:18:05,71
RBTR00001,Reboot Shortcut,14365,05/26/2021, 22:18:54,71
RBTR00001,Reboot Shortcut,14365,05/26/2021, 23:20:44,71
RBTR00001,Reboot Shortcut,14365,05/27/2021, 00:55:57,71
RBTR00001,Reboot Shortcut,14365,05/27/2021, 03:12:12,71
RBTR00001,Reboot Shortcut,14365,05/27/2021, 04:57:18,71
RBTR00001,Reboot Shortcut,14365,05/27/2021, 05:58:54,71
RBTR00001,Reboot Shortcut,14365,05/27/2021, 06:57:29,71
RBTR00001,Reboot Shortcut,14365,05/27/2021, 07:56:13,71
RBTR00001,Reboot Shortcut,14365,05/27/2021, 08:44:03,71
RBTR00001,Reboot Shortcut,14365,05/27/2021, 09:37:41,71
RBTR00001,Reboot Shortcut,14365,05/27/2021, 10:34:29,71
RBTR00001,Reboot Shortcut,14365,05/27/2021, 11:31:58,71
RBTR00001,Reboot Shortcut,14365,05/27/2021, 12:36:29,71
RBTR00001,Reboot Shortcut,14365,05/27/2021, 13:47:46,71
RBTR00001,Reboot Shortcut,14365,05/27/2021, 14:33:34,71
RBTR00001,Reboot Shortcut,14365,05/27/2021, 15:28:51,71
RBTR00001,Reboot Shortcut,14366,05/27/2021, 16:52:49,71
RBTR00001,Reboot Shortcut,14366,05/27/2021, 18:28:35,71
RBTR00001,Reboot Shortcut,14367,05/27/2021, 19:51:54,71
RBTR00001,Reboot Shortcut,14367,05/27/2021, 20:24:28,71
RBTR00001,Reboot Shortcut,14367,05/27/2021, 21:17:42,71
RBTR00001,Reboot Shortcut,14367,05/27/2021, 22:20:49,71
RBTR00001,Reboot Shortcut,14367,05/27/2021, 23:23:33,71
RBTR00001,Reboot Shortcut,14367,05/28/2021, 01:02:16,71
RBTR00001,Reboot Shortcut,14367,05/28/2021, 04:05:59,71
RBTR00001,Reboot Shortcut,14367,05/28/2021, 06:15:57,71
RBTR00001,Reboot Shortcut,14367,05/28/2021, 07:53:14,71
RBTR00001,Reboot Shortcut,14367,05/28/2021, 08:43:01,71
RBTR00001,Reboot Shortcut,14367,05/28/2021, 09:36:35,71
RBTR00001,Reboot Shortcut,14367,05/28/2021, 10:40:34,71
RBTR00001,Reboot Shortcut,14367,05/28/2021, 11:40:02,71
RBTR00001,Reboot Shortcut,14367,05/28/2021, 12:40:30,71
RBTR00001,Reboot Shortcut,14367,05/28/2021, 13:56:24,71
RBTR00001,Reboot Shortcut,14367,05/28/2021, 14:35:03,71
RBTR00001,Reboot Shortcut,14367,05/28/2021, 15:20:10,71
RBTR00001,Reboot Shortcut,14367,05/28/2021, 16:51:15,71
RBTR00001,Reboot Shortcut,14368,05/28/2021, 18:43:21,71
RBTR00001,Reboot Shortcut,14368,05/28/2021, 20:07:45,71
RBTR00001,Reboot Shortcut,14368,05/28/2021, 21:21:32,71
RBTR00001,Reboot Shortcut,14368,05/28/2021, 22:23:54,71
RBTR00001,Reboot Shortcut,14369,05/28/2021, 23:28:01,71
RBTR00001,Reboot Shortcut,14369,05/29/2021, 01:14:11,71
RBTR00001,Reboot Shortcut,14369,05/29/2021, 04:36:25,71
RBTR00001,Reboot Shortcut,14369,05/29/2021, 06:44:47,71
RBTR00001,Reboot Shortcut,14369,05/29/2021, 08:19:45,71
RBTR00001,Reboot Shortcut,14369,05/29/2021, 09:47:25,71
RBTR00001,Reboot Shortcut,14370,05/29/2021, 10:43:13,71
RBTR00001,Reboot Shortcut,14371,05/29/2021, 11:39:18,71
RBTR00001,Reboot Shortcut,14371,05/29/2021, 12:39:19,71
RBTR00001,Reboot Shortcut,14371,05/29/2021, 14:06:55,71
RBTR00001,Reboot Shortcut,14372,05/29/2021, 15:21:41,71
RBTR00001,Reboot Shortcut,14372,05/29/2021, 16:56:14,71
RBTR00001,Reboot Shortcut,14372,05/29/2021, 18:49:12,71
RBTR00001,Reboot Shortcut,14372,05/29/2021, 20:13:29,71
RBTR00001,Reboot Shortcut,14373,05/29/2021, 21:25:58,71
RBTR00001,Reboot Shortcut,14374,05/29/2021, 22:26:08,71
RBTR00001,Reboot Shortcut,14374,05/29/2021, 23:28:26,71
RBTR00001,Reboot Shortcut,14374,05/30/2021, 01:22:21,71
RBTR00001,Reboot Shortcut,14376,05/30/2021, 04:40:08,71
RBTR00001,Reboot Shortcut,14376,05/30/2021, 06:38:38,71
RBTR00001,Reboot Shortcut,14376,05/30/2021, 08:06:21,71
RBTR00001,Reboot Shortcut,14376,05/30/2021, 09:39:07,71
RBTR00001,Reboot Shortcut,14377,05/30/2021, 10:41:55,71
RBTR00001,Reboot Shortcut,14377,05/30/2021, 11:40:50,71
RBTR00001,Reboot Shortcut,14377,05/30/2021, 12:40:37,71
RBTR00001,Reboot Shortcut,14377,05/30/2021, 14:05:48,71
RBTR00001,Reboot Shortcut,14377,05/30/2021, 15:21:55,71
RBTR00001,Reboot Shortcut,14377,05/30/2021, 16:55:26,71
RBTR00001,Reboot Shortcut,14377,05/30/2021, 18:44:44,71
RBTR00001,Reboot Shortcut,14377,05/30/2021, 20:11:59,71
RBTR00001,Reboot Shortcut,14377,05/30/2021, 21:28:04,71
RBTR00001,Reboot Shortcut,14377,05/30/2021, 22:28:22,71
RBTR00001,Reboot Shortcut,14378,05/30/2021, 23:32:20,71
RBTR00001,Reboot Shortcut,14379,05/31/2021, 01:35:32,71
RBTR00001,Reboot Shortcut,14380,05/31/2021, 04:47:57,71
RBTR00001,Reboot Shortcut,14380,05/31/2021, 06:47:12,71
RBTR00001,Reboot Shortcut,14380,05/31/2021, 08:31:55,71
RBTR00001,Reboot Shortcut,14380,05/31/2021, 09:56:57,71
RBTR00001,Reboot Shortcut,14380,05/31/2021, 10:55:53,71
RBTR00001,Reboot Shortcut,14380,05/31/2021, 11:56:50,71
RBTR00001,Reboot Shortcut,14380,05/31/2021, 12:55:42,71
RBTR00001,Reboot Shortcut,14380,05/31/2021, 14:08:52,71
RBTR00001,Reboot Shortcut,14380,05/31/2021, 15:29:10,71
RBTR00001,Reboot Shortcut,14380,05/31/2021, 17:13:16,71
RBTR00001,Reboot Shortcut,14382,05/31/2021, 19:37:20,71
RBTR00001,Reboot Shortcut,14382,05/31/2021, 21:06:51,71
RBTR00001,Reboot Shortcut,14383,05/31/2021, 22:38:50,71
RBTR00001,Reboot Shortcut,14385,05/31/2021, 23:40:42,71
RBTR00001,Reboot Shortcut,14385,06/01/2021, 01:52:29,71
RBTR00001,Reboot Shortcut,14386,06/01/2021, 05:21:42,71
RBTR00001,Reboot Shortcut,14387,06/01/2021, 07:43:36,71
RBTR00001,Reboot Shortcut,14387,06/01/2021, 09:15:32,71
RBTR00001,Reboot Shortcut,14387,06/01/2021, 10:54:55,71
RBTR00001,Reboot Shortcut,14387,06/01/2021, 11:52:11,71
RBTR00001,Reboot Shortcut,14387,06/01/2021, 12:56:26,71
RBTR00001,Reboot Shortcut,14388,06/01/2021, 14:25:14,71
RBTR00001,Reboot Shortcut,14388,06/01/2021, 15:43:48,71
RBTR00001,Reboot Shortcut,14388,06/01/2021, 17:36:56,71
RBTR00001,Reboot Shortcut,14388,06/01/2021, 20:23:25,71
RBTR00001,Reboot Shortcut,14389,06/01/2021, 22:11:11,71
RBTR00001,Reboot Shortcut,14389,06/01/2021, 23:45:12,71
RBTR00001,Reboot Shortcut,14390,06/02/2021, 02:00:15,71
RBTR00001,Reboot Shortcut,14390,06/02/2021, 05:24:22,71
RBTR00001,Reboot Shortcut,14390,06/02/2021, 07:46:55,71
RBTR00001,Reboot Shortcut,14390,06/02/2021, 09:49:56,71
RBTR00001,Reboot Shortcut,14390,06/02/2021, 11:19:09,71
RBTR00001,Reboot Shortcut,14390,06/02/2021, 12:56:59,71
RBTR00001,Reboot Shortcut,14390,06/02/2021, 14:40:29,71
RBTR00001,Reboot Shortcut,14390,06/02/2021, 15:56:56,71
RBTR00001,Reboot Shortcut,14391,06/02/2021, 17:53:24,71
RBTR00001,Reboot Shortcut,14391,06/02/2021, 20:21:21,71
RBTR00001,Reboot Shortcut,14391,06/02/2021, 22:09:46,71
RBTR00001,Reboot Shortcut,14391,06/02/2021, 23:43:08,71
RBTR00001,Reboot Shortcut,14391,06/03/2021, 01:39:27,71
RBTR00001,Reboot Shortcut,14391,06/03/2021, 04:48:19,71
RBTR00001,Reboot Shortcut,14391,06/03/2021, 06:46:43,71
RBTR00001,Reboot Shortcut,14391,06/03/2021, 08:24:35,71
RBTR00001,Reboot Shortcut,14391,06/03/2021, 09:55:46,71
RBTR00001,Reboot Shortcut,14392,06/03/2021, 10:52:29,71
RBTR00001,Reboot Shortcut,14392,06/03/2021, 11:53:37,71
RBTR00001,Reboot Shortcut,14392,06/03/2021, 12:40:52,71
RBTR00001,Reboot Shortcut,14393,06/03/2021, 14:03:39,71
RBTR00001,Reboot Shortcut,14394,06/03/2021, 15:28:30,71
RBTR00001,Reboot Shortcut,14394,06/03/2021, 17:19:52,71
RBTR00001,Reboot Shortcut,14394,06/03/2021, 19:45:27,71
RBTR00001,Reboot Shortcut,14394,06/03/2021, 21:11:19,71
RBTR00001,Reboot Shortcut,14394,06/03/2021, 22:45:28,71
RBTR00001,Reboot Shortcut,14394,06/03/2021, 23:49:14,71
RBTR00001,Reboot Shortcut,14394,06/04/2021, 01:24:36,71
RBTR00001,Reboot Shortcut,14395,06/04/2021, 04:06:49,71
RBTR00001,Reboot Shortcut,14395,06/04/2021, 06:47:36,71
RBTR00001,Reboot Shortcut,14395,06/04/2021, 08:49:07,71
RBTR00001,Reboot Shortcut,14395,06/04/2021, 10:17:58,71
RBTR00001,Reboot Shortcut,14395,06/04/2021, 12:05:46,71
RBTR00001,Reboot Shortcut,14395,06/04/2021, 14:19:19,71
RBTR00001,Reboot Shortcut,14395,06/04/2021, 15:41:27,71
RBTR00001,Reboot Shortcut,14395,06/04/2021, 17:21:13,71
RBTR00001,Reboot Shortcut,14395,06/04/2021, 19:33:41,71
RBTR00001,Reboot Shortcut,14396,06/04/2021, 21:03:13,71
RBTR00001,Reboot Shortcut,14396,06/04/2021, 22:36:05,71
RBTR00001,Reboot Shortcut,14396,06/04/2021, 23:37:28,71
RBTR00001,Reboot Shortcut,14396,06/05/2021, 01:05:25,71
RBTR00001,Reboot Shortcut,14396,06/05/2021, 03:35:01,71
RBTR00001,Reboot Shortcut,14396,06/05/2021, 05:11:33,71
RBTR00001,Reboot Shortcut,14396,06/05/2021, 06:47:51,71
RBTR00001,Reboot Shortcut,14396,06/05/2021, 07:49:52,71
RBTR00001,Reboot Shortcut,14396,06/05/2021, 08:39:30,71
RBTR00001,Reboot Shortcut,14396,06/05/2021, 09:37:29,71
RBTR00001,Reboot Shortcut,14396,06/05/2021, 10:42:24,71
RBTR00001,Reboot Shortcut,14396,06/05/2021, 11:40:55,71
RBTR00001,Reboot Shortcut,14397,06/05/2021, 12:40:31,71
RBTR00001,Reboot Shortcut,14397,06/05/2021, 14:01:01,71
RBTR00001,Reboot Shortcut,14397,06/05/2021, 15:19:47,71
RBTR00001,Reboot Shortcut,14397,06/05/2021, 16:48:23,71
RBTR00001,Reboot Shortcut,14398,06/05/2021, 18:20:03,71
RBTR00001,Reboot Shortcut,14398,06/05/2021, 19:52:52,71
RBTR00001,Reboot Shortcut,14398,06/05/2021, 20:24:40,71
RBTR00001,Reboot Shortcut,14398,06/05/2021, 21:18:44,71
RBTR00001,Reboot Shortcut,14399,06/05/2021, 22:21:44,71
RBTR00001,Reboot Shortcut,14399,06/05/2021, 23:24:23,71
RBTR00001,Reboot Shortcut,14399,06/06/2021, 00:57:37,71
RBTR00001,Reboot Shortcut,14400,06/06/2021, 03:04:04,71
RBTR00001,Reboot Shortcut,14400,06/06/2021, 05:04:54,71
RBTR00001,Reboot Shortcut,14403,06/06/2021, 06:41:26,71
RBTR00001,Reboot Shortcut,14404,06/06/2021, 07:52:34,71
RBTR00001,Reboot Shortcut,14405,06/06/2021, 08:42:58,71
RBTR00001,Reboot Shortcut,14405,06/06/2021, 09:38:17,71
RBTR00001,Reboot Shortcut,14405,06/06/2021, 10:41:00,71
RBTR00001,Reboot Shortcut,14405,06/06/2021, 11:40:19,71
RBTR00001,Reboot Shortcut,14405,06/06/2021, 12:40:43,71
RBTR00001,Reboot Shortcut,14405,06/06/2021, 14:03:17,71
RBTR00001,Reboot Shortcut,14406,06/06/2021, 15:20:02,71
RBTR00001,Reboot Shortcut,14406,06/06/2021, 16:44:38,71
RBTR00001,Reboot Shortcut,14406,06/06/2021, 18:17:24,71
RBTR00001,Reboot Shortcut,14406,06/06/2021, 19:54:41,71
RBTR00001,Reboot Shortcut,14406,06/06/2021, 20:27:16,71
RBTR00001,Reboot Shortcut,14406,06/06/2021, 21:19:33,71
RBTR00001,Reboot Shortcut,14406,06/06/2021, 22:21:11,71
RBTR00001,Reboot Shortcut,14406,06/06/2021, 23:23:59,71
RBTR00001,Reboot Shortcut,14406,06/07/2021, 00:58:47,71
RBTR00001,Reboot Shortcut,14406,06/07/2021, 03:17:57,71
RBTR00001,Reboot Shortcut,14406,06/07/2021, 05:30:51,71
RBTR00001,Reboot Shortcut,14407,06/07/2021, 07:29:10,71
RBTR00001,Reboot Shortcut,14407,06/07/2021, 09:19:49,71
RBTR00001,Reboot Shortcut,14407,06/07/2021, 10:59:24,71
RBTR00001,Reboot Shortcut,14407,06/07/2021, 11:56:35,71
RBTR00001,Reboot Shortcut,14408,06/07/2021, 13:03:02,71
RBTR00001,Reboot Shortcut,14408,06/07/2021, 14:31:06,71
RBTR00001,Reboot Shortcut,14408,06/07/2021, 15:39:49,71
RBTR00001,Reboot Shortcut,14408,06/07/2021, 17:13:00,71
RBTR00001,Reboot Shortcut,14408,06/07/2021, 19:42:42,71
RBTR00001,Reboot Shortcut,14409,06/07/2021, 21:10:52,71
RBTR00001,Reboot Shortcut,14410,06/07/2021, 22:37:04,71
RBTR00001,Reboot Shortcut,14410,06/07/2021, 23:33:17,71
RBTR00001,Reboot Shortcut,14410,06/08/2021, 00:57:32,71
RBTR00001,Reboot Shortcut,14411,06/08/2021, 02:51:42,71
RBTR00001,Reboot Shortcut,14411,06/08/2021, 04:00:06,71
RBTR00001,Reboot Shortcut,14411,06/08/2021, 05:07:26,71
RBTR00001,Reboot Shortcut,14411,06/08/2021, 06:27:02,71
RBTR00001,Reboot Shortcut,14411,06/08/2021, 07:26:45,71
RBTR00001,Reboot Shortcut,14411,06/08/2021, 08:17:22,71
RBTR00001,Reboot Shortcut,14411,06/08/2021, 09:19:54,71
RBTR00001,Reboot Shortcut,14411,06/08/2021, 11:14:24,71
RBTR00001,Reboot Shortcut,14411,06/08/2021, 12:21:55,71
RBTR00001,Reboot Shortcut,14411,06/08/2021, 13:30:28,71
RBTR00001,Reboot Shortcut,14411,06/08/2021, 14:17:41,71
RBTR00001,Reboot Shortcut,14412,06/08/2021, 15:16:36,71
RBTR00001,Reboot Shortcut,14412,06/08/2021, 16:31:55,71
RBTR00001,Reboot Shortcut,14413,06/08/2021, 17:51:09,71
RBTR00001,Reboot Shortcut,14413,06/08/2021, 18:38:07,71
RBTR00001,Reboot Shortcut,14413,06/08/2021, 19:35:11,71
RBTR00001,Reboot Shortcut,14413,06/08/2021, 20:17:39,71
RBTR00001,Reboot Shortcut,14413,06/08/2021, 21:11:07,71
RBTR00001,Reboot Shortcut,14413,06/08/2021, 22:12:00,71
RBTR00001,Reboot Shortcut,14414,06/08/2021, 23:12:24,71
RBTR00001,Reboot Shortcut,14414,06/09/2021, 00:39:37,71
RBTR00001,Reboot Shortcut,14414,06/09/2021, 02:17:55,71
RBTR00001,Reboot Shortcut,14414,06/09/2021, 03:36:06,71
RBTR00001,Reboot Shortcut,14414,06/09/2021, 04:33:36,71
RBTR00001,Reboot Shortcut,14414,06/09/2021, 05:35:32,71
RBTR00001,Reboot Shortcut,14414,06/09/2021, 06:22:53,71
RBTR00001,Reboot Shortcut,14414,06/09/2021, 07:24:03,71
RBTR00001,Reboot Shortcut,14414,06/09/2021, 08:12:46,71
RBTR00001,Reboot Shortcut,14415,06/09/2021, 09:15:52,71
RBTR00001,Reboot Shortcut,14416,06/09/2021, 10:13:06,71
RBTR00001,Reboot Shortcut,14416,06/09/2021, 11:11:01,71
RBTR00001,Reboot Shortcut,14416,06/09/2021, 12:17:13,71
RBTR00001,Reboot Shortcut,14416,06/09/2021, 13:27:47,71
RBTR00001,Reboot Shortcut,14416,06/09/2021, 14:18:58,71
RBTR00001,Reboot Shortcut,14416,06/09/2021, 15:14:49,71
RBTR00001,Reboot Shortcut,14417,06/09/2021, 16:29:49,71
RBTR00001,Reboot Shortcut,14417,06/09/2021, 17:40:38,71
RBTR00001,Reboot Shortcut,14417,06/09/2021, 18:30:54,71
RBTR00001,Reboot Shortcut,14417,06/09/2021, 19:24:28,71
RBTR00001,Reboot Shortcut,14417,06/09/2021, 20:10:54,71
RBTR00001,Reboot Shortcut,14417,06/09/2021, 21:10:23,71
RBTR00001,Reboot Shortcut,14417,06/09/2021, 22:11:52,71
RBTR00001,Reboot Shortcut,14417,06/09/2021, 23:12:17,71
RBTR00001,Reboot Shortcut,14417,06/10/2021, 00:37:54,71
RBTR00001,Reboot Shortcut,14417,06/10/2021, 02:14:18,71
RBTR00001,Reboot Shortcut,14417,06/10/2021, 03:29:18,71
RBTR00001,Reboot Shortcut,14417,06/10/2021, 04:28:10,71
RBTR00001,Reboot Shortcut,14417,06/10/2021, 05:30:17,71
RBTR00001,Reboot Shortcut,14417,06/10/2021, 06:18:39,71
RBTR00001,Reboot Shortcut,14417,06/10/2021, 07:20:44,71
RBTR00001,Reboot Shortcut,14418,06/10/2021, 08:17:50,71
RBTR00001,Reboot Shortcut,14418,06/10/2021, 09:16:07,71
RBTR00001,Reboot Shortcut,14418,06/10/2021, 10:17:50,71
RBTR00001,Reboot Shortcut,14418,06/10/2021, 11:10:23,71
RBTR00001,Reboot Shortcut,14418,06/10/2021, 12:21:44,71
RBTR00001,Reboot Shortcut,14418,06/10/2021, 13:29:50,71
RBTR00001,Reboot Shortcut,14418,06/10/2021, 14:14:03,71
RBTR00001,Reboot Shortcut,14418,06/10/2021, 15:17:49,71
RBTR00001,Reboot Shortcut,14418,06/10/2021, 16:25:20,71
RBTR00001,Reboot Shortcut,14418,06/10/2021, 17:41:28,71
RBTR00001,Reboot Shortcut,14418,06/10/2021, 18:29:28,71
RBTR00001,Reboot Shortcut,14418,06/10/2021, 19:21:40,71
RBTR00001,Reboot Shortcut,14418,06/10/2021, 20:11:08,71
RBTR00001,Reboot Shortcut,14418,06/10/2021, 21:10:37,71
RBTR00001,Reboot Shortcut,14419,06/10/2021, 22:11:15,71
RBTR00001,Reboot Shortcut,14419,06/10/2021, 23:11:19,71
RBTR00001,Reboot Shortcut,14419,06/11/2021, 00:35:35,71
RBTR00001,Reboot Shortcut,14419,06/11/2021, 02:02:37,71
RBTR00001,Reboot Shortcut,14419,06/11/2021, 03:19:53,71
RBTR00001,Reboot Shortcut,14419,06/11/2021, 04:15:27,71
RBTR00001,Reboot Shortcut,14419,06/11/2021, 05:17:23,71
RBTR00001,Reboot Shortcut,14419,06/11/2021, 06:13:20,71
RBTR00001,Reboot Shortcut,14419,06/11/2021, 07:14:30,71
RBTR00001,Reboot Shortcut,14419,06/11/2021, 08:14:22,71
RBTR00001,Reboot Shortcut,14419,06/11/2021, 09:15:48,71
RBTR00001,Reboot Shortcut,14419,06/11/2021, 10:13:23,71
RBTR00001,Reboot Shortcut,14419,06/11/2021, 11:09:30,71
RBTR00001,Reboot Shortcut,14419,06/11/2021, 12:15:22,71
RBTR00001,Reboot Shortcut,14419,06/11/2021, 13:22:46,71
RBTR00001,Reboot Shortcut,14420,06/11/2021, 14:11:05,71
RBTR00001,Reboot Shortcut,14420,06/11/2021, 15:16:51,71
RBTR00001,Reboot Shortcut,14420,06/11/2021, 16:20:44,71
RBTR00001,Reboot Shortcut,14420,06/11/2021, 17:28:27,71
RBTR00001,Reboot Shortcut,14420,06/11/2021, 18:15:03,71
RBTR00001,Reboot Shortcut,14420,06/11/2021, 19:10:25,71
RBTR00001,Reboot Shortcut,14420,06/11/2021, 20:10:42,71
RBTR00001,Reboot Shortcut,14420,06/11/2021, 21:09:52,71
RBTR00001,Reboot Shortcut,14420,06/11/2021, 22:11:34,71
RBTR00001,Reboot Shortcut,14420,06/11/2021, 23:11:21,71
RBTR00001,Reboot Shortcut,14420,06/12/2021, 00:31:00,71
RBTR00001,Reboot Shortcut,14420,06/12/2021, 01:52:23,71
RBTR00001,Reboot Shortcut,14420,06/12/2021, 02:29:41,71
RBTR00001,Reboot Shortcut,14420,06/12/2021, 03:13:40,71
RBTR00001,Reboot Shortcut,14420,06/12/2021, 04:13:24,71
RBTR00001,Reboot Shortcut,14420,06/12/2021, 05:13:57,71
RBTR00001,Reboot Shortcut,14420,06/12/2021, 06:12:51,71
RBTR00001,Reboot Shortcut,14420,06/12/2021, 07:13:12,71
RBTR00001,Reboot Shortcut,14420,06/12/2021, 08:11:35,71
RBTR00001,Reboot Shortcut,14420,06/12/2021, 09:10:34,71
RBTR00001,Reboot Shortcut,14420,06/12/2021, 10:11:49,71
RBTR00001,Reboot Shortcut,14420,06/12/2021, 11:09:34,71
RBTR00001,Reboot Shortcut,14421,06/12/2021, 12:15:04,71
RBTR00001,Reboot Shortcut,14421,06/12/2021, 13:21:23,71
RBTR00001,Reboot Shortcut,14421,06/12/2021, 14:09:50,71
RBTR00001,Reboot Shortcut,14421,06/12/2021, 15:11:55,71
RBTR00001,Reboot Shortcut,14422,06/12/2021, 16:18:46,71
RBTR00001,Reboot Shortcut,14422,06/12/2021, 17:25:30,71
RBTR00001,Reboot Shortcut,14422,06/12/2021, 18:12:25,71
RBTR00001,Reboot Shortcut,14422,06/12/2021, 19:11:50,71
RBTR00001,Reboot Shortcut,14422,06/12/2021, 20:11:21,71
RBTR00001,Reboot Shortcut,14422,06/12/2021, 21:09:53,71
RBTR00001,Reboot Shortcut,14422,06/12/2021, 22:10:42,71
RBTR00001,Reboot Shortcut,14422,06/12/2021, 23:10:48,71
RBTR00001,Reboot Shortcut,14423,06/13/2021, 00:37:05,71
RBTR00001,Reboot Shortcut,14423,06/13/2021, 01:59:52,71
RBTR00001,Reboot Shortcut,14423,06/13/2021, 02:41:31,71
RBTR00001,Reboot Shortcut,14423,06/13/2021, 03:14:24,71
RBTR00001,Reboot Shortcut,14423,06/13/2021, 04:13:26,71
RBTR00001,Reboot Shortcut,14423,06/13/2021, 05:14:05,71
RBTR00001,Reboot Shortcut,14423,06/13/2021, 06:13:06,71
RBTR00001,Reboot Shortcut,14423,06/13/2021, 07:13:29,71
RBTR00001,Reboot Shortcut,14423,06/13/2021, 08:11:38,71
RBTR00001,Reboot Shortcut,14423,06/13/2021, 09:10:53,71
RBTR00001,Reboot Shortcut,14423,06/13/2021, 10:12:08,71
RBTR00001,Reboot Shortcut,14423,06/13/2021, 11:09:22,71
RBTR00001,Reboot Shortcut,14423,06/13/2021, 12:15:32,71
RBTR00001,Reboot Shortcut,14423,06/13/2021, 13:22:31,71
RBTR00001,Reboot Shortcut,14423,06/13/2021, 14:09:50,71
RBTR00001,Reboot Shortcut,14423,06/13/2021, 15:11:43,71
RBTR00001,Reboot Shortcut,14423,06/13/2021, 16:18:52,71
RBTR00001,Reboot Shortcut,14423,06/13/2021, 17:25:28,71
RBTR00001,Reboot Shortcut,14423,06/13/2021, 18:12:19,71
RBTR00001,Reboot Shortcut,14423,06/13/2021, 19:11:26,71
RBTR00001,Reboot Shortcut,14423,06/13/2021, 20:10:38,71
RBTR00001,Reboot Shortcut,14424,06/13/2021, 21:10:04,71
RBTR00001,Reboot Shortcut,14425,06/13/2021, 22:10:51,71
RBTR00001,Reboot Shortcut,14425,06/13/2021, 23:11:07,71
RBTR00001,Reboot Shortcut,14427,06/14/2021, 00:33:24,71
RBTR00001,Reboot Shortcut,14427,06/14/2021, 01:59:09,71
RBTR00001,Reboot Shortcut,14427,06/14/2021, 02:41:43,71
RBTR00001,Reboot Shortcut,14427,06/14/2021, 03:15:13,71
RBTR00001,Reboot Shortcut,14427,06/14/2021, 04:14:19,71
RBTR00001,Reboot Shortcut,14427,06/14/2021, 05:15:15,71
RBTR00001,Reboot Shortcut,14427,06/14/2021, 06:13:34,71
RBTR00001,Reboot Shortcut,14427,06/14/2021, 07:15:54,71
RBTR00001,Reboot Shortcut,14427,06/14/2021, 08:17:03,71
RBTR00001,Reboot Shortcut,14427,06/14/2021, 09:15:52,71
RBTR00001,Reboot Shortcut,14427,06/14/2021, 10:16:53,71
RBTR00001,Reboot Shortcut,14427,06/14/2021, 11:09:42,71
RBTR00001,Reboot Shortcut,14427,06/14/2021, 12:16:05,71
RBTR00001,Reboot Shortcut,14427,06/14/2021, 13:27:53,71
RBTR00001,Reboot Shortcut,14428,06/14/2021, 14:14:58,71
RBTR00001,Reboot Shortcut,14428,06/14/2021, 15:16:52,71
RBTR00001,Reboot Shortcut,14428,06/14/2021, 16:19:57,71
RBTR00001,Reboot Shortcut,14428,06/14/2021, 17:26:47,71
RBTR00001,Reboot Shortcut,14428,06/14/2021, 18:13:23,71
RBTR00001,Reboot Shortcut,14428,06/14/2021, 19:10:26,71
RBTR00001,Reboot Shortcut,14428,06/14/2021, 20:11:03,71
RBTR00001,Reboot Shortcut,14428,06/14/2021, 21:10:13,71
RBTR00001,Reboot Shortcut,14428,06/14/2021, 22:12:13,71
RBTR00001,Reboot Shortcut,14428,06/14/2021, 23:11:27,71
RBTR00001,Reboot Shortcut,14429,06/15/2021, 00:35:00,71
RBTR00001,Reboot Shortcut,14429,06/15/2021, 02:06:40,71
RBTR00001,Reboot Shortcut,14429,06/15/2021, 03:16:25,71
RBTR00001,Reboot Shortcut,14429,06/15/2021, 04:14:23,71
RBTR00001,Reboot Shortcut,14429,06/15/2021, 05:15:04,71
RBTR00001,Reboot Shortcut,14429,06/15/2021, 06:13:25,71
RBTR00001,Reboot Shortcut,14429,06/15/2021, 07:19:34,71
RBTR00001,Reboot Shortcut,14429,06/15/2021, 08:17:00,71
RBTR00001,Reboot Shortcut,14429,06/15/2021, 09:18:02,71
RBTR00001,Reboot Shortcut,14429,06/15/2021, 10:16:15,71
RBTR00001,Reboot Shortcut,14429,06/15/2021, 11:09:34,71
RBTR00001,Reboot Shortcut,14429,06/15/2021, 12:20:50,71
RBTR00001,Reboot Shortcut,14429,06/15/2021, 13:23:16,71
RBTR00001,Reboot Shortcut,14429,06/15/2021, 14:10:18,71
RBTR00001,Reboot Shortcut,14429,06/15/2021, 15:15:08,71
RBTR00001,Reboot Shortcut,14429,06/15/2021, 16:20:57,71
RBTR00001,Reboot Shortcut,14429,06/15/2021, 17:30:37,71
RBTR00001,Reboot Shortcut,14429,06/15/2021, 18:15:49,71
RBTR00001,Reboot Shortcut,14429,06/15/2021, 19:11:47,71
RBTR00001,Reboot Shortcut,14429,06/15/2021, 20:11:07,71
RBTR00001,Reboot Shortcut,14429,06/15/2021, 21:10:01,71
RBTR00001,Reboot Shortcut,14429,06/15/2021, 22:11:16,71
RBTR00001,Reboot Shortcut,14429,06/15/2021, 23:11:14,71
RBTR00001,Reboot Shortcut,14429,06/16/2021, 00:35:44,71
RBTR00001,Reboot Shortcut,14429,06/16/2021, 02:00:27,71
RBTR00001,Reboot Shortcut,14430,06/16/2021, 02:42:43,71
RBTR00001,Reboot Shortcut,14430,06/16/2021, 03:14:51,71
RBTR00001,Reboot Shortcut,14430,06/16/2021, 04:14:03,71
RBTR00001,Reboot Shortcut,14430,06/16/2021, 05:15:07,71
RBTR00001,Reboot Shortcut,14430,06/16/2021, 06:13:34,71
RBTR00001,Reboot Shortcut,14430,06/16/2021, 07:15:18,71
RBTR00001,Reboot Shortcut,14431,06/16/2021, 08:12:12,71
RBTR00001,Reboot Shortcut,14431,06/16/2021, 09:11:14,71
RBTR00001,Reboot Shortcut,14431,06/16/2021, 10:12:29,71
RBTR00001,Reboot Shortcut,14431,06/16/2021, 11:09:40,71
RBTR00001,Reboot Shortcut,14432,06/16/2021, 12:16:31,71
RBTR00001,Reboot Shortcut,14432,06/16/2021, 13:24:08,71
RBTR00001,Reboot Shortcut,14432,06/16/2021, 14:12:34,71
RBTR00001,Reboot Shortcut,14432,06/16/2021, 15:16:16,71
RBTR00001,Reboot Shortcut,14433,06/16/2021, 16:20:02,71
RBTR00001,Reboot Shortcut,14433,06/16/2021, 17:28:48,71
RBTR00001,Reboot Shortcut,14433,06/16/2021, 18:14:45,71
RBTR00001,Reboot Shortcut,14433,06/16/2021, 19:11:56,71
RBTR00001,Reboot Shortcut,14433,06/16/2021, 20:11:14,71
RBTR00001,Reboot Shortcut,14433,06/16/2021, 21:10:07,71
RBTR00001,Reboot Shortcut,14433,06/16/2021, 22:11:01,71
RBTR00001,Reboot Shortcut,14434,06/16/2021, 23:11:23,71
RBTR00001,Reboot Shortcut,14434,06/17/2021, 00:34:02,71
RBTR00001,Reboot Shortcut,14435,06/17/2021, 01:56:44,71
RBTR00001,Reboot Shortcut,14435,06/17/2021, 02:33:31,71
RBTR00001,Reboot Shortcut,14435,06/17/2021, 03:13:43,71
RBTR00001,Reboot Shortcut,14435,06/17/2021, 04:13:48,71
RBTR00001,Reboot Shortcut,14435,06/17/2021, 05:14:49,71
RBTR00001,Reboot Shortcut,14435,06/17/2021, 06:13:51,71
RBTR00001,Reboot Shortcut,14435,06/17/2021, 07:15:49,71
RBTR00001,Reboot Shortcut,14435,06/17/2021, 08:16:56,71
RBTR00001,Reboot Shortcut,14435,06/17/2021, 09:17:07,71
RBTR00001,Reboot Shortcut,14435,06/17/2021, 10:16:50,71
RBTR00001,Reboot Shortcut,14435,06/17/2021, 11:12:02,71
RBTR00001,Reboot Shortcut,14435,06/17/2021, 12:20:55,71
RBTR00001,Reboot Shortcut,14435,06/17/2021, 13:27:54,71
RBTR00001,Reboot Shortcut,14435,06/17/2021, 14:10:34,71
RBTR00001,Reboot Shortcut,14435,06/17/2021, 15:18:04,71
RBTR00001,Reboot Shortcut,14435,06/17/2021, 16:20:45,71
RBTR00001,Reboot Shortcut,14435,06/17/2021, 17:28:50,71
RBTR00001,Reboot Shortcut,14435,06/17/2021, 18:14:47,71
RBTR00001,Reboot Shortcut,14435,06/17/2021, 19:11:39,71
RBTR00001,Reboot Shortcut,14435,06/17/2021, 20:11:28,71
RBTR00001,Reboot Shortcut,14437,06/17/2021, 21:10:12,71
RBTR00001,Reboot Shortcut,14437,06/17/2021, 22:11:29,71
RBTR00001,Reboot Shortcut,14437,06/17/2021, 23:11:39,71
RBTR00001,Reboot Shortcut,14437,06/18/2021, 00:34:32,71
RBTR00001,Reboot Shortcut,14437,06/18/2021, 02:04:07,71
RBTR00001,Reboot Shortcut,14438,06/18/2021, 03:14:42,71
RBTR00001,Reboot Shortcut,14438,06/18/2021, 04:13:47,71
RBTR00001,Reboot Shortcut,14438,06/18/2021, 05:14:21,71
RBTR00001,Reboot Shortcut,14438,06/18/2021, 06:13:31,71
RBTR00001,Reboot Shortcut,14438,06/18/2021, 07:15:00,71
RBTR00001,Reboot Shortcut,14438,06/18/2021, 08:12:47,71
RBTR00001,Reboot Shortcut,14438,06/18/2021, 09:15:50,71
RBTR00001,Reboot Shortcut,14438,06/18/2021, 10:13:27,71
RBTR00001,Reboot Shortcut,14438,06/18/2021, 11:09:36,71
RBTR00001,Reboot Shortcut,14439,06/18/2021, 12:19:32,71
RBTR00001,Reboot Shortcut,14440,06/18/2021, 13:24:15,71
RBTR00001,Reboot Shortcut,14440,06/18/2021, 14:14:55,71
RBTR00001,Reboot Shortcut,14441,06/18/2021, 15:13:59,71
RBTR00001,Reboot Shortcut,14441,06/18/2021, 16:19:16,71
RBTR00001,Reboot Shortcut,14441,06/18/2021, 17:27:19,71
RBTR00001,Reboot Shortcut,14442,06/18/2021, 18:13:05,71
RBTR00001,Reboot Shortcut,14442,06/18/2021, 19:10:17,71
RBTR00001,Reboot Shortcut,14442,06/18/2021, 20:11:20,71
RBTR00001,Reboot Shortcut,14442,06/18/2021, 21:10:31,71
RBTR00001,Reboot Shortcut,14442,06/18/2021, 22:11:04,71
RBTR00001,Reboot Shortcut,14442,06/18/2021, 23:11:27,71
RBTR00001,Reboot Shortcut,14442,06/19/2021, 00:34:28,71
RBTR00001,Reboot Shortcut,14442,06/19/2021, 02:02:27,71
RBTR00001,Reboot Shortcut,14442,06/19/2021, 03:13:37,71
RBTR00001,Reboot Shortcut,14442,06/19/2021, 04:13:34,71
RBTR00001,Reboot Shortcut,14442,06/19/2021, 05:14:01,71
RBTR00001,Reboot Shortcut,14442,06/19/2021, 06:13:17,71
RBTR00001,Reboot Shortcut,14442,06/19/2021, 07:13:54,71
RBTR00001,Reboot Shortcut,14443,06/19/2021, 08:11:46,71
RBTR00001,Reboot Shortcut,14443,06/19/2021, 09:10:43,71
RBTR00001,Reboot Shortcut,14444,06/19/2021, 10:12:03,71
RBTR00001,Reboot Shortcut,14445,06/19/2021, 11:09:28,71
RBTR00001,Reboot Shortcut,14445,06/19/2021, 12:15:17,71
RBTR00001,Reboot Shortcut,14445,06/19/2021, 13:21:33,71
RBTR00001,Reboot Shortcut,14445,06/19/2021, 14:09:46,71
RBTR00001,Reboot Shortcut,14445,06/19/2021, 15:11:36,71
RBTR00001,Reboot Shortcut,14445,06/19/2021, 16:17:39,71
RBTR00001,Reboot Shortcut,14445,06/19/2021, 17:26:41,71
RBTR00001,Reboot Shortcut,14445,06/19/2021, 18:12:09,71
RBTR00001,Reboot Shortcut,14445,06/19/2021, 19:08:31,71
RBTR00001,Reboot Shortcut,14445,06/19/2021, 20:10:59,71
RBTR00001,Reboot Shortcut,14445,06/19/2021, 21:09:51,71
RBTR00001,Reboot Shortcut,14445,06/19/2021, 22:10:33,71
RBTR00001,Reboot Shortcut,14445,06/19/2021, 23:11:04,71
RBTR00001,Reboot Shortcut,14445,06/20/2021, 00:36:55,71
RBTR00001,Reboot Shortcut,14445,06/20/2021, 02:05:28,71
RBTR00001,Reboot Shortcut,14445,06/20/2021, 03:14:02,71
RBTR00001,Reboot Shortcut,14445,06/20/2021, 04:13:32,71
RBTR00001,Reboot Shortcut,14445,06/20/2021, 05:13:25,71
RBTR00001,Reboot Shortcut,14445,06/20/2021, 06:12:53,71
RBTR00001,Reboot Shortcut,14445,06/20/2021, 07:13:29,71
RBTR00001,Reboot Shortcut,14445,06/20/2021, 08:11:41,71
RBTR00001,Reboot Shortcut,14445,06/20/2021, 09:10:43,71
RBTR00001,Reboot Shortcut,14445,06/20/2021, 10:11:53,71
RBTR00001,Reboot Shortcut,14445,06/20/2021, 11:09:07,71
RBTR00001,Reboot Shortcut,14445,06/20/2021, 12:15:29,71
RBTR00001,Reboot Shortcut,14445,06/20/2021, 13:21:43,71
RBTR00001,Reboot Shortcut,14445,06/20/2021, 14:09:53,71
RBTR00001,Reboot Shortcut,14446,06/20/2021, 15:11:53,71
RBTR00001,Reboot Shortcut,14446,06/20/2021, 16:17:35,71
RBTR00001,Reboot Shortcut,14446,06/20/2021, 17:23:59,71
RBTR00001,Reboot Shortcut,14447,06/20/2021, 18:12:03,71
RBTR00001,Reboot Shortcut,14447,06/20/2021, 19:08:31,71
RBTR00001,Reboot Shortcut,14447,06/20/2021, 20:10:44,71
RBTR00001,Reboot Shortcut,14448,06/20/2021, 21:09:44,71
RBTR00001,Reboot Shortcut,14448,06/20/2021, 22:10:43,71
RBTR00001,Reboot Shortcut,14448,06/20/2021, 23:10:55,71
RBTR00001,Reboot Shortcut,14448,06/21/2021, 00:36:40,71
RBTR00001,Reboot Shortcut,14448,06/21/2021, 02:05:07,71
RBTR00001,Reboot Shortcut,14448,06/21/2021, 03:13:59,71
RBTR00001,Reboot Shortcut,14448,06/21/2021, 04:13:40,71
RBTR00001,Reboot Shortcut,14448,06/21/2021, 05:13:45,71
RBTR00001,Reboot Shortcut,14448,06/21/2021, 06:13:33,71
RBTR00001,Reboot Shortcut,14448,06/21/2021, 07:26:35,71
RBTR00001,Reboot Shortcut,14448,06/21/2021, 08:21:13,71
RBTR00001,Reboot Shortcut,14448,06/21/2021, 09:16:25,71
RBTR00001,Reboot Shortcut,14448,06/21/2021, 10:16:26,71
RBTR00001,Reboot Shortcut,14448,06/21/2021, 11:13:51,71
RBTR00001,Reboot Shortcut,14448,06/21/2021, 12:16:41,71
RBTR00001,Reboot Shortcut,14448,06/21/2021, 13:27:57,71
RBTR00001,Reboot Shortcut,14448,06/21/2021, 14:15:56,71
RBTR00001,Reboot Shortcut,14448,06/21/2021, 15:17:08,71
RBTR00001,Reboot Shortcut,14448,06/21/2021, 16:21:16,71
RBTR00001,Reboot Shortcut,14448,06/21/2021, 17:25:39,71
RBTR00001,Reboot Shortcut,14448,06/21/2021, 18:12:35,71
RBTR00001,Reboot Shortcut,14448,06/21/2021, 19:09:40,71
RBTR00001,Reboot Shortcut,14448,06/21/2021, 20:11:03,71
RBTR00001,Reboot Shortcut,14449,06/21/2021, 21:10:34,71
RBTR00001,Reboot Shortcut,14449,06/21/2021, 22:11:05,71
RBTR00001,Reboot Shortcut,14449,06/21/2021, 23:11:26,71
RBTR00001,Reboot Shortcut,14449,06/22/2021, 00:33:03,71
RBTR00001,Reboot Shortcut,14449,06/22/2021, 01:54:45,71
RBTR00001,Reboot Shortcut,14449,06/22/2021, 02:30:04,71
RBTR00001,Reboot Shortcut,14449,06/22/2021, 03:11:26,71
RBTR00001,Reboot Shortcut,14449,06/22/2021, 04:14:03,71
RBTR00001,Reboot Shortcut,14449,06/22/2021, 05:13:50,71
RBTR00001,Reboot Shortcut,14449,06/22/2021, 06:13:27,71
RBTR00001,Reboot Shortcut,14449,06/22/2021, 07:14:17,71
RBTR00001,Reboot Shortcut,14449,06/22/2021, 08:12:26,71
RBTR00001,Reboot Shortcut,14449,06/22/2021, 09:15:54,71
RBTR00001,Reboot Shortcut,14450,06/22/2021, 10:16:51,71
RBTR00001,Reboot Shortcut,14450,06/22/2021, 11:09:28,71
RBTR00001,Reboot Shortcut,14450,06/22/2021, 12:16:32,71
RBTR00001,Reboot Shortcut,14450,06/22/2021, 13:22:47,71
RBTR00001,Reboot Shortcut,14450,06/22/2021, 14:10:34,71
RBTR00001,Reboot Shortcut,14450,06/22/2021, 15:13:42,71
RBTR00001,Reboot Shortcut,14450,06/22/2021, 16:19:49,71
RBTR00001,Reboot Shortcut,14450,06/22/2021, 17:25:31,71
RBTR00001,Reboot Shortcut,14450,06/22/2021, 18:12:08,71
RBTR00001,Reboot Shortcut,14450,06/22/2021, 19:09:37,71
RBTR00001,Reboot Shortcut,14450,06/22/2021, 20:11:09,71
RBTR00001,Reboot Shortcut,14450,06/22/2021, 21:09:46,71
RBTR00001,Reboot Shortcut,14450,06/22/2021, 22:11:32,71
RBTR00001,Reboot Shortcut,14450,06/22/2021, 23:10:41,71
RBTR00001,Reboot Shortcut,14450,06/23/2021, 00:33:14,71
RBTR00001,Reboot Shortcut,14450,06/23/2021, 01:45:42,71
RBTR00001,Reboot Shortcut,14450,06/23/2021, 02:22:33,71
RBTR00001,Reboot Shortcut,14450,06/23/2021, 03:10:47,71
RBTR00001,Reboot Shortcut,14450,06/23/2021, 04:12:50,71
RBTR00001,Reboot Shortcut,14450,06/23/2021, 05:09:14,71
RBTR00001,Reboot Shortcut,14450,06/23/2021, 06:12:28,71
RBTR00001,Reboot Shortcut,14450,06/23/2021, 07:09:29,71
RBTR00001,Reboot Shortcut,14450,06/23/2021, 08:12:12,71
RBTR00001,Reboot Shortcut,14450,06/23/2021, 09:14:49,71
RBTR00001,Reboot Shortcut,14450,06/23/2021, 10:15:49,71
RBTR00001,Reboot Shortcut,14450,06/23/2021, 11:09:59,71
RBTR00001,Reboot Shortcut,14450,06/23/2021, 12:13:02,71
RBTR00001,Reboot Shortcut,14451,06/23/2021, 13:17:37,71
RBTR00001,Reboot Shortcut,14451,06/23/2021, 14:11:56,71
RBTR00001,Reboot Shortcut,14451,06/23/2021, 15:11:56,71
RBTR00001,Reboot Shortcut,14451,06/23/2021, 16:17:28,71
RBTR00001,Reboot Shortcut,14452,06/23/2021, 17:15:38,71
RBTR00001,Reboot Shortcut,14452,06/23/2021, 18:15:45,71
RBTR00001,Reboot Shortcut,14452,06/23/2021, 19:08:16,71
RBTR00001,Reboot Shortcut,14452,06/23/2021, 20:10:23,71
RBTR00001,Reboot Shortcut,14453,06/23/2021, 21:09:28,71
RBTR00001,Reboot Shortcut,14453,06/23/2021, 22:10:04,71
RBTR00001,Reboot Shortcut,14453,06/23/2021, 23:10:32,71
RBTR00001,Reboot Shortcut,14453,06/24/2021, 00:48:23,71
RBTR00001,Reboot Shortcut,14453,06/24/2021, 01:49:49,71
RBTR00001,Reboot Shortcut,14453,06/24/2021, 02:21:06,71
RBTR00001,Reboot Shortcut,14453,06/24/2021, 03:13:20,71
RBTR00001,Reboot Shortcut,14453,06/24/2021, 04:15:19,71
RBTR00001,Reboot Shortcut,14453,06/24/2021, 05:10:10,71
RBTR00001,Reboot Shortcut,14453,06/24/2021, 06:14:20,71
RBTR00001,Reboot Shortcut,14453,06/24/2021, 07:10:23,71
RBTR00001,Reboot Shortcut,14453,06/24/2021, 08:16:15,71
RBTR00001,Reboot Shortcut,14454,06/24/2021, 09:15:48,71
RBTR00001,Reboot Shortcut,14454,06/24/2021, 10:16:50,71
RBTR00001,Reboot Shortcut,14455,06/24/2021, 11:09:02,71
RBTR00001,Reboot Shortcut,14456,06/24/2021, 12:17:16,71
RBTR00001,Reboot Shortcut,14457,06/24/2021, 13:22:49,71
RBTR00001,Reboot Shortcut,14457,06/24/2021, 14:14:55,71
RBTR00001,Reboot Shortcut,14457,06/24/2021, 15:17:55,71
RBTR00001,Reboot Shortcut,14457,06/24/2021, 16:18:06,71
RBTR00001,Reboot Shortcut,14457,06/24/2021, 17:18:43,71
RBTR00001,Reboot Shortcut,14457,06/24/2021, 18:14:08,71
RBTR00001,Reboot Shortcut,14457,06/24/2021, 19:09:04,71
RBTR00001,Reboot Shortcut,14458,06/24/2021, 20:09:48,71
RBTR00001,Reboot Shortcut,14458,06/24/2021, 21:11:14,71
RBTR00001,Reboot Shortcut,14460,06/24/2021, 22:11:05,71
RBTR00001,Reboot Shortcut,14460,06/24/2021, 23:11:18,71
RBTR00001,Reboot Shortcut,14460,06/25/2021, 00:37:49,71
RBTR00001,Reboot Shortcut,14461,06/25/2021, 01:58:16,71
RBTR00001,Reboot Shortcut,14461,06/25/2021, 02:31:25,71
RBTR00001,Reboot Shortcut,14461,06/25/2021, 03:12:23,71
RBTR00001,Reboot Shortcut,14461,06/25/2021, 04:13:45,71
RBTR00001,Reboot Shortcut,14461,06/25/2021, 05:09:27,71
RBTR00001,Reboot Shortcut,14462,06/25/2021, 06:14:00,71
RBTR00001,Reboot Shortcut,14462,06/25/2021, 07:08:44,71
RBTR00001,Reboot Shortcut,14462,06/25/2021, 08:12:12,71
RBTR00001,Reboot Shortcut,14462,06/25/2021, 09:14:29,71
RBTR00001,Reboot Shortcut,14462,06/25/2021, 10:11:57,71
RBTR00001,Reboot Shortcut,14462,06/25/2021, 11:09:21,71
RBTR00001,Reboot Shortcut,14463,06/25/2021, 12:16:14,71
RBTR00001,Reboot Shortcut,14463,06/25/2021, 13:18:22,71
RBTR00001,Reboot Shortcut,14463,06/25/2021, 14:14:56,71
RBTR00001,Reboot Shortcut,14463,06/25/2021, 15:12:35,71
RBTR00001,Reboot Shortcut,14463,06/25/2021, 16:16:35,71
RBTR00001,Reboot Shortcut,14464,06/25/2021, 17:20:28,71
RBTR00001,Reboot Shortcut,14465,06/25/2021, 18:12:42,71
RBTR00001,Reboot Shortcut,14465,06/25/2021, 19:08:45,71
RBTR00001,Reboot Shortcut,14465,06/25/2021, 20:11:11,71
RBTR00001,Reboot Shortcut,14465,06/25/2021, 21:10:23,71
RBTR00001,Reboot Shortcut,14465,06/25/2021, 22:10:53,71
RBTR00001,Reboot Shortcut,14466,06/25/2021, 23:11:00,71
RBTR00001,Reboot Shortcut,14466,06/26/2021, 00:33:27,71
RBTR00001,Reboot Shortcut,14466,06/26/2021, 01:49:52,71
RBTR00001,Reboot Shortcut,14466,06/26/2021, 02:22:50,71
RBTR00001,Reboot Shortcut,14466,06/26/2021, 03:12:20,71
RBTR00001,Reboot Shortcut,14466,06/26/2021, 04:13:42,71
RBTR00001,Reboot Shortcut,14466,06/26/2021, 05:09:12,71
RBTR00001,Reboot Shortcut,14467,06/26/2021, 06:13:26,71
RBTR00001,Reboot Shortcut,14467,06/26/2021, 07:09:41,71
RBTR00001,Reboot Shortcut,14467,06/26/2021, 08:11:46,71
RBTR00001,Reboot Shortcut,14467,06/26/2021, 09:11:17,71
RBTR00001,Reboot Shortcut,14467,06/26/2021, 10:11:42,71
RBTR00001,Reboot Shortcut,14467,06/26/2021, 11:09:00,71
RBTR00001,Reboot Shortcut,14467,06/26/2021, 12:15:33,71
RBTR00001,Reboot Shortcut,14467,06/26/2021, 13:16:22,71
RBTR00001,Reboot Shortcut,14467,06/26/2021, 14:09:29,71
RBTR00001,Reboot Shortcut,14467,06/26/2021, 15:12:06,71
RBTR00001,Reboot Shortcut,14467,06/26/2021, 16:15:38,71
RBTR00001,Reboot Shortcut,14467,06/26/2021, 17:16:47,71
RBTR00001,Reboot Shortcut,14467,06/26/2021, 18:12:47,71
RBTR00001,Reboot Shortcut,14467,06/26/2021, 19:08:30,71
RBTR00001,Reboot Shortcut,14467,06/26/2021, 20:10:21,71
RBTR00001,Reboot Shortcut,14467,06/26/2021, 21:10:24,71
RBTR00001,Reboot Shortcut,14467,06/26/2021, 22:10:15,71
RBTR00001,Reboot Shortcut,14467,06/26/2021, 23:10:37,71
RBTR00001,Reboot Shortcut,14467,06/27/2021, 00:39:07,71
RBTR00001,Reboot Shortcut,14467,06/27/2021, 01:59:46,71
RBTR00001,Reboot Shortcut,14467,06/27/2021, 02:34:13,71
RBTR00001,Reboot Shortcut,14467,06/27/2021, 03:12:12,71
RBTR00001,Reboot Shortcut,14467,06/27/2021, 04:13:34,71
RBTR00001,Reboot Shortcut,14467,06/27/2021, 05:09:23,71
RBTR00001,Reboot Shortcut,14467,06/27/2021, 06:13:20,71
RBTR00001,Reboot Shortcut,14467,06/27/2021, 07:09:45,71
RBTR00001,Reboot Shortcut,14468,06/27/2021, 08:11:58,71
RBTR00001,Reboot Shortcut,14468,06/27/2021, 09:11:35,71
RBTR00001,Reboot Shortcut,14468,06/27/2021, 10:11:24,71
RBTR00001,Reboot Shortcut,14468,06/27/2021, 11:08:59,71
RBTR00001,Reboot Shortcut,14468,06/27/2021, 12:16:03,71
RBTR00001,Reboot Shortcut,14468,06/27/2021, 13:16:30,71
RBTR00001,Reboot Shortcut,14468,06/27/2021, 14:09:45,71
RBTR00001,Reboot Shortcut,14468,06/27/2021, 15:12:08,71
RBTR00001,Reboot Shortcut,14468,06/27/2021, 16:15:33,71
RBTR00001,Reboot Shortcut,14468,06/27/2021, 17:16:37,71
RBTR00001,Reboot Shortcut,14469,06/27/2021, 18:12:39,71
RBTR00001,Reboot Shortcut,14469,06/27/2021, 19:08:33,71
RBTR00001,Reboot Shortcut,14469,06/27/2021, 20:10:27,71
RBTR00001,Reboot Shortcut,14469,06/27/2021, 21:10:21,71
RBTR00001,Reboot Shortcut,14469,06/27/2021, 22:10:10,71
RBTR00001,Reboot Shortcut,14469,06/27/2021, 23:11:10,71
RBTR00001,Reboot Shortcut,14471,06/28/2021, 00:37:28,71
RBTR00001,Reboot Shortcut,14473,06/28/2021, 01:55:24,71
RBTR00001,Reboot Shortcut,14473,06/28/2021, 02:27:54,71
RBTR00001,Reboot Shortcut,14473,06/28/2021, 03:12:40,71
RBTR00001,Reboot Shortcut,14473,06/28/2021, 04:14:01,71
RBTR00001,Reboot Shortcut,14473,06/28/2021, 05:09:39,71
RBTR00001,Reboot Shortcut,14473,06/28/2021, 06:14:11,71
RBTR00001,Reboot Shortcut,14473,06/28/2021, 07:09:54,71
RBTR00001,Reboot Shortcut,14475,06/28/2021, 08:16:51,71
RBTR00001,Reboot Shortcut,14475,06/28/2021, 09:16:52,71
RBTR00001,Reboot Shortcut,14475,06/28/2021, 10:16:55,71
RBTR00001,Reboot Shortcut,14475,06/28/2021, 11:13:49,71
RBTR00001,Reboot Shortcut,14475,06/28/2021, 12:22:01,71
RBTR00001,Reboot Shortcut,14475,06/28/2021, 13:24:03,71
RBTR00001,Reboot Shortcut,14475,06/28/2021, 14:14:50,71
RBTR00001,Reboot Shortcut,14475,06/28/2021, 15:16:54,71
RBTR00001,Reboot Shortcut,14475,06/28/2021, 16:20:29,71
RBTR00001,Reboot Shortcut,14475,06/28/2021, 17:44:19,71
RBTR00001,Reboot Shortcut,14475,06/28/2021, 18:27:09,71
RBTR00001,Reboot Shortcut,14475,06/28/2021, 19:14:52,71
RBTR00001,Reboot Shortcut,14475,06/28/2021, 20:10:57,71
RBTR00001,Reboot Shortcut,14476,06/28/2021, 21:10:28,71
RBTR00001,Reboot Shortcut,14476,06/28/2021, 22:10:41,71
RBTR00001,Reboot Shortcut,14477,06/28/2021, 23:11:03,71
RBTR00001,Reboot Shortcut,14477,06/29/2021, 00:34:57,71
RBTR00001,Reboot Shortcut,14480,06/29/2021, 01:52:38,71
RBTR00001,Reboot Shortcut,14480,06/29/2021, 02:25:14,71
RBTR00001,Reboot Shortcut,14481,06/29/2021, 03:12:47,71
RBTR00001,Reboot Shortcut,14481,06/29/2021, 04:13:48,71
RBTR00001,Reboot Shortcut,14481,06/29/2021, 05:09:41,71
RBTR00001,Reboot Shortcut,14481,06/29/2021, 06:13:59,71
RBTR00001,Reboot Shortcut,14481,06/29/2021, 07:09:39,71
RBTR00001,Reboot Shortcut,14481,06/29/2021, 08:16:56,71
RBTR00001,Reboot Shortcut,14481,06/29/2021, 09:17:10,71
RBTR00001,Reboot Shortcut,14481,06/29/2021, 10:17:00,71
RBTR00001,Reboot Shortcut,14481,06/29/2021, 11:09:41,71
RBTR00001,Reboot Shortcut,14481,06/29/2021, 12:21:57,71
RBTR00001,Reboot Shortcut,14481,06/29/2021, 13:18:17,71
RBTR00001,Reboot Shortcut,14481,06/29/2021, 14:14:56,71
RBTR00001,Reboot Shortcut,14482,06/29/2021, 15:16:03,71
RBTR00001,Reboot Shortcut,14482,06/29/2021, 16:19:27,71
RBTR00001,Reboot Shortcut,14482,06/29/2021, 17:23:46,71
RBTR00001,Reboot Shortcut,14482,06/29/2021, 18:14:29,71
RBTR00001,Reboot Shortcut,14482,06/29/2021, 19:09:41,71
RBTR00001,Reboot Shortcut,14482,06/29/2021, 20:10:51,71
RBTR00001,Reboot Shortcut,14482,06/29/2021, 21:11:11,71
RBTR00001,Reboot Shortcut,14482,06/29/2021, 22:10:50,71
RBTR00001,Reboot Shortcut,14482,06/29/2021, 23:11:09,71
RBTR00001,Reboot Shortcut,14483,06/30/2021, 00:38:19,71
RBTR00001,Reboot Shortcut,14483,06/30/2021, 01:58:21,71
RBTR00001,Reboot Shortcut,14483,06/30/2021, 02:31:24,71
RBTR00001,Reboot Shortcut,14484,06/30/2021, 03:12:28,71
RBTR00001,Reboot Shortcut,14484,06/30/2021, 04:13:57,71
RBTR00001,Reboot Shortcut,14484,06/30/2021, 05:09:34,71
RBTR00001,Reboot Shortcut,14484,06/30/2021, 06:18:09,71
RBTR00001,Reboot Shortcut,14484,06/30/2021, 07:10:02,71
RBTR00001,Reboot Shortcut,14484,06/30/2021, 08:16:50,71
RBTR00001,Reboot Shortcut,14484,06/30/2021, 09:16:53,71
RBTR00001,Reboot Shortcut,14487,06/30/2021, 10:16:48,71
RBTR00001,Reboot Shortcut,14487,06/30/2021, 11:13:56,71
RBTR00001,Reboot Shortcut,14487,06/30/2021, 12:20:53,71
RBTR00001,Reboot Shortcut,14487,06/30/2021, 13:22:49,71
RBTR00001,Reboot Shortcut,14487,06/30/2021, 14:15:18,71
RBTR00001,Reboot Shortcut,14487,06/30/2021, 15:16:49,71
RBTR00001,Reboot Shortcut,14488,06/30/2021, 16:20:48,71
RBTR00001,Reboot Shortcut,14488,06/30/2021, 17:23:26,71
RBTR00001,Reboot Shortcut,14488,06/30/2021, 18:17:49,71
RBTR00001,Reboot Shortcut,14488,06/30/2021, 19:08:57,71
RBTR00001,Reboot Shortcut,14488,06/30/2021, 20:15:46,71
RBTR00001,Reboot Shortcut,14488,06/30/2021, 21:10:27,71
RBTR00001,Reboot Shortcut,14488,06/30/2021, 22:10:37,71
RBTR00001,Reboot Shortcut,14488,06/30/2021, 23:10:15,71
RBTR00001,Reboot Shortcut,14489,07/01/2021, 00:37:07,71
RBTR00001,Reboot Shortcut,14489,07/01/2021, 01:57:07,71
RBTR00001,Reboot Shortcut,14489,07/01/2021, 02:27:08,71
RBTR00001,Reboot Shortcut,14490,07/01/2021, 03:12:27,71
RBTR00001,Reboot Shortcut,14490,07/01/2021, 04:13:46,71
RBTR00001,Reboot Shortcut,14490,07/01/2021, 05:09:40,71
RBTR00001,Reboot Shortcut,14490,07/01/2021, 06:13:45,71
RBTR00001,Reboot Shortcut,14491,07/01/2021, 07:12:55,71
RBTR00001,Reboot Shortcut,14491,07/01/2021, 08:16:53,71
RBTR00001,Reboot Shortcut,14492,07/01/2021, 09:16:46,71
RBTR00001,Reboot Shortcut,14493,07/01/2021, 10:16:53,71
RBTR00001,Reboot Shortcut,14493,07/01/2021, 11:14:06,71
RBTR00001,Reboot Shortcut,14493,07/01/2021, 12:21:48,71
RBTR00001,Reboot Shortcut,14493,07/01/2021, 13:21:54,71
RBTR00001,Reboot Shortcut,14493,07/01/2021, 14:14:48,71
RBTR00001,Reboot Shortcut,14493,07/01/2021, 15:16:55,71
RBTR00001,Reboot Shortcut,14494,07/01/2021, 16:20:54,71
RBTR00001,Reboot Shortcut,14494,07/01/2021, 17:19:51,71
RBTR00001,Reboot Shortcut,14494,07/01/2021, 18:13:19,71
RBTR00001,Reboot Shortcut,14494,07/01/2021, 19:10:51,71
RBTR00001,Reboot Shortcut,14494,07/01/2021, 20:12:07,71
RBTR00001,Reboot Shortcut,14494,07/01/2021, 21:10:36,71
RBTR00001,Reboot Shortcut,14494,07/01/2021, 22:10:50,71
RBTR00001,Reboot Shortcut,14494,07/01/2021, 23:11:40,71
RBTR00001,Reboot Shortcut,14494,07/02/2021, 00:34:32,71
RBTR00001,Reboot Shortcut,14495,07/02/2021, 01:55:39,71
RBTR00001,Reboot Shortcut,14495,07/02/2021, 02:24:01,71
RBTR00001,Reboot Shortcut,14495,07/02/2021, 03:12:27,71
RBTR00001,Reboot Shortcut,14495,07/02/2021, 04:13:46,71
RBTR00001,Reboot Shortcut,14495,07/02/2021, 05:09:37,71
RBTR00001,Reboot Shortcut,14495,07/02/2021, 06:12:04,71
RBTR00001,Reboot Shortcut,14495,07/02/2021, 07:11:19,71
RBTR00001,Reboot Shortcut,14495,07/02/2021, 08:12:47,71
RBTR00001,Reboot Shortcut,14495,07/02/2021, 09:15:57,71
RBTR00001,Reboot Shortcut,14495,07/02/2021, 10:11:53,71
RBTR00001,Reboot Shortcut,14495,07/02/2021, 11:09:13,71
RBTR00001,Reboot Shortcut,14495,07/02/2021, 12:16:51,71
RBTR00001,Reboot Shortcut,14495,07/02/2021, 13:16:59,71
RBTR00001,Reboot Shortcut,14495,07/02/2021, 14:14:53,71
RBTR00001,Reboot Shortcut,14495,07/02/2021, 15:17:56,71
RBTR00001,Reboot Shortcut,14495,07/02/2021, 16:18:04,71
RBTR00001,Reboot Shortcut,14495,07/02/2021, 17:19:25,71
RBTR00001,Reboot Shortcut,14495,07/02/2021, 18:11:37,71
RBTR00001,Reboot Shortcut,14495,07/02/2021, 19:10:03,71
RBTR00001,Reboot Shortcut,14495,07/02/2021, 20:11:19,71
RBTR00001,Reboot Shortcut,14495,07/02/2021, 21:10:07,71
RBTR00001,Reboot Shortcut,14495,07/02/2021, 22:12:46,71
RBTR00001,Reboot Shortcut,14495,07/02/2021, 23:10:36,71
RBTR00001,Reboot Shortcut,14495,07/03/2021, 00:35:12,71
RBTR00001,Reboot Shortcut,14496,07/03/2021, 01:48:41,71
RBTR00001,Reboot Shortcut,14496,07/03/2021, 02:18:41,71
RBTR00001,Reboot Shortcut,14496,07/03/2021, 03:11:54,71
RBTR00001,Reboot Shortcut,14496,07/03/2021, 04:13:25,71
RBTR00001,Reboot Shortcut,14496,07/03/2021, 05:09:25,71
RBTR00001,Reboot Shortcut,14496,07/03/2021, 06:13:03,71
RBTR00001,Reboot Shortcut,14497,07/03/2021, 07:09:54,71
RBTR00001,Reboot Shortcut,14497,07/03/2021, 08:11:44,71
RBTR00001,Reboot Shortcut,14497,07/03/2021, 09:11:09,71
RBTR00001,Reboot Shortcut,14497,07/03/2021, 10:11:21,71
RBTR00001,Reboot Shortcut,14497,07/03/2021, 11:08:55,71
RBTR00001,Reboot Shortcut,14497,07/03/2021, 12:15:51,71
RBTR00001,Reboot Shortcut,14497,07/03/2021, 13:14:31,71
RBTR00001,Reboot Shortcut,14497,07/03/2021, 14:09:20,71
RBTR00001,Reboot Shortcut,14497,07/03/2021, 15:11:50,71
RBTR00001,Reboot Shortcut,14497,07/03/2021, 16:15:24,71
RBTR00001,Reboot Shortcut,14497,07/03/2021, 17:15:49,71
RBTR00001,Reboot Shortcut,14497,07/03/2021, 18:12:23,71
RBTR00001,Reboot Shortcut,14497,07/03/2021, 19:08:34,71
RBTR00001,Reboot Shortcut,14497,07/03/2021, 20:10:29,71
RBTR00001,Reboot Shortcut,14497,07/03/2021, 21:10:09,71
RBTR00001,Reboot Shortcut,14497,07/03/2021, 22:10:22,71
RBTR00001,Reboot Shortcut,14498,07/03/2021, 23:10:11,71
RBTR00001,Reboot Shortcut,14498,07/04/2021, 00:35:51,71
RBTR00001,Reboot Shortcut,14498,07/04/2021, 01:52:44,71
RBTR00001,Reboot Shortcut,14500,07/04/2021, 02:21:15,71
RBTR00001,Reboot Shortcut,14500,07/04/2021, 03:12:12,71
RBTR00001,Reboot Shortcut,14500,07/04/2021, 04:13:47,71
RBTR00001,Reboot Shortcut,14500,07/04/2021, 05:09:18,71
RBTR00001,Reboot Shortcut,14500,07/04/2021, 06:13:21,71
RBTR00001,Reboot Shortcut,14500,07/04/2021, 07:09:57,71
RBTR00001,Reboot Shortcut,14500,07/04/2021, 08:11:28,71
RBTR00001,Reboot Shortcut,14500,07/04/2021, 09:11:07,71
RBTR00001,Reboot Shortcut,14500,07/04/2021, 10:11:35,71
RBTR00001,Reboot Shortcut,14500,07/04/2021, 11:08:47,71
RBTR00001,Reboot Shortcut,14500,07/04/2021, 12:15:57,71
RBTR00001,Reboot Shortcut,14500,07/04/2021, 13:14:43,71
RBTR00001,Reboot Shortcut,14500,07/04/2021, 14:09:26,71
RBTR00001,Reboot Shortcut,14500,07/04/2021, 15:11:51,71
RBTR00001,Reboot Shortcut,14500,07/04/2021, 16:15:22,71
RBTR00001,Reboot Shortcut,14501,07/04/2021, 17:15:46,71
RBTR00001,Reboot Shortcut,14501,07/04/2021, 18:12:36,71
RBTR00001,Reboot Shortcut,14501,07/04/2021, 19:08:29,71
RBTR00001,Reboot Shortcut,14501,07/04/2021, 20:10:34,71
RBTR00001,Reboot Shortcut,14502,07/04/2021, 21:10:05,71
RBTR00001,Reboot Shortcut,14502,07/04/2021, 22:10:23,71
RBTR00001,Reboot Shortcut,14502,07/04/2021, 23:10:47,71
RBTR00001,Reboot Shortcut,14502,07/05/2021, 00:33:05,71
RBTR00001,Reboot Shortcut,14502,07/05/2021, 01:52:42,71
RBTR00001,Reboot Shortcut,14502,07/05/2021, 02:22:00,71
RBTR00001,Reboot Shortcut,14502,07/05/2021, 03:12:25,71
RBTR00001,Reboot Shortcut,14502,07/05/2021, 04:13:46,71
RBTR00001,Reboot Shortcut,14502,07/05/2021, 05:09:37,71
RBTR00001,Reboot Shortcut,14502,07/05/2021, 06:13:39,71
RBTR00001,Reboot Shortcut,14502,07/05/2021, 07:10:07,71
RBTR00001,Reboot Shortcut,14503,07/05/2021, 08:17:50,71
RBTR00001,Reboot Shortcut,14504,07/05/2021, 09:16:56,71
RBTR00001,Reboot Shortcut,14505,07/05/2021, 10:16:54,71
RBTR00001,Reboot Shortcut,14505,07/05/2021, 11:12:01,71
RBTR00001,Reboot Shortcut,14505,07/05/2021, 12:19:13,71
RBTR00001,Reboot Shortcut,14505,07/05/2021, 13:21:52,71
RBTR00001,Reboot Shortcut,14505,07/05/2021, 14:14:56,71
RBTR00001,Reboot Shortcut,14505,07/05/2021, 15:16:46,71
RBTR00001,Reboot Shortcut,14505,07/05/2021, 16:16:13,71
RBTR00001,Reboot Shortcut,14505,07/05/2021, 17:17:24,71
RBTR00001,Reboot Shortcut,14505,07/05/2021, 18:12:52,71
RBTR00001,Reboot Shortcut,14505,07/05/2021, 19:08:42,71
RBTR00001,Reboot Shortcut,14506,07/05/2021, 20:10:58,71
RBTR00001,Reboot Shortcut,14506,07/05/2021, 21:10:31,71
RBTR00001,Reboot Shortcut,14506,07/05/2021, 22:10:36,71
RBTR00001,Reboot Shortcut,14506,07/05/2021, 23:11:04,71
RBTR00001,Reboot Shortcut,14507,07/06/2021, 00:37:17,71
RBTR00001,Reboot Shortcut,14507,07/06/2021, 01:55:54,71
RBTR00001,Reboot Shortcut,14507,07/06/2021, 02:23:43,71
RBTR00001,Reboot Shortcut,14507,07/06/2021, 03:12:31,71
RBTR00001,Reboot Shortcut,14507,07/06/2021, 04:13:34,71
RBTR00001,Reboot Shortcut,14507,07/06/2021, 05:09:28,71
RBTR00001,Reboot Shortcut,14507,07/06/2021, 06:13:57,71
RBTR00001,Reboot Shortcut,14508,07/06/2021, 07:14:46,71
RBTR00001,Reboot Shortcut,14508,07/06/2021, 08:12:44,71
RBTR00001,Reboot Shortcut,14508,07/06/2021, 09:15:52,71
RBTR00001,Reboot Shortcut,14508,07/06/2021, 10:16:15,71
RBTR00001,Reboot Shortcut,14508,07/06/2021, 11:09:09,71
RBTR00001,Reboot Shortcut,14508,07/06/2021, 12:20:56,71
RBTR00001,Reboot Shortcut,14508,07/06/2021, 13:21:50,71
RBTR00001,Reboot Shortcut,14508,07/06/2021, 14:09:57,71
RBTR00001,Reboot Shortcut,14508,07/06/2021, 15:12:24,71
RBTR00001,Reboot Shortcut,14508,07/06/2021, 16:16:18,71
RBTR00001,Reboot Shortcut,14508,07/06/2021, 17:21:56,71
RBTR00001,Reboot Shortcut,14508,07/06/2021, 18:12:58,71
RBTR00001,Reboot Shortcut,14509,07/06/2021, 19:08:49,71
RBTR00001,Reboot Shortcut,14509,07/06/2021, 20:11:01,71
RBTR00001,Reboot Shortcut,14509,07/06/2021, 21:10:37,71
RBTR00001,Reboot Shortcut,14509,07/06/2021, 22:10:41,71
RBTR00001,Reboot Shortcut,14509,07/06/2021, 23:10:41,71
RBTR00001,Reboot Shortcut,14509,07/07/2021, 00:36:09,71
RBTR00001,Reboot Shortcut,14509,07/07/2021, 01:55:51,71
RBTR00001,Reboot Shortcut,14510,07/07/2021, 02:23:38,71
RBTR00001,Reboot Shortcut,14510,07/07/2021, 03:13:11,71
RBTR00001,Reboot Shortcut,14510,07/07/2021, 04:13:59,71
RBTR00001,Reboot Shortcut,14510,07/07/2021, 05:09:32,71
RBTR00001,Reboot Shortcut,14510,07/07/2021, 06:13:31,71
RBTR00001,Reboot Shortcut,14510,07/07/2021, 07:10:05,71
RBTR00001,Reboot Shortcut,14510,07/07/2021, 08:15:49,71
RBTR00001,Reboot Shortcut,14510,07/07/2021, 09:16:38,71
RBTR00001,Reboot Shortcut,14510,07/07/2021, 10:13:36,71
RBTR00001,Reboot Shortcut,14510,07/07/2021, 11:09:12,71
RBTR00001,Reboot Shortcut,14510,07/07/2021, 12:16:38,71
RBTR00001,Reboot Shortcut,14511,07/07/2021, 13:19:40,71
RBTR00001,Reboot Shortcut,14511,07/07/2021, 14:11:15,71
RBTR00001,Reboot Shortcut,14511,07/07/2021, 15:16:57,71
RBTR00001,Reboot Shortcut,14511,07/07/2021, 16:22:36,71
RBTR00001,Reboot Shortcut,14512,07/07/2021, 17:25:51,71
RBTR00001,Reboot Shortcut,14512,07/07/2021, 18:17:51,71
RBTR00001,Reboot Shortcut,14512,07/07/2021, 19:08:43,71
RBTR00001,Reboot Shortcut,14513,07/07/2021, 20:11:15,71
RBTR00001,Reboot Shortcut,14513,07/07/2021, 21:10:15,71
RBTR00001,Reboot Shortcut,14513,07/07/2021, 22:10:43,71
RBTR00001,Reboot Shortcut,14514,07/07/2021, 23:10:50,71
RBTR00001,Reboot Shortcut,14516,07/08/2021, 00:34:03,71
RBTR00001,Reboot Shortcut,14518,07/08/2021, 01:55:51,71
RBTR00001,Reboot Shortcut,14518,07/08/2021, 02:24:26,71
RBTR00001,Reboot Shortcut,14518,07/08/2021, 03:12:19,71
RBTR00001,Reboot Shortcut,14518,07/08/2021, 04:13:38,71
RBTR00001,Reboot Shortcut,14518,07/08/2021, 05:09:45,71
RBTR00001,Reboot Shortcut,14519,07/08/2021, 06:13:23,71
RBTR00001,Reboot Shortcut,14519,07/08/2021, 07:10:12,71
RBTR00001,Reboot Shortcut,14519,07/08/2021, 08:18:20,71
RBTR00001,Reboot Shortcut,14519,07/08/2021, 09:16:47,71
RBTR00001,Reboot Shortcut,14519,07/08/2021, 10:16:49,71
RBTR00001,Reboot Shortcut,14519,07/08/2021, 11:12:12,71
RBTR00001,Reboot Shortcut,14519,07/08/2021, 12:17:59,71
RBTR00001,Reboot Shortcut,14519,07/08/2021, 13:25:49,71
RBTR00001,Reboot Shortcut,14519,07/08/2021, 14:12:20,71
RBTR00001,Reboot Shortcut,14519,07/08/2021, 15:18:54,71
RBTR00001,Reboot Shortcut,14520,07/08/2021, 16:25:50,71
RBTR00001,Reboot Shortcut,14520,07/08/2021, 17:23:01,71
RBTR00001,Reboot Shortcut,14520,07/08/2021, 18:17:46,71
RBTR00001,Reboot Shortcut,14521,07/08/2021, 19:09:12,71
RBTR00001,Reboot Shortcut,14521,07/08/2021, 20:11:13,71
RBTR00001,Reboot Shortcut,14521,07/08/2021, 21:10:12,71
RBTR00001,Reboot Shortcut,14521,07/08/2021, 22:10:45,71
RBTR00001,Reboot Shortcut,14521,07/08/2021, 23:10:59,71
RBTR00001,Reboot Shortcut,14521,07/09/2021, 00:37:07,71
RBTR00001,Reboot Shortcut,14521,07/09/2021, 01:56:00,71
RBTR00001,Reboot Shortcut,14521,07/09/2021, 02:24:54,71
RBTR00001,Reboot Shortcut,14521,07/09/2021, 03:12:06,71
RBTR00001,Reboot Shortcut,14521,07/09/2021, 04:14:03,71
RBTR00001,Reboot Shortcut,14521,07/09/2021, 05:09:36,71
RBTR00001,Reboot Shortcut,14522,07/09/2021, 06:13:26,71
RBTR00001,Reboot Shortcut,14522,07/09/2021, 07:10:08,71
RBTR00001,Reboot Shortcut,14523,07/09/2021, 08:12:40,71
RBTR00001,Reboot Shortcut,14523,07/09/2021, 09:16:55,71
RBTR00001,Reboot Shortcut,14523,07/09/2021, 10:16:14,71
RBTR00001,Reboot Shortcut,14524,07/09/2021, 11:09:24,71
RBTR00001,Reboot Shortcut,14524,07/09/2021, 12:16:20,71
RBTR00001,Reboot Shortcut,14524,07/09/2021, 13:16:26,71
RBTR00001,Reboot Shortcut,14525,07/09/2021, 14:14:46,71
RBTR00001,Reboot Shortcut,14525,07/09/2021, 15:17:46,71
RBTR00001,Reboot Shortcut,14526,07/09/2021, 16:19:40,71
RBTR00001,Reboot Shortcut,14526,07/09/2021, 17:18:42,71
RBTR00001,Reboot Shortcut,14526,07/09/2021, 18:14:26,71
RBTR00001,Reboot Shortcut,14527,07/09/2021, 19:08:34,71
RBTR00001,Reboot Shortcut,14527,07/09/2021, 20:11:09,71
RBTR00001,Reboot Shortcut,14527,07/09/2021, 21:10:34,71
RBTR00001,Reboot Shortcut,14527,07/09/2021, 22:10:49,71
RBTR00001,Reboot Shortcut,14527,07/09/2021, 23:10:59,71
RBTR00001,Reboot Shortcut,14527,07/10/2021, 00:34:17,71
RBTR00001,Reboot Shortcut,14527,07/10/2021, 01:50:39,71
RBTR00001,Reboot Shortcut,14527,07/10/2021, 02:22:41,71
RBTR00001,Reboot Shortcut,14528,07/10/2021, 03:12:15,71
RBTR00001,Reboot Shortcut,14528,07/10/2021, 04:14:00,71
RBTR00001,Reboot Shortcut,14530,07/10/2021, 05:09:16,71
RBTR00001,Reboot Shortcut,14530,07/10/2021, 06:13:02,71
RBTR00001,Reboot Shortcut,14530,07/10/2021, 07:10:04,71
RBTR00001,Reboot Shortcut,14530,07/10/2021, 08:11:52,71
RBTR00001,Reboot Shortcut,14530,07/10/2021, 09:11:06,71
RBTR00001,Reboot Shortcut,14530,07/10/2021, 10:11:13,71
RBTR00001,Reboot Shortcut,14530,07/10/2021, 11:08:53,71
RBTR00001,Reboot Shortcut,14530,07/10/2021, 13:14:38,71
RBTR00001,Reboot Shortcut,14531,07/10/2021, 14:09:18,71
RBTR00001,Reboot Shortcut,14531,07/10/2021, 15:12:02,71
RBTR00001,Reboot Shortcut,14531,07/10/2021, 16:15:17,71
RBTR00001,Reboot Shortcut,14531,07/10/2021, 17:15:54,71
RBTR00001,Reboot Shortcut,14531,07/10/2021, 18:12:36,71
RBTR00001,Reboot Shortcut,14531,07/10/2021, 19:08:35,71
RBTR00001,Reboot Shortcut,14531,07/10/2021, 20:10:34,71
RBTR00001,Reboot Shortcut,14531,07/10/2021, 21:10:05,71
RBTR00001,Reboot Shortcut,14531,07/10/2021, 22:10:24,71
RBTR00001,Reboot Shortcut,14531,07/10/2021, 23:10:17,71
RBTR00001,Reboot Shortcut,14531,07/11/2021, 00:39:23,71
RBTR00001,Reboot Shortcut,14531,07/11/2021, 01:57:27,71
RBTR00001,Reboot Shortcut,14532,07/11/2021, 02:26:15,71
RBTR00001,Reboot Shortcut,14532,07/11/2021, 03:12:11,71
RBTR00001,Reboot Shortcut,14532,07/11/2021, 04:13:42,71
RBTR00001,Reboot Shortcut,14532,07/11/2021, 05:09:33,71
RBTR00001,Reboot Shortcut,14533,07/11/2021, 06:13:34,71
RBTR00001,Reboot Shortcut,14533,07/11/2021, 07:10:06,71
RBTR00001,Reboot Shortcut,14533,07/11/2021, 08:11:50,71
RBTR00001,Reboot Shortcut,14533,07/11/2021, 09:11:29,71
RBTR00001,Reboot Shortcut,14533,07/11/2021, 10:11:21,71
RBTR00001,Reboot Shortcut,14533,07/11/2021, 11:08:37,71
RBTR00001,Reboot Shortcut,14533,07/11/2021, 12:15:44,71
RBTR00001,Reboot Shortcut,14533,07/11/2021, 13:14:38,71
RBTR00001,Reboot Shortcut,14533,07/11/2021, 14:09:23,71
RBTR00001,Reboot Shortcut,14533,07/11/2021, 15:11:55,71
RBTR00001,Reboot Shortcut,14533,07/11/2021, 16:15:16,71
RBTR00001,Reboot Shortcut,14533,07/11/2021, 17:15:56,71
RBTR00001,Reboot Shortcut,14535,07/11/2021, 18:12:53,71
RBTR00001,Reboot Shortcut,14535,07/11/2021, 19:08:34,71
RBTR00001,Reboot Shortcut,14535,07/11/2021, 20:10:27,71
RBTR00001,Reboot Shortcut,14536,07/11/2021, 21:10:19,71
RBTR00001,Reboot Shortcut,14537,07/11/2021, 22:10:23,71
RBTR00001,Reboot Shortcut,14537,07/11/2021, 23:10:43,71
RBTR00001,Reboot Shortcut,14537,07/12/2021, 00:34:53,71
RBTR00001,Reboot Shortcut,14538,07/12/2021, 01:53:03,71
RBTR00001,Reboot Shortcut,14538,07/12/2021, 02:21:49,71
RBTR00001,Reboot Shortcut,14538,07/12/2021, 03:12:48,71
RBTR00001,Reboot Shortcut,14538,07/12/2021, 04:14:06,71
RBTR00001,Reboot Shortcut,14538,07/12/2021, 05:09:38,71
RBTR00001,Reboot Shortcut,14538,07/12/2021, 06:14:05,71
RBTR00001,Reboot Shortcut,14538,07/12/2021, 07:14:14,71
RBTR00001,Reboot Shortcut,14538,07/12/2021, 08:16:52,71
RBTR00001,Reboot Shortcut,14538,07/12/2021, 09:16:46,71
RBTR00001,Reboot Shortcut,14538,07/12/2021, 10:16:50,71
RBTR00001,Reboot Shortcut,14538,07/12/2021, 11:11:16,71
RBTR00001,Reboot Shortcut,14538,07/12/2021, 12:21:47,71
RBTR00001,Reboot Shortcut,14538,07/12/2021, 13:22:47,71
RBTR00001,Reboot Shortcut,14538,07/12/2021, 14:14:52,71
RBTR00001,Reboot Shortcut,14538,07/12/2021, 15:17:09,71
RBTR00001,Reboot Shortcut,14538,07/12/2021, 16:16:50,71
RBTR00001,Reboot Shortcut,14538,07/12/2021, 17:24:23,71
RBTR00001,Reboot Shortcut,14538,07/12/2021, 18:17:50,71
RBTR00001,Reboot Shortcut,14538,07/12/2021, 19:13:52,71
RBTR00001,Reboot Shortcut,14538,07/12/2021, 20:15:51,71
RBTR00001,Reboot Shortcut,14538,07/12/2021, 21:13:51,71
RBTR00001,Reboot Shortcut,14538,07/12/2021, 22:09:02,71
RBTR00001,Reboot Shortcut,14539,07/12/2021, 23:11:18,71
RBTR00001,Reboot Shortcut,14539,07/13/2021, 00:37:41,71
RBTR00001,Reboot Shortcut,14539,07/13/2021, 01:56:04,71
RBTR00001,Reboot Shortcut,14540,07/13/2021, 02:24:50,71
RBTR00001,Reboot Shortcut,14540,07/13/2021, 03:12:28,71
RBTR00001,Reboot Shortcut,14540,07/13/2021, 04:13:57,71
RBTR00001,Reboot Shortcut,14540,07/13/2021, 05:09:36,71
RBTR00001,Reboot Shortcut,14540,07/13/2021, 06:13:35,71
RBTR00001,Reboot Shortcut,14540,07/13/2021, 07:10:10,71
RBTR00001,Reboot Shortcut,14540,07/13/2021, 08:12:45,71
RBTR00001,Reboot Shortcut,14540,07/13/2021, 09:13:39,71
RBTR00001,Reboot Shortcut,14540,07/13/2021, 10:16:51,71
RBTR00001,Reboot Shortcut,14540,07/13/2021, 11:12:30,71
RBTR00001,Reboot Shortcut,14540,07/13/2021, 12:22:53,71
RBTR00001,Reboot Shortcut,14540,07/13/2021, 13:23:51,71
RBTR00001,Reboot Shortcut,14541,07/13/2021, 14:14:17,71
RBTR00001,Reboot Shortcut,14541,07/13/2021, 15:17:52,71
RBTR00001,Reboot Shortcut,14541,07/13/2021, 16:17:24,71
RBTR00001,Reboot Shortcut,14541,07/13/2021, 17:21:22,71
RBTR00001,Reboot Shortcut,14541,07/13/2021, 18:13:41,71
RBTR00001,Reboot Shortcut,14541,07/13/2021, 19:13:52,71
RBTR00001,Reboot Shortcut,14541,07/13/2021, 20:15:48,71
RBTR00001,Reboot Shortcut,14541,07/13/2021, 21:10:27,71
RBTR00001,Reboot Shortcut,14541,07/13/2021, 23:11:21,71
RBTR00001,Reboot Shortcut,14541,07/14/2021, 00:32:57,71
RBTR00001,Reboot Shortcut,14541,07/14/2021, 01:51:19,71
RBTR00001,Reboot Shortcut,14541,07/14/2021, 02:21:41,71
RBTR00001,Reboot Shortcut,14541,07/14/2021, 03:12:19,71
RBTR00001,Reboot Shortcut,14541,07/14/2021, 04:14:05,71
RBTR00001,Reboot Shortcut,14541,07/14/2021, 05:09:42,71
RBTR00001,Reboot Shortcut,14541,07/14/2021, 06:13:33,71
RBTR00001,Reboot Shortcut,14541,07/14/2021, 07:10:04,71
RBTR00001,Reboot Shortcut,14541,07/14/2021, 08:12:29,71
RBTR00001,Reboot Shortcut,14541,07/14/2021, 09:15:57,71
RBTR00001,Reboot Shortcut,14541,07/14/2021, 10:13:59,71
RBTR00001,Reboot Shortcut,14542,07/14/2021, 11:09:11,71
RBTR00001,Reboot Shortcut,14542,07/14/2021, 12:20:25,71
RBTR00001,Reboot Shortcut,14542,07/14/2021, 13:20:04,71
RBTR00001,Reboot Shortcut,14542,07/14/2021, 14:09:54,71
RBTR00001,Reboot Shortcut,14542,07/14/2021, 15:12:18,71
RBTR00001,Reboot Shortcut,14542,07/14/2021, 16:20:59,71
RBTR00001,Reboot Shortcut,14542,07/14/2021, 17:22:29,71
RBTR00001,Reboot Shortcut,14543,07/14/2021, 18:17:47,71
RBTR00001,Reboot Shortcut,14544,07/14/2021, 19:10:27,71
RBTR00001,Reboot Shortcut,14544,07/14/2021, 20:13:19,71
RBTR00001,Reboot Shortcut,14544,07/14/2021, 21:10:41,71
RBTR00001,Reboot Shortcut,14544,07/14/2021, 22:10:56,71
RBTR00001,Reboot Shortcut,14544,07/14/2021, 23:10:59,71
RBTR00001,Reboot Shortcut,14544,07/15/2021, 00:35:14,71
RBTR00001,Reboot Shortcut,14544,07/15/2021, 01:55:47,71
RBTR00001,Reboot Shortcut,14544,07/15/2021, 02:24:19,71
RBTR00001,Reboot Shortcut,14544,07/15/2021, 03:12:24,71
RBTR00001,Reboot Shortcut,14544,07/15/2021, 04:13:50,71
RBTR00001,Reboot Shortcut,14544,07/15/2021, 05:09:47,71
RBTR00001,Reboot Shortcut,14544,07/15/2021, 06:13:42,71
RBTR00001,Reboot Shortcut,14544,07/15/2021, 08:12:36,71
RBTR00001,Reboot Shortcut,14544,07/15/2021, 09:16:51,71
RBTR00001,Reboot Shortcut,14544,07/15/2021, 10:14:36,71
RBTR00001,Reboot Shortcut,14544,07/15/2021, 11:09:16,71
RBTR00001,Reboot Shortcut,14544,07/15/2021, 12:21:50,71
RBTR00001,Reboot Shortcut,14544,07/15/2021, 13:17:37,71
RBTR00001,Reboot Shortcut,14544,07/15/2021, 14:14:57,71
RBTR00001,Reboot Shortcut,14545,07/15/2021, 15:17:05,71
RBTR00001,Reboot Shortcut,14545,07/15/2021, 16:16:37,71
RBTR00001,Reboot Shortcut,14545,07/15/2021, 17:18:12,71
RBTR00001,Reboot Shortcut,14545,07/15/2021, 18:13:17,71
RBTR00001,Reboot Shortcut,14545,07/15/2021, 19:09:26,71
RBTR00001,Reboot Shortcut,14545,07/15/2021, 20:15:06,71
RBTR00001,Reboot Shortcut,14545,07/15/2021, 21:10:39,71
RBTR00001,Reboot Shortcut,14545,07/15/2021, 22:10:43,71
RBTR00001,Reboot Shortcut,14545,07/15/2021, 23:11:33,71
RBTR00001,Reboot Shortcut,14545,07/16/2021, 00:36:16,71
RBTR00001,Reboot Shortcut,14546,07/16/2021, 01:57:00,71
RBTR00001,Reboot Shortcut,14546,07/16/2021, 02:27:04,71
RBTR00001,Reboot Shortcut,14546,07/16/2021, 03:12:12,71
RBTR00001,Reboot Shortcut,14546,07/16/2021, 04:14:07,71
RBTR00001,Reboot Shortcut,14546,07/16/2021, 05:09:31,71
RBTR00001,Reboot Shortcut,14546,07/16/2021, 06:13:50,71
RBTR00001,Reboot Shortcut,14546,07/16/2021, 07:10:15,71
RBTR00001,Reboot Shortcut,14546,07/16/2021, 08:13:07,71
RBTR00001,Reboot Shortcut,14546,07/16/2021, 09:11:27,71
RBTR00001,Reboot Shortcut,14546,07/16/2021, 10:12:15,71
RBTR00001,Reboot Shortcut,14546,07/16/2021, 11:09:31,71
RBTR00001,Reboot Shortcut,14546,07/16/2021, 12:17:03,71
RBTR00001,Reboot Shortcut,14546,07/16/2021, 13:17:24,71
RBTR00001,Reboot Shortcut,14546,07/16/2021, 14:14:50,71
RBTR00001,Reboot Shortcut,14546,07/16/2021, 15:16:52,71
RBTR00001,Reboot Shortcut,14546,07/16/2021, 16:16:38,71
RBTR00001,Reboot Shortcut,14547,07/16/2021, 17:19:36,71
RBTR00001,Reboot Shortcut,14548,07/16/2021, 18:13:24,71
RBTR00001,Reboot Shortcut,14548,07/16/2021, 19:08:55,71
RBTR00001,Reboot Shortcut,14548,07/16/2021, 20:11:13,71
RBTR00001,Reboot Shortcut,14548,07/16/2021, 21:10:18,71
RBTR00001,Reboot Shortcut,14548,07/16/2021, 22:10:47,71
RBTR00001,Reboot Shortcut,14548,07/16/2021, 23:10:48,71
RBTR00001,Reboot Shortcut,14548,07/17/2021, 00:35:23,71
RBTR00001,Reboot Shortcut,14548,07/17/2021, 01:52:07,71
RBTR00001,Reboot Shortcut,14548,07/17/2021, 02:23:49,71
RBTR00001,Reboot Shortcut,14548,07/17/2021, 03:12:09,71
RBTR00001,Reboot Shortcut,14548,07/17/2021, 04:13:50,71
RBTR00001,Reboot Shortcut,14548,07/17/2021, 05:09:19,71
RBTR00001,Reboot Shortcut,14548,07/17/2021, 06:13:10,71
RBTR00001,Reboot Shortcut,14548,07/17/2021, 07:09:59,71
RBTR00001,Reboot Shortcut,14548,07/17/2021, 08:11:57,71
RBTR00001,Reboot Shortcut,14548,07/17/2021, 09:11:30,71
RBTR00001,Reboot Shortcut,14548,07/17/2021, 10:11:42,71
RBTR00001,Reboot Shortcut,14548,07/17/2021, 11:09:00,71
RBTR00001,Reboot Shortcut,14548,07/17/2021, 12:16:03,71
RBTR00001,Reboot Shortcut,14548,07/17/2021, 13:15:27,71
RBTR00001,Reboot Shortcut,14548,07/17/2021, 14:09:35,71
RBTR00001,Reboot Shortcut,14548,07/17/2021, 15:11:57,71
RBTR00001,Reboot Shortcut,14548,07/17/2021, 16:15:50,71
RBTR00001,Reboot Shortcut,14548,07/17/2021, 17:16:50,71
RBTR00001,Reboot Shortcut,14548,07/17/2021, 18:12:41,71
RBTR00001,Reboot Shortcut,14548,07/17/2021, 19:08:36,71
RBTR00001,Reboot Shortcut,14548,07/17/2021, 20:10:37,71
RBTR00001,Reboot Shortcut,14548,07/17/2021, 21:10:12,71
RBTR00001,Reboot Shortcut,14549,07/17/2021, 22:10:28,71
RBTR00001,Reboot Shortcut,14549,07/17/2021, 23:10:40,71
RBTR00001,Reboot Shortcut,14549,07/18/2021, 00:36:37,71
RBTR00001,Reboot Shortcut,14549,07/18/2021, 01:54:58,71
RBTR00001,Reboot Shortcut,14549,07/18/2021, 02:23:23,71
RBTR00001,Reboot Shortcut,14549,07/18/2021, 03:12:06,71
RBTR00001,Reboot Shortcut,14549,07/18/2021, 04:13:48,71
RBTR00001,Reboot Shortcut,14549,07/18/2021, 05:09:27,71
RBTR00001,Reboot Shortcut,14549,07/18/2021, 06:13:23,71
RBTR00001,Reboot Shortcut,14549,07/18/2021, 07:10:04,71
RBTR00001,Reboot Shortcut,14549,07/18/2021, 08:12:09,71
RBTR00001,Reboot Shortcut,14549,07/18/2021, 09:11:29,71
RBTR00001,Reboot Shortcut,14549,07/18/2021, 10:11:34,71
RBTR00001,Reboot Shortcut,14549,07/18/2021, 11:08:44,71
RBTR00001,Reboot Shortcut,14549,07/18/2021, 12:15:49,71
RBTR00001,Reboot Shortcut,14550,07/18/2021, 13:15:10,71
RBTR00001,Reboot Shortcut,14550,07/18/2021, 14:09:52,71
RBTR00001,Reboot Shortcut,14550,07/18/2021, 15:12:13,71
RBTR00001,Reboot Shortcut,14550,07/18/2021, 16:15:36,71
RBTR00001,Reboot Shortcut,14551,07/18/2021, 17:16:18,71
RBTR00001,Reboot Shortcut,14551,07/18/2021, 18:13:06,71
RBTR00001,Reboot Shortcut,14552,07/18/2021, 19:08:45,71
RBTR00001,Reboot Shortcut,14553,07/18/2021, 20:10:43,71
RBTR00001,Reboot Shortcut,14553,07/18/2021, 21:10:17,71
RBTR00001,Reboot Shortcut,14553,07/18/2021, 22:10:29,71
RBTR00001,Reboot Shortcut,14553,07/18/2021, 23:10:43,71
RBTR00001,Reboot Shortcut,14553,07/19/2021, 00:35:52,71
RBTR00001,Reboot Shortcut,14553,07/19/2021, 01:56:21,71
RBTR00001,Reboot Shortcut,14553,07/19/2021, 02:25:54,71
RBTR00001,Reboot Shortcut,14554,07/19/2021, 03:12:27,71
RBTR00001,Reboot Shortcut,14554,07/19/2021, 04:14:45,71
RBTR00001,Reboot Shortcut,14554,07/19/2021, 05:10:08,71
RBTR00001,Reboot Shortcut,14554,07/19/2021, 06:14:05,71
RBTR00001,Reboot Shortcut,14554,07/19/2021, 07:10:05,71
RBTR00001,Reboot Shortcut,14554,07/19/2021, 08:17:01,71
RBTR00001,Reboot Shortcut,14554,07/19/2021, 09:15:58,71
RBTR00001,Reboot Shortcut,14554,07/19/2021, 10:16:47,71
RBTR00001,Reboot Shortcut,14554,07/19/2021, 11:10:43,71
RBTR00001,Reboot Shortcut,14554,07/19/2021, 12:17:06,71
RBTR00001,Reboot Shortcut,14555,07/19/2021, 13:22:51,71
RBTR00001,Reboot Shortcut,14555,07/19/2021, 14:14:48,71
RBTR00001,Reboot Shortcut,14555,07/19/2021, 15:17:00,71
RBTR00001,Reboot Shortcut,14555,07/19/2021, 16:20:55,71
RBTR00001,Reboot Shortcut,14555,07/19/2021, 17:22:53,71
RBTR00001,Reboot Shortcut,14555,07/19/2021, 18:14:04,71
RBTR00001,Reboot Shortcut,14555,07/19/2021, 19:08:54,71
RBTR00001,Reboot Shortcut,14555,07/19/2021, 20:15:49,71
RBTR00001,Reboot Shortcut,14555,07/19/2021, 21:10:41,71
RBTR00001,Reboot Shortcut,14555,07/19/2021, 22:10:59,71
RBTR00001,Reboot Shortcut,14555,07/19/2021, 23:10:50,71
RBTR00001,Reboot Shortcut,14555,07/20/2021, 00:38:05,71
RBTR00001,Reboot Shortcut,14555,07/20/2021, 02:00:49,71
RBTR00001,Reboot Shortcut,14555,07/20/2021, 03:12:28,71
RBTR00001,Reboot Shortcut,14555,07/20/2021, 04:13:59,71
RBTR00001,Reboot Shortcut,14555,07/20/2021, 05:09:31,71
RBTR00001,Reboot Shortcut,14555,07/20/2021, 06:13:45,71
RBTR00001,Reboot Shortcut,14555,07/20/2021, 07:10:08,71
RBTR00001,Reboot Shortcut,14555,07/20/2021, 08:12:53,71
RBTR00001,Reboot Shortcut,14555,07/20/2021, 09:12:22,71
RBTR00001,Reboot Shortcut,14555,07/20/2021, 10:16:50,71
RBTR00001,Reboot Shortcut,14555,07/20/2021, 11:11:52,71
RBTR00001,Reboot Shortcut,14555,07/20/2021, 12:16:52,71
RBTR00001,Reboot Shortcut,14555,07/20/2021, 13:17:35,71
RBTR00001,Reboot Shortcut,14555,07/20/2021, 14:10:00,71
RBTR00001,Reboot Shortcut,14555,07/20/2021, 15:16:44,71
RBTR00001,Reboot Shortcut,14555,07/20/2021, 16:20:52,71
RBTR00001,Reboot Shortcut,14557,07/20/2021, 17:22:48,71
RBTR00001,Reboot Shortcut,14557,07/20/2021, 18:17:54,71
RBTR00001,Reboot Shortcut,14557,07/20/2021, 19:14:53,71
RBTR00001,Reboot Shortcut,14557,07/20/2021, 20:11:38,71
RBTR00001,Reboot Shortcut,14557,07/20/2021, 21:10:17,71
RBTR00001,Reboot Shortcut,14557,07/20/2021, 22:10:46,71
RBTR00001,Reboot Shortcut,14557,07/20/2021, 23:11:09,71
RBTR00001,Reboot Shortcut,14557,07/21/2021, 00:37:39,71
RBTR00001,Reboot Shortcut,14557,07/21/2021, 01:58:01,71
RBTR00001,Reboot Shortcut,14557,07/21/2021, 02:28:33,71
RBTR00001,Reboot Shortcut,14557,07/21/2021, 03:12:40,71
RBTR00001,Reboot Shortcut,14557,07/21/2021, 04:14:08,71
RBTR00001,Reboot Shortcut,14557,07/21/2021, 05:09:44,71
RBTR00001,Reboot Shortcut,14557,07/21/2021, 06:13:57,71
RBTR00001,Reboot Shortcut,14557,07/21/2021, 07:10:09,71
RBTR00001,Reboot Shortcut,14557,07/21/2021, 08:18:04,71
RBTR00001,Reboot Shortcut,14557,07/21/2021, 09:16:00,71
RBTR00001,Reboot Shortcut,14558,07/21/2021, 10:13:16,71
RBTR00001,Reboot Shortcut,14559,07/21/2021, 11:09:13,71
RBTR00001,Reboot Shortcut,14559,07/21/2021, 12:16:57,71
RBTR00001,Reboot Shortcut,14559,07/21/2021, 13:21:52,71
RBTR00001,Reboot Shortcut,14559,07/21/2021, 14:12:00,71
RBTR00001,Reboot Shortcut,14559,07/21/2021, 15:16:56,71
RBTR00001,Reboot Shortcut,14559,07/21/2021, 16:18:45,71
RBTR00001,Reboot Shortcut,14559,07/21/2021, 17:19:55,71
RBTR00001,Reboot Shortcut,14559,07/21/2021, 18:13:40,71
RBTR00001,Reboot Shortcut,14559,07/21/2021, 19:09:04,71
RBTR00001,Reboot Shortcut,14560,07/21/2021, 20:12:06,71
RBTR00001,Reboot Shortcut,14560,07/21/2021, 21:11:23,71
RBTR00001,Reboot Shortcut,14560,07/21/2021, 22:10:42,71
RBTR00001,Reboot Shortcut,14560,07/21/2021, 23:10:58,71
RBTR00001,Reboot Shortcut,14560,07/22/2021, 00:36:23,71
RBTR00001,Reboot Shortcut,14561,07/22/2021, 01:59:31,71
RBTR00001,Reboot Shortcut,14561,07/22/2021, 02:32:52,71
RBTR00001,Reboot Shortcut,14561,07/22/2021, 03:13:21,71
RBTR00001,Reboot Shortcut,14561,07/22/2021, 04:14:19,71
RBTR00001,Reboot Shortcut,14561,07/22/2021, 05:08:09,71
RBTR00001,Reboot Shortcut,14562,07/22/2021, 06:14:37,71
RBTR00001,Reboot Shortcut,14562,07/22/2021, 07:10:15,71
RBTR00001,Reboot Shortcut,14562,07/22/2021, 08:12:28,71
RBTR00001,Reboot Shortcut,14562,07/22/2021, 09:11:22,71
RBTR00001,Reboot Shortcut,14562,07/22/2021, 10:12:14,71
RBTR00001,Reboot Shortcut,14562,07/22/2021, 11:09:18,71
RBTR00001,Reboot Shortcut,14562,07/22/2021, 12:16:44,71
RBTR00001,Reboot Shortcut,14562,07/22/2021, 13:22:50,71
RBTR00001,Reboot Shortcut,14562,07/22/2021, 14:13:17,71
RBTR00001,Reboot Shortcut,14562,07/22/2021, 15:17:57,71
RBTR00001,Reboot Shortcut,14562,07/22/2021, 16:18:35,71
RBTR00001,Reboot Shortcut,14562,07/22/2021, 17:19:31,71
RBTR00001,Reboot Shortcut,14562,07/22/2021, 18:13:17,71
RBTR00001,Reboot Shortcut,14562,07/22/2021, 19:08:56,71
RBTR00001,Reboot Shortcut,14562,07/22/2021, 20:11:52,71
RBTR00001,Reboot Shortcut,14562,07/22/2021, 21:10:12,71
RBTR00001,Reboot Shortcut,14563,07/22/2021, 22:10:39,71
RBTR00001,Reboot Shortcut,14563,07/22/2021, 23:10:50,71
RBTR00001,Reboot Shortcut,14563,07/23/2021, 00:36:59,71
RBTR00001,Reboot Shortcut,14563,07/23/2021, 01:57:07,71
RBTR00001,Reboot Shortcut,14563,07/23/2021, 02:26:53,71
RBTR00001,Reboot Shortcut,14563,07/23/2021, 03:12:18,71
RBTR00001,Reboot Shortcut,14563,07/23/2021, 04:14:33,71
RBTR00001,Reboot Shortcut,14563,07/23/2021, 05:09:46,71
RBTR00001,Reboot Shortcut,14563,07/23/2021, 06:14:01,71
RBTR00001,Reboot Shortcut,14563,07/23/2021, 07:10:08,71
RBTR00001,Reboot Shortcut,14563,07/23/2021, 08:12:58,71
RBTR00001,Reboot Shortcut,14563,07/23/2021, 09:11:42,71
RBTR00001,Reboot Shortcut,14564,07/23/2021, 10:12:13,71
RBTR00001,Reboot Shortcut,14564,07/23/2021, 11:09:26,71
RBTR00001,Reboot Shortcut,14564,07/23/2021, 12:16:47,71
RBTR00001,Reboot Shortcut,14564,07/23/2021, 13:17:10,71
RBTR00001,Reboot Shortcut,14565,07/23/2021, 14:14:12,71
RBTR00001,Reboot Shortcut,14565,07/23/2021, 15:13:14,71
RBTR00001,Reboot Shortcut,14565,07/23/2021, 16:16:35,71
RBTR00001,Reboot Shortcut,14565,07/23/2021, 17:18:43,71
RBTR00001,Reboot Shortcut,14565,07/23/2021, 18:13:03,71
RBTR00001,Reboot Shortcut,14566,07/23/2021, 19:08:57,71
RBTR00001,Reboot Shortcut,14566,07/23/2021, 20:11:08,71
RBTR00001,Reboot Shortcut,14567,07/23/2021, 21:10:33,71
RBTR00001,Reboot Shortcut,14567,07/23/2021, 22:10:44,71
RBTR00001,Reboot Shortcut,14567,07/23/2021, 23:10:45,71
RBTR00001,Reboot Shortcut,14567,07/24/2021, 00:34:17,71
RBTR00001,Reboot Shortcut,14567,07/24/2021, 01:53:43,71
RBTR00001,Reboot Shortcut,14567,07/24/2021, 02:24:36,71
RBTR00001,Reboot Shortcut,14568,07/24/2021, 03:12:14,71
RBTR00001,Reboot Shortcut,14568,07/24/2021, 04:13:55,71
RBTR00001,Reboot Shortcut,14568,07/24/2021, 05:09:19,71
RBTR00001,Reboot Shortcut,14568,07/24/2021, 06:13:29,71
RBTR00001,Reboot Shortcut,14568,07/24/2021, 07:10:01,71
RBTR00001,Reboot Shortcut,14568,07/24/2021, 08:12:05,71
RBTR00001,Reboot Shortcut,14568,07/24/2021, 09:11:11,71
RBTR00001,Reboot Shortcut,14568,07/24/2021, 10:11:37,71
RBTR00001,Reboot Shortcut,14568,07/24/2021, 11:08:56,71
RBTR00001,Reboot Shortcut,14568,07/24/2021, 12:15:58,71
RBTR00001,Reboot Shortcut,14568,07/24/2021, 13:15:31,71
RBTR00001,Reboot Shortcut,14569,07/24/2021, 14:09:38,71
RBTR00001,Reboot Shortcut,14569,07/24/2021, 15:12:08,71
RBTR00001,Reboot Shortcut,14569,07/24/2021, 16:15:37,71
RBTR00001,Reboot Shortcut,14569,07/24/2021, 17:16:17,71
RBTR00001,Reboot Shortcut,14569,07/24/2021, 18:12:57,71
RBTR00001,Reboot Shortcut,14569,07/24/2021, 19:08:42,71
RBTR00001,Reboot Shortcut,14569,07/24/2021, 20:10:58,71
RBTR00001,Reboot Shortcut,14569,07/24/2021, 21:10:18,71
RBTR00001,Reboot Shortcut,14569,07/24/2021, 22:10:31,71
RBTR00001,Reboot Shortcut,14570,07/24/2021, 23:11:03,71
RBTR00001,Reboot Shortcut,14570,07/25/2021, 00:36:09,71
RBTR00001,Reboot Shortcut,14570,07/25/2021, 01:55:05,71
RBTR00001,Reboot Shortcut,14571,07/25/2021, 02:23:40,71
RBTR00001,Reboot Shortcut,14571,07/25/2021, 03:12:09,71
RBTR00001,Reboot Shortcut,14571,07/25/2021, 04:14:07,71
RBTR00001,Reboot Shortcut,14571,07/25/2021, 05:09:13,71
RBTR00001,Reboot Shortcut,14571,07/25/2021, 06:13:26,71
RBTR00001,Reboot Shortcut,14571,07/25/2021, 07:10:03,71
RBTR00001,Reboot Shortcut,14571,07/25/2021, 08:12:06,71
RBTR00001,Reboot Shortcut,14571,07/25/2021, 09:11:10,71
RBTR00001,Reboot Shortcut,14571,07/25/2021, 10:11:36,71
RBTR00001,Reboot Shortcut,14571,07/25/2021, 11:09:03,71
RBTR00001,Reboot Shortcut,14571,07/25/2021, 12:16:19,71
RBTR00001,Reboot Shortcut,14571,07/25/2021, 13:15:32,71
RBTR00001,Reboot Shortcut,14571,07/25/2021, 14:09:37,71
RBTR00001,Reboot Shortcut,14571,07/25/2021, 15:12:03,71
RBTR00001,Reboot Shortcut,14571,07/25/2021, 16:15:29,71
RBTR00001,Reboot Shortcut,14571,07/25/2021, 17:16:26,71
RBTR00001,Reboot Shortcut,14571,07/25/2021, 18:12:32,71
RBTR00001,Reboot Shortcut,14571,07/25/2021, 19:08:50,71
RBTR00001,Reboot Shortcut,14572,07/25/2021, 20:10:40,71
RBTR00001,Reboot Shortcut,14572,07/25/2021, 21:10:16,71
RBTR00001,Reboot Shortcut,14573,07/25/2021, 22:10:28,71
RBTR00001,Reboot Shortcut,14573,07/25/2021, 23:10:46,71
RBTR00001,Reboot Shortcut,14575,07/26/2021, 00:35:19,71
RBTR00001,Reboot Shortcut,14575,07/26/2021, 01:57:43,71
RBTR00001,Reboot Shortcut,14575,07/26/2021, 02:28:43,71
RBTR00001,Reboot Shortcut,14575,07/26/2021, 03:11:36,71
RBTR00001,Reboot Shortcut,14575,07/26/2021, 04:14:14,71
RBTR00001,Reboot Shortcut,14575,07/26/2021, 05:09:41,71
RBTR00001,Reboot Shortcut,14575,07/26/2021, 06:13:55,71
RBTR00001,Reboot Shortcut,14575,07/26/2021, 07:14:56,71
RBTR00001,Reboot Shortcut,14575,07/26/2021, 08:17:55,71
RBTR00001,Reboot Shortcut,14575,07/26/2021, 09:19:36,71
RBTR00001,Reboot Shortcut,14575,07/26/2021, 10:30:59,71
RBTR00001,Reboot Shortcut,14575,07/26/2021, 11:16:53,71
RBTR00001,Reboot Shortcut,14576,07/26/2021, 12:17:10,71
RBTR00001,Reboot Shortcut,14576,07/26/2021, 13:22:56,71
RBTR00001,Reboot Shortcut,14576,07/26/2021, 14:14:59,71
RBTR00001,Reboot Shortcut,14576,07/26/2021, 15:16:58,71
RBTR00001,Reboot Shortcut,14576,07/26/2021, 16:20:58,71
RBTR00001,Reboot Shortcut,14576,07/26/2021, 17:19:36,71
RBTR00001,Reboot Shortcut,14576,07/26/2021, 18:18:01,71
RBTR00001,Reboot Shortcut,14576,07/26/2021, 19:13:55,71
RBTR00001,Reboot Shortcut,14576,07/26/2021, 20:12:37,71
RBTR00001,Reboot Shortcut,14576,07/26/2021, 21:12:53,71
RBTR00001,Reboot Shortcut,14576,07/26/2021, 22:11:53,71
RBTR00001,Reboot Shortcut,14576,07/26/2021, 23:10:59,71
RBTR00001,Reboot Shortcut,14578,07/27/2021, 00:37:27,71
RBTR00001,Reboot Shortcut,14578,07/27/2021, 02:00:08,71
RBTR00001,Reboot Shortcut,14579,07/27/2021, 02:33:12,71
RBTR00001,Reboot Shortcut,14579,07/27/2021, 03:12:38,71
RBTR00001,Reboot Shortcut,14579,07/27/2021, 04:13:23,71
RBTR00001,Reboot Shortcut,14579,07/27/2021, 05:10:07,71
RBTR00001,Reboot Shortcut,14579,07/27/2021, 06:13:59,71
RBTR00001,Reboot Shortcut,14579,07/27/2021, 07:10:17,71
RBTR00001,Reboot Shortcut,14579,07/27/2021, 09:14:24,71
RBTR00001,Reboot Shortcut,14579,07/27/2021, 10:16:54,71
RBTR00001,Reboot Shortcut,14579,07/27/2021, 11:09:10,71
RBTR00001,Reboot Shortcut,14579,07/27/2021, 12:17:03,71
RBTR00001,Reboot Shortcut,14580,07/27/2021, 13:18:21,71
RBTR00001,Reboot Shortcut,14580,07/27/2021, 14:10:05,71
RBTR00001,Reboot Shortcut,14582,07/27/2021, 15:17:02,71
RBTR00001,Reboot Shortcut,14582,07/27/2021, 16:21:53,71
RBTR00001,Reboot Shortcut,14582,07/27/2021, 17:18:20,71
RBTR00001,Reboot Shortcut,14582,07/27/2021, 18:17:52,71
RBTR00001,Reboot Shortcut,14582,07/27/2021, 19:09:14,71
RBTR00001,Reboot Shortcut,14582,07/27/2021, 20:09:40,71
RBTR00001,Reboot Shortcut,14582,07/27/2021, 21:11:35,71
RBTR00001,Reboot Shortcut,14582,07/27/2021, 22:10:49,71
RBTR00001,Reboot Shortcut,14582,07/27/2021, 23:11:14,71
RBTR00001,Reboot Shortcut,14582,07/28/2021, 00:37:15,71
RBTR00001,Reboot Shortcut,14582,07/28/2021, 01:58:55,71
RBTR00001,Reboot Shortcut,14582,07/28/2021, 02:30:46,71
RBTR00001,Reboot Shortcut,14582,07/28/2021, 03:12:18,71
RBTR00001,Reboot Shortcut,14582,07/28/2021, 04:13:53,71
RBTR00001,Reboot Shortcut,14582,07/28/2021, 05:10:30,71
RBTR00001,Reboot Shortcut,14582,07/28/2021, 06:14:29,71
RBTR00001,Reboot Shortcut,14582,07/28/2021, 07:10:00,71
RBTR00001,Reboot Shortcut,14582,07/28/2021, 08:12:19,71
RBTR00001,Reboot Shortcut,14582,07/28/2021, 09:11:54,71
RBTR00001,Reboot Shortcut,14583,07/28/2021, 10:16:50,71
RBTR00001,Reboot Shortcut,14583,07/28/2021, 11:09:14,71
RBTR00001,Reboot Shortcut,14583,07/28/2021, 12:17:14,71
RBTR00001,Reboot Shortcut,14583,07/28/2021, 13:25:52,71
RBTR00001,Reboot Shortcut,14583,07/28/2021, 14:11:24,71
RBTR00001,Reboot Shortcut,14583,07/28/2021, 15:13:06,71
RBTR00001,Reboot Shortcut,14583,07/28/2021, 16:17:17,71
RBTR00001,Reboot Shortcut,14583,07/28/2021, 17:19:40,71
RBTR00001,Reboot Shortcut,14583,07/28/2021, 18:13:30,71
RBTR00001,Reboot Shortcut,14583,07/28/2021, 19:09:13,71
RBTR00001,Reboot Shortcut,14583,07/28/2021, 20:12:43,71
RBTR00001,Reboot Shortcut,14583,07/28/2021, 21:10:45,71
RBTR00001,Reboot Shortcut,14583,07/28/2021, 22:10:23,71
RBTR00001,Reboot Shortcut,14584,07/28/2021, 23:11:26,71
RBTR00001,Reboot Shortcut,14584,07/29/2021, 00:35:15,71
RBTR00001,Reboot Shortcut,14584,07/29/2021, 01:56:51,71
RBTR00001,Reboot Shortcut,14584,07/29/2021, 02:27:01,71
RBTR00001,Reboot Shortcut,14584,07/29/2021, 03:12:45,71
RBTR00001,Reboot Shortcut,14584,07/29/2021, 04:14:21,71
RBTR00001,Reboot Shortcut,14584,07/29/2021, 05:10:05,71
RBTR00001,Reboot Shortcut,14584,07/29/2021, 06:13:55,71
RBTR00001,Reboot Shortcut,14584,07/29/2021, 07:10:15,71
RBTR00001,Reboot Shortcut,14585,07/29/2021, 08:17:05,71
RBTR00001,Reboot Shortcut,14585,07/29/2021, 09:16:00,71
RBTR00001,Reboot Shortcut,14586,07/29/2021, 10:13:27,71
RBTR00001,Reboot Shortcut,14586,07/29/2021, 11:09:07,71
RBTR00001,Reboot Shortcut,14587,07/29/2021, 12:17:10,71
RBTR00001,Reboot Shortcut,14587,07/29/2021, 13:24:00,71
RBTR00001,Reboot Shortcut,14588,07/29/2021, 14:14:40,71
RBTR00001,Reboot Shortcut,14588,07/29/2021, 15:12:31,71
RBTR00001,Reboot Shortcut,14588,07/29/2021, 16:17:28,71
RBTR00001,Reboot Shortcut,14589,07/29/2021, 17:18:49,71
RBTR00001,Reboot Shortcut,14589,07/29/2021, 18:17:52,71
RBTR00001,Reboot Shortcut,14590,07/29/2021, 19:12:25,71
RBTR00001,Reboot Shortcut,14592,07/29/2021, 20:15:54,71
RBTR00001,Reboot Shortcut,14594,07/29/2021, 21:10:34,71
RBTR00001,Reboot Shortcut,14594,07/29/2021, 22:11:40,71
RBTR00001,Reboot Shortcut,14594,07/29/2021, 23:10:58,71
RBTR00001,Reboot Shortcut,14594,07/30/2021, 00:36:39,71
RBTR00001,Reboot Shortcut,14595,07/30/2021, 02:00:49,71
RBTR00001,Reboot Shortcut,14595,07/30/2021, 03:12:08,71
RBTR00001,Reboot Shortcut,14595,07/30/2021, 04:14:52,71
RBTR00001,Reboot Shortcut,14597,07/30/2021, 05:09:50,71
RBTR00001,Reboot Shortcut,14597,07/30/2021, 06:13:56,71
RBTR00001,Reboot Shortcut,14597,07/30/2021, 07:10:07,71
RBTR00001,Reboot Shortcut,14597,07/30/2021, 08:12:46,71
RBTR00001,Reboot Shortcut,14597,07/30/2021, 09:11:35,71
RBTR00001,Reboot Shortcut,14597,07/30/2021, 10:13:13,71
RBTR00001,Reboot Shortcut,14598,07/30/2021, 11:09:20,71
RBTR00001,Reboot Shortcut,14598,07/30/2021, 12:17:09,71
RBTR00001,Reboot Shortcut,14598,07/30/2021, 13:18:50,71
RBTR00001,Reboot Shortcut,14599,07/30/2021, 14:15:00,71
RBTR00001,Reboot Shortcut,14600,07/30/2021, 15:17:02,71
RBTR00001,Reboot Shortcut,14602,07/30/2021, 16:16:22,71
RBTR00001,Reboot Shortcut,14603,07/30/2021, 17:17:32,71
RBTR00001,Reboot Shortcut,14603,07/30/2021, 18:13:16,71
RBTR00001,Reboot Shortcut,14603,07/30/2021, 19:08:54,71
RBTR00001,Reboot Shortcut,14603,07/30/2021, 20:11:21,71
RBTR00001,Reboot Shortcut,14603,07/30/2021, 21:10:08,71
RBTR00001,Reboot Shortcut,14604,07/30/2021, 22:10:42,71
RBTR00001,Reboot Shortcut,14605,07/30/2021, 23:11:05,71
RBTR00001,Reboot Shortcut,14606,07/31/2021, 00:36:15,71
RBTR00001,Reboot Shortcut,14606,07/31/2021, 01:53:49,71
RBTR00001,Reboot Shortcut,14606,07/31/2021, 02:25:13,71
RBTR00001,Reboot Shortcut,14606,07/31/2021, 03:12:15,71
RBTR00001,Reboot Shortcut,14606,07/31/2021, 04:14:09,71
RBTR00001,Reboot Shortcut,14606,07/31/2021, 05:09:19,71
RBTR00001,Reboot Shortcut,14606,07/31/2021, 06:13:12,71
RBTR00001,Reboot Shortcut,14606,07/31/2021, 07:10:05,71
RBTR00001,Reboot Shortcut,14606,07/31/2021, 08:12:06,71
RBTR00001,Reboot Shortcut,14606,07/31/2021, 09:11:16,71
RBTR00001,Reboot Shortcut,14607,07/31/2021, 10:11:25,71
RBTR00001,Reboot Shortcut,14607,07/31/2021, 11:08:49,71
RBTR00001,Reboot Shortcut,14607,07/31/2021, 12:16:40,71
RBTR00001,Reboot Shortcut,14607,07/31/2021, 13:16:05,71
RBTR00001,Reboot Shortcut,14607,07/31/2021, 14:09:34,71
RBTR00001,Reboot Shortcut,14607,07/31/2021, 15:11:44,71
RBTR00001,Reboot Shortcut,14607,07/31/2021, 16:15:55,71
RBTR00001,Reboot Shortcut,14607,07/31/2021, 17:16:51,71
RBTR00001,Reboot Shortcut,14607,07/31/2021, 18:12:45,71
RBTR00001,Reboot Shortcut,14607,07/31/2021, 19:08:48,71
RBTR00001,Reboot Shortcut,14608,07/31/2021, 20:11:09,71
RBTR00001,Reboot Shortcut,14608,07/31/2021, 21:10:18,71
RBTR00001,Reboot Shortcut,14608,07/31/2021, 22:10:36,71
RBTR00001,Reboot Shortcut,14608,07/31/2021, 23:10:52,71
RBTR00001,Reboot Shortcut,14608,08/01/2021, 00:41:33,71
RBTR00001,Reboot Shortcut,14608,08/01/2021, 02:01:21,71
RBTR00001,Reboot Shortcut,14608,08/01/2021, 03:12:04,71
RBTR00001,Reboot Shortcut,14608,08/01/2021, 04:13:55,71
RBTR00001,Reboot Shortcut,14609,08/01/2021, 05:09:19,71
RBTR00001,Reboot Shortcut,14609,08/01/2021, 06:13:35,71
RBTR00001,Reboot Shortcut,14609,08/01/2021, 07:10:01,71
RBTR00001,Reboot Shortcut,14609,08/01/2021, 08:12:24,71
RBTR00001,Reboot Shortcut,14610,08/01/2021, 09:11:11,71
RBTR00001,Reboot Shortcut,14610,08/01/2021, 10:11:52,71
RBTR00001,Reboot Shortcut,14610,08/01/2021, 11:08:44,71
RBTR00001,Reboot Shortcut,14611,08/01/2021, 12:16:11,71
RBTR00001,Reboot Shortcut,14611,08/01/2021, 13:15:40,71
RBTR00001,Reboot Shortcut,14611,08/01/2021, 14:09:38,71
RBTR00001,Reboot Shortcut,14611,08/01/2021, 15:11:43,71
RBTR00001,Reboot Shortcut,14611,08/01/2021, 16:15:44,71
RBTR00001,Reboot Shortcut,14611,08/01/2021, 17:16:12,71
RBTR00001,Reboot Shortcut,14612,08/01/2021, 18:12:41,71
RBTR00001,Reboot Shortcut,14613,08/01/2021, 19:08:41,71
RBTR00001,Reboot Shortcut,14613,08/01/2021, 20:12:02,71
RBTR00001,Reboot Shortcut,14613,08/01/2021, 21:10:04,71
RBTR00001,Reboot Shortcut,14614,08/01/2021, 22:10:30,71
RBTR00001,Reboot Shortcut,14614,08/01/2021, 23:10:50,71
RBTR00001,Reboot Shortcut,14614,08/02/2021, 00:36:09,71
RBTR00001,Reboot Shortcut,14614,08/02/2021, 01:55:20,71
RBTR00001,Reboot Shortcut,14614,08/02/2021, 02:24:33,71
RBTR00001,Reboot Shortcut,14614,08/02/2021, 03:12:15,71
RBTR00001,Reboot Shortcut,14615,08/02/2021, 04:14:15,71
RBTR00001,Reboot Shortcut,14615,08/02/2021, 05:09:35,71
RBTR00001,Reboot Shortcut,14615,08/02/2021, 06:13:55,71
RBTR00001,Reboot Shortcut,14615,08/02/2021, 07:14:54,71
RBTR00001,Reboot Shortcut,14615,08/02/2021, 08:20:33,71
RBTR00001,Reboot Shortcut,14616,08/02/2021, 09:16:04,71
RBTR00001,Reboot Shortcut,14616,08/02/2021, 10:16:53,71
RBTR00001,Reboot Shortcut,14617,08/02/2021, 11:14:00,71
RBTR00001,Reboot Shortcut,14617,08/02/2021, 12:22:00,71
RBTR00001,Reboot Shortcut,14617,08/02/2021, 13:22:58,71
RBTR00001,Reboot Shortcut,14617,08/02/2021, 14:15:05,71
RBTR00001,Reboot Shortcut,14617,08/02/2021, 15:16:54,71
RBTR00001,Reboot Shortcut,14617,08/02/2021, 16:21:55,71
RBTR00001,Reboot Shortcut,14618,08/02/2021, 17:22:51,71
RBTR00001,Reboot Shortcut,14618,08/02/2021, 18:18:03,71
RBTR00001,Reboot Shortcut,14618,08/02/2021, 19:12:51,71
RBTR00001,Reboot Shortcut,14618,08/02/2021, 20:16:50,71
RBTR00001,Reboot Shortcut,14618,08/02/2021, 21:11:39,71
RBTR00001,Reboot Shortcut,14618,08/02/2021, 22:10:54,71
RBTR00001,Reboot Shortcut,14618,08/02/2021, 23:11:07,71
RBTR00001,Reboot Shortcut,14619,08/03/2021, 00:40:57,71
RBTR00001,Reboot Shortcut,14619,08/03/2021, 02:02:55,71
RBTR00001,Reboot Shortcut,14619,08/03/2021, 03:12:05,71
RBTR00001,Reboot Shortcut,14620,08/03/2021, 04:14:00,71
RBTR00001,Reboot Shortcut,14621,08/03/2021, 05:09:34,71
RBTR00001,Reboot Shortcut,14621,08/03/2021, 06:13:27,71
RBTR00001,Reboot Shortcut,14621,08/03/2021, 07:10:21,71
RBTR00001,Reboot Shortcut,14622,08/03/2021, 08:15:19,71
RBTR00001,Reboot Shortcut,14622,08/03/2021, 09:14:37,71
RBTR00001,Reboot Shortcut,14622,08/03/2021, 10:17:55,71
RBTR00001,Reboot Shortcut,14622,08/03/2021, 11:09:49,71
RBTR00001,Reboot Shortcut,14704,08/19/2021, 18:13:33,71
RBTR00001,Reboot Shortcut,14706,08/19/2021, 19:12:30,71
RBTR00001,Reboot Shortcut,14706,08/19/2021, 20:16:54,71
RBTR00001,Reboot Shortcut,14706,08/19/2021, 21:12:33,71
RBTR00001,Reboot Shortcut,14706,08/19/2021, 22:09:21,71
RBTR00001,Reboot Shortcut,14706,08/19/2021, 23:11:11,71
RBTR00001,Reboot Shortcut,14706,08/20/2021, 00:35:34,71
RBTR00001,Reboot Shortcut,14706,08/20/2021, 01:50:31,71
RBTR00001,Reboot Shortcut,14706,08/20/2021, 02:21:09,71
RBTR00001,Reboot Shortcut,14706,08/20/2021, 03:12:04,71
RBTR00001,Reboot Shortcut,14706,08/20/2021, 04:14:18,71
RBTR00001,Reboot Shortcut,14706,08/20/2021, 05:10:35,71
RBTR00001,Reboot Shortcut,14707,08/20/2021, 06:13:37,71
RBTR00001,Reboot Shortcut,14707,08/20/2021, 07:11:33,71
RBTR00001,Reboot Shortcut,14708,08/20/2021, 08:17:56,71
RBTR00001,Reboot Shortcut,14708,08/20/2021, 09:16:12,71
RBTR00001,Reboot Shortcut,14708,08/20/2021, 10:14:52,71
RBTR00001,Reboot Shortcut,14708,08/20/2021, 11:09:32,71
RBTR00001,Reboot Shortcut,14708,08/20/2021, 12:18:17,71
RBTR00001,Reboot Shortcut,14708,08/20/2021, 13:22:55,71
RBTR00001,Reboot Shortcut,14709,08/20/2021, 14:14:56,71
RBTR00001,Reboot Shortcut,14709,08/20/2021, 15:16:51,71
RBTR00001,Reboot Shortcut,14709,08/20/2021, 16:17:00,71
RBTR00001,Reboot Shortcut,14709,08/20/2021, 17:16:57,71
RBTR00001,Reboot Shortcut,14709,08/20/2021, 18:13:16,71
RBTR00001,Reboot Shortcut,14709,08/20/2021, 19:09:24,71
RBTR00001,Reboot Shortcut,14709,08/20/2021, 20:11:20,71
RBTR00001,Reboot Shortcut,14709,08/20/2021, 21:10:08,71
RBTR00001,Reboot Shortcut,14709,08/20/2021, 22:10:56,71
RBTR00001,Reboot Shortcut,14709,08/20/2021, 23:11:13,71
RBTR00001,Reboot Shortcut,14709,08/21/2021, 00:35:21,71
RBTR00001,Reboot Shortcut,14709,08/21/2021, 01:50:14,71
RBTR00001,Reboot Shortcut,14709,08/21/2021, 02:23:45,71
RBTR00001,Reboot Shortcut,14709,08/21/2021, 03:11:58,71
RBTR00001,Reboot Shortcut,14710,08/21/2021, 04:14:00,71
RBTR00001,Reboot Shortcut,14711,08/21/2021, 05:09:38,71
RBTR00001,Reboot Shortcut,14711,08/21/2021, 06:13:05,71
RBTR00001,Reboot Shortcut,14711,08/21/2021, 07:10:51,71
RBTR00001,Reboot Shortcut,14712,08/21/2021, 08:12:29,71
RBTR00001,Reboot Shortcut,14712,08/21/2021, 09:10:47,71
RBTR00001,Reboot Shortcut,14712,08/21/2021, 10:11:58,71
RBTR00001,Reboot Shortcut,14712,08/21/2021, 11:09:13,71
RBTR00001,Reboot Shortcut,14712,08/21/2021, 12:16:29,71
RBTR00001,Reboot Shortcut,14712,08/21/2021, 13:16:16,71
RBTR00001,Reboot Shortcut,14712,08/21/2021, 14:09:59,71
RBTR00001,Reboot Shortcut,14712,08/21/2021, 15:11:33,71
RBTR00001,Reboot Shortcut,14712,08/21/2021, 16:15:46,71
RBTR00001,Reboot Shortcut,14713,08/21/2021, 17:15:32,71
RBTR00001,Reboot Shortcut,14714,08/21/2021, 18:12:45,71
RBTR00001,Reboot Shortcut,14714,08/21/2021, 19:08:34,71
RBTR00001,Reboot Shortcut,14714,08/21/2021, 20:10:59,71
RBTR00001,Reboot Shortcut,14714,08/21/2021, 21:09:56,71
RBTR00001,Reboot Shortcut,14715,08/21/2021, 22:10:44,71
RBTR00001,Reboot Shortcut,14715,08/21/2021, 23:10:47,71
RBTR00001,Reboot Shortcut,14715,08/22/2021, 00:35:05,71
RBTR00001,Reboot Shortcut,14715,08/22/2021, 01:51:15,71
RBTR00001,Reboot Shortcut,14715,08/22/2021, 02:21:21,71
RBTR00001,Reboot Shortcut,14715,08/22/2021, 03:11:51,71
RBTR00001,Reboot Shortcut,14715,08/22/2021, 04:14:10,71
RBTR00001,Reboot Shortcut,14715,08/22/2021, 05:09:34,71
RBTR00001,Reboot Shortcut,14715,08/22/2021, 06:13:13,71
RBTR00001,Reboot Shortcut,14715,08/22/2021, 07:10:43,71
RBTR00001,Reboot Shortcut,14715,08/22/2021, 08:12:02,71
RBTR00001,Reboot Shortcut,14715,08/22/2021, 09:11:06,71
RBTR00001,Reboot Shortcut,14715,08/22/2021, 10:11:43,71
RBTR00001,Reboot Shortcut,14715,08/22/2021, 11:09:22,71
RBTR00001,Reboot Shortcut,14715,08/22/2021, 12:16:32,71
RBTR00001,Reboot Shortcut,14717,08/22/2021, 13:16:45,71
RBTR00001,Reboot Shortcut,14717,08/22/2021, 14:09:38,71
RBTR00001,Reboot Shortcut,14718,08/22/2021, 15:12:03,71
RBTR00001,Reboot Shortcut,14719,08/22/2021, 16:15:38,71
RBTR00001,Reboot Shortcut,14719,08/22/2021, 17:15:30,71
RBTR00001,Reboot Shortcut,14719,08/22/2021, 18:12:20,71
RBTR00001,Reboot Shortcut,14719,08/22/2021, 19:08:46,71
RBTR00001,Reboot Shortcut,14719,08/22/2021, 20:11:16,71
RBTR00001,Reboot Shortcut,14719,08/22/2021, 21:09:38,71
RBTR00001,Reboot Shortcut,14719,08/22/2021, 22:10:52,71
RBTR00001,Reboot Shortcut,14719,08/22/2021, 23:11:00,71
RBTR00001,Reboot Shortcut,14719,08/23/2021, 00:33:13,71
RBTR00001,Reboot Shortcut,14720,08/23/2021, 01:45:10,71
RBTR00001,Reboot Shortcut,14720,08/23/2021, 02:20:32,71
RBTR00001,Reboot Shortcut,14720,08/23/2021, 03:11:43,71
RBTR00001,Reboot Shortcut,14720,08/23/2021, 04:14:32,71
RBTR00001,Reboot Shortcut,14720,08/23/2021, 05:09:53,71
RBTR00001,Reboot Shortcut,14720,08/23/2021, 06:13:48,71
RBTR00001,Reboot Shortcut,14720,08/23/2021, 07:15:53,71
RBTR00001,Reboot Shortcut,14720,08/23/2021, 08:17:57,71
RBTR00001,Reboot Shortcut,14720,08/23/2021, 09:16:02,71
RBTR00001,Reboot Shortcut,14720,08/23/2021, 10:17:07,71
RBTR00001,Reboot Shortcut,14720,08/23/2021, 11:14:59,71
RBTR00001,Reboot Shortcut,14720,08/23/2021, 12:21:57,71
RBTR00001,Reboot Shortcut,14720,08/23/2021, 13:22:54,71
RBTR00001,Reboot Shortcut,14720,08/23/2021, 14:15:00,71
RBTR00001,Reboot Shortcut,14720,08/23/2021, 15:14:54,71
RBTR00001,Reboot Shortcut,14720,08/23/2021, 16:17:26,71
RBTR00001,Reboot Shortcut,14722,08/23/2021, 17:18:01,71
RBTR00001,Reboot Shortcut,14722,08/23/2021, 18:18:57,71
RBTR00001,Reboot Shortcut,14722,08/23/2021, 19:12:59,71
RBTR00001,Reboot Shortcut,14722,08/23/2021, 20:15:58,71
RBTR00001,Reboot Shortcut,14724,08/23/2021, 21:14:57,71
RBTR00001,Reboot Shortcut,14724,08/23/2021, 22:13:08,71
RBTR00001,Reboot Shortcut,14724,08/23/2021, 23:11:20,71
RBTR00001,Reboot Shortcut,14724,08/24/2021, 00:34:13,71
RBTR00001,Reboot Shortcut,14724,08/24/2021, 01:48:30,71
RBTR00001,Reboot Shortcut,14724,08/24/2021, 02:19:50,71
RBTR00001,Reboot Shortcut,14724,08/24/2021, 03:11:53,71
RBTR00001,Reboot Shortcut,14724,08/24/2021, 04:14:17,71
RBTR00001,Reboot Shortcut,14724,08/24/2021, 05:09:54,71
RBTR00001,Reboot Shortcut,14724,08/24/2021, 06:13:26,71
RBTR00001,Reboot Shortcut,14724,08/24/2021, 07:11:18,71
RBTR00001,Reboot Shortcut,14724,08/24/2021, 08:18:01,71
RBTR00001,Reboot Shortcut,14725,08/24/2021, 09:16:01,71
RBTR00001,Reboot Shortcut,14725,08/24/2021, 10:12:40,71
RBTR00001,Reboot Shortcut,14726,08/24/2021, 11:13:53,71
RBTR00001,Reboot Shortcut,14726,08/24/2021, 12:21:59,71
RBTR00001,Reboot Shortcut,14727,08/24/2021, 13:17:32,71
RBTR00001,Reboot Shortcut,14727,08/24/2021, 14:14:54,71
RBTR00001,Reboot Shortcut,14727,08/24/2021, 15:15:40,71
RBTR00001,Reboot Shortcut,14727,08/24/2021, 16:16:31,71
RBTR00001,Reboot Shortcut,14727,08/24/2021, 17:21:48,71
RBTR00001,Reboot Shortcut,14727,08/24/2021, 18:16:55,71
RBTR00001,Reboot Shortcut,14728,08/24/2021, 19:13:54,71
RBTR00001,Reboot Shortcut,14728,08/24/2021, 20:13:39,71
RBTR00001,Reboot Shortcut,14728,08/24/2021, 21:13:50,71
RBTR00001,Reboot Shortcut,14728,08/24/2021, 22:11:10,71
RBTR00001,Reboot Shortcut,14728,08/24/2021, 23:11:23,71
RBTR00001,Reboot Shortcut,14728,08/25/2021, 00:35:33,71
RBTR00001,Reboot Shortcut,14728,08/25/2021, 01:50:58,71
RBTR00001,Reboot Shortcut,14728,08/25/2021, 02:21:22,71
RBTR00001,Reboot Shortcut,14728,08/25/2021, 03:11:46,71
RBTR00001,Reboot Shortcut,14728,08/25/2021, 04:14:11,71
RBTR00001,Reboot Shortcut,14728,08/25/2021, 05:09:55,71
RBTR00001,Reboot Shortcut,14728,08/25/2021, 06:13:23,71
RBTR00001,Reboot Shortcut,14729,08/25/2021, 07:15:58,71
RBTR00001,Reboot Shortcut,14729,08/25/2021, 08:13:46,71
RBTR00001,Reboot Shortcut,14729,08/25/2021, 09:15:59,71
RBTR00001,Reboot Shortcut,14729,08/25/2021, 10:17:57,71
RBTR00001,Reboot Shortcut,14730,08/25/2021, 11:14:00,71
RBTR00001,Reboot Shortcut,14730,08/25/2021, 12:21:51,71
RBTR00001,Reboot Shortcut,14730,08/25/2021, 13:23:00,71
RBTR00001,Reboot Shortcut,14730,08/25/2021, 14:14:55,71
RBTR00001,Reboot Shortcut,14730,08/25/2021, 15:14:19,71
RBTR00001,Reboot Shortcut,14730,08/25/2021, 17:21:50,71
RBTR00001,Reboot Shortcut,14731,08/25/2021, 18:17:08,71
RBTR00001,Reboot Shortcut,14731,08/25/2021, 19:13:38,71
RBTR00001,Reboot Shortcut,14732,08/25/2021, 20:16:05,71
RBTR00001,Reboot Shortcut,14732,08/25/2021, 21:14:57,71
RBTR00001,Reboot Shortcut,14732,08/25/2021, 22:11:06,71
RBTR00001,Reboot Shortcut,14733,08/25/2021, 23:11:21,71
RBTR00001,Reboot Shortcut,14733,08/26/2021, 00:33:57,71
RBTR00001,Reboot Shortcut,14733,08/26/2021, 01:48:31,71
RBTR00001,Reboot Shortcut,14733,08/26/2021, 02:20:13,71
RBTR00001,Reboot Shortcut,14733,08/26/2021, 03:11:26,71
RBTR00001,Reboot Shortcut,14734,08/26/2021, 04:14:16,71
RBTR00001,Reboot Shortcut,14734,08/26/2021, 05:09:57,71
RBTR00001,Reboot Shortcut,14734,08/26/2021, 06:13:12,71
RBTR00001,Reboot Shortcut,14734,08/26/2021, 07:10:58,71
RBTR00001,Reboot Shortcut,14735,08/26/2021, 08:18:10,71
RBTR00001,Reboot Shortcut,14735,08/26/2021, 09:15:58,71
RBTR00001,Reboot Shortcut,14735,08/26/2021, 10:17:00,71
RBTR00001,Reboot Shortcut,14735,08/26/2021, 11:11:46,71
RBTR00001,Reboot Shortcut,14736,08/26/2021, 12:22:55,71
RBTR00001,Reboot Shortcut,14736,08/26/2021, 13:22:59,71
RBTR00001,Reboot Shortcut,14737,08/26/2021, 14:15:03,71
RBTR00001,Reboot Shortcut,14737,08/26/2021, 15:16:55,71
RBTR00001,Reboot Shortcut,14737,08/26/2021, 16:17:38,71
RBTR00001,Reboot Shortcut,14737,08/26/2021, 17:17:46,71
RBTR00001,Reboot Shortcut,14737,08/26/2021, 18:13:03,71
RBTR00001,Reboot Shortcut,14738,08/26/2021, 19:14:44,71
RBTR00001,Reboot Shortcut,14738,08/26/2021, 20:15:54,71
RBTR00001,Reboot Shortcut,14738,08/26/2021, 21:10:21,71
RBTR00001,Reboot Shortcut,14738,08/26/2021, 22:11:02,71
RBTR00001,Reboot Shortcut,14738,08/26/2021, 23:11:15,71
RBTR00001,Reboot Shortcut,14739,08/27/2021, 00:38:58,71
RBTR00001,Reboot Shortcut,14739,08/27/2021, 01:55:13,71
RBTR00001,Reboot Shortcut,14739,08/27/2021, 02:24:13,71
RBTR00001,Reboot Shortcut,14739,08/27/2021, 03:11:28,71
RBTR00001,Reboot Shortcut,14739,08/27/2021, 04:14:15,71
RBTR00001,Reboot Shortcut,14739,08/27/2021, 05:09:48,71
RBTR00001,Reboot Shortcut,14739,08/27/2021, 06:13:24,71
RBTR00001,Reboot Shortcut,14739,08/27/2021, 07:12:29,71
RBTR00001,Reboot Shortcut,14739,08/27/2021, 08:17:50,71
RBTR00001,Reboot Shortcut,14739,08/27/2021, 09:15:57,71
RBTR00001,Reboot Shortcut,14739,08/27/2021, 10:16:56,71
RBTR00001,Reboot Shortcut,14739,08/27/2021, 11:09:14,71
RBTR00001,Reboot Shortcut,14740,08/27/2021, 12:18:45,71
RBTR00001,Reboot Shortcut,14740,08/27/2021, 13:21:51,71
RBTR00001,Reboot Shortcut,14740,08/27/2021, 14:14:49,71
RBTR00001,Reboot Shortcut,14740,08/27/2021, 15:16:54,71
RBTR00001,Reboot Shortcut,14740,08/27/2021, 16:20:41,71
RBTR00001,Reboot Shortcut,14741,08/27/2021, 17:16:50,71
RBTR00001,Reboot Shortcut,14741,08/27/2021, 18:15:19,71
RBTR00001,Reboot Shortcut,14741,08/27/2021, 19:09:16,71
RBTR00001,Reboot Shortcut,14741,08/27/2021, 20:11:27,71
RBTR00001,Reboot Shortcut,14741,08/27/2021, 21:09:45,71
RBTR00001,Reboot Shortcut,14741,08/27/2021, 22:11:02,71
RBTR00001,Reboot Shortcut,14741,08/27/2021, 23:11:10,71
RBTR00001,Reboot Shortcut,14741,08/28/2021, 00:34:18,71
RBTR00001,Reboot Shortcut,14741,08/28/2021, 01:46:22,71
RBTR00001,Reboot Shortcut,14741,08/28/2021, 02:22:01,71
RBTR00001,Reboot Shortcut,14741,08/28/2021, 03:11:32,71
RBTR00001,Reboot Shortcut,14741,08/28/2021, 04:13:54,71
RBTR00001,Reboot Shortcut,14741,08/28/2021, 05:09:37,71
RBTR00001,Reboot Shortcut,14741,08/28/2021, 06:12:49,71
RBTR00001,Reboot Shortcut,14741,08/28/2021, 07:10:37,71
RBTR00001,Reboot Shortcut,14741,08/28/2021, 08:12:31,71
RBTR00001,Reboot Shortcut,14741,08/28/2021, 09:10:26,71
RBTR00001,Reboot Shortcut,14741,08/28/2021, 10:11:50,71
RBTR00001,Reboot Shortcut,14742,08/28/2021, 11:09:06,71
RBTR00001,Reboot Shortcut,14742,08/28/2021, 12:16:12,71
RBTR00001,Reboot Shortcut,14742,08/28/2021, 13:15:16,71
RBTR00001,Reboot Shortcut,14743,08/28/2021, 15:11:16,71
RBTR00001,Reboot Shortcut,14744,08/28/2021, 16:16:05,71
RBTR00001,Reboot Shortcut,14744,08/28/2021, 17:15:24,71
RBTR00001,Reboot Shortcut,14744,08/28/2021, 18:12:15,71
RBTR00001,Reboot Shortcut,14745,08/28/2021, 19:08:38,71
RBTR00001,Reboot Shortcut,14745,08/28/2021, 20:11:00,71
RBTR00001,Reboot Shortcut,14745,08/28/2021, 21:09:31,71
RBTR00001,Reboot Shortcut,14745,08/28/2021, 22:10:41,71
RBTR00001,Reboot Shortcut,14746,08/28/2021, 23:11:12,71
RBTR00001,Reboot Shortcut,14746,08/29/2021, 00:37:29,71
RBTR00001,Reboot Shortcut,14746,08/29/2021, 01:53:46,71
RBTR00001,Reboot Shortcut,14747,08/29/2021, 02:22:09,71
RBTR00001,Reboot Shortcut,14747,08/29/2021, 03:11:23,71
RBTR00001,Reboot Shortcut,14748,08/29/2021, 04:13:54,71
RBTR00001,Reboot Shortcut,14748,08/29/2021, 05:09:32,71
RBTR00001,Reboot Shortcut,14749,08/29/2021, 06:12:44,71
RBTR00001,Reboot Shortcut,14750,08/29/2021, 07:10:45,71
RBTR00001,Reboot Shortcut,14750,08/29/2021, 08:12:30,71
RBTR00001,Reboot Shortcut,14750,08/29/2021, 09:10:20,71
RBTR00001,Reboot Shortcut,14751,08/29/2021, 10:11:56,71
RBTR00001,Reboot Shortcut,14751,08/29/2021, 11:08:59,71
RBTR00001,Reboot Shortcut,14751,08/29/2021, 12:16:17,71
RBTR00001,Reboot Shortcut,14751,08/29/2021, 13:15:22,71
RBTR00001,Reboot Shortcut,14751,08/29/2021, 14:10:01,71
RBTR00001,Reboot Shortcut,14751,08/29/2021, 15:11:27,71
RBTR00001,Reboot Shortcut,14751,08/29/2021, 16:15:40,71
RBTR00001,Reboot Shortcut,14751,08/29/2021, 17:15:36,71
RBTR00001,Reboot Shortcut,14751,08/29/2021, 18:12:12,71
RBTR00001,Reboot Shortcut,14751,08/29/2021, 19:08:58,71
RBTR00001,Reboot Shortcut,14751,08/29/2021, 20:10:55,71
RBTR00001,Reboot Shortcut,14752,08/29/2021, 21:09:33,71
RBTR00001,Reboot Shortcut,14752,08/29/2021, 22:10:38,71
RBTR00001,Reboot Shortcut,14752,08/29/2021, 23:10:55,71
RBTR00001,Reboot Shortcut,14753,08/30/2021, 00:36:01,71
RBTR00001,Reboot Shortcut,14753,08/30/2021, 01:51:24,71
RBTR00001,Reboot Shortcut,14753,08/30/2021, 02:21:18,71
RBTR00001,Reboot Shortcut,14753,08/30/2021, 03:11:57,71
RBTR00001,Reboot Shortcut,14755,08/30/2021, 04:14:21,71
RBTR00001,Reboot Shortcut,14755,08/30/2021, 05:09:55,71
RBTR00001,Reboot Shortcut,14755,08/30/2021, 06:13:26,71
RBTR00001,Reboot Shortcut,14756,08/30/2021, 07:14:36,71
RBTR00001,Reboot Shortcut,14756,08/30/2021, 08:17:55,71
RBTR00001,Reboot Shortcut,14756,08/30/2021, 09:15:56,71
RBTR00001,Reboot Shortcut,14756,08/30/2021, 10:16:58,71
RBTR00001,Reboot Shortcut,14756,08/30/2021, 11:13:56,71
RBTR00001,Reboot Shortcut,14756,08/30/2021, 12:22:02,71
RBTR00001,Reboot Shortcut,14756,08/30/2021, 13:23:01,71
RBTR00001,Reboot Shortcut,14756,08/30/2021, 14:15:08,71
RBTR00001,Reboot Shortcut,14756,08/30/2021, 15:17:04,71
RBTR00001,Reboot Shortcut,14756,08/30/2021, 16:18:51,71
RBTR00001,Reboot Shortcut,14756,08/30/2021, 17:22:03,71
RBTR00001,Reboot Shortcut,14756,08/30/2021, 18:17:56,71
RBTR00001,Reboot Shortcut,14756,08/30/2021, 19:13:56,71
RBTR00001,Reboot Shortcut,14756,08/30/2021, 20:16:58,71
RBTR00001,Reboot Shortcut,14756,08/30/2021, 21:11:03,71
RBTR00001,Reboot Shortcut,14757,08/30/2021, 22:14:45,71
RBTR00001,Reboot Shortcut,14757,08/30/2021, 23:11:23,71
RBTR00001,Reboot Shortcut,14758,08/31/2021, 00:37:36,71
RBTR00001,Reboot Shortcut,14759,08/31/2021, 01:51:49,71
RBTR00001,Reboot Shortcut,14759,08/31/2021, 02:21:18,71
RBTR00001,Reboot Shortcut,14759,08/31/2021, 03:11:56,71
RBTR00001,Reboot Shortcut,14760,08/31/2021, 04:13:59,71
RBTR00001,Reboot Shortcut,14760,08/31/2021, 05:09:53,71
RBTR00001,Reboot Shortcut,14760,08/31/2021, 06:13:14,71
RBTR00001,Reboot Shortcut,14760,08/31/2021, 07:16:04,71
RBTR00001,Reboot Shortcut,14760,08/31/2021, 08:18:15,71
RBTR00001,Reboot Shortcut,14760,08/31/2021, 09:17:39,71
RBTR00001,Reboot Shortcut,14760,08/31/2021, 10:17:02,71
RBTR00001,Reboot Shortcut,14760,08/31/2021, 11:13:54,71
RBTR00001,Reboot Shortcut,14760,08/31/2021, 12:19:36,71
RBTR00001,Reboot Shortcut,14760,08/31/2021, 13:22:53,71
RBTR00001,Reboot Shortcut,14760,08/31/2021, 14:10:18,71
RBTR00001,Reboot Shortcut,14760,08/31/2021, 15:16:56,71
RBTR00001,Reboot Shortcut,14760,08/31/2021, 16:20:59,71
RBTR00001,Reboot Shortcut,14760,08/31/2021, 17:21:55,71
RBTR00001,Reboot Shortcut,14760,08/31/2021, 18:17:04,71
RBTR00001,Reboot Shortcut,14760,08/31/2021, 19:13:59,71
RBTR00001,Reboot Shortcut,14760,08/31/2021, 20:15:55,71
RBTR00001,Reboot Shortcut,14760,08/31/2021, 21:09:57,71
RBTR00001,Reboot Shortcut,14761,08/31/2021, 22:09:50,71
RBTR00001,Reboot Shortcut,14761,08/31/2021, 23:11:03,71
RBTR00001,Reboot Shortcut,14761,09/01/2021, 00:39:52,71
RBTR00001,Reboot Shortcut,14761,09/01/2021, 01:57:47,71
RBTR00001,Reboot Shortcut,14761,09/01/2021, 02:28:14,71
RBTR00001,Reboot Shortcut,14761,09/01/2021, 03:11:51,71
RBTR00001,Reboot Shortcut,14761,09/01/2021, 04:14:35,71
RBTR00001,Reboot Shortcut,14761,09/01/2021, 05:10:16,71
RBTR00001,Reboot Shortcut,14762,09/01/2021, 06:13:45,71
RBTR00001,Reboot Shortcut,14763,09/01/2021, 07:15:56,71
RBTR00001,Reboot Shortcut,14763,09/01/2021, 08:16:10,71
RBTR00001,Reboot Shortcut,14763,09/01/2021, 09:15:52,71
RBTR00001,Reboot Shortcut,14763,09/01/2021, 10:16:58,71
RBTR00001,Reboot Shortcut,14763,09/01/2021, 11:13:58,71
RBTR00001,Reboot Shortcut,14763,09/01/2021, 12:22:06,71
RBTR00001,Reboot Shortcut,14763,09/01/2021, 13:23:07,71
RBTR00001,Reboot Shortcut,14764,09/01/2021, 14:10:57,71
RBTR00001,Reboot Shortcut,14764,09/01/2021, 15:16:23,71
RBTR00001,Reboot Shortcut,14764,09/01/2021, 16:16:45,71
RBTR00001,Reboot Shortcut,14765,09/01/2021, 17:20:40,71
RBTR00001,Reboot Shortcut,14765,09/01/2021, 18:15:12,71
RBTR00001,Reboot Shortcut,14765,09/01/2021, 19:12:59,71
RBTR00001,Reboot Shortcut,14765,09/01/2021, 20:16:54,71
RBTR00001,Reboot Shortcut,14765,09/01/2021, 21:15:01,71
RBTR00001,Reboot Shortcut,14765,09/01/2021, 22:11:18,71
RBTR00001,Reboot Shortcut,14765,09/01/2021, 23:11:32,71
RBTR00001,Reboot Shortcut,14765,09/02/2021, 00:36:41,71
RBTR00001,Reboot Shortcut,14765,09/02/2021, 01:52:05,71
RBTR00001,Reboot Shortcut,14765,09/02/2021, 02:21:32,71
RBTR00001,Reboot Shortcut,14766,09/02/2021, 03:11:53,71
RBTR00001,Reboot Shortcut,14767,09/02/2021, 04:14:29,71
RBTR00001,Reboot Shortcut,14767,09/02/2021, 05:10:45,71
RBTR00001,Reboot Shortcut,14767,09/02/2021, 06:13:38,71
RBTR00001,Reboot Shortcut,14767,09/02/2021, 07:15:54,71
RBTR00001,Reboot Shortcut,14767,09/02/2021, 08:17:59,71
RBTR00001,Reboot Shortcut,14767,09/02/2021, 09:16:08,71
RBTR00001,Reboot Shortcut,14767,09/02/2021, 10:16:54,71
RBTR00001,Reboot Shortcut,14768,09/02/2021, 11:14:03,71
RBTR00001,Reboot Shortcut,14769,09/02/2021, 12:21:57,71
RBTR00001,Reboot Shortcut,14769,09/02/2021, 13:23:12,71
RBTR00001,Reboot Shortcut,14769,09/02/2021, 14:15:00,71
RBTR00001,Reboot Shortcut,14769,09/02/2021, 15:14:52,71
RBTR00001,Reboot Shortcut,14769,09/02/2021, 16:17:23,71
RBTR00001,Reboot Shortcut,14770,09/02/2021, 17:18:44,71
RBTR00001,Reboot Shortcut,14770,09/02/2021, 18:13:07,71
RBTR00001,Reboot Shortcut,14770,09/02/2021, 19:09:09,71
RBTR00001,Reboot Shortcut,14770,09/02/2021, 20:15:54,71
RBTR00001,Reboot Shortcut,14770,09/02/2021, 21:12:18,71
RBTR00001,Reboot Shortcut,14770,09/02/2021, 22:11:09,71
RBTR00001,Reboot Shortcut,14771,09/02/2021, 23:11:41,71
RBTR00001,Reboot Shortcut,14771,09/03/2021, 00:36:24,71
RBTR00001,Reboot Shortcut,14771,09/03/2021, 01:52:56,71
RBTR00001,Reboot Shortcut,14772,09/03/2021, 02:22:27,71
RBTR00001,Reboot Shortcut,14773,09/03/2021, 03:12:02,71
RBTR00001,Reboot Shortcut,14773,09/03/2021, 04:14:32,71
RBTR00001,Reboot Shortcut,14773,09/03/2021, 05:10:13,71
RBTR00001,Reboot Shortcut,14773,09/03/2021, 06:13:30,71
RBTR00001,Reboot Shortcut,14773,09/03/2021, 07:11:30,71
RBTR00001,Reboot Shortcut,14773,09/03/2021, 08:18:13,71
RBTR00001,Reboot Shortcut,14773,09/03/2021, 09:15:57,71
RBTR00001,Reboot Shortcut,14773,09/03/2021, 10:17:03,71
RBTR00001,Reboot Shortcut,14774,09/03/2021, 11:11:21,71
RBTR00001,Reboot Shortcut,14774,09/03/2021, 12:22:02,71
RBTR00001,Reboot Shortcut,14774,09/03/2021, 13:23:02,71
RBTR00001,Reboot Shortcut,14774,09/03/2021, 14:14:55,71
RBTR00001,Reboot Shortcut,14774,09/03/2021, 15:17:02,71
RBTR00001,Reboot Shortcut,14774,09/03/2021, 16:16:45,71
RBTR00001,Reboot Shortcut,14775,09/03/2021, 17:17:18,71
RBTR00001,Reboot Shortcut,14775,09/03/2021, 18:12:42,71
RBTR00001,Reboot Shortcut,14776,09/03/2021, 19:09:13,71
RBTR00001,Reboot Shortcut,14776,09/03/2021, 20:12:21,71
RBTR00001,Reboot Shortcut,14776,09/03/2021, 21:09:56,71
RBTR00001,Reboot Shortcut,14776,09/03/2021, 22:11:14,71
RBTR00001,Reboot Shortcut,14776,09/03/2021, 23:11:18,71
RBTR00001,Reboot Shortcut,14777,09/04/2021, 00:36:28,71
RBTR00001,Reboot Shortcut,14777,09/04/2021, 01:53:25,71
RBTR00001,Reboot Shortcut,14777,09/04/2021, 02:25:27,71
RBTR00001,Reboot Shortcut,14777,09/04/2021, 03:11:39,71
RBTR00001,Reboot Shortcut,14777,09/04/2021, 04:14:32,71
RBTR00001,Reboot Shortcut,14778,09/04/2021, 05:09:37,71
RBTR00001,Reboot Shortcut,14779,09/04/2021, 06:12:56,71
RBTR00001,Reboot Shortcut,14779,09/04/2021, 07:11:06,71
RBTR00001,Reboot Shortcut,14779,09/04/2021, 08:12:36,71
RBTR00001,Reboot Shortcut,14779,09/04/2021, 09:10:31,71
RBTR00001,Reboot Shortcut,14779,09/04/2021, 10:11:53,71
RBTR00001,Reboot Shortcut,14779,09/04/2021, 11:09:14,71
RBTR00001,Reboot Shortcut,14779,09/04/2021, 12:16:16,71
RBTR00001,Reboot Shortcut,14779,09/04/2021, 13:16:11,71
RBTR00001,Reboot Shortcut,14779,09/04/2021, 14:09:58,71
RBTR00001,Reboot Shortcut,14779,09/04/2021, 15:11:19,71
RBTR00001,Reboot Shortcut,14780,09/04/2021, 16:15:57,71
RBTR00001,Reboot Shortcut,14781,09/04/2021, 17:15:53,71
RBTR00001,Reboot Shortcut,14781,09/04/2021, 18:12:20,71
RBTR00001,Reboot Shortcut,14781,09/04/2021, 19:10:25,71
RBTR00001,Reboot Shortcut,14781,09/04/2021, 20:11:12,71
RBTR00001,Reboot Shortcut,14781,09/04/2021, 21:09:28,71
RBTR00001,Reboot Shortcut,14782,09/04/2021, 22:10:46,71
RBTR00001,Reboot Shortcut,14782,09/04/2021, 23:10:44,71
RBTR00001,Reboot Shortcut,14782,09/05/2021, 00:39:27,71
RBTR00001,Reboot Shortcut,14782,09/05/2021, 01:55:10,71
RBTR00001,Reboot Shortcut,14782,09/05/2021, 02:23:47,71
RBTR00001,Reboot Shortcut,14782,09/05/2021, 03:11:41,71
RBTR00001,Reboot Shortcut,14782,09/05/2021, 04:14:19,71
RBTR00001,Reboot Shortcut,14782,09/05/2021, 05:09:45,71
RBTR00001,Reboot Shortcut,14782,09/05/2021, 06:12:57,71
RBTR00001,Reboot Shortcut,14783,09/05/2021, 07:11:00,71
RBTR00001,Reboot Shortcut,14783,09/05/2021, 08:12:39,71
RBTR00001,Reboot Shortcut,14783,09/05/2021, 09:10:39,71
RBTR00001,Reboot Shortcut,14783,09/05/2021, 10:11:58,71
RBTR00001,Reboot Shortcut,14783,09/05/2021, 11:09:06,71
RBTR00001,Reboot Shortcut,14783,09/05/2021, 12:16:34,71
RBTR00001,Reboot Shortcut,14784,09/05/2021, 13:16:46,71
RBTR00001,Reboot Shortcut,14784,09/05/2021, 14:09:58,71
RBTR00001,Reboot Shortcut,14784,09/05/2021, 15:11:16,71
RBTR00001,Reboot Shortcut,14784,09/05/2021, 16:16:00,71
RBTR00001,Reboot Shortcut,14785,09/05/2021, 17:15:54,71
RBTR00001,Reboot Shortcut,14785,09/05/2021, 18:12:17,71
RBTR00001,Reboot Shortcut,14785,09/05/2021, 19:08:49,71
RBTR00001,Reboot Shortcut,14786,09/05/2021, 20:11:21,71
RBTR00001,Reboot Shortcut,14786,09/05/2021, 21:09:27,71
RBTR00001,Reboot Shortcut,14787,09/05/2021, 22:11:48,71
RBTR00001,Reboot Shortcut,14787,09/05/2021, 23:11:12,71
RBTR00001,Reboot Shortcut,14787,09/06/2021, 00:40:28,71
RBTR00001,Reboot Shortcut,14788,09/06/2021, 01:58:11,71
RBTR00001,Reboot Shortcut,14788,09/06/2021, 02:28:28,71
RBTR00001,Reboot Shortcut,14788,09/06/2021, 03:11:52,71
RBTR00001,Reboot Shortcut,14788,09/06/2021, 04:14:17,71
RBTR00001,Reboot Shortcut,14788,09/06/2021, 05:10:26,71
RBTR00001,Reboot Shortcut,14788,09/06/2021, 06:13:37,71
RBTR00001,Reboot Shortcut,14788,09/06/2021, 07:11:39,71
RBTR00001,Reboot Shortcut,14789,09/06/2021, 08:17:52,71
RBTR00001,Reboot Shortcut,14789,09/06/2021, 09:16:01,71
RBTR00001,Reboot Shortcut,14789,09/06/2021, 10:17:55,71
RBTR00001,Reboot Shortcut,14789,09/06/2021, 11:14:04,71
RBTR00001,Reboot Shortcut,14789,09/06/2021, 12:22:01,71
RBTR00001,Reboot Shortcut,14789,09/06/2021, 13:20:37,71
RBTR00001,Reboot Shortcut,14789,09/06/2021, 14:10:50,71
RBTR00001,Reboot Shortcut,14789,09/06/2021, 15:11:43,71
RBTR00001,Reboot Shortcut,14790,09/06/2021, 16:16:36,71
RBTR00001,Reboot Shortcut,14791,09/06/2021, 17:17:32,71
RBTR00001,Reboot Shortcut,14791,09/06/2021, 18:12:43,71
RBTR00001,Reboot Shortcut,14791,09/06/2021, 19:09:02,71
RBTR00001,Reboot Shortcut,14791,09/06/2021, 20:11:40,71
RBTR00001,Reboot Shortcut,14791,09/06/2021, 21:10:00,71
RBTR00001,Reboot Shortcut,14791,09/06/2021, 22:10:57,71
RBTR00001,Reboot Shortcut,14791,09/06/2021, 23:11:04,71
RBTR00001,Reboot Shortcut,14791,09/07/2021, 00:35:19,71
RBTR00001,Reboot Shortcut,14791,09/07/2021, 01:50:37,71
RBTR00001,Reboot Shortcut,14791,09/07/2021, 02:21:29,71
RBTR00001,Reboot Shortcut,14791,09/07/2021, 03:11:49,71
RBTR00001,Reboot Shortcut,14791,09/07/2021, 04:14:14,71
RBTR00001,Reboot Shortcut,14791,09/07/2021, 05:10:02,71
RBTR00001,Reboot Shortcut,14791,09/07/2021, 06:13:28,71
RBTR00001,Reboot Shortcut,14791,09/07/2021, 07:12:04,71
RBTR00001,Reboot Shortcut,14791,09/07/2021, 08:13:58,71
RBTR00001,Reboot Shortcut,14791,09/07/2021, 09:16:08,71
RBTR00001,Reboot Shortcut,14791,09/07/2021, 10:14:37,71
RBTR00001,Reboot Shortcut,14791,09/07/2021, 11:13:56,71
RBTR00001,Reboot Shortcut,14791,09/07/2021, 12:17:00,71
RBTR00001,Reboot Shortcut,14791,09/07/2021, 13:18:27,71
RBTR00001,Reboot Shortcut,14791,09/07/2021, 14:10:43,71
RBTR00001,Reboot Shortcut,14791,09/07/2021, 15:12:06,71
RBTR00001,Reboot Shortcut,14791,09/07/2021, 16:16:54,71
RBTR00001,Reboot Shortcut,14791,09/07/2021, 17:17:40,71
RBTR00001,Reboot Shortcut,14791,09/07/2021, 18:12:44,71
RBTR00001,Reboot Shortcut,14791,09/07/2021, 19:09:15,71
RBTR00001,Reboot Shortcut,14791,09/07/2021, 20:11:41,71
RBTR00001,Reboot Shortcut,14792,09/07/2021, 21:09:46,71
RBTR00001,Reboot Shortcut,14792,09/07/2021, 22:11:13,71
RBTR00001,Reboot Shortcut,14792,09/07/2021, 23:11:17,71
RBTR00001,Reboot Shortcut,14792,09/08/2021, 00:35:22,71
RBTR00001,Reboot Shortcut,14792,09/08/2021, 01:52:38,71
RBTR00001,Reboot Shortcut,14792,09/08/2021, 02:22:28,71
RBTR00001,Reboot Shortcut,14792,09/08/2021, 03:11:55,71
RBTR00001,Reboot Shortcut,14792,09/08/2021, 04:14:32,71
RBTR00001,Reboot Shortcut,14792,09/08/2021, 05:08:33,71
RBTR00001,Reboot Shortcut,14792,09/08/2021, 06:13:23,71
RBTR00001,Reboot Shortcut,14792,09/08/2021, 07:11:19,71
RBTR00001,Reboot Shortcut,14792,09/08/2021, 08:12:58,71
RBTR00001,Reboot Shortcut,14792,09/08/2021, 09:11:11,71
RBTR00001,Reboot Shortcut,14792,09/08/2021, 10:12:44,71
RBTR00001,Reboot Shortcut,14792,09/08/2021, 11:09:19,71
RBTR00001,Reboot Shortcut,14793,09/08/2021, 12:17:18,71
RBTR00001,Reboot Shortcut,14793,09/08/2021, 13:18:35,71
RBTR00001,Reboot Shortcut,14793,09/08/2021, 14:10:32,71
RBTR00001,Reboot Shortcut,14794,09/08/2021, 15:12:09,71
RBTR00001,Reboot Shortcut,14794,09/08/2021, 16:16:36,71
RBTR00001,Reboot Shortcut,14794,09/08/2021, 17:17:29,71
RBTR00001,Reboot Shortcut,14794,09/08/2021, 18:14:51,71
RBTR00001,Reboot Shortcut,14794,09/08/2021, 19:09:43,71
RBTR00001,Reboot Shortcut,14794,09/08/2021, 20:11:58,71
RBTR00001,Reboot Shortcut,14794,09/08/2021, 21:09:51,71
RBTR00001,Reboot Shortcut,14794,09/08/2021, 22:11:17,71
RBTR00001,Reboot Shortcut,14794,09/08/2021, 23:11:16,71
RBTR00001,Reboot Shortcut,14794,09/09/2021, 00:38:49,71
RBTR00001,Reboot Shortcut,14795,09/09/2021, 01:55:59,71
RBTR00001,Reboot Shortcut,14795,09/09/2021, 02:25:00,71
RBTR00001,Reboot Shortcut,14795,09/09/2021, 03:11:56,71
RBTR00001,Reboot Shortcut,14796,09/09/2021, 04:14:38,71
RBTR00001,Reboot Shortcut,14797,09/09/2021, 05:10:28,71
RBTR00001,Reboot Shortcut,14797,09/09/2021, 06:13:30,71
RBTR00001,Reboot Shortcut,14797,09/09/2021, 07:11:56,71
RBTR00001,Reboot Shortcut,14797,09/09/2021, 08:13:11,71
RBTR00001,Reboot Shortcut,14797,09/09/2021, 09:11:21,71
RBTR00001,Reboot Shortcut,14797,09/09/2021, 10:12:28,71
RBTR00001,Reboot Shortcut,14797,09/09/2021, 11:09:43,71
RBTR00001,Reboot Shortcut,14797,09/09/2021, 12:17:34,71
RBTR00001,Reboot Shortcut,14797,09/09/2021, 13:18:56,71
RBTR00001,Reboot Shortcut,14798,09/09/2021, 14:10:27,71
RBTR00001,Reboot Shortcut,14798,09/09/2021, 15:11:49,71
RBTR00001,Reboot Shortcut,14798,09/09/2021, 16:16:44,71
RBTR00001,Reboot Shortcut,14800,09/09/2021, 17:17:06,71
RBTR00001,Reboot Shortcut,14801,09/09/2021, 18:13:03,71
RBTR00001,Reboot Shortcut,14801,09/09/2021, 19:09:09,71
RBTR00001,Reboot Shortcut,14801,09/09/2021, 20:11:48,71
RBTR00001,Reboot Shortcut,14801,09/09/2021, 21:10:06,71
RBTR00001,Reboot Shortcut,14801,09/09/2021, 22:11:13,71
RBTR00001,Reboot Shortcut,14801,09/09/2021, 23:11:20,71
RBTR00001,Reboot Shortcut,14801,09/10/2021, 00:41:14,71
RBTR00001,Reboot Shortcut,14801,09/10/2021, 01:56:05,71
RBTR00001,Reboot Shortcut,14801,09/10/2021, 02:25:24,71
RBTR00001,Reboot Shortcut,14801,09/10/2021, 03:11:52,71
RBTR00001,Reboot Shortcut,14801,09/10/2021, 04:14:43,71
RBTR00001,Reboot Shortcut,14801,09/10/2021, 05:10:07,71
RBTR00001,Reboot Shortcut,14801,09/10/2021, 06:13:37,71
RBTR00001,Reboot Shortcut,14801,09/10/2021, 07:11:23,71
RBTR00001,Reboot Shortcut,14801,09/10/2021, 08:16:27,71
RBTR00001,Reboot Shortcut,14801,09/10/2021, 09:16:03,71
RBTR00001,Reboot Shortcut,14801,09/10/2021, 10:12:14,71
RBTR00001,Reboot Shortcut,14801,09/10/2021, 11:09:39,71
RBTR00001,Reboot Shortcut,14801,09/10/2021, 12:17:18,71
RBTR00001,Reboot Shortcut,14802,09/10/2021, 13:19:35,71
RBTR00001,Reboot Shortcut,14802,09/10/2021, 14:10:45,71
RBTR00001,Reboot Shortcut,14802,09/10/2021, 15:12:04,71
RBTR00001,Reboot Shortcut,14803,09/10/2021, 16:16:39,71
RBTR00001,Reboot Shortcut,14803,09/10/2021, 17:14:38,71
RBTR00001,Reboot Shortcut,14803,09/10/2021, 18:12:48,71
RBTR00001,Reboot Shortcut,14803,09/10/2021, 19:09:11,71
RBTR00001,Reboot Shortcut,14803,09/10/2021, 20:11:44,71
RBTR00001,Reboot Shortcut,14804,09/10/2021, 21:09:46,71
RBTR00001,Reboot Shortcut,14804,09/10/2021, 22:11:02,71
RBTR00001,Reboot Shortcut,14804,09/10/2021, 23:11:18,71
RBTR00001,Reboot Shortcut,14804,09/11/2021, 00:36:42,71
RBTR00001,Reboot Shortcut,14804,09/11/2021, 01:51:29,71
RBTR00001,Reboot Shortcut,14804,09/11/2021, 02:23:50,71
RBTR00001,Reboot Shortcut,14804,09/11/2021, 03:11:30,71
RBTR00001,Reboot Shortcut,14804,09/11/2021, 04:14:11,71
RBTR00001,Reboot Shortcut,14804,09/11/2021, 05:09:40,71
RBTR00001,Reboot Shortcut,14804,09/11/2021, 06:13:02,71
RBTR00001,Reboot Shortcut,14804,09/11/2021, 07:10:49,71
RBTR00001,Reboot Shortcut,14804,09/11/2021, 08:12:35,71
RBTR00001,Reboot Shortcut,14804,09/11/2021, 09:10:39,71
RBTR00001,Reboot Shortcut,14804,09/11/2021, 10:11:53,71
RBTR00001,Reboot Shortcut,14804,09/11/2021, 11:09:23,71
RBTR00001,Reboot Shortcut,14804,09/11/2021, 12:16:27,71
RBTR00001,Reboot Shortcut,14804,09/11/2021, 13:16:13,71
RBTR00001,Reboot Shortcut,14804,09/11/2021, 14:10:03,71
RBTR00001,Reboot Shortcut,14804,09/11/2021, 15:11:05,71
RBTR00001,Reboot Shortcut,14804,09/11/2021, 16:15:56,71
RBTR00001,Reboot Shortcut,14804,09/11/2021, 17:15:05,71
RBTR00001,Reboot Shortcut,14804,09/11/2021, 18:12:16,71
RBTR00001,Reboot Shortcut,14805,09/11/2021, 19:08:44,71
RBTR00001,Reboot Shortcut,14805,09/11/2021, 20:11:17,71
RBTR00001,Reboot Shortcut,14805,09/11/2021, 21:09:17,71
RBTR00001,Reboot Shortcut,14805,09/11/2021, 22:10:32,71
RBTR00001,Reboot Shortcut,14805,09/11/2021, 23:10:55,71
RBTR00001,Reboot Shortcut,14805,09/12/2021, 00:39:14,71
RBTR00001,Reboot Shortcut,14806,09/12/2021, 01:56:48,71
RBTR00001,Reboot Shortcut,14806,09/12/2021, 02:26:03,71
RBTR00001,Reboot Shortcut,14806,09/12/2021, 03:11:40,71
RBTR00001,Reboot Shortcut,14806,09/12/2021, 04:14:13,71
RBTR00001,Reboot Shortcut,14806,09/12/2021, 05:09:42,71
RBTR00001,Reboot Shortcut,14806,09/12/2021, 06:12:51,71
RBTR00001,Reboot Shortcut,14806,09/12/2021, 07:11:05,71
RBTR00001,Reboot Shortcut,14806,09/12/2021, 08:12:20,71
RBTR00001,Reboot Shortcut,14806,09/12/2021, 09:10:39,71
RBTR00001,Reboot Shortcut,14806,09/12/2021, 10:11:52,71
RBTR00001,Reboot Shortcut,14806,09/12/2021, 11:09:29,71
RBTR00001,Reboot Shortcut,14806,09/12/2021, 12:16:33,71
RBTR00001,Reboot Shortcut,14806,09/12/2021, 13:16:07,71
RBTR00001,Reboot Shortcut,14806,09/12/2021, 14:09:49,71
RBTR00001,Reboot Shortcut,14807,09/12/2021, 15:11:11,71
RBTR00001,Reboot Shortcut,14807,09/12/2021, 16:15:47,71
RBTR00001,Reboot Shortcut,14807,09/12/2021, 17:15:10,71
RBTR00001,Reboot Shortcut,14807,09/12/2021, 18:12:18,71
RBTR00001,Reboot Shortcut,14807,09/12/2021, 19:09:06,71
RBTR00001,Reboot Shortcut,14807,09/12/2021, 20:11:16,71
RBTR00001,Reboot Shortcut,14807,09/12/2021, 21:09:35,71
RBTR00001,Reboot Shortcut,14807,09/12/2021, 22:10:25,71
RBTR00001,Reboot Shortcut,14807,09/12/2021, 23:10:59,71
RBTR00001,Reboot Shortcut,14807,09/13/2021, 00:40:01,71
RBTR00001,Reboot Shortcut,14807,09/13/2021, 01:54:53,71
RBTR00001,Reboot Shortcut,14807,09/13/2021, 02:24:15,71
RBTR00001,Reboot Shortcut,14807,09/13/2021, 03:11:54,71
RBTR00001,Reboot Shortcut,14807,09/13/2021, 04:14:19,71
RBTR00001,Reboot Shortcut,14807,09/13/2021, 05:10:02,71
RBTR00001,Reboot Shortcut,14807,09/13/2021, 06:13:52,71
RBTR00001,Reboot Shortcut,14808,09/13/2021, 07:11:37,71
RBTR00001,Reboot Shortcut,14809,09/13/2021, 08:13:25,71
RBTR00001,Reboot Shortcut,14809,09/13/2021, 09:11:22,71
RBTR00001,Reboot Shortcut,14809,09/13/2021, 10:12:43,71
RBTR00001,Reboot Shortcut,14809,09/13/2021, 11:09:29,71
RBTR00001,Reboot Shortcut,14809,09/13/2021, 12:18:36,71
RBTR00001,Reboot Shortcut,14809,09/13/2021, 13:21:01,71
RBTR00001,Reboot Shortcut,14809,09/13/2021, 14:10:51,71
RBTR00001,Reboot Shortcut,14809,09/13/2021, 15:11:57,71
RBTR00001,Reboot Shortcut,14809,09/13/2021, 16:15:33,71
RBTR00001,Reboot Shortcut,14809,09/13/2021, 17:16:16,71
RBTR00001,Reboot Shortcut,14809,09/13/2021, 18:13:46,71
RBTR00001,Reboot Shortcut,14809,09/13/2021, 19:09:29,71
RBTR00001,Reboot Shortcut,14809,09/13/2021, 20:11:45,71
RBTR00001,Reboot Shortcut,14809,09/13/2021, 21:10:00,71
RBTR00001,Reboot Shortcut,14809,09/13/2021, 22:10:54,71
RBTR00001,Reboot Shortcut,14809,09/13/2021, 23:11:25,71
RBTR00001,Reboot Shortcut,14809,09/14/2021, 00:39:26,71
RBTR00001,Reboot Shortcut,14810,09/14/2021, 01:54:56,71
RBTR00001,Reboot Shortcut,14810,09/14/2021, 02:23:19,71
RBTR00001,Reboot Shortcut,14811,09/14/2021, 03:12:19,71
RBTR00001,Reboot Shortcut,14811,09/14/2021, 04:14:19,71
RBTR00001,Reboot Shortcut,14812,09/14/2021, 05:11:02,71
RBTR00001,Reboot Shortcut,14813,09/14/2021, 06:13:27,71
RBTR00001,Reboot Shortcut,14813,09/14/2021, 07:11:21,71
RBTR00001,Reboot Shortcut,14814,09/14/2021, 08:13:24,71
RBTR00001,Reboot Shortcut,14814,09/14/2021, 09:11:05,71
RBTR00001,Reboot Shortcut,14814,09/14/2021, 10:12:23,71
RBTR00001,Reboot Shortcut,14814,09/14/2021, 11:09:30,71
RBTR00001,Reboot Shortcut,14814,09/14/2021, 12:17:16,71
RBTR00001,Reboot Shortcut,14814,09/14/2021, 13:18:30,71
RBTR00001,Reboot Shortcut,14814,09/14/2021, 14:10:40,71
RBTR00001,Reboot Shortcut,14814,09/14/2021, 15:11:46,71
RBTR00001,Reboot Shortcut,14814,09/14/2021, 16:16:38,71
RBTR00001,Reboot Shortcut,14814,09/14/2021, 17:16:30,71
RBTR00001,Reboot Shortcut,14814,09/14/2021, 18:12:22,71
RBTR00001,Reboot Shortcut,14814,09/14/2021, 19:09:34,71
RBTR00001,Reboot Shortcut,14814,09/14/2021, 20:11:37,71
RBTR00001,Reboot Shortcut,14814,09/14/2021, 21:09:56,71
RBTR00001,Reboot Shortcut,14815,09/14/2021, 22:11:06,71
RBTR00001,Reboot Shortcut,14815,09/14/2021, 23:11:20,71
RBTR00001,Reboot Shortcut,14816,09/15/2021, 00:37:35,71
RBTR00001,Reboot Shortcut,14816,09/15/2021, 01:54:19,71
RBTR00001,Reboot Shortcut,14816,09/15/2021, 02:23:18,71
RBTR00001,Reboot Shortcut,14816,09/15/2021, 03:12:11,71
RBTR00001,Reboot Shortcut,14816,09/15/2021, 04:14:04,71
RBTR00001,Reboot Shortcut,14816,09/15/2021, 05:10:06,71
RBTR00001,Reboot Shortcut,14816,09/15/2021, 06:13:19,71
RBTR00001,Reboot Shortcut,14816,09/15/2021, 07:11:27,71
RBTR00001,Reboot Shortcut,14816,09/15/2021, 08:12:59,71
RBTR00001,Reboot Shortcut,14816,09/15/2021, 09:11:08,71
RBTR00001,Reboot Shortcut,14816,09/15/2021, 10:12:11,71
RBTR00001,Reboot Shortcut,14816,09/15/2021, 11:09:30,71
RBTR00001,Reboot Shortcut,14816,09/15/2021, 12:18:29,71
RBTR00001,Reboot Shortcut,14816,09/15/2021, 13:18:34,71
RBTR00001,Reboot Shortcut,14816,09/15/2021, 14:10:41,71
RBTR00001,Reboot Shortcut,14817,09/15/2021, 15:11:49,71
RBTR00001,Reboot Shortcut,14817,09/15/2021, 16:14:50,71
RBTR00001,Reboot Shortcut,14818,09/15/2021, 17:14:34,71
RBTR00001,Reboot Shortcut,14818,09/15/2021, 18:12:51,71
RBTR00001,Reboot Shortcut,14818,09/15/2021, 19:09:13,71
RBTR00001,Reboot Shortcut,14818,09/15/2021, 20:12:02,71
RBTR00001,Reboot Shortcut,14818,09/15/2021, 21:10:00,71
RBTR00001,Reboot Shortcut,14818,09/15/2021, 22:11:15,71
RBTR00001,Reboot Shortcut,14818,09/15/2021, 23:11:36,71
RBTR00001,Reboot Shortcut,14819,09/16/2021, 00:38:43,71
RBTR00001,Reboot Shortcut,14820,09/16/2021, 01:59:59,71
RBTR00001,Reboot Shortcut,14820,09/16/2021, 02:33:13,71
RBTR00001,Reboot Shortcut,14820,09/16/2021, 03:11:47,71
RBTR00001,Reboot Shortcut,14820,09/16/2021, 04:14:13,71
RBTR00001,Reboot Shortcut,14820,09/16/2021, 05:10:35,71
RBTR00001,Reboot Shortcut,14820,09/16/2021, 06:13:31,71
RBTR00001,Reboot Shortcut,14822,09/16/2021, 07:11:56,71
RBTR00001,Reboot Shortcut,14822,09/16/2021, 08:13:47,71
RBTR00001,Reboot Shortcut,14822,09/16/2021, 09:11:12,71
RBTR00001,Reboot Shortcut,14822,09/16/2021, 10:12:52,71
RBTR00001,Reboot Shortcut,14822,09/16/2021, 11:09:29,71
RBTR00001,Reboot Shortcut,14822,09/16/2021, 12:17:33,71
RBTR00001,Reboot Shortcut,14822,09/16/2021, 13:19:00,71
RBTR00001,Reboot Shortcut,14823,09/16/2021, 14:11:17,71
RBTR00001,Reboot Shortcut,14823,09/16/2021, 15:11:55,71
RBTR00001,Reboot Shortcut,14823,09/16/2021, 16:16:28,71
RBTR00001,Reboot Shortcut,14823,09/16/2021, 17:15:54,71
RBTR00001,Reboot Shortcut,14825,09/16/2021, 18:12:53,71
RBTR00001,Reboot Shortcut,14826,09/16/2021, 19:09:12,71
RBTR00001,Reboot Shortcut,14827,09/16/2021, 20:11:47,71
RBTR00001,Reboot Shortcut,14827,09/16/2021, 21:10:03,71
RBTR00001,Reboot Shortcut,14827,09/16/2021, 22:11:16,71
RBTR00001,Reboot Shortcut,14827,09/16/2021, 23:11:38,71
RBTR00001,Reboot Shortcut,14827,09/17/2021, 00:41:19,71
RBTR00001,Reboot Shortcut,14827,09/17/2021, 02:01:02,71
RBTR00001,Reboot Shortcut,14827,09/17/2021, 03:11:54,71
RBTR00001,Reboot Shortcut,14827,09/17/2021, 04:14:11,71
RBTR00001,Reboot Shortcut,14827,09/17/2021, 05:10:20,71
RBTR00001,Reboot Shortcut,14827,09/17/2021, 06:13:26,71
RBTR00001,Reboot Shortcut,14827,09/17/2021, 07:11:21,71
RBTR00001,Reboot Shortcut,14827,09/17/2021, 08:13:24,71
RBTR00001,Reboot Shortcut,14827,09/17/2021, 09:10:57,71
RBTR00001,Reboot Shortcut,14827,09/17/2021, 10:12:22,71
RBTR00001,Reboot Shortcut,14827,09/17/2021, 11:09:24,71
RBTR00001,Reboot Shortcut,14827,09/17/2021, 12:17:47,71
RBTR00001,Reboot Shortcut,14827,09/17/2021, 13:18:11,71
RBTR00001,Reboot Shortcut,14828,09/17/2021, 14:10:34,71
RBTR00001,Reboot Shortcut,14828,09/17/2021, 15:11:37,71
RBTR00001,Reboot Shortcut,14828,09/17/2021, 16:16:31,71
RBTR00001,Reboot Shortcut,14828,09/17/2021, 17:16:57,71
RBTR00001,Reboot Shortcut,14829,09/17/2021, 18:12:44,71
RBTR00001,Reboot Shortcut,14829,09/17/2021, 19:09:59,71
RBTR00001,Reboot Shortcut,14830,09/17/2021, 20:11:35,71
RBTR00001,Reboot Shortcut,14831,09/17/2021, 21:09:49,71
RBTR00001,Reboot Shortcut,14831,09/17/2021, 22:11:09,71
RBTR00001,Reboot Shortcut,14832,09/17/2021, 23:11:50,71
RBTR00001,Reboot Shortcut,14832,09/18/2021, 00:36:42,71
RBTR00001,Reboot Shortcut,14832,09/18/2021, 01:57:13,71
RBTR00001,Reboot Shortcut,14832,09/18/2021, 02:29:52,71
RBTR00001,Reboot Shortcut,14832,09/18/2021, 03:11:40,71
RBTR00001,Reboot Shortcut,14833,09/18/2021, 04:14:04,71
RBTR00001,Reboot Shortcut,14833,09/18/2021, 05:09:59,71
RBTR00001,Reboot Shortcut,14835,09/18/2021, 06:12:50,71
RBTR00001,Reboot Shortcut,14835,09/18/2021, 07:11:24,71
RBTR00001,Reboot Shortcut,14835,09/18/2021, 08:12:40,71
RBTR00001,Reboot Shortcut,14835,09/18/2021, 09:10:33,71
RBTR00001,Reboot Shortcut,14836,09/18/2021, 10:11:59,71
RBTR00001,Reboot Shortcut,14836,09/18/2021, 11:09:16,71
RBTR00001,Reboot Shortcut,14836,09/18/2021, 12:16:29,71
RBTR00001,Reboot Shortcut,14836,09/18/2021, 13:15:50,71
RBTR00001,Reboot Shortcut,14836,09/18/2021, 14:10:09,71
RBTR00001,Reboot Shortcut,14836,09/18/2021, 15:11:00,71
RBTR00001,Reboot Shortcut,14836,09/18/2021, 16:15:49,71
RBTR00001,Reboot Shortcut,14836,09/18/2021, 17:14:09,71
RBTR00001,Reboot Shortcut,14836,09/18/2021, 18:12:26,71
RBTR00001,Reboot Shortcut,14836,09/18/2021, 19:08:54,71
RBTR00001,Reboot Shortcut,14836,09/18/2021, 20:11:16,71
RBTR00001,Reboot Shortcut,14836,09/18/2021, 21:09:23,71
RBTR00001,Reboot Shortcut,14836,09/18/2021, 22:10:42,71
RBTR00001,Reboot Shortcut,14836,09/18/2021, 23:10:53,71
RBTR00001,Reboot Shortcut,14836,09/19/2021, 00:38:19,71
RBTR00001,Reboot Shortcut,14836,09/19/2021, 01:56:42,71
RBTR00001,Reboot Shortcut,14836,09/19/2021, 02:26:09,71
RBTR00001,Reboot Shortcut,14836,09/19/2021, 03:11:31,71
RBTR00001,Reboot Shortcut,14836,09/19/2021, 04:13:49,71
RBTR00001,Reboot Shortcut,14836,09/19/2021, 05:09:50,71
RBTR00001,Reboot Shortcut,14836,09/19/2021, 06:12:55,71
RBTR00001,Reboot Shortcut,14836,09/19/2021, 07:10:55,71
RBTR00001,Reboot Shortcut,14837,09/19/2021, 08:12:36,71
RBTR00001,Reboot Shortcut,14837,09/19/2021, 09:10:40,71
RBTR00001,Reboot Shortcut,14837,09/19/2021, 10:12:04,71
RBTR00001,Reboot Shortcut,14837,09/19/2021, 11:09:07,71
RBTR00001,Reboot Shortcut,14837,09/19/2021, 12:16:34,71
RBTR00001,Reboot Shortcut,14837,09/19/2021, 13:16:02,71
RBTR00001,Reboot Shortcut,14837,09/19/2021, 14:09:45,71
RBTR00001,Reboot Shortcut,14839,09/19/2021, 15:11:19,71
RBTR00001,Reboot Shortcut,14839,09/19/2021, 16:15:29,71
RBTR00001,Reboot Shortcut,14840,09/19/2021, 17:13:59,71
RBTR00001,Reboot Shortcut,14840,09/19/2021, 18:12:29,71
RBTR00001,Reboot Shortcut,14840,09/19/2021, 19:08:58,71
RBTR00001,Reboot Shortcut,14840,09/19/2021, 20:11:20,71
RBTR00001,Reboot Shortcut,14840,09/19/2021, 21:09:38,71
RBTR00001,Reboot Shortcut,14840,09/19/2021, 22:10:58,71
RBTR00001,Reboot Shortcut,14840,09/19/2021, 23:10:55,71
RBTR00001,Reboot Shortcut,14840,09/20/2021, 00:41:45,71
RBTR00001,Reboot Shortcut,14840,09/20/2021, 01:57:17,71
RBTR00001,Reboot Shortcut,14840,09/20/2021, 02:27:00,71
RBTR00001,Reboot Shortcut,14840,09/20/2021, 03:12:03,71
RBTR00001,Reboot Shortcut,14840,09/20/2021, 04:14:25,71
RBTR00001,Reboot Shortcut,14840,09/20/2021, 05:10:19,71
RBTR00001,Reboot Shortcut,14840,09/20/2021, 06:13:49,71
RBTR00001,Reboot Shortcut,14840,09/20/2021, 07:11:40,71
RBTR00001,Reboot Shortcut,14840,09/20/2021, 08:13:25,71
RBTR00001,Reboot Shortcut,14840,09/20/2021, 09:11:15,71
RBTR00001,Reboot Shortcut,14841,09/20/2021, 10:12:31,71
RBTR00001,Reboot Shortcut,14841,09/20/2021, 11:09:34,71
RBTR00001,Reboot Shortcut,14842,09/20/2021, 12:18:12,71
RBTR00001,Reboot Shortcut,14842,09/20/2021, 13:19:42,71
RBTR00001,Reboot Shortcut,14842,09/20/2021, 14:10:44,71
RBTR00001,Reboot Shortcut,14842,09/20/2021, 15:11:48,71
RBTR00001,Reboot Shortcut,14842,09/20/2021, 16:16:43,71
RBTR00001,Reboot Shortcut,14843,09/20/2021, 17:12:57,71
RBTR00001,Reboot Shortcut,14843,09/20/2021, 18:13:14,71
RBTR00001,Reboot Shortcut,14843,09/20/2021, 19:09:17,71
RBTR00001,Reboot Shortcut,14843,09/20/2021, 20:12:02,71
RBTR00001,Reboot Shortcut,14843,09/20/2021, 21:10:43,71
RBTR00001,Reboot Shortcut,14843,09/20/2021, 22:11:15,71
RBTR00001,Reboot Shortcut,14843,09/20/2021, 23:09:20,71
RBTR00001,Reboot Shortcut,14844,09/21/2021, 00:38:38,71
RBTR00001,Reboot Shortcut,14844,09/21/2021, 01:56:02,71
RBTR00001,Reboot Shortcut,14844,09/21/2021, 02:25:13,71
RBTR00001,Reboot Shortcut,14844,09/21/2021, 03:12:01,71
RBTR00001,Reboot Shortcut,14844,09/21/2021, 04:14:40,71
RBTR00001,Reboot Shortcut,14844,09/21/2021, 05:09:59,71
RBTR00001,Reboot Shortcut,14844,09/21/2021, 06:13:43,71
RBTR00001,Reboot Shortcut,14844,09/21/2021, 07:11:31,71
RBTR00001,Reboot Shortcut,14844,09/21/2021, 08:13:47,71
RBTR00001,Reboot Shortcut,14845,09/21/2021, 09:11:16,71
RBTR00001,Reboot Shortcut,14845,09/21/2021, 10:12:14,71
RBTR00001,Reboot Shortcut,14845,09/21/2021, 11:09:33,71
RBTR00001,Reboot Shortcut,14845,09/21/2021, 12:17:39,71
RBTR00001,Reboot Shortcut,14847,09/21/2021, 13:18:31,71
RBTR00001,Reboot Shortcut,14848,09/21/2021, 14:10:38,71
RBTR00001,Reboot Shortcut,14849,09/21/2021, 15:11:56,71
RBTR00001,Reboot Shortcut,14849,09/21/2021, 16:16:38,71
RBTR00001,Reboot Shortcut,14849,09/21/2021, 17:16:40,71
RBTR00001,Reboot Shortcut,14849,09/21/2021, 18:13:20,71
RBTR00001,Reboot Shortcut,14849,09/21/2021, 19:09:18,71
RBTR00001,Reboot Shortcut,14849,09/21/2021, 20:11:44,71
RBTR00001,Reboot Shortcut,14849,09/21/2021, 21:10:32,71
RBTR00001,Reboot Shortcut,14849,09/21/2021, 22:11:17,71
RBTR00001,Reboot Shortcut,14849,09/21/2021, 23:11:47,71
RBTR00001,Reboot Shortcut,14849,09/22/2021, 00:38:02,71
RBTR00001,Reboot Shortcut,14849,09/22/2021, 01:57:40,71
RBTR00001,Reboot Shortcut,14849,09/22/2021, 02:27:53,71
RBTR00001,Reboot Shortcut,14849,09/22/2021, 03:11:54,71
RBTR00001,Reboot Shortcut,14849,09/22/2021, 04:14:19,71
RBTR00001,Reboot Shortcut,14849,09/22/2021, 05:10:42,71
RBTR00001,Reboot Shortcut,14849,09/22/2021, 06:13:39,71
RBTR00001,Reboot Shortcut,14850,09/22/2021, 07:11:37,71
RBTR00001,Reboot Shortcut,14850,09/22/2021, 08:13:13,71
RBTR00001,Reboot Shortcut,14850,09/22/2021, 09:11:16,71
RBTR00001,Reboot Shortcut,14850,09/22/2021, 10:12:19,71
RBTR00001,Reboot Shortcut,14850,09/22/2021, 11:09:34,71
RBTR00001,Reboot Shortcut,14850,09/22/2021, 12:17:39,71
RBTR00001,Reboot Shortcut,14850,09/22/2021, 13:19:14,71
RBTR00001,Reboot Shortcut,14850,09/22/2021, 14:10:38,71
RBTR00001,Reboot Shortcut,14850,09/22/2021, 15:11:58,71
RBTR00001,Reboot Shortcut,14850,09/22/2021, 16:16:41,71
RBTR00001,Reboot Shortcut,14850,09/22/2021, 17:17:10,71
RBTR00001,Reboot Shortcut,14850,09/22/2021, 18:12:56,71
RBTR00001,Reboot Shortcut,14851,09/22/2021, 19:09:25,71
RBTR00001,Reboot Shortcut,14852,09/22/2021, 20:11:57,71
RBTR00001,Reboot Shortcut,14852,09/22/2021, 21:09:52,71
RBTR00001,Reboot Shortcut,14853,09/22/2021, 22:10:59,71
RBTR00001,Reboot Shortcut,14853,09/22/2021, 23:12:02,71
RBTR00001,Reboot Shortcut,14853,09/23/2021, 00:39:44,71
RBTR00001,Reboot Shortcut,14853,09/23/2021, 02:00:45,71
RBTR00001,Reboot Shortcut,14854,09/23/2021, 02:34:32,71
RBTR00001,Reboot Shortcut,14854,09/23/2021, 03:11:53,71
RBTR00001,Reboot Shortcut,14854,09/23/2021, 04:14:22,71
RBTR00001,Reboot Shortcut,14854,09/23/2021, 05:10:26,71
RBTR00001,Reboot Shortcut,14854,09/23/2021, 06:14:05,71
RBTR00001,Reboot Shortcut,14854,09/23/2021, 07:11:34,71
RBTR00001,Reboot Shortcut,14854,09/23/2021, 08:13:29,71
RBTR00001,Reboot Shortcut,14854,09/23/2021, 09:11:51,71
RBTR00001,Reboot Shortcut,14854,09/23/2021, 10:12:41,71
RBTR00001,Reboot Shortcut,14854,09/23/2021, 11:09:46,71
RBTR00001,Reboot Shortcut,14854,09/23/2021, 12:19:03,71
RBTR00001,Reboot Shortcut,14854,09/23/2021, 13:20:33,71
RBTR00001,Reboot Shortcut,14854,09/23/2021, 14:10:50,71
RBTR00001,Reboot Shortcut,14854,09/23/2021, 15:11:58,71
RBTR00001,Reboot Shortcut,14854,09/23/2021, 16:16:54,71
RBTR00001,Reboot Shortcut,14855,09/23/2021, 17:15:52,71
RBTR00001,Reboot Shortcut,14855,09/23/2021, 18:13:08,71
RBTR00001,Reboot Shortcut,14855,09/23/2021, 19:09:16,71
RBTR00001,Reboot Shortcut,14855,09/23/2021, 20:11:56,71
RBTR00001,Reboot Shortcut,14855,09/23/2021, 21:10:07,71
RBTR00001,Reboot Shortcut,14855,09/23/2021, 22:11:07,71
RBTR00001,Reboot Shortcut,14855,09/23/2021, 23:11:39,71
RBTR00001,Reboot Shortcut,14855,09/24/2021, 00:37:21,71
RBTR00001,Reboot Shortcut,14855,09/24/2021, 01:55:36,71
RBTR00001,Reboot Shortcut,14855,09/24/2021, 02:24:28,71
RBTR00001,Reboot Shortcut,14855,09/24/2021, 03:12:03,71
RBTR00001,Reboot Shortcut,14855,09/24/2021, 04:14:24,71
RBTR00001,Reboot Shortcut,14855,09/24/2021, 05:10:17,71
RBTR00001,Reboot Shortcut,14855,09/24/2021, 06:13:34,71
RBTR00001,Reboot Shortcut,14855,09/24/2021, 07:11:30,71
RBTR00001,Reboot Shortcut,14855,09/24/2021, 08:13:26,71
RBTR00001,Reboot Shortcut,14855,09/24/2021, 09:11:05,71
RBTR00001,Reboot Shortcut,14855,09/24/2021, 10:12:47,71
RBTR00001,Reboot Shortcut,14855,09/24/2021, 11:09:36,71
RBTR00001,Reboot Shortcut,14855,09/24/2021, 12:17:31,71
RBTR00001,Reboot Shortcut,14855,09/24/2021, 13:17:59,71
RBTR00001,Reboot Shortcut,14855,09/24/2021, 14:10:30,71
RBTR00001,Reboot Shortcut,14855,09/24/2021, 15:11:57,71
RBTR00001,Reboot Shortcut,14855,09/24/2021, 16:16:29,71
RBTR00001,Reboot Shortcut,14856,09/24/2021, 17:13:25,71
RBTR00001,Reboot Shortcut,14856,09/24/2021, 18:13:10,71
RBTR00001,Reboot Shortcut,14856,09/24/2021, 19:09:16,71
RBTR00001,Reboot Shortcut,14856,09/24/2021, 20:11:57,71
RBTR00001,Reboot Shortcut,14857,09/24/2021, 21:09:59,71
RBTR00001,Reboot Shortcut,14857,09/24/2021, 22:11:12,71
RBTR00001,Reboot Shortcut,14857,09/24/2021, 23:11:32,71
RBTR00001,Reboot Shortcut,14857,09/25/2021, 00:36:56,71
RBTR00001,Reboot Shortcut,14857,09/25/2021, 01:54:23,71
RBTR00001,Reboot Shortcut,14857,09/25/2021, 02:25:51,71
RBTR00001,Reboot Shortcut,14857,09/25/2021, 03:11:55,71
RBTR00001,Reboot Shortcut,14857,09/25/2021, 04:13:59,71
RBTR00001,Reboot Shortcut,14857,09/25/2021, 05:09:49,71
RBTR00001,Reboot Shortcut,14857,09/25/2021, 06:12:59,71
RBTR00001,Reboot Shortcut,14857,09/25/2021, 07:11:06,71
RBTR00001,Reboot Shortcut,14857,09/25/2021, 08:12:38,71
RBTR00001,Reboot Shortcut,14857,09/25/2021, 09:10:26,71
RBTR00001,Reboot Shortcut,14857,09/25/2021, 10:11:53,71
RBTR00001,Reboot Shortcut,14858,09/25/2021, 11:09:19,71
RBTR00001,Reboot Shortcut,14859,09/25/2021, 12:16:31,71
RBTR00001,Reboot Shortcut,14859,09/25/2021, 13:16:01,71
RBTR00001,Reboot Shortcut,14859,09/25/2021, 14:09:57,71
RBTR00001,Reboot Shortcut,14859,09/25/2021, 15:11:11,71
RBTR00001,Reboot Shortcut,14859,09/25/2021, 16:15:38,71
RBTR00001,Reboot Shortcut,14859,09/25/2021, 17:14:29,71
RBTR00001,Reboot Shortcut,14859,09/25/2021, 18:12:21,71
RBTR00001,Reboot Shortcut,14859,09/25/2021, 19:08:51,71
RBTR00001,Reboot Shortcut,14859,09/25/2021, 20:11:29,71
RBTR00001,Reboot Shortcut,14859,09/25/2021, 21:09:41,71
RBTR00001,Reboot Shortcut,14859,09/25/2021, 22:10:41,71
RBTR00001,Reboot Shortcut,14860,09/25/2021, 23:11:06,71
RBTR00001,Reboot Shortcut,14860,09/26/2021, 00:40:26,71
RBTR00001,Reboot Shortcut,14862,09/26/2021, 01:55:51,71
RBTR00001,Reboot Shortcut,14862,09/26/2021, 02:24:13,71
RBTR00001,Reboot Shortcut,14862,09/26/2021, 03:11:46,71
RBTR00001,Reboot Shortcut,14862,09/26/2021, 04:14:07,71
RBTR00001,Reboot Shortcut,14862,09/26/2021, 05:09:47,71
RBTR00001,Reboot Shortcut,14862,09/26/2021, 06:12:57,71
RBTR00001,Reboot Shortcut,14862,09/26/2021, 07:10:52,71
RBTR00001,Reboot Shortcut,14862,09/26/2021, 08:12:43,71
RBTR00001,Reboot Shortcut,14862,09/26/2021, 09:10:38,71
RBTR00001,Reboot Shortcut,14862,09/26/2021, 10:12:02,71
RBTR00001,Reboot Shortcut,14862,09/26/2021, 11:09:22,71
RBTR00001,Reboot Shortcut,14862,09/26/2021, 12:16:41,71
RBTR00001,Reboot Shortcut,14862,09/26/2021, 13:16:20,71
RBTR00001,Reboot Shortcut,14862,09/26/2021, 14:09:52,71
RBTR00001,Reboot Shortcut,14862,09/26/2021, 15:11:42,71
RBTR00001,Reboot Shortcut,14862,09/26/2021, 16:15:35,71
RBTR00001,Reboot Shortcut,14862,09/26/2021, 17:14:10,71
RBTR00001,Reboot Shortcut,14862,09/26/2021, 18:12:19,71
RBTR00001,Reboot Shortcut,14862,09/26/2021, 19:09:20,71
RBTR00001,Reboot Shortcut,14862,09/26/2021, 20:11:26,71
RBTR00001,Reboot Shortcut,14862,09/26/2021, 21:09:49,71
RBTR00001,Reboot Shortcut,14862,09/26/2021, 22:10:51,71
RBTR00001,Reboot Shortcut,14863,09/26/2021, 23:11:13,71
RBTR00001,Reboot Shortcut,14864,09/27/2021, 00:37:34,71
RBTR00001,Reboot Shortcut,14864,09/27/2021, 01:55:45,71
RBTR00001,Reboot Shortcut,14864,09/27/2021, 02:25:20,71
RBTR00001,Reboot Shortcut,14864,09/27/2021, 03:12:01,71
RBTR00001,Reboot Shortcut,14864,09/27/2021, 04:14:38,71
RBTR00001,Reboot Shortcut,14864,09/27/2021, 05:10:43,71
RBTR00001,Reboot Shortcut,14864,09/27/2021, 06:14:00,71
RBTR00001,Reboot Shortcut,14864,09/27/2021, 07:11:48,71
RBTR00001,Reboot Shortcut,14864,09/27/2021, 08:13:51,71
RBTR00001,Reboot Shortcut,14864,09/27/2021, 09:11:38,71
RBTR00001,Reboot Shortcut,14864,09/27/2021, 10:13:35,71
RBTR00001,Reboot Shortcut,14864,09/27/2021, 11:09:37,71
RBTR00001,Reboot Shortcut,14864,09/27/2021, 12:18:07,71
RBTR00001,Reboot Shortcut,14864,09/27/2021, 13:18:56,71
RBTR00001,Reboot Shortcut,14864,09/27/2021, 14:10:49,71
RBTR00001,Reboot Shortcut,14864,09/27/2021, 15:12:09,71
RBTR00001,Reboot Shortcut,14864,09/27/2021, 16:21:55,71
RBTR00001,Reboot Shortcut,14864,09/27/2021, 17:17:37,71
RBTR00001,Reboot Shortcut,14864,09/27/2021, 18:13:02,71
RBTR00001,Reboot Shortcut,14864,09/27/2021, 19:08:59,71
RBTR00001,Reboot Shortcut,14865,09/27/2021, 20:11:53,71
RBTR00001,Reboot Shortcut,14865,09/27/2021, 21:09:02,71
RBTR00001,Reboot Shortcut,14867,09/27/2021, 22:11:13,71
RBTR00001,Reboot Shortcut,14867,09/27/2021, 23:11:24,71
RBTR00001,Reboot Shortcut,14867,09/28/2021, 00:38:32,71
RBTR00001,Reboot Shortcut,14867,09/28/2021, 01:56:53,71
RBTR00001,Reboot Shortcut,14867,09/28/2021, 02:26:37,71
RBTR00001,Reboot Shortcut,14868,09/28/2021, 03:12:14,71
RBTR00001,Reboot Shortcut,14868,09/28/2021, 04:15:25,71
RBTR00001,Reboot Shortcut,14868,09/28/2021, 05:10:27,71
RBTR00001,Reboot Shortcut,14868,09/28/2021, 06:13:34,71
RBTR00001,Reboot Shortcut,14868,09/28/2021, 07:11:48,71
RBTR00001,Reboot Shortcut,14868,09/28/2021, 08:13:46,71
RBTR00001,Reboot Shortcut,14868,09/28/2021, 09:11:37,71
RBTR00001,Reboot Shortcut,14868,09/28/2021, 10:12:30,71
RBTR00001,Reboot Shortcut,14868,09/28/2021, 11:09:55,71
RBTR00001,Reboot Shortcut,14868,09/28/2021, 12:18:30,71
RBTR00001,Reboot Shortcut,14868,09/28/2021, 13:18:30,71
RBTR00001,Reboot Shortcut,14868,09/28/2021, 14:10:46,71
RBTR00001,Reboot Shortcut,14868,09/28/2021, 15:12:16,71
RBTR00001,Reboot Shortcut,14868,09/28/2021, 16:16:42,71
RBTR00001,Reboot Shortcut,14869,09/28/2021, 17:15:53,71
RBTR00001,Reboot Shortcut,14870,09/28/2021, 18:12:55,71
RBTR00001,Reboot Shortcut,14870,09/28/2021, 19:09:27,71
RBTR00001,Reboot Shortcut,14870,09/28/2021, 20:11:46,71
RBTR00001,Reboot Shortcut,14870,09/28/2021, 21:08:30,71
RBTR00001,Reboot Shortcut,14870,09/28/2021, 22:11:05,71
RBTR00001,Reboot Shortcut,14870,09/28/2021, 23:11:33,71
RBTR00001,Reboot Shortcut,14871,09/29/2021, 00:37:27,71
RBTR00001,Reboot Shortcut,14871,09/29/2021, 01:50:43,71
RBTR00001,Reboot Shortcut,14871,09/29/2021, 02:20:41,71
RBTR00001,Reboot Shortcut,14871,09/29/2021, 03:12:13,71
RBTR00001,Reboot Shortcut,14871,09/29/2021, 04:14:44,71
RBTR00001,Reboot Shortcut,14871,09/29/2021, 05:10:23,71
RBTR00001,Reboot Shortcut,14872,09/29/2021, 06:13:46,71
RBTR00001,Reboot Shortcut,14873,09/29/2021, 07:11:22,71
RBTR00001,Reboot Shortcut,14873,09/29/2021, 08:13:22,71
RBTR00001,Reboot Shortcut,14873,09/29/2021, 09:11:03,71
RBTR00001,Reboot Shortcut,14873,09/29/2021, 10:12:49,71
RBTR00001,Reboot Shortcut,14873,09/29/2021, 11:09:36,71
RBTR00001,Reboot Shortcut,14873,09/29/2021, 12:17:46,71
RBTR00001,Reboot Shortcut,14873,09/29/2021, 13:18:06,71
RBTR00001,Reboot Shortcut,14874,09/29/2021, 14:11:04,71
RBTR00001,Reboot Shortcut,14875,09/29/2021, 15:12:08,71
RBTR00001,Reboot Shortcut,14875,09/29/2021, 16:16:36,71
RBTR00001,Reboot Shortcut,14875,09/29/2021, 17:16:43,71
RBTR00001,Reboot Shortcut,14876,09/29/2021, 18:13:03,71
RBTR00001,Reboot Shortcut,14877,09/29/2021, 19:09:27,71
RBTR00001,Reboot Shortcut,14877,09/29/2021, 20:11:46,71
RBTR00001,Reboot Shortcut,14877,09/29/2021, 21:09:57,71
RBTR00001,Reboot Shortcut,14878,09/29/2021, 22:11:16,71
RBTR00001,Reboot Shortcut,14878,09/29/2021, 23:11:39,71
RBTR00001,Reboot Shortcut,14878,09/30/2021, 00:41:57,71
RBTR00001,Reboot Shortcut,14878,09/30/2021, 02:02:09,71
RBTR00001,Reboot Shortcut,14878,09/30/2021, 03:12:15,71
RBTR00001,Reboot Shortcut,14878,09/30/2021, 04:14:21,71
RBTR00001,Reboot Shortcut,14878,09/30/2021, 05:10:23,71
RBTR00001,Reboot Shortcut,14878,09/30/2021, 06:13:48,71
RBTR00001,Reboot Shortcut,14878,09/30/2021, 07:11:35,71
RBTR00001,Reboot Shortcut,14878,09/30/2021, 08:13:34,71
RBTR00001,Reboot Shortcut,14878,09/30/2021, 09:11:06,71
RBTR00001,Reboot Shortcut,14878,09/30/2021, 10:12:30,71
RBTR00001,Reboot Shortcut,14878,09/30/2021, 11:09:32,71
RBTR00001,Reboot Shortcut,14878,09/30/2021, 12:18:55,71
RBTR00001,Reboot Shortcut,14878,09/30/2021, 13:18:50,71
RBTR00001,Reboot Shortcut,14878,09/30/2021, 15:12:12,71
RBTR00001,Reboot Shortcut,14878,09/30/2021, 16:16:40,71
RBTR00001,Reboot Shortcut,14878,09/30/2021, 17:15:59,71
RBTR00001,Reboot Shortcut,14878,09/30/2021, 18:13:01,71
RBTR00001,Reboot Shortcut,14878,09/30/2021, 19:09:27,71
RBTR00001,Reboot Shortcut,14878,09/30/2021, 20:11:55,71
RBTR00001,Reboot Shortcut,14879,09/30/2021, 21:09:52,71
RBTR00001,Reboot Shortcut,14880,09/30/2021, 22:11:26,71
RBTR00001,Reboot Shortcut,14880,09/30/2021, 23:11:53,71
RBTR00001,Reboot Shortcut,14881,10/01/2021, 00:41:40,71
RBTR00001,Reboot Shortcut,14881,10/01/2021, 02:02:23,71
RBTR00001,Reboot Shortcut,14881,10/01/2021, 03:12:00,71
RBTR00001,Reboot Shortcut,14881,10/01/2021, 04:14:36,71
RBTR00001,Reboot Shortcut,14881,10/01/2021, 05:10:23,71
RBTR00001,Reboot Shortcut,14881,10/01/2021, 06:13:46,71
RBTR00001,Reboot Shortcut,14881,10/01/2021, 07:11:30,71
RBTR00001,Reboot Shortcut,14881,10/01/2021, 08:13:32,71
RBTR00001,Reboot Shortcut,14881,10/01/2021, 09:11:35,71
RBTR00001,Reboot Shortcut,14881,10/01/2021, 10:12:47,71
RBTR00001,Reboot Shortcut,14881,10/01/2021, 11:10:00,71
RBTR00001,Reboot Shortcut,14881,10/01/2021, 12:17:54,71
RBTR00001,Reboot Shortcut,14881,10/01/2021, 13:18:21,71
RBTR00001,Reboot Shortcut,14881,10/01/2021, 14:10:44,71
RBTR00001,Reboot Shortcut,14881,10/01/2021, 15:12:02,71
RBTR00001,Reboot Shortcut,14881,10/01/2021, 16:17:27,71
RBTR00001,Reboot Shortcut,14881,10/01/2021, 17:17:42,71
RBTR00001,Reboot Shortcut,14881,10/01/2021, 18:13:05,71
RBTR00001,Reboot Shortcut,14881,10/01/2021, 19:09:22,71
RBTR00001,Reboot Shortcut,14881,10/01/2021, 20:11:41,71
RBTR00001,Reboot Shortcut,14881,10/01/2021, 21:09:56,71
RBTR00001,Reboot Shortcut,14882,10/01/2021, 22:11:01,71
RBTR00001,Reboot Shortcut,14882,10/01/2021, 23:11:23,71
RBTR00001,Reboot Shortcut,14882,10/02/2021, 00:38:08,71
RBTR00001,Reboot Shortcut,14882,10/02/2021, 01:54:02,71
RBTR00001,Reboot Shortcut,14882,10/02/2021, 02:25:38,71
RBTR00001,Reboot Shortcut,14882,10/02/2021, 03:11:43,71
RBTR00001,Reboot Shortcut,14883,10/02/2021, 04:14:16,71
RBTR00001,Reboot Shortcut,14883,10/02/2021, 05:09:53,71
RBTR00001,Reboot Shortcut,14883,10/02/2021, 06:13:16,71
RBTR00001,Reboot Shortcut,14883,10/02/2021, 07:11:06,71
RBTR00001,Reboot Shortcut,14883,10/02/2021, 08:12:59,71
RBTR00001,Reboot Shortcut,14883,10/02/2021, 09:10:38,71
RBTR00001,Reboot Shortcut,14883,10/02/2021, 10:12:31,71
RBTR00001,Reboot Shortcut,14883,10/02/2021, 11:09:21,71
RBTR00001,Reboot Shortcut,14883,10/02/2021, 12:16:50,71
RBTR00001,Reboot Shortcut,14884,10/02/2021, 13:15:43,71
RBTR00001,Reboot Shortcut,14884,10/02/2021, 14:09:50,71
RBTR00001,Reboot Shortcut,14885,10/02/2021, 15:11:16,71
RBTR00001,Reboot Shortcut,14885,10/02/2021, 16:16:02,71
RBTR00001,Reboot Shortcut,14885,10/02/2021, 17:14:20,71
RBTR00001,Reboot Shortcut,14886,10/02/2021, 18:12:30,71
RBTR00001,Reboot Shortcut,14886,10/02/2021, 19:09:07,71
RBTR00001,Reboot Shortcut,14886,10/02/2021, 20:11:22,71
RBTR00001,Reboot Shortcut,14886,10/02/2021, 21:09:40,71
RBTR00001,Reboot Shortcut,14886,10/02/2021, 22:11:02,71
RBTR00001,Reboot Shortcut,14886,10/02/2021, 23:11:19,71
RBTR00001,Reboot Shortcut,14887,10/03/2021, 00:42:44,71
RBTR00001,Reboot Shortcut,14887,10/03/2021, 01:58:56,71
RBTR00001,Reboot Shortcut,14887,10/03/2021, 02:29:55,71
RBTR00001,Reboot Shortcut,14887,10/03/2021, 03:11:50,71
RBTR00001,Reboot Shortcut,14887,10/03/2021, 04:14:15,71
RBTR00001,Reboot Shortcut,14888,10/03/2021, 05:10:07,71
RBTR00001,Reboot Shortcut,14888,10/03/2021, 06:13:16,71
RBTR00001,Reboot Shortcut,14888,10/03/2021, 07:10:58,71
RBTR00001,Reboot Shortcut,14888,10/03/2021, 08:12:54,71
RBTR00001,Reboot Shortcut,14888,10/03/2021, 09:11:07,71
RBTR00001,Reboot Shortcut,14888,10/03/2021, 10:12:05,71
RBTR00001,Reboot Shortcut,14888,10/03/2021, 11:09:29,71
RBTR00001,Reboot Shortcut,14888,10/03/2021, 12:16:38,71
RBTR00001,Reboot Shortcut,14888,10/03/2021, 13:15:41,71
RBTR00001,Reboot Shortcut,14889,10/03/2021, 14:09:56,71
RBTR00001,Reboot Shortcut,14889,10/03/2021, 15:11:45,71
RBTR00001,Reboot Shortcut,14889,10/03/2021, 16:16:02,71
RBTR00001,Reboot Shortcut,14889,10/03/2021, 17:14:06,71
RBTR00001,Reboot Shortcut,14889,10/03/2021, 18:12:24,71
RBTR00001,Reboot Shortcut,14889,10/03/2021, 19:09:16,71
RBTR00001,Reboot Shortcut,14889,10/03/2021, 20:10:56,71
RBTR00001,Reboot Shortcut,14889,10/03/2021, 21:10:00,71
RBTR00001,Reboot Shortcut,14889,10/03/2021, 22:11:03,71
RBTR00001,Reboot Shortcut,14889,10/03/2021, 23:11:17,71
RBTR00001,Reboot Shortcut,14889,10/04/2021, 00:43:24,71
RBTR00001,Reboot Shortcut,14889,10/04/2021, 02:02:11,71
RBTR00001,Reboot Shortcut,14891,10/04/2021, 03:12:16,71
RBTR00001,Reboot Shortcut,14892,10/04/2021, 04:14:41,71
RBTR00001,Reboot Shortcut,14892,10/04/2021, 05:10:25,71
RBTR00001,Reboot Shortcut,14892,10/04/2021, 06:13:52,71
RBTR00001,Reboot Shortcut,14892,10/04/2021, 07:11:46,71
RBTR00001,Reboot Shortcut,14892,10/04/2021, 08:13:57,71
RBTR00001,Reboot Shortcut,14893,10/04/2021, 09:14:06,71
RBTR00001,Reboot Shortcut,14893,10/04/2021, 10:12:38,71
RBTR00001,Reboot Shortcut,14893,10/04/2021, 11:09:56,71
RBTR00001,Reboot Shortcut,14893,10/04/2021, 12:17:33,71
RBTR00001,Reboot Shortcut,14893,10/04/2021, 13:18:07,71
RBTR00001,Reboot Shortcut,14893,10/04/2021, 14:11:53,71
RBTR00001,Reboot Shortcut,14893,10/04/2021, 15:17:10,71
RBTR00001,Reboot Shortcut,14894,10/04/2021, 16:16:33,71
RBTR00001,Reboot Shortcut,14894,10/04/2021, 17:19:18,71
RBTR00001,Reboot Shortcut,14894,10/04/2021, 18:13:13,71
RBTR00001,Reboot Shortcut,14894,10/04/2021, 19:09:25,71
RBTR00001,Reboot Shortcut,14894,10/04/2021, 20:58:04,71
RBTR00001,Reboot Shortcut,14894,10/04/2021, 21:09:55,71
RBTR00001,Reboot Shortcut,14894,10/04/2021, 22:11:21,71
RBTR00001,Reboot Shortcut,14894,10/04/2021, 23:09:34,71
RBTR00001,Reboot Shortcut,14895,10/05/2021, 00:39:15,71
RBTR00001,Reboot Shortcut,14895,10/05/2021, 01:55:59,71
RBTR00001,Reboot Shortcut,14895,10/05/2021, 02:25:10,71
RBTR00001,Reboot Shortcut,14895,10/05/2021, 03:12:03,71
RBTR00001,Reboot Shortcut,14895,10/05/2021, 04:14:44,71
RBTR00001,Reboot Shortcut,14895,10/05/2021, 05:10:25,71
RBTR00001,Reboot Shortcut,14895,10/05/2021, 06:13:49,71
RBTR00001,Reboot Shortcut,14895,10/05/2021, 07:11:34,71
RBTR00001,Reboot Shortcut,14895,10/05/2021, 08:14:02,71
RBTR00001,Reboot Shortcut,14895,10/05/2021, 09:11:48,71
RBTR00001,Reboot Shortcut,14895,10/05/2021, 10:12:10,71
RBTR00001,Reboot Shortcut,14895,10/05/2021, 11:09:38,71
RBTR00001,Reboot Shortcut,14895,10/05/2021, 12:17:47,71
RBTR00001,Reboot Shortcut,14896,10/05/2021, 13:19:02,71
RBTR00001,Reboot Shortcut,14896,10/05/2021, 14:58:41,71
RBTR00001,Reboot Shortcut,14897,10/05/2021, 15:31:12,71
RBTR00001,Reboot Shortcut,14897,10/05/2021, 16:17:07,71
RBTR00001,Reboot Shortcut,14897,10/05/2021, 17:16:35,71
RBTR00001,Reboot Shortcut,14897,10/05/2021, 18:12:58,71
RBTR00001,Reboot Shortcut,14897,10/05/2021, 19:09:36,71
RBTR00001,Reboot Shortcut,14897,10/05/2021, 20:11:44,71
RBTR00001,Reboot Shortcut,14897,10/05/2021, 21:10:37,71
RBTR00001,Reboot Shortcut,14898,10/05/2021, 22:11:15,71
RBTR00001,Reboot Shortcut,14898,10/05/2021, 23:11:42,71
RBTR00001,Reboot Shortcut,14899,10/06/2021, 00:41:28,71
RBTR00001,Reboot Shortcut,14899,10/06/2021, 01:57:06,71
RBTR00001,Reboot Shortcut,14899,10/06/2021, 02:27:11,71
RBTR00001,Reboot Shortcut,14899,10/06/2021, 03:12:09,71
RBTR00001,Reboot Shortcut,14899,10/06/2021, 04:14:16,71
RBTR00001,Reboot Shortcut,14900,10/06/2021, 05:10:46,71
RBTR00001,Reboot Shortcut,14900,10/06/2021, 06:13:40,71
RBTR00001,Reboot Shortcut,14900,10/06/2021, 07:11:39,71
RBTR00001,Reboot Shortcut,14900,10/06/2021, 08:13:42,71
RBTR00001,Reboot Shortcut,14900,10/06/2021, 09:16:03,71
RBTR00001,Reboot Shortcut,14900,10/06/2021, 10:12:24,71
RBTR00001,Reboot Shortcut,14900,10/06/2021, 11:09:45,71
RBTR00001,Reboot Shortcut,14900,10/06/2021, 12:18:02,71
RBTR00001,Reboot Shortcut,14900,10/06/2021, 13:32:05,71
RBTR00001,Reboot Shortcut,14900,10/06/2021, 14:15:59,71
RBTR00001,Reboot Shortcut,14900,10/06/2021, 15:16:13,71
RBTR00001,Reboot Shortcut,14900,10/06/2021, 16:14:44,71
RBTR00001,Reboot Shortcut,14900,10/06/2021, 17:14:58,71
RBTR00001,Reboot Shortcut,14900,10/06/2021, 18:12:58,71
RBTR00001,Reboot Shortcut,14900,10/06/2021, 19:09:25,71
RBTR00001,Reboot Shortcut,14900,10/06/2021, 20:11:58,71
RBTR00001,Reboot Shortcut,14900,10/06/2021, 21:09:48,71
RBTR00001,Reboot Shortcut,14900,10/06/2021, 22:11:04,71
RBTR00001,Reboot Shortcut,14900,10/06/2021, 23:11:32,71
RBTR00001,Reboot Shortcut,14901,10/07/2021, 00:40:45,71
RBTR00001,Reboot Shortcut,14902,10/07/2021, 02:00:40,71
RBTR00001,Reboot Shortcut,14902,10/07/2021, 02:35:19,71
RBTR00001,Reboot Shortcut,14902,10/07/2021, 03:12:19,71
RBTR00001,Reboot Shortcut,14902,10/07/2021, 04:14:56,71
RBTR00001,Reboot Shortcut,14902,10/07/2021, 05:10:28,71
RBTR00001,Reboot Shortcut,14902,10/07/2021, 06:13:30,71
RBTR00001,Reboot Shortcut,14902,10/07/2021, 07:11:36,71
RBTR00001,Reboot Shortcut,14902,10/07/2021, 08:13:53,71
RBTR00001,Reboot Shortcut,14902,10/07/2021, 09:09:52,71
RBTR00001,Reboot Shortcut,14902,10/07/2021, 10:12:49,71
RBTR00001,Reboot Shortcut,14903,10/07/2021, 11:09:55,71
RBTR00001,Reboot Shortcut,14903,10/07/2021, 12:19:25,71
RBTR00001,Reboot Shortcut,14903,10/07/2021, 13:22:41,71
RBTR00001,Reboot Shortcut,14903,10/07/2021, 14:13:14,71
RBTR00001,Reboot Shortcut,14903,10/07/2021, 15:13:42,71
RBTR00001,Reboot Shortcut,14904,10/07/2021, 16:14:12,71
RBTR00001,Reboot Shortcut,14904,10/07/2021, 17:10:57,71
RBTR00001,Reboot Shortcut,14904,10/07/2021, 18:13:16,71
RBTR00001,Reboot Shortcut,14904,10/07/2021, 19:09:49,71
RBTR00001,Reboot Shortcut,14904,10/07/2021, 20:11:57,71
RBTR00001,Reboot Shortcut,14904,10/07/2021, 21:10:02,71
RBTR00001,Reboot Shortcut,14904,10/07/2021, 22:11:21,71
RBTR00001,Reboot Shortcut,14904,10/07/2021, 23:11:29,71
RBTR00001,Reboot Shortcut,14904,10/08/2021, 00:42:05,71
RBTR00001,Reboot Shortcut,14904,10/08/2021, 02:01:01,71
RBTR00001,Reboot Shortcut,14904,10/08/2021, 03:12:04,71
RBTR00001,Reboot Shortcut,14904,10/08/2021, 04:14:37,71
RBTR00001,Reboot Shortcut,14904,10/08/2021, 05:10:32,71
RBTR00001,Reboot Shortcut,14904,10/08/2021, 06:13:44,71
RBTR00001,Reboot Shortcut,14904,10/08/2021, 07:11:43,71
RBTR00001,Reboot Shortcut,14905,10/08/2021, 08:14:10,71
RBTR00001,Reboot Shortcut,14905,10/08/2021, 09:11:55,71
RBTR00001,Reboot Shortcut,14905,10/08/2021, 10:12:36,71
RBTR00001,Reboot Shortcut,14905,10/08/2021, 11:11:25,71
RBTR00001,Reboot Shortcut,14905,10/08/2021, 12:17:44,71
RBTR00001,Reboot Shortcut,14905,10/08/2021, 13:17:39,71
RBTR00001,Reboot Shortcut,14905,10/08/2021, 14:10:50,71
RBTR00001,Reboot Shortcut,14905,10/08/2021, 15:12:02,71
RBTR00001,Reboot Shortcut,14906,10/08/2021, 16:17:01,71
RBTR00001,Reboot Shortcut,14906,10/08/2021, 17:18:01,71
RBTR00001,Reboot Shortcut,14906,10/08/2021, 18:13:15,71
RBTR00001,Reboot Shortcut,14906,10/08/2021, 19:09:32,71
RBTR00001,Reboot Shortcut,14907,10/08/2021, 20:11:58,71
RBTR00001,Reboot Shortcut,14907,10/08/2021, 21:09:56,71
RBTR00001,Reboot Shortcut,14908,10/08/2021, 22:11:09,71
RBTR00001,Reboot Shortcut,14908,10/08/2021, 23:11:59,71
RBTR00001,Reboot Shortcut,14908,10/09/2021, 00:37:17,71
RBTR00001,Reboot Shortcut,14908,10/09/2021, 01:51:59,71
RBTR00001,Reboot Shortcut,14908,10/09/2021, 02:24:35,71
RBTR00001,Reboot Shortcut,14908,10/09/2021, 03:12:06,71
RBTR00001,Reboot Shortcut,14908,10/09/2021, 04:14:28,71
RBTR00001,Reboot Shortcut,14908,10/09/2021, 05:10:05,71
RBTR00001,Reboot Shortcut,14908,10/09/2021, 06:13:12,71
RBTR00001,Reboot Shortcut,14908,10/09/2021, 07:11:14,71
RBTR00001,Reboot Shortcut,14908,10/09/2021, 08:12:37,71
RBTR00001,Reboot Shortcut,14908,10/09/2021, 09:10:40,71
RBTR00001,Reboot Shortcut,14908,10/09/2021, 10:12:10,71
RBTR00001,Reboot Shortcut,14908,10/09/2021, 11:09:30,71
RBTR00001,Reboot Shortcut,14908,10/09/2021, 12:16:38,71
RBTR00001,Reboot Shortcut,14908,10/09/2021, 13:15:27,71
RBTR00001,Reboot Shortcut,14908,10/09/2021, 14:10:13,71
RBTR00001,Reboot Shortcut,14908,10/09/2021, 15:11:20,71
RBTR00001,Reboot Shortcut,14908,10/09/2021, 16:16:05,71
RBTR00001,Reboot Shortcut,14908,10/09/2021, 17:14:30,71
RBTR00001,Reboot Shortcut,14908,10/09/2021, 18:12:34,71
RBTR00001,Reboot Shortcut,14908,10/09/2021, 19:08:59,71
RBTR00001,Reboot Shortcut,14909,10/09/2021, 20:11:26,71
RBTR00001,Reboot Shortcut,14909,10/09/2021, 21:09:42,71
RBTR00001,Reboot Shortcut,14909,10/09/2021, 22:11:00,71
RBTR00001,Reboot Shortcut,14911,10/09/2021, 23:11:17,71
RBTR00001,Reboot Shortcut,14911,10/10/2021, 00:40:39,71
RBTR00001,Reboot Shortcut,14911,10/10/2021, 01:56:09,71
RBTR00001,Reboot Shortcut,14911,10/10/2021, 02:25:34,71
RBTR00001,Reboot Shortcut,14911,10/10/2021, 03:11:47,71
RBTR00001,Reboot Shortcut,14911,10/10/2021, 04:15:08,71
RBTR00001,Reboot Shortcut,14911,10/10/2021, 05:10:13,71
RBTR00001,Reboot Shortcut,14911,10/10/2021, 06:13:22,71
RBTR00001,Reboot Shortcut,14911,10/10/2021, 07:11:06,71
RBTR00001,Reboot Shortcut,14911,10/10/2021, 08:13:00,71
RBTR00001,Reboot Shortcut,14911,10/10/2021, 09:10:55,71
RBTR00001,Reboot Shortcut,14911,10/10/2021, 10:12:00,71
RBTR00001,Reboot Shortcut,14911,10/10/2021, 11:09:25,71
RBTR00001,Reboot Shortcut,14912,10/10/2021, 12:16:47,71
RBTR00001,Reboot Shortcut,14912,10/10/2021, 13:15:24,71
RBTR00001,Reboot Shortcut,14912,10/10/2021, 14:10:16,71
RBTR00001,Reboot Shortcut,14912,10/10/2021, 15:11:10,71
RBTR00001,Reboot Shortcut,14914,10/10/2021, 16:16:16,71
RBTR00001,Reboot Shortcut,14914,10/10/2021, 17:14:34,71
RBTR00001,Reboot Shortcut,14914,10/10/2021, 18:12:24,71
RBTR00001,Reboot Shortcut,14914,10/10/2021, 19:09:05,71
RBTR00001,Reboot Shortcut,14914,10/10/2021, 20:11:28,71
RBTR00001,Reboot Shortcut,14915,10/10/2021, 21:09:46,71
RBTR00001,Reboot Shortcut,14915,10/10/2021, 22:10:49,71
RBTR00001,Reboot Shortcut,14915,10/10/2021, 23:11:20,71
RBTR00001,Reboot Shortcut,14915,10/11/2021, 00:40:22,71
RBTR00001,Reboot Shortcut,14915,10/11/2021, 02:00:29,71
RBTR00001,Reboot Shortcut,14915,10/11/2021, 02:34:49,71
RBTR00001,Reboot Shortcut,14915,10/11/2021, 03:12:16,71
RBTR00001,Reboot Shortcut,14915,10/11/2021, 04:14:27,71
RBTR00001,Reboot Shortcut,14915,10/11/2021, 05:10:37,71
RBTR00001,Reboot Shortcut,14915,10/11/2021, 06:14:06,71
RBTR00001,Reboot Shortcut,14916,10/11/2021, 07:11:52,71
RBTR00001,Reboot Shortcut,14916,10/11/2021, 08:13:42,71
RBTR00001,Reboot Shortcut,14917,10/11/2021, 09:11:46,71
RBTR00001,Reboot Shortcut,14917,10/11/2021, 10:13:08,71
RBTR00001,Reboot Shortcut,14917,10/11/2021, 11:09:44,71
RBTR00001,Reboot Shortcut,14917,10/11/2021, 12:18:00,71
RBTR00001,Reboot Shortcut,14917,10/11/2021, 13:18:29,71
RBTR00001,Reboot Shortcut,14918,10/11/2021, 14:10:56,71
RBTR00001,Reboot Shortcut,14918,10/11/2021, 15:12:17,71
RBTR00001,Reboot Shortcut,14920,10/11/2021, 16:16:50,71
RBTR00001,Reboot Shortcut,14922,10/11/2021, 17:16:18,71
RBTR00001,Reboot Shortcut,14922,10/11/2021, 18:12:57,71
RBTR00001,Reboot Shortcut,14922,10/11/2021, 19:09:20,71
RBTR00001,Reboot Shortcut,14922,10/11/2021, 20:11:44,71
RBTR00001,Reboot Shortcut,14922,10/11/2021, 21:09:58,71
RBTR00001,Reboot Shortcut,14922,10/11/2021, 22:11:16,71
RBTR00001,Reboot Shortcut,14922,10/11/2021, 23:11:39,71
RBTR00001,Reboot Shortcut,14922,10/12/2021, 00:42:01,71
RBTR00001,Reboot Shortcut,14922,10/12/2021, 02:00:05,71
RBTR00001,Reboot Shortcut,14922,10/12/2021, 02:33:49,71
RBTR00001,Reboot Shortcut,14922,10/12/2021, 03:12:07,71
RBTR00001,Reboot Shortcut,14922,10/12/2021, 04:14:50,71
RBTR00001,Reboot Shortcut,14923,10/12/2021, 05:10:26,71
RBTR00001,Reboot Shortcut,14923,10/12/2021, 06:13:37,71
RBTR00001,Reboot Shortcut,14923,10/12/2021, 07:11:35,71
RBTR00001,Reboot Shortcut,14923,10/12/2021, 08:13:59,71
RBTR00001,Reboot Shortcut,14923,10/12/2021, 09:11:33,71
RBTR00001,Reboot Shortcut,14924,10/12/2021, 10:14:24,71
RBTR00001,Reboot Shortcut,14924,10/12/2021, 11:09:45,71
RBTR00001,Reboot Shortcut,14924,10/12/2021, 12:18:22,71
RBTR00001,Reboot Shortcut,14924,10/12/2021, 13:18:55,71
RBTR00001,Reboot Shortcut,14924,10/12/2021, 14:16:01,71
RBTR00001,Reboot Shortcut,14924,10/12/2021, 15:18:07,71
RBTR00001,Reboot Shortcut,14924,10/12/2021, 16:21:14,71
RBTR00001,Reboot Shortcut,14924,10/12/2021, 17:16:09,71
RBTR00001,Reboot Shortcut,14924,10/12/2021, 18:13:05,71
RBTR00001,Reboot Shortcut,14924,10/12/2021, 19:09:24,71
RBTR00001,Reboot Shortcut,14924,10/12/2021, 20:12:06,71
RBTR00001,Reboot Shortcut,14924,10/12/2021, 21:10:13,71
RBTR00001,Reboot Shortcut,14924,10/12/2021, 22:11:23,71
RBTR00001,Reboot Shortcut,14924,10/12/2021, 23:11:37,71
RBTR00001,Reboot Shortcut,14924,10/13/2021, 00:40:03,71
RBTR00001,Reboot Shortcut,14926,10/13/2021, 02:01:00,71
RBTR00001,Reboot Shortcut,14926,10/13/2021, 03:12:32,71
RBTR00001,Reboot Shortcut,14926,10/13/2021, 04:14:41,71
RBTR00001,Reboot Shortcut,14926,10/13/2021, 05:10:31,71
RBTR00001,Reboot Shortcut,14926,10/13/2021, 06:13:55,71
RBTR00001,Reboot Shortcut,14926,10/13/2021, 07:11:46,71
RBTR00001,Reboot Shortcut,14926,10/13/2021, 08:13:56,71
RBTR00001,Reboot Shortcut,14926,10/13/2021, 09:16:05,71
RBTR00001,Reboot Shortcut,14926,10/13/2021, 10:12:33,71
RBTR00001,Reboot Shortcut,14926,10/13/2021, 11:09:46,71
RBTR00001,Reboot Shortcut,14927,10/13/2021, 12:18:02,71
RBTR00001,Reboot Shortcut,14927,10/13/2021, 13:18:33,71
RBTR00001,Reboot Shortcut,14928,10/13/2021, 14:16:01,71
RBTR00001,Reboot Shortcut,14928,10/13/2021, 15:17:03,71
RBTR00001,Reboot Shortcut,14928,10/13/2021, 16:16:59,71
RBTR00001,Reboot Shortcut,14928,10/13/2021, 17:16:08,71
RBTR00001,Reboot Shortcut,14928,10/13/2021, 18:13:27,71
RBTR00001,Reboot Shortcut,14928,10/13/2021, 19:09:26,71
RBTR00001,Reboot Shortcut,14928,10/13/2021, 20:11:58,71
RBTR00001,Reboot Shortcut,14928,10/13/2021, 21:10:09,71
RBTR00001,Reboot Shortcut,14928,10/13/2021, 22:11:24,71
RBTR00001,Reboot Shortcut,14928,10/13/2021, 23:11:36,71
RBTR00001,Reboot Shortcut,14928,10/14/2021, 00:37:33,71
RBTR00001,Reboot Shortcut,14928,10/14/2021, 01:57:42,71
RBTR00001,Reboot Shortcut,14928,10/14/2021, 02:28:14,71
RBTR00001,Reboot Shortcut,14928,10/14/2021, 03:12:13,71
RBTR00001,Reboot Shortcut,14928,10/14/2021, 04:14:37,71
RBTR00001,Reboot Shortcut,14928,10/14/2021, 05:10:23,71
RBTR00001,Reboot Shortcut,14928,10/14/2021, 06:13:35,71
RBTR00001,Reboot Shortcut,14928,10/14/2021, 07:11:51,71
RBTR00001,Reboot Shortcut,14928,10/14/2021, 08:18:06,71
RBTR00001,Reboot Shortcut,14928,10/14/2021, 09:12:28,71
RBTR00001,Reboot Shortcut,14928,10/14/2021, 10:12:37,71
RBTR00001,Reboot Shortcut,14928,10/14/2021, 11:10:06,71
RBTR00001,Reboot Shortcut,14928,10/14/2021, 12:17:47,71
RBTR00001,Reboot Shortcut,14928,10/14/2021, 13:18:03,71
RBTR00001,Reboot Shortcut,14928,10/14/2021, 14:11:08,71
RBTR00001,Reboot Shortcut,14928,10/14/2021, 15:17:01,71
RBTR00001,Reboot Shortcut,14928,10/14/2021, 16:16:55,71
RBTR00001,Reboot Shortcut,14928,10/14/2021, 17:16:54,71
RBTR00001,Reboot Shortcut,14928,10/14/2021, 18:13:12,71
RBTR00001,Reboot Shortcut,14928,10/14/2021, 19:09:37,71
RBTR00001,Reboot Shortcut,14929,10/14/2021, 20:11:55,71
RBTR00001,Reboot Shortcut,14930,10/14/2021, 21:10:00,71
RBTR00001,Reboot Shortcut,14930,10/14/2021, 22:12:26,71
RBTR00001,Reboot Shortcut,14930,10/14/2021, 23:11:36,71
RBTR00001,Reboot Shortcut,14930,10/15/2021, 00:41:50,71
RBTR00001,Reboot Shortcut,14930,10/15/2021, 01:58:38,71
RBTR00001,Reboot Shortcut,14930,10/15/2021, 02:30:31,71
RBTR00001,Reboot Shortcut,14930,10/15/2021, 03:12:10,71
RBTR00001,Reboot Shortcut,14931,10/15/2021, 04:14:51,71
RBTR00001,Reboot Shortcut,14933,10/15/2021, 05:10:28,71
RBTR00001,Reboot Shortcut,14934,10/15/2021, 06:13:51,71
RBTR00001,Reboot Shortcut,14934,10/15/2021, 07:11:50,71
RBTR00001,Reboot Shortcut,14934,10/15/2021, 08:13:59,71
RBTR00001,Reboot Shortcut,14934,10/15/2021, 09:11:33,71
RBTR00001,Reboot Shortcut,14934,10/15/2021, 10:12:43,71
RBTR00001,Reboot Shortcut,14934,10/15/2021, 11:09:46,71
RBTR00001,Reboot Shortcut,14934,10/15/2021, 12:18:19,71
RBTR00001,Reboot Shortcut,14934,10/15/2021, 13:18:19,71
RBTR00001,Reboot Shortcut,14934,10/15/2021, 14:14:21,71
RBTR00001,Reboot Shortcut,14934,10/15/2021, 15:12:03,71
RBTR00001,Reboot Shortcut,14934,10/15/2021, 16:17:30,71
RBTR00001,Reboot Shortcut,14934,10/15/2021, 17:16:30,71
RBTR00001,Reboot Shortcut,14934,10/15/2021, 18:13:14,71
RBTR00001,Reboot Shortcut,14934,10/15/2021, 19:09:24,71
RBTR00001,Reboot Shortcut,14935,10/15/2021, 20:12:08,71
RBTR00001,Reboot Shortcut,14935,10/15/2021, 21:10:10,71
RBTR00001,Reboot Shortcut,14935,10/15/2021, 22:11:26,71
RBTR00001,Reboot Shortcut,14935,10/15/2021, 23:12:13,71
RBTR00001,Reboot Shortcut,14936,10/16/2021, 00:42:59,71
RBTR00001,Reboot Shortcut,14936,10/16/2021, 02:01:20,71
RBTR00001,Reboot Shortcut,14936,10/16/2021, 03:11:43,71
RBTR00001,Reboot Shortcut,14936,10/16/2021, 04:14:27,71
RBTR00001,Reboot Shortcut,14936,10/16/2021, 05:10:04,71
RBTR00001,Reboot Shortcut,14936,10/16/2021, 06:13:29,71
RBTR00001,Reboot Shortcut,14936,10/16/2021, 07:11:16,71
RBTR00001,Reboot Shortcut,14936,10/16/2021, 08:13:22,71
RBTR00001,Reboot Shortcut,14936,10/16/2021, 09:10:48,71
RBTR00001,Reboot Shortcut,14936,10/16/2021, 10:12:18,71
RBTR00001,Reboot Shortcut,14936,10/16/2021, 11:09:24,71
RBTR00001,Reboot Shortcut,14936,10/16/2021, 12:17:18,71
RBTR00001,Reboot Shortcut,14937,10/16/2021, 13:15:44,71
RBTR00001,Reboot Shortcut,14937,10/16/2021, 14:10:25,71
RBTR00001,Reboot Shortcut,14938,10/16/2021, 15:11:33,71
RBTR00001,Reboot Shortcut,14938,10/16/2021, 16:16:09,71
RBTR00001,Reboot Shortcut,14938,10/16/2021, 17:14:52,71
RBTR00001,Reboot Shortcut,14940,10/16/2021, 18:12:36,71
RBTR00001,Reboot Shortcut,14940,10/16/2021, 19:09:05,71
RBTR00001,Reboot Shortcut,14940,10/16/2021, 20:11:13,71
RBTR00001,Reboot Shortcut,14940,10/16/2021, 21:10:00,71
RBTR00001,Reboot Shortcut,14940,10/16/2021, 22:10:59,71
RBTR00001,Reboot Shortcut,14941,10/16/2021, 23:11:38,71
RBTR00001,Reboot Shortcut,14941,10/17/2021, 00:39:23,71
RBTR00001,Reboot Shortcut,14942,10/17/2021, 01:56:37,71
RBTR00001,Reboot Shortcut,14942,10/17/2021, 02:26:40,71
RBTR00001,Reboot Shortcut,14942,10/17/2021, 03:12:02,71
RBTR00001,Reboot Shortcut,14942,10/17/2021, 04:14:42,71
RBTR00001,Reboot Shortcut,14942,10/17/2021, 05:10:11,71
RBTR00001,Reboot Shortcut,14942,10/17/2021, 06:13:31,71
RBTR00001,Reboot Shortcut,14942,10/17/2021, 07:11:31,71
RBTR00001,Reboot Shortcut,14942,10/17/2021, 08:13:15,71
RBTR00001,Reboot Shortcut,14942,10/17/2021, 09:10:56,71
RBTR00001,Reboot Shortcut,14942,10/17/2021, 10:12:05,71
RBTR00001,Reboot Shortcut,14942,10/17/2021, 11:09:16,71
RBTR00001,Reboot Shortcut,14942,10/17/2021, 12:16:43,71
RBTR00001,Reboot Shortcut,14942,10/17/2021, 13:15:47,71
RBTR00001,Reboot Shortcut,14942,10/17/2021, 14:10:37,71
RBTR00001,Reboot Shortcut,14942,10/17/2021, 15:11:33,71
RBTR00001,Reboot Shortcut,14943,10/17/2021, 16:16:17,71
RBTR00001,Reboot Shortcut,14943,10/17/2021, 17:15:22,71
RBTR00001,Reboot Shortcut,14943,10/17/2021, 18:12:36,71
RBTR00001,Reboot Shortcut,14943,10/17/2021, 19:09:32,71
RBTR00001,Reboot Shortcut,14943,10/17/2021, 20:11:39,71
RBTR00001,Reboot Shortcut,14943,10/17/2021, 21:09:44,71
RBTR00001,Reboot Shortcut,14943,10/17/2021, 22:10:57,71
RBTR00001,Reboot Shortcut,14943,10/17/2021, 23:11:39,71
RBTR00001,Reboot Shortcut,14943,10/18/2021, 00:41:22,71
RBTR00001,Reboot Shortcut,14943,10/18/2021, 02:04:11,71
RBTR00001,Reboot Shortcut,14943,10/18/2021, 03:12:21,71
RBTR00001,Reboot Shortcut,14943,10/18/2021, 04:14:50,71
RBTR00001,Reboot Shortcut,14943,10/18/2021, 05:11:36,71
RBTR00001,Reboot Shortcut,14943,10/18/2021, 06:14:12,71
RBTR00001,Reboot Shortcut,14943,10/18/2021, 07:12:09,71
RBTR00001,Reboot Shortcut,14943,10/18/2021, 08:17:53,71
RBTR00001,Reboot Shortcut,14943,10/18/2021, 09:17:06,71
RBTR00001,Reboot Shortcut,14943,10/18/2021, 10:14:51,71
RBTR00001,Reboot Shortcut,14943,10/18/2021, 11:10:23,71
RBTR00001,Reboot Shortcut,14943,10/18/2021, 12:18:32,71
RBTR00001,Reboot Shortcut,14943,10/18/2021, 13:21:58,71
RBTR00001,Reboot Shortcut,14944,10/18/2021, 14:12:53,71
RBTR00001,Reboot Shortcut,14944,10/18/2021, 15:17:04,71
RBTR00001,Reboot Shortcut,14944,10/18/2021, 16:18:06,71
RBTR00001,Reboot Shortcut,14944,10/18/2021, 17:18:07,71
RBTR00001,Reboot Shortcut,14944,10/18/2021, 18:13:30,71
RBTR00001,Reboot Shortcut,14944,10/18/2021, 19:09:32,71
RBTR00001,Reboot Shortcut,14944,10/18/2021, 20:12:10,71
RBTR00001,Reboot Shortcut,14944,10/18/2021, 21:10:00,71
RBTR00001,Reboot Shortcut,14944,10/18/2021, 22:11:22,71
RBTR00001,Reboot Shortcut,14944,10/18/2021, 23:12:00,71
RBTR00001,Reboot Shortcut,14944,10/19/2021, 00:40:30,71
RBTR00001,Reboot Shortcut,14944,10/19/2021, 01:59:01,71
RBTR00001,Reboot Shortcut,14944,10/19/2021, 02:32:37,71
RBTR00001,Reboot Shortcut,14945,10/19/2021, 03:12:28,71
RBTR00001,Reboot Shortcut,14945,10/19/2021, 04:14:52,71
RBTR00001,Reboot Shortcut,14945,10/19/2021, 05:10:31,71
RBTR00001,Reboot Shortcut,14945,10/19/2021, 06:13:57,71
RBTR00001,Reboot Shortcut,14945,10/19/2021, 07:11:49,71
RBTR00001,Reboot Shortcut,14945,10/19/2021, 08:19:07,71
RBTR00001,Reboot Shortcut,14945,10/19/2021, 09:16:02,71
RBTR00001,Reboot Shortcut,14945,10/19/2021, 10:13:14,71
RBTR00001,Reboot Shortcut,14945,10/19/2021, 11:09:47,71
RBTR00001,Reboot Shortcut,14945,10/19/2021, 12:19:15,71
RBTR00001,Reboot Shortcut,14945,10/19/2021, 13:23:03,71
RBTR00001,Reboot Shortcut,14945,10/19/2021, 14:16:08,71
RBTR00001,Reboot Shortcut,14945,10/19/2021, 15:16:58,71
RBTR00001,Reboot Shortcut,14947,10/19/2021, 16:17:12,71
RBTR00001,Reboot Shortcut,14948,10/19/2021, 17:16:48,71
RBTR00001,Reboot Shortcut,14948,10/19/2021, 18:13:15,71
RBTR00001,Reboot Shortcut,14948,10/19/2021, 19:09:41,71
RBTR00001,Reboot Shortcut,14948,10/19/2021, 20:12:00,71
RBTR00001,Reboot Shortcut,14948,10/19/2021, 21:10:16,71
RBTR00001,Reboot Shortcut,14948,10/19/2021, 22:11:15,71
RBTR00001,Reboot Shortcut,14948,10/19/2021, 23:11:46,71
RBTR00001,Reboot Shortcut,14948,10/20/2021, 00:40:44,71
RBTR00001,Reboot Shortcut,14948,10/20/2021, 02:00:38,71
RBTR00001,Reboot Shortcut,14948,10/20/2021, 02:35:48,71
RBTR00001,Reboot Shortcut,14948,10/20/2021, 03:12:24,71
RBTR00001,Reboot Shortcut,14948,10/20/2021, 04:15:04,71
RBTR00001,Reboot Shortcut,14948,10/20/2021, 05:10:36,71
RBTR00001,Reboot Shortcut,14948,10/20/2021, 06:14:08,71
RBTR00001,Reboot Shortcut,14948,10/20/2021, 07:11:51,71
RBTR00001,Reboot Shortcut,14948,10/20/2021, 08:13:47,71
RBTR00001,Reboot Shortcut,14948,10/20/2021, 09:16:01,71
RBTR00001,Reboot Shortcut,14948,10/20/2021, 10:18:05,71
RBTR00001,Reboot Shortcut,14948,10/20/2021, 11:09:58,71
RBTR00001,Reboot Shortcut,14948,10/20/2021, 12:18:21,71
RBTR00001,Reboot Shortcut,14948,10/20/2021, 13:22:38,71
RBTR00001,Reboot Shortcut,14948,10/20/2021, 14:16:04,71
RBTR00001,Reboot Shortcut,14948,10/20/2021, 15:17:08,71
RBTR00001,Reboot Shortcut,14948,10/20/2021, 16:19:10,71
RBTR00001,Reboot Shortcut,14948,10/20/2021, 17:17:29,71
RBTR00001,Reboot Shortcut,14948,10/20/2021, 18:12:49,71
RBTR00001,Reboot Shortcut,14948,10/20/2021, 19:09:52,71
RBTR00001,Reboot Shortcut,14948,10/20/2021, 20:11:58,71
RBTR00001,Reboot Shortcut,14948,10/20/2021, 21:10:17,71
RBTR00001,Reboot Shortcut,14948,10/20/2021, 22:11:32,71
RBTR00001,Reboot Shortcut,14948,10/20/2021, 23:12:06,71
RBTR00001,Reboot Shortcut,14948,10/21/2021, 00:44:52,71
RBTR00001,Reboot Shortcut,14949,10/21/2021, 02:05:33,71
RBTR00001,Reboot Shortcut,14949,10/21/2021, 03:12:13,71
RBTR00001,Reboot Shortcut,14949,10/21/2021, 04:15:23,71
RBTR00001,Reboot Shortcut,14949,10/21/2021, 05:10:32,71
RBTR00001,Reboot Shortcut,14950,10/21/2021, 06:14:05,71
RBTR00001,Reboot Shortcut,14950,10/21/2021, 07:11:50,71
RBTR00001,Reboot Shortcut,14950,10/21/2021, 08:13:55,71
RBTR00001,Reboot Shortcut,14950,10/21/2021, 09:16:21,71
RBTR00001,Reboot Shortcut,14950,10/21/2021, 10:13:46,71
RBTR00001,Reboot Shortcut,14951,10/21/2021, 11:15:01,71
RBTR00001,Reboot Shortcut,14951,10/21/2021, 12:19:28,71
RBTR00001,Reboot Shortcut,14952,10/21/2021, 13:24:23,71
RBTR00001,Reboot Shortcut,14952,10/21/2021, 14:15:45,71
RBTR00001,Reboot Shortcut,14952,10/21/2021, 15:15:11,71
RBTR00001,Reboot Shortcut,14952,10/21/2021, 16:31:26,71
RBTR00001,Reboot Shortcut,14952,10/21/2021, 17:20:02,71
RBTR00001,Reboot Shortcut,14952,10/21/2021, 18:13:35,71
RBTR00001,Reboot Shortcut,14952,10/21/2021, 19:09:43,71
RBTR00001,Reboot Shortcut,14952,10/21/2021, 20:12:41,71
RBTR00001,Reboot Shortcut,14952,10/21/2021, 21:10:17,71
RBTR00001,Reboot Shortcut,14952,10/21/2021, 22:11:29,71
RBTR00001,Reboot Shortcut,14952,10/21/2021, 23:11:59,71
RBTR00001,Reboot Shortcut,14953,10/22/2021, 00:43:56,71
RBTR00001,Reboot Shortcut,14954,10/22/2021, 02:06:53,71
RBTR00001,Reboot Shortcut,14954,10/22/2021, 03:12:27,71
RBTR00001,Reboot Shortcut,14954,10/22/2021, 04:14:47,71
RBTR00001,Reboot Shortcut,14954,10/22/2021, 05:10:40,71
RBTR00001,Reboot Shortcut,14954,10/22/2021, 06:14:07,71
RBTR00001,Reboot Shortcut,14954,10/22/2021, 07:12:13,71
RBTR00001,Reboot Shortcut,14954,10/22/2021, 08:14:00,71
RBTR00001,Reboot Shortcut,14954,10/22/2021, 09:16:15,71
RBTR00001,Reboot Shortcut,14954,10/22/2021, 10:12:57,71
RBTR00001,Reboot Shortcut,14955,10/22/2021, 11:09:39,71
RBTR00001,Reboot Shortcut,14955,10/22/2021, 12:18:30,71
RBTR00001,Reboot Shortcut,14955,10/22/2021, 13:19:26,71
RBTR00001,Reboot Shortcut,14955,10/22/2021, 14:16:01,71
RBTR00001,Reboot Shortcut,14955,10/22/2021, 15:16:58,71
RBTR00001,Reboot Shortcut,14955,10/22/2021, 16:17:34,71
RBTR00001,Reboot Shortcut,14955,10/22/2021, 17:17:12,71
RBTR00001,Reboot Shortcut,14955,10/22/2021, 18:13:23,71
RBTR00001,Reboot Shortcut,14955,10/22/2021, 19:09:50,71
RBTR00001,Reboot Shortcut,14955,10/22/2021, 20:12:28,71
RBTR00001,Reboot Shortcut,14955,10/22/2021, 21:10:16,71
RBTR00001,Reboot Shortcut,14955,10/22/2021, 22:11:45,71
RBTR00001,Reboot Shortcut,14955,10/22/2021, 23:11:49,71
RBTR00001,Reboot Shortcut,14955,10/23/2021, 00:42:32,71
RBTR00001,Reboot Shortcut,14955,10/23/2021, 01:59:21,71
RBTR00001,Reboot Shortcut,14955,10/23/2021, 02:35:11,71
RBTR00001,Reboot Shortcut,14955,10/23/2021, 03:12:09,71
RBTR00001,Reboot Shortcut,14955,10/23/2021, 04:14:38,71
RBTR00001,Reboot Shortcut,14955,10/23/2021, 05:10:21,71
RBTR00001,Reboot Shortcut,14955,10/23/2021, 06:13:29,71
RBTR00001,Reboot Shortcut,14955,10/23/2021, 07:11:23,71
RBTR00001,Reboot Shortcut,14955,10/23/2021, 08:13:22,71
RBTR00001,Reboot Shortcut,14955,10/23/2021, 09:11:33,71
RBTR00001,Reboot Shortcut,14955,10/23/2021, 10:12:09,71
RBTR00001,Reboot Shortcut,14956,10/23/2021, 11:09:50,71
RBTR00001,Reboot Shortcut,14956,10/23/2021, 12:17:13,71
RBTR00001,Reboot Shortcut,14956,10/23/2021, 13:16:10,71
RBTR00001,Reboot Shortcut,14956,10/23/2021, 14:10:20,71
RBTR00001,Reboot Shortcut,14956,10/23/2021, 15:11:29,71
RBTR00001,Reboot Shortcut,14956,10/23/2021, 16:16:19,71
RBTR00001,Reboot Shortcut,14956,10/23/2021, 17:15:13,71
RBTR00001,Reboot Shortcut,14956,10/23/2021, 18:12:41,71
RBTR00001,Reboot Shortcut,14956,10/23/2021, 19:09:25,71
RBTR00001,Reboot Shortcut,14956,10/23/2021, 20:11:50,71
RBTR00001,Reboot Shortcut,14956,10/23/2021, 21:10:04,71
RBTR00001,Reboot Shortcut,14956,10/23/2021, 22:11:04,71
RBTR00001,Reboot Shortcut,14956,10/23/2021, 23:11:26,71
RBTR00001,Reboot Shortcut,14957,10/24/2021, 00:39:39,71
RBTR00001,Reboot Shortcut,14957,10/24/2021, 01:57:04,71
RBTR00001,Reboot Shortcut,14957,10/24/2021, 02:27:53,71
RBTR00001,Reboot Shortcut,14957,10/24/2021, 03:12:08,71
RBTR00001,Reboot Shortcut,14957,10/24/2021, 04:14:55,71
RBTR00001,Reboot Shortcut,14957,10/24/2021, 05:10:18,71
RBTR00001,Reboot Shortcut,14958,10/24/2021, 06:13:25,71
RBTR00001,Reboot Shortcut,14958,10/24/2021, 07:11:27,71
RBTR00001,Reboot Shortcut,14958,10/24/2021, 08:13:16,71
RBTR00001,Reboot Shortcut,14958,10/24/2021, 09:11:11,71
RBTR00001,Reboot Shortcut,14959,10/24/2021, 10:12:22,71
RBTR00001,Reboot Shortcut,14959,10/24/2021, 11:09:34,71
RBTR00001,Reboot Shortcut,14959,10/24/2021, 12:17:29,71
RBTR00001,Reboot Shortcut,14960,10/24/2021, 13:16:02,71
RBTR00001,Reboot Shortcut,14960,10/24/2021, 14:10:34,71
RBTR00001,Reboot Shortcut,14960,10/24/2021, 15:11:45,71
RBTR00001,Reboot Shortcut,14960,10/24/2021, 16:16:30,71
RBTR00001,Reboot Shortcut,14960,10/24/2021, 17:15:37,71
RBTR00001,Reboot Shortcut,14960,10/24/2021, 18:12:50,71
RBTR00001,Reboot Shortcut,14960,10/24/2021, 19:09:17,71
RBTR00001,Reboot Shortcut,14961,10/24/2021, 20:11:32,71
RBTR00001,Reboot Shortcut,14961,10/24/2021, 21:09:54,71
RBTR00001,Reboot Shortcut,14961,10/24/2021, 22:11:03,71
RBTR00001,Reboot Shortcut,14961,10/24/2021, 23:11:43,71
RBTR00001,Reboot Shortcut,14961,10/25/2021, 00:41:49,71
RBTR00001,Reboot Shortcut,14961,10/25/2021, 01:57:39,71
RBTR00001,Reboot Shortcut,14961,10/25/2021, 02:29:53,71
RBTR00001,Reboot Shortcut,14961,10/25/2021, 03:12:38,71
RBTR00001,Reboot Shortcut,14961,10/25/2021, 04:14:57,71
RBTR00001,Reboot Shortcut,14962,10/25/2021, 05:10:39,71
RBTR00001,Reboot Shortcut,14962,10/25/2021, 06:14:23,71
RBTR00001,Reboot Shortcut,14962,10/25/2021, 07:12:19,71
RBTR00001,Reboot Shortcut,14962,10/25/2021, 08:14:29,71
RBTR00001,Reboot Shortcut,14962,10/25/2021, 09:17:24,71
RBTR00001,Reboot Shortcut,14962,10/25/2021, 10:18:06,71
RBTR00001,Reboot Shortcut,14962,10/25/2021, 11:10:01,71
RBTR00001,Reboot Shortcut,14962,10/25/2021, 12:19:42,71
RBTR00001,Reboot Shortcut,14962,10/25/2021, 13:20:09,71
RBTR00001,Reboot Shortcut,14962,10/25/2021, 14:13:44,71
RBTR00001,Reboot Shortcut,14962,10/25/2021, 15:15:04,71
RBTR00001,Reboot Shortcut,14962,10/25/2021, 16:22:00,71
RBTR00001,Reboot Shortcut,14962,10/25/2021, 17:17:11,71
RBTR00001,Reboot Shortcut,14962,10/25/2021, 18:13:25,71
RBTR00001,Reboot Shortcut,14962,10/25/2021, 19:09:51,71
RBTR00001,Reboot Shortcut,14962,10/25/2021, 20:12:17,71
RBTR00001,Reboot Shortcut,14963,10/25/2021, 21:12:52,71
RBTR00001,Reboot Shortcut,14963,10/25/2021, 22:11:54,71
RBTR00001,Reboot Shortcut,14963,10/25/2021, 23:11:55,71
RBTR00001,Reboot Shortcut,14963,10/26/2021, 00:37:51,71
RBTR00001,Reboot Shortcut,14964,10/26/2021, 01:53:14,71
RBTR00001,Reboot Shortcut,14964,10/26/2021, 02:24:18,71
RBTR00001,Reboot Shortcut,14964,10/26/2021, 03:12:38,71
RBTR00001,Reboot Shortcut,14964,10/26/2021, 04:14:59,71
RBTR00001,Reboot Shortcut,14964,10/26/2021, 05:10:41,71
RBTR00001,Reboot Shortcut,14964,10/26/2021, 06:14:17,71
RBTR00001,Reboot Shortcut,14964,10/26/2021, 07:12:06,71
RBTR00001,Reboot Shortcut,14964,10/26/2021, 08:15:16,71
RBTR00001,Reboot Shortcut,14964,10/26/2021, 09:13:14,71
RBTR00001,Reboot Shortcut,14964,10/26/2021, 10:18:06,71
RBTR00001,Reboot Shortcut,14964,10/26/2021, 11:09:55,71
RBTR00001,Reboot Shortcut,14964,10/26/2021, 12:22:58,71
RBTR00001,Reboot Shortcut,14964,10/26/2021, 13:23:10,71
RBTR00001,Reboot Shortcut,14964,10/26/2021, 14:16:09,71
RBTR00001,Reboot Shortcut,14964,10/26/2021, 15:17:09,71
RBTR00001,Reboot Shortcut,14965,10/26/2021, 16:22:04,71
RBTR00001,Reboot Shortcut,14965,10/26/2021, 17:17:24,71
RBTR00001,Reboot Shortcut,14965,10/26/2021, 18:13:37,71
RBTR00001,Reboot Shortcut,14965,10/26/2021, 19:09:42,71
RBTR00001,Reboot Shortcut,14965,10/26/2021, 20:12:25,71
RBTR00001,Reboot Shortcut,14965,10/26/2021, 21:10:27,71
RBTR00001,Reboot Shortcut,14965,10/26/2021, 22:11:49,71
RBTR00001,Reboot Shortcut,14965,10/26/2021, 23:11:59,71
RBTR00001,Reboot Shortcut,14965,10/27/2021, 00:37:54,71
RBTR00001,Reboot Shortcut,14965,10/27/2021, 01:53:11,71
RBTR00001,Reboot Shortcut,14965,10/27/2021, 02:24:47,71
RBTR00001,Reboot Shortcut,14965,10/27/2021, 03:12:33,71
RBTR00001,Reboot Shortcut,14966,10/27/2021, 04:15:08,71
RBTR00001,Reboot Shortcut,14966,10/27/2021, 05:10:37,71
RBTR00001,Reboot Shortcut,14966,10/27/2021, 06:14:04,71
RBTR00001,Reboot Shortcut,14966,10/27/2021, 07:12:14,71
RBTR00001,Reboot Shortcut,14966,10/27/2021, 08:18:26,71
RBTR00001,Reboot Shortcut,14967,10/27/2021, 09:17:13,71
RBTR00001,Reboot Shortcut,14967,10/27/2021, 10:15:01,71
RBTR00001,Reboot Shortcut,14967,10/27/2021, 11:11:21,71
RBTR00001,Reboot Shortcut,14967,10/27/2021, 12:22:39,71
RBTR00001,Reboot Shortcut,14967,10/27/2021, 13:23:08,71
RBTR00001,Reboot Shortcut,14967,10/27/2021, 14:13:21,71
RBTR00001,Reboot Shortcut,14967,10/27/2021, 15:17:05,71
RBTR00001,Reboot Shortcut,14968,10/27/2021, 16:22:00,71
RBTR00001,Reboot Shortcut,14968,10/27/2021, 17:17:29,71
RBTR00001,Reboot Shortcut,14969,10/27/2021, 18:13:32,71
RBTR00001,Reboot Shortcut,14969,10/27/2021, 19:09:59,71
RBTR00001,Reboot Shortcut,14969,10/27/2021, 20:12:18,71
RBTR00001,Reboot Shortcut,14969,10/27/2021, 21:10:31,71
RBTR00001,Reboot Shortcut,14969,10/27/2021, 22:11:58,71
RBTR00001,Reboot Shortcut,14969,10/27/2021, 23:12:15,71
RBTR00001,Reboot Shortcut,14969,10/28/2021, 00:38:20,71
RBTR00001,Reboot Shortcut,14969,10/28/2021, 01:53:27,71
RBTR00001,Reboot Shortcut,14969,10/28/2021, 02:25:09,71
RBTR00001,Reboot Shortcut,14969,10/28/2021, 03:12:43,71
RBTR00001,Reboot Shortcut,14969,10/28/2021, 04:14:53,71
RBTR00001,Reboot Shortcut,14970,10/28/2021, 05:10:42,71
RBTR00001,Reboot Shortcut,14970,10/28/2021, 06:14:22,71
RBTR00001,Reboot Shortcut,14970,10/28/2021, 07:12:15,71
RBTR00001,Reboot Shortcut,14970,10/28/2021, 08:14:36,71
RBTR00001,Reboot Shortcut,14970,10/28/2021, 09:14:55,71
RBTR00001,Reboot Shortcut,14970,10/28/2021, 10:17:40,71
RBTR00001,Reboot Shortcut,14970,10/28/2021, 11:10:09,71
RBTR00001,Reboot Shortcut,14970,10/28/2021, 12:18:23,71
RBTR00001,Reboot Shortcut,14970,10/28/2021, 13:23:00,71
RBTR00001,Reboot Shortcut,14971,10/28/2021, 14:11:35,71
RBTR00001,Reboot Shortcut,14972,10/28/2021, 15:17:09,71
RBTR00001,Reboot Shortcut,14972,10/28/2021, 16:22:18,71
RBTR00001,Reboot Shortcut,14972,10/28/2021, 17:19:33,71
RBTR00001,Reboot Shortcut,14972,10/28/2021, 18:16:54,71
RBTR00001,Reboot Shortcut,14972,10/28/2021, 19:10:51,71
RBTR00001,Reboot Shortcut,14972,10/28/2021, 20:17:04,71
RBTR00001,Reboot Shortcut,14972,10/28/2021, 21:10:33,71
RBTR00001,Reboot Shortcut,14972,10/28/2021, 22:10:34,71
RBTR00001,Reboot Shortcut,14972,10/28/2021, 23:11:59,71
RBTR00001,Reboot Shortcut,14972,10/29/2021, 00:36:43,71
RBTR00001,Reboot Shortcut,14972,10/29/2021, 01:53:19,71
RBTR00001,Reboot Shortcut,14972,10/29/2021, 02:24:55,71
RBTR00001,Reboot Shortcut,14972,10/29/2021, 03:13:02,71
RBTR00001,Reboot Shortcut,14972,10/29/2021, 04:15:06,71
RBTR00001,Reboot Shortcut,14972,10/29/2021, 05:10:44,71
RBTR00001,Reboot Shortcut,14972,10/29/2021, 06:14:20,71
RBTR00001,Reboot Shortcut,14972,10/29/2021, 07:12:20,71
RBTR00001,Reboot Shortcut,14972,10/29/2021, 08:14:11,71
RBTR00001,Reboot Shortcut,14972,10/29/2021, 09:15:59,71
RBTR00001,Reboot Shortcut,14972,10/29/2021, 10:12:58,71
RBTR00001,Reboot Shortcut,14972,10/29/2021, 11:10:35,71
RBTR00001,Reboot Shortcut,14972,10/29/2021, 12:18:33,71
RBTR00001,Reboot Shortcut,14972,10/29/2021, 13:21:21,71
RBTR00001,Reboot Shortcut,14972,10/29/2021, 14:16:06,71
RBTR00001,Reboot Shortcut,14972,10/29/2021, 15:17:02,71
RBTR00001,Reboot Shortcut,14972,10/29/2021, 16:19:23,71
RBTR00001,Reboot Shortcut,14972,10/29/2021, 17:15:51,71
RBTR00001,Reboot Shortcut,14972,10/29/2021, 18:13:36,71
RBTR00001,Reboot Shortcut,14972,10/29/2021, 19:08:44,71
RBTR00001,Reboot Shortcut,14972,10/29/2021, 20:12:06,71
RBTR00001,Reboot Shortcut,14972,10/29/2021, 21:10:17,71
RBTR00001,Reboot Shortcut,14973,10/29/2021, 22:11:26,71
RBTR00001,Reboot Shortcut,14973,10/29/2021, 23:12:11,71
RBTR00001,Reboot Shortcut,14973,10/30/2021, 00:37:21,71
RBTR00001,Reboot Shortcut,14974,10/30/2021, 01:52:14,71
RBTR00001,Reboot Shortcut,14974,10/30/2021, 02:25:21,71
RBTR00001,Reboot Shortcut,14975,10/30/2021, 03:12:30,71
RBTR00001,Reboot Shortcut,14976,10/30/2021, 04:14:44,71
RBTR00001,Reboot Shortcut,14977,10/30/2021, 05:10:07,71
RBTR00001,Reboot Shortcut,14977,10/30/2021, 06:13:39,71
RBTR00001,Reboot Shortcut,14977,10/30/2021, 07:11:31,71
RBTR00001,Reboot Shortcut,14977,10/30/2021, 08:13:33,71
RBTR00001,Reboot Shortcut,14977,10/30/2021, 09:11:08,71
RBTR00001,Reboot Shortcut,14977,10/30/2021, 10:12:21,71
RBTR00001,Reboot Shortcut,14977,10/30/2021, 11:09:42,71
RBTR00001,Reboot Shortcut,14977,10/30/2021, 12:17:10,71
RBTR00001,Reboot Shortcut,14977,10/30/2021, 13:16:13,71
RBTR00001,Reboot Shortcut,14977,10/30/2021, 14:10:21,71
RBTR00001,Reboot Shortcut,14977,10/30/2021, 15:11:30,71
RBTR00001,Reboot Shortcut,14977,10/30/2021, 16:16:26,71
RBTR00001,Reboot Shortcut,14977,10/30/2021, 17:15:39,71
RBTR00001,Reboot Shortcut,14977,10/30/2021, 18:12:50,71
RBTR00001,Reboot Shortcut,14978,10/30/2021, 19:09:32,71
RBTR00001,Reboot Shortcut,14978,10/30/2021, 20:11:57,71
RBTR00001,Reboot Shortcut,14978,10/30/2021, 21:10:11,71
RBTR00001,Reboot Shortcut,14978,10/30/2021, 22:11:01,71
RBTR00001,Reboot Shortcut,14978,10/30/2021, 23:11:42,71
RBTR00001,Reboot Shortcut,14978,10/31/2021, 00:40:08,71
RBTR00001,Reboot Shortcut,14978,10/31/2021, 01:57:00,71
RBTR00001,Reboot Shortcut,14979,10/31/2021, 02:28:51,71
RBTR00001,Reboot Shortcut,14980,10/31/2021, 03:12:01,71
RBTR00001,Reboot Shortcut,14980,10/31/2021, 04:14:49,71
RBTR00001,Reboot Shortcut,14980,10/31/2021, 05:10:32,71
RBTR00001,Reboot Shortcut,14980,10/31/2021, 06:13:49,71
RBTR00001,Reboot Shortcut,14980,10/31/2021, 07:11:42,71
RBTR00001,Reboot Shortcut,14980,10/31/2021, 08:13:26,71
RBTR00001,Reboot Shortcut,14980,10/31/2021, 09:11:23,71
RBTR00001,Reboot Shortcut,14980,10/31/2021, 10:12:28,71
RBTR00001,Reboot Shortcut,14980,10/31/2021, 11:09:59,71
RBTR00001,Reboot Shortcut,14980,10/31/2021, 12:17:17,71
RBTR00001,Reboot Shortcut,14980,10/31/2021, 13:16:34,71
RBTR00001,Reboot Shortcut,14980,10/31/2021, 14:10:19,71
RBTR00001,Reboot Shortcut,14980,10/31/2021, 15:11:51,71
RBTR00001,Reboot Shortcut,14980,10/31/2021, 16:16:46,71
RBTR00001,Reboot Shortcut,14980,10/31/2021, 17:16:04,71
RBTR00001,Reboot Shortcut,14982,10/31/2021, 18:13:18,71
RBTR00001,Reboot Shortcut,14983,10/31/2021, 19:09:41,71
RBTR00001,Reboot Shortcut,14983,10/31/2021, 20:11:47,71
RBTR00001,Reboot Shortcut,14983,10/31/2021, 21:10:07,71
RBTR00001,Reboot Shortcut,14983,10/31/2021, 22:10:57,71
RBTR00001,Reboot Shortcut,14983,10/31/2021, 23:12:05,71
RBTR00001,Reboot Shortcut,14983,11/01/2021, 00:40:25,71
RBTR00001,Reboot Shortcut,14983,11/01/2021, 01:57:03,71
RBTR00001,Reboot Shortcut,14983,11/01/2021, 02:29:42,71
RBTR00001,Reboot Shortcut,14983,11/01/2021, 03:12:28,71
RBTR00001,Reboot Shortcut,14983,11/01/2021, 04:15:23,71
RBTR00001,Reboot Shortcut,14983,11/01/2021, 05:11:02,71
RBTR00001,Reboot Shortcut,14983,11/01/2021, 06:14:19,71
RBTR00001,Reboot Shortcut,14983,11/01/2021, 07:12:52,71
RBTR00001,Reboot Shortcut,14983,11/01/2021, 08:14:14,71
RBTR00001,Reboot Shortcut,14983,11/01/2021, 09:15:57,71
RBTR00001,Reboot Shortcut,14983,11/01/2021, 10:16:48,71
RBTR00001,Reboot Shortcut,14983,11/01/2021, 11:12:33,71
RBTR00001,Reboot Shortcut,14983,11/01/2021, 12:18:46,71
RBTR00001,Reboot Shortcut,14984,11/01/2021, 13:19:31,71
RBTR00001,Reboot Shortcut,14984,11/01/2021, 14:11:33,71
RBTR00001,Reboot Shortcut,14984,11/01/2021, 15:13:41,71
RBTR00001,Reboot Shortcut,14987,11/01/2021, 16:22:17,71
RBTR00001,Reboot Shortcut,14987,11/01/2021, 17:24:23,71
RBTR00001,Reboot Shortcut,14987,11/01/2021, 18:19:02,71
RBTR00001,Reboot Shortcut,14987,11/01/2021, 19:15:07,71
RBTR00001,Reboot Shortcut,14988,11/01/2021, 20:13:05,71
RBTR00001,Reboot Shortcut,14988,11/01/2021, 21:10:49,71
RBTR00001,Reboot Shortcut,14988,11/01/2021, 22:10:06,71
RBTR00001,Reboot Shortcut,14988,11/01/2021, 23:12:23,71
RBTR00001,Reboot Shortcut,14988,11/02/2021, 00:41:56,71
RBTR00001,Reboot Shortcut,14988,11/02/2021, 01:57:54,71
RBTR00001,Reboot Shortcut,14988,11/02/2021, 02:30:33,71
RBTR00001,Reboot Shortcut,14988,11/02/2021, 03:12:30,71
RBTR00001,Reboot Shortcut,14988,11/02/2021, 04:15:20,71
RBTR00001,Reboot Shortcut,14989,11/02/2021, 05:10:35,71
RBTR00001,Reboot Shortcut,14989,11/02/2021, 06:14:01,71
RBTR00001,Reboot Shortcut,14990,11/02/2021, 07:12:05,71
RBTR00001,Reboot Shortcut,14990,11/02/2021, 08:14:27,71
RBTR00001,Reboot Shortcut,14990,11/02/2021, 09:12:41,71
RBTR00001,Reboot Shortcut,14990,11/02/2021, 10:18:18,71
RBTR00001,Reboot Shortcut,14990,11/02/2021, 11:15:09,71
RBTR00001,Reboot Shortcut,14990,11/02/2021, 12:18:29,71
RBTR00001,Reboot Shortcut,14990,11/02/2021, 13:24:14,71
RBTR00001,Reboot Shortcut,14990,11/02/2021, 14:16:12,71
RBTR00001,Reboot Shortcut,14990,11/02/2021, 15:16:56,71
RBTR00001,Reboot Shortcut,14990,11/02/2021, 16:18:52,71
RBTR00001,Reboot Shortcut,14990,11/02/2021, 17:18:07,71
RBTR00001,Reboot Shortcut,14990,11/02/2021, 18:18:11,71
RBTR00001,Reboot Shortcut,14990,11/02/2021, 19:10:00,71
RBTR00001,Reboot Shortcut,14990,11/02/2021, 20:12:40,71
RBTR00001,Reboot Shortcut,14990,11/02/2021, 21:10:30,71
RBTR00001,Reboot Shortcut,14990,11/02/2021, 22:11:41,71
RBTR00001,Reboot Shortcut,14990,11/02/2021, 23:12:14,71
RBTR00001,Reboot Shortcut,14990,11/03/2021, 00:38:17,71
RBTR00001,Reboot Shortcut,14990,11/03/2021, 01:53:44,71
RBTR00001,Reboot Shortcut,14990,11/03/2021, 02:25:20,71
RBTR00001,Reboot Shortcut,14990,11/03/2021, 03:12:43,71
RBTR00001,Reboot Shortcut,14991,11/03/2021, 04:15:09,71
RBTR00001,Reboot Shortcut,14991,11/03/2021, 05:10:57,71
RBTR00001,Reboot Shortcut,14992,11/03/2021, 06:14:19,71
RBTR00001,Reboot Shortcut,14992,11/03/2021, 07:12:01,71
RBTR00001,Reboot Shortcut,14992,11/03/2021, 08:14:05,71
RBTR00001,Reboot Shortcut,14992,11/03/2021, 09:17:05,71
RBTR00001,Reboot Shortcut,14992,11/03/2021, 10:17:05,71
RBTR00001,Reboot Shortcut,14992,11/03/2021, 11:15:27,71
RBTR00001,Reboot Shortcut,14992,11/03/2021, 12:23:09,71
RBTR00001,Reboot Shortcut,14993,11/03/2021, 13:20:51,71
RBTR00001,Reboot Shortcut,14993,11/03/2021, 14:14:05,71
RBTR00001,Reboot Shortcut,14993,11/03/2021, 15:13:34,71
RBTR00001,Reboot Shortcut,14993,11/03/2021, 16:18:14,71
RBTR00001,Reboot Shortcut,14994,11/03/2021, 17:18:32,71
RBTR00001,Reboot Shortcut,14994,11/03/2021, 18:15:30,71
RBTR00001,Reboot Shortcut,14994,11/03/2021, 19:10:56,71
RBTR00001,Reboot Shortcut,14994,11/03/2021, 20:13:29,71
RBTR00001,Reboot Shortcut,14994,11/03/2021, 21:10:25,71
RBTR00001,Reboot Shortcut,14995,11/03/2021, 22:10:55,71
RBTR00001,Reboot Shortcut,14995,11/03/2021, 23:12:15,71
RBTR00001,Reboot Shortcut,14996,11/04/2021, 00:39:02,71
RBTR00001,Reboot Shortcut,14996,11/04/2021, 01:56:45,71
RBTR00001,Reboot Shortcut,14996,11/04/2021, 02:29:03,71
RBTR00001,Reboot Shortcut,14996,11/04/2021, 03:12:38,71
RBTR00001,Reboot Shortcut,14996,11/04/2021, 04:15:05,71
RBTR00001,Reboot Shortcut,14996,11/04/2021, 05:10:28,71
RBTR00001,Reboot Shortcut,14996,11/04/2021, 06:14:05,71
RBTR00001,Reboot Shortcut,14996,11/04/2021, 07:12:10,71
RBTR00001,Reboot Shortcut,14996,11/04/2021, 08:13:59,71
RBTR00001,Reboot Shortcut,14996,11/04/2021, 09:15:16,71
RBTR00001,Reboot Shortcut,14996,11/04/2021, 10:17:16,71
RBTR00001,Reboot Shortcut,14996,11/04/2021, 11:15:13,71
RBTR00001,Reboot Shortcut,14996,11/04/2021, 12:18:30,71
RBTR00001,Reboot Shortcut,14996,11/04/2021, 13:23:08,71
RBTR00001,Reboot Shortcut,14996,11/04/2021, 14:15:17,71
RBTR00001,Reboot Shortcut,14996,11/04/2021, 15:16:58,71
RBTR00001,Reboot Shortcut,14997,11/04/2021, 16:17:13,71
RBTR00001,Reboot Shortcut,14997,11/04/2021, 17:17:39,71
RBTR00001,Reboot Shortcut,14997,11/04/2021, 18:18:04,71
RBTR00001,Reboot Shortcut,14997,11/04/2021, 19:10:21,71
RBTR00001,Reboot Shortcut,14997,11/04/2021, 20:12:19,71
RBTR00001,Reboot Shortcut,14997,11/04/2021, 21:12:30,71
RBTR00001,Reboot Shortcut,14997,11/04/2021, 22:11:48,71
RBTR00001,Reboot Shortcut,14997,11/04/2021, 23:12:12,71
RBTR00001,Reboot Shortcut,14997,11/05/2021, 00:38:19,71
RBTR00001,Reboot Shortcut,14998,11/05/2021, 01:55:05,71
RBTR00001,Reboot Shortcut,14998,11/05/2021, 02:26:51,71
RBTR00001,Reboot Shortcut,14998,11/05/2021, 03:12:28,71
RBTR00001,Reboot Shortcut,14998,11/05/2021, 04:14:58,71
RBTR00001,Reboot Shortcut,14998,11/05/2021, 05:10:41,71
RBTR00001,Reboot Shortcut,14998,11/05/2021, 06:14:10,71
RBTR00001,Reboot Shortcut,14998,11/05/2021, 07:12:02,71
RBTR00001,Reboot Shortcut,14998,11/05/2021, 08:13:54,71
RBTR00001,Reboot Shortcut,14999,11/05/2021, 09:12:16,71
RBTR00001,Reboot Shortcut,14999,11/05/2021, 10:13:05,71
RBTR00001,Reboot Shortcut,14999,11/05/2021, 11:10:26,71
RBTR00001,Reboot Shortcut,14999,11/05/2021, 12:18:12,71
RBTR00001,Reboot Shortcut,15000,11/05/2021, 13:18:26,71
RBTR00001,Reboot Shortcut,15000,11/05/2021, 14:16:00,71
RBTR00001,Reboot Shortcut,15000,11/05/2021, 15:16:56,71
RBTR00001,Reboot Shortcut,15000,11/05/2021, 16:19:40,71
RBTR00001,Reboot Shortcut,15000,11/05/2021, 17:21:16,71
RBTR00001,Reboot Shortcut,15000,11/05/2021, 18:13:54,71
RBTR00001,Reboot Shortcut,15000,11/05/2021, 19:09:54,71
RBTR00001,Reboot Shortcut,15001,11/05/2021, 20:12:18,71
RBTR00001,Reboot Shortcut,15001,11/05/2021, 21:10:15,71
RBTR00001,Reboot Shortcut,15003,11/05/2021, 22:11:34,71
RBTR00001,Reboot Shortcut,15003,11/05/2021, 23:12:05,71
RBTR00001,Reboot Shortcut,15003,11/06/2021, 00:37:14,71
RBTR00001,Reboot Shortcut,15003,11/06/2021, 01:51:22,71
RBTR00001,Reboot Shortcut,15003,11/06/2021, 02:25:05,71
RBTR00001,Reboot Shortcut,15003,11/06/2021, 03:12:26,71
RBTR00001,Reboot Shortcut,15003,11/06/2021, 04:14:53,71
RBTR00001,Reboot Shortcut,15003,11/06/2021, 05:10:16,71
RBTR00001,Reboot Shortcut,15003,11/06/2021, 06:13:44,71
RBTR00001,Reboot Shortcut,15003,11/06/2021, 07:11:21,71
RBTR00001,Reboot Shortcut,15003,11/06/2021, 08:13:45,71
RBTR00001,Reboot Shortcut,15003,11/06/2021, 09:11:39,71
RBTR00001,Reboot Shortcut,15003,11/06/2021, 10:12:12,71
RBTR00001,Reboot Shortcut,15003,11/06/2021, 11:10:01,71
RBTR00001,Reboot Shortcut,15003,11/06/2021, 12:17:11,71
RBTR00001,Reboot Shortcut,15003,11/06/2021, 13:16:23,71
RBTR00001,Reboot Shortcut,15003,11/06/2021, 14:10:17,71
RBTR00001,Reboot Shortcut,15003,11/06/2021, 15:11:52,71
RBTR00001,Reboot Shortcut,15003,11/06/2021, 16:16:27,71
RBTR00001,Reboot Shortcut,15003,11/06/2021, 17:16:02,71
RBTR00001,Reboot Shortcut,15003,11/06/2021, 18:12:59,71
RBTR00001,Reboot Shortcut,15003,11/06/2021, 19:09:20,71
RBTR00001,Reboot Shortcut,15003,11/06/2021, 20:11:39,71
RBTR00001,Reboot Shortcut,15003,11/06/2021, 21:09:52,71
RBTR00001,Reboot Shortcut,15003,11/06/2021, 22:11:08,71
RBTR00001,Reboot Shortcut,15003,11/06/2021, 23:11:49,71
RBTR00001,Reboot Shortcut,15003,11/07/2021, 00:40:00,71
RBTR00001,Reboot Shortcut,15003,11/07/2021, 01:57:21,71
RBTR00001,Reboot Shortcut,15003,11/07/2021, 02:29:57,71
RBTR00001,Reboot Shortcut,15004,11/07/2021, 03:12:12,71
RBTR00001,Reboot Shortcut,15005,11/07/2021, 04:14:48,71
RBTR00001,Reboot Shortcut,15005,11/07/2021, 05:10:22,71
RBTR00001,Reboot Shortcut,15005,11/07/2021, 06:13:57,71
RBTR00001,Reboot Shortcut,15005,11/07/2021, 07:11:35,71
RBTR00001,Reboot Shortcut,15005,11/07/2021, 08:13:26,71
RBTR00001,Reboot Shortcut,15005,11/07/2021, 09:11:33,71
RBTR00001,Reboot Shortcut,15005,11/07/2021, 10:12:35,71
RBTR00001,Reboot Shortcut,15005,11/07/2021, 11:09:42,71
RBTR00001,Reboot Shortcut,15005,11/07/2021, 12:17:13,71
RBTR00001,Reboot Shortcut,15005,11/07/2021, 13:16:40,71
RBTR00001,Reboot Shortcut,15005,11/07/2021, 14:10:41,71
RBTR00001,Reboot Shortcut,15005,11/07/2021, 15:11:40,71
RBTR00001,Reboot Shortcut,15005,11/07/2021, 16:16:21,71
RBTR00001,Reboot Shortcut,15005,11/07/2021, 17:16:20,71
RBTR00001,Reboot Shortcut,15005,11/07/2021, 18:12:59,71
RBTR00001,Reboot Shortcut,15005,11/07/2021, 19:09:33,71
RBTR00001,Reboot Shortcut,15006,11/07/2021, 20:11:48,71
RBTR00001,Reboot Shortcut,15006,11/07/2021, 21:10:15,71
RBTR00001,Reboot Shortcut,15007,11/07/2021, 22:11:08,71
RBTR00001,Reboot Shortcut,15007,11/07/2021, 23:11:52,71
RBTR00001,Reboot Shortcut,15007,11/08/2021, 00:39:20,71
RBTR00001,Reboot Shortcut,15007,11/08/2021, 01:54:08,71
RBTR00001,Reboot Shortcut,15007,11/08/2021, 02:25:59,71
RBTR00001,Reboot Shortcut,15007,11/08/2021, 03:12:33,71
RBTR00001,Reboot Shortcut,15009,11/08/2021, 04:15:01,71
RBTR00001,Reboot Shortcut,15009,11/08/2021, 05:11:02,71
RBTR00001,Reboot Shortcut,15009,11/08/2021, 06:14:32,71
RBTR00001,Reboot Shortcut,15010,11/08/2021, 07:12:20,71
RBTR00001,Reboot Shortcut,15010,11/08/2021, 08:15:28,71
RBTR00001,Reboot Shortcut,15010,11/08/2021, 09:17:13,71
RBTR00001,Reboot Shortcut,15010,11/08/2021, 10:18:09,71
RBTR00001,Reboot Shortcut,15010,11/08/2021, 11:15:14,71
RBTR00001,Reboot Shortcut,15010,11/08/2021, 12:23:12,71
RBTR00001,Reboot Shortcut,15010,11/08/2021, 13:24:04,71
RBTR00001,Reboot Shortcut,15010,11/08/2021, 14:16:31,71
RBTR00001,Reboot Shortcut,15010,11/08/2021, 15:14:54,71
RBTR00001,Reboot Shortcut,15010,11/08/2021, 16:19:17,71
RBTR00001,Reboot Shortcut,15010,11/08/2021, 17:20:21,71
RBTR00001,Reboot Shortcut,15010,11/08/2021, 18:16:12,71
RBTR00001,Reboot Shortcut,15010,11/08/2021, 19:14:57,71
RBTR00001,Reboot Shortcut,15010,11/08/2021, 20:17:02,71
RBTR00001,Reboot Shortcut,15010,11/08/2021, 21:15:12,71
RBTR00001,Reboot Shortcut,15010,11/08/2021, 22:13:20,71
RBTR00001,Reboot Shortcut,15010,11/08/2021, 23:12:24,71
RBTR00001,Reboot Shortcut,15010,11/09/2021, 00:39:21,71
RBTR00001,Reboot Shortcut,15010,11/09/2021, 01:54:17,71
RBTR00001,Reboot Shortcut,15010,11/09/2021, 02:26:00,71
RBTR00001,Reboot Shortcut,15010,11/09/2021, 03:12:35,71
RBTR00001,Reboot Shortcut,15010,11/09/2021, 04:15:03,71
RBTR00001,Reboot Shortcut,15010,11/09/2021, 05:10:33,71
RBTR00001,Reboot Shortcut,15010,11/09/2021, 06:14:07,71
RBTR00001,Reboot Shortcut,15010,11/09/2021, 07:12:07,71
RBTR00001,Reboot Shortcut,15011,11/09/2021, 08:16:51,71
RBTR00001,Reboot Shortcut,15011,11/09/2021, 09:17:08,71
RBTR00001,Reboot Shortcut,15011,11/09/2021, 10:17:54,71
RBTR00001,Reboot Shortcut,15011,11/09/2021, 11:12:14,71
RBTR00001,Reboot Shortcut,15011,11/09/2021, 12:24:07,71
RBTR00001,Reboot Shortcut,15011,11/09/2021, 13:24:18,71
RBTR00001,Reboot Shortcut,15011,11/09/2021, 14:16:11,71
RBTR00001,Reboot Shortcut,15011,11/09/2021, 15:17:07,71
RBTR00001,Reboot Shortcut,15011,11/09/2021, 16:19:21,71
RBTR00001,Reboot Shortcut,15011,11/09/2021, 17:18:58,71
RBTR00001,Reboot Shortcut,15011,11/09/2021, 18:19:05,71
RBTR00001,Reboot Shortcut,15011,11/09/2021, 19:14:47,71
RBTR00001,Reboot Shortcut,15011,11/09/2021, 20:12:33,71
RBTR00001,Reboot Shortcut,15011,11/09/2021, 21:11:13,71
RBTR00001,Reboot Shortcut,15011,11/09/2021, 22:11:42,71
RBTR00001,Reboot Shortcut,15011,11/09/2021, 23:12:09,71
RBTR00001,Reboot Shortcut,15011,11/10/2021, 00:39:01,71
RBTR00001,Reboot Shortcut,15011,11/10/2021, 01:54:25,71
RBTR00001,Reboot Shortcut,15011,11/10/2021, 02:26:42,71
RBTR00001,Reboot Shortcut,15011,11/10/2021, 03:12:24,71
RBTR00001,Reboot Shortcut,15011,11/10/2021, 04:15:19,71
RBTR00001,Reboot Shortcut,15011,11/10/2021, 05:10:22,71
RBTR00001,Reboot Shortcut,15011,11/10/2021, 06:14:17,71
RBTR00001,Reboot Shortcut,15012,11/10/2021, 07:12:07,71
RBTR00001,Reboot Shortcut,15012,11/10/2021, 08:19:08,71
RBTR00001,Reboot Shortcut,15013,11/10/2021, 09:17:19,71
RBTR00001,Reboot Shortcut,15013,11/10/2021, 10:18:05,71
RBTR00001,Reboot Shortcut,15013,11/10/2021, 11:15:06,71
RBTR00001,Reboot Shortcut,15013,11/10/2021, 12:23:00,71
RBTR00001,Reboot Shortcut,15014,11/10/2021, 13:23:58,71
RBTR00001,Reboot Shortcut,15014,11/10/2021, 14:15:15,71
RBTR00001,Reboot Shortcut,15014,11/10/2021, 15:16:39,71
RBTR00001,Reboot Shortcut,15014,11/10/2021, 16:17:38,71
RBTR00001,Reboot Shortcut,15014,11/10/2021, 17:15:57,71
RBTR00001,Reboot Shortcut,15014,11/10/2021, 18:16:10,71
RBTR00001,Reboot Shortcut,15014,11/10/2021, 19:10:02,71
RBTR00001,Reboot Shortcut,15015,11/10/2021, 20:13:55,71
RBTR00001,Reboot Shortcut,15015,11/10/2021, 21:09:00,71
RBTR00001,Reboot Shortcut,15015,11/10/2021, 22:11:50,71
RBTR00001,Reboot Shortcut,15015,11/10/2021, 23:11:56,71
RBTR00001,Reboot Shortcut,15015,11/11/2021, 00:39:14,71
RBTR00001,Reboot Shortcut,15015,11/11/2021, 01:54:50,71
RBTR00001,Reboot Shortcut,15015,11/11/2021, 02:26:34,71
RBTR00001,Reboot Shortcut,15015,11/11/2021, 03:12:39,71
RBTR00001,Reboot Shortcut,15015,11/11/2021, 04:15:07,71
RBTR00001,Reboot Shortcut,15015,11/11/2021, 05:10:59,71
RBTR00001,Reboot Shortcut,15015,11/11/2021, 06:14:39,71
RBTR00001,Reboot Shortcut,15015,11/11/2021, 07:12:02,71
RBTR00001,Reboot Shortcut,15015,11/11/2021, 08:14:29,71
RBTR00001,Reboot Shortcut,15015,11/11/2021, 09:16:18,71
RBTR00001,Reboot Shortcut,15015,11/11/2021, 10:17:05,71
RBTR00001,Reboot Shortcut,15015,11/11/2021, 11:14:59,71
RBTR00001,Reboot Shortcut,15015,11/11/2021, 12:18:33,71
RBTR00001,Reboot Shortcut,15015,11/11/2021, 13:18:44,71
RBTR00001,Reboot Shortcut,15015,11/11/2021, 14:11:18,71
RBTR00001,Reboot Shortcut,15015,11/11/2021, 15:12:43,71
RBTR00001,Reboot Shortcut,15015,11/11/2021, 16:22:02,71
RBTR00001,Reboot Shortcut,15015,11/11/2021, 17:19:11,71
RBTR00001,Reboot Shortcut,15015,11/11/2021, 18:13:47,71
RBTR00001,Reboot Shortcut,15015,11/11/2021, 19:09:55,71
RBTR00001,Reboot Shortcut,15015,11/11/2021, 20:12:37,71
RBTR00001,Reboot Shortcut,15015,11/11/2021, 21:10:46,71
RBTR00001,Reboot Shortcut,15015,11/11/2021, 22:11:36,71
RBTR00001,Reboot Shortcut,15015,11/11/2021, 23:12:04,71
RBTR00001,Reboot Shortcut,15016,11/12/2021, 00:40:13,71
RBTR00001,Reboot Shortcut,15016,11/12/2021, 01:55:02,71
RBTR00001,Reboot Shortcut,15016,11/12/2021, 02:26:54,71
RBTR00001,Reboot Shortcut,15016,11/12/2021, 03:12:33,71
RBTR00001,Reboot Shortcut,15016,11/12/2021, 04:15:04,71
RBTR00001,Reboot Shortcut,15016,11/12/2021, 05:11:03,71
RBTR00001,Reboot Shortcut,15017,11/12/2021, 06:14:26,71
RBTR00001,Reboot Shortcut,15017,11/12/2021, 07:12:28,71
RBTR00001,Reboot Shortcut,15017,11/12/2021, 08:14:15,71
RBTR00001,Reboot Shortcut,15017,11/12/2021, 09:12:19,71
RBTR00001,Reboot Shortcut,15017,11/12/2021, 10:13:00,71
RBTR00001,Reboot Shortcut,15017,11/12/2021, 11:10:08,71
RBTR00001,Reboot Shortcut,15017,11/12/2021, 12:18:30,71
RBTR00001,Reboot Shortcut,15017,11/12/2021, 13:18:43,71
RBTR00001,Reboot Shortcut,15017,11/12/2021, 14:14:56,71
RBTR00001,Reboot Shortcut,15017,11/12/2021, 15:17:04,71
RBTR00001,Reboot Shortcut,15017,11/12/2021, 16:17:33,71
RBTR00001,Reboot Shortcut,15017,11/12/2021, 17:18:04,71
RBTR00001,Reboot Shortcut,15017,11/12/2021, 18:14:10,71
RBTR00001,Reboot Shortcut,15017,11/12/2021, 19:10:11,71
RBTR00001,Reboot Shortcut,15017,11/12/2021, 20:12:44,71
RBTR00001,Reboot Shortcut,15017,11/12/2021, 21:10:28,71
RBTR00001,Reboot Shortcut,15017,11/12/2021, 22:11:45,71
RBTR00001,Reboot Shortcut,15017,11/12/2021, 23:12:03,71
RBTR00001,Reboot Shortcut,15017,11/13/2021, 00:37:49,71
RBTR00001,Reboot Shortcut,15017,11/13/2021, 01:52:29,71
RBTR00001,Reboot Shortcut,15017,11/13/2021, 02:26:05,71
RBTR00001,Reboot Shortcut,15017,11/13/2021, 03:12:18,71
RBTR00001,Reboot Shortcut,15017,11/13/2021, 04:15:00,71
RBTR00001,Reboot Shortcut,15017,11/13/2021, 05:10:04,71
RBTR00001,Reboot Shortcut,15017,11/13/2021, 06:13:48,71
RBTR00001,Reboot Shortcut,15017,11/13/2021, 07:11:48,71
RBTR00001,Reboot Shortcut,15017,11/13/2021, 08:13:37,71
RBTR00001,Reboot Shortcut,15017,11/13/2021, 09:11:32,71
RBTR00001,Reboot Shortcut,15017,11/13/2021, 10:12:28,71
RBTR00001,Reboot Shortcut,15017,11/13/2021, 11:09:59,71
RBTR00001,Reboot Shortcut,15017,11/13/2021, 12:17:11,71
RBTR00001,Reboot Shortcut,15017,11/13/2021, 13:16:36,71
RBTR00001,Reboot Shortcut,15017,11/13/2021, 14:10:29,71
RBTR00001,Reboot Shortcut,15017,11/13/2021, 15:11:46,71
RBTR00001,Reboot Shortcut,15017,11/13/2021, 16:16:44,71
RBTR00001,Reboot Shortcut,15017,11/13/2021, 17:16:34,71
RBTR00001,Reboot Shortcut,15017,11/13/2021, 18:13:05,71
RBTR00001,Reboot Shortcut,15018,11/13/2021, 19:09:29,71
RBTR00001,Reboot Shortcut,15018,11/13/2021, 20:11:44,71
RBTR00001,Reboot Shortcut,15019,11/13/2021, 21:10:10,71
RBTR00001,Reboot Shortcut,15019,11/13/2021, 22:10:59,71
RBTR00001,Reboot Shortcut,15019,11/13/2021, 23:11:45,71
RBTR00001,Reboot Shortcut,15019,11/14/2021, 00:40:04,71
RBTR00001,Reboot Shortcut,15019,11/14/2021, 01:56:00,71
RBTR00001,Reboot Shortcut,15019,11/14/2021, 02:27:31,71
RBTR00001,Reboot Shortcut,15019,11/14/2021, 03:12:02,71
RBTR00001,Reboot Shortcut,15019,11/14/2021, 04:14:56,71
RBTR00001,Reboot Shortcut,15020,11/14/2021, 05:10:25,71
RBTR00001,Reboot Shortcut,15020,11/14/2021, 06:13:55,71
RBTR00001,Reboot Shortcut,15020,11/14/2021, 07:11:31,71
RBTR00001,Reboot Shortcut,15020,11/14/2021, 08:13:35,71
RBTR00001,Reboot Shortcut,15020,11/14/2021, 09:11:42,71
RBTR00001,Reboot Shortcut,15020,11/14/2021, 10:12:54,71
RBTR00001,Reboot Shortcut,15020,11/14/2021, 11:09:34,71
RBTR00001,Reboot Shortcut,15020,11/14/2021, 12:17:20,71
RBTR00001,Reboot Shortcut,15020,11/14/2021, 13:16:45,71
RBTR00001,Reboot Shortcut,15020,11/14/2021, 14:10:39,71
RBTR00001,Reboot Shortcut,15020,11/14/2021, 15:11:53,71
RBTR00001,Reboot Shortcut,15020,11/14/2021, 16:16:53,71
RBTR00001,Reboot Shortcut,15020,11/14/2021, 17:16:45,71
RBTR00001,Reboot Shortcut,15020,11/14/2021, 18:13:15,71
RBTR00001,Reboot Shortcut,15020,11/14/2021, 19:09:37,71
RBTR00001,Reboot Shortcut,15020,11/14/2021, 20:11:46,71
RBTR00001,Reboot Shortcut,15020,11/14/2021, 21:10:10,71
RBTR00001,Reboot Shortcut,15020,11/14/2021, 22:11:12,71
RBTR00001,Reboot Shortcut,15020,11/14/2021, 23:12:02,71
RBTR00001,Reboot Shortcut,15020,11/15/2021, 00:39:13,71
RBTR00001,Reboot Shortcut,15020,11/15/2021, 01:54:06,71
RBTR00001,Reboot Shortcut,15020,11/15/2021, 02:26:22,71
RBTR00001,Reboot Shortcut,15020,11/15/2021, 03:12:42,71
RBTR00001,Reboot Shortcut,15020,11/15/2021, 04:15:22,71
RBTR00001,Reboot Shortcut,15020,11/15/2021, 05:10:55,71
RBTR00001,Reboot Shortcut,15020,11/15/2021, 06:14:35,71
RBTR00001,Reboot Shortcut,15021,11/15/2021, 08:14:52,71
RBTR00001,Reboot Shortcut,15021,11/15/2021, 09:15:28,71
RBTR00001,Reboot Shortcut,15022,11/15/2021, 10:17:57,71
RBTR00001,Reboot Shortcut,15022,11/15/2021, 11:15:04,71
RBTR00001,Reboot Shortcut,15022,11/15/2021, 12:24:01,71
RBTR00001,Reboot Shortcut,15023,11/15/2021, 13:19:27,71
RBTR00001,Reboot Shortcut,15023,11/15/2021, 14:11:24,71
RBTR00001,Reboot Shortcut,15023,11/15/2021, 15:13:03,71
RBTR00001,Reboot Shortcut,15024,11/15/2021, 16:23:18,71
RBTR00001,Reboot Shortcut,15024,11/15/2021, 17:19:47,71
RBTR00001,Reboot Shortcut,15024,11/15/2021, 18:15:57,71
RBTR00001,Reboot Shortcut,15024,11/15/2021, 19:09:58,71
RBTR00001,Reboot Shortcut,15024,11/15/2021, 20:12:30,71
RBTR00001,Reboot Shortcut,15024,11/15/2021, 21:11:00,71
RBTR00001,Reboot Shortcut,15024,11/15/2021, 22:14:29,71
RBTR00001,Reboot Shortcut,15024,11/15/2021, 23:12:43,71
RBTR00001,Reboot Shortcut,15024,11/16/2021, 00:39:08,71
RBTR00001,Reboot Shortcut,15024,11/16/2021, 01:54:33,71
RBTR00001,Reboot Shortcut,15024,11/16/2021, 02:26:29,71
RBTR00001,Reboot Shortcut,15024,11/16/2021, 03:12:33,71
RBTR00001,Reboot Shortcut,15024,11/16/2021, 04:15:09,71
RBTR00001,Reboot Shortcut,15024,11/16/2021, 05:10:50,71
RBTR00001,Reboot Shortcut,15024,11/16/2021, 06:14:01,71
RBTR00001,Reboot Shortcut,15024,11/16/2021, 07:12:13,71
RBTR00001,Reboot Shortcut,15024,11/16/2021, 08:14:26,71
RBTR00001,Reboot Shortcut,15024,11/16/2021, 09:13:36,71
RBTR00001,Reboot Shortcut,15024,11/16/2021, 10:18:05,71
RBTR00001,Reboot Shortcut,15024,11/16/2021, 11:13:49,71
RBTR00001,Reboot Shortcut,15024,11/16/2021, 12:22:58,71
RBTR00001,Reboot Shortcut,15024,11/16/2021, 13:19:05,71
RBTR00001,Reboot Shortcut,15024,11/16/2021, 14:13:30,71
RBTR00001,Reboot Shortcut,15024,11/16/2021, 15:18:28,71
RBTR00001,Reboot Shortcut,15024,11/16/2021, 16:19:05,71
RBTR00001,Reboot Shortcut,15024,11/16/2021, 17:12:46,71
RBTR00001,Reboot Shortcut,15026,11/16/2021, 18:18:52,71
RBTR00001,Reboot Shortcut,15026,11/16/2021, 19:10:01,71
RBTR00001,Reboot Shortcut,15026,11/16/2021, 20:14:04,71
RBTR00001,Reboot Shortcut,15026,11/16/2021, 21:10:45,71
RBTR00001,Reboot Shortcut,15026,11/16/2021, 22:11:49,71
RBTR00001,Reboot Shortcut,15029,11/16/2021, 23:12:16,71
RBTR00001,Reboot Shortcut,15029,11/17/2021, 00:38:54,71
RBTR00001,Reboot Shortcut,15029,11/17/2021, 01:54:30,71
RBTR00001,Reboot Shortcut,15029,11/17/2021, 02:26:35,71
RBTR00001,Reboot Shortcut,15029,11/17/2021, 03:12:39,71
RBTR00001,Reboot Shortcut,15030,11/17/2021, 04:15:23,71
RBTR00001,Reboot Shortcut,15030,11/17/2021, 05:10:53,71
RBTR00001,Reboot Shortcut,15030,11/17/2021, 06:14:41,71
RBTR00001,Reboot Shortcut,15030,11/17/2021, 07:12:21,71
RBTR00001,Reboot Shortcut,15030,11/17/2021, 08:14:08,71
RBTR00001,Reboot Shortcut,15030,11/17/2021, 09:17:16,71
RBTR00001,Reboot Shortcut,15030,11/17/2021, 10:18:12,71
RBTR00001,Reboot Shortcut,15030,11/17/2021, 11:15:03,71
RBTR00001,Reboot Shortcut,15030,11/17/2021, 12:23:02,71
RBTR00001,Reboot Shortcut,15032,11/17/2021, 13:19:48,71
RBTR00001,Reboot Shortcut,15032,11/17/2021, 14:11:10,71
RBTR00001,Reboot Shortcut,15032,11/17/2021, 15:12:40,71
RBTR00001,Reboot Shortcut,15033,11/17/2021, 16:17:09,71
RBTR00001,Reboot Shortcut,15033,11/17/2021, 17:16:07,71
RBTR00001,Reboot Shortcut,15034,11/17/2021, 18:16:06,71
RBTR00001,Reboot Shortcut,15035,11/17/2021, 19:10:29,71
RBTR00001,Reboot Shortcut,15035,11/17/2021, 20:12:49,71
RBTR00001,Reboot Shortcut,15036,11/17/2021, 21:10:10,71
RBTR00001,Reboot Shortcut,15036,11/17/2021, 22:11:50,71
RBTR00001,Reboot Shortcut,15036,11/17/2021, 23:12:06,71
RBTR00001,Reboot Shortcut,15037,11/18/2021, 00:40:01,71
RBTR00001,Reboot Shortcut,15038,11/18/2021, 01:54:37,71
RBTR00001,Reboot Shortcut,15038,11/18/2021, 02:26:30,71
RBTR00001,Reboot Shortcut,15038,11/18/2021, 03:12:31,71
RBTR00001,Reboot Shortcut,15038,11/18/2021, 04:15:14,71
RBTR00001,Reboot Shortcut,15038,11/18/2021, 05:11:07,71
RBTR00001,Reboot Shortcut,15039,11/18/2021, 06:14:24,71
RBTR00001,Reboot Shortcut,15040,11/18/2021, 07:12:02,71
RBTR00001,Reboot Shortcut,15040,11/18/2021, 08:14:25,71
RBTR00001,Reboot Shortcut,15040,11/18/2021, 09:12:59,71
RBTR00001,Reboot Shortcut,15040,11/18/2021, 10:18:00,71
RBTR00001,Reboot Shortcut,15040,11/18/2021, 11:15:31,71
RBTR00001,Reboot Shortcut,15041,11/18/2021, 12:22:25,71
RBTR00001,Reboot Shortcut,15041,11/18/2021, 13:19:18,71
RBTR00001,Reboot Shortcut,15041,11/18/2021, 14:11:09,71
RBTR00001,Reboot Shortcut,15041,11/18/2021, 15:13:23,71
RBTR00001,Reboot Shortcut,15041,11/18/2021, 16:22:03,71
RBTR00001,Reboot Shortcut,15041,11/18/2021, 17:22:01,71
RBTR00001,Reboot Shortcut,15042,11/18/2021, 18:13:59,71
RBTR00001,Reboot Shortcut,15042,11/18/2021, 19:10:01,71
RBTR00001,Reboot Shortcut,15042,11/18/2021, 20:10:40,71
RBTR00001,Reboot Shortcut,15042,11/18/2021, 21:10:26,71
RBTR00001,Reboot Shortcut,15042,11/18/2021, 22:11:50,71
RBTR00001,Reboot Shortcut,15044,11/18/2021, 23:12:23,71
RBTR00001,Reboot Shortcut,15044,11/19/2021, 00:39:12,71
RBTR00001,Reboot Shortcut,15044,11/19/2021, 01:54:51,71
RBTR00001,Reboot Shortcut,15044,11/19/2021, 02:27:55,71
RBTR00001,Reboot Shortcut,15044,11/19/2021, 03:12:28,71
RBTR00001,Reboot Shortcut,15044,11/19/2021, 04:15:00,71
RBTR00001,Reboot Shortcut,15044,11/19/2021, 05:10:43,71
RBTR00001,Reboot Shortcut,15044,11/19/2021, 06:14:38,71
RBTR00001,Reboot Shortcut,15044,11/19/2021, 07:12:27,71
RBTR00001,Reboot Shortcut,15044,11/19/2021, 08:14:17,71
RBTR00001,Reboot Shortcut,15044,11/19/2021, 09:17:04,71
RBTR00001,Reboot Shortcut,15044,11/19/2021, 10:18:03,71
RBTR00001,Reboot Shortcut,15044,11/19/2021, 11:15:08,71
RBTR00001,Reboot Shortcut,15044,11/19/2021, 12:19:49,71
RBTR00001,Reboot Shortcut,15044,11/19/2021, 13:18:43,71
RBTR00001,Reboot Shortcut,15044,11/19/2021, 14:16:20,71
RBTR00001,Reboot Shortcut,15044,11/19/2021, 15:17:04,71
RBTR00001,Reboot Shortcut,15044,11/19/2021, 16:19:27,71
RBTR00001,Reboot Shortcut,15044,11/19/2021, 17:19:02,71
RBTR00001,Reboot Shortcut,15044,11/19/2021, 18:13:49,71
RBTR00001,Reboot Shortcut,15044,11/19/2021, 19:10:01,71
RBTR00001,Reboot Shortcut,15044,11/19/2021, 20:12:31,71
RBTR00001,Reboot Shortcut,15044,11/19/2021, 21:10:55,71
RBTR00001,Reboot Shortcut,15046,11/19/2021, 22:11:50,71
RBTR00001,Reboot Shortcut,15046,11/19/2021, 23:12:06,71
RBTR00001,Reboot Shortcut,15047,11/20/2021, 00:38:36,71
RBTR00001,Reboot Shortcut,15047,11/20/2021, 01:52:33,71
RBTR00001,Reboot Shortcut,15047,11/20/2021, 02:28:10,71
RBTR00001,Reboot Shortcut,15047,11/20/2021, 03:12:07,71
RBTR00001,Reboot Shortcut,15047,11/20/2021, 04:15:02,71
RBTR00001,Reboot Shortcut,15047,11/20/2021, 05:10:24,71
RBTR00001,Reboot Shortcut,15047,11/20/2021, 06:13:53,71
RBTR00001,Reboot Shortcut,15048,11/20/2021, 07:11:45,71
RBTR00001,Reboot Shortcut,15048,11/20/2021, 08:14:00,71
RBTR00001,Reboot Shortcut,15048,11/20/2021, 09:11:50,71
RBTR00001,Reboot Shortcut,15048,11/20/2021, 10:12:36,71
RBTR00001,Reboot Shortcut,15048,11/20/2021, 11:09:44,71
RBTR00001,Reboot Shortcut,15048,11/20/2021, 12:17:17,71
RBTR00001,Reboot Shortcut,15049,11/20/2021, 13:16:39,71
RBTR00001,Reboot Shortcut,15049,11/20/2021, 14:10:38,71
RBTR00001,Reboot Shortcut,15049,11/20/2021, 15:11:42,71
RBTR00001,Reboot Shortcut,15050,11/20/2021, 16:17:03,71
RBTR00001,Reboot Shortcut,15050,11/20/2021, 17:16:49,71
RBTR00001,Reboot Shortcut,15050,11/20/2021, 18:13:17,71
RBTR00001,Reboot Shortcut,15050,11/20/2021, 19:09:24,71
RBTR00001,Reboot Shortcut,15050,11/20/2021, 20:12:07,71
RBTR00001,Reboot Shortcut,15050,11/20/2021, 21:10:05,71
RBTR00001,Reboot Shortcut,15050,11/20/2021, 22:11:25,71
RBTR00001,Reboot Shortcut,15051,11/20/2021, 23:11:48,71
RBTR00001,Reboot Shortcut,15051,11/21/2021, 00:40:36,71
RBTR00001,Reboot Shortcut,15052,11/21/2021, 01:56:42,71
RBTR00001,Reboot Shortcut,15052,11/21/2021, 02:29:10,71
RBTR00001,Reboot Shortcut,15053,11/21/2021, 03:12:11,71
RBTR00001,Reboot Shortcut,15055,11/21/2021, 04:15:01,71
RBTR00001,Reboot Shortcut,15055,11/21/2021, 05:10:19,71
RBTR00001,Reboot Shortcut,15057,11/21/2021, 06:13:45,71
RBTR00001,Reboot Shortcut,15057,11/21/2021, 07:11:42,71
RBTR00001,Reboot Shortcut,15057,11/21/2021, 08:13:57,71
RBTR00001,Reboot Shortcut,15057,11/21/2021, 09:11:32,71
RBTR00001,Reboot Shortcut,15058,11/21/2021, 10:12:50,71
RBTR00001,Reboot Shortcut,15059,11/21/2021, 11:09:50,71
RBTR00001,Reboot Shortcut,15059,11/21/2021, 12:17:48,71
RBTR00001,Reboot Shortcut,15059,11/21/2021, 13:17:03,71
RBTR00001,Reboot Shortcut,15059,11/21/2021, 14:10:45,71
RBTR00001,Reboot Shortcut,15059,11/21/2021, 15:12:02,71
RBTR00001,Reboot Shortcut,15060,11/21/2021, 16:16:52,71
RBTR00001,Reboot Shortcut,15060,11/21/2021, 17:16:55,71
RBTR00001,Reboot Shortcut,15060,11/21/2021, 18:13:15,71
RBTR00001,Reboot Shortcut,15060,11/21/2021, 19:09:32,71
RBTR00001,Reboot Shortcut,15060,11/21/2021, 20:12:03,71
RBTR00001,Reboot Shortcut,15060,11/21/2021, 21:10:17,71
RBTR00001,Reboot Shortcut,15061,11/21/2021, 22:11:27,71
RBTR00001,Reboot Shortcut,15061,11/21/2021, 23:12:00,71
RBTR00001,Reboot Shortcut,15061,11/22/2021, 00:39:22,71
RBTR00001,Reboot Shortcut,15061,11/22/2021, 01:55:22,71
RBTR00001,Reboot Shortcut,15061,11/22/2021, 02:27:43,71
RBTR00001,Reboot Shortcut,15061,11/22/2021, 03:12:36,71
RBTR00001,Reboot Shortcut,15061,11/22/2021, 04:15:36,71
RBTR00001,Reboot Shortcut,15061,11/22/2021, 05:11:17,71
RBTR00001,Reboot Shortcut,15061,11/22/2021, 06:14:47,71
RBTR00001,Reboot Shortcut,15061,11/22/2021, 07:12:14,71
RBTR00001,Reboot Shortcut,15061,11/22/2021, 08:18:31,71
RBTR00001,Reboot Shortcut,15061,11/22/2021, 09:17:12,71
RBTR00001,Reboot Shortcut,15062,11/22/2021, 10:18:12,71
RBTR00001,Reboot Shortcut,15062,11/22/2021, 11:15:03,71
RBTR00001,Reboot Shortcut,15062,11/22/2021, 12:19:31,71
RBTR00001,Reboot Shortcut,15062,11/22/2021, 13:24:16,71
RBTR00001,Reboot Shortcut,15062,11/22/2021, 14:11:52,71
RBTR00001,Reboot Shortcut,15062,11/22/2021, 15:17:10,71
RBTR00001,Reboot Shortcut,15062,11/22/2021, 16:19:26,71
RBTR00001,Reboot Shortcut,15062,11/22/2021, 17:20:15,71
RBTR00001,Reboot Shortcut,15062,11/22/2021, 18:19:03,71
RBTR00001,Reboot Shortcut,15062,11/22/2021, 19:10:53,71
RBTR00001,Reboot Shortcut,15062,11/22/2021, 20:12:42,71
RBTR00001,Reboot Shortcut,15062,11/22/2021, 21:10:41,71
RBTR00001,Reboot Shortcut,15063,11/22/2021, 22:12:17,71
RBTR00001,Reboot Shortcut,15063,11/22/2021, 23:12:25,71
RBTR00001,Reboot Shortcut,15063,11/23/2021, 00:39:03,71
RBTR00001,Reboot Shortcut,15063,11/23/2021, 01:54:10,71
RBTR00001,Reboot Shortcut,15063,11/23/2021, 02:26:21,71
RBTR00001,Reboot Shortcut,15063,11/23/2021, 03:12:29,71
RBTR00001,Reboot Shortcut,15063,11/23/2021, 04:15:26,71
RBTR00001,Reboot Shortcut,15064,11/23/2021, 05:10:55,71
RBTR00001,Reboot Shortcut,15064,11/23/2021, 06:14:22,71
RBTR00001,Reboot Shortcut,15064,11/23/2021, 07:12:07,71
RBTR00001,Reboot Shortcut,15064,11/23/2021, 08:14:36,71
RBTR00001,Reboot Shortcut,15064,11/23/2021, 09:12:26,71
RBTR00001,Reboot Shortcut,15064,11/23/2021, 10:13:56,71
RBTR00001,Reboot Shortcut,15064,11/23/2021, 11:15:09,71
RBTR00001,Reboot Shortcut,15064,11/23/2021, 12:18:56,71
RBTR00001,Reboot Shortcut,15064,11/23/2021, 13:19:06,71
RBTR00001,Reboot Shortcut,15064,11/23/2021, 14:15:21,71
RBTR00001,Reboot Shortcut,15064,11/23/2021, 15:12:52,71
RBTR00001,Reboot Shortcut,15064,11/23/2021, 16:17:54,71
RBTR00001,Reboot Shortcut,15064,11/23/2021, 17:18:15,71
RBTR00001,Reboot Shortcut,15064,11/23/2021, 18:14:49,71
RBTR00001,Reboot Shortcut,15064,11/23/2021, 19:08:28,71
RBTR00001,Reboot Shortcut,15064,11/23/2021, 20:12:56,71
RBTR00001,Reboot Shortcut,15064,11/23/2021, 21:10:34,71
RBTR00001,Reboot Shortcut,15065,11/23/2021, 22:11:39,71
RBTR00001,Reboot Shortcut,15065,11/23/2021, 23:12:15,71
RBTR00001,Reboot Shortcut,15065,11/24/2021, 00:39:48,71
RBTR00001,Reboot Shortcut,15066,11/24/2021, 01:54:27,71
RBTR00001,Reboot Shortcut,15066,11/24/2021, 02:27:01,71
RBTR00001,Reboot Shortcut,15066,11/24/2021, 03:12:22,71
RBTR00001,Reboot Shortcut,15066,11/24/2021, 04:15:26,71
RBTR00001,Reboot Shortcut,15066,11/24/2021, 05:10:50,71
RBTR00001,Reboot Shortcut,15068,11/24/2021, 06:15:00,71
RBTR00001,Reboot Shortcut,15068,11/24/2021, 07:12:10,71
RBTR00001,Reboot Shortcut,15069,11/24/2021, 08:14:09,71
RBTR00001,Reboot Shortcut,15069,11/24/2021, 09:17:14,71
RBTR00001,Reboot Shortcut,15069,11/24/2021, 10:18:14,71
RBTR00001,Reboot Shortcut,15069,11/24/2021, 11:15:11,71
RBTR00001,Reboot Shortcut,15069,11/24/2021, 12:23:02,71
RBTR00001,Reboot Shortcut,15069,11/24/2021, 13:19:05,71
RBTR00001,Reboot Shortcut,15069,11/24/2021, 14:11:39,71
RBTR00001,Reboot Shortcut,15069,11/24/2021, 15:13:10,71
RBTR00001,Reboot Shortcut,15069,11/24/2021, 16:22:11,71
RBTR00001,Reboot Shortcut,15069,11/24/2021, 17:22:19,71
RBTR00001,Reboot Shortcut,15070,11/24/2021, 18:13:58,71
RBTR00001,Reboot Shortcut,15070,11/24/2021, 19:11:23,71
RBTR00001,Reboot Shortcut,15070,11/24/2021, 20:14:17,71
RBTR00001,Reboot Shortcut,15070,11/24/2021, 21:10:41,71
RBTR00001,Reboot Shortcut,15071,11/24/2021, 22:11:56,71
RBTR00001,Reboot Shortcut,15071,11/24/2021, 23:12:19,71
RBTR00001,Reboot Shortcut,15071,11/25/2021, 00:40:52,71
RBTR00001,Reboot Shortcut,15071,11/25/2021, 01:55:28,71
RBTR00001,Reboot Shortcut,15071,11/25/2021, 02:28:24,71
RBTR00001,Reboot Shortcut,15071,11/25/2021, 03:12:41,71
RBTR00001,Reboot Shortcut,15071,11/25/2021, 04:15:43,71
RBTR00001,Reboot Shortcut,15071,11/25/2021, 05:11:18,71
RBTR00001,Reboot Shortcut,15071,11/25/2021, 06:14:35,71
RBTR00001,Reboot Shortcut,15071,11/25/2021, 07:13:55,71
RBTR00001,Reboot Shortcut,15071,11/25/2021, 08:14:30,71
RBTR00001,Reboot Shortcut,15071,11/25/2021, 09:17:02,71
RBTR00001,Reboot Shortcut,15071,11/25/2021, 10:17:05,71
RBTR00001,Reboot Shortcut,15071,11/25/2021, 11:15:12,71
RBTR00001,Reboot Shortcut,15071,11/25/2021, 12:22:51,71
RBTR00001,Reboot Shortcut,15071,11/25/2021, 13:19:16,71
RBTR00001,Reboot Shortcut,15071,11/25/2021, 14:11:35,71
RBTR00001,Reboot Shortcut,15071,11/25/2021, 15:12:59,71
RBTR00001,Reboot Shortcut,15072,11/25/2021, 16:17:38,71
RBTR00001,Reboot Shortcut,15072,11/25/2021, 17:18:34,71
RBTR00001,Reboot Shortcut,15073,11/25/2021, 18:13:50,71
RBTR00001,Reboot Shortcut,15073,11/25/2021, 19:09:58,71
RBTR00001,Reboot Shortcut,15073,11/25/2021, 20:12:53,71
RBTR00001,Reboot Shortcut,15073,11/25/2021, 21:10:25,71
RBTR00001,Reboot Shortcut,15074,11/25/2021, 22:11:55,71
RBTR00001,Reboot Shortcut,15074,11/25/2021, 23:11:58,71
RBTR00001,Reboot Shortcut,15074,11/26/2021, 00:38:39,71
RBTR00001,Reboot Shortcut,15074,11/26/2021, 01:53:28,71
RBTR00001,Reboot Shortcut,15074,11/26/2021, 02:27:04,71
RBTR00001,Reboot Shortcut,15074,11/26/2021, 03:12:49,71
RBTR00001,Reboot Shortcut,15074,11/26/2021, 04:15:28,71
RBTR00001,Reboot Shortcut,15074,11/26/2021, 05:10:55,71
RBTR00001,Reboot Shortcut,15075,11/26/2021, 06:14:36,71
RBTR00001,Reboot Shortcut,15075,11/26/2021, 07:12:22,71
RBTR00001,Reboot Shortcut,15076,11/26/2021, 08:14:17,71
RBTR00001,Reboot Shortcut,15076,11/26/2021, 09:12:30,71
RBTR00001,Reboot Shortcut,15076,11/26/2021, 10:13:11,71
RBTR00001,Reboot Shortcut,15077,11/26/2021, 11:10:31,71
RBTR00001,Reboot Shortcut,15077,11/26/2021, 12:18:38,71
RBTR00001,Reboot Shortcut,15078,11/26/2021, 13:18:51,71
RBTR00001,Reboot Shortcut,15078,11/26/2021, 14:12:34,71
RBTR00001,Reboot Shortcut,15078,11/26/2021, 15:12:47,71
RBTR00001,Reboot Shortcut,15079,11/26/2021, 16:17:47,71
RBTR00001,Reboot Shortcut,15079,11/26/2021, 17:18:19,71
RBTR00001,Reboot Shortcut,15079,11/26/2021, 18:13:54,71
RBTR00001,Reboot Shortcut,15080,11/26/2021, 19:10:00,71
RBTR00001,Reboot Shortcut,15080,11/26/2021, 20:12:52,71
RBTR00001,Reboot Shortcut,15080,11/26/2021, 21:10:25,71
RBTR00001,Reboot Shortcut,15080,11/26/2021, 22:11:52,71
RBTR00001,Reboot Shortcut,15080,11/26/2021, 23:11:54,71
RBTR00001,Reboot Shortcut,15080,11/27/2021, 00:38:17,71
RBTR00001,Reboot Shortcut,15081,11/27/2021, 01:52:14,71
RBTR00001,Reboot Shortcut,15081,11/27/2021, 02:27:34,71
RBTR00001,Reboot Shortcut,15081,11/27/2021, 03:12:24,71
RBTR00001,Reboot Shortcut,15081,11/27/2021, 04:15:11,71
RBTR00001,Reboot Shortcut,15081,11/27/2021, 05:10:14,71
RBTR00001,Reboot Shortcut,15081,11/27/2021, 06:13:52,71
RBTR00001,Reboot Shortcut,15081,11/27/2021, 07:11:47,71
RBTR00001,Reboot Shortcut,15081,11/27/2021, 08:14:09,71
RBTR00001,Reboot Shortcut,15081,11/27/2021, 09:11:54,71
RBTR00001,Reboot Shortcut,15082,11/27/2021, 10:12:39,71
RBTR00001,Reboot Shortcut,15082,11/27/2021, 11:09:47,71
RBTR00001,Reboot Shortcut,15082,11/27/2021, 12:17:43,71
RBTR00001,Reboot Shortcut,15082,11/27/2021, 13:16:49,71
RBTR00001,Reboot Shortcut,15082,11/27/2021, 14:10:41,71
RBTR00001,Reboot Shortcut,15083,11/27/2021, 15:12:06,71
RBTR00001,Reboot Shortcut,15083,11/27/2021, 16:17:02,71
RBTR00001,Reboot Shortcut,15083,11/27/2021, 17:16:56,71
RBTR00001,Reboot Shortcut,15084,11/27/2021, 18:13:13,71
RBTR00001,Reboot Shortcut,15084,11/27/2021, 19:09:47,71
RBTR00001,Reboot Shortcut,15085,11/27/2021, 20:11:58,71
RBTR00001,Reboot Shortcut,15085,11/27/2021, 23:19:00,71
RBTR00001,Reboot Shortcut,15085,11/28/2021, 00:40:38,71
RBTR00001,Reboot Shortcut,15085,11/28/2021, 01:51:56,71
RBTR00001,Reboot Shortcut,15085,11/28/2021, 02:27:09,71
RBTR00001,Reboot Shortcut,15085,11/28/2021, 03:12:14,71
RBTR00001,Reboot Shortcut,15085,11/28/2021, 04:14:55,71
RBTR00001,Reboot Shortcut,15085,11/28/2021, 05:10:22,71
RBTR00001,Reboot Shortcut,15086,11/28/2021, 06:14:19,71
RBTR00001,Reboot Shortcut,15086,11/28/2021, 07:11:50,71
RBTR00001,Reboot Shortcut,15086,11/28/2021, 08:13:50,71
RBTR00001,Reboot Shortcut,15086,11/28/2021, 09:12:03,71
RBTR00001,Reboot Shortcut,15086,11/28/2021, 10:12:46,71
RBTR00001,Reboot Shortcut,15086,11/28/2021, 11:10:01,71
RBTR00001,Reboot Shortcut,15086,11/28/2021, 12:17:42,71
RBTR00001,Reboot Shortcut,15086,11/28/2021, 13:16:48,71
RBTR00001,Reboot Shortcut,15086,11/28/2021, 14:10:37,71
RBTR00001,Reboot Shortcut,15086,11/28/2021, 15:12:28,71
RBTR00001,Reboot Shortcut,15086,11/28/2021, 16:16:41,71
RBTR00001,Reboot Shortcut,15086,11/28/2021, 17:17:02,71
RBTR00001,Reboot Shortcut,15086,11/28/2021, 18:13:23,71
RBTR00001,Reboot Shortcut,15086,11/28/2021, 19:09:36,71
RBTR00001,Reboot Shortcut,15086,11/28/2021, 20:12:08,71
RBTR00001,Reboot Shortcut,15086,11/28/2021, 21:09:58,71
RBTR00001,Reboot Shortcut,15087,11/28/2021, 22:11:37,71
RBTR00001,Reboot Shortcut,15087,11/28/2021, 23:11:50,71
RBTR00001,Reboot Shortcut,15087,11/29/2021, 00:39:37,71
RBTR00001,Reboot Shortcut,15089,11/29/2021, 01:55:02,71
RBTR00001,Reboot Shortcut,15089,11/29/2021, 02:27:37,71
RBTR00001,Reboot Shortcut,15089,11/29/2021, 03:12:38,71
RBTR00001,Reboot Shortcut,15089,11/29/2021, 04:15:51,71
RBTR00001,Reboot Shortcut,15089,11/29/2021, 05:11:26,71
RBTR00001,Reboot Shortcut,15089,11/29/2021, 06:14:45,71
RBTR00001,Reboot Shortcut,15089,11/29/2021, 07:12:42,71
RBTR00001,Reboot Shortcut,15090,11/29/2021, 08:14:52,71
RBTR00001,Reboot Shortcut,15090,11/29/2021, 09:12:47,71
RBTR00001,Reboot Shortcut,15090,11/29/2021, 10:15:56,71
RBTR00001,Reboot Shortcut,15090,11/29/2021, 11:10:34,71
RBTR00001,Reboot Shortcut,15090,11/29/2021, 12:19:04,71
RBTR00001,Reboot Shortcut,15090,11/29/2021, 13:19:39,71
RBTR00001,Reboot Shortcut,15090,11/29/2021, 14:15:14,71
RBTR00001,Reboot Shortcut,15090,11/29/2021, 15:17:10,71
RBTR00001,Reboot Shortcut,15090,11/29/2021, 16:18:46,71
RBTR00001,Reboot Shortcut,15090,11/29/2021, 17:24:09,71
RBTR00001,Reboot Shortcut,15091,11/29/2021, 18:19:17,71
RBTR00001,Reboot Shortcut,15091,11/29/2021, 19:10:21,71
RBTR00001,Reboot Shortcut,15091,11/29/2021, 20:12:58,71
RBTR00001,Reboot Shortcut,15092,11/29/2021, 21:10:46,71
RBTR00001,Reboot Shortcut,15092,11/29/2021, 22:12:03,71
RBTR00001,Reboot Shortcut,15092,11/29/2021, 23:12:25,71
RBTR00001,Reboot Shortcut,15093,11/30/2021, 00:41:12,71
RBTR00001,Reboot Shortcut,15093,11/30/2021, 01:46:32,71
RBTR00001,Reboot Shortcut,15093,11/30/2021, 02:15:14,71
RBTR00001,Reboot Shortcut,15093,11/30/2021, 03:10:48,71
RBTR00001,Reboot Shortcut,15093,11/30/2021, 04:13:06,71
RBTR00001,Reboot Shortcut,15093,11/30/2021, 05:09:28,71
RBTR00001,Reboot Shortcut,15093,11/30/2021, 06:12:04,71
RBTR00001,Reboot Shortcut,15093,11/30/2021, 07:10:13,71
RBTR00001,Reboot Shortcut,15093,11/30/2021, 08:12:35,71
RBTR00001,Reboot Shortcut,15093,11/30/2021, 09:13:06,71
RBTR00001,Reboot Shortcut,15094,11/30/2021, 10:16:10,71
RBTR00001,Reboot Shortcut,15094,11/30/2021, 11:14:06,71
RBTR00001,Reboot Shortcut,15094,11/30/2021, 12:17:55,71
RBTR00001,Reboot Shortcut,15094,11/30/2021, 13:12:56,71
RBTR00001,Reboot Shortcut,15095,11/30/2021, 14:11:36,71
RBTR00001,Reboot Shortcut,15096,11/30/2021, 15:12:55,71
RBTR00001,Reboot Shortcut,15096,11/30/2021, 16:18:05,71
RBTR00001,Reboot Shortcut,15096,11/30/2021, 17:24:05,71
RBTR00001,Reboot Shortcut,15096,11/30/2021, 18:16:26,71
RBTR00001,Reboot Shortcut,15096,11/30/2021, 19:09:40,71
RBTR00001,Reboot Shortcut,15096,11/30/2021, 20:12:45,71
RBTR00001,Reboot Shortcut,15096,11/30/2021, 21:10:50,71
RBTR00001,Reboot Shortcut,15096,11/30/2021, 22:12:04,71
RBTR00001,Reboot Shortcut,15096,11/30/2021, 23:12:07,71
RBTR00001,Reboot Shortcut,15096,12/01/2021, 00:42:00,71
RBTR00001,Reboot Shortcut,15096,12/01/2021, 02:00:21,71
RBTR00001,Reboot Shortcut,15096,12/01/2021, 02:39:27,71
RBTR00001,Reboot Shortcut,15096,12/01/2021, 03:13:37,71
RBTR00001,Reboot Shortcut,15096,12/01/2021, 04:15:48,71
RBTR00001,Reboot Shortcut,15096,12/01/2021, 05:12:05,71
RBTR00001,Reboot Shortcut,15096,12/01/2021, 06:14:51,71
RBTR00001,Reboot Shortcut,15096,12/01/2021, 07:12:22,71
RBTR00001,Reboot Shortcut,15096,12/01/2021, 08:16:39,71
RBTR00001,Reboot Shortcut,15096,12/01/2021, 09:18:00,71
RBTR00001,Reboot Shortcut,15096,12/01/2021, 10:17:56,71
RBTR00001,Reboot Shortcut,15096,12/01/2021, 11:14:46,71
RBTR00001,Reboot Shortcut,15096,12/01/2021, 12:19:39,71
RBTR00001,Reboot Shortcut,15096,12/01/2021, 13:20:13,71
RBTR00001,Reboot Shortcut,15096,12/01/2021, 14:11:58,71
RBTR00001,Reboot Shortcut,15096,12/01/2021, 15:13:30,71
RBTR00001,Reboot Shortcut,15096,12/01/2021, 16:18:21,71
RBTR00001,Reboot Shortcut,15096,12/01/2021, 17:24:59,71
RBTR00001,Reboot Shortcut,15096,12/01/2021, 18:19:06,71
RBTR00001,Reboot Shortcut,15096,12/01/2021, 19:12:41,71
RBTR00001,Reboot Shortcut,15096,12/01/2021, 20:13:52,71
RBTR00001,Reboot Shortcut,15096,12/01/2021, 21:10:57,71
RBTR00001,Reboot Shortcut,15096,12/01/2021, 22:12:07,71
RBTR00001,Reboot Shortcut,15096,12/01/2021, 23:12:10,71
RBTR00001,Reboot Shortcut,15096,12/02/2021, 00:39:30,71
RBTR00001,Reboot Shortcut,15096,12/02/2021, 01:55:54,71
RBTR00001,Reboot Shortcut,15096,12/02/2021, 02:28:24,71
RBTR00001,Reboot Shortcut,15096,12/02/2021, 03:12:39,71
RBTR00001,Reboot Shortcut,15096,12/02/2021, 04:15:23,71
RBTR00001,Reboot Shortcut,15096,12/02/2021, 05:11:24,71
RBTR00001,Reboot Shortcut,15096,12/02/2021, 06:14:20,71
RBTR00001,Reboot Shortcut,15096,12/02/2021, 07:12:39,71
RBTR00001,Reboot Shortcut,15096,12/02/2021, 08:14:36,71
RBTR00001,Reboot Shortcut,15096,12/02/2021, 09:14:59,71
RBTR00001,Reboot Shortcut,15096,12/02/2021, 10:12:58,71
RBTR00001,Reboot Shortcut,15097,12/02/2021, 11:14:56,71
RBTR00001,Reboot Shortcut,15097,12/02/2021, 12:18:52,71
RBTR00001,Reboot Shortcut,15097,12/02/2021, 13:18:57,71
RBTR00001,Reboot Shortcut,15097,12/02/2021, 14:11:36,71
RBTR00001,Reboot Shortcut,15097,12/02/2021, 15:11:15,71
RBTR00001,Reboot Shortcut,15097,12/02/2021, 16:18:12,71
RBTR00001,Reboot Shortcut,15097,12/02/2021, 17:19:14,71
RBTR00001,Reboot Shortcut,15097,12/02/2021, 18:14:35,71
RBTR00001,Reboot Shortcut,15097,12/02/2021, 19:10:12,71
RBTR00001,Reboot Shortcut,15098,12/02/2021, 20:13:04,71
RBTR00001,Reboot Shortcut,15098,12/02/2021, 21:10:53,71
RBTR00001,Reboot Shortcut,15098,12/02/2021, 22:12:09,71
RBTR00001,Reboot Shortcut,15098,12/02/2021, 23:12:22,71
RBTR00001,Reboot Shortcut,15098,12/03/2021, 00:39:56,71
RBTR00001,Reboot Shortcut,15098,12/03/2021, 01:55:25,71
RBTR00001,Reboot Shortcut,15098,12/03/2021, 02:28:09,71
RBTR00001,Reboot Shortcut,15098,12/03/2021, 03:12:32,71
RBTR00001,Reboot Shortcut,15098,12/03/2021, 04:15:40,71
RBTR00001,Reboot Shortcut,15098,12/03/2021, 05:11:25,71
RBTR00001,Reboot Shortcut,15098,12/03/2021, 06:14:37,71
RBTR00001,Reboot Shortcut,15098,12/03/2021, 07:12:22,71
RBTR00001,Reboot Shortcut,15098,12/03/2021, 08:14:50,71
RBTR00001,Reboot Shortcut,15098,12/03/2021, 09:12:34,71
RBTR00001,Reboot Shortcut,15098,12/03/2021, 10:13:06,71
RBTR00001,Reboot Shortcut,15099,12/03/2021, 11:10:26,71
RBTR00001,Reboot Shortcut,15099,12/03/2021, 12:18:57,71
RBTR00001,Reboot Shortcut,15099,12/03/2021, 13:19:21,71
RBTR00001,Reboot Shortcut,15099,12/03/2021, 14:11:50,71
RBTR00001,Reboot Shortcut,15100,12/03/2021, 15:13:05,71
RBTR00001,Reboot Shortcut,15100,12/03/2021, 16:18:10,71
RBTR00001,Reboot Shortcut,15100,12/03/2021, 17:19:19,71
RBTR00001,Reboot Shortcut,15100,12/03/2021, 18:14:16,71
RBTR00001,Reboot Shortcut,15100,12/03/2021, 19:10:15,71
RBTR00001,Reboot Shortcut,15100,12/03/2021, 20:13:07,71
RBTR00001,Reboot Shortcut,15101,12/03/2021, 21:10:29,71
RBTR00001,Reboot Shortcut,15101,12/03/2021, 22:11:47,71
RBTR00001,Reboot Shortcut,15101,12/03/2021, 23:12:05,71
RBTR00001,Reboot Shortcut,15101,12/04/2021, 00:39:51,71
RBTR00001,Reboot Shortcut,15101,12/04/2021, 01:54:56,71
RBTR00001,Reboot Shortcut,15101,12/04/2021, 02:30:08,71
RBTR00001,Reboot Shortcut,15101,12/04/2021, 03:12:16,71
RBTR00001,Reboot Shortcut,15101,12/04/2021, 04:15:45,71
RBTR00001,Reboot Shortcut,15101,12/04/2021, 05:11:45,71
RBTR00001,Reboot Shortcut,15101,12/04/2021, 06:14:17,71
RBTR00001,Reboot Shortcut,15101,12/04/2021, 07:12:05,71
RBTR00001,Reboot Shortcut,15101,12/04/2021, 08:14:32,71
RBTR00001,Reboot Shortcut,15101,12/04/2021, 09:12:12,71
RBTR00001,Reboot Shortcut,15101,12/04/2021, 10:12:42,71
RBTR00001,Reboot Shortcut,15101,12/04/2021, 11:10:00,71
RBTR00001,Reboot Shortcut,15101,12/04/2021, 12:18:48,71
RBTR00001,Reboot Shortcut,15101,12/04/2021, 13:19:57,71
RBTR00001,Reboot Shortcut,15101,12/04/2021, 14:10:57,71
RBTR00001,Reboot Shortcut,15101,12/04/2021, 15:12:25,71
RBTR00001,Reboot Shortcut,15101,12/04/2021, 16:17:29,71
RBTR00001,Reboot Shortcut,15103,12/04/2021, 17:18:59,71
RBTR00001,Reboot Shortcut,15103,12/04/2021, 18:14:07,71
RBTR00001,Reboot Shortcut,15104,12/04/2021, 19:09:52,71
RBTR00001,Reboot Shortcut,15105,12/04/2021, 20:12:45,71
RBTR00001,Reboot Shortcut,15105,12/04/2021, 21:10:40,71
RBTR00001,Reboot Shortcut,15107,12/04/2021, 22:12:12,71
RBTR00001,Reboot Shortcut,15107,12/04/2021, 23:12:16,71
RBTR00001,Reboot Shortcut,15107,12/05/2021, 00:43:09,71
RBTR00001,Reboot Shortcut,15107,12/05/2021, 02:02:33,71
RBTR00001,Reboot Shortcut,15108,12/05/2021, 03:12:33,71
RBTR00001,Reboot Shortcut,15109,12/05/2021, 04:15:47,71
RBTR00001,Reboot Shortcut,15109,12/05/2021, 05:11:27,71
RBTR00001,Reboot Shortcut,15109,12/05/2021, 06:14:04,71
RBTR00001,Reboot Shortcut,15109,12/05/2021, 07:11:54,71
RBTR00001,Reboot Shortcut,15109,12/05/2021, 08:14:05,71
RBTR00001,Reboot Shortcut,15110,12/05/2021, 09:12:01,71
RBTR00001,Reboot Shortcut,15110,12/05/2021, 10:12:50,71
RBTR00001,Reboot Shortcut,15110,12/05/2021, 11:09:54,71
RBTR00001,Reboot Shortcut,15110,12/05/2021, 12:18:12,71
RBTR00001,Reboot Shortcut,15110,12/05/2021, 13:17:54,71
RBTR00001,Reboot Shortcut,15110,12/05/2021, 14:10:59,71
RBTR00001,Reboot Shortcut,15110,12/05/2021, 15:12:13,71
RBTR00001,Reboot Shortcut,15110,12/05/2021, 16:17:17,71
RBTR00001,Reboot Shortcut,15110,12/05/2021, 17:17:50,71
RBTR00001,Reboot Shortcut,15110,12/05/2021, 18:13:45,71
RBTR00001,Reboot Shortcut,15110,12/05/2021, 19:09:57,71
RBTR00001,Reboot Shortcut,15110,12/05/2021, 20:12:30,71
RBTR00001,Reboot Shortcut,15110,12/05/2021, 21:10:22,71
RBTR00001,Reboot Shortcut,15111,12/05/2021, 22:11:26,71
RBTR00001,Reboot Shortcut,15111,12/05/2021, 23:11:45,71
RBTR00001,Reboot Shortcut,15111,12/06/2021, 00:41:58,71
RBTR00001,Reboot Shortcut,15111,12/06/2021, 01:58:32,71
RBTR00001,Reboot Shortcut,15111,12/06/2021, 02:33:57,71
RBTR00001,Reboot Shortcut,15111,12/06/2021, 03:12:48,71
RBTR00001,Reboot Shortcut,15111,12/06/2021, 04:15:57,71
RBTR00001,Reboot Shortcut,15111,12/06/2021, 05:12:05,71
RBTR00001,Reboot Shortcut,15111,12/06/2021, 06:14:48,71
RBTR00001,Reboot Shortcut,15111,12/06/2021, 07:12:44,71
RBTR00001,Reboot Shortcut,15111,12/06/2021, 08:15:02,71
RBTR00001,Reboot Shortcut,15111,12/06/2021, 09:13:27,71
RBTR00001,Reboot Shortcut,15111,12/06/2021, 10:13:34,71
RBTR00001,Reboot Shortcut,15111,12/06/2021, 11:10:32,71
RBTR00001,Reboot Shortcut,15111,12/06/2021, 12:19:33,71
RBTR00001,Reboot Shortcut,15111,12/06/2021, 13:20:32,71
RBTR00001,Reboot Shortcut,15112,12/06/2021, 14:11:40,71
RBTR00001,Reboot Shortcut,15113,12/06/2021, 15:13:14,71
RBTR00001,Reboot Shortcut,15113,12/06/2021, 16:15:41,71
RBTR00001,Reboot Shortcut,15113,12/06/2021, 17:12:29,71
RBTR00001,Reboot Shortcut,15113,12/06/2021, 18:17:07,71
RBTR00001,Reboot Shortcut,15113,12/06/2021, 19:10:06,71
RBTR00001,Reboot Shortcut,15113,12/06/2021, 20:13:43,71
RBTR00001,Reboot Shortcut,15113,12/06/2021, 21:11:21,71
RBTR00001,Reboot Shortcut,15113,12/06/2021, 22:12:39,71
RBTR00001,Reboot Shortcut,15113,12/06/2021, 23:13:06,71
RBTR00001,Reboot Shortcut,15114,12/07/2021, 00:42:13,71
RBTR00001,Reboot Shortcut,15114,12/07/2021, 02:01:38,71
RBTR00001,Reboot Shortcut,15114,12/07/2021, 03:13:12,71
RBTR00001,Reboot Shortcut,15115,12/07/2021, 04:16:02,71
RBTR00001,Reboot Shortcut,15115,12/07/2021, 05:12:46,71
RBTR00001,Reboot Shortcut,15115,12/07/2021, 06:15:20,71
RBTR00001,Reboot Shortcut,15116,12/07/2021, 07:12:42,71
RBTR00001,Reboot Shortcut,15116,12/07/2021, 08:15:43,71
RBTR00001,Reboot Shortcut,15116,12/07/2021, 09:13:19,71
RBTR00001,Reboot Shortcut,15116,12/07/2021, 10:14:23,71
RBTR00001,Reboot Shortcut,15116,12/07/2021, 11:11:14,71
RBTR00001,Reboot Shortcut,15116,12/07/2021, 12:21:05,71
RBTR00001,Reboot Shortcut,15116,12/07/2021, 13:23:34,71
RBTR00001,Reboot Shortcut,15116,12/07/2021, 14:12:28,71
RBTR00001,Reboot Shortcut,15116,12/07/2021, 15:13:27,71
RBTR00001,Reboot Shortcut,15116,12/07/2021, 16:19:14,71
RBTR00001,Reboot Shortcut,15116,12/07/2021, 17:21:52,71
RBTR00001,Reboot Shortcut,15116,12/07/2021, 18:14:49,71
RBTR00001,Reboot Shortcut,15116,12/07/2021, 19:10:30,71
RBTR00001,Reboot Shortcut,15117,12/07/2021, 20:13:32,71
RBTR00001,Reboot Shortcut,15117,12/07/2021, 21:11:13,71
RBTR00001,Reboot Shortcut,15117,12/07/2021, 22:12:06,71
RBTR00001,Reboot Shortcut,15117,12/07/2021, 23:12:29,71
RBTR00001,Reboot Shortcut,15117,12/08/2021, 00:42:27,71
RBTR00001,Reboot Shortcut,15117,12/08/2021, 01:59:36,71
RBTR00001,Reboot Shortcut,15117,12/08/2021, 02:37:15,71
RBTR00001,Reboot Shortcut,15117,12/08/2021, 03:12:33,71
RBTR00001,Reboot Shortcut,15117,12/08/2021, 04:15:50,71
RBTR00001,Reboot Shortcut,15117,12/08/2021, 05:12:00,71
RBTR00001,Reboot Shortcut,15117,12/08/2021, 06:15:12,71
RBTR00001,Reboot Shortcut,15117,12/08/2021, 07:12:22,71
RBTR00001,Reboot Shortcut,15117,12/08/2021, 08:14:59,71
RBTR00001,Reboot Shortcut,15117,12/08/2021, 09:12:50,71
RBTR00001,Reboot Shortcut,15118,12/08/2021, 10:13:22,71
RBTR00001,Reboot Shortcut,15118,12/08/2021, 11:10:38,71
RBTR00001,Reboot Shortcut,15118,12/08/2021, 12:19:28,71
RBTR00001,Reboot Shortcut,15118,12/08/2021, 13:20:51,71
RBTR00001,Reboot Shortcut,15118,12/08/2021, 14:12:03,71
RBTR00001,Reboot Shortcut,15118,12/08/2021, 15:13:00,71
RBTR00001,Reboot Shortcut,15118,12/08/2021, 16:16:53,71
RBTR00001,Reboot Shortcut,15119,12/08/2021, 17:20:04,71
RBTR00001,Reboot Shortcut,15119,12/08/2021, 18:14:28,71
RBTR00001,Reboot Shortcut,15119,12/08/2021, 19:10:35,71
RBTR00001,Reboot Shortcut,15119,12/08/2021, 20:13:07,71
RBTR00001,Reboot Shortcut,15120,12/08/2021, 21:10:57,71
RBTR00001,Reboot Shortcut,15120,12/08/2021, 22:12:14,71
RBTR00001,Reboot Shortcut,15120,12/08/2021, 23:12:33,71
RBTR00001,Reboot Shortcut,15120,12/09/2021, 00:40:52,71
RBTR00001,Reboot Shortcut,15120,12/09/2021, 01:58:11,71
RBTR00001,Reboot Shortcut,15120,12/09/2021, 02:33:35,71
RBTR00001,Reboot Shortcut,15120,12/09/2021, 03:12:46,71
RBTR00001,Reboot Shortcut,15120,12/09/2021, 04:15:53,71
RBTR00001,Reboot Shortcut,15121,12/09/2021, 05:12:30,71
RBTR00001,Reboot Shortcut,15121,12/09/2021, 06:14:53,71
RBTR00001,Reboot Shortcut,15121,12/09/2021, 07:12:25,71
RBTR00001,Reboot Shortcut,15121,12/09/2021, 08:14:57,71
RBTR00001,Reboot Shortcut,15122,12/09/2021, 09:15:17,71
RBTR00001,Reboot Shortcut,15122,12/09/2021, 10:18:00,71
RBTR00001,Reboot Shortcut,15122,12/09/2021, 11:10:28,71
RBTR00001,Reboot Shortcut,15122,12/09/2021, 12:19:33,71
RBTR00001,Reboot Shortcut,15122,12/09/2021, 13:20:26,71
RBTR00001,Reboot Shortcut,15123,12/09/2021, 14:16:06,71
RBTR00001,Reboot Shortcut,15123,12/09/2021, 15:15:11,71
RBTR00001,Reboot Shortcut,15123,12/09/2021, 16:17:56,71
RBTR00001,Reboot Shortcut,15123,12/09/2021, 17:22:44,71
RBTR00001,Reboot Shortcut,15123,12/09/2021, 18:14:28,71
RBTR00001,Reboot Shortcut,15123,12/09/2021, 19:10:22,71
RBTR00001,Reboot Shortcut,15123,12/09/2021, 20:13:18,71
RBTR00001,Reboot Shortcut,15123,12/09/2021, 21:11:09,71
RBTR00001,Reboot Shortcut,15123,12/09/2021, 22:12:02,71
RBTR00001,Reboot Shortcut,15123,12/09/2021, 23:12:23,71
RBTR00001,Reboot Shortcut,15123,12/10/2021, 00:41:36,71
RBTR00001,Reboot Shortcut,15123,12/10/2021, 01:54:22,71
RBTR00001,Reboot Shortcut,15123,12/10/2021, 02:28:05,71
RBTR00001,Reboot Shortcut,15123,12/10/2021, 03:12:45,71
RBTR00001,Reboot Shortcut,15123,12/10/2021, 04:15:42,71
RBTR00001,Reboot Shortcut,15123,12/10/2021, 05:11:43,71
RBTR00001,Reboot Shortcut,15123,12/10/2021, 06:15:44,71
RBTR00001,Reboot Shortcut,15123,12/10/2021, 07:12:25,71
RBTR00001,Reboot Shortcut,15124,12/10/2021, 08:14:39,71
RBTR00001,Reboot Shortcut,15124,12/10/2021, 09:12:49,71
RBTR00001,Reboot Shortcut,15124,12/10/2021, 10:13:30,71
RBTR00001,Reboot Shortcut,15124,12/10/2021, 11:10:41,71
RBTR00001,Reboot Shortcut,15125,12/10/2021, 12:19:08,71
RBTR00001,Reboot Shortcut,15125,12/10/2021, 13:19:37,71
RBTR00001,Reboot Shortcut,15125,12/10/2021, 14:12:10,71
RBTR00001,Reboot Shortcut,15125,12/10/2021, 15:13:02,71
RBTR00001,Reboot Shortcut,15125,12/10/2021, 16:18:14,71
RBTR00001,Reboot Shortcut,15125,12/10/2021, 17:19:26,71
RBTR00001,Reboot Shortcut,15125,12/10/2021, 18:14:23,71
RBTR00001,Reboot Shortcut,15125,12/10/2021, 19:10:06,71
RBTR00001,Reboot Shortcut,15125,12/10/2021, 20:12:52,71
RBTR00001,Reboot Shortcut,15125,12/10/2021, 21:10:45,71
RBTR00001,Reboot Shortcut,15125,12/10/2021, 22:11:56,71
RBTR00001,Reboot Shortcut,15125,12/10/2021, 23:12:14,71
RBTR00001,Reboot Shortcut,15125,12/11/2021, 00:39:30,71
RBTR00001,Reboot Shortcut,15125,12/11/2021, 01:55:50,71
RBTR00001,Reboot Shortcut,15125,12/11/2021, 02:30:58,71
RBTR00001,Reboot Shortcut,15125,12/11/2021, 03:12:10,71
RBTR00001,Reboot Shortcut,15125,12/11/2021, 04:15:25,71
RBTR00001,Reboot Shortcut,15126,12/11/2021, 05:11:04,71
RBTR00001,Reboot Shortcut,15127,12/11/2021, 06:14:13,71
RBTR00001,Reboot Shortcut,15127,12/11/2021, 07:12:10,71
RBTR00001,Reboot Shortcut,15127,12/11/2021, 08:13:56,71
RBTR00001,Reboot Shortcut,15127,12/11/2021, 09:12:11,71
RBTR00001,Reboot Shortcut,15127,12/11/2021, 10:12:38,71
RBTR00001,Reboot Shortcut,15128,12/11/2021, 11:10:12,71
RBTR00001,Reboot Shortcut,15128,12/11/2021, 12:18:15,71
RBTR00001,Reboot Shortcut,15128,12/11/2021, 13:17:46,71
RBTR00001,Reboot Shortcut,15128,12/11/2021, 14:10:41,71
RBTR00001,Reboot Shortcut,15128,12/11/2021, 15:12:09,71
RBTR00001,Reboot Shortcut,15129,12/11/2021, 16:17:06,71
RBTR00001,Reboot Shortcut,15129,12/11/2021, 17:17:31,71
RBTR00001,Reboot Shortcut,15129,12/11/2021, 18:13:34,71
RBTR00001,Reboot Shortcut,15129,12/11/2021, 19:09:49,71
RBTR00001,Reboot Shortcut,15129,12/11/2021, 20:12:28,71
RBTR00001,Reboot Shortcut,15129,12/11/2021, 21:10:33,71
RBTR00001,Reboot Shortcut,15129,12/11/2021, 22:11:32,71
RBTR00001,Reboot Shortcut,15129,12/11/2021, 23:11:49,71
RBTR00001,Reboot Shortcut,15130,12/12/2021, 00:43:10,71
RBTR00001,Reboot Shortcut,15130,12/12/2021, 02:00:01,71
RBTR00001,Reboot Shortcut,15130,12/12/2021, 02:37:53,71
RBTR00001,Reboot Shortcut,15130,12/12/2021, 03:12:08,71
RBTR00001,Reboot Shortcut,15130,12/12/2021, 04:15:35,71
RBTR00001,Reboot Shortcut,15130,12/12/2021, 05:10:49,71
RBTR00001,Reboot Shortcut,15130,12/12/2021, 06:14:04,71
RBTR00001,Reboot Shortcut,15130,12/12/2021, 07:12:01,71
RBTR00001,Reboot Shortcut,15130,12/12/2021, 08:14:02,71
RBTR00001,Reboot Shortcut,15130,12/12/2021, 09:11:52,71
RBTR00001,Reboot Shortcut,15130,12/12/2021, 10:12:57,71
RBTR00001,Reboot Shortcut,15130,12/12/2021, 11:09:46,71
RBTR00001,Reboot Shortcut,15131,12/12/2021, 12:18:18,71
RBTR00001,Reboot Shortcut,15131,12/12/2021, 13:18:22,71
RBTR00001,Reboot Shortcut,15131,12/12/2021, 14:11:02,71
RBTR00001,Reboot Shortcut,15131,12/12/2021, 15:12:01,71
RBTR00001,Reboot Shortcut,15131,12/12/2021, 16:17:19,71
RBTR00001,Reboot Shortcut,15131,12/12/2021, 17:17:32,71
RBTR00001,Reboot Shortcut,15131,12/12/2021, 18:13:31,71
RBTR00001,Reboot Shortcut,15131,12/12/2021, 19:09:44,71
RBTR00001,Reboot Shortcut,15131,12/12/2021, 20:12:28,71
RBTR00001,Reboot Shortcut,15132,12/12/2021, 21:10:42,71
RBTR00001,Reboot Shortcut,15132,12/12/2021, 22:11:26,71
RBTR00001,Reboot Shortcut,15132,12/12/2021, 23:12:04,71
RBTR00001,Reboot Shortcut,15133,12/13/2021, 00:41:18,71
RBTR00001,Reboot Shortcut,15133,12/13/2021, 01:57:51,71
RBTR00001,Reboot Shortcut,15133,12/13/2021, 02:33:04,71
RBTR00001,Reboot Shortcut,15133,12/13/2021, 03:12:38,71
RBTR00001,Reboot Shortcut,15133,12/13/2021, 04:15:43,71
RBTR00001,Reboot Shortcut,15133,12/13/2021, 05:11:31,71
RBTR00001,Reboot Shortcut,15133,12/13/2021, 06:14:55,71
RBTR00001,Reboot Shortcut,15133,12/13/2021, 07:12:44,71
RBTR00001,Reboot Shortcut,15133,12/13/2021, 08:14:55,71
RBTR00001,Reboot Shortcut,15133,12/13/2021, 09:17:11,71
RBTR00001,Reboot Shortcut,15133,12/13/2021, 10:18:19,71
RBTR00001,Reboot Shortcut,15133,12/13/2021, 11:10:43,71
RBTR00001,Reboot Shortcut,15133,12/13/2021, 12:19:36,71
RBTR00001,Reboot Shortcut,15133,12/13/2021, 13:20:11,71
RBTR00001,Reboot Shortcut,15133,12/13/2021, 14:11:55,71
RBTR00001,Reboot Shortcut,15133,12/13/2021, 15:14:26,71
RBTR00001,Reboot Shortcut,15133,12/13/2021, 16:18:11,71
RBTR00001,Reboot Shortcut,15133,12/13/2021, 17:19:42,71
RBTR00001,Reboot Shortcut,15135,12/13/2021, 18:14:29,71
RBTR00001,Reboot Shortcut,15135,12/13/2021, 19:10:16,71
RBTR00001,Reboot Shortcut,15135,12/13/2021, 20:13:05,71
RBTR00001,Reboot Shortcut,15135,12/13/2021, 21:11:03,71
RBTR00001,Reboot Shortcut,15135,12/13/2021, 22:10:07,71
RBTR00001,Reboot Shortcut,15135,12/13/2021, 23:12:33,71
RBTR00001,Reboot Shortcut,15135,12/14/2021, 00:43:40,71
RBTR00001,Reboot Shortcut,15135,12/14/2021, 02:00:55,71
RBTR00001,Reboot Shortcut,15135,12/14/2021, 02:40:09,71
RBTR00001,Reboot Shortcut,15135,12/14/2021, 03:12:22,71
RBTR00001,Reboot Shortcut,15135,12/14/2021, 04:15:40,71
RBTR00001,Reboot Shortcut,15135,12/14/2021, 05:11:30,71
RBTR00001,Reboot Shortcut,15135,12/14/2021, 06:15:07,71
RBTR00001,Reboot Shortcut,15135,12/14/2021, 07:12:29,71
RBTR00001,Reboot Shortcut,15135,12/14/2021, 08:15:14,71
RBTR00001,Reboot Shortcut,15136,12/14/2021, 09:13:16,71
RBTR00001,Reboot Shortcut,15136,12/14/2021, 10:13:41,71
RBTR00001,Reboot Shortcut,15136,12/14/2021, 11:15:07,71
RBTR00001,Reboot Shortcut,15136,12/14/2021, 12:19:16,71
RBTR00001,Reboot Shortcut,15136,12/14/2021, 13:19:25,71
RBTR00001,Reboot Shortcut,15136,12/14/2021, 14:11:41,71
RBTR00001,Reboot Shortcut,15136,12/14/2021, 15:13:04,71
RBTR00001,Reboot Shortcut,15136,12/14/2021, 16:18:38,71
RBTR00001,Reboot Shortcut,15137,12/14/2021, 17:19:24,71
RBTR00001,Reboot Shortcut,15137,12/14/2021, 18:14:21,71
RBTR00001,Reboot Shortcut,15137,12/14/2021, 19:10:21,71
RBTR00001,Reboot Shortcut,15138,12/14/2021, 20:13:06,71
RBTR00001,Reboot Shortcut,15138,12/14/2021, 21:09:28,71
RBTR00001,Reboot Shortcut,15138,12/14/2021, 22:12:25,71
RBTR00001,Reboot Shortcut,15138,12/14/2021, 23:12:30,71
RBTR00001,Reboot Shortcut,15138,12/15/2021, 00:40:41,71
RBTR00001,Reboot Shortcut,15138,12/15/2021, 01:57:46,71
RBTR00001,Reboot Shortcut,15138,12/15/2021, 02:32:37,71
RBTR00001,Reboot Shortcut,15138,12/15/2021, 03:12:40,71
RBTR00001,Reboot Shortcut,15139,12/15/2021, 04:15:45,71
RBTR00001,Reboot Shortcut,15139,12/15/2021, 05:11:46,71
RBTR00001,Reboot Shortcut,15139,12/15/2021, 06:13:53,71
RBTR00001,Reboot Shortcut,15139,12/15/2021, 07:12:33,71
RBTR00001,Reboot Shortcut,15139,12/15/2021, 08:14:41,71
RBTR00001,Reboot Shortcut,15139,12/15/2021, 09:12:34,71
RBTR00001,Reboot Shortcut,15139,12/15/2021, 10:13:29,71
RBTR00001,Reboot Shortcut,15139,12/15/2021, 11:10:35,71
RBTR00001,Reboot Shortcut,15140,12/15/2021, 12:19:22,71
RBTR00001,Reboot Shortcut,15140,12/15/2021, 13:19:47,71
RBTR00001,Reboot Shortcut,15140,12/15/2021, 14:11:41,71
RBTR00001,Reboot Shortcut,15140,12/15/2021, 15:13:03,71
RBTR00001,Reboot Shortcut,15140,12/15/2021, 16:18:06,71
RBTR00001,Reboot Shortcut,15140,12/15/2021, 17:19:37,71
RBTR00001,Reboot Shortcut,15140,12/15/2021, 18:14:27,71
RBTR00001,Reboot Shortcut,15140,12/15/2021, 19:10:35,71
RBTR00001,Reboot Shortcut,15140,12/15/2021, 20:13:06,71
RBTR00001,Reboot Shortcut,15140,12/15/2021, 21:11:01,71
RBTR00001,Reboot Shortcut,15140,12/15/2021, 22:12:06,71
RBTR00001,Reboot Shortcut,15140,12/15/2021, 23:12:29,71
RBTR00001,Reboot Shortcut,15140,12/16/2021, 00:40:45,71
RBTR00001,Reboot Shortcut,15140,12/16/2021, 01:57:13,71
RBTR00001,Reboot Shortcut,15140,12/16/2021, 02:31:42,71
RBTR00001,Reboot Shortcut,15140,12/16/2021, 03:12:38,71
RBTR00001,Reboot Shortcut,15140,12/16/2021, 04:15:33,71
RBTR00001,Reboot Shortcut,15140,12/16/2021, 05:11:35,71
RBTR00001,Reboot Shortcut,15140,12/16/2021, 06:14:45,71
RBTR00001,Reboot Shortcut,15140,12/16/2021, 07:12:31,71
RBTR00001,Reboot Shortcut,15141,12/16/2021, 08:19:04,71
RBTR00001,Reboot Shortcut,15141,12/16/2021, 09:13:03,71
RBTR00001,Reboot Shortcut,15141,12/16/2021, 10:13:17,71
RBTR00001,Reboot Shortcut,15141,12/16/2021, 11:10:39,71
RBTR00001,Reboot Shortcut,15141,12/16/2021, 12:19:38,71
RBTR00001,Reboot Shortcut,15141,12/16/2021, 13:19:48,71
RBTR00001,Reboot Shortcut,15141,12/16/2021, 14:11:31,71
RBTR00001,Reboot Shortcut,15141,12/16/2021, 15:13:05,71
RBTR00001,Reboot Shortcut,15141,12/16/2021, 16:18:50,71
RBTR00001,Reboot Shortcut,15141,12/16/2021, 17:19:24,71
RBTR00001,Reboot Shortcut,15141,12/16/2021, 18:14:34,71
RBTR00001,Reboot Shortcut,15141,12/16/2021, 19:10:16,71
RBTR00001,Reboot Shortcut,15141,12/16/2021, 20:13:09,71
RBTR00001,Reboot Shortcut,15141,12/16/2021, 21:11:06,71
RBTR00001,Reboot Shortcut,15141,12/16/2021, 22:12:00,71
RBTR00001,Reboot Shortcut,15141,12/16/2021, 23:12:35,71
RBTR00001,Reboot Shortcut,15142,12/17/2021, 00:43:38,71
RBTR00001,Reboot Shortcut,15142,12/17/2021, 02:01:44,71
RBTR00001,Reboot Shortcut,15142,12/17/2021, 03:12:10,71
RBTR00001,Reboot Shortcut,15142,12/17/2021, 04:15:51,71
RBTR00001,Reboot Shortcut,15142,12/17/2021, 05:11:32,71
RBTR00001,Reboot Shortcut,15142,12/17/2021, 06:15:05,71
RBTR00001,Reboot Shortcut,15142,12/17/2021, 07:12:39,71
RBTR00001,Reboot Shortcut,15142,12/17/2021, 08:14:55,71
RBTR00001,Reboot Shortcut,15142,12/17/2021, 09:12:57,71
RBTR00001,Reboot Shortcut,15142,12/17/2021, 10:13:15,71
RBTR00001,Reboot Shortcut,15142,12/17/2021, 11:09:09,71
RBTR00001,Reboot Shortcut,15142,12/17/2021, 12:19:13,71
RBTR00001,Reboot Shortcut,15143,12/17/2021, 13:17:49,71
RBTR00001,Reboot Shortcut,15143,12/17/2021, 14:11:37,71
RBTR00001,Reboot Shortcut,15143,12/17/2021, 15:13:05,71
RBTR00001,Reboot Shortcut,15143,12/17/2021, 16:18:14,71
RBTR00001,Reboot Shortcut,15143,12/17/2021, 17:18:22,71
RBTR00001,Reboot Shortcut,15145,12/17/2021, 18:14:18,71
RBTR00001,Reboot Shortcut,15145,12/17/2021, 19:10:46,71
RBTR00001,Reboot Shortcut,15145,12/17/2021, 20:11:13,71
RBTR00001,Reboot Shortcut,15145,12/17/2021, 21:11:03,71
RBTR00001,Reboot Shortcut,15145,12/17/2021, 22:12:06,71
RBTR00001,Reboot Shortcut,15145,12/17/2021, 23:12:52,71
RBTR00001,Reboot Shortcut,15145,12/18/2021, 00:43:45,71
RBTR00001,Reboot Shortcut,15145,12/18/2021, 02:02:25,71
RBTR00001,Reboot Shortcut,15145,12/18/2021, 03:14:12,71
RBTR00001,Reboot Shortcut,15145,12/18/2021, 04:15:43,71
RBTR00001,Reboot Shortcut,15145,12/18/2021, 05:11:32,71
RBTR00001,Reboot Shortcut,15145,12/18/2021, 06:14:53,71
RBTR00001,Reboot Shortcut,15145,12/18/2021, 07:11:59,71
RBTR00001,Reboot Shortcut,15145,12/18/2021, 08:14:26,71
RBTR00001,Reboot Shortcut,15146,12/18/2021, 09:12:03,71
RBTR00001,Reboot Shortcut,15146,12/18/2021, 10:13:01,71
RBTR00001,Reboot Shortcut,15146,12/18/2021, 11:09:52,71
RBTR00001,Reboot Shortcut,15146,12/18/2021, 12:18:37,71
RBTR00001,Reboot Shortcut,15146,12/18/2021, 13:19:01,71
RBTR00001,Reboot Shortcut,15146,12/18/2021, 14:10:48,71
RBTR00001,Reboot Shortcut,15146,12/18/2021, 15:12:18,71
RBTR00001,Reboot Shortcut,15146,12/18/2021, 16:17:30,71
RBTR00001,Reboot Shortcut,15146,12/18/2021, 17:19:02,71
RBTR00001,Reboot Shortcut,15146,12/18/2021, 18:14:13,71
RBTR00001,Reboot Shortcut,15146,12/18/2021, 19:09:48,71
RBTR00001,Reboot Shortcut,15146,12/18/2021, 20:12:50,71
RBTR00001,Reboot Shortcut,15146,12/18/2021, 21:12:00,71
RBTR00001,Reboot Shortcut,15146,12/18/2021, 22:11:36,71
RBTR00001,Reboot Shortcut,15146,12/18/2021, 23:12:07,71
RBTR00001,Reboot Shortcut,15147,12/19/2021, 00:44:44,71
RBTR00001,Reboot Shortcut,15147,12/19/2021, 02:04:40,71
RBTR00001,Reboot Shortcut,15148,12/19/2021, 03:12:59,71
RBTR00001,Reboot Shortcut,15148,12/19/2021, 04:15:45,71
RBTR00001,Reboot Shortcut,15148,12/19/2021, 05:12:06,71
RBTR00001,Reboot Shortcut,15148,12/19/2021, 06:14:32,71
RBTR00001,Reboot Shortcut,15148,12/19/2021, 07:12:16,71
RBTR00001,Reboot Shortcut,15148,12/19/2021, 08:14:29,71
RBTR00001,Reboot Shortcut,15148,12/19/2021, 09:12:18,71
RBTR00001,Reboot Shortcut,15148,12/19/2021, 10:12:47,71
RBTR00001,Reboot Shortcut,15148,12/19/2021, 11:10:15,71
RBTR00001,Reboot Shortcut,15148,12/19/2021, 12:19:07,71
RBTR00001,Reboot Shortcut,15148,12/19/2021, 13:19:12,71
RBTR00001,Reboot Shortcut,15148,12/19/2021, 14:11:15,71
RBTR00001,Reboot Shortcut,15148,12/19/2021, 15:12:24,71
RBTR00001,Reboot Shortcut,15148,12/19/2021, 16:17:51,71
RBTR00001,Reboot Shortcut,15148,12/19/2021, 17:19:13,71
RBTR00001,Reboot Shortcut,15148,12/19/2021, 18:13:54,71
RBTR00001,Reboot Shortcut,15148,12/19/2021, 19:10:03,71
RBTR00001,Reboot Shortcut,15148,12/19/2021, 20:13:02,71
RBTR00001,Reboot Shortcut,15148,12/19/2021, 21:10:34,71
RBTR00001,Reboot Shortcut,15148,12/19/2021, 22:12:42,71
RBTR00001,Reboot Shortcut,15148,12/19/2021, 23:12:05,71
RBTR00001,Reboot Shortcut,15148,12/20/2021, 00:42:45,71
RBTR00001,Reboot Shortcut,15148,12/20/2021, 02:01:26,71
RBTR00001,Reboot Shortcut,15148,12/20/2021, 03:13:15,71
RBTR00001,Reboot Shortcut,15149,12/20/2021, 04:16:26,71
RBTR00001,Reboot Shortcut,15149,12/20/2021, 05:13:27,71
RBTR00001,Reboot Shortcut,15150,12/20/2021, 06:15:57,71
RBTR00001,Reboot Shortcut,15151,12/20/2021, 07:12:50,71
RBTR00001,Reboot Shortcut,15151,12/20/2021, 08:15:41,71
RBTR00001,Reboot Shortcut,15151,12/20/2021, 09:13:24,71
RBTR00001,Reboot Shortcut,15151,12/20/2021, 10:13:54,71
RBTR00001,Reboot Shortcut,15151,12/20/2021, 11:10:44,71
RBTR00001,Reboot Shortcut,15151,12/20/2021, 12:20:33,71
RBTR00001,Reboot Shortcut,15151,12/20/2021, 13:21:54,71
RBTR00001,Reboot Shortcut,15151,12/20/2021, 14:11:58,71
RBTR00001,Reboot Shortcut,15151,12/20/2021, 15:12:52,71
RBTR00001,Reboot Shortcut,15151,12/20/2021, 16:19:45,71
RBTR00001,Reboot Shortcut,15152,12/20/2021, 17:21:53,71
RBTR00001,Reboot Shortcut,15153,12/20/2021, 18:14:28,71
RBTR00001,Reboot Shortcut,15153,12/20/2021, 19:10:43,71
RBTR00001,Reboot Shortcut,15153,12/20/2021, 20:13:22,71
RBTR00001,Reboot Shortcut,15155,12/20/2021, 21:10:59,71
RBTR00001,Reboot Shortcut,15155,12/21/2021, 00:44:38,71
RBTR00001,Reboot Shortcut,15155,12/21/2021, 02:03:11,71
RBTR00001,Reboot Shortcut,15155,12/21/2021, 03:13:39,71
RBTR00001,Reboot Shortcut,15155,12/21/2021, 04:16:16,71
RBTR00001,Reboot Shortcut,15155,12/21/2021, 05:12:56,71
RBTR00001,Reboot Shortcut,15155,12/21/2021, 06:15:14,71
RBTR00001,Reboot Shortcut,15155,12/21/2021, 07:12:44,71
RBTR00001,Reboot Shortcut,15155,12/21/2021, 08:15:35,71
RBTR00001,Reboot Shortcut,15155,12/21/2021, 09:12:57,71
RBTR00001,Reboot Shortcut,15155,12/21/2021, 10:13:57,71
RBTR00001,Reboot Shortcut,15155,12/21/2021, 11:10:43,71
RBTR00001,Reboot Shortcut,15155,12/21/2021, 12:20:16,71
RBTR00001,Reboot Shortcut,15156,12/21/2021, 13:21:21,71
RBTR00001,Reboot Shortcut,15156,12/21/2021, 14:11:55,71
RBTR00001,Reboot Shortcut,15156,12/21/2021, 15:13:09,71
RBTR00001,Reboot Shortcut,15156,12/21/2021, 16:18:45,71
RBTR00001,Reboot Shortcut,15157,12/21/2021, 17:21:29,71
RBTR00001,Reboot Shortcut,15158,12/21/2021, 18:14:42,71
RBTR00001,Reboot Shortcut,15158,12/21/2021, 19:10:23,71
RBTR00001,Reboot Shortcut,15158,12/21/2021, 20:13:31,71
RBTR00001,Reboot Shortcut,15158,12/21/2021, 21:11:01,71
RBTR00001,Reboot Shortcut,15158,12/21/2021, 22:12:27,71
RBTR00001,Reboot Shortcut,15158,12/21/2021, 23:12:25,71
RBTR00001,Reboot Shortcut,15159,12/22/2021, 00:43:20,71
RBTR00001,Reboot Shortcut,15159,12/22/2021, 02:02:17,71
RBTR00001,Reboot Shortcut,15160,12/22/2021, 03:13:39,71
RBTR00001,Reboot Shortcut,15160,12/22/2021, 04:16:20,71
RBTR00001,Reboot Shortcut,15160,12/22/2021, 05:13:01,71
RBTR00001,Reboot Shortcut,15160,12/22/2021, 06:15:41,71
RBTR00001,Reboot Shortcut,15160,12/22/2021, 07:12:37,71
RBTR00001,Reboot Shortcut,15160,12/22/2021, 08:15:27,71
RBTR00001,Reboot Shortcut,15160,12/22/2021, 09:12:53,71
RBTR00001,Reboot Shortcut,15160,12/22/2021, 10:13:43,71
RBTR00001,Reboot Shortcut,15162,12/22/2021, 11:10:58,71
RBTR00001,Reboot Shortcut,15162,12/22/2021, 12:20:04,71
RBTR00001,Reboot Shortcut,15163,12/22/2021, 13:21:15,71
RBTR00001,Reboot Shortcut,15163,12/22/2021, 14:12:03,71
RBTR00001,Reboot Shortcut,15163,12/22/2021, 15:13:12,71
RBTR00001,Reboot Shortcut,15163,12/22/2021, 16:23:24,71
RBTR00001,Reboot Shortcut,15163,12/22/2021, 17:21:09,71
RBTR00001,Reboot Shortcut,15163,12/22/2021, 18:14:45,71
RBTR00001,Reboot Shortcut,15163,12/22/2021, 19:10:27,71
RBTR00001,Reboot Shortcut,15164,12/22/2021, 20:13:38,71
RBTR00001,Reboot Shortcut,15164,12/22/2021, 21:11:21,71
RBTR00001,Reboot Shortcut,15164,12/22/2021, 22:12:26,71
RBTR00001,Reboot Shortcut,15164,12/22/2021, 23:12:29,71
RBTR00001,Reboot Shortcut,15165,12/23/2021, 00:42:17,71
RBTR00001,Reboot Shortcut,15165,12/23/2021, 02:00:38,71
RBTR00001,Reboot Shortcut,15166,12/23/2021, 02:41:11,71
RBTR00001,Reboot Shortcut,15166,12/23/2021, 03:13:01,71
RBTR00001,Reboot Shortcut,15166,12/23/2021, 04:16:20,71
RBTR00001,Reboot Shortcut,15166,12/23/2021, 05:13:13,71
RBTR00001,Reboot Shortcut,15167,12/23/2021, 06:15:21,71
RBTR00001,Reboot Shortcut,15167,12/23/2021, 07:12:30,71
RBTR00001,Reboot Shortcut,15167,12/23/2021, 08:15:36,71
RBTR00001,Reboot Shortcut,15167,12/23/2021, 09:12:53,71
RBTR00001,Reboot Shortcut,15168,12/23/2021, 10:13:38,71
RBTR00001,Reboot Shortcut,15168,12/23/2021, 11:10:38,71
RBTR00001,Reboot Shortcut,15168,12/23/2021, 12:20:03,71
RBTR00001,Reboot Shortcut,15168,12/23/2021, 13:21:08,71
RBTR00001,Reboot Shortcut,15168,12/23/2021, 14:11:27,71
RBTR00001,Reboot Shortcut,15168,12/23/2021, 15:12:44,71
RBTR00001,Reboot Shortcut,15168,12/23/2021, 16:18:45,71
RBTR00001,Reboot Shortcut,15168,12/23/2021, 17:20:51,71
RBTR00001,Reboot Shortcut,15169,12/23/2021, 18:14:37,71
RBTR00001,Reboot Shortcut,15169,12/23/2021, 19:10:13,71
RBTR00001,Reboot Shortcut,15169,12/23/2021, 20:13:18,71
RBTR00001,Reboot Shortcut,15169,12/23/2021, 21:10:57,71
RBTR00001,Reboot Shortcut,15169,12/23/2021, 22:12:13,71
RBTR00001,Reboot Shortcut,15169,12/23/2021, 23:12:38,71
RBTR00001,Reboot Shortcut,15169,12/24/2021, 00:41:37,71
RBTR00001,Reboot Shortcut,15169,12/24/2021, 01:59:20,71
RBTR00001,Reboot Shortcut,15169,12/24/2021, 02:37:52,71
RBTR00001,Reboot Shortcut,15170,12/24/2021, 03:12:21,71
RBTR00001,Reboot Shortcut,15170,12/24/2021, 04:15:59,71
RBTR00001,Reboot Shortcut,15170,12/24/2021, 05:12:45,71
RBTR00001,Reboot Shortcut,15170,12/24/2021, 06:15:19,71
RBTR00001,Reboot Shortcut,15170,12/24/2021, 07:12:31,71
RBTR00001,Reboot Shortcut,15170,12/24/2021, 08:15:29,71
RBTR00001,Reboot Shortcut,15170,12/24/2021, 09:13:02,71
RBTR00001,Reboot Shortcut,15170,12/24/2021, 10:13:47,71
RBTR00001,Reboot Shortcut,15171,12/24/2021, 11:10:34,71
RBTR00001,Reboot Shortcut,15171,12/24/2021, 12:19:41,71
RBTR00001,Reboot Shortcut,15171,12/24/2021, 13:20:46,71
RBTR00001,Reboot Shortcut,15171,12/24/2021, 14:11:46,71
RBTR00001,Reboot Shortcut,15172,12/24/2021, 15:12:41,71
RBTR00001,Reboot Shortcut,15172,12/24/2021, 16:18:21,71
RBTR00001,Reboot Shortcut,15172,12/24/2021, 17:20:23,71
RBTR00001,Reboot Shortcut,15172,12/24/2021, 18:14:21,71
RBTR00001,Reboot Shortcut,15172,12/24/2021, 19:10:15,71
RBTR00001,Reboot Shortcut,15172,12/24/2021, 20:13:02,71
RBTR00001,Reboot Shortcut,15172,12/24/2021, 21:10:52,71
RBTR00001,Reboot Shortcut,15172,12/24/2021, 22:12:18,71
RBTR00001,Reboot Shortcut,15172,12/24/2021, 23:12:34,71
RBTR00001,Reboot Shortcut,15172,12/25/2021, 00:40:52,71
RBTR00001,Reboot Shortcut,15173,12/25/2021, 01:58:19,71
RBTR00001,Reboot Shortcut,15173,12/25/2021, 02:37:46,71
RBTR00001,Reboot Shortcut,15173,12/25/2021, 03:13:25,71
RBTR00001,Reboot Shortcut,15173,12/25/2021, 04:15:58,71
RBTR00001,Reboot Shortcut,15174,12/25/2021, 05:12:17,71
RBTR00001,Reboot Shortcut,15174,12/25/2021, 06:14:37,71
RBTR00001,Reboot Shortcut,15174,12/25/2021, 07:12:27,71
RBTR00001,Reboot Shortcut,15174,12/25/2021, 08:14:34,71
RBTR00001,Reboot Shortcut,15174,12/25/2021, 09:12:12,71
RBTR00001,Reboot Shortcut,15174,12/25/2021, 10:12:50,71
RBTR00001,Reboot Shortcut,15174,12/25/2021, 11:10:00,71
RBTR00001,Reboot Shortcut,15174,12/25/2021, 12:18:36,71
RBTR00001,Reboot Shortcut,15174,12/25/2021, 13:19:01,71
RBTR00001,Reboot Shortcut,15174,12/25/2021, 14:11:17,71
RBTR00001,Reboot Shortcut,15174,12/25/2021, 15:12:24,71
RBTR00001,Reboot Shortcut,15174,12/25/2021, 16:17:38,71
RBTR00001,Reboot Shortcut,15174,12/25/2021, 17:19:19,71
RBTR00001,Reboot Shortcut,15174,12/25/2021, 18:14:21,71
RBTR00001,Reboot Shortcut,15175,12/25/2021, 19:09:51,71
RBTR00001,Reboot Shortcut,15175,12/25/2021, 20:12:46,71
RBTR00001,Reboot Shortcut,15175,12/25/2021, 21:10:50,71
RBTR00001,Reboot Shortcut,15175,12/25/2021, 22:11:43,71
RBTR00001,Reboot Shortcut,15175,12/25/2021, 23:12:11,71
RBTR00001,Reboot Shortcut,15176,12/26/2021, 00:44:50,71
RBTR00001,Reboot Shortcut,15176,12/26/2021, 02:04:03,71
RBTR00001,Reboot Shortcut,15176,12/26/2021, 03:13:52,71
RBTR00001,Reboot Shortcut,15176,12/26/2021, 04:16:11,71
RBTR00001,Reboot Shortcut,15177,12/26/2021, 05:12:32,71
RBTR00001,Reboot Shortcut,15177,12/26/2021, 06:14:30,71
RBTR00001,Reboot Shortcut,15177,12/26/2021, 07:14:16,71
RBTR00001,Reboot Shortcut,15177,12/26/2021, 08:14:41,71
RBTR00001,Reboot Shortcut,15177,12/26/2021, 09:12:14,71
RBTR00001,Reboot Shortcut,15177,12/26/2021, 10:13:07,71
RBTR00001,Reboot Shortcut,15177,12/26/2021, 11:10:16,71
RBTR00001,Reboot Shortcut,15177,12/26/2021, 12:18:51,71
RBTR00001,Reboot Shortcut,15177,12/26/2021, 13:18:57,71
RBTR00001,Reboot Shortcut,15177,12/26/2021, 14:11:07,71
RBTR00001,Reboot Shortcut,15177,12/26/2021, 15:12:18,71
RBTR00001,Reboot Shortcut,15177,12/26/2021, 16:17:35,71
RBTR00001,Reboot Shortcut,15177,12/26/2021, 17:20:14,71
RBTR00001,Reboot Shortcut,15177,12/26/2021, 18:14:12,71
RBTR00001,Reboot Shortcut,15177,12/26/2021, 19:10:05,71
RBTR00001,Reboot Shortcut,15177,12/26/2021, 20:12:58,71
RBTR00001,Reboot Shortcut,15177,12/26/2021, 21:10:38,71
RBTR00001,Reboot Shortcut,15177,12/26/2021, 22:11:35,71
RBTR00001,Reboot Shortcut,15177,12/26/2021, 23:12:11,71
RBTR00001,Reboot Shortcut,15177,12/27/2021, 00:42:27,71
RBTR00001,Reboot Shortcut,15177,12/27/2021, 02:00:57,71
RBTR00001,Reboot Shortcut,15177,12/27/2021, 02:41:26,71
RBTR00001,Reboot Shortcut,15177,12/27/2021, 03:12:56,71
RBTR00001,Reboot Shortcut,15177,12/27/2021, 04:16:42,71
RBTR00001,Reboot Shortcut,15177,12/27/2021, 05:13:15,71
RBTR00001,Reboot Shortcut,15177,12/27/2021, 06:15:46,71
RBTR00001,Reboot Shortcut,15177,12/27/2021, 07:12:35,71
RBTR00001,Reboot Shortcut,15177,12/27/2021, 08:19:57,71
RBTR00001,Reboot Shortcut,15177,12/27/2021, 09:18:21,71
RBTR00001,Reboot Shortcut,15177,12/27/2021, 10:18:09,71
RBTR00001,Reboot Shortcut,15177,12/27/2021, 11:15:09,71
RBTR00001,Reboot Shortcut,15177,12/27/2021, 12:25:33,71
RBTR00001,Reboot Shortcut,15177,12/27/2021, 13:31:23,71
RBTR00001,Reboot Shortcut,15177,12/27/2021, 14:16:29,71
RBTR00001,Reboot Shortcut,15177,12/27/2021, 15:22:25,71
RBTR00001,Reboot Shortcut,15178,12/27/2021, 16:18:41,71
RBTR00001,Reboot Shortcut,15179,12/27/2021, 17:20:34,71
RBTR00001,Reboot Shortcut,15179,12/27/2021, 18:14:33,71
RBTR00001,Reboot Shortcut,15180,12/27/2021, 19:10:30,71
RBTR00001,Reboot Shortcut,15180,12/27/2021, 20:13:26,71
RBTR00001,Reboot Shortcut,15180,12/27/2021, 21:11:09,71
RBTR00001,Reboot Shortcut,15180,12/27/2021, 22:12:25,71
RBTR00001,Reboot Shortcut,15180,12/27/2021, 23:12:25,71
RBTR00001,Reboot Shortcut,15180,12/28/2021, 00:42:10,71
RBTR00001,Reboot Shortcut,15180,12/28/2021, 02:00:10,71
RBTR00001,Reboot Shortcut,15180,12/28/2021, 02:39:57,71
RBTR00001,Reboot Shortcut,15180,12/28/2021, 03:12:50,71
RBTR00001,Reboot Shortcut,15180,12/28/2021, 04:16:11,71
RBTR00001,Reboot Shortcut,15181,12/28/2021, 05:12:44,71
RBTR00001,Reboot Shortcut,15181,12/28/2021, 06:15:27,71
RBTR00001,Reboot Shortcut,15181,12/28/2021, 07:12:38,71
RBTR00001,Reboot Shortcut,15181,12/28/2021, 08:15:42,71
RBTR00001,Reboot Shortcut,15181,12/28/2021, 09:12:54,71
RBTR00001,Reboot Shortcut,15181,12/28/2021, 10:13:31,71
RBTR00001,Reboot Shortcut,15181,12/28/2021, 11:10:25,71
RBTR00001,Reboot Shortcut,15181,12/28/2021, 12:19:50,71
RBTR00001,Reboot Shortcut,15181,12/28/2021, 13:20:42,71
RBTR00001,Reboot Shortcut,15181,12/28/2021, 14:11:29,71
RBTR00001,Reboot Shortcut,15181,12/28/2021, 15:13:11,71
RBTR00001,Reboot Shortcut,15181,12/28/2021, 16:18:37,71
RBTR00001,Reboot Shortcut,15181,12/28/2021, 17:20:52,71
RBTR00001,Reboot Shortcut,15181,12/28/2021, 18:14:24,71
RBTR00001,Reboot Shortcut,15181,12/28/2021, 19:10:25,71
RBTR00001,Reboot Shortcut,15181,12/28/2021, 20:13:23,71
RBTR00001,Reboot Shortcut,15181,12/28/2021, 21:10:56,71
RBTR00001,Reboot Shortcut,15181,12/28/2021, 22:12:24,71
RBTR00001,Reboot Shortcut,15181,12/28/2021, 23:12:22,71
RBTR00001,Reboot Shortcut,15181,12/29/2021, 00:41:45,71
RBTR00001,Reboot Shortcut,15181,12/29/2021, 01:59:43,71
RBTR00001,Reboot Shortcut,15181,12/29/2021, 02:38:42,71
RBTR00001,Reboot Shortcut,15181,12/29/2021, 03:12:23,71
RBTR00001,Reboot Shortcut,15181,12/29/2021, 04:16:08,71
RBTR00001,Reboot Shortcut,15181,12/29/2021, 05:12:56,71
RBTR00001,Reboot Shortcut,15181,12/29/2021, 06:15:32,71
RBTR00001,Reboot Shortcut,15181,12/29/2021, 07:12:20,71
RBTR00001,Reboot Shortcut,15181,12/29/2021, 08:15:20,71
RBTR00001,Reboot Shortcut,15181,12/29/2021, 09:13:03,71
RBTR00001,Reboot Shortcut,15181,12/29/2021, 10:13:45,71
RBTR00001,Reboot Shortcut,15181,12/29/2021, 11:10:38,71
RBTR00001,Reboot Shortcut,15181,12/29/2021, 12:20:19,71
RBTR00001,Reboot Shortcut,15181,12/29/2021, 13:20:54,71
RBTR00001,Reboot Shortcut,15181,12/29/2021, 14:11:45,71
RBTR00001,Reboot Shortcut,15182,12/29/2021, 15:12:50,71
RBTR00001,Reboot Shortcut,15183,12/29/2021, 16:18:38,71
RBTR00001,Reboot Shortcut,15184,12/29/2021, 17:20:45,71
RBTR00001,Reboot Shortcut,15184,12/29/2021, 18:14:42,71
RBTR00001,Reboot Shortcut,15185,12/29/2021, 19:10:38,71
RBTR00001,Reboot Shortcut,15185,12/29/2021, 20:13:24,71
RBTR00001,Reboot Shortcut,15185,12/29/2021, 21:11:09,71
RBTR00001,Reboot Shortcut,15186,12/29/2021, 22:12:20,71
RBTR00001,Reboot Shortcut,15187,12/29/2021, 23:12:31,71
RBTR00001,Reboot Shortcut,15187,12/30/2021, 00:41:50,71
RBTR00001,Reboot Shortcut,15188,12/30/2021, 01:59:45,71
RBTR00001,Reboot Shortcut,15188,12/30/2021, 02:38:28,71
RBTR00001,Reboot Shortcut,15188,12/30/2021, 03:12:23,71
RBTR00001,Reboot Shortcut,15188,12/30/2021, 04:16:15,71
RBTR00001,Reboot Shortcut,15188,12/30/2021, 05:12:50,71
RBTR00001,Reboot Shortcut,15188,12/30/2021, 06:15:04,71
RBTR00001,Reboot Shortcut,15188,12/30/2021, 07:12:40,71
RBTR00001,Reboot Shortcut,15188,12/30/2021, 08:15:20,71
RBTR00001,Reboot Shortcut,15188,12/30/2021, 09:12:42,71
RBTR00001,Reboot Shortcut,15188,12/30/2021, 10:13:30,71
RBTR00001,Reboot Shortcut,15188,12/30/2021, 11:10:49,71
RBTR00001,Reboot Shortcut,15188,12/30/2021, 12:20:02,71
RBTR00001,Reboot Shortcut,15188,12/30/2021, 13:20:44,71
RBTR00001,Reboot Shortcut,15188,12/30/2021, 14:11:54,71
RBTR00001,Reboot Shortcut,15188,12/30/2021, 15:13:00,71
RBTR00001,Reboot Shortcut,15189,12/30/2021, 16:18:44,71
RBTR00001,Reboot Shortcut,15189,12/30/2021, 17:20:44,71
RBTR00001,Reboot Shortcut,15189,12/30/2021, 18:14:25,71
RBTR00001,Reboot Shortcut,15190,12/30/2021, 19:10:23,71
RBTR00001,Reboot Shortcut,15190,12/30/2021, 20:13:18,71
RBTR00001,Reboot Shortcut,15190,12/30/2021, 21:11:04,71
RBTR00001,Reboot Shortcut,15190,12/30/2021, 22:12:17,71
RBTR00001,Reboot Shortcut,15190,12/30/2021, 23:12:40,71
RBTR00001,Reboot Shortcut,15190,12/31/2021, 00:43:28,71
RBTR00001,Reboot Shortcut,15190,12/31/2021, 02:02:16,71
RBTR00001,Reboot Shortcut,15190,12/31/2021, 03:13:47,71
RBTR00001,Reboot Shortcut,15190,12/31/2021, 04:16:18,71
RBTR00001,Reboot Shortcut,15190,12/31/2021, 05:13:01,71
RBTR00001,Reboot Shortcut,15190,12/31/2021, 06:15:16,71
RBTR00001,Reboot Shortcut,15190,12/31/2021, 07:12:32,71
RBTR00001,Reboot Shortcut,15190,12/31/2021, 08:15:27,71
RBTR00001,Reboot Shortcut,15190,12/31/2021, 09:12:50,71
RBTR00001,Reboot Shortcut,15191,12/31/2021, 10:13:33,71
RBTR00001,Reboot Shortcut,15191,12/31/2021, 11:10:36,71
RBTR00001,Reboot Shortcut,15191,12/31/2021, 12:19:40,71
RBTR00001,Reboot Shortcut,15191,12/31/2021, 13:20:34,71
RBTR00001,Reboot Shortcut,15193,12/31/2021, 14:11:37,71
RBTR00001,Reboot Shortcut,15193,12/31/2021, 15:13:06,71
RBTR00001,Reboot Shortcut,15194,12/31/2021, 16:18:36,71
RBTR00001,Reboot Shortcut,15194,12/31/2021, 17:20:15,71
RBTR00001,Reboot Shortcut,15194,12/31/2021, 18:14:18,71
RBTR00001,Reboot Shortcut,15194,12/31/2021, 19:10:26,71
RBTR00001,Reboot Shortcut,15194,12/31/2021, 20:13:22,71
RBTR00001,Reboot Shortcut,15194,12/31/2021, 21:10:48,71
RBTR00001,Reboot Shortcut,15194,12/31/2021, 22:12:03,71
RBTR00001,Reboot Shortcut,15195,12/31/2021, 23:12:32,71
RBTR00001,Reboot Shortcut,15196,01/01/2022, 00:43:43,71
RBTR00001,Reboot Shortcut,15197,01/01/2022, 02:03:43,71
RBTR00001,Reboot Shortcut,15198,01/01/2022, 03:14:49,71
RBTR00001,Reboot Shortcut,15198,01/01/2022, 04:16:02,71
RBTR00001,Reboot Shortcut,15198,01/01/2022, 05:12:55,71
RBTR00001,Reboot Shortcut,15198,01/01/2022, 06:14:56,71
RBTR00001,Reboot Shortcut,15198,01/01/2022, 07:12:07,71
RBTR00001,Reboot Shortcut,15198,01/01/2022, 08:15:01,71
RBTR00001,Reboot Shortcut,15198,01/01/2022, 09:12:25,71
RBTR00001,Reboot Shortcut,15198,01/01/2022, 10:12:55,71
RBTR00001,Reboot Shortcut,15198,01/01/2022, 11:10:31,71
RBTR00001,Reboot Shortcut,15198,01/01/2022, 12:19:11,71
RBTR00001,Reboot Shortcut,15198,01/01/2022, 13:19:25,71
RBTR00001,Reboot Shortcut,15198,01/01/2022, 14:11:26,71
RBTR00001,Reboot Shortcut,15199,01/01/2022, 15:12:19,71
RBTR00001,Reboot Shortcut,15199,01/01/2022, 16:18:07,71
RBTR00001,Reboot Shortcut,15200,01/01/2022, 17:19:51,71
RBTR00001,Reboot Shortcut,15200,01/01/2022, 18:14:21,71
RBTR00001,Reboot Shortcut,15201,01/01/2022, 19:10:02,71
RBTR00001,Reboot Shortcut,15201,01/01/2022, 20:13:15,71
RBTR00001,Reboot Shortcut,15201,01/01/2022, 21:10:56,71
RBTR00001,Reboot Shortcut,15201,01/01/2022, 22:11:53,71
RBTR00001,Reboot Shortcut,15201,01/01/2022, 23:12:44,71
RBTR00001,Reboot Shortcut,15203,01/02/2022, 00:44:34,71
RBTR00001,Reboot Shortcut,15203,01/02/2022, 02:05:01,71
RBTR00001,Reboot Shortcut,15203,01/02/2022, 03:13:43,71
RBTR00001,Reboot Shortcut,15205,01/02/2022, 04:16:07,71
RBTR00001,Reboot Shortcut,15205,01/02/2022, 05:12:24,71
RBTR00001,Reboot Shortcut,15205,01/02/2022, 06:14:39,71
RBTR00001,Reboot Shortcut,15205,01/02/2022, 07:12:33,71
RBTR00001,Reboot Shortcut,15205,01/02/2022, 08:15:01,71
RBTR00001,Reboot Shortcut,15207,01/02/2022, 09:12:05,71
RBTR00001,Reboot Shortcut,15207,01/02/2022, 10:12:49,71
RBTR00001,Reboot Shortcut,15207,01/02/2022, 11:10:21,71
RBTR00001,Reboot Shortcut,15208,01/02/2022, 12:19:33,71
RBTR00001,Reboot Shortcut,15208,01/02/2022, 13:19:14,71
RBTR00001,Reboot Shortcut,15208,01/02/2022, 14:11:15,71
RBTR00001,Reboot Shortcut,15208,01/02/2022, 15:12:35,71
RBTR00001,Reboot Shortcut,15208,01/02/2022, 16:17:56,71
RBTR00001,Reboot Shortcut,15208,01/02/2022, 17:19:33,71
RBTR00001,Reboot Shortcut,15208,01/02/2022, 18:13:51,71
RBTR00001,Reboot Shortcut,15208,01/02/2022, 19:10:11,71
RBTR00001,Reboot Shortcut,15208,01/02/2022, 20:13:10,71
RBTR00001,Reboot Shortcut,15208,01/02/2022, 21:10:33,71
RBTR00001,Reboot Shortcut,15208,01/02/2022, 22:11:42,71
RBTR00001,Reboot Shortcut,15208,01/02/2022, 23:12:18,71
RBTR00001,Reboot Shortcut,15208,01/03/2022, 00:42:21,71
RBTR00001,Reboot Shortcut,15208,01/03/2022, 02:01:39,71
RBTR00001,Reboot Shortcut,15208,01/03/2022, 03:13:28,71
RBTR00001,Reboot Shortcut,15208,01/03/2022, 04:16:20,71
RBTR00001,Reboot Shortcut,15208,01/03/2022, 05:13:34,71
RBTR00001,Reboot Shortcut,15208,01/03/2022, 06:15:52,71
RBTR00001,Reboot Shortcut,15208,01/03/2022, 07:12:49,71
RBTR00001,Reboot Shortcut,15208,01/03/2022, 08:15:43,71
RBTR00001,Reboot Shortcut,15208,01/03/2022, 09:13:20,71
RBTR00001,Reboot Shortcut,15208,01/03/2022, 10:14:06,71
RBTR00001,Reboot Shortcut,15208,01/03/2022, 11:10:51,71
RBTR00001,Reboot Shortcut,15208,01/03/2022, 12:20:15,71
RBTR00001,Reboot Shortcut,15208,01/03/2022, 13:21:14,71
RBTR00001,Reboot Shortcut,15208,01/03/2022, 14:12:04,71
RBTR00001,Reboot Shortcut,15208,01/03/2022, 15:12:57,71
RBTR00001,Reboot Shortcut,15208,01/03/2022, 16:19:46,71
RBTR00001,Reboot Shortcut,15208,01/03/2022, 17:22:13,71
RBTR00001,Reboot Shortcut,15208,01/03/2022, 18:14:44,71
RBTR00001,Reboot Shortcut,15210,01/03/2022, 19:10:23,71
RBTR00001,Reboot Shortcut,15211,01/03/2022, 20:13:38,71
RBTR00001,Reboot Shortcut,15211,01/03/2022, 21:11:25,71
RBTR00001,Reboot Shortcut,15211,01/03/2022, 22:12:30,71
RBTR00001,Reboot Shortcut,15211,01/03/2022, 23:12:41,71
RBTR00001,Reboot Shortcut,15211,01/04/2022, 00:43:29,71
RBTR00001,Reboot Shortcut,15212,01/04/2022, 02:02:37,71
RBTR00001,Reboot Shortcut,15213,01/04/2022, 03:13:39,71
RBTR00001,Reboot Shortcut,15214,01/04/2022, 04:16:20,71
RBTR00001,Reboot Shortcut,15214,01/04/2022, 05:13:14,71
RBTR00001,Reboot Shortcut,15214,01/04/2022, 06:15:14,71
RBTR00001,Reboot Shortcut,15214,01/04/2022, 07:12:33,71
RBTR00001,Reboot Shortcut,15214,01/04/2022, 08:15:36,71
RBTR00001,Reboot Shortcut,15214,01/04/2022, 09:12:52,71
RBTR00001,Reboot Shortcut,15214,01/04/2022, 10:13:45,71
RBTR00001,Reboot Shortcut,15214,01/04/2022, 11:10:43,71
RBTR00001,Reboot Shortcut,15214,01/04/2022, 12:20:02,71
RBTR00001,Reboot Shortcut,15214,01/04/2022, 13:21:10,71
RBTR00001,Reboot Shortcut,15214,01/04/2022, 14:11:42,71
RBTR00001,Reboot Shortcut,15214,01/04/2022, 15:13:19,71
RBTR00001,Reboot Shortcut,15215,01/04/2022, 16:19:16,71
RBTR00001,Reboot Shortcut,15215,01/04/2022, 17:21:47,71
RBTR00001,Reboot Shortcut,15215,01/04/2022, 18:14:41,71
RBTR00001,Reboot Shortcut,15215,01/04/2022, 19:10:41,71
RBTR00001,Reboot Shortcut,15215,01/04/2022, 20:13:38,71
RBTR00001,Reboot Shortcut,15215,01/04/2022, 21:11:18,71
RBTR00001,Reboot Shortcut,15216,01/04/2022, 22:12:14,71
RBTR00001,Reboot Shortcut,15216,01/04/2022, 23:13:01,71
RBTR00001,Reboot Shortcut,15216,01/05/2022, 00:45:21,71
RBTR00001,Reboot Shortcut,15216,01/05/2022, 02:04:49,71
RBTR00001,Reboot Shortcut,15216,01/05/2022, 03:13:51,71
RBTR00001,Reboot Shortcut,15216,01/05/2022, 04:16:21,71
RBTR00001,Reboot Shortcut,15216,01/05/2022, 05:13:19,71
RBTR00001,Reboot Shortcut,15216,01/05/2022, 06:15:43,71
RBTR00001,Reboot Shortcut,15216,01/05/2022, 07:12:30,71
RBTR00001,Reboot Shortcut,15216,01/05/2022, 08:15:35,71
RBTR00001,Reboot Shortcut,15216,01/05/2022, 09:14:05,71
RBTR00001,Reboot Shortcut,15216,01/05/2022, 10:13:39,71
RBTR00001,Reboot Shortcut,15216,01/05/2022, 11:10:35,71
RBTR00001,Reboot Shortcut,15216,01/05/2022, 12:20:28,71
RBTR00001,Reboot Shortcut,15216,01/05/2022, 13:21:52,71
RBTR00001,Reboot Shortcut,15216,01/05/2022, 14:10:05,71
RBTR00001,Reboot Shortcut,15217,01/05/2022, 15:13:22,71
RBTR00001,Reboot Shortcut,15217,01/05/2022, 16:19:06,71
RBTR00001,Reboot Shortcut,15217,01/05/2022, 17:22:30,71
RBTR00001,Reboot Shortcut,15217,01/05/2022, 18:14:55,71
RBTR00001,Reboot Shortcut,15217,01/05/2022, 19:10:49,71
RBTR00001,Reboot Shortcut,15217,01/05/2022, 20:13:34,71
RBTR00001,Reboot Shortcut,15217,01/05/2022, 21:11:30,71
RBTR00001,Reboot Shortcut,15217,01/05/2022, 22:12:25,71
RBTR00001,Reboot Shortcut,15217,01/05/2022, 23:12:46,71
RBTR00001,Reboot Shortcut,15218,01/06/2022, 00:47:01,71
RBTR00001,Reboot Shortcut,15219,01/06/2022, 02:09:51,71
RBTR00001,Reboot Shortcut,15219,01/06/2022, 03:15:40,71
RBTR00001,Reboot Shortcut,15219,01/06/2022, 04:16:19,71
RBTR00001,Reboot Shortcut,15219,01/06/2022, 05:14:05,71
RBTR00001,Reboot Shortcut,15219,01/06/2022, 06:15:29,71
RBTR00001,Reboot Shortcut,15219,01/06/2022, 07:12:31,71
RBTR00001,Reboot Shortcut,15219,01/06/2022, 08:15:54,71
RBTR00001,Reboot Shortcut,15219,01/06/2022, 09:13:10,71
RBTR00001,Reboot Shortcut,15220,01/06/2022, 10:13:54,71
RBTR00001,Reboot Shortcut,15220,01/06/2022, 11:11:08,71
RBTR00001,Reboot Shortcut,15220,01/06/2022, 12:20:50,71
RBTR00001,Reboot Shortcut,15220,01/06/2022, 13:22:09,71
RBTR00001,Reboot Shortcut,15220,01/06/2022, 14:11:46,71
RBTR00001,Reboot Shortcut,15220,01/06/2022, 15:13:03,71
RBTR00001,Reboot Shortcut,15220,01/06/2022, 16:19:09,71
RBTR00001,Reboot Shortcut,15221,01/06/2022, 17:22:31,71
RBTR00001,Reboot Shortcut,15221,01/06/2022, 18:16:01,71
RBTR00001,Reboot Shortcut,15221,01/06/2022, 19:10:52,71
RBTR00001,Reboot Shortcut,15221,01/06/2022, 20:13:01,71
RBTR00001,Reboot Shortcut,15221,01/06/2022, 21:11:20,71
RBTR00001,Reboot Shortcut,15221,01/06/2022, 22:12:41,71
RBTR00001,Reboot Shortcut,15221,01/06/2022, 23:13:08,71
RBTR00001,Reboot Shortcut,15222,01/07/2022, 00:47:01,71
RBTR00001,Reboot Shortcut,15222,01/07/2022, 02:08:56,71
RBTR00001,Reboot Shortcut,15222,01/07/2022, 03:16:02,71
RBTR00001,Reboot Shortcut,15222,01/07/2022, 04:16:32,71
RBTR00001,Reboot Shortcut,15222,01/07/2022, 05:13:27,71
RBTR00001,Reboot Shortcut,15222,01/07/2022, 06:15:28,71
RBTR00001,Reboot Shortcut,15222,01/07/2022, 07:12:10,71
RBTR00001,Reboot Shortcut,15222,01/07/2022, 08:15:25,71
RBTR00001,Reboot Shortcut,15222,01/07/2022, 09:12:59,71
RBTR00001,Reboot Shortcut,15222,01/07/2022, 10:14:05,71
RBTR00001,Reboot Shortcut,15223,01/07/2022, 11:10:52,71
RBTR00001,Reboot Shortcut,15225,01/07/2022, 12:20:27,71
RBTR00001,Reboot Shortcut,15226,01/07/2022, 13:21:27,71
RBTR00001,Reboot Shortcut,15226,01/07/2022, 14:11:55,71
RBTR00001,Reboot Shortcut,15226,01/07/2022, 15:13:59,71
RBTR00001,Reboot Shortcut,15226,01/07/2022, 16:19:13,71
RBTR00001,Reboot Shortcut,15227,01/07/2022, 17:22:20,71
RBTR00001,Reboot Shortcut,15227,01/07/2022, 18:14:50,71
RBTR00001,Reboot Shortcut,15227,01/07/2022, 19:09:06,71
RBTR00001,Reboot Shortcut,15227,01/07/2022, 20:13:56,71
RBTR00001,Reboot Shortcut,15227,01/07/2022, 21:11:12,71
RBTR00001,Reboot Shortcut,15228,01/07/2022, 22:12:29,71
RBTR00001,Reboot Shortcut,15228,01/07/2022, 23:13:03,71
RBTR00001,Reboot Shortcut,15228,01/08/2022, 00:43:12,71
RBTR00001,Reboot Shortcut,15228,01/08/2022, 02:02:03,71
RBTR00001,Reboot Shortcut,15228,01/08/2022, 03:14:56,71
RBTR00001,Reboot Shortcut,15228,01/08/2022, 04:16:08,71
RBTR00001,Reboot Shortcut,15228,01/08/2022, 05:13:07,71
RBTR00001,Reboot Shortcut,15228,01/08/2022, 06:14:59,71
RBTR00001,Reboot Shortcut,15228,01/08/2022, 07:12:08,71
RBTR00001,Reboot Shortcut,15228,01/08/2022, 08:15:03,71
RBTR00001,Reboot Shortcut,15228,01/08/2022, 09:12:33,71
RBTR00001,Reboot Shortcut,15228,01/08/2022, 10:13:23,71
RBTR00001,Reboot Shortcut,15228,01/08/2022, 11:10:31,71
RBTR00001,Reboot Shortcut,15228,01/08/2022, 12:19:21,71
RBTR00001,Reboot Shortcut,15228,01/08/2022, 13:20:08,71
RBTR00001,Reboot Shortcut,15229,01/08/2022, 14:11:09,71
RBTR00001,Reboot Shortcut,15229,01/08/2022, 15:12:29,71
RBTR00001,Reboot Shortcut,15229,01/08/2022, 16:18:11,71
RBTR00001,Reboot Shortcut,15229,01/08/2022, 17:20:26,71
RBTR00001,Reboot Shortcut,15229,01/08/2022, 18:14:17,71
RBTR00001,Reboot Shortcut,15229,01/08/2022, 19:10:26,71
RBTR00001,Reboot Shortcut,15229,01/08/2022, 20:13:05,71
RBTR00001,Reboot Shortcut,15230,01/08/2022, 22:14:20,71
RBTR00001,Reboot Shortcut,15232,01/08/2022, 23:12:12,71
RBTR00001,Reboot Shortcut,15232,01/09/2022, 00:45:25,71
RBTR00001,Reboot Shortcut,15232,01/09/2022, 02:06:35,71
RBTR00001,Reboot Shortcut,15232,01/09/2022, 03:14:19,71
RBTR00001,Reboot Shortcut,15232,01/09/2022, 04:16:16,71
RBTR00001,Reboot Shortcut,15232,01/09/2022, 05:13:18,71
RBTR00001,Reboot Shortcut,15233,01/09/2022, 06:14:59,71
RBTR00001,Reboot Shortcut,15234,01/09/2022, 07:12:03,71
RBTR00001,Reboot Shortcut,15234,01/09/2022, 08:15:04,71
RBTR00001,Reboot Shortcut,15235,01/09/2022, 09:12:34,71
RBTR00001,Reboot Shortcut,15235,01/09/2022, 10:13:13,71
RBTR00001,Reboot Shortcut,15235,01/09/2022, 11:10:14,71
RBTR00001,Reboot Shortcut,15235,01/09/2022, 12:19:29,71
RBTR00001,Reboot Shortcut,15235,01/09/2022, 13:20:16,71
RBTR00001,Reboot Shortcut,15235,01/09/2022, 14:11:04,71
RBTR00001,Reboot Shortcut,15235,01/09/2022, 15:12:15,71
RBTR00001,Reboot Shortcut,15235,01/09/2022, 16:18:24,71
RBTR00001,Reboot Shortcut,15235,01/09/2022, 17:20:37,71
RBTR00001,Reboot Shortcut,15235,01/09/2022, 18:14:08,71
RBTR00001,Reboot Shortcut,15235,01/09/2022, 19:10:25,71
RBTR00001,Reboot Shortcut,15235,01/09/2022, 20:13:21,71
RBTR00001,Reboot Shortcut,15235,01/09/2022, 21:10:48,71
RBTR00001,Reboot Shortcut,15235,01/09/2022, 22:11:57,71
RBTR00001,Reboot Shortcut,15235,01/09/2022, 23:12:48,71
RBTR00001,Reboot Shortcut,15235,01/10/2022, 00:42:30,71
RBTR00001,Reboot Shortcut,15235,01/10/2022, 02:03:08,71
RBTR00001,Reboot Shortcut,15235,01/10/2022, 03:14:48,71
RBTR00001,Reboot Shortcut,15235,01/10/2022, 04:16:35,71
RBTR00001,Reboot Shortcut,15235,01/10/2022, 05:14:18,71
RBTR00001,Reboot Shortcut,15235,01/10/2022, 06:15:59,71
RBTR00001,Reboot Shortcut,15235,01/10/2022, 07:12:35,71
RBTR00001,Reboot Shortcut,15235,01/10/2022, 08:16:02,71
RBTR00001,Reboot Shortcut,15235,01/10/2022, 09:13:31,71
RBTR00001,Reboot Shortcut,15235,01/10/2022, 10:14:35,71
RBTR00001,Reboot Shortcut,15235,01/10/2022, 11:10:53,71
RBTR00001,Reboot Shortcut,15235,01/10/2022, 12:20:31,71
RBTR00001,Reboot Shortcut,15235,01/10/2022, 13:22:46,71
RBTR00001,Reboot Shortcut,15235,01/10/2022, 14:12:00,71
RBTR00001,Reboot Shortcut,15235,01/10/2022, 15:13:30,71
RBTR00001,Reboot Shortcut,15235,01/10/2022, 16:22:07,71
RBTR00001,Reboot Shortcut,15235,01/10/2022, 17:23:04,71
RBTR00001,Reboot Shortcut,15235,01/10/2022, 18:15:00,71
RBTR00001,Reboot Shortcut,15235,01/10/2022, 19:10:40,71
RBTR00001,Reboot Shortcut,15235,01/10/2022, 20:11:50,71
RBTR00001,Reboot Shortcut,15235,01/10/2022, 21:11:31,71
RBTR00001,Reboot Shortcut,15235,01/10/2022, 22:11:01,71
RBTR00001,Reboot Shortcut,15235,01/10/2022, 23:13:25,71
RBTR00001,Reboot Shortcut,15235,01/11/2022, 00:46:03,71
RBTR00001,Reboot Shortcut,15235,01/11/2022, 02:04:30,71
RBTR00001,Reboot Shortcut,15235,01/11/2022, 03:15:33,71
RBTR00001,Reboot Shortcut,15236,01/11/2022, 04:16:15,71
RBTR00001,Reboot Shortcut,15236,01/11/2022, 05:13:16,71
RBTR00001,Reboot Shortcut,15237,01/11/2022, 06:15:31,71
RBTR00001,Reboot Shortcut,15238,01/11/2022, 07:12:54,71
RBTR00001,Reboot Shortcut,15238,01/11/2022, 08:15:43,71
RBTR00001,Reboot Shortcut,15238,01/11/2022, 09:13:26,71
RBTR00001,Reboot Shortcut,15238,01/11/2022, 10:19:10,71
RBTR00001,Reboot Shortcut,15239,01/11/2022, 11:12:47,71
RBTR00001,Reboot Shortcut,15239,01/11/2022, 12:20:05,71
RBTR00001,Reboot Shortcut,15239,01/11/2022, 13:21:35,71
RBTR00001,Reboot Shortcut,15240,01/11/2022, 14:12:30,71
RBTR00001,Reboot Shortcut,15240,01/11/2022, 15:14:37,71
RBTR00001,Reboot Shortcut,15240,01/11/2022, 16:24:55,71
RBTR00001,Reboot Shortcut,15241,01/11/2022, 17:23:54,71
RBTR00001,Reboot Shortcut,15241,01/11/2022, 18:15:26,71
RBTR00001,Reboot Shortcut,15241,01/11/2022, 19:10:54,71
RBTR00001,Reboot Shortcut,15241,01/11/2022, 20:12:59,71
RBTR00001,Reboot Shortcut,15241,01/11/2022, 21:11:44,71
RBTR00001,Reboot Shortcut,15242,01/11/2022, 22:12:28,71
RBTR00001,Reboot Shortcut,15242,01/11/2022, 23:13:02,71
RBTR00001,Reboot Shortcut,15243,01/12/2022, 00:44:14,71
RBTR00001,Reboot Shortcut,15243,01/12/2022, 02:03:40,71
RBTR00001,Reboot Shortcut,15243,01/12/2022, 03:15:11,71
RBTR00001,Reboot Shortcut,15244,01/12/2022, 04:16:23,71
RBTR00001,Reboot Shortcut,15244,01/12/2022, 05:13:46,71
RBTR00001,Reboot Shortcut,15244,01/12/2022, 06:15:43,71
RBTR00001,Reboot Shortcut,15245,01/12/2022, 07:12:26,71
RBTR00001,Reboot Shortcut,15245,01/12/2022, 08:15:52,71
RBTR00001,Reboot Shortcut,15245,01/12/2022, 09:12:41,71
RBTR00001,Reboot Shortcut,15245,01/12/2022, 10:14:33,71
RBTR00001,Reboot Shortcut,15245,01/12/2022, 11:11:36,71
RBTR00001,Reboot Shortcut,15245,01/12/2022, 12:20:46,71
RBTR00001,Reboot Shortcut,15245,01/12/2022, 13:22:01,71
RBTR00001,Reboot Shortcut,15245,01/12/2022, 14:17:08,71
RBTR00001,Reboot Shortcut,15245,01/12/2022, 15:18:10,71
RBTR00001,Reboot Shortcut,15245,01/12/2022, 16:23:15,71
RBTR00001,Reboot Shortcut,15245,01/12/2022, 17:19:22,71
RBTR00001,Reboot Shortcut,15245,01/12/2022, 18:15:07,71
RBTR00001,Reboot Shortcut,15245,01/12/2022, 19:10:58,71
RBTR00001,Reboot Shortcut,15245,01/12/2022, 20:13:49,71
RBTR00001,Reboot Shortcut,15245,01/12/2022, 21:11:14,71
RBTR00001,Reboot Shortcut,15246,01/12/2022, 22:12:43,71
RBTR00001,Reboot Shortcut,15246,01/12/2022, 23:12:53,71
RBTR00001,Reboot Shortcut,15246,01/13/2022, 00:46:30,71
RBTR00001,Reboot Shortcut,15247,01/13/2022, 02:06:37,71
RBTR00001,Reboot Shortcut,15247,01/13/2022, 03:15:04,71
RBTR00001,Reboot Shortcut,15247,01/13/2022, 04:16:33,71
RBTR00001,Reboot Shortcut,15248,01/13/2022, 05:14:00,71
RBTR00001,Reboot Shortcut,15248,01/13/2022, 06:15:35,71
RBTR00001,Reboot Shortcut,15248,01/13/2022, 07:12:40,71
RBTR00001,Reboot Shortcut,15249,01/13/2022, 08:20:25,71
RBTR00001,Reboot Shortcut,15249,01/13/2022, 09:13:26,71
RBTR00001,Reboot Shortcut,15249,01/13/2022, 10:15:12,71
RBTR00001,Reboot Shortcut,15249,01/13/2022, 11:11:10,71
RBTR00001,Reboot Shortcut,15250,01/13/2022, 12:20:44,71
RBTR00001,Reboot Shortcut,15250,01/13/2022, 13:22:32,71
RBTR00001,Reboot Shortcut,15250,01/13/2022, 14:17:05,71
RBTR00001,Reboot Shortcut,15250,01/13/2022, 15:18:06,71
RBTR00001,Reboot Shortcut,15250,01/13/2022, 16:21:21,71
RBTR00001,Reboot Shortcut,15250,01/13/2022, 17:23:22,71
RBTR00001,Reboot Shortcut,15250,01/13/2022, 18:14:54,71
RBTR00001,Reboot Shortcut,15250,01/13/2022, 19:10:36,71
RBTR00001,Reboot Shortcut,15252,01/13/2022, 20:13:43,71
RBTR00001,Reboot Shortcut,15252,01/13/2022, 21:11:29,71
RBTR00001,Reboot Shortcut,15252,01/13/2022, 22:12:38,71
RBTR00001,Reboot Shortcut,15253,01/13/2022, 23:13:03,71
RBTR00001,Reboot Shortcut,15253,01/14/2022, 00:45:28,71
RBTR00001,Reboot Shortcut,15253,01/14/2022, 02:05:07,71
RBTR00001,Reboot Shortcut,15253,01/14/2022, 03:14:46,71
RBTR00001,Reboot Shortcut,15254,01/14/2022, 04:16:30,71
RBTR00001,Reboot Shortcut,15254,01/14/2022, 05:13:58,71
RBTR00001,Reboot Shortcut,15254,01/14/2022, 06:15:50,71
RBTR00001,Reboot Shortcut,15256,01/14/2022, 07:12:18,71
RBTR00001,Reboot Shortcut,15256,01/14/2022, 08:16:01,71
RBTR00001,Reboot Shortcut,15257,01/14/2022, 09:13:21,71
RBTR00001,Reboot Shortcut,15257,01/14/2022, 10:13:59,71
RBTR00001,Reboot Shortcut,15257,01/14/2022, 11:11:02,71
RBTR00001,Reboot Shortcut,15258,01/14/2022, 12:20:22,71
RBTR00001,Reboot Shortcut,15258,01/14/2022, 13:22:09,71
RBTR00001,Reboot Shortcut,15259,01/14/2022, 14:12:23,71
RBTR00001,Reboot Shortcut,15260,01/14/2022, 15:13:58,71
RBTR00001,Reboot Shortcut,15260,01/14/2022, 16:16:11,71
RBTR00001,Reboot Shortcut,15260,01/14/2022, 17:20:58,71
RBTR00001,Reboot Shortcut,15260,01/14/2022, 18:15:18,71
RBTR00001,Reboot Shortcut,15260,01/14/2022, 19:13:35,71
RBTR00001,Reboot Shortcut,15260,01/14/2022, 20:13:49,71
RBTR00001,Reboot Shortcut,15261,01/14/2022, 21:11:17,71
RBTR00001,Reboot Shortcut,15261,01/14/2022, 22:12:41,71
RBTR00001,Reboot Shortcut,15261,01/14/2022, 23:12:59,71
RBTR00001,Reboot Shortcut,15261,01/15/2022, 00:43:03,71
RBTR00001,Reboot Shortcut,15262,01/15/2022, 02:02:21,71
RBTR00001,Reboot Shortcut,15262,01/15/2022, 03:15:27,71
RBTR00001,Reboot Shortcut,15263,01/15/2022, 04:16:33,71
RBTR00001,Reboot Shortcut,15263,01/15/2022, 05:13:26,71
RBTR00001,Reboot Shortcut,15263,01/15/2022, 06:15:02,71
RBTR00001,Reboot Shortcut,15263,01/15/2022, 07:12:14,71
RBTR00001,Reboot Shortcut,15263,01/15/2022, 08:15:33,71
RBTR00001,Reboot Shortcut,15263,01/15/2022, 09:12:50,71
RBTR00001,Reboot Shortcut,15264,01/15/2022, 10:13:28,71
RBTR00001,Reboot Shortcut,15265,01/15/2022, 11:10:18,71
RBTR00001,Reboot Shortcut,15265,01/15/2022, 12:19:44,71
RBTR00001,Reboot Shortcut,15265,01/15/2022, 13:20:38,71
RBTR00001,Reboot Shortcut,15266,01/15/2022, 14:11:39,71
RBTR00001,Reboot Shortcut,15267,01/15/2022, 15:12:52,71
RBTR00001,Reboot Shortcut,15267,01/15/2022, 16:18:14,71
RBTR00001,Reboot Shortcut,15267,01/15/2022, 17:20:32,71
RBTR00001,Reboot Shortcut,15267,01/15/2022, 18:14:31,71
RBTR00001,Reboot Shortcut,15267,01/15/2022, 19:10:16,71
RBTR00001,Reboot Shortcut,15268,01/15/2022, 20:13:00,71
RBTR00001,Reboot Shortcut,15268,01/15/2022, 21:11:01,71
RBTR00001,Reboot Shortcut,15269,01/15/2022, 22:12:05,71
RBTR00001,Reboot Shortcut,15269,01/15/2022, 23:12:16,71
RBTR00001,Reboot Shortcut,15269,01/16/2022, 00:46:23,71
RBTR00001,Reboot Shortcut,15270,01/16/2022, 02:07:36,71
RBTR00001,Reboot Shortcut,15271,01/16/2022, 03:15:21,71
RBTR00001,Reboot Shortcut,15272,01/16/2022, 04:16:19,71
RBTR00001,Reboot Shortcut,15273,01/16/2022, 05:13:15,71
RBTR00001,Reboot Shortcut,15275,01/16/2022, 06:15:12,71
RBTR00001,Reboot Shortcut,15276,01/16/2022, 07:12:24,71
RBTR00001,Reboot Shortcut,15276,01/16/2022, 08:15:04,71
RBTR00001,Reboot Shortcut,15276,01/16/2022, 09:12:32,71
RBTR00001,Reboot Shortcut,15276,01/16/2022, 10:13:25,71
RBTR00001,Reboot Shortcut,15277,01/16/2022, 11:10:25,71
RBTR00001,Reboot Shortcut,15277,01/16/2022, 12:19:36,71
RBTR00001,Reboot Shortcut,15277,01/16/2022, 13:20:30,71
RBTR00001,Reboot Shortcut,15277,01/16/2022, 14:11:26,71
RBTR00001,Reboot Shortcut,15277,01/16/2022, 15:12:49,71
RBTR00001,Reboot Shortcut,15277,01/16/2022, 16:18:20,71
RBTR00001,Reboot Shortcut,15277,01/16/2022, 17:20:37,71
RBTR00001,Reboot Shortcut,15277,01/16/2022, 18:14:24,71
RBTR00001,Reboot Shortcut,15277,01/16/2022, 19:10:27,71
RBTR00001,Reboot Shortcut,15278,01/16/2022, 20:13:23,71
RBTR00001,Reboot Shortcut,15278,01/16/2022, 21:10:46,71
RBTR00001,Reboot Shortcut,15280,01/16/2022, 22:12:06,71
RBTR00001,Reboot Shortcut,15281,01/16/2022, 23:12:23,71
RBTR00001,Reboot Shortcut,15281,01/17/2022, 00:44:05,71
RBTR00001,Reboot Shortcut,15281,01/17/2022, 02:05:07,71
RBTR00001,Reboot Shortcut,15281,01/17/2022, 03:15:22,71
RBTR00001,Reboot Shortcut,15281,01/17/2022, 04:16:42,71
RBTR00001,Reboot Shortcut,15281,01/17/2022, 05:14:26,71
RBTR00001,Reboot Shortcut,15281,01/17/2022, 06:16:08,71
RBTR00001,Reboot Shortcut,15281,01/17/2022, 07:12:48,71
RBTR00001,Reboot Shortcut,15281,01/17/2022, 08:16:42,71
RBTR00001,Reboot Shortcut,15281,01/17/2022, 09:18:30,71
RBTR00001,Reboot Shortcut,15281,01/17/2022, 10:19:03,71
RBTR00001,Reboot Shortcut,15281,01/17/2022, 11:13:59,71
RBTR00001,Reboot Shortcut,15281,01/17/2022, 12:23:48,71
RBTR00001,Reboot Shortcut,15282,01/17/2022, 13:23:11,71
RBTR00001,Reboot Shortcut,15282,01/17/2022, 14:12:15,71
RBTR00001,Reboot Shortcut,15282,01/17/2022, 15:13:24,71
RBTR00001,Reboot Shortcut,15282,01/17/2022, 16:19:31,71
RBTR00001,Reboot Shortcut,15282,01/17/2022, 17:22:48,71
RBTR00001,Reboot Shortcut,15282,01/17/2022, 18:15:08,71
RBTR00001,Reboot Shortcut,15282,01/17/2022, 19:10:46,71
RBTR00001,Reboot Shortcut,15282,01/17/2022, 20:13:45,71
RBTR00001,Reboot Shortcut,15282,01/17/2022, 21:11:43,71
RBTR00001,Reboot Shortcut,15282,01/17/2022, 22:12:41,71
RBTR00001,Reboot Shortcut,15282,01/17/2022, 23:12:54,71
RBTR00001,Reboot Shortcut,15283,01/18/2022, 00:46:09,71
RBTR00001,Reboot Shortcut,15283,01/18/2022, 02:05:46,71
RBTR00001,Reboot Shortcut,15283,01/18/2022, 03:14:55,71
RBTR00001,Reboot Shortcut,15283,01/18/2022, 04:16:49,71
RBTR00001,Reboot Shortcut,15283,01/18/2022, 05:14:26,71
RBTR00001,Reboot Shortcut,15284,01/18/2022, 06:13:51,71
RBTR00001,Reboot Shortcut,15284,01/18/2022, 07:13:10,71
RBTR00001,Reboot Shortcut,15284,01/18/2022, 08:16:14,71
RBTR00001,Reboot Shortcut,15284,01/18/2022, 09:18:08,71
RBTR00001,Reboot Shortcut,15284,01/18/2022, 10:19:13,71
RBTR00001,Reboot Shortcut,15284,01/18/2022, 11:16:13,71
RBTR00001,Reboot Shortcut,15284,01/18/2022, 12:22:27,71
RBTR00001,Reboot Shortcut,15284,01/18/2022, 13:27:07,71
RBTR00001,Reboot Shortcut,15284,01/18/2022, 14:17:12,71
RBTR00001,Reboot Shortcut,15284,01/18/2022, 15:18:07,71
RBTR00001,Reboot Shortcut,15284,01/18/2022, 16:24:09,71
RBTR00001,Reboot Shortcut,15284,01/18/2022, 17:23:34,71
RBTR00001,Reboot Shortcut,15284,01/18/2022, 18:15:21,71
RBTR00001,Reboot Shortcut,15284,01/18/2022, 19:10:44,71
RBTR00001,Reboot Shortcut,15284,01/18/2022, 20:14:00,71
RBTR00001,Reboot Shortcut,15285,01/18/2022, 21:16:03,71
RBTR00001,Reboot Shortcut,15285,01/18/2022, 22:18:01,71
RBTR00001,Reboot Shortcut,15285,01/18/2022, 23:10:54,71
RBTR00001,Reboot Shortcut,15285,01/19/2022, 00:39:56,71
RBTR00001,Reboot Shortcut,15285,01/19/2022, 01:52:39,71
RBTR00001,Reboot Shortcut,15285,01/19/2022, 02:24:32,71
RBTR00001,Reboot Shortcut,15285,01/19/2022, 03:11:52,71
RBTR00001,Reboot Shortcut,15286,01/19/2022, 04:15:00,71
RBTR00001,Reboot Shortcut,15286,01/19/2022, 05:10:45,71
RBTR00001,Reboot Shortcut,15286,01/19/2022, 06:14:10,71
RBTR00001,Reboot Shortcut,15286,01/19/2022, 07:09:35,71
RBTR00001,Reboot Shortcut,15286,01/19/2022, 08:14:05,71
RBTR00001,Reboot Shortcut,15286,01/19/2022, 09:12:49,71
RBTR00001,Reboot Shortcut,15286,01/19/2022, 10:17:01,71
RBTR00001,Reboot Shortcut,15287,01/19/2022, 11:13:33,71
RBTR00001,Reboot Shortcut,15287,01/19/2022, 12:18:20,71
RBTR00001,Reboot Shortcut,15287,01/19/2022, 13:15:37,71
RBTR00001,Reboot Shortcut,15287,01/19/2022, 14:16:12,71
RBTR00001,Reboot Shortcut,15287,01/19/2022, 15:17:06,71
RBTR00001,Reboot Shortcut,15287,01/19/2022, 16:17:50,71
RBTR00001,Reboot Shortcut,15287,01/19/2022, 17:18:07,71
RBTR00001,Reboot Shortcut,15287,01/19/2022, 18:13:49,71
RBTR00001,Reboot Shortcut,15287,01/19/2022, 19:10:38,71
RBTR00001,Reboot Shortcut,15287,01/19/2022, 20:12:34,71
RBTR00001,Reboot Shortcut,15287,01/19/2022, 21:11:13,71
RBTR00001,Reboot Shortcut,15287,01/19/2022, 22:11:53,71
RBTR00001,Reboot Shortcut,15287,01/19/2022, 23:12:09,71
RBTR00001,Reboot Shortcut,15288,01/20/2022, 00:49:19,71
RBTR00001,Reboot Shortcut,15288,01/20/2022, 02:09:22,71
RBTR00001,Reboot Shortcut,15288,01/20/2022, 03:11:23,71
RBTR00001,Reboot Shortcut,15288,01/20/2022, 04:14:49,71
RBTR00001,Reboot Shortcut,15288,01/20/2022, 05:11:37,71
RBTR00001,Reboot Shortcut,15288,01/20/2022, 06:14:05,71
RBTR00001,Reboot Shortcut,15288,01/20/2022, 07:11:53,71
RBTR00001,Reboot Shortcut,15288,01/20/2022, 08:14:25,71
RBTR00001,Reboot Shortcut,15289,01/20/2022, 09:13:12,71
RBTR00001,Reboot Shortcut,15291,01/20/2022, 10:14:12,71
RBTR00001,Reboot Shortcut,15291,01/20/2022, 11:12:46,71
RBTR00001,Reboot Shortcut,15291,01/20/2022, 12:19:07,71
RBTR00001,Reboot Shortcut,15291,01/20/2022, 13:15:44,71
RBTR00001,Reboot Shortcut,15292,01/20/2022, 14:16:18,71
RBTR00001,Reboot Shortcut,15293,01/20/2022, 15:17:08,71
RBTR00001,Reboot Shortcut,15293,01/20/2022, 16:18:06,71
RBTR00001,Reboot Shortcut,15293,01/20/2022, 17:20:10,71
RBTR00001,Reboot Shortcut,15293,01/20/2022, 18:13:39,71
RBTR00001,Reboot Shortcut,15293,01/20/2022, 19:09:34,71
RBTR00001,Reboot Shortcut,15293,01/20/2022, 20:13:03,71
RBTR00001,Reboot Shortcut,15293,01/20/2022, 21:10:30,71
RBTR00001,Reboot Shortcut,15293,01/20/2022, 22:11:22,71
RBTR00001,Reboot Shortcut,15293,01/20/2022, 23:11:36,71
RBTR00001,Reboot Shortcut,15293,01/21/2022, 00:40:01,71
RBTR00001,Reboot Shortcut,15293,01/21/2022, 01:55:38,71
RBTR00001,Reboot Shortcut,15293,01/21/2022, 02:27:17,71
RBTR00001,Reboot Shortcut,15293,01/21/2022, 03:12:00,71
RBTR00001,Reboot Shortcut,15293,01/21/2022, 04:16:58,71
RBTR00001,Reboot Shortcut,15293,01/21/2022, 05:10:31,71
RBTR00001,Reboot Shortcut,15293,01/21/2022, 06:14:34,71
RBTR00001,Reboot Shortcut,15293,01/21/2022, 07:12:04,71
RBTR00001,Reboot Shortcut,15293,01/21/2022, 08:14:21,71
RBTR00001,Reboot Shortcut,15293,01/21/2022, 09:11:59,71
RBTR00001,Reboot Shortcut,15293,01/21/2022, 10:12:49,71
RBTR00001,Reboot Shortcut,15293,01/21/2022, 11:10:21,71
RBTR00001,Reboot Shortcut,15293,01/21/2022, 12:18:51,71
RBTR00001,Reboot Shortcut,15293,01/21/2022, 13:15:20,71
RBTR00001,Reboot Shortcut,15293,01/21/2022, 14:11:06,71
RBTR00001,Reboot Shortcut,15293,01/21/2022, 15:14:13,71
RBTR00001,Reboot Shortcut,15293,01/21/2022, 16:17:47,71
RBTR00001,Reboot Shortcut,15293,01/21/2022, 17:15:03,71
RBTR00001,Reboot Shortcut,15293,01/21/2022, 18:13:54,71
RBTR00001,Reboot Shortcut,15293,01/21/2022, 19:10:19,71
RBTR00001,Reboot Shortcut,15293,01/21/2022, 20:12:07,71
RBTR00001,Reboot Shortcut,15293,01/21/2022, 21:09:05,71
RBTR00001,Reboot Shortcut,15293,01/21/2022, 22:11:48,71
RBTR00001,Reboot Shortcut,15293,01/21/2022, 23:11:51,71
RBTR00001,Reboot Shortcut,15293,01/22/2022, 00:39:56,71
RBTR00001,Reboot Shortcut,15293,01/22/2022, 01:51:07,71
RBTR00001,Reboot Shortcut,15293,01/22/2022, 02:25:36,71
RBTR00001,Reboot Shortcut,15293,01/22/2022, 03:11:46,71
RBTR00001,Reboot Shortcut,15293,01/22/2022, 04:14:39,71
RBTR00001,Reboot Shortcut,15293,01/22/2022, 05:10:25,71
RBTR00001,Reboot Shortcut,15293,01/22/2022, 06:13:41,71
RBTR00001,Reboot Shortcut,15293,01/22/2022, 07:10:51,71
RBTR00001,Reboot Shortcut,15293,01/22/2022, 08:13:36,71
RBTR00001,Reboot Shortcut,15293,01/22/2022, 09:11:22,71
RBTR00001,Reboot Shortcut,15293,01/22/2022, 10:12:29,71
RBTR00001,Reboot Shortcut,15293,01/22/2022, 11:09:56,71
RBTR00001,Reboot Shortcut,15293,01/22/2022, 12:17:40,71
RBTR00001,Reboot Shortcut,15293,01/22/2022, 13:13:14,71
RBTR00001,Reboot Shortcut,15293,01/22/2022, 14:10:11,71
RBTR00001,Reboot Shortcut,15293,01/22/2022, 15:11:46,71
RBTR00001,Reboot Shortcut,15293,01/22/2022, 16:16:13,71
RBTR00001,Reboot Shortcut,15295,01/22/2022, 17:13:20,71
RBTR00001,Reboot Shortcut,15295,01/22/2022, 18:13:03,71
RBTR00001,Reboot Shortcut,15295,01/22/2022, 19:09:45,71
RBTR00001,Reboot Shortcut,15296,01/22/2022, 20:11:55,71
RBTR00001,Reboot Shortcut,15296,01/22/2022, 21:09:50,71
RBTR00001,Reboot Shortcut,15296,01/22/2022, 22:11:05,71
RBTR00001,Reboot Shortcut,15296,01/22/2022, 23:11:14,71
RBTR00001,Reboot Shortcut,15296,01/23/2022, 00:40:52,71
RBTR00001,Reboot Shortcut,15296,01/23/2022, 01:54:04,71
RBTR00001,Reboot Shortcut,15296,01/23/2022, 02:25:42,71
RBTR00001,Reboot Shortcut,15296,01/23/2022, 03:12:19,71
RBTR00001,Reboot Shortcut,15298,01/23/2022, 04:14:27,71
RBTR00001,Reboot Shortcut,15298,01/23/2022, 05:10:33,71
RBTR00001,Reboot Shortcut,15298,01/23/2022, 06:14:09,71
RBTR00001,Reboot Shortcut,15298,01/23/2022, 07:12:07,71
RBTR00001,Reboot Shortcut,15298,01/23/2022, 08:13:12,71
RBTR00001,Reboot Shortcut,15298,01/23/2022, 09:11:04,71
RBTR00001,Reboot Shortcut,15298,01/23/2022, 10:12:38,71
RBTR00001,Reboot Shortcut,15298,01/23/2022, 11:09:53,71
RBTR00001,Reboot Shortcut,15298,01/23/2022, 12:18:16,71
RBTR00001,Reboot Shortcut,15298,01/23/2022, 13:13:48,71
RBTR00001,Reboot Shortcut,15298,01/23/2022, 14:10:42,71
RBTR00001,Reboot Shortcut,15298,01/23/2022, 15:13:12,71
RBTR00001,Reboot Shortcut,15298,01/23/2022, 16:16:16,71
RBTR00001,Reboot Shortcut,15298,01/23/2022, 17:13:34,71
RBTR00001,Reboot Shortcut,15299,01/23/2022, 18:12:54,71
RBTR00001,Reboot Shortcut,15299,01/23/2022, 19:09:18,71
RBTR00001,Reboot Shortcut,15300,01/23/2022, 20:12:20,71
RBTR00001,Reboot Shortcut,15300,01/23/2022, 21:10:40,71
RBTR00001,Reboot Shortcut,15300,01/23/2022, 22:11:41,71
RBTR00001,Reboot Shortcut,15300,01/23/2022, 23:11:23,71
RBTR00001,Reboot Shortcut,15300,01/24/2022, 00:40:46,71
RBTR00001,Reboot Shortcut,15300,01/24/2022, 02:00:39,71
RBTR00001,Reboot Shortcut,15300,01/24/2022, 02:37:49,71
RBTR00001,Reboot Shortcut,15300,01/24/2022, 03:14:49,71
RBTR00001,Reboot Shortcut,15300,01/24/2022, 04:15:13,71
RBTR00001,Reboot Shortcut,15300,01/24/2022, 05:11:48,71
RBTR00001,Reboot Shortcut,15302,01/24/2022, 06:17:25,71
RBTR00001,Reboot Shortcut,15302,01/24/2022, 07:18:18,71
RBTR00001,Reboot Shortcut,15303,01/24/2022, 08:14:30,71
RBTR00001,Reboot Shortcut,15303,01/24/2022, 09:11:30,71
RBTR00001,Reboot Shortcut,15303,01/24/2022, 10:13:05,71
RBTR00001,Reboot Shortcut,15303,01/24/2022, 11:13:01,71
RBTR00001,Reboot Shortcut,15303,01/24/2022, 12:18:32,71
RBTR00001,Reboot Shortcut,15303,01/24/2022, 13:16:06,71
RBTR00001,Reboot Shortcut,15303,01/24/2022, 14:11:16,71
RBTR00001,Reboot Shortcut,15303,01/24/2022, 15:17:18,71
RBTR00001,Reboot Shortcut,15303,01/24/2022, 16:22:05,71
RBTR00001,Reboot Shortcut,15303,01/24/2022, 17:21:04,71
RBTR00001,Reboot Shortcut,15303,01/24/2022, 18:11:57,71
RBTR00001,Reboot Shortcut,15304,01/24/2022, 19:10:04,71
RBTR00001,Reboot Shortcut,15304,01/24/2022, 20:12:24,71
RBTR00001,Reboot Shortcut,15304,01/24/2022, 21:09:31,71
RBTR00001,Reboot Shortcut,15304,01/24/2022, 22:11:54,71
RBTR00001,Reboot Shortcut,15306,01/24/2022, 23:11:39,71
RBTR00001,Reboot Shortcut,15306,01/25/2022, 00:45:35,71
RBTR00001,Reboot Shortcut,15306,01/25/2022, 02:01:24,71
RBTR00001,Reboot Shortcut,15306,01/25/2022, 03:12:39,71
RBTR00001,Reboot Shortcut,15306,01/25/2022, 04:15:05,71
RBTR00001,Reboot Shortcut,15306,01/25/2022, 05:11:01,71
RBTR00001,Reboot Shortcut,15306,01/25/2022, 06:14:17,71
RBTR00001,Reboot Shortcut,15306,01/25/2022, 07:12:02,71
RBTR00001,Reboot Shortcut,15306,01/25/2022, 08:14:35,71
RBTR00001,Reboot Shortcut,15306,01/25/2022, 09:12:53,71
RBTR00001,Reboot Shortcut,15306,01/25/2022, 10:18:07,71
RBTR00001,Reboot Shortcut,15306,01/25/2022, 11:10:48,71
RBTR00001,Reboot Shortcut,15306,01/25/2022, 12:19:22,71
RBTR00001,Reboot Shortcut,15307,01/25/2022, 13:20:13,71
RBTR00001,Reboot Shortcut,15307,01/25/2022, 14:16:12,71
RBTR00001,Reboot Shortcut,15307,01/25/2022, 15:17:11,71
RBTR00001,Reboot Shortcut,15307,01/25/2022, 16:22:12,71
RBTR00001,Reboot Shortcut,15307,01/25/2022, 17:20:15,71
RBTR00001,Reboot Shortcut,15307,01/25/2022, 18:15:19,71
RBTR00001,Reboot Shortcut,15307,01/25/2022, 19:10:47,71
RBTR00001,Reboot Shortcut,15307,01/25/2022, 20:12:24,71
RBTR00001,Reboot Shortcut,15307,01/25/2022, 21:11:57,71
RBTR00001,Reboot Shortcut,15307,01/25/2022, 22:11:49,71
RBTR00001,Reboot Shortcut,15307,01/25/2022, 23:13:03,71
RBTR00001,Reboot Shortcut,15307,01/26/2022, 00:46:51,71
RBTR00001,Reboot Shortcut,15307,01/26/2022, 02:02:43,71
RBTR00001,Reboot Shortcut,15307,01/26/2022, 03:11:50,71
RBTR00001,Reboot Shortcut,15308,01/26/2022, 04:14:38,71
RBTR00001,Reboot Shortcut,15308,01/26/2022, 05:11:04,71
RBTR00001,Reboot Shortcut,15308,01/26/2022, 06:14:25,71
RBTR00001,Reboot Shortcut,15308,01/26/2022, 07:11:38,71
RBTR00001,Reboot Shortcut,15308,01/26/2022, 08:13:54,71
RBTR00001,Reboot Shortcut,15308,01/26/2022, 09:17:16,71
RBTR00001,Reboot Shortcut,15308,01/26/2022, 10:18:07,71
RBTR00001,Reboot Shortcut,15308,01/26/2022, 11:15:06,71
RBTR00001,Reboot Shortcut,15308,01/26/2022, 12:20:36,71
RBTR00001,Reboot Shortcut,15308,01/26/2022, 13:16:23,71
RBTR00001,Reboot Shortcut,15308,01/26/2022, 14:16:18,71
RBTR00001,Reboot Shortcut,15308,01/26/2022, 15:17:14,71
RBTR00001,Reboot Shortcut,15308,01/26/2022, 16:21:09,71
RBTR00001,Reboot Shortcut,15308,01/26/2022, 17:15:30,71
RBTR00001,Reboot Shortcut,15309,01/26/2022, 18:17:06,71
RBTR00001,Reboot Shortcut,15309,01/26/2022, 19:10:08,71
RBTR00001,Reboot Shortcut,15309,01/26/2022, 20:12:15,71
RBTR00001,Reboot Shortcut,15309,01/26/2022, 21:11:09,71
RBTR00001,Reboot Shortcut,15309,01/26/2022, 22:11:18,71
RBTR00001,Reboot Shortcut,15309,01/26/2022, 23:12:05,71
RBTR00001,Reboot Shortcut,15309,01/27/2022, 00:42:39,71
RBTR00001,Reboot Shortcut,15309,01/27/2022, 01:55:31,71
RBTR00001,Reboot Shortcut,15309,01/27/2022, 02:26:12,71
RBTR00001,Reboot Shortcut,15309,01/27/2022, 03:12:23,71
RBTR00001,Reboot Shortcut,15309,01/27/2022, 04:14:44,71
RBTR00001,Reboot Shortcut,15309,01/27/2022, 05:11:47,71
RBTR00001,Reboot Shortcut,15309,01/27/2022, 06:14:37,71
RBTR00001,Reboot Shortcut,15309,01/27/2022, 07:12:00,71
RBTR00001,Reboot Shortcut,15309,01/27/2022, 08:14:34,71
RBTR00001,Reboot Shortcut,15309,01/27/2022, 09:12:20,71
RBTR00001,Reboot Shortcut,15309,01/27/2022, 10:12:57,71
RBTR00001,Reboot Shortcut,15309,01/27/2022, 11:12:52,71
RBTR00001,Reboot Shortcut,15309,01/27/2022, 12:19:02,71
RBTR00001,Reboot Shortcut,15309,01/27/2022, 13:19:26,71
RBTR00001,Reboot Shortcut,15309,01/27/2022, 14:16:08,71
RBTR00001,Reboot Shortcut,15310,01/27/2022, 15:17:21,71
RBTR00001,Reboot Shortcut,15310,01/27/2022, 16:22:14,71
RBTR00001,Reboot Shortcut,15310,01/27/2022, 17:17:32,71
RBTR00001,Reboot Shortcut,15310,01/27/2022, 18:19:12,71
RBTR00001,Reboot Shortcut,15310,01/27/2022, 19:09:31,71
RBTR00001,Reboot Shortcut,15310,01/27/2022, 20:11:53,71
RBTR00001,Reboot Shortcut,15310,01/27/2022, 21:10:50,71
RBTR00001,Reboot Shortcut,15311,01/27/2022, 22:11:22,71
RBTR00001,Reboot Shortcut,15311,01/27/2022, 23:12:13,71
RBTR00001,Reboot Shortcut,15311,01/28/2022, 00:41:19,71
RBTR00001,Reboot Shortcut,15312,01/28/2022, 01:55:31,71
RBTR00001,Reboot Shortcut,15312,01/28/2022, 02:28:51,71
RBTR00001,Reboot Shortcut,15312,01/28/2022, 03:11:56,71
RBTR00001,Reboot Shortcut,15313,01/28/2022, 04:15:27,71
RBTR00001,Reboot Shortcut,15314,01/28/2022, 05:10:56,71
RBTR00001,Reboot Shortcut,15314,01/28/2022, 06:14:39,71
RBTR00001,Reboot Shortcut,15314,01/28/2022, 07:11:34,71
RBTR00001,Reboot Shortcut,15314,01/28/2022, 08:14:14,71
RBTR00001,Reboot Shortcut,15314,01/28/2022, 09:12:54,71
RBTR00001,Reboot Shortcut,15314,01/28/2022, 10:13:27,71
RBTR00001,Reboot Shortcut,15314,01/28/2022, 11:10:44,71
RBTR00001,Reboot Shortcut,15314,01/28/2022, 12:20:23,71
RBTR00001,Reboot Shortcut,15314,01/28/2022, 13:14:48,71
RBTR00001,Reboot Shortcut,15315,01/28/2022, 14:12:13,71
RBTR00001,Reboot Shortcut,15315,01/28/2022, 15:14:06,71
RBTR00001,Reboot Shortcut,15315,01/28/2022, 16:19:59,71
RBTR00001,Reboot Shortcut,15315,01/28/2022, 17:14:33,71
RBTR00001,Reboot Shortcut,15315,01/28/2022, 18:13:36,71
RBTR00001,Reboot Shortcut,15315,01/28/2022, 19:09:45,71
RBTR00001,Reboot Shortcut,15316,01/28/2022, 20:12:20,71
RBTR00001,Reboot Shortcut,15317,01/28/2022, 21:10:16,71
RBTR00001,Reboot Shortcut,15317,01/28/2022, 22:11:17,71
RBTR00001,Reboot Shortcut,15317,01/28/2022, 23:12:13,71
RBTR00001,Reboot Shortcut,15317,01/29/2022, 00:38:26,71
RBTR00001,Reboot Shortcut,15317,01/29/2022, 01:48:51,71
RBTR00001,Reboot Shortcut,15317,01/29/2022, 02:21:57,71
RBTR00001,Reboot Shortcut,15319,01/29/2022, 03:11:57,71
RBTR00001,Reboot Shortcut,15320,01/29/2022, 04:14:33,71
RBTR00001,Reboot Shortcut,15320,01/29/2022, 05:10:43,71
RBTR00001,Reboot Shortcut,15320,01/29/2022, 06:13:50,71
RBTR00001,Reboot Shortcut,15321,01/29/2022, 07:11:41,71
RBTR00001,Reboot Shortcut,15321,01/29/2022, 08:13:35,71
RBTR00001,Reboot Shortcut,15321,01/29/2022, 09:11:46,71
RBTR00001,Reboot Shortcut,15321,01/29/2022, 10:12:03,71
RBTR00001,Reboot Shortcut,15321,01/29/2022, 11:10:27,71
RBTR00001,Reboot Shortcut,15322,01/29/2022, 12:17:16,71
RBTR00001,Reboot Shortcut,15322,01/29/2022, 13:13:13,71
RBTR00001,Reboot Shortcut,15322,01/29/2022, 14:10:12,71
RBTR00001,Reboot Shortcut,15322,01/29/2022, 15:11:18,71
RBTR00001,Reboot Shortcut,15322,01/29/2022, 16:16:05,71
RBTR00001,Reboot Shortcut,15322,01/29/2022, 17:17:31,71
RBTR00001,Reboot Shortcut,15322,01/29/2022, 18:17:05,71
RBTR00001,Reboot Shortcut,15322,01/29/2022, 19:11:22,71
RBTR00001,Reboot Shortcut,15322,01/29/2022, 20:12:17,71
RBTR00001,Reboot Shortcut,15322,01/29/2022, 21:09:33,71
RBTR00001,Reboot Shortcut,15322,01/29/2022, 22:11:10,71
RBTR00001,Reboot Shortcut,15322,01/29/2022, 23:10:57,71
RBTR00001,Reboot Shortcut,15322,01/30/2022, 00:41:46,71
RBTR00001,Reboot Shortcut,15322,01/30/2022, 01:54:22,71
RBTR00001,Reboot Shortcut,15322,01/30/2022, 02:25:04,71
RBTR00001,Reboot Shortcut,15322,01/30/2022, 03:11:51,71
RBTR00001,Reboot Shortcut,15322,01/30/2022, 04:14:31,71
RBTR00001,Reboot Shortcut,15322,01/30/2022, 05:10:16,71
RBTR00001,Reboot Shortcut,15322,01/30/2022, 06:13:32,71
RBTR00001,Reboot Shortcut,15322,01/30/2022, 07:11:23,71
RBTR00001,Reboot Shortcut,15322,01/30/2022, 08:13:09,71
RBTR00001,Reboot Shortcut,15322,01/30/2022, 09:11:05,71
RBTR00001,Reboot Shortcut,15322,01/30/2022, 10:11:53,71
RBTR00001,Reboot Shortcut,15323,01/30/2022, 11:09:28,71
RBTR00001,Reboot Shortcut,15324,01/30/2022, 12:17:13,71
RBTR00001,Reboot Shortcut,15324,01/30/2022, 13:12:50,71
RBTR00001,Reboot Shortcut,15324,01/30/2022, 14:10:35,71
RBTR00001,Reboot Shortcut,15326,01/30/2022, 15:11:06,71
RBTR00001,Reboot Shortcut,15326,01/30/2022, 16:16:00,71
RBTR00001,Reboot Shortcut,15326,01/30/2022, 17:12:26,71
RBTR00001,Reboot Shortcut,15326,01/30/2022, 18:13:02,71
RBTR00001,Reboot Shortcut,15326,01/30/2022, 19:09:06,71
RBTR00001,Reboot Shortcut,15326,01/30/2022, 20:12:25,71
RBTR00001,Reboot Shortcut,15327,01/30/2022, 21:09:48,71
RBTR00001,Reboot Shortcut,15327,01/30/2022, 22:11:04,71
RBTR00001,Reboot Shortcut,15327,01/30/2022, 23:11:35,71
RBTR00001,Reboot Shortcut,15327,01/31/2022, 00:40:45,71
RBTR00001,Reboot Shortcut,15328,01/31/2022, 01:52:39,71
RBTR00001,Reboot Shortcut,15328,01/31/2022, 02:24:34,71
RBTR00001,Reboot Shortcut,15328,01/31/2022, 03:12:17,71
RBTR00001,Reboot Shortcut,15328,01/31/2022, 04:15:01,71
RBTR00001,Reboot Shortcut,15328,01/31/2022, 05:11:03,71
RBTR00001,Reboot Shortcut,15329,01/31/2022, 06:14:20,71
RBTR00001,Reboot Shortcut,15329,01/31/2022, 07:12:16,71
RBTR00001,Reboot Shortcut,15329,01/31/2022, 08:14:31,71
RBTR00001,Reboot Shortcut,15329,01/31/2022, 09:12:25,71
RBTR00001,Reboot Shortcut,15329,01/31/2022, 10:13:47,71
RBTR00001,Reboot Shortcut,15329,01/31/2022, 11:13:20,71
RBTR00001,Reboot Shortcut,15329,01/31/2022, 12:20:52,71
RBTR00001,Reboot Shortcut,15329,01/31/2022, 13:20:05,71
RBTR00001,Reboot Shortcut,15329,01/31/2022, 14:12:56,71
RBTR00001,Reboot Shortcut,15329,01/31/2022, 15:13:06,71
RBTR00001,Reboot Shortcut,15329,01/31/2022, 16:18:15,71
RBTR00001,Reboot Shortcut,15329,01/31/2022, 17:12:50,71
RBTR00001,Reboot Shortcut,15331,01/31/2022, 18:18:18,71
RBTR00001,Reboot Shortcut,15331,01/31/2022, 19:11:57,71
RBTR00001,Reboot Shortcut,15331,01/31/2022, 20:13:16,71
RBTR00001,Reboot Shortcut,15332,01/31/2022, 21:10:01,71
RBTR00001,Reboot Shortcut,15332,01/31/2022, 22:11:11,71
RBTR00001,Reboot Shortcut,15332,01/31/2022, 23:12:14,71
RBTR00001,Reboot Shortcut,15332,02/01/2022, 00:43:19,71
RBTR00001,Reboot Shortcut,15332,02/01/2022, 01:58:25,71
RBTR00001,Reboot Shortcut,15333,02/01/2022, 02:31:27,71
RBTR00001,Reboot Shortcut,15333,02/01/2022, 03:11:59,71
RBTR00001,Reboot Shortcut,15333,02/01/2022, 04:14:43,71
RBTR00001,Reboot Shortcut,15333,02/01/2022, 05:11:30,71
RBTR00001,Reboot Shortcut,15333,02/01/2022, 06:14:23,71
RBTR00001,Reboot Shortcut,15333,02/01/2022, 07:11:48,71
RBTR00001,Reboot Shortcut,15333,02/01/2022, 08:14:31,71
RBTR00001,Reboot Shortcut,15333,02/01/2022, 09:12:36,71
RBTR00001,Reboot Shortcut,15333,02/01/2022, 10:18:01,71
RBTR00001,Reboot Shortcut,15333,02/01/2022, 11:15:12,71
RBTR00001,Reboot Shortcut,15333,02/01/2022, 12:19:01,71
RBTR00001,Reboot Shortcut,15333,02/01/2022, 13:18:48,71
RBTR00001,Reboot Shortcut,15333,02/01/2022, 14:16:09,71
RBTR00001,Reboot Shortcut,15334,02/01/2022, 15:17:18,71
RBTR00001,Reboot Shortcut,15334,02/01/2022, 16:23:09,71
RBTR00001,Reboot Shortcut,15334,02/01/2022, 17:17:43,71
RBTR00001,Reboot Shortcut,15334,02/01/2022, 18:15:45,71
RBTR00001,Reboot Shortcut,15334,02/01/2022, 19:12:54,71
RBTR00001,Reboot Shortcut,15334,02/01/2022, 20:12:24,71
RBTR00001,Reboot Shortcut,15334,02/01/2022, 21:10:31,71
RBTR00001,Reboot Shortcut,15334,02/01/2022, 22:11:17,71
RBTR00001,Reboot Shortcut,15334,02/01/2022, 23:12:10,71
RBTR00001,Reboot Shortcut,15334,02/02/2022, 00:43:47,71
RBTR00001,Reboot Shortcut,15334,02/02/2022, 01:56:08,71
RBTR00001,Reboot Shortcut,15334,02/02/2022, 02:26:25,71
RBTR00001,Reboot Shortcut,15334,02/02/2022, 03:11:59,71
RBTR00001,Reboot Shortcut,15334,02/02/2022, 04:14:36,71
RBTR00001,Reboot Shortcut,15334,02/02/2022, 05:11:23,71
RBTR00001,Reboot Shortcut,15334,02/02/2022, 06:14:20,71
RBTR00001,Reboot Shortcut,15334,02/02/2022, 07:11:35,71
RBTR00001,Reboot Shortcut,15334,02/02/2022, 08:14:08,71
RBTR00001,Reboot Shortcut,15334,02/02/2022, 09:11:47,71
RBTR00001,Reboot Shortcut,15334,02/02/2022, 10:13:09,71
RBTR00001,Reboot Shortcut,15334,02/02/2022, 11:13:23,71
RBTR00001,Reboot Shortcut,15335,02/02/2022, 12:18:17,71
RBTR00001,Reboot Shortcut,15335,02/02/2022, 13:17:55,71
RBTR00001,Reboot Shortcut,15335,02/02/2022, 14:16:16,71
RBTR00001,Reboot Shortcut,15335,02/02/2022, 15:16:43,71
RBTR00001,Reboot Shortcut,15336,02/02/2022, 16:21:54,71
RBTR00001,Reboot Shortcut,15336,02/02/2022, 17:18:35,71
RBTR00001,Reboot Shortcut,15336,02/02/2022, 18:14:01,71
RBTR00001,Reboot Shortcut,15336,02/02/2022, 19:10:13,71
RBTR00001,Reboot Shortcut,15336,02/02/2022, 20:13:01,71
RBTR00001,Reboot Shortcut,15336,02/02/2022, 21:11:19,71
RBTR00001,Reboot Shortcut,15337,02/02/2022, 22:11:26,71
RBTR00001,Reboot Shortcut,15337,02/02/2022, 23:12:15,71
RBTR00001,Reboot Shortcut,15337,02/03/2022, 00:40:45,71
RBTR00001,Reboot Shortcut,15338,02/03/2022, 01:52:15,71
RBTR00001,Reboot Shortcut,15338,02/03/2022, 02:23:46,71
RBTR00001,Reboot Shortcut,15338,02/03/2022, 03:12:51,71
RBTR00001,Reboot Shortcut,15338,02/03/2022, 04:14:39,71
RBTR00001,Reboot Shortcut,15338,02/03/2022, 05:11:33,71
RBTR00001,Reboot Shortcut,15338,02/03/2022, 06:14:42,71
RBTR00001,Reboot Shortcut,15339,02/03/2022, 07:11:57,71
RBTR00001,Reboot Shortcut,15340,02/03/2022, 08:16:12,71
RBTR00001,Reboot Shortcut,15340,02/03/2022, 09:12:32,71
RBTR00001,Reboot Shortcut,15340,02/03/2022, 10:12:34,71
RBTR00001,Reboot Shortcut,15340,02/03/2022, 11:12:32,71
RBTR00001,Reboot Shortcut,15340,02/03/2022, 12:18:33,71
RBTR00001,Reboot Shortcut,15340,02/03/2022, 13:15:22,71
RBTR00001,Reboot Shortcut,15340,02/03/2022, 14:16:07,71
RBTR00001,Reboot Shortcut,15340,02/03/2022, 15:14:07,71
RBTR00001,Reboot Shortcut,15340,02/03/2022, 16:22:11,71
RBTR00001,Reboot Shortcut,15341,02/03/2022, 17:18:53,71
RBTR00001,Reboot Shortcut,15341,02/03/2022, 18:15:46,71
RBTR00001,Reboot Shortcut,15341,02/03/2022, 19:10:33,71
RBTR00001,Reboot Shortcut,15341,02/03/2022, 20:13:32,71
RBTR00001,Reboot Shortcut,15341,02/03/2022, 21:10:34,71
RBTR00001,Reboot Shortcut,15342,02/03/2022, 22:11:09,71
RBTR00001,Reboot Shortcut,15342,02/03/2022, 23:10:21,71
RBTR00001,Reboot Shortcut,15343,02/04/2022, 00:42:15,71
RBTR00001,Reboot Shortcut,15343,02/04/2022, 01:45:16,71
RBTR00001,Reboot Shortcut,15343,02/04/2022, 02:13:38,71
RBTR00001,Reboot Shortcut,15343,02/04/2022, 03:10:54,71
RBTR00001,Reboot Shortcut,15344,02/04/2022, 04:12:36,71
RBTR00001,Reboot Shortcut,15344,02/04/2022, 05:09:43,71
RBTR00001,Reboot Shortcut,15344,02/04/2022, 06:11:52,71
RBTR00001,Reboot Shortcut,15344,02/04/2022, 07:10:12,71
RBTR00001,Reboot Shortcut,15344,02/04/2022, 08:12:28,71
RBTR00001,Reboot Shortcut,15344,02/04/2022, 09:10:58,71
RBTR00001,Reboot Shortcut,15344,02/04/2022, 10:11:50,71
RBTR00001,Reboot Shortcut,15344,02/04/2022, 11:08:23,71
RBTR00001,Reboot Shortcut,15344,02/04/2022, 12:16:36,71
RBTR00001,Reboot Shortcut,15344,02/04/2022, 13:11:05,71
RBTR00001,Reboot Shortcut,15345,02/04/2022, 14:09:49,71
RBTR00001,Reboot Shortcut,15345,02/04/2022, 15:13:24,71
RBTR00001,Reboot Shortcut,15345,02/04/2022, 16:18:22,71
RBTR00001,Reboot Shortcut,15345,02/04/2022, 17:09:43,71
RBTR00001,Reboot Shortcut,15345,02/04/2022, 18:11:28,71
RBTR00001,Reboot Shortcut,15345,02/04/2022, 19:08:53,71
RBTR00001,Reboot Shortcut,15345,02/04/2022, 20:10:38,71
RBTR00001,Reboot Shortcut,15345,02/04/2022, 21:09:28,71
RBTR00001,Reboot Shortcut,15345,02/04/2022, 22:10:06,71
RBTR00001,Reboot Shortcut,15346,02/04/2022, 23:10:54,71
RBTR00001,Reboot Shortcut,15346,02/05/2022, 00:36:23,71
RBTR00001,Reboot Shortcut,15346,02/05/2022, 01:36:04,71
RBTR00001,Reboot Shortcut,15346,02/05/2022, 02:12:50,71
RBTR00001,Reboot Shortcut,15346,02/05/2022, 03:11:03,71
RBTR00001,Reboot Shortcut,15346,02/05/2022, 04:13:05,71
RBTR00001,Reboot Shortcut,15346,02/05/2022, 05:09:38,71
RBTR00001,Reboot Shortcut,15346,02/05/2022, 06:11:45,71
RBTR00001,Reboot Shortcut,15347,02/05/2022, 07:10:13,71
RBTR00001,Reboot Shortcut,15348,02/05/2022, 08:11:35,71
RBTR00001,Reboot Shortcut,15348,02/05/2022, 09:10:26,71
RBTR00001,Reboot Shortcut,15349,02/05/2022, 10:10:28,71
RBTR00001,Reboot Shortcut,15349,02/05/2022, 11:09:29,71
RBTR00001,Reboot Shortcut,15349,02/05/2022, 12:14:14,71
RBTR00001,Reboot Shortcut,15349,02/05/2022, 13:09:59,71
RBTR00001,Reboot Shortcut,15349,02/05/2022, 14:09:10,71
RBTR00001,Reboot Shortcut,15350,02/05/2022, 15:09:42,71
RBTR00001,Reboot Shortcut,15350,02/05/2022, 16:13:17,71
RBTR00001,Reboot Shortcut,15350,02/05/2022, 17:10:48,71
RBTR00001,Reboot Shortcut,15350,02/05/2022, 18:11:05,71
RBTR00001,Reboot Shortcut,15350,02/05/2022, 19:09:14,71
RBTR00001,Reboot Shortcut,15350,02/05/2022, 20:10:17,71
RBTR00001,Reboot Shortcut,15352,02/05/2022, 21:09:09,71
RBTR00001,Reboot Shortcut,15352,02/05/2022, 22:14:35,71
RBTR00001,Reboot Shortcut,15352,02/05/2022, 23:19:45,71
RBTR00001,Reboot Shortcut,15352,02/06/2022, 00:52:09,71
RBTR00001,Reboot Shortcut,15352,02/06/2022, 02:07:51,71
RBTR00001,Reboot Shortcut,15353,02/06/2022, 03:11:24,71
RBTR00001,Reboot Shortcut,15353,02/06/2022, 04:15:07,71
RBTR00001,Reboot Shortcut,15353,02/06/2022, 05:10:34,71
RBTR00001,Reboot Shortcut,15353,02/06/2022, 06:13:48,71
RBTR00001,Reboot Shortcut,15353,02/06/2022, 07:11:51,71
RBTR00001,Reboot Shortcut,15353,02/06/2022, 08:13:11,71
RBTR00001,Reboot Shortcut,15353,02/06/2022, 09:11:16,71
RBTR00001,Reboot Shortcut,15353,02/06/2022, 10:12:05,71
RBTR00001,Reboot Shortcut,15353,02/06/2022, 11:09:30,71
RBTR00001,Reboot Shortcut,15353,02/06/2022, 12:17:17,71
RBTR00001,Reboot Shortcut,15353,02/06/2022, 13:12:55,71
RBTR00001,Reboot Shortcut,15354,02/06/2022, 14:10:38,71
RBTR00001,Reboot Shortcut,15354,02/06/2022, 15:11:06,71
RBTR00001,Reboot Shortcut,15354,02/06/2022, 16:15:55,71
RBTR00001,Reboot Shortcut,15354,02/06/2022, 17:12:03,71
RBTR00001,Reboot Shortcut,15354,02/06/2022, 18:12:52,71
RBTR00001,Reboot Shortcut,15354,02/06/2022, 19:09:03,71
RBTR00001,Reboot Shortcut,15354,02/06/2022, 20:11:46,71
RBTR00001,Reboot Shortcut,15354,02/06/2022, 21:10:55,71
RBTR00001,Reboot Shortcut,15355,02/06/2022, 22:11:11,71
RBTR00001,Reboot Shortcut,15355,02/06/2022, 23:11:21,71
RBTR00001,Reboot Shortcut,15357,02/07/2022, 00:42:34,71
RBTR00001,Reboot Shortcut,15357,02/07/2022, 01:54:58,71
RBTR00001,Reboot Shortcut,15357,02/07/2022, 02:26:19,71
RBTR00001,Reboot Shortcut,15357,02/07/2022, 03:12:11,71
RBTR00001,Reboot Shortcut,15358,02/07/2022, 04:15:15,71
RBTR00001,Reboot Shortcut,15359,02/07/2022, 05:11:20,71
RBTR00001,Reboot Shortcut,15359,02/07/2022, 06:14:23,71
RBTR00001,Reboot Shortcut,15359,02/07/2022, 07:11:43,71
RBTR00001,Reboot Shortcut,15359,02/07/2022, 08:14:41,71
RBTR00001,Reboot Shortcut,15359,02/07/2022, 10:17:16,71
RBTR00001,Reboot Shortcut,15359,02/07/2022, 11:14:13,71
RBTR00001,Reboot Shortcut,15359,02/07/2022, 12:25:33,71
RBTR00001,Reboot Shortcut,15359,02/07/2022, 13:20:41,71
RBTR00001,Reboot Shortcut,15359,02/07/2022, 14:13:08,71
RBTR00001,Reboot Shortcut,15359,02/07/2022, 15:17:18,71
RBTR00001,Reboot Shortcut,15359,02/07/2022, 16:18:42,71
RBTR00001,Reboot Shortcut,15359,02/07/2022, 17:17:30,71
RBTR00001,Reboot Shortcut,15359,02/07/2022, 18:18:20,71
RBTR00001,Reboot Shortcut,15359,02/07/2022, 19:13:23,71
RBTR00001,Reboot Shortcut,15359,02/07/2022, 20:15:08,71
RBTR00001,Reboot Shortcut,15359,02/07/2022, 21:14:26,71
RBTR00001,Reboot Shortcut,15359,02/07/2022, 22:17:17,71
RBTR00001,Reboot Shortcut,15359,02/07/2022, 23:12:30,71
RBTR00001,Reboot Shortcut,15359,02/08/2022, 00:44:04,71
RBTR00001,Reboot Shortcut,15360,02/08/2022, 01:57:11,71
RBTR00001,Reboot Shortcut,15360,02/08/2022, 02:29:15,71
RBTR00001,Reboot Shortcut,15360,02/08/2022, 03:12:04,71
RBTR00001,Reboot Shortcut,15360,02/08/2022, 04:14:37,71
RBTR00001,Reboot Shortcut,15360,02/08/2022, 05:11:04,71
RBTR00001,Reboot Shortcut,15360,02/08/2022, 06:15:09,71
RBTR00001,Reboot Shortcut,15360,02/08/2022, 07:12:00,71
RBTR00001,Reboot Shortcut,15361,02/08/2022, 08:14:37,71
RBTR00001,Reboot Shortcut,15361,02/08/2022, 09:17:24,71
RBTR00001,Reboot Shortcut,15361,02/08/2022, 10:12:56,71
RBTR00001,Reboot Shortcut,15361,02/08/2022, 11:12:38,71
RBTR00001,Reboot Shortcut,15361,02/08/2022, 12:22:31,71
RBTR00001,Reboot Shortcut,15361,02/08/2022, 13:20:15,71
RBTR00001,Reboot Shortcut,15361,02/08/2022, 14:17:25,71
RBTR00001,Reboot Shortcut,15362,02/08/2022, 15:17:42,71
RBTR00001,Reboot Shortcut,15362,02/08/2022, 16:22:13,71
RBTR00001,Reboot Shortcut,15362,02/08/2022, 17:16:22,71
RBTR00001,Reboot Shortcut,15363,02/08/2022, 18:13:07,71
RBTR00001,Reboot Shortcut,15363,02/08/2022, 19:14:29,71
RBTR00001,Reboot Shortcut,15364,02/08/2022, 20:17:18,71
RBTR00001,Reboot Shortcut,15364,02/08/2022, 21:16:59,71
RBTR00001,Reboot Shortcut,15364,02/08/2022, 22:13:02,71
RBTR00001,Reboot Shortcut,15364,02/08/2022, 23:12:29,71
RBTR00001,Reboot Shortcut,15364,02/09/2022, 00:45:34,71
RBTR00001,Reboot Shortcut,15364,02/09/2022, 02:02:00,71
RBTR00001,Reboot Shortcut,15364,02/09/2022, 03:12:08,71
RBTR00001,Reboot Shortcut,15364,02/09/2022, 04:15:05,71
RBTR00001,Reboot Shortcut,15364,02/09/2022, 05:10:55,71
RBTR00001,Reboot Shortcut,15365,02/09/2022, 06:14:35,71
RBTR00001,Reboot Shortcut,15365,02/09/2022, 07:12:15,71
RBTR00001,Reboot Shortcut,15365,02/09/2022, 08:17:02,71
RBTR00001,Reboot Shortcut,15365,02/09/2022, 09:17:14,71
RBTR00001,Reboot Shortcut,15365,02/09/2022, 10:17:22,71
RBTR00001,Reboot Shortcut,15366,02/09/2022, 11:13:47,71
RBTR00001,Reboot Shortcut,15366,02/09/2022, 12:23:09,71
RBTR00001,Reboot Shortcut,15366,02/09/2022, 13:20:23,71
RBTR00001,Reboot Shortcut,15366,02/09/2022, 14:15:15,71
RBTR00001,Reboot Shortcut,15366,02/09/2022, 15:20:10,71
RBTR00001,Reboot Shortcut,15366,02/09/2022, 16:22:22,71
RBTR00001,Reboot Shortcut,15366,02/09/2022, 17:20:18,71
RBTR00001,Reboot Shortcut,15366,02/09/2022, 18:14:04,71
RBTR00001,Reboot Shortcut,15366,02/09/2022, 19:09:52,71
RBTR00001,Reboot Shortcut,15366,02/09/2022, 20:12:27,71
RBTR00001,Reboot Shortcut,15366,02/09/2022, 21:10:36,71
RBTR00001,Reboot Shortcut,15366,02/09/2022, 22:11:37,71
RBTR00001,Reboot Shortcut,15367,02/09/2022, 23:11:54,71
RBTR00001,Reboot Shortcut,15367,02/10/2022, 00:44:37,71
RBTR00001,Reboot Shortcut,15367,02/10/2022, 01:55:31,71
RBTR00001,Reboot Shortcut,15367,02/10/2022, 02:25:41,71
RBTR00001,Reboot Shortcut,15367,02/10/2022, 03:11:58,71
RBTR00001,Reboot Shortcut,15367,02/10/2022, 04:14:49,71
RBTR00001,Reboot Shortcut,15367,02/10/2022, 05:11:34,71
RBTR00001,Reboot Shortcut,15367,02/10/2022, 06:14:15,71
RBTR00001,Reboot Shortcut,15367,02/10/2022, 07:11:27,71
RBTR00001,Reboot Shortcut,15367,02/10/2022, 08:13:54,71
RBTR00001,Reboot Shortcut,15367,02/10/2022, 09:17:24,71
RBTR00001,Reboot Shortcut,15367,02/10/2022, 10:18:03,71
RBTR00001,Reboot Shortcut,15367,02/10/2022, 11:11:35,71
RBTR00001,Reboot Shortcut,15367,02/10/2022, 12:18:23,71
RBTR00001,Reboot Shortcut,15367,02/10/2022, 13:14:49,71
RBTR00001,Reboot Shortcut,15367,02/10/2022, 14:14:09,71
RBTR00001,Reboot Shortcut,15367,02/10/2022, 15:17:13,71
RBTR00001,Reboot Shortcut,15367,02/10/2022, 16:21:11,71
RBTR00001,Reboot Shortcut,15367,02/10/2022, 17:15:51,71
RBTR00001,Reboot Shortcut,15367,02/10/2022, 18:14:52,71
RBTR00001,Reboot Shortcut,15367,02/10/2022, 19:08:11,71
RBTR00001,Reboot Shortcut,15367,02/10/2022, 20:12:16,71
RBTR00001,Reboot Shortcut,15367,02/10/2022, 21:11:41,71
RBTR00001,Reboot Shortcut,15367,02/10/2022, 22:11:16,71
RBTR00001,Reboot Shortcut,15367,02/10/2022, 23:12:20,71
RBTR00001,Reboot Shortcut,15367,02/11/2022, 00:48:14,71
RBTR00001,Reboot Shortcut,15367,02/11/2022, 01:58:54,71
RBTR00001,Reboot Shortcut,15367,02/11/2022, 02:32:48,71
RBTR00001,Reboot Shortcut,15367,02/11/2022, 03:11:58,71
RBTR00001,Reboot Shortcut,15367,02/11/2022, 04:14:40,71
RBTR00001,Reboot Shortcut,15367,02/11/2022, 05:10:53,71
RBTR00001,Reboot Shortcut,15367,02/11/2022, 06:15:07,71
RBTR00001,Reboot Shortcut,15367,02/11/2022, 07:11:14,71
RBTR00001,Reboot Shortcut,15367,02/11/2022, 08:13:47,71
RBTR00001,Reboot Shortcut,15367,02/11/2022, 09:12:24,71
RBTR00001,Reboot Shortcut,15367,02/11/2022, 10:12:43,71
RBTR00001,Reboot Shortcut,15367,02/11/2022, 11:10:24,71
RBTR00001,Reboot Shortcut,15367,02/11/2022, 12:17:46,71
RBTR00001,Reboot Shortcut,15367,02/11/2022, 13:14:02,71
RBTR00001,Reboot Shortcut,15367,02/11/2022, 14:13:00,71
RBTR00001,Reboot Shortcut,15368,02/11/2022, 15:16:18,71
RBTR00001,Reboot Shortcut,15368,02/11/2022, 16:21:13,71
RBTR00001,Reboot Shortcut,15368,02/11/2022, 17:14:34,71
RBTR00001,Reboot Shortcut,15368,02/11/2022, 18:13:37,71
RBTR00001,Reboot Shortcut,15368,02/11/2022, 19:09:34,71
RBTR00001,Reboot Shortcut,15368,02/11/2022, 20:12:26,71
RBTR00001,Reboot Shortcut,15368,02/11/2022, 21:10:51,71
RBTR00001,Reboot Shortcut,15368,02/11/2022, 22:11:03,71
RBTR00001,Reboot Shortcut,15368,02/11/2022, 23:11:45,71
RBTR00001,Reboot Shortcut,15368,02/12/2022, 00:46:34,71
RBTR00001,Reboot Shortcut,15368,02/12/2022, 02:00:56,71
RBTR00001,Reboot Shortcut,15368,02/12/2022, 02:43:06,71
RBTR00001,Reboot Shortcut,15368,02/12/2022, 03:11:30,71
RBTR00001,Reboot Shortcut,15368,02/12/2022, 04:15:19,71
RBTR00001,Reboot Shortcut,15368,02/12/2022, 05:10:29,71
RBTR00001,Reboot Shortcut,15368,02/12/2022, 06:13:33,71
RBTR00001,Reboot Shortcut,15368,02/12/2022, 07:10:52,71
RBTR00001,Reboot Shortcut,15368,02/12/2022, 08:13:56,71
RBTR00001,Reboot Shortcut,15368,02/12/2022, 09:12:36,71
RBTR00001,Reboot Shortcut,15368,02/12/2022, 10:11:43,71
RBTR00001,Reboot Shortcut,15368,02/12/2022, 11:10:07,71
RBTR00001,Reboot Shortcut,15368,02/12/2022, 12:17:39,71
RBTR00001,Reboot Shortcut,15368,02/12/2022, 13:12:32,71
RBTR00001,Reboot Shortcut,15368,02/12/2022, 14:10:13,71
RBTR00001,Reboot Shortcut,15368,02/12/2022, 15:11:08,71
RBTR00001,Reboot Shortcut,15368,02/12/2022, 16:15:50,71
RBTR00001,Reboot Shortcut,15368,02/12/2022, 17:10:48,71
RBTR00001,Reboot Shortcut,15368,02/12/2022, 18:13:33,71
RBTR00001,Reboot Shortcut,15368,02/12/2022, 19:09:13,71
RBTR00001,Reboot Shortcut,15368,02/12/2022, 20:12:12,71
RBTR00001,Reboot Shortcut,15368,02/12/2022, 21:09:42,71
RBTR00001,Reboot Shortcut,15368,02/12/2022, 22:10:46,71
RBTR00001,Reboot Shortcut,15368,02/12/2022, 23:11:43,71
RBTR00001,Reboot Shortcut,15368,02/13/2022, 00:47:01,71
RBTR00001,Reboot Shortcut,15368,02/13/2022, 01:59:33,71
RBTR00001,Reboot Shortcut,15368,02/13/2022, 02:33:44,71
RBTR00001,Reboot Shortcut,15368,02/13/2022, 03:12:00,71
RBTR00001,Reboot Shortcut,15368,02/13/2022, 04:14:47,71
RBTR00001,Reboot Shortcut,15369,02/13/2022, 05:10:22,71
RBTR00001,Reboot Shortcut,15369,02/13/2022, 06:13:29,71
RBTR00001,Reboot Shortcut,15369,02/13/2022, 07:11:27,71
RBTR00001,Reboot Shortcut,15369,02/13/2022, 08:13:51,71
RBTR00001,Reboot Shortcut,15369,02/13/2022, 09:12:11,71
RBTR00001,Reboot Shortcut,15369,02/13/2022, 10:12:02,71
RBTR00001,Reboot Shortcut,15369,02/13/2022, 11:09:45,71
RBTR00001,Reboot Shortcut,15370,02/13/2022, 12:17:12,71
RBTR00001,Reboot Shortcut,15370,02/13/2022, 13:12:38,71
RBTR00001,Reboot Shortcut,15370,02/13/2022, 14:10:21,71
RBTR00001,Reboot Shortcut,15371,02/13/2022, 15:12:20,71
RBTR00001,Reboot Shortcut,15371,02/13/2022, 16:16:10,71
RBTR00001,Reboot Shortcut,15371,02/13/2022, 17:10:48,71
RBTR00001,Reboot Shortcut,15371,02/13/2022, 18:13:08,71
RBTR00001,Reboot Shortcut,15372,02/13/2022, 19:09:12,71
RBTR00001,Reboot Shortcut,15373,02/13/2022, 20:12:17,71
RBTR00001,Reboot Shortcut,15373,02/13/2022, 21:10:17,71
RBTR00001,Reboot Shortcut,15374,02/13/2022, 22:12:16,71
RBTR00001,Reboot Shortcut,15374,02/13/2022, 23:11:53,71
RBTR00001,Reboot Shortcut,15376,02/14/2022, 00:42:02,71
RBTR00001,Reboot Shortcut,15376,02/14/2022, 01:53:00,71
RBTR00001,Reboot Shortcut,15376,02/14/2022, 02:22:57,71
RBTR00001,Reboot Shortcut,15376,02/14/2022, 03:12:20,71
RBTR00001,Reboot Shortcut,15376,02/14/2022, 04:14:49,71
RBTR00001,Reboot Shortcut,15376,02/14/2022, 05:11:46,71
RBTR00001,Reboot Shortcut,15376,02/14/2022, 06:14:32,71
RBTR00001,Reboot Shortcut,15376,02/14/2022, 07:12:17,71
RBTR00001,Reboot Shortcut,15376,02/14/2022, 08:14:48,71
RBTR00001,Reboot Shortcut,15376,02/14/2022, 09:14:16,71
RBTR00001,Reboot Shortcut,15376,02/14/2022, 10:17:15,71
RBTR00001,Reboot Shortcut,15376,02/14/2022, 11:12:26,71
RBTR00001,Reboot Shortcut,15376,02/14/2022, 12:20:01,71
RBTR00001,Reboot Shortcut,15376,02/14/2022, 13:19:13,71
RBTR00001,Reboot Shortcut,15377,02/14/2022, 14:12:51,71
RBTR00001,Reboot Shortcut,15377,02/14/2022, 15:17:20,71
RBTR00001,Reboot Shortcut,15377,02/14/2022, 16:19:34,71
RBTR00001,Reboot Shortcut,15377,02/14/2022, 17:16:09,71
RBTR00001,Reboot Shortcut,15377,02/14/2022, 18:18:23,71
RBTR00001,Reboot Shortcut,15377,02/14/2022, 19:13:21,71
RBTR00001,Reboot Shortcut,15377,02/14/2022, 20:12:47,71
RBTR00001,Reboot Shortcut,15377,02/14/2022, 21:10:56,71
RBTR00001,Reboot Shortcut,15378,02/14/2022, 22:11:20,71
RBTR00001,Reboot Shortcut,15378,02/14/2022, 23:12:02,71
RBTR00001,Reboot Shortcut,15378,02/15/2022, 03:12:37,71
RBTR00001,Reboot Shortcut,15378,02/15/2022, 04:15:13,71
RBTR00001,Reboot Shortcut,15379,02/15/2022, 05:11:48,71
RBTR00001,Reboot Shortcut,15379,02/15/2022, 06:14:39,71
RBTR00001,Reboot Shortcut,15379,02/15/2022, 07:11:30,71
RBTR00001,Reboot Shortcut,15379,02/15/2022, 08:14:23,71
RBTR00001,Reboot Shortcut,15379,02/15/2022, 09:12:18,71
RBTR00001,Reboot Shortcut,15379,02/15/2022, 10:13:05,71
RBTR00001,Reboot Shortcut,15379,02/15/2022, 11:12:58,71
RBTR00001,Reboot Shortcut,15379,02/15/2022, 12:19:33,71
RBTR00001,Reboot Shortcut,15379,02/15/2022, 13:21:30,71
RBTR00001,Reboot Shortcut,15379,02/15/2022, 14:11:40,71
RBTR00001,Reboot Shortcut,15379,02/15/2022, 15:16:37,71
RBTR00001,Reboot Shortcut,15379,02/15/2022, 16:17:20,71
RBTR00001,Reboot Shortcut,15379,02/15/2022, 17:16:16,71
RBTR00001,Reboot Shortcut,15379,02/15/2022, 18:17:33,71
RBTR00001,Reboot Shortcut,15379,02/15/2022, 19:09:50,71
RBTR00001,Reboot Shortcut,15379,02/15/2022, 20:12:46,71
RBTR00001,Reboot Shortcut,15379,02/15/2022, 21:10:18,71
RBTR00001,Reboot Shortcut,15379,02/15/2022, 22:12:24,71
RBTR00001,Reboot Shortcut,15379,02/15/2022, 23:12:42,71
RBTR00001,Reboot Shortcut,15379,02/16/2022, 00:45:04,71
RBTR00001,Reboot Shortcut,15379,02/16/2022, 02:03:51,71
RBTR00001,Reboot Shortcut,15380,02/16/2022, 03:13:03,71
RBTR00001,Reboot Shortcut,15380,02/16/2022, 04:15:19,71
RBTR00001,Reboot Shortcut,15380,02/16/2022, 05:11:10,71
RBTR00001,Reboot Shortcut,15380,02/16/2022, 06:14:37,71
RBTR00001,Reboot Shortcut,15380,02/16/2022, 07:11:44,71
RBTR00001,Reboot Shortcut,15380,02/16/2022, 08:14:23,71
RBTR00001,Reboot Shortcut,15380,02/16/2022, 09:13:17,71
RBTR00001,Reboot Shortcut,15380,02/16/2022, 10:13:43,71
RBTR00001,Reboot Shortcut,15380,02/16/2022, 11:13:07,71
RBTR00001,Reboot Shortcut,15380,02/16/2022, 12:18:37,71
RBTR00001,Reboot Shortcut,15380,02/16/2022, 13:17:47,71
RBTR00001,Reboot Shortcut,15381,02/16/2022, 14:12:53,71
RBTR00001,Reboot Shortcut,15381,02/16/2022, 15:17:11,71
RBTR00001,Reboot Shortcut,15381,02/16/2022, 16:15:32,71
RBTR00001,Reboot Shortcut,15381,02/16/2022, 17:14:42,71
RBTR00001,Reboot Shortcut,15381,02/16/2022, 18:14:29,71
RBTR00001,Reboot Shortcut,15381,02/16/2022, 19:11:01,71
RBTR00001,Reboot Shortcut,15381,02/16/2022, 20:12:08,71
RBTR00001,Reboot Shortcut,15381,02/16/2022, 21:11:20,71
RBTR00001,Reboot Shortcut,15381,02/16/2022, 22:11:44,71
RBTR00001,Reboot Shortcut,15381,02/16/2022, 23:12:19,71
RBTR00001,Reboot Shortcut,15381,02/17/2022, 00:40:32,71
RBTR00001,Reboot Shortcut,15382,02/17/2022, 01:51:00,71
RBTR00001,Reboot Shortcut,15382,02/17/2022, 02:21:31,71
RBTR00001,Reboot Shortcut,15382,02/17/2022, 03:13:21,71
RBTR00001,Reboot Shortcut,15382,02/17/2022, 04:15:27,71
RBTR00001,Reboot Shortcut,15382,02/17/2022, 05:11:11,71
RBTR00001,Reboot Shortcut,15382,02/17/2022, 06:15:30,71
RBTR00001,Reboot Shortcut,15382,02/17/2022, 07:12:11,71
RBTR00001,Reboot Shortcut,15382,02/17/2022, 08:14:06,71
RBTR00001,Reboot Shortcut,15382,02/17/2022, 09:16:15,71
RBTR00001,Reboot Shortcut,15383,02/17/2022, 10:13:35,71
RBTR00001,Reboot Shortcut,15383,02/17/2022, 11:10:04,71
RBTR00001,Reboot Shortcut,15383,02/17/2022, 12:18:58,71
RBTR00001,Reboot Shortcut,15383,02/17/2022, 13:19:01,71
RBTR00001,Reboot Shortcut,15383,02/17/2022, 14:17:55,71
RBTR00001,Reboot Shortcut,15383,02/17/2022, 15:18:19,71
RBTR00001,Reboot Shortcut,15383,02/17/2022, 16:21:12,71
RBTR00001,Reboot Shortcut,15383,02/17/2022, 17:18:15,71
RBTR00001,Reboot Shortcut,15384,02/17/2022, 18:14:50,71
RBTR00001,Reboot Shortcut,15384,02/17/2022, 19:10:15,71
RBTR00001,Reboot Shortcut,15384,02/17/2022, 20:11:31,71
RBTR00001,Reboot Shortcut,15385,02/17/2022, 21:12:42,71
RBTR00001,Reboot Shortcut,15385,02/17/2022, 22:12:27,71
RBTR00001,Reboot Shortcut,15385,02/17/2022, 23:12:44,71
RBTR00001,Reboot Shortcut,15386,02/18/2022, 00:50:42,71
RBTR00001,Reboot Shortcut,15386,02/18/2022, 02:02:13,71
RBTR00001,Reboot Shortcut,15386,02/18/2022, 03:12:54,71
RBTR00001,Reboot Shortcut,15386,02/18/2022, 04:15:57,71
RBTR00001,Reboot Shortcut,15386,02/18/2022, 05:11:25,71
RBTR00001,Reboot Shortcut,15386,02/18/2022, 06:15:43,71
RBTR00001,Reboot Shortcut,15386,02/18/2022, 07:12:26,71
RBTR00001,Reboot Shortcut,15386,02/18/2022, 08:14:35,71
RBTR00001,Reboot Shortcut,15387,02/18/2022, 09:12:27,71
RBTR00001,Reboot Shortcut,15388,02/18/2022, 10:14:08,71
RBTR00001,Reboot Shortcut,15388,02/18/2022, 11:10:29,71
RBTR00001,Reboot Shortcut,15388,02/18/2022, 12:19:52,71
RBTR00001,Reboot Shortcut,15388,02/18/2022, 13:15:39,71
RBTR00001,Reboot Shortcut,15388,02/18/2022, 14:16:09,71
RBTR00001,Reboot Shortcut,15389,02/18/2022, 15:17:10,71
RBTR00001,Reboot Shortcut,15389,02/18/2022, 16:17:58,71
RBTR00001,Reboot Shortcut,15389,02/18/2022, 17:12:47,71
RBTR00001,Reboot Shortcut,15389,02/18/2022, 18:14:29,71
RBTR00001,Reboot Shortcut,15389,02/18/2022, 19:10:10,71
RBTR00001,Reboot Shortcut,15390,02/18/2022, 20:12:57,71
RBTR00001,Reboot Shortcut,15390,02/18/2022, 21:11:35,71
RBTR00001,Reboot Shortcut,15390,02/18/2022, 22:13:05,71
RBTR00001,Reboot Shortcut,15390,02/18/2022, 23:13:16,71
RBTR00001,Reboot Shortcut,15390,02/19/2022, 00:48:33,71
RBTR00001,Reboot Shortcut,15390,02/19/2022, 01:58:00,71
RBTR00001,Reboot Shortcut,15390,02/19/2022, 02:30:36,71
RBTR00001,Reboot Shortcut,15391,02/19/2022, 03:13:06,71
RBTR00001,Reboot Shortcut,15391,02/19/2022, 04:15:17,71
RBTR00001,Reboot Shortcut,15391,02/19/2022, 05:11:07,71
RBTR00001,Reboot Shortcut,15391,02/19/2022, 06:14:43,71
RBTR00001,Reboot Shortcut,15391,02/19/2022, 07:11:22,71
RBTR00001,Reboot Shortcut,15391,02/19/2022, 08:14:11,71
RBTR00001,Reboot Shortcut,15391,02/19/2022, 09:12:44,71
RBTR00001,Reboot Shortcut,15391,02/19/2022, 10:12:49,71
RBTR00001,Reboot Shortcut,15391,02/19/2022, 11:10:58,71
RBTR00001,Reboot Shortcut,15391,02/19/2022, 12:18:18,71
RBTR00001,Reboot Shortcut,15391,02/19/2022, 13:13:52,71
RBTR00001,Reboot Shortcut,15391,02/19/2022, 14:11:12,71
RBTR00001,Reboot Shortcut,15391,02/19/2022, 15:12:54,71
RBTR00001,Reboot Shortcut,15391,02/19/2022, 16:16:39,71
RBTR00001,Reboot Shortcut,15391,02/19/2022, 17:11:16,71
RBTR00001,Reboot Shortcut,15391,02/19/2022, 18:13:42,71
RBTR00001,Reboot Shortcut,15392,02/19/2022, 19:09:44,71
RBTR00001,Reboot Shortcut,15392,02/19/2022, 20:12:50,71
RBTR00001,Reboot Shortcut,15392,02/19/2022, 21:11:15,71
RBTR00001,Reboot Shortcut,15392,02/19/2022, 22:12:08,71
RBTR00001,Reboot Shortcut,15392,02/19/2022, 23:12:20,71
RBTR00001,Reboot Shortcut,15392,02/20/2022, 00:51:32,71
RBTR00001,Reboot Shortcut,15393,02/20/2022, 02:02:27,71
RBTR00001,Reboot Shortcut,15394,02/20/2022, 03:13:09,71
RBTR00001,Reboot Shortcut,15394,02/20/2022, 04:15:25,71
RBTR00001,Reboot Shortcut,15394,02/20/2022, 05:11:17,71
RBTR00001,Reboot Shortcut,15394,02/20/2022, 06:14:24,71
RBTR00001,Reboot Shortcut,15394,02/20/2022, 07:11:43,71
RBTR00001,Reboot Shortcut,15394,02/20/2022, 08:14:11,71
RBTR00001,Reboot Shortcut,15394,02/20/2022, 09:12:41,71
RBTR00001,Reboot Shortcut,15395,02/20/2022, 10:12:49,71
RBTR00001,Reboot Shortcut,15395,02/20/2022, 11:11:44,71
RBTR00001,Reboot Shortcut,15395,02/20/2022, 12:18:35,71
RBTR00001,Reboot Shortcut,15395,02/20/2022, 13:13:56,71
RBTR00001,Reboot Shortcut,15395,02/20/2022, 14:11:27,71
RBTR00001,Reboot Shortcut,15395,02/20/2022, 15:12:58,71
RBTR00001,Reboot Shortcut,15395,02/20/2022, 16:16:07,71
RBTR00001,Reboot Shortcut,15395,02/20/2022, 17:11:06,71
RBTR00001,Reboot Shortcut,15395,02/20/2022, 18:14:05,71
RBTR00001,Reboot Shortcut,15395,02/20/2022, 19:11:21,71
RBTR00001,Reboot Shortcut,15395,02/20/2022, 20:12:55,71
RBTR00001,Reboot Shortcut,15395,02/20/2022, 21:11:22,71
RBTR00001,Reboot Shortcut,15395,02/20/2022, 22:11:41,71
RBTR00001,Reboot Shortcut,15395,02/20/2022, 23:12:05,71
RBTR00001,Reboot Shortcut,15395,02/21/2022, 00:45:11,71
RBTR00001,Reboot Shortcut,15395,02/21/2022, 01:56:46,71
RBTR00001,Reboot Shortcut,15395,02/21/2022, 02:27:02,71
RBTR00001,Reboot Shortcut,15395,02/21/2022, 03:13:30,71
RBTR00001,Reboot Shortcut,15395,02/21/2022, 04:16:16,71
RBTR00001,Reboot Shortcut,15395,02/21/2022, 05:11:51,71
RBTR00001,Reboot Shortcut,15395,02/21/2022, 06:16:04,71
RBTR00001,Reboot Shortcut,15395,02/21/2022, 07:12:09,71
RBTR00001,Reboot Shortcut,15395,02/21/2022, 08:15:23,71
RBTR00001,Reboot Shortcut,15395,02/21/2022, 09:13:33,71
RBTR00001,Reboot Shortcut,15395,02/21/2022, 10:18:28,71
RBTR00001,Reboot Shortcut,15395,02/21/2022, 11:10:44,71
RBTR00001,Reboot Shortcut,15395,02/21/2022, 12:20:47,71
RBTR00001,Reboot Shortcut,15395,02/21/2022, 13:17:36,71
RBTR00001,Reboot Shortcut,15395,02/21/2022, 14:12:35,71
RBTR00001,Reboot Shortcut,15395,02/21/2022, 15:14:13,71
RBTR00001,Reboot Shortcut,15396,02/21/2022, 16:17:00,71
RBTR00001,Reboot Shortcut,15396,02/21/2022, 17:12:44,71
RBTR00001,Reboot Shortcut,15396,02/21/2022, 18:14:34,71
RBTR00001,Reboot Shortcut,15396,02/21/2022, 19:10:13,71
RBTR00001,Reboot Shortcut,15397,02/21/2022, 20:13:39,71
RBTR00001,Reboot Shortcut,15397,02/21/2022, 21:11:27,71
RBTR00001,Reboot Shortcut,15397,02/21/2022, 22:12:19,71
RBTR00001,Reboot Shortcut,15397,02/21/2022, 23:12:53,71
RBTR00001,Reboot Shortcut,15397,02/22/2022, 00:45:29,71
RBTR00001,Reboot Shortcut,15397,02/22/2022, 01:57:23,71
RBTR00001,Reboot Shortcut,15397,02/22/2022, 02:27:59,71
RBTR00001,Reboot Shortcut,15397,02/22/2022, 03:13:51,71
RBTR00001,Reboot Shortcut,15397,02/22/2022, 04:15:33,71
RBTR00001,Reboot Shortcut,15397,02/22/2022, 05:12:01,71
RBTR00001,Reboot Shortcut,15397,02/22/2022, 06:14:59,71
RBTR00001,Reboot Shortcut,15397,02/22/2022, 07:10:40,71
RBTR00001,Reboot Shortcut,15397,02/22/2022, 08:15:20,71
RBTR00001,Reboot Shortcut,15397,02/22/2022, 09:12:44,71
RBTR00001,Reboot Shortcut,15397,02/22/2022, 10:14:29,71
RBTR00001,Reboot Shortcut,15397,02/22/2022, 11:12:21,71
RBTR00001,Reboot Shortcut,15397,02/22/2022, 12:22:03,71
RBTR00001,Reboot Shortcut,15397,02/22/2022, 13:22:11,71
RBTR00001,Reboot Shortcut,15398,02/22/2022, 14:11:37,71
RBTR00001,Reboot Shortcut,15398,02/22/2022, 15:13:52,71
RBTR00001,Reboot Shortcut,15398,02/22/2022, 16:17:41,71
RBTR00001,Reboot Shortcut,15398,02/22/2022, 17:13:54,71
RBTR00001,Reboot Shortcut,15398,02/22/2022, 18:15:14,71
RBTR00001,Reboot Shortcut,15398,02/22/2022, 19:10:13,71
RBTR00001,Reboot Shortcut,15398,02/22/2022, 20:13:07,71
RBTR00001,Reboot Shortcut,15398,02/22/2022, 21:11:38,71
RBTR00001,Reboot Shortcut,15398,02/22/2022, 22:12:10,71
RBTR00001,Reboot Shortcut,15398,02/22/2022, 23:13:26,71
RBTR00001,Reboot Shortcut,15399,02/23/2022, 00:53:20,71
RBTR00001,Reboot Shortcut,15401,02/23/2022, 02:05:33,71
RBTR00001,Reboot Shortcut,15401,02/23/2022, 03:13:12,71
RBTR00001,Reboot Shortcut,15401,02/23/2022, 04:15:28,71
RBTR00001,Reboot Shortcut,15401,02/23/2022, 05:11:49,71
RBTR00001,Reboot Shortcut,15403,02/23/2022, 06:15:26,71
RBTR00001,Reboot Shortcut,15403,02/23/2022, 08:14:32,71
RBTR00001,Reboot Shortcut,15403,02/23/2022, 09:11:39,71
RBTR00001,Reboot Shortcut,15404,02/23/2022, 10:14:04,71
RBTR00001,Reboot Shortcut,15404,02/23/2022, 11:10:30,71
RBTR00001,Reboot Shortcut,15404,02/23/2022, 12:21:10,71
RBTR00001,Reboot Shortcut,15404,02/23/2022, 13:17:34,71
RBTR00001,Reboot Shortcut,15404,02/23/2022, 14:13:10,71
RBTR00001,Reboot Shortcut,15405,02/23/2022, 15:13:32,71
RBTR00001,Reboot Shortcut,15405,02/23/2022, 16:17:14,71
RBTR00001,Reboot Shortcut,15405,02/23/2022, 17:15:29,71
RBTR00001,Reboot Shortcut,15405,02/23/2022, 18:13:13,71
RBTR00001,Reboot Shortcut,15405,02/23/2022, 19:10:20,71
RBTR00001,Reboot Shortcut,15406,02/23/2022, 20:18:16,71
RBTR00001,Reboot Shortcut,15406,02/23/2022, 21:17:30,71
RBTR00001,Reboot Shortcut,15406,02/23/2022, 22:12:45,71
RBTR00001,Reboot Shortcut,15406,02/23/2022, 23:13:17,71
RBTR00001,Reboot Shortcut,15406,02/24/2022, 00:50:02,71
RBTR00001,Reboot Shortcut,15406,02/24/2022, 02:05:39,71
RBTR00001,Reboot Shortcut,15406,02/24/2022, 03:11:41,71
RBTR00001,Reboot Shortcut,15406,02/24/2022, 04:15:39,71
RBTR00001,Reboot Shortcut,15406,02/24/2022, 05:11:54,71
RBTR00001,Reboot Shortcut,15406,02/24/2022, 06:15:10,71
RBTR00001,Reboot Shortcut,15406,02/24/2022, 07:12:08,71
RBTR00001,Reboot Shortcut,15406,02/24/2022, 08:15:05,71
RBTR00001,Reboot Shortcut,15406,02/24/2022, 09:15:51,71
RBTR00001,Reboot Shortcut,15406,02/24/2022, 10:18:25,71
RBTR00001,Reboot Shortcut,15406,02/24/2022, 11:10:43,71
RBTR00001,Reboot Shortcut,15406,02/24/2022, 12:20:51,71
RBTR00001,Reboot Shortcut,15406,02/24/2022, 13:17:36,71
RBTR00001,Reboot Shortcut,15406,02/24/2022, 14:17:57,71
RBTR00001,Reboot Shortcut,15406,02/24/2022, 15:14:10,71
RBTR00001,Reboot Shortcut,15406,02/24/2022, 16:17:28,71
RBTR00001,Reboot Shortcut,15406,02/24/2022, 17:18:48,71
RBTR00001,Reboot Shortcut,15406,02/24/2022, 18:19:09,71
RBTR00001,Reboot Shortcut,15408,02/24/2022, 19:10:49,71
RBTR00001,Reboot Shortcut,15408,02/24/2022, 20:13:18,71
RBTR00001,Reboot Shortcut,15409,02/24/2022, 21:11:38,71
RBTR00001,Reboot Shortcut,15411,02/24/2022, 22:13:00,71
RBTR00001,Reboot Shortcut,15411,02/24/2022, 23:13:25,71
RBTR00001,Reboot Shortcut,15411,02/25/2022, 00:50:12,71
RBTR00001,Reboot Shortcut,15412,02/25/2022, 02:04:06,71
RBTR00001,Reboot Shortcut,15412,02/25/2022, 03:13:23,71
RBTR00001,Reboot Shortcut,15412,02/25/2022, 04:15:47,71
RBTR00001,Reboot Shortcut,15412,02/25/2022, 05:11:53,71
RBTR00001,Reboot Shortcut,15412,02/25/2022, 06:15:16,71
RBTR00001,Reboot Shortcut,15412,02/25/2022, 07:12:05,71
RBTR00001,Reboot Shortcut,15412,02/25/2022, 08:14:57,71
RBTR00001,Reboot Shortcut,15412,02/25/2022, 09:17:10,71
RBTR00001,Reboot Shortcut,15412,02/25/2022, 10:13:51,71
RBTR00001,Reboot Shortcut,15412,02/25/2022, 11:10:30,71
RBTR00001,Reboot Shortcut,15412,02/25/2022, 12:20:06,71
RBTR00001,Reboot Shortcut,15412,02/25/2022, 13:16:31,71
RBTR00001,Reboot Shortcut,15412,02/25/2022, 14:11:43,71
RBTR00001,Reboot Shortcut,15412,02/25/2022, 15:13:10,71
RBTR00001,Reboot Shortcut,15412,02/25/2022, 16:17:07,71
RBTR00001,Reboot Shortcut,15412,02/25/2022, 17:13:26,71
RBTR00001,Reboot Shortcut,15412,02/25/2022, 18:15:19,71
RBTR00001,Reboot Shortcut,15412,02/25/2022, 19:10:56,71
RBTR00001,Reboot Shortcut,15412,02/25/2022, 20:13:08,71
RBTR00001,Reboot Shortcut,15412,02/25/2022, 21:10:56,71
RBTR00001,Reboot Shortcut,15412,02/25/2022, 22:12:50,71
RBTR00001,Reboot Shortcut,15412,02/25/2022, 23:13:03,71
RBTR00001,Reboot Shortcut,15412,02/26/2022, 00:45:12,71
RBTR00001,Reboot Shortcut,15412,02/26/2022, 01:55:30,71
RBTR00001,Reboot Shortcut,15412,02/26/2022, 02:29:52,71
RBTR00001,Reboot Shortcut,15412,02/26/2022, 03:13:03,71
RBTR00001,Reboot Shortcut,15412,02/26/2022, 04:15:28,71
RBTR00001,Reboot Shortcut,15412,02/26/2022, 05:11:24,71
RBTR00001,Reboot Shortcut,15412,02/26/2022, 06:15:04,71
RBTR00001,Reboot Shortcut,15412,02/26/2022, 07:11:40,71
RBTR00001,Reboot Shortcut,15412,02/26/2022, 08:14:24,71
RBTR00001,Reboot Shortcut,15412,02/26/2022, 09:11:45,71
RBTR00001,Reboot Shortcut,15412,02/26/2022, 10:12:52,71
RBTR00001,Reboot Shortcut,15412,02/26/2022, 11:10:37,71
RBTR00001,Reboot Shortcut,15412,02/26/2022, 12:18:48,71
RBTR00001,Reboot Shortcut,15413,02/26/2022, 13:14:31,71
RBTR00001,Reboot Shortcut,15413,02/26/2022, 14:12:07,71
RBTR00001,Reboot Shortcut,15413,02/26/2022, 15:12:26,71
RBTR00001,Reboot Shortcut,15413,02/26/2022, 16:16:13,71
RBTR00001,Reboot Shortcut,15413,02/26/2022, 17:11:28,71
RBTR00001,Reboot Shortcut,15413,02/26/2022, 18:13:56,71
RBTR00001,Reboot Shortcut,15413,02/26/2022, 19:09:58,71
RBTR00001,Reboot Shortcut,15414,02/26/2022, 20:12:35,71
RBTR00001,Reboot Shortcut,15414,02/26/2022, 21:12:14,71
RBTR00001,Reboot Shortcut,15414,02/26/2022, 22:11:37,71
RBTR00001,Reboot Shortcut,15414,02/26/2022, 23:12:37,71
RBTR00001,Reboot Shortcut,15414,02/27/2022, 00:51:08,71
RBTR00001,Reboot Shortcut,15414,02/27/2022, 02:02:57,71
RBTR00001,Reboot Shortcut,15414,02/27/2022, 03:13:08,71
RBTR00001,Reboot Shortcut,15414,02/27/2022, 04:15:36,71
RBTR00001,Reboot Shortcut,15414,02/27/2022, 05:12:03,71
RBTR00001,Reboot Shortcut,15414,02/27/2022, 06:14:39,71
RBTR00001,Reboot Shortcut,15414,02/27/2022, 07:12:07,71
RBTR00001,Reboot Shortcut,15414,02/27/2022, 08:14:09,71
RBTR00001,Reboot Shortcut,15414,02/27/2022, 09:12:13,71
RBTR00001,Reboot Shortcut,15414,02/27/2022, 10:14:08,71
RBTR00001,Reboot Shortcut,15414,02/27/2022, 11:11:12,71
RBTR00001,Reboot Shortcut,15414,02/27/2022, 12:19:04,71
RBTR00001,Reboot Shortcut,15414,02/27/2022, 13:15:02,71
RBTR00001,Reboot Shortcut,15414,02/27/2022, 14:11:55,71
RBTR00001,Reboot Shortcut,15414,02/27/2022, 15:12:38,71
RBTR00001,Reboot Shortcut,15414,02/27/2022, 16:16:14,71
RBTR00001,Reboot Shortcut,15414,02/27/2022, 17:11:58,71
RBTR00001,Reboot Shortcut,15414,02/27/2022, 18:15:34,71
RBTR00001,Reboot Shortcut,15415,02/27/2022, 19:09:56,71
RBTR00001,Reboot Shortcut,15415,02/27/2022, 20:13:09,71
RBTR00001,Reboot Shortcut,15415,02/27/2022, 21:11:37,71
RBTR00001,Reboot Shortcut,15415,02/27/2022, 22:12:03,71
RBTR00001,Reboot Shortcut,15415,02/27/2022, 23:12:28,71
RBTR00001,Reboot Shortcut,15415,02/28/2022, 00:49:54,71
RBTR00001,Reboot Shortcut,15415,02/28/2022, 02:04:00,71
RBTR00001,Reboot Shortcut,15416,02/28/2022, 03:13:47,71
RBTR00001,Reboot Shortcut,15417,02/28/2022, 04:16:06,71
RBTR00001,Reboot Shortcut,15417,02/28/2022, 05:12:01,71
RBTR00001,Reboot Shortcut,15417,02/28/2022, 06:15:54,71
RBTR00001,Reboot Shortcut,15417,02/28/2022, 07:12:38,71
RBTR00001,Reboot Shortcut,15417,02/28/2022, 08:15:32,71
RBTR00001,Reboot Shortcut,15417,02/28/2022, 09:13:19,71
RBTR00001,Reboot Shortcut,15417,02/28/2022, 10:18:07,71
RBTR00001,Reboot Shortcut,15417,02/28/2022, 11:11:32,71
RBTR00001,Reboot Shortcut,15417,02/28/2022, 12:20:36,71
RBTR00001,Reboot Shortcut,15417,02/28/2022, 13:17:49,71
RBTR00001,Reboot Shortcut,15417,02/28/2022, 14:11:53,71
RBTR00001,Reboot Shortcut,15417,02/28/2022, 15:17:29,71
RBTR00001,Reboot Shortcut,15418,02/28/2022, 16:18:12,71
RBTR00001,Reboot Shortcut,15418,02/28/2022, 17:17:49,71
RBTR00001,Reboot Shortcut,15418,02/28/2022, 18:19:05,71
RBTR00001,Reboot Shortcut,15418,02/28/2022, 19:10:31,71
RBTR00001,Reboot Shortcut,15419,02/28/2022, 20:13:49,71
RBTR00001,Reboot Shortcut,15419,02/28/2022, 21:12:31,71
RBTR00001,Reboot Shortcut,15419,02/28/2022, 22:12:36,71
RBTR00001,Reboot Shortcut,15419,02/28/2022, 23:13:27,71
RBTR00001,Reboot Shortcut,15420,03/01/2022, 00:55:39,71
RBTR00001,Reboot Shortcut,15420,03/01/2022, 02:18:31,71
RBTR00001,Reboot Shortcut,15420,03/01/2022, 03:16:27,71
RBTR00001,Reboot Shortcut,15420,03/01/2022, 04:16:08,71
RBTR00001,Reboot Shortcut,15420,03/01/2022, 05:11:53,71
RBTR00001,Reboot Shortcut,15420,03/01/2022, 06:15:44,71
RBTR00001,Reboot Shortcut,15420,03/01/2022, 07:12:16,71
RBTR00001,Reboot Shortcut,15420,03/01/2022, 08:15:52,71
RBTR00001,Reboot Shortcut,15420,03/01/2022, 09:15:55,71
RBTR00001,Reboot Shortcut,15420,03/01/2022, 10:14:52,71
RBTR00001,Reboot Shortcut,15420,03/01/2022, 11:12:49,71
RBTR00001,Reboot Shortcut,15420,03/01/2022, 12:23:20,71
RBTR00001,Reboot Shortcut,15421,03/01/2022, 13:18:56,71
RBTR00001,Reboot Shortcut,15421,03/01/2022, 14:12:33,71
RBTR00001,Reboot Shortcut,15421,03/01/2022, 15:18:26,71
RBTR00001,Reboot Shortcut,15421,03/01/2022, 16:22:11,71
RBTR00001,Reboot Shortcut,15421,03/01/2022, 17:18:26,71
RBTR00001,Reboot Shortcut,15421,03/01/2022, 18:16:47,71
RBTR00001,Reboot Shortcut,15421,03/01/2022, 19:12:36,71
RBTR00001,Reboot Shortcut,15422,03/01/2022, 20:15:51,71
RBTR00001,Reboot Shortcut,15424,03/01/2022, 21:12:13,71
RBTR00001,Reboot Shortcut,15424,03/01/2022, 22:12:34,71
RBTR00001,Reboot Shortcut,15424,03/01/2022, 23:13:01,71
RBTR00001,Reboot Shortcut,15424,03/02/2022, 00:52:26,71
RBTR00001,Reboot Shortcut,15425,03/02/2022, 02:10:34,71
RBTR00001,Reboot Shortcut,15425,03/02/2022, 03:13:28,71
RBTR00001,Reboot Shortcut,15425,03/02/2022, 04:16:09,71
RBTR00001,Reboot Shortcut,15426,03/02/2022, 05:11:51,71
RBTR00001,Reboot Shortcut,15426,03/02/2022, 06:16:11,71
RBTR00001,Reboot Shortcut,15426,03/02/2022, 07:12:20,71
RBTR00001,Reboot Shortcut,15426,03/02/2022, 08:15:50,71
RBTR00001,Reboot Shortcut,15426,03/02/2022, 09:12:56,71
RBTR00001,Reboot Shortcut,15426,03/02/2022, 10:14:13,71
RBTR00001,Reboot Shortcut,15427,03/02/2022, 11:12:44,71
RBTR00001,Reboot Shortcut,15427,03/02/2022, 12:20:50,71
RBTR00001,Reboot Shortcut,15428,03/02/2022, 13:18:16,71
RBTR00001,Reboot Shortcut,15430,03/02/2022, 14:12:40,71
RBTR00001,Reboot Shortcut,15430,03/02/2022, 15:13:15,71
RBTR00001,Reboot Shortcut,15430,03/02/2022, 16:18:10,71
RBTR00001,Reboot Shortcut,15430,03/02/2022, 17:13:41,71
RBTR00001,Reboot Shortcut,15431,03/02/2022, 18:18:54,71
RBTR00001,Reboot Shortcut,15431,03/02/2022, 19:11:04,71
RBTR00001,Reboot Shortcut,15433,03/02/2022, 20:12:20,71
RBTR00001,Reboot Shortcut,15433,03/02/2022, 21:10:19,71
RBTR00001,Reboot Shortcut,15433,03/02/2022, 22:12:47,71
RBTR00001,Reboot Shortcut,15434,03/02/2022, 23:12:42,71
RBTR00001,Reboot Shortcut,15434,03/03/2022, 00:53:16,71
RBTR00001,Reboot Shortcut,15436,03/03/2022, 02:11:59,71
RBTR00001,Reboot Shortcut,15436,03/03/2022, 03:15:10,71
RBTR00001,Reboot Shortcut,15436,03/03/2022, 04:16:07,71
RBTR00001,Reboot Shortcut,15436,03/03/2022, 05:11:59,71
RBTR00001,Reboot Shortcut,15436,03/03/2022, 06:15:45,71
RBTR00001,Reboot Shortcut,15436,03/03/2022, 07:12:29,71
RBTR00001,Reboot Shortcut,15436,03/03/2022, 08:15:02,71
RBTR00001,Reboot Shortcut,15436,03/03/2022, 09:17:15,71
RBTR00001,Reboot Shortcut,15436,03/03/2022, 10:14:15,71
RBTR00001,Reboot Shortcut,15436,03/03/2022, 11:15:21,71
RBTR00001,Reboot Shortcut,15436,03/03/2022, 12:23:50,71
RBTR00001,Reboot Shortcut,15436,03/03/2022, 13:18:08,71
RBTR00001,Reboot Shortcut,15436,03/03/2022, 14:17:30,71
RBTR00001,Reboot Shortcut,15436,03/03/2022, 15:13:36,71
RBTR00001,Reboot Shortcut,15438,03/03/2022, 16:19:07,71
RBTR00001,Reboot Shortcut,15439,03/03/2022, 17:17:55,71
RBTR00001,Reboot Shortcut,15439,03/03/2022, 18:14:58,71
RBTR00001,Reboot Shortcut,15440,03/03/2022, 19:10:53,71
RBTR00001,Reboot Shortcut,15440,03/03/2022, 20:13:15,71
RBTR00001,Reboot Shortcut,15440,03/03/2022, 21:12:03,71
RBTR00001,Reboot Shortcut,15440,03/03/2022, 22:12:55,71
RBTR00001,Reboot Shortcut,15440,03/03/2022, 23:12:47,71
RBTR00001,Reboot Shortcut,15440,03/04/2022, 00:55:52,71
RBTR00001,Reboot Shortcut,15440,03/04/2022, 02:16:47,71
RBTR00001,Reboot Shortcut,15440,03/04/2022, 03:15:49,71
RBTR00001,Reboot Shortcut,15440,03/04/2022, 04:16:03,71
RBTR00001,Reboot Shortcut,15440,03/04/2022, 05:12:44,71
RBTR00001,Reboot Shortcut,15441,03/04/2022, 06:15:44,71
RBTR00001,Reboot Shortcut,15441,03/04/2022, 07:12:17,71
RBTR00001,Reboot Shortcut,15441,03/04/2022, 08:15:22,71
RBTR00001,Reboot Shortcut,15441,03/04/2022, 09:17:07,71
RBTR00001,Reboot Shortcut,15441,03/04/2022, 10:15:11,71
RBTR00001,Reboot Shortcut,15441,03/04/2022, 11:10:42,71
RBTR00001,Reboot Shortcut,15441,03/04/2022, 12:21:09,71
RBTR00001,Reboot Shortcut,15441,03/04/2022, 13:18:20,71
RBTR00001,Reboot Shortcut,15441,03/04/2022, 14:13:22,71
RBTR00001,Reboot Shortcut,15441,03/04/2022, 15:18:11,71
RBTR00001,Reboot Shortcut,15441,03/04/2022, 16:20:22,71
RBTR00001,Reboot Shortcut,15441,03/04/2022, 17:14:05,71
RBTR00001,Reboot Shortcut,15441,03/04/2022, 18:15:11,71
RBTR00001,Reboot Shortcut,15441,03/04/2022, 19:10:21,71
RBTR00001,Reboot Shortcut,15441,03/04/2022, 20:13:38,71
RBTR00001,Reboot Shortcut,15441,03/04/2022, 21:11:45,71
RBTR00001,Reboot Shortcut,15442,03/04/2022, 22:10:16,71
RBTR00001,Reboot Shortcut,15442,03/04/2022, 23:12:38,71
RBTR00001,Reboot Shortcut,15442,03/05/2022, 00:52:27,71
RBTR00001,Reboot Shortcut,15442,03/05/2022, 02:06:08,71
RBTR00001,Reboot Shortcut,15442,03/05/2022, 03:12:49,71
RBTR00001,Reboot Shortcut,15442,03/05/2022, 04:15:32,71
RBTR00001,Reboot Shortcut,15442,03/05/2022, 05:11:41,71
RBTR00001,Reboot Shortcut,15443,03/05/2022, 06:15:12,71
RBTR00001,Reboot Shortcut,15443,03/05/2022, 07:12:29,71
RBTR00001,Reboot Shortcut,15443,03/05/2022, 08:14:31,71
RBTR00001,Reboot Shortcut,15443,03/05/2022, 09:11:49,71
RBTR00001,Reboot Shortcut,15443,03/05/2022, 10:13:16,71
RBTR00001,Reboot Shortcut,15443,03/05/2022, 11:11:33,71
RBTR00001,Reboot Shortcut,15443,03/05/2022, 12:18:59,71
RBTR00001,Reboot Shortcut,15443,03/05/2022, 13:15:16,71
RBTR00001,Reboot Shortcut,15443,03/05/2022, 14:11:57,71
RBTR00001,Reboot Shortcut,15444,03/05/2022, 15:12:23,71
RBTR00001,Reboot Shortcut,15444,03/05/2022, 16:16:12,71
RBTR00001,Reboot Shortcut,15444,03/05/2022, 17:11:47,71
RBTR00001,Reboot Shortcut,15446,03/05/2022, 18:14:11,71
RBTR00001,Reboot Shortcut,15446,03/05/2022, 19:10:47,71
RBTR00001,Reboot Shortcut,15446,03/05/2022, 20:12:35,71
RBTR00001,Reboot Shortcut,15446,03/05/2022, 21:11:05,71
RBTR00001,Reboot Shortcut,15446,03/05/2022, 22:12:17,71
RBTR00001,Reboot Shortcut,15446,03/05/2022, 23:11:56,71
RBTR00001,Reboot Shortcut,15446,03/06/2022, 00:49:54,71
RBTR00001,Reboot Shortcut,15446,03/06/2022, 02:05:31,71
RBTR00001,Reboot Shortcut,15446,03/06/2022, 03:13:05,71
RBTR00001,Reboot Shortcut,15446,03/06/2022, 04:15:44,71
RBTR00001,Reboot Shortcut,15446,03/06/2022, 05:11:45,71
RBTR00001,Reboot Shortcut,15446,03/06/2022, 06:14:52,71
RBTR00001,Reboot Shortcut,15446,03/06/2022, 07:12:04,71
RBTR00001,Reboot Shortcut,15446,03/06/2022, 08:14:39,71
RBTR00001,Reboot Shortcut,15446,03/06/2022, 09:11:47,71
RBTR00001,Reboot Shortcut,15446,03/06/2022, 10:13:00,71
RBTR00001,Reboot Shortcut,15446,03/06/2022, 11:10:28,71
RBTR00001,Reboot Shortcut,15446,03/06/2022, 12:19:30,71
RBTR00001,Reboot Shortcut,15446,03/06/2022, 13:15:24,71
RBTR00001,Reboot Shortcut,15446,03/06/2022, 14:11:13,71
RBTR00001,Reboot Shortcut,15446,03/06/2022, 15:12:40,71
RBTR00001,Reboot Shortcut,15446,03/06/2022, 16:16:25,71
RBTR00001,Reboot Shortcut,15446,03/06/2022, 17:12:12,71
RBTR00001,Reboot Shortcut,15446,03/06/2022, 18:14:16,71
RBTR00001,Reboot Shortcut,15446,03/06/2022, 19:09:53,71
RBTR00001,Reboot Shortcut,15446,03/06/2022, 20:13:38,71
RBTR00001,Reboot Shortcut,15446,03/06/2022, 21:11:16,71
RBTR00001,Reboot Shortcut,15447,03/06/2022, 22:12:31,71
RBTR00001,Reboot Shortcut,15447,03/06/2022, 23:13:15,71
RBTR00001,Reboot Shortcut,15447,03/07/2022, 00:51:04,71
RBTR00001,Reboot Shortcut,15447,03/07/2022, 02:09:36,71
RBTR00001,Reboot Shortcut,15448,03/07/2022, 03:13:20,71
RBTR00001,Reboot Shortcut,15448,03/07/2022, 04:15:58,71
RBTR00001,Reboot Shortcut,15448,03/07/2022, 05:12:24,71
RBTR00001,Reboot Shortcut,15448,03/07/2022, 06:16:14,71
RBTR00001,Reboot Shortcut,15449,03/07/2022, 07:13:15,71
RBTR00001,Reboot Shortcut,15449,03/07/2022, 08:17:53,71
RBTR00001,Reboot Shortcut,15449,03/07/2022, 09:13:49,71
RBTR00001,Reboot Shortcut,15449,03/07/2022, 10:14:44,71
RBTR00001,Reboot Shortcut,15449,03/07/2022, 11:13:04,71
RBTR00001,Reboot Shortcut,15449,03/07/2022, 12:23:21,71
RBTR00001,Reboot Shortcut,15452,03/07/2022, 13:23:30,71
RBTR00001,Reboot Shortcut,15452,03/07/2022, 14:12:16,71
RBTR00001,Reboot Shortcut,15452,03/07/2022, 15:18:13,71
RBTR00001,Reboot Shortcut,15453,03/07/2022, 16:22:16,71
RBTR00001,Reboot Shortcut,15453,03/07/2022, 17:20:10,71
RBTR00001,Reboot Shortcut,15453,03/07/2022, 18:18:12,71
RBTR00001,Reboot Shortcut,15453,03/07/2022, 19:13:01,71
RBTR00001,Reboot Shortcut,15453,03/07/2022, 20:17:40,71
RBTR00001,Reboot Shortcut,15453,03/07/2022, 21:13:13,71
RBTR00001,Reboot Shortcut,15453,03/07/2022, 22:12:41,71
RBTR00001,Reboot Shortcut,15453,03/07/2022, 23:12:43,71
RBTR00001,Reboot Shortcut,15453,03/08/2022, 00:49:32,71
RBTR00001,Reboot Shortcut,15453,03/08/2022, 02:07:37,71
RBTR00001,Reboot Shortcut,15453,03/08/2022, 03:13:15,71
RBTR00001,Reboot Shortcut,15453,03/08/2022, 04:16:33,71
RBTR00001,Reboot Shortcut,15453,03/08/2022, 05:12:12,71
RBTR00001,Reboot Shortcut,15453,03/08/2022, 06:15:40,71
RBTR00001,Reboot Shortcut,15453,03/08/2022, 07:13:15,71
RBTR00001,Reboot Shortcut,15453,03/08/2022, 08:15:59,71
RBTR00001,Reboot Shortcut,15453,03/08/2022, 09:12:38,71
RBTR00001,Reboot Shortcut,15453,03/08/2022, 10:14:02,71
RBTR00001,Reboot Shortcut,15453,03/08/2022, 11:14:11,71
RBTR00001,Reboot Shortcut,15453,03/08/2022, 12:21:05,71
RBTR00001,Reboot Shortcut,15453,03/08/2022, 13:22:50,71
RBTR00001,Reboot Shortcut,15453,03/08/2022, 14:13:32,71
RBTR00001,Reboot Shortcut,15453,03/08/2022, 15:18:15,71
RBTR00001,Reboot Shortcut,15453,03/08/2022, 16:19:04,71
RBTR00001,Reboot Shortcut,15453,03/08/2022, 17:15:00,71
RBTR00001,Reboot Shortcut,15453,03/08/2022, 18:19:09,71
RBTR00001,Reboot Shortcut,15453,03/08/2022, 19:11:03,71
RBTR00001,Reboot Shortcut,15453,03/08/2022, 20:14:02,71
RBTR00001,Reboot Shortcut,15453,03/08/2022, 21:11:32,71
RBTR00001,Reboot Shortcut,15454,03/08/2022, 22:13:17,71
RBTR00001,Reboot Shortcut,15454,03/08/2022, 23:12:42,71
RBTR00001,Reboot Shortcut,15454,03/09/2022, 00:50:59,71
RBTR00001,Reboot Shortcut,15454,03/09/2022, 02:12:38,71
RBTR00001,Reboot Shortcut,15454,03/09/2022, 03:13:40,71
RBTR00001,Reboot Shortcut,15454,03/09/2022, 04:16:14,71
RBTR00001,Reboot Shortcut,15454,03/09/2022, 05:12:43,71
RBTR00001,Reboot Shortcut,15454,03/09/2022, 06:15:56,71
RBTR00001,Reboot Shortcut,15454,03/09/2022, 07:12:30,71
RBTR00001,Reboot Shortcut,15454,03/09/2022, 08:15:33,71
RBTR00001,Reboot Shortcut,15454,03/09/2022, 09:17:16,71
RBTR00001,Reboot Shortcut,15454,03/09/2022, 10:18:15,71
RBTR00001,Reboot Shortcut,15454,03/09/2022, 11:14:49,71
RBTR00001,Reboot Shortcut,15455,03/09/2022, 12:26:18,71
RBTR00001,Reboot Shortcut,15455,03/09/2022, 13:23:07,71
RBTR00001,Reboot Shortcut,15455,03/09/2022, 14:17:16,71
RBTR00001,Reboot Shortcut,15455,03/09/2022, 15:17:56,71
RBTR00001,Reboot Shortcut,15455,03/09/2022, 16:18:42,71
RBTR00001,Reboot Shortcut,15455,03/09/2022, 17:14:44,71
RBTR00001,Reboot Shortcut,15455,03/09/2022, 18:20:09,71
RBTR00001,Reboot Shortcut,15455,03/09/2022, 19:10:59,71
RBTR00001,Reboot Shortcut,15455,03/09/2022, 20:13:30,71
RBTR00001,Reboot Shortcut,15455,03/09/2022, 21:11:52,71
RBTR00001,Reboot Shortcut,15455,03/09/2022, 22:12:49,71
RBTR00001,Reboot Shortcut,15455,03/09/2022, 23:12:55,71
RBTR00001,Reboot Shortcut,15455,03/10/2022, 00:53:30,71
RBTR00001,Reboot Shortcut,15455,03/10/2022, 02:19:02,71
RBTR00001,Reboot Shortcut,15455,03/10/2022, 03:17:29,71
RBTR00001,Reboot Shortcut,15455,03/10/2022, 04:16:30,71
RBTR00001,Reboot Shortcut,15455,03/10/2022, 05:12:01,71
RBTR00001,Reboot Shortcut,15455,03/10/2022, 06:15:45,71
RBTR00001,Reboot Shortcut,15455,03/10/2022, 07:12:36,71
RBTR00001,Reboot Shortcut,15455,03/10/2022, 08:15:39,71
RBTR00001,Reboot Shortcut,15456,03/10/2022, 09:14:45,71
RBTR00001,Reboot Shortcut,15456,03/10/2022, 10:13:58,71
RBTR00001,Reboot Shortcut,15456,03/10/2022, 11:12:45,71
RBTR00001,Reboot Shortcut,15456,03/10/2022, 12:22:55,71
RBTR00001,Reboot Shortcut,15456,03/10/2022, 13:19:43,71
RBTR00001,Reboot Shortcut,15456,03/10/2022, 14:16:18,71
RBTR00001,Reboot Shortcut,15456,03/10/2022, 15:19:23,71
RBTR00001,Reboot Shortcut,15456,03/10/2022, 16:23:01,71
RBTR00001,Reboot Shortcut,15456,03/10/2022, 17:15:34,71
RBTR00001,Reboot Shortcut,15456,03/10/2022, 18:15:14,71
RBTR00001,Reboot Shortcut,15456,03/10/2022, 19:10:24,71
RBTR00001,Reboot Shortcut,15456,03/10/2022, 20:13:49,71
RBTR00001,Reboot Shortcut,15456,03/10/2022, 21:12:02,71
RBTR00001,Reboot Shortcut,15456,03/10/2022, 22:13:18,71
RBTR00001,Reboot Shortcut,15457,03/10/2022, 23:13:26,71
RBTR00001,Reboot Shortcut,15457,03/11/2022, 00:55:46,71
RBTR00001,Reboot Shortcut,15457,03/11/2022, 02:14:10,71
RBTR00001,Reboot Shortcut,15457,03/11/2022, 03:14:43,71
RBTR00001,Reboot Shortcut,15457,03/11/2022, 04:17:08,71
RBTR00001,Reboot Shortcut,15457,03/11/2022, 05:11:54,71
RBTR00001,Reboot Shortcut,15457,03/11/2022, 06:16:20,71
RBTR00001,Reboot Shortcut,15457,03/11/2022, 07:12:39,71
RBTR00001,Reboot Shortcut,15457,03/11/2022, 08:16:01,71
RBTR00001,Reboot Shortcut,15457,03/11/2022, 09:18:07,71
RBTR00001,Reboot Shortcut,15457,03/11/2022, 10:19:14,71
RBTR00001,Reboot Shortcut,15457,03/11/2022, 11:11:44,71
RBTR00001,Reboot Shortcut,15457,03/11/2022, 12:21:03,71
RBTR00001,Reboot Shortcut,15457,03/11/2022, 13:18:32,71
RBTR00001,Reboot Shortcut,15457,03/11/2022, 14:13:09,71
RBTR00001,Reboot Shortcut,15457,03/11/2022, 15:18:09,71
RBTR00001,Reboot Shortcut,15457,03/11/2022, 16:23:29,71
RBTR00001,Reboot Shortcut,15457,03/11/2022, 17:14:38,71
RBTR00001,Reboot Shortcut,15457,03/11/2022, 18:15:16,71
RBTR00001,Reboot Shortcut,15457,03/11/2022, 19:10:07,71
RBTR00001,Reboot Shortcut,15457,03/11/2022, 20:13:32,71
RBTR00001,Reboot Shortcut,15457,03/11/2022, 21:11:12,71
RBTR00001,Reboot Shortcut,15457,03/11/2022, 22:13:27,71
RBTR00001,Reboot Shortcut,15457,03/11/2022, 23:12:37,71
RBTR00001,Reboot Shortcut,15458,03/12/2022, 00:50:00,71
RBTR00001,Reboot Shortcut,15458,03/12/2022, 01:59:57,71
RBTR00001,Reboot Shortcut,15458,03/12/2022, 02:37:01,71
RBTR00001,Reboot Shortcut,15458,03/12/2022, 03:13:33,71
RBTR00001,Reboot Shortcut,15458,03/12/2022, 04:16:46,71
RBTR00001,Reboot Shortcut,15458,03/12/2022, 05:11:26,71
RBTR00001,Reboot Shortcut,15458,03/12/2022, 06:15:44,71
RBTR00001,Reboot Shortcut,15460,03/12/2022, 07:11:57,71
RBTR00001,Reboot Shortcut,15461,03/12/2022, 08:14:52,71
RBTR00001,Reboot Shortcut,15461,03/12/2022, 09:12:43,71
RBTR00001,Reboot Shortcut,15461,03/12/2022, 10:13:42,71
RBTR00001,Reboot Shortcut,15461,03/12/2022, 11:10:45,71
RBTR00001,Reboot Shortcut,15461,03/12/2022, 12:19:31,71
RBTR00001,Reboot Shortcut,15461,03/12/2022, 13:15:56,71
RBTR00001,Reboot Shortcut,15461,03/12/2022, 14:11:07,71
RBTR00001,Reboot Shortcut,15461,03/12/2022, 15:12:35,71
RBTR00001,Reboot Shortcut,15461,03/12/2022, 16:16:40,71
RBTR00001,Reboot Shortcut,15461,03/12/2022, 17:12:21,71
RBTR00001,Reboot Shortcut,15461,03/12/2022, 18:14:35,71
RBTR00001,Reboot Shortcut,15462,03/12/2022, 19:10:40,71
RBTR00001,Reboot Shortcut,15462,03/12/2022, 20:13:51,71
RBTR00001,Reboot Shortcut,15462,03/12/2022, 21:11:32,71
RBTR00001,Reboot Shortcut,15462,03/12/2022, 22:12:38,71
RBTR00001,Reboot Shortcut,15463,03/12/2022, 23:13:01,71
RBTR00001,Reboot Shortcut,15463,03/13/2022, 00:49:24,71
RBTR00001,Reboot Shortcut,15463,03/13/2022, 02:03:01,71
RBTR00001,Reboot Shortcut,15463,03/13/2022, 03:13:33,71
RBTR00001,Reboot Shortcut,15463,03/13/2022, 04:16:39,71
RBTR00001,Reboot Shortcut,15463,03/13/2022, 05:15:47,71
RBTR00001,Reboot Shortcut,15463,03/13/2022, 06:18:33,71
RBTR00001,Reboot Shortcut,15464,03/13/2022, 07:12:13,71
RBTR00001,Reboot Shortcut,15464,03/13/2022, 08:14:51,71
RBTR00001,Reboot Shortcut,15464,03/13/2022, 09:12:23,71
RBTR00001,Reboot Shortcut,15464,03/13/2022, 10:13:19,71
RBTR00001,Reboot Shortcut,15464,03/13/2022, 11:10:29,71
RBTR00001,Reboot Shortcut,15464,03/13/2022, 12:19:43,71
RBTR00001,Reboot Shortcut,15464,03/13/2022, 13:16:19,71
RBTR00001,Reboot Shortcut,15464,03/13/2022, 14:12:29,71
RBTR00001,Reboot Shortcut,15464,03/13/2022, 15:12:34,71
RBTR00001,Reboot Shortcut,15464,03/13/2022, 16:17:32,71
RBTR00001,Reboot Shortcut,15464,03/13/2022, 17:12:56,71
RBTR00001,Reboot Shortcut,15464,03/13/2022, 18:14:40,71
RBTR00001,Reboot Shortcut,15464,03/13/2022, 19:10:09,71
RBTR00001,Reboot Shortcut,15465,03/13/2022, 20:13:20,71
RBTR00001,Reboot Shortcut,15465,03/13/2022, 21:11:10,71
RBTR00001,Reboot Shortcut,15465,03/13/2022, 22:12:09,71
RBTR00001,Reboot Shortcut,15465,03/13/2022, 23:13:39,71
RBTR00001,Reboot Shortcut,15465,03/14/2022, 00:53:28,71
RBTR00001,Reboot Shortcut,15465,03/14/2022, 02:11:19,71
RBTR00001,Reboot Shortcut,15465,03/14/2022, 03:15:11,71
RBTR00001,Reboot Shortcut,15465,03/14/2022, 04:19:32,71
RBTR00001,Reboot Shortcut,15465,03/14/2022, 05:33:39,71
RBTR00001,Reboot Shortcut,15465,03/14/2022, 06:16:27,71
RBTR00001,Reboot Shortcut,15465,03/14/2022, 07:12:48,71
RBTR00001,Reboot Shortcut,15465,03/14/2022, 08:18:52,71
RBTR00001,Reboot Shortcut,15465,03/14/2022, 09:17:33,71
RBTR00001,Reboot Shortcut,15466,03/14/2022, 10:14:25,71
RBTR00001,Reboot Shortcut,15466,03/14/2022, 11:13:22,71
RBTR00001,Reboot Shortcut,15466,03/14/2022, 12:23:09,71
RBTR00001,Reboot Shortcut,15466,03/14/2022, 13:24:10,71
RBTR00001,Reboot Shortcut,15466,03/14/2022, 14:17:30,71
RBTR00001,Reboot Shortcut,15466,03/14/2022, 15:17:58,71
RBTR00001,Reboot Shortcut,15466,03/14/2022, 16:18:56,71
RBTR00001,Reboot Shortcut,15466,03/14/2022, 17:14:08,71
RBTR00001,Reboot Shortcut,15466,03/14/2022, 18:20:07,71
RBTR00001,Reboot Shortcut,15466,03/14/2022, 19:11:57,71
RBTR00001,Reboot Shortcut,15466,03/14/2022, 20:14:24,71
RBTR00001,Reboot Shortcut,15466,03/14/2022, 21:13:44,71
RBTR00001,Reboot Shortcut,15466,03/14/2022, 22:13:10,71
RBTR00001,Reboot Shortcut,15466,03/14/2022, 23:13:48,71
RBTR00001,Reboot Shortcut,15466,03/15/2022, 00:54:10,71
RBTR00001,Reboot Shortcut,15467,03/15/2022, 02:14:34,71
RBTR00001,Reboot Shortcut,15468,03/15/2022, 03:14:38,71
RBTR00001,Reboot Shortcut,15468,03/15/2022, 04:16:53,71
RBTR00001,Reboot Shortcut,15468,03/15/2022, 05:12:36,71
RBTR00001,Reboot Shortcut,15468,03/15/2022, 06:16:00,71
RBTR00001,Reboot Shortcut,15468,03/15/2022, 07:13:19,71
RBTR00001,Reboot Shortcut,15469,03/15/2022, 08:17:49,71
RBTR00001,Reboot Shortcut,15469,03/15/2022, 09:14:55,71
RBTR00001,Reboot Shortcut,15469,03/15/2022, 10:18:21,71
RBTR00001,Reboot Shortcut,15469,03/15/2022, 11:12:17,71
RBTR00001,Reboot Shortcut,15469,03/15/2022, 12:24:12,71
RBTR00001,Reboot Shortcut,15469,03/15/2022, 13:23:45,71
RBTR00001,Reboot Shortcut,15469,03/15/2022, 14:12:50,71
RBTR00001,Reboot Shortcut,15470,03/15/2022, 15:18:12,71
RBTR00001,Reboot Shortcut,15470,03/15/2022, 16:23:14,71
RBTR00001,Reboot Shortcut,15470,03/15/2022, 17:14:41,71
RBTR00001,Reboot Shortcut,15470,03/15/2022, 18:20:15,71
RBTR00001,Reboot Shortcut,15470,03/15/2022, 19:13:00,71
RBTR00001,Reboot Shortcut,15470,03/15/2022, 20:14:27,71
RBTR00001,Reboot Shortcut,15470,03/15/2022, 21:10:04,71
RBTR00001,Reboot Shortcut,15470,03/15/2022, 22:14:02,71
RBTR00001,Reboot Shortcut,15470,03/15/2022, 23:13:28,71
RBTR00001,Reboot Shortcut,15470,03/16/2022, 00:54:03,71
RBTR00001,Reboot Shortcut,15470,03/16/2022, 02:20:59,71
RBTR00001,Reboot Shortcut,15470,03/16/2022, 03:16:38,71
RBTR00001,Reboot Shortcut,15470,03/16/2022, 04:15:46,71
RBTR00001,Reboot Shortcut,15470,03/16/2022, 05:12:26,71
RBTR00001,Reboot Shortcut,15470,03/16/2022, 06:15:44,71
RBTR00001,Reboot Shortcut,15470,03/16/2022, 07:13:25,71
RBTR00001,Reboot Shortcut,15470,03/16/2022, 08:15:59,71
RBTR00001,Reboot Shortcut,15470,03/16/2022, 09:17:14,71
RBTR00001,Reboot Shortcut,15470,03/16/2022, 10:19:15,71
RBTR00001,Reboot Shortcut,15470,03/16/2022, 11:14:20,71
RBTR00001,Reboot Shortcut,15470,03/16/2022, 12:23:33,71
RBTR00001,Reboot Shortcut,15470,03/16/2022, 13:22:49,71
RBTR00001,Reboot Shortcut,15470,03/16/2022, 14:16:28,71
RBTR00001,Reboot Shortcut,15470,03/16/2022, 15:14:00,71
RBTR00001,Reboot Shortcut,15470,03/16/2022, 16:17:19,71
RBTR00001,Reboot Shortcut,15470,03/16/2022, 17:14:41,71
RBTR00001,Reboot Shortcut,15471,03/16/2022, 18:15:40,71
RBTR00001,Reboot Shortcut,15471,03/16/2022, 19:15:21,71
RBTR00001,Reboot Shortcut,15471,03/16/2022, 20:14:06,71
RBTR00001,Reboot Shortcut,15471,03/16/2022, 21:12:26,71
RBTR00001,Reboot Shortcut,15471,03/16/2022, 22:11:44,71
RBTR00001,Reboot Shortcut,15471,03/16/2022, 23:13:05,71
RBTR00001,Reboot Shortcut,15471,03/17/2022, 00:52:42,71
RBTR00001,Reboot Shortcut,15471,03/17/2022, 02:14:56,71
RBTR00001,Reboot Shortcut,15471,03/17/2022, 03:14:17,71
RBTR00001,Reboot Shortcut,15471,03/17/2022, 04:16:24,71
RBTR00001,Reboot Shortcut,15471,03/17/2022, 05:12:20,71
RBTR00001,Reboot Shortcut,15471,03/17/2022, 06:15:44,71
RBTR00001,Reboot Shortcut,15472,03/17/2022, 07:13:04,71
RBTR00001,Reboot Shortcut,15472,03/17/2022, 08:16:51,71
RBTR00001,Reboot Shortcut,15472,03/17/2022, 09:17:09,71
RBTR00001,Reboot Shortcut,15472,03/17/2022, 10:19:08,71
RBTR00001,Reboot Shortcut,15472,03/17/2022, 11:12:43,71
RBTR00001,Reboot Shortcut,15472,03/17/2022, 12:22:26,71
RBTR00001,Reboot Shortcut,15472,03/17/2022, 13:25:12,71
RBTR00001,Reboot Shortcut,15472,03/17/2022, 16:17:56,71
RBTR00001,Reboot Shortcut,15472,03/17/2022, 17:18:15,71
RBTR00001,Reboot Shortcut,15473,03/17/2022, 18:18:26,71
RBTR00001,Reboot Shortcut,15473,03/17/2022, 19:13:59,71
RBTR00001,Reboot Shortcut,15473,03/17/2022, 20:13:55,71
RBTR00001,Reboot Shortcut,15474,03/17/2022, 21:11:36,71
RBTR00001,Reboot Shortcut,15474,03/17/2022, 22:13:14,71
RBTR00001,Reboot Shortcut,15474,03/17/2022, 23:12:51,71
RBTR00001,Reboot Shortcut,15474,03/18/2022, 00:51:44,71
RBTR00001,Reboot Shortcut,15474,03/18/2022, 02:19:05,71
RBTR00001,Reboot Shortcut,15474,03/18/2022, 03:16:18,71
RBTR00001,Reboot Shortcut,15474,03/18/2022, 04:16:20,71
RBTR00001,Reboot Shortcut,15474,03/18/2022, 05:12:21,71
RBTR00001,Reboot Shortcut,15474,03/18/2022, 06:15:59,71
RBTR00001,Reboot Shortcut,15475,03/18/2022, 07:12:55,71
RBTR00001,Reboot Shortcut,15475,03/18/2022, 08:15:32,71
RBTR00001,Reboot Shortcut,15475,03/18/2022, 09:18:12,71
RBTR00001,Reboot Shortcut,15475,03/18/2022, 10:18:13,71
RBTR00001,Reboot Shortcut,15475,03/18/2022, 11:12:21,71
RBTR00001,Reboot Shortcut,15475,03/18/2022, 12:21:42,71
RBTR00001,Reboot Shortcut,15475,03/18/2022, 13:23:23,71
RBTR00001,Reboot Shortcut,15476,03/18/2022, 14:13:38,71
RBTR00001,Reboot Shortcut,15476,03/18/2022, 15:18:11,71
RBTR00001,Reboot Shortcut,15476,03/18/2022, 16:18:36,71
RBTR00001,Reboot Shortcut,15476,03/18/2022, 17:18:32,71
RBTR00001,Reboot Shortcut,15476,03/18/2022, 18:15:30,71
RBTR00001,Reboot Shortcut,15477,03/18/2022, 19:10:33,71
RBTR00001,Reboot Shortcut,15477,03/18/2022, 20:13:40,71
RBTR00001,Reboot Shortcut,15477,03/18/2022, 21:12:25,71
RBTR00001,Reboot Shortcut,15477,03/18/2022, 22:13:11,71
RBTR00001,Reboot Shortcut,15477,03/18/2022, 23:13:19,71
RBTR00001,Reboot Shortcut,15477,03/19/2022, 00:49:09,71
RBTR00001,Reboot Shortcut,15478,03/19/2022, 02:08:36,71
RBTR00001,Reboot Shortcut,15478,03/19/2022, 03:12:55,71
RBTR00001,Reboot Shortcut,15478,03/19/2022, 04:15:46,71
RBTR00001,Reboot Shortcut,15478,03/19/2022, 05:11:40,71
RBTR00001,Reboot Shortcut,15478,03/19/2022, 06:16:16,71
RBTR00001,Reboot Shortcut,15478,03/19/2022, 07:12:07,71
RBTR00001,Reboot Shortcut,15478,03/19/2022, 08:14:49,71
RBTR00001,Reboot Shortcut,15478,03/19/2022, 09:12:32,71
RBTR00001,Reboot Shortcut,15478,03/19/2022, 10:13:41,71
RBTR00001,Reboot Shortcut,15478,03/19/2022, 11:11:12,71
RBTR00001,Reboot Shortcut,15478,03/19/2022, 12:20:39,71
RBTR00001,Reboot Shortcut,15478,03/19/2022, 13:17:02,71
RBTR00001,Reboot Shortcut,15478,03/19/2022, 14:12:53,71
RBTR00001,Reboot Shortcut,15478,03/19/2022, 15:13:14,71
RBTR00001,Reboot Shortcut,15479,03/19/2022, 16:17:09,71
RBTR00001,Reboot Shortcut,15479,03/19/2022, 17:12:32,71
RBTR00001,Reboot Shortcut,15479,03/19/2022, 18:14:36,71
RBTR00001,Reboot Shortcut,15479,03/19/2022, 19:10:16,71
RBTR00001,Reboot Shortcut,15479,03/19/2022, 20:12:55,71
RBTR00001,Reboot Shortcut,15479,03/19/2022, 21:10:53,71
RBTR00001,Reboot Shortcut,15479,03/19/2022, 22:12:10,71
RBTR00001,Reboot Shortcut,15479,03/19/2022, 23:12:52,71
RBTR00001,Reboot Shortcut,15479,03/20/2022, 00:52:16,71
RBTR00001,Reboot Shortcut,15479,03/20/2022, 02:11:52,71
RBTR00001,Reboot Shortcut,15479,03/20/2022, 03:12:58,71
RBTR00001,Reboot Shortcut,15479,03/20/2022, 04:16:27,71
RBTR00001,Reboot Shortcut,15479,03/20/2022, 05:11:48,71
RBTR00001,Reboot Shortcut,15479,03/20/2022, 06:15:31,71
RBTR00001,Reboot Shortcut,15479,03/20/2022, 07:12:03,71
RBTR00001,Reboot Shortcut,15479,03/20/2022, 08:14:44,71
RBTR00001,Reboot Shortcut,15479,03/20/2022, 09:13:12,71
RBTR00001,Reboot Shortcut,15479,03/20/2022, 10:13:39,71
RBTR00001,Reboot Shortcut,15479,03/20/2022, 11:12:11,71
RBTR00001,Reboot Shortcut,15479,03/20/2022, 12:19:41,71
RBTR00001,Reboot Shortcut,15479,03/20/2022, 13:16:42,71
RBTR00001,Reboot Shortcut,15479,03/20/2022, 14:12:44,71
RBTR00001,Reboot Shortcut,15479,03/20/2022, 15:13:52,71
RBTR00001,Reboot Shortcut,15479,03/20/2022, 16:16:29,71
RBTR00001,Reboot Shortcut,15479,03/20/2022, 17:12:27,71
RBTR00001,Reboot Shortcut,15479,03/20/2022, 18:15:20,71
RBTR00001,Reboot Shortcut,15480,03/20/2022, 19:10:19,71
RBTR00001,Reboot Shortcut,15480,03/20/2022, 20:12:57,71
RBTR00001,Reboot Shortcut,15480,03/20/2022, 21:11:14,71
RBTR00001,Reboot Shortcut,15480,03/20/2022, 22:12:46,71
RBTR00001,Reboot Shortcut,15481,03/20/2022, 23:12:29,71
RBTR00001,Reboot Shortcut,15481,03/21/2022, 00:52:51,71
RBTR00001,Reboot Shortcut,15481,03/21/2022, 02:25:39,71
RBTR00001,Reboot Shortcut,15481,03/21/2022, 03:21:10,71
RBTR00001,Reboot Shortcut,15481,03/21/2022, 04:16:24,71
RBTR00001,Reboot Shortcut,15481,03/21/2022, 05:12:21,71
RBTR00001,Reboot Shortcut,15481,03/21/2022, 06:16:40,71
RBTR00001,Reboot Shortcut,15481,03/21/2022, 07:13:26,71
RBTR00001,Reboot Shortcut,15481,03/21/2022, 08:17:28,71
RBTR00001,Reboot Shortcut,15481,03/21/2022, 09:13:33,71
RBTR00001,Reboot Shortcut,15481,03/21/2022, 10:19:21,71
RBTR00001,Reboot Shortcut,15481,03/21/2022, 11:13:12,71
RBTR00001,Reboot Shortcut,15481,03/21/2022, 12:26:25,71
RBTR00001,Reboot Shortcut,15481,03/21/2022, 13:25:19,71
RBTR00001,Reboot Shortcut,15481,03/21/2022, 14:17:23,71
RBTR00001,Reboot Shortcut,15481,03/21/2022, 15:19:24,71
RBTR00001,Reboot Shortcut,15481,03/21/2022, 16:23:24,71
RBTR00001,Reboot Shortcut,15481,03/21/2022, 17:15:47,71
RBTR00001,Reboot Shortcut,15481,03/21/2022, 18:21:23,71
RBTR00001,Reboot Shortcut,15481,03/21/2022, 19:16:16,71
RBTR00001,Reboot Shortcut,15481,03/21/2022, 20:19:39,71
RBTR00001,Reboot Shortcut,15482,03/21/2022, 21:15:26,71
RBTR00001,Reboot Shortcut,15482,03/21/2022, 22:13:20,71
RBTR00001,Reboot Shortcut,15482,03/21/2022, 23:13:28,71
RBTR00001,Reboot Shortcut,15482,03/22/2022, 00:54:33,71
RBTR00001,Reboot Shortcut,15482,03/22/2022, 02:25:31,71
RBTR00001,Reboot Shortcut,15482,03/22/2022, 03:22:34,71
RBTR00001,Reboot Shortcut,15482,03/22/2022, 04:16:08,71
RBTR00001,Reboot Shortcut,15482,03/22/2022, 05:12:11,71
RBTR00001,Reboot Shortcut,15482,03/22/2022, 06:16:00,71
RBTR00001,Reboot Shortcut,15482,03/22/2022, 07:12:40,71
RBTR00001,Reboot Shortcut,15482,03/22/2022, 08:16:52,71
RBTR00001,Reboot Shortcut,15482,03/22/2022, 09:13:08,71
RBTR00001,Reboot Shortcut,15482,03/22/2022, 10:17:39,71
RBTR00001,Reboot Shortcut,15482,03/22/2022, 11:16:12,71
RBTR00001,Reboot Shortcut,15482,03/22/2022, 12:28:25,71
RBTR00001,Reboot Shortcut,15482,03/22/2022, 13:26:37,71
RBTR00001,Reboot Shortcut,15482,03/22/2022, 14:17:19,71
RBTR00001,Reboot Shortcut,15482,03/22/2022, 15:15:00,71
RBTR00001,Reboot Shortcut,15482,03/22/2022, 16:24:44,71
RBTR00001,Reboot Shortcut,15482,03/22/2022, 17:19:19,71
RBTR00001,Reboot Shortcut,15482,03/22/2022, 18:20:16,71
RBTR00001,Reboot Shortcut,15482,03/22/2022, 19:12:08,71
RBTR00001,Reboot Shortcut,15482,03/22/2022, 20:18:14,71
RBTR00001,Reboot Shortcut,15482,03/22/2022, 21:16:23,71
RBTR00001,Reboot Shortcut,15482,03/22/2022, 22:12:47,71
RBTR00001,Reboot Shortcut,15482,03/22/2022, 23:13:39,71
RBTR00001,Reboot Shortcut,15482,03/23/2022, 00:59:29,71
RBTR00001,Reboot Shortcut,15482,03/23/2022, 02:37:33,71
RBTR00001,Reboot Shortcut,15482,03/23/2022, 03:25:46,71
RBTR00001,Reboot Shortcut,15482,03/23/2022, 04:16:05,71
RBTR00001,Reboot Shortcut,15482,03/23/2022, 05:12:15,71
RBTR00001,Reboot Shortcut,15482,03/23/2022, 06:16:44,71
RBTR00001,Reboot Shortcut,15482,03/23/2022, 07:13:03,71
RBTR00001,Reboot Shortcut,15483,03/23/2022, 08:21:17,71
RBTR00001,Reboot Shortcut,15483,03/23/2022, 09:17:37,71
RBTR00001,Reboot Shortcut,15483,03/23/2022, 10:19:24,71
RBTR00001,Reboot Shortcut,15483,03/23/2022, 11:15:06,71
RBTR00001,Reboot Shortcut,15483,03/23/2022, 12:27:51,71
RBTR00001,Reboot Shortcut,15484,03/23/2022, 13:27:36,71
RBTR00001,Reboot Shortcut,15484,03/23/2022, 14:17:31,71
RBTR00001,Reboot Shortcut,15484,03/23/2022, 15:13:59,71
RBTR00001,Reboot Shortcut,15484,03/23/2022, 16:17:35,71
RBTR00001,Reboot Shortcut,15484,03/23/2022, 17:15:48,71
RBTR00001,Reboot Shortcut,15484,03/23/2022, 18:20:23,71
RBTR00001,Reboot Shortcut,15485,03/23/2022, 19:12:49,71
RBTR00001,Reboot Shortcut,15485,03/23/2022, 20:15:24,71
RBTR00001,Reboot Shortcut,15487,03/23/2022, 21:15:49,71
RBTR00001,Reboot Shortcut,15487,03/23/2022, 22:13:14,71
RBTR00001,Reboot Shortcut,15487,03/23/2022, 23:13:09,71
RBTR00001,Reboot Shortcut,15487,03/24/2022, 00:55:04,71
RBTR00001,Reboot Shortcut,15487,03/24/2022, 02:23:27,71
RBTR00001,Reboot Shortcut,15487,03/24/2022, 03:20:06,71
RBTR00001,Reboot Shortcut,15488,03/24/2022, 04:17:10,71
RBTR00001,Reboot Shortcut,15488,03/24/2022, 05:12:17,71
RBTR00001,Reboot Shortcut,15488,03/24/2022, 06:16:33,71
RBTR00001,Reboot Shortcut,15489,03/24/2022, 07:12:51,71
RBTR00001,Reboot Shortcut,15489,03/24/2022, 08:15:55,71
RBTR00001,Reboot Shortcut,15489,03/24/2022, 09:18:26,71
RBTR00001,Reboot Shortcut,15489,03/24/2022, 10:19:21,71
RBTR00001,Reboot Shortcut,15489,03/24/2022, 11:16:34,71
RBTR00001,Reboot Shortcut,15489,03/24/2022, 12:22:50,71
RBTR00001,Reboot Shortcut,15489,03/24/2022, 13:22:38,71
RBTR00001,Reboot Shortcut,15489,03/24/2022, 14:17:21,71
RBTR00001,Reboot Shortcut,15489,03/24/2022, 15:19:17,71
RBTR00001,Reboot Shortcut,15489,03/24/2022, 16:17:48,71
RBTR00001,Reboot Shortcut,15490,03/24/2022, 17:29:24,71
RBTR00001,Reboot Shortcut,15490,03/24/2022, 18:20:08,71
RBTR00001,Reboot Shortcut,15490,03/24/2022, 19:10:42,71
RBTR00001,Reboot Shortcut,15490,03/24/2022, 20:14:29,71
RBTR00001,Reboot Shortcut,15490,03/24/2022, 21:12:36,71
RBTR00001,Reboot Shortcut,15490,03/24/2022, 22:13:43,71
RBTR00001,Reboot Shortcut,15490,03/24/2022, 23:13:23,71
RBTR00001,Reboot Shortcut,15490,03/25/2022, 00:53:08,71
RBTR00001,Reboot Shortcut,15490,03/25/2022, 02:18:58,71
RBTR00001,Reboot Shortcut,15490,03/25/2022, 03:18:01,71
RBTR00001,Reboot Shortcut,15490,03/25/2022, 04:17:13,71
RBTR00001,Reboot Shortcut,15490,03/25/2022, 05:12:45,71
RBTR00001,Reboot Shortcut,15490,03/25/2022, 06:17:14,71
RBTR00001,Reboot Shortcut,15490,03/25/2022, 07:13:09,71
RBTR00001,Reboot Shortcut,15490,03/25/2022, 08:15:51,71
RBTR00001,Reboot Shortcut,15490,03/25/2022, 09:18:09,71
RBTR00001,Reboot Shortcut,15490,03/25/2022, 10:20:12,71
RBTR00001,Reboot Shortcut,15490,03/25/2022, 11:13:49,71
RBTR00001,Reboot Shortcut,15490,03/25/2022, 12:45:54,71
RBTR00001,Reboot Shortcut,15490,03/25/2022, 13:46:46,71
RBTR00001,Reboot Shortcut,15490,03/25/2022, 14:16:15,71
RBTR00001,Reboot Shortcut,15490,03/25/2022, 15:18:17,71
RBTR00001,Reboot Shortcut,15490,03/25/2022, 16:20:13,71
RBTR00001,Reboot Shortcut,15490,03/25/2022, 17:16:01,71
RBTR00001,Reboot Shortcut,15490,03/25/2022, 18:16:17,71
RBTR00001,Reboot Shortcut,15491,03/25/2022, 19:11:11,71
RBTR00001,Reboot Shortcut,15491,03/25/2022, 20:13:38,71
RBTR00001,Reboot Shortcut,15491,03/25/2022, 21:12:23,71
RBTR00001,Reboot Shortcut,15491,03/25/2022, 22:13:27,71
RBTR00001,Reboot Shortcut,15491,03/25/2022, 23:12:57,71
RBTR00001,Reboot Shortcut,15491,03/26/2022, 00:53:13,71
RBTR00001,Reboot Shortcut,15491,03/26/2022, 02:19:22,71
RBTR00001,Reboot Shortcut,15491,03/26/2022, 03:18:24,71
RBTR00001,Reboot Shortcut,15491,03/26/2022, 04:16:03,71
RBTR00001,Reboot Shortcut,15491,03/26/2022, 05:12:00,71
RBTR00001,Reboot Shortcut,15491,03/26/2022, 06:15:21,71
RBTR00001,Reboot Shortcut,15491,03/26/2022, 07:12:55,71
RBTR00001,Reboot Shortcut,15491,03/26/2022, 08:15:13,71
RBTR00001,Reboot Shortcut,15491,03/26/2022, 09:12:20,71
RBTR00001,Reboot Shortcut,15492,03/26/2022, 10:13:33,71
RBTR00001,Reboot Shortcut,15492,03/26/2022, 11:11:21,71
RBTR00001,Reboot Shortcut,15492,03/26/2022, 12:19:56,71
RBTR00001,Reboot Shortcut,15492,03/26/2022, 13:17:24,71
RBTR00001,Reboot Shortcut,15492,03/26/2022, 14:11:29,71
RBTR00001,Reboot Shortcut,15493,03/26/2022, 15:13:19,71
RBTR00001,Reboot Shortcut,15493,03/26/2022, 16:16:38,71
RBTR00001,Reboot Shortcut,15493,03/26/2022, 17:12:42,71
RBTR00001,Reboot Shortcut,15493,03/26/2022, 18:14:49,71
RBTR00001,Reboot Shortcut,15493,03/26/2022, 19:10:27,71
RBTR00001,Reboot Shortcut,15493,03/26/2022, 20:13:35,71
RBTR00001,Reboot Shortcut,15494,03/26/2022, 21:12:40,71
RBTR00001,Reboot Shortcut,15494,03/26/2022, 22:12:13,71
RBTR00001,Reboot Shortcut,15494,03/26/2022, 23:12:28,71
RBTR00001,Reboot Shortcut,15495,03/27/2022, 00:57:30,71
RBTR00001,Reboot Shortcut,15495,03/27/2022, 02:22:26,71
RBTR00001,Reboot Shortcut,15495,03/27/2022, 03:17:36,71
RBTR00001,Reboot Shortcut,15495,03/27/2022, 04:16:28,71
RBTR00001,Reboot Shortcut,15495,03/27/2022, 05:11:58,71
RBTR00001,Reboot Shortcut,15495,03/27/2022, 06:15:35,71
RBTR00001,Reboot Shortcut,15495,03/27/2022, 07:12:19,71
RBTR00001,Reboot Shortcut,15495,03/27/2022, 08:15:07,71
RBTR00001,Reboot Shortcut,15495,03/27/2022, 09:12:15,71
RBTR00001,Reboot Shortcut,15496,03/27/2022, 10:13:49,71
RBTR00001,Reboot Shortcut,15496,03/27/2022, 11:11:13,71
RBTR00001,Reboot Shortcut,15496,03/27/2022, 12:20:18,71
RBTR00001,Reboot Shortcut,15496,03/27/2022, 13:17:53,71
RBTR00001,Reboot Shortcut,15496,03/27/2022, 14:11:28,71
RBTR00001,Reboot Shortcut,15496,03/27/2022, 15:13:00,71
RBTR00001,Reboot Shortcut,15496,03/27/2022, 16:17:15,71
RBTR00001,Reboot Shortcut,15496,03/27/2022, 17:13:05,71
RBTR00001,Reboot Shortcut,15496,03/27/2022, 18:14:43,71
RBTR00001,Reboot Shortcut,15496,03/27/2022, 19:10:27,71
RBTR00001,Reboot Shortcut,15496,03/27/2022, 20:14:10,71
RBTR00001,Reboot Shortcut,15496,03/27/2022, 21:12:30,71
RBTR00001,Reboot Shortcut,15496,03/27/2022, 22:13:12,71
RBTR00001,Reboot Shortcut,15496,03/27/2022, 23:13:39,71
RBTR00001,Reboot Shortcut,15496,03/28/2022, 00:58:36,71
RBTR00001,Reboot Shortcut,15496,03/28/2022, 02:40:22,71
RBTR00001,Reboot Shortcut,15497,03/28/2022, 03:29:07,71
RBTR00001,Reboot Shortcut,15497,03/28/2022, 04:16:17,71
RBTR00001,Reboot Shortcut,15497,03/28/2022, 05:12:33,71
RBTR00001,Reboot Shortcut,15497,03/28/2022, 06:16:57,71
RBTR00001,Reboot Shortcut,15497,03/28/2022, 07:13:23,71
RBTR00001,Reboot Shortcut,15497,03/28/2022, 08:22:29,71
RBTR00001,Reboot Shortcut,15497,03/28/2022, 09:18:08,71
RBTR00001,Reboot Shortcut,15497,03/28/2022, 10:18:14,71
RBTR00001,Reboot Shortcut,15497,03/28/2022, 11:16:16,71
RBTR00001,Reboot Shortcut,15497,03/28/2022, 12:27:15,71
RBTR00001,Reboot Shortcut,15497,03/28/2022, 13:27:22,71
RBTR00001,Reboot Shortcut,15497,03/28/2022, 14:17:18,71
RBTR00001,Reboot Shortcut,15497,03/28/2022, 15:18:07,71
RBTR00001,Reboot Shortcut,15497,03/28/2022, 16:18:10,71
RBTR00001,Reboot Shortcut,15497,03/28/2022, 17:15:33,71
RBTR00001,Reboot Shortcut,15497,03/28/2022, 18:20:20,71
RBTR00001,Reboot Shortcut,15497,03/28/2022, 19:12:53,71
RBTR00001,Reboot Shortcut,15497,03/28/2022, 20:19:23,71
RBTR00001,Reboot Shortcut,15497,03/28/2022, 21:16:15,71
RBTR00001,Reboot Shortcut,15497,03/28/2022, 22:13:42,71
RBTR00001,Reboot Shortcut,15498,03/28/2022, 23:13:10,71
RBTR00001,Reboot Shortcut,15498,03/29/2022, 00:59:36,71
RBTR00001,Reboot Shortcut,15498,03/29/2022, 02:39:14,71
RBTR00001,Reboot Shortcut,15499,03/29/2022, 03:28:36,71
RBTR00001,Reboot Shortcut,15499,03/29/2022, 04:16:16,71
RBTR00001,Reboot Shortcut,15499,03/29/2022, 05:13:28,71
RBTR00001,Reboot Shortcut,15499,03/29/2022, 06:17:01,71
RBTR00001,Reboot Shortcut,15499,03/29/2022, 07:18:17,71
RBTR00001,Reboot Shortcut,15499,03/29/2022, 08:21:27,71
RBTR00001,Reboot Shortcut,15499,03/29/2022, 09:13:14,71
RBTR00001,Reboot Shortcut,15499,03/29/2022, 10:19:20,71
RBTR00001,Reboot Shortcut,15500,03/29/2022, 11:27:32,71
RBTR00001,Reboot Shortcut,15502,03/29/2022, 12:28:34,71
RBTR00001,Reboot Shortcut,15502,03/29/2022, 13:28:13,71
RBTR00001,Reboot Shortcut,15502,03/29/2022, 14:17:20,71
RBTR00001,Reboot Shortcut,15502,03/29/2022, 15:17:51,71
RBTR00001,Reboot Shortcut,15502,03/29/2022, 16:23:03,71
RBTR00001,Reboot Shortcut,15502,03/29/2022, 17:18:10,71
RBTR00001,Reboot Shortcut,15503,03/29/2022, 18:20:22,71
RBTR00001,Reboot Shortcut,15503,03/29/2022, 19:14:09,71
RBTR00001,Reboot Shortcut,15503,03/29/2022, 20:13:50,71
RBTR00001,Reboot Shortcut,15503,03/29/2022, 21:12:29,71
RBTR00001,Reboot Shortcut,15503,03/29/2022, 22:13:14,71
RBTR00001,Reboot Shortcut,15503,03/29/2022, 23:13:41,71
RBTR00001,Reboot Shortcut,15503,03/30/2022, 00:58:49,71
RBTR00001,Reboot Shortcut,15505,03/30/2022, 02:38:41,71
RBTR00001,Reboot Shortcut,15505,03/30/2022, 03:27:48,71
RBTR00001,Reboot Shortcut,15505,03/30/2022, 04:16:13,71
RBTR00001,Reboot Shortcut,15505,03/30/2022, 05:12:33,71
RBTR00001,Reboot Shortcut,15506,03/30/2022, 06:17:04,71
RBTR00001,Reboot Shortcut,15506,03/30/2022, 07:13:56,71
RBTR00001,Reboot Shortcut,15506,03/30/2022, 08:21:14,71
RBTR00001,Reboot Shortcut,15506,03/30/2022, 09:17:24,71
RBTR00001,Reboot Shortcut,15506,03/30/2022, 10:19:17,71
RBTR00001,Reboot Shortcut,15506,03/30/2022, 11:16:22,71
RBTR00001,Reboot Shortcut,15506,03/30/2022, 12:28:03,71
RBTR00001,Reboot Shortcut,15506,03/30/2022, 13:28:23,71
RBTR00001,Reboot Shortcut,15506,03/30/2022, 14:17:31,71
RBTR00001,Reboot Shortcut,15506,03/30/2022, 15:18:05,71
RBTR00001,Reboot Shortcut,15507,03/30/2022, 16:21:16,71
RBTR00001,Reboot Shortcut,15507,03/30/2022, 17:17:12,71
RBTR00001,Reboot Shortcut,15508,03/30/2022, 18:16:24,71
RBTR00001,Reboot Shortcut,15508,03/30/2022, 19:12:02,71
RBTR00001,Reboot Shortcut,15508,03/30/2022, 20:15:22,71
RBTR00001,Reboot Shortcut,15508,03/30/2022, 21:14:50,71
RBTR00001,Reboot Shortcut,15508,03/30/2022, 22:13:17,71
RBTR00001,Reboot Shortcut,15508,03/30/2022, 23:13:27,71
RBTR00001,Reboot Shortcut,15508,03/31/2022, 00:55:47,71
RBTR00001,Reboot Shortcut,15508,03/31/2022, 02:28:48,71
RBTR00001,Reboot Shortcut,15508,03/31/2022, 03:25:52,71
RBTR00001,Reboot Shortcut,15508,03/31/2022, 04:16:45,71
RBTR00001,Reboot Shortcut,15508,03/31/2022, 05:12:20,71
RBTR00001,Reboot Shortcut,15508,03/31/2022, 06:16:34,71
RBTR00001,Reboot Shortcut,15508,03/31/2022, 07:13:32,71
RBTR00001,Reboot Shortcut,15508,03/31/2022, 08:21:18,71
RBTR00001,Reboot Shortcut,15508,03/31/2022, 09:19:21,71
RBTR00001,Reboot Shortcut,15508,03/31/2022, 10:20:25,71
RBTR00001,Reboot Shortcut,15508,03/31/2022, 11:16:21,71
RBTR00001,Reboot Shortcut,15508,03/31/2022, 12:29:18,71
RBTR00001,Reboot Shortcut,15508,03/31/2022, 13:29:19,71
RBTR00001,Reboot Shortcut,15508,03/31/2022, 14:18:15,71
RBTR00001,Reboot Shortcut,15508,03/31/2022, 15:19:13,71
RBTR00001,Reboot Shortcut,15508,03/31/2022, 16:18:02,71
RBTR00001,Reboot Shortcut,15508,03/31/2022, 17:16:37,71
RBTR00001,Reboot Shortcut,15508,03/31/2022, 18:17:19,71
RBTR00001,Reboot Shortcut,15508,03/31/2022, 19:11:16,71
RBTR00001,Reboot Shortcut,15508,03/31/2022, 20:14:20,71
RBTR00001,Reboot Shortcut,15508,03/31/2022, 21:12:34,71
RBTR00001,Reboot Shortcut,15508,03/31/2022, 22:13:07,71
RBTR00001,Reboot Shortcut,15508,03/31/2022, 23:14:29,71
RBTR00001,Reboot Shortcut,15509,04/01/2022, 01:04:28,71
RBTR00001,Reboot Shortcut,15510,04/01/2022, 03:13:00,71
RBTR00001,Reboot Shortcut,15510,04/01/2022, 04:19:01,71
RBTR00001,Reboot Shortcut,15510,04/01/2022, 05:12:26,71
RBTR00001,Reboot Shortcut,15510,04/01/2022, 06:16:59,71
RBTR00001,Reboot Shortcut,15510,04/01/2022, 07:13:33,71
RBTR00001,Reboot Shortcut,15510,04/01/2022, 08:19:46,71
RBTR00001,Reboot Shortcut,15510,04/01/2022, 09:18:12,71
RBTR00001,Reboot Shortcut,15510,04/01/2022, 10:20:23,71
RBTR00001,Reboot Shortcut,15510,04/01/2022, 11:17:16,71
RBTR00001,Reboot Shortcut,15510,04/01/2022, 12:30:09,71
RBTR00001,Reboot Shortcut,15510,04/01/2022, 13:33:56,71
RBTR00001,Reboot Shortcut,15510,04/01/2022, 14:18:26,71
RBTR00001,Reboot Shortcut,15510,04/01/2022, 15:19:14,71
RBTR00001,Reboot Shortcut,15511,04/01/2022, 16:19:20,71
RBTR00001,Reboot Shortcut,15511,04/01/2022, 17:17:21,71
RBTR00001,Reboot Shortcut,15511,04/01/2022, 18:16:42,71
RBTR00001,Reboot Shortcut,15511,04/01/2022, 19:10:59,71
RBTR00001,Reboot Shortcut,15511,04/01/2022, 20:14:23,71
RBTR00001,Reboot Shortcut,15511,04/01/2022, 21:12:04,71
RBTR00001,Reboot Shortcut,15511,04/01/2022, 22:13:04,71
RBTR00001,Reboot Shortcut,15511,04/01/2022, 23:13:46,71
RBTR00001,Reboot Shortcut,15512,04/02/2022, 00:54:07,71
RBTR00001,Reboot Shortcut,15512,04/02/2022, 02:27:06,71
RBTR00001,Reboot Shortcut,15512,04/02/2022, 03:25:10,71
RBTR00001,Reboot Shortcut,15512,04/02/2022, 04:16:25,71
RBTR00001,Reboot Shortcut,15512,04/02/2022, 05:12:00,71
RBTR00001,Reboot Shortcut,15512,04/02/2022, 06:15:49,71
RBTR00001,Reboot Shortcut,15514,04/02/2022, 07:13:01,71
RBTR00001,Reboot Shortcut,15514,04/02/2022, 08:16:05,71
RBTR00001,Reboot Shortcut,15514,04/02/2022, 09:12:34,71
RBTR00001,Reboot Shortcut,15515,04/02/2022, 10:13:46,71
RBTR00001,Reboot Shortcut,15515,04/02/2022, 11:10:58,71
RBTR00001,Reboot Shortcut,15515,04/02/2022, 12:20:39,71
RBTR00001,Reboot Shortcut,15515,04/02/2022, 13:18:46,71
RBTR00001,Reboot Shortcut,15515,04/02/2022, 14:12:21,71
RBTR00001,Reboot Shortcut,15515,04/02/2022, 15:13:02,71
RBTR00001,Reboot Shortcut,15515,04/02/2022, 16:16:52,71
RBTR00001,Reboot Shortcut,15515,04/02/2022, 17:13:32,71
RBTR00001,Reboot Shortcut,15515,04/02/2022, 18:14:38,71
RBTR00001,Reboot Shortcut,15515,04/02/2022, 19:11:11,71
RBTR00001,Reboot Shortcut,15515,04/02/2022, 20:13:16,71
RBTR00001,Reboot Shortcut,15515,04/02/2022, 21:12:04,71
RBTR00001,Reboot Shortcut,15515,04/02/2022, 22:12:48,71
RBTR00001,Reboot Shortcut,15515,04/02/2022, 23:12:43,71
RBTR00001,Reboot Shortcut,15515,04/03/2022, 00:59:44,71
RBTR00001,Reboot Shortcut,15515,04/03/2022, 02:35:53,71
RBTR00001,Reboot Shortcut,15515,04/03/2022, 03:23:49,71
RBTR00001,Reboot Shortcut,15515,04/03/2022, 04:16:27,71
RBTR00001,Reboot Shortcut,15515,04/03/2022, 05:12:17,71
RBTR00001,Reboot Shortcut,15516,04/03/2022, 06:15:47,71
RBTR00001,Reboot Shortcut,15517,04/03/2022, 07:12:32,71
RBTR00001,Reboot Shortcut,15518,04/03/2022, 08:15:23,71
RBTR00001,Reboot Shortcut,15518,04/03/2022, 09:13:06,71
RBTR00001,Reboot Shortcut,15518,04/03/2022, 10:14:16,71
RBTR00001,Reboot Shortcut,15519,04/03/2022, 11:11:20,71
RBTR00001,Reboot Shortcut,15519,04/03/2022, 12:21:22,71
RBTR00001,Reboot Shortcut,15519,04/03/2022, 13:19:12,71
RBTR00001,Reboot Shortcut,15519,04/03/2022, 14:11:34,71
RBTR00001,Reboot Shortcut,15519,04/03/2022, 15:13:20,71
RBTR00001,Reboot Shortcut,15519,04/03/2022, 16:17:02,71
RBTR00001,Reboot Shortcut,15519,04/03/2022, 17:13:37,71
RBTR00001,Reboot Shortcut,15519,04/03/2022, 18:14:47,71
RBTR00001,Reboot Shortcut,15519,04/03/2022, 19:10:59,71
RBTR00001,Reboot Shortcut,15519,04/03/2022, 20:14:14,71
RBTR00001,Reboot Shortcut,15520,04/03/2022, 21:12:09,71
RBTR00001,Reboot Shortcut,15520,04/03/2022, 22:12:56,71
RBTR00001,Reboot Shortcut,15521,04/03/2022, 23:13:04,71
RBTR00001,Reboot Shortcut,15522,04/04/2022, 00:57:55,71
RBTR00001,Reboot Shortcut,15522,04/04/2022, 02:45:02,71
RBTR00001,Reboot Shortcut,15522,04/04/2022, 03:33:58,71
RBTR00001,Reboot Shortcut,15522,04/04/2022, 04:16:20,71
RBTR00001,Reboot Shortcut,15522,04/04/2022, 05:12:45,71
RBTR00001,Reboot Shortcut,15523,04/04/2022, 06:16:57,71
RBTR00001,Reboot Shortcut,15523,04/04/2022, 07:13:42,71
RBTR00001,Reboot Shortcut,15523,04/04/2022, 08:21:15,71
RBTR00001,Reboot Shortcut,15523,04/04/2022, 09:14:03,71
RBTR00001,Reboot Shortcut,15523,04/04/2022, 10:19:34,71
RBTR00001,Reboot Shortcut,15523,04/04/2022, 11:17:35,71
RBTR00001,Reboot Shortcut,15523,04/04/2022, 12:27:17,71
RBTR00001,Reboot Shortcut,15523,04/04/2022, 13:24:05,71
RBTR00001,Reboot Shortcut,15523,04/04/2022, 14:14:15,71
RBTR00001,Reboot Shortcut,15523,04/04/2022, 15:14:40,71
RBTR00001,Reboot Shortcut,15523,04/04/2022, 16:19:13,71
RBTR00001,Reboot Shortcut,15523,04/04/2022, 17:18:08,71
RBTR00001,Reboot Shortcut,15524,04/04/2022, 18:16:51,71
RBTR00001,Reboot Shortcut,15524,04/04/2022, 19:13:06,71
RBTR00001,Reboot Shortcut,15524,04/04/2022, 20:14:53,71
RBTR00001,Reboot Shortcut,15524,04/04/2022, 21:12:06,71
RBTR00001,Reboot Shortcut,15524,04/04/2022, 22:12:52,71
RBTR00001,Reboot Shortcut,15524,04/04/2022, 23:14:26,71
RBTR00001,Reboot Shortcut,15524,04/05/2022, 00:56:01,71
RBTR00001,Reboot Shortcut,15524,04/05/2022, 02:26:46,71
RBTR00001,Reboot Shortcut,15524,04/05/2022, 03:25:56,71
RBTR00001,Reboot Shortcut,15524,04/05/2022, 04:16:17,71
RBTR00001,Reboot Shortcut,15524,04/05/2022, 05:12:46,71
RBTR00001,Reboot Shortcut,15524,04/05/2022, 06:17:02,71
RBTR00001,Reboot Shortcut,15524,04/05/2022, 07:13:42,71
RBTR00001,Reboot Shortcut,15524,04/05/2022, 08:21:21,71
RBTR00001,Reboot Shortcut,15524,04/05/2022, 09:13:12,71
RBTR00001,Reboot Shortcut,15524,04/05/2022, 10:13:51,71
RBTR00001,Reboot Shortcut,15524,04/05/2022, 11:12:44,71
RBTR00001,Reboot Shortcut,15524,04/05/2022, 12:27:27,71
RBTR00001,Reboot Shortcut,15524,04/05/2022, 13:24:07,71
RBTR00001,Reboot Shortcut,15524,04/05/2022, 14:18:04,71
RBTR00001,Reboot Shortcut,15524,04/05/2022, 15:14:59,71
RBTR00001,Reboot Shortcut,15524,04/05/2022, 16:18:38,71
RBTR00001,Reboot Shortcut,15524,04/05/2022, 17:16:55,71
RBTR00001,Reboot Shortcut,15524,04/05/2022, 18:16:04,71
RBTR00001,Reboot Shortcut,15524,04/05/2022, 19:11:14,71
RBTR00001,Reboot Shortcut,15525,04/05/2022, 20:14:40,71
RBTR00001,Reboot Shortcut,15525,04/05/2022, 21:11:12,71
RBTR00001,Reboot Shortcut,15525,04/05/2022, 22:12:17,71
RBTR00001,Reboot Shortcut,15525,04/05/2022, 23:14:06,71
RBTR00001,Reboot Shortcut,15525,04/06/2022, 00:59:26,71
RBTR00001,Reboot Shortcut,15525,04/06/2022, 02:37:22,71
RBTR00001,Reboot Shortcut,15525,04/06/2022, 03:27:05,71
RBTR00001,Reboot Shortcut,15525,04/06/2022, 04:16:12,71
RBTR00001,Reboot Shortcut,15525,04/06/2022, 05:12:37,71
RBTR00001,Reboot Shortcut,15525,04/06/2022, 06:15:30,71
RBTR00001,Reboot Shortcut,15525,04/06/2022, 07:13:34,71
RBTR00001,Reboot Shortcut,15525,04/06/2022, 08:21:22,71
RBTR00001,Reboot Shortcut,15525,04/06/2022, 09:18:32,71
RBTR00001,Reboot Shortcut,15525,04/06/2022, 10:19:06,71
RBTR00001,Reboot Shortcut,15525,04/06/2022, 11:16:15,71
RBTR00001,Reboot Shortcut,15525,04/06/2022, 12:29:16,71
RBTR00001,Reboot Shortcut,15525,04/06/2022, 13:28:19,71
RBTR00001,Reboot Shortcut,15525,04/06/2022, 14:17:43,71
RBTR00001,Reboot Shortcut,15525,04/06/2022, 15:18:22,71
RBTR00001,Reboot Shortcut,15525,04/06/2022, 16:19:32,71
RBTR00001,Reboot Shortcut,15526,04/06/2022, 17:15:02,71
RBTR00001,Reboot Shortcut,15527,04/06/2022, 18:16:14,71
RBTR00001,Reboot Shortcut,15527,04/06/2022, 19:09:24,71
RBTR00001,Reboot Shortcut,15527,04/06/2022, 20:14:12,71
RBTR00001,Reboot Shortcut,15527,04/06/2022, 21:12:39,71
RBTR00001,Reboot Shortcut,15528,04/06/2022, 22:13:42,71
RBTR00001,Reboot Shortcut,15528,04/06/2022, 23:13:41,71
RBTR00001,Reboot Shortcut,15528,04/07/2022, 00:57:33,71
RBTR00001,Reboot Shortcut,15528,04/07/2022, 02:27:58,71
RBTR00001,Reboot Shortcut,15528,04/07/2022, 03:25:38,71
RBTR00001,Reboot Shortcut,15528,04/07/2022, 04:16:39,71
RBTR00001,Reboot Shortcut,15528,04/07/2022, 05:12:39,71
RBTR00001,Reboot Shortcut,15528,04/07/2022, 06:16:24,71
RBTR00001,Reboot Shortcut,15528,04/07/2022, 07:13:32,71
RBTR00001,Reboot Shortcut,15528,04/07/2022, 08:17:55,71
RBTR00001,Reboot Shortcut,15528,04/07/2022, 09:18:21,71
RBTR00001,Reboot Shortcut,15528,04/07/2022, 10:18:17,71
RBTR00001,Reboot Shortcut,15528,04/07/2022, 11:12:19,71
RBTR00001,Reboot Shortcut,15528,04/07/2022, 12:23:55,71
RBTR00001,Reboot Shortcut,15528,04/07/2022, 13:28:38,71
RBTR00001,Reboot Shortcut,15529,04/07/2022, 14:14:56,71
RBTR00001,Reboot Shortcut,15529,04/07/2022, 15:13:09,71
RBTR00001,Reboot Shortcut,15531,04/07/2022, 16:18:12,71
RBTR00001,Reboot Shortcut,15531,04/07/2022, 17:17:19,71
RBTR00001,Reboot Shortcut,15531,04/07/2022, 18:15:42,71
RBTR00001,Reboot Shortcut,15531,04/07/2022, 19:11:16,71
RBTR00001,Reboot Shortcut,15531,04/07/2022, 20:14:23,71
RBTR00001,Reboot Shortcut,15531,04/07/2022, 21:12:23,71
RBTR00001,Reboot Shortcut,15531,04/07/2022, 22:13:22,71
RBTR00001,Reboot Shortcut,15531,04/07/2022, 23:13:34,71
RBTR00001,Reboot Shortcut,15531,04/08/2022, 00:57:46,71
RBTR00001,Reboot Shortcut,15531,04/08/2022, 02:42:31,71
RBTR00001,Reboot Shortcut,15531,04/08/2022, 03:32:40,71
RBTR00001,Reboot Shortcut,15532,04/08/2022, 04:16:19,71
RBTR00001,Reboot Shortcut,15532,04/08/2022, 05:12:23,71
RBTR00001,Reboot Shortcut,15532,04/08/2022, 06:16:44,71
RBTR00001,Reboot Shortcut,15532,04/08/2022, 07:13:56,71
RBTR00001,Reboot Shortcut,15532,04/08/2022, 08:21:15,71
RBTR00001,Reboot Shortcut,15532,04/08/2022, 09:18:03,71
RBTR00001,Reboot Shortcut,15532,04/08/2022, 10:18:22,71
RBTR00001,Reboot Shortcut,15532,04/08/2022, 11:12:35,71
RBTR00001,Reboot Shortcut,15532,04/08/2022, 12:24:09,71
RBTR00001,Reboot Shortcut,15532,04/08/2022, 13:32:17,71
RBTR00001,Reboot Shortcut,15532,04/08/2022, 14:17:43,71
RBTR00001,Reboot Shortcut,15532,04/08/2022, 15:19:17,71
RBTR00001,Reboot Shortcut,15532,04/08/2022, 16:23:21,71
RBTR00001,Reboot Shortcut,15532,04/08/2022, 17:19:44,71
RBTR00001,Reboot Shortcut,15533,04/08/2022, 18:20:00,71
RBTR00001,Reboot Shortcut,15533,04/08/2022, 19:11:55,71
RBTR00001,Reboot Shortcut,15533,04/08/2022, 20:14:22,71
RBTR00001,Reboot Shortcut,15533,04/08/2022, 21:17:31,71
RBTR00001,Reboot Shortcut,15533,04/08/2022, 22:13:40,71
RBTR00001,Reboot Shortcut,15534,04/08/2022, 23:13:17,71
RBTR00001,Reboot Shortcut,15534,04/09/2022, 00:56:30,71
RBTR00001,Reboot Shortcut,15534,04/09/2022, 02:22:49,71
RBTR00001,Reboot Shortcut,15534,04/09/2022, 03:21:47,71
RBTR00001,Reboot Shortcut,15534,04/09/2022, 04:16:24,71
RBTR00001,Reboot Shortcut,15534,04/09/2022, 05:11:56,71
RBTR00001,Reboot Shortcut,15534,04/09/2022, 06:16:09,71
RBTR00001,Reboot Shortcut,15534,04/09/2022, 07:12:52,71
RBTR00001,Reboot Shortcut,15534,04/09/2022, 08:15:25,71
RBTR00001,Reboot Shortcut,15534,04/09/2022, 09:12:40,71
RBTR00001,Reboot Shortcut,15534,04/09/2022, 10:13:47,71
RBTR00001,Reboot Shortcut,15534,04/09/2022, 11:11:20,71
RBTR00001,Reboot Shortcut,15534,04/09/2022, 12:20:41,71
RBTR00001,Reboot Shortcut,15534,04/09/2022, 13:19:27,71
RBTR00001,Reboot Shortcut,15534,04/09/2022, 14:12:10,71
RBTR00001,Reboot Shortcut,15535,04/09/2022, 15:13:30,71
RBTR00001,Reboot Shortcut,15536,04/09/2022, 16:17:07,71
RBTR00001,Reboot Shortcut,15537,04/09/2022, 17:13:57,71
RBTR00001,Reboot Shortcut,15537,04/09/2022, 18:15:01,71
RBTR00001,Reboot Shortcut,15537,04/09/2022, 19:10:39,71
RBTR00001,Reboot Shortcut,15537,04/09/2022, 20:14:05,71
RBTR00001,Reboot Shortcut,15537,04/09/2022, 21:11:29,71
RBTR00001,Reboot Shortcut,15537,04/09/2022, 22:13:30,71
RBTR00001,Reboot Shortcut,15537,04/09/2022, 23:12:53,71
RBTR00001,Reboot Shortcut,15537,04/10/2022, 00:59:39,71
RBTR00001,Reboot Shortcut,15537,04/10/2022, 02:37:59,71
RBTR00001,Reboot Shortcut,15537,04/10/2022, 03:26:51,71
RBTR00001,Reboot Shortcut,15538,04/10/2022, 04:16:04,71
RBTR00001,Reboot Shortcut,15538,04/10/2022, 05:12:12,71
RBTR00001,Reboot Shortcut,15538,04/10/2022, 06:16:07,71
RBTR00001,Reboot Shortcut,15538,04/10/2022, 07:12:53,71
RBTR00001,Reboot Shortcut,15538,04/10/2022, 08:15:27,71
RBTR00001,Reboot Shortcut,15538,04/10/2022, 09:12:52,71
RBTR00001,Reboot Shortcut,15538,04/10/2022, 10:13:58,71
RBTR00001,Reboot Shortcut,15538,04/10/2022, 11:11:51,71
RBTR00001,Reboot Shortcut,15539,04/10/2022, 12:20:52,71
RBTR00001,Reboot Shortcut,15539,04/10/2022, 13:19:44,71
RBTR00001,Reboot Shortcut,15539,04/10/2022, 14:11:43,71
RBTR00001,Reboot Shortcut,15539,04/10/2022, 15:13:29,71
RBTR00001,Reboot Shortcut,15539,04/10/2022, 16:17:09,71
RBTR00001,Reboot Shortcut,15539,04/10/2022, 17:14:08,71
RBTR00001,Reboot Shortcut,15540,04/10/2022, 18:15:40,71
RBTR00001,Reboot Shortcut,15540,04/10/2022, 19:10:51,71
RBTR00001,Reboot Shortcut,15540,04/10/2022, 20:13:17,71
RBTR00001,Reboot Shortcut,15540,04/10/2022, 21:11:27,71
RBTR00001,Reboot Shortcut,15540,04/10/2022, 22:13:33,71
RBTR00001,Reboot Shortcut,15541,04/10/2022, 23:12:56,71
RBTR00001,Reboot Shortcut,15542,04/11/2022, 00:58:12,71
RBTR00001,Reboot Shortcut,15542,04/11/2022, 02:49:11,71
RBTR00001,Reboot Shortcut,15542,04/11/2022, 03:40:27,71
RBTR00001,Reboot Shortcut,15542,04/11/2022, 04:17:46,71
RBTR00001,Reboot Shortcut,15542,04/11/2022, 05:12:35,71
RBTR00001,Reboot Shortcut,15542,04/11/2022, 06:17:22,71
RBTR00001,Reboot Shortcut,15542,04/11/2022, 07:18:07,71
RBTR00001,Reboot Shortcut,15542,04/11/2022, 08:21:31,71
RBTR00001,Reboot Shortcut,15542,04/11/2022, 09:13:55,71
RBTR00001,Reboot Shortcut,15542,04/11/2022, 10:18:39,71
RBTR00001,Reboot Shortcut,15542,04/11/2022, 11:16:25,71
RBTR00001,Reboot Shortcut,15542,04/11/2022, 12:28:31,71
RBTR00001,Reboot Shortcut,15543,04/11/2022, 13:25:40,71
RBTR00001,Reboot Shortcut,15543,04/11/2022, 14:17:37,71
RBTR00001,Reboot Shortcut,15543,04/11/2022, 15:19:32,71
RBTR00001,Reboot Shortcut,15543,04/11/2022, 16:19:18,71
RBTR00001,Reboot Shortcut,15543,04/11/2022, 17:18:46,71
RBTR00001,Reboot Shortcut,15543,04/11/2022, 18:17:13,71
RBTR00001,Reboot Shortcut,15543,04/11/2022, 19:11:19,71
RBTR00001,Reboot Shortcut,15543,04/11/2022, 20:15:45,71
RBTR00001,Reboot Shortcut,15543,04/11/2022, 21:12:26,71
RBTR00001,Reboot Shortcut,15543,04/11/2022, 22:13:23,71
RBTR00001,Reboot Shortcut,15543,04/11/2022, 23:14:30,71
RBTR00001,Reboot Shortcut,15543,04/12/2022, 00:57:10,71
RBTR00001,Reboot Shortcut,15544,04/12/2022, 02:40:22,71
RBTR00001,Reboot Shortcut,15544,04/12/2022, 03:31:42,71
RBTR00001,Reboot Shortcut,15545,04/12/2022, 04:16:12,71
RBTR00001,Reboot Shortcut,15545,04/12/2022, 05:12:31,71
RBTR00001,Reboot Shortcut,15545,04/12/2022, 06:16:47,71
RBTR00001,Reboot Shortcut,15545,04/12/2022, 07:13:43,71
RBTR00001,Reboot Shortcut,15545,04/12/2022, 08:21:56,71
RBTR00001,Reboot Shortcut,15545,04/12/2022, 09:13:35,71
RBTR00001,Reboot Shortcut,15545,04/12/2022, 10:20:18,71
RBTR00001,Reboot Shortcut,15545,04/12/2022, 11:16:16,71
RBTR00001,Reboot Shortcut,15545,04/12/2022, 12:27:14,71
RBTR00001,Reboot Shortcut,15545,04/12/2022, 13:28:20,71
RBTR00001,Reboot Shortcut,15545,04/12/2022, 14:12:56,71
RBTR00001,Reboot Shortcut,15545,04/12/2022, 15:14:57,71
RBTR00001,Reboot Shortcut,15545,04/12/2022, 16:22:14,71
RBTR00001,Reboot Shortcut,15545,04/12/2022, 17:16:43,71
RBTR00001,Reboot Shortcut,15545,04/12/2022, 18:16:09,71
RBTR00001,Reboot Shortcut,15545,04/12/2022, 19:11:27,71
RBTR00001,Reboot Shortcut,15545,04/12/2022, 20:14:10,71
RBTR00001,Reboot Shortcut,15545,04/12/2022, 21:12:03,71
RBTR00001,Reboot Shortcut,15545,04/12/2022, 22:13:00,71
RBTR00001,Reboot Shortcut,15545,04/12/2022, 23:13:35,71
RBTR00001,Reboot Shortcut,15545,04/13/2022, 01:03:22,71
RBTR00001,Reboot Shortcut,15545,04/13/2022, 03:00:46,71
RBTR00001,Reboot Shortcut,15545,04/13/2022, 03:39:49,71
RBTR00001,Reboot Shortcut,15545,04/13/2022, 04:17:30,71
RBTR00001,Reboot Shortcut,15545,04/13/2022, 05:12:48,71
RBTR00001,Reboot Shortcut,15545,04/13/2022, 06:17:12,71
RBTR00001,Reboot Shortcut,15545,04/13/2022, 07:14:02,71
RBTR00001,Reboot Shortcut,15545,04/13/2022, 08:17:38,71
RBTR00001,Reboot Shortcut,15545,04/13/2022, 09:13:33,71
RBTR00001,Reboot Shortcut,15545,04/13/2022, 10:19:22,71
RBTR00001,Reboot Shortcut,15545,04/13/2022, 11:14:04,71
RBTR00001,Reboot Shortcut,15545,04/13/2022, 12:24:56,71
RBTR00001,Reboot Shortcut,15545,04/13/2022, 13:28:06,71
RBTR00001,Reboot Shortcut,15545,04/13/2022, 14:20:06,71
RBTR00001,Reboot Shortcut,15545,04/13/2022, 15:18:38,71
RBTR00001,Reboot Shortcut,15545,04/13/2022, 16:18:51,71
RBTR00001,Reboot Shortcut,15545,04/13/2022, 17:22:18,71
RBTR00001,Reboot Shortcut,15546,04/13/2022, 18:15:36,71
RBTR00001,Reboot Shortcut,15546,04/13/2022, 19:12:31,71
RBTR00001,Reboot Shortcut,15548,04/13/2022, 20:17:52,71
RBTR00001,Reboot Shortcut,15549,04/13/2022, 21:12:30,71
RBTR00001,Reboot Shortcut,15549,04/13/2022, 22:13:04,71
RBTR00001,Reboot Shortcut,15549,04/13/2022, 23:13:00,71
RBTR00001,Reboot Shortcut,15549,04/14/2022, 01:05:26,71
RBTR00001,Reboot Shortcut,15549,04/14/2022, 03:02:22,71
RBTR00001,Reboot Shortcut,15551,04/14/2022, 04:16:12,71
RBTR00001,Reboot Shortcut,15551,04/14/2022, 05:12:56,71
RBTR00001,Reboot Shortcut,15551,04/14/2022, 06:17:17,71
RBTR00001,Reboot Shortcut,15551,04/14/2022, 07:13:54,71
RBTR00001,Reboot Shortcut,15551,04/14/2022, 08:21:45,71
RBTR00001,Reboot Shortcut,15551,04/14/2022, 09:18:12,71
RBTR00001,Reboot Shortcut,15551,04/14/2022, 10:14:53,71
RBTR00001,Reboot Shortcut,15551,04/14/2022, 11:16:18,71
RBTR00001,Reboot Shortcut,15551,04/14/2022, 12:28:46,71
RBTR00001,Reboot Shortcut,15551,04/14/2022, 13:27:47,71
RBTR00001,Reboot Shortcut,15552,04/14/2022, 14:17:17,71
RBTR00001,Reboot Shortcut,15552,04/14/2022, 15:18:31,71
RBTR00001,Reboot Shortcut,15552,04/14/2022, 16:19:39,71
RBTR00001,Reboot Shortcut,15552,04/14/2022, 17:18:17,71
RBTR00001,Reboot Shortcut,15552,04/14/2022, 18:16:15,71
RBTR00001,Reboot Shortcut,15552,04/14/2022, 19:12:42,71
RBTR00001,Reboot Shortcut,15552,04/14/2022, 20:14:57,71
RBTR00001,Reboot Shortcut,15552,04/14/2022, 21:12:20,71
RBTR00001,Reboot Shortcut,15552,04/14/2022, 22:14:59,71
RBTR00001,Reboot Shortcut,15554,04/14/2022, 23:13:34,71
RBTR00001,Reboot Shortcut,15554,04/15/2022, 01:00:15,71
RBTR00001,Reboot Shortcut,15554,04/15/2022, 03:06:29,71
RBTR00001,Reboot Shortcut,15554,04/15/2022, 04:32:05,71
RBTR00001,Reboot Shortcut,15554,04/15/2022, 05:18:59,71
RBTR00001,Reboot Shortcut,15554,04/15/2022, 06:16:50,71
RBTR00001,Reboot Shortcut,15554,04/15/2022, 07:13:37,71
RBTR00001,Reboot Shortcut,15554,04/15/2022, 08:17:05,71
RBTR00001,Reboot Shortcut,15554,04/15/2022, 09:13:21,71
RBTR00001,Reboot Shortcut,15554,04/15/2022, 10:14:49,71
RBTR00001,Reboot Shortcut,15554,04/15/2022, 11:11:39,71
RBTR00001,Reboot Shortcut,15554,04/15/2022, 12:21:54,71
RBTR00001,Reboot Shortcut,15554,04/15/2022, 13:22:49,71
RBTR00001,Reboot Shortcut,15554,04/15/2022, 14:12:45,71
RBTR00001,Reboot Shortcut,15554,04/15/2022, 15:14:01,71
RBTR00001,Reboot Shortcut,15554,04/15/2022, 16:18:18,71
RBTR00001,Reboot Shortcut,15554,04/15/2022, 17:18:00,71
RBTR00001,Reboot Shortcut,15554,04/15/2022, 18:16:10,71
RBTR00001,Reboot Shortcut,15556,04/15/2022, 19:12:11,71
RBTR00001,Reboot Shortcut,15556,04/15/2022, 20:14:22,71
RBTR00001,Reboot Shortcut,15556,04/15/2022, 21:12:12,71
RBTR00001,Reboot Shortcut,15556,04/15/2022, 22:13:16,71
RBTR00001,Reboot Shortcut,15556,04/15/2022, 23:14:03,71
RBTR00001,Reboot Shortcut,15557,04/16/2022, 00:58:03,71
RBTR00001,Reboot Shortcut,15557,04/16/2022, 02:26:02,71
RBTR00001,Reboot Shortcut,15557,04/16/2022, 03:24:18,71
RBTR00001,Reboot Shortcut,15557,04/16/2022, 04:16:43,71
RBTR00001,Reboot Shortcut,15558,04/16/2022, 05:12:08,71
RBTR00001,Reboot Shortcut,15558,04/16/2022, 06:16:03,71
RBTR00001,Reboot Shortcut,15558,04/16/2022, 07:12:55,71
RBTR00001,Reboot Shortcut,15559,04/16/2022, 08:16:06,71
RBTR00001,Reboot Shortcut,15559,04/16/2022, 09:12:46,71
RBTR00001,Reboot Shortcut,15559,04/16/2022, 10:15:12,71
RBTR00001,Reboot Shortcut,15560,04/16/2022, 11:11:45,71
RBTR00001,Reboot Shortcut,15560,04/16/2022, 12:21:25,71
RBTR00001,Reboot Shortcut,15560,04/16/2022, 13:20:46,71
RBTR00001,Reboot Shortcut,15560,04/16/2022, 14:12:13,71
RBTR00001,Reboot Shortcut,15560,04/16/2022, 15:13:18,71
RBTR00001,Reboot Shortcut,15560,04/16/2022, 16:17:34,71
RBTR00001,Reboot Shortcut,15561,04/16/2022, 17:14:33,71
RBTR00001,Reboot Shortcut,15561,04/16/2022, 18:15:39,71
RBTR00001,Reboot Shortcut,15561,04/16/2022, 19:10:55,71
RBTR00001,Reboot Shortcut,15561,04/16/2022, 20:13:20,71
RBTR00001,Reboot Shortcut,15561,04/16/2022, 21:11:39,71
RBTR00001,Reboot Shortcut,15562,04/16/2022, 22:12:36,71
RBTR00001,Reboot Shortcut,15562,04/16/2022, 23:13:07,71
RBTR00001,Reboot Shortcut,15562,04/17/2022, 01:01:08,71
RBTR00001,Reboot Shortcut,15562,04/17/2022, 02:52:44,71
RBTR00001,Reboot Shortcut,15562,04/17/2022, 03:27:09,71
RBTR00001,Reboot Shortcut,15563,04/17/2022, 04:16:18,71
RBTR00001,Reboot Shortcut,15563,04/17/2022, 05:12:13,71
RBTR00001,Reboot Shortcut,15563,04/17/2022, 06:16:10,71
RBTR00001,Reboot Shortcut,15563,04/17/2022, 07:13:10,71
RBTR00001,Reboot Shortcut,15563,04/17/2022, 08:16:16,71
RBTR00001,Reboot Shortcut,15563,04/17/2022, 09:13:16,71
RBTR00001,Reboot Shortcut,15563,04/17/2022, 10:14:01,71
RBTR00001,Reboot Shortcut,15563,04/17/2022, 11:11:24,71
RBTR00001,Reboot Shortcut,15563,04/17/2022, 12:21:15,71
RBTR00001,Reboot Shortcut,15564,04/17/2022, 13:20:38,71
RBTR00001,Reboot Shortcut,15565,04/17/2022, 14:12:17,71
RBTR00001,Reboot Shortcut,15565,04/17/2022, 15:13:25,71
RBTR00001,Reboot Shortcut,15565,04/17/2022, 16:17:24,71
RBTR00001,Reboot Shortcut,15565,04/17/2022, 17:14:31,71
RBTR00001,Reboot Shortcut,15565,04/17/2022, 18:15:34,71
RBTR00001,Reboot Shortcut,15565,04/17/2022, 19:11:08,71
RBTR00001,Reboot Shortcut,15565,04/17/2022, 20:13:36,71
RBTR00001,Reboot Shortcut,15565,04/17/2022, 21:11:39,71
RBTR00001,Reboot Shortcut,15565,04/17/2022, 22:13:01,71
RBTR00001,Reboot Shortcut,15566,04/17/2022, 23:13:53,71
RBTR00001,Reboot Shortcut,15566,04/18/2022, 01:06:43,71
RBTR00001,Reboot Shortcut,15566,04/18/2022, 03:11:43,71
RBTR00001,Reboot Shortcut,15567,04/18/2022, 04:20:36,71
RBTR00001,Reboot Shortcut,15567,04/18/2022, 05:13:57,71
RBTR00001,Reboot Shortcut,15567,04/18/2022, 06:17:30,71
RBTR00001,Reboot Shortcut,15567,04/18/2022, 07:13:47,71
RBTR00001,Reboot Shortcut,15567,04/18/2022, 08:17:15,71
RBTR00001,Reboot Shortcut,15567,04/18/2022, 09:13:46,71
RBTR00001,Reboot Shortcut,15567,04/18/2022, 10:15:46,71
RBTR00001,Reboot Shortcut,15567,04/18/2022, 11:11:53,71
RBTR00001,Reboot Shortcut,15567,04/18/2022, 12:23:47,71
RBTR00001,Reboot Shortcut,15567,04/18/2022, 13:25:55,71
RBTR00001,Reboot Shortcut,15567,04/18/2022, 14:12:53,71
RBTR00001,Reboot Shortcut,15567,04/18/2022, 15:13:34,71
RBTR00001,Reboot Shortcut,15567,04/18/2022, 16:19:38,71
RBTR00001,Reboot Shortcut,15567,04/18/2022, 17:19:43,71
RBTR00001,Reboot Shortcut,15567,04/18/2022, 18:17:40,71
RBTR00001,Reboot Shortcut,15567,04/18/2022, 19:11:05,71
RBTR00001,Reboot Shortcut,15567,04/18/2022, 20:14:40,71
RBTR00001,Reboot Shortcut,15567,04/18/2022, 21:12:14,71
RBTR00001,Reboot Shortcut,15568,04/18/2022, 22:14:25,71
RBTR00001,Reboot Shortcut,15569,04/18/2022, 23:11:13,71
RBTR00001,Reboot Shortcut,15569,04/19/2022, 01:10:09,71
RBTR00001,Reboot Shortcut,15570,04/19/2022, 03:20:48,71
RBTR00001,Reboot Shortcut,15570,04/19/2022, 04:29:35,71
RBTR00001,Reboot Shortcut,15570,04/19/2022, 05:20:57,71
RBTR00001,Reboot Shortcut,15570,04/19/2022, 06:17:30,71
RBTR00001,Reboot Shortcut,15570,04/19/2022, 07:13:37,71
RBTR00001,Reboot Shortcut,15570,04/19/2022, 08:22:18,71
RBTR00001,Reboot Shortcut,15570,04/19/2022, 09:13:48,71
RBTR00001,Reboot Shortcut,15570,04/19/2022, 10:19:28,71
RBTR00001,Reboot Shortcut,15570,04/19/2022, 11:12:42,71
RBTR00001,Reboot Shortcut,15570,04/19/2022, 12:32:12,71
RBTR00001,Reboot Shortcut,15570,04/19/2022, 13:33:13,71
RBTR00001,Reboot Shortcut,15570,04/19/2022, 14:13:15,71
RBTR00001,Reboot Shortcut,15570,04/19/2022, 15:14:35,71
RBTR00001,Reboot Shortcut,15570,04/19/2022, 16:19:29,71
RBTR00001,Reboot Shortcut,15570,04/19/2022, 17:22:54,71
RBTR00001,Reboot Shortcut,15570,04/19/2022, 18:17:40,71
RBTR00001,Reboot Shortcut,15570,04/19/2022, 19:11:37,71
RBTR00001,Reboot Shortcut,15570,04/19/2022, 20:15:36,71
RBTR00001,Reboot Shortcut,15570,04/19/2022, 21:12:27,71
RBTR00001,Reboot Shortcut,15570,04/19/2022, 22:14:45,71
RBTR00001,Reboot Shortcut,15571,04/19/2022, 23:12:13,71
RBTR00001,Reboot Shortcut,15572,04/20/2022, 01:16:14,71
RBTR00001,Reboot Shortcut,15572,04/20/2022, 03:37:16,71
RBTR00001,Reboot Shortcut,15572,04/20/2022, 04:41:53,71
RBTR00001,Reboot Shortcut,15572,04/20/2022, 05:31:47,71
RBTR00001,Reboot Shortcut,15572,04/20/2022, 06:17:38,71
RBTR00001,Reboot Shortcut,15572,04/20/2022, 07:13:52,71
RBTR00001,Reboot Shortcut,15572,04/20/2022, 08:24:25,71
RBTR00001,Reboot Shortcut,15572,04/20/2022, 09:18:18,71
RBTR00001,Reboot Shortcut,15572,04/20/2022, 10:19:13,71
RBTR00001,Reboot Shortcut,15572,04/20/2022, 11:16:25,71
RBTR00001,Reboot Shortcut,15572,04/20/2022, 12:28:08,71
RBTR00001,Reboot Shortcut,15572,04/20/2022, 13:32:22,71
RBTR00001,Reboot Shortcut,15572,04/20/2022, 14:13:19,71
RBTR00001,Reboot Shortcut,15573,04/20/2022, 15:15:47,71
RBTR00001,Reboot Shortcut,15573,04/20/2022, 16:19:28,71
RBTR00001,Reboot Shortcut,15573,04/20/2022, 17:24:07,71
RBTR00001,Reboot Shortcut,15573,04/20/2022, 18:15:54,71
RBTR00001,Reboot Shortcut,15573,04/20/2022, 19:11:44,71
RBTR00001,Reboot Shortcut,15573,04/20/2022, 20:15:48,71
RBTR00001,Reboot Shortcut,15573,04/20/2022, 21:12:00,71
RBTR00001,Reboot Shortcut,15573,04/20/2022, 22:13:49,71
RBTR00001,Reboot Shortcut,15573,04/20/2022, 23:15:22,71
RBTR00001,Reboot Shortcut,15573,04/21/2022, 01:05:30,71
RBTR00001,Reboot Shortcut,15574,04/21/2022, 03:23:38,71
RBTR00001,Reboot Shortcut,15575,04/21/2022, 04:39:21,71
RBTR00001,Reboot Shortcut,15575,04/21/2022, 05:33:29,71
RBTR00001,Reboot Shortcut,15575,04/21/2022, 06:16:50,71
RBTR00001,Reboot Shortcut,15575,04/21/2022, 07:13:09,71
RBTR00001,Reboot Shortcut,15575,04/21/2022, 08:23:14,71
RBTR00001,Reboot Shortcut,15575,04/21/2022, 09:19:28,71
RBTR00001,Reboot Shortcut,15575,04/21/2022, 10:20:21,71
RBTR00001,Reboot Shortcut,15575,04/21/2022, 11:17:22,71
RBTR00001,Reboot Shortcut,15575,04/21/2022, 12:25:04,71
RBTR00001,Reboot Shortcut,15575,04/21/2022, 13:32:39,71
RBTR00001,Reboot Shortcut,15575,04/21/2022, 14:13:46,71
RBTR00001,Reboot Shortcut,15575,04/21/2022, 15:17:41,71
RBTR00001,Reboot Shortcut,15575,04/21/2022, 16:22:44,71
RBTR00001,Reboot Shortcut,15575,04/21/2022, 17:22:57,71
RBTR00001,Reboot Shortcut,15576,04/21/2022, 18:18:11,71
RBTR00001,Reboot Shortcut,15576,04/21/2022, 19:10:16,71
RBTR00001,Reboot Shortcut,15577,04/21/2022, 20:15:53,71
RBTR00001,Reboot Shortcut,15577,04/21/2022, 21:12:34,71
RBTR00001,Reboot Shortcut,15577,04/21/2022, 22:13:32,71
RBTR00001,Reboot Shortcut,15577,04/21/2022, 23:13:40,71
RBTR00001,Reboot Shortcut,15577,04/22/2022, 01:05:54,71
RBTR00001,Reboot Shortcut,15577,04/22/2022, 03:41:17,71
RBTR00001,Reboot Shortcut,15577,04/22/2022, 04:41:56,71
RBTR00001,Reboot Shortcut,15577,04/22/2022, 05:33:03,71
RBTR00001,Reboot Shortcut,15577,04/22/2022, 06:17:16,71
RBTR00001,Reboot Shortcut,15577,04/22/2022, 07:13:34,71
RBTR00001,Reboot Shortcut,15577,04/22/2022, 08:18:51,71
RBTR00001,Reboot Shortcut,15577,04/22/2022, 09:19:17,71
RBTR00001,Reboot Shortcut,15577,04/22/2022, 10:18:08,71
RBTR00001,Reboot Shortcut,15577,04/22/2022, 11:12:09,71
RBTR00001,Reboot Shortcut,15577,04/22/2022, 12:30:13,71
RBTR00001,Reboot Shortcut,15577,04/22/2022, 13:32:51,71
RBTR00001,Reboot Shortcut,15577,04/22/2022, 14:18:11,71
RBTR00001,Reboot Shortcut,15577,04/22/2022, 15:14:37,71
RBTR00001,Reboot Shortcut,15577,04/22/2022, 16:19:57,71
RBTR00001,Reboot Shortcut,15578,04/22/2022, 17:21:55,71
RBTR00001,Reboot Shortcut,15578,04/22/2022, 18:16:28,71
RBTR00001,Reboot Shortcut,15578,04/22/2022, 19:11:44,71
RBTR00001,Reboot Shortcut,15578,04/22/2022, 20:14:35,71
RBTR00001,Reboot Shortcut,15579,04/22/2022, 21:12:30,71
RBTR00001,Reboot Shortcut,15579,04/22/2022, 22:14:18,71
RBTR00001,Reboot Shortcut,15579,04/22/2022, 23:13:49,71
RBTR00001,Reboot Shortcut,15579,04/23/2022, 01:00:07,71
RBTR00001,Reboot Shortcut,15579,04/23/2022, 02:40:49,71
RBTR00001,Reboot Shortcut,15579,04/23/2022, 03:31:45,71
RBTR00001,Reboot Shortcut,15580,04/23/2022, 04:16:05,71
RBTR00001,Reboot Shortcut,15580,04/23/2022, 05:12:06,71
RBTR00001,Reboot Shortcut,15580,04/23/2022, 06:16:08,71
RBTR00001,Reboot Shortcut,15580,04/23/2022, 07:13:28,71
RBTR00001,Reboot Shortcut,15580,04/23/2022, 08:15:45,71
RBTR00001,Reboot Shortcut,15580,04/23/2022, 09:12:58,71
RBTR00001,Reboot Shortcut,15580,04/23/2022, 10:14:39,71
RBTR00001,Reboot Shortcut,15581,04/23/2022, 11:11:20,71
RBTR00001,Reboot Shortcut,15581,04/23/2022, 12:21:40,71
RBTR00001,Reboot Shortcut,15581,04/23/2022, 13:21:39,71
RBTR00001,Reboot Shortcut,15581,04/23/2022, 14:12:41,71
RBTR00001,Reboot Shortcut,15581,04/23/2022, 15:14:12,71
RBTR00001,Reboot Shortcut,15581,04/23/2022, 16:18:03,71
RBTR00001,Reboot Shortcut,15582,04/23/2022, 17:15:27,71
RBTR00001,Reboot Shortcut,15582,04/23/2022, 18:15:23,71
RBTR00001,Reboot Shortcut,15582,04/23/2022, 19:11:08,71
RBTR00001,Reboot Shortcut,15582,04/23/2022, 20:14:13,71
RBTR00001,Reboot Shortcut,15582,04/23/2022, 21:11:55,71
RBTR00001,Reboot Shortcut,15583,04/23/2022, 22:13:11,71
RBTR00001,Reboot Shortcut,15583,04/23/2022, 23:13:36,71
RBTR00001,Reboot Shortcut,15583,04/24/2022, 00:58:36,71
RBTR00001,Reboot Shortcut,15583,04/24/2022, 02:36:28,71
RBTR00001,Reboot Shortcut,15583,04/24/2022, 03:25:20,71
RBTR00001,Reboot Shortcut,15583,04/24/2022, 04:16:39,71
RBTR00001,Reboot Shortcut,15583,04/24/2022, 05:12:46,71
RBTR00001,Reboot Shortcut,15583,04/24/2022, 06:16:39,71
RBTR00001,Reboot Shortcut,15583,04/24/2022, 07:13:14,71
RBTR00001,Reboot Shortcut,15583,04/24/2022, 08:16:31,71
RBTR00001,Reboot Shortcut,15583,04/24/2022, 09:13:31,71
RBTR00001,Reboot Shortcut,15584,04/24/2022, 10:14:06,71
RBTR00001,Reboot Shortcut,15584,04/24/2022, 11:11:33,71
RBTR00001,Reboot Shortcut,15584,04/24/2022, 12:21:26,71
RBTR00001,Reboot Shortcut,15584,04/24/2022, 13:22:23,71
RBTR00001,Reboot Shortcut,15584,04/24/2022, 14:12:34,71
RBTR00001,Reboot Shortcut,15584,04/24/2022, 15:13:43,71
RBTR00001,Reboot Shortcut,15584,04/24/2022, 16:17:40,71
RBTR00001,Reboot Shortcut,15584,04/24/2022, 17:15:33,71
RBTR00001,Reboot Shortcut,15584,04/24/2022, 18:15:34,71
RBTR00001,Reboot Shortcut,15584,04/24/2022, 19:11:08,71
RBTR00001,Reboot Shortcut,15584,04/24/2022, 20:14:40,71
RBTR00001,Reboot Shortcut,15584,04/24/2022, 21:11:52,71
RBTR00001,Reboot Shortcut,15584,04/24/2022, 22:13:06,71
RBTR00001,Reboot Shortcut,15584,04/24/2022, 23:13:30,71
RBTR00001,Reboot Shortcut,15584,04/25/2022, 00:57:52,71
RBTR00001,Reboot Shortcut,15584,04/25/2022, 02:53:54,71
RBTR00001,Reboot Shortcut,15584,04/25/2022, 03:42:51,71
RBTR00001,Reboot Shortcut,15585,04/25/2022, 04:20:59,71
RBTR00001,Reboot Shortcut,15585,04/25/2022, 05:14:15,71
RBTR00001,Reboot Shortcut,15586,04/25/2022, 06:18:55,71
RBTR00001,Reboot Shortcut,15586,04/25/2022, 07:13:48,71
RBTR00001,Reboot Shortcut,15586,04/25/2022, 08:20:51,71
RBTR00001,Reboot Shortcut,15586,04/25/2022, 09:14:40,71
RBTR00001,Reboot Shortcut,15586,04/25/2022, 10:20:14,71
RBTR00001,Reboot Shortcut,15586,04/25/2022, 11:17:22,71
RBTR00001,Reboot Shortcut,15586,04/25/2022, 12:29:20,71
RBTR00001,Reboot Shortcut,15586,04/25/2022, 13:34:18,71
RBTR00001,Reboot Shortcut,15587,04/25/2022, 14:18:26,71
RBTR00001,Reboot Shortcut,15587,04/25/2022, 15:20:26,71
RBTR00001,Reboot Shortcut,15587,04/25/2022, 16:23:13,71
RBTR00001,Reboot Shortcut,15587,04/25/2022, 17:23:39,71
RBTR00001,Reboot Shortcut,15587,04/25/2022, 18:23:20,71
RBTR00001,Reboot Shortcut,15587,04/25/2022, 19:16:21,71
RBTR00001,Reboot Shortcut,15587,04/25/2022, 20:19:12,71
RBTR00001,Reboot Shortcut,15587,04/25/2022, 21:12:57,71
RBTR00001,Reboot Shortcut,15587,04/25/2022, 22:13:53,71
RBTR00001,Reboot Shortcut,15587,04/25/2022, 23:14:14,71
RBTR00001,Reboot Shortcut,15587,04/26/2022, 01:04:58,71
RBTR00001,Reboot Shortcut,15587,04/26/2022, 03:19:19,71
RBTR00001,Reboot Shortcut,15587,04/26/2022, 04:25:34,71
RBTR00001,Reboot Shortcut,15587,04/26/2022, 05:16:36,71
RBTR00001,Reboot Shortcut,15587,04/26/2022, 06:17:07,71
RBTR00001,Reboot Shortcut,15587,04/26/2022, 07:18:17,71
RBTR00001,Reboot Shortcut,15587,04/26/2022, 08:22:08,71
RBTR00001,Reboot Shortcut,15587,04/26/2022, 09:14:40,71
RBTR00001,Reboot Shortcut,15587,04/26/2022, 10:16:28,71
RBTR00001,Reboot Shortcut,15587,04/26/2022, 11:17:20,71
RBTR00001,Reboot Shortcut,15587,04/26/2022, 12:31:29,71
RBTR00001,Reboot Shortcut,15587,04/26/2022, 13:34:37,71
RBTR00001,Reboot Shortcut,15587,04/26/2022, 14:13:47,71
RBTR00001,Reboot Shortcut,15587,04/26/2022, 15:19:29,71
RBTR00001,Reboot Shortcut,15587,04/26/2022, 16:22:36,71
RBTR00001,Reboot Shortcut,15587,04/26/2022, 17:24:07,71
RBTR00001,Reboot Shortcut,15587,04/26/2022, 18:21:12,71
RBTR00001,Reboot Shortcut,15588,04/26/2022, 19:16:15,71
RBTR00001,Reboot Shortcut,15588,04/26/2022, 20:18:36,71
RBTR00001,Reboot Shortcut,15588,04/26/2022, 21:17:36,71
RBTR00001,Reboot Shortcut,15588,04/26/2022, 22:13:39,71
RBTR00001,Reboot Shortcut,15589,04/26/2022, 23:14:21,71
RBTR00001,Reboot Shortcut,15589,04/27/2022, 01:13:37,71
RBTR00001,Reboot Shortcut,15589,04/27/2022, 03:39:43,71
RBTR00001,Reboot Shortcut,15590,04/27/2022, 04:39:22,71
RBTR00001,Reboot Shortcut,15590,04/27/2022, 05:25:24,71
RBTR00001,Reboot Shortcut,15590,04/27/2022, 06:17:27,71
RBTR00001,Reboot Shortcut,15590,04/27/2022, 07:18:21,71
RBTR00001,Reboot Shortcut,15590,04/27/2022, 08:22:32,71
RBTR00001,Reboot Shortcut,15590,04/27/2022, 09:19:20,71
RBTR00001,Reboot Shortcut,15590,04/27/2022, 10:20:24,71
RBTR00001,Reboot Shortcut,15590,04/27/2022, 11:17:25,71
RBTR00001,Reboot Shortcut,15590,04/27/2022, 12:29:17,71
RBTR00001,Reboot Shortcut,15590,04/27/2022, 13:31:52,71
RBTR00001,Reboot Shortcut,15591,04/27/2022, 14:18:41,71
RBTR00001,Reboot Shortcut,15591,04/27/2022, 15:20:22,71
RBTR00001,Reboot Shortcut,15591,04/27/2022, 16:19:26,71
RBTR00001,Reboot Shortcut,15591,04/27/2022, 17:22:46,71
RBTR00001,Reboot Shortcut,15591,04/27/2022, 18:20:53,71
RBTR00001,Reboot Shortcut,15592,04/27/2022, 19:16:17,71
RBTR00001,Reboot Shortcut,15592,04/27/2022, 20:16:11,71
RBTR00001,Reboot Shortcut,15592,04/27/2022, 21:18:00,71
RBTR00001,Reboot Shortcut,15592,04/27/2022, 22:14:02,71
RBTR00001,Reboot Shortcut,15592,04/27/2022, 23:15:26,71
RBTR00001,Reboot Shortcut,15593,04/28/2022, 01:25:10,71
RBTR00001,Reboot Shortcut,15593,04/28/2022, 04:07:23,71
RBTR00001,Reboot Shortcut,15594,04/28/2022, 05:37:33,71
RBTR00001,Reboot Shortcut,15594,04/28/2022, 06:19:49,71
RBTR00001,Reboot Shortcut,15594,04/28/2022, 07:17:22,71
RBTR00001,Reboot Shortcut,15595,04/28/2022, 08:22:17,71
RBTR00001,Reboot Shortcut,15595,04/28/2022, 09:20:21,71
RBTR00001,Reboot Shortcut,15595,04/28/2022, 10:15:19,71
RBTR00001,Reboot Shortcut,15595,04/28/2022, 11:17:40,71
RBTR00001,Reboot Shortcut,15595,04/28/2022, 12:31:30,71
RBTR00001,Reboot Shortcut,15595,04/28/2022, 13:38:17,71
RBTR00001,Reboot Shortcut,15595,04/28/2022, 14:15:50,71
RBTR00001,Reboot Shortcut,15595,04/28/2022, 15:15:27,71
RBTR00001,Reboot Shortcut,15595,04/28/2022, 16:21:00,71
RBTR00001,Reboot Shortcut,15595,04/28/2022, 17:18:38,71
RBTR00001,Reboot Shortcut,15596,04/28/2022, 18:23:22,71
RBTR00001,Reboot Shortcut,15596,04/28/2022, 19:11:49,71
RBTR00001,Reboot Shortcut,15596,04/28/2022, 20:17:38,71
RBTR00001,Reboot Shortcut,15596,04/28/2022, 21:12:57,71
RBTR00001,Reboot Shortcut,15597,04/28/2022, 22:13:49,71
RBTR00001,Reboot Shortcut,15597,04/28/2022, 23:14:08,71
RBTR00001,Reboot Shortcut,15597,04/29/2022, 01:03:06,71
RBTR00001,Reboot Shortcut,15597,04/29/2022, 03:22:52,71
RBTR00001,Reboot Shortcut,15597,04/29/2022, 04:27:17,71
RBTR00001,Reboot Shortcut,15597,04/29/2022, 05:17:03,71
RBTR00001,Reboot Shortcut,15597,04/29/2022, 06:17:34,71
RBTR00001,Reboot Shortcut,15597,04/29/2022, 07:13:40,71
RBTR00001,Reboot Shortcut,15597,04/29/2022, 08:23:18,71
RBTR00001,Reboot Shortcut,15598,04/29/2022, 09:19:19,71
RBTR00001,Reboot Shortcut,15598,04/29/2022, 10:18:30,71
RBTR00001,Reboot Shortcut,15599,04/29/2022, 11:17:21,71
RBTR00001,Reboot Shortcut,15599,04/29/2022, 12:30:22,71
RBTR00001,Reboot Shortcut,15599,04/29/2022, 13:39:10,71
RBTR00001,Reboot Shortcut,15599,04/29/2022, 14:17:14,71
RBTR00001,Reboot Shortcut,15599,04/29/2022, 15:14:37,71
RBTR00001,Reboot Shortcut,15599,04/29/2022, 16:20:55,71
RBTR00001,Reboot Shortcut,15600,04/29/2022, 17:18:45,71
RBTR00001,Reboot Shortcut,15600,04/29/2022, 18:16:41,71
RBTR00001,Reboot Shortcut,15600,04/29/2022, 19:11:24,71
RBTR00001,Reboot Shortcut,15600,04/29/2022, 20:15:10,71
RBTR00001,Reboot Shortcut,15600,04/29/2022, 21:13:08,71
RBTR00001,Reboot Shortcut,15600,04/29/2022, 22:14:21,71
RBTR00001,Reboot Shortcut,15600,04/29/2022, 23:14:03,71
RBTR00001,Reboot Shortcut,15600,04/30/2022, 01:10:56,71
RBTR00001,Reboot Shortcut,15601,04/30/2022, 03:14:10,71
RBTR00001,Reboot Shortcut,15601,04/30/2022, 04:19:44,71
RBTR00001,Reboot Shortcut,15601,04/30/2022, 05:13:03,71
RBTR00001,Reboot Shortcut,15601,04/30/2022, 06:16:50,71
RBTR00001,Reboot Shortcut,15601,04/30/2022, 07:13:22,71
RBTR00001,Reboot Shortcut,15601,04/30/2022, 08:16:20,71
RBTR00001,Reboot Shortcut,15601,04/30/2022, 09:13:05,71
RBTR00001,Reboot Shortcut,15601,04/30/2022, 10:14:10,71
RBTR00001,Reboot Shortcut,15601,04/30/2022, 11:11:34,71
RBTR00001,Reboot Shortcut,15601,04/30/2022, 12:21:58,71
RBTR00001,Reboot Shortcut,15601,04/30/2022, 13:22:11,71
RBTR00001,Reboot Shortcut,15601,04/30/2022, 14:12:52,71
RBTR00001,Reboot Shortcut,15601,04/30/2022, 15:13:59,71
RBTR00001,Reboot Shortcut,15602,04/30/2022, 16:17:44,71
RBTR00001,Reboot Shortcut,15602,04/30/2022, 17:15:33,71
RBTR00001,Reboot Shortcut,15602,04/30/2022, 18:16:02,71
RBTR00001,Reboot Shortcut,15602,04/30/2022, 19:11:19,71
RBTR00001,Reboot Shortcut,15602,04/30/2022, 20:14:00,71
RBTR00001,Reboot Shortcut,15603,04/30/2022, 21:12:33,71
RBTR00001,Reboot Shortcut,15603,04/30/2022, 22:13:29,71
RBTR00001,Reboot Shortcut,15603,04/30/2022, 23:13:21,71
RBTR00001,Reboot Shortcut,15603,05/01/2022, 01:20:51,71
RBTR00001,Reboot Shortcut,15604,05/01/2022, 03:39:09,71
RBTR00001,Reboot Shortcut,15604,05/01/2022, 04:32:25,71
RBTR00001,Reboot Shortcut,15604,05/01/2022, 05:19:12,71
RBTR00001,Reboot Shortcut,15604,05/01/2022, 06:16:47,71
RBTR00001,Reboot Shortcut,15604,05/01/2022, 07:13:30,71
RBTR00001,Reboot Shortcut,15604,05/01/2022, 08:16:37,71
RBTR00001,Reboot Shortcut,15604,05/01/2022, 09:13:34,71
RBTR00001,Reboot Shortcut,15604,05/01/2022, 10:15:07,71
RBTR00001,Reboot Shortcut,15604,05/01/2022, 11:11:53,71
RBTR00001,Reboot Shortcut,15604,05/01/2022, 12:23:05,71
RBTR00001,Reboot Shortcut,15604,05/01/2022, 13:23:27,71
RBTR00001,Reboot Shortcut,15605,05/01/2022, 14:12:44,71
RBTR00001,Reboot Shortcut,15605,05/01/2022, 15:14:34,71
RBTR00001,Reboot Shortcut,15605,05/01/2022, 16:18:34,71
RBTR00001,Reboot Shortcut,15605,05/01/2022, 17:16:25,71
RBTR00001,Reboot Shortcut,15605,05/01/2022, 18:15:38,71
RBTR00001,Reboot Shortcut,15605,05/01/2022, 19:12:20,71
RBTR00001,Reboot Shortcut,15605,05/01/2022, 20:14:20,71
RBTR00001,Reboot Shortcut,15605,05/01/2022, 21:12:50,71
RBTR00001,Reboot Shortcut,15605,05/01/2022, 22:13:19,71
RBTR00001,Reboot Shortcut,15605,05/01/2022, 23:13:41,71
RBTR00001,Reboot Shortcut,15605,05/02/2022, 01:04:48,71
RBTR00001,Reboot Shortcut,15605,05/02/2022, 03:51:28,71
RBTR00001,Reboot Shortcut,15605,05/02/2022, 04:48:07,71
RBTR00001,Reboot Shortcut,15605,05/02/2022, 05:27:51,71
RBTR00001,Reboot Shortcut,15605,05/02/2022, 06:17:37,71
RBTR00001,Reboot Shortcut,15605,05/02/2022, 07:13:54,71
RBTR00001,Reboot Shortcut,15605,05/02/2022, 08:18:56,71
RBTR00001,Reboot Shortcut,15605,05/02/2022, 09:14:34,71
RBTR00001,Reboot Shortcut,15605,05/02/2022, 10:16:50,71
RBTR00001,Reboot Shortcut,15605,05/02/2022, 11:12:44,71
RBTR00001,Reboot Shortcut,15606,05/02/2022, 12:27:07,71
RBTR00001,Reboot Shortcut,15607,05/02/2022, 13:36:33,71
RBTR00001,Reboot Shortcut,15607,05/02/2022, 14:18:46,71
RBTR00001,Reboot Shortcut,15607,05/02/2022, 15:19:21,71
RBTR00001,Reboot Shortcut,15607,05/02/2022, 16:25:20,71
RBTR00001,Reboot Shortcut,15607,05/02/2022, 17:25:23,71
RBTR00001,Reboot Shortcut,15607,05/02/2022, 18:21:20,71
RBTR00001,Reboot Shortcut,15608,05/02/2022, 19:16:17,71
