SKGTLSE12,iTLS-Enso,10893,06/18/2020, 12:35:47,404
SKGTLSE12,iTLS-Enso,10893,06/18/2020, 13:04:35,404
SKGTLSE12,iTLS-Enso,10893,06/18/2020, 14:06:21,404
SKGTLSE12,iTLS-Enso,10893,06/18/2020, 15:04:55,404
SKGTLSE12,iTLS-Enso,10894,06/18/2020, 16:05:12,404
SKGTLSE12,iTLS-Enso,10895,06/18/2020, 17:05:41,404
SKGTLSE12,iTLS-Enso,10896,06/18/2020, 18:05:02,404
SKGTLSE12,iTLS-Enso,10896,06/18/2020, 19:04:27,404
SKGTLSE12,iTLS-Enso,10896,06/18/2020, 20:05:19,404
SKGTLSE12,iTLS-Enso,10897,06/18/2020, 21:05:10,404
SKGTLSE12,iTLS-Enso,10898,06/18/2020, 22:04:46,404
SKGTLSE12,iTLS-Enso,10898,06/18/2020, 23:05:11,404
SKGTLSE12,iTLS-Enso,10899,06/19/2020, 00:13:11,404
SKGTLSE12,iTLS-Enso,10899,06/19/2020, 01:06:05,404
SKGTLSE12,iTLS-Enso,10901,06/19/2020, 02:04:57,404
SKGTLSE12,iTLS-Enso,10901,06/19/2020, 03:04:46,404
SKGTLSE12,iTLS-Enso,10901,06/19/2020, 04:05:13,404
SKGTLSE12,iTLS-Enso,10901,06/19/2020, 05:06:07,404
SKGTLSE12,iTLS-Enso,10901,06/19/2020, 06:06:05,404
SKGTLSE12,iTLS-Enso,10901,06/19/2020, 07:05:04,404
SKGTLSE12,iTLS-Enso,10901,06/19/2020, 08:06:41,404
SKGTLSE12,iTLS-Enso,10901,06/19/2020, 09:04:55,404
SKGTLSE12,iTLS-Enso,10901,06/19/2020, 10:04:43,404
SKGTLSE12,iTLS-Enso,10901,06/19/2020, 11:04:34,404
SKGTLSE12,iTLS-Enso,10902,06/19/2020, 12:06:20,404
SKGTLSE12,iTLS-Enso,10902,06/19/2020, 13:04:42,404
SKGTLSE12,iTLS-Enso,10902,06/19/2020, 14:05:08,404
SKGTLSE12,iTLS-Enso,10903,06/19/2020, 15:04:58,404
SKGTLSE12,iTLS-Enso,10903,06/19/2020, 16:05:19,404
SKGTLSE12,iTLS-Enso,10904,06/19/2020, 17:04:50,404
SKGTLSE12,iTLS-Enso,10904,06/19/2020, 18:05:08,404
SKGTLSE12,iTLS-Enso,10904,06/19/2020, 19:04:30,404
SKGTLSE12,iTLS-Enso,10904,06/19/2020, 20:05:26,404
SKGTLSE12,iTLS-Enso,10904,06/19/2020, 21:04:53,404
SKGTLSE12,iTLS-Enso,10904,06/19/2020, 22:04:36,404
SKGTLSE12,iTLS-Enso,10904,06/19/2020, 23:04:21,404
SKGTLSE12,iTLS-Enso,10906,06/20/2020, 00:12:44,404
SKGTLSE12,iTLS-Enso,10908,06/20/2020, 01:05:16,404
SKGTLSE12,iTLS-Enso,10908,06/20/2020, 02:05:48,404
SKGTLSE12,iTLS-Enso,10909,06/20/2020, 03:05:55,404
SKGTLSE12,iTLS-Enso,10911,06/20/2020, 04:06:13,404
SKGTLSE12,iTLS-Enso,10911,06/20/2020, 05:05:00,404
SKGTLSE12,iTLS-Enso,10911,06/20/2020, 06:05:56,404
SKGTLSE12,iTLS-Enso,10912,06/20/2020, 07:06:07,404
SKGTLSE12,iTLS-Enso,10912,06/20/2020, 08:05:12,404
SKGTLSE12,iTLS-Enso,10913,06/20/2020, 09:05:33,404
SKGTLSE12,iTLS-Enso,10913,06/20/2020, 10:05:49,404
SKGTLSE12,iTLS-Enso,10913,06/20/2020, 11:05:49,404
SKGTLSE12,iTLS-Enso,10913,06/20/2020, 12:06:20,404
SKGTLSE12,iTLS-Enso,10913,06/20/2020, 13:05:02,404
SKGTLSE12,iTLS-Enso,10913,06/20/2020, 14:05:52,404
SKGTLSE12,iTLS-Enso,10913,06/20/2020, 15:04:41,404
SKGTLSE12,iTLS-Enso,10915,06/20/2020, 16:05:09,404
SKGTLSE12,iTLS-Enso,10916,06/20/2020, 17:05:16,404
SKGTLSE12,iTLS-Enso,10918,06/20/2020, 18:05:07,404
SKGTLSE12,iTLS-Enso,10918,06/20/2020, 19:05:51,404
SKGTLSE12,iTLS-Enso,10918,06/20/2020, 20:05:20,404
SKGTLSE12,iTLS-Enso,10918,06/20/2020, 21:05:02,404
SKGTLSE12,iTLS-Enso,10918,06/20/2020, 22:04:21,404
SKGTLSE12,iTLS-Enso,10920,06/20/2020, 23:06:32,404
SKGTLSE12,iTLS-Enso,10922,06/21/2020, 00:13:56,404
SKGTLSE12,iTLS-Enso,10923,06/21/2020, 01:05:05,404
SKGTLSE12,iTLS-Enso,10924,06/21/2020, 02:09:09,404
SKGTLSE12,iTLS-Enso,10924,06/21/2020, 03:05:06,404
SKGTLSE12,iTLS-Enso,10924,06/21/2020, 04:06:08,404
SKGTLSE12,iTLS-Enso,10924,06/21/2020, 05:04:41,404
SKGTLSE12,iTLS-Enso,10926,06/21/2020, 06:06:03,404
SKGTLSE12,iTLS-Enso,10926,06/21/2020, 07:04:56,404
SKGTLSE12,iTLS-Enso,10926,06/21/2020, 08:05:14,404
SKGTLSE12,iTLS-Enso,10926,06/21/2020, 09:05:00,404
SKGTLSE12,iTLS-Enso,10926,06/21/2020, 10:06:08,404
SKGTLSE12,iTLS-Enso,10926,06/21/2020, 11:05:57,404
SKGTLSE12,iTLS-Enso,10926,06/21/2020, 12:06:15,404
SKGTLSE12,iTLS-Enso,10926,06/21/2020, 13:04:49,404
SKGTLSE12,iTLS-Enso,10927,06/21/2020, 14:05:51,404
SKGTLSE12,iTLS-Enso,10927,06/21/2020, 15:05:39,404
SKGTLSE12,iTLS-Enso,10927,06/21/2020, 16:04:51,404
SKGTLSE12,iTLS-Enso,10927,06/21/2020, 17:04:40,404
SKGTLSE12,iTLS-Enso,10927,06/21/2020, 18:05:32,404
SKGTLSE12,iTLS-Enso,10928,06/21/2020, 19:06:02,404
SKGTLSE12,iTLS-Enso,10929,06/21/2020, 20:05:29,404
SKGTLSE12,iTLS-Enso,10931,06/21/2020, 21:04:52,404
SKGTLSE12,iTLS-Enso,10931,06/21/2020, 22:04:51,404
SKGTLSE12,iTLS-Enso,10933,06/21/2020, 23:04:58,404
SKGTLSE12,iTLS-Enso,10933,06/22/2020, 00:13:04,404
SKGTLSE12,iTLS-Enso,10934,06/22/2020, 01:05:16,404
SKGTLSE12,iTLS-Enso,10935,06/22/2020, 02:05:28,404
SKGTLSE12,iTLS-Enso,10935,06/22/2020, 03:05:02,404
SKGTLSE12,iTLS-Enso,10935,06/22/2020, 04:05:20,404
SKGTLSE12,iTLS-Enso,10935,06/22/2020, 05:05:04,404
SKGTLSE12,iTLS-Enso,10935,06/22/2020, 06:06:04,404
SKGTLSE12,iTLS-Enso,10935,06/22/2020, 07:04:51,404
SKGTLSE12,iTLS-Enso,10935,06/22/2020, 08:05:46,404
SKGTLSE12,iTLS-Enso,10936,06/22/2020, 09:04:58,404
SKGTLSE12,iTLS-Enso,10936,06/22/2020, 10:05:33,404
SKGTLSE12,iTLS-Enso,10936,06/22/2020, 11:05:04,404
SKGTLSE12,iTLS-Enso,10938,06/22/2020, 12:06:42,404
SKGTLSE12,iTLS-Enso,10938,06/22/2020, 13:05:14,404
SKGTLSE12,iTLS-Enso,10941,06/22/2020, 14:05:02,404
SKGTLSE12,iTLS-Enso,10941,06/22/2020, 15:05:30,404
SKGTLSE12,iTLS-Enso,10942,06/22/2020, 16:05:01,404
SKGTLSE12,iTLS-Enso,10942,06/22/2020, 17:04:47,404
SKGTLSE12,iTLS-Enso,10943,06/22/2020, 18:05:12,404
SKGTLSE12,iTLS-Enso,10943,06/22/2020, 19:04:33,404
SKGTLSE12,iTLS-Enso,10943,06/22/2020, 20:05:48,404
SKGTLSE12,iTLS-Enso,10944,06/22/2020, 21:04:48,404
SKGTLSE12,iTLS-Enso,10944,06/22/2020, 22:04:35,404
SKGTLSE12,iTLS-Enso,10945,06/22/2020, 23:04:24,404
SKGTLSE12,iTLS-Enso,10946,06/23/2020, 00:12:58,404
SKGTLSE12,iTLS-Enso,10946,06/23/2020, 01:05:16,404
SKGTLSE12,iTLS-Enso,10946,06/23/2020, 02:05:57,404
SKGTLSE12,iTLS-Enso,10946,06/23/2020, 03:04:56,404
SKGTLSE12,iTLS-Enso,10946,06/23/2020, 04:05:17,404
SKGTLSE12,iTLS-Enso,10946,06/23/2020, 05:06:06,404
SKGTLSE12,iTLS-Enso,10946,06/23/2020, 06:05:36,404
SKGTLSE12,iTLS-Enso,10946,06/23/2020, 07:05:05,404
SKGTLSE12,iTLS-Enso,10946,06/23/2020, 08:06:03,404
SKGTLSE12,iTLS-Enso,10946,06/23/2020, 09:04:48,404
SKGTLSE12,iTLS-Enso,10946,06/23/2020, 10:04:48,404
SKGTLSE12,iTLS-Enso,10947,06/23/2020, 11:04:37,404
SKGTLSE12,iTLS-Enso,10947,06/23/2020, 12:06:26,404
SKGTLSE12,iTLS-Enso,10947,06/23/2020, 13:04:46,404
SKGTLSE12,iTLS-Enso,10947,06/23/2020, 14:31:49,404
SKGTLSE12,iTLS-Enso,10947,06/23/2020, 15:05:00,404
SKGTLSE12,iTLS-Enso,10948,06/23/2020, 16:05:01,404
SKGTLSE12,iTLS-Enso,10949,06/23/2020, 17:04:46,404
SKGTLSE12,iTLS-Enso,10949,06/23/2020, 18:05:13,404
SKGTLSE12,iTLS-Enso,10952,06/23/2020, 19:04:32,404
SKGTLSE12,iTLS-Enso,10953,06/23/2020, 20:05:30,404
SKGTLSE12,iTLS-Enso,10955,06/23/2020, 21:04:46,404
SKGTLSE12,iTLS-Enso,10955,06/23/2020, 22:04:35,404
SKGTLSE12,iTLS-Enso,10958,06/23/2020, 23:04:23,404
SKGTLSE12,iTLS-Enso,10958,06/24/2020, 00:12:39,404
SKGTLSE12,iTLS-Enso,10958,06/24/2020, 01:05:34,404
SKGTLSE12,iTLS-Enso,10958,06/24/2020, 02:06:20,404
SKGTLSE12,iTLS-Enso,10958,06/24/2020, 03:04:45,404
SKGTLSE12,iTLS-Enso,10958,06/24/2020, 04:06:00,404
SKGTLSE12,iTLS-Enso,10960,06/24/2020, 05:04:54,404
SKGTLSE12,iTLS-Enso,10960,06/24/2020, 06:05:16,404
SKGTLSE12,iTLS-Enso,10960,06/24/2020, 07:05:18,404
SKGTLSE12,iTLS-Enso,10960,06/24/2020, 08:05:48,404
SKGTLSE12,iTLS-Enso,10960,06/24/2020, 09:04:55,404
SKGTLSE12,iTLS-Enso,10960,06/24/2020, 10:04:47,404
SKGTLSE12,iTLS-Enso,10960,06/24/2020, 11:04:57,404
SKGTLSE12,iTLS-Enso,10960,06/24/2020, 12:06:27,404
SKGTLSE12,iTLS-Enso,10961,06/24/2020, 13:05:08,404
SKGTLSE12,iTLS-Enso,10962,06/24/2020, 14:05:04,404
SKGTLSE12,iTLS-Enso,10962,06/24/2020, 15:06:28,404
SKGTLSE12,iTLS-Enso,10962,06/24/2020, 16:05:09,404
SKGTLSE12,iTLS-Enso,10963,06/24/2020, 17:05:41,404
SKGTLSE12,iTLS-Enso,10964,06/24/2020, 18:04:53,404
SKGTLSE12,iTLS-Enso,10965,06/24/2020, 19:04:45,404
SKGTLSE12,iTLS-Enso,10965,06/24/2020, 20:05:14,404
SKGTLSE12,iTLS-Enso,10965,06/24/2020, 21:06:44,404
SKGTLSE12,iTLS-Enso,10965,06/24/2020, 22:04:52,404
SKGTLSE12,iTLS-Enso,10966,06/24/2020, 23:04:55,404
SKGTLSE12,iTLS-Enso,10967,06/25/2020, 00:13:08,404
SKGTLSE12,iTLS-Enso,10967,06/25/2020, 01:05:36,404
SKGTLSE12,iTLS-Enso,10967,06/25/2020, 02:06:05,404
SKGTLSE12,iTLS-Enso,10968,06/25/2020, 03:04:48,404
SKGTLSE12,iTLS-Enso,10968,06/25/2020, 04:07:10,404
SKGTLSE12,iTLS-Enso,10968,06/25/2020, 05:05:45,404
SKGTLSE12,iTLS-Enso,10968,06/25/2020, 06:13:28,404
SKGTLSE12,iTLS-Enso,10968,06/25/2020, 07:05:45,404
SKGTLSE12,iTLS-Enso,10968,06/25/2020, 08:05:40,404
SKGTLSE12,iTLS-Enso,10968,06/25/2020, 09:05:13,404
SKGTLSE12,iTLS-Enso,10968,06/25/2020, 10:04:59,404
SKGTLSE12,iTLS-Enso,10969,06/25/2020, 11:04:54,404
SKGTLSE12,iTLS-Enso,10971,06/25/2020, 12:06:33,404
SKGTLSE12,iTLS-Enso,10973,06/25/2020, 13:04:48,404
SKGTLSE12,iTLS-Enso,10973,06/25/2020, 14:04:58,404
SKGTLSE12,iTLS-Enso,10974,06/25/2020, 15:04:55,404
SKGTLSE12,iTLS-Enso,10974,06/25/2020, 16:05:03,404
SKGTLSE12,iTLS-Enso,10974,06/25/2020, 17:05:41,404
SKGTLSE12,iTLS-Enso,10976,06/25/2020, 18:07:17,404
SKGTLSE12,iTLS-Enso,10976,06/25/2020, 19:04:48,404
SKGTLSE12,iTLS-Enso,10977,06/25/2020, 20:06:34,404
SKGTLSE12,iTLS-Enso,10977,06/25/2020, 21:04:48,404
SKGTLSE12,iTLS-Enso,10979,06/25/2020, 22:06:40,404
SKGTLSE12,iTLS-Enso,10979,06/25/2020, 23:04:37,404
SKGTLSE12,iTLS-Enso,10979,06/26/2020, 00:13:15,404
SKGTLSE12,iTLS-Enso,10979,06/26/2020, 01:05:22,404
SKGTLSE12,iTLS-Enso,10982,06/26/2020, 02:05:42,404
SKGTLSE12,iTLS-Enso,10982,06/26/2020, 03:05:08,404
SKGTLSE12,iTLS-Enso,10982,06/26/2020, 04:05:16,404
SKGTLSE12,iTLS-Enso,10982,06/26/2020, 05:05:03,404
SKGTLSE12,iTLS-Enso,10983,06/26/2020, 06:06:20,404
SKGTLSE12,iTLS-Enso,10984,06/26/2020, 07:04:51,404
SKGTLSE12,iTLS-Enso,10984,06/26/2020, 08:05:48,404
SKGTLSE12,iTLS-Enso,10984,06/26/2020, 09:05:07,404
SKGTLSE12,iTLS-Enso,10984,06/26/2020, 10:04:59,404
SKGTLSE12,iTLS-Enso,10984,06/26/2020, 11:04:49,404
SKGTLSE12,iTLS-Enso,10984,06/26/2020, 12:06:56,404
SKGTLSE12,iTLS-Enso,10984,06/26/2020, 13:05:06,404
SKGTLSE12,iTLS-Enso,10984,06/26/2020, 14:04:54,404
SKGTLSE12,iTLS-Enso,10984,06/26/2020, 15:04:49,404
SKGTLSE12,iTLS-Enso,10985,06/26/2020, 16:05:04,404
SKGTLSE12,iTLS-Enso,10985,06/26/2020, 17:05:23,404
SKGTLSE12,iTLS-Enso,10985,06/26/2020, 18:05:21,404
SKGTLSE12,iTLS-Enso,10985,06/26/2020, 19:04:42,404
SKGTLSE12,iTLS-Enso,10985,06/26/2020, 20:05:47,404
SKGTLSE12,iTLS-Enso,10985,06/26/2020, 21:04:56,404
SKGTLSE12,iTLS-Enso,10987,06/26/2020, 22:04:48,404
SKGTLSE12,iTLS-Enso,10988,06/26/2020, 23:04:38,404
SKGTLSE12,iTLS-Enso,10988,06/27/2020, 00:13:15,404
SKGTLSE12,iTLS-Enso,10988,06/27/2020, 01:05:35,404
SKGTLSE12,iTLS-Enso,10988,06/27/2020, 02:07:18,404
SKGTLSE12,iTLS-Enso,10988,06/27/2020, 03:04:48,404
SKGTLSE12,iTLS-Enso,10988,06/27/2020, 04:07:48,404
SKGTLSE12,iTLS-Enso,10989,06/27/2020, 05:08:45,404
SKGTLSE12,iTLS-Enso,10989,06/27/2020, 06:05:58,404
SKGTLSE12,iTLS-Enso,10989,06/27/2020, 07:07:04,404
SKGTLSE12,iTLS-Enso,10989,06/27/2020, 08:06:57,404
SKGTLSE12,iTLS-Enso,10989,06/27/2020, 09:07:06,404
SKGTLSE12,iTLS-Enso,10989,06/27/2020, 10:06:55,404
SKGTLSE12,iTLS-Enso,10989,06/27/2020, 11:04:45,404
SKGTLSE12,iTLS-Enso,10989,06/27/2020, 12:06:05,404
SKGTLSE12,iTLS-Enso,10989,06/27/2020, 13:05:10,404
SKGTLSE12,iTLS-Enso,10989,06/27/2020, 14:05:46,404
SKGTLSE12,iTLS-Enso,10989,06/27/2020, 15:04:47,404
SKGTLSE12,iTLS-Enso,10989,06/27/2020, 16:05:12,404
SKGTLSE12,iTLS-Enso,10989,06/27/2020, 17:05:34,404
SKGTLSE12,iTLS-Enso,10989,06/27/2020, 18:05:25,404
SKGTLSE12,iTLS-Enso,10989,06/27/2020, 19:04:56,404
SKGTLSE12,iTLS-Enso,10989,06/27/2020, 20:05:37,404
SKGTLSE12,iTLS-Enso,10989,06/27/2020, 21:05:53,404
SKGTLSE12,iTLS-Enso,10990,06/27/2020, 22:05:04,404
SKGTLSE12,iTLS-Enso,10992,06/27/2020, 23:05:44,404
SKGTLSE12,iTLS-Enso,10994,06/28/2020, 00:14:11,404
SKGTLSE12,iTLS-Enso,10995,06/28/2020, 01:05:24,404
SKGTLSE12,iTLS-Enso,10995,06/28/2020, 02:06:01,404
SKGTLSE12,iTLS-Enso,10996,06/28/2020, 03:05:18,404
SKGTLSE12,iTLS-Enso,10996,06/28/2020, 04:06:18,404
SKGTLSE12,iTLS-Enso,10999,06/28/2020, 05:04:44,404
SKGTLSE12,iTLS-Enso,11000,06/28/2020, 06:06:43,404
SKGTLSE12,iTLS-Enso,11000,06/28/2020, 07:05:12,404
SKGTLSE12,iTLS-Enso,11001,06/28/2020, 08:05:32,404
SKGTLSE12,iTLS-Enso,11001,06/28/2020, 09:05:34,404
SKGTLSE12,iTLS-Enso,11002,06/28/2020, 10:05:06,404
SKGTLSE12,iTLS-Enso,11002,06/28/2020, 11:05:07,404
SKGTLSE12,iTLS-Enso,11004,06/28/2020, 12:06:10,404
SKGTLSE12,iTLS-Enso,11004,06/28/2020, 13:04:55,404
SKGTLSE12,iTLS-Enso,11004,06/28/2020, 14:07:57,404
SKGTLSE12,iTLS-Enso,11006,06/28/2020, 15:10:33,404
SKGTLSE12,iTLS-Enso,11006,06/28/2020, 16:05:02,404
SKGTLSE12,iTLS-Enso,11007,06/28/2020, 17:04:46,404
SKGTLSE12,iTLS-Enso,11010,06/28/2020, 18:05:06,404
SKGTLSE12,iTLS-Enso,11011,06/28/2020, 19:07:04,404
SKGTLSE12,iTLS-Enso,11011,06/28/2020, 20:05:15,404
SKGTLSE12,iTLS-Enso,11011,06/28/2020, 21:08:13,404
SKGTLSE12,iTLS-Enso,11011,06/28/2020, 22:07:08,404
SKGTLSE12,iTLS-Enso,11011,06/28/2020, 23:04:41,404
SKGTLSE12,iTLS-Enso,11012,06/29/2020, 00:13:46,404
SKGTLSE12,iTLS-Enso,11012,06/29/2020, 01:05:18,404
SKGTLSE12,iTLS-Enso,11012,06/29/2020, 02:05:51,404
SKGTLSE12,iTLS-Enso,11013,06/29/2020, 03:05:05,404
SKGTLSE12,iTLS-Enso,11013,06/29/2020, 04:05:13,404
SKGTLSE12,iTLS-Enso,11013,06/29/2020, 05:05:08,404
SKGTLSE12,iTLS-Enso,11013,06/29/2020, 06:05:33,404
SKGTLSE12,iTLS-Enso,11014,06/29/2020, 07:05:16,404
SKGTLSE12,iTLS-Enso,11014,06/29/2020, 08:05:45,404
SKGTLSE12,iTLS-Enso,11014,06/29/2020, 09:06:33,404
SKGTLSE12,iTLS-Enso,11017,06/29/2020, 11:05:30,404
SKGTLSE12,iTLS-Enso,11017,06/29/2020, 12:06:37,404
SKGTLSE12,iTLS-Enso,11019,06/29/2020, 13:04:58,404
SKGTLSE12,iTLS-Enso,11019,06/29/2020, 14:05:21,404
SKGTLSE12,iTLS-Enso,11019,06/29/2020, 15:04:50,404
SKGTLSE12,iTLS-Enso,11019,06/29/2020, 16:09:13,404
SKGTLSE12,iTLS-Enso,11022,06/29/2020, 17:05:23,404
SKGTLSE12,iTLS-Enso,11022,06/29/2020, 18:05:27,404
SKGTLSE12,iTLS-Enso,11022,06/29/2020, 19:04:50,404
SKGTLSE12,iTLS-Enso,11022,06/29/2020, 20:05:41,404
SKGTLSE12,iTLS-Enso,11023,06/29/2020, 21:05:10,404
SKGTLSE12,iTLS-Enso,11024,06/29/2020, 22:04:55,404
SKGTLSE12,iTLS-Enso,11024,06/29/2020, 23:04:56,404
SKGTLSE12,iTLS-Enso,11024,06/30/2020, 00:13:24,404
SKGTLSE12,iTLS-Enso,11024,06/30/2020, 01:05:14,404
SKGTLSE12,iTLS-Enso,11024,06/30/2020, 02:05:48,404
SKGTLSE12,iTLS-Enso,11024,06/30/2020, 03:04:54,404
SKGTLSE12,iTLS-Enso,11024,06/30/2020, 04:05:57,404
SKGTLSE12,iTLS-Enso,11024,06/30/2020, 05:05:05,404
SKGTLSE12,iTLS-Enso,11024,06/30/2020, 06:05:25,404
SKGTLSE12,iTLS-Enso,11025,06/30/2020, 07:05:08,404
SKGTLSE12,iTLS-Enso,11025,06/30/2020, 08:05:56,404
SKGTLSE12,iTLS-Enso,11025,06/30/2020, 09:05:08,404
SKGTLSE12,iTLS-Enso,11025,06/30/2020, 10:05:06,404
SKGTLSE12,iTLS-Enso,11026,06/30/2020, 11:04:51,404
SKGTLSE12,iTLS-Enso,11027,06/30/2020, 12:06:27,404
SKGTLSE12,iTLS-Enso,11029,06/30/2020, 13:04:51,404
SKGTLSE12,iTLS-Enso,11030,06/30/2020, 14:31:49,404
SKGTLSE12,iTLS-Enso,11030,06/30/2020, 15:05:08,404
SKGTLSE12,iTLS-Enso,11031,06/30/2020, 16:05:36,404
SKGTLSE12,iTLS-Enso,11033,06/30/2020, 17:04:50,404
SKGTLSE12,iTLS-Enso,11034,06/30/2020, 18:05:28,404
SKGTLSE12,iTLS-Enso,11034,06/30/2020, 19:04:44,404
SKGTLSE12,iTLS-Enso,11034,06/30/2020, 20:06:49,404
SKGTLSE12,iTLS-Enso,11035,06/30/2020, 21:05:21,404
SKGTLSE12,iTLS-Enso,11035,06/30/2020, 22:05:55,404
SKGTLSE12,iTLS-Enso,11035,06/30/2020, 23:05:36,404
SKGTLSE12,iTLS-Enso,11036,07/01/2020, 00:16:39,404
SKGTLSE12,iTLS-Enso,11037,07/01/2020, 01:06:32,404
SKGTLSE12,iTLS-Enso,11038,07/01/2020, 02:06:28,404
SKGTLSE12,iTLS-Enso,11039,07/01/2020, 03:06:11,404
SKGTLSE12,iTLS-Enso,11039,07/01/2020, 04:06:17,404
SKGTLSE12,iTLS-Enso,11039,07/01/2020, 05:05:51,404
SKGTLSE12,iTLS-Enso,11039,07/01/2020, 06:06:43,404
SKGTLSE12,iTLS-Enso,11039,07/01/2020, 07:07:33,404
SKGTLSE12,iTLS-Enso,11040,07/01/2020, 08:06:39,404
SKGTLSE12,iTLS-Enso,11040,07/01/2020, 09:06:12,404
SKGTLSE12,iTLS-Enso,11040,07/01/2020, 10:06:10,404
SKGTLSE12,iTLS-Enso,11040,07/01/2020, 11:05:30,404
SKGTLSE12,iTLS-Enso,11040,07/01/2020, 12:07:52,404
SKGTLSE12,iTLS-Enso,11040,07/01/2020, 13:04:53,404
SKGTLSE12,iTLS-Enso,11041,07/01/2020, 14:05:37,404
SKGTLSE12,iTLS-Enso,11041,07/01/2020, 15:05:58,404
SKGTLSE12,iTLS-Enso,11042,07/01/2020, 16:06:26,404
SKGTLSE12,iTLS-Enso,11043,07/01/2020, 17:06:02,404
SKGTLSE12,iTLS-Enso,11043,07/01/2020, 18:06:16,404
SKGTLSE12,iTLS-Enso,11044,07/01/2020, 19:05:42,404
SKGTLSE12,iTLS-Enso,11044,07/01/2020, 20:07:12,404
SKGTLSE12,iTLS-Enso,11046,07/01/2020, 21:05:41,404
SKGTLSE12,iTLS-Enso,11047,07/01/2020, 22:05:47,404
SKGTLSE12,iTLS-Enso,11048,07/01/2020, 23:05:40,404
SKGTLSE12,iTLS-Enso,11048,07/02/2020, 00:16:07,404
SKGTLSE12,iTLS-Enso,11048,07/02/2020, 01:07:00,404
SKGTLSE12,iTLS-Enso,11048,07/02/2020, 02:06:30,404
SKGTLSE12,iTLS-Enso,11048,07/02/2020, 03:06:19,404
SKGTLSE12,iTLS-Enso,11049,07/02/2020, 04:07:11,404
SKGTLSE12,iTLS-Enso,11050,07/02/2020, 05:05:56,404
SKGTLSE12,iTLS-Enso,11050,07/02/2020, 06:06:46,404
SKGTLSE12,iTLS-Enso,11050,07/02/2020, 07:05:44,404
SKGTLSE12,iTLS-Enso,11052,07/02/2020, 08:06:39,404
SKGTLSE12,iTLS-Enso,11053,07/02/2020, 09:05:48,404
SKGTLSE12,iTLS-Enso,11053,07/02/2020, 10:06:08,404
SKGTLSE12,iTLS-Enso,11053,07/02/2020, 11:05:35,404
SKGTLSE12,iTLS-Enso,11053,07/02/2020, 12:08:14,404
SKGTLSE12,iTLS-Enso,11054,07/02/2020, 13:06:14,404
SKGTLSE12,iTLS-Enso,11056,07/02/2020, 14:06:33,404
SKGTLSE12,iTLS-Enso,11056,07/02/2020, 15:05:56,404
SKGTLSE12,iTLS-Enso,11056,07/02/2020, 16:06:27,404
SKGTLSE12,iTLS-Enso,11056,07/02/2020, 17:06:10,404
SKGTLSE12,iTLS-Enso,11056,07/02/2020, 18:06:25,404
SKGTLSE12,iTLS-Enso,11056,07/02/2020, 19:05:40,404
SKGTLSE12,iTLS-Enso,11056,07/02/2020, 20:07:08,404
SKGTLSE12,iTLS-Enso,11056,07/02/2020, 21:05:36,404
SKGTLSE12,iTLS-Enso,11058,07/02/2020, 22:05:43,404
SKGTLSE12,iTLS-Enso,11063,07/02/2020, 23:06:05,404
SKGTLSE12,iTLS-Enso,11063,07/03/2020, 00:16:47,404
SKGTLSE12,iTLS-Enso,11063,07/03/2020, 01:06:39,404
SKGTLSE12,iTLS-Enso,11064,07/03/2020, 02:06:38,404
SKGTLSE12,iTLS-Enso,11064,07/03/2020, 03:06:12,404
SKGTLSE12,iTLS-Enso,11064,07/03/2020, 04:06:36,404
SKGTLSE12,iTLS-Enso,11064,07/03/2020, 05:05:27,404
SKGTLSE12,iTLS-Enso,11064,07/03/2020, 06:06:22,404
SKGTLSE12,iTLS-Enso,11064,07/03/2020, 07:05:50,404
SKGTLSE12,iTLS-Enso,11064,07/03/2020, 08:06:44,404
SKGTLSE12,iTLS-Enso,11064,07/03/2020, 09:06:07,404
SKGTLSE12,iTLS-Enso,11067,07/03/2020, 10:06:10,404
SKGTLSE12,iTLS-Enso,11067,07/03/2020, 11:05:22,404
SKGTLSE12,iTLS-Enso,11068,07/03/2020, 12:08:38,404
SKGTLSE12,iTLS-Enso,11068,07/03/2020, 13:05:52,404
SKGTLSE12,iTLS-Enso,11068,07/03/2020, 14:06:37,404
SKGTLSE12,iTLS-Enso,11068,07/03/2020, 15:05:40,404
SKGTLSE12,iTLS-Enso,11068,07/03/2020, 16:06:35,404
SKGTLSE12,iTLS-Enso,11068,07/03/2020, 17:05:42,404
SKGTLSE12,iTLS-Enso,11068,07/03/2020, 18:06:27,404
SKGTLSE12,iTLS-Enso,11068,07/03/2020, 19:05:21,404
SKGTLSE12,iTLS-Enso,11068,07/03/2020, 20:06:54,404
SKGTLSE12,iTLS-Enso,11068,07/03/2020, 21:05:43,404
SKGTLSE12,iTLS-Enso,11068,07/03/2020, 22:06:04,404
SKGTLSE12,iTLS-Enso,11068,07/03/2020, 23:05:33,404
SKGTLSE12,iTLS-Enso,11068,07/04/2020, 00:16:09,404
SKGTLSE12,iTLS-Enso,11069,07/04/2020, 01:06:31,404
SKGTLSE12,iTLS-Enso,11069,07/04/2020, 02:06:28,404
SKGTLSE12,iTLS-Enso,11071,07/04/2020, 03:05:52,404
SKGTLSE12,iTLS-Enso,11071,07/04/2020, 04:06:48,404
SKGTLSE12,iTLS-Enso,11071,07/04/2020, 05:05:43,404
SKGTLSE12,iTLS-Enso,11073,07/04/2020, 06:06:37,404
SKGTLSE12,iTLS-Enso,11074,07/04/2020, 07:06:03,404
SKGTLSE12,iTLS-Enso,11074,07/04/2020, 08:07:09,404
SKGTLSE12,iTLS-Enso,11074,07/04/2020, 09:05:33,404
SKGTLSE12,iTLS-Enso,11074,07/04/2020, 10:06:10,404
SKGTLSE12,iTLS-Enso,11074,07/04/2020, 11:05:43,404
SKGTLSE12,iTLS-Enso,11074,07/04/2020, 12:07:42,404
SKGTLSE12,iTLS-Enso,11074,07/04/2020, 13:06:05,404
SKGTLSE12,iTLS-Enso,11074,07/04/2020, 14:08:00,404
SKGTLSE12,iTLS-Enso,11074,07/04/2020, 15:05:42,404
SKGTLSE12,iTLS-Enso,11076,07/04/2020, 16:06:17,404
SKGTLSE12,iTLS-Enso,11079,07/04/2020, 17:06:33,404
SKGTLSE12,iTLS-Enso,11080,07/04/2020, 18:06:27,404
SKGTLSE12,iTLS-Enso,11081,07/04/2020, 19:05:22,404
SKGTLSE12,iTLS-Enso,11081,07/04/2020, 20:06:44,404
SKGTLSE12,iTLS-Enso,11081,07/04/2020, 21:05:42,404
SKGTLSE12,iTLS-Enso,11082,07/04/2020, 22:06:16,404
SKGTLSE12,iTLS-Enso,11083,07/04/2020, 23:06:10,404
SKGTLSE12,iTLS-Enso,11084,07/05/2020, 00:17:08,404
SKGTLSE12,iTLS-Enso,11084,07/05/2020, 01:06:44,404
SKGTLSE12,iTLS-Enso,11084,07/05/2020, 02:06:28,404
SKGTLSE12,iTLS-Enso,11084,07/05/2020, 03:05:53,404
SKGTLSE12,iTLS-Enso,11085,07/05/2020, 04:06:30,404
SKGTLSE12,iTLS-Enso,11085,07/05/2020, 05:05:38,404
SKGTLSE12,iTLS-Enso,11086,07/05/2020, 06:06:35,404
SKGTLSE12,iTLS-Enso,11087,07/05/2020, 07:06:06,404
SKGTLSE12,iTLS-Enso,11087,07/05/2020, 08:06:26,404
SKGTLSE12,iTLS-Enso,11087,07/05/2020, 09:05:49,404
SKGTLSE12,iTLS-Enso,11087,07/05/2020, 10:06:51,404
SKGTLSE12,iTLS-Enso,11088,07/05/2020, 11:05:40,404
SKGTLSE12,iTLS-Enso,11088,07/05/2020, 12:07:48,404
SKGTLSE12,iTLS-Enso,11088,07/05/2020, 13:07:05,404
SKGTLSE12,iTLS-Enso,11090,07/05/2020, 14:06:21,404
SKGTLSE12,iTLS-Enso,11091,07/05/2020, 15:05:46,404
SKGTLSE12,iTLS-Enso,11092,07/05/2020, 16:06:30,404
SKGTLSE12,iTLS-Enso,11092,07/05/2020, 17:05:44,404
SKGTLSE12,iTLS-Enso,11094,07/05/2020, 18:06:32,404
SKGTLSE12,iTLS-Enso,11095,07/05/2020, 19:05:29,404
SKGTLSE12,iTLS-Enso,11096,07/05/2020, 20:06:50,404
SKGTLSE12,iTLS-Enso,11096,07/05/2020, 21:05:43,404
SKGTLSE12,iTLS-Enso,11096,07/05/2020, 22:06:14,404
SKGTLSE12,iTLS-Enso,11096,07/05/2020, 23:06:02,404
SKGTLSE12,iTLS-Enso,11096,07/06/2020, 00:16:38,404
SKGTLSE12,iTLS-Enso,11096,07/06/2020, 01:06:36,404
SKGTLSE12,iTLS-Enso,11097,07/06/2020, 02:06:39,404
SKGTLSE12,iTLS-Enso,11097,07/06/2020, 03:05:57,404
SKGTLSE12,iTLS-Enso,11097,07/06/2020, 04:06:24,404
SKGTLSE12,iTLS-Enso,11098,07/06/2020, 05:05:41,404
SKGTLSE12,iTLS-Enso,11098,07/06/2020, 06:06:40,404
SKGTLSE12,iTLS-Enso,11098,07/06/2020, 07:06:02,404
SKGTLSE12,iTLS-Enso,11099,07/06/2020, 08:06:56,404
SKGTLSE12,iTLS-Enso,11099,07/06/2020, 09:06:25,404
SKGTLSE12,iTLS-Enso,11100,07/06/2020, 10:06:05,404
SKGTLSE12,iTLS-Enso,11101,07/06/2020, 11:05:35,404
SKGTLSE12,iTLS-Enso,11101,07/06/2020, 12:08:23,404
SKGTLSE12,iTLS-Enso,11101,07/06/2020, 13:05:56,404
SKGTLSE12,iTLS-Enso,11102,07/06/2020, 14:06:30,404
SKGTLSE12,iTLS-Enso,11102,07/06/2020, 15:05:58,404
SKGTLSE12,iTLS-Enso,11102,07/06/2020, 16:06:31,404
SKGTLSE12,iTLS-Enso,11102,07/06/2020, 17:06:00,404
SKGTLSE12,iTLS-Enso,11103,07/06/2020, 18:06:33,404
SKGTLSE12,iTLS-Enso,11103,07/06/2020, 19:05:38,404
SKGTLSE12,iTLS-Enso,11103,07/06/2020, 20:07:03,404
SKGTLSE12,iTLS-Enso,11103,07/06/2020, 21:05:56,404
SKGTLSE12,iTLS-Enso,11104,07/06/2020, 22:05:50,404
SKGTLSE12,iTLS-Enso,11104,07/06/2020, 23:05:47,404
SKGTLSE12,iTLS-Enso,11104,07/07/2020, 00:16:23,404
SKGTLSE12,iTLS-Enso,11104,07/07/2020, 01:06:24,404
SKGTLSE12,iTLS-Enso,11104,07/07/2020, 02:06:20,404
SKGTLSE12,iTLS-Enso,11105,07/07/2020, 03:05:49,404
SKGTLSE12,iTLS-Enso,11105,07/07/2020, 04:06:22,404
SKGTLSE12,iTLS-Enso,11105,07/07/2020, 05:05:42,404
SKGTLSE12,iTLS-Enso,11106,07/07/2020, 06:06:34,404
SKGTLSE12,iTLS-Enso,11106,07/07/2020, 07:06:15,404
SKGTLSE12,iTLS-Enso,11108,07/07/2020, 08:06:30,404
SKGTLSE12,iTLS-Enso,11108,07/07/2020, 09:06:00,404
SKGTLSE12,iTLS-Enso,11109,07/07/2020, 10:06:05,404
SKGTLSE12,iTLS-Enso,11109,07/07/2020, 11:05:31,404
SKGTLSE12,iTLS-Enso,11109,07/07/2020, 12:07:39,404
SKGTLSE12,iTLS-Enso,11109,07/07/2020, 13:06:00,404
SKGTLSE12,iTLS-Enso,11109,07/07/2020, 14:06:51,404
SKGTLSE12,iTLS-Enso,11109,07/07/2020, 15:05:46,404
SKGTLSE12,iTLS-Enso,11109,07/07/2020, 16:06:17,404
SKGTLSE12,iTLS-Enso,11111,07/07/2020, 17:05:53,404
SKGTLSE12,iTLS-Enso,11111,07/07/2020, 18:06:16,404
SKGTLSE12,iTLS-Enso,11111,07/07/2020, 19:05:20,404
SKGTLSE12,iTLS-Enso,11112,07/07/2020, 20:06:51,404
SKGTLSE12,iTLS-Enso,11112,07/07/2020, 21:05:53,404
SKGTLSE12,iTLS-Enso,11112,07/07/2020, 22:05:45,404
SKGTLSE12,iTLS-Enso,11112,07/07/2020, 23:05:55,404
SKGTLSE12,iTLS-Enso,11112,07/08/2020, 00:16:20,404
SKGTLSE12,iTLS-Enso,11113,07/08/2020, 01:06:24,404
SKGTLSE12,iTLS-Enso,11113,07/08/2020, 02:06:25,404
SKGTLSE12,iTLS-Enso,11113,07/08/2020, 03:05:47,404
SKGTLSE12,iTLS-Enso,11113,07/08/2020, 04:06:13,404
SKGTLSE12,iTLS-Enso,11114,07/08/2020, 05:06:03,404
SKGTLSE12,iTLS-Enso,11114,07/08/2020, 06:06:36,404
SKGTLSE12,iTLS-Enso,11114,07/08/2020, 07:06:11,404
SKGTLSE12,iTLS-Enso,11114,07/08/2020, 08:07:03,404
SKGTLSE12,iTLS-Enso,11115,07/08/2020, 09:06:05,404
SKGTLSE12,iTLS-Enso,11115,07/08/2020, 10:06:01,404
SKGTLSE12,iTLS-Enso,11115,07/08/2020, 11:05:30,404
SKGTLSE12,iTLS-Enso,11116,07/08/2020, 12:07:53,404
SKGTLSE12,iTLS-Enso,11117,07/08/2020, 13:05:57,404
SKGTLSE12,iTLS-Enso,11118,07/08/2020, 14:06:30,404
SKGTLSE12,iTLS-Enso,11118,07/08/2020, 15:05:55,404
SKGTLSE12,iTLS-Enso,11119,07/08/2020, 16:06:19,404
SKGTLSE12,iTLS-Enso,11122,07/08/2020, 17:06:02,404
SKGTLSE12,iTLS-Enso,11122,07/08/2020, 18:06:27,404
SKGTLSE12,iTLS-Enso,11123,07/08/2020, 19:05:48,404
SKGTLSE12,iTLS-Enso,11124,07/08/2020, 20:07:16,404
SKGTLSE12,iTLS-Enso,11125,07/08/2020, 21:05:45,404
SKGTLSE12,iTLS-Enso,11125,07/08/2020, 22:05:44,404
SKGTLSE12,iTLS-Enso,11126,07/08/2020, 23:06:04,404
SKGTLSE12,iTLS-Enso,11127,07/09/2020, 00:16:42,404
SKGTLSE12,iTLS-Enso,11127,07/09/2020, 01:06:17,404
SKGTLSE12,iTLS-Enso,11128,07/09/2020, 02:06:41,404
SKGTLSE12,iTLS-Enso,11128,07/09/2020, 03:06:10,404
SKGTLSE12,iTLS-Enso,11128,07/09/2020, 04:06:45,404
SKGTLSE12,iTLS-Enso,11130,07/09/2020, 05:05:57,404
SKGTLSE12,iTLS-Enso,11130,07/09/2020, 06:06:28,404
SKGTLSE12,iTLS-Enso,11131,07/09/2020, 07:05:57,404
SKGTLSE12,iTLS-Enso,11132,07/09/2020, 08:06:18,404
SKGTLSE12,iTLS-Enso,11132,07/09/2020, 09:05:43,404
SKGTLSE12,iTLS-Enso,11132,07/09/2020, 10:06:05,404
SKGTLSE12,iTLS-Enso,11132,07/09/2020, 11:05:36,404
SKGTLSE12,iTLS-Enso,11132,07/09/2020, 12:08:03,404
SKGTLSE12,iTLS-Enso,11132,07/09/2020, 13:06:02,404
SKGTLSE12,iTLS-Enso,11133,07/09/2020, 14:06:52,404
SKGTLSE12,iTLS-Enso,11134,07/09/2020, 15:06:10,404
SKGTLSE12,iTLS-Enso,11136,07/09/2020, 16:06:21,404
SKGTLSE12,iTLS-Enso,11137,07/09/2020, 17:06:12,404
SKGTLSE12,iTLS-Enso,11138,07/09/2020, 18:06:43,404
SKGTLSE12,iTLS-Enso,11138,07/09/2020, 19:05:44,404
SKGTLSE12,iTLS-Enso,11138,07/09/2020, 20:06:59,404
SKGTLSE12,iTLS-Enso,11138,07/09/2020, 21:06:05,404
SKGTLSE12,iTLS-Enso,11139,07/09/2020, 22:06:06,404
SKGTLSE12,iTLS-Enso,11141,07/09/2020, 23:05:51,404
SKGTLSE12,iTLS-Enso,11143,07/10/2020, 00:16:56,404
SKGTLSE12,iTLS-Enso,11143,07/10/2020, 01:06:56,404
SKGTLSE12,iTLS-Enso,11143,07/10/2020, 02:06:51,404
SKGTLSE12,iTLS-Enso,11144,07/10/2020, 03:06:16,404
SKGTLSE12,iTLS-Enso,11144,07/10/2020, 04:06:43,404
SKGTLSE12,iTLS-Enso,11144,07/10/2020, 05:05:43,404
SKGTLSE12,iTLS-Enso,11145,07/10/2020, 06:06:35,404
SKGTLSE12,iTLS-Enso,11145,07/10/2020, 07:06:22,404
SKGTLSE12,iTLS-Enso,11145,07/10/2020, 08:07:09,404
SKGTLSE12,iTLS-Enso,11146,07/10/2020, 09:06:34,404
SKGTLSE12,iTLS-Enso,11146,07/10/2020, 10:05:57,404
SKGTLSE12,iTLS-Enso,11148,07/10/2020, 11:05:54,404
SKGTLSE12,iTLS-Enso,11148,07/10/2020, 12:08:53,404
SKGTLSE12,iTLS-Enso,11148,07/10/2020, 13:05:56,404
SKGTLSE12,iTLS-Enso,11148,07/10/2020, 14:06:49,404
SKGTLSE12,iTLS-Enso,11148,07/10/2020, 15:06:01,404
SKGTLSE12,iTLS-Enso,11148,07/10/2020, 16:06:24,404
SKGTLSE12,iTLS-Enso,11148,07/10/2020, 17:05:48,404
SKGTLSE12,iTLS-Enso,11148,07/10/2020, 18:06:45,404
SKGTLSE12,iTLS-Enso,11150,07/10/2020, 19:05:45,404
SKGTLSE12,iTLS-Enso,11150,07/10/2020, 20:07:06,404
SKGTLSE12,iTLS-Enso,11150,07/10/2020, 21:05:58,404
SKGTLSE12,iTLS-Enso,11150,07/10/2020, 22:05:54,404
SKGTLSE12,iTLS-Enso,11152,07/10/2020, 23:06:09,404
SKGTLSE12,iTLS-Enso,11153,07/11/2020, 00:16:59,404
SKGTLSE12,iTLS-Enso,11153,07/11/2020, 01:06:40,404
SKGTLSE12,iTLS-Enso,11153,07/11/2020, 02:06:46,404
SKGTLSE12,iTLS-Enso,11154,07/11/2020, 03:06:08,404
SKGTLSE12,iTLS-Enso,11154,07/11/2020, 04:06:31,404
SKGTLSE12,iTLS-Enso,11154,07/11/2020, 05:05:35,404
SKGTLSE12,iTLS-Enso,11155,07/11/2020, 06:06:58,404
SKGTLSE12,iTLS-Enso,11155,07/11/2020, 07:06:31,404
SKGTLSE12,iTLS-Enso,11155,07/11/2020, 08:06:47,404
SKGTLSE12,iTLS-Enso,11155,07/11/2020, 09:06:06,404
SKGTLSE12,iTLS-Enso,11155,07/11/2020, 10:06:17,404
SKGTLSE12,iTLS-Enso,11155,07/11/2020, 11:05:57,404
SKGTLSE12,iTLS-Enso,11155,07/11/2020, 12:07:58,404
SKGTLSE12,iTLS-Enso,11155,07/11/2020, 13:06:21,404
SKGTLSE12,iTLS-Enso,11157,07/11/2020, 14:06:58,404
SKGTLSE12,iTLS-Enso,11158,07/11/2020, 15:05:43,404
SKGTLSE12,iTLS-Enso,11158,07/11/2020, 16:06:35,404
SKGTLSE12,iTLS-Enso,11159,07/11/2020, 17:05:52,404
SKGTLSE12,iTLS-Enso,11159,07/11/2020, 18:06:29,404
SKGTLSE12,iTLS-Enso,11159,07/11/2020, 19:06:06,404
SKGTLSE12,iTLS-Enso,11159,07/11/2020, 20:07:25,404
SKGTLSE12,iTLS-Enso,11159,07/11/2020, 21:06:09,404
SKGTLSE12,iTLS-Enso,11159,07/11/2020, 22:06:06,404
SKGTLSE12,iTLS-Enso,11159,07/11/2020, 23:06:03,404
SKGTLSE12,iTLS-Enso,11160,07/12/2020, 00:17:48,404
SKGTLSE12,iTLS-Enso,11160,07/12/2020, 01:06:34,404
SKGTLSE12,iTLS-Enso,11160,07/12/2020, 02:06:35,404
SKGTLSE12,iTLS-Enso,11160,07/12/2020, 03:06:36,404
SKGTLSE12,iTLS-Enso,11162,07/12/2020, 04:06:49,404
SKGTLSE12,iTLS-Enso,11162,07/12/2020, 05:05:52,404
SKGTLSE12,iTLS-Enso,11162,07/12/2020, 06:06:57,404
SKGTLSE12,iTLS-Enso,11162,07/12/2020, 07:06:07,404
SKGTLSE12,iTLS-Enso,11162,07/12/2020, 08:06:29,404
SKGTLSE12,iTLS-Enso,11162,07/12/2020, 09:05:59,404
SKGTLSE12,iTLS-Enso,11163,07/12/2020, 10:06:20,404
SKGTLSE12,iTLS-Enso,11163,07/12/2020, 11:05:42,404
SKGTLSE12,iTLS-Enso,11163,07/12/2020, 12:08:14,404
SKGTLSE12,iTLS-Enso,11164,07/12/2020, 13:06:01,404
SKGTLSE12,iTLS-Enso,11164,07/12/2020, 14:06:41,404
SKGTLSE12,iTLS-Enso,11165,07/12/2020, 15:06:03,404
SKGTLSE12,iTLS-Enso,11165,07/12/2020, 16:06:18,404
SKGTLSE12,iTLS-Enso,11165,07/12/2020, 17:06:03,404
SKGTLSE12,iTLS-Enso,11165,07/12/2020, 18:06:52,404
SKGTLSE12,iTLS-Enso,11167,07/12/2020, 19:05:41,404
SKGTLSE12,iTLS-Enso,11167,07/12/2020, 20:07:04,404
SKGTLSE12,iTLS-Enso,11167,07/12/2020, 21:06:00,404
SKGTLSE12,iTLS-Enso,11169,07/12/2020, 22:06:01,404
SKGTLSE12,iTLS-Enso,11169,07/12/2020, 23:06:13,404
SKGTLSE12,iTLS-Enso,11169,07/13/2020, 00:17:20,404
SKGTLSE12,iTLS-Enso,11169,07/13/2020, 01:06:52,404
SKGTLSE12,iTLS-Enso,11169,07/13/2020, 02:06:53,404
SKGTLSE12,iTLS-Enso,11169,07/13/2020, 03:06:51,404
SKGTLSE12,iTLS-Enso,11169,07/13/2020, 04:06:55,404
SKGTLSE12,iTLS-Enso,11169,07/13/2020, 05:08:11,404
SKGTLSE12,iTLS-Enso,11169,07/13/2020, 07:07:36,404
SKGTLSE12,iTLS-Enso,11169,07/13/2020, 09:06:24,404
SKGTLSE12,iTLS-Enso,11169,07/13/2020, 10:06:21,404
SKGTLSE12,iTLS-Enso,11169,07/13/2020, 11:05:53,404
SKGTLSE12,iTLS-Enso,11170,07/13/2020, 12:08:01,404
SKGTLSE12,iTLS-Enso,11170,07/13/2020, 13:06:08,404
SKGTLSE12,iTLS-Enso,11170,07/13/2020, 14:07:06,404
SKGTLSE12,iTLS-Enso,11170,07/13/2020, 15:06:07,404
SKGTLSE12,iTLS-Enso,11171,07/13/2020, 16:06:22,404
SKGTLSE12,iTLS-Enso,11171,07/13/2020, 17:05:48,404
SKGTLSE12,iTLS-Enso,11171,07/13/2020, 18:06:49,404
SKGTLSE12,iTLS-Enso,11173,07/13/2020, 19:05:44,404
SKGTLSE12,iTLS-Enso,11174,07/13/2020, 20:07:14,404
SKGTLSE12,iTLS-Enso,11176,07/13/2020, 21:06:08,404
SKGTLSE12,iTLS-Enso,11177,07/13/2020, 22:06:06,404
SKGTLSE12,iTLS-Enso,11177,07/13/2020, 23:05:58,404
SKGTLSE12,iTLS-Enso,11177,07/14/2020, 00:17:08,404
SKGTLSE12,iTLS-Enso,11177,07/14/2020, 01:06:36,404
SKGTLSE12,iTLS-Enso,11178,07/14/2020, 02:07:10,404
SKGTLSE12,iTLS-Enso,11179,07/14/2020, 03:06:29,404
SKGTLSE12,iTLS-Enso,11179,07/14/2020, 04:06:26,404
SKGTLSE12,iTLS-Enso,11181,07/14/2020, 05:06:05,404
SKGTLSE12,iTLS-Enso,11182,07/14/2020, 06:06:55,404
SKGTLSE12,iTLS-Enso,11183,07/14/2020, 07:06:18,404
SKGTLSE12,iTLS-Enso,11183,07/14/2020, 08:06:49,404
SKGTLSE12,iTLS-Enso,11183,07/14/2020, 09:06:25,404
SKGTLSE12,iTLS-Enso,11183,07/14/2020, 10:06:12,404
SKGTLSE12,iTLS-Enso,11185,07/14/2020, 11:05:55,404
SKGTLSE12,iTLS-Enso,11185,07/14/2020, 12:08:53,404
SKGTLSE12,iTLS-Enso,11185,07/14/2020, 13:07:00,404
SKGTLSE12,iTLS-Enso,11185,07/14/2020, 14:35:45,404
SKGTLSE12,iTLS-Enso,11185,07/14/2020, 15:06:15,404
SKGTLSE12,iTLS-Enso,11185,07/14/2020, 16:06:26,404
SKGTLSE12,iTLS-Enso,11187,07/14/2020, 17:05:59,404
SKGTLSE12,iTLS-Enso,11187,07/14/2020, 18:06:45,404
SKGTLSE12,iTLS-Enso,11188,07/14/2020, 19:06:06,404
SKGTLSE12,iTLS-Enso,11189,07/14/2020, 20:06:57,404
SKGTLSE12,iTLS-Enso,11189,07/14/2020, 21:05:19,404
SKGTLSE12,iTLS-Enso,11189,07/14/2020, 22:06:00,404
SKGTLSE12,iTLS-Enso,11189,07/14/2020, 23:06:16,404
SKGTLSE12,iTLS-Enso,11189,07/15/2020, 00:17:28,404
SKGTLSE12,iTLS-Enso,11189,07/15/2020, 01:06:56,404
SKGTLSE12,iTLS-Enso,11189,07/15/2020, 02:06:53,404
SKGTLSE12,iTLS-Enso,11189,07/15/2020, 03:06:31,404
SKGTLSE12,iTLS-Enso,11190,07/15/2020, 04:06:27,404
SKGTLSE12,iTLS-Enso,11191,07/15/2020, 05:05:48,404
SKGTLSE12,iTLS-Enso,11191,07/15/2020, 06:07:18,404
SKGTLSE12,iTLS-Enso,11191,07/15/2020, 07:06:51,404
SKGTLSE12,iTLS-Enso,11191,07/15/2020, 08:06:48,404
SKGTLSE12,iTLS-Enso,11191,07/15/2020, 09:06:36,404
SKGTLSE12,iTLS-Enso,11191,07/15/2020, 10:06:10,404
SKGTLSE12,iTLS-Enso,11191,07/15/2020, 11:06:01,404
SKGTLSE12,iTLS-Enso,11191,07/15/2020, 12:08:00,404
SKGTLSE12,iTLS-Enso,11191,07/15/2020, 13:05:58,404
SKGTLSE12,iTLS-Enso,11191,07/15/2020, 14:06:45,404
SKGTLSE12,iTLS-Enso,11191,07/15/2020, 15:06:20,404
SKGTLSE12,iTLS-Enso,11191,07/15/2020, 16:06:26,404
SKGTLSE12,iTLS-Enso,11191,07/15/2020, 17:05:54,404
SKGTLSE12,iTLS-Enso,11191,07/15/2020, 18:06:26,404
SKGTLSE12,iTLS-Enso,11193,07/15/2020, 19:05:07,404
SKGTLSE12,iTLS-Enso,11194,07/15/2020, 20:06:08,404
SKGTLSE12,iTLS-Enso,11195,07/15/2020, 21:05:54,404
SKGTLSE12,iTLS-Enso,11196,07/15/2020, 22:06:06,404
SKGTLSE12,iTLS-Enso,11198,07/15/2020, 23:06:06,404
SKGTLSE12,iTLS-Enso,11198,07/16/2020, 00:17:04,404
SKGTLSE12,iTLS-Enso,11198,07/16/2020, 01:06:37,404
SKGTLSE12,iTLS-Enso,11198,07/16/2020, 02:07:03,404
SKGTLSE12,iTLS-Enso,11199,07/16/2020, 03:06:32,404
SKGTLSE12,iTLS-Enso,11199,07/16/2020, 04:06:47,404
SKGTLSE12,iTLS-Enso,11199,07/16/2020, 05:05:58,404
SKGTLSE12,iTLS-Enso,11200,07/16/2020, 06:06:27,404
SKGTLSE12,iTLS-Enso,11200,07/16/2020, 07:06:21,404
SKGTLSE12,iTLS-Enso,11200,07/16/2020, 08:06:20,404
SKGTLSE12,iTLS-Enso,11201,07/16/2020, 09:06:39,404
SKGTLSE12,iTLS-Enso,11201,07/16/2020, 10:06:16,404
SKGTLSE12,iTLS-Enso,11201,07/16/2020, 11:05:47,404
SKGTLSE12,iTLS-Enso,11202,07/16/2020, 12:08:24,404
SKGTLSE12,iTLS-Enso,11202,07/16/2020, 13:06:13,404
SKGTLSE12,iTLS-Enso,11203,07/16/2020, 14:06:45,404
SKGTLSE12,iTLS-Enso,11203,07/16/2020, 15:06:23,404
SKGTLSE12,iTLS-Enso,11203,07/16/2020, 16:06:43,404
SKGTLSE12,iTLS-Enso,11203,07/16/2020, 17:06:29,404
SKGTLSE12,iTLS-Enso,11205,07/16/2020, 18:06:41,404
SKGTLSE12,iTLS-Enso,11205,07/16/2020, 19:05:54,404
SKGTLSE12,iTLS-Enso,11206,07/16/2020, 20:06:51,404
SKGTLSE12,iTLS-Enso,11206,07/16/2020, 21:06:14,404
SKGTLSE12,iTLS-Enso,11208,07/16/2020, 22:05:59,404
SKGTLSE12,iTLS-Enso,11208,07/16/2020, 23:07:00,404
SKGTLSE12,iTLS-Enso,11209,07/17/2020, 00:17:10,404
SKGTLSE12,iTLS-Enso,11209,07/17/2020, 01:07:04,404
SKGTLSE12,iTLS-Enso,11209,07/17/2020, 02:07:15,404
SKGTLSE12,iTLS-Enso,11209,07/17/2020, 03:06:36,404
SKGTLSE12,iTLS-Enso,11210,07/17/2020, 04:07:07,404
SKGTLSE12,iTLS-Enso,11210,07/17/2020, 05:05:59,404
SKGTLSE12,iTLS-Enso,11211,07/17/2020, 06:06:56,404
SKGTLSE12,iTLS-Enso,11211,07/17/2020, 07:06:23,404
SKGTLSE12,iTLS-Enso,11212,07/17/2020, 08:06:51,404
SKGTLSE12,iTLS-Enso,11212,07/17/2020, 09:06:22,404
SKGTLSE12,iTLS-Enso,11212,07/17/2020, 10:06:17,404
SKGTLSE12,iTLS-Enso,11213,07/17/2020, 11:05:50,404
SKGTLSE12,iTLS-Enso,11213,07/17/2020, 12:08:47,404
SKGTLSE12,iTLS-Enso,11213,07/17/2020, 13:06:07,404
SKGTLSE12,iTLS-Enso,11215,07/17/2020, 14:06:33,404
SKGTLSE12,iTLS-Enso,11215,07/17/2020, 15:05:59,404
SKGTLSE12,iTLS-Enso,11215,07/17/2020, 16:07:05,404
SKGTLSE12,iTLS-Enso,11215,07/17/2020, 17:05:49,404
SKGTLSE12,iTLS-Enso,11215,07/17/2020, 18:06:29,404
SKGTLSE12,iTLS-Enso,11215,07/17/2020, 19:06:05,404
SKGTLSE12,iTLS-Enso,11216,07/17/2020, 20:07:08,404
SKGTLSE12,iTLS-Enso,11218,07/17/2020, 21:05:32,404
SKGTLSE12,iTLS-Enso,11218,07/17/2020, 22:06:06,404
SKGTLSE12,iTLS-Enso,11218,07/17/2020, 23:06:04,404
SKGTLSE12,iTLS-Enso,11220,07/18/2020, 00:17:27,404
SKGTLSE12,iTLS-Enso,11221,07/18/2020, 01:06:51,404
SKGTLSE12,iTLS-Enso,11221,07/18/2020, 02:07:04,404
SKGTLSE12,iTLS-Enso,11222,07/18/2020, 03:06:33,404
SKGTLSE12,iTLS-Enso,11222,07/18/2020, 04:06:33,404
SKGTLSE12,iTLS-Enso,11224,07/18/2020, 05:05:58,404
SKGTLSE12,iTLS-Enso,11224,07/18/2020, 06:06:44,404
SKGTLSE12,iTLS-Enso,11225,07/18/2020, 07:06:28,404
SKGTLSE12,iTLS-Enso,11225,07/18/2020, 09:06:13,404
SKGTLSE12,iTLS-Enso,11225,07/18/2020, 10:06:10,404
SKGTLSE12,iTLS-Enso,11225,07/18/2020, 11:06:06,404
SKGTLSE12,iTLS-Enso,11225,07/18/2020, 12:08:03,404
SKGTLSE12,iTLS-Enso,11226,07/18/2020, 13:05:55,404
SKGTLSE12,iTLS-Enso,11227,07/18/2020, 14:06:26,404
SKGTLSE12,iTLS-Enso,11228,07/18/2020, 15:05:56,404
SKGTLSE12,iTLS-Enso,11228,07/18/2020, 16:06:18,404
SKGTLSE12,iTLS-Enso,11228,07/18/2020, 17:05:38,404
SKGTLSE12,iTLS-Enso,11228,07/18/2020, 18:06:52,404
SKGTLSE12,iTLS-Enso,11228,07/18/2020, 19:05:35,404
SKGTLSE12,iTLS-Enso,11229,07/18/2020, 20:07:09,404
SKGTLSE12,iTLS-Enso,11230,07/18/2020, 21:06:25,404
SKGTLSE12,iTLS-Enso,11231,07/18/2020, 22:05:52,404
SKGTLSE12,iTLS-Enso,11231,07/18/2020, 23:05:42,404
SKGTLSE12,iTLS-Enso,11231,07/19/2020, 00:18:09,404
SKGTLSE12,iTLS-Enso,11231,07/19/2020, 01:06:52,404
SKGTLSE12,iTLS-Enso,11231,07/19/2020, 02:07:01,404
SKGTLSE12,iTLS-Enso,11231,07/19/2020, 03:06:18,404
SKGTLSE12,iTLS-Enso,11231,07/19/2020, 04:06:49,404
SKGTLSE12,iTLS-Enso,11231,07/19/2020, 05:06:16,404
SKGTLSE12,iTLS-Enso,11231,07/19/2020, 06:07:15,404
SKGTLSE12,iTLS-Enso,11231,07/19/2020, 07:06:40,404
SKGTLSE12,iTLS-Enso,11231,07/19/2020, 08:06:25,404
SKGTLSE12,iTLS-Enso,11232,07/19/2020, 09:06:30,404
SKGTLSE12,iTLS-Enso,11233,07/19/2020, 10:06:17,404
SKGTLSE12,iTLS-Enso,11233,07/19/2020, 11:05:48,404
SKGTLSE12,iTLS-Enso,11234,07/19/2020, 12:08:21,404
SKGTLSE12,iTLS-Enso,11234,07/19/2020, 13:06:07,404
SKGTLSE12,iTLS-Enso,11234,07/19/2020, 14:07:05,404
SKGTLSE12,iTLS-Enso,11234,07/19/2020, 15:05:56,404
SKGTLSE12,iTLS-Enso,11234,07/19/2020, 16:06:37,404
SKGTLSE12,iTLS-Enso,11234,07/19/2020, 17:05:47,404
SKGTLSE12,iTLS-Enso,11234,07/19/2020, 18:06:22,404
SKGTLSE12,iTLS-Enso,11235,07/19/2020, 19:05:44,404
SKGTLSE12,iTLS-Enso,11235,07/19/2020, 20:07:17,404
SKGTLSE12,iTLS-Enso,11237,07/19/2020, 21:06:37,404
SKGTLSE12,iTLS-Enso,11240,07/19/2020, 22:06:02,404
SKGTLSE12,iTLS-Enso,11240,07/19/2020, 23:06:01,404
SKGTLSE12,iTLS-Enso,11241,07/20/2020, 00:17:39,404
SKGTLSE12,iTLS-Enso,11241,07/20/2020, 01:07:01,404
SKGTLSE12,iTLS-Enso,11241,07/20/2020, 02:07:10,404
SKGTLSE12,iTLS-Enso,11241,07/20/2020, 03:06:44,404
SKGTLSE12,iTLS-Enso,11242,07/20/2020, 04:07:21,404
SKGTLSE12,iTLS-Enso,11242,07/20/2020, 05:06:17,404
SKGTLSE12,iTLS-Enso,11242,07/20/2020, 06:06:48,404
SKGTLSE12,iTLS-Enso,11242,07/20/2020, 07:06:41,404
SKGTLSE12,iTLS-Enso,11242,07/20/2020, 08:07:27,404
SKGTLSE12,iTLS-Enso,11242,07/20/2020, 09:06:40,404
SKGTLSE12,iTLS-Enso,11243,07/20/2020, 10:06:55,404
SKGTLSE12,iTLS-Enso,11243,07/20/2020, 11:05:53,404
SKGTLSE12,iTLS-Enso,11243,07/20/2020, 12:08:03,404
SKGTLSE12,iTLS-Enso,11243,07/20/2020, 13:05:56,404
SKGTLSE12,iTLS-Enso,11245,07/20/2020, 14:07:02,404
SKGTLSE12,iTLS-Enso,11245,07/20/2020, 15:06:33,404
SKGTLSE12,iTLS-Enso,11245,07/20/2020, 16:06:33,404
SKGTLSE12,iTLS-Enso,11245,07/20/2020, 17:05:56,404
SKGTLSE12,iTLS-Enso,11245,07/20/2020, 18:06:36,404
SKGTLSE12,iTLS-Enso,11247,07/20/2020, 19:06:08,404
SKGTLSE12,iTLS-Enso,11248,07/20/2020, 20:07:27,404
SKGTLSE12,iTLS-Enso,11248,07/20/2020, 21:06:26,404
SKGTLSE12,iTLS-Enso,11248,07/20/2020, 22:05:59,404
SKGTLSE12,iTLS-Enso,11248,07/20/2020, 23:05:52,404
SKGTLSE12,iTLS-Enso,11248,07/21/2020, 00:17:41,404
SKGTLSE12,iTLS-Enso,11248,07/21/2020, 01:07:19,404
SKGTLSE12,iTLS-Enso,11249,07/21/2020, 02:07:34,404
SKGTLSE12,iTLS-Enso,11250,07/21/2020, 03:06:35,404
SKGTLSE12,iTLS-Enso,11250,07/21/2020, 04:06:59,404
SKGTLSE12,iTLS-Enso,11250,07/21/2020, 05:06:29,404
SKGTLSE12,iTLS-Enso,11250,07/21/2020, 06:07:06,404
SKGTLSE12,iTLS-Enso,11250,07/21/2020, 07:06:45,404
SKGTLSE12,iTLS-Enso,11250,07/21/2020, 08:06:58,404
SKGTLSE12,iTLS-Enso,11250,07/21/2020, 09:06:31,404
SKGTLSE12,iTLS-Enso,11250,07/21/2020, 10:06:29,404
SKGTLSE12,iTLS-Enso,11250,07/21/2020, 11:06:30,404
SKGTLSE12,iTLS-Enso,11250,07/21/2020, 12:08:24,404
SKGTLSE12,iTLS-Enso,11250,07/21/2020, 13:05:51,404
SKGTLSE12,iTLS-Enso,11250,07/21/2020, 14:06:56,404
SKGTLSE12,iTLS-Enso,11250,07/21/2020, 15:06:31,404
SKGTLSE12,iTLS-Enso,11250,07/21/2020, 16:06:31,404
SKGTLSE12,iTLS-Enso,11250,07/21/2020, 17:06:18,404
SKGTLSE12,iTLS-Enso,11252,07/21/2020, 18:06:48,404
SKGTLSE12,iTLS-Enso,11253,07/21/2020, 19:06:10,404
SKGTLSE12,iTLS-Enso,11254,07/21/2020, 20:07:01,404
SKGTLSE12,iTLS-Enso,11254,07/21/2020, 21:06:18,404
SKGTLSE12,iTLS-Enso,11254,07/21/2020, 22:06:25,404
SKGTLSE12,iTLS-Enso,11254,07/21/2020, 23:05:48,404
SKGTLSE12,iTLS-Enso,11254,07/22/2020, 00:17:33,404
SKGTLSE12,iTLS-Enso,11257,07/22/2020, 01:07:02,404
SKGTLSE12,iTLS-Enso,11257,07/22/2020, 02:07:22,404
SKGTLSE12,iTLS-Enso,11257,07/22/2020, 03:06:30,404
SKGTLSE12,iTLS-Enso,11257,07/22/2020, 04:07:00,404
SKGTLSE12,iTLS-Enso,11257,07/22/2020, 05:06:20,404
SKGTLSE12,iTLS-Enso,11257,07/22/2020, 06:06:59,404
SKGTLSE12,iTLS-Enso,11257,07/22/2020, 07:06:49,404
SKGTLSE12,iTLS-Enso,11257,07/22/2020, 08:07:29,404
SKGTLSE12,iTLS-Enso,11257,07/22/2020, 09:06:24,404
SKGTLSE12,iTLS-Enso,11257,07/22/2020, 10:06:34,404
SKGTLSE12,iTLS-Enso,11257,07/22/2020, 11:05:54,404
SKGTLSE12,iTLS-Enso,11258,07/22/2020, 12:08:06,404
SKGTLSE12,iTLS-Enso,11259,07/22/2020, 13:05:59,404
SKGTLSE12,iTLS-Enso,11260,07/22/2020, 14:07:14,404
SKGTLSE12,iTLS-Enso,11260,07/22/2020, 15:06:24,404
SKGTLSE12,iTLS-Enso,11261,07/22/2020, 16:06:47,404
SKGTLSE12,iTLS-Enso,11261,07/22/2020, 17:06:10,404
SKGTLSE12,iTLS-Enso,11261,07/22/2020, 18:07:04,404
SKGTLSE12,iTLS-Enso,11261,07/22/2020, 19:06:08,404
SKGTLSE12,iTLS-Enso,11261,07/22/2020, 20:07:25,404
SKGTLSE12,iTLS-Enso,11261,07/22/2020, 21:06:34,404
SKGTLSE12,iTLS-Enso,11261,07/22/2020, 22:06:28,404
SKGTLSE12,iTLS-Enso,11261,07/22/2020, 23:06:06,404
SKGTLSE12,iTLS-Enso,11262,07/23/2020, 00:17:38,404
SKGTLSE12,iTLS-Enso,11263,07/23/2020, 01:06:44,404
SKGTLSE12,iTLS-Enso,11263,07/23/2020, 02:07:11,404
SKGTLSE12,iTLS-Enso,11264,07/23/2020, 03:06:37,404
SKGTLSE12,iTLS-Enso,11264,07/23/2020, 04:07:12,404
SKGTLSE12,iTLS-Enso,11265,07/23/2020, 05:06:34,404
SKGTLSE12,iTLS-Enso,11265,07/23/2020, 06:07:10,404
SKGTLSE12,iTLS-Enso,11265,07/23/2020, 07:06:35,404
SKGTLSE12,iTLS-Enso,11265,07/23/2020, 08:07:09,404
SKGTLSE12,iTLS-Enso,11265,07/23/2020, 09:06:54,404
SKGTLSE12,iTLS-Enso,11265,07/23/2020, 10:06:40,404
SKGTLSE12,iTLS-Enso,11265,07/23/2020, 11:06:04,404
SKGTLSE12,iTLS-Enso,11265,07/23/2020, 12:08:20,404
SKGTLSE12,iTLS-Enso,11265,07/23/2020, 13:06:24,404
SKGTLSE12,iTLS-Enso,11266,07/23/2020, 14:06:50,404
SKGTLSE12,iTLS-Enso,11266,07/23/2020, 15:06:33,404
SKGTLSE12,iTLS-Enso,11266,07/23/2020, 16:06:44,404
SKGTLSE12,iTLS-Enso,11267,07/23/2020, 17:06:41,404
SKGTLSE12,iTLS-Enso,11267,07/23/2020, 18:06:51,404
SKGTLSE12,iTLS-Enso,11268,07/23/2020, 19:06:24,404
SKGTLSE12,iTLS-Enso,11268,07/23/2020, 20:07:14,404
SKGTLSE12,iTLS-Enso,11269,07/23/2020, 21:06:39,404
SKGTLSE12,iTLS-Enso,11269,07/23/2020, 22:06:33,404
SKGTLSE12,iTLS-Enso,11270,07/23/2020, 23:06:01,404
SKGTLSE12,iTLS-Enso,11270,07/24/2020, 00:17:59,404
SKGTLSE12,iTLS-Enso,11270,07/24/2020, 01:07:29,404
SKGTLSE12,iTLS-Enso,11270,07/24/2020, 02:07:51,404
SKGTLSE12,iTLS-Enso,11270,07/24/2020, 03:06:35,404
SKGTLSE12,iTLS-Enso,11274,07/24/2020, 04:06:58,404
SKGTLSE12,iTLS-Enso,11274,07/24/2020, 05:06:26,404
SKGTLSE12,iTLS-Enso,11274,07/24/2020, 06:06:59,404
SKGTLSE12,iTLS-Enso,11274,07/24/2020, 07:06:52,404
SKGTLSE12,iTLS-Enso,11274,07/24/2020, 08:07:25,404
SKGTLSE12,iTLS-Enso,11275,07/24/2020, 09:06:20,404
SKGTLSE12,iTLS-Enso,11275,07/24/2020, 10:06:20,404
SKGTLSE12,iTLS-Enso,11275,07/24/2020, 11:06:16,404
SKGTLSE12,iTLS-Enso,11275,07/24/2020, 12:09:23,404
SKGTLSE12,iTLS-Enso,11276,07/24/2020, 13:05:52,404
SKGTLSE12,iTLS-Enso,11277,07/24/2020, 14:06:55,404
SKGTLSE12,iTLS-Enso,11277,07/24/2020, 15:06:09,404
SKGTLSE12,iTLS-Enso,11277,07/24/2020, 16:06:38,404
SKGTLSE12,iTLS-Enso,11277,07/24/2020, 17:06:17,404
SKGTLSE12,iTLS-Enso,11277,07/24/2020, 18:06:54,404
SKGTLSE12,iTLS-Enso,11277,07/24/2020, 19:06:18,404
SKGTLSE12,iTLS-Enso,11277,07/24/2020, 20:07:21,404
SKGTLSE12,iTLS-Enso,11277,07/24/2020, 21:06:18,404
SKGTLSE12,iTLS-Enso,11277,07/24/2020, 22:06:16,404
SKGTLSE12,iTLS-Enso,11277,07/24/2020, 23:06:09,404
SKGTLSE12,iTLS-Enso,11277,07/25/2020, 00:18:05,404
SKGTLSE12,iTLS-Enso,11277,07/25/2020, 01:06:43,404
SKGTLSE12,iTLS-Enso,11278,07/25/2020, 02:07:13,404
SKGTLSE12,iTLS-Enso,11279,07/25/2020, 03:06:46,404
SKGTLSE12,iTLS-Enso,11279,07/25/2020, 04:07:05,404
SKGTLSE12,iTLS-Enso,11279,07/25/2020, 05:06:30,404
SKGTLSE12,iTLS-Enso,11280,07/25/2020, 06:07:01,404
SKGTLSE12,iTLS-Enso,11280,07/25/2020, 07:07:04,404
SKGTLSE12,iTLS-Enso,11280,07/25/2020, 08:06:51,404
SKGTLSE12,iTLS-Enso,11280,07/25/2020, 09:06:54,404
SKGTLSE12,iTLS-Enso,11283,07/25/2020, 10:06:42,404
SKGTLSE12,iTLS-Enso,11283,07/25/2020, 11:06:09,404
SKGTLSE12,iTLS-Enso,11283,07/25/2020, 12:08:06,404
SKGTLSE12,iTLS-Enso,11284,07/25/2020, 13:06:01,404
SKGTLSE12,iTLS-Enso,11284,07/25/2020, 14:06:51,404
SKGTLSE12,iTLS-Enso,11284,07/25/2020, 15:06:18,404
SKGTLSE12,iTLS-Enso,11284,07/25/2020, 16:06:55,404
SKGTLSE12,iTLS-Enso,11284,07/25/2020, 17:06:23,404
SKGTLSE12,iTLS-Enso,11284,07/25/2020, 18:07:20,404
SKGTLSE12,iTLS-Enso,11285,07/25/2020, 19:06:40,404
SKGTLSE12,iTLS-Enso,11285,07/25/2020, 20:07:12,404
SKGTLSE12,iTLS-Enso,11286,07/25/2020, 21:06:38,404
SKGTLSE12,iTLS-Enso,11289,07/25/2020, 22:06:24,404
SKGTLSE12,iTLS-Enso,11290,07/25/2020, 23:05:49,404
SKGTLSE12,iTLS-Enso,11290,07/26/2020, 00:18:48,404
SKGTLSE12,iTLS-Enso,11290,07/26/2020, 01:06:53,404
SKGTLSE12,iTLS-Enso,11292,07/26/2020, 02:07:26,404
SKGTLSE12,iTLS-Enso,11292,07/26/2020, 03:06:21,404
SKGTLSE12,iTLS-Enso,11293,07/26/2020, 04:06:42,404
SKGTLSE12,iTLS-Enso,11295,07/26/2020, 05:06:20,404
SKGTLSE12,iTLS-Enso,11295,07/26/2020, 06:07:15,404
SKGTLSE12,iTLS-Enso,11296,07/26/2020, 07:07:06,404
SKGTLSE12,iTLS-Enso,11296,07/26/2020, 08:07:36,404
SKGTLSE12,iTLS-Enso,11297,07/26/2020, 09:06:32,404
SKGTLSE12,iTLS-Enso,11298,07/26/2020, 10:06:26,404
SKGTLSE12,iTLS-Enso,11298,07/26/2020, 11:05:51,404
SKGTLSE12,iTLS-Enso,11299,07/26/2020, 12:08:14,404
SKGTLSE12,iTLS-Enso,11299,07/26/2020, 13:06:08,404
SKGTLSE12,iTLS-Enso,11299,07/26/2020, 14:06:48,404
SKGTLSE12,iTLS-Enso,11299,07/26/2020, 15:06:33,404
SKGTLSE12,iTLS-Enso,11299,07/26/2020, 16:06:57,404
SKGTLSE12,iTLS-Enso,11299,07/26/2020, 17:06:25,404
SKGTLSE12,iTLS-Enso,11299,07/26/2020, 18:07:07,404
SKGTLSE12,iTLS-Enso,11301,07/26/2020, 19:06:24,404
SKGTLSE12,iTLS-Enso,11302,07/26/2020, 20:07:25,404
SKGTLSE12,iTLS-Enso,11302,07/26/2020, 21:06:43,404
SKGTLSE12,iTLS-Enso,11302,07/26/2020, 22:06:40,404
SKGTLSE12,iTLS-Enso,11302,07/26/2020, 23:06:07,404
SKGTLSE12,iTLS-Enso,11302,07/27/2020, 00:18:16,404
SKGTLSE12,iTLS-Enso,11302,07/27/2020, 01:06:51,404
SKGTLSE12,iTLS-Enso,11302,07/27/2020, 02:07:15,404
SKGTLSE12,iTLS-Enso,11302,07/27/2020, 03:06:45,404
SKGTLSE12,iTLS-Enso,11302,07/27/2020, 04:07:17,404
SKGTLSE12,iTLS-Enso,11302,07/27/2020, 05:06:39,404
SKGTLSE12,iTLS-Enso,11302,07/27/2020, 06:07:36,404
SKGTLSE12,iTLS-Enso,11302,07/27/2020, 07:06:43,404
SKGTLSE12,iTLS-Enso,11303,07/27/2020, 08:07:48,404
SKGTLSE12,iTLS-Enso,11303,07/27/2020, 09:06:41,404
SKGTLSE12,iTLS-Enso,11303,07/27/2020, 10:06:40,404
SKGTLSE12,iTLS-Enso,11303,07/27/2020, 11:06:21,404
SKGTLSE12,iTLS-Enso,11303,07/27/2020, 12:08:28,404
SKGTLSE12,iTLS-Enso,11304,07/27/2020, 13:06:16,404
SKGTLSE12,iTLS-Enso,11304,07/27/2020, 14:06:47,404
SKGTLSE12,iTLS-Enso,11304,07/27/2020, 15:06:56,404
SKGTLSE12,iTLS-Enso,11304,07/27/2020, 16:06:03,404
SKGTLSE12,iTLS-Enso,11304,07/27/2020, 17:05:37,404
SKGTLSE12,iTLS-Enso,11304,07/27/2020, 18:06:27,404
SKGTLSE12,iTLS-Enso,11306,07/27/2020, 19:05:24,404
SKGTLSE12,iTLS-Enso,11307,07/27/2020, 20:06:16,404
SKGTLSE12,iTLS-Enso,11307,07/27/2020, 21:05:19,404
SKGTLSE12,iTLS-Enso,11308,07/27/2020, 22:06:19,404
SKGTLSE12,iTLS-Enso,11309,07/27/2020, 23:05:48,404
SKGTLSE12,iTLS-Enso,11309,07/28/2020, 00:18:01,404
SKGTLSE12,iTLS-Enso,11309,07/28/2020, 01:07:02,404
SKGTLSE12,iTLS-Enso,11309,07/28/2020, 02:07:33,404
SKGTLSE12,iTLS-Enso,11309,07/28/2020, 03:06:31,404
SKGTLSE12,iTLS-Enso,11310,07/28/2020, 04:06:54,404
SKGTLSE12,iTLS-Enso,11310,07/28/2020, 05:06:29,404
SKGTLSE12,iTLS-Enso,11311,07/28/2020, 06:07:30,404
SKGTLSE12,iTLS-Enso,11313,07/28/2020, 07:06:47,404
SKGTLSE12,iTLS-Enso,11313,07/28/2020, 08:07:40,404
SKGTLSE12,iTLS-Enso,11313,07/28/2020, 09:06:45,404
SKGTLSE12,iTLS-Enso,11313,07/28/2020, 10:06:43,404
SKGTLSE12,iTLS-Enso,11313,07/28/2020, 11:06:16,404
SKGTLSE12,iTLS-Enso,11314,07/28/2020, 12:08:38,404
SKGTLSE12,iTLS-Enso,11314,07/28/2020, 13:06:35,404
SKGTLSE12,iTLS-Enso,11314,07/28/2020, 14:07:02,404
SKGTLSE12,iTLS-Enso,11317,07/28/2020, 15:07:11,404
SKGTLSE12,iTLS-Enso,11317,07/28/2020, 16:07:20,404
SKGTLSE12,iTLS-Enso,11319,07/28/2020, 17:06:19,404
SKGTLSE12,iTLS-Enso,11319,07/28/2020, 18:06:50,404
SKGTLSE12,iTLS-Enso,11319,07/28/2020, 19:06:38,404
SKGTLSE12,iTLS-Enso,11320,07/28/2020, 20:07:27,404
SKGTLSE12,iTLS-Enso,11320,07/28/2020, 21:07:00,404
SKGTLSE12,iTLS-Enso,11320,07/28/2020, 22:06:42,404
SKGTLSE12,iTLS-Enso,11320,07/28/2020, 23:06:28,404
SKGTLSE12,iTLS-Enso,11320,07/29/2020, 00:17:02,404
SKGTLSE12,iTLS-Enso,11321,07/29/2020, 01:07:29,404
SKGTLSE12,iTLS-Enso,11321,07/29/2020, 02:07:31,404
SKGTLSE12,iTLS-Enso,11321,07/29/2020, 03:06:41,404
SKGTLSE12,iTLS-Enso,11322,07/29/2020, 04:07:01,404
SKGTLSE12,iTLS-Enso,11322,07/29/2020, 05:06:34,404
SKGTLSE12,iTLS-Enso,11322,07/29/2020, 06:07:37,404
SKGTLSE12,iTLS-Enso,11322,07/29/2020, 07:06:32,404
SKGTLSE12,iTLS-Enso,11322,07/29/2020, 08:07:02,404
SKGTLSE12,iTLS-Enso,11323,07/29/2020, 09:06:37,404
SKGTLSE12,iTLS-Enso,11323,07/29/2020, 10:06:35,404
SKGTLSE12,iTLS-Enso,11323,07/29/2020, 11:06:30,404
SKGTLSE12,iTLS-Enso,11323,07/29/2020, 12:08:38,404
SKGTLSE12,iTLS-Enso,11323,07/29/2020, 13:06:47,404
SKGTLSE12,iTLS-Enso,11323,07/29/2020, 14:07:11,404
SKGTLSE12,iTLS-Enso,11323,07/29/2020, 15:07:49,404
SKGTLSE12,iTLS-Enso,11323,07/29/2020, 16:07:16,404
SKGTLSE12,iTLS-Enso,11323,07/29/2020, 17:06:20,404
SKGTLSE12,iTLS-Enso,11323,07/29/2020, 18:07:21,404
SKGTLSE12,iTLS-Enso,11323,07/29/2020, 19:06:41,404
SKGTLSE12,iTLS-Enso,11325,07/29/2020, 20:07:48,404
SKGTLSE12,iTLS-Enso,11327,07/29/2020, 21:06:40,404
SKGTLSE12,iTLS-Enso,11327,07/29/2020, 22:06:40,404
SKGTLSE12,iTLS-Enso,11328,07/29/2020, 23:06:38,404
SKGTLSE12,iTLS-Enso,11328,07/30/2020, 00:18:26,404
SKGTLSE12,iTLS-Enso,11328,07/30/2020, 01:07:17,404
SKGTLSE12,iTLS-Enso,11328,07/30/2020, 02:07:19,404
SKGTLSE12,iTLS-Enso,11329,07/30/2020, 03:06:59,404
SKGTLSE12,iTLS-Enso,11329,07/30/2020, 04:06:52,404
SKGTLSE12,iTLS-Enso,11330,07/30/2020, 05:06:52,404
SKGTLSE12,iTLS-Enso,11330,07/30/2020, 06:07:52,404
SKGTLSE12,iTLS-Enso,11330,07/30/2020, 07:06:48,404
SKGTLSE12,iTLS-Enso,11330,07/30/2020, 08:07:27,404
SKGTLSE12,iTLS-Enso,11331,07/30/2020, 09:06:50,404
SKGTLSE12,iTLS-Enso,11332,07/30/2020, 10:06:29,404
SKGTLSE12,iTLS-Enso,11333,07/30/2020, 11:06:45,404
SKGTLSE12,iTLS-Enso,11333,07/30/2020, 12:08:58,404
SKGTLSE12,iTLS-Enso,11333,07/30/2020, 13:06:31,404
SKGTLSE12,iTLS-Enso,11334,07/30/2020, 14:08:07,404
SKGTLSE12,iTLS-Enso,11336,07/30/2020, 15:07:42,404
SKGTLSE12,iTLS-Enso,11336,07/30/2020, 16:07:25,404
SKGTLSE12,iTLS-Enso,11336,07/30/2020, 17:06:48,404
SKGTLSE12,iTLS-Enso,11336,07/30/2020, 18:07:25,404
SKGTLSE12,iTLS-Enso,11337,07/30/2020, 19:06:11,404
SKGTLSE12,iTLS-Enso,11337,07/30/2020, 20:06:45,404
SKGTLSE12,iTLS-Enso,11337,07/30/2020, 21:05:39,404
SKGTLSE12,iTLS-Enso,11339,07/30/2020, 22:05:41,404
SKGTLSE12,iTLS-Enso,11339,07/30/2020, 23:06:32,404
SKGTLSE12,iTLS-Enso,11339,07/31/2020, 00:19:01,404
SKGTLSE12,iTLS-Enso,11339,07/31/2020, 01:07:37,404
SKGTLSE12,iTLS-Enso,11339,07/31/2020, 02:07:51,404
SKGTLSE12,iTLS-Enso,11339,07/31/2020, 03:06:45,404
SKGTLSE12,iTLS-Enso,11341,07/31/2020, 04:07:17,404
SKGTLSE12,iTLS-Enso,11341,07/31/2020, 05:06:52,404
SKGTLSE12,iTLS-Enso,11343,07/31/2020, 06:07:24,404
SKGTLSE12,iTLS-Enso,11343,07/31/2020, 07:06:55,404
SKGTLSE12,iTLS-Enso,11343,07/31/2020, 08:08:06,404
SKGTLSE12,iTLS-Enso,11343,07/31/2020, 09:06:50,404
SKGTLSE12,iTLS-Enso,11343,07/31/2020, 10:06:32,404
SKGTLSE12,iTLS-Enso,11343,07/31/2020, 11:06:27,404
SKGTLSE12,iTLS-Enso,11343,07/31/2020, 12:09:41,404
SKGTLSE12,iTLS-Enso,11343,07/31/2020, 13:06:41,404
SKGTLSE12,iTLS-Enso,11343,07/31/2020, 14:07:13,404
SKGTLSE12,iTLS-Enso,11343,07/31/2020, 15:07:05,404
SKGTLSE12,iTLS-Enso,11344,07/31/2020, 16:07:14,404
SKGTLSE12,iTLS-Enso,11345,07/31/2020, 17:06:39,404
SKGTLSE12,iTLS-Enso,11348,07/31/2020, 18:07:28,404
SKGTLSE12,iTLS-Enso,11348,07/31/2020, 19:06:25,404
SKGTLSE12,iTLS-Enso,11348,07/31/2020, 20:07:46,404
SKGTLSE12,iTLS-Enso,11348,07/31/2020, 21:06:36,404
SKGTLSE12,iTLS-Enso,11349,07/31/2020, 22:06:26,404
SKGTLSE12,iTLS-Enso,11349,07/31/2020, 23:06:27,404
SKGTLSE12,iTLS-Enso,11349,08/01/2020, 00:19:16,404
SKGTLSE12,iTLS-Enso,11350,08/01/2020, 01:07:29,404
SKGTLSE12,iTLS-Enso,11352,08/01/2020, 02:07:35,404
SKGTLSE12,iTLS-Enso,11352,08/01/2020, 03:06:46,404
SKGTLSE12,iTLS-Enso,11352,08/01/2020, 04:07:20,404
SKGTLSE12,iTLS-Enso,11352,08/01/2020, 05:06:47,404
SKGTLSE12,iTLS-Enso,11352,08/01/2020, 06:07:45,404
SKGTLSE12,iTLS-Enso,11352,08/01/2020, 07:07:07,404
SKGTLSE12,iTLS-Enso,11352,08/01/2020, 08:07:37,404
SKGTLSE12,iTLS-Enso,11353,08/01/2020, 09:07:10,404
SKGTLSE12,iTLS-Enso,11353,08/01/2020, 10:06:48,404
SKGTLSE12,iTLS-Enso,11353,08/01/2020, 11:06:36,404
SKGTLSE12,iTLS-Enso,11353,08/01/2020, 12:08:49,404
SKGTLSE12,iTLS-Enso,11353,08/01/2020, 13:06:34,404
SKGTLSE12,iTLS-Enso,11353,08/01/2020, 14:07:18,404
SKGTLSE12,iTLS-Enso,11355,08/01/2020, 15:07:06,404
SKGTLSE12,iTLS-Enso,11357,08/01/2020, 16:07:34,404
SKGTLSE12,iTLS-Enso,11358,08/01/2020, 17:06:45,404
SKGTLSE12,iTLS-Enso,11359,08/01/2020, 18:07:39,404
SKGTLSE12,iTLS-Enso,11359,08/01/2020, 19:06:40,404
SKGTLSE12,iTLS-Enso,11360,08/01/2020, 20:07:43,404
SKGTLSE12,iTLS-Enso,11360,08/01/2020, 21:06:37,404
SKGTLSE12,iTLS-Enso,11361,08/01/2020, 22:06:30,404
SKGTLSE12,iTLS-Enso,11361,08/01/2020, 23:06:30,404
SKGTLSE12,iTLS-Enso,11361,08/02/2020, 00:19:40,404
SKGTLSE12,iTLS-Enso,11361,08/02/2020, 01:07:14,404
SKGTLSE12,iTLS-Enso,11361,08/02/2020, 02:07:42,404
SKGTLSE12,iTLS-Enso,11361,08/02/2020, 03:06:51,404
SKGTLSE12,iTLS-Enso,11362,08/02/2020, 04:07:24,404
SKGTLSE12,iTLS-Enso,11363,08/02/2020, 05:06:53,404
SKGTLSE12,iTLS-Enso,11363,08/02/2020, 06:07:43,404
SKGTLSE12,iTLS-Enso,11363,08/02/2020, 07:07:20,404
SKGTLSE12,iTLS-Enso,11364,08/02/2020, 08:07:21,404
SKGTLSE12,iTLS-Enso,11365,08/02/2020, 09:06:43,404
SKGTLSE12,iTLS-Enso,11366,08/02/2020, 10:06:42,404
SKGTLSE12,iTLS-Enso,11367,08/02/2020, 11:06:40,404
SKGTLSE12,iTLS-Enso,11371,08/02/2020, 12:08:41,404
SKGTLSE12,iTLS-Enso,11372,08/02/2020, 13:06:58,404
SKGTLSE12,iTLS-Enso,11372,08/02/2020, 14:07:25,404
SKGTLSE12,iTLS-Enso,11374,08/02/2020, 15:07:10,404
SKGTLSE12,iTLS-Enso,11375,08/02/2020, 16:07:21,404
SKGTLSE12,iTLS-Enso,11375,08/02/2020, 17:06:39,404
SKGTLSE12,iTLS-Enso,11375,08/02/2020, 18:07:18,404
SKGTLSE12,iTLS-Enso,11376,08/02/2020, 19:06:46,404
SKGTLSE12,iTLS-Enso,11377,08/02/2020, 20:07:49,404
SKGTLSE12,iTLS-Enso,11377,08/02/2020, 21:06:36,404
SKGTLSE12,iTLS-Enso,11378,08/02/2020, 22:06:34,404
SKGTLSE12,iTLS-Enso,11378,08/02/2020, 23:06:57,404
SKGTLSE12,iTLS-Enso,11378,08/03/2020, 00:19:20,404
SKGTLSE12,iTLS-Enso,11378,08/03/2020, 01:07:26,404
SKGTLSE12,iTLS-Enso,11378,08/03/2020, 02:07:49,404
SKGTLSE12,iTLS-Enso,11378,08/03/2020, 03:06:49,404
SKGTLSE12,iTLS-Enso,11378,08/03/2020, 04:07:27,404
SKGTLSE12,iTLS-Enso,11378,08/03/2020, 05:06:55,404
SKGTLSE12,iTLS-Enso,11378,08/03/2020, 06:07:43,404
SKGTLSE12,iTLS-Enso,11378,08/03/2020, 07:07:08,404
SKGTLSE12,iTLS-Enso,11378,08/03/2020, 08:07:47,404
SKGTLSE12,iTLS-Enso,11378,08/03/2020, 09:07:14,404
SKGTLSE12,iTLS-Enso,11379,08/03/2020, 10:07:12,404
SKGTLSE12,iTLS-Enso,11380,08/03/2020, 11:06:49,404
SKGTLSE12,iTLS-Enso,11380,08/03/2020, 12:09:18,404
SKGTLSE12,iTLS-Enso,11380,08/03/2020, 13:06:29,404
SKGTLSE12,iTLS-Enso,11380,08/03/2020, 14:07:34,404
SKGTLSE12,iTLS-Enso,11380,08/03/2020, 15:07:03,404
SKGTLSE12,iTLS-Enso,11380,08/03/2020, 16:07:09,404
SKGTLSE12,iTLS-Enso,11380,08/03/2020, 17:06:46,404
SKGTLSE12,iTLS-Enso,11380,08/03/2020, 18:07:25,404
SKGTLSE12,iTLS-Enso,11380,08/03/2020, 19:06:41,404
SKGTLSE12,iTLS-Enso,11380,08/03/2020, 20:08:20,404
SKGTLSE12,iTLS-Enso,11380,08/03/2020, 21:06:43,404
SKGTLSE12,iTLS-Enso,11380,08/03/2020, 22:06:31,404
SKGTLSE12,iTLS-Enso,11380,08/03/2020, 23:06:30,404
SKGTLSE12,iTLS-Enso,11380,08/04/2020, 00:19:14,404
SKGTLSE12,iTLS-Enso,11380,08/04/2020, 01:07:26,404
SKGTLSE12,iTLS-Enso,11382,08/04/2020, 02:07:56,404
SKGTLSE12,iTLS-Enso,11383,08/04/2020, 03:07:03,404
SKGTLSE12,iTLS-Enso,11383,08/04/2020, 04:07:25,404
SKGTLSE12,iTLS-Enso,11384,08/04/2020, 05:07:02,404
SKGTLSE12,iTLS-Enso,11384,08/04/2020, 06:07:33,404
SKGTLSE12,iTLS-Enso,11384,08/04/2020, 07:07:05,404
SKGTLSE12,iTLS-Enso,11384,08/04/2020, 08:08:11,404
SKGTLSE12,iTLS-Enso,11384,08/04/2020, 09:06:50,404
SKGTLSE12,iTLS-Enso,11384,08/04/2020, 10:06:57,404
SKGTLSE12,iTLS-Enso,11385,08/04/2020, 11:06:44,404
SKGTLSE12,iTLS-Enso,11386,08/04/2020, 12:09:19,404
SKGTLSE12,iTLS-Enso,11386,08/04/2020, 13:06:52,404
SKGTLSE12,iTLS-Enso,11386,08/04/2020, 14:07:29,404
SKGTLSE12,iTLS-Enso,11386,08/04/2020, 15:07:08,404
SKGTLSE12,iTLS-Enso,11386,08/04/2020, 16:07:25,404
SKGTLSE12,iTLS-Enso,11387,08/04/2020, 17:06:53,404
SKGTLSE12,iTLS-Enso,11387,08/04/2020, 18:07:35,404
SKGTLSE12,iTLS-Enso,11387,08/04/2020, 19:06:44,404
SKGTLSE12,iTLS-Enso,11387,08/04/2020, 20:07:52,404
SKGTLSE12,iTLS-Enso,11387,08/04/2020, 21:06:58,404
SKGTLSE12,iTLS-Enso,11388,08/04/2020, 22:06:42,404
SKGTLSE12,iTLS-Enso,11388,08/04/2020, 23:06:05,404
SKGTLSE12,iTLS-Enso,11390,08/05/2020, 00:19:22,404
SKGTLSE12,iTLS-Enso,11390,08/05/2020, 01:07:47,404
SKGTLSE12,iTLS-Enso,11391,08/05/2020, 02:08:07,404
SKGTLSE12,iTLS-Enso,11391,08/05/2020, 03:06:58,404
SKGTLSE12,iTLS-Enso,11391,08/05/2020, 04:07:33,404
SKGTLSE12,iTLS-Enso,11393,08/05/2020, 05:07:06,404
SKGTLSE12,iTLS-Enso,11394,08/05/2020, 06:07:37,404
SKGTLSE12,iTLS-Enso,11396,08/05/2020, 07:07:28,404
SKGTLSE12,iTLS-Enso,11396,08/05/2020, 08:07:55,404
SKGTLSE12,iTLS-Enso,11396,08/05/2020, 09:06:59,404
SKGTLSE12,iTLS-Enso,11396,08/05/2020, 10:07:01,404
SKGTLSE12,iTLS-Enso,11396,08/05/2020, 11:06:44,404
SKGTLSE12,iTLS-Enso,11396,08/05/2020, 12:09:04,404
SKGTLSE12,iTLS-Enso,11396,08/05/2020, 13:06:51,404
SKGTLSE12,iTLS-Enso,11396,08/05/2020, 14:07:44,404
SKGTLSE12,iTLS-Enso,11396,08/05/2020, 15:07:00,404
SKGTLSE12,iTLS-Enso,11396,08/05/2020, 16:07:16,404
SKGTLSE12,iTLS-Enso,11396,08/05/2020, 17:07:09,404
SKGTLSE12,iTLS-Enso,11397,08/05/2020, 18:07:45,404
SKGTLSE12,iTLS-Enso,11397,08/05/2020, 19:07:00,404
SKGTLSE12,iTLS-Enso,11398,08/05/2020, 20:08:01,404
SKGTLSE12,iTLS-Enso,11399,08/05/2020, 21:06:51,404
SKGTLSE12,iTLS-Enso,11399,08/05/2020, 22:06:31,404
SKGTLSE12,iTLS-Enso,11399,08/05/2020, 23:06:59,404
SKGTLSE12,iTLS-Enso,11399,08/06/2020, 00:19:35,404
SKGTLSE12,iTLS-Enso,11399,08/06/2020, 01:07:51,404
SKGTLSE12,iTLS-Enso,11401,08/06/2020, 02:07:47,404
SKGTLSE12,iTLS-Enso,11402,08/06/2020, 03:07:02,404
SKGTLSE12,iTLS-Enso,11402,08/06/2020, 04:07:33,404
SKGTLSE12,iTLS-Enso,11403,08/06/2020, 05:06:58,404
SKGTLSE12,iTLS-Enso,11403,08/06/2020, 06:07:39,404
SKGTLSE12,iTLS-Enso,11403,08/06/2020, 07:07:08,404
SKGTLSE12,iTLS-Enso,11404,08/06/2020, 08:08:00,404
SKGTLSE12,iTLS-Enso,11404,08/06/2020, 09:06:58,404
SKGTLSE12,iTLS-Enso,11404,08/06/2020, 10:07:02,404
SKGTLSE12,iTLS-Enso,11405,08/06/2020, 11:07:05,404
SKGTLSE12,iTLS-Enso,11405,08/06/2020, 12:09:24,404
SKGTLSE12,iTLS-Enso,11406,08/06/2020, 13:07:00,404
SKGTLSE12,iTLS-Enso,11406,08/06/2020, 14:07:55,404
SKGTLSE12,iTLS-Enso,11406,08/06/2020, 15:07:09,404
SKGTLSE12,iTLS-Enso,11406,08/06/2020, 16:07:23,404
SKGTLSE12,iTLS-Enso,11406,08/06/2020, 17:07:00,404
SKGTLSE12,iTLS-Enso,11406,08/06/2020, 18:07:32,404
SKGTLSE12,iTLS-Enso,11407,08/06/2020, 19:06:55,404
SKGTLSE12,iTLS-Enso,11407,08/06/2020, 20:07:55,404
SKGTLSE12,iTLS-Enso,11407,08/06/2020, 21:07:09,404
SKGTLSE12,iTLS-Enso,11408,08/06/2020, 22:07:05,404
SKGTLSE12,iTLS-Enso,11408,08/06/2020, 23:07:10,404
SKGTLSE12,iTLS-Enso,11408,08/07/2020, 00:19:52,404
SKGTLSE12,iTLS-Enso,11409,08/07/2020, 01:08:01,404
SKGTLSE12,iTLS-Enso,11409,08/07/2020, 02:07:58,404
SKGTLSE12,iTLS-Enso,11409,08/07/2020, 03:07:17,404
SKGTLSE12,iTLS-Enso,11411,08/07/2020, 04:07:41,404
SKGTLSE12,iTLS-Enso,11412,08/07/2020, 05:07:21,404
SKGTLSE12,iTLS-Enso,11413,08/07/2020, 06:07:53,404
SKGTLSE12,iTLS-Enso,11413,08/07/2020, 07:08:09,404
SKGTLSE12,iTLS-Enso,11413,08/07/2020, 08:07:57,404
SKGTLSE12,iTLS-Enso,11413,08/07/2020, 09:07:06,404
SKGTLSE12,iTLS-Enso,11414,08/07/2020, 10:07:43,404
SKGTLSE12,iTLS-Enso,11414,08/07/2020, 11:06:51,404
SKGTLSE12,iTLS-Enso,11414,08/07/2020, 12:10:08,404
SKGTLSE12,iTLS-Enso,11415,08/07/2020, 13:06:59,404
SKGTLSE12,iTLS-Enso,11416,08/07/2020, 14:07:40,404
SKGTLSE12,iTLS-Enso,11416,08/07/2020, 15:07:16,404
SKGTLSE12,iTLS-Enso,11417,08/07/2020, 16:07:28,404
SKGTLSE12,iTLS-Enso,11417,08/07/2020, 17:07:05,404
SKGTLSE12,iTLS-Enso,11417,08/07/2020, 18:07:37,404
SKGTLSE12,iTLS-Enso,11417,08/07/2020, 19:06:42,404
SKGTLSE12,iTLS-Enso,11417,08/07/2020, 20:07:58,404
SKGTLSE12,iTLS-Enso,11417,08/07/2020, 21:06:55,404
SKGTLSE12,iTLS-Enso,11417,08/07/2020, 22:06:51,404
SKGTLSE12,iTLS-Enso,11417,08/07/2020, 23:06:53,404
SKGTLSE12,iTLS-Enso,11417,08/08/2020, 00:19:49,404
SKGTLSE12,iTLS-Enso,11418,08/08/2020, 01:07:44,404
SKGTLSE12,iTLS-Enso,11418,08/08/2020, 02:07:49,404
SKGTLSE12,iTLS-Enso,11418,08/08/2020, 03:06:48,404
SKGTLSE12,iTLS-Enso,11420,08/08/2020, 04:07:29,404
SKGTLSE12,iTLS-Enso,11420,08/08/2020, 05:06:52,404
SKGTLSE12,iTLS-Enso,11420,08/08/2020, 06:07:53,404
SKGTLSE12,iTLS-Enso,11420,08/08/2020, 07:07:08,404
SKGTLSE12,iTLS-Enso,11421,08/08/2020, 08:07:55,404
SKGTLSE12,iTLS-Enso,11421,08/08/2020, 09:06:59,404
SKGTLSE12,iTLS-Enso,11422,08/08/2020, 10:07:03,404
SKGTLSE12,iTLS-Enso,11422,08/08/2020, 11:07:07,404
SKGTLSE12,iTLS-Enso,11422,08/08/2020, 12:09:13,404
SKGTLSE12,iTLS-Enso,11422,08/08/2020, 13:07:04,404
SKGTLSE12,iTLS-Enso,11422,08/08/2020, 14:07:47,404
SKGTLSE12,iTLS-Enso,11422,08/08/2020, 15:07:14,404
SKGTLSE12,iTLS-Enso,11423,08/08/2020, 16:07:15,404
SKGTLSE12,iTLS-Enso,11425,08/08/2020, 17:07:30,404
SKGTLSE12,iTLS-Enso,11425,08/08/2020, 18:07:26,404
SKGTLSE12,iTLS-Enso,11426,08/08/2020, 19:06:58,404
SKGTLSE12,iTLS-Enso,11426,08/08/2020, 20:07:51,404
SKGTLSE12,iTLS-Enso,11427,08/08/2020, 21:07:02,404
SKGTLSE12,iTLS-Enso,11427,08/08/2020, 22:06:32,404
SKGTLSE12,iTLS-Enso,11427,08/08/2020, 23:07:05,404
SKGTLSE12,iTLS-Enso,11427,08/09/2020, 00:20:47,404
SKGTLSE12,iTLS-Enso,11427,08/09/2020, 01:07:46,404
SKGTLSE12,iTLS-Enso,11427,08/09/2020, 02:07:54,404
SKGTLSE12,iTLS-Enso,11429,08/09/2020, 03:06:53,404
SKGTLSE12,iTLS-Enso,11429,08/09/2020, 04:07:30,404
SKGTLSE12,iTLS-Enso,11429,08/09/2020, 05:07:04,404
SKGTLSE12,iTLS-Enso,11431,08/09/2020, 06:07:58,404
SKGTLSE12,iTLS-Enso,11431,08/09/2020, 07:07:10,404
SKGTLSE12,iTLS-Enso,11432,08/09/2020, 08:07:29,404
SKGTLSE12,iTLS-Enso,11432,08/09/2020, 09:07:13,404
SKGTLSE12,iTLS-Enso,11432,08/09/2020, 10:07:19,404
SKGTLSE12,iTLS-Enso,11432,08/09/2020, 11:07:07,404
SKGTLSE12,iTLS-Enso,11432,08/09/2020, 12:09:28,404
SKGTLSE12,iTLS-Enso,11433,08/09/2020, 13:07:04,404
SKGTLSE12,iTLS-Enso,11435,08/09/2020, 14:07:20,404
SKGTLSE12,iTLS-Enso,11435,08/09/2020, 15:06:52,404
SKGTLSE12,iTLS-Enso,11436,08/09/2020, 16:07:30,404
SKGTLSE12,iTLS-Enso,11436,08/09/2020, 17:07:10,404
SKGTLSE12,iTLS-Enso,11436,08/09/2020, 18:07:38,404
SKGTLSE12,iTLS-Enso,11436,08/09/2020, 19:06:58,404
SKGTLSE12,iTLS-Enso,11436,08/09/2020, 20:08:14,404
SKGTLSE12,iTLS-Enso,11436,08/09/2020, 21:07:15,404
SKGTLSE12,iTLS-Enso,11436,08/09/2020, 22:07:04,404
SKGTLSE12,iTLS-Enso,11437,08/09/2020, 23:07:11,404
SKGTLSE12,iTLS-Enso,11437,08/10/2020, 00:20:34,404
SKGTLSE12,iTLS-Enso,11438,08/10/2020, 01:07:55,404
SKGTLSE12,iTLS-Enso,11438,08/10/2020, 02:08:01,404
SKGTLSE12,iTLS-Enso,11439,08/10/2020, 03:07:39,404
SKGTLSE12,iTLS-Enso,11439,08/10/2020, 04:07:44,404
SKGTLSE12,iTLS-Enso,11439,08/10/2020, 05:07:21,404
SKGTLSE12,iTLS-Enso,11439,08/10/2020, 06:08:26,404
SKGTLSE12,iTLS-Enso,11439,08/10/2020, 07:07:14,404
SKGTLSE12,iTLS-Enso,11439,08/10/2020, 08:07:58,404
SKGTLSE12,iTLS-Enso,11439,08/10/2020, 09:07:23,404
SKGTLSE12,iTLS-Enso,11439,08/10/2020, 10:07:30,404
SKGTLSE12,iTLS-Enso,11439,08/10/2020, 11:07:06,404
SKGTLSE12,iTLS-Enso,11439,08/10/2020, 12:09:40,404
SKGTLSE12,iTLS-Enso,11439,08/10/2020, 13:06:51,404
SKGTLSE12,iTLS-Enso,11439,08/10/2020, 14:08:08,404
SKGTLSE12,iTLS-Enso,11440,08/10/2020, 15:07:18,404
SKGTLSE12,iTLS-Enso,11440,08/10/2020, 16:07:50,404
SKGTLSE12,iTLS-Enso,11441,08/10/2020, 17:06:58,404
SKGTLSE12,iTLS-Enso,11442,08/10/2020, 18:07:45,404
SKGTLSE12,iTLS-Enso,11442,08/10/2020, 19:07:09,404
SKGTLSE12,iTLS-Enso,11442,08/10/2020, 20:07:42,404
SKGTLSE12,iTLS-Enso,11442,08/10/2020, 21:07:00,404
SKGTLSE12,iTLS-Enso,11442,08/10/2020, 22:06:51,404
SKGTLSE12,iTLS-Enso,11442,08/10/2020, 23:07:00,404
SKGTLSE12,iTLS-Enso,11442,08/11/2020, 00:20:13,404
SKGTLSE12,iTLS-Enso,11443,08/11/2020, 01:07:50,404
SKGTLSE12,iTLS-Enso,11443,08/11/2020, 02:08:17,404
SKGTLSE12,iTLS-Enso,11443,08/11/2020, 03:07:24,404
SKGTLSE12,iTLS-Enso,11444,08/11/2020, 04:07:55,404
SKGTLSE12,iTLS-Enso,11446,08/11/2020, 05:07:11,404
SKGTLSE12,iTLS-Enso,11446,08/11/2020, 06:08:01,404
SKGTLSE12,iTLS-Enso,11446,08/11/2020, 07:07:46,404
SKGTLSE12,iTLS-Enso,11446,08/11/2020, 08:08:29,404
SKGTLSE12,iTLS-Enso,11446,08/11/2020, 09:07:26,404
SKGTLSE12,iTLS-Enso,11446,08/11/2020, 10:07:42,404
SKGTLSE12,iTLS-Enso,11447,08/11/2020, 11:08:04,404
SKGTLSE12,iTLS-Enso,11447,08/11/2020, 12:09:05,404
SKGTLSE12,iTLS-Enso,11448,08/11/2020, 13:07:18,404
SKGTLSE12,iTLS-Enso,11448,08/11/2020, 14:08:04,404
SKGTLSE12,iTLS-Enso,11448,08/11/2020, 15:07:39,404
SKGTLSE12,iTLS-Enso,11449,08/11/2020, 16:08:00,404
SKGTLSE12,iTLS-Enso,11449,08/11/2020, 17:07:01,404
SKGTLSE12,iTLS-Enso,11449,08/11/2020, 18:07:55,404
SKGTLSE12,iTLS-Enso,11450,08/11/2020, 19:07:08,404
SKGTLSE12,iTLS-Enso,11451,08/11/2020, 20:07:54,404
SKGTLSE12,iTLS-Enso,11451,08/11/2020, 21:07:06,404
SKGTLSE12,iTLS-Enso,11451,08/11/2020, 22:07:12,404
SKGTLSE12,iTLS-Enso,11451,08/11/2020, 23:06:51,404
SKGTLSE12,iTLS-Enso,11451,08/12/2020, 00:19:41,404
SKGTLSE12,iTLS-Enso,11452,08/12/2020, 01:07:45,404
SKGTLSE12,iTLS-Enso,11452,08/12/2020, 02:07:47,404
SKGTLSE12,iTLS-Enso,11452,08/12/2020, 03:07:28,404
SKGTLSE12,iTLS-Enso,11452,08/12/2020, 04:07:58,404
SKGTLSE12,iTLS-Enso,11452,08/12/2020, 05:07:04,404
SKGTLSE12,iTLS-Enso,11452,08/12/2020, 06:08:10,404
SKGTLSE12,iTLS-Enso,11452,08/12/2020, 07:07:38,404
SKGTLSE12,iTLS-Enso,11453,08/12/2020, 08:07:52,404
SKGTLSE12,iTLS-Enso,11453,08/12/2020, 09:07:35,404
SKGTLSE12,iTLS-Enso,11453,08/12/2020, 10:07:41,404
SKGTLSE12,iTLS-Enso,11455,08/12/2020, 11:07:11,404
SKGTLSE12,iTLS-Enso,11455,08/12/2020, 12:09:19,404
SKGTLSE12,iTLS-Enso,11455,08/12/2020, 13:07:06,404
SKGTLSE12,iTLS-Enso,11455,08/12/2020, 14:08:12,404
SKGTLSE12,iTLS-Enso,11455,08/12/2020, 15:07:33,404
SKGTLSE12,iTLS-Enso,11455,08/12/2020, 16:07:54,404
SKGTLSE12,iTLS-Enso,11455,08/12/2020, 17:07:09,404
SKGTLSE12,iTLS-Enso,11455,08/12/2020, 18:08:01,404
SKGTLSE12,iTLS-Enso,11455,08/12/2020, 19:07:12,404
SKGTLSE12,iTLS-Enso,11455,08/12/2020, 20:08:25,404
SKGTLSE12,iTLS-Enso,11455,08/12/2020, 21:07:01,404
SKGTLSE12,iTLS-Enso,11456,08/12/2020, 22:07:32,404
SKGTLSE12,iTLS-Enso,11457,08/12/2020, 23:07:30,404
SKGTLSE12,iTLS-Enso,11457,08/13/2020, 00:20:13,404
SKGTLSE12,iTLS-Enso,11457,08/13/2020, 01:07:48,404
SKGTLSE12,iTLS-Enso,11457,08/13/2020, 02:08:24,404
SKGTLSE12,iTLS-Enso,11457,08/13/2020, 03:07:27,404
SKGTLSE12,iTLS-Enso,11457,08/13/2020, 04:08:01,404
SKGTLSE12,iTLS-Enso,11457,08/13/2020, 05:07:15,404
SKGTLSE12,iTLS-Enso,11457,08/13/2020, 06:08:30,404
SKGTLSE12,iTLS-Enso,11457,08/13/2020, 07:07:24,404
SKGTLSE12,iTLS-Enso,11458,08/13/2020, 08:07:59,404
SKGTLSE12,iTLS-Enso,11458,08/13/2020, 09:07:30,404
SKGTLSE12,iTLS-Enso,11458,08/13/2020, 10:07:46,404
SKGTLSE12,iTLS-Enso,11459,08/13/2020, 11:06:52,404
SKGTLSE12,iTLS-Enso,11460,08/13/2020, 12:09:32,404
SKGTLSE12,iTLS-Enso,11462,08/13/2020, 13:07:13,404
SKGTLSE12,iTLS-Enso,11462,08/13/2020, 14:07:57,404
SKGTLSE12,iTLS-Enso,11462,08/13/2020, 15:07:38,404
SKGTLSE12,iTLS-Enso,11462,08/13/2020, 16:08:06,404
SKGTLSE12,iTLS-Enso,11462,08/13/2020, 17:07:35,404
SKGTLSE12,iTLS-Enso,11462,08/13/2020, 18:07:49,404
SKGTLSE12,iTLS-Enso,11462,08/13/2020, 19:06:50,404
SKGTLSE12,iTLS-Enso,11463,08/13/2020, 20:08:11,404
SKGTLSE12,iTLS-Enso,11465,08/13/2020, 21:07:10,404
SKGTLSE12,iTLS-Enso,11465,08/13/2020, 22:07:47,404
SKGTLSE12,iTLS-Enso,11466,08/13/2020, 23:07:15,404
SKGTLSE12,iTLS-Enso,11466,08/14/2020, 00:20:03,404
SKGTLSE12,iTLS-Enso,11466,08/14/2020, 01:06:47,404
SKGTLSE12,iTLS-Enso,11466,08/14/2020, 02:08:18,404
SKGTLSE12,iTLS-Enso,11466,08/14/2020, 03:07:33,404
SKGTLSE12,iTLS-Enso,11466,08/14/2020, 04:08:11,404
SKGTLSE12,iTLS-Enso,11467,08/14/2020, 05:07:15,404
SKGTLSE12,iTLS-Enso,11467,08/14/2020, 06:08:17,404
SKGTLSE12,iTLS-Enso,11467,08/14/2020, 07:07:28,404
SKGTLSE12,iTLS-Enso,11467,08/14/2020, 08:08:44,404
SKGTLSE12,iTLS-Enso,11467,08/14/2020, 09:07:43,404
SKGTLSE12,iTLS-Enso,11468,08/14/2020, 10:07:36,404
SKGTLSE12,iTLS-Enso,11468,08/14/2020, 11:07:03,404
SKGTLSE12,iTLS-Enso,11468,08/14/2020, 12:10:48,404
SKGTLSE12,iTLS-Enso,11470,08/14/2020, 13:07:14,404
SKGTLSE12,iTLS-Enso,11470,08/14/2020, 14:07:52,404
SKGTLSE12,iTLS-Enso,11470,08/14/2020, 15:07:22,404
SKGTLSE12,iTLS-Enso,11470,08/14/2020, 16:08:03,404
SKGTLSE12,iTLS-Enso,11470,08/14/2020, 17:07:21,404
SKGTLSE12,iTLS-Enso,11470,08/14/2020, 18:08:11,404
SKGTLSE12,iTLS-Enso,11471,08/14/2020, 19:07:25,404
SKGTLSE12,iTLS-Enso,11472,08/14/2020, 20:08:32,404
SKGTLSE12,iTLS-Enso,11472,08/14/2020, 21:07:08,404
SKGTLSE12,iTLS-Enso,11472,08/14/2020, 22:07:46,404
SKGTLSE12,iTLS-Enso,11472,08/14/2020, 23:07:14,404
SKGTLSE12,iTLS-Enso,11472,08/15/2020, 00:20:04,404
SKGTLSE12,iTLS-Enso,11472,08/15/2020, 01:08:01,404
SKGTLSE12,iTLS-Enso,11472,08/15/2020, 02:08:07,404
SKGTLSE12,iTLS-Enso,11472,08/15/2020, 03:07:55,404
SKGTLSE12,iTLS-Enso,11472,08/15/2020, 04:07:54,404
SKGTLSE12,iTLS-Enso,11472,08/15/2020, 05:07:04,404
SKGTLSE12,iTLS-Enso,11472,08/15/2020, 06:08:34,404
SKGTLSE12,iTLS-Enso,11472,08/15/2020, 07:07:29,404
SKGTLSE12,iTLS-Enso,11473,08/15/2020, 08:08:07,404
SKGTLSE12,iTLS-Enso,11474,08/15/2020, 09:07:32,404
SKGTLSE12,iTLS-Enso,11474,08/15/2020, 10:07:40,404
SKGTLSE12,iTLS-Enso,11474,08/15/2020, 11:07:22,404
SKGTLSE12,iTLS-Enso,11474,08/15/2020, 12:09:16,404
SKGTLSE12,iTLS-Enso,11474,08/15/2020, 13:06:50,404
SKGTLSE12,iTLS-Enso,11475,08/15/2020, 14:07:55,404
SKGTLSE12,iTLS-Enso,11475,08/15/2020, 15:07:39,404
SKGTLSE12,iTLS-Enso,11476,08/15/2020, 16:08:01,404
SKGTLSE12,iTLS-Enso,11477,08/15/2020, 17:07:13,404
SKGTLSE12,iTLS-Enso,11478,08/15/2020, 18:08:02,404
SKGTLSE12,iTLS-Enso,11478,08/15/2020, 19:07:07,404
SKGTLSE12,iTLS-Enso,11478,08/15/2020, 20:08:36,404
SKGTLSE12,iTLS-Enso,11479,08/15/2020, 21:07:25,404
SKGTLSE12,iTLS-Enso,11480,08/15/2020, 22:07:17,404
SKGTLSE12,iTLS-Enso,11480,08/15/2020, 23:07:17,404
SKGTLSE12,iTLS-Enso,11480,08/16/2020, 00:21:11,404
SKGTLSE12,iTLS-Enso,11480,08/16/2020, 01:07:46,404
SKGTLSE12,iTLS-Enso,11482,08/16/2020, 02:08:20,404
SKGTLSE12,iTLS-Enso,11483,08/16/2020, 03:07:28,404
SKGTLSE12,iTLS-Enso,11484,08/16/2020, 04:07:59,404
SKGTLSE12,iTLS-Enso,11485,08/16/2020, 05:06:55,404
SKGTLSE12,iTLS-Enso,11486,08/16/2020, 06:08:31,404
SKGTLSE12,iTLS-Enso,11488,08/16/2020, 07:07:39,404
SKGTLSE12,iTLS-Enso,11488,08/16/2020, 08:08:18,404
SKGTLSE12,iTLS-Enso,11488,08/16/2020, 09:07:42,404
SKGTLSE12,iTLS-Enso,11488,08/16/2020, 10:07:32,404
SKGTLSE12,iTLS-Enso,11488,08/16/2020, 11:06:47,404
SKGTLSE12,iTLS-Enso,11489,08/16/2020, 12:09:23,404
SKGTLSE12,iTLS-Enso,11491,08/16/2020, 13:06:56,404
SKGTLSE12,iTLS-Enso,11491,08/16/2020, 14:08:10,404
SKGTLSE12,iTLS-Enso,11491,08/16/2020, 15:07:36,404
SKGTLSE12,iTLS-Enso,11493,08/16/2020, 16:08:18,404
SKGTLSE12,iTLS-Enso,11494,08/16/2020, 17:07:10,404
SKGTLSE12,iTLS-Enso,11495,08/16/2020, 18:08:22,404
SKGTLSE12,iTLS-Enso,11497,08/16/2020, 19:07:28,404
SKGTLSE12,iTLS-Enso,11499,08/16/2020, 20:08:28,404
SKGTLSE12,iTLS-Enso,11501,08/16/2020, 21:07:23,404
SKGTLSE12,iTLS-Enso,11501,08/16/2020, 22:07:23,404
SKGTLSE12,iTLS-Enso,11503,08/16/2020, 23:07:27,404
SKGTLSE12,iTLS-Enso,11504,08/17/2020, 00:20:44,404
SKGTLSE12,iTLS-Enso,11504,08/17/2020, 01:07:51,404
SKGTLSE12,iTLS-Enso,11504,08/17/2020, 02:08:29,404
SKGTLSE12,iTLS-Enso,11505,08/17/2020, 03:07:44,404
SKGTLSE12,iTLS-Enso,11505,08/17/2020, 04:08:11,404
SKGTLSE12,iTLS-Enso,11505,08/17/2020, 05:07:24,404
SKGTLSE12,iTLS-Enso,11505,08/17/2020, 06:08:25,404
SKGTLSE12,iTLS-Enso,11505,08/17/2020, 07:07:55,404
SKGTLSE12,iTLS-Enso,11505,08/17/2020, 08:08:22,404
SKGTLSE12,iTLS-Enso,11506,08/17/2020, 09:07:47,404
SKGTLSE12,iTLS-Enso,11506,08/17/2020, 10:07:44,404
SKGTLSE12,iTLS-Enso,11506,08/17/2020, 11:06:51,404
SKGTLSE12,iTLS-Enso,11506,08/17/2020, 12:10:02,404
SKGTLSE12,iTLS-Enso,11507,08/17/2020, 13:07:23,404
SKGTLSE12,iTLS-Enso,11507,08/17/2020, 14:08:11,404
SKGTLSE12,iTLS-Enso,11507,08/17/2020, 15:07:45,404
SKGTLSE12,iTLS-Enso,11508,08/17/2020, 16:09:25,404
SKGTLSE12,iTLS-Enso,11508,08/17/2020, 17:07:18,404
SKGTLSE12,iTLS-Enso,11508,08/17/2020, 18:08:17,404
SKGTLSE12,iTLS-Enso,11508,08/17/2020, 19:22:05,404
SKGTLSE12,iTLS-Enso,11508,08/17/2020, 20:08:36,404
SKGTLSE12,iTLS-Enso,11508,08/17/2020, 21:07:28,404
SKGTLSE12,iTLS-Enso,11508,08/17/2020, 22:07:34,404
SKGTLSE12,iTLS-Enso,11508,08/17/2020, 23:07:14,404
SKGTLSE12,iTLS-Enso,11508,08/18/2020, 00:20:31,404
SKGTLSE12,iTLS-Enso,11508,08/18/2020, 01:08:18,404
SKGTLSE12,iTLS-Enso,11508,08/18/2020, 02:08:33,404
SKGTLSE12,iTLS-Enso,11508,08/18/2020, 03:08:04,404
SKGTLSE12,iTLS-Enso,11508,08/18/2020, 04:08:16,404
SKGTLSE12,iTLS-Enso,11508,08/18/2020, 05:07:36,404
SKGTLSE12,iTLS-Enso,11509,08/18/2020, 06:11:58,404
SKGTLSE12,iTLS-Enso,11509,08/18/2020, 07:07:39,404
SKGTLSE12,iTLS-Enso,11509,08/18/2020, 08:08:46,404
SKGTLSE12,iTLS-Enso,11509,08/18/2020, 09:08:03,404
SKGTLSE12,iTLS-Enso,11509,08/18/2020, 10:07:40,404
SKGTLSE12,iTLS-Enso,11509,08/18/2020, 11:07:18,404
SKGTLSE12,iTLS-Enso,11509,08/18/2020, 12:10:51,404
SKGTLSE12,iTLS-Enso,11509,08/18/2020, 13:07:28,404
SKGTLSE12,iTLS-Enso,11509,08/18/2020, 14:07:58,404
SKGTLSE12,iTLS-Enso,11510,08/18/2020, 16:08:00,404
SKGTLSE12,iTLS-Enso,11510,08/18/2020, 17:07:15,404
SKGTLSE12,iTLS-Enso,11511,08/18/2020, 18:07:52,404
SKGTLSE12,iTLS-Enso,11511,08/18/2020, 19:07:13,404
SKGTLSE12,iTLS-Enso,11511,08/18/2020, 20:08:39,404
SKGTLSE12,iTLS-Enso,11511,08/18/2020, 21:07:34,404
SKGTLSE12,iTLS-Enso,11512,08/18/2020, 22:07:16,404
SKGTLSE12,iTLS-Enso,11512,08/18/2020, 23:06:55,404
SKGTLSE12,iTLS-Enso,11512,08/19/2020, 00:20:39,404
SKGTLSE12,iTLS-Enso,11514,08/19/2020, 01:08:12,404
SKGTLSE12,iTLS-Enso,11514,08/19/2020, 02:08:18,404
SKGTLSE12,iTLS-Enso,11514,08/19/2020, 03:07:47,404
SKGTLSE12,iTLS-Enso,11514,08/19/2020, 04:08:38,404
SKGTLSE12,iTLS-Enso,11514,08/19/2020, 05:07:25,404
SKGTLSE12,iTLS-Enso,11514,08/19/2020, 06:08:30,404
SKGTLSE12,iTLS-Enso,11514,08/19/2020, 07:07:52,404
SKGTLSE12,iTLS-Enso,11515,08/19/2020, 08:12:06,404
SKGTLSE12,iTLS-Enso,11515,08/19/2020, 09:07:48,404
SKGTLSE12,iTLS-Enso,11515,08/19/2020, 10:07:32,404
SKGTLSE12,iTLS-Enso,11515,08/19/2020, 11:07:58,404
SKGTLSE12,iTLS-Enso,11515,08/19/2020, 12:11:47,404
SKGTLSE12,iTLS-Enso,11515,08/19/2020, 13:07:26,404
SKGTLSE12,iTLS-Enso,11515,08/19/2020, 14:08:23,404
SKGTLSE12,iTLS-Enso,11515,08/19/2020, 15:07:47,404
SKGTLSE12,iTLS-Enso,11515,08/19/2020, 16:08:15,404
SKGTLSE12,iTLS-Enso,11515,08/19/2020, 17:07:22,404
SKGTLSE12,iTLS-Enso,11515,08/19/2020, 18:07:58,404
SKGTLSE12,iTLS-Enso,11517,08/19/2020, 19:06:06,404
SKGTLSE12,iTLS-Enso,11519,08/19/2020, 20:08:30,404
SKGTLSE12,iTLS-Enso,11519,08/19/2020, 21:07:40,404
SKGTLSE12,iTLS-Enso,11519,08/19/2020, 22:07:32,404
SKGTLSE12,iTLS-Enso,11519,08/19/2020, 23:07:29,404
SKGTLSE12,iTLS-Enso,11519,08/20/2020, 00:20:41,404
SKGTLSE12,iTLS-Enso,11519,08/20/2020, 01:08:15,404
SKGTLSE12,iTLS-Enso,11521,08/20/2020, 02:08:54,404
SKGTLSE12,iTLS-Enso,11521,08/20/2020, 03:07:28,404
SKGTLSE12,iTLS-Enso,11521,08/20/2020, 04:08:19,404
SKGTLSE12,iTLS-Enso,11521,08/20/2020, 05:07:33,404
SKGTLSE12,iTLS-Enso,11521,08/20/2020, 06:09:24,404
SKGTLSE12,iTLS-Enso,11521,08/20/2020, 07:07:45,404
SKGTLSE12,iTLS-Enso,11521,08/20/2020, 08:08:24,404
SKGTLSE12,iTLS-Enso,11522,08/20/2020, 09:07:47,404
SKGTLSE12,iTLS-Enso,11522,08/20/2020, 10:07:42,404
SKGTLSE12,iTLS-Enso,11522,08/20/2020, 11:07:14,404
SKGTLSE12,iTLS-Enso,11523,08/20/2020, 12:10:37,404
SKGTLSE12,iTLS-Enso,11523,08/20/2020, 13:07:32,404
SKGTLSE12,iTLS-Enso,11523,08/20/2020, 14:08:32,404
SKGTLSE12,iTLS-Enso,11523,08/20/2020, 15:07:49,404
SKGTLSE12,iTLS-Enso,11524,08/20/2020, 16:07:56,404
SKGTLSE12,iTLS-Enso,11525,08/20/2020, 17:07:44,404
SKGTLSE12,iTLS-Enso,11525,08/20/2020, 18:08:23,404
SKGTLSE12,iTLS-Enso,11525,08/20/2020, 19:07:41,404
SKGTLSE12,iTLS-Enso,11525,08/20/2020, 20:08:21,404
SKGTLSE12,iTLS-Enso,11525,08/20/2020, 21:12:33,404
SKGTLSE12,iTLS-Enso,11526,08/20/2020, 22:07:38,404
SKGTLSE12,iTLS-Enso,11526,08/20/2020, 23:06:48,404
SKGTLSE12,iTLS-Enso,11526,08/21/2020, 00:21:02,404
SKGTLSE12,iTLS-Enso,11528,08/21/2020, 01:07:45,404
SKGTLSE12,iTLS-Enso,11529,08/21/2020, 02:08:25,404
SKGTLSE12,iTLS-Enso,11530,08/21/2020, 03:07:55,404
SKGTLSE12,iTLS-Enso,11530,08/21/2020, 04:08:32,404
SKGTLSE12,iTLS-Enso,11530,08/21/2020, 05:12:35,404
SKGTLSE12,iTLS-Enso,11530,08/21/2020, 06:12:31,404
SKGTLSE12,iTLS-Enso,11530,08/21/2020, 07:07:57,404
SKGTLSE12,iTLS-Enso,11530,08/21/2020, 08:09:41,404
SKGTLSE12,iTLS-Enso,11530,08/21/2020, 09:07:30,404
SKGTLSE12,iTLS-Enso,11531,08/21/2020, 10:07:37,404
SKGTLSE12,iTLS-Enso,11532,08/21/2020, 11:07:11,404
SKGTLSE12,iTLS-Enso,11532,08/21/2020, 12:12:22,404
SKGTLSE12,iTLS-Enso,11533,08/21/2020, 13:07:42,404
SKGTLSE12,iTLS-Enso,11533,08/21/2020, 14:08:16,404
SKGTLSE12,iTLS-Enso,11534,08/21/2020, 15:07:48,404
SKGTLSE12,iTLS-Enso,11534,08/21/2020, 16:08:00,404
SKGTLSE12,iTLS-Enso,11534,08/21/2020, 17:07:30,404
SKGTLSE12,iTLS-Enso,11535,08/21/2020, 18:08:22,404
SKGTLSE12,iTLS-Enso,11536,08/21/2020, 19:07:20,404
SKGTLSE12,iTLS-Enso,11537,08/21/2020, 20:08:31,404
SKGTLSE12,iTLS-Enso,11537,08/21/2020, 21:07:23,404
SKGTLSE12,iTLS-Enso,11537,08/21/2020, 22:07:47,404
SKGTLSE12,iTLS-Enso,11537,08/21/2020, 23:07:20,404
SKGTLSE12,iTLS-Enso,11538,08/22/2020, 00:22:37,404
SKGTLSE12,iTLS-Enso,11538,08/22/2020, 01:07:40,404
SKGTLSE12,iTLS-Enso,11539,08/22/2020, 02:08:15,404
SKGTLSE12,iTLS-Enso,11540,08/22/2020, 03:11:49,404
SKGTLSE12,iTLS-Enso,11540,08/22/2020, 04:11:43,404
SKGTLSE12,iTLS-Enso,11541,08/22/2020, 05:07:32,404
SKGTLSE12,iTLS-Enso,11541,08/22/2020, 06:08:31,404
SKGTLSE12,iTLS-Enso,11542,08/22/2020, 07:08:39,404
SKGTLSE12,iTLS-Enso,11542,08/22/2020, 08:08:22,404
SKGTLSE12,iTLS-Enso,11542,08/22/2020, 09:07:41,404
SKGTLSE12,iTLS-Enso,11542,08/22/2020, 10:08:04,404
SKGTLSE12,iTLS-Enso,11542,08/22/2020, 11:06:56,404
SKGTLSE12,iTLS-Enso,11542,08/22/2020, 12:10:03,404
SKGTLSE12,iTLS-Enso,11542,08/22/2020, 13:11:30,404
SKGTLSE12,iTLS-Enso,11542,08/22/2020, 14:08:43,404
SKGTLSE12,iTLS-Enso,11542,08/22/2020, 15:07:44,404
SKGTLSE12,iTLS-Enso,11544,08/22/2020, 16:09:42,404
SKGTLSE12,iTLS-Enso,11545,08/22/2020, 17:07:17,404
SKGTLSE12,iTLS-Enso,11545,08/22/2020, 18:09:29,404
SKGTLSE12,iTLS-Enso,11545,08/22/2020, 19:07:26,404
SKGTLSE12,iTLS-Enso,11545,08/22/2020, 20:12:16,404
SKGTLSE12,iTLS-Enso,11545,08/22/2020, 21:07:52,404
SKGTLSE12,iTLS-Enso,11546,08/22/2020, 22:07:23,404
SKGTLSE12,iTLS-Enso,11546,08/22/2020, 23:07:17,404
SKGTLSE12,iTLS-Enso,11546,08/23/2020, 00:22:01,404
SKGTLSE12,iTLS-Enso,11546,08/23/2020, 01:08:03,404
SKGTLSE12,iTLS-Enso,11546,08/23/2020, 02:11:52,404
SKGTLSE12,iTLS-Enso,11546,08/23/2020, 03:08:43,404
SKGTLSE12,iTLS-Enso,11546,08/23/2020, 04:11:38,404
SKGTLSE12,iTLS-Enso,11547,08/23/2020, 05:07:34,404
SKGTLSE12,iTLS-Enso,11547,08/23/2020, 06:09:09,404
SKGTLSE12,iTLS-Enso,11548,08/23/2020, 07:08:50,404
SKGTLSE12,iTLS-Enso,11548,08/23/2020, 08:08:39,404
SKGTLSE12,iTLS-Enso,11548,08/23/2020, 09:09:41,404
SKGTLSE12,iTLS-Enso,11548,08/23/2020, 10:09:07,404
SKGTLSE12,iTLS-Enso,11551,08/23/2020, 11:12:16,404
SKGTLSE12,iTLS-Enso,11552,08/23/2020, 12:12:13,404
SKGTLSE12,iTLS-Enso,11553,08/23/2020, 13:07:40,404
SKGTLSE12,iTLS-Enso,11553,08/23/2020, 14:08:11,404
SKGTLSE12,iTLS-Enso,11553,08/23/2020, 15:07:37,404
SKGTLSE12,iTLS-Enso,11554,08/23/2020, 16:08:08,404
SKGTLSE12,iTLS-Enso,11555,08/23/2020, 17:07:36,404
SKGTLSE12,iTLS-Enso,11557,08/23/2020, 18:08:30,404
SKGTLSE12,iTLS-Enso,11557,08/23/2020, 19:07:58,404
SKGTLSE12,iTLS-Enso,11557,08/23/2020, 20:11:41,404
SKGTLSE12,iTLS-Enso,11558,08/23/2020, 21:07:22,404
SKGTLSE12,iTLS-Enso,11558,08/23/2020, 22:08:42,404
SKGTLSE12,iTLS-Enso,11558,08/23/2020, 23:07:23,404
SKGTLSE12,iTLS-Enso,11558,08/24/2020, 00:21:37,404
SKGTLSE12,iTLS-Enso,11558,08/24/2020, 01:07:57,404
SKGTLSE12,iTLS-Enso,11558,08/24/2020, 02:09:32,404
SKGTLSE12,iTLS-Enso,11558,08/24/2020, 03:08:01,404
SKGTLSE12,iTLS-Enso,11559,08/24/2020, 04:08:58,404
SKGTLSE12,iTLS-Enso,11560,08/24/2020, 05:12:40,404
SKGTLSE12,iTLS-Enso,11560,08/24/2020, 06:08:54,404
SKGTLSE12,iTLS-Enso,11561,08/24/2020, 07:08:00,404
SKGTLSE12,iTLS-Enso,11561,08/24/2020, 08:08:43,404
SKGTLSE12,iTLS-Enso,11561,08/24/2020, 09:07:49,404
SKGTLSE12,iTLS-Enso,11561,08/24/2020, 10:07:57,404
SKGTLSE12,iTLS-Enso,11561,08/24/2020, 11:07:09,404
SKGTLSE12,iTLS-Enso,11561,08/24/2020, 12:10:17,404
SKGTLSE12,iTLS-Enso,11561,08/24/2020, 13:07:35,404
SKGTLSE12,iTLS-Enso,11561,08/24/2020, 14:08:33,404
SKGTLSE12,iTLS-Enso,11561,08/24/2020, 15:07:57,404
SKGTLSE12,iTLS-Enso,11561,08/24/2020, 16:08:07,404
SKGTLSE12,iTLS-Enso,11561,08/24/2020, 17:07:34,404
SKGTLSE12,iTLS-Enso,11562,08/24/2020, 18:08:29,404
SKGTLSE12,iTLS-Enso,11562,08/24/2020, 19:07:42,404
SKGTLSE12,iTLS-Enso,11562,08/24/2020, 20:08:26,404
SKGTLSE12,iTLS-Enso,11562,08/24/2020, 21:07:32,404
SKGTLSE12,iTLS-Enso,11562,08/24/2020, 22:07:36,404
SKGTLSE12,iTLS-Enso,11562,08/24/2020, 23:07:28,404
SKGTLSE12,iTLS-Enso,11563,08/25/2020, 00:21:25,404
SKGTLSE12,iTLS-Enso,11564,08/25/2020, 01:07:59,404
SKGTLSE12,iTLS-Enso,11564,08/25/2020, 02:08:34,404
SKGTLSE12,iTLS-Enso,11564,08/25/2020, 03:07:42,404
SKGTLSE12,iTLS-Enso,11564,08/25/2020, 04:08:31,404
SKGTLSE12,iTLS-Enso,11565,08/25/2020, 05:08:01,404
SKGTLSE12,iTLS-Enso,11565,08/25/2020, 06:08:40,404
SKGTLSE12,iTLS-Enso,11565,08/25/2020, 07:08:12,404
SKGTLSE12,iTLS-Enso,11566,08/25/2020, 08:08:59,404
SKGTLSE12,iTLS-Enso,11566,08/25/2020, 09:08:05,404
SKGTLSE12,iTLS-Enso,11566,08/25/2020, 10:07:49,404
SKGTLSE12,iTLS-Enso,11566,08/25/2020, 11:07:30,404
SKGTLSE12,iTLS-Enso,11566,08/25/2020, 12:10:24,404
SKGTLSE12,iTLS-Enso,11566,08/25/2020, 13:07:27,404
SKGTLSE12,iTLS-Enso,11566,08/25/2020, 14:08:37,404
SKGTLSE12,iTLS-Enso,11566,08/25/2020, 15:08:00,404
SKGTLSE12,iTLS-Enso,11566,08/25/2020, 16:08:15,404
SKGTLSE12,iTLS-Enso,11566,08/25/2020, 17:07:35,404
SKGTLSE12,iTLS-Enso,11566,08/25/2020, 18:08:25,404
SKGTLSE12,iTLS-Enso,11567,08/25/2020, 19:07:17,404
SKGTLSE12,iTLS-Enso,11569,08/25/2020, 20:08:24,404
SKGTLSE12,iTLS-Enso,11570,08/25/2020, 21:07:36,404
SKGTLSE12,iTLS-Enso,11571,08/25/2020, 22:07:37,404
SKGTLSE12,iTLS-Enso,11572,08/25/2020, 23:07:18,404
SKGTLSE12,iTLS-Enso,11572,08/26/2020, 00:21:18,404
SKGTLSE12,iTLS-Enso,11573,08/26/2020, 01:07:53,404
SKGTLSE12,iTLS-Enso,11574,08/26/2020, 02:08:52,404
SKGTLSE12,iTLS-Enso,11574,08/26/2020, 03:08:05,404
SKGTLSE12,iTLS-Enso,11574,08/26/2020, 04:08:46,404
SKGTLSE12,iTLS-Enso,11574,08/26/2020, 05:09:43,404
SKGTLSE12,iTLS-Enso,11574,08/26/2020, 06:08:56,404
SKGTLSE12,iTLS-Enso,11574,08/26/2020, 07:08:11,404
SKGTLSE12,iTLS-Enso,11574,08/26/2020, 08:08:31,404
SKGTLSE12,iTLS-Enso,11574,08/26/2020, 09:07:58,404
SKGTLSE12,iTLS-Enso,11574,08/26/2020, 10:07:48,404
SKGTLSE12,iTLS-Enso,11575,08/26/2020, 11:07:22,404
SKGTLSE12,iTLS-Enso,11575,08/26/2020, 12:10:21,404
SKGTLSE12,iTLS-Enso,11575,08/26/2020, 13:07:24,404
SKGTLSE12,iTLS-Enso,11575,08/26/2020, 14:08:41,404
SKGTLSE12,iTLS-Enso,11575,08/26/2020, 15:07:58,404
SKGTLSE12,iTLS-Enso,11576,08/26/2020, 16:08:21,404
SKGTLSE12,iTLS-Enso,11576,08/26/2020, 17:07:32,404
SKGTLSE12,iTLS-Enso,11576,08/26/2020, 18:08:35,404
SKGTLSE12,iTLS-Enso,11576,08/26/2020, 19:07:31,404
SKGTLSE12,iTLS-Enso,11576,08/26/2020, 20:08:46,404
SKGTLSE12,iTLS-Enso,11577,08/26/2020, 21:07:38,404
SKGTLSE12,iTLS-Enso,11579,08/26/2020, 22:07:40,404
SKGTLSE12,iTLS-Enso,11579,08/26/2020, 23:07:23,404
SKGTLSE12,iTLS-Enso,11579,08/27/2020, 00:21:36,404
SKGTLSE12,iTLS-Enso,11579,08/27/2020, 01:08:16,404
SKGTLSE12,iTLS-Enso,11579,08/27/2020, 02:08:53,404
SKGTLSE12,iTLS-Enso,11579,08/27/2020, 03:08:02,404
SKGTLSE12,iTLS-Enso,11579,08/27/2020, 04:08:36,404
SKGTLSE12,iTLS-Enso,11580,08/27/2020, 05:12:11,404
SKGTLSE12,iTLS-Enso,11581,08/27/2020, 06:08:48,404
SKGTLSE12,iTLS-Enso,11582,08/27/2020, 07:07:59,404
SKGTLSE12,iTLS-Enso,11582,08/27/2020, 08:09:09,404
SKGTLSE12,iTLS-Enso,11582,08/27/2020, 09:08:12,404
SKGTLSE12,iTLS-Enso,11583,08/27/2020, 10:08:11,404
SKGTLSE12,iTLS-Enso,11583,08/27/2020, 11:07:19,404
SKGTLSE12,iTLS-Enso,11583,08/27/2020, 12:10:31,404
SKGTLSE12,iTLS-Enso,11583,08/27/2020, 13:07:24,404
SKGTLSE12,iTLS-Enso,11583,08/27/2020, 14:08:39,404
SKGTLSE12,iTLS-Enso,11583,08/27/2020, 15:07:55,404
SKGTLSE12,iTLS-Enso,11583,08/27/2020, 16:08:41,404
SKGTLSE12,iTLS-Enso,11583,08/27/2020, 17:07:59,404
SKGTLSE12,iTLS-Enso,11583,08/27/2020, 18:08:42,404
SKGTLSE12,iTLS-Enso,11583,08/27/2020, 19:07:44,404
SKGTLSE12,iTLS-Enso,11584,08/27/2020, 20:08:30,404
SKGTLSE12,iTLS-Enso,11584,08/27/2020, 21:07:48,404
SKGTLSE12,iTLS-Enso,11584,08/27/2020, 22:07:18,404
SKGTLSE12,iTLS-Enso,11584,08/27/2020, 23:07:51,404
SKGTLSE12,iTLS-Enso,11584,08/28/2020, 00:24:02,404
SKGTLSE12,iTLS-Enso,11584,08/28/2020, 01:11:46,404
SKGTLSE12,iTLS-Enso,11584,08/28/2020, 02:09:30,404
SKGTLSE12,iTLS-Enso,11585,08/28/2020, 03:08:31,404
SKGTLSE12,iTLS-Enso,11585,08/28/2020, 04:08:45,404
SKGTLSE12,iTLS-Enso,11586,08/28/2020, 05:08:34,404
SKGTLSE12,iTLS-Enso,11586,08/28/2020, 06:09:23,404
SKGTLSE12,iTLS-Enso,11590,08/28/2020, 07:08:39,404
SKGTLSE12,iTLS-Enso,11590,08/28/2020, 08:09:47,404
SKGTLSE12,iTLS-Enso,11590,08/28/2020, 09:08:26,404
SKGTLSE12,iTLS-Enso,11591,08/28/2020, 10:08:18,404
SKGTLSE12,iTLS-Enso,11591,08/28/2020, 11:07:56,404
SKGTLSE12,iTLS-Enso,11591,08/28/2020, 12:12:22,404
SKGTLSE12,iTLS-Enso,11591,08/28/2020, 13:08:09,404
SKGTLSE12,iTLS-Enso,11592,08/28/2020, 14:09:14,404
SKGTLSE12,iTLS-Enso,11592,08/28/2020, 15:08:18,404
SKGTLSE12,iTLS-Enso,11592,08/28/2020, 16:08:56,404
SKGTLSE12,iTLS-Enso,11592,08/28/2020, 17:07:48,404
SKGTLSE12,iTLS-Enso,11592,08/28/2020, 18:09:03,404
SKGTLSE12,iTLS-Enso,11592,08/28/2020, 19:07:59,404
SKGTLSE12,iTLS-Enso,11594,08/28/2020, 20:09:17,404
SKGTLSE12,iTLS-Enso,11594,08/28/2020, 21:08:16,404
SKGTLSE12,iTLS-Enso,11594,08/28/2020, 22:08:04,404
SKGTLSE12,iTLS-Enso,11594,08/28/2020, 23:04:09,404
SKGTLSE12,iTLS-Enso,11594,08/29/2020, 00:15:40,404
SKGTLSE12,iTLS-Enso,11594,08/29/2020, 01:05:31,404
SKGTLSE12,iTLS-Enso,11595,08/29/2020, 02:04:18,404
SKGTLSE12,iTLS-Enso,11595,08/29/2020, 03:09:03,404
SKGTLSE12,iTLS-Enso,11595,08/29/2020, 04:05:08,404
SKGTLSE12,iTLS-Enso,11595,08/29/2020, 05:10:50,404
SKGTLSE12,iTLS-Enso,11595,08/29/2020, 06:06:51,404
SKGTLSE12,iTLS-Enso,11596,08/29/2020, 07:06:54,404
SKGTLSE12,iTLS-Enso,11596,08/29/2020, 08:13:28,404
SKGTLSE12,iTLS-Enso,11596,08/29/2020, 09:07:11,404
SKGTLSE12,iTLS-Enso,11599,08/29/2020, 10:05:21,404
SKGTLSE12,iTLS-Enso,11599,08/29/2020, 11:10:03,404
SKGTLSE12,iTLS-Enso,11602,08/29/2020, 12:07:16,404
SKGTLSE12,iTLS-Enso,11602,08/29/2020, 13:10:49,404
SKGTLSE12,iTLS-Enso,11602,08/29/2020, 14:09:59,404
SKGTLSE12,iTLS-Enso,11602,08/29/2020, 15:07:27,404
SKGTLSE12,iTLS-Enso,11602,08/29/2020, 16:05:21,404
SKGTLSE12,iTLS-Enso,11603,08/29/2020, 17:06:40,404
SKGTLSE12,iTLS-Enso,11603,08/29/2020, 18:07:14,404
SKGTLSE12,iTLS-Enso,11603,08/29/2020, 19:10:29,404
SKGTLSE12,iTLS-Enso,11603,08/29/2020, 20:07:22,404
SKGTLSE12,iTLS-Enso,11603,08/29/2020, 21:08:34,404
SKGTLSE12,iTLS-Enso,11603,08/29/2020, 22:07:21,404
SKGTLSE12,iTLS-Enso,11603,08/29/2020, 23:04:45,404
SKGTLSE12,iTLS-Enso,11605,08/30/2020, 00:16:32,404
SKGTLSE12,iTLS-Enso,11605,08/30/2020, 01:04:46,404
SKGTLSE12,iTLS-Enso,11605,08/30/2020, 02:07:28,404
SKGTLSE12,iTLS-Enso,11606,08/30/2020, 03:06:20,404
SKGTLSE12,iTLS-Enso,11607,08/30/2020, 04:05:40,404
SKGTLSE12,iTLS-Enso,11607,08/30/2020, 05:12:05,404
SKGTLSE12,iTLS-Enso,11607,08/30/2020, 06:10:00,404
SKGTLSE12,iTLS-Enso,11607,08/30/2020, 07:11:31,404
SKGTLSE12,iTLS-Enso,11607,08/30/2020, 08:12:27,404
SKGTLSE12,iTLS-Enso,11607,08/30/2020, 09:07:34,404
SKGTLSE12,iTLS-Enso,11607,08/30/2020, 10:07:15,404
SKGTLSE12,iTLS-Enso,11607,08/30/2020, 11:12:03,404
SKGTLSE12,iTLS-Enso,11608,08/30/2020, 12:11:14,404
SKGTLSE12,iTLS-Enso,11608,08/30/2020, 13:05:26,404
SKGTLSE12,iTLS-Enso,11608,08/30/2020, 14:04:36,404
SKGTLSE12,iTLS-Enso,11608,08/30/2020, 15:12:26,404
SKGTLSE12,iTLS-Enso,11609,08/30/2020, 16:05:39,404
SKGTLSE12,iTLS-Enso,11610,08/30/2020, 17:07:15,404
SKGTLSE12,iTLS-Enso,11610,08/30/2020, 18:13:00,404
SKGTLSE12,iTLS-Enso,11611,08/30/2020, 19:11:19,404
SKGTLSE12,iTLS-Enso,11611,08/30/2020, 20:07:35,404
SKGTLSE12,iTLS-Enso,11611,08/30/2020, 21:07:25,404
SKGTLSE12,iTLS-Enso,11611,08/30/2020, 22:09:44,404
SKGTLSE12,iTLS-Enso,11613,08/30/2020, 23:05:54,404
SKGTLSE12,iTLS-Enso,11614,08/31/2020, 00:16:34,404
SKGTLSE12,iTLS-Enso,11614,08/31/2020, 01:04:20,404
SKGTLSE12,iTLS-Enso,11615,08/31/2020, 02:10:54,404
SKGTLSE12,iTLS-Enso,11615,08/31/2020, 03:04:10,404
SKGTLSE12,iTLS-Enso,11615,08/31/2020, 04:13:09,404
SKGTLSE12,iTLS-Enso,11615,08/31/2020, 05:10:29,404
SKGTLSE12,iTLS-Enso,11616,08/31/2020, 06:06:45,404
SKGTLSE12,iTLS-Enso,11616,08/31/2020, 07:04:10,404
SKGTLSE12,iTLS-Enso,11616,08/31/2020, 08:04:32,404
SKGTLSE12,iTLS-Enso,11617,08/31/2020, 09:04:08,404
SKGTLSE12,iTLS-Enso,11617,08/31/2020, 10:04:03,404
SKGTLSE12,iTLS-Enso,11617,08/31/2020, 11:03:49,404
SKGTLSE12,iTLS-Enso,11617,08/31/2020, 12:12:02,404
SKGTLSE12,iTLS-Enso,11617,08/31/2020, 14:04:18,404
SKGTLSE12,iTLS-Enso,11618,08/31/2020, 15:04:01,404
SKGTLSE12,iTLS-Enso,11618,08/31/2020, 16:04:23,404
SKGTLSE12,iTLS-Enso,11618,08/31/2020, 17:08:27,404
SKGTLSE12,iTLS-Enso,11619,08/31/2020, 18:09:18,404
SKGTLSE12,iTLS-Enso,11619,08/31/2020, 19:08:08,404
SKGTLSE12,iTLS-Enso,11619,08/31/2020, 20:09:22,404
SKGTLSE12,iTLS-Enso,11619,08/31/2020, 21:08:20,404
SKGTLSE12,iTLS-Enso,11619,08/31/2020, 22:08:28,404
SKGTLSE12,iTLS-Enso,11619,08/31/2020, 23:08:01,404
SKGTLSE12,iTLS-Enso,11620,09/01/2020, 00:24:01,404
SKGTLSE12,iTLS-Enso,11620,09/01/2020, 01:13:51,404
SKGTLSE12,iTLS-Enso,11620,09/01/2020, 02:09:33,404
SKGTLSE12,iTLS-Enso,11620,09/01/2020, 03:08:40,404
SKGTLSE12,iTLS-Enso,11620,09/01/2020, 04:08:53,404
SKGTLSE12,iTLS-Enso,11620,09/01/2020, 05:08:29,404
SKGTLSE12,iTLS-Enso,11620,09/01/2020, 06:09:37,404
SKGTLSE12,iTLS-Enso,11620,09/01/2020, 07:08:38,404
SKGTLSE12,iTLS-Enso,11620,09/01/2020, 08:09:38,404
SKGTLSE12,iTLS-Enso,11621,09/01/2020, 09:10:04,404
SKGTLSE12,iTLS-Enso,11621,09/01/2020, 10:08:42,404
SKGTLSE12,iTLS-Enso,11621,09/01/2020, 11:07:51,404
SKGTLSE12,iTLS-Enso,11621,09/01/2020, 12:10:56,404
SKGTLSE12,iTLS-Enso,11621,09/01/2020, 13:08:12,404
SKGTLSE12,iTLS-Enso,11621,09/01/2020, 14:11:18,404
SKGTLSE12,iTLS-Enso,11621,09/01/2020, 15:09:03,404
SKGTLSE12,iTLS-Enso,11624,09/01/2020, 16:08:59,404
SKGTLSE12,iTLS-Enso,11625,09/01/2020, 17:08:19,404
SKGTLSE12,iTLS-Enso,11625,09/01/2020, 18:09:18,404
SKGTLSE12,iTLS-Enso,11625,09/01/2020, 19:08:13,404
SKGTLSE12,iTLS-Enso,11626,09/01/2020, 20:09:20,404
SKGTLSE12,iTLS-Enso,11626,09/01/2020, 21:08:27,404
SKGTLSE12,iTLS-Enso,11626,09/01/2020, 22:08:40,404
SKGTLSE12,iTLS-Enso,11626,09/01/2020, 23:07:52,404
SKGTLSE12,iTLS-Enso,11626,09/02/2020, 00:23:14,404
SKGTLSE12,iTLS-Enso,11626,09/02/2020, 01:07:26,404
SKGTLSE12,iTLS-Enso,11626,09/02/2020, 02:09:14,404
SKGTLSE12,iTLS-Enso,11627,09/02/2020, 03:09:31,404
SKGTLSE12,iTLS-Enso,11627,09/02/2020, 04:09:12,404
SKGTLSE12,iTLS-Enso,11628,09/02/2020, 05:08:14,404
SKGTLSE12,iTLS-Enso,11629,09/02/2020, 06:09:20,404
SKGTLSE12,iTLS-Enso,11629,09/02/2020, 07:08:40,404
SKGTLSE12,iTLS-Enso,11629,09/02/2020, 08:09:24,404
SKGTLSE12,iTLS-Enso,11629,09/02/2020, 09:09:54,404
SKGTLSE12,iTLS-Enso,11629,09/02/2020, 10:08:33,404
SKGTLSE12,iTLS-Enso,11629,09/02/2020, 11:07:51,404
SKGTLSE12,iTLS-Enso,11630,09/02/2020, 12:11:12,404
SKGTLSE12,iTLS-Enso,11630,09/02/2020, 13:08:14,404
SKGTLSE12,iTLS-Enso,11630,09/02/2020, 14:09:27,404
SKGTLSE12,iTLS-Enso,11630,09/02/2020, 15:10:30,404
SKGTLSE12,iTLS-Enso,11630,09/02/2020, 16:09:12,404
SKGTLSE12,iTLS-Enso,11630,09/02/2020, 17:08:21,404
SKGTLSE12,iTLS-Enso,11630,09/02/2020, 18:09:01,404
SKGTLSE12,iTLS-Enso,11631,09/02/2020, 19:08:01,404
SKGTLSE12,iTLS-Enso,11631,09/02/2020, 20:09:15,404
SKGTLSE12,iTLS-Enso,11631,09/02/2020, 21:08:26,404
SKGTLSE12,iTLS-Enso,11632,09/02/2020, 22:08:11,404
SKGTLSE12,iTLS-Enso,11632,09/02/2020, 23:07:52,404
SKGTLSE12,iTLS-Enso,11632,09/03/2020, 00:23:21,404
SKGTLSE12,iTLS-Enso,11632,09/03/2020, 01:11:59,404
SKGTLSE12,iTLS-Enso,11632,09/03/2020, 02:09:34,404
SKGTLSE12,iTLS-Enso,11632,09/03/2020, 03:08:19,404
SKGTLSE12,iTLS-Enso,11633,09/03/2020, 04:09:05,404
SKGTLSE12,iTLS-Enso,11633,09/03/2020, 05:09:25,404
SKGTLSE12,iTLS-Enso,11633,09/03/2020, 06:09:40,404
SKGTLSE12,iTLS-Enso,11633,09/03/2020, 07:08:46,404
SKGTLSE12,iTLS-Enso,11633,09/03/2020, 08:09:37,404
SKGTLSE12,iTLS-Enso,11633,09/03/2020, 09:08:39,404
SKGTLSE12,iTLS-Enso,11634,09/03/2020, 10:08:53,404
SKGTLSE12,iTLS-Enso,11634,09/03/2020, 11:08:05,404
SKGTLSE12,iTLS-Enso,11634,09/03/2020, 12:11:18,404
SKGTLSE12,iTLS-Enso,11634,09/03/2020, 13:08:14,404
SKGTLSE12,iTLS-Enso,11634,09/03/2020, 14:09:30,404
SKGTLSE12,iTLS-Enso,11634,09/03/2020, 15:08:45,404
SKGTLSE12,iTLS-Enso,11634,09/03/2020, 16:09:20,404
SKGTLSE12,iTLS-Enso,11634,09/03/2020, 17:08:26,404
SKGTLSE12,iTLS-Enso,11635,09/03/2020, 18:09:10,404
SKGTLSE12,iTLS-Enso,11637,09/03/2020, 19:06:53,404
SKGTLSE12,iTLS-Enso,11637,09/03/2020, 20:09:40,404
SKGTLSE12,iTLS-Enso,11637,09/03/2020, 21:08:34,404
SKGTLSE12,iTLS-Enso,11638,09/03/2020, 22:08:31,404
SKGTLSE12,iTLS-Enso,11638,09/03/2020, 23:08:03,404
SKGTLSE12,iTLS-Enso,11639,09/04/2020, 00:24:05,404
SKGTLSE12,iTLS-Enso,11639,09/04/2020, 01:12:24,404
SKGTLSE12,iTLS-Enso,11639,09/04/2020, 02:09:36,404
SKGTLSE12,iTLS-Enso,11639,09/04/2020, 03:08:22,404
SKGTLSE12,iTLS-Enso,11640,09/04/2020, 04:09:13,404
SKGTLSE12,iTLS-Enso,11640,09/04/2020, 05:08:15,404
SKGTLSE12,iTLS-Enso,11640,09/04/2020, 06:09:46,404
SKGTLSE12,iTLS-Enso,11640,09/04/2020, 07:08:33,404
SKGTLSE12,iTLS-Enso,11640,09/04/2020, 08:09:36,404
SKGTLSE12,iTLS-Enso,11641,09/04/2020, 09:08:37,404
SKGTLSE12,iTLS-Enso,11641,09/04/2020, 10:08:47,404
SKGTLSE12,iTLS-Enso,11641,09/04/2020, 11:08:04,404
SKGTLSE12,iTLS-Enso,11641,09/04/2020, 12:14:45,404
SKGTLSE12,iTLS-Enso,11641,09/04/2020, 13:08:41,404
SKGTLSE12,iTLS-Enso,11641,09/04/2020, 14:09:28,404
SKGTLSE12,iTLS-Enso,11641,09/04/2020, 15:08:43,404
SKGTLSE12,iTLS-Enso,11641,09/04/2020, 16:09:08,404
SKGTLSE12,iTLS-Enso,11641,09/04/2020, 17:08:23,404
SKGTLSE12,iTLS-Enso,11641,09/04/2020, 18:09:16,404
SKGTLSE12,iTLS-Enso,11641,09/04/2020, 19:08:06,404
SKGTLSE12,iTLS-Enso,11641,09/04/2020, 20:09:23,404
SKGTLSE12,iTLS-Enso,11641,09/04/2020, 21:08:13,404
SKGTLSE12,iTLS-Enso,11641,09/04/2020, 22:08:30,404
SKGTLSE12,iTLS-Enso,11642,09/04/2020, 23:08:04,404
SKGTLSE12,iTLS-Enso,11642,09/05/2020, 00:39:53,404
SKGTLSE12,iTLS-Enso,11644,09/05/2020, 02:07:32,404
SKGTLSE12,iTLS-Enso,11645,09/05/2020, 03:20:31,404
SKGTLSE12,iTLS-Enso,11645,09/05/2020, 04:17:15,404
SKGTLSE12,iTLS-Enso,11645,09/05/2020, 05:15:15,404
SKGTLSE12,iTLS-Enso,11645,09/05/2020, 06:17:41,404
SKGTLSE12,iTLS-Enso,11646,09/05/2020, 07:18:05,404
SKGTLSE12,iTLS-Enso,11646,09/05/2020, 08:16:29,404
SKGTLSE12,iTLS-Enso,11648,09/05/2020, 09:15:48,404
SKGTLSE12,iTLS-Enso,11648,09/05/2020, 10:15:55,404
SKGTLSE12,iTLS-Enso,11648,09/05/2020, 11:14:33,404
SKGTLSE12,iTLS-Enso,11648,09/05/2020, 12:20:32,404
SKGTLSE12,iTLS-Enso,11649,09/05/2020, 13:20:53,404
SKGTLSE12,iTLS-Enso,11650,09/05/2020, 14:16:44,404
SKGTLSE12,iTLS-Enso,11650,09/05/2020, 15:15:33,404
SKGTLSE12,iTLS-Enso,11650,09/05/2020, 16:10:04,404
SKGTLSE12,iTLS-Enso,11650,09/05/2020, 17:08:15,404
SKGTLSE12,iTLS-Enso,11653,09/05/2020, 18:09:25,404
SKGTLSE12,iTLS-Enso,11654,09/05/2020, 19:08:01,404
SKGTLSE12,iTLS-Enso,11654,09/05/2020, 20:09:33,404
SKGTLSE12,iTLS-Enso,11654,09/05/2020, 21:08:16,404
SKGTLSE12,iTLS-Enso,11654,09/05/2020, 22:08:10,404
SKGTLSE12,iTLS-Enso,11654,09/05/2020, 23:08:43,404
SKGTLSE12,iTLS-Enso,11654,09/06/2020, 00:25:09,404
SKGTLSE12,iTLS-Enso,11654,09/06/2020, 01:13:50,404
SKGTLSE12,iTLS-Enso,11654,09/06/2020, 02:09:28,404
SKGTLSE12,iTLS-Enso,11654,09/06/2020, 03:08:57,404
SKGTLSE12,iTLS-Enso,11656,09/06/2020, 04:09:11,404
SKGTLSE12,iTLS-Enso,11656,09/06/2020, 05:08:13,404
SKGTLSE12,iTLS-Enso,11656,09/06/2020, 06:10:52,404
SKGTLSE12,iTLS-Enso,11656,09/06/2020, 07:08:28,404
SKGTLSE12,iTLS-Enso,11656,09/06/2020, 08:09:01,404
SKGTLSE12,iTLS-Enso,11656,09/06/2020, 09:08:32,404
SKGTLSE12,iTLS-Enso,11657,09/06/2020, 10:08:37,404
SKGTLSE12,iTLS-Enso,11657,09/06/2020, 11:08:16,404
SKGTLSE12,iTLS-Enso,11657,09/06/2020, 12:11:02,404
SKGTLSE12,iTLS-Enso,11657,09/06/2020, 13:08:10,404
SKGTLSE12,iTLS-Enso,11657,09/06/2020, 14:09:10,404
SKGTLSE12,iTLS-Enso,11658,09/06/2020, 15:08:21,404
SKGTLSE12,iTLS-Enso,11662,09/06/2020, 16:09:04,404
SKGTLSE12,iTLS-Enso,11662,09/06/2020, 17:09:38,404
SKGTLSE12,iTLS-Enso,11662,09/06/2020, 18:09:46,404
SKGTLSE12,iTLS-Enso,11662,09/06/2020, 19:08:18,404
SKGTLSE12,iTLS-Enso,11662,09/06/2020, 20:09:26,404
SKGTLSE12,iTLS-Enso,11662,09/06/2020, 21:08:32,404
SKGTLSE12,iTLS-Enso,11662,09/06/2020, 22:08:32,404
SKGTLSE12,iTLS-Enso,11663,09/06/2020, 23:08:09,404
SKGTLSE12,iTLS-Enso,11663,09/07/2020, 00:24:37,404
SKGTLSE12,iTLS-Enso,11664,09/07/2020, 01:13:45,404
SKGTLSE12,iTLS-Enso,11665,09/07/2020, 02:10:04,404
SKGTLSE12,iTLS-Enso,11666,09/07/2020, 03:08:44,404
SKGTLSE12,iTLS-Enso,11668,09/07/2020, 04:09:29,404
SKGTLSE12,iTLS-Enso,11668,09/07/2020, 05:08:18,404
SKGTLSE12,iTLS-Enso,11668,09/07/2020, 06:11:10,404
SKGTLSE12,iTLS-Enso,11668,09/07/2020, 07:09:44,404
SKGTLSE12,iTLS-Enso,11668,09/07/2020, 08:09:36,404
SKGTLSE12,iTLS-Enso,11668,09/07/2020, 09:08:55,404
SKGTLSE12,iTLS-Enso,11668,09/07/2020, 10:08:57,404
SKGTLSE12,iTLS-Enso,11668,09/07/2020, 11:08:26,404
SKGTLSE12,iTLS-Enso,11668,09/07/2020, 12:11:22,404
SKGTLSE12,iTLS-Enso,11669,09/07/2020, 13:08:28,404
SKGTLSE12,iTLS-Enso,11670,09/07/2020, 14:09:16,404
SKGTLSE12,iTLS-Enso,11672,09/07/2020, 15:08:55,404
SKGTLSE12,iTLS-Enso,11674,09/07/2020, 16:09:12,404
SKGTLSE12,iTLS-Enso,11675,09/07/2020, 17:08:14,404
SKGTLSE12,iTLS-Enso,11675,09/07/2020, 18:09:21,404
SKGTLSE12,iTLS-Enso,11675,09/07/2020, 19:08:06,404
SKGTLSE12,iTLS-Enso,11676,09/07/2020, 20:09:19,404
SKGTLSE12,iTLS-Enso,11678,09/07/2020, 21:08:27,404
SKGTLSE12,iTLS-Enso,11679,09/07/2020, 22:08:33,404
SKGTLSE12,iTLS-Enso,11679,09/07/2020, 23:08:14,404
SKGTLSE12,iTLS-Enso,11681,09/08/2020, 00:24:17,404
SKGTLSE12,iTLS-Enso,11681,09/08/2020, 01:13:24,404
SKGTLSE12,iTLS-Enso,11681,09/08/2020, 02:09:47,404
SKGTLSE12,iTLS-Enso,11681,09/08/2020, 03:08:55,404
SKGTLSE12,iTLS-Enso,11682,09/08/2020, 04:09:34,404
SKGTLSE12,iTLS-Enso,11683,09/08/2020, 05:08:19,404
SKGTLSE12,iTLS-Enso,11684,09/08/2020, 06:09:33,404
SKGTLSE12,iTLS-Enso,11685,09/08/2020, 07:08:45,404
SKGTLSE12,iTLS-Enso,11685,09/08/2020, 08:10:01,404
SKGTLSE12,iTLS-Enso,11688,09/08/2020, 09:08:51,404
SKGTLSE12,iTLS-Enso,11690,09/08/2020, 10:09:05,404
SKGTLSE12,iTLS-Enso,11691,09/08/2020, 12:11:21,404
SKGTLSE12,iTLS-Enso,11691,09/08/2020, 13:08:41,404
SKGTLSE12,iTLS-Enso,11692,09/08/2020, 14:09:53,404
SKGTLSE12,iTLS-Enso,11693,09/08/2020, 15:09:13,404
SKGTLSE12,iTLS-Enso,11694,09/08/2020, 16:09:24,404
SKGTLSE12,iTLS-Enso,11695,09/08/2020, 17:08:19,404
SKGTLSE12,iTLS-Enso,11695,09/08/2020, 18:09:19,404
SKGTLSE12,iTLS-Enso,11695,09/08/2020, 19:08:32,404
SKGTLSE12,iTLS-Enso,11696,09/08/2020, 20:09:43,404
SKGTLSE12,iTLS-Enso,11698,09/08/2020, 21:08:34,404
SKGTLSE12,iTLS-Enso,11698,09/08/2020, 22:08:53,404
SKGTLSE12,iTLS-Enso,11698,09/08/2020, 23:08:22,404
SKGTLSE12,iTLS-Enso,11699,09/09/2020, 00:24:13,404
SKGTLSE12,iTLS-Enso,11700,09/09/2020, 01:13:39,404
SKGTLSE12,iTLS-Enso,11700,09/09/2020, 02:09:58,404
SKGTLSE12,iTLS-Enso,11701,09/09/2020, 03:09:10,404
SKGTLSE12,iTLS-Enso,11701,09/09/2020, 04:09:22,404
SKGTLSE12,iTLS-Enso,11701,09/09/2020, 05:08:40,404
SKGTLSE12,iTLS-Enso,11701,09/09/2020, 06:09:53,404
SKGTLSE12,iTLS-Enso,11701,09/09/2020, 07:08:58,404
SKGTLSE12,iTLS-Enso,11701,09/09/2020, 08:09:31,404
SKGTLSE12,iTLS-Enso,11702,09/09/2020, 09:08:59,404
SKGTLSE12,iTLS-Enso,11702,09/09/2020, 10:08:56,404
SKGTLSE12,iTLS-Enso,11702,09/09/2020, 11:08:33,404
SKGTLSE12,iTLS-Enso,11702,09/09/2020, 12:11:32,404
SKGTLSE12,iTLS-Enso,11702,09/09/2020, 13:08:43,404
SKGTLSE12,iTLS-Enso,11702,09/09/2020, 14:09:46,404
SKGTLSE12,iTLS-Enso,11702,09/09/2020, 15:08:55,404
SKGTLSE12,iTLS-Enso,11702,09/09/2020, 16:09:29,404
SKGTLSE12,iTLS-Enso,11702,09/09/2020, 17:08:36,404
SKGTLSE12,iTLS-Enso,11702,09/09/2020, 18:09:36,404
SKGTLSE12,iTLS-Enso,11702,09/09/2020, 19:08:16,404
SKGTLSE12,iTLS-Enso,11704,09/09/2020, 20:09:14,404
SKGTLSE12,iTLS-Enso,11704,09/09/2020, 21:08:26,404
SKGTLSE12,iTLS-Enso,11707,09/09/2020, 22:08:36,404
SKGTLSE12,iTLS-Enso,11708,09/09/2020, 23:08:12,404
SKGTLSE12,iTLS-Enso,11708,09/10/2020, 00:23:44,404
SKGTLSE12,iTLS-Enso,11708,09/10/2020, 01:11:24,404
SKGTLSE12,iTLS-Enso,11709,09/10/2020, 02:12:50,404
SKGTLSE12,iTLS-Enso,11709,09/10/2020, 03:08:45,404
SKGTLSE12,iTLS-Enso,11710,09/10/2020, 04:09:22,404
SKGTLSE12,iTLS-Enso,11710,09/10/2020, 05:08:55,404
SKGTLSE12,iTLS-Enso,11710,09/10/2020, 06:09:37,404
SKGTLSE12,iTLS-Enso,11710,09/10/2020, 07:08:49,404
SKGTLSE12,iTLS-Enso,11710,09/10/2020, 08:09:15,404
SKGTLSE12,iTLS-Enso,11711,09/10/2020, 09:08:50,404
SKGTLSE12,iTLS-Enso,11711,09/10/2020, 10:08:46,404
SKGTLSE12,iTLS-Enso,11711,09/10/2020, 11:08:02,404
SKGTLSE12,iTLS-Enso,11712,09/10/2020, 12:11:29,404
SKGTLSE12,iTLS-Enso,11712,09/10/2020, 13:08:26,404
SKGTLSE12,iTLS-Enso,11712,09/10/2020, 14:09:32,404
SKGTLSE12,iTLS-Enso,11712,09/10/2020, 15:09:02,404
SKGTLSE12,iTLS-Enso,11712,09/10/2020, 16:13:24,404
SKGTLSE12,iTLS-Enso,11712,09/10/2020, 17:08:41,404
SKGTLSE12,iTLS-Enso,11713,09/10/2020, 18:09:21,404
SKGTLSE12,iTLS-Enso,11713,09/10/2020, 19:08:11,404
SKGTLSE12,iTLS-Enso,11715,09/10/2020, 20:09:28,404
SKGTLSE12,iTLS-Enso,11715,09/10/2020, 21:08:38,404
SKGTLSE12,iTLS-Enso,11715,09/10/2020, 22:08:46,404
SKGTLSE12,iTLS-Enso,11715,09/10/2020, 23:08:00,404
SKGTLSE12,iTLS-Enso,11716,09/11/2020, 00:24:08,404
SKGTLSE12,iTLS-Enso,11716,09/11/2020, 01:11:45,404
SKGTLSE12,iTLS-Enso,11716,09/11/2020, 02:09:38,404
SKGTLSE12,iTLS-Enso,11717,09/11/2020, 03:08:43,404
SKGTLSE12,iTLS-Enso,11717,09/11/2020, 04:09:17,404
SKGTLSE12,iTLS-Enso,11717,09/11/2020, 05:08:26,404
SKGTLSE12,iTLS-Enso,11717,09/11/2020, 06:09:57,404
SKGTLSE12,iTLS-Enso,11717,09/11/2020, 07:08:37,404
SKGTLSE12,iTLS-Enso,11717,09/11/2020, 08:09:50,404
SKGTLSE12,iTLS-Enso,11717,09/11/2020, 09:08:43,404
SKGTLSE12,iTLS-Enso,11718,09/11/2020, 10:09:01,404
SKGTLSE12,iTLS-Enso,11718,09/11/2020, 11:07:57,404
SKGTLSE12,iTLS-Enso,11718,09/11/2020, 12:17:31,404
SKGTLSE12,iTLS-Enso,11718,09/11/2020, 13:08:18,404
SKGTLSE12,iTLS-Enso,11718,09/11/2020, 14:09:20,404
SKGTLSE12,iTLS-Enso,11718,09/11/2020, 15:08:49,404
SKGTLSE12,iTLS-Enso,11718,09/11/2020, 16:09:14,404
SKGTLSE12,iTLS-Enso,11719,09/11/2020, 17:08:30,404
SKGTLSE12,iTLS-Enso,11719,09/11/2020, 18:09:05,404
SKGTLSE12,iTLS-Enso,11719,09/11/2020, 19:08:04,404
SKGTLSE12,iTLS-Enso,11719,09/11/2020, 20:09:36,404
SKGTLSE12,iTLS-Enso,11719,09/11/2020, 21:08:40,404
SKGTLSE12,iTLS-Enso,11719,09/11/2020, 22:08:41,404
SKGTLSE12,iTLS-Enso,11719,09/11/2020, 23:08:02,404
SKGTLSE12,iTLS-Enso,11719,09/12/2020, 00:24:03,404
SKGTLSE12,iTLS-Enso,11719,09/12/2020, 01:12:51,404
SKGTLSE12,iTLS-Enso,11719,09/12/2020, 02:09:29,404
SKGTLSE12,iTLS-Enso,11719,09/12/2020, 03:08:58,404
SKGTLSE12,iTLS-Enso,11719,09/12/2020, 04:09:02,404
SKGTLSE12,iTLS-Enso,11719,09/12/2020, 05:08:17,404
SKGTLSE12,iTLS-Enso,11719,09/12/2020, 06:09:58,404
SKGTLSE12,iTLS-Enso,11719,09/12/2020, 07:08:38,404
SKGTLSE12,iTLS-Enso,11719,09/12/2020, 08:09:15,404
SKGTLSE12,iTLS-Enso,11719,09/12/2020, 09:08:19,404
SKGTLSE12,iTLS-Enso,11719,09/12/2020, 10:08:45,404
SKGTLSE12,iTLS-Enso,11719,09/12/2020, 11:09:24,404
SKGTLSE12,iTLS-Enso,11719,09/12/2020, 12:11:18,404
SKGTLSE12,iTLS-Enso,11719,09/12/2020, 13:08:07,404
SKGTLSE12,iTLS-Enso,11719,09/12/2020, 14:08:59,404
SKGTLSE12,iTLS-Enso,11719,09/12/2020, 15:08:21,404
SKGTLSE12,iTLS-Enso,11719,09/12/2020, 16:09:08,404
SKGTLSE12,iTLS-Enso,11719,09/12/2020, 17:08:04,404
SKGTLSE12,iTLS-Enso,11719,09/12/2020, 18:09:26,404
SKGTLSE12,iTLS-Enso,11719,09/12/2020, 19:08:11,404
SKGTLSE12,iTLS-Enso,11720,09/12/2020, 20:09:38,404
SKGTLSE12,iTLS-Enso,11720,09/12/2020, 21:08:19,404
SKGTLSE12,iTLS-Enso,11721,09/12/2020, 22:08:39,404
SKGTLSE12,iTLS-Enso,11721,09/12/2020, 23:08:10,404
SKGTLSE12,iTLS-Enso,11721,09/13/2020, 00:25:21,404
SKGTLSE12,iTLS-Enso,11721,09/13/2020, 01:14:44,404
SKGTLSE12,iTLS-Enso,11721,09/13/2020, 02:09:35,404
SKGTLSE12,iTLS-Enso,11721,09/13/2020, 03:09:02,404
SKGTLSE12,iTLS-Enso,11722,09/13/2020, 04:09:00,404
SKGTLSE12,iTLS-Enso,11722,09/13/2020, 05:08:19,404
SKGTLSE12,iTLS-Enso,11723,09/13/2020, 06:09:46,404
SKGTLSE12,iTLS-Enso,11723,09/13/2020, 07:08:44,404
SKGTLSE12,iTLS-Enso,11724,09/13/2020, 08:09:13,404
SKGTLSE12,iTLS-Enso,11724,09/13/2020, 09:08:44,404
SKGTLSE12,iTLS-Enso,11724,09/13/2020, 10:08:52,404
SKGTLSE12,iTLS-Enso,11724,09/13/2020, 11:08:22,404
SKGTLSE12,iTLS-Enso,11724,09/13/2020, 12:11:35,404
SKGTLSE12,iTLS-Enso,11725,09/13/2020, 13:08:10,404
SKGTLSE12,iTLS-Enso,11725,09/13/2020, 14:09:13,404
SKGTLSE12,iTLS-Enso,11726,09/13/2020, 15:08:42,404
SKGTLSE12,iTLS-Enso,11727,09/13/2020, 16:09:20,404
SKGTLSE12,iTLS-Enso,11727,09/13/2020, 17:08:18,404
SKGTLSE12,iTLS-Enso,11727,09/13/2020, 18:09:22,404
SKGTLSE12,iTLS-Enso,11727,09/13/2020, 19:08:23,404
SKGTLSE12,iTLS-Enso,11727,09/13/2020, 20:09:30,404
SKGTLSE12,iTLS-Enso,11727,09/13/2020, 21:08:32,404
SKGTLSE12,iTLS-Enso,11729,09/13/2020, 22:08:33,404
SKGTLSE12,iTLS-Enso,11730,09/13/2020, 23:08:03,404
SKGTLSE12,iTLS-Enso,11730,09/14/2020, 00:24:38,404
SKGTLSE12,iTLS-Enso,11730,09/14/2020, 01:14:20,404
SKGTLSE12,iTLS-Enso,11730,09/14/2020, 02:09:51,404
SKGTLSE12,iTLS-Enso,11730,09/14/2020, 03:08:55,404
SKGTLSE12,iTLS-Enso,11730,09/14/2020, 04:09:29,404
SKGTLSE12,iTLS-Enso,11730,09/14/2020, 05:08:33,404
SKGTLSE12,iTLS-Enso,11732,09/14/2020, 06:09:51,404
SKGTLSE12,iTLS-Enso,11733,09/14/2020, 07:08:53,404
SKGTLSE12,iTLS-Enso,11734,09/14/2020, 08:09:48,404
SKGTLSE12,iTLS-Enso,11734,09/14/2020, 09:08:44,404
SKGTLSE12,iTLS-Enso,11734,09/14/2020, 10:09:01,404
SKGTLSE12,iTLS-Enso,11734,09/14/2020, 11:08:06,404
SKGTLSE12,iTLS-Enso,11734,09/14/2020, 12:11:30,404
SKGTLSE12,iTLS-Enso,11735,09/14/2020, 13:08:53,404
SKGTLSE12,iTLS-Enso,11735,09/14/2020, 14:09:21,404
SKGTLSE12,iTLS-Enso,11736,09/14/2020, 15:08:55,404
SKGTLSE12,iTLS-Enso,11737,09/14/2020, 16:09:17,404
SKGTLSE12,iTLS-Enso,11738,09/14/2020, 17:08:31,404
SKGTLSE12,iTLS-Enso,11741,09/14/2020, 18:09:32,404
SKGTLSE12,iTLS-Enso,11741,09/14/2020, 19:08:13,404
SKGTLSE12,iTLS-Enso,11741,09/14/2020, 20:09:45,404
SKGTLSE12,iTLS-Enso,11741,09/14/2020, 21:08:52,404
SKGTLSE12,iTLS-Enso,11741,09/14/2020, 22:08:21,404
SKGTLSE12,iTLS-Enso,11741,09/14/2020, 23:08:13,404
SKGTLSE12,iTLS-Enso,11741,09/15/2020, 00:24:28,404
SKGTLSE12,iTLS-Enso,11741,09/15/2020, 01:14:10,404
SKGTLSE12,iTLS-Enso,11741,09/15/2020, 02:10:06,404
SKGTLSE12,iTLS-Enso,11741,09/15/2020, 03:08:59,404
SKGTLSE12,iTLS-Enso,11741,09/15/2020, 04:09:32,404
SKGTLSE12,iTLS-Enso,11742,09/15/2020, 05:08:26,404
SKGTLSE12,iTLS-Enso,11742,09/15/2020, 06:09:41,404
SKGTLSE12,iTLS-Enso,11744,09/15/2020, 07:08:48,404
SKGTLSE12,iTLS-Enso,11744,09/15/2020, 08:09:57,404
SKGTLSE12,iTLS-Enso,11744,09/15/2020, 09:08:56,404
SKGTLSE12,iTLS-Enso,11744,09/15/2020, 10:08:55,404
SKGTLSE12,iTLS-Enso,11745,09/15/2020, 11:08:25,404
SKGTLSE12,iTLS-Enso,11746,09/15/2020, 12:11:27,404
SKGTLSE12,iTLS-Enso,11746,09/15/2020, 13:08:40,404
SKGTLSE12,iTLS-Enso,11747,09/15/2020, 14:09:40,404
SKGTLSE12,iTLS-Enso,11748,09/15/2020, 15:08:55,404
SKGTLSE12,iTLS-Enso,11749,09/15/2020, 16:09:25,404
SKGTLSE12,iTLS-Enso,11749,09/15/2020, 17:08:30,404
SKGTLSE12,iTLS-Enso,11749,09/15/2020, 18:09:20,404
SKGTLSE12,iTLS-Enso,11749,09/15/2020, 19:08:06,404
SKGTLSE12,iTLS-Enso,11750,09/15/2020, 20:09:22,404
SKGTLSE12,iTLS-Enso,11752,09/15/2020, 21:08:09,404
SKGTLSE12,iTLS-Enso,11752,09/15/2020, 22:08:42,404
SKGTLSE12,iTLS-Enso,11752,09/15/2020, 23:08:26,404
SKGTLSE12,iTLS-Enso,11753,09/16/2020, 00:24:19,404
SKGTLSE12,iTLS-Enso,11753,09/16/2020, 01:14:05,404
SKGTLSE12,iTLS-Enso,11753,09/16/2020, 02:09:34,404
SKGTLSE12,iTLS-Enso,11755,09/16/2020, 03:08:47,404
SKGTLSE12,iTLS-Enso,11755,09/16/2020, 04:09:25,404
SKGTLSE12,iTLS-Enso,11755,09/16/2020, 05:08:58,404
SKGTLSE12,iTLS-Enso,11755,09/16/2020, 06:09:45,404
SKGTLSE12,iTLS-Enso,11756,09/16/2020, 07:08:59,404
SKGTLSE12,iTLS-Enso,11758,09/16/2020, 08:09:40,404
SKGTLSE12,iTLS-Enso,11758,09/16/2020, 09:08:51,404
SKGTLSE12,iTLS-Enso,11760,09/16/2020, 10:08:44,404
SKGTLSE12,iTLS-Enso,11760,09/16/2020, 11:08:24,404
SKGTLSE12,iTLS-Enso,11761,09/16/2020, 12:11:34,404
SKGTLSE12,iTLS-Enso,11761,09/16/2020, 13:08:35,404
SKGTLSE12,iTLS-Enso,11763,09/16/2020, 14:09:30,404
SKGTLSE12,iTLS-Enso,11763,09/16/2020, 15:08:48,404
SKGTLSE12,iTLS-Enso,11763,09/16/2020, 16:09:32,404
SKGTLSE12,iTLS-Enso,11763,09/16/2020, 17:08:42,404
SKGTLSE12,iTLS-Enso,11763,09/16/2020, 18:09:32,404
SKGTLSE12,iTLS-Enso,11763,09/16/2020, 19:08:05,404
SKGTLSE12,iTLS-Enso,11763,09/16/2020, 20:09:40,404
SKGTLSE12,iTLS-Enso,11763,09/16/2020, 21:08:49,404
SKGTLSE12,iTLS-Enso,11764,09/16/2020, 22:08:35,404
SKGTLSE12,iTLS-Enso,11764,09/16/2020, 23:08:13,404
SKGTLSE12,iTLS-Enso,11764,09/17/2020, 00:24:53,404
SKGTLSE12,iTLS-Enso,11764,09/17/2020, 01:14:36,404
SKGTLSE12,iTLS-Enso,11764,09/17/2020, 02:09:49,404
SKGTLSE12,iTLS-Enso,11764,09/17/2020, 03:08:45,404
SKGTLSE12,iTLS-Enso,11764,09/17/2020, 04:09:23,404
SKGTLSE12,iTLS-Enso,11764,09/17/2020, 05:08:53,404
SKGTLSE12,iTLS-Enso,11766,09/17/2020, 06:09:50,404
SKGTLSE12,iTLS-Enso,11766,09/17/2020, 07:08:54,404
SKGTLSE12,iTLS-Enso,11767,09/17/2020, 08:09:45,404
SKGTLSE12,iTLS-Enso,11767,09/17/2020, 09:08:54,404
SKGTLSE12,iTLS-Enso,11767,09/17/2020, 10:08:56,404
SKGTLSE12,iTLS-Enso,11767,09/17/2020, 11:08:12,404
SKGTLSE12,iTLS-Enso,11769,09/17/2020, 12:12:05,404
SKGTLSE12,iTLS-Enso,11769,09/17/2020, 13:08:40,404
SKGTLSE12,iTLS-Enso,11769,09/17/2020, 14:09:46,404
SKGTLSE12,iTLS-Enso,11771,09/17/2020, 15:08:59,404
SKGTLSE12,iTLS-Enso,11771,09/17/2020, 16:09:04,404
SKGTLSE12,iTLS-Enso,11772,09/17/2020, 17:08:46,404
SKGTLSE12,iTLS-Enso,11773,09/17/2020, 18:09:39,404
SKGTLSE12,iTLS-Enso,11773,09/17/2020, 19:08:16,404
SKGTLSE12,iTLS-Enso,11773,09/17/2020, 20:09:36,404
SKGTLSE12,iTLS-Enso,11773,09/17/2020, 21:08:58,404
SKGTLSE12,iTLS-Enso,11775,09/17/2020, 22:08:40,404
SKGTLSE12,iTLS-Enso,11775,09/17/2020, 23:08:19,404
SKGTLSE12,iTLS-Enso,11775,09/18/2020, 00:25:06,404
SKGTLSE12,iTLS-Enso,11775,09/18/2020, 01:14:52,404
SKGTLSE12,iTLS-Enso,11775,09/18/2020, 02:09:57,404
SKGTLSE12,iTLS-Enso,11776,09/18/2020, 03:08:37,404
SKGTLSE12,iTLS-Enso,11776,09/18/2020, 04:09:40,404
SKGTLSE12,iTLS-Enso,11776,09/18/2020, 05:08:50,404
SKGTLSE12,iTLS-Enso,11776,09/18/2020, 06:09:57,404
SKGTLSE12,iTLS-Enso,11776,09/18/2020, 07:08:40,404
SKGTLSE12,iTLS-Enso,11778,09/18/2020, 08:10:01,404
SKGTLSE12,iTLS-Enso,11778,09/18/2020, 09:08:57,404
SKGTLSE12,iTLS-Enso,11778,09/18/2020, 10:09:13,404
SKGTLSE12,iTLS-Enso,11778,09/18/2020, 11:08:28,404
SKGTLSE12,iTLS-Enso,11778,09/18/2020, 12:17:35,404
SKGTLSE12,iTLS-Enso,11779,09/18/2020, 13:08:20,404
SKGTLSE12,iTLS-Enso,11779,09/18/2020, 14:09:28,404
SKGTLSE12,iTLS-Enso,11781,09/18/2020, 15:09:07,404
SKGTLSE12,iTLS-Enso,11782,09/18/2020, 16:09:35,404
SKGTLSE12,iTLS-Enso,11782,09/18/2020, 17:08:32,404
SKGTLSE12,iTLS-Enso,11782,09/18/2020, 18:09:25,404
SKGTLSE12,iTLS-Enso,11782,09/18/2020, 19:08:05,404
SKGTLSE12,iTLS-Enso,11784,09/18/2020, 20:09:37,404
SKGTLSE12,iTLS-Enso,11784,09/18/2020, 21:08:49,404
SKGTLSE12,iTLS-Enso,11784,09/18/2020, 22:08:48,404
SKGTLSE12,iTLS-Enso,11784,09/18/2020, 23:08:20,404
SKGTLSE12,iTLS-Enso,11785,09/19/2020, 00:25:04,404
SKGTLSE12,iTLS-Enso,11786,09/19/2020, 01:14:38,404
SKGTLSE12,iTLS-Enso,11786,09/19/2020, 02:09:43,404
SKGTLSE12,iTLS-Enso,11787,09/19/2020, 03:09:09,404
SKGTLSE12,iTLS-Enso,11787,09/19/2020, 04:09:13,404
SKGTLSE12,iTLS-Enso,11787,09/19/2020, 05:08:51,404
SKGTLSE12,iTLS-Enso,11787,09/19/2020, 06:09:57,404
SKGTLSE12,iTLS-Enso,11787,09/19/2020, 07:08:50,404
SKGTLSE12,iTLS-Enso,11787,09/19/2020, 08:09:23,404
SKGTLSE12,iTLS-Enso,11787,09/19/2020, 09:08:26,404
SKGTLSE12,iTLS-Enso,11787,09/19/2020, 10:08:31,404
SKGTLSE12,iTLS-Enso,11787,09/19/2020, 11:08:04,404
SKGTLSE12,iTLS-Enso,11787,09/19/2020, 12:11:45,404
SKGTLSE12,iTLS-Enso,11788,09/19/2020, 13:08:40,404
SKGTLSE12,iTLS-Enso,11788,09/19/2020, 14:09:26,404
SKGTLSE12,iTLS-Enso,11788,09/19/2020, 15:08:54,404
SKGTLSE12,iTLS-Enso,11789,09/19/2020, 16:09:33,404
SKGTLSE12,iTLS-Enso,11789,09/19/2020, 17:08:28,404
SKGTLSE12,iTLS-Enso,11790,09/19/2020, 18:09:22,404
SKGTLSE12,iTLS-Enso,11790,09/19/2020, 19:08:04,404
SKGTLSE12,iTLS-Enso,11791,09/19/2020, 20:09:30,404
SKGTLSE12,iTLS-Enso,11791,09/19/2020, 21:08:33,404
SKGTLSE12,iTLS-Enso,11792,09/19/2020, 22:08:34,404
SKGTLSE12,iTLS-Enso,11792,09/19/2020, 23:08:05,404
SKGTLSE12,iTLS-Enso,11793,09/20/2020, 00:26:00,404
SKGTLSE12,iTLS-Enso,11795,09/20/2020, 01:16:52,404
SKGTLSE12,iTLS-Enso,11795,09/20/2020, 02:09:46,404
SKGTLSE12,iTLS-Enso,11798,09/20/2020, 03:08:49,404
SKGTLSE12,iTLS-Enso,11798,09/20/2020, 04:09:49,404
SKGTLSE12,iTLS-Enso,11798,09/20/2020, 05:08:33,404
SKGTLSE12,iTLS-Enso,11798,09/20/2020, 06:09:56,404
SKGTLSE12,iTLS-Enso,11798,09/20/2020, 07:09:07,404
SKGTLSE12,iTLS-Enso,11798,09/20/2020, 08:09:24,404
SKGTLSE12,iTLS-Enso,11799,09/20/2020, 09:08:45,404
SKGTLSE12,iTLS-Enso,11800,09/20/2020, 10:08:49,404
SKGTLSE12,iTLS-Enso,11800,09/20/2020, 11:08:13,404
SKGTLSE12,iTLS-Enso,11800,09/20/2020, 12:11:34,404
SKGTLSE12,iTLS-Enso,11801,09/20/2020, 13:08:35,404
SKGTLSE12,iTLS-Enso,11801,09/20/2020, 14:09:24,404
SKGTLSE12,iTLS-Enso,11802,09/20/2020, 15:09:06,404
SKGTLSE12,iTLS-Enso,11802,09/20/2020, 16:09:02,404
SKGTLSE12,iTLS-Enso,11802,09/20/2020, 17:08:49,404
SKGTLSE12,iTLS-Enso,11802,09/20/2020, 18:09:38,404
SKGTLSE12,iTLS-Enso,11802,09/20/2020, 19:08:19,404
SKGTLSE12,iTLS-Enso,11804,09/20/2020, 20:09:51,404
SKGTLSE12,iTLS-Enso,11804,09/20/2020, 21:09:03,404
SKGTLSE12,iTLS-Enso,11804,09/20/2020, 22:08:50,404
SKGTLSE12,iTLS-Enso,11805,09/20/2020, 23:08:32,404
SKGTLSE12,iTLS-Enso,11805,09/21/2020, 00:25:58,404
SKGTLSE12,iTLS-Enso,11806,09/21/2020, 01:16:44,404
SKGTLSE12,iTLS-Enso,11806,09/21/2020, 02:10:14,404
SKGTLSE12,iTLS-Enso,11806,09/21/2020, 03:08:53,404
SKGTLSE12,iTLS-Enso,11806,09/21/2020, 04:09:51,404
SKGTLSE12,iTLS-Enso,11806,09/21/2020, 05:08:37,404
SKGTLSE12,iTLS-Enso,11806,09/21/2020, 06:10:12,404
SKGTLSE12,iTLS-Enso,11806,09/21/2020, 07:09:05,404
SKGTLSE12,iTLS-Enso,11806,09/21/2020, 08:09:42,404
SKGTLSE12,iTLS-Enso,11806,09/21/2020, 09:09:30,404
SKGTLSE12,iTLS-Enso,11806,09/21/2020, 10:09:18,404
SKGTLSE12,iTLS-Enso,11807,09/21/2020, 11:08:04,404
SKGTLSE12,iTLS-Enso,11808,09/21/2020, 12:11:57,404
SKGTLSE12,iTLS-Enso,11808,09/21/2020, 13:08:43,404
SKGTLSE12,iTLS-Enso,11808,09/21/2020, 14:09:39,404
SKGTLSE12,iTLS-Enso,11808,09/21/2020, 15:09:19,404
SKGTLSE12,iTLS-Enso,11808,09/21/2020, 16:09:40,404
SKGTLSE12,iTLS-Enso,11808,09/21/2020, 17:08:26,404
SKGTLSE12,iTLS-Enso,11810,09/21/2020, 18:09:41,404
SKGTLSE12,iTLS-Enso,11810,09/21/2020, 19:08:23,404
SKGTLSE12,iTLS-Enso,11811,09/21/2020, 20:09:36,404
SKGTLSE12,iTLS-Enso,11811,09/21/2020, 21:09:01,404
SKGTLSE12,iTLS-Enso,11812,09/21/2020, 22:08:38,404
SKGTLSE12,iTLS-Enso,11812,09/21/2020, 23:08:39,404
SKGTLSE12,iTLS-Enso,11812,09/22/2020, 00:25:08,404
SKGTLSE12,iTLS-Enso,11813,09/22/2020, 01:16:17,404
SKGTLSE12,iTLS-Enso,11813,09/22/2020, 02:09:52,404
SKGTLSE12,iTLS-Enso,11813,09/22/2020, 03:08:46,404
SKGTLSE12,iTLS-Enso,11813,09/22/2020, 04:09:46,404
SKGTLSE12,iTLS-Enso,11813,09/22/2020, 05:08:44,404
SKGTLSE12,iTLS-Enso,11813,09/22/2020, 06:10:28,404
SKGTLSE12,iTLS-Enso,11813,09/22/2020, 07:09:21,404
SKGTLSE12,iTLS-Enso,11813,09/22/2020, 08:09:52,404
SKGTLSE12,iTLS-Enso,11813,09/22/2020, 09:09:00,404
SKGTLSE12,iTLS-Enso,11813,09/22/2020, 10:09:23,404
SKGTLSE12,iTLS-Enso,11813,09/22/2020, 11:08:30,404
SKGTLSE12,iTLS-Enso,11813,09/22/2020, 12:11:52,404
SKGTLSE12,iTLS-Enso,11814,09/22/2020, 13:09:09,404
SKGTLSE12,iTLS-Enso,11815,09/22/2020, 14:10:17,404
SKGTLSE12,iTLS-Enso,11815,09/22/2020, 15:10:08,404
SKGTLSE12,iTLS-Enso,11815,09/22/2020, 16:09:53,404
SKGTLSE12,iTLS-Enso,11815,09/22/2020, 17:08:31,404
SKGTLSE12,iTLS-Enso,11815,09/22/2020, 18:09:35,404
SKGTLSE12,iTLS-Enso,11815,09/22/2020, 19:08:27,404
SKGTLSE12,iTLS-Enso,11815,09/22/2020, 20:09:35,404
SKGTLSE12,iTLS-Enso,11815,09/22/2020, 21:08:58,404
SKGTLSE12,iTLS-Enso,11815,09/22/2020, 22:08:42,404
SKGTLSE12,iTLS-Enso,11815,09/22/2020, 23:08:33,404
SKGTLSE12,iTLS-Enso,11815,09/23/2020, 00:25:12,404
SKGTLSE12,iTLS-Enso,11815,09/23/2020, 01:16:04,404
SKGTLSE12,iTLS-Enso,11815,09/23/2020, 02:09:38,404
SKGTLSE12,iTLS-Enso,11816,09/23/2020, 03:09:17,404
SKGTLSE12,iTLS-Enso,11817,09/23/2020, 04:09:48,404
SKGTLSE12,iTLS-Enso,11817,09/23/2020, 05:08:34,404
SKGTLSE12,iTLS-Enso,11817,09/23/2020, 06:10:08,404
SKGTLSE12,iTLS-Enso,11817,09/23/2020, 07:09:20,404
SKGTLSE12,iTLS-Enso,11817,09/23/2020, 08:09:38,404
SKGTLSE12,iTLS-Enso,11817,09/23/2020, 09:09:01,404
SKGTLSE12,iTLS-Enso,11817,09/23/2020, 10:09:18,404
SKGTLSE12,iTLS-Enso,11817,09/23/2020, 11:08:39,404
SKGTLSE12,iTLS-Enso,11817,09/23/2020, 12:12:00,404
SKGTLSE12,iTLS-Enso,11817,09/23/2020, 13:08:49,404
SKGTLSE12,iTLS-Enso,11817,09/23/2020, 14:09:52,404
SKGTLSE12,iTLS-Enso,11817,09/23/2020, 15:09:22,404
SKGTLSE12,iTLS-Enso,11817,09/23/2020, 16:09:50,404
SKGTLSE12,iTLS-Enso,11817,09/23/2020, 17:08:35,404
SKGTLSE12,iTLS-Enso,11817,09/23/2020, 18:09:35,404
SKGTLSE12,iTLS-Enso,11817,09/23/2020, 19:08:31,404
SKGTLSE12,iTLS-Enso,11817,09/23/2020, 20:10:13,404
SKGTLSE12,iTLS-Enso,11817,09/23/2020, 21:09:03,404
SKGTLSE12,iTLS-Enso,11817,09/23/2020, 22:09:40,404
SKGTLSE12,iTLS-Enso,11817,09/23/2020, 23:08:28,404
SKGTLSE12,iTLS-Enso,11817,09/24/2020, 00:25:53,404
SKGTLSE12,iTLS-Enso,11817,09/24/2020, 01:18:14,404
SKGTLSE12,iTLS-Enso,11817,09/24/2020, 02:10:15,404
SKGTLSE12,iTLS-Enso,11817,09/24/2020, 03:08:50,404
SKGTLSE12,iTLS-Enso,11817,09/24/2020, 04:09:37,404
SKGTLSE12,iTLS-Enso,11817,09/24/2020, 05:08:42,404
SKGTLSE12,iTLS-Enso,11818,09/24/2020, 06:10:10,404
SKGTLSE12,iTLS-Enso,11818,09/24/2020, 07:09:25,404
SKGTLSE12,iTLS-Enso,11820,09/24/2020, 08:09:52,404
SKGTLSE12,iTLS-Enso,11821,09/24/2020, 09:09:35,404
SKGTLSE12,iTLS-Enso,11821,09/24/2020, 10:09:24,404
SKGTLSE12,iTLS-Enso,11821,09/24/2020, 11:08:42,404
SKGTLSE12,iTLS-Enso,11822,09/24/2020, 12:11:56,404
SKGTLSE12,iTLS-Enso,11822,09/24/2020, 13:08:53,404
SKGTLSE12,iTLS-Enso,11822,09/24/2020, 14:09:53,404
SKGTLSE12,iTLS-Enso,11822,09/24/2020, 15:09:10,404
SKGTLSE12,iTLS-Enso,11824,09/24/2020, 16:10:01,404
SKGTLSE12,iTLS-Enso,11824,09/24/2020, 17:08:51,404
SKGTLSE12,iTLS-Enso,11824,09/24/2020, 18:09:44,404
SKGTLSE12,iTLS-Enso,11825,09/24/2020, 19:08:17,404
SKGTLSE12,iTLS-Enso,11825,09/24/2020, 20:09:49,404
SKGTLSE12,iTLS-Enso,11825,09/24/2020, 21:08:57,404
SKGTLSE12,iTLS-Enso,11826,09/24/2020, 22:09:00,404
SKGTLSE12,iTLS-Enso,11827,09/24/2020, 23:08:32,404
SKGTLSE12,iTLS-Enso,11827,09/25/2020, 00:25:47,404
SKGTLSE12,iTLS-Enso,11828,09/25/2020, 01:17:41,404
SKGTLSE12,iTLS-Enso,11828,09/25/2020, 02:10:05,404
SKGTLSE12,iTLS-Enso,11828,09/25/2020, 03:08:59,404
SKGTLSE12,iTLS-Enso,11828,09/25/2020, 04:09:44,404
SKGTLSE12,iTLS-Enso,11828,09/25/2020, 05:08:55,404
SKGTLSE12,iTLS-Enso,11828,09/25/2020, 06:10:24,404
SKGTLSE12,iTLS-Enso,11828,09/25/2020, 07:09:09,404
SKGTLSE12,iTLS-Enso,11828,09/25/2020, 08:10:15,404
SKGTLSE12,iTLS-Enso,11828,09/25/2020, 09:09:09,404
SKGTLSE12,iTLS-Enso,11829,09/25/2020, 10:09:01,404
SKGTLSE12,iTLS-Enso,11829,09/25/2020, 11:08:28,404
SKGTLSE12,iTLS-Enso,11830,09/25/2020, 12:17:42,404
SKGTLSE12,iTLS-Enso,11830,09/25/2020, 13:08:45,404
SKGTLSE12,iTLS-Enso,11830,09/25/2020, 14:09:44,404
SKGTLSE12,iTLS-Enso,11831,09/25/2020, 15:09:02,404
SKGTLSE12,iTLS-Enso,11832,09/25/2020, 16:09:56,404
SKGTLSE12,iTLS-Enso,11832,09/25/2020, 17:08:41,404
SKGTLSE12,iTLS-Enso,11832,09/25/2020, 18:09:55,404
SKGTLSE12,iTLS-Enso,11832,09/25/2020, 19:08:36,404
SKGTLSE12,iTLS-Enso,11832,09/25/2020, 20:09:41,404
SKGTLSE12,iTLS-Enso,11832,09/25/2020, 21:09:19,404
SKGTLSE12,iTLS-Enso,11833,09/25/2020, 22:09:13,404
SKGTLSE12,iTLS-Enso,11833,09/25/2020, 23:09:02,404
SKGTLSE12,iTLS-Enso,11833,09/26/2020, 00:25:58,404
SKGTLSE12,iTLS-Enso,11833,09/26/2020, 01:16:41,404
SKGTLSE12,iTLS-Enso,11833,09/26/2020, 02:10:08,404
SKGTLSE12,iTLS-Enso,11833,09/26/2020, 03:09:16,404
SKGTLSE12,iTLS-Enso,11833,09/26/2020, 04:09:49,404
SKGTLSE12,iTLS-Enso,11833,09/26/2020, 05:08:46,404
SKGTLSE12,iTLS-Enso,11834,09/26/2020, 06:11:23,404
SKGTLSE12,iTLS-Enso,11835,09/26/2020, 07:09:04,404
SKGTLSE12,iTLS-Enso,11835,09/26/2020, 08:09:32,404
SKGTLSE12,iTLS-Enso,11836,09/26/2020, 09:09:06,404
SKGTLSE12,iTLS-Enso,11837,09/26/2020, 10:09:05,404
SKGTLSE12,iTLS-Enso,11837,09/26/2020, 11:08:34,404
SKGTLSE12,iTLS-Enso,11837,09/26/2020, 12:11:53,404
SKGTLSE12,iTLS-Enso,11837,09/26/2020, 13:08:35,404
SKGTLSE12,iTLS-Enso,11837,09/26/2020, 14:09:42,404
SKGTLSE12,iTLS-Enso,11837,09/26/2020, 15:08:44,404
SKGTLSE12,iTLS-Enso,11837,09/26/2020, 16:09:47,404
SKGTLSE12,iTLS-Enso,11837,09/26/2020, 17:08:35,404
SKGTLSE12,iTLS-Enso,11838,09/26/2020, 18:09:47,404
SKGTLSE12,iTLS-Enso,11838,09/26/2020, 19:08:22,404
SKGTLSE12,iTLS-Enso,11839,09/26/2020, 20:09:50,404
SKGTLSE12,iTLS-Enso,11841,09/26/2020, 21:08:54,404
SKGTLSE12,iTLS-Enso,11841,09/26/2020, 22:08:53,404
SKGTLSE12,iTLS-Enso,11841,09/26/2020, 23:08:20,404
SKGTLSE12,iTLS-Enso,11841,09/27/2020, 00:26:58,404
SKGTLSE12,iTLS-Enso,11841,09/27/2020, 01:19:51,404
SKGTLSE12,iTLS-Enso,11841,09/27/2020, 02:10:08,404
SKGTLSE12,iTLS-Enso,11841,09/27/2020, 03:09:09,404
SKGTLSE12,iTLS-Enso,11841,09/27/2020, 04:09:49,404
SKGTLSE12,iTLS-Enso,11841,09/27/2020, 05:09:02,404
SKGTLSE12,iTLS-Enso,11841,09/27/2020, 06:10:22,404
SKGTLSE12,iTLS-Enso,11841,09/27/2020, 07:09:02,404
SKGTLSE12,iTLS-Enso,11842,09/27/2020, 08:09:38,404
SKGTLSE12,iTLS-Enso,11843,09/27/2020, 09:09:17,404
SKGTLSE12,iTLS-Enso,11843,09/27/2020, 10:09:10,404
SKGTLSE12,iTLS-Enso,11843,09/27/2020, 11:08:45,404
SKGTLSE12,iTLS-Enso,11843,09/27/2020, 12:11:52,404
SKGTLSE12,iTLS-Enso,11843,09/27/2020, 13:08:28,404
SKGTLSE12,iTLS-Enso,11843,09/27/2020, 14:09:32,404
SKGTLSE12,iTLS-Enso,11843,09/27/2020, 15:08:37,404
SKGTLSE12,iTLS-Enso,11843,09/27/2020, 16:09:49,404
SKGTLSE12,iTLS-Enso,11845,09/27/2020, 17:08:45,404
SKGTLSE12,iTLS-Enso,11848,09/27/2020, 18:09:46,404
SKGTLSE12,iTLS-Enso,11849,09/27/2020, 19:08:39,404
SKGTLSE12,iTLS-Enso,11849,09/27/2020, 20:09:32,404
SKGTLSE12,iTLS-Enso,11850,09/27/2020, 21:09:09,404
SKGTLSE12,iTLS-Enso,11850,09/27/2020, 22:09:08,404
SKGTLSE12,iTLS-Enso,11850,09/27/2020, 23:08:37,404
SKGTLSE12,iTLS-Enso,11850,09/28/2020, 00:26:20,404
SKGTLSE12,iTLS-Enso,11850,09/28/2020, 01:19:05,404
SKGTLSE12,iTLS-Enso,11850,09/28/2020, 02:10:16,404
SKGTLSE12,iTLS-Enso,11850,09/28/2020, 03:09:09,404
SKGTLSE12,iTLS-Enso,11850,09/28/2020, 04:09:53,404
SKGTLSE12,iTLS-Enso,11850,09/28/2020, 05:09:06,404
SKGTLSE12,iTLS-Enso,11850,09/28/2020, 06:10:14,404
SKGTLSE12,iTLS-Enso,11851,09/28/2020, 07:09:29,404
SKGTLSE12,iTLS-Enso,11851,09/28/2020, 08:10:15,404
SKGTLSE12,iTLS-Enso,11852,09/28/2020, 09:09:11,404
SKGTLSE12,iTLS-Enso,11852,09/28/2020, 10:09:32,404
SKGTLSE12,iTLS-Enso,11853,09/28/2020, 11:08:34,404
SKGTLSE12,iTLS-Enso,11853,09/28/2020, 12:11:49,404
SKGTLSE12,iTLS-Enso,11853,09/28/2020, 13:09:09,404
SKGTLSE12,iTLS-Enso,11853,09/28/2020, 14:09:41,404
SKGTLSE12,iTLS-Enso,11853,09/28/2020, 15:09:38,404
SKGTLSE12,iTLS-Enso,11853,09/28/2020, 16:10:20,404
SKGTLSE12,iTLS-Enso,11854,09/28/2020, 17:08:39,404
SKGTLSE12,iTLS-Enso,11856,09/28/2020, 18:09:06,404
SKGTLSE12,iTLS-Enso,11856,09/28/2020, 19:08:45,404
SKGTLSE12,iTLS-Enso,11857,09/28/2020, 20:09:48,404
SKGTLSE12,iTLS-Enso,11857,09/28/2020, 21:09:12,404
SKGTLSE12,iTLS-Enso,11857,09/28/2020, 23:10:19,404
SKGTLSE12,iTLS-Enso,11857,09/29/2020, 00:26:16,404
SKGTLSE12,iTLS-Enso,11857,09/29/2020, 01:18:51,404
SKGTLSE12,iTLS-Enso,11857,09/29/2020, 02:10:24,404
SKGTLSE12,iTLS-Enso,11858,09/29/2020, 03:09:05,404
SKGTLSE12,iTLS-Enso,11859,09/29/2020, 04:09:57,404
SKGTLSE12,iTLS-Enso,11859,09/29/2020, 05:08:48,404
SKGTLSE12,iTLS-Enso,11859,09/29/2020, 06:10:33,404
SKGTLSE12,iTLS-Enso,11859,09/29/2020, 07:09:21,404
SKGTLSE12,iTLS-Enso,11859,09/29/2020, 08:10:19,404
SKGTLSE12,iTLS-Enso,11859,09/29/2020, 09:09:37,404
SKGTLSE12,iTLS-Enso,11859,09/29/2020, 10:09:48,404
SKGTLSE12,iTLS-Enso,11859,09/29/2020, 11:08:36,404
SKGTLSE12,iTLS-Enso,11859,09/29/2020, 12:12:13,404
SKGTLSE12,iTLS-Enso,11860,09/29/2020, 13:09:10,404
SKGTLSE12,iTLS-Enso,11860,09/29/2020, 14:12:19,404
SKGTLSE12,iTLS-Enso,11861,09/29/2020, 15:09:24,404
SKGTLSE12,iTLS-Enso,11861,09/29/2020, 16:10:37,404
SKGTLSE12,iTLS-Enso,11861,09/29/2020, 17:08:52,404
SKGTLSE12,iTLS-Enso,11861,09/29/2020, 18:09:47,404
SKGTLSE12,iTLS-Enso,11861,09/29/2020, 19:08:32,404
SKGTLSE12,iTLS-Enso,11862,09/29/2020, 20:10:01,404
SKGTLSE12,iTLS-Enso,11862,09/29/2020, 21:09:21,404
SKGTLSE12,iTLS-Enso,11862,09/29/2020, 22:09:19,404
SKGTLSE12,iTLS-Enso,11864,09/29/2020, 23:08:38,404
SKGTLSE12,iTLS-Enso,11864,09/30/2020, 00:26:15,404
SKGTLSE12,iTLS-Enso,11864,09/30/2020, 01:18:49,404
SKGTLSE12,iTLS-Enso,11865,09/30/2020, 02:10:20,404
SKGTLSE12,iTLS-Enso,11866,09/30/2020, 03:09:26,404
SKGTLSE12,iTLS-Enso,11867,09/30/2020, 04:10:22,404
SKGTLSE12,iTLS-Enso,11867,09/30/2020, 05:08:54,404
SKGTLSE12,iTLS-Enso,11869,09/30/2020, 06:11:24,404
SKGTLSE12,iTLS-Enso,11869,09/30/2020, 07:10:03,404
SKGTLSE12,iTLS-Enso,11869,09/30/2020, 08:10:17,404
SKGTLSE12,iTLS-Enso,11869,09/30/2020, 09:09:44,404
SKGTLSE12,iTLS-Enso,11869,09/30/2020, 10:09:41,404
SKGTLSE12,iTLS-Enso,11869,09/30/2020, 11:08:59,404
SKGTLSE12,iTLS-Enso,11869,09/30/2020, 12:12:19,404
SKGTLSE12,iTLS-Enso,11869,09/30/2020, 13:09:13,404
SKGTLSE12,iTLS-Enso,11870,09/30/2020, 14:10:06,404
SKGTLSE12,iTLS-Enso,11870,09/30/2020, 15:09:37,404
SKGTLSE12,iTLS-Enso,11870,09/30/2020, 16:10:39,404
SKGTLSE12,iTLS-Enso,11871,09/30/2020, 17:09:07,404
SKGTLSE12,iTLS-Enso,11871,09/30/2020, 18:09:58,404
SKGTLSE12,iTLS-Enso,11871,09/30/2020, 19:08:43,404
SKGTLSE12,iTLS-Enso,11872,09/30/2020, 20:10:06,404
SKGTLSE12,iTLS-Enso,11872,09/30/2020, 21:09:22,404
SKGTLSE12,iTLS-Enso,11872,09/30/2020, 22:09:19,404
SKGTLSE12,iTLS-Enso,11873,09/30/2020, 23:08:41,404
SKGTLSE12,iTLS-Enso,11873,10/01/2020, 00:27:05,404
SKGTLSE12,iTLS-Enso,11874,10/01/2020, 01:21:43,404
SKGTLSE12,iTLS-Enso,11874,10/01/2020, 02:10:30,404
SKGTLSE12,iTLS-Enso,11875,10/01/2020, 03:09:38,404
SKGTLSE12,iTLS-Enso,11875,10/01/2020, 04:10:28,404
SKGTLSE12,iTLS-Enso,11875,10/01/2020, 05:09:24,404
SKGTLSE12,iTLS-Enso,11876,10/01/2020, 06:10:32,404
SKGTLSE12,iTLS-Enso,11876,10/01/2020, 07:09:51,404
SKGTLSE12,iTLS-Enso,11876,10/01/2020, 08:10:28,404
SKGTLSE12,iTLS-Enso,11876,10/01/2020, 09:09:36,404
SKGTLSE12,iTLS-Enso,11877,10/01/2020, 10:09:41,404
SKGTLSE12,iTLS-Enso,11877,10/01/2020, 11:08:51,404
SKGTLSE12,iTLS-Enso,11877,10/01/2020, 12:12:20,404
SKGTLSE12,iTLS-Enso,11877,10/01/2020, 13:09:23,404
SKGTLSE12,iTLS-Enso,11878,10/01/2020, 14:10:28,404
SKGTLSE12,iTLS-Enso,11878,10/01/2020, 15:09:30,404
SKGTLSE12,iTLS-Enso,11878,10/01/2020, 16:10:36,404
SKGTLSE12,iTLS-Enso,11878,10/01/2020, 17:09:23,404
SKGTLSE12,iTLS-Enso,11878,10/01/2020, 18:10:14,404
SKGTLSE12,iTLS-Enso,11878,10/01/2020, 19:08:41,404
SKGTLSE12,iTLS-Enso,11878,10/01/2020, 20:10:08,404
SKGTLSE12,iTLS-Enso,11878,10/01/2020, 21:09:05,404
SKGTLSE12,iTLS-Enso,11878,10/01/2020, 22:09:35,404
SKGTLSE12,iTLS-Enso,11878,10/01/2020, 23:08:46,404
SKGTLSE12,iTLS-Enso,11878,10/02/2020, 00:25:36,404
SKGTLSE12,iTLS-Enso,11878,10/02/2020, 01:19:57,404
SKGTLSE12,iTLS-Enso,11878,10/02/2020, 02:10:34,404
SKGTLSE12,iTLS-Enso,11878,10/02/2020, 03:09:40,404
SKGTLSE12,iTLS-Enso,11878,10/02/2020, 04:10:51,404
SKGTLSE12,iTLS-Enso,11878,10/02/2020, 05:09:09,404
SKGTLSE12,iTLS-Enso,11878,10/02/2020, 06:11:32,404
SKGTLSE12,iTLS-Enso,11878,10/02/2020, 07:09:58,404
SKGTLSE12,iTLS-Enso,11878,10/02/2020, 08:11:02,404
SKGTLSE12,iTLS-Enso,11878,10/02/2020, 09:09:43,404
SKGTLSE12,iTLS-Enso,11880,10/02/2020, 10:09:58,404
SKGTLSE12,iTLS-Enso,11880,10/02/2020, 11:08:44,404
SKGTLSE12,iTLS-Enso,11880,10/02/2020, 12:17:37,404
SKGTLSE12,iTLS-Enso,11880,10/02/2020, 13:09:14,404
SKGTLSE12,iTLS-Enso,11883,10/02/2020, 14:10:02,404
SKGTLSE12,iTLS-Enso,11883,10/02/2020, 15:09:20,404
SKGTLSE12,iTLS-Enso,11883,10/02/2020, 16:10:47,404
SKGTLSE12,iTLS-Enso,11884,10/02/2020, 17:09:18,404
SKGTLSE12,iTLS-Enso,11884,10/02/2020, 18:10:25,404
SKGTLSE12,iTLS-Enso,11884,10/02/2020, 19:09:00,404
SKGTLSE12,iTLS-Enso,11886,10/02/2020, 20:10:09,404
SKGTLSE12,iTLS-Enso,11886,10/02/2020, 21:09:23,404
SKGTLSE12,iTLS-Enso,11886,10/02/2020, 22:09:48,404
SKGTLSE12,iTLS-Enso,11886,10/02/2020, 23:09:01,404
SKGTLSE12,iTLS-Enso,11886,10/03/2020, 00:26:44,404
SKGTLSE12,iTLS-Enso,11886,10/03/2020, 01:20:32,404
SKGTLSE12,iTLS-Enso,11887,10/03/2020, 02:10:35,404
SKGTLSE12,iTLS-Enso,11887,10/03/2020, 03:09:32,404
SKGTLSE12,iTLS-Enso,11887,10/03/2020, 04:10:38,404
SKGTLSE12,iTLS-Enso,11887,10/03/2020, 05:09:15,404
SKGTLSE12,iTLS-Enso,11888,10/03/2020, 06:10:28,404
SKGTLSE12,iTLS-Enso,11888,10/03/2020, 07:09:29,404
SKGTLSE12,iTLS-Enso,11888,10/03/2020, 08:10:06,404
SKGTLSE12,iTLS-Enso,11888,10/03/2020, 09:09:19,404
SKGTLSE12,iTLS-Enso,11888,10/03/2020, 10:09:52,404
SKGTLSE12,iTLS-Enso,11889,10/03/2020, 11:08:33,404
SKGTLSE12,iTLS-Enso,11890,10/03/2020, 12:12:02,404
SKGTLSE12,iTLS-Enso,11891,10/03/2020, 13:08:42,404
SKGTLSE12,iTLS-Enso,11891,10/03/2020, 14:10:05,404
SKGTLSE12,iTLS-Enso,11891,10/03/2020, 15:09:02,404
SKGTLSE12,iTLS-Enso,11891,10/03/2020, 16:10:36,404
SKGTLSE12,iTLS-Enso,11891,10/03/2020, 17:08:52,404
SKGTLSE12,iTLS-Enso,11891,10/03/2020, 18:10:12,404
SKGTLSE12,iTLS-Enso,11892,10/03/2020, 19:08:50,404
SKGTLSE12,iTLS-Enso,11892,10/03/2020, 20:10:17,404
SKGTLSE12,iTLS-Enso,11893,10/03/2020, 21:09:20,404
SKGTLSE12,iTLS-Enso,11894,10/03/2020, 22:09:29,404
SKGTLSE12,iTLS-Enso,11895,10/03/2020, 23:09:03,404
SKGTLSE12,iTLS-Enso,11896,10/04/2020, 00:27:45,404
SKGTLSE12,iTLS-Enso,11897,10/04/2020, 01:23:35,404
SKGTLSE12,iTLS-Enso,11897,10/04/2020, 02:10:49,404
SKGTLSE12,iTLS-Enso,11897,10/04/2020, 03:09:45,404
SKGTLSE12,iTLS-Enso,11898,10/04/2020, 04:10:31,404
SKGTLSE12,iTLS-Enso,11898,10/04/2020, 05:09:00,404
SKGTLSE12,iTLS-Enso,11898,10/04/2020, 06:10:33,404
SKGTLSE12,iTLS-Enso,11898,10/04/2020, 07:09:57,404
SKGTLSE12,iTLS-Enso,11898,10/04/2020, 08:10:28,404
SKGTLSE12,iTLS-Enso,11898,10/04/2020, 09:09:41,404
SKGTLSE12,iTLS-Enso,11899,10/04/2020, 10:10:00,404
SKGTLSE12,iTLS-Enso,11899,10/04/2020, 11:08:47,404
SKGTLSE12,iTLS-Enso,11899,10/04/2020, 12:12:21,404
SKGTLSE12,iTLS-Enso,11899,10/04/2020, 13:08:59,404
SKGTLSE12,iTLS-Enso,11899,10/04/2020, 14:10:05,404
SKGTLSE12,iTLS-Enso,11899,10/04/2020, 15:09:11,404
SKGTLSE12,iTLS-Enso,11900,10/04/2020, 16:10:59,404
SKGTLSE12,iTLS-Enso,11900,10/04/2020, 17:09:00,404
SKGTLSE12,iTLS-Enso,11900,10/04/2020, 18:10:05,404
SKGTLSE12,iTLS-Enso,11900,10/04/2020, 19:09:09,404
SKGTLSE12,iTLS-Enso,11900,10/04/2020, 20:10:18,404
SKGTLSE12,iTLS-Enso,11900,10/04/2020, 21:09:23,404
SKGTLSE12,iTLS-Enso,11900,10/04/2020, 22:09:36,404
SKGTLSE12,iTLS-Enso,11901,10/04/2020, 23:09:05,404
SKGTLSE12,iTLS-Enso,11901,10/05/2020, 00:27:22,404
SKGTLSE12,iTLS-Enso,11901,10/05/2020, 01:23:17,404
SKGTLSE12,iTLS-Enso,11901,10/05/2020, 02:10:43,404
SKGTLSE12,iTLS-Enso,11901,10/05/2020, 03:09:41,404
SKGTLSE12,iTLS-Enso,11901,10/05/2020, 04:10:55,404
SKGTLSE12,iTLS-Enso,11901,10/05/2020, 05:09:10,404
SKGTLSE12,iTLS-Enso,11902,10/05/2020, 06:11:02,404
SKGTLSE12,iTLS-Enso,11902,10/05/2020, 07:09:48,404
SKGTLSE12,iTLS-Enso,11902,10/05/2020, 08:10:44,404
SKGTLSE12,iTLS-Enso,11902,10/05/2020, 09:09:43,404
SKGTLSE12,iTLS-Enso,11902,10/05/2020, 10:10:14,404
SKGTLSE12,iTLS-Enso,11902,10/05/2020, 11:09:07,404
SKGTLSE12,iTLS-Enso,11903,10/05/2020, 12:12:57,404
SKGTLSE12,iTLS-Enso,11904,10/05/2020, 13:09:36,404
SKGTLSE12,iTLS-Enso,11904,10/05/2020, 14:10:42,404
SKGTLSE12,iTLS-Enso,11904,10/05/2020, 15:09:45,404
SKGTLSE12,iTLS-Enso,11904,10/05/2020, 16:11:25,404
SKGTLSE12,iTLS-Enso,11904,10/05/2020, 17:09:20,404
SKGTLSE12,iTLS-Enso,11904,10/05/2020, 18:10:34,404
SKGTLSE12,iTLS-Enso,11904,10/05/2020, 19:09:04,404
SKGTLSE12,iTLS-Enso,11904,10/05/2020, 20:10:19,404
SKGTLSE12,iTLS-Enso,11906,10/05/2020, 21:09:20,404
SKGTLSE12,iTLS-Enso,11906,10/05/2020, 22:09:49,404
SKGTLSE12,iTLS-Enso,11906,10/05/2020, 23:08:59,404
SKGTLSE12,iTLS-Enso,11906,10/06/2020, 00:27:15,404
SKGTLSE12,iTLS-Enso,11906,10/06/2020, 01:22:43,404
SKGTLSE12,iTLS-Enso,11907,10/06/2020, 02:10:56,404
SKGTLSE12,iTLS-Enso,11908,10/06/2020, 03:09:50,404
SKGTLSE12,iTLS-Enso,11908,10/06/2020, 04:10:58,404
SKGTLSE12,iTLS-Enso,11908,10/06/2020, 05:09:40,404
SKGTLSE12,iTLS-Enso,11908,10/06/2020, 06:11:02,404
SKGTLSE12,iTLS-Enso,11908,10/06/2020, 07:09:50,404
SKGTLSE12,iTLS-Enso,11908,10/06/2020, 08:17:16,404
SKGTLSE12,iTLS-Enso,11908,10/06/2020, 09:10:04,404
SKGTLSE12,iTLS-Enso,11909,10/06/2020, 10:10:23,404
SKGTLSE12,iTLS-Enso,11910,10/06/2020, 11:09:15,404
SKGTLSE12,iTLS-Enso,11910,10/06/2020, 12:12:51,404
SKGTLSE12,iTLS-Enso,11911,10/06/2020, 13:09:28,404
SKGTLSE12,iTLS-Enso,11912,10/06/2020, 14:13:35,404
SKGTLSE12,iTLS-Enso,11912,10/06/2020, 15:10:43,404
SKGTLSE12,iTLS-Enso,11913,10/06/2020, 16:11:28,404
SKGTLSE12,iTLS-Enso,11913,10/06/2020, 17:09:25,404
SKGTLSE12,iTLS-Enso,11914,10/06/2020, 18:10:29,404
SKGTLSE12,iTLS-Enso,11914,10/06/2020, 19:09:32,404
SKGTLSE12,iTLS-Enso,11914,10/06/2020, 20:10:43,404
SKGTLSE12,iTLS-Enso,11915,10/06/2020, 21:09:26,404
SKGTLSE12,iTLS-Enso,11915,10/06/2020, 22:10:02,404
SKGTLSE12,iTLS-Enso,11915,10/06/2020, 23:09:33,404
SKGTLSE12,iTLS-Enso,11916,10/07/2020, 00:27:33,404
SKGTLSE12,iTLS-Enso,11916,10/07/2020, 01:23:36,404
SKGTLSE12,iTLS-Enso,11916,10/07/2020, 02:10:33,404
SKGTLSE12,iTLS-Enso,11916,10/07/2020, 03:09:55,404
SKGTLSE12,iTLS-Enso,11916,10/07/2020, 04:10:42,404
SKGTLSE12,iTLS-Enso,11916,10/07/2020, 05:09:53,404
SKGTLSE12,iTLS-Enso,11916,10/07/2020, 06:11:11,404
SKGTLSE12,iTLS-Enso,11916,10/07/2020, 07:10:17,404
SKGTLSE12,iTLS-Enso,11916,10/07/2020, 08:13:44,404
SKGTLSE12,iTLS-Enso,11916,10/07/2020, 09:09:49,404
SKGTLSE12,iTLS-Enso,11916,10/07/2020, 10:10:19,404
SKGTLSE12,iTLS-Enso,11916,10/07/2020, 11:09:13,404
SKGTLSE12,iTLS-Enso,11916,10/07/2020, 12:13:06,404
SKGTLSE12,iTLS-Enso,11916,10/07/2020, 13:10:16,404
SKGTLSE12,iTLS-Enso,11917,10/07/2020, 14:11:09,404
SKGTLSE12,iTLS-Enso,11918,10/07/2020, 15:09:55,404
SKGTLSE12,iTLS-Enso,11919,10/07/2020, 16:11:33,404
SKGTLSE12,iTLS-Enso,11919,10/07/2020, 17:09:20,404
SKGTLSE12,iTLS-Enso,11920,10/07/2020, 18:10:20,404
SKGTLSE12,iTLS-Enso,11920,10/07/2020, 19:09:13,404
SKGTLSE12,iTLS-Enso,11920,10/07/2020, 20:10:16,404
SKGTLSE12,iTLS-Enso,11920,10/07/2020, 21:09:35,404
SKGTLSE12,iTLS-Enso,11920,10/07/2020, 22:08:39,404
SKGTLSE12,iTLS-Enso,11921,10/07/2020, 23:08:18,404
SKGTLSE12,iTLS-Enso,11921,10/08/2020, 00:23:02,404
SKGTLSE12,iTLS-Enso,11922,10/08/2020, 01:12:38,404
SKGTLSE12,iTLS-Enso,11922,10/08/2020, 02:09:18,404
SKGTLSE12,iTLS-Enso,11922,10/08/2020, 03:08:20,404
SKGTLSE12,iTLS-Enso,11922,10/08/2020, 04:09:30,404
SKGTLSE12,iTLS-Enso,11922,10/08/2020, 05:08:10,404
SKGTLSE12,iTLS-Enso,11923,10/08/2020, 06:09:36,404
SKGTLSE12,iTLS-Enso,11923,10/08/2020, 07:08:51,404
SKGTLSE12,iTLS-Enso,11924,10/08/2020, 08:09:05,404
SKGTLSE12,iTLS-Enso,11924,10/08/2020, 09:10:05,404
SKGTLSE12,iTLS-Enso,11924,10/08/2020, 10:10:31,404
SKGTLSE12,iTLS-Enso,11924,10/08/2020, 11:09:26,404
SKGTLSE12,iTLS-Enso,11924,10/08/2020, 12:13:08,404
SKGTLSE12,iTLS-Enso,11924,10/08/2020, 13:09:59,404
SKGTLSE12,iTLS-Enso,11924,10/08/2020, 14:10:55,404
SKGTLSE12,iTLS-Enso,11924,10/08/2020, 15:10:18,404
SKGTLSE12,iTLS-Enso,11924,10/08/2020, 16:11:46,404
SKGTLSE12,iTLS-Enso,11924,10/08/2020, 17:09:37,404
SKGTLSE12,iTLS-Enso,11924,10/08/2020, 18:10:29,404
SKGTLSE12,iTLS-Enso,11924,10/08/2020, 19:09:16,404
SKGTLSE12,iTLS-Enso,11925,10/08/2020, 20:10:31,404
SKGTLSE12,iTLS-Enso,11928,10/08/2020, 21:09:44,404
SKGTLSE12,iTLS-Enso,11928,10/08/2020, 22:10:13,404
SKGTLSE12,iTLS-Enso,11929,10/08/2020, 23:09:35,404
SKGTLSE12,iTLS-Enso,11929,10/09/2020, 00:27:30,404
SKGTLSE12,iTLS-Enso,11929,10/09/2020, 01:24:38,404
SKGTLSE12,iTLS-Enso,11929,10/09/2020, 02:10:34,404
SKGTLSE12,iTLS-Enso,11929,10/09/2020, 03:10:17,404
SKGTLSE12,iTLS-Enso,11929,10/09/2020, 04:11:19,404
SKGTLSE12,iTLS-Enso,11929,10/09/2020, 05:09:56,404
SKGTLSE12,iTLS-Enso,11929,10/09/2020, 06:13:10,404
SKGTLSE12,iTLS-Enso,11929,10/09/2020, 07:10:07,404
SKGTLSE12,iTLS-Enso,11929,10/09/2020, 08:11:53,404
SKGTLSE12,iTLS-Enso,11930,10/09/2020, 09:10:15,404
SKGTLSE12,iTLS-Enso,11930,10/09/2020, 10:10:33,404
SKGTLSE12,iTLS-Enso,11930,10/09/2020, 11:09:41,404
SKGTLSE12,iTLS-Enso,11930,10/09/2020, 12:18:19,404
SKGTLSE12,iTLS-Enso,11930,10/09/2020, 13:09:23,404
SKGTLSE12,iTLS-Enso,11930,10/09/2020, 14:10:35,404
SKGTLSE12,iTLS-Enso,11930,10/09/2020, 15:10:20,404
SKGTLSE12,iTLS-Enso,11930,10/09/2020, 16:12:02,404
SKGTLSE12,iTLS-Enso,11930,10/09/2020, 17:09:36,404
SKGTLSE12,iTLS-Enso,11930,10/09/2020, 18:10:28,404
SKGTLSE12,iTLS-Enso,11931,10/09/2020, 19:09:25,404
SKGTLSE12,iTLS-Enso,11931,10/09/2020, 20:10:52,404
SKGTLSE12,iTLS-Enso,11931,10/09/2020, 21:09:46,404
SKGTLSE12,iTLS-Enso,11932,10/09/2020, 22:23:47,404
SKGTLSE12,iTLS-Enso,11932,10/09/2020, 23:09:26,404
SKGTLSE12,iTLS-Enso,11932,10/10/2020, 00:27:47,404
SKGTLSE12,iTLS-Enso,11933,10/10/2020, 01:25:10,404
SKGTLSE12,iTLS-Enso,11933,10/10/2020, 02:12:06,404
SKGTLSE12,iTLS-Enso,11934,10/10/2020, 03:10:14,404
SKGTLSE12,iTLS-Enso,11934,10/10/2020, 04:13:42,404
SKGTLSE12,iTLS-Enso,11934,10/10/2020, 05:09:47,404
SKGTLSE12,iTLS-Enso,11934,10/10/2020, 06:11:00,404
SKGTLSE12,iTLS-Enso,11934,10/10/2020, 07:09:58,404
SKGTLSE12,iTLS-Enso,11934,10/10/2020, 08:10:58,404
SKGTLSE12,iTLS-Enso,11934,10/10/2020, 09:10:12,404
SKGTLSE12,iTLS-Enso,11935,10/10/2020, 10:10:07,404
SKGTLSE12,iTLS-Enso,11936,10/10/2020, 11:09:25,404
SKGTLSE12,iTLS-Enso,11937,10/10/2020, 12:13:09,404
SKGTLSE12,iTLS-Enso,11938,10/10/2020, 13:09:37,404
SKGTLSE12,iTLS-Enso,11938,10/10/2020, 14:10:37,404
SKGTLSE12,iTLS-Enso,11938,10/10/2020, 15:09:44,404
SKGTLSE12,iTLS-Enso,11939,10/10/2020, 16:11:33,404
SKGTLSE12,iTLS-Enso,11939,10/10/2020, 17:09:06,404
SKGTLSE12,iTLS-Enso,11940,10/10/2020, 18:10:44,404
SKGTLSE12,iTLS-Enso,11940,10/10/2020, 19:09:09,404
SKGTLSE12,iTLS-Enso,11941,10/10/2020, 20:10:28,404
SKGTLSE12,iTLS-Enso,11941,10/10/2020, 21:09:49,404
SKGTLSE12,iTLS-Enso,11942,10/10/2020, 22:10:09,404
SKGTLSE12,iTLS-Enso,11942,10/10/2020, 23:09:43,404
SKGTLSE12,iTLS-Enso,11943,10/11/2020, 00:29:12,404
SKGTLSE12,iTLS-Enso,11943,10/11/2020, 01:28:22,404
SKGTLSE12,iTLS-Enso,11943,10/11/2020, 02:11:30,404
SKGTLSE12,iTLS-Enso,11943,10/11/2020, 03:10:09,404
SKGTLSE12,iTLS-Enso,11943,10/11/2020, 04:11:14,404
SKGTLSE12,iTLS-Enso,11943,10/11/2020, 05:09:43,404
SKGTLSE12,iTLS-Enso,11944,10/11/2020, 06:11:24,404
SKGTLSE12,iTLS-Enso,11944,10/11/2020, 07:10:15,404
SKGTLSE12,iTLS-Enso,11944,10/11/2020, 08:11:16,404
SKGTLSE12,iTLS-Enso,11944,10/11/2020, 09:10:13,404
SKGTLSE12,iTLS-Enso,11944,10/11/2020, 10:10:26,404
SKGTLSE12,iTLS-Enso,11944,10/11/2020, 11:09:19,404
SKGTLSE12,iTLS-Enso,11944,10/11/2020, 12:13:01,404
SKGTLSE12,iTLS-Enso,11944,10/11/2020, 13:09:50,404
SKGTLSE12,iTLS-Enso,11945,10/11/2020, 14:10:22,404
SKGTLSE12,iTLS-Enso,11945,10/11/2020, 15:09:42,404
SKGTLSE12,iTLS-Enso,11946,10/11/2020, 16:11:37,404
SKGTLSE12,iTLS-Enso,11947,10/11/2020, 17:09:14,404
SKGTLSE12,iTLS-Enso,11947,10/11/2020, 18:10:50,404
SKGTLSE12,iTLS-Enso,11947,10/11/2020, 19:09:34,404
SKGTLSE12,iTLS-Enso,11947,10/11/2020, 20:10:26,404
SKGTLSE12,iTLS-Enso,11947,10/11/2020, 21:09:36,404
SKGTLSE12,iTLS-Enso,11947,10/11/2020, 22:10:16,404
SKGTLSE12,iTLS-Enso,11948,10/11/2020, 23:09:27,404
SKGTLSE12,iTLS-Enso,11948,10/12/2020, 00:28:50,404
SKGTLSE12,iTLS-Enso,11948,10/12/2020, 01:27:49,404
SKGTLSE12,iTLS-Enso,11949,10/12/2020, 02:11:24,404
SKGTLSE12,iTLS-Enso,11949,10/12/2020, 03:10:21,404
SKGTLSE12,iTLS-Enso,11950,10/12/2020, 04:11:17,404
SKGTLSE12,iTLS-Enso,11950,10/12/2020, 05:10:41,404
SKGTLSE12,iTLS-Enso,11950,10/12/2020, 06:12:00,404
SKGTLSE12,iTLS-Enso,11950,10/12/2020, 07:10:44,404
SKGTLSE12,iTLS-Enso,11950,10/12/2020, 08:11:46,404
SKGTLSE12,iTLS-Enso,11950,10/12/2020, 09:10:32,404
SKGTLSE12,iTLS-Enso,11950,10/12/2020, 10:10:50,404
SKGTLSE12,iTLS-Enso,11951,10/12/2020, 11:09:38,404
SKGTLSE12,iTLS-Enso,11952,10/12/2020, 12:13:31,404
SKGTLSE12,iTLS-Enso,11952,10/12/2020, 13:10:07,404
SKGTLSE12,iTLS-Enso,11952,10/12/2020, 14:10:50,404
SKGTLSE12,iTLS-Enso,11952,10/12/2020, 15:10:27,404
SKGTLSE12,iTLS-Enso,11952,10/12/2020, 16:12:08,404
SKGTLSE12,iTLS-Enso,11952,10/12/2020, 17:09:31,404
SKGTLSE12,iTLS-Enso,11952,10/12/2020, 18:10:57,404
SKGTLSE12,iTLS-Enso,11952,10/12/2020, 19:09:26,404
SKGTLSE12,iTLS-Enso,11952,10/12/2020, 20:10:48,404
SKGTLSE12,iTLS-Enso,11952,10/12/2020, 21:10:11,404
SKGTLSE12,iTLS-Enso,11952,10/12/2020, 22:10:19,404
SKGTLSE12,iTLS-Enso,11952,10/12/2020, 23:09:32,404
SKGTLSE12,iTLS-Enso,11952,10/13/2020, 00:28:45,404
SKGTLSE12,iTLS-Enso,11952,10/13/2020, 01:28:02,404
SKGTLSE12,iTLS-Enso,11952,10/13/2020, 02:11:37,404
SKGTLSE12,iTLS-Enso,11952,10/13/2020, 03:10:15,404
SKGTLSE12,iTLS-Enso,11952,10/13/2020, 04:11:31,404
SKGTLSE12,iTLS-Enso,11952,10/13/2020, 05:09:59,404
SKGTLSE12,iTLS-Enso,11953,10/13/2020, 06:11:36,404
SKGTLSE12,iTLS-Enso,11953,10/13/2020, 07:10:15,404
SKGTLSE12,iTLS-Enso,11953,10/13/2020, 08:12:10,404
SKGTLSE12,iTLS-Enso,11953,10/13/2020, 09:10:20,404
SKGTLSE12,iTLS-Enso,11955,10/13/2020, 10:10:54,404
SKGTLSE12,iTLS-Enso,11955,10/13/2020, 11:09:55,404
SKGTLSE12,iTLS-Enso,11955,10/13/2020, 12:13:57,404
SKGTLSE12,iTLS-Enso,11956,10/13/2020, 13:09:52,404
SKGTLSE12,iTLS-Enso,11957,10/13/2020, 14:14:01,404
SKGTLSE12,iTLS-Enso,11957,10/13/2020, 15:19:51,404
SKGTLSE12,iTLS-Enso,11958,10/13/2020, 16:12:36,404
SKGTLSE12,iTLS-Enso,11958,10/13/2020, 17:11:19,404
SKGTLSE12,iTLS-Enso,11959,10/13/2020, 18:11:02,404
SKGTLSE12,iTLS-Enso,11959,10/13/2020, 19:09:26,404
SKGTLSE12,iTLS-Enso,11959,10/13/2020, 20:10:58,404
SKGTLSE12,iTLS-Enso,11960,10/13/2020, 21:09:58,404
SKGTLSE12,iTLS-Enso,11960,10/13/2020, 22:10:19,404
SKGTLSE12,iTLS-Enso,11960,10/13/2020, 23:09:52,404
SKGTLSE12,iTLS-Enso,11960,10/14/2020, 00:28:50,404
SKGTLSE12,iTLS-Enso,11960,10/14/2020, 01:28:06,404
SKGTLSE12,iTLS-Enso,11960,10/14/2020, 02:11:44,404
SKGTLSE12,iTLS-Enso,11960,10/14/2020, 03:10:03,404
SKGTLSE12,iTLS-Enso,11960,10/14/2020, 04:11:34,404
SKGTLSE12,iTLS-Enso,11960,10/14/2020, 05:10:16,404
SKGTLSE12,iTLS-Enso,11960,10/14/2020, 06:12:02,404
SKGTLSE12,iTLS-Enso,11960,10/14/2020, 07:10:49,404
SKGTLSE12,iTLS-Enso,11960,10/14/2020, 08:11:47,404
SKGTLSE12,iTLS-Enso,11960,10/14/2020, 09:11:48,404
SKGTLSE12,iTLS-Enso,11960,10/14/2020, 10:11:11,404
SKGTLSE12,iTLS-Enso,11960,10/14/2020, 11:09:47,404
SKGTLSE12,iTLS-Enso,11960,10/14/2020, 12:13:37,404
SKGTLSE12,iTLS-Enso,11960,10/14/2020, 13:10:01,404
SKGTLSE12,iTLS-Enso,11960,10/14/2020, 14:11:42,404
SKGTLSE12,iTLS-Enso,11960,10/14/2020, 15:13:38,404
SKGTLSE12,iTLS-Enso,11960,10/14/2020, 16:13:47,404
SKGTLSE12,iTLS-Enso,11960,10/14/2020, 17:10:19,404
SKGTLSE12,iTLS-Enso,11960,10/14/2020, 18:11:23,404
SKGTLSE12,iTLS-Enso,11960,10/14/2020, 19:09:25,404
SKGTLSE12,iTLS-Enso,11960,10/14/2020, 20:10:59,404
SKGTLSE12,iTLS-Enso,11960,10/14/2020, 21:09:46,404
SKGTLSE12,iTLS-Enso,11960,10/14/2020, 22:10:16,404
SKGTLSE12,iTLS-Enso,11960,10/14/2020, 23:09:55,404
SKGTLSE12,iTLS-Enso,11961,10/15/2020, 00:29:09,404
SKGTLSE12,iTLS-Enso,11961,10/15/2020, 01:29:07,404
SKGTLSE12,iTLS-Enso,11961,10/15/2020, 02:11:18,404
SKGTLSE12,iTLS-Enso,11961,10/15/2020, 03:10:05,404
SKGTLSE12,iTLS-Enso,11961,10/15/2020, 04:11:55,404
SKGTLSE12,iTLS-Enso,11961,10/15/2020, 05:08:24,404
SKGTLSE12,iTLS-Enso,11961,10/15/2020, 06:11:49,404
SKGTLSE12,iTLS-Enso,11961,10/15/2020, 07:10:25,404
SKGTLSE12,iTLS-Enso,11961,10/15/2020, 08:12:37,404
SKGTLSE12,iTLS-Enso,11961,10/15/2020, 09:11:02,404
SKGTLSE12,iTLS-Enso,11961,10/15/2020, 10:10:54,404
SKGTLSE12,iTLS-Enso,11961,10/15/2020, 11:09:56,404
SKGTLSE12,iTLS-Enso,11961,10/15/2020, 12:13:54,404
SKGTLSE12,iTLS-Enso,11961,10/15/2020, 13:10:12,404
SKGTLSE12,iTLS-Enso,11961,10/15/2020, 14:12:17,404
SKGTLSE12,iTLS-Enso,11961,10/15/2020, 15:11:43,404
SKGTLSE12,iTLS-Enso,11962,10/15/2020, 16:12:54,404
SKGTLSE12,iTLS-Enso,11962,10/15/2020, 17:10:42,404
SKGTLSE12,iTLS-Enso,11962,10/15/2020, 18:11:02,404
SKGTLSE12,iTLS-Enso,11962,10/15/2020, 19:09:47,404
SKGTLSE12,iTLS-Enso,11964,10/15/2020, 20:11:03,404
SKGTLSE12,iTLS-Enso,11964,10/15/2020, 21:09:26,404
SKGTLSE12,iTLS-Enso,11964,10/15/2020, 22:10:24,404
SKGTLSE12,iTLS-Enso,11964,10/15/2020, 23:09:53,404
SKGTLSE12,iTLS-Enso,11965,10/16/2020, 00:29:35,404
SKGTLSE12,iTLS-Enso,11965,10/16/2020, 01:30:22,404
SKGTLSE12,iTLS-Enso,11966,10/16/2020, 02:11:25,404
SKGTLSE12,iTLS-Enso,11966,10/16/2020, 03:10:21,404
SKGTLSE12,iTLS-Enso,11967,10/16/2020, 04:12:21,404
SKGTLSE12,iTLS-Enso,11967,10/16/2020, 05:10:13,404
SKGTLSE12,iTLS-Enso,11967,10/16/2020, 06:11:42,404
SKGTLSE12,iTLS-Enso,11967,10/16/2020, 07:10:41,404
SKGTLSE12,iTLS-Enso,11967,10/16/2020, 08:12:14,404
SKGTLSE12,iTLS-Enso,11969,10/16/2020, 09:10:38,404
SKGTLSE12,iTLS-Enso,11970,10/16/2020, 10:10:59,404
SKGTLSE12,iTLS-Enso,11971,10/16/2020, 11:10:04,404
SKGTLSE12,iTLS-Enso,11971,10/16/2020, 12:18:56,404
SKGTLSE12,iTLS-Enso,11971,10/16/2020, 13:09:49,404
SKGTLSE12,iTLS-Enso,11971,10/16/2020, 14:11:38,404
SKGTLSE12,iTLS-Enso,11971,10/16/2020, 15:10:58,404
SKGTLSE12,iTLS-Enso,11971,10/16/2020, 16:12:58,404
SKGTLSE12,iTLS-Enso,11971,10/16/2020, 17:09:56,404
SKGTLSE12,iTLS-Enso,11971,10/16/2020, 18:11:13,404
SKGTLSE12,iTLS-Enso,11971,10/16/2020, 19:09:42,404
SKGTLSE12,iTLS-Enso,11971,10/16/2020, 20:10:53,404
SKGTLSE12,iTLS-Enso,11972,10/16/2020, 21:10:08,404
SKGTLSE12,iTLS-Enso,11972,10/16/2020, 22:10:16,404
SKGTLSE12,iTLS-Enso,11972,10/16/2020, 23:09:39,404
SKGTLSE12,iTLS-Enso,11972,10/17/2020, 00:29:30,404
SKGTLSE12,iTLS-Enso,11972,10/17/2020, 01:29:50,404
SKGTLSE12,iTLS-Enso,11972,10/17/2020, 02:11:12,404
SKGTLSE12,iTLS-Enso,11972,10/17/2020, 03:10:50,404
SKGTLSE12,iTLS-Enso,11973,10/17/2020, 04:11:58,404
SKGTLSE12,iTLS-Enso,11973,10/17/2020, 05:10:12,404
SKGTLSE12,iTLS-Enso,11973,10/17/2020, 06:11:33,404
SKGTLSE12,iTLS-Enso,11973,10/17/2020, 07:10:51,404
SKGTLSE12,iTLS-Enso,11974,10/17/2020, 08:11:34,404
SKGTLSE12,iTLS-Enso,11974,10/17/2020, 09:10:24,404
SKGTLSE12,iTLS-Enso,11975,10/17/2020, 10:10:51,404
SKGTLSE12,iTLS-Enso,11975,10/17/2020, 11:09:55,404
SKGTLSE12,iTLS-Enso,11975,10/17/2020, 12:13:20,404
SKGTLSE12,iTLS-Enso,11976,10/17/2020, 13:10:00,404
SKGTLSE12,iTLS-Enso,11976,10/17/2020, 14:10:45,404
SKGTLSE12,iTLS-Enso,11976,10/17/2020, 15:10:26,404
SKGTLSE12,iTLS-Enso,11976,10/17/2020, 16:12:57,404
SKGTLSE12,iTLS-Enso,11976,10/17/2020, 17:10:06,404
SKGTLSE12,iTLS-Enso,11978,10/17/2020, 18:11:07,404
SKGTLSE12,iTLS-Enso,11978,10/17/2020, 19:09:27,404
SKGTLSE12,iTLS-Enso,11978,10/17/2020, 20:10:44,404
SKGTLSE12,iTLS-Enso,11978,10/17/2020, 21:09:53,404
SKGTLSE12,iTLS-Enso,11979,10/17/2020, 22:10:16,404
SKGTLSE12,iTLS-Enso,11979,10/17/2020, 23:09:56,404
SKGTLSE12,iTLS-Enso,11979,10/18/2020, 00:30:27,404
SKGTLSE12,iTLS-Enso,11980,10/18/2020, 01:32:59,404
SKGTLSE12,iTLS-Enso,11980,10/18/2020, 02:11:13,404
SKGTLSE12,iTLS-Enso,11980,10/18/2020, 03:10:18,404
SKGTLSE12,iTLS-Enso,11980,10/18/2020, 04:11:36,404
SKGTLSE12,iTLS-Enso,11981,10/18/2020, 05:10:26,404
SKGTLSE12,iTLS-Enso,11982,10/18/2020, 06:11:40,404
SKGTLSE12,iTLS-Enso,11984,10/18/2020, 07:10:54,404
SKGTLSE12,iTLS-Enso,11984,10/18/2020, 08:11:50,404
SKGTLSE12,iTLS-Enso,11984,10/18/2020, 09:10:37,404
SKGTLSE12,iTLS-Enso,11984,10/18/2020, 10:10:45,404
SKGTLSE12,iTLS-Enso,11984,10/18/2020, 11:09:51,404
SKGTLSE12,iTLS-Enso,11986,10/18/2020, 12:13:32,404
SKGTLSE12,iTLS-Enso,11987,10/18/2020, 13:09:59,404
SKGTLSE12,iTLS-Enso,11988,10/18/2020, 14:10:59,404
SKGTLSE12,iTLS-Enso,11988,10/18/2020, 15:10:09,404
SKGTLSE12,iTLS-Enso,11988,10/18/2020, 16:13:03,404
SKGTLSE12,iTLS-Enso,11988,10/18/2020, 17:09:45,404
SKGTLSE12,iTLS-Enso,11988,10/18/2020, 18:10:56,404
SKGTLSE12,iTLS-Enso,11988,10/18/2020, 19:09:42,404
SKGTLSE12,iTLS-Enso,11988,10/18/2020, 20:10:59,404
SKGTLSE12,iTLS-Enso,11988,10/18/2020, 21:10:04,404
SKGTLSE12,iTLS-Enso,11988,10/18/2020, 22:10:28,404
SKGTLSE12,iTLS-Enso,11988,10/18/2020, 23:10:17,404
SKGTLSE12,iTLS-Enso,11988,10/19/2020, 00:30:26,404
SKGTLSE12,iTLS-Enso,11988,10/19/2020, 01:32:43,404
SKGTLSE12,iTLS-Enso,11988,10/19/2020, 02:11:10,404
SKGTLSE12,iTLS-Enso,11988,10/19/2020, 03:10:40,404
SKGTLSE12,iTLS-Enso,11988,10/19/2020, 04:11:42,404
SKGTLSE12,iTLS-Enso,11988,10/19/2020, 05:10:36,404
SKGTLSE12,iTLS-Enso,11989,10/19/2020, 06:12:19,404
SKGTLSE12,iTLS-Enso,11989,10/19/2020, 07:12:40,404
SKGTLSE12,iTLS-Enso,11989,10/19/2020, 08:12:39,404
SKGTLSE12,iTLS-Enso,11989,10/19/2020, 09:14:39,404
SKGTLSE12,iTLS-Enso,11989,10/19/2020, 10:11:27,404
SKGTLSE12,iTLS-Enso,11989,10/19/2020, 11:10:07,404
SKGTLSE12,iTLS-Enso,11989,10/19/2020, 12:14:21,404
SKGTLSE12,iTLS-Enso,11989,10/19/2020, 13:10:43,404
SKGTLSE12,iTLS-Enso,11989,10/19/2020, 14:11:31,404
SKGTLSE12,iTLS-Enso,11990,10/19/2020, 15:10:55,404
SKGTLSE12,iTLS-Enso,11990,10/19/2020, 16:13:24,404
SKGTLSE12,iTLS-Enso,11990,10/19/2020, 17:10:36,404
SKGTLSE12,iTLS-Enso,11990,10/19/2020, 18:11:30,404
SKGTLSE12,iTLS-Enso,11990,10/19/2020, 19:09:34,404
SKGTLSE12,iTLS-Enso,11990,10/19/2020, 20:11:11,404
SKGTLSE12,iTLS-Enso,11990,10/19/2020, 21:10:32,404
SKGTLSE12,iTLS-Enso,11992,10/19/2020, 22:10:40,404
SKGTLSE12,iTLS-Enso,11992,10/19/2020, 23:10:16,404
SKGTLSE12,iTLS-Enso,11992,10/20/2020, 00:29:53,404
SKGTLSE12,iTLS-Enso,11992,10/20/2020, 01:32:26,404
SKGTLSE12,iTLS-Enso,11992,10/20/2020, 02:11:09,404
SKGTLSE12,iTLS-Enso,11993,10/20/2020, 03:10:54,404
SKGTLSE12,iTLS-Enso,11994,10/20/2020, 04:12:19,404
SKGTLSE12,iTLS-Enso,11995,10/20/2020, 05:12:50,404
SKGTLSE12,iTLS-Enso,11996,10/20/2020, 06:12:08,404
SKGTLSE12,iTLS-Enso,11996,10/20/2020, 07:10:54,404
SKGTLSE12,iTLS-Enso,11997,10/20/2020, 08:12:32,404
SKGTLSE12,iTLS-Enso,11999,10/20/2020, 09:11:04,404
SKGTLSE12,iTLS-Enso,11999,10/20/2020, 10:11:16,404
SKGTLSE12,iTLS-Enso,12000,10/20/2020, 11:10:17,404
SKGTLSE12,iTLS-Enso,12000,10/20/2020, 12:14:07,404
SKGTLSE12,iTLS-Enso,12000,10/20/2020, 13:10:40,404
SKGTLSE12,iTLS-Enso,12000,10/20/2020, 14:11:47,404
SKGTLSE12,iTLS-Enso,12002,10/20/2020, 15:11:16,404
SKGTLSE12,iTLS-Enso,12002,10/20/2020, 16:14:02,404
SKGTLSE12,iTLS-Enso,12002,10/20/2020, 17:10:30,404
SKGTLSE12,iTLS-Enso,12002,10/20/2020, 18:11:14,404
SKGTLSE12,iTLS-Enso,12002,10/20/2020, 19:11:44,404
SKGTLSE12,iTLS-Enso,12003,10/20/2020, 20:11:09,404
SKGTLSE12,iTLS-Enso,12003,10/20/2020, 21:11:18,404
SKGTLSE12,iTLS-Enso,12003,10/20/2020, 22:10:21,404
SKGTLSE12,iTLS-Enso,12004,10/20/2020, 23:10:12,404
SKGTLSE12,iTLS-Enso,12004,10/21/2020, 00:30:30,404
SKGTLSE12,iTLS-Enso,12005,10/21/2020, 01:31:48,404
SKGTLSE12,iTLS-Enso,12005,10/21/2020, 02:11:19,404
SKGTLSE12,iTLS-Enso,12005,10/21/2020, 03:10:38,404
SKGTLSE12,iTLS-Enso,12005,10/21/2020, 04:12:32,404
SKGTLSE12,iTLS-Enso,12005,10/21/2020, 05:10:38,404
SKGTLSE12,iTLS-Enso,12005,10/21/2020, 06:12:59,404
SKGTLSE12,iTLS-Enso,12005,10/21/2020, 07:11:36,404
SKGTLSE12,iTLS-Enso,12005,10/21/2020, 08:12:14,404
SKGTLSE12,iTLS-Enso,12005,10/21/2020, 09:10:54,404
SKGTLSE12,iTLS-Enso,12005,10/21/2020, 10:11:33,404
SKGTLSE12,iTLS-Enso,12005,10/21/2020, 11:10:16,404
SKGTLSE12,iTLS-Enso,12005,10/21/2020, 12:15:32,404
SKGTLSE12,iTLS-Enso,12005,10/21/2020, 13:10:27,404
SKGTLSE12,iTLS-Enso,12006,10/21/2020, 14:11:54,404
SKGTLSE12,iTLS-Enso,12006,10/21/2020, 15:11:34,404
SKGTLSE12,iTLS-Enso,12007,10/21/2020, 16:14:50,404
SKGTLSE12,iTLS-Enso,12007,10/21/2020, 17:10:16,404
SKGTLSE12,iTLS-Enso,12007,10/21/2020, 18:11:32,404
SKGTLSE12,iTLS-Enso,12007,10/21/2020, 19:09:58,404
SKGTLSE12,iTLS-Enso,12008,10/21/2020, 20:11:18,404
SKGTLSE12,iTLS-Enso,12008,10/21/2020, 21:10:30,404
SKGTLSE12,iTLS-Enso,12008,10/21/2020, 22:12:26,404
SKGTLSE12,iTLS-Enso,12008,10/21/2020, 23:10:20,404
SKGTLSE12,iTLS-Enso,12008,10/22/2020, 00:30:47,404
SKGTLSE12,iTLS-Enso,12009,10/22/2020, 01:34:08,404
SKGTLSE12,iTLS-Enso,12009,10/22/2020, 02:12:16,404
SKGTLSE12,iTLS-Enso,12009,10/22/2020, 03:10:46,404
SKGTLSE12,iTLS-Enso,12009,10/22/2020, 04:12:17,404
SKGTLSE12,iTLS-Enso,12009,10/22/2020, 05:10:37,404
SKGTLSE12,iTLS-Enso,12009,10/22/2020, 06:12:23,404
SKGTLSE12,iTLS-Enso,12010,10/22/2020, 07:11:08,404
SKGTLSE12,iTLS-Enso,12010,10/22/2020, 08:12:32,404
SKGTLSE12,iTLS-Enso,12010,10/22/2020, 09:10:59,404
SKGTLSE12,iTLS-Enso,12010,10/22/2020, 10:11:46,404
SKGTLSE12,iTLS-Enso,12010,10/22/2020, 11:10:25,404
SKGTLSE12,iTLS-Enso,12010,10/22/2020, 12:14:25,404
SKGTLSE12,iTLS-Enso,12011,10/22/2020, 13:10:29,404
SKGTLSE12,iTLS-Enso,12011,10/22/2020, 14:11:29,404
SKGTLSE12,iTLS-Enso,12011,10/22/2020, 15:11:00,404
SKGTLSE12,iTLS-Enso,12011,10/22/2020, 16:14:45,404
SKGTLSE12,iTLS-Enso,12011,10/22/2020, 17:10:25,404
SKGTLSE12,iTLS-Enso,12013,10/22/2020, 18:11:22,404
SKGTLSE12,iTLS-Enso,12015,10/22/2020, 19:09:57,404
SKGTLSE12,iTLS-Enso,12015,10/22/2020, 20:11:28,404
SKGTLSE12,iTLS-Enso,12015,10/22/2020, 21:10:09,404
SKGTLSE12,iTLS-Enso,12015,10/22/2020, 22:11:12,404
SKGTLSE12,iTLS-Enso,12015,10/22/2020, 23:10:34,404
SKGTLSE12,iTLS-Enso,12015,10/23/2020, 00:31:00,404
SKGTLSE12,iTLS-Enso,12015,10/23/2020, 01:35:16,404
SKGTLSE12,iTLS-Enso,12015,10/23/2020, 02:12:37,404
SKGTLSE12,iTLS-Enso,12015,10/23/2020, 03:10:46,404
SKGTLSE12,iTLS-Enso,12016,10/23/2020, 04:13:04,404
SKGTLSE12,iTLS-Enso,12016,10/23/2020, 05:33:51,404
SKGTLSE12,iTLS-Enso,12017,10/23/2020, 07:10:15,404
SKGTLSE12,iTLS-Enso,12017,10/23/2020, 07:11:51,404
SKGTLSE12,iTLS-Enso,12017,10/23/2020, 08:13:07,404
SKGTLSE12,iTLS-Enso,12017,10/23/2020, 09:11:17,404
SKGTLSE12,iTLS-Enso,12017,10/23/2020, 10:12:03,404
SKGTLSE12,iTLS-Enso,12017,10/23/2020, 11:10:40,404
SKGTLSE12,iTLS-Enso,12017,10/23/2020, 12:19:25,404
SKGTLSE12,iTLS-Enso,12018,10/23/2020, 13:12:24,404
SKGTLSE12,iTLS-Enso,12019,10/23/2020, 14:11:31,404
SKGTLSE12,iTLS-Enso,12019,10/23/2020, 15:11:00,404
SKGTLSE12,iTLS-Enso,12019,10/23/2020, 16:15:29,404
SKGTLSE12,iTLS-Enso,12019,10/23/2020, 17:10:20,404
SKGTLSE12,iTLS-Enso,12019,10/23/2020, 18:11:29,404
SKGTLSE12,iTLS-Enso,12019,10/23/2020, 19:10:13,404
SKGTLSE12,iTLS-Enso,12021,10/23/2020, 20:13:14,404
SKGTLSE12,iTLS-Enso,12021,10/23/2020, 21:10:28,404
SKGTLSE12,iTLS-Enso,12022,10/23/2020, 22:11:14,404
SKGTLSE12,iTLS-Enso,12023,10/23/2020, 23:10:31,404
SKGTLSE12,iTLS-Enso,12023,10/24/2020, 00:30:57,404
SKGTLSE12,iTLS-Enso,12024,10/24/2020, 01:35:04,404
SKGTLSE12,iTLS-Enso,12024,10/24/2020, 02:12:40,404
SKGTLSE12,iTLS-Enso,12024,10/24/2020, 03:10:53,404
SKGTLSE12,iTLS-Enso,12024,10/24/2020, 04:12:35,404
SKGTLSE12,iTLS-Enso,12024,10/24/2020, 05:10:50,404
SKGTLSE12,iTLS-Enso,12024,10/24/2020, 06:12:08,404
SKGTLSE12,iTLS-Enso,12024,10/24/2020, 07:11:18,404
SKGTLSE12,iTLS-Enso,12024,10/24/2020, 08:12:04,404
SKGTLSE12,iTLS-Enso,12025,10/24/2020, 09:10:53,404
SKGTLSE12,iTLS-Enso,12026,10/24/2020, 10:11:36,404
SKGTLSE12,iTLS-Enso,12026,10/24/2020, 11:10:23,404
SKGTLSE12,iTLS-Enso,12026,10/24/2020, 12:14:14,404
SKGTLSE12,iTLS-Enso,12026,10/24/2020, 13:10:26,404
SKGTLSE12,iTLS-Enso,12027,10/24/2020, 14:11:11,404
SKGTLSE12,iTLS-Enso,12027,10/24/2020, 15:10:46,404
SKGTLSE12,iTLS-Enso,12027,10/24/2020, 16:14:59,404
SKGTLSE12,iTLS-Enso,12027,10/24/2020, 17:10:27,404
SKGTLSE12,iTLS-Enso,12029,10/24/2020, 18:11:13,404
SKGTLSE12,iTLS-Enso,12029,10/24/2020, 19:10:01,404
SKGTLSE12,iTLS-Enso,12029,10/24/2020, 20:11:15,404
SKGTLSE12,iTLS-Enso,12029,10/24/2020, 21:10:22,404
SKGTLSE12,iTLS-Enso,12029,10/24/2020, 22:11:10,404
SKGTLSE12,iTLS-Enso,12030,10/24/2020, 23:10:22,404
SKGTLSE12,iTLS-Enso,12031,10/25/2020, 00:32:12,404
SKGTLSE12,iTLS-Enso,12031,10/25/2020, 01:38:53,404
SKGTLSE12,iTLS-Enso,12031,10/25/2020, 02:14:03,404
SKGTLSE12,iTLS-Enso,12032,10/25/2020, 03:11:19,404
SKGTLSE12,iTLS-Enso,12032,10/25/2020, 04:13:16,404
SKGTLSE12,iTLS-Enso,12032,10/25/2020, 05:10:47,404
SKGTLSE12,iTLS-Enso,12032,10/25/2020, 06:12:15,404
SKGTLSE12,iTLS-Enso,12032,10/25/2020, 07:11:46,404
SKGTLSE12,iTLS-Enso,12032,10/25/2020, 08:12:29,404
SKGTLSE12,iTLS-Enso,12032,10/25/2020, 09:11:09,404
SKGTLSE12,iTLS-Enso,12033,10/25/2020, 10:11:58,404
SKGTLSE12,iTLS-Enso,12033,10/25/2020, 11:10:39,404
SKGTLSE12,iTLS-Enso,12033,10/25/2020, 12:14:22,404
SKGTLSE12,iTLS-Enso,12034,10/25/2020, 13:10:20,404
SKGTLSE12,iTLS-Enso,12034,10/25/2020, 14:11:25,404
SKGTLSE12,iTLS-Enso,12034,10/25/2020, 15:11:06,404
SKGTLSE12,iTLS-Enso,12035,10/25/2020, 16:15:35,404
SKGTLSE12,iTLS-Enso,12035,10/25/2020, 17:10:18,404
SKGTLSE12,iTLS-Enso,12036,10/25/2020, 18:11:28,404
SKGTLSE12,iTLS-Enso,12037,10/25/2020, 19:10:06,404
SKGTLSE12,iTLS-Enso,12038,10/25/2020, 20:11:25,404
SKGTLSE12,iTLS-Enso,12038,10/25/2020, 21:10:26,404
SKGTLSE12,iTLS-Enso,12038,10/25/2020, 22:11:21,404
SKGTLSE12,iTLS-Enso,12038,10/25/2020, 23:10:36,404
SKGTLSE12,iTLS-Enso,12038,10/26/2020, 00:31:58,404
SKGTLSE12,iTLS-Enso,12038,10/26/2020, 01:38:50,404
SKGTLSE12,iTLS-Enso,12038,10/26/2020, 02:14:59,404
SKGTLSE12,iTLS-Enso,12038,10/26/2020, 03:11:31,404
SKGTLSE12,iTLS-Enso,12041,10/26/2020, 04:13:31,404
SKGTLSE12,iTLS-Enso,12041,10/26/2020, 05:11:13,404
SKGTLSE12,iTLS-Enso,12042,10/26/2020, 06:12:32,404
SKGTLSE12,iTLS-Enso,12042,10/26/2020, 07:11:45,404
SKGTLSE12,iTLS-Enso,12042,10/26/2020, 08:12:53,404
SKGTLSE12,iTLS-Enso,12042,10/26/2020, 09:11:59,404
SKGTLSE12,iTLS-Enso,12043,10/26/2020, 10:13:01,404
SKGTLSE12,iTLS-Enso,12043,10/26/2020, 11:10:51,404
SKGTLSE12,iTLS-Enso,12044,10/26/2020, 12:14:46,404
SKGTLSE12,iTLS-Enso,12044,10/26/2020, 13:10:53,404
SKGTLSE12,iTLS-Enso,12044,10/26/2020, 14:12:02,404
SKGTLSE12,iTLS-Enso,12045,10/26/2020, 15:11:52,404
SKGTLSE12,iTLS-Enso,12045,10/26/2020, 16:16:42,404
SKGTLSE12,iTLS-Enso,12047,10/26/2020, 17:11:10,404
SKGTLSE12,iTLS-Enso,12047,10/26/2020, 18:11:47,404
SKGTLSE12,iTLS-Enso,12047,10/26/2020, 19:10:16,404
SKGTLSE12,iTLS-Enso,12047,10/26/2020, 20:11:39,404
SKGTLSE12,iTLS-Enso,12047,10/26/2020, 21:10:27,404
SKGTLSE12,iTLS-Enso,12048,10/26/2020, 22:11:27,404
SKGTLSE12,iTLS-Enso,12049,10/26/2020, 23:10:41,404
SKGTLSE12,iTLS-Enso,12049,10/27/2020, 00:31:28,404
SKGTLSE12,iTLS-Enso,12049,10/27/2020, 01:38:49,404
SKGTLSE12,iTLS-Enso,12049,10/27/2020, 02:15:19,404
SKGTLSE12,iTLS-Enso,12050,10/27/2020, 03:11:29,404
SKGTLSE12,iTLS-Enso,12051,10/27/2020, 04:13:54,404
SKGTLSE12,iTLS-Enso,12051,10/27/2020, 05:11:24,404
SKGTLSE12,iTLS-Enso,12051,10/27/2020, 06:12:36,404
SKGTLSE12,iTLS-Enso,12051,10/27/2020, 07:11:39,404
SKGTLSE12,iTLS-Enso,12051,10/27/2020, 08:13:09,404
SKGTLSE12,iTLS-Enso,12051,10/27/2020, 09:12:03,404
SKGTLSE12,iTLS-Enso,12051,10/27/2020, 10:12:58,404
SKGTLSE12,iTLS-Enso,12051,10/27/2020, 11:10:59,404
SKGTLSE12,iTLS-Enso,12051,10/27/2020, 12:14:49,404
SKGTLSE12,iTLS-Enso,12053,10/27/2020, 13:10:40,404
SKGTLSE12,iTLS-Enso,12053,10/27/2020, 14:14:22,404
SKGTLSE12,iTLS-Enso,12053,10/27/2020, 15:13:19,404
SKGTLSE12,iTLS-Enso,12053,10/27/2020, 16:16:50,404
SKGTLSE12,iTLS-Enso,12054,10/27/2020, 17:10:32,404
SKGTLSE12,iTLS-Enso,12054,10/27/2020, 18:11:31,404
SKGTLSE12,iTLS-Enso,12056,10/27/2020, 19:10:22,404
SKGTLSE12,iTLS-Enso,12056,10/27/2020, 20:11:45,404
SKGTLSE12,iTLS-Enso,12057,10/27/2020, 21:10:42,404
SKGTLSE12,iTLS-Enso,12057,10/27/2020, 22:12:02,404
SKGTLSE12,iTLS-Enso,12057,10/27/2020, 23:10:52,404
SKGTLSE12,iTLS-Enso,12057,10/28/2020, 00:32:03,404
SKGTLSE12,iTLS-Enso,12057,10/28/2020, 01:41:03,404
SKGTLSE12,iTLS-Enso,12058,10/28/2020, 02:16:22,404
SKGTLSE12,iTLS-Enso,12058,10/28/2020, 03:11:39,404
SKGTLSE12,iTLS-Enso,12058,10/28/2020, 04:14:03,404
SKGTLSE12,iTLS-Enso,12058,10/28/2020, 05:11:03,404
SKGTLSE12,iTLS-Enso,12058,10/28/2020, 06:12:40,404
SKGTLSE12,iTLS-Enso,12058,10/28/2020, 07:12:05,404
SKGTLSE12,iTLS-Enso,12058,10/28/2020, 08:13:10,404
SKGTLSE12,iTLS-Enso,12058,10/28/2020, 09:11:48,404
SKGTLSE12,iTLS-Enso,12058,10/28/2020, 10:13:17,404
SKGTLSE12,iTLS-Enso,12059,10/28/2020, 11:10:47,404
SKGTLSE12,iTLS-Enso,12059,10/28/2020, 12:15:09,404
SKGTLSE12,iTLS-Enso,12059,10/28/2020, 13:10:41,404
SKGTLSE12,iTLS-Enso,12059,10/28/2020, 14:12:32,404
SKGTLSE12,iTLS-Enso,12060,10/28/2020, 15:12:51,404
SKGTLSE12,iTLS-Enso,12060,10/28/2020, 16:17:30,404
SKGTLSE12,iTLS-Enso,12060,10/28/2020, 17:10:54,404
SKGTLSE12,iTLS-Enso,12061,10/28/2020, 18:11:42,404
SKGTLSE12,iTLS-Enso,12061,10/28/2020, 19:10:15,404
SKGTLSE12,iTLS-Enso,12061,10/28/2020, 20:11:55,404
SKGTLSE12,iTLS-Enso,12063,10/28/2020, 21:10:40,404
SKGTLSE12,iTLS-Enso,12064,10/28/2020, 22:12:07,404
SKGTLSE12,iTLS-Enso,12065,10/28/2020, 23:11:06,404
SKGTLSE12,iTLS-Enso,12067,10/29/2020, 00:32:38,404
SKGTLSE12,iTLS-Enso,12067,10/29/2020, 01:43:11,404
SKGTLSE12,iTLS-Enso,12067,10/29/2020, 02:18:00,404
SKGTLSE12,iTLS-Enso,12068,10/29/2020, 03:10:49,404
SKGTLSE12,iTLS-Enso,12068,10/29/2020, 04:14:13,404
SKGTLSE12,iTLS-Enso,12068,10/29/2020, 05:11:06,404
SKGTLSE12,iTLS-Enso,12068,10/29/2020, 06:13:07,404
SKGTLSE12,iTLS-Enso,12069,10/29/2020, 07:11:41,404
SKGTLSE12,iTLS-Enso,12069,10/29/2020, 08:13:28,404
SKGTLSE12,iTLS-Enso,12070,10/29/2020, 09:11:47,404
SKGTLSE12,iTLS-Enso,12070,10/29/2020, 10:13:42,404
SKGTLSE12,iTLS-Enso,12070,10/29/2020, 11:11:03,404
SKGTLSE12,iTLS-Enso,12070,10/29/2020, 12:15:50,404
SKGTLSE12,iTLS-Enso,12070,10/29/2020, 13:11:30,404
SKGTLSE12,iTLS-Enso,12070,10/29/2020, 14:12:31,404
SKGTLSE12,iTLS-Enso,12070,10/29/2020, 15:12:03,404
SKGTLSE12,iTLS-Enso,12070,10/29/2020, 16:16:39,404
SKGTLSE12,iTLS-Enso,12071,10/29/2020, 17:08:49,404
SKGTLSE12,iTLS-Enso,12073,10/29/2020, 18:08:00,404
SKGTLSE12,iTLS-Enso,12075,10/29/2020, 19:06:25,404
SKGTLSE12,iTLS-Enso,12075,10/29/2020, 20:05:57,404
SKGTLSE12,iTLS-Enso,12075,10/29/2020, 21:05:33,404
SKGTLSE12,iTLS-Enso,12075,10/29/2020, 22:05:56,404
SKGTLSE12,iTLS-Enso,12076,10/29/2020, 23:06:12,404
SKGTLSE12,iTLS-Enso,12076,10/30/2020, 00:19:14,404
SKGTLSE12,iTLS-Enso,12076,10/30/2020, 01:07:10,404
SKGTLSE12,iTLS-Enso,12076,10/30/2020, 02:06:55,404
SKGTLSE12,iTLS-Enso,12076,10/30/2020, 03:06:40,404
SKGTLSE12,iTLS-Enso,12076,10/30/2020, 04:07:35,404
SKGTLSE12,iTLS-Enso,12076,10/30/2020, 05:07:50,404
SKGTLSE12,iTLS-Enso,12077,10/30/2020, 06:07:26,404
SKGTLSE12,iTLS-Enso,12077,10/30/2020, 07:06:53,404
SKGTLSE12,iTLS-Enso,12077,10/30/2020, 08:08:02,404
SKGTLSE12,iTLS-Enso,12078,10/30/2020, 09:06:48,404
SKGTLSE12,iTLS-Enso,12078,10/30/2020, 10:07:37,404
SKGTLSE12,iTLS-Enso,12078,10/30/2020, 11:06:08,404
SKGTLSE12,iTLS-Enso,12078,10/30/2020, 12:09:10,404
SKGTLSE12,iTLS-Enso,12078,10/30/2020, 13:06:32,404
SKGTLSE12,iTLS-Enso,12079,10/30/2020, 14:06:44,404
SKGTLSE12,iTLS-Enso,12079,10/30/2020, 15:06:40,404
SKGTLSE12,iTLS-Enso,12079,10/30/2020, 16:10:43,404
SKGTLSE12,iTLS-Enso,12080,10/30/2020, 17:06:39,404
SKGTLSE12,iTLS-Enso,12080,10/30/2020, 18:06:54,404
SKGTLSE12,iTLS-Enso,12080,10/30/2020, 19:06:04,404
SKGTLSE12,iTLS-Enso,12080,10/30/2020, 20:06:29,404
SKGTLSE12,iTLS-Enso,12080,10/30/2020, 21:06:31,404
SKGTLSE12,iTLS-Enso,12080,10/30/2020, 22:07:11,404
SKGTLSE12,iTLS-Enso,12080,10/30/2020, 23:06:48,404
SKGTLSE12,iTLS-Enso,12081,10/31/2020, 00:18:02,404
SKGTLSE12,iTLS-Enso,12081,10/31/2020, 01:09:23,404
SKGTLSE12,iTLS-Enso,12081,10/31/2020, 02:07:42,404
SKGTLSE12,iTLS-Enso,12081,10/31/2020, 03:07:40,404
SKGTLSE12,iTLS-Enso,12081,10/31/2020, 04:08:40,404
SKGTLSE12,iTLS-Enso,12081,10/31/2020, 05:07:28,404
SKGTLSE12,iTLS-Enso,12081,10/31/2020, 06:07:41,404
SKGTLSE12,iTLS-Enso,12082,10/31/2020, 07:07:29,404
SKGTLSE12,iTLS-Enso,12082,10/31/2020, 08:07:34,404
SKGTLSE12,iTLS-Enso,12082,10/31/2020, 09:06:43,404
SKGTLSE12,iTLS-Enso,12082,10/31/2020, 10:07:53,404
SKGTLSE12,iTLS-Enso,12083,10/31/2020, 11:06:33,404
SKGTLSE12,iTLS-Enso,12083,10/31/2020, 12:08:52,404
SKGTLSE12,iTLS-Enso,12083,10/31/2020, 13:06:32,404
SKGTLSE12,iTLS-Enso,12083,10/31/2020, 14:06:32,404
SKGTLSE12,iTLS-Enso,12084,10/31/2020, 15:06:48,404
SKGTLSE12,iTLS-Enso,12086,10/31/2020, 16:11:15,404
SKGTLSE12,iTLS-Enso,12086,10/31/2020, 17:06:35,404
SKGTLSE12,iTLS-Enso,12086,10/31/2020, 18:06:51,404
SKGTLSE12,iTLS-Enso,12086,10/31/2020, 19:06:16,404
SKGTLSE12,iTLS-Enso,12086,10/31/2020, 20:06:39,404
SKGTLSE12,iTLS-Enso,12086,10/31/2020, 21:06:14,404
SKGTLSE12,iTLS-Enso,12086,10/31/2020, 22:07:37,404
SKGTLSE12,iTLS-Enso,12086,10/31/2020, 23:06:37,404
SKGTLSE12,iTLS-Enso,12087,11/01/2020, 00:20:24,404
SKGTLSE12,iTLS-Enso,12087,11/01/2020, 01:09:19,404
SKGTLSE12,iTLS-Enso,12087,11/01/2020, 02:10:26,404
SKGTLSE12,iTLS-Enso,12087,11/01/2020, 03:07:30,404
SKGTLSE12,iTLS-Enso,12089,11/01/2020, 04:08:55,404
SKGTLSE12,iTLS-Enso,12089,11/01/2020, 05:06:54,404
SKGTLSE12,iTLS-Enso,12090,11/01/2020, 06:07:56,404
SKGTLSE12,iTLS-Enso,12090,11/01/2020, 07:07:53,404
SKGTLSE12,iTLS-Enso,12090,11/01/2020, 08:08:02,404
SKGTLSE12,iTLS-Enso,12090,11/01/2020, 09:07:15,404
SKGTLSE12,iTLS-Enso,12092,11/01/2020, 13:13:24,404
SKGTLSE12,iTLS-Enso,12092,11/01/2020, 14:06:34,404
SKGTLSE12,iTLS-Enso,12092,11/01/2020, 15:07:12,404
SKGTLSE12,iTLS-Enso,12092,11/01/2020, 16:12:04,404
SKGTLSE12,iTLS-Enso,12092,11/01/2020, 17:06:53,404
SKGTLSE12,iTLS-Enso,12093,11/01/2020, 18:07:09,404
SKGTLSE12,iTLS-Enso,12093,11/01/2020, 19:06:19,404
SKGTLSE12,iTLS-Enso,12094,11/01/2020, 20:06:29,404
SKGTLSE12,iTLS-Enso,12094,11/01/2020, 21:06:26,404
SKGTLSE12,iTLS-Enso,12094,11/01/2020, 22:08:01,404
SKGTLSE12,iTLS-Enso,12094,11/01/2020, 23:08:03,404
SKGTLSE12,iTLS-Enso,12094,11/02/2020, 00:19:17,404
SKGTLSE12,iTLS-Enso,12094,11/02/2020, 01:08:28,404
SKGTLSE12,iTLS-Enso,12094,11/02/2020, 02:08:14,404
SKGTLSE12,iTLS-Enso,12094,11/02/2020, 03:07:03,404
SKGTLSE12,iTLS-Enso,12094,11/02/2020, 04:09:41,404
SKGTLSE12,iTLS-Enso,12094,11/02/2020, 05:07:31,404
SKGTLSE12,iTLS-Enso,12094,11/02/2020, 06:08:30,404
SKGTLSE12,iTLS-Enso,12095,11/02/2020, 07:07:46,404
SKGTLSE12,iTLS-Enso,12095,11/02/2020, 08:10:50,404
SKGTLSE12,iTLS-Enso,12095,11/02/2020, 09:07:29,404
SKGTLSE12,iTLS-Enso,12095,11/02/2020, 10:09:11,404
SKGTLSE12,iTLS-Enso,12095,11/02/2020, 11:07:09,404
SKGTLSE12,iTLS-Enso,12096,11/02/2020, 12:09:42,404
SKGTLSE12,iTLS-Enso,12096,11/02/2020, 13:07:28,404
SKGTLSE12,iTLS-Enso,12097,11/02/2020, 14:07:20,404
SKGTLSE12,iTLS-Enso,12097,11/02/2020, 15:07:55,404
SKGTLSE12,iTLS-Enso,12099,11/02/2020, 16:13:44,404
SKGTLSE12,iTLS-Enso,12100,11/02/2020, 17:07:24,404
SKGTLSE12,iTLS-Enso,12100,11/02/2020, 18:07:26,404
SKGTLSE12,iTLS-Enso,12101,11/02/2020, 19:06:18,404
SKGTLSE12,iTLS-Enso,12101,11/02/2020, 20:07:02,404
SKGTLSE12,iTLS-Enso,12101,11/02/2020, 21:06:34,404
SKGTLSE12,iTLS-Enso,12101,11/02/2020, 22:08:48,404
SKGTLSE12,iTLS-Enso,12101,11/02/2020, 23:07:19,404
SKGTLSE12,iTLS-Enso,12101,11/03/2020, 00:19:36,404
SKGTLSE12,iTLS-Enso,12101,11/03/2020, 01:10:23,404
SKGTLSE12,iTLS-Enso,12101,11/03/2020, 02:08:43,404
SKGTLSE12,iTLS-Enso,12101,11/03/2020, 03:07:32,404
SKGTLSE12,iTLS-Enso,12101,11/03/2020, 04:09:36,404
SKGTLSE12,iTLS-Enso,12101,11/03/2020, 05:07:03,404
SKGTLSE12,iTLS-Enso,12101,11/03/2020, 06:08:24,404
SKGTLSE12,iTLS-Enso,12101,11/03/2020, 07:08:27,404
SKGTLSE12,iTLS-Enso,12101,11/03/2020, 08:08:55,404
SKGTLSE12,iTLS-Enso,12101,11/03/2020, 09:07:27,404
SKGTLSE12,iTLS-Enso,12101,11/03/2020, 10:09:10,404
SKGTLSE12,iTLS-Enso,12102,11/03/2020, 11:07:00,404
SKGTLSE12,iTLS-Enso,12102,11/03/2020, 12:09:47,404
SKGTLSE12,iTLS-Enso,12102,11/03/2020, 13:07:20,404
SKGTLSE12,iTLS-Enso,12102,11/03/2020, 14:07:19,404
SKGTLSE12,iTLS-Enso,12103,11/03/2020, 15:08:07,404
SKGTLSE12,iTLS-Enso,12103,11/03/2020, 16:15:09,404
SKGTLSE12,iTLS-Enso,12105,11/03/2020, 17:07:38,404
SKGTLSE12,iTLS-Enso,12106,11/03/2020, 18:07:23,404
SKGTLSE12,iTLS-Enso,12108,11/03/2020, 19:06:35,404
SKGTLSE12,iTLS-Enso,12108,11/03/2020, 20:07:03,404
SKGTLSE12,iTLS-Enso,12108,11/03/2020, 21:06:32,404
SKGTLSE12,iTLS-Enso,12108,11/03/2020, 22:08:42,404
SKGTLSE12,iTLS-Enso,12108,11/03/2020, 23:07:21,404
SKGTLSE12,iTLS-Enso,12111,11/04/2020, 00:19:37,404
SKGTLSE12,iTLS-Enso,12111,11/04/2020, 01:11:45,404
SKGTLSE12,iTLS-Enso,12111,11/04/2020, 02:08:33,404
SKGTLSE12,iTLS-Enso,12111,11/04/2020, 03:07:33,404
SKGTLSE12,iTLS-Enso,12111,11/04/2020, 04:10:18,404
SKGTLSE12,iTLS-Enso,12111,11/04/2020, 05:07:46,404
SKGTLSE12,iTLS-Enso,12111,11/04/2020, 06:08:13,404
SKGTLSE12,iTLS-Enso,12111,11/04/2020, 07:08:42,404
SKGTLSE12,iTLS-Enso,12111,11/04/2020, 08:08:39,404
SKGTLSE12,iTLS-Enso,12111,11/04/2020, 09:07:46,404
SKGTLSE12,iTLS-Enso,12112,11/04/2020, 10:09:25,404
SKGTLSE12,iTLS-Enso,12113,11/04/2020, 11:07:19,404
SKGTLSE12,iTLS-Enso,12114,11/04/2020, 12:10:05,404
SKGTLSE12,iTLS-Enso,12115,11/04/2020, 13:07:18,404
SKGTLSE12,iTLS-Enso,12117,11/04/2020, 14:07:32,404
SKGTLSE12,iTLS-Enso,12117,11/04/2020, 15:08:08,404
SKGTLSE12,iTLS-Enso,12118,11/04/2020, 16:14:38,404
SKGTLSE12,iTLS-Enso,12118,11/04/2020, 17:07:49,404
SKGTLSE12,iTLS-Enso,12118,11/04/2020, 18:07:24,404
SKGTLSE12,iTLS-Enso,12118,11/04/2020, 19:06:40,404
SKGTLSE12,iTLS-Enso,12119,11/04/2020, 20:07:16,404
SKGTLSE12,iTLS-Enso,12120,11/04/2020, 21:06:41,404
SKGTLSE12,iTLS-Enso,12120,11/04/2020, 22:09:00,404
SKGTLSE12,iTLS-Enso,12120,11/04/2020, 23:07:22,404
SKGTLSE12,iTLS-Enso,12120,11/05/2020, 00:20:20,404
SKGTLSE12,iTLS-Enso,12120,11/05/2020, 01:13:38,404
SKGTLSE12,iTLS-Enso,12120,11/05/2020, 02:08:58,404
SKGTLSE12,iTLS-Enso,12121,11/05/2020, 03:07:36,404
SKGTLSE12,iTLS-Enso,12121,11/05/2020, 04:10:17,404
SKGTLSE12,iTLS-Enso,12121,11/05/2020, 05:07:39,404
SKGTLSE12,iTLS-Enso,12121,11/05/2020, 06:08:39,404
SKGTLSE12,iTLS-Enso,12121,11/05/2020, 07:08:26,404
SKGTLSE12,iTLS-Enso,12122,11/05/2020, 08:09:17,404
SKGTLSE12,iTLS-Enso,12122,11/05/2020, 09:07:50,404
SKGTLSE12,iTLS-Enso,12123,11/05/2020, 10:09:37,404
SKGTLSE12,iTLS-Enso,12124,11/05/2020, 11:07:25,404
SKGTLSE12,iTLS-Enso,12124,11/05/2020, 12:10:43,404
SKGTLSE12,iTLS-Enso,12124,11/05/2020, 13:09:11,404
SKGTLSE12,iTLS-Enso,12124,11/05/2020, 14:08:08,404
SKGTLSE12,iTLS-Enso,12125,11/05/2020, 15:08:25,404
SKGTLSE12,iTLS-Enso,12125,11/05/2020, 16:26:10,404
SKGTLSE12,iTLS-Enso,12125,11/05/2020, 17:07:40,404
SKGTLSE12,iTLS-Enso,12125,11/05/2020, 18:07:43,404
SKGTLSE12,iTLS-Enso,12125,11/05/2020, 19:06:40,404
SKGTLSE12,iTLS-Enso,12125,11/05/2020, 20:07:22,404
SKGTLSE12,iTLS-Enso,12125,11/05/2020, 21:06:48,404
SKGTLSE12,iTLS-Enso,12125,11/05/2020, 22:09:18,404
SKGTLSE12,iTLS-Enso,12125,11/05/2020, 23:07:53,404
SKGTLSE12,iTLS-Enso,12125,11/06/2020, 00:20:41,404
SKGTLSE12,iTLS-Enso,12126,11/06/2020, 01:15:22,404
SKGTLSE12,iTLS-Enso,12126,11/06/2020, 02:09:07,404
SKGTLSE12,iTLS-Enso,12126,11/06/2020, 03:07:41,404
SKGTLSE12,iTLS-Enso,12127,11/06/2020, 04:10:41,404
SKGTLSE12,iTLS-Enso,12127,11/06/2020, 05:07:49,404
SKGTLSE12,iTLS-Enso,12127,11/06/2020, 06:08:43,404
SKGTLSE12,iTLS-Enso,12128,11/06/2020, 07:08:53,404
SKGTLSE12,iTLS-Enso,12128,11/06/2020, 08:09:38,404
SKGTLSE12,iTLS-Enso,12128,11/06/2020, 09:08:08,404
SKGTLSE12,iTLS-Enso,12128,11/06/2020, 10:09:59,404
SKGTLSE12,iTLS-Enso,12128,11/06/2020, 11:07:11,404
SKGTLSE12,iTLS-Enso,12129,11/06/2020, 12:10:37,404
SKGTLSE12,iTLS-Enso,12129,11/06/2020, 13:07:46,404
SKGTLSE12,iTLS-Enso,12129,11/06/2020, 14:08:26,404
SKGTLSE12,iTLS-Enso,12129,11/06/2020, 15:08:38,404
SKGTLSE12,iTLS-Enso,12129,11/06/2020, 16:16:05,404
SKGTLSE12,iTLS-Enso,12129,11/06/2020, 17:07:52,404
SKGTLSE12,iTLS-Enso,12129,11/06/2020, 18:07:51,404
SKGTLSE12,iTLS-Enso,12130,11/06/2020, 19:06:34,404
SKGTLSE12,iTLS-Enso,12130,11/06/2020, 20:07:11,404
SKGTLSE12,iTLS-Enso,12130,11/06/2020, 21:07:01,404
SKGTLSE12,iTLS-Enso,12131,11/06/2020, 22:09:44,404
SKGTLSE12,iTLS-Enso,12133,11/06/2020, 23:07:46,404
SKGTLSE12,iTLS-Enso,12133,11/07/2020, 00:20:55,404
SKGTLSE12,iTLS-Enso,12133,11/07/2020, 01:16:17,404
SKGTLSE12,iTLS-Enso,12133,11/07/2020, 02:09:05,404
SKGTLSE12,iTLS-Enso,12134,11/07/2020, 03:08:10,404
SKGTLSE12,iTLS-Enso,12134,11/07/2020, 04:10:57,404
SKGTLSE12,iTLS-Enso,12135,11/07/2020, 05:07:51,404
SKGTLSE12,iTLS-Enso,12135,11/07/2020, 06:08:49,404
SKGTLSE12,iTLS-Enso,12136,11/07/2020, 07:08:51,404
SKGTLSE12,iTLS-Enso,12136,11/07/2020, 08:09:15,404
SKGTLSE12,iTLS-Enso,12136,11/07/2020, 09:08:10,404
SKGTLSE12,iTLS-Enso,12137,11/07/2020, 10:09:46,404
SKGTLSE12,iTLS-Enso,12137,11/07/2020, 11:07:34,404
SKGTLSE12,iTLS-Enso,12138,11/07/2020, 12:10:28,404
SKGTLSE12,iTLS-Enso,12138,11/07/2020, 13:07:28,404
SKGTLSE12,iTLS-Enso,12138,11/07/2020, 14:07:52,404
SKGTLSE12,iTLS-Enso,12138,11/07/2020, 15:08:21,404
SKGTLSE12,iTLS-Enso,12140,11/07/2020, 16:15:42,404
SKGTLSE12,iTLS-Enso,12140,11/07/2020, 17:07:30,404
SKGTLSE12,iTLS-Enso,12141,11/07/2020, 18:07:46,404
SKGTLSE12,iTLS-Enso,12141,11/07/2020, 19:06:47,404
SKGTLSE12,iTLS-Enso,12141,11/07/2020, 20:07:16,404
SKGTLSE12,iTLS-Enso,12141,11/07/2020, 21:06:55,404
SKGTLSE12,iTLS-Enso,12141,11/07/2020, 22:09:28,404
SKGTLSE12,iTLS-Enso,12141,11/07/2020, 23:07:50,404
SKGTLSE12,iTLS-Enso,12142,11/08/2020, 00:22:12,404
SKGTLSE12,iTLS-Enso,12143,11/08/2020, 01:18:44,404
SKGTLSE12,iTLS-Enso,12144,11/08/2020, 02:09:43,404
SKGTLSE12,iTLS-Enso,12144,11/08/2020, 03:08:12,404
SKGTLSE12,iTLS-Enso,12146,11/08/2020, 04:11:09,404
SKGTLSE12,iTLS-Enso,12148,11/08/2020, 05:08:19,404
SKGTLSE12,iTLS-Enso,12148,11/08/2020, 06:09:14,404
SKGTLSE12,iTLS-Enso,12148,11/08/2020, 07:08:53,404
SKGTLSE12,iTLS-Enso,12148,11/08/2020, 08:09:36,404
SKGTLSE12,iTLS-Enso,12148,11/08/2020, 09:08:03,404
SKGTLSE12,iTLS-Enso,12148,11/08/2020, 10:09:57,404
SKGTLSE12,iTLS-Enso,12149,11/08/2020, 11:07:32,404
SKGTLSE12,iTLS-Enso,12149,11/08/2020, 12:10:35,404
SKGTLSE12,iTLS-Enso,12149,11/08/2020, 13:07:29,404
SKGTLSE12,iTLS-Enso,12150,11/08/2020, 14:08:28,404
SKGTLSE12,iTLS-Enso,12151,11/08/2020, 15:08:32,404
SKGTLSE12,iTLS-Enso,12152,11/08/2020, 16:16:10,404
SKGTLSE12,iTLS-Enso,12152,11/08/2020, 17:07:40,404
SKGTLSE12,iTLS-Enso,12153,11/08/2020, 18:07:33,404
SKGTLSE12,iTLS-Enso,12153,11/08/2020, 19:06:38,404
SKGTLSE12,iTLS-Enso,12154,11/08/2020, 20:07:24,404
SKGTLSE12,iTLS-Enso,12154,11/08/2020, 21:06:49,404
SKGTLSE12,iTLS-Enso,12154,11/08/2020, 22:09:45,404
SKGTLSE12,iTLS-Enso,12154,11/08/2020, 23:07:55,404
SKGTLSE12,iTLS-Enso,12155,11/09/2020, 00:22:10,404
SKGTLSE12,iTLS-Enso,12156,11/09/2020, 01:18:44,404
SKGTLSE12,iTLS-Enso,12156,11/09/2020, 02:10:02,404
SKGTLSE12,iTLS-Enso,12157,11/09/2020, 03:08:16,404
SKGTLSE12,iTLS-Enso,12157,11/09/2020, 04:11:40,404
SKGTLSE12,iTLS-Enso,12157,11/09/2020, 05:08:25,404
SKGTLSE12,iTLS-Enso,12157,11/09/2020, 06:09:27,404
SKGTLSE12,iTLS-Enso,12157,11/09/2020, 07:09:16,404
SKGTLSE12,iTLS-Enso,12157,11/09/2020, 08:10:03,404
SKGTLSE12,iTLS-Enso,12157,11/09/2020, 09:08:29,404
SKGTLSE12,iTLS-Enso,12157,11/09/2020, 10:10:40,404
SKGTLSE12,iTLS-Enso,12157,11/09/2020, 11:07:57,404
SKGTLSE12,iTLS-Enso,12157,11/09/2020, 12:11:12,404
SKGTLSE12,iTLS-Enso,12158,11/09/2020, 13:08:14,404
SKGTLSE12,iTLS-Enso,12158,11/09/2020, 14:09:13,404
SKGTLSE12,iTLS-Enso,12159,11/09/2020, 15:10:03,404
SKGTLSE12,iTLS-Enso,12159,11/09/2020, 16:18:35,404
SKGTLSE12,iTLS-Enso,12159,11/09/2020, 17:08:28,404
SKGTLSE12,iTLS-Enso,12159,11/09/2020, 18:08:17,404
SKGTLSE12,iTLS-Enso,12160,11/09/2020, 19:06:59,404
SKGTLSE12,iTLS-Enso,12160,11/09/2020, 20:07:36,404
SKGTLSE12,iTLS-Enso,12160,11/09/2020, 21:07:28,404
SKGTLSE12,iTLS-Enso,12161,11/09/2020, 22:10:19,404
SKGTLSE12,iTLS-Enso,12161,11/09/2020, 23:08:21,404
SKGTLSE12,iTLS-Enso,12161,11/10/2020, 00:22:00,404
SKGTLSE12,iTLS-Enso,12162,11/10/2020, 01:20:41,404
SKGTLSE12,iTLS-Enso,12162,11/10/2020, 02:10:07,404
SKGTLSE12,iTLS-Enso,12162,11/10/2020, 03:08:31,404
SKGTLSE12,iTLS-Enso,12163,11/10/2020, 04:07:51,404
SKGTLSE12,iTLS-Enso,12163,11/10/2020, 05:06:42,404
SKGTLSE12,iTLS-Enso,12163,11/10/2020, 06:07:59,404
SKGTLSE12,iTLS-Enso,12163,11/10/2020, 07:06:54,404
SKGTLSE12,iTLS-Enso,12163,11/10/2020, 08:07:54,404
SKGTLSE12,iTLS-Enso,12164,11/10/2020, 09:06:55,404
SKGTLSE12,iTLS-Enso,12164,11/10/2020, 10:08:15,404
SKGTLSE12,iTLS-Enso,12164,11/10/2020, 11:06:42,404
SKGTLSE12,iTLS-Enso,12166,11/10/2020, 12:09:36,404
SKGTLSE12,iTLS-Enso,12166,11/10/2020, 13:06:54,404
SKGTLSE12,iTLS-Enso,12166,11/10/2020, 14:08:12,404
SKGTLSE12,iTLS-Enso,12167,11/10/2020, 15:07:31,404
SKGTLSE12,iTLS-Enso,12167,11/10/2020, 16:11:31,404
SKGTLSE12,iTLS-Enso,12168,11/10/2020, 17:07:16,404
SKGTLSE12,iTLS-Enso,12168,11/10/2020, 18:07:27,404
SKGTLSE12,iTLS-Enso,12168,11/10/2020, 19:06:11,404
SKGTLSE12,iTLS-Enso,12169,11/10/2020, 20:07:07,404
SKGTLSE12,iTLS-Enso,12171,11/10/2020, 21:06:38,404
SKGTLSE12,iTLS-Enso,12171,11/10/2020, 22:08:27,404
SKGTLSE12,iTLS-Enso,12171,11/10/2020, 23:06:54,404
SKGTLSE12,iTLS-Enso,12172,11/11/2020, 00:16:26,404
SKGTLSE12,iTLS-Enso,12173,11/11/2020, 01:08:23,404
SKGTLSE12,iTLS-Enso,12173,11/11/2020, 02:08:06,404
SKGTLSE12,iTLS-Enso,12173,11/11/2020, 03:07:09,404
SKGTLSE12,iTLS-Enso,12173,11/11/2020, 04:08:35,404
SKGTLSE12,iTLS-Enso,12175,11/11/2020, 05:07:05,404
SKGTLSE12,iTLS-Enso,12176,11/11/2020, 06:08:08,404
SKGTLSE12,iTLS-Enso,12176,11/11/2020, 07:07:52,404
SKGTLSE12,iTLS-Enso,12176,11/11/2020, 08:08:22,404
SKGTLSE12,iTLS-Enso,12176,11/11/2020, 09:07:29,404
SKGTLSE12,iTLS-Enso,12176,11/11/2020, 10:08:18,404
SKGTLSE12,iTLS-Enso,12176,11/11/2020, 11:07:01,404
SKGTLSE12,iTLS-Enso,12176,11/11/2020, 12:09:38,404
SKGTLSE12,iTLS-Enso,12177,11/11/2020, 13:06:56,404
SKGTLSE12,iTLS-Enso,12177,11/11/2020, 14:08:13,404
SKGTLSE12,iTLS-Enso,12177,11/11/2020, 15:07:45,404
SKGTLSE12,iTLS-Enso,12177,11/11/2020, 16:11:44,404
SKGTLSE12,iTLS-Enso,12177,11/11/2020, 17:06:51,404
SKGTLSE12,iTLS-Enso,12177,11/11/2020, 18:07:41,404
SKGTLSE12,iTLS-Enso,12177,11/11/2020, 19:06:40,404
SKGTLSE12,iTLS-Enso,12177,11/11/2020, 20:07:19,404
SKGTLSE12,iTLS-Enso,12178,11/11/2020, 21:06:46,404
SKGTLSE12,iTLS-Enso,12181,11/11/2020, 22:08:34,404
SKGTLSE12,iTLS-Enso,12181,11/11/2020, 23:07:17,404
SKGTLSE12,iTLS-Enso,12183,11/12/2020, 00:19:39,404
SKGTLSE12,iTLS-Enso,12183,11/12/2020, 01:09:19,404
SKGTLSE12,iTLS-Enso,12183,11/12/2020, 02:08:32,404
SKGTLSE12,iTLS-Enso,12183,11/12/2020, 03:07:19,404
SKGTLSE12,iTLS-Enso,12183,11/12/2020, 04:08:52,404
SKGTLSE12,iTLS-Enso,12183,11/12/2020, 05:07:21,404
SKGTLSE12,iTLS-Enso,12183,11/12/2020, 06:08:35,404
SKGTLSE12,iTLS-Enso,12183,11/12/2020, 07:07:41,404
SKGTLSE12,iTLS-Enso,12183,11/12/2020, 08:09:00,404
SKGTLSE12,iTLS-Enso,12183,11/12/2020, 09:07:47,404
SKGTLSE12,iTLS-Enso,12183,11/12/2020, 10:08:39,404
SKGTLSE12,iTLS-Enso,12183,11/12/2020, 11:07:07,404
SKGTLSE12,iTLS-Enso,12183,11/12/2020, 12:09:54,404
SKGTLSE12,iTLS-Enso,12183,11/12/2020, 13:07:13,404
SKGTLSE12,iTLS-Enso,12183,11/12/2020, 14:08:35,404
SKGTLSE12,iTLS-Enso,12184,11/12/2020, 15:08:20,404
SKGTLSE12,iTLS-Enso,12184,11/12/2020, 16:13:18,404
SKGTLSE12,iTLS-Enso,12184,11/12/2020, 17:07:41,404
SKGTLSE12,iTLS-Enso,12185,11/12/2020, 18:07:57,404
SKGTLSE12,iTLS-Enso,12185,11/12/2020, 19:06:51,404
SKGTLSE12,iTLS-Enso,12185,11/12/2020, 20:07:13,404
SKGTLSE12,iTLS-Enso,12185,11/12/2020, 21:06:49,404
SKGTLSE12,iTLS-Enso,12187,11/12/2020, 22:08:41,404
SKGTLSE12,iTLS-Enso,12189,11/12/2020, 23:07:20,404
SKGTLSE12,iTLS-Enso,12190,11/13/2020, 00:19:03,404
SKGTLSE12,iTLS-Enso,12190,11/13/2020, 01:11:30,404
SKGTLSE12,iTLS-Enso,12191,11/13/2020, 02:08:52,404
SKGTLSE12,iTLS-Enso,12191,11/13/2020, 03:07:49,404
SKGTLSE12,iTLS-Enso,12191,11/13/2020, 04:09:39,404
SKGTLSE12,iTLS-Enso,12191,11/13/2020, 05:07:26,404
SKGTLSE12,iTLS-Enso,12191,11/13/2020, 06:08:54,404
SKGTLSE12,iTLS-Enso,12191,11/13/2020, 07:07:45,404
SKGTLSE12,iTLS-Enso,12191,11/13/2020, 08:08:44,404
SKGTLSE12,iTLS-Enso,12191,11/13/2020, 09:08:02,404
SKGTLSE12,iTLS-Enso,12191,11/13/2020, 10:08:19,404
SKGTLSE12,iTLS-Enso,12193,11/13/2020, 11:07:19,404
SKGTLSE12,iTLS-Enso,12195,11/13/2020, 12:09:59,404
SKGTLSE12,iTLS-Enso,12195,11/13/2020, 13:07:18,404
SKGTLSE12,iTLS-Enso,12196,11/13/2020, 14:08:21,404
SKGTLSE12,iTLS-Enso,12196,11/13/2020, 15:08:21,404
SKGTLSE12,iTLS-Enso,12197,11/13/2020, 16:11:36,404
SKGTLSE12,iTLS-Enso,12197,11/13/2020, 17:07:36,404
SKGTLSE12,iTLS-Enso,12198,11/13/2020, 18:07:56,404
SKGTLSE12,iTLS-Enso,12198,11/13/2020, 19:06:47,404
SKGTLSE12,iTLS-Enso,12198,11/13/2020, 20:07:34,404
SKGTLSE12,iTLS-Enso,12198,11/13/2020, 21:06:42,404
SKGTLSE12,iTLS-Enso,12198,11/13/2020, 22:08:55,404
SKGTLSE12,iTLS-Enso,12198,11/13/2020, 23:07:27,404
SKGTLSE12,iTLS-Enso,12199,11/14/2020, 00:20:07,404
SKGTLSE12,iTLS-Enso,12199,11/14/2020, 01:12:17,404
SKGTLSE12,iTLS-Enso,12199,11/14/2020, 02:11:50,404
SKGTLSE12,iTLS-Enso,12200,11/14/2020, 03:07:50,404
SKGTLSE12,iTLS-Enso,12200,11/14/2020, 04:08:43,404
SKGTLSE12,iTLS-Enso,12200,11/14/2020, 05:07:16,404
SKGTLSE12,iTLS-Enso,12200,11/14/2020, 06:08:33,404
SKGTLSE12,iTLS-Enso,12200,11/14/2020, 07:07:28,404
SKGTLSE12,iTLS-Enso,12200,11/14/2020, 08:08:46,404
SKGTLSE12,iTLS-Enso,12200,11/14/2020, 09:07:55,404
SKGTLSE12,iTLS-Enso,12200,11/14/2020, 10:08:16,404
SKGTLSE12,iTLS-Enso,12201,11/14/2020, 11:07:23,404
SKGTLSE12,iTLS-Enso,12202,11/14/2020, 12:09:10,404
SKGTLSE12,iTLS-Enso,12202,11/14/2020, 13:07:04,404
SKGTLSE12,iTLS-Enso,12202,11/14/2020, 14:07:54,404
SKGTLSE12,iTLS-Enso,12202,11/14/2020, 15:07:52,404
SKGTLSE12,iTLS-Enso,12202,11/14/2020, 16:10:59,404
SKGTLSE12,iTLS-Enso,12203,11/14/2020, 17:06:52,404
SKGTLSE12,iTLS-Enso,12205,11/14/2020, 18:07:34,404
SKGTLSE12,iTLS-Enso,12206,11/14/2020, 19:06:42,404
SKGTLSE12,iTLS-Enso,12207,11/14/2020, 20:07:15,404
SKGTLSE12,iTLS-Enso,12207,11/14/2020, 21:06:49,404
SKGTLSE12,iTLS-Enso,12210,11/14/2020, 22:08:19,404
SKGTLSE12,iTLS-Enso,12210,11/14/2020, 23:07:25,404
SKGTLSE12,iTLS-Enso,12210,11/15/2020, 00:21:21,404
SKGTLSE12,iTLS-Enso,12210,11/15/2020, 01:16:27,404
SKGTLSE12,iTLS-Enso,12211,11/15/2020, 02:09:01,404
SKGTLSE12,iTLS-Enso,12212,11/15/2020, 03:07:42,404
SKGTLSE12,iTLS-Enso,12213,11/15/2020, 04:08:56,404
SKGTLSE12,iTLS-Enso,12214,11/15/2020, 05:07:28,404
SKGTLSE12,iTLS-Enso,12214,11/15/2020, 06:08:55,404
SKGTLSE12,iTLS-Enso,12214,11/15/2020, 07:07:48,404
SKGTLSE12,iTLS-Enso,12215,11/15/2020, 08:08:41,404
SKGTLSE12,iTLS-Enso,12215,11/15/2020, 09:07:34,404
SKGTLSE12,iTLS-Enso,12216,11/15/2020, 10:08:02,404
SKGTLSE12,iTLS-Enso,12216,11/15/2020, 11:07:32,404
SKGTLSE12,iTLS-Enso,12218,11/15/2020, 12:09:51,404
SKGTLSE12,iTLS-Enso,12218,11/15/2020, 13:06:49,404
SKGTLSE12,iTLS-Enso,12218,11/15/2020, 14:08:01,404
SKGTLSE12,iTLS-Enso,12218,11/15/2020, 15:07:21,404
SKGTLSE12,iTLS-Enso,12220,11/15/2020, 16:11:08,404
SKGTLSE12,iTLS-Enso,12220,11/15/2020, 17:07:03,404
SKGTLSE12,iTLS-Enso,12220,11/15/2020, 18:07:37,404
SKGTLSE12,iTLS-Enso,12220,11/15/2020, 19:06:28,404
SKGTLSE12,iTLS-Enso,12220,11/15/2020, 20:07:30,404
SKGTLSE12,iTLS-Enso,12220,11/15/2020, 21:06:37,404
SKGTLSE12,iTLS-Enso,12222,11/15/2020, 22:08:34,404
SKGTLSE12,iTLS-Enso,12223,11/15/2020, 23:07:35,404
SKGTLSE12,iTLS-Enso,12223,11/16/2020, 00:20:59,404
SKGTLSE12,iTLS-Enso,12223,11/16/2020, 01:14:19,404
SKGTLSE12,iTLS-Enso,12223,11/16/2020, 02:10:40,404
SKGTLSE12,iTLS-Enso,12223,11/16/2020, 03:07:51,404
SKGTLSE12,iTLS-Enso,12224,11/16/2020, 04:09:17,404
SKGTLSE12,iTLS-Enso,12224,11/16/2020, 05:07:45,404
SKGTLSE12,iTLS-Enso,12224,11/16/2020, 06:08:51,404
SKGTLSE12,iTLS-Enso,12226,11/16/2020, 07:07:53,404
SKGTLSE12,iTLS-Enso,12226,11/16/2020, 08:09:10,404
SKGTLSE12,iTLS-Enso,12226,11/16/2020, 09:08:10,404
SKGTLSE12,iTLS-Enso,12226,11/16/2020, 10:09:03,404
SKGTLSE12,iTLS-Enso,12226,11/16/2020, 11:07:30,404
SKGTLSE12,iTLS-Enso,12226,11/16/2020, 12:10:18,404
SKGTLSE12,iTLS-Enso,12226,11/16/2020, 13:07:26,404
SKGTLSE12,iTLS-Enso,12226,11/16/2020, 14:09:24,404
SKGTLSE12,iTLS-Enso,12226,11/16/2020, 15:08:24,404
SKGTLSE12,iTLS-Enso,12226,11/16/2020, 16:13:18,404
SKGTLSE12,iTLS-Enso,12227,11/16/2020, 17:13:46,404
SKGTLSE12,iTLS-Enso,12227,11/16/2020, 18:08:12,404
SKGTLSE12,iTLS-Enso,12227,11/16/2020, 19:06:42,404
SKGTLSE12,iTLS-Enso,12227,11/16/2020, 20:07:35,404
SKGTLSE12,iTLS-Enso,12227,11/16/2020, 21:07:13,404
SKGTLSE12,iTLS-Enso,12227,11/16/2020, 22:08:58,404
SKGTLSE12,iTLS-Enso,12227,11/16/2020, 23:06:55,404
SKGTLSE12,iTLS-Enso,12228,11/17/2020, 00:20:41,404
SKGTLSE12,iTLS-Enso,12229,11/17/2020, 01:14:45,404
SKGTLSE12,iTLS-Enso,12230,11/17/2020, 02:09:10,404
SKGTLSE12,iTLS-Enso,12230,11/17/2020, 03:07:40,404
SKGTLSE12,iTLS-Enso,12230,11/17/2020, 04:09:13,404
SKGTLSE12,iTLS-Enso,12230,11/17/2020, 05:07:51,404
SKGTLSE12,iTLS-Enso,12231,11/17/2020, 06:09:01,404
SKGTLSE12,iTLS-Enso,12232,11/17/2020, 07:08:01,404
SKGTLSE12,iTLS-Enso,12232,11/17/2020, 08:09:26,404
SKGTLSE12,iTLS-Enso,12232,11/17/2020, 09:07:53,404
SKGTLSE12,iTLS-Enso,12232,11/17/2020, 10:09:55,404
SKGTLSE12,iTLS-Enso,12233,11/17/2020, 11:07:32,404
SKGTLSE12,iTLS-Enso,12233,11/17/2020, 12:10:08,404
SKGTLSE12,iTLS-Enso,12233,11/17/2020, 13:07:31,404
SKGTLSE12,iTLS-Enso,12234,11/17/2020, 14:10:16,404
SKGTLSE12,iTLS-Enso,12234,11/17/2020, 15:08:57,404
SKGTLSE12,iTLS-Enso,12234,11/17/2020, 16:13:37,404
SKGTLSE12,iTLS-Enso,12234,11/17/2020, 17:07:54,404
SKGTLSE12,iTLS-Enso,12234,11/17/2020, 18:08:06,404
SKGTLSE12,iTLS-Enso,12234,11/17/2020, 19:06:49,404
SKGTLSE12,iTLS-Enso,12234,11/17/2020, 20:10:04,404
SKGTLSE12,iTLS-Enso,12234,11/17/2020, 21:07:03,404
SKGTLSE12,iTLS-Enso,12235,11/17/2020, 22:09:15,404
SKGTLSE12,iTLS-Enso,12235,11/17/2020, 23:07:40,404
SKGTLSE12,iTLS-Enso,12236,11/18/2020, 00:21:03,404
SKGTLSE12,iTLS-Enso,12237,11/18/2020, 01:15:50,404
SKGTLSE12,iTLS-Enso,12238,11/18/2020, 02:09:19,404
SKGTLSE12,iTLS-Enso,12239,11/18/2020, 03:07:56,404
SKGTLSE12,iTLS-Enso,12239,11/18/2020, 04:09:35,404
SKGTLSE12,iTLS-Enso,12240,11/18/2020, 05:07:48,404
SKGTLSE12,iTLS-Enso,12240,11/18/2020, 06:09:15,404
SKGTLSE12,iTLS-Enso,12240,11/18/2020, 07:08:35,404
SKGTLSE12,iTLS-Enso,12240,11/18/2020, 08:09:35,404
SKGTLSE12,iTLS-Enso,12240,11/18/2020, 09:07:57,404
SKGTLSE12,iTLS-Enso,12240,11/18/2020, 10:09:10,404
SKGTLSE12,iTLS-Enso,12240,11/18/2020, 11:07:25,404
SKGTLSE12,iTLS-Enso,12242,11/18/2020, 12:10:16,404
SKGTLSE12,iTLS-Enso,12244,11/18/2020, 13:07:34,404
SKGTLSE12,iTLS-Enso,12244,11/18/2020, 14:09:42,404
SKGTLSE12,iTLS-Enso,12246,11/18/2020, 15:08:02,404
SKGTLSE12,iTLS-Enso,12246,11/18/2020, 16:12:33,404
SKGTLSE12,iTLS-Enso,12246,11/18/2020, 17:08:10,404
SKGTLSE12,iTLS-Enso,12246,11/18/2020, 18:08:15,404
SKGTLSE12,iTLS-Enso,12246,11/18/2020, 19:07:06,404
SKGTLSE12,iTLS-Enso,12247,11/18/2020, 20:07:45,404
SKGTLSE12,iTLS-Enso,12248,11/18/2020, 21:07:27,404
SKGTLSE12,iTLS-Enso,12248,11/18/2020, 22:09:24,404
SKGTLSE12,iTLS-Enso,12248,11/18/2020, 23:09:32,404
SKGTLSE12,iTLS-Enso,12248,11/19/2020, 00:21:04,404
SKGTLSE12,iTLS-Enso,12248,11/19/2020, 01:16:14,404
SKGTLSE12,iTLS-Enso,12248,11/19/2020, 02:09:22,404
SKGTLSE12,iTLS-Enso,12249,11/19/2020, 03:08:19,404
SKGTLSE12,iTLS-Enso,12249,11/19/2020, 04:09:40,404
SKGTLSE12,iTLS-Enso,12249,11/19/2020, 05:07:56,404
SKGTLSE12,iTLS-Enso,12249,11/19/2020, 06:09:26,404
SKGTLSE12,iTLS-Enso,12249,11/19/2020, 07:08:04,404
SKGTLSE12,iTLS-Enso,12249,11/19/2020, 08:09:19,404
SKGTLSE12,iTLS-Enso,12249,11/19/2020, 09:17:34,404
SKGTLSE12,iTLS-Enso,12249,11/19/2020, 10:09:33,404
SKGTLSE12,iTLS-Enso,12249,11/19/2020, 11:07:37,404
SKGTLSE12,iTLS-Enso,12249,11/19/2020, 12:10:37,404
SKGTLSE12,iTLS-Enso,12249,11/19/2020, 13:07:35,404
SKGTLSE12,iTLS-Enso,12249,11/19/2020, 14:10:12,404
SKGTLSE12,iTLS-Enso,12249,11/19/2020, 15:09:14,404
SKGTLSE12,iTLS-Enso,12250,11/19/2020, 16:15:00,404
SKGTLSE12,iTLS-Enso,12250,11/19/2020, 17:08:21,404
SKGTLSE12,iTLS-Enso,12250,11/19/2020, 18:09:03,404
SKGTLSE12,iTLS-Enso,12250,11/19/2020, 19:06:52,404
SKGTLSE12,iTLS-Enso,12250,11/19/2020, 20:08:10,404
SKGTLSE12,iTLS-Enso,12251,11/19/2020, 21:07:22,404
SKGTLSE12,iTLS-Enso,12252,11/19/2020, 22:09:31,404
SKGTLSE12,iTLS-Enso,12252,11/19/2020, 23:07:48,404
SKGTLSE12,iTLS-Enso,12254,11/20/2020, 00:21:24,404
SKGTLSE12,iTLS-Enso,12254,11/20/2020, 01:17:20,404
SKGTLSE12,iTLS-Enso,12254,11/20/2020, 02:09:47,404
SKGTLSE12,iTLS-Enso,12255,11/20/2020, 03:08:15,404
SKGTLSE12,iTLS-Enso,12255,11/20/2020, 04:09:40,404
SKGTLSE12,iTLS-Enso,12256,11/20/2020, 05:07:52,404
SKGTLSE12,iTLS-Enso,12256,11/20/2020, 06:09:18,404
SKGTLSE12,iTLS-Enso,12256,11/20/2020, 07:12:44,404
SKGTLSE12,iTLS-Enso,12257,11/20/2020, 08:09:39,404
SKGTLSE12,iTLS-Enso,12258,11/20/2020, 09:08:24,404
SKGTLSE12,iTLS-Enso,12258,11/20/2020, 10:09:21,404
SKGTLSE12,iTLS-Enso,12258,11/20/2020, 11:07:42,404
SKGTLSE12,iTLS-Enso,12258,11/20/2020, 12:10:34,404
SKGTLSE12,iTLS-Enso,12258,11/20/2020, 13:07:30,404
SKGTLSE12,iTLS-Enso,12258,11/20/2020, 14:09:18,404
SKGTLSE12,iTLS-Enso,12258,11/20/2020, 15:08:08,404
SKGTLSE12,iTLS-Enso,12259,11/20/2020, 16:12:42,404
SKGTLSE12,iTLS-Enso,12260,11/20/2020, 17:08:17,404
SKGTLSE12,iTLS-Enso,12260,11/20/2020, 18:08:11,404
SKGTLSE12,iTLS-Enso,12260,11/20/2020, 19:07:03,404
SKGTLSE12,iTLS-Enso,12260,11/20/2020, 20:07:52,404
SKGTLSE12,iTLS-Enso,12260,11/20/2020, 21:07:35,404
SKGTLSE12,iTLS-Enso,12261,11/20/2020, 22:09:38,404
SKGTLSE12,iTLS-Enso,12263,11/20/2020, 23:07:46,404
SKGTLSE12,iTLS-Enso,12263,11/21/2020, 00:21:31,404
SKGTLSE12,iTLS-Enso,12264,11/21/2020, 01:17:00,404
SKGTLSE12,iTLS-Enso,12264,11/21/2020, 02:09:46,404
SKGTLSE12,iTLS-Enso,12264,11/21/2020, 03:08:13,404
SKGTLSE12,iTLS-Enso,12264,11/21/2020, 04:10:15,404
SKGTLSE12,iTLS-Enso,12264,11/21/2020, 05:07:50,404
SKGTLSE12,iTLS-Enso,12264,11/21/2020, 06:09:46,404
SKGTLSE12,iTLS-Enso,12264,11/21/2020, 07:08:17,404
SKGTLSE12,iTLS-Enso,12264,11/21/2020, 08:09:12,404
SKGTLSE12,iTLS-Enso,12264,11/21/2020, 09:07:47,404
SKGTLSE12,iTLS-Enso,12264,11/21/2020, 10:08:58,404
SKGTLSE12,iTLS-Enso,12264,11/21/2020, 11:07:54,404
SKGTLSE12,iTLS-Enso,12265,11/21/2020, 12:09:55,404
SKGTLSE12,iTLS-Enso,12266,11/21/2020, 13:07:30,404
SKGTLSE12,iTLS-Enso,12266,11/21/2020, 14:08:51,404
SKGTLSE12,iTLS-Enso,12267,11/21/2020, 15:07:39,404
SKGTLSE12,iTLS-Enso,12267,11/21/2020, 16:12:04,404
SKGTLSE12,iTLS-Enso,12270,11/21/2020, 17:07:03,404
SKGTLSE12,iTLS-Enso,12270,11/21/2020, 18:07:59,404
SKGTLSE12,iTLS-Enso,12270,11/21/2020, 19:06:39,404
SKGTLSE12,iTLS-Enso,12270,11/21/2020, 20:07:41,404
SKGTLSE12,iTLS-Enso,12271,11/21/2020, 21:07:21,404
SKGTLSE12,iTLS-Enso,12271,11/21/2020, 22:11:11,404
SKGTLSE12,iTLS-Enso,12273,11/21/2020, 23:07:52,404
SKGTLSE12,iTLS-Enso,12273,11/22/2020, 00:22:56,404
SKGTLSE12,iTLS-Enso,12273,11/22/2020, 01:19:41,404
SKGTLSE12,iTLS-Enso,12273,11/22/2020, 02:09:56,404
SKGTLSE12,iTLS-Enso,12274,11/22/2020, 03:08:05,404
SKGTLSE12,iTLS-Enso,12275,11/22/2020, 04:09:38,404
SKGTLSE12,iTLS-Enso,12276,11/22/2020, 05:08:02,404
SKGTLSE12,iTLS-Enso,12277,11/22/2020, 06:09:44,404
SKGTLSE12,iTLS-Enso,12277,11/22/2020, 07:08:28,404
SKGTLSE12,iTLS-Enso,12277,11/22/2020, 08:09:14,404
SKGTLSE12,iTLS-Enso,12277,11/22/2020, 09:08:14,404
SKGTLSE12,iTLS-Enso,12277,11/22/2020, 10:08:54,404
SKGTLSE12,iTLS-Enso,12279,11/22/2020, 11:07:57,404
SKGTLSE12,iTLS-Enso,12279,11/22/2020, 12:10:17,404
SKGTLSE12,iTLS-Enso,12279,11/22/2020, 13:07:24,404
SKGTLSE12,iTLS-Enso,12280,11/22/2020, 14:08:48,404
SKGTLSE12,iTLS-Enso,12282,11/22/2020, 15:07:51,404
SKGTLSE12,iTLS-Enso,12282,11/22/2020, 16:12:13,404
SKGTLSE12,iTLS-Enso,12282,11/22/2020, 17:07:05,404
SKGTLSE12,iTLS-Enso,12282,11/22/2020, 18:07:59,404
SKGTLSE12,iTLS-Enso,12283,11/22/2020, 19:06:55,404
SKGTLSE12,iTLS-Enso,12283,11/22/2020, 20:07:46,404
SKGTLSE12,iTLS-Enso,12284,11/22/2020, 21:07:10,404
SKGTLSE12,iTLS-Enso,12284,11/22/2020, 22:09:35,404
SKGTLSE12,iTLS-Enso,12284,11/22/2020, 23:07:52,404
SKGTLSE12,iTLS-Enso,12284,11/23/2020, 00:22:34,404
SKGTLSE12,iTLS-Enso,12284,11/23/2020, 01:19:43,404
SKGTLSE12,iTLS-Enso,12284,11/23/2020, 02:10:11,404
SKGTLSE12,iTLS-Enso,12284,11/23/2020, 03:08:01,404
SKGTLSE12,iTLS-Enso,12285,11/23/2020, 04:10:18,404
SKGTLSE12,iTLS-Enso,12285,11/23/2020, 05:08:25,404
SKGTLSE12,iTLS-Enso,12285,11/23/2020, 06:10:03,404
SKGTLSE12,iTLS-Enso,12285,11/23/2020, 07:08:28,404
SKGTLSE12,iTLS-Enso,12285,11/23/2020, 08:11:47,404
SKGTLSE12,iTLS-Enso,12285,11/23/2020, 09:08:35,404
SKGTLSE12,iTLS-Enso,12285,11/23/2020, 10:09:29,404
SKGTLSE12,iTLS-Enso,12285,11/23/2020, 11:07:58,404
SKGTLSE12,iTLS-Enso,12285,11/23/2020, 12:11:11,404
SKGTLSE12,iTLS-Enso,12285,11/23/2020, 13:08:13,404
SKGTLSE12,iTLS-Enso,12285,11/23/2020, 14:10:05,404
SKGTLSE12,iTLS-Enso,12285,11/23/2020, 15:08:52,404
SKGTLSE12,iTLS-Enso,12285,11/23/2020, 16:13:37,404
SKGTLSE12,iTLS-Enso,12285,11/23/2020, 17:06:02,404
SKGTLSE12,iTLS-Enso,12285,11/23/2020, 18:09:09,404
SKGTLSE12,iTLS-Enso,12285,11/23/2020, 19:07:09,404
SKGTLSE12,iTLS-Enso,12286,11/23/2020, 20:08:22,404
SKGTLSE12,iTLS-Enso,12286,11/23/2020, 21:07:26,404
SKGTLSE12,iTLS-Enso,12286,11/23/2020, 22:09:47,404
SKGTLSE12,iTLS-Enso,12286,11/23/2020, 23:08:13,404
SKGTLSE12,iTLS-Enso,12287,11/24/2020, 00:22:13,404
SKGTLSE12,iTLS-Enso,12289,11/24/2020, 01:19:21,404
SKGTLSE12,iTLS-Enso,12290,11/24/2020, 02:10:00,404
SKGTLSE12,iTLS-Enso,12290,11/24/2020, 03:08:19,404
SKGTLSE12,iTLS-Enso,12290,11/24/2020, 04:10:08,404
SKGTLSE12,iTLS-Enso,12290,11/24/2020, 05:08:25,404
SKGTLSE12,iTLS-Enso,12290,11/24/2020, 06:09:57,404
SKGTLSE12,iTLS-Enso,12290,11/24/2020, 07:08:42,404
SKGTLSE12,iTLS-Enso,12290,11/24/2020, 08:10:01,404
SKGTLSE12,iTLS-Enso,12290,11/24/2020, 09:08:44,404
SKGTLSE12,iTLS-Enso,12290,11/24/2020, 10:09:42,404
SKGTLSE12,iTLS-Enso,12290,11/24/2020, 11:08:13,404
SKGTLSE12,iTLS-Enso,12290,11/24/2020, 12:11:03,404
SKGTLSE12,iTLS-Enso,12291,11/24/2020, 13:07:56,404
SKGTLSE12,iTLS-Enso,12291,11/24/2020, 14:09:17,404
SKGTLSE12,iTLS-Enso,12291,11/24/2020, 15:08:40,404
SKGTLSE12,iTLS-Enso,12291,11/24/2020, 16:14:23,404
SKGTLSE12,iTLS-Enso,12291,11/24/2020, 17:08:04,404
SKGTLSE12,iTLS-Enso,12291,11/24/2020, 18:08:46,404
SKGTLSE12,iTLS-Enso,12291,11/24/2020, 19:07:27,404
SKGTLSE12,iTLS-Enso,12291,11/24/2020, 20:08:21,404
SKGTLSE12,iTLS-Enso,12291,11/24/2020, 21:07:22,404
SKGTLSE12,iTLS-Enso,12292,11/24/2020, 22:09:54,404
SKGTLSE12,iTLS-Enso,12292,11/24/2020, 23:08:11,404
SKGTLSE12,iTLS-Enso,12293,11/25/2020, 00:22:29,404
SKGTLSE12,iTLS-Enso,12293,11/25/2020, 01:20:25,404
SKGTLSE12,iTLS-Enso,12293,11/25/2020, 02:10:07,404
SKGTLSE12,iTLS-Enso,12293,11/25/2020, 03:08:32,404
SKGTLSE12,iTLS-Enso,12293,11/25/2020, 04:10:17,404
SKGTLSE12,iTLS-Enso,12293,11/25/2020, 05:08:31,404
SKGTLSE12,iTLS-Enso,12293,11/25/2020, 06:10:14,404
SKGTLSE12,iTLS-Enso,12293,11/25/2020, 07:08:53,404
SKGTLSE12,iTLS-Enso,12293,11/25/2020, 08:09:49,404
SKGTLSE12,iTLS-Enso,12293,11/25/2020, 09:08:54,404
SKGTLSE12,iTLS-Enso,12294,11/25/2020, 10:09:41,404
SKGTLSE12,iTLS-Enso,12294,11/25/2020, 11:07:46,404
SKGTLSE12,iTLS-Enso,12294,11/25/2020, 12:11:11,404
SKGTLSE12,iTLS-Enso,12294,11/25/2020, 13:08:04,404
SKGTLSE12,iTLS-Enso,12294,11/25/2020, 14:09:52,404
SKGTLSE12,iTLS-Enso,12294,11/25/2020, 15:08:37,404
SKGTLSE12,iTLS-Enso,12295,11/25/2020, 16:13:37,404
SKGTLSE12,iTLS-Enso,12295,11/25/2020, 17:07:01,404
SKGTLSE12,iTLS-Enso,12295,11/25/2020, 18:08:49,404
SKGTLSE12,iTLS-Enso,12295,11/25/2020, 19:07:03,404
SKGTLSE12,iTLS-Enso,12295,11/25/2020, 20:08:31,404
SKGTLSE12,iTLS-Enso,12295,11/25/2020, 21:07:33,404
SKGTLSE12,iTLS-Enso,12296,11/25/2020, 22:09:52,404
SKGTLSE12,iTLS-Enso,12296,11/25/2020, 23:08:21,404
SKGTLSE12,iTLS-Enso,12297,11/26/2020, 00:22:16,404
SKGTLSE12,iTLS-Enso,12298,11/26/2020, 01:20:41,404
SKGTLSE12,iTLS-Enso,12298,11/26/2020, 02:10:14,404
SKGTLSE12,iTLS-Enso,12298,11/26/2020, 03:08:44,404
SKGTLSE12,iTLS-Enso,12299,11/26/2020, 04:10:06,404
SKGTLSE12,iTLS-Enso,12299,11/26/2020, 05:08:13,404
SKGTLSE12,iTLS-Enso,12299,11/26/2020, 06:10:15,404
SKGTLSE12,iTLS-Enso,12299,11/26/2020, 07:08:43,404
SKGTLSE12,iTLS-Enso,12299,11/26/2020, 08:10:07,404
SKGTLSE12,iTLS-Enso,12299,11/26/2020, 09:08:48,404
SKGTLSE12,iTLS-Enso,12299,11/26/2020, 10:09:32,404
SKGTLSE12,iTLS-Enso,12299,11/26/2020, 11:08:18,404
SKGTLSE12,iTLS-Enso,12299,11/26/2020, 12:11:11,404
SKGTLSE12,iTLS-Enso,12299,11/26/2020, 13:07:57,404
SKGTLSE12,iTLS-Enso,12300,11/26/2020, 14:09:50,404
SKGTLSE12,iTLS-Enso,12300,11/26/2020, 15:08:44,404
SKGTLSE12,iTLS-Enso,12301,11/26/2020, 16:13:32,404
SKGTLSE12,iTLS-Enso,12301,11/26/2020, 17:07:32,404
SKGTLSE12,iTLS-Enso,12301,11/26/2020, 18:08:48,404
SKGTLSE12,iTLS-Enso,12301,11/26/2020, 19:07:09,404
SKGTLSE12,iTLS-Enso,12301,11/26/2020, 20:08:46,404
SKGTLSE12,iTLS-Enso,12302,11/26/2020, 21:07:22,404
SKGTLSE12,iTLS-Enso,12302,11/26/2020, 22:09:44,404
SKGTLSE12,iTLS-Enso,12302,11/26/2020, 23:08:31,404
SKGTLSE12,iTLS-Enso,12302,11/27/2020, 00:23:41,404
SKGTLSE12,iTLS-Enso,12302,11/27/2020, 01:23:06,404
SKGTLSE12,iTLS-Enso,12302,11/27/2020, 02:10:13,404
SKGTLSE12,iTLS-Enso,12302,11/27/2020, 03:09:02,404
SKGTLSE12,iTLS-Enso,12303,11/27/2020, 04:11:04,404
SKGTLSE12,iTLS-Enso,12304,11/27/2020, 05:08:42,404
SKGTLSE12,iTLS-Enso,12304,11/27/2020, 06:10:22,404
SKGTLSE12,iTLS-Enso,12304,11/27/2020, 07:08:47,404
SKGTLSE12,iTLS-Enso,12304,11/27/2020, 08:11:07,404
SKGTLSE12,iTLS-Enso,12304,11/27/2020, 09:09:18,404
SKGTLSE12,iTLS-Enso,12304,11/27/2020, 10:09:54,404
SKGTLSE12,iTLS-Enso,12304,11/27/2020, 11:08:29,404
SKGTLSE12,iTLS-Enso,12304,11/27/2020, 12:11:49,404
SKGTLSE12,iTLS-Enso,12304,11/27/2020, 13:08:28,404
SKGTLSE12,iTLS-Enso,12305,11/27/2020, 14:09:30,404
SKGTLSE12,iTLS-Enso,12305,11/27/2020, 15:08:30,404
SKGTLSE12,iTLS-Enso,12305,11/27/2020, 17:07:50,404
SKGTLSE12,iTLS-Enso,12305,11/27/2020, 18:08:39,404
SKGTLSE12,iTLS-Enso,12305,11/27/2020, 19:07:15,404
SKGTLSE12,iTLS-Enso,12305,11/27/2020, 20:09:01,404
SKGTLSE12,iTLS-Enso,12305,11/27/2020, 21:07:29,404
SKGTLSE12,iTLS-Enso,12305,11/27/2020, 22:09:36,404
SKGTLSE12,iTLS-Enso,12305,11/27/2020, 23:08:44,404
SKGTLSE12,iTLS-Enso,12305,11/28/2020, 00:23:25,404
SKGTLSE12,iTLS-Enso,12305,11/28/2020, 01:22:59,404
SKGTLSE12,iTLS-Enso,12306,11/28/2020, 02:10:13,404
SKGTLSE12,iTLS-Enso,12306,11/28/2020, 03:09:06,404
SKGTLSE12,iTLS-Enso,12306,11/28/2020, 04:11:19,404
SKGTLSE12,iTLS-Enso,12306,11/28/2020, 05:08:30,404
SKGTLSE12,iTLS-Enso,12306,11/28/2020, 06:10:05,404
SKGTLSE12,iTLS-Enso,12306,11/28/2020, 07:09:38,404
SKGTLSE12,iTLS-Enso,12306,11/28/2020, 08:10:31,404
SKGTLSE12,iTLS-Enso,12307,11/28/2020, 09:08:54,404
SKGTLSE12,iTLS-Enso,12307,11/28/2020, 10:09:17,404
SKGTLSE12,iTLS-Enso,12307,11/28/2020, 11:08:13,404
SKGTLSE12,iTLS-Enso,12307,11/28/2020, 12:11:21,404
SKGTLSE12,iTLS-Enso,12308,11/28/2020, 13:07:55,404
SKGTLSE12,iTLS-Enso,12308,11/28/2020, 14:09:23,404
SKGTLSE12,iTLS-Enso,12308,11/28/2020, 15:08:22,404
SKGTLSE12,iTLS-Enso,12308,11/28/2020, 16:12:52,404
SKGTLSE12,iTLS-Enso,12308,11/28/2020, 17:07:50,404
SKGTLSE12,iTLS-Enso,12308,11/28/2020, 18:08:56,404
SKGTLSE12,iTLS-Enso,12308,11/28/2020, 19:07:03,404
SKGTLSE12,iTLS-Enso,12309,11/28/2020, 20:08:52,404
SKGTLSE12,iTLS-Enso,12309,11/28/2020, 21:07:20,404
SKGTLSE12,iTLS-Enso,12309,11/28/2020, 22:09:52,404
SKGTLSE12,iTLS-Enso,12310,11/28/2020, 23:08:29,404
SKGTLSE12,iTLS-Enso,12311,11/29/2020, 00:24:44,404
SKGTLSE12,iTLS-Enso,12311,11/29/2020, 01:26:29,404
SKGTLSE12,iTLS-Enso,12311,11/29/2020, 02:10:28,404
SKGTLSE12,iTLS-Enso,12311,11/29/2020, 03:09:04,404
SKGTLSE12,iTLS-Enso,12311,11/29/2020, 04:11:31,404
SKGTLSE12,iTLS-Enso,12311,11/29/2020, 05:08:28,404
SKGTLSE12,iTLS-Enso,12311,11/29/2020, 06:10:11,404
SKGTLSE12,iTLS-Enso,12311,11/29/2020, 07:08:47,404
SKGTLSE12,iTLS-Enso,12311,11/29/2020, 08:10:37,404
SKGTLSE12,iTLS-Enso,12311,11/29/2020, 09:08:35,404
SKGTLSE12,iTLS-Enso,12312,11/29/2020, 10:09:19,404
SKGTLSE12,iTLS-Enso,12312,11/29/2020, 11:08:10,404
SKGTLSE12,iTLS-Enso,12312,11/29/2020, 12:11:27,404
SKGTLSE12,iTLS-Enso,12312,11/29/2020, 13:08:10,404
SKGTLSE12,iTLS-Enso,12312,11/29/2020, 14:09:29,404
SKGTLSE12,iTLS-Enso,12315,11/29/2020, 15:08:01,404
SKGTLSE12,iTLS-Enso,12316,11/29/2020, 16:13:16,404
SKGTLSE12,iTLS-Enso,12316,11/29/2020, 17:07:47,404
SKGTLSE12,iTLS-Enso,12316,11/29/2020, 18:08:35,404
SKGTLSE12,iTLS-Enso,12316,11/29/2020, 19:07:24,404
SKGTLSE12,iTLS-Enso,12316,11/29/2020, 20:08:45,404
SKGTLSE12,iTLS-Enso,12316,11/29/2020, 21:07:36,404
SKGTLSE12,iTLS-Enso,12316,11/29/2020, 22:10:03,404
SKGTLSE12,iTLS-Enso,12320,11/29/2020, 23:08:41,404
SKGTLSE12,iTLS-Enso,12320,11/30/2020, 00:24:37,404
SKGTLSE12,iTLS-Enso,12321,11/30/2020, 01:26:33,404
SKGTLSE12,iTLS-Enso,12321,11/30/2020, 02:10:46,404
SKGTLSE12,iTLS-Enso,12322,11/30/2020, 03:08:58,404
SKGTLSE12,iTLS-Enso,12322,11/30/2020, 04:11:32,404
SKGTLSE12,iTLS-Enso,12322,11/30/2020, 05:08:52,404
SKGTLSE12,iTLS-Enso,12323,11/30/2020, 06:10:24,404
SKGTLSE12,iTLS-Enso,12323,11/30/2020, 07:09:10,404
SKGTLSE12,iTLS-Enso,12323,11/30/2020, 08:11:31,404
SKGTLSE12,iTLS-Enso,12323,11/30/2020, 09:09:18,404
SKGTLSE12,iTLS-Enso,12323,11/30/2020, 10:10:04,404
SKGTLSE12,iTLS-Enso,12323,11/30/2020, 11:08:34,404
SKGTLSE12,iTLS-Enso,12323,11/30/2020, 12:12:19,404
SKGTLSE12,iTLS-Enso,12323,11/30/2020, 13:08:38,404
SKGTLSE12,iTLS-Enso,12323,11/30/2020, 14:10:40,404
SKGTLSE12,iTLS-Enso,12323,11/30/2020, 15:11:08,404
SKGTLSE12,iTLS-Enso,12323,11/30/2020, 16:14:42,404
SKGTLSE12,iTLS-Enso,12323,11/30/2020, 17:15:28,404
SKGTLSE12,iTLS-Enso,12323,11/30/2020, 18:09:30,404
SKGTLSE12,iTLS-Enso,12325,11/30/2020, 19:07:32,404
SKGTLSE12,iTLS-Enso,12325,11/30/2020, 20:09:35,404
SKGTLSE12,iTLS-Enso,12325,11/30/2020, 21:07:47,404
SKGTLSE12,iTLS-Enso,12325,11/30/2020, 22:10:37,404
SKGTLSE12,iTLS-Enso,12325,11/30/2020, 23:08:44,404
SKGTLSE12,iTLS-Enso,12326,12/01/2020, 00:25:09,404
SKGTLSE12,iTLS-Enso,12326,12/01/2020, 01:27:32,404
SKGTLSE12,iTLS-Enso,12326,12/01/2020, 02:10:24,404
SKGTLSE12,iTLS-Enso,12326,12/01/2020, 03:09:23,404
SKGTLSE12,iTLS-Enso,12326,12/01/2020, 04:11:34,404
SKGTLSE12,iTLS-Enso,12326,12/01/2020, 05:08:54,404
SKGTLSE12,iTLS-Enso,12326,12/01/2020, 06:10:43,404
SKGTLSE12,iTLS-Enso,12326,12/01/2020, 07:09:16,404
SKGTLSE12,iTLS-Enso,12326,12/01/2020, 08:11:34,404
SKGTLSE12,iTLS-Enso,12326,12/01/2020, 09:09:44,404
SKGTLSE12,iTLS-Enso,12326,12/01/2020, 10:10:06,404
SKGTLSE12,iTLS-Enso,12326,12/01/2020, 11:08:40,404
SKGTLSE12,iTLS-Enso,12327,12/01/2020, 12:12:31,404
SKGTLSE12,iTLS-Enso,12328,12/01/2020, 13:09:01,404
SKGTLSE12,iTLS-Enso,12328,12/01/2020, 14:11:24,404
SKGTLSE12,iTLS-Enso,12329,12/01/2020, 15:11:30,404
SKGTLSE12,iTLS-Enso,12330,12/01/2020, 16:16:04,404
SKGTLSE12,iTLS-Enso,12330,12/01/2020, 17:23:22,404
SKGTLSE12,iTLS-Enso,12331,12/01/2020, 20:32:39,404
SKGTLSE12,iTLS-Enso,12331,12/01/2020, 21:20:56,404
SKGTLSE12,iTLS-Enso,12332,12/01/2020, 22:10:54,404
SKGTLSE12,iTLS-Enso,12333,12/01/2020, 23:09:07,404
SKGTLSE12,iTLS-Enso,12334,12/02/2020, 00:24:45,404
SKGTLSE12,iTLS-Enso,12335,12/02/2020, 01:27:08,404
SKGTLSE12,iTLS-Enso,12335,12/02/2020, 02:09:50,404
SKGTLSE12,iTLS-Enso,12335,12/02/2020, 03:09:32,404
SKGTLSE12,iTLS-Enso,12335,12/02/2020, 04:11:53,404
SKGTLSE12,iTLS-Enso,12335,12/02/2020, 05:08:50,404
SKGTLSE12,iTLS-Enso,12335,12/02/2020, 06:10:33,404
SKGTLSE12,iTLS-Enso,12335,12/02/2020, 07:09:19,404
SKGTLSE12,iTLS-Enso,12336,12/02/2020, 08:11:31,404
SKGTLSE12,iTLS-Enso,12336,12/02/2020, 09:09:53,404
SKGTLSE12,iTLS-Enso,12336,12/02/2020, 10:10:28,404
SKGTLSE12,iTLS-Enso,12336,12/02/2020, 11:08:49,404
SKGTLSE12,iTLS-Enso,12336,12/02/2020, 12:12:35,404
SKGTLSE12,iTLS-Enso,12336,12/02/2020, 13:09:25,404
SKGTLSE12,iTLS-Enso,12336,12/02/2020, 14:10:32,404
SKGTLSE12,iTLS-Enso,12337,12/02/2020, 15:11:56,404
SKGTLSE12,iTLS-Enso,12337,12/02/2020, 16:19:50,404
SKGTLSE12,iTLS-Enso,12337,12/02/2020, 17:13:13,404
SKGTLSE12,iTLS-Enso,12337,12/02/2020, 18:09:18,404
SKGTLSE12,iTLS-Enso,12337,12/02/2020, 19:07:38,404
SKGTLSE12,iTLS-Enso,12337,12/02/2020, 20:09:29,404
SKGTLSE12,iTLS-Enso,12337,12/02/2020, 21:06:34,404
SKGTLSE12,iTLS-Enso,12337,12/02/2020, 22:10:38,404
SKGTLSE12,iTLS-Enso,12337,12/02/2020, 23:09:00,404
SKGTLSE12,iTLS-Enso,12338,12/03/2020, 00:24:30,404
SKGTLSE12,iTLS-Enso,12338,12/03/2020, 01:27:05,404
SKGTLSE12,iTLS-Enso,12338,12/03/2020, 02:10:37,404
SKGTLSE12,iTLS-Enso,12338,12/03/2020, 03:09:19,404
SKGTLSE12,iTLS-Enso,12338,12/03/2020, 04:11:43,404
SKGTLSE12,iTLS-Enso,12338,12/03/2020, 05:09:21,404
SKGTLSE12,iTLS-Enso,12338,12/03/2020, 06:10:14,404
SKGTLSE12,iTLS-Enso,12339,12/03/2020, 07:09:31,404
SKGTLSE12,iTLS-Enso,12339,12/03/2020, 08:11:29,404
SKGTLSE12,iTLS-Enso,12339,12/03/2020, 09:09:20,404
SKGTLSE12,iTLS-Enso,12340,12/03/2020, 10:09:53,404
SKGTLSE12,iTLS-Enso,12340,12/03/2020, 11:08:47,404
SKGTLSE12,iTLS-Enso,12340,12/03/2020, 12:12:33,404
SKGTLSE12,iTLS-Enso,12340,12/03/2020, 13:08:59,404
SKGTLSE12,iTLS-Enso,12340,12/03/2020, 14:09:58,404
SKGTLSE12,iTLS-Enso,12340,12/03/2020, 15:09:05,404
SKGTLSE12,iTLS-Enso,12340,12/03/2020, 16:14:18,404
SKGTLSE12,iTLS-Enso,12340,12/03/2020, 17:10:38,404
SKGTLSE12,iTLS-Enso,12340,12/03/2020, 18:09:59,404
SKGTLSE12,iTLS-Enso,12340,12/03/2020, 19:08:05,404
SKGTLSE12,iTLS-Enso,12340,12/03/2020, 20:09:14,404
SKGTLSE12,iTLS-Enso,12341,12/03/2020, 21:08:24,404
SKGTLSE12,iTLS-Enso,12341,12/03/2020, 22:11:07,404
SKGTLSE12,iTLS-Enso,12341,12/03/2020, 23:09:45,404
SKGTLSE12,iTLS-Enso,12341,12/04/2020, 00:24:44,404
SKGTLSE12,iTLS-Enso,12342,12/04/2020, 01:28:40,404
SKGTLSE12,iTLS-Enso,12342,12/04/2020, 02:10:27,404
SKGTLSE12,iTLS-Enso,12342,12/04/2020, 03:09:41,404
SKGTLSE12,iTLS-Enso,12343,12/04/2020, 04:12:00,404
SKGTLSE12,iTLS-Enso,12343,12/04/2020, 05:09:54,404
SKGTLSE12,iTLS-Enso,12345,12/04/2020, 06:11:10,404
SKGTLSE12,iTLS-Enso,12347,12/04/2020, 07:12:48,404
SKGTLSE12,iTLS-Enso,12347,12/04/2020, 08:13:26,404
SKGTLSE12,iTLS-Enso,12347,12/04/2020, 09:12:10,404
SKGTLSE12,iTLS-Enso,12347,12/04/2020, 10:11:02,404
SKGTLSE12,iTLS-Enso,12347,12/04/2020, 11:09:12,404
SKGTLSE12,iTLS-Enso,12347,12/04/2020, 12:13:32,404
SKGTLSE12,iTLS-Enso,12347,12/04/2020, 13:09:30,404
SKGTLSE12,iTLS-Enso,12347,12/04/2020, 14:10:40,404
SKGTLSE12,iTLS-Enso,12347,12/04/2020, 15:09:29,404
SKGTLSE12,iTLS-Enso,12347,12/04/2020, 16:14:12,404
SKGTLSE12,iTLS-Enso,12348,12/04/2020, 17:25:55,404
SKGTLSE12,iTLS-Enso,12348,12/04/2020, 18:09:48,404
SKGTLSE12,iTLS-Enso,12348,12/04/2020, 19:08:02,404
SKGTLSE12,iTLS-Enso,12348,12/04/2020, 20:09:34,404
SKGTLSE12,iTLS-Enso,12348,12/04/2020, 21:08:58,404
SKGTLSE12,iTLS-Enso,12348,12/04/2020, 22:11:21,404
SKGTLSE12,iTLS-Enso,12348,12/04/2020, 23:09:41,404
SKGTLSE12,iTLS-Enso,12348,12/05/2020, 00:25:05,404
SKGTLSE12,iTLS-Enso,12348,12/05/2020, 01:29:46,404
SKGTLSE12,iTLS-Enso,12349,12/05/2020, 02:11:03,404
SKGTLSE12,iTLS-Enso,12349,12/05/2020, 03:09:54,404
SKGTLSE12,iTLS-Enso,12349,12/05/2020, 04:11:53,404
SKGTLSE12,iTLS-Enso,12350,12/05/2020, 05:09:53,404
SKGTLSE12,iTLS-Enso,12351,12/05/2020, 06:11:13,404
SKGTLSE12,iTLS-Enso,12351,12/05/2020, 07:10:06,404
SKGTLSE12,iTLS-Enso,12352,12/05/2020, 08:11:04,404
SKGTLSE12,iTLS-Enso,12354,12/05/2020, 09:10:20,404
SKGTLSE12,iTLS-Enso,12354,12/05/2020, 10:10:40,404
SKGTLSE12,iTLS-Enso,12354,12/05/2020, 11:09:22,404
SKGTLSE12,iTLS-Enso,12354,12/05/2020, 12:12:22,404
SKGTLSE12,iTLS-Enso,12355,12/05/2020, 13:09:20,404
SKGTLSE12,iTLS-Enso,12355,12/05/2020, 14:10:47,404
SKGTLSE12,iTLS-Enso,12355,12/05/2020, 15:09:09,404
SKGTLSE12,iTLS-Enso,12355,12/05/2020, 16:13:42,404
SKGTLSE12,iTLS-Enso,12355,12/05/2020, 17:10:05,404
SKGTLSE12,iTLS-Enso,12355,12/05/2020, 18:09:40,404
SKGTLSE12,iTLS-Enso,12355,12/05/2020, 19:07:55,404
SKGTLSE12,iTLS-Enso,12355,12/05/2020, 20:09:03,404
SKGTLSE12,iTLS-Enso,12356,12/05/2020, 21:08:18,404
SKGTLSE12,iTLS-Enso,12357,12/05/2020, 22:11:31,404
SKGTLSE12,iTLS-Enso,12359,12/05/2020, 23:09:45,404
SKGTLSE12,iTLS-Enso,12359,12/06/2020, 00:26:43,404
SKGTLSE12,iTLS-Enso,12360,12/06/2020, 01:32:59,404
SKGTLSE12,iTLS-Enso,12360,12/06/2020, 02:13:36,404
SKGTLSE12,iTLS-Enso,12361,12/06/2020, 03:12:00,404
SKGTLSE12,iTLS-Enso,12361,12/06/2020, 04:12:03,404
SKGTLSE12,iTLS-Enso,12362,12/06/2020, 05:09:44,404
SKGTLSE12,iTLS-Enso,12362,12/06/2020, 06:11:39,404
SKGTLSE12,iTLS-Enso,12362,12/06/2020, 07:09:53,404
SKGTLSE12,iTLS-Enso,12362,12/06/2020, 08:11:27,404
SKGTLSE12,iTLS-Enso,12363,12/06/2020, 09:10:08,404
SKGTLSE12,iTLS-Enso,12364,12/06/2020, 10:10:59,404
SKGTLSE12,iTLS-Enso,12364,12/06/2020, 11:09:16,404
SKGTLSE12,iTLS-Enso,12365,12/06/2020, 12:12:32,404
SKGTLSE12,iTLS-Enso,12365,12/06/2020, 13:09:14,404
SKGTLSE12,iTLS-Enso,12365,12/06/2020, 14:10:36,404
SKGTLSE12,iTLS-Enso,12366,12/06/2020, 15:09:18,404
SKGTLSE12,iTLS-Enso,12367,12/06/2020, 16:14:11,404
SKGTLSE12,iTLS-Enso,12367,12/06/2020, 17:11:27,404
SKGTLSE12,iTLS-Enso,12367,12/06/2020, 18:10:11,404
SKGTLSE12,iTLS-Enso,12369,12/06/2020, 19:08:14,404
SKGTLSE12,iTLS-Enso,12370,12/06/2020, 20:09:30,404
SKGTLSE12,iTLS-Enso,12371,12/06/2020, 21:08:41,404
SKGTLSE12,iTLS-Enso,12371,12/06/2020, 22:11:31,404
SKGTLSE12,iTLS-Enso,12371,12/06/2020, 23:10:16,404
SKGTLSE12,iTLS-Enso,12371,12/07/2020, 00:26:14,404
SKGTLSE12,iTLS-Enso,12371,12/07/2020, 01:32:51,404
SKGTLSE12,iTLS-Enso,12371,12/07/2020, 02:14:18,404
SKGTLSE12,iTLS-Enso,12372,12/07/2020, 03:10:27,404
SKGTLSE12,iTLS-Enso,12372,12/07/2020, 04:12:39,404
SKGTLSE12,iTLS-Enso,12373,12/07/2020, 05:10:08,404
SKGTLSE12,iTLS-Enso,12373,12/07/2020, 06:11:57,404
SKGTLSE12,iTLS-Enso,12374,12/07/2020, 07:10:20,404
SKGTLSE12,iTLS-Enso,12374,12/07/2020, 08:11:52,404
SKGTLSE12,iTLS-Enso,12374,12/07/2020, 09:10:17,404
SKGTLSE12,iTLS-Enso,12374,12/07/2020, 10:10:57,404
SKGTLSE12,iTLS-Enso,12374,12/07/2020, 11:09:45,404
SKGTLSE12,iTLS-Enso,12375,12/07/2020, 12:13:16,404
SKGTLSE12,iTLS-Enso,12375,12/07/2020, 13:09:37,404
SKGTLSE12,iTLS-Enso,12375,12/07/2020, 14:11:05,404
SKGTLSE12,iTLS-Enso,12375,12/07/2020, 15:10:28,404
SKGTLSE12,iTLS-Enso,12375,12/07/2020, 16:14:54,404
SKGTLSE12,iTLS-Enso,12375,12/07/2020, 17:13:17,404
SKGTLSE12,iTLS-Enso,12375,12/07/2020, 18:10:24,404
SKGTLSE12,iTLS-Enso,12375,12/07/2020, 19:09:17,404
SKGTLSE12,iTLS-Enso,12375,12/07/2020, 20:09:40,404
SKGTLSE12,iTLS-Enso,12376,12/07/2020, 21:09:04,404
SKGTLSE12,iTLS-Enso,12376,12/07/2020, 22:11:41,404
SKGTLSE12,iTLS-Enso,12376,12/07/2020, 23:10:23,404
SKGTLSE12,iTLS-Enso,12376,12/08/2020, 00:25:54,404
SKGTLSE12,iTLS-Enso,12376,12/08/2020, 01:32:49,404
SKGTLSE12,iTLS-Enso,12377,12/08/2020, 02:14:53,404
SKGTLSE12,iTLS-Enso,12377,12/08/2020, 03:10:55,404
SKGTLSE12,iTLS-Enso,12378,12/08/2020, 04:12:20,404
SKGTLSE12,iTLS-Enso,12378,12/08/2020, 05:10:15,404
SKGTLSE12,iTLS-Enso,12378,12/08/2020, 06:11:56,404
SKGTLSE12,iTLS-Enso,12380,12/08/2020, 07:10:29,404
SKGTLSE12,iTLS-Enso,12381,12/08/2020, 08:12:10,404
SKGTLSE12,iTLS-Enso,12381,12/08/2020, 09:10:35,404
SKGTLSE12,iTLS-Enso,12382,12/08/2020, 10:11:07,404
SKGTLSE12,iTLS-Enso,12382,12/08/2020, 11:10:04,404
SKGTLSE12,iTLS-Enso,12382,12/08/2020, 12:13:30,404
SKGTLSE12,iTLS-Enso,12382,12/08/2020, 13:09:54,404
SKGTLSE12,iTLS-Enso,12382,12/08/2020, 14:11:21,404
SKGTLSE12,iTLS-Enso,12382,12/08/2020, 15:09:49,404
SKGTLSE12,iTLS-Enso,12382,12/08/2020, 16:15:01,404
SKGTLSE12,iTLS-Enso,12383,12/08/2020, 17:13:46,404
SKGTLSE12,iTLS-Enso,12383,12/08/2020, 18:10:25,404
SKGTLSE12,iTLS-Enso,12383,12/08/2020, 19:08:53,404
SKGTLSE12,iTLS-Enso,12383,12/08/2020, 20:09:41,404
SKGTLSE12,iTLS-Enso,12384,12/08/2020, 21:09:08,404
SKGTLSE12,iTLS-Enso,12384,12/08/2020, 22:11:57,404
SKGTLSE12,iTLS-Enso,12386,12/08/2020, 23:10:26,404
SKGTLSE12,iTLS-Enso,12388,12/09/2020, 00:26:22,404
SKGTLSE12,iTLS-Enso,12390,12/09/2020, 01:33:54,404
SKGTLSE12,iTLS-Enso,12391,12/09/2020, 02:15:43,404
SKGTLSE12,iTLS-Enso,12391,12/09/2020, 03:10:39,404
SKGTLSE12,iTLS-Enso,12391,12/09/2020, 04:12:34,404
SKGTLSE12,iTLS-Enso,12391,12/09/2020, 05:10:06,404
SKGTLSE12,iTLS-Enso,12391,12/09/2020, 06:11:55,404
SKGTLSE12,iTLS-Enso,12391,12/09/2020, 07:10:27,404
SKGTLSE12,iTLS-Enso,12393,12/09/2020, 08:11:59,404
SKGTLSE12,iTLS-Enso,12394,12/09/2020, 09:11:20,404
SKGTLSE12,iTLS-Enso,12394,12/09/2020, 10:11:16,404
SKGTLSE12,iTLS-Enso,12394,12/09/2020, 11:10:19,404
SKGTLSE12,iTLS-Enso,12394,12/09/2020, 12:13:28,404
SKGTLSE12,iTLS-Enso,12394,12/09/2020, 13:10:28,404
SKGTLSE12,iTLS-Enso,12394,12/09/2020, 14:11:22,404
SKGTLSE12,iTLS-Enso,12394,12/09/2020, 15:10:20,404
SKGTLSE12,iTLS-Enso,12394,12/09/2020, 16:14:44,404
SKGTLSE12,iTLS-Enso,12395,12/09/2020, 17:10:39,404
SKGTLSE12,iTLS-Enso,12395,12/09/2020, 18:10:28,404
SKGTLSE12,iTLS-Enso,12395,12/09/2020, 19:08:58,404
SKGTLSE12,iTLS-Enso,12395,12/09/2020, 20:09:58,404
SKGTLSE12,iTLS-Enso,12395,12/09/2020, 21:09:08,404
SKGTLSE12,iTLS-Enso,12395,12/09/2020, 22:11:49,404
SKGTLSE12,iTLS-Enso,12397,12/09/2020, 23:10:06,404
SKGTLSE12,iTLS-Enso,12397,12/10/2020, 00:26:33,404
SKGTLSE12,iTLS-Enso,12398,12/10/2020, 01:36:36,404
SKGTLSE12,iTLS-Enso,12399,12/10/2020, 02:18:31,404
SKGTLSE12,iTLS-Enso,12399,12/10/2020, 03:10:35,404
SKGTLSE12,iTLS-Enso,12400,12/10/2020, 04:12:32,404
SKGTLSE12,iTLS-Enso,12400,12/10/2020, 05:09:58,404
SKGTLSE12,iTLS-Enso,12400,12/10/2020, 06:11:58,404
SKGTLSE12,iTLS-Enso,12400,12/10/2020, 07:10:30,404
SKGTLSE12,iTLS-Enso,12401,12/10/2020, 08:11:45,404
SKGTLSE12,iTLS-Enso,12401,12/10/2020, 09:10:43,404
SKGTLSE12,iTLS-Enso,12402,12/10/2020, 10:11:36,404
SKGTLSE12,iTLS-Enso,12402,12/10/2020, 11:10:11,404
SKGTLSE12,iTLS-Enso,12402,12/10/2020, 12:13:39,404
SKGTLSE12,iTLS-Enso,12402,12/10/2020, 13:09:32,404
SKGTLSE12,iTLS-Enso,12402,12/10/2020, 14:11:25,404
SKGTLSE12,iTLS-Enso,12402,12/10/2020, 15:10:24,404
SKGTLSE12,iTLS-Enso,12402,12/10/2020, 16:14:40,404
SKGTLSE12,iTLS-Enso,12403,12/10/2020, 17:16:37,404
SKGTLSE12,iTLS-Enso,12405,12/10/2020, 18:10:23,404
SKGTLSE12,iTLS-Enso,12405,12/10/2020, 19:08:57,404
SKGTLSE12,iTLS-Enso,12405,12/10/2020, 20:10:08,404
SKGTLSE12,iTLS-Enso,12407,12/10/2020, 21:08:59,404
SKGTLSE12,iTLS-Enso,12407,12/10/2020, 22:12:31,404
SKGTLSE12,iTLS-Enso,12407,12/10/2020, 23:10:25,404
SKGTLSE12,iTLS-Enso,12407,12/11/2020, 00:26:50,404
SKGTLSE12,iTLS-Enso,12407,12/11/2020, 01:37:18,404
SKGTLSE12,iTLS-Enso,12407,12/11/2020, 02:18:36,404
SKGTLSE12,iTLS-Enso,12408,12/11/2020, 03:10:45,404
SKGTLSE12,iTLS-Enso,12408,12/11/2020, 04:12:37,404
SKGTLSE12,iTLS-Enso,12408,12/11/2020, 05:10:14,404
SKGTLSE12,iTLS-Enso,12408,12/11/2020, 06:11:41,404
SKGTLSE12,iTLS-Enso,12408,12/11/2020, 07:10:06,404
SKGTLSE12,iTLS-Enso,12408,12/11/2020, 08:12:47,404
SKGTLSE12,iTLS-Enso,12408,12/11/2020, 09:10:29,404
SKGTLSE12,iTLS-Enso,12408,12/11/2020, 10:11:55,404
SKGTLSE12,iTLS-Enso,12408,12/11/2020, 11:10:19,404
SKGTLSE12,iTLS-Enso,12408,12/11/2020, 12:13:40,404
SKGTLSE12,iTLS-Enso,12408,12/11/2020, 13:09:51,404
SKGTLSE12,iTLS-Enso,12408,12/11/2020, 14:11:36,404
SKGTLSE12,iTLS-Enso,12408,12/11/2020, 15:10:22,404
SKGTLSE12,iTLS-Enso,12408,12/11/2020, 16:14:48,404
SKGTLSE12,iTLS-Enso,12408,12/11/2020, 17:17:03,404
SKGTLSE12,iTLS-Enso,12408,12/11/2020, 18:10:23,404
SKGTLSE12,iTLS-Enso,12409,12/11/2020, 19:08:35,404
SKGTLSE12,iTLS-Enso,12409,12/11/2020, 20:10:23,404
SKGTLSE12,iTLS-Enso,12409,12/11/2020, 21:09:12,404
SKGTLSE12,iTLS-Enso,12409,12/11/2020, 22:11:44,404
SKGTLSE12,iTLS-Enso,12410,12/11/2020, 23:10:34,404
SKGTLSE12,iTLS-Enso,12411,12/12/2020, 00:26:46,404
SKGTLSE12,iTLS-Enso,12411,12/12/2020, 01:37:33,404
SKGTLSE12,iTLS-Enso,12411,12/12/2020, 02:18:23,404
SKGTLSE12,iTLS-Enso,12412,12/12/2020, 03:11:04,404
SKGTLSE12,iTLS-Enso,12413,12/12/2020, 04:12:53,404
SKGTLSE12,iTLS-Enso,12413,12/12/2020, 05:09:51,404
SKGTLSE12,iTLS-Enso,12413,12/12/2020, 06:11:54,404
SKGTLSE12,iTLS-Enso,12413,12/12/2020, 07:10:22,404
SKGTLSE12,iTLS-Enso,12413,12/12/2020, 08:12:11,404
SKGTLSE12,iTLS-Enso,12413,12/12/2020, 09:11:22,404
SKGTLSE12,iTLS-Enso,12413,12/12/2020, 10:11:42,404
SKGTLSE12,iTLS-Enso,12413,12/12/2020, 11:10:27,404
SKGTLSE12,iTLS-Enso,12413,12/12/2020, 12:13:19,404
SKGTLSE12,iTLS-Enso,12413,12/12/2020, 13:09:29,404
SKGTLSE12,iTLS-Enso,12413,12/12/2020, 14:11:09,404
SKGTLSE12,iTLS-Enso,12413,12/12/2020, 15:10:01,404
SKGTLSE12,iTLS-Enso,12413,12/12/2020, 16:15:01,404
SKGTLSE12,iTLS-Enso,12413,12/12/2020, 17:16:55,404
SKGTLSE12,iTLS-Enso,12413,12/12/2020, 18:10:34,404
SKGTLSE12,iTLS-Enso,12413,12/12/2020, 19:08:43,404
SKGTLSE12,iTLS-Enso,12413,12/12/2020, 20:10:09,404
SKGTLSE12,iTLS-Enso,12413,12/12/2020, 21:08:40,404
SKGTLSE12,iTLS-Enso,12413,12/12/2020, 22:11:55,404
SKGTLSE12,iTLS-Enso,12413,12/12/2020, 23:10:15,404
SKGTLSE12,iTLS-Enso,12414,12/13/2020, 00:28:14,404
SKGTLSE12,iTLS-Enso,12415,12/13/2020, 01:41:34,404
SKGTLSE12,iTLS-Enso,12415,12/13/2020, 02:18:53,404
SKGTLSE12,iTLS-Enso,12415,12/13/2020, 03:11:24,404
SKGTLSE12,iTLS-Enso,12415,12/13/2020, 04:12:35,404
SKGTLSE12,iTLS-Enso,12415,12/13/2020, 05:10:52,404
SKGTLSE12,iTLS-Enso,12415,12/13/2020, 06:11:54,404
SKGTLSE12,iTLS-Enso,12415,12/13/2020, 07:10:03,404
SKGTLSE12,iTLS-Enso,12415,12/13/2020, 08:12:04,404
SKGTLSE12,iTLS-Enso,12415,12/13/2020, 09:10:35,404
SKGTLSE12,iTLS-Enso,12415,12/13/2020, 10:11:45,404
SKGTLSE12,iTLS-Enso,12415,12/13/2020, 11:10:37,404
SKGTLSE12,iTLS-Enso,12415,12/13/2020, 12:13:22,404
SKGTLSE12,iTLS-Enso,12416,12/13/2020, 13:09:50,404
SKGTLSE12,iTLS-Enso,12417,12/13/2020, 14:11:26,404
SKGTLSE12,iTLS-Enso,12417,12/13/2020, 15:10:05,404
SKGTLSE12,iTLS-Enso,12418,12/13/2020, 16:15:02,404
SKGTLSE12,iTLS-Enso,12418,12/13/2020, 17:18:33,404
SKGTLSE12,iTLS-Enso,12418,12/13/2020, 18:10:15,404
SKGTLSE12,iTLS-Enso,12418,12/13/2020, 19:08:24,404
SKGTLSE12,iTLS-Enso,12418,12/13/2020, 20:10:07,404
SKGTLSE12,iTLS-Enso,12419,12/13/2020, 21:09:18,404
SKGTLSE12,iTLS-Enso,12420,12/13/2020, 22:11:40,404
SKGTLSE12,iTLS-Enso,12420,12/13/2020, 23:10:28,404
SKGTLSE12,iTLS-Enso,12421,12/14/2020, 00:27:29,404
SKGTLSE12,iTLS-Enso,12422,12/14/2020, 01:41:30,404
SKGTLSE12,iTLS-Enso,12422,12/14/2020, 02:20:19,404
SKGTLSE12,iTLS-Enso,12422,12/14/2020, 03:10:56,404
SKGTLSE12,iTLS-Enso,12422,12/14/2020, 04:12:49,404
SKGTLSE12,iTLS-Enso,12423,12/14/2020, 05:10:02,404
SKGTLSE12,iTLS-Enso,12423,12/14/2020, 06:12:18,404
SKGTLSE12,iTLS-Enso,12423,12/14/2020, 07:10:18,404
SKGTLSE12,iTLS-Enso,12423,12/14/2020, 08:12:59,404
SKGTLSE12,iTLS-Enso,12423,12/14/2020, 09:10:55,404
SKGTLSE12,iTLS-Enso,12423,12/14/2020, 10:12:02,404
SKGTLSE12,iTLS-Enso,12423,12/14/2020, 11:10:24,404
SKGTLSE12,iTLS-Enso,12423,12/14/2020, 12:14:07,404
SKGTLSE12,iTLS-Enso,12423,12/14/2020, 13:11:59,404
SKGTLSE12,iTLS-Enso,12423,12/14/2020, 14:11:56,404
SKGTLSE12,iTLS-Enso,12423,12/14/2020, 15:10:53,404
SKGTLSE12,iTLS-Enso,12423,12/14/2020, 16:12:48,404
SKGTLSE12,iTLS-Enso,12423,12/14/2020, 17:18:41,404
SKGTLSE12,iTLS-Enso,12424,12/14/2020, 18:09:18,404
SKGTLSE12,iTLS-Enso,12425,12/14/2020, 19:08:38,404
SKGTLSE12,iTLS-Enso,12426,12/14/2020, 20:10:26,404
SKGTLSE12,iTLS-Enso,12426,12/14/2020, 21:09:19,404
SKGTLSE12,iTLS-Enso,12426,12/14/2020, 22:12:03,404
SKGTLSE12,iTLS-Enso,12427,12/14/2020, 23:10:45,404
SKGTLSE12,iTLS-Enso,12429,12/15/2020, 09:11:04,404
SKGTLSE12,iTLS-Enso,12430,12/15/2020, 10:11:37,404
SKGTLSE12,iTLS-Enso,12430,12/15/2020, 11:10:21,404
SKGTLSE12,iTLS-Enso,12430,12/15/2020, 12:14:06,404
SKGTLSE12,iTLS-Enso,12430,12/15/2020, 13:11:58,404
SKGTLSE12,iTLS-Enso,12430,12/15/2020, 14:11:59,404
SKGTLSE12,iTLS-Enso,12430,12/15/2020, 15:10:52,404
SKGTLSE12,iTLS-Enso,12430,12/15/2020, 16:15:29,404
SKGTLSE12,iTLS-Enso,12430,12/15/2020, 17:22:03,404
SKGTLSE12,iTLS-Enso,12430,12/15/2020, 18:10:36,404
SKGTLSE12,iTLS-Enso,12431,12/15/2020, 19:08:33,404
SKGTLSE12,iTLS-Enso,12432,12/15/2020, 20:10:21,404
SKGTLSE12,iTLS-Enso,12432,12/15/2020, 21:09:27,404
SKGTLSE12,iTLS-Enso,12433,12/15/2020, 22:11:29,404
SKGTLSE12,iTLS-Enso,12433,12/15/2020, 23:10:47,404
SKGTLSE12,iTLS-Enso,12434,12/16/2020, 00:27:00,404
SKGTLSE12,iTLS-Enso,12434,12/16/2020, 01:42:14,404
SKGTLSE12,iTLS-Enso,12435,12/16/2020, 02:21:54,404
SKGTLSE12,iTLS-Enso,12435,12/16/2020, 03:10:42,404
SKGTLSE12,iTLS-Enso,12435,12/16/2020, 04:12:54,404
SKGTLSE12,iTLS-Enso,12435,12/16/2020, 05:10:11,404
SKGTLSE12,iTLS-Enso,12435,12/16/2020, 06:12:24,404
SKGTLSE12,iTLS-Enso,12435,12/16/2020, 07:10:38,404
SKGTLSE12,iTLS-Enso,12435,12/16/2020, 08:12:33,404
SKGTLSE12,iTLS-Enso,12435,12/16/2020, 09:10:49,404
SKGTLSE12,iTLS-Enso,12435,12/16/2020, 10:11:42,404
SKGTLSE12,iTLS-Enso,12435,12/16/2020, 11:10:24,404
SKGTLSE12,iTLS-Enso,12435,12/16/2020, 12:14:10,404
SKGTLSE12,iTLS-Enso,12435,12/16/2020, 13:12:25,404
SKGTLSE12,iTLS-Enso,12435,12/16/2020, 14:12:03,404
SKGTLSE12,iTLS-Enso,12436,12/16/2020, 15:10:56,404
SKGTLSE12,iTLS-Enso,12436,12/16/2020, 16:15:58,404
SKGTLSE12,iTLS-Enso,12436,12/16/2020, 17:32:49,404
SKGTLSE12,iTLS-Enso,12436,12/16/2020, 18:10:16,404
SKGTLSE12,iTLS-Enso,12436,12/16/2020, 19:09:14,404
SKGTLSE12,iTLS-Enso,12436,12/16/2020, 20:10:39,404
SKGTLSE12,iTLS-Enso,12436,12/16/2020, 21:09:58,404
SKGTLSE12,iTLS-Enso,12436,12/16/2020, 22:12:49,404
SKGTLSE12,iTLS-Enso,12436,12/16/2020, 23:12:18,404
SKGTLSE12,iTLS-Enso,12436,12/17/2020, 00:29:18,404
SKGTLSE12,iTLS-Enso,12436,12/17/2020, 01:44:25,404
SKGTLSE12,iTLS-Enso,12436,12/17/2020, 02:22:29,404
SKGTLSE12,iTLS-Enso,12436,12/17/2020, 03:10:46,404
SKGTLSE12,iTLS-Enso,12436,12/17/2020, 04:12:51,404
SKGTLSE12,iTLS-Enso,12436,12/17/2020, 05:10:15,404
SKGTLSE12,iTLS-Enso,12436,12/17/2020, 06:12:34,404
SKGTLSE12,iTLS-Enso,12436,12/17/2020, 07:11:31,404
SKGTLSE12,iTLS-Enso,12438,12/17/2020, 08:12:50,404
SKGTLSE12,iTLS-Enso,12438,12/17/2020, 09:10:52,404
SKGTLSE12,iTLS-Enso,12438,12/17/2020, 10:11:55,404
SKGTLSE12,iTLS-Enso,12438,12/17/2020, 11:10:25,404
SKGTLSE12,iTLS-Enso,12438,12/17/2020, 12:14:57,404
SKGTLSE12,iTLS-Enso,12438,12/17/2020, 13:14:19,404
SKGTLSE12,iTLS-Enso,12438,12/17/2020, 14:12:30,404
SKGTLSE12,iTLS-Enso,12439,12/17/2020, 15:10:57,404
SKGTLSE12,iTLS-Enso,12439,12/17/2020, 16:18:19,404
SKGTLSE12,iTLS-Enso,12439,12/17/2020, 17:27:37,404
SKGTLSE12,iTLS-Enso,12439,12/17/2020, 18:11:59,404
SKGTLSE12,iTLS-Enso,12440,12/17/2020, 19:09:55,404
SKGTLSE12,iTLS-Enso,12441,12/17/2020, 20:10:46,404
SKGTLSE12,iTLS-Enso,12443,12/17/2020, 21:10:03,404
SKGTLSE12,iTLS-Enso,12443,12/17/2020, 22:12:59,404
SKGTLSE12,iTLS-Enso,12443,12/17/2020, 23:11:58,404
SKGTLSE12,iTLS-Enso,12443,12/18/2020, 00:28:37,404
SKGTLSE12,iTLS-Enso,12443,12/18/2020, 01:46:25,404
SKGTLSE12,iTLS-Enso,12443,12/18/2020, 02:25:47,404
SKGTLSE12,iTLS-Enso,12443,12/18/2020, 03:13:41,404
SKGTLSE12,iTLS-Enso,12444,12/18/2020, 04:14:34,404
SKGTLSE12,iTLS-Enso,12444,12/18/2020, 05:14:01,404
SKGTLSE12,iTLS-Enso,12444,12/18/2020, 06:13:19,404
SKGTLSE12,iTLS-Enso,12444,12/18/2020, 07:14:07,404
SKGTLSE12,iTLS-Enso,12445,12/18/2020, 08:13:45,404
SKGTLSE12,iTLS-Enso,12445,12/18/2020, 09:13:22,404
SKGTLSE12,iTLS-Enso,12445,12/18/2020, 10:14:05,404
SKGTLSE12,iTLS-Enso,12445,12/18/2020, 11:12:25,404
SKGTLSE12,iTLS-Enso,12445,12/18/2020, 12:15:14,404
SKGTLSE12,iTLS-Enso,12445,12/18/2020, 13:18:05,404
SKGTLSE12,iTLS-Enso,12445,12/18/2020, 14:13:48,404
SKGTLSE12,iTLS-Enso,12446,12/18/2020, 15:12:31,404
SKGTLSE12,iTLS-Enso,12446,12/18/2020, 16:20:44,404
SKGTLSE12,iTLS-Enso,12449,12/18/2020, 17:31:52,404
SKGTLSE12,iTLS-Enso,12449,12/18/2020, 18:18:19,404
SKGTLSE12,iTLS-Enso,12449,12/18/2020, 19:15:07,404
SKGTLSE12,iTLS-Enso,12450,12/18/2020, 20:11:21,404
SKGTLSE12,iTLS-Enso,12451,12/18/2020, 21:09:52,404
SKGTLSE12,iTLS-Enso,12451,12/18/2020, 22:12:57,404
SKGTLSE12,iTLS-Enso,12451,12/18/2020, 23:12:00,404
SKGTLSE12,iTLS-Enso,12451,12/19/2020, 00:28:39,404
SKGTLSE12,iTLS-Enso,12451,12/19/2020, 01:45:51,404
SKGTLSE12,iTLS-Enso,12451,12/19/2020, 02:25:12,404
SKGTLSE12,iTLS-Enso,12451,12/19/2020, 03:13:15,404
SKGTLSE12,iTLS-Enso,12451,12/19/2020, 04:14:00,404
SKGTLSE12,iTLS-Enso,12451,12/19/2020, 05:13:10,404
SKGTLSE12,iTLS-Enso,12451,12/19/2020, 06:13:08,404
SKGTLSE12,iTLS-Enso,12451,12/19/2020, 07:13:45,404
SKGTLSE12,iTLS-Enso,12451,12/19/2020, 08:13:08,404
SKGTLSE12,iTLS-Enso,12452,12/19/2020, 09:12:18,404
SKGTLSE12,iTLS-Enso,12452,12/19/2020, 10:13:33,404
SKGTLSE12,iTLS-Enso,12453,12/19/2020, 11:11:41,404
SKGTLSE12,iTLS-Enso,12454,12/19/2020, 12:14:47,404
SKGTLSE12,iTLS-Enso,12454,12/19/2020, 13:16:26,404
SKGTLSE12,iTLS-Enso,12455,12/19/2020, 14:12:43,404
SKGTLSE12,iTLS-Enso,12455,12/19/2020, 15:11:03,404
SKGTLSE12,iTLS-Enso,12455,12/19/2020, 16:20:02,404
SKGTLSE12,iTLS-Enso,12455,12/19/2020, 17:30:32,404
SKGTLSE12,iTLS-Enso,12455,12/19/2020, 18:14:52,404
SKGTLSE12,iTLS-Enso,12455,12/19/2020, 19:10:41,404
SKGTLSE12,iTLS-Enso,12455,12/19/2020, 20:11:27,404
SKGTLSE12,iTLS-Enso,12455,12/19/2020, 21:09:26,404
SKGTLSE12,iTLS-Enso,12455,12/19/2020, 22:12:45,404
SKGTLSE12,iTLS-Enso,12455,12/19/2020, 23:10:28,404
SKGTLSE12,iTLS-Enso,12455,12/20/2020, 00:28:52,404
SKGTLSE12,iTLS-Enso,12455,12/20/2020, 01:47:26,404
SKGTLSE12,iTLS-Enso,12455,12/20/2020, 02:24:43,404
SKGTLSE12,iTLS-Enso,12455,12/20/2020, 03:11:43,404
SKGTLSE12,iTLS-Enso,12456,12/20/2020, 04:12:48,404
SKGTLSE12,iTLS-Enso,12456,12/20/2020, 05:10:29,404
SKGTLSE12,iTLS-Enso,12456,12/20/2020, 06:12:46,404
SKGTLSE12,iTLS-Enso,12456,12/20/2020, 07:11:29,404
SKGTLSE12,iTLS-Enso,12456,12/20/2020, 08:13:11,404
SKGTLSE12,iTLS-Enso,12456,12/20/2020, 09:11:13,404
SKGTLSE12,iTLS-Enso,12456,12/20/2020, 10:12:11,404
SKGTLSE12,iTLS-Enso,12457,12/20/2020, 11:10:56,404
SKGTLSE12,iTLS-Enso,12457,12/20/2020, 12:15:03,404
SKGTLSE12,iTLS-Enso,12459,12/20/2020, 13:15:36,404
SKGTLSE12,iTLS-Enso,12459,12/20/2020, 14:12:24,404
SKGTLSE12,iTLS-Enso,12459,12/20/2020, 15:10:46,404
SKGTLSE12,iTLS-Enso,12459,12/20/2020, 16:19:12,404
SKGTLSE12,iTLS-Enso,12459,12/20/2020, 17:30:12,404
SKGTLSE12,iTLS-Enso,12459,12/20/2020, 18:15:13,404
SKGTLSE12,iTLS-Enso,12459,12/20/2020, 19:12:13,404
SKGTLSE12,iTLS-Enso,12459,12/20/2020, 20:11:27,404
SKGTLSE12,iTLS-Enso,12460,12/20/2020, 21:10:08,404
SKGTLSE12,iTLS-Enso,12461,12/20/2020, 22:13:26,404
SKGTLSE12,iTLS-Enso,12461,12/20/2020, 23:14:12,404
SKGTLSE12,iTLS-Enso,12461,12/21/2020, 00:31:01,404
SKGTLSE12,iTLS-Enso,12461,12/21/2020, 01:51:35,404
SKGTLSE12,iTLS-Enso,12461,12/21/2020, 02:30:21,404
SKGTLSE12,iTLS-Enso,12461,12/21/2020, 03:16:49,404
SKGTLSE12,iTLS-Enso,12461,12/21/2020, 04:16:09,404
SKGTLSE12,iTLS-Enso,12461,12/21/2020, 05:14:49,404
SKGTLSE12,iTLS-Enso,12461,12/21/2020, 06:13:21,404
SKGTLSE12,iTLS-Enso,12461,12/21/2020, 07:15:33,404
SKGTLSE12,iTLS-Enso,12461,12/21/2020, 08:14:10,404
SKGTLSE12,iTLS-Enso,12462,12/21/2020, 09:14:51,404
SKGTLSE12,iTLS-Enso,12462,12/21/2020, 10:14:35,404
SKGTLSE12,iTLS-Enso,12463,12/21/2020, 11:12:46,404
SKGTLSE12,iTLS-Enso,12463,12/21/2020, 12:15:28,404
SKGTLSE12,iTLS-Enso,12463,12/21/2020, 13:19:57,404
SKGTLSE12,iTLS-Enso,12463,12/21/2020, 14:13:26,404
SKGTLSE12,iTLS-Enso,12463,12/21/2020, 15:12:17,404
SKGTLSE12,iTLS-Enso,12463,12/21/2020, 16:20:44,404
SKGTLSE12,iTLS-Enso,12464,12/21/2020, 17:33:45,404
SKGTLSE12,iTLS-Enso,12465,12/21/2020, 18:18:52,404
SKGTLSE12,iTLS-Enso,12465,12/21/2020, 19:15:53,404
SKGTLSE12,iTLS-Enso,12465,12/21/2020, 20:11:57,404
SKGTLSE12,iTLS-Enso,12465,12/21/2020, 21:11:18,404
SKGTLSE12,iTLS-Enso,12465,12/21/2020, 22:15:16,404
SKGTLSE12,iTLS-Enso,12466,12/21/2020, 23:17:27,404
SKGTLSE12,iTLS-Enso,12466,12/22/2020, 00:32:20,404
SKGTLSE12,iTLS-Enso,12466,12/22/2020, 01:54:09,404
SKGTLSE12,iTLS-Enso,12466,12/22/2020, 02:34:27,404
SKGTLSE12,iTLS-Enso,12466,12/22/2020, 03:20:05,404
SKGTLSE12,iTLS-Enso,12466,12/22/2020, 04:19:38,404
SKGTLSE12,iTLS-Enso,12466,12/22/2020, 05:18:09,404
SKGTLSE12,iTLS-Enso,12466,12/22/2020, 06:15:27,404
SKGTLSE12,iTLS-Enso,12466,12/22/2020, 07:20:18,404
SKGTLSE12,iTLS-Enso,12466,12/22/2020, 08:16:17,404
SKGTLSE12,iTLS-Enso,12466,12/22/2020, 09:18:39,404
SKGTLSE12,iTLS-Enso,12466,12/22/2020, 10:18:21,404
SKGTLSE12,iTLS-Enso,12466,12/22/2020, 11:15:39,404
SKGTLSE12,iTLS-Enso,12467,12/22/2020, 12:17:59,404
SKGTLSE12,iTLS-Enso,12467,12/22/2020, 13:25:11,404
SKGTLSE12,iTLS-Enso,12467,12/22/2020, 14:15:22,404
SKGTLSE12,iTLS-Enso,12468,12/22/2020, 15:13:56,404
SKGTLSE12,iTLS-Enso,12468,12/22/2020, 16:25:08,404
SKGTLSE12,iTLS-Enso,12469,12/22/2020, 17:38:19,404
SKGTLSE12,iTLS-Enso,12469,12/22/2020, 18:23:14,404
SKGTLSE12,iTLS-Enso,12469,12/22/2020, 19:19:27,404
SKGTLSE12,iTLS-Enso,12469,12/22/2020, 20:12:55,404
SKGTLSE12,iTLS-Enso,12469,12/22/2020, 21:12:09,404
SKGTLSE12,iTLS-Enso,12469,12/22/2020, 22:16:33,404
SKGTLSE12,iTLS-Enso,12469,12/22/2020, 23:18:59,404
SKGTLSE12,iTLS-Enso,12469,12/23/2020, 00:34:09,404
SKGTLSE12,iTLS-Enso,12469,12/23/2020, 01:57:55,404
SKGTLSE12,iTLS-Enso,12469,12/23/2020, 02:44:22,404
SKGTLSE12,iTLS-Enso,12469,12/23/2020, 03:21:24,404
SKGTLSE12,iTLS-Enso,12472,12/23/2020, 04:21:07,404
SKGTLSE12,iTLS-Enso,12472,12/23/2020, 05:20:48,404
SKGTLSE12,iTLS-Enso,12473,12/23/2020, 06:15:32,404
SKGTLSE12,iTLS-Enso,12474,12/23/2020, 07:22:04,404
SKGTLSE12,iTLS-Enso,12474,12/23/2020, 08:17:01,404
SKGTLSE12,iTLS-Enso,12474,12/23/2020, 09:19:36,404
SKGTLSE12,iTLS-Enso,12474,12/23/2020, 10:19:30,404
SKGTLSE12,iTLS-Enso,12475,12/23/2020, 11:16:06,404
SKGTLSE12,iTLS-Enso,12476,12/23/2020, 12:17:46,404
SKGTLSE12,iTLS-Enso,12476,12/23/2020, 13:25:29,404
SKGTLSE12,iTLS-Enso,12477,12/23/2020, 14:15:18,404
SKGTLSE12,iTLS-Enso,12478,12/23/2020, 15:14:17,404
SKGTLSE12,iTLS-Enso,12478,12/23/2020, 16:26:38,404
SKGTLSE12,iTLS-Enso,12478,12/23/2020, 17:41:39,404
SKGTLSE12,iTLS-Enso,12478,12/23/2020, 18:28:29,404
SKGTLSE12,iTLS-Enso,12478,12/23/2020, 19:23:40,404
SKGTLSE12,iTLS-Enso,12478,12/23/2020, 20:13:49,404
SKGTLSE12,iTLS-Enso,12478,12/23/2020, 21:12:42,404
SKGTLSE12,iTLS-Enso,12478,12/23/2020, 22:17:16,404
SKGTLSE12,iTLS-Enso,12478,12/23/2020, 23:20:11,404
SKGTLSE12,iTLS-Enso,12478,12/24/2020, 00:37:06,404
SKGTLSE12,iTLS-Enso,12478,12/24/2020, 02:02:31,404
SKGTLSE12,iTLS-Enso,12479,12/24/2020, 03:23:39,404
SKGTLSE12,iTLS-Enso,12479,12/24/2020, 04:23:16,404
SKGTLSE12,iTLS-Enso,12479,12/24/2020, 05:22:21,404
SKGTLSE12,iTLS-Enso,12479,12/24/2020, 06:16:50,404
SKGTLSE12,iTLS-Enso,12481,12/24/2020, 07:22:35,404
SKGTLSE12,iTLS-Enso,12481,12/24/2020, 08:17:25,404
SKGTLSE12,iTLS-Enso,12481,12/24/2020, 09:20:00,404
SKGTLSE12,iTLS-Enso,12481,12/24/2020, 10:19:55,404
SKGTLSE12,iTLS-Enso,12481,12/24/2020, 11:16:36,404
SKGTLSE12,iTLS-Enso,12481,12/24/2020, 12:17:45,404
SKGTLSE12,iTLS-Enso,12481,12/24/2020, 13:25:48,404
SKGTLSE12,iTLS-Enso,12481,12/24/2020, 14:15:23,404
SKGTLSE12,iTLS-Enso,12481,12/24/2020, 15:14:12,404
SKGTLSE12,iTLS-Enso,12482,12/24/2020, 16:27:12,404
SKGTLSE12,iTLS-Enso,12482,12/24/2020, 17:43:06,404
SKGTLSE12,iTLS-Enso,12482,12/24/2020, 18:29:39,404
SKGTLSE12,iTLS-Enso,12482,12/24/2020, 19:25:12,404
SKGTLSE12,iTLS-Enso,12482,12/24/2020, 20:14:01,404
SKGTLSE12,iTLS-Enso,12482,12/24/2020, 21:12:33,404
SKGTLSE12,iTLS-Enso,12483,12/24/2020, 22:15:54,404
SKGTLSE12,iTLS-Enso,12485,12/24/2020, 23:18:43,404
SKGTLSE12,iTLS-Enso,12485,12/25/2020, 00:34:27,404
SKGTLSE12,iTLS-Enso,12486,12/25/2020, 01:58:59,404
SKGTLSE12,iTLS-Enso,12486,12/25/2020, 02:44:31,404
SKGTLSE12,iTLS-Enso,12486,12/25/2020, 03:19:49,404
SKGTLSE12,iTLS-Enso,12486,12/25/2020, 04:18:34,404
SKGTLSE12,iTLS-Enso,12486,12/25/2020, 05:18:00,404
SKGTLSE12,iTLS-Enso,12487,12/25/2020, 06:13:32,404
SKGTLSE12,iTLS-Enso,12487,12/25/2020, 07:17:59,404
SKGTLSE12,iTLS-Enso,12487,12/25/2020, 08:14:37,404
SKGTLSE12,iTLS-Enso,12487,12/25/2020, 09:16:49,404
SKGTLSE12,iTLS-Enso,12487,12/25/2020, 10:16:32,404
SKGTLSE12,iTLS-Enso,12487,12/25/2020, 11:13:19,404
SKGTLSE12,iTLS-Enso,12487,12/25/2020, 12:15:36,404
SKGTLSE12,iTLS-Enso,12487,12/25/2020, 13:21:47,404
SKGTLSE12,iTLS-Enso,12487,12/25/2020, 14:12:35,404
SKGTLSE12,iTLS-Enso,12488,12/25/2020, 15:11:44,404
SKGTLSE12,iTLS-Enso,12488,12/25/2020, 16:22:31,404
SKGTLSE12,iTLS-Enso,12490,12/25/2020, 17:39:07,404
SKGTLSE12,iTLS-Enso,12490,12/25/2020, 18:24:15,404
SKGTLSE12,iTLS-Enso,12490,12/25/2020, 19:20:20,404
SKGTLSE12,iTLS-Enso,12490,12/25/2020, 20:11:13,404
SKGTLSE12,iTLS-Enso,12490,12/25/2020, 21:10:19,404
SKGTLSE12,iTLS-Enso,12492,12/25/2020, 22:14:44,404
SKGTLSE12,iTLS-Enso,12492,12/25/2020, 23:17:53,404
SKGTLSE12,iTLS-Enso,12492,12/26/2020, 00:33:18,404
SKGTLSE12,iTLS-Enso,12492,12/26/2020, 01:57:56,404
SKGTLSE12,iTLS-Enso,12493,12/26/2020, 02:43:07,404
SKGTLSE12,iTLS-Enso,12493,12/26/2020, 03:19:41,404
SKGTLSE12,iTLS-Enso,12493,12/26/2020, 04:18:43,404
SKGTLSE12,iTLS-Enso,12493,12/26/2020, 05:18:12,404
SKGTLSE12,iTLS-Enso,12493,12/26/2020, 06:13:24,404
SKGTLSE12,iTLS-Enso,12493,12/26/2020, 07:18:13,404
SKGTLSE12,iTLS-Enso,12493,12/26/2020, 08:14:08,404
SKGTLSE12,iTLS-Enso,12493,12/26/2020, 09:16:32,404
SKGTLSE12,iTLS-Enso,12493,12/26/2020, 10:16:23,404
SKGTLSE12,iTLS-Enso,12494,12/26/2020, 11:13:23,404
SKGTLSE12,iTLS-Enso,12494,12/26/2020, 12:15:31,404
SKGTLSE12,iTLS-Enso,12494,12/26/2020, 13:21:26,404
SKGTLSE12,iTLS-Enso,12494,12/26/2020, 14:12:20,404
SKGTLSE12,iTLS-Enso,12494,12/26/2020, 15:11:01,404
SKGTLSE12,iTLS-Enso,12495,12/26/2020, 16:21:50,404
SKGTLSE12,iTLS-Enso,12495,12/26/2020, 17:39:25,404
SKGTLSE12,iTLS-Enso,12496,12/26/2020, 18:24:32,404
SKGTLSE12,iTLS-Enso,12496,12/26/2020, 19:20:18,404
SKGTLSE12,iTLS-Enso,12497,12/26/2020, 20:10:55,404
SKGTLSE12,iTLS-Enso,12498,12/26/2020, 21:10:15,404
SKGTLSE12,iTLS-Enso,12498,12/26/2020, 22:14:47,404
SKGTLSE12,iTLS-Enso,12498,12/26/2020, 23:18:08,404
SKGTLSE12,iTLS-Enso,12499,12/27/2020, 00:35:18,404
SKGTLSE12,iTLS-Enso,12500,12/27/2020, 02:03:18,404
SKGTLSE12,iTLS-Enso,12500,12/27/2020, 03:20:31,404
SKGTLSE12,iTLS-Enso,12500,12/27/2020, 04:19:46,404
SKGTLSE12,iTLS-Enso,12500,12/27/2020, 05:19:01,404
SKGTLSE12,iTLS-Enso,12500,12/27/2020, 06:13:16,404
SKGTLSE12,iTLS-Enso,12500,12/27/2020, 07:18:38,404
SKGTLSE12,iTLS-Enso,12500,12/27/2020, 08:14:32,404
SKGTLSE12,iTLS-Enso,12500,12/27/2020, 09:16:56,404
SKGTLSE12,iTLS-Enso,12500,12/27/2020, 10:16:55,404
SKGTLSE12,iTLS-Enso,12501,12/27/2020, 11:13:46,404
SKGTLSE12,iTLS-Enso,12502,12/27/2020, 12:15:28,404
SKGTLSE12,iTLS-Enso,12502,12/27/2020, 13:21:45,404
SKGTLSE12,iTLS-Enso,12502,12/27/2020, 14:12:25,404
SKGTLSE12,iTLS-Enso,12502,12/27/2020, 15:11:19,404
SKGTLSE12,iTLS-Enso,12504,12/27/2020, 16:22:09,404
SKGTLSE12,iTLS-Enso,12504,12/27/2020, 17:40:20,404
SKGTLSE12,iTLS-Enso,12505,12/27/2020, 18:25:59,404
SKGTLSE12,iTLS-Enso,12505,12/27/2020, 19:21:02,404
SKGTLSE12,iTLS-Enso,12505,12/27/2020, 20:11:19,404
SKGTLSE12,iTLS-Enso,12505,12/27/2020, 21:10:24,404
SKGTLSE12,iTLS-Enso,12505,12/27/2020, 22:15:07,404
SKGTLSE12,iTLS-Enso,12505,12/27/2020, 23:18:41,404
SKGTLSE12,iTLS-Enso,12506,12/28/2020, 00:35:32,404
SKGTLSE12,iTLS-Enso,12508,12/28/2020, 02:03:13,404
SKGTLSE12,iTLS-Enso,12508,12/28/2020, 03:21:21,404
SKGTLSE12,iTLS-Enso,12508,12/28/2020, 04:21:01,404
SKGTLSE12,iTLS-Enso,12508,12/28/2020, 05:20:19,404
SKGTLSE12,iTLS-Enso,12508,12/28/2020, 06:14:30,404
SKGTLSE12,iTLS-Enso,12508,12/28/2020, 07:20:16,404
SKGTLSE12,iTLS-Enso,12508,12/28/2020, 08:15:36,404
SKGTLSE12,iTLS-Enso,12509,12/28/2020, 09:18:04,404
SKGTLSE12,iTLS-Enso,12509,12/28/2020, 10:18:21,404
SKGTLSE12,iTLS-Enso,12509,12/28/2020, 11:14:50,404
SKGTLSE12,iTLS-Enso,12509,12/28/2020, 12:15:57,404
SKGTLSE12,iTLS-Enso,12510,12/28/2020, 13:23:55,404
SKGTLSE12,iTLS-Enso,12512,12/28/2020, 14:13:42,404
SKGTLSE12,iTLS-Enso,12512,12/28/2020, 15:12:09,404
SKGTLSE12,iTLS-Enso,12512,12/28/2020, 16:24:29,404
SKGTLSE12,iTLS-Enso,12512,12/28/2020, 17:43:13,404
SKGTLSE12,iTLS-Enso,12512,12/28/2020, 18:30:06,404
SKGTLSE12,iTLS-Enso,12512,12/28/2020, 19:24:38,404
SKGTLSE12,iTLS-Enso,12513,12/28/2020, 20:13:31,404
SKGTLSE12,iTLS-Enso,12513,12/28/2020, 21:11:22,404
SKGTLSE12,iTLS-Enso,12515,12/28/2020, 22:15:57,404
SKGTLSE12,iTLS-Enso,12515,12/28/2020, 23:20:30,404
SKGTLSE12,iTLS-Enso,12515,12/29/2020, 00:36:28,404
SKGTLSE12,iTLS-Enso,12515,12/29/2020, 02:04:46,404
SKGTLSE12,iTLS-Enso,12515,12/29/2020, 03:23:22,404
SKGTLSE12,iTLS-Enso,12515,12/29/2020, 04:23:51,404
SKGTLSE12,iTLS-Enso,12515,12/29/2020, 05:22:47,404
SKGTLSE12,iTLS-Enso,12515,12/29/2020, 06:16:05,404
SKGTLSE12,iTLS-Enso,12515,12/29/2020, 07:21:48,404
SKGTLSE12,iTLS-Enso,12515,12/29/2020, 08:16:54,404
SKGTLSE12,iTLS-Enso,12516,12/29/2020, 09:20:35,404
SKGTLSE12,iTLS-Enso,12516,12/29/2020, 10:20:36,404
SKGTLSE12,iTLS-Enso,12516,12/29/2020, 11:17:22,404
SKGTLSE12,iTLS-Enso,12516,12/29/2020, 12:17:03,404
SKGTLSE12,iTLS-Enso,12516,12/29/2020, 13:26:32,404
SKGTLSE12,iTLS-Enso,12516,12/29/2020, 14:14:54,404
SKGTLSE12,iTLS-Enso,12517,12/29/2020, 15:13:06,404
SKGTLSE12,iTLS-Enso,12517,12/29/2020, 16:27:52,404
SKGTLSE12,iTLS-Enso,12518,12/29/2020, 17:47:47,404
SKGTLSE12,iTLS-Enso,12519,12/29/2020, 18:35:25,404
SKGTLSE12,iTLS-Enso,12519,12/29/2020, 19:30:25,404
SKGTLSE12,iTLS-Enso,12520,12/29/2020, 20:16:36,404
SKGTLSE12,iTLS-Enso,12520,12/29/2020, 21:12:47,404
SKGTLSE12,iTLS-Enso,12521,12/29/2020, 22:17:57,404
SKGTLSE12,iTLS-Enso,12523,12/29/2020, 23:22:50,404
SKGTLSE12,iTLS-Enso,12524,12/30/2020, 00:37:47,404
SKGTLSE12,iTLS-Enso,12524,12/30/2020, 02:06:43,404
SKGTLSE12,iTLS-Enso,12524,12/30/2020, 03:23:20,404
SKGTLSE12,iTLS-Enso,12524,12/30/2020, 04:23:23,404
SKGTLSE12,iTLS-Enso,12524,12/30/2020, 05:22:53,404
SKGTLSE12,iTLS-Enso,12524,12/30/2020, 06:16:08,404
SKGTLSE12,iTLS-Enso,12524,12/30/2020, 07:22:14,404
SKGTLSE12,iTLS-Enso,12524,12/30/2020, 08:17:02,404
SKGTLSE12,iTLS-Enso,12524,12/30/2020, 09:20:27,404
SKGTLSE12,iTLS-Enso,12524,12/30/2020, 10:20:34,404
SKGTLSE12,iTLS-Enso,12524,12/30/2020, 11:17:25,404
SKGTLSE12,iTLS-Enso,12525,12/30/2020, 12:16:30,404
SKGTLSE12,iTLS-Enso,12525,12/30/2020, 13:26:00,404
SKGTLSE12,iTLS-Enso,12525,12/30/2020, 14:14:26,404
SKGTLSE12,iTLS-Enso,12525,12/30/2020, 15:12:46,404
SKGTLSE12,iTLS-Enso,12525,12/30/2020, 16:26:52,404
SKGTLSE12,iTLS-Enso,12525,12/30/2020, 17:47:57,404
SKGTLSE12,iTLS-Enso,12525,12/30/2020, 18:35:16,404
SKGTLSE12,iTLS-Enso,12525,12/30/2020, 19:30:47,404
SKGTLSE12,iTLS-Enso,12525,12/30/2020, 20:16:59,404
SKGTLSE12,iTLS-Enso,12526,12/30/2020, 21:13:45,404
SKGTLSE12,iTLS-Enso,12526,12/30/2020, 22:17:18,404
SKGTLSE12,iTLS-Enso,12526,12/30/2020, 23:21:41,404
SKGTLSE12,iTLS-Enso,12527,12/31/2020, 00:39:52,404
SKGTLSE12,iTLS-Enso,12527,12/31/2020, 02:10:05,404
SKGTLSE12,iTLS-Enso,12527,12/31/2020, 03:25:23,404
SKGTLSE12,iTLS-Enso,12528,12/31/2020, 04:26:05,404
SKGTLSE12,iTLS-Enso,12530,12/31/2020, 05:25:42,404
SKGTLSE12,iTLS-Enso,12530,12/31/2020, 06:19:21,404
SKGTLSE12,iTLS-Enso,12530,12/31/2020, 07:24:32,404
SKGTLSE12,iTLS-Enso,12530,12/31/2020, 08:20:56,404
SKGTLSE12,iTLS-Enso,12532,12/31/2020, 09:23:12,404
SKGTLSE12,iTLS-Enso,12533,12/31/2020, 10:24:45,404
SKGTLSE12,iTLS-Enso,12533,12/31/2020, 11:21:44,404
SKGTLSE12,iTLS-Enso,12533,12/31/2020, 12:19:24,404
SKGTLSE12,iTLS-Enso,12534,12/31/2020, 13:29:55,404
SKGTLSE12,iTLS-Enso,12535,12/31/2020, 14:18:49,404
SKGTLSE12,iTLS-Enso,12535,12/31/2020, 15:15:13,404
SKGTLSE12,iTLS-Enso,12535,12/31/2020, 16:30:21,404
SKGTLSE12,iTLS-Enso,12535,12/31/2020, 17:52:37,404
SKGTLSE12,iTLS-Enso,12535,12/31/2020, 18:38:08,404
SKGTLSE12,iTLS-Enso,12535,12/31/2020, 19:30:05,404
SKGTLSE12,iTLS-Enso,12535,12/31/2020, 20:15:45,404
SKGTLSE12,iTLS-Enso,12535,12/31/2020, 21:11:33,404
SKGTLSE12,iTLS-Enso,12535,12/31/2020, 22:16:11,404
SKGTLSE12,iTLS-Enso,12536,12/31/2020, 23:21:54,404
SKGTLSE12,iTLS-Enso,12536,01/01/2021, 00:39:37,404
SKGTLSE12,iTLS-Enso,12536,01/01/2021, 02:12:31,404
SKGTLSE12,iTLS-Enso,12536,01/01/2021, 03:24:48,404
SKGTLSE12,iTLS-Enso,12536,01/01/2021, 04:24:24,404
SKGTLSE12,iTLS-Enso,12536,01/01/2021, 05:23:31,404
SKGTLSE12,iTLS-Enso,12537,01/01/2021, 06:16:56,404
SKGTLSE12,iTLS-Enso,12537,01/01/2021, 07:22:35,404
SKGTLSE12,iTLS-Enso,12537,01/01/2021, 08:18:27,404
SKGTLSE12,iTLS-Enso,12537,01/01/2021, 09:22:03,404
SKGTLSE12,iTLS-Enso,12538,01/01/2021, 10:22:39,404
SKGTLSE12,iTLS-Enso,12538,01/01/2021, 11:19:53,404
SKGTLSE12,iTLS-Enso,12538,01/01/2021, 12:17:27,404
SKGTLSE12,iTLS-Enso,12538,01/01/2021, 13:27:12,404
SKGTLSE12,iTLS-Enso,12538,01/01/2021, 14:15:24,404
SKGTLSE12,iTLS-Enso,12538,01/01/2021, 15:13:24,404
SKGTLSE12,iTLS-Enso,12538,01/01/2021, 16:27:24,404
SKGTLSE12,iTLS-Enso,12538,01/01/2021, 17:47:30,404
SKGTLSE12,iTLS-Enso,12538,01/01/2021, 18:33:22,404
SKGTLSE12,iTLS-Enso,12538,01/01/2021, 19:29:02,404
SKGTLSE12,iTLS-Enso,12539,01/01/2021, 20:15:34,404
SKGTLSE12,iTLS-Enso,12539,01/01/2021, 21:11:55,404
SKGTLSE12,iTLS-Enso,12540,01/01/2021, 22:16:59,404
SKGTLSE12,iTLS-Enso,12540,01/01/2021, 23:22:19,404
SKGTLSE12,iTLS-Enso,12541,01/02/2021, 00:38:17,404
SKGTLSE12,iTLS-Enso,12542,01/02/2021, 02:09:08,404
SKGTLSE12,iTLS-Enso,12542,01/02/2021, 03:24:12,404
SKGTLSE12,iTLS-Enso,12542,01/02/2021, 04:25:20,404
SKGTLSE12,iTLS-Enso,12542,01/02/2021, 05:24:14,404
SKGTLSE12,iTLS-Enso,12542,01/02/2021, 06:17:21,404
SKGTLSE12,iTLS-Enso,12542,01/02/2021, 07:22:44,404
SKGTLSE12,iTLS-Enso,12542,01/02/2021, 08:17:38,404
SKGTLSE12,iTLS-Enso,12543,01/02/2021, 09:20:51,404
SKGTLSE12,iTLS-Enso,12543,01/02/2021, 10:21:31,404
SKGTLSE12,iTLS-Enso,12543,01/02/2021, 11:18:25,404
SKGTLSE12,iTLS-Enso,12543,01/02/2021, 12:16:12,404
SKGTLSE12,iTLS-Enso,12543,01/02/2021, 13:25:18,404
SKGTLSE12,iTLS-Enso,12544,01/02/2021, 14:13:42,404
SKGTLSE12,iTLS-Enso,12544,01/02/2021, 15:12:08,404
SKGTLSE12,iTLS-Enso,12544,01/02/2021, 16:26:09,404
SKGTLSE12,iTLS-Enso,12545,01/02/2021, 17:46:47,404
SKGTLSE12,iTLS-Enso,12545,01/02/2021, 18:32:05,404
SKGTLSE12,iTLS-Enso,12545,01/02/2021, 19:27:36,404
SKGTLSE12,iTLS-Enso,12545,01/02/2021, 20:14:56,404
SKGTLSE12,iTLS-Enso,12545,01/02/2021, 21:11:27,404
SKGTLSE12,iTLS-Enso,12545,01/02/2021, 22:16:45,404
SKGTLSE12,iTLS-Enso,12545,01/02/2021, 23:22:35,404
SKGTLSE12,iTLS-Enso,12545,01/03/2021, 00:40:21,404
SKGTLSE12,iTLS-Enso,12546,01/03/2021, 02:14:27,404
SKGTLSE12,iTLS-Enso,12546,01/03/2021, 03:26:40,404
SKGTLSE12,iTLS-Enso,12546,01/03/2021, 04:25:26,404
SKGTLSE12,iTLS-Enso,12546,01/03/2021, 05:24:36,404
SKGTLSE12,iTLS-Enso,12546,01/03/2021, 06:17:17,404
SKGTLSE12,iTLS-Enso,12546,01/03/2021, 07:23:36,404
SKGTLSE12,iTLS-Enso,12547,01/03/2021, 08:18:56,404
SKGTLSE12,iTLS-Enso,12549,01/03/2021, 09:22:33,404
SKGTLSE12,iTLS-Enso,12550,01/03/2021, 10:22:49,404
SKGTLSE12,iTLS-Enso,12551,01/03/2021, 11:20:03,404
SKGTLSE12,iTLS-Enso,12554,01/03/2021, 12:16:50,404
SKGTLSE12,iTLS-Enso,12554,01/03/2021, 13:26:42,404
SKGTLSE12,iTLS-Enso,12557,01/03/2021, 14:14:37,404
SKGTLSE12,iTLS-Enso,12559,01/03/2021, 15:12:34,404
SKGTLSE12,iTLS-Enso,12560,01/03/2021, 16:27:27,404
SKGTLSE12,iTLS-Enso,12560,01/03/2021, 17:49:09,404
SKGTLSE12,iTLS-Enso,12561,01/03/2021, 18:32:46,404
SKGTLSE12,iTLS-Enso,12561,01/03/2021, 19:28:50,404
SKGTLSE12,iTLS-Enso,12561,01/03/2021, 20:16:20,404
SKGTLSE12,iTLS-Enso,12561,01/03/2021, 21:12:28,404
SKGTLSE12,iTLS-Enso,12561,01/03/2021, 22:17:37,404
SKGTLSE12,iTLS-Enso,12561,01/03/2021, 23:23:21,404
SKGTLSE12,iTLS-Enso,12561,01/04/2021, 00:41:25,404
SKGTLSE12,iTLS-Enso,12562,01/04/2021, 02:15:54,404
SKGTLSE12,iTLS-Enso,12562,01/04/2021, 03:28:14,404
SKGTLSE12,iTLS-Enso,12562,01/04/2021, 04:27:16,404
SKGTLSE12,iTLS-Enso,12562,01/04/2021, 05:25:39,404
SKGTLSE12,iTLS-Enso,12562,01/04/2021, 06:19:12,404
SKGTLSE12,iTLS-Enso,12562,01/04/2021, 07:24:47,404
SKGTLSE12,iTLS-Enso,12562,01/04/2021, 08:21:39,404
SKGTLSE12,iTLS-Enso,12562,01/04/2021, 09:24:19,404
SKGTLSE12,iTLS-Enso,12562,01/04/2021, 10:25:23,404
SKGTLSE12,iTLS-Enso,12562,01/04/2021, 11:22:08,404
SKGTLSE12,iTLS-Enso,12562,01/04/2021, 12:18:14,404
SKGTLSE12,iTLS-Enso,12562,01/04/2021, 13:29:07,404
SKGTLSE12,iTLS-Enso,12562,01/04/2021, 14:17:52,404
SKGTLSE12,iTLS-Enso,12562,01/04/2021, 15:13:56,404
SKGTLSE12,iTLS-Enso,12562,01/04/2021, 16:29:23,404
SKGTLSE12,iTLS-Enso,12562,01/04/2021, 17:52:46,404
SKGTLSE12,iTLS-Enso,12562,01/04/2021, 18:34:58,404
SKGTLSE12,iTLS-Enso,12563,01/04/2021, 19:28:19,404
SKGTLSE12,iTLS-Enso,12564,01/04/2021, 20:17:25,404
SKGTLSE12,iTLS-Enso,12564,01/04/2021, 21:13:17,404
SKGTLSE12,iTLS-Enso,12565,01/04/2021, 22:17:55,404
SKGTLSE12,iTLS-Enso,12567,01/04/2021, 23:24:29,404
SKGTLSE12,iTLS-Enso,12567,01/05/2021, 00:41:27,404
SKGTLSE12,iTLS-Enso,12567,01/05/2021, 02:16:29,404
SKGTLSE12,iTLS-Enso,12567,01/05/2021, 03:28:23,404
SKGTLSE12,iTLS-Enso,12567,01/05/2021, 04:27:58,404
SKGTLSE12,iTLS-Enso,12567,01/05/2021, 05:26:09,404
SKGTLSE12,iTLS-Enso,12567,01/05/2021, 06:19:18,404
SKGTLSE12,iTLS-Enso,12567,01/05/2021, 07:25:23,404
SKGTLSE12,iTLS-Enso,12567,01/05/2021, 08:22:22,404
SKGTLSE12,iTLS-Enso,12567,01/05/2021, 09:25:24,404
SKGTLSE12,iTLS-Enso,12568,01/05/2021, 10:25:41,404
SKGTLSE12,iTLS-Enso,12568,01/05/2021, 11:22:31,404
SKGTLSE12,iTLS-Enso,12568,01/05/2021, 12:18:15,404
SKGTLSE12,iTLS-Enso,12568,01/05/2021, 13:29:29,404
SKGTLSE12,iTLS-Enso,12568,01/05/2021, 14:18:09,404
SKGTLSE12,iTLS-Enso,12568,01/05/2021, 15:14:10,404
SKGTLSE12,iTLS-Enso,12568,01/05/2021, 16:30:21,404
SKGTLSE12,iTLS-Enso,12568,01/05/2021, 17:58:14,404
SKGTLSE12,iTLS-Enso,12568,01/05/2021, 18:43:42,404
SKGTLSE12,iTLS-Enso,12568,01/05/2021, 19:28:56,404
SKGTLSE12,iTLS-Enso,12568,01/05/2021, 20:18:07,404
SKGTLSE12,iTLS-Enso,12568,01/05/2021, 21:13:21,404
SKGTLSE12,iTLS-Enso,12568,01/05/2021, 22:18:25,404
SKGTLSE12,iTLS-Enso,12568,01/05/2021, 23:25:26,404
SKGTLSE12,iTLS-Enso,12569,01/06/2021, 00:41:28,404
SKGTLSE12,iTLS-Enso,12570,01/06/2021, 02:17:22,404
SKGTLSE12,iTLS-Enso,12571,01/06/2021, 03:29:51,404
SKGTLSE12,iTLS-Enso,12571,01/06/2021, 04:28:45,404
SKGTLSE12,iTLS-Enso,12573,01/06/2021, 05:27:48,404
SKGTLSE12,iTLS-Enso,12573,01/06/2021, 06:19:46,404
SKGTLSE12,iTLS-Enso,12573,01/06/2021, 07:26:42,404
SKGTLSE12,iTLS-Enso,12573,01/06/2021, 08:21:56,404
SKGTLSE12,iTLS-Enso,12573,01/06/2021, 09:25:53,404
SKGTLSE12,iTLS-Enso,12573,01/06/2021, 10:26:37,404
SKGTLSE12,iTLS-Enso,12573,01/06/2021, 11:22:55,404
SKGTLSE12,iTLS-Enso,12573,01/06/2021, 12:18:36,404
SKGTLSE12,iTLS-Enso,12573,01/06/2021, 13:29:49,404
SKGTLSE12,iTLS-Enso,12574,01/06/2021, 14:18:43,404
SKGTLSE12,iTLS-Enso,12575,01/06/2021, 15:14:26,404
SKGTLSE12,iTLS-Enso,12575,01/06/2021, 16:31:02,404
SKGTLSE12,iTLS-Enso,12576,01/06/2021, 17:56:42,404
SKGTLSE12,iTLS-Enso,12577,01/06/2021, 18:40:01,404
SKGTLSE12,iTLS-Enso,12577,01/06/2021, 19:29:01,404
SKGTLSE12,iTLS-Enso,12578,01/06/2021, 20:18:24,404
SKGTLSE12,iTLS-Enso,12578,01/06/2021, 21:13:30,404
SKGTLSE12,iTLS-Enso,12579,01/06/2021, 22:19:05,404
SKGTLSE12,iTLS-Enso,12581,01/06/2021, 23:26:34,404
SKGTLSE12,iTLS-Enso,12581,01/07/2021, 00:44:55,404
SKGTLSE12,iTLS-Enso,12581,01/07/2021, 02:21:38,404
SKGTLSE12,iTLS-Enso,12581,01/07/2021, 03:34:04,404
SKGTLSE12,iTLS-Enso,12581,01/07/2021, 04:31:25,404
SKGTLSE12,iTLS-Enso,12581,01/07/2021, 05:30:06,404
SKGTLSE12,iTLS-Enso,12581,01/07/2021, 06:21:16,404
SKGTLSE12,iTLS-Enso,12581,01/07/2021, 07:27:55,404
SKGTLSE12,iTLS-Enso,12581,01/07/2021, 08:22:34,404
SKGTLSE12,iTLS-Enso,12581,01/07/2021, 09:26:51,404
SKGTLSE12,iTLS-Enso,12581,01/07/2021, 10:27:17,404
SKGTLSE12,iTLS-Enso,12581,01/07/2021, 11:23:49,404
SKGTLSE12,iTLS-Enso,12581,01/07/2021, 12:18:56,404
SKGTLSE12,iTLS-Enso,12581,01/07/2021, 13:30:30,404
SKGTLSE12,iTLS-Enso,12581,01/07/2021, 14:19:25,404
SKGTLSE12,iTLS-Enso,12582,01/07/2021, 15:14:17,404
SKGTLSE12,iTLS-Enso,12583,01/07/2021, 16:31:37,404
SKGTLSE12,iTLS-Enso,12583,01/07/2021, 17:57:44,404
SKGTLSE12,iTLS-Enso,12583,01/07/2021, 18:44:09,404
SKGTLSE12,iTLS-Enso,12586,01/07/2021, 19:25:33,404
SKGTLSE12,iTLS-Enso,12586,01/07/2021, 20:16:41,404
SKGTLSE12,iTLS-Enso,12586,01/07/2021, 21:13:30,404
SKGTLSE12,iTLS-Enso,12586,01/07/2021, 22:19:04,404
SKGTLSE12,iTLS-Enso,12586,01/07/2021, 23:26:38,404
SKGTLSE12,iTLS-Enso,12586,01/08/2021, 00:44:21,404
SKGTLSE12,iTLS-Enso,12587,01/08/2021, 02:22:09,404
SKGTLSE12,iTLS-Enso,12587,01/08/2021, 03:35:37,404
SKGTLSE12,iTLS-Enso,12587,01/08/2021, 04:32:21,404
SKGTLSE12,iTLS-Enso,12588,01/08/2021, 05:31:41,404
SKGTLSE12,iTLS-Enso,12588,01/08/2021, 06:22:43,404
SKGTLSE12,iTLS-Enso,12588,01/08/2021, 07:28:21,404
SKGTLSE12,iTLS-Enso,12588,01/08/2021, 08:23:45,404
SKGTLSE12,iTLS-Enso,12589,01/08/2021, 09:27:35,404
SKGTLSE12,iTLS-Enso,12590,01/08/2021, 10:28:36,404
SKGTLSE12,iTLS-Enso,12590,01/08/2021, 11:25:00,404
SKGTLSE12,iTLS-Enso,12590,01/08/2021, 12:21:18,404
SKGTLSE12,iTLS-Enso,12592,01/08/2021, 13:32:41,404
SKGTLSE12,iTLS-Enso,12592,01/08/2021, 14:19:50,404
SKGTLSE12,iTLS-Enso,12592,01/08/2021, 15:15:39,404
SKGTLSE12,iTLS-Enso,12593,01/08/2021, 16:33:43,404
SKGTLSE12,iTLS-Enso,12593,01/08/2021, 17:59:21,404
SKGTLSE12,iTLS-Enso,12593,01/08/2021, 18:44:02,404
SKGTLSE12,iTLS-Enso,12594,01/08/2021, 19:27:03,404
SKGTLSE12,iTLS-Enso,12594,01/08/2021, 20:17:48,404
SKGTLSE12,iTLS-Enso,12594,01/08/2021, 21:15:13,404
SKGTLSE12,iTLS-Enso,12595,01/08/2021, 22:21:14,404
SKGTLSE12,iTLS-Enso,12596,01/08/2021, 23:28:06,404
SKGTLSE12,iTLS-Enso,12597,01/09/2021, 00:44:20,404
SKGTLSE12,iTLS-Enso,12598,01/09/2021, 02:22:55,404
SKGTLSE12,iTLS-Enso,12599,01/09/2021, 03:36:25,404
SKGTLSE12,iTLS-Enso,12599,01/09/2021, 04:34:02,404
SKGTLSE12,iTLS-Enso,12599,01/09/2021, 05:33:16,404
SKGTLSE12,iTLS-Enso,12599,01/09/2021, 06:25:28,404
SKGTLSE12,iTLS-Enso,12599,01/09/2021, 07:28:45,404
SKGTLSE12,iTLS-Enso,12599,01/09/2021, 08:24:28,404
SKGTLSE12,iTLS-Enso,12599,01/09/2021, 09:27:52,404
SKGTLSE12,iTLS-Enso,12599,01/09/2021, 10:28:07,404
SKGTLSE12,iTLS-Enso,12599,01/09/2021, 11:25:19,404
SKGTLSE12,iTLS-Enso,12599,01/09/2021, 12:20:56,404
SKGTLSE12,iTLS-Enso,12600,01/09/2021, 13:32:50,404
SKGTLSE12,iTLS-Enso,12600,01/09/2021, 14:19:16,404
SKGTLSE12,iTLS-Enso,12600,01/09/2021, 15:15:39,404
SKGTLSE12,iTLS-Enso,12601,01/09/2021, 16:35:23,404
SKGTLSE12,iTLS-Enso,12603,01/09/2021, 18:02:16,404
SKGTLSE12,iTLS-Enso,12603,01/09/2021, 19:32:26,404
SKGTLSE12,iTLS-Enso,12603,01/09/2021, 20:21:26,404
SKGTLSE12,iTLS-Enso,12603,01/09/2021, 21:15:50,404
SKGTLSE12,iTLS-Enso,12603,01/09/2021, 22:21:55,404
SKGTLSE12,iTLS-Enso,12603,01/09/2021, 23:28:29,404
SKGTLSE12,iTLS-Enso,12604,01/10/2021, 00:46:35,404
SKGTLSE12,iTLS-Enso,12604,01/10/2021, 02:28:32,404
SKGTLSE12,iTLS-Enso,12604,01/10/2021, 03:42:02,404
SKGTLSE12,iTLS-Enso,12605,01/10/2021, 04:36:07,404
SKGTLSE12,iTLS-Enso,12605,01/10/2021, 05:34:45,404
SKGTLSE12,iTLS-Enso,12605,01/10/2021, 06:26:22,404
SKGTLSE12,iTLS-Enso,12605,01/10/2021, 07:31:13,404
SKGTLSE12,iTLS-Enso,12606,01/10/2021, 08:25:08,404
SKGTLSE12,iTLS-Enso,12606,01/10/2021, 09:28:54,404
SKGTLSE12,iTLS-Enso,12606,01/10/2021, 10:30:07,404
SKGTLSE12,iTLS-Enso,12606,01/10/2021, 11:26:03,404
SKGTLSE12,iTLS-Enso,12607,01/10/2021, 12:22:58,404
SKGTLSE12,iTLS-Enso,12607,01/10/2021, 13:33:30,404
SKGTLSE12,iTLS-Enso,12607,01/10/2021, 14:20:55,404
SKGTLSE12,iTLS-Enso,12607,01/10/2021, 15:16:44,404
SKGTLSE12,iTLS-Enso,12608,01/10/2021, 16:35:25,404
SKGTLSE12,iTLS-Enso,12608,01/10/2021, 18:04:23,404
SKGTLSE12,iTLS-Enso,12608,01/10/2021, 19:34:33,404
SKGTLSE12,iTLS-Enso,12608,01/10/2021, 20:20:20,404
SKGTLSE12,iTLS-Enso,12608,01/10/2021, 21:14:11,404
SKGTLSE12,iTLS-Enso,12608,01/10/2021, 22:20:32,404
SKGTLSE12,iTLS-Enso,12608,01/10/2021, 23:27:50,404
SKGTLSE12,iTLS-Enso,12611,01/11/2021, 00:45:51,404
SKGTLSE12,iTLS-Enso,12611,01/11/2021, 02:27:10,404
SKGTLSE12,iTLS-Enso,12611,01/11/2021, 03:41:25,404
SKGTLSE12,iTLS-Enso,12611,01/11/2021, 04:36:11,404
SKGTLSE12,iTLS-Enso,12611,01/11/2021, 05:35:28,404
SKGTLSE12,iTLS-Enso,12611,01/11/2021, 06:27:32,404
SKGTLSE12,iTLS-Enso,12611,01/11/2021, 07:31:30,404
SKGTLSE12,iTLS-Enso,12611,01/11/2021, 08:28:07,404
SKGTLSE12,iTLS-Enso,12611,01/11/2021, 09:32:23,404
SKGTLSE12,iTLS-Enso,12611,01/11/2021, 10:34:03,404
SKGTLSE12,iTLS-Enso,12611,01/11/2021, 11:28:55,404
SKGTLSE12,iTLS-Enso,12611,01/11/2021, 12:25:15,404
SKGTLSE12,iTLS-Enso,12612,01/11/2021, 13:37:17,404
SKGTLSE12,iTLS-Enso,12612,01/11/2021, 14:24:10,404
SKGTLSE12,iTLS-Enso,12612,01/11/2021, 15:17:05,404
SKGTLSE12,iTLS-Enso,12612,01/11/2021, 16:33:28,404
SKGTLSE12,iTLS-Enso,12613,01/11/2021, 18:04:26,404
SKGTLSE12,iTLS-Enso,12615,01/11/2021, 19:35:25,404
SKGTLSE12,iTLS-Enso,12615,01/11/2021, 20:23:35,404
SKGTLSE12,iTLS-Enso,12615,01/11/2021, 21:18:45,404
SKGTLSE12,iTLS-Enso,12615,01/11/2021, 22:24:04,404
SKGTLSE12,iTLS-Enso,12616,01/11/2021, 23:30:44,404
SKGTLSE12,iTLS-Enso,12616,01/12/2021, 00:48:20,404
SKGTLSE12,iTLS-Enso,12616,01/12/2021, 02:30:53,404
SKGTLSE12,iTLS-Enso,12617,01/12/2021, 03:43:39,404
SKGTLSE12,iTLS-Enso,12620,01/12/2021, 04:35:51,404
SKGTLSE12,iTLS-Enso,12620,01/12/2021, 05:36:45,404
SKGTLSE12,iTLS-Enso,12620,01/12/2021, 06:28:25,404
SKGTLSE12,iTLS-Enso,12620,01/12/2021, 07:33:47,404
SKGTLSE12,iTLS-Enso,12620,01/12/2021, 08:29:41,404
SKGTLSE12,iTLS-Enso,12620,01/12/2021, 09:35:57,404
SKGTLSE12,iTLS-Enso,12620,01/12/2021, 10:34:54,404
SKGTLSE12,iTLS-Enso,12621,01/12/2021, 11:30:36,404
SKGTLSE12,iTLS-Enso,12623,01/12/2021, 12:26:01,404
SKGTLSE12,iTLS-Enso,12624,01/12/2021, 13:39:44,404
SKGTLSE12,iTLS-Enso,12624,01/12/2021, 14:26:46,404
SKGTLSE12,iTLS-Enso,12624,01/12/2021, 15:21:18,404
SKGTLSE12,iTLS-Enso,12625,01/12/2021, 16:38:37,404
SKGTLSE12,iTLS-Enso,12625,01/12/2021, 18:12:49,404
SKGTLSE12,iTLS-Enso,12627,01/12/2021, 19:42:20,404
SKGTLSE12,iTLS-Enso,12627,01/12/2021, 20:28:50,404
SKGTLSE12,iTLS-Enso,12627,01/12/2021, 21:22:03,404
SKGTLSE12,iTLS-Enso,12628,01/12/2021, 22:27:47,404
SKGTLSE12,iTLS-Enso,12629,01/12/2021, 23:35:12,404
SKGTLSE12,iTLS-Enso,12630,01/13/2021, 00:54:58,404
SKGTLSE12,iTLS-Enso,12630,01/13/2021, 02:37:31,404
SKGTLSE12,iTLS-Enso,12630,01/13/2021, 03:50:37,404
SKGTLSE12,iTLS-Enso,12631,01/13/2021, 04:39:01,404
SKGTLSE12,iTLS-Enso,12633,01/13/2021, 05:41:18,404
SKGTLSE12,iTLS-Enso,12633,01/13/2021, 06:33:58,404
SKGTLSE12,iTLS-Enso,12634,01/13/2021, 07:40:26,404
SKGTLSE12,iTLS-Enso,12634,01/13/2021, 08:37:04,404
SKGTLSE12,iTLS-Enso,12634,01/13/2021, 09:41:21,404
SKGTLSE12,iTLS-Enso,12634,01/13/2021, 10:42:51,404
SKGTLSE12,iTLS-Enso,12634,01/13/2021, 11:39:15,404
SKGTLSE12,iTLS-Enso,12635,01/13/2021, 12:33:57,404
SKGTLSE12,iTLS-Enso,12635,01/13/2021, 13:47:04,404
SKGTLSE12,iTLS-Enso,12636,01/13/2021, 15:27:26,404
SKGTLSE12,iTLS-Enso,12636,01/13/2021, 16:45:19,404
SKGTLSE12,iTLS-Enso,12636,01/13/2021, 18:26:21,404
SKGTLSE12,iTLS-Enso,12637,01/13/2021, 19:54:18,404
SKGTLSE12,iTLS-Enso,12637,01/13/2021, 20:34:22,404
SKGTLSE12,iTLS-Enso,12637,01/13/2021, 21:26:26,404
SKGTLSE12,iTLS-Enso,12637,01/13/2021, 22:29:42,404
SKGTLSE12,iTLS-Enso,12638,01/13/2021, 23:38:51,404
SKGTLSE12,iTLS-Enso,12639,01/14/2021, 01:03:14,404
SKGTLSE12,iTLS-Enso,12641,01/14/2021, 03:06:16,404
SKGTLSE12,iTLS-Enso,12642,01/14/2021, 04:39:00,404
SKGTLSE12,iTLS-Enso,12643,01/14/2021, 05:43:45,404
SKGTLSE12,iTLS-Enso,12643,01/14/2021, 06:36:51,404
SKGTLSE12,iTLS-Enso,12643,01/14/2021, 07:42:22,404
SKGTLSE12,iTLS-Enso,12643,01/14/2021, 08:37:23,404
SKGTLSE12,iTLS-Enso,12643,01/14/2021, 09:41:52,404
SKGTLSE12,iTLS-Enso,12644,01/14/2021, 10:44:05,404
SKGTLSE12,iTLS-Enso,12644,01/14/2021, 11:40:13,404
SKGTLSE12,iTLS-Enso,12644,01/14/2021, 12:32:47,404
SKGTLSE12,iTLS-Enso,12644,01/14/2021, 13:47:31,404
SKGTLSE12,iTLS-Enso,12644,01/14/2021, 14:35:18,404
SKGTLSE12,iTLS-Enso,12644,01/14/2021, 15:25:54,404
SKGTLSE12,iTLS-Enso,12644,01/14/2021, 16:44:10,404
SKGTLSE12,iTLS-Enso,12647,01/14/2021, 18:23:15,404
SKGTLSE12,iTLS-Enso,12647,01/14/2021, 19:50:17,404
SKGTLSE12,iTLS-Enso,12648,01/14/2021, 20:33:35,404
SKGTLSE12,iTLS-Enso,12648,01/14/2021, 21:24:25,404
SKGTLSE12,iTLS-Enso,12648,01/14/2021, 22:27:43,404
SKGTLSE12,iTLS-Enso,12648,01/14/2021, 23:36:06,404
SKGTLSE12,iTLS-Enso,12648,01/15/2021, 00:58:49,404
SKGTLSE12,iTLS-Enso,12649,01/15/2021, 02:47:02,404
SKGTLSE12,iTLS-Enso,12649,01/15/2021, 03:54:02,404
SKGTLSE12,iTLS-Enso,12649,01/15/2021, 04:37:04,404
SKGTLSE12,iTLS-Enso,12649,01/15/2021, 05:40:27,404
SKGTLSE12,iTLS-Enso,12649,01/15/2021, 06:33:17,404
SKGTLSE12,iTLS-Enso,12649,01/15/2021, 07:39:25,404
SKGTLSE12,iTLS-Enso,12649,01/15/2021, 08:34:56,404
SKGTLSE12,iTLS-Enso,12650,01/15/2021, 09:40:06,404
SKGTLSE12,iTLS-Enso,12650,01/15/2021, 10:42:06,404
SKGTLSE12,iTLS-Enso,12650,01/15/2021, 11:38:59,404
SKGTLSE12,iTLS-Enso,12650,01/15/2021, 12:32:08,404
SKGTLSE12,iTLS-Enso,12650,01/15/2021, 13:45:32,404
SKGTLSE12,iTLS-Enso,12650,01/15/2021, 14:33:55,404
SKGTLSE12,iTLS-Enso,12651,01/15/2021, 15:24:31,404
SKGTLSE12,iTLS-Enso,12651,01/15/2021, 16:50:28,404
SKGTLSE12,iTLS-Enso,12651,01/15/2021, 18:21:02,404
SKGTLSE12,iTLS-Enso,12652,01/15/2021, 19:49:23,404
SKGTLSE12,iTLS-Enso,12653,01/15/2021, 20:35:11,404
SKGTLSE12,iTLS-Enso,12653,01/15/2021, 21:26:59,404
SKGTLSE12,iTLS-Enso,12653,01/15/2021, 22:31:29,404
SKGTLSE12,iTLS-Enso,12653,01/15/2021, 23:39:10,404
SKGTLSE12,iTLS-Enso,12653,01/16/2021, 01:01:11,404
SKGTLSE12,iTLS-Enso,12654,01/16/2021, 03:03:44,404
SKGTLSE12,iTLS-Enso,12654,01/16/2021, 04:37:45,404
SKGTLSE12,iTLS-Enso,12654,01/16/2021, 05:41:28,404
SKGTLSE12,iTLS-Enso,12655,01/16/2021, 06:34:18,404
SKGTLSE12,iTLS-Enso,12656,01/16/2021, 07:39:46,404
SKGTLSE12,iTLS-Enso,12656,01/16/2021, 08:34:44,404
SKGTLSE12,iTLS-Enso,12656,01/16/2021, 09:38:48,404
SKGTLSE12,iTLS-Enso,12656,01/16/2021, 10:41:09,404
SKGTLSE12,iTLS-Enso,12658,01/16/2021, 11:37:29,404
SKGTLSE12,iTLS-Enso,12658,01/16/2021, 12:30:51,404
SKGTLSE12,iTLS-Enso,12658,01/16/2021, 13:44:12,404
SKGTLSE12,iTLS-Enso,12659,01/16/2021, 14:31:50,404
SKGTLSE12,iTLS-Enso,12660,01/16/2021, 15:22:43,404
SKGTLSE12,iTLS-Enso,12660,01/16/2021, 16:41:43,404
SKGTLSE12,iTLS-Enso,12662,01/16/2021, 18:17:50,404
SKGTLSE12,iTLS-Enso,12662,01/16/2021, 19:45:45,404
SKGTLSE12,iTLS-Enso,12665,01/16/2021, 20:32:05,404
SKGTLSE12,iTLS-Enso,12665,01/16/2021, 21:22:33,404
SKGTLSE12,iTLS-Enso,12666,01/16/2021, 22:27:50,404
SKGTLSE12,iTLS-Enso,12668,01/16/2021, 23:35:11,404
SKGTLSE12,iTLS-Enso,12668,01/17/2021, 00:59:32,404
SKGTLSE12,iTLS-Enso,12668,01/17/2021, 02:51:24,404
SKGTLSE12,iTLS-Enso,12669,01/17/2021, 03:56:45,404
SKGTLSE12,iTLS-Enso,12669,01/17/2021, 04:47:34,404
SKGTLSE12,iTLS-Enso,12671,01/17/2021, 05:41:57,404
SKGTLSE12,iTLS-Enso,12672,01/17/2021, 06:34:02,404
SKGTLSE12,iTLS-Enso,12672,01/17/2021, 07:39:30,404
SKGTLSE12,iTLS-Enso,12673,01/17/2021, 08:34:21,404
SKGTLSE12,iTLS-Enso,12673,01/17/2021, 09:38:20,404
SKGTLSE12,iTLS-Enso,12673,01/17/2021, 10:40:13,404
SKGTLSE12,iTLS-Enso,12675,01/17/2021, 11:36:12,404
SKGTLSE12,iTLS-Enso,12677,01/17/2021, 12:29:38,404
SKGTLSE12,iTLS-Enso,12679,01/17/2021, 13:46:16,404
SKGTLSE12,iTLS-Enso,12679,01/17/2021, 14:30:13,404
SKGTLSE12,iTLS-Enso,12680,01/17/2021, 15:22:25,404
SKGTLSE12,iTLS-Enso,12681,01/17/2021, 16:41:18,404
SKGTLSE12,iTLS-Enso,12683,01/17/2021, 18:16:58,404
SKGTLSE12,iTLS-Enso,12683,01/17/2021, 19:44:24,404
SKGTLSE12,iTLS-Enso,12683,01/17/2021, 20:31:01,404
SKGTLSE12,iTLS-Enso,12684,01/17/2021, 21:22:07,404
SKGTLSE12,iTLS-Enso,12684,01/17/2021, 22:27:43,404
SKGTLSE12,iTLS-Enso,12684,01/17/2021, 23:34:57,404
SKGTLSE12,iTLS-Enso,12684,01/18/2021, 00:58:10,404
SKGTLSE12,iTLS-Enso,12685,01/18/2021, 02:47:54,404
SKGTLSE12,iTLS-Enso,12685,01/18/2021, 03:55:11,404
SKGTLSE12,iTLS-Enso,12685,01/18/2021, 04:38:27,404
SKGTLSE12,iTLS-Enso,12685,01/18/2021, 05:42:05,404
SKGTLSE12,iTLS-Enso,12685,01/18/2021, 06:34:54,404
SKGTLSE12,iTLS-Enso,12685,01/18/2021, 07:41:15,404
SKGTLSE12,iTLS-Enso,12685,01/18/2021, 08:37:56,404
SKGTLSE12,iTLS-Enso,12686,01/18/2021, 09:41:51,404
SKGTLSE12,iTLS-Enso,12686,01/18/2021, 10:44:25,404
SKGTLSE12,iTLS-Enso,12686,01/18/2021, 11:41:21,404
SKGTLSE12,iTLS-Enso,12686,01/18/2021, 12:32:54,404
SKGTLSE12,iTLS-Enso,12686,01/18/2021, 13:47:15,404
SKGTLSE12,iTLS-Enso,12686,01/18/2021, 14:35:19,404
SKGTLSE12,iTLS-Enso,12686,01/18/2021, 15:25:41,404
SKGTLSE12,iTLS-Enso,12688,01/18/2021, 16:44:05,404
SKGTLSE12,iTLS-Enso,12688,01/18/2021, 18:20:40,404
SKGTLSE12,iTLS-Enso,12688,01/18/2021, 19:48:59,404
SKGTLSE12,iTLS-Enso,12688,01/18/2021, 20:36:22,404
SKGTLSE12,iTLS-Enso,12688,01/18/2021, 21:28:10,404
SKGTLSE12,iTLS-Enso,12689,01/18/2021, 22:31:24,404
SKGTLSE12,iTLS-Enso,12689,01/18/2021, 23:38:45,404
SKGTLSE12,iTLS-Enso,12689,01/19/2021, 01:01:13,404
SKGTLSE12,iTLS-Enso,12690,01/19/2021, 03:06:11,404
SKGTLSE12,iTLS-Enso,12690,01/19/2021, 04:38:02,404
SKGTLSE12,iTLS-Enso,12690,01/19/2021, 05:43:12,404
SKGTLSE12,iTLS-Enso,12691,01/19/2021, 06:36:16,404
SKGTLSE12,iTLS-Enso,12691,01/19/2021, 07:42:26,404
SKGTLSE12,iTLS-Enso,12692,01/19/2021, 08:38:37,404
SKGTLSE12,iTLS-Enso,12692,01/19/2021, 09:43:58,404
SKGTLSE12,iTLS-Enso,12692,01/19/2021, 10:46:44,404
SKGTLSE12,iTLS-Enso,12692,01/19/2021, 11:43:29,404
SKGTLSE12,iTLS-Enso,12692,01/19/2021, 12:34:36,404
SKGTLSE12,iTLS-Enso,12692,01/19/2021, 13:49:49,404
SKGTLSE12,iTLS-Enso,12692,01/19/2021, 14:42:40,404
SKGTLSE12,iTLS-Enso,12692,01/19/2021, 15:25:08,404
SKGTLSE12,iTLS-Enso,12692,01/19/2021, 16:43:46,404
SKGTLSE12,iTLS-Enso,12694,01/19/2021, 18:18:34,404
SKGTLSE12,iTLS-Enso,12696,01/19/2021, 19:49:36,404
SKGTLSE12,iTLS-Enso,12696,01/19/2021, 20:37:46,404
SKGTLSE12,iTLS-Enso,12696,01/19/2021, 21:28:58,404
SKGTLSE12,iTLS-Enso,12696,01/19/2021, 22:31:55,404
SKGTLSE12,iTLS-Enso,12696,01/19/2021, 23:39:24,404
SKGTLSE12,iTLS-Enso,12697,01/20/2021, 01:02:32,404
SKGTLSE12,iTLS-Enso,12697,01/20/2021, 03:08:38,404
SKGTLSE12,iTLS-Enso,12697,01/20/2021, 04:40:25,404
SKGTLSE12,iTLS-Enso,12698,01/20/2021, 05:45:56,404
SKGTLSE12,iTLS-Enso,12698,01/20/2021, 06:39:25,404
SKGTLSE12,iTLS-Enso,12698,01/20/2021, 07:45:27,404
SKGTLSE12,iTLS-Enso,12699,01/20/2021, 08:41:39,404
SKGTLSE12,iTLS-Enso,12699,01/20/2021, 09:45:46,404
SKGTLSE12,iTLS-Enso,12699,01/20/2021, 10:47:24,404
SKGTLSE12,iTLS-Enso,12699,01/20/2021, 11:43:30,404
SKGTLSE12,iTLS-Enso,12699,01/20/2021, 12:34:22,404
SKGTLSE12,iTLS-Enso,12700,01/20/2021, 13:48:47,404
SKGTLSE12,iTLS-Enso,12700,01/20/2021, 14:35:46,404
SKGTLSE12,iTLS-Enso,12700,01/20/2021, 15:26:40,404
SKGTLSE12,iTLS-Enso,12700,01/20/2021, 16:46:09,404
SKGTLSE12,iTLS-Enso,12700,01/20/2021, 18:21:00,404
SKGTLSE12,iTLS-Enso,12700,01/20/2021, 19:50:19,404
SKGTLSE12,iTLS-Enso,12700,01/20/2021, 20:35:26,404
SKGTLSE12,iTLS-Enso,12701,01/20/2021, 21:29:00,404
SKGTLSE12,iTLS-Enso,12703,01/20/2021, 22:28:35,404
SKGTLSE12,iTLS-Enso,12703,01/20/2021, 23:36:29,404
SKGTLSE12,iTLS-Enso,12705,01/21/2021, 01:02:26,404
SKGTLSE12,iTLS-Enso,12705,01/21/2021, 03:08:11,404
SKGTLSE12,iTLS-Enso,12707,01/21/2021, 04:39:15,404
SKGTLSE12,iTLS-Enso,12707,01/21/2021, 05:44:52,404
SKGTLSE12,iTLS-Enso,12707,01/21/2021, 06:38:11,404
SKGTLSE12,iTLS-Enso,12707,01/21/2021, 07:44:11,404
SKGTLSE12,iTLS-Enso,12707,01/21/2021, 08:39:52,404
SKGTLSE12,iTLS-Enso,12708,01/21/2021, 09:44:54,404
SKGTLSE12,iTLS-Enso,12708,01/21/2021, 10:46:20,404
SKGTLSE12,iTLS-Enso,12708,01/21/2021, 11:42:59,404
SKGTLSE12,iTLS-Enso,12709,01/21/2021, 12:34:42,404
SKGTLSE12,iTLS-Enso,12709,01/21/2021, 13:49:13,404
SKGTLSE12,iTLS-Enso,12709,01/21/2021, 14:36:03,404
SKGTLSE12,iTLS-Enso,12709,01/21/2021, 15:26:21,404
SKGTLSE12,iTLS-Enso,12710,01/21/2021, 16:44:11,404
SKGTLSE12,iTLS-Enso,12712,01/21/2021, 18:18:48,404
SKGTLSE12,iTLS-Enso,12712,01/21/2021, 19:46:22,404
SKGTLSE12,iTLS-Enso,12712,01/21/2021, 20:33:49,404
SKGTLSE12,iTLS-Enso,12712,01/21/2021, 21:25:36,404
SKGTLSE12,iTLS-Enso,12712,01/21/2021, 22:29:41,404
SKGTLSE12,iTLS-Enso,12712,01/21/2021, 23:36:59,404
SKGTLSE12,iTLS-Enso,12712,01/22/2021, 01:01:00,404
SKGTLSE12,iTLS-Enso,12712,01/22/2021, 03:07:06,404
SKGTLSE12,iTLS-Enso,12713,01/22/2021, 04:39:12,404
SKGTLSE12,iTLS-Enso,12713,01/22/2021, 05:44:33,404
SKGTLSE12,iTLS-Enso,12713,01/22/2021, 06:37:35,404
SKGTLSE12,iTLS-Enso,12713,01/22/2021, 07:45:02,404
SKGTLSE12,iTLS-Enso,12714,01/22/2021, 08:38:26,404
SKGTLSE12,iTLS-Enso,12716,01/22/2021, 09:43:00,404
SKGTLSE12,iTLS-Enso,12716,01/22/2021, 10:45:26,404
SKGTLSE12,iTLS-Enso,12716,01/22/2021, 11:41:36,404
SKGTLSE12,iTLS-Enso,12716,01/22/2021, 12:33:39,404
SKGTLSE12,iTLS-Enso,12716,01/22/2021, 13:47:46,404
SKGTLSE12,iTLS-Enso,12716,01/22/2021, 14:35:45,404
SKGTLSE12,iTLS-Enso,12717,01/22/2021, 15:26:52,404
SKGTLSE12,iTLS-Enso,12718,01/22/2021, 16:44:34,404
SKGTLSE12,iTLS-Enso,12718,01/22/2021, 18:20:08,404
SKGTLSE12,iTLS-Enso,12719,01/22/2021, 19:49:27,404
SKGTLSE12,iTLS-Enso,12720,01/22/2021, 20:36:30,404
SKGTLSE12,iTLS-Enso,12720,01/22/2021, 21:28:01,404
SKGTLSE12,iTLS-Enso,12721,01/22/2021, 22:31:34,404
SKGTLSE12,iTLS-Enso,12721,01/22/2021, 23:37:44,404
SKGTLSE12,iTLS-Enso,12722,01/23/2021, 01:00:42,404
SKGTLSE12,iTLS-Enso,12724,01/23/2021, 03:05:54,404
SKGTLSE12,iTLS-Enso,12725,01/23/2021, 04:37:57,404
SKGTLSE12,iTLS-Enso,12725,01/23/2021, 05:42:53,404
SKGTLSE12,iTLS-Enso,12725,01/23/2021, 06:34:53,404
SKGTLSE12,iTLS-Enso,12725,01/23/2021, 07:40:56,404
SKGTLSE12,iTLS-Enso,12725,01/23/2021, 08:35:55,404
SKGTLSE12,iTLS-Enso,12725,01/23/2021, 09:39:52,404
SKGTLSE12,iTLS-Enso,12727,01/23/2021, 10:41:21,404
SKGTLSE12,iTLS-Enso,12727,01/23/2021, 11:37:28,404
SKGTLSE12,iTLS-Enso,12727,01/23/2021, 12:31:08,404
SKGTLSE12,iTLS-Enso,12728,01/23/2021, 13:44:43,404
SKGTLSE12,iTLS-Enso,12729,01/23/2021, 14:32:53,404
SKGTLSE12,iTLS-Enso,12729,01/23/2021, 15:23:54,404
SKGTLSE12,iTLS-Enso,12729,01/23/2021, 16:42:33,404
SKGTLSE12,iTLS-Enso,12731,01/23/2021, 18:17:04,404
SKGTLSE12,iTLS-Enso,12734,01/23/2021, 19:46:05,404
SKGTLSE12,iTLS-Enso,12735,01/23/2021, 20:32:24,404
SKGTLSE12,iTLS-Enso,12735,01/23/2021, 21:24:01,404
SKGTLSE12,iTLS-Enso,12736,01/23/2021, 22:28:34,404
SKGTLSE12,iTLS-Enso,12736,01/23/2021, 23:35:27,404
SKGTLSE12,iTLS-Enso,12736,01/24/2021, 01:00:34,404
SKGTLSE12,iTLS-Enso,12736,01/24/2021, 02:53:33,404
SKGTLSE12,iTLS-Enso,12736,01/24/2021, 04:01:45,404
SKGTLSE12,iTLS-Enso,12738,01/24/2021, 05:44:36,404
SKGTLSE12,iTLS-Enso,12739,01/24/2021, 06:36:52,404
SKGTLSE12,iTLS-Enso,12740,01/24/2021, 07:42:02,404
SKGTLSE12,iTLS-Enso,12740,01/24/2021, 08:36:41,404
SKGTLSE12,iTLS-Enso,12740,01/24/2021, 09:40:27,404
SKGTLSE12,iTLS-Enso,12741,01/24/2021, 10:43:58,404
SKGTLSE12,iTLS-Enso,12741,01/24/2021, 11:38:30,404
SKGTLSE12,iTLS-Enso,12741,01/24/2021, 12:32:13,404
SKGTLSE12,iTLS-Enso,12741,01/24/2021, 13:45:34,404
SKGTLSE12,iTLS-Enso,12741,01/24/2021, 14:33:01,404
SKGTLSE12,iTLS-Enso,12742,01/24/2021, 15:25:12,404
SKGTLSE12,iTLS-Enso,12743,01/24/2021, 16:43:54,404
SKGTLSE12,iTLS-Enso,12743,01/24/2021, 18:18:20,404
SKGTLSE12,iTLS-Enso,12743,01/24/2021, 19:46:51,404
SKGTLSE12,iTLS-Enso,12744,01/24/2021, 20:33:59,404
SKGTLSE12,iTLS-Enso,12744,01/24/2021, 21:25:17,404
SKGTLSE12,iTLS-Enso,12745,01/24/2021, 22:29:56,404
SKGTLSE12,iTLS-Enso,12745,01/24/2021, 23:36:03,404
SKGTLSE12,iTLS-Enso,12745,01/25/2021, 01:00:35,404
SKGTLSE12,iTLS-Enso,12745,01/25/2021, 02:53:05,404
SKGTLSE12,iTLS-Enso,12745,01/25/2021, 04:01:44,404
SKGTLSE12,iTLS-Enso,12747,01/25/2021, 05:43:58,404
SKGTLSE12,iTLS-Enso,12748,01/25/2021, 06:37:24,404
SKGTLSE12,iTLS-Enso,12749,01/25/2021, 07:42:58,404
SKGTLSE12,iTLS-Enso,12749,01/25/2021, 08:38:35,404
SKGTLSE12,iTLS-Enso,12749,01/25/2021, 09:43:36,404
SKGTLSE12,iTLS-Enso,12749,01/25/2021, 10:45:34,404
SKGTLSE12,iTLS-Enso,12749,01/25/2021, 11:41:56,404
SKGTLSE12,iTLS-Enso,12749,01/25/2021, 12:33:48,404
SKGTLSE12,iTLS-Enso,12749,01/25/2021, 13:48:11,404
SKGTLSE12,iTLS-Enso,12749,01/25/2021, 14:36:08,404
SKGTLSE12,iTLS-Enso,12749,01/25/2021, 15:26:56,404
SKGTLSE12,iTLS-Enso,12750,01/25/2021, 16:44:10,404
SKGTLSE12,iTLS-Enso,12750,01/25/2021, 18:19:30,404
SKGTLSE12,iTLS-Enso,12751,01/25/2021, 19:49:10,404
SKGTLSE12,iTLS-Enso,12751,01/25/2021, 20:35:45,404
SKGTLSE12,iTLS-Enso,12751,01/25/2021, 21:28:03,404
SKGTLSE12,iTLS-Enso,12751,01/25/2021, 22:22:09,404
SKGTLSE12,iTLS-Enso,12752,01/25/2021, 23:17:49,404
SKGTLSE12,iTLS-Enso,12752,01/26/2021, 00:30:54,404
SKGTLSE12,iTLS-Enso,12752,01/26/2021, 01:51:58,404
SKGTLSE12,iTLS-Enso,12752,01/26/2021, 02:29:33,404
SKGTLSE12,iTLS-Enso,12752,01/26/2021, 03:16:40,404
SKGTLSE12,iTLS-Enso,12752,01/26/2021, 04:15:31,404
SKGTLSE12,iTLS-Enso,12752,01/26/2021, 05:14:52,404
SKGTLSE12,iTLS-Enso,12752,01/26/2021, 06:12:42,404
SKGTLSE12,iTLS-Enso,12752,01/26/2021, 07:14:00,404
SKGTLSE12,iTLS-Enso,12753,01/26/2021, 08:14:31,404
SKGTLSE12,iTLS-Enso,12754,01/26/2021, 09:14:14,404
SKGTLSE12,iTLS-Enso,12754,01/26/2021, 10:13:36,404
SKGTLSE12,iTLS-Enso,12754,01/26/2021, 11:11:16,404
SKGTLSE12,iTLS-Enso,12754,01/26/2021, 12:15:23,404
SKGTLSE12,iTLS-Enso,12754,01/26/2021, 13:23:59,404
SKGTLSE12,iTLS-Enso,12756,01/26/2021, 14:12:10,404
SKGTLSE12,iTLS-Enso,12756,01/26/2021, 15:10:46,404
SKGTLSE12,iTLS-Enso,12756,01/26/2021, 16:20:47,404
SKGTLSE12,iTLS-Enso,12756,01/26/2021, 17:37:30,404
SKGTLSE12,iTLS-Enso,12757,01/26/2021, 18:22:12,404
SKGTLSE12,iTLS-Enso,12757,01/26/2021, 19:18:37,404
SKGTLSE12,iTLS-Enso,12757,01/26/2021, 20:11:31,404
SKGTLSE12,iTLS-Enso,12759,01/26/2021, 21:09:50,404
SKGTLSE12,iTLS-Enso,12760,01/26/2021, 22:12:02,404
SKGTLSE12,iTLS-Enso,12760,01/26/2021, 23:12:23,404
SKGTLSE12,iTLS-Enso,12760,01/27/2021, 00:28:48,404
SKGTLSE12,iTLS-Enso,12760,01/27/2021, 01:50:41,404
SKGTLSE12,iTLS-Enso,12760,01/27/2021, 02:29:34,404
SKGTLSE12,iTLS-Enso,12760,01/27/2021, 03:16:55,404
SKGTLSE12,iTLS-Enso,12760,01/27/2021, 04:16:00,404
SKGTLSE12,iTLS-Enso,12760,01/27/2021, 05:15:31,404
SKGTLSE12,iTLS-Enso,12760,01/27/2021, 06:13:32,404
SKGTLSE12,iTLS-Enso,12760,01/27/2021, 07:12:59,404
SKGTLSE12,iTLS-Enso,12760,01/27/2021, 08:14:25,404
SKGTLSE12,iTLS-Enso,12760,01/27/2021, 09:14:09,404
SKGTLSE12,iTLS-Enso,12760,01/27/2021, 10:13:44,404
SKGTLSE12,iTLS-Enso,12760,01/27/2021, 11:11:05,404
SKGTLSE12,iTLS-Enso,12761,01/27/2021, 12:15:47,404
SKGTLSE12,iTLS-Enso,12761,01/27/2021, 13:21:23,404
SKGTLSE12,iTLS-Enso,12761,01/27/2021, 14:11:56,404
SKGTLSE12,iTLS-Enso,12761,01/27/2021, 15:10:34,404
SKGTLSE12,iTLS-Enso,12761,01/27/2021, 16:21:09,404
SKGTLSE12,iTLS-Enso,12762,01/27/2021, 17:38:29,404
SKGTLSE12,iTLS-Enso,12762,01/27/2021, 18:23:26,404
SKGTLSE12,iTLS-Enso,12763,01/27/2021, 19:19:39,404
SKGTLSE12,iTLS-Enso,12763,01/27/2021, 20:11:21,404
SKGTLSE12,iTLS-Enso,12763,01/27/2021, 21:09:44,404
SKGTLSE12,iTLS-Enso,12764,01/27/2021, 22:11:53,404
SKGTLSE12,iTLS-Enso,12764,01/27/2021, 23:13:35,404
SKGTLSE12,iTLS-Enso,12766,01/28/2021, 00:30:47,404
SKGTLSE12,iTLS-Enso,12768,01/28/2021, 01:52:54,404
SKGTLSE12,iTLS-Enso,12769,01/28/2021, 02:30:42,404
SKGTLSE12,iTLS-Enso,12769,01/28/2021, 03:17:46,404
SKGTLSE12,iTLS-Enso,12770,01/28/2021, 07:29:45,404
SKGTLSE12,iTLS-Enso,12771,01/28/2021, 07:57:29,404
SKGTLSE12,iTLS-Enso,12771,01/28/2021, 08:29:23,404
SKGTLSE12,iTLS-Enso,12771,01/28/2021, 08:57:26,404
SKGTLSE12,iTLS-Enso,12771,01/28/2021, 09:28:58,404
SKGTLSE12,iTLS-Enso,12773,01/28/2021, 10:15:12,404
SKGTLSE12,iTLS-Enso,12773,01/28/2021, 11:13:04,404
SKGTLSE12,iTLS-Enso,12773,01/28/2021, 12:15:35,404
SKGTLSE12,iTLS-Enso,12774,01/28/2021, 13:22:15,404
SKGTLSE12,iTLS-Enso,12775,01/28/2021, 14:11:58,404
SKGTLSE12,iTLS-Enso,12776,01/28/2021, 15:12:36,404
SKGTLSE12,iTLS-Enso,12776,01/28/2021, 16:21:34,404
SKGTLSE12,iTLS-Enso,12776,01/28/2021, 17:39:26,404
SKGTLSE12,iTLS-Enso,12776,01/28/2021, 18:25:02,404
SKGTLSE12,iTLS-Enso,12776,01/28/2021, 19:21:01,404
SKGTLSE12,iTLS-Enso,12776,01/28/2021, 20:11:01,404
SKGTLSE12,iTLS-Enso,12776,01/28/2021, 21:09:29,404
SKGTLSE12,iTLS-Enso,12777,01/28/2021, 22:12:23,404
SKGTLSE12,iTLS-Enso,12777,01/28/2021, 23:14:51,404
SKGTLSE12,iTLS-Enso,12779,01/29/2021, 00:28:47,404
SKGTLSE12,iTLS-Enso,12779,01/29/2021, 01:51:01,404
SKGTLSE12,iTLS-Enso,12779,01/29/2021, 02:30:32,404
SKGTLSE12,iTLS-Enso,12779,01/29/2021, 03:18:49,404
SKGTLSE12,iTLS-Enso,12781,01/29/2021, 04:18:41,404
SKGTLSE12,iTLS-Enso,12781,01/29/2021, 05:17:42,404
SKGTLSE12,iTLS-Enso,12781,01/29/2021, 06:12:42,404
SKGTLSE12,iTLS-Enso,12781,01/29/2021, 07:15:51,404
SKGTLSE12,iTLS-Enso,12781,01/29/2021, 08:14:25,404
SKGTLSE12,iTLS-Enso,12781,01/29/2021, 09:16:01,404
SKGTLSE12,iTLS-Enso,12781,01/29/2021, 10:15:16,404
SKGTLSE12,iTLS-Enso,12782,01/29/2021, 11:12:37,404
SKGTLSE12,iTLS-Enso,12782,01/29/2021, 12:15:37,404
SKGTLSE12,iTLS-Enso,12782,01/29/2021, 13:21:56,404
SKGTLSE12,iTLS-Enso,12783,01/29/2021, 14:11:57,404
SKGTLSE12,iTLS-Enso,12783,01/29/2021, 15:10:47,404
SKGTLSE12,iTLS-Enso,12783,01/29/2021, 16:21:50,404
SKGTLSE12,iTLS-Enso,12783,01/29/2021, 17:40:52,404
SKGTLSE12,iTLS-Enso,12783,01/29/2021, 18:25:53,404
SKGTLSE12,iTLS-Enso,12784,01/29/2021, 19:21:31,404
SKGTLSE12,iTLS-Enso,12785,01/29/2021, 20:11:21,404
SKGTLSE12,iTLS-Enso,12785,01/29/2021, 21:10:03,404
SKGTLSE12,iTLS-Enso,12787,01/29/2021, 22:11:54,404
SKGTLSE12,iTLS-Enso,12787,01/29/2021, 23:13:16,404
SKGTLSE12,iTLS-Enso,12787,01/30/2021, 00:29:22,404
SKGTLSE12,iTLS-Enso,12787,01/30/2021, 01:51:23,404
SKGTLSE12,iTLS-Enso,12787,01/30/2021, 02:30:28,404
SKGTLSE12,iTLS-Enso,12787,01/30/2021, 03:17:49,404
SKGTLSE12,iTLS-Enso,12787,01/30/2021, 04:16:40,404
SKGTLSE12,iTLS-Enso,12788,01/30/2021, 05:16:10,404
SKGTLSE12,iTLS-Enso,12788,01/30/2021, 06:12:49,404
SKGTLSE12,iTLS-Enso,12788,01/30/2021, 07:14:04,404
SKGTLSE12,iTLS-Enso,12790,01/30/2021, 08:13:30,404
SKGTLSE12,iTLS-Enso,12790,01/30/2021, 09:13:52,404
SKGTLSE12,iTLS-Enso,12790,01/30/2021, 10:14:44,404
SKGTLSE12,iTLS-Enso,12790,01/30/2021, 11:11:41,404
SKGTLSE12,iTLS-Enso,12790,01/30/2021, 12:15:07,404
SKGTLSE12,iTLS-Enso,12790,01/30/2021, 13:20:32,404
SKGTLSE12,iTLS-Enso,12790,01/30/2021, 14:11:41,404
SKGTLSE12,iTLS-Enso,12790,01/30/2021, 15:10:17,404
SKGTLSE12,iTLS-Enso,12790,01/30/2021, 16:21:15,404
SKGTLSE12,iTLS-Enso,12790,01/30/2021, 17:38:25,404
SKGTLSE12,iTLS-Enso,12790,01/30/2021, 18:25:37,404
SKGTLSE12,iTLS-Enso,12790,01/30/2021, 19:18:13,404
SKGTLSE12,iTLS-Enso,12791,01/30/2021, 20:11:42,404
SKGTLSE12,iTLS-Enso,12791,01/30/2021, 21:09:48,404
SKGTLSE12,iTLS-Enso,12791,01/30/2021, 22:11:51,404
SKGTLSE12,iTLS-Enso,12791,01/30/2021, 23:13:15,404
SKGTLSE12,iTLS-Enso,12792,01/31/2021, 00:31:01,404
SKGTLSE12,iTLS-Enso,12792,01/31/2021, 01:54:54,404
SKGTLSE12,iTLS-Enso,12793,01/31/2021, 02:32:17,404
SKGTLSE12,iTLS-Enso,12793,01/31/2021, 03:17:50,404
SKGTLSE12,iTLS-Enso,12794,01/31/2021, 04:16:43,404
SKGTLSE12,iTLS-Enso,12794,01/31/2021, 05:16:57,404
SKGTLSE12,iTLS-Enso,12794,01/31/2021, 06:12:46,404
SKGTLSE12,iTLS-Enso,12794,01/31/2021, 07:14:29,404
SKGTLSE12,iTLS-Enso,12795,01/31/2021, 08:14:58,404
SKGTLSE12,iTLS-Enso,12795,01/31/2021, 09:15:46,404
SKGTLSE12,iTLS-Enso,12795,01/31/2021, 10:13:31,404
SKGTLSE12,iTLS-Enso,12795,01/31/2021, 11:11:30,404
SKGTLSE12,iTLS-Enso,12796,01/31/2021, 12:15:21,404
SKGTLSE12,iTLS-Enso,12798,01/31/2021, 13:20:24,404
SKGTLSE12,iTLS-Enso,12798,01/31/2021, 14:11:31,404
SKGTLSE12,iTLS-Enso,12798,01/31/2021, 15:10:42,404
SKGTLSE12,iTLS-Enso,12799,01/31/2021, 16:21:13,404
SKGTLSE12,iTLS-Enso,12799,01/31/2021, 17:38:38,404
SKGTLSE12,iTLS-Enso,12799,01/31/2021, 18:22:50,404
SKGTLSE12,iTLS-Enso,12799,01/31/2021, 19:18:50,404
SKGTLSE12,iTLS-Enso,12799,01/31/2021, 20:11:39,404
SKGTLSE12,iTLS-Enso,12800,01/31/2021, 21:14:02,404
SKGTLSE12,iTLS-Enso,12800,01/31/2021, 22:11:57,404
SKGTLSE12,iTLS-Enso,12800,01/31/2021, 23:13:28,404
SKGTLSE12,iTLS-Enso,12802,02/01/2021, 00:31:33,404
SKGTLSE12,iTLS-Enso,12803,02/01/2021, 01:55:59,404
SKGTLSE12,iTLS-Enso,12803,02/01/2021, 02:34:24,404
SKGTLSE12,iTLS-Enso,12803,02/01/2021, 03:18:42,404
SKGTLSE12,iTLS-Enso,12804,02/01/2021, 04:17:49,404
SKGTLSE12,iTLS-Enso,12805,02/01/2021, 05:21:13,404
SKGTLSE12,iTLS-Enso,12805,02/01/2021, 06:12:51,404
SKGTLSE12,iTLS-Enso,12805,02/01/2021, 07:15:47,404
SKGTLSE12,iTLS-Enso,12805,02/01/2021, 08:14:39,404
SKGTLSE12,iTLS-Enso,12805,02/01/2021, 09:16:00,404
SKGTLSE12,iTLS-Enso,12806,02/01/2021, 10:15:57,404
SKGTLSE12,iTLS-Enso,12806,02/01/2021, 11:12:09,404
SKGTLSE12,iTLS-Enso,12806,02/01/2021, 12:15:59,404
SKGTLSE12,iTLS-Enso,12807,02/01/2021, 13:22:12,404
SKGTLSE12,iTLS-Enso,12808,02/01/2021, 14:11:59,404
SKGTLSE12,iTLS-Enso,12808,02/01/2021, 15:22:33,404
SKGTLSE12,iTLS-Enso,12809,02/01/2021, 16:21:36,404
SKGTLSE12,iTLS-Enso,12811,02/01/2021, 17:40:53,404
SKGTLSE12,iTLS-Enso,12812,02/01/2021, 18:25:38,404
SKGTLSE12,iTLS-Enso,12812,02/01/2021, 19:21:08,404
SKGTLSE12,iTLS-Enso,12812,02/01/2021, 20:11:33,404
SKGTLSE12,iTLS-Enso,12812,02/01/2021, 21:08:10,404
SKGTLSE12,iTLS-Enso,12812,02/01/2021, 22:12:24,404
SKGTLSE12,iTLS-Enso,12812,02/01/2021, 23:14:30,404
SKGTLSE12,iTLS-Enso,12812,02/02/2021, 00:30:31,404
SKGTLSE12,iTLS-Enso,12813,02/02/2021, 01:50:51,404
SKGTLSE12,iTLS-Enso,12813,02/02/2021, 02:31:40,404
SKGTLSE12,iTLS-Enso,12813,02/02/2021, 03:18:45,404
SKGTLSE12,iTLS-Enso,12813,02/02/2021, 04:18:07,404
SKGTLSE12,iTLS-Enso,12814,02/02/2021, 05:23:06,404
SKGTLSE12,iTLS-Enso,12814,02/02/2021, 06:12:54,404
SKGTLSE12,iTLS-Enso,12814,02/02/2021, 07:15:21,404
SKGTLSE12,iTLS-Enso,12815,02/02/2021, 08:14:12,404
SKGTLSE12,iTLS-Enso,12816,02/02/2021, 09:15:11,404
SKGTLSE12,iTLS-Enso,12816,02/02/2021, 10:14:46,404
SKGTLSE12,iTLS-Enso,12816,02/02/2021, 11:12:14,404
SKGTLSE12,iTLS-Enso,12817,02/02/2021, 12:15:48,404
SKGTLSE12,iTLS-Enso,12819,02/02/2021, 13:22:06,404
SKGTLSE12,iTLS-Enso,12821,02/02/2021, 14:11:58,404
SKGTLSE12,iTLS-Enso,12821,02/02/2021, 15:10:56,404
SKGTLSE12,iTLS-Enso,12821,02/02/2021, 16:21:40,404
SKGTLSE12,iTLS-Enso,12822,02/02/2021, 17:41:09,404
SKGTLSE12,iTLS-Enso,12822,02/02/2021, 18:25:20,404
SKGTLSE12,iTLS-Enso,12822,02/02/2021, 19:17:12,404
SKGTLSE12,iTLS-Enso,12824,02/02/2021, 20:11:02,404
SKGTLSE12,iTLS-Enso,12825,02/02/2021, 21:09:43,404
SKGTLSE12,iTLS-Enso,12826,02/02/2021, 22:12:27,404
SKGTLSE12,iTLS-Enso,12827,02/02/2021, 23:10:55,404
SKGTLSE12,iTLS-Enso,12827,02/03/2021, 00:25:33,404
SKGTLSE12,iTLS-Enso,12829,02/03/2021, 01:41:38,404
SKGTLSE12,iTLS-Enso,12829,02/03/2021, 02:25:30,404
SKGTLSE12,iTLS-Enso,12830,02/03/2021, 03:13:33,404
SKGTLSE12,iTLS-Enso,12830,02/03/2021, 04:13:03,404
SKGTLSE12,iTLS-Enso,12830,02/03/2021, 05:12:03,404
SKGTLSE12,iTLS-Enso,12831,02/03/2021, 06:12:02,404
SKGTLSE12,iTLS-Enso,12832,02/03/2021, 07:11:02,404
SKGTLSE12,iTLS-Enso,12833,02/03/2021, 08:13:03,404
SKGTLSE12,iTLS-Enso,12834,02/03/2021, 09:11:44,404
SKGTLSE12,iTLS-Enso,12834,02/03/2021, 10:11:33,404
SKGTLSE12,iTLS-Enso,12834,02/03/2021, 12:14:47,404
SKGTLSE12,iTLS-Enso,12834,02/03/2021, 13:18:01,404
SKGTLSE12,iTLS-Enso,12834,02/03/2021, 14:14:46,404
SKGTLSE12,iTLS-Enso,12834,02/03/2021, 15:12:59,404
SKGTLSE12,iTLS-Enso,12834,02/03/2021, 16:18:11,404
SKGTLSE12,iTLS-Enso,12835,02/03/2021, 17:33:14,404
SKGTLSE12,iTLS-Enso,12835,02/03/2021, 18:17:09,404
SKGTLSE12,iTLS-Enso,12836,02/03/2021, 19:13:02,404
SKGTLSE12,iTLS-Enso,12837,02/03/2021, 20:11:09,404
SKGTLSE12,iTLS-Enso,12837,02/03/2021, 21:09:29,404
SKGTLSE12,iTLS-Enso,12837,02/03/2021, 22:10:41,404
SKGTLSE12,iTLS-Enso,12837,02/03/2021, 23:10:23,404
SKGTLSE12,iTLS-Enso,12837,02/04/2021, 00:24:31,404
SKGTLSE12,iTLS-Enso,12837,02/04/2021, 01:33:27,404
SKGTLSE12,iTLS-Enso,12837,02/04/2021, 02:15:32,404
SKGTLSE12,iTLS-Enso,12838,02/04/2021, 03:09:25,404
SKGTLSE12,iTLS-Enso,12840,02/04/2021, 04:11:57,404
SKGTLSE12,iTLS-Enso,12840,02/04/2021, 05:09:32,404
SKGTLSE12,iTLS-Enso,12840,02/04/2021, 06:10:41,404
SKGTLSE12,iTLS-Enso,12840,02/04/2021, 07:10:32,404
SKGTLSE12,iTLS-Enso,12840,02/04/2021, 08:12:00,404
SKGTLSE12,iTLS-Enso,12840,02/04/2021, 09:10:18,404
SKGTLSE12,iTLS-Enso,12841,02/04/2021, 10:11:00,404
SKGTLSE12,iTLS-Enso,12841,02/04/2021, 11:09:10,404
SKGTLSE12,iTLS-Enso,12842,02/04/2021, 12:23:08,404
SKGTLSE12,iTLS-Enso,12842,02/04/2021, 13:09:34,404
SKGTLSE12,iTLS-Enso,12842,02/04/2021, 14:09:54,404
SKGTLSE12,iTLS-Enso,12842,02/04/2021, 15:09:31,404
SKGTLSE12,iTLS-Enso,12842,02/04/2021, 16:16:04,404
SKGTLSE12,iTLS-Enso,12842,02/04/2021, 17:20:06,404
SKGTLSE12,iTLS-Enso,12843,02/04/2021, 18:10:52,404
SKGTLSE12,iTLS-Enso,12844,02/04/2021, 19:07:43,404
SKGTLSE12,iTLS-Enso,12845,02/04/2021, 20:10:04,404
SKGTLSE12,iTLS-Enso,12846,02/04/2021, 21:07:30,404
SKGTLSE12,iTLS-Enso,12847,02/04/2021, 22:10:46,404
SKGTLSE12,iTLS-Enso,12849,02/04/2021, 23:10:33,404
SKGTLSE12,iTLS-Enso,12849,02/05/2021, 00:23:52,404
SKGTLSE12,iTLS-Enso,12849,02/05/2021, 01:33:39,404
SKGTLSE12,iTLS-Enso,12850,02/05/2021, 02:15:11,404
SKGTLSE12,iTLS-Enso,12850,02/05/2021, 03:10:10,404
SKGTLSE12,iTLS-Enso,12850,02/05/2021, 04:11:59,404
SKGTLSE12,iTLS-Enso,12851,02/05/2021, 05:09:33,404
SKGTLSE12,iTLS-Enso,12853,02/05/2021, 06:11:37,404
SKGTLSE12,iTLS-Enso,12853,02/05/2021, 07:09:28,404
SKGTLSE12,iTLS-Enso,12853,02/05/2021, 08:11:51,404
SKGTLSE12,iTLS-Enso,12853,02/05/2021, 09:10:43,404
SKGTLSE12,iTLS-Enso,12855,02/05/2021, 10:10:38,404
SKGTLSE12,iTLS-Enso,12855,02/05/2021, 11:09:16,404
SKGTLSE12,iTLS-Enso,12855,02/05/2021, 12:12:46,404
SKGTLSE12,iTLS-Enso,12855,02/05/2021, 13:09:08,404
SKGTLSE12,iTLS-Enso,12857,02/05/2021, 14:10:08,404
SKGTLSE12,iTLS-Enso,12857,02/05/2021, 15:09:05,404
SKGTLSE12,iTLS-Enso,12857,02/05/2021, 16:15:46,404
SKGTLSE12,iTLS-Enso,12857,02/05/2021, 17:21:47,404
SKGTLSE12,iTLS-Enso,12858,02/05/2021, 18:10:57,404
SKGTLSE12,iTLS-Enso,12858,02/05/2021, 19:07:29,404
SKGTLSE12,iTLS-Enso,12858,02/05/2021, 20:09:53,404
SKGTLSE12,iTLS-Enso,12859,02/05/2021, 21:08:31,404
SKGTLSE12,iTLS-Enso,12859,02/05/2021, 22:10:48,404
SKGTLSE12,iTLS-Enso,12859,02/05/2021, 23:10:19,404
SKGTLSE12,iTLS-Enso,12860,02/06/2021, 00:23:33,404
SKGTLSE12,iTLS-Enso,12861,02/06/2021, 01:32:30,404
SKGTLSE12,iTLS-Enso,12861,02/06/2021, 02:14:06,404
SKGTLSE12,iTLS-Enso,12861,02/06/2021, 03:10:19,404
SKGTLSE12,iTLS-Enso,12861,02/06/2021, 04:11:48,404
SKGTLSE12,iTLS-Enso,12863,02/06/2021, 05:09:30,404
SKGTLSE12,iTLS-Enso,12863,02/06/2021, 06:11:51,404
SKGTLSE12,iTLS-Enso,12863,02/06/2021, 07:10:49,404
SKGTLSE12,iTLS-Enso,12863,02/06/2021, 08:12:05,404
SKGTLSE12,iTLS-Enso,12863,02/06/2021, 09:10:09,404
SKGTLSE12,iTLS-Enso,12863,02/06/2021, 10:10:34,404
SKGTLSE12,iTLS-Enso,12864,02/06/2021, 11:09:23,404
SKGTLSE12,iTLS-Enso,12864,02/06/2021, 12:12:43,404
SKGTLSE12,iTLS-Enso,12865,02/06/2021, 13:08:29,404
SKGTLSE12,iTLS-Enso,12865,02/06/2021, 14:09:29,404
SKGTLSE12,iTLS-Enso,12865,02/06/2021, 15:09:04,404
SKGTLSE12,iTLS-Enso,12865,02/06/2021, 16:15:17,404
SKGTLSE12,iTLS-Enso,12865,02/06/2021, 17:21:36,404
SKGTLSE12,iTLS-Enso,12868,02/06/2021, 18:11:01,404
SKGTLSE12,iTLS-Enso,12868,02/06/2021, 19:07:20,404
SKGTLSE12,iTLS-Enso,12868,02/06/2021, 20:09:39,404
SKGTLSE12,iTLS-Enso,12869,02/06/2021, 21:08:12,404
SKGTLSE12,iTLS-Enso,12869,02/06/2021, 22:10:32,404
SKGTLSE12,iTLS-Enso,12869,02/06/2021, 23:10:00,404
SKGTLSE12,iTLS-Enso,12869,02/07/2021, 00:24:25,404
SKGTLSE12,iTLS-Enso,12869,02/07/2021, 01:34:27,404
SKGTLSE12,iTLS-Enso,12869,02/07/2021, 02:15:17,404
SKGTLSE12,iTLS-Enso,12870,02/07/2021, 03:09:58,404
SKGTLSE12,iTLS-Enso,12870,02/07/2021, 04:11:45,404
SKGTLSE12,iTLS-Enso,12870,02/07/2021, 05:09:29,404
SKGTLSE12,iTLS-Enso,12870,02/07/2021, 06:11:48,404
SKGTLSE12,iTLS-Enso,12871,02/07/2021, 07:09:34,404
SKGTLSE12,iTLS-Enso,12871,02/07/2021, 08:11:34,404
SKGTLSE12,iTLS-Enso,12871,02/07/2021, 09:10:00,404
SKGTLSE12,iTLS-Enso,12872,02/07/2021, 10:10:31,404
SKGTLSE12,iTLS-Enso,12873,02/07/2021, 11:09:16,404
SKGTLSE12,iTLS-Enso,12873,02/07/2021, 12:16:54,404
SKGTLSE12,iTLS-Enso,12873,02/07/2021, 13:08:40,404
SKGTLSE12,iTLS-Enso,12873,02/07/2021, 14:09:32,404
SKGTLSE12,iTLS-Enso,12875,02/07/2021, 15:08:57,404
SKGTLSE12,iTLS-Enso,12876,02/07/2021, 16:15:30,404
SKGTLSE12,iTLS-Enso,12876,02/07/2021, 17:21:05,404
SKGTLSE12,iTLS-Enso,12877,02/07/2021, 18:10:49,404
SKGTLSE12,iTLS-Enso,12877,02/07/2021, 19:07:28,404
SKGTLSE12,iTLS-Enso,12879,02/07/2021, 20:11:57,404
SKGTLSE12,iTLS-Enso,12880,02/07/2021, 21:15:36,404
SKGTLSE12,iTLS-Enso,12880,02/07/2021, 22:10:42,404
SKGTLSE12,iTLS-Enso,12880,02/07/2021, 23:10:14,404
SKGTLSE12,iTLS-Enso,12880,02/08/2021, 00:23:46,404
SKGTLSE12,iTLS-Enso,12880,02/08/2021, 01:34:02,404
SKGTLSE12,iTLS-Enso,12880,02/08/2021, 02:15:27,404
SKGTLSE12,iTLS-Enso,12880,02/08/2021, 03:10:09,404
SKGTLSE12,iTLS-Enso,12880,02/08/2021, 04:11:59,404
SKGTLSE12,iTLS-Enso,12881,02/08/2021, 05:09:36,404
SKGTLSE12,iTLS-Enso,12881,02/08/2021, 06:11:06,404
SKGTLSE12,iTLS-Enso,12881,02/08/2021, 07:09:40,404
SKGTLSE12,iTLS-Enso,12881,02/08/2021, 08:17:48,404
SKGTLSE12,iTLS-Enso,12881,02/08/2021, 09:10:14,404
SKGTLSE12,iTLS-Enso,12881,02/08/2021, 10:11:01,404
SKGTLSE12,iTLS-Enso,12882,02/08/2021, 11:09:13,404
SKGTLSE12,iTLS-Enso,12882,02/08/2021, 12:12:48,404
SKGTLSE12,iTLS-Enso,12882,02/08/2021, 13:09:38,404
SKGTLSE12,iTLS-Enso,12882,02/08/2021, 14:10:11,404
SKGTLSE12,iTLS-Enso,12884,02/08/2021, 15:09:35,404
SKGTLSE12,iTLS-Enso,12885,02/08/2021, 16:17:52,404
SKGTLSE12,iTLS-Enso,12885,02/08/2021, 17:21:48,404
SKGTLSE12,iTLS-Enso,12885,02/08/2021, 18:11:12,404
SKGTLSE12,iTLS-Enso,12886,02/08/2021, 19:07:21,404
SKGTLSE12,iTLS-Enso,12886,02/08/2021, 20:10:12,404
SKGTLSE12,iTLS-Enso,12886,02/08/2021, 21:08:40,404
SKGTLSE12,iTLS-Enso,12887,02/08/2021, 22:09:25,404
SKGTLSE12,iTLS-Enso,12887,02/08/2021, 23:10:04,404
SKGTLSE12,iTLS-Enso,12888,02/09/2021, 00:23:39,404
SKGTLSE12,iTLS-Enso,12888,02/09/2021, 01:33:27,404
SKGTLSE12,iTLS-Enso,12888,02/09/2021, 02:14:20,404
SKGTLSE12,iTLS-Enso,12888,02/09/2021, 03:10:37,404
SKGTLSE12,iTLS-Enso,12888,02/09/2021, 04:11:38,404
SKGTLSE12,iTLS-Enso,12888,02/09/2021, 05:09:38,404
SKGTLSE12,iTLS-Enso,12888,02/09/2021, 06:10:31,404
SKGTLSE12,iTLS-Enso,12890,02/09/2021, 07:09:41,404
SKGTLSE12,iTLS-Enso,12890,02/09/2021, 08:11:56,404
SKGTLSE12,iTLS-Enso,12891,02/09/2021, 09:10:09,404
SKGTLSE12,iTLS-Enso,12891,02/09/2021, 10:10:48,404
SKGTLSE12,iTLS-Enso,12891,02/09/2021, 11:09:28,404
SKGTLSE12,iTLS-Enso,12891,02/09/2021, 12:13:03,404
SKGTLSE12,iTLS-Enso,12891,02/09/2021, 13:09:20,404
SKGTLSE12,iTLS-Enso,12891,02/09/2021, 14:09:56,404
SKGTLSE12,iTLS-Enso,12893,02/09/2021, 15:21:01,404
SKGTLSE12,iTLS-Enso,12893,02/09/2021, 16:40:31,404
SKGTLSE12,iTLS-Enso,12893,02/09/2021, 17:21:35,404
SKGTLSE12,iTLS-Enso,12893,02/09/2021, 18:11:09,404
SKGTLSE12,iTLS-Enso,12895,02/09/2021, 19:07:47,404
SKGTLSE12,iTLS-Enso,12895,02/09/2021, 20:09:59,404
SKGTLSE12,iTLS-Enso,12895,02/09/2021, 21:08:40,404
SKGTLSE12,iTLS-Enso,12895,02/09/2021, 22:10:55,404
SKGTLSE12,iTLS-Enso,12895,02/09/2021, 23:10:38,404
SKGTLSE12,iTLS-Enso,12896,02/10/2021, 00:23:49,404
SKGTLSE12,iTLS-Enso,12896,02/10/2021, 01:33:00,404
SKGTLSE12,iTLS-Enso,12896,02/10/2021, 02:11:28,404
SKGTLSE12,iTLS-Enso,12896,02/10/2021, 03:10:46,404
SKGTLSE12,iTLS-Enso,12897,02/10/2021, 04:11:53,404
SKGTLSE12,iTLS-Enso,12897,02/10/2021, 05:10:43,404
SKGTLSE12,iTLS-Enso,12897,02/10/2021, 06:11:18,404
SKGTLSE12,iTLS-Enso,12897,02/10/2021, 07:10:00,404
SKGTLSE12,iTLS-Enso,12898,02/10/2021, 08:12:04,404
SKGTLSE12,iTLS-Enso,12898,02/10/2021, 09:10:45,404
SKGTLSE12,iTLS-Enso,12898,02/10/2021, 10:10:52,404
SKGTLSE12,iTLS-Enso,12898,02/10/2021, 11:09:36,404
SKGTLSE12,iTLS-Enso,12898,02/10/2021, 12:13:13,404
SKGTLSE12,iTLS-Enso,12898,02/10/2021, 13:09:50,404
SKGTLSE12,iTLS-Enso,12898,02/10/2021, 14:10:22,404
SKGTLSE12,iTLS-Enso,12900,02/10/2021, 15:09:38,404
SKGTLSE12,iTLS-Enso,12901,02/10/2021, 16:15:54,404
SKGTLSE12,iTLS-Enso,12901,02/10/2021, 17:21:51,404
SKGTLSE12,iTLS-Enso,12901,02/10/2021, 18:11:01,404
SKGTLSE12,iTLS-Enso,12901,02/10/2021, 19:07:38,404
SKGTLSE12,iTLS-Enso,12901,02/10/2021, 20:10:09,404
SKGTLSE12,iTLS-Enso,12902,02/10/2021, 21:09:02,404
SKGTLSE12,iTLS-Enso,12902,02/10/2021, 22:10:52,404
SKGTLSE12,iTLS-Enso,12903,02/10/2021, 23:10:31,404
SKGTLSE12,iTLS-Enso,12903,02/11/2021, 00:23:50,404
SKGTLSE12,iTLS-Enso,12904,02/11/2021, 01:33:29,404
SKGTLSE12,iTLS-Enso,12904,02/11/2021, 02:15:05,404
SKGTLSE12,iTLS-Enso,12904,02/11/2021, 03:10:11,404
SKGTLSE12,iTLS-Enso,12904,02/11/2021, 04:12:01,404
SKGTLSE12,iTLS-Enso,12904,02/11/2021, 05:09:35,404
SKGTLSE12,iTLS-Enso,12905,02/11/2021, 06:11:21,404
SKGTLSE12,iTLS-Enso,12905,02/11/2021, 07:09:38,404
SKGTLSE12,iTLS-Enso,12905,02/11/2021, 08:11:52,404
SKGTLSE12,iTLS-Enso,12905,02/11/2021, 09:10:37,404
SKGTLSE12,iTLS-Enso,12905,02/11/2021, 10:11:06,404
SKGTLSE12,iTLS-Enso,12905,02/11/2021, 11:09:22,404
SKGTLSE12,iTLS-Enso,12905,02/11/2021, 12:13:06,404
SKGTLSE12,iTLS-Enso,12906,02/11/2021, 13:10:20,404
SKGTLSE12,iTLS-Enso,12906,02/11/2021, 14:10:13,404
SKGTLSE12,iTLS-Enso,12906,02/11/2021, 15:09:24,404
SKGTLSE12,iTLS-Enso,12906,02/11/2021, 16:15:55,404
SKGTLSE12,iTLS-Enso,12907,02/11/2021, 17:22:08,404
SKGTLSE12,iTLS-Enso,12907,02/11/2021, 18:11:16,404
SKGTLSE12,iTLS-Enso,12907,02/11/2021, 19:07:42,404
SKGTLSE12,iTLS-Enso,12907,02/11/2021, 20:11:13,404
SKGTLSE12,iTLS-Enso,12907,02/11/2021, 21:08:49,404
SKGTLSE12,iTLS-Enso,12908,02/11/2021, 22:10:56,404
SKGTLSE12,iTLS-Enso,12909,02/11/2021, 23:10:22,404
SKGTLSE12,iTLS-Enso,12909,02/12/2021, 00:24:07,404
SKGTLSE12,iTLS-Enso,12909,02/12/2021, 01:34:08,404
SKGTLSE12,iTLS-Enso,12909,02/12/2021, 02:15:22,404
SKGTLSE12,iTLS-Enso,12909,02/12/2021, 03:10:26,404
SKGTLSE12,iTLS-Enso,12909,02/12/2021, 04:12:11,404
SKGTLSE12,iTLS-Enso,12909,02/12/2021, 05:09:45,404
SKGTLSE12,iTLS-Enso,12909,02/12/2021, 06:10:48,404
SKGTLSE12,iTLS-Enso,12909,02/12/2021, 07:09:55,404
SKGTLSE12,iTLS-Enso,12909,02/12/2021, 08:12:09,404
SKGTLSE12,iTLS-Enso,12910,02/12/2021, 09:11:56,404
SKGTLSE12,iTLS-Enso,12910,02/12/2021, 10:11:07,404
SKGTLSE12,iTLS-Enso,12910,02/12/2021, 11:09:19,404
SKGTLSE12,iTLS-Enso,12910,02/12/2021, 12:13:26,404
SKGTLSE12,iTLS-Enso,12911,02/12/2021, 13:10:38,404
SKGTLSE12,iTLS-Enso,12912,02/12/2021, 14:10:02,404
SKGTLSE12,iTLS-Enso,12913,02/12/2021, 15:09:31,404
SKGTLSE12,iTLS-Enso,12913,02/12/2021, 16:15:49,404
SKGTLSE12,iTLS-Enso,12913,02/12/2021, 17:21:47,404
SKGTLSE12,iTLS-Enso,12914,02/12/2021, 18:11:12,404
SKGTLSE12,iTLS-Enso,12914,02/12/2021, 19:07:32,404
SKGTLSE12,iTLS-Enso,12914,02/12/2021, 20:10:07,404
SKGTLSE12,iTLS-Enso,12914,02/12/2021, 21:09:00,404
SKGTLSE12,iTLS-Enso,12914,02/12/2021, 22:10:43,404
SKGTLSE12,iTLS-Enso,12914,02/12/2021, 23:10:23,404
SKGTLSE12,iTLS-Enso,12915,02/13/2021, 00:24:13,404
SKGTLSE12,iTLS-Enso,12915,02/13/2021, 01:33:16,404
SKGTLSE12,iTLS-Enso,12916,02/13/2021, 02:14:51,404
SKGTLSE12,iTLS-Enso,12916,02/13/2021, 03:10:13,404
SKGTLSE12,iTLS-Enso,12916,02/13/2021, 04:12:06,404
SKGTLSE12,iTLS-Enso,12916,02/13/2021, 05:09:33,404
SKGTLSE12,iTLS-Enso,12917,02/13/2021, 06:11:01,404
SKGTLSE12,iTLS-Enso,12917,02/13/2021, 07:09:25,404
SKGTLSE12,iTLS-Enso,12918,02/13/2021, 08:12:00,404
SKGTLSE12,iTLS-Enso,12918,02/13/2021, 09:10:26,404
SKGTLSE12,iTLS-Enso,12918,02/13/2021, 10:10:57,404
SKGTLSE12,iTLS-Enso,12918,02/13/2021, 11:09:27,404
SKGTLSE12,iTLS-Enso,12918,02/13/2021, 12:12:58,404
SKGTLSE12,iTLS-Enso,12918,02/13/2021, 13:09:02,404
SKGTLSE12,iTLS-Enso,12918,02/13/2021, 14:09:45,404
SKGTLSE12,iTLS-Enso,12918,02/13/2021, 15:09:02,404
SKGTLSE12,iTLS-Enso,12921,02/13/2021, 16:15:17,404
SKGTLSE12,iTLS-Enso,12921,02/13/2021, 17:20:26,404
SKGTLSE12,iTLS-Enso,12921,02/13/2021, 18:10:47,404
SKGTLSE12,iTLS-Enso,12921,02/13/2021, 19:07:45,404
SKGTLSE12,iTLS-Enso,12922,02/13/2021, 20:10:01,404
SKGTLSE12,iTLS-Enso,12922,02/13/2021, 21:08:29,404
SKGTLSE12,iTLS-Enso,12922,02/13/2021, 22:10:57,404
SKGTLSE12,iTLS-Enso,12922,02/13/2021, 23:10:25,404
SKGTLSE12,iTLS-Enso,12923,02/14/2021, 00:25:05,404
SKGTLSE12,iTLS-Enso,12924,02/14/2021, 01:35:10,404
SKGTLSE12,iTLS-Enso,12924,02/14/2021, 02:15:53,404
SKGTLSE12,iTLS-Enso,12924,02/14/2021, 03:10:41,404
SKGTLSE12,iTLS-Enso,12924,02/14/2021, 04:12:04,404
SKGTLSE12,iTLS-Enso,12925,02/14/2021, 05:09:26,404
SKGTLSE12,iTLS-Enso,12925,02/14/2021, 06:11:17,404
SKGTLSE12,iTLS-Enso,12925,02/14/2021, 07:09:46,404
SKGTLSE12,iTLS-Enso,12926,02/14/2021, 08:12:41,404
SKGTLSE12,iTLS-Enso,12927,02/14/2021, 09:10:42,404
SKGTLSE12,iTLS-Enso,12928,02/14/2021, 10:10:49,404
SKGTLSE12,iTLS-Enso,12928,02/14/2021, 11:09:18,404
SKGTLSE12,iTLS-Enso,12928,02/14/2021, 12:13:12,404
SKGTLSE12,iTLS-Enso,12928,02/14/2021, 13:09:43,404
SKGTLSE12,iTLS-Enso,12928,02/14/2021, 14:09:44,404
SKGTLSE12,iTLS-Enso,12928,02/14/2021, 15:09:16,404
SKGTLSE12,iTLS-Enso,12928,02/14/2021, 16:15:23,404
SKGTLSE12,iTLS-Enso,12928,02/14/2021, 17:21:03,404
SKGTLSE12,iTLS-Enso,12929,02/14/2021, 18:10:45,404
SKGTLSE12,iTLS-Enso,12930,02/14/2021, 19:07:43,404
SKGTLSE12,iTLS-Enso,12930,02/14/2021, 20:10:00,404
SKGTLSE12,iTLS-Enso,12930,02/14/2021, 21:08:56,404
SKGTLSE12,iTLS-Enso,12932,02/14/2021, 22:10:56,404
SKGTLSE12,iTLS-Enso,12932,02/14/2021, 23:10:28,404
SKGTLSE12,iTLS-Enso,12933,02/15/2021, 00:24:27,404
SKGTLSE12,iTLS-Enso,12934,02/15/2021, 01:34:45,404
SKGTLSE12,iTLS-Enso,12934,02/15/2021, 02:16:22,404
SKGTLSE12,iTLS-Enso,12934,02/15/2021, 03:10:38,404
SKGTLSE12,iTLS-Enso,12935,02/15/2021, 04:12:14,404
SKGTLSE12,iTLS-Enso,12935,02/15/2021, 05:12:25,404
SKGTLSE12,iTLS-Enso,12935,02/15/2021, 06:11:15,404
SKGTLSE12,iTLS-Enso,12935,02/15/2021, 07:09:53,404
SKGTLSE12,iTLS-Enso,12935,02/15/2021, 08:12:30,404
SKGTLSE12,iTLS-Enso,12936,02/15/2021, 09:10:47,404
SKGTLSE12,iTLS-Enso,12936,02/15/2021, 10:11:12,404
SKGTLSE12,iTLS-Enso,12937,02/15/2021, 11:09:43,404
SKGTLSE12,iTLS-Enso,12937,02/15/2021, 12:13:31,404
SKGTLSE12,iTLS-Enso,12937,02/15/2021, 13:11:18,404
SKGTLSE12,iTLS-Enso,12937,02/15/2021, 14:10:03,404
SKGTLSE12,iTLS-Enso,12937,02/15/2021, 15:09:43,404
SKGTLSE12,iTLS-Enso,12938,02/15/2021, 16:16:10,404
SKGTLSE12,iTLS-Enso,12938,02/15/2021, 17:22:59,404
SKGTLSE12,iTLS-Enso,12940,02/15/2021, 18:11:21,404
SKGTLSE12,iTLS-Enso,12940,02/15/2021, 19:07:37,404
SKGTLSE12,iTLS-Enso,12941,02/15/2021, 20:09:59,404
SKGTLSE12,iTLS-Enso,12942,02/15/2021, 21:09:01,404
SKGTLSE12,iTLS-Enso,12942,02/15/2021, 22:10:48,404
SKGTLSE12,iTLS-Enso,12942,02/15/2021, 23:10:32,404
SKGTLSE12,iTLS-Enso,12944,02/16/2021, 00:24:10,404
SKGTLSE12,iTLS-Enso,12944,02/16/2021, 01:34:28,404
SKGTLSE12,iTLS-Enso,12944,02/16/2021, 02:15:46,404
SKGTLSE12,iTLS-Enso,12944,02/16/2021, 03:10:27,404
SKGTLSE12,iTLS-Enso,12944,02/16/2021, 04:12:04,404
SKGTLSE12,iTLS-Enso,12944,02/16/2021, 05:09:39,404
SKGTLSE12,iTLS-Enso,12944,02/16/2021, 06:10:57,404
SKGTLSE12,iTLS-Enso,12944,02/16/2021, 07:09:43,404
SKGTLSE12,iTLS-Enso,12945,02/16/2021, 08:11:42,404
SKGTLSE12,iTLS-Enso,12947,02/16/2021, 09:10:22,404
SKGTLSE12,iTLS-Enso,12947,02/16/2021, 10:11:02,404
SKGTLSE12,iTLS-Enso,12947,02/16/2021, 11:09:36,404
SKGTLSE12,iTLS-Enso,12947,02/16/2021, 12:13:10,404
SKGTLSE12,iTLS-Enso,12947,02/16/2021, 13:10:01,404
SKGTLSE12,iTLS-Enso,12947,02/16/2021, 14:10:19,404
SKGTLSE12,iTLS-Enso,12947,02/16/2021, 15:09:29,404
SKGTLSE12,iTLS-Enso,12947,02/16/2021, 16:15:55,404
SKGTLSE12,iTLS-Enso,12949,02/16/2021, 17:22:16,404
SKGTLSE12,iTLS-Enso,12949,02/16/2021, 18:11:14,404
SKGTLSE12,iTLS-Enso,12950,02/16/2021, 19:07:35,404
SKGTLSE12,iTLS-Enso,12950,02/16/2021, 20:10:07,404
SKGTLSE12,iTLS-Enso,12952,02/16/2021, 21:08:56,404
SKGTLSE12,iTLS-Enso,12952,02/16/2021, 22:10:44,404
SKGTLSE12,iTLS-Enso,12954,02/16/2021, 23:10:24,404
SKGTLSE12,iTLS-Enso,12954,02/17/2021, 00:24:12,404
SKGTLSE12,iTLS-Enso,12958,02/17/2021, 01:33:59,404
SKGTLSE12,iTLS-Enso,12958,02/17/2021, 02:13:42,404
SKGTLSE12,iTLS-Enso,12958,02/17/2021, 03:10:46,404
SKGTLSE12,iTLS-Enso,12958,02/17/2021, 04:12:03,404
SKGTLSE12,iTLS-Enso,12958,02/17/2021, 05:09:35,404
SKGTLSE12,iTLS-Enso,12959,02/17/2021, 06:09:18,404
SKGTLSE12,iTLS-Enso,12959,02/17/2021, 07:10:04,404
SKGTLSE12,iTLS-Enso,12959,02/17/2021, 08:12:15,404
SKGTLSE12,iTLS-Enso,12959,02/17/2021, 09:10:26,404
SKGTLSE12,iTLS-Enso,12959,02/17/2021, 10:11:15,404
SKGTLSE12,iTLS-Enso,12960,02/17/2021, 11:09:34,404
SKGTLSE12,iTLS-Enso,12960,02/17/2021, 12:13:01,404
SKGTLSE12,iTLS-Enso,12961,02/17/2021, 13:10:07,404
SKGTLSE12,iTLS-Enso,12961,02/17/2021, 14:23:12,404
SKGTLSE12,iTLS-Enso,12962,02/17/2021, 15:20:05,404
SKGTLSE12,iTLS-Enso,12963,02/17/2021, 16:16:01,404
SKGTLSE12,iTLS-Enso,12963,02/17/2021, 17:27:00,404
SKGTLSE12,iTLS-Enso,12963,02/17/2021, 18:09:25,404
SKGTLSE12,iTLS-Enso,12964,02/17/2021, 19:06:45,404
SKGTLSE12,iTLS-Enso,12964,02/17/2021, 20:10:20,404
SKGTLSE12,iTLS-Enso,12964,02/17/2021, 21:09:03,404
SKGTLSE12,iTLS-Enso,12964,02/17/2021, 22:09:09,404
SKGTLSE12,iTLS-Enso,12965,02/17/2021, 23:10:11,404
SKGTLSE12,iTLS-Enso,12966,02/18/2021, 00:24:41,404
SKGTLSE12,iTLS-Enso,12966,02/18/2021, 01:34:50,404
SKGTLSE12,iTLS-Enso,12966,02/18/2021, 02:15:42,404
SKGTLSE12,iTLS-Enso,12967,02/18/2021, 03:10:14,404
SKGTLSE12,iTLS-Enso,12967,02/18/2021, 04:12:22,404
SKGTLSE12,iTLS-Enso,12967,02/18/2021, 05:09:52,404
SKGTLSE12,iTLS-Enso,12967,02/18/2021, 06:11:01,404
SKGTLSE12,iTLS-Enso,12968,02/18/2021, 07:09:42,404
SKGTLSE12,iTLS-Enso,12968,02/18/2021, 08:11:49,404
SKGTLSE12,iTLS-Enso,12968,02/18/2021, 09:10:24,404
SKGTLSE12,iTLS-Enso,12969,02/18/2021, 10:11:09,404
SKGTLSE12,iTLS-Enso,12969,02/18/2021, 11:09:42,404
SKGTLSE12,iTLS-Enso,12969,02/18/2021, 12:13:21,404
SKGTLSE12,iTLS-Enso,12970,02/18/2021, 13:10:35,404
SKGTLSE12,iTLS-Enso,12970,02/18/2021, 14:10:18,404
SKGTLSE12,iTLS-Enso,12970,02/18/2021, 15:09:52,404
SKGTLSE12,iTLS-Enso,12970,02/18/2021, 16:16:13,404
SKGTLSE12,iTLS-Enso,12970,02/18/2021, 17:23:13,404
SKGTLSE12,iTLS-Enso,12972,02/18/2021, 18:11:07,404
SKGTLSE12,iTLS-Enso,12974,02/18/2021, 19:07:27,404
SKGTLSE12,iTLS-Enso,12976,02/18/2021, 20:10:19,404
SKGTLSE12,iTLS-Enso,12978,02/18/2021, 21:09:03,404
SKGTLSE12,iTLS-Enso,12979,02/18/2021, 22:10:44,404
SKGTLSE12,iTLS-Enso,12980,02/18/2021, 23:10:24,404
SKGTLSE12,iTLS-Enso,12982,02/19/2021, 00:24:14,404
SKGTLSE12,iTLS-Enso,12982,02/19/2021, 01:34:50,404
SKGTLSE12,iTLS-Enso,12983,02/19/2021, 02:16:00,404
SKGTLSE12,iTLS-Enso,12985,02/19/2021, 03:10:31,404
SKGTLSE12,iTLS-Enso,12985,02/19/2021, 04:12:18,404
SKGTLSE12,iTLS-Enso,12985,02/19/2021, 05:10:01,404
SKGTLSE12,iTLS-Enso,12985,02/19/2021, 06:11:06,404
SKGTLSE12,iTLS-Enso,12986,02/19/2021, 07:09:27,404
SKGTLSE12,iTLS-Enso,12987,02/19/2021, 08:11:49,404
SKGTLSE12,iTLS-Enso,12988,02/19/2021, 09:10:36,404
SKGTLSE12,iTLS-Enso,12989,02/19/2021, 10:11:20,404
SKGTLSE12,iTLS-Enso,12990,02/19/2021, 11:09:36,404
SKGTLSE12,iTLS-Enso,12991,02/19/2021, 12:13:09,404
SKGTLSE12,iTLS-Enso,12992,02/19/2021, 13:10:44,404
SKGTLSE12,iTLS-Enso,12992,02/19/2021, 14:10:06,404
SKGTLSE12,iTLS-Enso,12992,02/19/2021, 15:09:47,404
SKGTLSE12,iTLS-Enso,12992,02/19/2021, 16:16:10,404
SKGTLSE12,iTLS-Enso,12993,02/19/2021, 17:23:18,404
SKGTLSE12,iTLS-Enso,12994,02/19/2021, 18:11:02,404
SKGTLSE12,iTLS-Enso,12996,02/19/2021, 19:07:53,404
SKGTLSE12,iTLS-Enso,12996,02/19/2021, 20:10:25,404
SKGTLSE12,iTLS-Enso,12996,02/19/2021, 21:08:58,404
SKGTLSE12,iTLS-Enso,12997,02/19/2021, 22:10:48,404
SKGTLSE12,iTLS-Enso,12998,02/19/2021, 23:10:37,404
SKGTLSE12,iTLS-Enso,12999,02/20/2021, 00:24:07,404
SKGTLSE12,iTLS-Enso,12999,02/20/2021, 01:34:19,404
SKGTLSE12,iTLS-Enso,12999,02/20/2021, 02:15:29,404
SKGTLSE12,iTLS-Enso,12999,02/20/2021, 03:10:19,404
SKGTLSE12,iTLS-Enso,12999,02/20/2021, 04:12:08,404
SKGTLSE12,iTLS-Enso,12999,02/20/2021, 05:09:44,404
SKGTLSE12,iTLS-Enso,12999,02/20/2021, 06:10:55,404
SKGTLSE12,iTLS-Enso,12999,02/20/2021, 07:09:44,404
SKGTLSE12,iTLS-Enso,13000,02/20/2021, 08:11:53,404
SKGTLSE12,iTLS-Enso,13001,02/20/2021, 09:10:22,404
SKGTLSE12,iTLS-Enso,13001,02/20/2021, 10:10:57,404
SKGTLSE12,iTLS-Enso,13001,02/20/2021, 11:09:29,404
SKGTLSE12,iTLS-Enso,13002,02/20/2021, 12:13:00,404
SKGTLSE12,iTLS-Enso,13002,02/20/2021, 13:09:40,404
SKGTLSE12,iTLS-Enso,13002,02/20/2021, 14:09:57,404
SKGTLSE12,iTLS-Enso,13002,02/20/2021, 15:09:29,404
SKGTLSE12,iTLS-Enso,13002,02/20/2021, 16:15:52,404
SKGTLSE12,iTLS-Enso,13003,02/20/2021, 17:22:24,404
SKGTLSE12,iTLS-Enso,13005,02/20/2021, 18:11:15,404
SKGTLSE12,iTLS-Enso,13005,02/20/2021, 20:10:11,404
SKGTLSE12,iTLS-Enso,13007,02/20/2021, 21:08:41,404
SKGTLSE12,iTLS-Enso,13008,02/20/2021, 22:10:45,404
SKGTLSE12,iTLS-Enso,13008,02/20/2021, 23:10:17,404
SKGTLSE12,iTLS-Enso,13008,02/21/2021, 00:25:32,404
SKGTLSE12,iTLS-Enso,13008,02/21/2021, 01:36:55,404
SKGTLSE12,iTLS-Enso,13008,02/21/2021, 02:17:36,404
SKGTLSE12,iTLS-Enso,13008,02/21/2021, 03:10:21,404
SKGTLSE12,iTLS-Enso,13008,02/21/2021, 04:12:04,404
SKGTLSE12,iTLS-Enso,13008,02/21/2021, 05:09:36,404
SKGTLSE12,iTLS-Enso,13008,02/21/2021, 06:10:51,404
SKGTLSE12,iTLS-Enso,13009,02/21/2021, 07:09:39,404
SKGTLSE12,iTLS-Enso,13009,02/21/2021, 08:11:49,404
SKGTLSE12,iTLS-Enso,13009,02/21/2021, 09:10:06,404
SKGTLSE12,iTLS-Enso,13009,02/21/2021, 10:10:48,404
SKGTLSE12,iTLS-Enso,13009,02/21/2021, 11:09:32,404
SKGTLSE12,iTLS-Enso,13009,02/21/2021, 12:13:01,404
SKGTLSE12,iTLS-Enso,13009,02/21/2021, 13:09:34,404
SKGTLSE12,iTLS-Enso,13010,02/21/2021, 14:10:00,404
SKGTLSE12,iTLS-Enso,13011,02/21/2021, 15:09:30,404
SKGTLSE12,iTLS-Enso,13011,02/21/2021, 16:15:44,404
SKGTLSE12,iTLS-Enso,13011,02/21/2021, 17:21:35,404
SKGTLSE12,iTLS-Enso,13012,02/21/2021, 18:10:52,404
SKGTLSE12,iTLS-Enso,13014,02/21/2021, 19:07:45,404
SKGTLSE12,iTLS-Enso,13014,02/21/2021, 20:10:15,404
SKGTLSE12,iTLS-Enso,13014,02/21/2021, 21:08:48,404
SKGTLSE12,iTLS-Enso,13016,02/21/2021, 22:10:47,404
SKGTLSE12,iTLS-Enso,13016,02/21/2021, 23:10:29,404
SKGTLSE12,iTLS-Enso,13018,02/22/2021, 00:24:54,404
SKGTLSE12,iTLS-Enso,13019,02/22/2021, 01:36:36,404
SKGTLSE12,iTLS-Enso,13021,02/22/2021, 02:17:55,404
SKGTLSE12,iTLS-Enso,13021,02/22/2021, 03:10:36,404
SKGTLSE12,iTLS-Enso,13021,02/22/2021, 04:12:07,404
SKGTLSE12,iTLS-Enso,13021,02/22/2021, 05:09:40,404
SKGTLSE12,iTLS-Enso,13021,02/22/2021, 06:11:28,404
SKGTLSE12,iTLS-Enso,13021,02/22/2021, 07:08:24,404
SKGTLSE12,iTLS-Enso,13022,02/22/2021, 08:11:26,404
SKGTLSE12,iTLS-Enso,13023,02/22/2021, 09:08:58,404
SKGTLSE12,iTLS-Enso,13023,02/22/2021, 10:09:41,404
SKGTLSE12,iTLS-Enso,13023,02/22/2021, 11:09:47,404
SKGTLSE12,iTLS-Enso,13023,02/22/2021, 12:11:19,404
SKGTLSE12,iTLS-Enso,13023,02/22/2021, 13:08:36,404
SKGTLSE12,iTLS-Enso,13023,02/22/2021, 14:10:12,404
SKGTLSE12,iTLS-Enso,13024,02/22/2021, 15:09:46,404
SKGTLSE12,iTLS-Enso,13024,02/22/2021, 16:16:25,404
SKGTLSE12,iTLS-Enso,13024,02/22/2021, 17:24:20,404
SKGTLSE12,iTLS-Enso,13024,02/22/2021, 18:11:09,404
SKGTLSE12,iTLS-Enso,13025,02/22/2021, 19:07:46,404
SKGTLSE12,iTLS-Enso,13025,02/22/2021, 20:10:28,404
SKGTLSE12,iTLS-Enso,13025,02/22/2021, 21:09:08,404
SKGTLSE12,iTLS-Enso,13025,02/22/2021, 22:10:46,404
SKGTLSE12,iTLS-Enso,13025,02/22/2021, 23:10:40,404
SKGTLSE12,iTLS-Enso,13025,02/23/2021, 00:24:33,404
SKGTLSE12,iTLS-Enso,13025,02/23/2021, 01:36:09,404
SKGTLSE12,iTLS-Enso,13027,02/23/2021, 02:17:28,404
SKGTLSE12,iTLS-Enso,13027,02/23/2021, 03:10:44,404
SKGTLSE12,iTLS-Enso,13027,02/23/2021, 04:10:52,404
SKGTLSE12,iTLS-Enso,13027,02/23/2021, 05:09:36,404
SKGTLSE12,iTLS-Enso,13028,02/23/2021, 06:11:08,404
SKGTLSE12,iTLS-Enso,13029,02/23/2021, 07:09:48,404
SKGTLSE12,iTLS-Enso,13029,02/23/2021, 08:12:32,404
SKGTLSE12,iTLS-Enso,13029,02/23/2021, 09:10:33,404
SKGTLSE12,iTLS-Enso,13029,02/23/2021, 10:11:29,404
SKGTLSE12,iTLS-Enso,13030,02/23/2021, 11:09:47,404
SKGTLSE12,iTLS-Enso,13030,02/23/2021, 12:13:26,404
SKGTLSE12,iTLS-Enso,13031,02/23/2021, 13:16:20,404
SKGTLSE12,iTLS-Enso,13031,02/23/2021, 14:15:22,404
SKGTLSE12,iTLS-Enso,13031,02/23/2021, 15:22:20,404
SKGTLSE12,iTLS-Enso,13031,02/23/2021, 16:53:46,404
SKGTLSE12,iTLS-Enso,13031,02/23/2021, 17:27:57,404
SKGTLSE12,iTLS-Enso,13031,02/23/2021, 18:11:12,404
SKGTLSE12,iTLS-Enso,13031,02/23/2021, 19:08:08,404
SKGTLSE12,iTLS-Enso,13032,02/23/2021, 20:10:53,404
SKGTLSE12,iTLS-Enso,13032,02/23/2021, 21:09:23,404
SKGTLSE12,iTLS-Enso,13034,02/23/2021, 22:10:41,404
SKGTLSE12,iTLS-Enso,13036,02/23/2021, 23:10:34,404
SKGTLSE12,iTLS-Enso,13037,02/24/2021, 00:24:55,404
SKGTLSE12,iTLS-Enso,13037,02/24/2021, 01:37:10,404
SKGTLSE12,iTLS-Enso,13037,02/24/2021, 02:18:35,404
SKGTLSE12,iTLS-Enso,13037,02/24/2021, 03:11:07,404
SKGTLSE12,iTLS-Enso,13037,02/24/2021, 04:10:24,404
SKGTLSE12,iTLS-Enso,13037,02/24/2021, 05:09:38,404
SKGTLSE12,iTLS-Enso,13037,02/24/2021, 06:11:23,404
SKGTLSE12,iTLS-Enso,13037,02/24/2021, 07:09:28,404
SKGTLSE12,iTLS-Enso,13038,02/24/2021, 08:17:17,404
SKGTLSE12,iTLS-Enso,13038,02/24/2021, 09:16:14,404
SKGTLSE12,iTLS-Enso,13038,02/24/2021, 10:17:51,404
SKGTLSE12,iTLS-Enso,13038,02/24/2021, 11:15:36,404
SKGTLSE12,iTLS-Enso,13039,02/24/2021, 12:19:00,404
SKGTLSE12,iTLS-Enso,13040,02/24/2021, 13:17:37,404
SKGTLSE12,iTLS-Enso,13040,02/24/2021, 14:15:52,404
SKGTLSE12,iTLS-Enso,13040,02/24/2021, 15:23:50,404
SKGTLSE12,iTLS-Enso,13041,02/24/2021, 16:29:29,404
SKGTLSE12,iTLS-Enso,13044,02/24/2021, 17:30:59,404
SKGTLSE12,iTLS-Enso,13044,02/24/2021, 18:11:13,404
SKGTLSE12,iTLS-Enso,13045,02/24/2021, 19:07:30,404
SKGTLSE12,iTLS-Enso,13045,02/24/2021, 20:10:33,404
SKGTLSE12,iTLS-Enso,13048,02/24/2021, 21:09:12,404
SKGTLSE12,iTLS-Enso,13048,02/24/2021, 22:10:56,404
SKGTLSE12,iTLS-Enso,13049,02/24/2021, 23:10:22,404
SKGTLSE12,iTLS-Enso,13051,02/25/2021, 00:24:38,404
SKGTLSE12,iTLS-Enso,13051,02/25/2021, 01:37:05,404
SKGTLSE12,iTLS-Enso,13051,02/25/2021, 02:17:42,404
SKGTLSE12,iTLS-Enso,13052,02/25/2021, 03:10:38,404
SKGTLSE12,iTLS-Enso,13052,02/25/2021, 04:12:19,404
SKGTLSE12,iTLS-Enso,13052,02/25/2021, 05:09:40,404
SKGTLSE12,iTLS-Enso,13052,02/25/2021, 06:11:32,404
SKGTLSE12,iTLS-Enso,13052,02/25/2021, 07:09:32,404
SKGTLSE12,iTLS-Enso,13053,02/25/2021, 08:12:15,404
SKGTLSE12,iTLS-Enso,13053,02/25/2021, 09:16:02,404
SKGTLSE12,iTLS-Enso,13055,02/25/2021, 10:17:18,404
SKGTLSE12,iTLS-Enso,13055,02/25/2021, 11:09:43,404
SKGTLSE12,iTLS-Enso,13056,02/25/2021, 12:13:10,404
SKGTLSE12,iTLS-Enso,13057,02/25/2021, 13:11:43,404
SKGTLSE12,iTLS-Enso,13057,02/25/2021, 14:10:13,404
SKGTLSE12,iTLS-Enso,13057,02/25/2021, 15:15:55,404
SKGTLSE12,iTLS-Enso,13058,02/25/2021, 16:21:45,404
SKGTLSE12,iTLS-Enso,13060,02/25/2021, 17:30:07,404
SKGTLSE12,iTLS-Enso,13060,02/25/2021, 18:15:17,404
SKGTLSE12,iTLS-Enso,13061,02/25/2021, 19:07:30,404
SKGTLSE12,iTLS-Enso,13061,02/25/2021, 20:10:41,404
SKGTLSE12,iTLS-Enso,13061,02/25/2021, 21:09:23,404
SKGTLSE12,iTLS-Enso,13063,02/25/2021, 22:10:47,404
SKGTLSE12,iTLS-Enso,13063,02/25/2021, 23:10:58,404
SKGTLSE12,iTLS-Enso,13064,02/26/2021, 00:27:00,404
SKGTLSE12,iTLS-Enso,13064,02/26/2021, 01:37:34,404
SKGTLSE12,iTLS-Enso,13064,02/26/2021, 02:18:53,404
SKGTLSE12,iTLS-Enso,13064,02/26/2021, 03:10:58,404
SKGTLSE12,iTLS-Enso,13064,02/26/2021, 04:12:14,404
SKGTLSE12,iTLS-Enso,13064,02/26/2021, 05:09:43,404
SKGTLSE12,iTLS-Enso,13064,02/26/2021, 06:11:21,404
SKGTLSE12,iTLS-Enso,13065,02/26/2021, 07:10:06,404
SKGTLSE12,iTLS-Enso,13065,02/26/2021, 08:12:13,404
SKGTLSE12,iTLS-Enso,13065,02/26/2021, 09:10:56,404
SKGTLSE12,iTLS-Enso,13065,02/26/2021, 10:11:40,404
SKGTLSE12,iTLS-Enso,13066,02/26/2021, 11:15:19,404
SKGTLSE12,iTLS-Enso,13066,02/26/2021, 12:13:33,404
SKGTLSE12,iTLS-Enso,13066,02/26/2021, 13:12:00,404
SKGTLSE12,iTLS-Enso,13067,02/26/2021, 14:10:04,404
SKGTLSE12,iTLS-Enso,13067,02/26/2021, 15:09:40,404
SKGTLSE12,iTLS-Enso,13067,02/26/2021, 16:16:14,404
SKGTLSE12,iTLS-Enso,13069,02/26/2021, 17:26:03,404
SKGTLSE12,iTLS-Enso,13069,02/26/2021, 18:11:10,404
SKGTLSE12,iTLS-Enso,13069,02/26/2021, 19:07:33,404
SKGTLSE12,iTLS-Enso,13069,02/26/2021, 20:10:43,404
SKGTLSE12,iTLS-Enso,13069,02/26/2021, 21:09:06,404
SKGTLSE12,iTLS-Enso,13071,02/26/2021, 22:10:41,404
SKGTLSE12,iTLS-Enso,13071,02/26/2021, 23:10:48,404
SKGTLSE12,iTLS-Enso,13071,02/27/2021, 00:24:55,404
SKGTLSE12,iTLS-Enso,13071,02/27/2021, 01:37:00,404
SKGTLSE12,iTLS-Enso,13073,02/27/2021, 02:18:25,404
SKGTLSE12,iTLS-Enso,13073,02/27/2021, 03:11:04,404
SKGTLSE12,iTLS-Enso,13073,02/27/2021, 04:12:33,404
SKGTLSE12,iTLS-Enso,13075,02/27/2021, 05:09:55,404
SKGTLSE12,iTLS-Enso,13075,02/27/2021, 06:11:19,404
SKGTLSE12,iTLS-Enso,13075,02/27/2021, 07:09:50,404
SKGTLSE12,iTLS-Enso,13076,02/27/2021, 08:11:45,404
SKGTLSE12,iTLS-Enso,13076,02/27/2021, 09:10:47,404
SKGTLSE12,iTLS-Enso,13077,02/27/2021, 10:11:20,404
SKGTLSE12,iTLS-Enso,13077,02/27/2021, 11:09:45,404
SKGTLSE12,iTLS-Enso,13077,02/27/2021, 12:13:14,404
SKGTLSE12,iTLS-Enso,13077,02/27/2021, 13:10:54,404
SKGTLSE12,iTLS-Enso,13078,02/27/2021, 14:09:45,404
SKGTLSE12,iTLS-Enso,13078,02/27/2021, 15:09:34,404
SKGTLSE12,iTLS-Enso,13079,02/27/2021, 16:16:22,404
SKGTLSE12,iTLS-Enso,13082,02/27/2021, 17:25:44,404
SKGTLSE12,iTLS-Enso,13082,02/27/2021, 18:11:06,404
SKGTLSE12,iTLS-Enso,13082,02/27/2021, 19:07:41,404
SKGTLSE12,iTLS-Enso,13083,02/27/2021, 20:10:23,404
SKGTLSE12,iTLS-Enso,13083,02/27/2021, 21:09:09,404
SKGTLSE12,iTLS-Enso,13083,02/27/2021, 22:10:47,404
SKGTLSE12,iTLS-Enso,13085,02/27/2021, 23:10:47,404
SKGTLSE12,iTLS-Enso,13085,02/28/2021, 00:26:34,404
SKGTLSE12,iTLS-Enso,13087,02/28/2021, 01:40:05,404
SKGTLSE12,iTLS-Enso,13087,02/28/2021, 02:21:32,404
SKGTLSE12,iTLS-Enso,13087,02/28/2021, 03:10:47,404
SKGTLSE12,iTLS-Enso,13088,02/28/2021, 04:12:31,404
SKGTLSE12,iTLS-Enso,13088,02/28/2021, 05:10:23,404
SKGTLSE12,iTLS-Enso,13089,02/28/2021, 06:11:33,404
SKGTLSE12,iTLS-Enso,13090,02/28/2021, 07:09:33,404
SKGTLSE12,iTLS-Enso,13090,02/28/2021, 08:12:02,404
SKGTLSE12,iTLS-Enso,13095,02/28/2021, 09:10:45,404
SKGTLSE12,iTLS-Enso,13096,02/28/2021, 10:11:29,404
SKGTLSE12,iTLS-Enso,13097,02/28/2021, 11:09:45,404
SKGTLSE12,iTLS-Enso,13098,02/28/2021, 12:13:16,404
SKGTLSE12,iTLS-Enso,13098,02/28/2021, 13:10:39,404
SKGTLSE12,iTLS-Enso,13098,02/28/2021, 14:09:54,404
SKGTLSE12,iTLS-Enso,13099,02/28/2021, 15:09:38,404
SKGTLSE12,iTLS-Enso,13099,02/28/2021, 16:16:16,404
SKGTLSE12,iTLS-Enso,13101,02/28/2021, 17:25:38,404
SKGTLSE12,iTLS-Enso,13102,02/28/2021, 18:10:56,404
SKGTLSE12,iTLS-Enso,13103,02/28/2021, 19:07:50,404
SKGTLSE12,iTLS-Enso,13103,02/28/2021, 20:10:15,404
SKGTLSE12,iTLS-Enso,13103,02/28/2021, 21:08:59,404
SKGTLSE12,iTLS-Enso,13104,02/28/2021, 22:10:39,404
SKGTLSE12,iTLS-Enso,13105,02/28/2021, 23:10:39,404
SKGTLSE12,iTLS-Enso,13106,03/01/2021, 00:26:45,404
SKGTLSE12,iTLS-Enso,13106,03/01/2021, 01:41:28,404
SKGTLSE12,iTLS-Enso,13106,03/01/2021, 02:23:01,404
SKGTLSE12,iTLS-Enso,13107,03/01/2021, 03:10:50,404
SKGTLSE12,iTLS-Enso,13107,03/01/2021, 04:12:54,404
SKGTLSE12,iTLS-Enso,13108,03/01/2021, 05:10:18,404
SKGTLSE12,iTLS-Enso,13108,03/01/2021, 06:11:50,404
SKGTLSE12,iTLS-Enso,13108,03/01/2021, 07:09:55,404
SKGTLSE12,iTLS-Enso,13108,03/01/2021, 08:12:38,404
SKGTLSE12,iTLS-Enso,13108,03/01/2021, 09:10:58,404
SKGTLSE12,iTLS-Enso,13110,03/01/2021, 10:43:51,404
SKGTLSE12,iTLS-Enso,13110,03/01/2021, 11:16:58,404
SKGTLSE12,iTLS-Enso,13110,03/01/2021, 12:13:37,404
SKGTLSE12,iTLS-Enso,13110,03/01/2021, 13:17:11,404
SKGTLSE12,iTLS-Enso,13110,03/01/2021, 14:10:26,404
SKGTLSE12,iTLS-Enso,13110,03/01/2021, 15:10:00,404
SKGTLSE12,iTLS-Enso,13110,03/01/2021, 16:16:25,404
SKGTLSE12,iTLS-Enso,13110,03/01/2021, 17:26:59,404
SKGTLSE12,iTLS-Enso,13110,03/01/2021, 18:11:02,404
SKGTLSE12,iTLS-Enso,13112,03/01/2021, 19:07:51,404
SKGTLSE12,iTLS-Enso,13112,03/01/2021, 20:10:52,404
SKGTLSE12,iTLS-Enso,13112,03/01/2021, 21:09:25,404
SKGTLSE12,iTLS-Enso,13112,03/01/2021, 22:13:59,404
SKGTLSE12,iTLS-Enso,13114,03/01/2021, 23:10:39,404
SKGTLSE12,iTLS-Enso,13115,03/02/2021, 00:21:16,404
SKGTLSE12,iTLS-Enso,13116,03/02/2021, 01:24:14,404
SKGTLSE12,iTLS-Enso,13116,03/02/2021, 02:11:21,404
SKGTLSE12,iTLS-Enso,13116,03/02/2021, 03:10:57,404
SKGTLSE12,iTLS-Enso,13116,03/02/2021, 04:12:43,404
SKGTLSE12,iTLS-Enso,13117,03/02/2021, 05:10:02,404
SKGTLSE12,iTLS-Enso,13117,03/02/2021, 06:11:14,404
SKGTLSE12,iTLS-Enso,13118,03/02/2021, 07:09:56,404
SKGTLSE12,iTLS-Enso,13118,03/02/2021, 08:12:24,404
SKGTLSE12,iTLS-Enso,13121,03/02/2021, 09:11:13,404
SKGTLSE12,iTLS-Enso,13121,03/02/2021, 10:09:49,404
SKGTLSE12,iTLS-Enso,13121,03/02/2021, 11:08:19,404
SKGTLSE12,iTLS-Enso,13121,03/02/2021, 12:11:26,404
SKGTLSE12,iTLS-Enso,13121,03/02/2021, 13:08:41,404
SKGTLSE12,iTLS-Enso,13122,03/02/2021, 14:09:02,404
SKGTLSE12,iTLS-Enso,13122,03/02/2021, 15:08:34,404
SKGTLSE12,iTLS-Enso,13122,03/02/2021, 16:19:40,404
SKGTLSE12,iTLS-Enso,13122,03/02/2021, 17:30:08,404
SKGTLSE12,iTLS-Enso,13122,03/02/2021, 18:09:54,404
SKGTLSE12,iTLS-Enso,13123,03/02/2021, 19:07:08,404
SKGTLSE12,iTLS-Enso,13124,03/02/2021, 20:10:43,404
SKGTLSE12,iTLS-Enso,13124,03/02/2021, 21:09:19,404
SKGTLSE12,iTLS-Enso,13125,03/02/2021, 22:11:19,404
SKGTLSE12,iTLS-Enso,13125,03/02/2021, 23:11:04,404
SKGTLSE12,iTLS-Enso,13125,03/03/2021, 00:24:58,404
SKGTLSE12,iTLS-Enso,13126,03/03/2021, 01:38:41,404
SKGTLSE12,iTLS-Enso,13126,03/03/2021, 02:20:49,404
SKGTLSE12,iTLS-Enso,13126,03/03/2021, 03:09:31,404
SKGTLSE12,iTLS-Enso,13126,03/03/2021, 04:10:58,404
SKGTLSE12,iTLS-Enso,13126,03/03/2021, 05:10:39,404
SKGTLSE12,iTLS-Enso,13128,03/03/2021, 06:11:34,404
SKGTLSE12,iTLS-Enso,13128,03/03/2021, 07:10:13,404
SKGTLSE12,iTLS-Enso,13128,03/03/2021, 08:12:39,404
SKGTLSE12,iTLS-Enso,13129,03/03/2021, 09:10:58,404
SKGTLSE12,iTLS-Enso,13129,03/03/2021, 10:11:54,404
SKGTLSE12,iTLS-Enso,13129,03/03/2021, 11:09:42,404
SKGTLSE12,iTLS-Enso,13129,03/03/2021, 12:13:26,404
SKGTLSE12,iTLS-Enso,13129,03/03/2021, 13:12:45,404
SKGTLSE12,iTLS-Enso,13130,03/03/2021, 14:11:01,404
SKGTLSE12,iTLS-Enso,13131,03/03/2021, 15:10:14,404
SKGTLSE12,iTLS-Enso,13131,03/03/2021, 16:16:29,404
SKGTLSE12,iTLS-Enso,13132,03/03/2021, 17:27:36,404
SKGTLSE12,iTLS-Enso,13132,03/03/2021, 18:13:37,404
SKGTLSE12,iTLS-Enso,13132,03/03/2021, 19:07:35,404
SKGTLSE12,iTLS-Enso,13133,03/03/2021, 20:11:03,404
SKGTLSE12,iTLS-Enso,13135,03/03/2021, 21:09:17,404
SKGTLSE12,iTLS-Enso,13137,03/03/2021, 22:11:09,404
SKGTLSE12,iTLS-Enso,13137,03/03/2021, 23:10:46,404
SKGTLSE12,iTLS-Enso,13137,03/04/2021, 00:24:57,404
SKGTLSE12,iTLS-Enso,13139,03/04/2021, 01:39:18,404
SKGTLSE12,iTLS-Enso,13139,03/04/2021, 02:21:36,404
SKGTLSE12,iTLS-Enso,13139,03/04/2021, 03:10:57,404
SKGTLSE12,iTLS-Enso,13139,03/04/2021, 04:12:44,404
SKGTLSE12,iTLS-Enso,13139,03/04/2021, 05:09:48,404
SKGTLSE12,iTLS-Enso,13140,03/04/2021, 06:10:46,404
SKGTLSE12,iTLS-Enso,13142,03/04/2021, 07:09:35,404
SKGTLSE12,iTLS-Enso,13142,03/04/2021, 08:12:18,404
SKGTLSE12,iTLS-Enso,13142,03/04/2021, 09:11:26,404
SKGTLSE12,iTLS-Enso,13142,03/04/2021, 10:11:45,404
SKGTLSE12,iTLS-Enso,13143,03/04/2021, 11:09:58,404
SKGTLSE12,iTLS-Enso,13143,03/04/2021, 12:13:49,404
SKGTLSE12,iTLS-Enso,13143,03/04/2021, 13:12:44,404
SKGTLSE12,iTLS-Enso,13143,03/04/2021, 14:10:58,404
SKGTLSE12,iTLS-Enso,13144,03/04/2021, 15:10:22,404
SKGTLSE12,iTLS-Enso,13144,03/04/2021, 16:16:42,404
SKGTLSE12,iTLS-Enso,13144,03/04/2021, 17:25:20,404
SKGTLSE12,iTLS-Enso,13144,03/04/2021, 18:11:06,404
SKGTLSE12,iTLS-Enso,13147,03/04/2021, 19:08:17,404
SKGTLSE12,iTLS-Enso,13147,03/04/2021, 20:11:04,404
SKGTLSE12,iTLS-Enso,13148,03/04/2021, 21:09:39,404
SKGTLSE12,iTLS-Enso,13148,03/04/2021, 22:11:29,404
SKGTLSE12,iTLS-Enso,13149,03/04/2021, 23:10:51,404
SKGTLSE12,iTLS-Enso,13149,03/05/2021, 00:25:36,404
SKGTLSE12,iTLS-Enso,13152,03/05/2021, 01:40:35,404
SKGTLSE12,iTLS-Enso,13154,03/05/2021, 02:22:39,404
SKGTLSE12,iTLS-Enso,13155,03/05/2021, 03:11:03,404
SKGTLSE12,iTLS-Enso,13156,03/05/2021, 04:12:58,404
SKGTLSE12,iTLS-Enso,13158,03/05/2021, 05:09:35,404
SKGTLSE12,iTLS-Enso,13158,03/05/2021, 06:11:43,404
SKGTLSE12,iTLS-Enso,13158,03/05/2021, 07:09:51,404
SKGTLSE12,iTLS-Enso,13158,03/05/2021, 08:13:03,404
SKGTLSE12,iTLS-Enso,13158,03/05/2021, 09:10:44,404
SKGTLSE12,iTLS-Enso,13158,03/05/2021, 10:12:04,404
SKGTLSE12,iTLS-Enso,13158,03/05/2021, 11:09:59,404
SKGTLSE12,iTLS-Enso,13158,03/05/2021, 12:13:45,404
SKGTLSE12,iTLS-Enso,13158,03/05/2021, 13:12:41,404
SKGTLSE12,iTLS-Enso,13159,03/05/2021, 14:10:44,404
SKGTLSE12,iTLS-Enso,13160,03/05/2021, 15:10:18,404
SKGTLSE12,iTLS-Enso,13161,03/05/2021, 16:16:35,404
SKGTLSE12,iTLS-Enso,13161,03/05/2021, 17:27:16,404
SKGTLSE12,iTLS-Enso,13162,03/05/2021, 18:11:47,404
SKGTLSE12,iTLS-Enso,13162,03/05/2021, 19:07:38,404
SKGTLSE12,iTLS-Enso,13162,03/05/2021, 20:10:51,404
SKGTLSE12,iTLS-Enso,13162,03/05/2021, 21:09:29,404
SKGTLSE12,iTLS-Enso,13162,03/05/2021, 22:11:18,404
SKGTLSE12,iTLS-Enso,13163,03/05/2021, 23:11:10,404
SKGTLSE12,iTLS-Enso,13164,03/06/2021, 00:25:17,404
SKGTLSE12,iTLS-Enso,13164,03/06/2021, 01:39:19,404
SKGTLSE12,iTLS-Enso,13165,03/06/2021, 02:22:05,404
SKGTLSE12,iTLS-Enso,13165,03/06/2021, 03:11:16,404
SKGTLSE12,iTLS-Enso,13165,03/06/2021, 04:13:04,404
SKGTLSE12,iTLS-Enso,13166,03/06/2021, 05:09:44,404
SKGTLSE12,iTLS-Enso,13168,03/06/2021, 06:11:20,404
SKGTLSE12,iTLS-Enso,13168,03/06/2021, 07:09:46,404
SKGTLSE12,iTLS-Enso,13168,03/06/2021, 08:12:07,404
SKGTLSE12,iTLS-Enso,13168,03/06/2021, 09:10:56,404
SKGTLSE12,iTLS-Enso,13168,03/06/2021, 10:11:53,404
SKGTLSE12,iTLS-Enso,13168,03/06/2021, 11:09:51,404
SKGTLSE12,iTLS-Enso,13168,03/06/2021, 12:13:24,404
SKGTLSE12,iTLS-Enso,13168,03/06/2021, 13:12:20,404
SKGTLSE12,iTLS-Enso,13169,03/06/2021, 14:10:31,404
SKGTLSE12,iTLS-Enso,13169,03/06/2021, 15:10:01,404
SKGTLSE12,iTLS-Enso,13170,03/06/2021, 16:16:31,404
SKGTLSE12,iTLS-Enso,13171,03/06/2021, 17:26:35,404
SKGTLSE12,iTLS-Enso,13171,03/06/2021, 18:11:00,404
SKGTLSE12,iTLS-Enso,13172,03/06/2021, 19:07:37,404
SKGTLSE12,iTLS-Enso,13172,03/06/2021, 20:10:48,404
SKGTLSE12,iTLS-Enso,13173,03/06/2021, 21:09:22,404
SKGTLSE12,iTLS-Enso,13174,03/06/2021, 22:11:03,404
SKGTLSE12,iTLS-Enso,13174,03/06/2021, 23:10:47,404
SKGTLSE12,iTLS-Enso,13174,03/07/2021, 00:26:59,404
SKGTLSE12,iTLS-Enso,13174,03/07/2021, 01:43:00,404
SKGTLSE12,iTLS-Enso,13174,03/07/2021, 02:24:44,404
SKGTLSE12,iTLS-Enso,13174,03/07/2021, 03:10:23,404
SKGTLSE12,iTLS-Enso,13174,03/07/2021, 04:13:12,404
SKGTLSE12,iTLS-Enso,13174,03/07/2021, 05:09:45,404
SKGTLSE12,iTLS-Enso,13176,03/07/2021, 06:11:29,404
SKGTLSE12,iTLS-Enso,13176,03/07/2021, 07:09:40,404
SKGTLSE12,iTLS-Enso,13178,03/07/2021, 08:12:14,404
SKGTLSE12,iTLS-Enso,13178,03/07/2021, 09:10:55,404
SKGTLSE12,iTLS-Enso,13179,03/07/2021, 10:11:53,404
SKGTLSE12,iTLS-Enso,13179,03/07/2021, 11:09:42,404
SKGTLSE12,iTLS-Enso,13179,03/07/2021, 12:13:33,404
SKGTLSE12,iTLS-Enso,13182,03/07/2021, 13:12:11,404
SKGTLSE12,iTLS-Enso,13182,03/07/2021, 14:10:19,404
SKGTLSE12,iTLS-Enso,13183,03/07/2021, 15:09:49,404
SKGTLSE12,iTLS-Enso,13184,03/07/2021, 16:16:21,404
SKGTLSE12,iTLS-Enso,13185,03/07/2021, 17:26:20,404
SKGTLSE12,iTLS-Enso,13186,03/07/2021, 18:11:00,404
SKGTLSE12,iTLS-Enso,13186,03/07/2021, 19:07:46,404
SKGTLSE12,iTLS-Enso,13187,03/07/2021, 20:10:37,404
SKGTLSE12,iTLS-Enso,13187,03/07/2021, 21:09:28,404
SKGTLSE12,iTLS-Enso,13189,03/07/2021, 22:11:01,404
SKGTLSE12,iTLS-Enso,13189,03/07/2021, 23:10:48,404
SKGTLSE12,iTLS-Enso,13189,03/08/2021, 00:26:05,404
SKGTLSE12,iTLS-Enso,13191,03/08/2021, 01:41:53,404
SKGTLSE12,iTLS-Enso,13192,03/08/2021, 02:25:05,404
SKGTLSE12,iTLS-Enso,13192,03/08/2021, 03:10:19,404
SKGTLSE12,iTLS-Enso,13193,03/08/2021, 04:13:01,404
SKGTLSE12,iTLS-Enso,13193,03/08/2021, 05:09:56,404
SKGTLSE12,iTLS-Enso,13193,03/08/2021, 06:11:49,404
SKGTLSE12,iTLS-Enso,13193,03/08/2021, 07:09:43,404
SKGTLSE12,iTLS-Enso,13193,03/08/2021, 08:12:52,404
SKGTLSE12,iTLS-Enso,13193,03/08/2021, 09:10:53,404
SKGTLSE12,iTLS-Enso,13194,03/08/2021, 10:11:54,404
SKGTLSE12,iTLS-Enso,13196,03/08/2021, 11:09:56,404
SKGTLSE12,iTLS-Enso,13196,03/08/2021, 12:13:55,404
SKGTLSE12,iTLS-Enso,13196,03/08/2021, 13:13:29,404
SKGTLSE12,iTLS-Enso,13196,03/08/2021, 14:10:57,404
SKGTLSE12,iTLS-Enso,13196,03/08/2021, 15:10:11,404
SKGTLSE12,iTLS-Enso,13196,03/08/2021, 16:16:45,404
SKGTLSE12,iTLS-Enso,13196,03/08/2021, 17:27:59,404
SKGTLSE12,iTLS-Enso,13196,03/08/2021, 18:13:00,404
SKGTLSE12,iTLS-Enso,13196,03/08/2021, 19:08:09,404
SKGTLSE12,iTLS-Enso,13196,03/08/2021, 20:11:30,404
SKGTLSE12,iTLS-Enso,13197,03/08/2021, 21:09:42,404
SKGTLSE12,iTLS-Enso,13198,03/08/2021, 22:11:11,404
SKGTLSE12,iTLS-Enso,13199,03/08/2021, 23:11:11,404
SKGTLSE12,iTLS-Enso,13200,03/09/2021, 00:25:48,404
SKGTLSE12,iTLS-Enso,13201,03/09/2021, 01:40:56,404
SKGTLSE12,iTLS-Enso,13201,03/09/2021, 02:24:31,404
SKGTLSE12,iTLS-Enso,13201,03/09/2021, 03:10:27,404
SKGTLSE12,iTLS-Enso,13201,03/09/2021, 04:13:13,404
SKGTLSE12,iTLS-Enso,13201,03/09/2021, 05:10:35,404
SKGTLSE12,iTLS-Enso,13201,03/09/2021, 06:11:41,404
SKGTLSE12,iTLS-Enso,13202,03/09/2021, 07:09:55,404
SKGTLSE12,iTLS-Enso,13202,03/09/2021, 08:13:09,404
SKGTLSE12,iTLS-Enso,13202,03/09/2021, 09:15:46,404
SKGTLSE12,iTLS-Enso,13202,03/09/2021, 10:17:10,404
SKGTLSE12,iTLS-Enso,13202,03/09/2021, 11:14:46,404
SKGTLSE12,iTLS-Enso,13203,03/09/2021, 12:18:46,404
SKGTLSE12,iTLS-Enso,13204,03/09/2021, 13:18:49,404
SKGTLSE12,iTLS-Enso,13205,03/09/2021, 14:15:53,404
SKGTLSE12,iTLS-Enso,13206,03/09/2021, 15:20:10,404
SKGTLSE12,iTLS-Enso,13207,03/09/2021, 17:42:31,404
SKGTLSE12,iTLS-Enso,13208,03/09/2021, 18:29:09,404
SKGTLSE12,iTLS-Enso,13209,03/09/2021, 19:11:53,404
SKGTLSE12,iTLS-Enso,13209,03/09/2021, 20:11:18,404
SKGTLSE12,iTLS-Enso,13210,03/09/2021, 21:09:36,404
SKGTLSE12,iTLS-Enso,13211,03/09/2021, 22:13:11,404
SKGTLSE12,iTLS-Enso,13211,03/09/2021, 23:11:01,404
SKGTLSE12,iTLS-Enso,13211,03/10/2021, 00:25:46,404
SKGTLSE12,iTLS-Enso,13211,03/10/2021, 01:41:28,404
SKGTLSE12,iTLS-Enso,13212,03/10/2021, 02:25:27,404
SKGTLSE12,iTLS-Enso,13212,03/10/2021, 03:09:58,404
SKGTLSE12,iTLS-Enso,13213,03/10/2021, 04:11:15,404
SKGTLSE12,iTLS-Enso,13213,03/10/2021, 05:10:41,404
SKGTLSE12,iTLS-Enso,13213,03/10/2021, 06:11:53,404
SKGTLSE12,iTLS-Enso,13213,03/10/2021, 07:10:05,404
SKGTLSE12,iTLS-Enso,13213,03/10/2021, 08:12:31,404
SKGTLSE12,iTLS-Enso,13214,03/10/2021, 09:11:12,404
SKGTLSE12,iTLS-Enso,13214,03/10/2021, 10:12:01,404
SKGTLSE12,iTLS-Enso,13214,03/10/2021, 11:10:07,404
SKGTLSE12,iTLS-Enso,13215,03/10/2021, 12:14:22,404
SKGTLSE12,iTLS-Enso,13215,03/10/2021, 13:13:51,404
SKGTLSE12,iTLS-Enso,13215,03/10/2021, 14:15:54,404
SKGTLSE12,iTLS-Enso,13215,03/10/2021, 15:14:53,404
SKGTLSE12,iTLS-Enso,13217,03/10/2021, 16:22:20,404
SKGTLSE12,iTLS-Enso,13218,03/10/2021, 17:32:54,404
SKGTLSE12,iTLS-Enso,13219,03/10/2021, 18:17:51,404
SKGTLSE12,iTLS-Enso,13219,03/10/2021, 19:12:54,404
SKGTLSE12,iTLS-Enso,13220,03/10/2021, 20:15:44,404
SKGTLSE12,iTLS-Enso,13220,03/10/2021, 21:09:33,404
SKGTLSE12,iTLS-Enso,13221,03/10/2021, 22:11:20,404
SKGTLSE12,iTLS-Enso,13222,03/10/2021, 23:10:00,404
SKGTLSE12,iTLS-Enso,13222,03/11/2021, 00:25:39,404
SKGTLSE12,iTLS-Enso,13223,03/11/2021, 01:42:17,404
SKGTLSE12,iTLS-Enso,13223,03/11/2021, 02:24:26,404
SKGTLSE12,iTLS-Enso,13223,03/11/2021, 03:10:38,404
SKGTLSE12,iTLS-Enso,13223,03/11/2021, 04:14:19,404
SKGTLSE12,iTLS-Enso,13223,03/11/2021, 05:10:48,404
SKGTLSE12,iTLS-Enso,13224,03/11/2021, 06:12:00,404
SKGTLSE12,iTLS-Enso,13224,03/11/2021, 07:10:50,404
SKGTLSE12,iTLS-Enso,13225,03/11/2021, 08:12:40,404
SKGTLSE12,iTLS-Enso,13225,03/11/2021, 09:11:32,404
SKGTLSE12,iTLS-Enso,13225,03/11/2021, 10:11:58,404
SKGTLSE12,iTLS-Enso,13225,03/11/2021, 11:10:05,404
SKGTLSE12,iTLS-Enso,13225,03/11/2021, 12:14:06,404
SKGTLSE12,iTLS-Enso,13226,03/11/2021, 13:19:58,404
SKGTLSE12,iTLS-Enso,13226,03/11/2021, 14:15:55,404
SKGTLSE12,iTLS-Enso,13226,03/11/2021, 15:15:09,404
SKGTLSE12,iTLS-Enso,13228,03/11/2021, 16:21:49,404
SKGTLSE12,iTLS-Enso,13230,03/11/2021, 17:33:51,404
SKGTLSE12,iTLS-Enso,13230,03/11/2021, 18:18:51,404
SKGTLSE12,iTLS-Enso,13230,03/11/2021, 19:13:03,404
SKGTLSE12,iTLS-Enso,13230,03/11/2021, 20:11:28,404
SKGTLSE12,iTLS-Enso,13230,03/11/2021, 21:09:55,404
SKGTLSE12,iTLS-Enso,13230,03/11/2021, 22:11:28,404
SKGTLSE12,iTLS-Enso,13230,03/11/2021, 23:10:56,404
SKGTLSE12,iTLS-Enso,13230,03/12/2021, 00:26:09,404
SKGTLSE12,iTLS-Enso,13230,03/12/2021, 01:43:01,404
SKGTLSE12,iTLS-Enso,13230,03/12/2021, 02:26:56,404
SKGTLSE12,iTLS-Enso,13230,03/12/2021, 03:11:58,404
SKGTLSE12,iTLS-Enso,13230,03/12/2021, 04:13:08,404
SKGTLSE12,iTLS-Enso,13230,03/12/2021, 05:11:26,404
SKGTLSE12,iTLS-Enso,13230,03/12/2021, 06:12:01,404
SKGTLSE12,iTLS-Enso,13230,03/12/2021, 07:09:39,404
SKGTLSE12,iTLS-Enso,13230,03/12/2021, 08:13:26,404
SKGTLSE12,iTLS-Enso,13230,03/12/2021, 09:14:50,404
SKGTLSE12,iTLS-Enso,13230,03/12/2021, 10:16:57,404
SKGTLSE12,iTLS-Enso,13230,03/12/2021, 11:14:58,404
SKGTLSE12,iTLS-Enso,13230,03/12/2021, 12:18:47,404
SKGTLSE12,iTLS-Enso,13231,03/12/2021, 13:18:53,404
SKGTLSE12,iTLS-Enso,13232,03/12/2021, 14:15:59,404
SKGTLSE12,iTLS-Enso,13232,03/12/2021, 15:15:04,404
SKGTLSE12,iTLS-Enso,13234,03/12/2021, 16:21:51,404
SKGTLSE12,iTLS-Enso,13234,03/12/2021, 17:29:05,404
SKGTLSE12,iTLS-Enso,13234,03/12/2021, 18:13:24,404
SKGTLSE12,iTLS-Enso,13235,03/12/2021, 19:27:47,404
SKGTLSE12,iTLS-Enso,13235,03/12/2021, 20:11:35,404
SKGTLSE12,iTLS-Enso,13235,03/12/2021, 21:09:18,404
SKGTLSE12,iTLS-Enso,13236,03/12/2021, 22:11:34,404
SKGTLSE12,iTLS-Enso,13236,03/12/2021, 23:11:09,404
SKGTLSE12,iTLS-Enso,13237,03/13/2021, 00:25:49,404
SKGTLSE12,iTLS-Enso,13237,03/13/2021, 01:41:34,404
SKGTLSE12,iTLS-Enso,13237,03/13/2021, 02:26:00,404
SKGTLSE12,iTLS-Enso,13237,03/13/2021, 03:11:17,404
SKGTLSE12,iTLS-Enso,13237,03/13/2021, 04:13:06,404
SKGTLSE12,iTLS-Enso,13238,03/13/2021, 05:10:46,404
SKGTLSE12,iTLS-Enso,13238,03/13/2021, 06:11:43,404
SKGTLSE12,iTLS-Enso,13238,03/13/2021, 07:09:53,404
SKGTLSE12,iTLS-Enso,13238,03/13/2021, 08:12:12,404
SKGTLSE12,iTLS-Enso,13239,03/13/2021, 09:10:55,404
SKGTLSE12,iTLS-Enso,13239,03/13/2021, 10:11:40,404
SKGTLSE12,iTLS-Enso,13239,03/13/2021, 11:10:08,404
SKGTLSE12,iTLS-Enso,13239,03/13/2021, 12:13:53,404
SKGTLSE12,iTLS-Enso,13239,03/13/2021, 13:13:37,404
SKGTLSE12,iTLS-Enso,13240,03/13/2021, 14:10:42,404
SKGTLSE12,iTLS-Enso,13240,03/13/2021, 15:10:16,404
SKGTLSE12,iTLS-Enso,13240,03/13/2021, 16:16:41,404
SKGTLSE12,iTLS-Enso,13241,03/13/2021, 17:28:23,404
SKGTLSE12,iTLS-Enso,13243,03/13/2021, 18:12:30,404
SKGTLSE12,iTLS-Enso,13243,03/13/2021, 19:07:34,404
SKGTLSE12,iTLS-Enso,13243,03/13/2021, 20:11:03,404
SKGTLSE12,iTLS-Enso,13244,03/13/2021, 21:09:33,404
SKGTLSE12,iTLS-Enso,13244,03/13/2021, 22:11:08,404
SKGTLSE12,iTLS-Enso,13244,03/13/2021, 23:10:55,404
SKGTLSE12,iTLS-Enso,13244,03/14/2021, 00:27:19,404
SKGTLSE12,iTLS-Enso,13245,03/14/2021, 01:45:09,404
SKGTLSE12,iTLS-Enso,13245,03/14/2021, 02:26:08,404
SKGTLSE12,iTLS-Enso,13246,03/14/2021, 03:11:27,404
SKGTLSE12,iTLS-Enso,13246,03/14/2021, 04:13:06,404
SKGTLSE12,iTLS-Enso,13246,03/14/2021, 05:10:56,404
SKGTLSE12,iTLS-Enso,13246,03/14/2021, 06:11:53,404
SKGTLSE12,iTLS-Enso,13246,03/14/2021, 07:10:09,404
SKGTLSE12,iTLS-Enso,13246,03/14/2021, 08:12:28,404
SKGTLSE12,iTLS-Enso,13246,03/14/2021, 09:11:13,404
SKGTLSE12,iTLS-Enso,13246,03/14/2021, 10:11:51,404
SKGTLSE12,iTLS-Enso,13247,03/14/2021, 11:10:04,404
SKGTLSE12,iTLS-Enso,13247,03/14/2021, 12:13:56,404
SKGTLSE12,iTLS-Enso,13247,03/14/2021, 13:13:35,404
SKGTLSE12,iTLS-Enso,13247,03/14/2021, 14:10:48,404
SKGTLSE12,iTLS-Enso,13248,03/14/2021, 15:10:30,404
SKGTLSE12,iTLS-Enso,13248,03/14/2021, 16:16:37,404
SKGTLSE12,iTLS-Enso,13249,03/14/2021, 17:28:11,404
SKGTLSE12,iTLS-Enso,13249,03/14/2021, 18:11:20,404
SKGTLSE12,iTLS-Enso,13251,03/14/2021, 19:08:02,404
SKGTLSE12,iTLS-Enso,13252,03/14/2021, 20:11:02,404
SKGTLSE12,iTLS-Enso,13252,03/14/2021, 21:09:26,404
SKGTLSE12,iTLS-Enso,13254,03/14/2021, 22:11:17,404
SKGTLSE12,iTLS-Enso,13254,03/14/2021, 23:10:33,404
SKGTLSE12,iTLS-Enso,13254,03/15/2021, 00:26:23,404
SKGTLSE12,iTLS-Enso,13254,03/15/2021, 01:43:29,404
SKGTLSE12,iTLS-Enso,13254,03/15/2021, 02:26:41,404
SKGTLSE12,iTLS-Enso,13254,03/15/2021, 03:11:12,404
SKGTLSE12,iTLS-Enso,13255,03/15/2021, 04:13:15,404
SKGTLSE12,iTLS-Enso,13255,03/15/2021, 05:10:29,404
SKGTLSE12,iTLS-Enso,13255,03/15/2021, 06:11:49,404
SKGTLSE12,iTLS-Enso,13255,03/15/2021, 07:09:44,404
SKGTLSE12,iTLS-Enso,13255,03/15/2021, 08:13:05,404
SKGTLSE12,iTLS-Enso,13255,03/15/2021, 09:16:02,404
SKGTLSE12,iTLS-Enso,13255,03/15/2021, 10:16:59,404
SKGTLSE12,iTLS-Enso,13255,03/15/2021, 11:14:52,404
SKGTLSE12,iTLS-Enso,13255,03/15/2021, 12:18:55,404
SKGTLSE12,iTLS-Enso,13255,03/15/2021, 13:18:01,404
SKGTLSE12,iTLS-Enso,13255,03/15/2021, 14:15:55,404
SKGTLSE12,iTLS-Enso,13255,03/15/2021, 15:15:09,404
SKGTLSE12,iTLS-Enso,13256,03/15/2021, 16:22:04,404
SKGTLSE12,iTLS-Enso,13256,03/15/2021, 17:32:35,404
SKGTLSE12,iTLS-Enso,13257,03/15/2021, 18:16:04,404
SKGTLSE12,iTLS-Enso,13257,03/15/2021, 19:13:06,404
SKGTLSE12,iTLS-Enso,13257,03/15/2021, 21:28:20,404
SKGTLSE12,iTLS-Enso,13257,03/15/2021, 22:21:40,404
SKGTLSE12,iTLS-Enso,13257,03/15/2021, 23:16:11,404
SKGTLSE12,iTLS-Enso,13257,03/16/2021, 00:25:33,404
SKGTLSE12,iTLS-Enso,13259,03/16/2021, 01:41:43,404
SKGTLSE12,iTLS-Enso,13259,03/16/2021, 02:25:59,404
SKGTLSE12,iTLS-Enso,13259,03/16/2021, 03:10:25,404
SKGTLSE12,iTLS-Enso,13259,03/16/2021, 04:13:09,404
SKGTLSE12,iTLS-Enso,13259,03/16/2021, 05:10:39,404
SKGTLSE12,iTLS-Enso,13259,03/16/2021, 06:11:38,404
SKGTLSE12,iTLS-Enso,13259,03/16/2021, 07:09:39,404
SKGTLSE12,iTLS-Enso,13260,03/16/2021, 08:12:25,404
SKGTLSE12,iTLS-Enso,13260,03/16/2021, 09:09:55,404
SKGTLSE12,iTLS-Enso,13260,03/16/2021, 10:12:21,404
SKGTLSE12,iTLS-Enso,13263,03/16/2021, 11:10:11,404
SKGTLSE12,iTLS-Enso,13263,03/16/2021, 12:18:55,404
SKGTLSE12,iTLS-Enso,13263,03/16/2021, 13:19:03,404
SKGTLSE12,iTLS-Enso,13263,03/16/2021, 14:16:09,404
SKGTLSE12,iTLS-Enso,13264,03/16/2021, 15:16:24,404
SKGTLSE12,iTLS-Enso,13265,03/16/2021, 16:21:49,404
SKGTLSE12,iTLS-Enso,13265,03/16/2021, 17:29:08,404
SKGTLSE12,iTLS-Enso,13266,03/16/2021, 18:13:13,404
SKGTLSE12,iTLS-Enso,13270,03/16/2021, 19:08:33,404
SKGTLSE12,iTLS-Enso,13270,03/16/2021, 20:11:22,404
SKGTLSE12,iTLS-Enso,13270,03/16/2021, 21:09:56,404
SKGTLSE12,iTLS-Enso,13270,03/16/2021, 22:11:40,404
SKGTLSE12,iTLS-Enso,13271,03/16/2021, 23:10:42,404
SKGTLSE12,iTLS-Enso,13271,03/17/2021, 00:26:23,404
SKGTLSE12,iTLS-Enso,13271,03/17/2021, 01:43:37,404
SKGTLSE12,iTLS-Enso,13271,03/17/2021, 02:27:54,404
SKGTLSE12,iTLS-Enso,13271,03/17/2021, 03:12:14,404
SKGTLSE12,iTLS-Enso,13272,03/17/2021, 04:13:04,404
SKGTLSE12,iTLS-Enso,13272,03/17/2021, 05:11:13,404
SKGTLSE12,iTLS-Enso,13272,03/17/2021, 06:11:59,404
SKGTLSE12,iTLS-Enso,13273,03/17/2021, 07:09:47,404
SKGTLSE12,iTLS-Enso,13273,03/17/2021, 08:12:32,404
SKGTLSE12,iTLS-Enso,13273,03/17/2021, 09:11:17,404
SKGTLSE12,iTLS-Enso,13274,03/17/2021, 10:11:53,404
SKGTLSE12,iTLS-Enso,13274,03/17/2021, 11:10:15,404
SKGTLSE12,iTLS-Enso,13274,03/17/2021, 12:16:05,404
SKGTLSE12,iTLS-Enso,13274,03/17/2021, 13:18:58,404
SKGTLSE12,iTLS-Enso,13276,03/17/2021, 14:16:21,404
SKGTLSE12,iTLS-Enso,13277,03/17/2021, 15:16:53,404
SKGTLSE12,iTLS-Enso,13277,03/17/2021, 16:22:20,404
SKGTLSE12,iTLS-Enso,13277,03/17/2021, 17:28:26,404
SKGTLSE12,iTLS-Enso,13278,03/17/2021, 18:12:25,404
SKGTLSE12,iTLS-Enso,13280,03/17/2021, 19:07:49,404
SKGTLSE12,iTLS-Enso,13281,03/17/2021, 20:11:34,404
SKGTLSE12,iTLS-Enso,13282,03/17/2021, 21:09:59,404
SKGTLSE12,iTLS-Enso,13282,03/17/2021, 22:11:49,404
SKGTLSE12,iTLS-Enso,13282,03/17/2021, 23:10:52,404
SKGTLSE12,iTLS-Enso,13282,03/18/2021, 00:26:15,404
SKGTLSE12,iTLS-Enso,13284,03/18/2021, 01:43:43,404
SKGTLSE12,iTLS-Enso,13284,03/18/2021, 02:27:07,404
SKGTLSE12,iTLS-Enso,13284,03/18/2021, 03:11:01,404
SKGTLSE12,iTLS-Enso,13284,03/18/2021, 04:13:19,404
SKGTLSE12,iTLS-Enso,13285,03/18/2021, 05:11:38,404
SKGTLSE12,iTLS-Enso,13285,03/18/2021, 06:12:14,404
SKGTLSE12,iTLS-Enso,13285,03/18/2021, 07:09:25,404
SKGTLSE12,iTLS-Enso,13285,03/18/2021, 08:12:47,404
SKGTLSE12,iTLS-Enso,13285,03/18/2021, 09:16:04,404
SKGTLSE12,iTLS-Enso,13285,03/18/2021, 10:17:01,404
SKGTLSE12,iTLS-Enso,13285,03/18/2021, 11:14:52,404
SKGTLSE12,iTLS-Enso,13285,03/18/2021, 12:18:19,404
SKGTLSE12,iTLS-Enso,13285,03/18/2021, 13:18:55,404
SKGTLSE12,iTLS-Enso,13285,03/18/2021, 14:15:54,404
SKGTLSE12,iTLS-Enso,13286,03/18/2021, 15:10:43,404
SKGTLSE12,iTLS-Enso,13286,03/18/2021, 16:17:09,404
SKGTLSE12,iTLS-Enso,13286,03/18/2021, 17:29:19,404
SKGTLSE12,iTLS-Enso,13286,03/18/2021, 18:13:16,404
SKGTLSE12,iTLS-Enso,13286,03/18/2021, 19:08:04,404
SKGTLSE12,iTLS-Enso,13286,03/18/2021, 20:11:28,404
SKGTLSE12,iTLS-Enso,13286,03/18/2021, 21:10:07,404
SKGTLSE12,iTLS-Enso,13286,03/18/2021, 22:11:44,404
SKGTLSE12,iTLS-Enso,13286,03/18/2021, 23:11:00,404
SKGTLSE12,iTLS-Enso,13289,03/19/2021, 00:26:50,404
SKGTLSE12,iTLS-Enso,13290,03/19/2021, 01:45:00,404
SKGTLSE12,iTLS-Enso,13290,03/19/2021, 02:28:29,404
SKGTLSE12,iTLS-Enso,13290,03/19/2021, 03:13:09,404
SKGTLSE12,iTLS-Enso,13291,03/19/2021, 04:13:20,404
SKGTLSE12,iTLS-Enso,13292,03/19/2021, 05:11:49,404
SKGTLSE12,iTLS-Enso,13294,03/19/2021, 06:12:01,404
SKGTLSE12,iTLS-Enso,13294,03/19/2021, 07:09:35,404
SKGTLSE12,iTLS-Enso,13294,03/19/2021, 08:13:43,404
SKGTLSE12,iTLS-Enso,13295,03/19/2021, 09:11:11,404
SKGTLSE12,iTLS-Enso,13296,03/19/2021, 10:16:52,404
SKGTLSE12,iTLS-Enso,13297,03/19/2021, 11:11:41,404
SKGTLSE12,iTLS-Enso,13297,03/19/2021, 12:14:34,404
SKGTLSE12,iTLS-Enso,13297,03/19/2021, 13:20:05,404
SKGTLSE12,iTLS-Enso,13299,03/19/2021, 14:15:56,404
SKGTLSE12,iTLS-Enso,13299,03/19/2021, 15:15:58,404
SKGTLSE12,iTLS-Enso,13300,03/19/2021, 16:17:39,404
SKGTLSE12,iTLS-Enso,13300,03/19/2021, 17:30:35,404
SKGTLSE12,iTLS-Enso,13300,03/19/2021, 18:14:34,404
SKGTLSE12,iTLS-Enso,13300,03/19/2021, 19:08:44,404
SKGTLSE12,iTLS-Enso,13302,03/19/2021, 20:11:31,404
SKGTLSE12,iTLS-Enso,13303,03/19/2021, 21:10:07,404
SKGTLSE12,iTLS-Enso,13303,03/19/2021, 22:11:53,404
SKGTLSE12,iTLS-Enso,13303,03/19/2021, 23:10:59,404
SKGTLSE12,iTLS-Enso,13303,03/20/2021, 00:26:13,404
SKGTLSE12,iTLS-Enso,13303,03/20/2021, 01:43:46,404
SKGTLSE12,iTLS-Enso,13303,03/20/2021, 02:28:17,404
SKGTLSE12,iTLS-Enso,13303,03/20/2021, 03:12:59,404
SKGTLSE12,iTLS-Enso,13303,03/20/2021, 04:13:26,404
SKGTLSE12,iTLS-Enso,13303,03/20/2021, 05:12:09,404
SKGTLSE12,iTLS-Enso,13303,03/20/2021, 06:11:38,404
SKGTLSE12,iTLS-Enso,13303,03/20/2021, 07:10:03,404
SKGTLSE12,iTLS-Enso,13303,03/20/2021, 08:12:29,404
SKGTLSE12,iTLS-Enso,13304,03/20/2021, 09:11:30,404
SKGTLSE12,iTLS-Enso,13304,03/20/2021, 10:12:08,404
SKGTLSE12,iTLS-Enso,13304,03/20/2021, 11:10:06,404
SKGTLSE12,iTLS-Enso,13304,03/20/2021, 12:14:21,404
SKGTLSE12,iTLS-Enso,13304,03/20/2021, 13:14:07,404
SKGTLSE12,iTLS-Enso,13307,03/20/2021, 14:10:54,404
SKGTLSE12,iTLS-Enso,13307,03/20/2021, 15:10:42,404
SKGTLSE12,iTLS-Enso,13307,03/20/2021, 16:17:38,404
SKGTLSE12,iTLS-Enso,13307,03/20/2021, 17:31:20,404
SKGTLSE12,iTLS-Enso,13308,03/20/2021, 18:14:30,404
SKGTLSE12,iTLS-Enso,13308,03/20/2021, 19:08:09,404
SKGTLSE12,iTLS-Enso,13309,03/20/2021, 20:11:20,404
SKGTLSE12,iTLS-Enso,13309,03/20/2021, 21:10:06,404
SKGTLSE12,iTLS-Enso,13309,03/20/2021, 22:11:38,404
SKGTLSE12,iTLS-Enso,13309,03/20/2021, 23:10:59,404
SKGTLSE12,iTLS-Enso,13310,03/21/2021, 00:28:00,404
SKGTLSE12,iTLS-Enso,13310,03/21/2021, 01:47:44,404
SKGTLSE12,iTLS-Enso,13310,03/21/2021, 02:28:16,404
SKGTLSE12,iTLS-Enso,13310,03/21/2021, 03:12:33,404
SKGTLSE12,iTLS-Enso,13311,03/21/2021, 04:13:24,404
SKGTLSE12,iTLS-Enso,13312,03/21/2021, 05:12:50,404
SKGTLSE12,iTLS-Enso,13314,03/21/2021, 06:11:35,404
SKGTLSE12,iTLS-Enso,13314,03/21/2021, 07:10:02,404
SKGTLSE12,iTLS-Enso,13314,03/21/2021, 08:12:39,404
SKGTLSE12,iTLS-Enso,13314,03/21/2021, 09:11:31,404
SKGTLSE12,iTLS-Enso,13314,03/21/2021, 10:12:02,404
SKGTLSE12,iTLS-Enso,13315,03/21/2021, 11:15:26,404
SKGTLSE12,iTLS-Enso,13315,03/21/2021, 12:18:56,404
SKGTLSE12,iTLS-Enso,13316,03/21/2021, 13:14:54,404
SKGTLSE12,iTLS-Enso,13316,03/21/2021, 14:11:03,404
SKGTLSE12,iTLS-Enso,13317,03/21/2021, 15:11:00,404
SKGTLSE12,iTLS-Enso,13318,03/21/2021, 16:17:38,404
SKGTLSE12,iTLS-Enso,13318,03/21/2021, 17:31:57,404
SKGTLSE12,iTLS-Enso,13318,03/21/2021, 18:19:53,404
SKGTLSE12,iTLS-Enso,13318,03/21/2021, 19:12:50,404
SKGTLSE12,iTLS-Enso,13318,03/21/2021, 20:12:03,404
SKGTLSE12,iTLS-Enso,13320,03/21/2021, 21:09:45,404
SKGTLSE12,iTLS-Enso,13321,03/21/2021, 22:11:49,404
SKGTLSE12,iTLS-Enso,13321,03/21/2021, 23:11:11,404
SKGTLSE12,iTLS-Enso,13321,03/22/2021, 00:26:54,404
SKGTLSE12,iTLS-Enso,13321,03/22/2021, 01:46:50,404
SKGTLSE12,iTLS-Enso,13321,03/22/2021, 02:31:22,404
SKGTLSE12,iTLS-Enso,13321,03/22/2021, 03:18:51,404
SKGTLSE12,iTLS-Enso,13323,03/22/2021, 04:17:54,404
SKGTLSE12,iTLS-Enso,13323,03/22/2021, 05:18:47,404
SKGTLSE12,iTLS-Enso,13323,03/22/2021, 06:16:50,404
SKGTLSE12,iTLS-Enso,13323,03/22/2021, 07:14:52,404
SKGTLSE12,iTLS-Enso,13323,03/22/2021, 08:17:54,404
SKGTLSE12,iTLS-Enso,13323,03/22/2021, 09:16:05,404
SKGTLSE12,iTLS-Enso,13323,03/22/2021, 10:16:57,404
SKGTLSE12,iTLS-Enso,13323,03/22/2021, 11:10:11,404
SKGTLSE12,iTLS-Enso,13323,03/22/2021, 12:14:53,404
SKGTLSE12,iTLS-Enso,13323,03/22/2021, 13:17:25,404
SKGTLSE12,iTLS-Enso,13323,03/22/2021, 14:11:05,404
SKGTLSE12,iTLS-Enso,13323,03/22/2021, 15:11:01,404
SKGTLSE12,iTLS-Enso,13324,03/22/2021, 16:18:04,404
SKGTLSE12,iTLS-Enso,13326,03/22/2021, 17:32:26,404
SKGTLSE12,iTLS-Enso,13326,03/22/2021, 18:15:51,404
SKGTLSE12,iTLS-Enso,13326,03/22/2021, 19:09:45,404
SKGTLSE12,iTLS-Enso,13326,03/22/2021, 20:12:04,404
SKGTLSE12,iTLS-Enso,13327,03/22/2021, 21:10:20,404
SKGTLSE12,iTLS-Enso,13328,03/22/2021, 22:12:24,404
SKGTLSE12,iTLS-Enso,13328,03/22/2021, 23:11:07,404
SKGTLSE12,iTLS-Enso,13328,03/23/2021, 00:26:31,404
SKGTLSE12,iTLS-Enso,13328,03/23/2021, 01:46:05,404
SKGTLSE12,iTLS-Enso,13328,03/23/2021, 02:30:05,404
SKGTLSE12,iTLS-Enso,13328,03/23/2021, 03:14:29,404
SKGTLSE12,iTLS-Enso,13328,03/23/2021, 04:13:08,404
SKGTLSE12,iTLS-Enso,13328,03/23/2021, 05:13:32,404
SKGTLSE12,iTLS-Enso,13328,03/23/2021, 06:12:03,404
SKGTLSE12,iTLS-Enso,13328,03/23/2021, 07:10:28,404
SKGTLSE12,iTLS-Enso,13328,03/23/2021, 08:13:22,404
SKGTLSE12,iTLS-Enso,13328,03/23/2021, 09:11:40,404
SKGTLSE12,iTLS-Enso,13328,03/23/2021, 10:12:02,404
SKGTLSE12,iTLS-Enso,13328,03/23/2021, 11:10:16,404
SKGTLSE12,iTLS-Enso,13328,03/23/2021, 12:19:58,404
SKGTLSE12,iTLS-Enso,13328,03/23/2021, 13:22:53,404
SKGTLSE12,iTLS-Enso,13328,03/23/2021, 14:16:06,404
SKGTLSE12,iTLS-Enso,13328,03/23/2021, 15:11:43,404
SKGTLSE12,iTLS-Enso,13328,03/23/2021, 16:16:59,404
SKGTLSE12,iTLS-Enso,13328,03/23/2021, 17:34:37,404
SKGTLSE12,iTLS-Enso,13328,03/23/2021, 18:14:37,404
SKGTLSE12,iTLS-Enso,13328,03/23/2021, 19:09:32,404
SKGTLSE12,iTLS-Enso,13329,03/23/2021, 20:12:21,404
SKGTLSE12,iTLS-Enso,13329,03/23/2021, 21:10:15,404
SKGTLSE12,iTLS-Enso,13330,03/23/2021, 22:12:25,404
SKGTLSE12,iTLS-Enso,13330,03/23/2021, 23:11:53,404
SKGTLSE12,iTLS-Enso,13330,03/24/2021, 00:26:56,404
SKGTLSE12,iTLS-Enso,13331,03/24/2021, 01:47:46,404
SKGTLSE12,iTLS-Enso,13331,03/24/2021, 02:31:04,404
SKGTLSE12,iTLS-Enso,13331,03/24/2021, 03:14:35,404
SKGTLSE12,iTLS-Enso,13331,03/24/2021, 04:23:06,404
SKGTLSE12,iTLS-Enso,13331,03/24/2021, 05:28:25,404
SKGTLSE12,iTLS-Enso,13331,03/24/2021, 06:20:03,404
SKGTLSE12,iTLS-Enso,13331,03/24/2021, 07:23:31,404
SKGTLSE12,iTLS-Enso,13331,03/24/2021, 08:21:32,404
SKGTLSE12,iTLS-Enso,13331,03/24/2021, 09:27:10,404
SKGTLSE12,iTLS-Enso,13332,03/24/2021, 10:27:18,404
SKGTLSE12,iTLS-Enso,13332,03/24/2021, 11:24:08,404
SKGTLSE12,iTLS-Enso,13335,03/24/2021, 12:30:59,404
SKGTLSE12,iTLS-Enso,13336,03/24/2021, 13:31:09,404
SKGTLSE12,iTLS-Enso,13336,03/24/2021, 14:18:28,404
SKGTLSE12,iTLS-Enso,13336,03/24/2021, 15:18:31,404
SKGTLSE12,iTLS-Enso,13336,03/24/2021, 16:35:14,404
SKGTLSE12,iTLS-Enso,13338,03/24/2021, 18:00:16,404
SKGTLSE12,iTLS-Enso,13338,03/24/2021, 18:46:59,404
SKGTLSE12,iTLS-Enso,13340,03/24/2021, 19:26:05,404
SKGTLSE12,iTLS-Enso,13340,03/24/2021, 20:19:18,404
SKGTLSE12,iTLS-Enso,13340,03/24/2021, 21:16:26,404
SKGTLSE12,iTLS-Enso,13340,03/24/2021, 22:18:36,404
SKGTLSE12,iTLS-Enso,13340,03/24/2021, 23:21:00,404
SKGTLSE12,iTLS-Enso,13342,03/25/2021, 00:56:53,404
SKGTLSE12,iTLS-Enso,13343,03/25/2021, 02:27:34,404
SKGTLSE12,iTLS-Enso,13345,03/25/2021, 03:29:26,404
SKGTLSE12,iTLS-Enso,13345,03/25/2021, 04:26:09,404
SKGTLSE12,iTLS-Enso,13347,03/25/2021, 05:27:16,404
SKGTLSE12,iTLS-Enso,13347,03/25/2021, 06:19:36,404
SKGTLSE12,iTLS-Enso,13347,03/25/2021, 07:18:02,404
SKGTLSE12,iTLS-Enso,13347,03/25/2021, 08:19:52,404
SKGTLSE12,iTLS-Enso,13349,03/25/2021, 09:17:47,404
SKGTLSE12,iTLS-Enso,13349,03/25/2021, 10:18:10,404
SKGTLSE12,iTLS-Enso,13350,03/25/2021, 11:10:39,404
SKGTLSE12,iTLS-Enso,13350,03/25/2021, 12:17:59,404
SKGTLSE12,iTLS-Enso,13350,03/25/2021, 13:22:17,404
SKGTLSE12,iTLS-Enso,13350,03/25/2021, 14:18:19,404
SKGTLSE12,iTLS-Enso,13350,03/25/2021, 15:19:41,404
SKGTLSE12,iTLS-Enso,13350,03/25/2021, 16:20:57,404
SKGTLSE12,iTLS-Enso,13351,03/25/2021, 17:26:22,404
SKGTLSE12,iTLS-Enso,13354,03/25/2021, 18:31:00,404
SKGTLSE12,iTLS-Enso,13355,03/25/2021, 19:25:20,404
SKGTLSE12,iTLS-Enso,13356,03/25/2021, 20:14:53,404
SKGTLSE12,iTLS-Enso,13357,03/25/2021, 21:13:48,404
SKGTLSE12,iTLS-Enso,13357,03/25/2021, 22:15:07,404
SKGTLSE12,iTLS-Enso,13358,03/25/2021, 23:16:35,404
SKGTLSE12,iTLS-Enso,13359,03/26/2021, 00:37:42,404
SKGTLSE12,iTLS-Enso,13361,03/26/2021, 01:39:06,404
SKGTLSE12,iTLS-Enso,13361,03/26/2021, 02:40:05,404
SKGTLSE12,iTLS-Enso,13361,03/26/2021, 03:27:30,404
SKGTLSE12,iTLS-Enso,13361,03/26/2021, 04:26:30,404
SKGTLSE12,iTLS-Enso,13362,03/26/2021, 05:23:35,404
SKGTLSE12,iTLS-Enso,13362,03/26/2021, 06:17:08,404
SKGTLSE12,iTLS-Enso,13362,03/26/2021, 07:16:35,404
SKGTLSE12,iTLS-Enso,13363,03/26/2021, 08:17:17,404
SKGTLSE12,iTLS-Enso,13364,03/26/2021, 09:17:56,404
SKGTLSE12,iTLS-Enso,13364,03/26/2021, 10:16:46,404
SKGTLSE12,iTLS-Enso,13364,03/26/2021, 11:13:04,404
SKGTLSE12,iTLS-Enso,13364,03/26/2021, 12:20:38,404
SKGTLSE12,iTLS-Enso,13365,03/26/2021, 13:23:24,404
SKGTLSE12,iTLS-Enso,13365,03/26/2021, 14:15:25,404
SKGTLSE12,iTLS-Enso,13367,03/26/2021, 15:15:57,404
SKGTLSE12,iTLS-Enso,13367,03/26/2021, 16:26:09,404
SKGTLSE12,iTLS-Enso,13367,03/26/2021, 17:39:55,404
SKGTLSE12,iTLS-Enso,13367,03/26/2021, 18:26:31,404
SKGTLSE12,iTLS-Enso,13368,03/26/2021, 19:17:53,404
SKGTLSE12,iTLS-Enso,13368,03/26/2021, 20:16:10,404
SKGTLSE12,iTLS-Enso,13368,03/26/2021, 21:13:37,404
SKGTLSE12,iTLS-Enso,13368,03/26/2021, 22:14:19,404
SKGTLSE12,iTLS-Enso,13369,03/26/2021, 23:14:37,404
SKGTLSE12,iTLS-Enso,13371,03/27/2021, 00:42:23,404
SKGTLSE12,iTLS-Enso,13372,03/27/2021, 02:00:02,404
SKGTLSE12,iTLS-Enso,13373,03/27/2021, 02:44:55,404
SKGTLSE12,iTLS-Enso,13373,03/27/2021, 03:20:45,404
SKGTLSE12,iTLS-Enso,13373,03/27/2021, 04:19:18,404
SKGTLSE12,iTLS-Enso,13373,03/27/2021, 05:20:16,404
SKGTLSE12,iTLS-Enso,13373,03/27/2021, 06:17:23,404
SKGTLSE12,iTLS-Enso,13375,03/27/2021, 07:16:18,404
SKGTLSE12,iTLS-Enso,13376,03/27/2021, 08:16:54,404
SKGTLSE12,iTLS-Enso,13376,03/27/2021, 09:15:06,404
SKGTLSE12,iTLS-Enso,13376,03/27/2021, 10:15:17,404
SKGTLSE12,iTLS-Enso,13376,03/27/2021, 11:12:48,404
SKGTLSE12,iTLS-Enso,13376,03/27/2021, 12:20:31,404
SKGTLSE12,iTLS-Enso,13376,03/27/2021, 13:22:11,404
SKGTLSE12,iTLS-Enso,13376,03/27/2021, 14:14:23,404
SKGTLSE12,iTLS-Enso,13377,03/27/2021, 15:14:31,404
SKGTLSE12,iTLS-Enso,13377,03/27/2021, 16:24:12,404
SKGTLSE12,iTLS-Enso,13378,03/27/2021, 17:40:37,404
SKGTLSE12,iTLS-Enso,13378,03/27/2021, 18:27:52,404
SKGTLSE12,iTLS-Enso,13378,03/27/2021, 19:17:19,404
SKGTLSE12,iTLS-Enso,13379,03/27/2021, 20:15:56,404
SKGTLSE12,iTLS-Enso,13379,03/27/2021, 21:13:31,404
SKGTLSE12,iTLS-Enso,13379,03/27/2021, 22:15:29,404
SKGTLSE12,iTLS-Enso,13379,03/27/2021, 23:14:29,404
SKGTLSE12,iTLS-Enso,13379,03/28/2021, 00:43:39,404
SKGTLSE12,iTLS-Enso,13380,03/28/2021, 02:00:08,404
SKGTLSE12,iTLS-Enso,13380,03/28/2021, 02:45:38,404
SKGTLSE12,iTLS-Enso,13380,03/28/2021, 03:22:08,404
SKGTLSE12,iTLS-Enso,13380,03/28/2021, 04:20:31,404
SKGTLSE12,iTLS-Enso,13380,03/28/2021, 05:21:52,404
SKGTLSE12,iTLS-Enso,13380,03/28/2021, 06:17:15,404
SKGTLSE12,iTLS-Enso,13381,03/28/2021, 07:16:33,404
SKGTLSE12,iTLS-Enso,13381,03/28/2021, 08:17:08,404
SKGTLSE12,iTLS-Enso,13381,03/28/2021, 09:15:10,404
SKGTLSE12,iTLS-Enso,13382,03/28/2021, 10:15:00,404
SKGTLSE12,iTLS-Enso,13382,03/28/2021, 11:12:59,404
SKGTLSE12,iTLS-Enso,13382,03/28/2021, 12:20:26,404
SKGTLSE12,iTLS-Enso,13382,03/28/2021, 13:22:28,404
SKGTLSE12,iTLS-Enso,13383,03/28/2021, 14:14:31,404
SKGTLSE12,iTLS-Enso,13384,03/28/2021, 15:14:49,404
SKGTLSE12,iTLS-Enso,13385,03/28/2021, 16:24:54,404
SKGTLSE12,iTLS-Enso,13386,03/28/2021, 17:41:10,404
SKGTLSE12,iTLS-Enso,13386,03/28/2021, 18:27:25,404
SKGTLSE12,iTLS-Enso,13386,03/28/2021, 19:17:57,404
SKGTLSE12,iTLS-Enso,13386,03/28/2021, 20:15:41,404
SKGTLSE12,iTLS-Enso,13386,03/28/2021, 21:13:37,404
SKGTLSE12,iTLS-Enso,13386,03/28/2021, 22:15:54,404
SKGTLSE12,iTLS-Enso,13387,03/28/2021, 23:14:38,404
SKGTLSE12,iTLS-Enso,13387,03/29/2021, 00:45:26,404
SKGTLSE12,iTLS-Enso,13387,03/29/2021, 02:03:08,404
SKGTLSE12,iTLS-Enso,13388,03/29/2021, 03:23:23,404
SKGTLSE12,iTLS-Enso,13388,03/29/2021, 04:20:50,404
SKGTLSE12,iTLS-Enso,13388,03/29/2021, 05:22:27,404
SKGTLSE12,iTLS-Enso,13388,03/29/2021, 06:18:09,404
SKGTLSE12,iTLS-Enso,13388,03/29/2021, 07:17:38,404
SKGTLSE12,iTLS-Enso,13388,03/29/2021, 09:43:57,404
SKGTLSE12,iTLS-Enso,13388,03/29/2021, 10:17:33,404
SKGTLSE12,iTLS-Enso,13388,03/29/2021, 11:13:30,404
SKGTLSE12,iTLS-Enso,13389,03/29/2021, 12:20:54,404
SKGTLSE12,iTLS-Enso,13389,03/29/2021, 13:24:15,404
SKGTLSE12,iTLS-Enso,13390,03/29/2021, 14:15:42,404
SKGTLSE12,iTLS-Enso,13390,03/29/2021, 15:31:49,404
SKGTLSE12,iTLS-Enso,13390,03/29/2021, 16:26:54,404
SKGTLSE12,iTLS-Enso,13392,03/29/2021, 17:40:16,404
SKGTLSE12,iTLS-Enso,13393,03/29/2021, 18:23:51,404
SKGTLSE12,iTLS-Enso,13393,03/29/2021, 19:14:41,404
SKGTLSE12,iTLS-Enso,13395,03/29/2021, 20:16:22,404
SKGTLSE12,iTLS-Enso,13395,03/29/2021, 21:13:59,404
SKGTLSE12,iTLS-Enso,13395,03/29/2021, 22:16:36,404
SKGTLSE12,iTLS-Enso,13396,03/29/2021, 23:15:08,404
SKGTLSE12,iTLS-Enso,13396,03/30/2021, 00:42:41,404
SKGTLSE12,iTLS-Enso,13399,03/30/2021, 01:59:57,404
SKGTLSE12,iTLS-Enso,13399,03/30/2021, 02:44:53,404
SKGTLSE12,iTLS-Enso,13399,03/30/2021, 03:20:54,404
SKGTLSE12,iTLS-Enso,13399,03/30/2021, 04:18:35,404
SKGTLSE12,iTLS-Enso,13401,03/30/2021, 05:21:01,404
SKGTLSE12,iTLS-Enso,13401,03/30/2021, 06:17:47,404
SKGTLSE12,iTLS-Enso,13402,03/30/2021, 07:16:50,404
SKGTLSE12,iTLS-Enso,13402,03/30/2021, 08:18:02,404
SKGTLSE12,iTLS-Enso,13402,03/30/2021, 09:16:07,404
SKGTLSE12,iTLS-Enso,13402,03/30/2021, 10:15:49,404
SKGTLSE12,iTLS-Enso,13405,03/30/2021, 11:13:11,404
SKGTLSE12,iTLS-Enso,13405,03/30/2021, 12:21:44,404
SKGTLSE12,iTLS-Enso,13405,03/30/2021, 13:23:29,404
SKGTLSE12,iTLS-Enso,13406,03/30/2021, 14:15:23,404
SKGTLSE12,iTLS-Enso,13406,03/30/2021, 15:15:37,404
SKGTLSE12,iTLS-Enso,13408,03/30/2021, 16:25:55,404
SKGTLSE12,iTLS-Enso,13408,03/30/2021, 17:42:37,404
SKGTLSE12,iTLS-Enso,13408,03/30/2021, 18:29:33,404
SKGTLSE12,iTLS-Enso,13408,03/30/2021, 19:18:42,404
SKGTLSE12,iTLS-Enso,13408,03/30/2021, 20:15:58,404
SKGTLSE12,iTLS-Enso,13409,03/30/2021, 21:13:55,404
SKGTLSE12,iTLS-Enso,13409,03/30/2021, 22:16:32,404
SKGTLSE12,iTLS-Enso,13410,03/30/2021, 23:15:17,404
SKGTLSE12,iTLS-Enso,13411,03/31/2021, 00:40:04,404
SKGTLSE12,iTLS-Enso,13411,03/31/2021, 01:58:39,404
SKGTLSE12,iTLS-Enso,13411,03/31/2021, 02:43:32,404
SKGTLSE12,iTLS-Enso,13413,03/31/2021, 03:20:35,404
SKGTLSE12,iTLS-Enso,13413,03/31/2021, 04:19:55,404
SKGTLSE12,iTLS-Enso,13415,03/31/2021, 05:17:28,404
SKGTLSE12,iTLS-Enso,13415,03/31/2021, 06:17:50,404
SKGTLSE12,iTLS-Enso,13415,03/31/2021, 07:17:33,404
SKGTLSE12,iTLS-Enso,13415,03/31/2021, 08:17:36,404
SKGTLSE12,iTLS-Enso,13417,03/31/2021, 09:15:43,404
SKGTLSE12,iTLS-Enso,13419,03/31/2021, 10:16:01,404
SKGTLSE12,iTLS-Enso,13419,03/31/2021, 11:13:12,404
SKGTLSE12,iTLS-Enso,13419,03/31/2021, 12:20:57,404
SKGTLSE12,iTLS-Enso,13419,03/31/2021, 13:23:01,404
SKGTLSE12,iTLS-Enso,13419,03/31/2021, 14:15:17,404
SKGTLSE12,iTLS-Enso,13420,03/31/2021, 15:15:37,404
SKGTLSE12,iTLS-Enso,13420,03/31/2021, 16:26:18,404
SKGTLSE12,iTLS-Enso,13422,03/31/2021, 17:42:00,404
SKGTLSE12,iTLS-Enso,13422,03/31/2021, 18:28:09,404
SKGTLSE12,iTLS-Enso,13422,03/31/2021, 19:17:07,404
SKGTLSE12,iTLS-Enso,13422,03/31/2021, 20:16:32,404
SKGTLSE12,iTLS-Enso,13422,03/31/2021, 21:14:19,404
SKGTLSE12,iTLS-Enso,13422,03/31/2021, 22:16:40,404
SKGTLSE12,iTLS-Enso,13422,03/31/2021, 23:15:18,404
SKGTLSE12,iTLS-Enso,13422,04/01/2021, 00:44:32,404
SKGTLSE12,iTLS-Enso,13422,04/01/2021, 02:07:20,404
SKGTLSE12,iTLS-Enso,13422,04/01/2021, 03:22:21,404
SKGTLSE12,iTLS-Enso,13422,04/01/2021, 04:18:50,404
SKGTLSE12,iTLS-Enso,13423,04/01/2021, 05:21:48,404
SKGTLSE12,iTLS-Enso,13424,04/01/2021, 06:17:45,404
SKGTLSE12,iTLS-Enso,13425,04/01/2021, 07:16:48,404
SKGTLSE12,iTLS-Enso,13425,04/01/2021, 08:22:47,404
SKGTLSE12,iTLS-Enso,13425,04/01/2021, 09:16:30,404
SKGTLSE12,iTLS-Enso,13426,04/01/2021, 10:16:09,404
SKGTLSE12,iTLS-Enso,13426,04/01/2021, 11:13:26,404
SKGTLSE12,iTLS-Enso,13427,04/01/2021, 12:21:10,404
SKGTLSE12,iTLS-Enso,13427,04/01/2021, 13:23:42,404
SKGTLSE12,iTLS-Enso,13427,04/01/2021, 14:23:35,404
SKGTLSE12,iTLS-Enso,13427,04/01/2021, 15:21:43,404
SKGTLSE12,iTLS-Enso,13428,04/01/2021, 16:26:46,404
SKGTLSE12,iTLS-Enso,13428,04/01/2021, 17:44:31,404
SKGTLSE12,iTLS-Enso,13428,04/01/2021, 18:30:37,404
SKGTLSE12,iTLS-Enso,13428,04/01/2021, 19:19:51,404
SKGTLSE12,iTLS-Enso,13429,04/01/2021, 20:16:23,404
SKGTLSE12,iTLS-Enso,13429,04/01/2021, 21:14:33,404
SKGTLSE12,iTLS-Enso,13430,04/01/2021, 22:41:16,404
SKGTLSE12,iTLS-Enso,13430,04/01/2021, 23:28:02,404
SKGTLSE12,iTLS-Enso,13430,04/02/2021, 00:52:15,404
SKGTLSE12,iTLS-Enso,13431,04/02/2021, 02:13:33,404
SKGTLSE12,iTLS-Enso,13431,04/02/2021, 03:23:54,404
SKGTLSE12,iTLS-Enso,13432,04/02/2021, 04:21:53,404
SKGTLSE12,iTLS-Enso,13433,04/02/2021, 05:22:08,404
SKGTLSE12,iTLS-Enso,13433,04/02/2021, 06:17:48,404
SKGTLSE12,iTLS-Enso,13433,04/02/2021, 07:18:31,404
SKGTLSE12,iTLS-Enso,13433,04/02/2021, 08:18:37,404
SKGTLSE12,iTLS-Enso,13433,04/02/2021, 09:17:02,404
SKGTLSE12,iTLS-Enso,13433,04/02/2021, 10:16:20,404
SKGTLSE12,iTLS-Enso,13434,04/02/2021, 11:13:01,404
SKGTLSE12,iTLS-Enso,13434,04/02/2021, 12:21:05,404
SKGTLSE12,iTLS-Enso,13436,04/02/2021, 13:23:08,404
SKGTLSE12,iTLS-Enso,13436,04/02/2021, 14:15:25,404
SKGTLSE12,iTLS-Enso,13437,04/02/2021, 15:15:27,404
SKGTLSE12,iTLS-Enso,13437,04/02/2021, 16:26:46,404
SKGTLSE12,iTLS-Enso,13438,04/02/2021, 17:44:01,404
SKGTLSE12,iTLS-Enso,13438,04/02/2021, 18:29:08,404
SKGTLSE12,iTLS-Enso,13438,04/02/2021, 19:18:48,404
SKGTLSE12,iTLS-Enso,13438,04/02/2021, 20:15:59,404
SKGTLSE12,iTLS-Enso,13439,04/02/2021, 21:13:43,404
SKGTLSE12,iTLS-Enso,13439,04/02/2021, 22:17:08,404
SKGTLSE12,iTLS-Enso,13439,04/02/2021, 23:16:17,404
SKGTLSE12,iTLS-Enso,13439,04/03/2021, 00:43:58,404
SKGTLSE12,iTLS-Enso,13440,04/03/2021, 02:02:30,404
SKGTLSE12,iTLS-Enso,13440,04/03/2021, 03:21:21,404
SKGTLSE12,iTLS-Enso,13440,04/03/2021, 04:19:14,404
SKGTLSE12,iTLS-Enso,13440,04/03/2021, 05:20:54,404
SKGTLSE12,iTLS-Enso,13440,04/03/2021, 06:18:02,404
SKGTLSE12,iTLS-Enso,13440,04/03/2021, 07:17:23,404
SKGTLSE12,iTLS-Enso,13441,04/03/2021, 08:16:56,404
SKGTLSE12,iTLS-Enso,13441,04/03/2021, 09:15:07,404
SKGTLSE12,iTLS-Enso,13441,04/03/2021, 11:13:08,404
SKGTLSE12,iTLS-Enso,13443,04/03/2021, 12:20:38,404
SKGTLSE12,iTLS-Enso,13443,04/03/2021, 13:21:53,404
SKGTLSE12,iTLS-Enso,13443,04/03/2021, 14:14:15,404
SKGTLSE12,iTLS-Enso,13443,04/03/2021, 15:14:37,404
SKGTLSE12,iTLS-Enso,13444,04/03/2021, 16:25:15,404
SKGTLSE12,iTLS-Enso,13445,04/03/2021, 17:41:59,404
SKGTLSE12,iTLS-Enso,13445,04/03/2021, 18:27:23,404
SKGTLSE12,iTLS-Enso,13445,04/03/2021, 19:17:41,404
SKGTLSE12,iTLS-Enso,13446,04/03/2021, 20:15:29,404
SKGTLSE12,iTLS-Enso,13446,04/03/2021, 21:13:26,404
SKGTLSE12,iTLS-Enso,13447,04/03/2021, 22:16:54,404
SKGTLSE12,iTLS-Enso,13447,04/03/2021, 23:15:51,404
SKGTLSE12,iTLS-Enso,13447,04/04/2021, 00:46:52,404
SKGTLSE12,iTLS-Enso,13448,04/04/2021, 02:06:12,404
SKGTLSE12,iTLS-Enso,13448,04/04/2021, 03:21:49,404
SKGTLSE12,iTLS-Enso,13448,04/04/2021, 04:19:51,404
SKGTLSE12,iTLS-Enso,13448,04/04/2021, 05:21:07,404
SKGTLSE12,iTLS-Enso,13448,04/04/2021, 06:18:03,404
SKGTLSE12,iTLS-Enso,13449,04/04/2021, 07:17:30,404
SKGTLSE12,iTLS-Enso,13449,04/04/2021, 08:16:47,404
SKGTLSE12,iTLS-Enso,13449,04/04/2021, 09:14:42,404
SKGTLSE12,iTLS-Enso,13450,04/04/2021, 10:15:19,404
SKGTLSE12,iTLS-Enso,13450,04/04/2021, 11:12:53,404
SKGTLSE12,iTLS-Enso,13450,04/04/2021, 12:20:45,404
SKGTLSE12,iTLS-Enso,13451,04/04/2021, 13:22:36,404
SKGTLSE12,iTLS-Enso,13452,04/04/2021, 14:14:19,404
SKGTLSE12,iTLS-Enso,13453,04/04/2021, 15:14:34,404
SKGTLSE12,iTLS-Enso,13453,04/04/2021, 16:25:34,404
SKGTLSE12,iTLS-Enso,13453,04/04/2021, 17:42:14,404
SKGTLSE12,iTLS-Enso,13454,04/04/2021, 18:27:34,404
SKGTLSE12,iTLS-Enso,13455,04/04/2021, 19:18:11,404
SKGTLSE12,iTLS-Enso,13456,04/04/2021, 20:15:19,404
SKGTLSE12,iTLS-Enso,13457,04/04/2021, 21:13:38,404
SKGTLSE12,iTLS-Enso,13458,04/04/2021, 22:16:38,404
SKGTLSE12,iTLS-Enso,13458,04/04/2021, 23:16:11,404
SKGTLSE12,iTLS-Enso,13458,04/05/2021, 00:47:40,404
SKGTLSE12,iTLS-Enso,13459,04/05/2021, 02:05:12,404
SKGTLSE12,iTLS-Enso,13460,04/05/2021, 03:22:00,404
SKGTLSE12,iTLS-Enso,13460,04/05/2021, 04:20:07,404
SKGTLSE12,iTLS-Enso,13460,04/05/2021, 05:21:50,404
SKGTLSE12,iTLS-Enso,13460,04/05/2021, 06:18:25,404
SKGTLSE12,iTLS-Enso,13461,04/05/2021, 07:17:45,404
SKGTLSE12,iTLS-Enso,13461,04/05/2021, 08:17:46,404
SKGTLSE12,iTLS-Enso,13461,04/05/2021, 09:16:11,404
SKGTLSE12,iTLS-Enso,13461,04/05/2021, 10:16:03,404
SKGTLSE12,iTLS-Enso,13462,04/05/2021, 11:13:09,404
SKGTLSE12,iTLS-Enso,13462,04/05/2021, 12:21:41,404
SKGTLSE12,iTLS-Enso,13462,04/05/2021, 13:23:54,404
SKGTLSE12,iTLS-Enso,13462,04/05/2021, 14:15:24,404
SKGTLSE12,iTLS-Enso,13463,04/05/2021, 15:15:33,404
SKGTLSE12,iTLS-Enso,13464,04/05/2021, 16:27:11,404
SKGTLSE12,iTLS-Enso,13465,04/05/2021, 17:42:49,404
SKGTLSE12,iTLS-Enso,13466,04/05/2021, 18:29:20,404
SKGTLSE12,iTLS-Enso,13466,04/05/2021, 19:19:05,404
SKGTLSE12,iTLS-Enso,13466,04/05/2021, 20:16:07,404
SKGTLSE12,iTLS-Enso,13467,04/05/2021, 21:13:42,404
SKGTLSE12,iTLS-Enso,13468,04/05/2021, 22:17:14,404
SKGTLSE12,iTLS-Enso,13468,04/05/2021, 23:16:54,404
SKGTLSE12,iTLS-Enso,13469,04/06/2021, 00:46:14,404
SKGTLSE12,iTLS-Enso,13469,04/06/2021, 02:06:36,404
SKGTLSE12,iTLS-Enso,13469,04/06/2021, 03:22:55,404
SKGTLSE12,iTLS-Enso,13469,04/06/2021, 04:20:02,404
SKGTLSE12,iTLS-Enso,13469,04/06/2021, 05:21:34,404
SKGTLSE12,iTLS-Enso,13470,04/06/2021, 06:18:38,404
SKGTLSE12,iTLS-Enso,13470,04/06/2021, 07:19:07,404
SKGTLSE12,iTLS-Enso,13470,04/06/2021, 08:15:22,404
SKGTLSE12,iTLS-Enso,13470,04/06/2021, 09:16:08,404
SKGTLSE12,iTLS-Enso,13470,04/06/2021, 10:15:56,404
SKGTLSE12,iTLS-Enso,13470,04/06/2021, 11:13:11,404
SKGTLSE12,iTLS-Enso,13470,04/06/2021, 12:19:19,404
SKGTLSE12,iTLS-Enso,13470,04/06/2021, 13:23:24,404
SKGTLSE12,iTLS-Enso,13470,04/06/2021, 14:15:39,404
SKGTLSE12,iTLS-Enso,13470,04/06/2021, 15:15:54,404
SKGTLSE12,iTLS-Enso,13472,04/06/2021, 16:26:54,404
SKGTLSE12,iTLS-Enso,13473,04/06/2021, 17:46:53,404
SKGTLSE12,iTLS-Enso,13473,04/06/2021, 18:31:15,404
SKGTLSE12,iTLS-Enso,13474,04/06/2021, 19:20:28,404
SKGTLSE12,iTLS-Enso,13475,04/06/2021, 20:15:59,404
SKGTLSE12,iTLS-Enso,13476,04/06/2021, 21:13:56,404
SKGTLSE12,iTLS-Enso,13478,04/06/2021, 22:15:17,404
SKGTLSE12,iTLS-Enso,13479,04/06/2021, 23:15:35,404
SKGTLSE12,iTLS-Enso,13479,04/07/2021, 00:45:09,404
SKGTLSE12,iTLS-Enso,13479,04/07/2021, 02:06:36,404
SKGTLSE12,iTLS-Enso,13480,04/07/2021, 03:23:06,404
SKGTLSE12,iTLS-Enso,13480,04/07/2021, 04:20:58,404
SKGTLSE12,iTLS-Enso,13480,04/07/2021, 05:21:51,404
SKGTLSE12,iTLS-Enso,13482,04/07/2021, 06:18:18,404
SKGTLSE12,iTLS-Enso,13483,04/07/2021, 07:16:58,404
SKGTLSE12,iTLS-Enso,13483,04/07/2021, 08:17:46,404
SKGTLSE12,iTLS-Enso,13483,04/07/2021, 09:15:43,404
SKGTLSE12,iTLS-Enso,13483,04/07/2021, 10:13:56,404
SKGTLSE12,iTLS-Enso,13483,04/07/2021, 11:13:16,404
SKGTLSE12,iTLS-Enso,13483,04/07/2021, 12:21:30,404
SKGTLSE12,iTLS-Enso,13484,04/07/2021, 13:23:54,404
SKGTLSE12,iTLS-Enso,13484,04/07/2021, 14:15:27,404
SKGTLSE12,iTLS-Enso,13484,04/07/2021, 15:15:55,404
SKGTLSE12,iTLS-Enso,13484,04/07/2021, 16:28:18,404
SKGTLSE12,iTLS-Enso,13484,04/07/2021, 17:44:38,404
SKGTLSE12,iTLS-Enso,13484,04/07/2021, 18:30:02,404
SKGTLSE12,iTLS-Enso,13485,04/07/2021, 19:19:01,404
SKGTLSE12,iTLS-Enso,13485,04/07/2021, 20:16:00,404
SKGTLSE12,iTLS-Enso,13487,04/07/2021, 21:12:57,404
SKGTLSE12,iTLS-Enso,13489,04/07/2021, 22:16:57,404
SKGTLSE12,iTLS-Enso,13491,04/07/2021, 23:17:25,404
SKGTLSE12,iTLS-Enso,13492,04/08/2021, 00:49:20,404
SKGTLSE12,iTLS-Enso,13492,04/08/2021, 02:09:14,404
SKGTLSE12,iTLS-Enso,13493,04/08/2021, 03:23:15,404
SKGTLSE12,iTLS-Enso,13493,04/08/2021, 04:20:50,404
SKGTLSE12,iTLS-Enso,13493,04/08/2021, 05:21:32,404
SKGTLSE12,iTLS-Enso,13493,04/08/2021, 06:17:59,404
SKGTLSE12,iTLS-Enso,13493,04/08/2021, 07:18:56,404
SKGTLSE12,iTLS-Enso,13493,04/08/2021, 08:22:06,404
SKGTLSE12,iTLS-Enso,13493,04/08/2021, 09:15:52,404
SKGTLSE12,iTLS-Enso,13494,04/08/2021, 10:15:36,404
SKGTLSE12,iTLS-Enso,13494,04/08/2021, 11:12:49,404
SKGTLSE12,iTLS-Enso,13494,04/08/2021, 12:21:17,404
SKGTLSE12,iTLS-Enso,13494,04/08/2021, 13:23:43,404
SKGTLSE12,iTLS-Enso,13494,04/08/2021, 14:15:06,404
SKGTLSE12,iTLS-Enso,13494,04/08/2021, 15:19:34,404
SKGTLSE12,iTLS-Enso,13495,04/08/2021, 16:27:24,404
SKGTLSE12,iTLS-Enso,13496,04/08/2021, 17:42:25,404
SKGTLSE12,iTLS-Enso,13496,04/08/2021, 18:28:34,404
SKGTLSE12,iTLS-Enso,13496,04/08/2021, 19:19:02,404
SKGTLSE12,iTLS-Enso,13498,04/08/2021, 20:15:44,404
SKGTLSE12,iTLS-Enso,13498,04/08/2021, 21:13:46,404
SKGTLSE12,iTLS-Enso,13499,04/08/2021, 22:17:07,404
SKGTLSE12,iTLS-Enso,13499,04/08/2021, 23:16:23,404
SKGTLSE12,iTLS-Enso,13499,04/09/2021, 00:43:01,404
SKGTLSE12,iTLS-Enso,13499,04/09/2021, 02:02:11,404
SKGTLSE12,iTLS-Enso,13500,04/09/2021, 03:15:26,404
SKGTLSE12,iTLS-Enso,13500,04/09/2021, 04:18:21,404
SKGTLSE12,iTLS-Enso,13500,04/09/2021, 05:20:01,404
SKGTLSE12,iTLS-Enso,13500,04/09/2021, 06:18:12,404
SKGTLSE12,iTLS-Enso,13500,04/09/2021, 07:18:31,404
SKGTLSE12,iTLS-Enso,13501,04/09/2021, 08:19:06,404
SKGTLSE12,iTLS-Enso,13502,04/09/2021, 09:16:54,404
SKGTLSE12,iTLS-Enso,13502,04/09/2021, 10:16:17,404
SKGTLSE12,iTLS-Enso,13502,04/09/2021, 11:12:49,404
SKGTLSE12,iTLS-Enso,13502,04/09/2021, 12:20:55,404
SKGTLSE12,iTLS-Enso,13502,04/09/2021, 13:22:54,404
SKGTLSE12,iTLS-Enso,13504,04/09/2021, 14:15:26,404
SKGTLSE12,iTLS-Enso,13504,04/09/2021, 15:15:02,404
SKGTLSE12,iTLS-Enso,13504,04/09/2021, 16:20:49,404
SKGTLSE12,iTLS-Enso,13505,04/09/2021, 17:27:05,404
SKGTLSE12,iTLS-Enso,13507,04/09/2021, 18:19:55,404
SKGTLSE12,iTLS-Enso,13507,04/09/2021, 19:15:21,404
SKGTLSE12,iTLS-Enso,13508,04/09/2021, 20:15:36,404
SKGTLSE12,iTLS-Enso,13508,04/09/2021, 21:13:39,404
SKGTLSE12,iTLS-Enso,13508,04/09/2021, 22:17:03,404
SKGTLSE12,iTLS-Enso,13508,04/09/2021, 23:16:18,404
SKGTLSE12,iTLS-Enso,13509,04/10/2021, 00:45:27,404
SKGTLSE12,iTLS-Enso,13509,04/10/2021, 02:02:13,404
SKGTLSE12,iTLS-Enso,13509,04/10/2021, 03:21:10,404
SKGTLSE12,iTLS-Enso,13509,04/10/2021, 04:19:13,404
SKGTLSE12,iTLS-Enso,13509,04/10/2021, 05:19:19,404
SKGTLSE12,iTLS-Enso,13511,04/10/2021, 06:17:57,404
SKGTLSE12,iTLS-Enso,13513,04/10/2021, 07:17:10,404
SKGTLSE12,iTLS-Enso,13514,04/10/2021, 08:16:45,404
SKGTLSE12,iTLS-Enso,13514,04/10/2021, 09:14:37,404
SKGTLSE12,iTLS-Enso,13518,04/10/2021, 10:15:17,404
SKGTLSE12,iTLS-Enso,13518,04/10/2021, 11:12:26,404
SKGTLSE12,iTLS-Enso,13519,04/10/2021, 12:20:15,404
SKGTLSE12,iTLS-Enso,13521,04/10/2021, 13:21:50,404
SKGTLSE12,iTLS-Enso,13522,04/10/2021, 14:14:01,404
SKGTLSE12,iTLS-Enso,13522,04/10/2021, 15:14:56,404
SKGTLSE12,iTLS-Enso,13522,04/10/2021, 16:25:08,404
SKGTLSE12,iTLS-Enso,13522,04/10/2021, 17:36:53,404
SKGTLSE12,iTLS-Enso,13523,04/10/2021, 18:24:47,404
SKGTLSE12,iTLS-Enso,13523,04/10/2021, 19:16:54,404
SKGTLSE12,iTLS-Enso,13523,04/10/2021, 20:14:56,404
SKGTLSE12,iTLS-Enso,13524,04/10/2021, 21:13:35,404
SKGTLSE12,iTLS-Enso,13524,04/10/2021, 22:16:19,404
SKGTLSE12,iTLS-Enso,13524,04/10/2021, 23:15:43,404
SKGTLSE12,iTLS-Enso,13525,04/11/2021, 00:48:11,404
SKGTLSE12,iTLS-Enso,13525,04/11/2021, 02:07:21,404
SKGTLSE12,iTLS-Enso,13525,04/11/2021, 03:21:29,404
SKGTLSE12,iTLS-Enso,13525,04/11/2021, 04:19:41,404
SKGTLSE12,iTLS-Enso,13525,04/11/2021, 05:19:46,404
SKGTLSE12,iTLS-Enso,13525,04/11/2021, 06:17:29,404
SKGTLSE12,iTLS-Enso,13526,04/11/2021, 07:17:07,404
SKGTLSE12,iTLS-Enso,13527,04/11/2021, 08:16:48,404
SKGTLSE12,iTLS-Enso,13527,04/11/2021, 09:14:31,404
SKGTLSE12,iTLS-Enso,13527,04/11/2021, 10:15:16,404
SKGTLSE12,iTLS-Enso,13527,04/11/2021, 11:12:18,404
SKGTLSE12,iTLS-Enso,13527,04/11/2021, 12:20:07,404
SKGTLSE12,iTLS-Enso,13527,04/11/2021, 13:21:50,404
SKGTLSE12,iTLS-Enso,13528,04/11/2021, 14:14:11,404
SKGTLSE12,iTLS-Enso,13530,04/11/2021, 15:14:45,404
SKGTLSE12,iTLS-Enso,13530,04/11/2021, 16:24:57,404
SKGTLSE12,iTLS-Enso,13530,04/11/2021, 17:36:36,404
SKGTLSE12,iTLS-Enso,13532,04/11/2021, 18:24:46,404
SKGTLSE12,iTLS-Enso,13532,04/11/2021, 19:17:12,404
SKGTLSE12,iTLS-Enso,13535,04/11/2021, 20:14:59,404
SKGTLSE12,iTLS-Enso,13537,04/11/2021, 21:13:19,404
SKGTLSE12,iTLS-Enso,13537,04/11/2021, 22:16:27,404
SKGTLSE12,iTLS-Enso,13537,04/11/2021, 23:16:01,404
SKGTLSE12,iTLS-Enso,13537,04/12/2021, 00:47:23,404
SKGTLSE12,iTLS-Enso,13538,04/12/2021, 02:06:46,404
SKGTLSE12,iTLS-Enso,13538,04/12/2021, 03:23:05,404
SKGTLSE12,iTLS-Enso,13538,04/12/2021, 04:20:30,404
SKGTLSE12,iTLS-Enso,13538,04/12/2021, 05:21:41,404
SKGTLSE12,iTLS-Enso,13539,04/12/2021, 06:18:19,404
SKGTLSE12,iTLS-Enso,13540,04/12/2021, 07:19:25,404
SKGTLSE12,iTLS-Enso,13540,04/12/2021, 08:22:10,404
SKGTLSE12,iTLS-Enso,13540,04/12/2021, 09:16:17,404
SKGTLSE12,iTLS-Enso,13540,04/12/2021, 10:15:46,404
SKGTLSE12,iTLS-Enso,13540,04/12/2021, 11:12:46,404
SKGTLSE12,iTLS-Enso,13541,04/12/2021, 12:21:20,404
SKGTLSE12,iTLS-Enso,13544,04/12/2021, 13:29:32,404
SKGTLSE12,iTLS-Enso,13546,04/12/2021, 14:15:25,404
SKGTLSE12,iTLS-Enso,13547,04/12/2021, 15:18:31,404
SKGTLSE12,iTLS-Enso,13548,04/12/2021, 16:25:36,404
SKGTLSE12,iTLS-Enso,13548,04/12/2021, 17:37:39,404
SKGTLSE12,iTLS-Enso,13549,04/12/2021, 18:27:33,404
SKGTLSE12,iTLS-Enso,13549,04/12/2021, 19:19:42,404
SKGTLSE12,iTLS-Enso,13551,04/12/2021, 20:15:40,404
SKGTLSE12,iTLS-Enso,13552,04/12/2021, 21:13:58,404
SKGTLSE12,iTLS-Enso,13552,04/12/2021, 22:17:17,404
SKGTLSE12,iTLS-Enso,13552,04/12/2021, 23:17:02,404
SKGTLSE12,iTLS-Enso,13552,04/13/2021, 00:48:51,404
SKGTLSE12,iTLS-Enso,13552,04/13/2021, 02:06:17,404
SKGTLSE12,iTLS-Enso,13552,04/13/2021, 03:23:28,404
SKGTLSE12,iTLS-Enso,13552,04/13/2021, 04:20:45,404
SKGTLSE12,iTLS-Enso,13553,04/13/2021, 05:17:41,404
SKGTLSE12,iTLS-Enso,13554,04/13/2021, 06:18:16,404
SKGTLSE12,iTLS-Enso,13554,04/13/2021, 07:18:57,404
SKGTLSE12,iTLS-Enso,13555,04/13/2021, 08:19:33,404
SKGTLSE12,iTLS-Enso,13556,04/13/2021, 09:16:07,404
SKGTLSE12,iTLS-Enso,13556,04/13/2021, 10:16:04,404
SKGTLSE12,iTLS-Enso,13556,04/13/2021, 11:12:48,404
SKGTLSE12,iTLS-Enso,13556,04/13/2021, 12:21:15,404
SKGTLSE12,iTLS-Enso,13556,04/13/2021, 13:23:45,404
SKGTLSE12,iTLS-Enso,13556,04/13/2021, 14:15:10,404
SKGTLSE12,iTLS-Enso,13556,04/13/2021, 15:15:37,404
SKGTLSE12,iTLS-Enso,13556,04/13/2021, 16:27:00,404
SKGTLSE12,iTLS-Enso,13556,04/13/2021, 17:40:54,404
SKGTLSE12,iTLS-Enso,13558,04/13/2021, 18:26:06,404
SKGTLSE12,iTLS-Enso,13558,04/13/2021, 19:18:49,404
SKGTLSE12,iTLS-Enso,13559,04/13/2021, 20:15:22,404
SKGTLSE12,iTLS-Enso,13559,04/13/2021, 21:13:14,404
SKGTLSE12,iTLS-Enso,13559,04/13/2021, 22:16:36,404
SKGTLSE12,iTLS-Enso,13559,04/13/2021, 23:14:29,404
SKGTLSE12,iTLS-Enso,13559,04/14/2021, 00:42:34,404
SKGTLSE12,iTLS-Enso,13559,04/14/2021, 02:00:35,404
SKGTLSE12,iTLS-Enso,13559,04/14/2021, 02:44:43,404
SKGTLSE12,iTLS-Enso,13559,04/14/2021, 03:20:01,404
SKGTLSE12,iTLS-Enso,13561,04/14/2021, 04:17:35,404
SKGTLSE12,iTLS-Enso,13562,04/14/2021, 05:17:30,404
SKGTLSE12,iTLS-Enso,13562,04/14/2021, 06:17:38,404
SKGTLSE12,iTLS-Enso,13563,04/14/2021, 07:16:54,404
SKGTLSE12,iTLS-Enso,13563,04/14/2021, 08:17:02,404
SKGTLSE12,iTLS-Enso,13563,04/14/2021, 09:14:36,404
SKGTLSE12,iTLS-Enso,13563,04/14/2021, 10:15:10,404
SKGTLSE12,iTLS-Enso,13563,04/14/2021, 11:12:38,404
SKGTLSE12,iTLS-Enso,13563,04/14/2021, 12:20:23,404
SKGTLSE12,iTLS-Enso,13565,04/14/2021, 13:22:02,404
SKGTLSE12,iTLS-Enso,13565,04/14/2021, 14:14:47,404
SKGTLSE12,iTLS-Enso,13565,04/14/2021, 15:14:56,404
SKGTLSE12,iTLS-Enso,13565,04/14/2021, 16:24:12,404
SKGTLSE12,iTLS-Enso,13565,04/14/2021, 17:34:49,404
SKGTLSE12,iTLS-Enso,13565,04/14/2021, 18:23:53,404
SKGTLSE12,iTLS-Enso,13565,04/14/2021, 19:16:20,404
SKGTLSE12,iTLS-Enso,13565,04/14/2021, 20:15:12,404
SKGTLSE12,iTLS-Enso,13565,04/14/2021, 21:13:37,404
SKGTLSE12,iTLS-Enso,13565,04/14/2021, 22:16:36,404
SKGTLSE12,iTLS-Enso,13565,04/14/2021, 23:14:37,404
SKGTLSE12,iTLS-Enso,13565,04/15/2021, 00:44:49,404
SKGTLSE12,iTLS-Enso,13566,04/15/2021, 02:02:03,404
SKGTLSE12,iTLS-Enso,13566,04/15/2021, 03:19:11,404
SKGTLSE12,iTLS-Enso,13566,04/15/2021, 04:17:57,404
SKGTLSE12,iTLS-Enso,13566,04/15/2021, 05:18:22,404
SKGTLSE12,iTLS-Enso,13566,04/15/2021, 06:17:51,404
SKGTLSE12,iTLS-Enso,13566,04/15/2021, 07:17:41,404
SKGTLSE12,iTLS-Enso,13568,04/15/2021, 08:17:37,404
SKGTLSE12,iTLS-Enso,13568,04/15/2021, 09:14:43,404
SKGTLSE12,iTLS-Enso,13568,04/15/2021, 10:15:14,404
SKGTLSE12,iTLS-Enso,13568,04/15/2021, 11:12:42,404
SKGTLSE12,iTLS-Enso,13568,04/15/2021, 12:20:46,404
SKGTLSE12,iTLS-Enso,13568,04/15/2021, 13:22:53,404
SKGTLSE12,iTLS-Enso,13569,04/15/2021, 14:14:48,404
SKGTLSE12,iTLS-Enso,13570,04/15/2021, 15:15:15,404
SKGTLSE12,iTLS-Enso,13570,04/15/2021, 16:26:38,404
SKGTLSE12,iTLS-Enso,13570,04/15/2021, 17:38:11,404
SKGTLSE12,iTLS-Enso,13570,04/15/2021, 18:26:52,404
SKGTLSE12,iTLS-Enso,13570,04/15/2021, 19:19:47,404
SKGTLSE12,iTLS-Enso,13570,04/15/2021, 20:15:15,404
SKGTLSE12,iTLS-Enso,13570,04/15/2021, 21:13:31,404
SKGTLSE12,iTLS-Enso,13572,04/15/2021, 22:17:07,404
SKGTLSE12,iTLS-Enso,13574,04/15/2021, 23:14:40,404
SKGTLSE12,iTLS-Enso,13574,04/16/2021, 00:43:21,404
SKGTLSE12,iTLS-Enso,13574,04/16/2021, 02:04:13,404
SKGTLSE12,iTLS-Enso,13574,04/16/2021, 03:22:27,404
SKGTLSE12,iTLS-Enso,13574,04/16/2021, 04:20:08,404
SKGTLSE12,iTLS-Enso,13574,04/16/2021, 05:20:04,404
SKGTLSE12,iTLS-Enso,13575,04/16/2021, 06:17:08,404
SKGTLSE12,iTLS-Enso,13576,04/16/2021, 07:16:27,404
SKGTLSE12,iTLS-Enso,13576,04/16/2021, 08:18:26,404
SKGTLSE12,iTLS-Enso,13576,04/16/2021, 09:15:34,404
SKGTLSE12,iTLS-Enso,13576,04/16/2021, 10:15:07,404
SKGTLSE12,iTLS-Enso,13577,04/16/2021, 11:12:49,404
SKGTLSE12,iTLS-Enso,13577,04/16/2021, 12:20:53,404
SKGTLSE12,iTLS-Enso,13578,04/16/2021, 13:23:24,404
SKGTLSE12,iTLS-Enso,13578,04/16/2021, 14:15:01,404
SKGTLSE12,iTLS-Enso,13578,04/16/2021, 15:15:23,404
SKGTLSE12,iTLS-Enso,13579,04/16/2021, 16:25:24,404
SKGTLSE12,iTLS-Enso,13579,04/16/2021, 17:37:29,404
SKGTLSE12,iTLS-Enso,13579,04/16/2021, 18:26:30,404
SKGTLSE12,iTLS-Enso,13580,04/16/2021, 19:19:05,404
SKGTLSE12,iTLS-Enso,13580,04/16/2021, 20:15:18,404
SKGTLSE12,iTLS-Enso,13581,04/16/2021, 21:13:34,404
SKGTLSE12,iTLS-Enso,13582,04/16/2021, 22:17:19,404
SKGTLSE12,iTLS-Enso,13583,04/16/2021, 23:14:31,404
SKGTLSE12,iTLS-Enso,13583,04/17/2021, 00:43:34,404
SKGTLSE12,iTLS-Enso,13584,04/17/2021, 02:00:30,404
SKGTLSE12,iTLS-Enso,13584,04/17/2021, 02:43:54,404
SKGTLSE12,iTLS-Enso,13584,04/17/2021, 03:19:45,404
SKGTLSE12,iTLS-Enso,13584,04/17/2021, 04:17:58,404
SKGTLSE12,iTLS-Enso,13584,04/17/2021, 05:17:54,404
SKGTLSE12,iTLS-Enso,13584,04/17/2021, 06:17:18,404
SKGTLSE12,iTLS-Enso,13584,04/17/2021, 07:17:02,404
SKGTLSE12,iTLS-Enso,13585,04/17/2021, 08:16:28,404
SKGTLSE12,iTLS-Enso,13585,04/17/2021, 09:14:18,404
SKGTLSE12,iTLS-Enso,13585,04/17/2021, 10:15:05,404
SKGTLSE12,iTLS-Enso,13585,04/17/2021, 11:12:21,404
SKGTLSE12,iTLS-Enso,13585,04/17/2021, 12:20:16,404
SKGTLSE12,iTLS-Enso,13585,04/17/2021, 13:21:37,404
SKGTLSE12,iTLS-Enso,13586,04/17/2021, 14:13:36,404
SKGTLSE12,iTLS-Enso,13586,04/17/2021, 15:14:36,404
SKGTLSE12,iTLS-Enso,13586,04/17/2021, 16:24:50,404
SKGTLSE12,iTLS-Enso,13586,04/17/2021, 17:34:24,404
SKGTLSE12,iTLS-Enso,13587,04/17/2021, 18:22:57,404
SKGTLSE12,iTLS-Enso,13587,04/17/2021, 19:15:53,404
SKGTLSE12,iTLS-Enso,13587,04/17/2021, 20:14:46,404
SKGTLSE12,iTLS-Enso,13588,04/17/2021, 21:13:18,404
SKGTLSE12,iTLS-Enso,13588,04/17/2021, 22:16:40,404
SKGTLSE12,iTLS-Enso,13589,04/17/2021, 23:14:03,404
SKGTLSE12,iTLS-Enso,13589,04/18/2021, 00:45:33,404
SKGTLSE12,iTLS-Enso,13589,04/18/2021, 02:05:52,404
SKGTLSE12,iTLS-Enso,13589,04/18/2021, 03:21:15,404
SKGTLSE12,iTLS-Enso,13589,04/18/2021, 04:18:59,404
SKGTLSE12,iTLS-Enso,13589,04/18/2021, 05:18:11,404
SKGTLSE12,iTLS-Enso,13589,04/18/2021, 06:17:16,404
SKGTLSE12,iTLS-Enso,13589,04/18/2021, 07:17:05,404
SKGTLSE12,iTLS-Enso,13589,04/18/2021, 08:16:42,404
SKGTLSE12,iTLS-Enso,13589,04/18/2021, 09:14:38,404
SKGTLSE12,iTLS-Enso,13590,04/18/2021, 10:15:13,404
SKGTLSE12,iTLS-Enso,13590,04/18/2021, 11:12:39,404
SKGTLSE12,iTLS-Enso,13591,04/18/2021, 12:20:05,404
SKGTLSE12,iTLS-Enso,13592,04/18/2021, 13:21:52,404
SKGTLSE12,iTLS-Enso,13594,04/18/2021, 14:13:57,404
SKGTLSE12,iTLS-Enso,13594,04/18/2021, 15:14:28,404
SKGTLSE12,iTLS-Enso,13594,04/18/2021, 16:24:13,404
SKGTLSE12,iTLS-Enso,13594,04/18/2021, 17:34:22,404
SKGTLSE12,iTLS-Enso,13594,04/18/2021, 18:23:10,404
SKGTLSE12,iTLS-Enso,13595,04/18/2021, 19:15:29,404
SKGTLSE12,iTLS-Enso,13595,04/18/2021, 20:14:35,404
SKGTLSE12,iTLS-Enso,13595,04/18/2021, 21:13:24,404
SKGTLSE12,iTLS-Enso,13595,04/18/2021, 22:16:45,404
SKGTLSE12,iTLS-Enso,13595,04/18/2021, 23:13:59,404
SKGTLSE12,iTLS-Enso,13595,04/19/2021, 00:44:59,404
SKGTLSE12,iTLS-Enso,13595,04/19/2021, 02:04:15,404
SKGTLSE12,iTLS-Enso,13595,04/19/2021, 03:22:08,404
SKGTLSE12,iTLS-Enso,13596,04/19/2021, 04:19:44,404
SKGTLSE12,iTLS-Enso,13596,04/19/2021, 05:19:40,404
SKGTLSE12,iTLS-Enso,13596,04/19/2021, 06:18:18,404
SKGTLSE12,iTLS-Enso,13596,04/19/2021, 07:17:57,404
SKGTLSE12,iTLS-Enso,13596,04/19/2021, 08:17:30,404
SKGTLSE12,iTLS-Enso,13596,04/19/2021, 09:15:13,404
SKGTLSE12,iTLS-Enso,13598,04/19/2021, 10:15:27,404
SKGTLSE12,iTLS-Enso,13598,04/19/2021, 11:12:36,404
SKGTLSE12,iTLS-Enso,13598,04/19/2021, 12:21:08,404
SKGTLSE12,iTLS-Enso,13598,04/19/2021, 13:23:14,404
SKGTLSE12,iTLS-Enso,13599,04/19/2021, 14:14:57,404
SKGTLSE12,iTLS-Enso,13599,04/19/2021, 15:15:37,404
SKGTLSE12,iTLS-Enso,13600,04/19/2021, 16:25:57,404
SKGTLSE12,iTLS-Enso,13601,04/19/2021, 17:35:34,404
SKGTLSE12,iTLS-Enso,13601,04/19/2021, 18:24:35,404
SKGTLSE12,iTLS-Enso,13602,04/19/2021, 19:17:42,404
SKGTLSE12,iTLS-Enso,13602,04/19/2021, 20:15:29,404
SKGTLSE12,iTLS-Enso,13603,04/19/2021, 21:13:41,404
SKGTLSE12,iTLS-Enso,13603,04/19/2021, 22:17:31,404
SKGTLSE12,iTLS-Enso,13603,04/19/2021, 23:15:10,404
SKGTLSE12,iTLS-Enso,13604,04/20/2021, 00:45:24,404
SKGTLSE12,iTLS-Enso,13605,04/20/2021, 02:03:29,404
SKGTLSE12,iTLS-Enso,13607,04/20/2021, 03:20:47,404
SKGTLSE12,iTLS-Enso,13607,04/20/2021, 04:19:08,404
SKGTLSE12,iTLS-Enso,13607,04/20/2021, 05:15:59,404
SKGTLSE12,iTLS-Enso,13607,04/20/2021, 06:19:17,404
SKGTLSE12,iTLS-Enso,13607,04/20/2021, 07:15:59,404
SKGTLSE12,iTLS-Enso,13608,04/20/2021, 08:17:37,404
SKGTLSE12,iTLS-Enso,13609,04/20/2021, 09:15:05,404
SKGTLSE12,iTLS-Enso,13609,04/20/2021, 10:15:23,404
SKGTLSE12,iTLS-Enso,13609,04/20/2021, 11:13:23,404
SKGTLSE12,iTLS-Enso,13609,04/20/2021, 12:21:15,404
SKGTLSE12,iTLS-Enso,13609,04/20/2021, 13:23:42,404
SKGTLSE12,iTLS-Enso,13611,04/20/2021, 14:14:57,404
SKGTLSE12,iTLS-Enso,13611,04/20/2021, 15:15:17,404
SKGTLSE12,iTLS-Enso,13612,04/20/2021, 16:25:39,404
SKGTLSE12,iTLS-Enso,13612,04/20/2021, 17:37:37,404
SKGTLSE12,iTLS-Enso,13612,04/20/2021, 18:25:50,404
SKGTLSE12,iTLS-Enso,13612,04/20/2021, 19:18:50,404
SKGTLSE12,iTLS-Enso,13612,04/20/2021, 20:15:39,404
SKGTLSE12,iTLS-Enso,13612,04/20/2021, 21:13:52,404
SKGTLSE12,iTLS-Enso,13612,04/20/2021, 22:17:48,404
SKGTLSE12,iTLS-Enso,13613,04/20/2021, 23:15:51,404
SKGTLSE12,iTLS-Enso,13615,04/21/2021, 00:45:01,404
SKGTLSE12,iTLS-Enso,13617,04/21/2021, 02:03:44,404
SKGTLSE12,iTLS-Enso,13618,04/21/2021, 03:21:18,404
SKGTLSE12,iTLS-Enso,13618,04/21/2021, 04:19:28,404
SKGTLSE12,iTLS-Enso,13618,04/21/2021, 05:19:37,404
SKGTLSE12,iTLS-Enso,13618,04/21/2021, 06:18:19,404
SKGTLSE12,iTLS-Enso,13618,04/21/2021, 07:18:13,404
SKGTLSE12,iTLS-Enso,13618,04/21/2021, 08:17:34,404
SKGTLSE12,iTLS-Enso,13618,04/21/2021, 09:15:16,404
SKGTLSE12,iTLS-Enso,13618,04/21/2021, 10:15:34,404
SKGTLSE12,iTLS-Enso,13618,04/21/2021, 11:12:59,404
SKGTLSE12,iTLS-Enso,13618,04/21/2021, 12:21:25,404
SKGTLSE12,iTLS-Enso,13619,04/21/2021, 13:23:35,404
SKGTLSE12,iTLS-Enso,13619,04/21/2021, 14:15:16,404
SKGTLSE12,iTLS-Enso,13620,04/21/2021, 15:15:38,404
SKGTLSE12,iTLS-Enso,13620,04/21/2021, 16:27:06,404
SKGTLSE12,iTLS-Enso,13620,04/21/2021, 17:37:39,404
SKGTLSE12,iTLS-Enso,13620,04/21/2021, 18:26:36,404
SKGTLSE12,iTLS-Enso,13620,04/21/2021, 19:18:53,404
SKGTLSE12,iTLS-Enso,13620,04/21/2021, 20:15:32,404
SKGTLSE12,iTLS-Enso,13621,04/21/2021, 21:13:39,404
SKGTLSE12,iTLS-Enso,13621,04/21/2021, 22:17:53,404
SKGTLSE12,iTLS-Enso,13622,04/21/2021, 23:16:23,404
SKGTLSE12,iTLS-Enso,13622,04/22/2021, 00:45:51,404
SKGTLSE12,iTLS-Enso,13622,04/22/2021, 02:04:06,404
SKGTLSE12,iTLS-Enso,13622,04/22/2021, 03:21:24,404
SKGTLSE12,iTLS-Enso,13623,04/22/2021, 04:19:34,404
SKGTLSE12,iTLS-Enso,13624,04/22/2021, 05:19:54,404
SKGTLSE12,iTLS-Enso,13624,04/22/2021, 06:18:54,404
SKGTLSE12,iTLS-Enso,13624,04/22/2021, 07:19:12,404
SKGTLSE12,iTLS-Enso,13625,04/22/2021, 08:18:18,404
SKGTLSE12,iTLS-Enso,13626,04/22/2021, 09:15:43,404
SKGTLSE12,iTLS-Enso,13626,04/22/2021, 10:15:47,404
SKGTLSE12,iTLS-Enso,13626,04/22/2021, 11:12:58,404
SKGTLSE12,iTLS-Enso,13626,04/22/2021, 12:21:58,404
SKGTLSE12,iTLS-Enso,13626,04/22/2021, 13:24:28,404
SKGTLSE12,iTLS-Enso,13626,04/22/2021, 14:15:13,404
SKGTLSE12,iTLS-Enso,13626,04/22/2021, 15:15:37,404
SKGTLSE12,iTLS-Enso,13627,04/22/2021, 16:26:01,404
SKGTLSE12,iTLS-Enso,13628,04/22/2021, 17:41:25,404
SKGTLSE12,iTLS-Enso,13628,04/22/2021, 18:28:36,404
SKGTLSE12,iTLS-Enso,13628,04/22/2021, 19:19:57,404
SKGTLSE12,iTLS-Enso,13628,04/22/2021, 20:16:00,404
SKGTLSE12,iTLS-Enso,13629,04/22/2021, 21:13:51,404
SKGTLSE12,iTLS-Enso,13629,04/22/2021, 22:18:04,404
SKGTLSE12,iTLS-Enso,13631,04/22/2021, 23:15:33,404
SKGTLSE12,iTLS-Enso,13633,04/23/2021, 00:45:09,404
SKGTLSE12,iTLS-Enso,13633,04/23/2021, 02:08:59,404
SKGTLSE12,iTLS-Enso,13633,04/23/2021, 03:20:29,404
SKGTLSE12,iTLS-Enso,13633,04/23/2021, 04:19:54,404
SKGTLSE12,iTLS-Enso,13633,04/23/2021, 05:20:30,404
SKGTLSE12,iTLS-Enso,13633,04/23/2021, 06:18:43,404
SKGTLSE12,iTLS-Enso,13633,04/23/2021, 07:19:29,404
SKGTLSE12,iTLS-Enso,13633,04/23/2021, 08:18:45,404
SKGTLSE12,iTLS-Enso,13633,04/23/2021, 09:16:39,404
SKGTLSE12,iTLS-Enso,13633,04/23/2021, 10:16:24,404
SKGTLSE12,iTLS-Enso,13633,04/23/2021, 11:13:02,404
SKGTLSE12,iTLS-Enso,13633,04/23/2021, 12:21:34,404
SKGTLSE12,iTLS-Enso,13633,04/23/2021, 13:23:25,404
SKGTLSE12,iTLS-Enso,13634,04/23/2021, 14:15:36,404
SKGTLSE12,iTLS-Enso,13634,04/23/2021, 15:15:59,404
SKGTLSE12,iTLS-Enso,13635,04/23/2021, 16:27:11,404
SKGTLSE12,iTLS-Enso,13636,04/23/2021, 17:43:14,404
SKGTLSE12,iTLS-Enso,13636,04/23/2021, 18:28:09,404
SKGTLSE12,iTLS-Enso,13636,04/23/2021, 19:20:18,404
SKGTLSE12,iTLS-Enso,13637,04/23/2021, 20:16:06,404
SKGTLSE12,iTLS-Enso,13638,04/23/2021, 21:13:40,404
SKGTLSE12,iTLS-Enso,13639,04/23/2021, 22:18:12,404
SKGTLSE12,iTLS-Enso,13639,04/23/2021, 23:16:27,404
SKGTLSE12,iTLS-Enso,13639,04/24/2021, 00:46:39,404
SKGTLSE12,iTLS-Enso,13639,04/24/2021, 02:06:18,404
SKGTLSE12,iTLS-Enso,13639,04/24/2021, 03:20:48,404
SKGTLSE12,iTLS-Enso,13639,04/24/2021, 04:19:27,404
SKGTLSE12,iTLS-Enso,13639,04/24/2021, 05:20:00,404
SKGTLSE12,iTLS-Enso,13639,04/24/2021, 06:18:26,404
SKGTLSE12,iTLS-Enso,13639,04/24/2021, 07:19:08,404
SKGTLSE12,iTLS-Enso,13641,04/24/2021, 08:16:42,404
SKGTLSE12,iTLS-Enso,13641,04/24/2021, 09:14:54,404
SKGTLSE12,iTLS-Enso,13642,04/24/2021, 10:15:30,404
SKGTLSE12,iTLS-Enso,13642,04/24/2021, 11:12:58,404
SKGTLSE12,iTLS-Enso,13642,04/24/2021, 12:20:52,404
SKGTLSE12,iTLS-Enso,13643,04/24/2021, 13:23:19,404
SKGTLSE12,iTLS-Enso,13645,04/24/2021, 14:14:37,404
SKGTLSE12,iTLS-Enso,13647,04/24/2021, 15:15:05,404
SKGTLSE12,iTLS-Enso,13648,04/24/2021, 16:26:28,404
SKGTLSE12,iTLS-Enso,13649,04/24/2021, 17:41:13,404
SKGTLSE12,iTLS-Enso,13649,04/24/2021, 18:26:29,404
SKGTLSE12,iTLS-Enso,13649,04/24/2021, 19:17:43,404
SKGTLSE12,iTLS-Enso,13649,04/24/2021, 20:15:49,404
SKGTLSE12,iTLS-Enso,13650,04/24/2021, 21:13:17,404
SKGTLSE12,iTLS-Enso,13650,04/24/2021, 22:18:06,404
SKGTLSE12,iTLS-Enso,13650,04/24/2021, 23:15:14,404
SKGTLSE12,iTLS-Enso,13651,04/25/2021, 00:48:26,404
SKGTLSE12,iTLS-Enso,13651,04/25/2021, 02:11:40,404
SKGTLSE12,iTLS-Enso,13652,04/25/2021, 03:23:42,404
SKGTLSE12,iTLS-Enso,13652,04/25/2021, 04:20:52,404
SKGTLSE12,iTLS-Enso,13652,04/25/2021, 05:20:51,404
SKGTLSE12,iTLS-Enso,13653,04/25/2021, 06:18:35,404
SKGTLSE12,iTLS-Enso,13656,04/25/2021, 07:18:37,404
SKGTLSE12,iTLS-Enso,13656,04/25/2021, 08:17:06,404
SKGTLSE12,iTLS-Enso,13656,04/25/2021, 09:15:05,404
SKGTLSE12,iTLS-Enso,13656,04/25/2021, 10:15:38,404
SKGTLSE12,iTLS-Enso,13656,04/25/2021, 11:12:53,404
SKGTLSE12,iTLS-Enso,13657,04/25/2021, 12:21:12,404
SKGTLSE12,iTLS-Enso,13657,04/25/2021, 13:22:41,404
SKGTLSE12,iTLS-Enso,13657,04/25/2021, 14:14:46,404
SKGTLSE12,iTLS-Enso,13657,04/25/2021, 15:15:19,404
SKGTLSE12,iTLS-Enso,13657,04/25/2021, 16:26:23,404
SKGTLSE12,iTLS-Enso,13657,04/25/2021, 17:42:00,404
SKGTLSE12,iTLS-Enso,13659,04/25/2021, 18:27:42,404
SKGTLSE12,iTLS-Enso,13659,04/25/2021, 19:18:29,404
SKGTLSE12,iTLS-Enso,13659,04/25/2021, 20:15:36,404
SKGTLSE12,iTLS-Enso,13659,04/25/2021, 21:13:36,404
SKGTLSE12,iTLS-Enso,13659,04/25/2021, 22:17:58,404
SKGTLSE12,iTLS-Enso,13659,04/25/2021, 23:15:42,404
SKGTLSE12,iTLS-Enso,13659,04/26/2021, 00:47:56,404
SKGTLSE12,iTLS-Enso,13659,04/26/2021, 02:11:15,404
SKGTLSE12,iTLS-Enso,13659,04/26/2021, 03:23:49,404
SKGTLSE12,iTLS-Enso,13659,04/26/2021, 04:21:09,404
SKGTLSE12,iTLS-Enso,13659,04/26/2021, 05:21:37,404
SKGTLSE12,iTLS-Enso,13660,04/26/2021, 06:19:13,404
SKGTLSE12,iTLS-Enso,13660,04/26/2021, 07:20:37,404
SKGTLSE12,iTLS-Enso,13660,04/26/2021, 08:18:21,404
SKGTLSE12,iTLS-Enso,13660,04/26/2021, 09:16:26,404
SKGTLSE12,iTLS-Enso,13660,04/26/2021, 10:16:24,404
SKGTLSE12,iTLS-Enso,13660,04/26/2021, 11:13:06,404
SKGTLSE12,iTLS-Enso,13660,04/26/2021, 12:22:01,404
SKGTLSE12,iTLS-Enso,13660,04/26/2021, 13:25:17,404
SKGTLSE12,iTLS-Enso,13661,04/26/2021, 14:15:50,404
SKGTLSE12,iTLS-Enso,13662,04/26/2021, 15:16:01,404
SKGTLSE12,iTLS-Enso,13663,04/26/2021, 16:26:54,404
SKGTLSE12,iTLS-Enso,13663,04/26/2021, 17:42:18,404
SKGTLSE12,iTLS-Enso,13663,04/26/2021, 18:27:47,404
SKGTLSE12,iTLS-Enso,13663,04/26/2021, 19:18:53,404
SKGTLSE12,iTLS-Enso,13664,04/26/2021, 20:15:42,404
SKGTLSE12,iTLS-Enso,13664,04/26/2021, 21:13:59,404
SKGTLSE12,iTLS-Enso,13665,04/26/2021, 22:18:13,404
SKGTLSE12,iTLS-Enso,13665,04/26/2021, 23:15:24,404
SKGTLSE12,iTLS-Enso,13665,04/27/2021, 00:44:50,404
SKGTLSE12,iTLS-Enso,13665,04/27/2021, 02:04:39,404
SKGTLSE12,iTLS-Enso,13665,04/27/2021, 03:20:05,404
SKGTLSE12,iTLS-Enso,13665,04/27/2021, 04:18:35,404
SKGTLSE12,iTLS-Enso,13665,04/27/2021, 05:19:16,404
SKGTLSE12,iTLS-Enso,13665,04/27/2021, 06:18:23,404
SKGTLSE12,iTLS-Enso,13665,04/27/2021, 07:18:31,404
SKGTLSE12,iTLS-Enso,13665,04/27/2021, 08:17:50,404
SKGTLSE12,iTLS-Enso,13665,04/27/2021, 09:15:17,404
SKGTLSE12,iTLS-Enso,13665,04/27/2021, 10:15:43,404
SKGTLSE12,iTLS-Enso,13665,04/27/2021, 11:13:20,404
SKGTLSE12,iTLS-Enso,13665,04/27/2021, 12:21:47,404
SKGTLSE12,iTLS-Enso,13665,04/27/2021, 13:23:49,404
SKGTLSE12,iTLS-Enso,13666,04/27/2021, 14:15:26,404
SKGTLSE12,iTLS-Enso,13667,04/27/2021, 15:16:00,404
SKGTLSE12,iTLS-Enso,13668,04/27/2021, 16:27:00,404
SKGTLSE12,iTLS-Enso,13668,04/27/2021, 17:42:51,404
SKGTLSE12,iTLS-Enso,13668,04/27/2021, 18:28:06,404
SKGTLSE12,iTLS-Enso,13668,04/27/2021, 19:19:02,404
SKGTLSE12,iTLS-Enso,13668,04/27/2021, 20:16:01,404
SKGTLSE12,iTLS-Enso,13668,04/27/2021, 21:14:03,404
SKGTLSE12,iTLS-Enso,13668,04/27/2021, 22:18:22,404
SKGTLSE12,iTLS-Enso,13670,04/27/2021, 23:15:58,404
SKGTLSE12,iTLS-Enso,13670,04/28/2021, 00:45:36,404
SKGTLSE12,iTLS-Enso,13670,04/28/2021, 02:03:48,404
SKGTLSE12,iTLS-Enso,13671,04/28/2021, 03:21:40,404
SKGTLSE12,iTLS-Enso,13672,04/28/2021, 04:19:47,404
SKGTLSE12,iTLS-Enso,13672,04/28/2021, 05:20:05,404
SKGTLSE12,iTLS-Enso,13672,04/28/2021, 06:18:55,404
SKGTLSE12,iTLS-Enso,13673,04/28/2021, 07:19:12,404
SKGTLSE12,iTLS-Enso,13673,04/28/2021, 08:17:14,404
SKGTLSE12,iTLS-Enso,13673,04/28/2021, 09:15:39,404
SKGTLSE12,iTLS-Enso,13673,04/28/2021, 10:15:58,404
SKGTLSE12,iTLS-Enso,13673,04/28/2021, 11:13:17,404
SKGTLSE12,iTLS-Enso,13673,04/28/2021, 12:22:12,404
SKGTLSE12,iTLS-Enso,13673,04/28/2021, 13:24:08,404
SKGTLSE12,iTLS-Enso,13673,04/28/2021, 14:15:18,404
SKGTLSE12,iTLS-Enso,13673,04/28/2021, 15:16:30,404
SKGTLSE12,iTLS-Enso,13673,04/28/2021, 16:28:55,404
SKGTLSE12,iTLS-Enso,13674,04/28/2021, 17:44:34,404
SKGTLSE12,iTLS-Enso,13675,04/28/2021, 18:28:14,404
SKGTLSE12,iTLS-Enso,13675,04/28/2021, 19:19:08,404
SKGTLSE12,iTLS-Enso,13676,04/28/2021, 20:16:15,404
SKGTLSE12,iTLS-Enso,13676,04/28/2021, 21:14:09,404
SKGTLSE12,iTLS-Enso,13676,04/28/2021, 22:15:10,404
SKGTLSE12,iTLS-Enso,13676,04/28/2021, 23:15:30,404
SKGTLSE12,iTLS-Enso,13678,04/29/2021, 00:44:18,404
SKGTLSE12,iTLS-Enso,13678,04/29/2021, 02:02:53,404
SKGTLSE12,iTLS-Enso,13678,04/29/2021, 03:17:29,404
SKGTLSE12,iTLS-Enso,13678,04/29/2021, 04:15:40,404
SKGTLSE12,iTLS-Enso,13678,04/29/2021, 05:16:50,404
SKGTLSE12,iTLS-Enso,13679,04/29/2021, 06:16:01,404
SKGTLSE12,iTLS-Enso,13681,04/29/2021, 07:14:47,404
SKGTLSE12,iTLS-Enso,13681,04/29/2021, 08:15:28,404
SKGTLSE12,iTLS-Enso,13681,04/29/2021, 09:13:25,404
SKGTLSE12,iTLS-Enso,13681,04/29/2021, 10:13:47,404
SKGTLSE12,iTLS-Enso,13682,04/29/2021, 11:11:21,404
SKGTLSE12,iTLS-Enso,13682,04/29/2021, 12:18:49,404
SKGTLSE12,iTLS-Enso,13682,04/29/2021, 13:22:56,404
SKGTLSE12,iTLS-Enso,13682,04/29/2021, 14:13:25,404
SKGTLSE12,iTLS-Enso,13682,04/29/2021, 15:14:13,404
SKGTLSE12,iTLS-Enso,13682,04/29/2021, 16:23:31,404
SKGTLSE12,iTLS-Enso,13682,04/29/2021, 17:37:49,404
SKGTLSE12,iTLS-Enso,13684,04/29/2021, 18:23:17,404
SKGTLSE12,iTLS-Enso,13684,04/29/2021, 19:15:49,404
SKGTLSE12,iTLS-Enso,13684,04/29/2021, 20:13:47,404
SKGTLSE12,iTLS-Enso,13684,04/29/2021, 21:11:49,404
SKGTLSE12,iTLS-Enso,13684,04/29/2021, 22:15:43,404
SKGTLSE12,iTLS-Enso,13684,04/29/2021, 23:12:42,404
SKGTLSE12,iTLS-Enso,13685,04/30/2021, 00:37:55,404
SKGTLSE12,iTLS-Enso,13685,04/30/2021, 02:04:00,404
SKGTLSE12,iTLS-Enso,13685,04/30/2021, 03:18:15,404
SKGTLSE12,iTLS-Enso,13686,04/30/2021, 04:16:07,404
SKGTLSE12,iTLS-Enso,13686,04/30/2021, 05:16:58,404
SKGTLSE12,iTLS-Enso,13686,04/30/2021, 06:15:41,404
SKGTLSE12,iTLS-Enso,13686,04/30/2021, 07:15:50,404
SKGTLSE12,iTLS-Enso,13687,04/30/2021, 08:16:20,404
SKGTLSE12,iTLS-Enso,13687,04/30/2021, 09:13:11,404
SKGTLSE12,iTLS-Enso,13687,04/30/2021, 10:13:37,404
SKGTLSE12,iTLS-Enso,13687,04/30/2021, 11:11:17,404
SKGTLSE12,iTLS-Enso,13688,04/30/2021, 12:18:15,404
SKGTLSE12,iTLS-Enso,13689,04/30/2021, 13:22:00,404
SKGTLSE12,iTLS-Enso,13689,04/30/2021, 14:13:09,404
SKGTLSE12,iTLS-Enso,13690,04/30/2021, 15:14:00,404
SKGTLSE12,iTLS-Enso,13690,04/30/2021, 16:22:29,404
SKGTLSE12,iTLS-Enso,13691,04/30/2021, 17:37:05,404
SKGTLSE12,iTLS-Enso,13691,04/30/2021, 18:21:49,404
SKGTLSE12,iTLS-Enso,13691,04/30/2021, 19:15:18,404
SKGTLSE12,iTLS-Enso,13692,04/30/2021, 20:13:49,404
SKGTLSE12,iTLS-Enso,13692,04/30/2021, 21:12:05,404
SKGTLSE12,iTLS-Enso,13694,04/30/2021, 22:15:30,404
SKGTLSE12,iTLS-Enso,13694,04/30/2021, 23:12:49,404
SKGTLSE12,iTLS-Enso,13694,05/01/2021, 00:39:59,404
SKGTLSE12,iTLS-Enso,13694,05/01/2021, 02:08:13,404
SKGTLSE12,iTLS-Enso,13695,05/01/2021, 03:18:57,404
SKGTLSE12,iTLS-Enso,13695,05/01/2021, 04:16:18,404
SKGTLSE12,iTLS-Enso,13695,05/01/2021, 05:16:53,404
SKGTLSE12,iTLS-Enso,13695,05/01/2021, 07:15:26,404
SKGTLSE12,iTLS-Enso,13695,05/01/2021, 08:15:01,404
SKGTLSE12,iTLS-Enso,13696,05/01/2021, 09:12:53,404
SKGTLSE12,iTLS-Enso,13696,05/01/2021, 10:13:23,404
SKGTLSE12,iTLS-Enso,13696,05/01/2021, 11:11:05,404
SKGTLSE12,iTLS-Enso,13696,05/01/2021, 12:17:44,404
SKGTLSE12,iTLS-Enso,13696,05/01/2021, 13:21:49,404
SKGTLSE12,iTLS-Enso,13697,05/01/2021, 14:12:32,404
SKGTLSE12,iTLS-Enso,13697,05/01/2021, 15:13:13,404
SKGTLSE12,iTLS-Enso,13697,05/01/2021, 16:21:32,404
SKGTLSE12,iTLS-Enso,13698,05/01/2021, 17:38:09,404
SKGTLSE12,iTLS-Enso,13699,05/01/2021, 18:21:37,404
SKGTLSE12,iTLS-Enso,13700,05/01/2021, 19:14:14,404
SKGTLSE12,iTLS-Enso,13700,05/01/2021, 20:13:17,404
SKGTLSE12,iTLS-Enso,13700,05/01/2021, 21:11:27,404
SKGTLSE12,iTLS-Enso,13701,05/01/2021, 22:15:24,404
SKGTLSE12,iTLS-Enso,13702,05/01/2021, 23:14:42,404
SKGTLSE12,iTLS-Enso,13702,05/02/2021, 00:43:57,404
SKGTLSE12,iTLS-Enso,13702,05/02/2021, 02:12:45,404
SKGTLSE12,iTLS-Enso,13702,05/02/2021, 03:22:13,404
SKGTLSE12,iTLS-Enso,13702,05/02/2021, 04:18:00,404
SKGTLSE12,iTLS-Enso,13702,05/02/2021, 05:18:22,404
SKGTLSE12,iTLS-Enso,13702,05/02/2021, 06:15:37,404
SKGTLSE12,iTLS-Enso,13702,05/02/2021, 07:15:57,404
SKGTLSE12,iTLS-Enso,13703,05/02/2021, 08:14:35,404
SKGTLSE12,iTLS-Enso,13703,05/02/2021, 09:13:03,404
SKGTLSE12,iTLS-Enso,13704,05/02/2021, 10:13:21,404
SKGTLSE12,iTLS-Enso,13704,05/02/2021, 11:11:23,404
SKGTLSE12,iTLS-Enso,13705,05/02/2021, 12:17:39,404
SKGTLSE12,iTLS-Enso,13705,05/02/2021, 13:21:26,404
SKGTLSE12,iTLS-Enso,13706,05/02/2021, 14:12:18,404
SKGTLSE12,iTLS-Enso,13706,05/02/2021, 15:13:26,404
SKGTLSE12,iTLS-Enso,13706,05/02/2021, 16:22:03,404
SKGTLSE12,iTLS-Enso,13706,05/02/2021, 17:36:09,404
SKGTLSE12,iTLS-Enso,13706,05/02/2021, 18:19:58,404
SKGTLSE12,iTLS-Enso,13706,05/02/2021, 19:13:57,404
SKGTLSE12,iTLS-Enso,13706,05/02/2021, 20:13:27,404
SKGTLSE12,iTLS-Enso,13706,05/02/2021, 21:11:26,404
SKGTLSE12,iTLS-Enso,13706,05/02/2021, 22:14:59,404
SKGTLSE12,iTLS-Enso,13706,05/02/2021, 23:12:41,404
SKGTLSE12,iTLS-Enso,13708,05/03/2021, 00:39:43,404
SKGTLSE12,iTLS-Enso,13709,05/03/2021, 02:08:12,404
SKGTLSE12,iTLS-Enso,13709,05/03/2021, 03:20:42,404
SKGTLSE12,iTLS-Enso,13709,05/03/2021, 04:16:52,404
SKGTLSE12,iTLS-Enso,13711,05/03/2021, 05:17:41,404
SKGTLSE12,iTLS-Enso,13711,05/03/2021, 06:16:17,404
SKGTLSE12,iTLS-Enso,13711,05/03/2021, 07:17:10,404
SKGTLSE12,iTLS-Enso,13711,05/03/2021, 08:15:07,404
SKGTLSE12,iTLS-Enso,13713,05/03/2021, 09:13:33,404
SKGTLSE12,iTLS-Enso,13713,05/03/2021, 10:13:47,404
SKGTLSE12,iTLS-Enso,13714,05/03/2021, 11:10:59,404
SKGTLSE12,iTLS-Enso,13714,05/03/2021, 12:19:12,404
SKGTLSE12,iTLS-Enso,13714,05/03/2021, 13:23:36,404
SKGTLSE12,iTLS-Enso,13714,05/03/2021, 14:13:16,404
SKGTLSE12,iTLS-Enso,13715,05/03/2021, 15:14:20,404
SKGTLSE12,iTLS-Enso,13715,05/03/2021, 16:23:03,404
SKGTLSE12,iTLS-Enso,13716,05/03/2021, 17:39:12,404
SKGTLSE12,iTLS-Enso,13716,05/03/2021, 18:20:48,404
SKGTLSE12,iTLS-Enso,13716,05/03/2021, 19:14:31,404
SKGTLSE12,iTLS-Enso,13716,05/03/2021, 20:12:48,404
SKGTLSE12,iTLS-Enso,13716,05/03/2021, 21:10:58,404
SKGTLSE12,iTLS-Enso,13716,05/03/2021, 22:13:51,404
SKGTLSE12,iTLS-Enso,13717,05/03/2021, 23:11:15,404
SKGTLSE12,iTLS-Enso,13717,05/04/2021, 00:34:52,404
SKGTLSE12,iTLS-Enso,13717,05/04/2021, 02:03:04,404
SKGTLSE12,iTLS-Enso,13717,05/04/2021, 03:17:14,404
SKGTLSE12,iTLS-Enso,13719,05/04/2021, 04:13:48,404
SKGTLSE12,iTLS-Enso,13719,05/04/2021, 05:14:34,404
SKGTLSE12,iTLS-Enso,13719,05/04/2021, 06:13:44,404
SKGTLSE12,iTLS-Enso,13720,05/04/2021, 08:13:26,404
SKGTLSE12,iTLS-Enso,13720,05/04/2021, 09:11:59,404
SKGTLSE12,iTLS-Enso,13720,05/04/2021, 10:11:57,404
SKGTLSE12,iTLS-Enso,13721,05/04/2021, 11:09:28,404
SKGTLSE12,iTLS-Enso,13721,05/04/2021, 12:15:46,404
SKGTLSE12,iTLS-Enso,13721,05/04/2021, 13:19:53,404
SKGTLSE12,iTLS-Enso,13721,05/04/2021, 14:11:11,404
SKGTLSE12,iTLS-Enso,13721,05/04/2021, 15:11:58,404
SKGTLSE12,iTLS-Enso,13722,05/04/2021, 16:17:30,404
SKGTLSE12,iTLS-Enso,13722,05/04/2021, 17:31:04,404
SKGTLSE12,iTLS-Enso,13722,05/04/2021, 18:15:38,404
SKGTLSE12,iTLS-Enso,13722,05/04/2021, 19:11:25,404
SKGTLSE12,iTLS-Enso,13722,05/04/2021, 20:11:42,404
SKGTLSE12,iTLS-Enso,13722,05/04/2021, 21:09:57,404
SKGTLSE12,iTLS-Enso,13724,05/04/2021, 22:13:30,404
SKGTLSE12,iTLS-Enso,13725,05/04/2021, 23:11:10,404
SKGTLSE12,iTLS-Enso,13725,05/05/2021, 00:30:14,404
SKGTLSE12,iTLS-Enso,13726,05/05/2021, 01:58:16,404
SKGTLSE12,iTLS-Enso,13727,05/05/2021, 02:42:51,404
SKGTLSE12,iTLS-Enso,13727,05/05/2021, 03:16:11,404
SKGTLSE12,iTLS-Enso,13728,05/05/2021, 04:13:19,404
SKGTLSE12,iTLS-Enso,13730,05/05/2021, 05:13:49,404
SKGTLSE12,iTLS-Enso,13730,05/05/2021, 06:13:48,404
SKGTLSE12,iTLS-Enso,13730,05/05/2021, 07:14:44,404
SKGTLSE12,iTLS-Enso,13730,05/05/2021, 08:12:30,404
SKGTLSE12,iTLS-Enso,13730,05/05/2021, 09:11:26,404
SKGTLSE12,iTLS-Enso,13730,05/05/2021, 10:11:53,404
SKGTLSE12,iTLS-Enso,13730,05/05/2021, 11:09:37,404
SKGTLSE12,iTLS-Enso,13730,05/05/2021, 12:16:21,404
SKGTLSE12,iTLS-Enso,13730,05/05/2021, 13:22:19,404
SKGTLSE12,iTLS-Enso,13730,05/05/2021, 14:11:28,404
SKGTLSE12,iTLS-Enso,13730,05/05/2021, 15:11:55,404
SKGTLSE12,iTLS-Enso,13730,05/05/2021, 16:18:37,404
SKGTLSE12,iTLS-Enso,13730,05/05/2021, 17:34:41,404
SKGTLSE12,iTLS-Enso,13731,05/05/2021, 18:18:43,404
SKGTLSE12,iTLS-Enso,13731,05/05/2021, 19:14:13,404
SKGTLSE12,iTLS-Enso,13732,05/05/2021, 20:11:37,404
SKGTLSE12,iTLS-Enso,13732,05/05/2021, 21:10:16,404
SKGTLSE12,iTLS-Enso,13733,05/05/2021, 22:13:46,404
SKGTLSE12,iTLS-Enso,13733,05/05/2021, 23:11:32,404
SKGTLSE12,iTLS-Enso,13733,05/06/2021, 00:29:49,404
SKGTLSE12,iTLS-Enso,13733,05/06/2021, 01:58:02,404
SKGTLSE12,iTLS-Enso,13734,05/06/2021, 02:43:04,404
SKGTLSE12,iTLS-Enso,13734,05/06/2021, 03:16:22,404
SKGTLSE12,iTLS-Enso,13735,05/06/2021, 04:13:24,404
SKGTLSE12,iTLS-Enso,13735,05/06/2021, 05:14:04,404
SKGTLSE12,iTLS-Enso,13736,05/06/2021, 06:13:28,404
SKGTLSE12,iTLS-Enso,13736,05/06/2021, 07:13:36,404
SKGTLSE12,iTLS-Enso,13736,05/06/2021, 08:12:26,404
SKGTLSE12,iTLS-Enso,13737,05/06/2021, 09:11:30,404
SKGTLSE12,iTLS-Enso,13737,05/06/2021, 10:11:36,404
SKGTLSE12,iTLS-Enso,13737,05/06/2021, 11:10:01,404
SKGTLSE12,iTLS-Enso,13737,05/06/2021, 12:15:05,404
SKGTLSE12,iTLS-Enso,13737,05/06/2021, 13:21:09,404
SKGTLSE12,iTLS-Enso,13737,05/06/2021, 14:11:06,404
SKGTLSE12,iTLS-Enso,13738,05/06/2021, 15:11:52,404
SKGTLSE12,iTLS-Enso,13738,05/06/2021, 16:20:48,404
SKGTLSE12,iTLS-Enso,13738,05/06/2021, 17:36:23,404
SKGTLSE12,iTLS-Enso,13738,05/06/2021, 18:19:17,404
SKGTLSE12,iTLS-Enso,13738,05/06/2021, 19:13:59,404
SKGTLSE12,iTLS-Enso,13738,05/06/2021, 20:12:25,404
SKGTLSE12,iTLS-Enso,13738,05/06/2021, 21:08:53,404
SKGTLSE12,iTLS-Enso,13738,05/06/2021, 22:13:54,404
SKGTLSE12,iTLS-Enso,13740,05/06/2021, 23:11:26,404
SKGTLSE12,iTLS-Enso,13740,05/07/2021, 00:31:08,404
SKGTLSE12,iTLS-Enso,13740,05/07/2021, 02:02:30,404
SKGTLSE12,iTLS-Enso,13740,05/07/2021, 03:18:29,404
SKGTLSE12,iTLS-Enso,13740,05/07/2021, 04:17:17,404
SKGTLSE12,iTLS-Enso,13740,05/07/2021, 05:15:58,404
SKGTLSE12,iTLS-Enso,13740,05/07/2021, 06:13:23,404
SKGTLSE12,iTLS-Enso,13740,05/07/2021, 07:14:37,404
SKGTLSE12,iTLS-Enso,13740,05/07/2021, 08:13:51,404
SKGTLSE12,iTLS-Enso,13740,05/07/2021, 09:11:02,404
SKGTLSE12,iTLS-Enso,13740,05/07/2021, 10:11:51,404
SKGTLSE12,iTLS-Enso,13740,05/07/2021, 11:09:46,404
SKGTLSE12,iTLS-Enso,13741,05/07/2021, 12:15:16,404
SKGTLSE12,iTLS-Enso,13741,05/07/2021, 13:20:54,404
SKGTLSE12,iTLS-Enso,13741,05/07/2021, 14:11:15,404
SKGTLSE12,iTLS-Enso,13741,05/07/2021, 15:13:58,404
SKGTLSE12,iTLS-Enso,13741,05/07/2021, 16:21:09,404
SKGTLSE12,iTLS-Enso,13741,05/07/2021, 17:36:07,404
SKGTLSE12,iTLS-Enso,13741,05/07/2021, 18:19:16,404
SKGTLSE12,iTLS-Enso,13741,05/07/2021, 19:12:56,404
SKGTLSE12,iTLS-Enso,13742,05/07/2021, 20:11:45,404
SKGTLSE12,iTLS-Enso,13743,05/07/2021, 21:10:20,404
SKGTLSE12,iTLS-Enso,13745,05/07/2021, 22:14:41,404
SKGTLSE12,iTLS-Enso,13745,05/07/2021, 23:11:03,404
SKGTLSE12,iTLS-Enso,13745,05/08/2021, 00:30:59,404
SKGTLSE12,iTLS-Enso,13745,05/08/2021, 02:00:57,404
SKGTLSE12,iTLS-Enso,13745,05/08/2021, 03:17:15,404
SKGTLSE12,iTLS-Enso,13745,05/08/2021, 04:14:08,404
SKGTLSE12,iTLS-Enso,13745,05/08/2021, 05:14:17,404
SKGTLSE12,iTLS-Enso,13746,05/08/2021, 06:13:26,404
SKGTLSE12,iTLS-Enso,13747,05/08/2021, 07:15:13,404
SKGTLSE12,iTLS-Enso,13747,05/08/2021, 08:12:39,404
SKGTLSE12,iTLS-Enso,13747,05/08/2021, 09:11:15,404
SKGTLSE12,iTLS-Enso,13747,05/08/2021, 10:12:12,404
SKGTLSE12,iTLS-Enso,13747,05/08/2021, 11:09:37,404
SKGTLSE12,iTLS-Enso,13747,05/08/2021, 12:15:38,404
SKGTLSE12,iTLS-Enso,13748,05/08/2021, 13:19:57,404
SKGTLSE12,iTLS-Enso,13748,05/08/2021, 14:10:47,404
SKGTLSE12,iTLS-Enso,13748,05/08/2021, 15:11:40,404
SKGTLSE12,iTLS-Enso,13748,05/08/2021, 16:20:02,404
SKGTLSE12,iTLS-Enso,13748,05/08/2021, 17:33:58,404
SKGTLSE12,iTLS-Enso,13748,05/08/2021, 18:17:23,404
SKGTLSE12,iTLS-Enso,13748,05/08/2021, 19:10:51,404
SKGTLSE12,iTLS-Enso,13748,05/08/2021, 20:11:27,404
SKGTLSE12,iTLS-Enso,13748,05/08/2021, 21:10:06,404
SKGTLSE12,iTLS-Enso,13749,05/08/2021, 22:13:30,404
SKGTLSE12,iTLS-Enso,13749,05/08/2021, 23:11:16,404
SKGTLSE12,iTLS-Enso,13749,05/09/2021, 00:33:47,404
SKGTLSE12,iTLS-Enso,13749,05/09/2021, 02:03:19,404
SKGTLSE12,iTLS-Enso,13749,05/09/2021, 03:17:21,404
SKGTLSE12,iTLS-Enso,13749,05/09/2021, 04:13:45,404
SKGTLSE12,iTLS-Enso,13750,05/09/2021, 05:14:16,404
SKGTLSE12,iTLS-Enso,13750,05/09/2021, 06:12:53,404
SKGTLSE12,iTLS-Enso,13750,05/09/2021, 07:13:28,404
SKGTLSE12,iTLS-Enso,13750,05/09/2021, 08:12:34,404
SKGTLSE12,iTLS-Enso,13750,05/09/2021, 09:11:37,404
SKGTLSE12,iTLS-Enso,13750,05/09/2021, 10:11:35,404
SKGTLSE12,iTLS-Enso,13750,05/09/2021, 11:09:24,404
SKGTLSE12,iTLS-Enso,13751,05/09/2021, 12:15:05,404
SKGTLSE12,iTLS-Enso,13751,05/09/2021, 13:20:02,404
SKGTLSE12,iTLS-Enso,13751,05/09/2021, 14:10:34,404
SKGTLSE12,iTLS-Enso,13751,05/09/2021, 15:11:32,404
SKGTLSE12,iTLS-Enso,13751,05/09/2021, 16:20:42,404
SKGTLSE12,iTLS-Enso,13751,05/09/2021, 17:35:01,404
SKGTLSE12,iTLS-Enso,13751,05/09/2021, 18:17:16,404
SKGTLSE12,iTLS-Enso,13751,05/09/2021, 19:11:40,404
SKGTLSE12,iTLS-Enso,13751,05/09/2021, 20:11:22,404
SKGTLSE12,iTLS-Enso,13752,05/09/2021, 21:10:15,404
SKGTLSE12,iTLS-Enso,13752,05/09/2021, 22:13:51,404
SKGTLSE12,iTLS-Enso,13752,05/09/2021, 23:11:00,404
SKGTLSE12,iTLS-Enso,13752,05/10/2021, 00:32:37,404
SKGTLSE12,iTLS-Enso,13754,05/10/2021, 02:06:01,404
SKGTLSE12,iTLS-Enso,13754,05/10/2021, 03:21:20,404
SKGTLSE12,iTLS-Enso,13754,05/10/2021, 04:16:38,404
SKGTLSE12,iTLS-Enso,13754,05/10/2021, 05:16:30,404
SKGTLSE12,iTLS-Enso,13754,05/10/2021, 06:13:11,404
SKGTLSE12,iTLS-Enso,13754,05/10/2021, 07:14:47,404
SKGTLSE12,iTLS-Enso,13754,05/10/2021, 08:13:10,404
SKGTLSE12,iTLS-Enso,13755,05/10/2021, 09:12:28,404
SKGTLSE12,iTLS-Enso,13755,05/10/2021, 10:11:41,404
SKGTLSE12,iTLS-Enso,13755,05/10/2021, 11:09:55,404
SKGTLSE12,iTLS-Enso,13755,05/10/2021, 12:15:37,404
SKGTLSE12,iTLS-Enso,13755,05/10/2021, 13:21:26,404
SKGTLSE12,iTLS-Enso,13755,05/10/2021, 14:11:18,404
SKGTLSE12,iTLS-Enso,13755,05/10/2021, 15:11:55,404
SKGTLSE12,iTLS-Enso,13755,05/10/2021, 16:20:37,404
SKGTLSE12,iTLS-Enso,13757,05/10/2021, 17:38:58,404
SKGTLSE12,iTLS-Enso,13757,05/10/2021, 18:22:56,404
SKGTLSE12,iTLS-Enso,13758,05/10/2021, 19:15:42,404
SKGTLSE12,iTLS-Enso,13759,05/10/2021, 20:12:05,404
SKGTLSE12,iTLS-Enso,13759,05/10/2021, 21:10:11,404
SKGTLSE12,iTLS-Enso,13761,05/10/2021, 22:13:52,404
SKGTLSE12,iTLS-Enso,13761,05/10/2021, 23:11:03,404
SKGTLSE12,iTLS-Enso,13761,05/11/2021, 00:32:09,404
SKGTLSE12,iTLS-Enso,13762,05/11/2021, 02:04:47,404
SKGTLSE12,iTLS-Enso,13762,05/11/2021, 03:20:06,404
SKGTLSE12,iTLS-Enso,13762,05/11/2021, 04:15:23,404
SKGTLSE12,iTLS-Enso,13762,05/11/2021, 05:15:51,404
SKGTLSE12,iTLS-Enso,13762,05/11/2021, 06:13:32,404
SKGTLSE12,iTLS-Enso,13762,05/11/2021, 07:14:19,404
SKGTLSE12,iTLS-Enso,13762,05/11/2021, 08:13:09,404
SKGTLSE12,iTLS-Enso,13762,05/11/2021, 09:11:37,404
SKGTLSE12,iTLS-Enso,13762,05/11/2021, 10:12:00,404
SKGTLSE12,iTLS-Enso,13762,05/11/2021, 11:09:29,404
SKGTLSE12,iTLS-Enso,13762,05/11/2021, 12:15:58,404
SKGTLSE12,iTLS-Enso,13762,05/11/2021, 13:22:19,404
SKGTLSE12,iTLS-Enso,13763,05/11/2021, 14:11:13,404
SKGTLSE12,iTLS-Enso,13763,05/11/2021, 15:12:05,404
SKGTLSE12,iTLS-Enso,13763,05/11/2021, 16:22:27,404
SKGTLSE12,iTLS-Enso,13763,05/11/2021, 17:39:06,404
SKGTLSE12,iTLS-Enso,13764,05/11/2021, 18:23:00,404
SKGTLSE12,iTLS-Enso,13765,05/11/2021, 19:16:09,404
SKGTLSE12,iTLS-Enso,13765,05/11/2021, 20:12:28,404
SKGTLSE12,iTLS-Enso,13765,05/11/2021, 21:10:12,404
SKGTLSE12,iTLS-Enso,13765,05/11/2021, 22:13:59,404
SKGTLSE12,iTLS-Enso,13765,05/11/2021, 23:11:18,404
SKGTLSE12,iTLS-Enso,13765,05/12/2021, 00:33:36,404
SKGTLSE12,iTLS-Enso,13767,05/12/2021, 02:05:53,404
SKGTLSE12,iTLS-Enso,13768,05/12/2021, 03:23:16,404
SKGTLSE12,iTLS-Enso,13768,05/12/2021, 04:19:32,404
SKGTLSE12,iTLS-Enso,13769,05/12/2021, 05:20:18,404
SKGTLSE12,iTLS-Enso,13769,05/12/2021, 06:19:54,404
SKGTLSE12,iTLS-Enso,13769,05/12/2021, 07:17:23,404
SKGTLSE12,iTLS-Enso,13769,05/12/2021, 08:14:16,404
SKGTLSE12,iTLS-Enso,13769,05/12/2021, 09:12:58,404
SKGTLSE12,iTLS-Enso,13769,05/12/2021, 10:13:16,404
SKGTLSE12,iTLS-Enso,13769,05/12/2021, 11:11:03,404
SKGTLSE12,iTLS-Enso,13770,05/12/2021, 12:18:42,404
SKGTLSE12,iTLS-Enso,13771,05/12/2021, 13:25:32,404
SKGTLSE12,iTLS-Enso,13772,05/12/2021, 14:13:25,404
SKGTLSE12,iTLS-Enso,13773,05/12/2021, 15:14:00,404
SKGTLSE12,iTLS-Enso,13773,05/12/2021, 16:26:59,404
SKGTLSE12,iTLS-Enso,13774,05/12/2021, 17:41:23,404
SKGTLSE12,iTLS-Enso,13774,05/12/2021, 18:27:08,404
SKGTLSE12,iTLS-Enso,13774,05/12/2021, 19:19:29,404
SKGTLSE12,iTLS-Enso,13774,05/12/2021, 20:13:48,404
SKGTLSE12,iTLS-Enso,13774,05/12/2021, 21:11:42,404
SKGTLSE12,iTLS-Enso,13774,05/12/2021, 22:15:30,404
SKGTLSE12,iTLS-Enso,13775,05/12/2021, 23:13:25,404
SKGTLSE12,iTLS-Enso,13775,05/13/2021, 00:41:53,404
SKGTLSE12,iTLS-Enso,13775,05/13/2021, 02:14:14,404
SKGTLSE12,iTLS-Enso,13775,05/13/2021, 03:25:05,404
SKGTLSE12,iTLS-Enso,13775,05/13/2021, 04:21:17,404
SKGTLSE12,iTLS-Enso,13775,05/13/2021, 05:21:39,404
SKGTLSE12,iTLS-Enso,13775,05/13/2021, 06:15:44,404
SKGTLSE12,iTLS-Enso,13776,05/13/2021, 07:18:33,404
SKGTLSE12,iTLS-Enso,13776,05/13/2021, 08:15:03,404
SKGTLSE12,iTLS-Enso,13776,05/13/2021, 09:13:23,404
SKGTLSE12,iTLS-Enso,13776,05/13/2021, 10:14:05,404
SKGTLSE12,iTLS-Enso,13777,05/13/2021, 11:12:14,404
SKGTLSE12,iTLS-Enso,13777,05/13/2021, 12:18:42,404
SKGTLSE12,iTLS-Enso,13777,05/13/2021, 13:24:59,404
SKGTLSE12,iTLS-Enso,13777,05/13/2021, 14:12:51,404
SKGTLSE12,iTLS-Enso,13777,05/13/2021, 15:14:11,404
SKGTLSE12,iTLS-Enso,13777,05/13/2021, 16:25:41,404
SKGTLSE12,iTLS-Enso,13778,05/13/2021, 17:41:47,404
SKGTLSE12,iTLS-Enso,13778,05/13/2021, 18:27:01,404
SKGTLSE12,iTLS-Enso,13778,05/13/2021, 19:20:32,404
SKGTLSE12,iTLS-Enso,13778,05/13/2021, 20:14:14,404
SKGTLSE12,iTLS-Enso,13779,05/13/2021, 21:12:12,404
SKGTLSE12,iTLS-Enso,13779,05/13/2021, 22:15:41,404
SKGTLSE12,iTLS-Enso,13780,05/13/2021, 23:16:27,404
SKGTLSE12,iTLS-Enso,13780,05/14/2021, 00:43:16,404
SKGTLSE12,iTLS-Enso,13780,05/14/2021, 02:15:20,404
SKGTLSE12,iTLS-Enso,13780,05/14/2021, 03:27:46,404
SKGTLSE12,iTLS-Enso,13780,05/14/2021, 04:22:11,404
SKGTLSE12,iTLS-Enso,13780,05/14/2021, 05:20:57,404
SKGTLSE12,iTLS-Enso,13780,05/14/2021, 06:15:38,404
SKGTLSE12,iTLS-Enso,13781,05/14/2021, 07:20:00,404
SKGTLSE12,iTLS-Enso,13781,05/14/2021, 08:16:23,404
SKGTLSE12,iTLS-Enso,13782,05/14/2021, 09:14:41,404
SKGTLSE12,iTLS-Enso,13782,05/14/2021, 10:14:15,404
SKGTLSE12,iTLS-Enso,13783,05/14/2021, 11:10:48,404
SKGTLSE12,iTLS-Enso,13783,05/14/2021, 12:18:15,404
SKGTLSE12,iTLS-Enso,13784,05/14/2021, 13:24:29,404
SKGTLSE12,iTLS-Enso,13784,05/14/2021, 16:26:34,404
SKGTLSE12,iTLS-Enso,13784,05/14/2021, 17:42:09,404
SKGTLSE12,iTLS-Enso,13785,05/14/2021, 18:28:13,404
SKGTLSE12,iTLS-Enso,13786,05/14/2021, 19:20:37,404
SKGTLSE12,iTLS-Enso,13786,05/14/2021, 20:14:00,404
SKGTLSE12,iTLS-Enso,13786,05/14/2021, 21:12:06,404
SKGTLSE12,iTLS-Enso,13788,05/14/2021, 22:15:23,404
SKGTLSE12,iTLS-Enso,13788,05/14/2021, 23:14:28,404
SKGTLSE12,iTLS-Enso,13788,05/15/2021, 00:40:57,404
SKGTLSE12,iTLS-Enso,13788,05/15/2021, 02:11:28,404
SKGTLSE12,iTLS-Enso,13788,05/15/2021, 03:23:01,404
SKGTLSE12,iTLS-Enso,13788,05/15/2021, 04:20:14,404
SKGTLSE12,iTLS-Enso,13789,05/15/2021, 05:19:46,404
SKGTLSE12,iTLS-Enso,13789,05/15/2021, 06:15:35,404
SKGTLSE12,iTLS-Enso,13789,05/15/2021, 07:18:13,404
SKGTLSE12,iTLS-Enso,13790,05/15/2021, 08:14:44,404
SKGTLSE12,iTLS-Enso,13790,05/15/2021, 09:13:06,404
SKGTLSE12,iTLS-Enso,13790,05/15/2021, 10:13:00,404
SKGTLSE12,iTLS-Enso,13790,05/15/2021, 11:11:07,404
SKGTLSE12,iTLS-Enso,13790,05/15/2021, 12:17:42,404
SKGTLSE12,iTLS-Enso,13791,05/15/2021, 13:23:20,404
SKGTLSE12,iTLS-Enso,13791,05/15/2021, 14:12:23,404
SKGTLSE12,iTLS-Enso,13791,05/15/2021, 15:13:22,404
SKGTLSE12,iTLS-Enso,13791,05/15/2021, 16:25:02,404
SKGTLSE12,iTLS-Enso,13794,05/15/2021, 17:40:30,404
SKGTLSE12,iTLS-Enso,13795,05/15/2021, 18:25:22,404
SKGTLSE12,iTLS-Enso,13795,05/15/2021, 19:18:31,404
SKGTLSE12,iTLS-Enso,13795,05/15/2021, 20:13:32,404
SKGTLSE12,iTLS-Enso,13796,05/15/2021, 21:11:39,404
SKGTLSE12,iTLS-Enso,13796,05/15/2021, 22:15:03,404
SKGTLSE12,iTLS-Enso,13798,05/15/2021, 23:13:20,404
SKGTLSE12,iTLS-Enso,13798,05/16/2021, 00:44:30,404
SKGTLSE12,iTLS-Enso,13799,05/16/2021, 02:19:34,404
SKGTLSE12,iTLS-Enso,13799,05/16/2021, 03:30:17,404
SKGTLSE12,iTLS-Enso,13800,05/16/2021, 04:24:31,404
SKGTLSE12,iTLS-Enso,13800,05/16/2021, 05:21:45,404
SKGTLSE12,iTLS-Enso,13801,05/16/2021, 17:42:50,404
SKGTLSE12,iTLS-Enso,13801,05/16/2021, 18:27:16,404
SKGTLSE12,iTLS-Enso,13803,05/16/2021, 19:19:20,404
SKGTLSE12,iTLS-Enso,13803,05/16/2021, 20:14:01,404
SKGTLSE12,iTLS-Enso,13804,05/16/2021, 21:11:33,404
SKGTLSE12,iTLS-Enso,13804,05/16/2021, 22:15:11,404
SKGTLSE12,iTLS-Enso,13804,05/16/2021, 23:13:10,404
SKGTLSE12,iTLS-Enso,13805,05/17/2021, 00:40:17,404
SKGTLSE12,iTLS-Enso,13805,05/17/2021, 02:14:48,404
SKGTLSE12,iTLS-Enso,13805,05/17/2021, 03:27:24,404
SKGTLSE12,iTLS-Enso,13805,05/17/2021, 04:22:25,404
SKGTLSE12,iTLS-Enso,13805,05/17/2021, 05:21:09,404
SKGTLSE12,iTLS-Enso,13805,05/17/2021, 06:15:52,404
SKGTLSE12,iTLS-Enso,13805,05/17/2021, 07:19:04,404
SKGTLSE12,iTLS-Enso,13805,05/17/2021, 08:14:53,404
SKGTLSE12,iTLS-Enso,13805,05/17/2021, 09:13:58,404
SKGTLSE12,iTLS-Enso,13805,05/17/2021, 10:15:03,404
SKGTLSE12,iTLS-Enso,13805,05/17/2021, 11:11:22,404
SKGTLSE12,iTLS-Enso,13805,05/17/2021, 12:19:13,404
SKGTLSE12,iTLS-Enso,13805,05/17/2021, 13:27:13,404
SKGTLSE12,iTLS-Enso,13805,05/17/2021, 14:12:24,404
SKGTLSE12,iTLS-Enso,13805,05/17/2021, 15:14:15,404
SKGTLSE12,iTLS-Enso,13805,05/17/2021, 16:26:50,404
SKGTLSE12,iTLS-Enso,13806,05/17/2021, 17:41:28,404
SKGTLSE12,iTLS-Enso,13806,05/17/2021, 18:27:48,404
SKGTLSE12,iTLS-Enso,13806,05/17/2021, 19:19:39,404
SKGTLSE12,iTLS-Enso,13806,05/17/2021, 20:14:00,404
SKGTLSE12,iTLS-Enso,13808,05/17/2021, 21:12:09,404
SKGTLSE12,iTLS-Enso,13808,05/17/2021, 22:15:34,404
SKGTLSE12,iTLS-Enso,13808,05/17/2021, 23:14:44,404
SKGTLSE12,iTLS-Enso,13808,05/18/2021, 00:44:40,404
SKGTLSE12,iTLS-Enso,13809,05/18/2021, 02:17:09,404
SKGTLSE12,iTLS-Enso,13810,05/18/2021, 03:27:43,404
SKGTLSE12,iTLS-Enso,13810,05/18/2021, 04:23:18,404
SKGTLSE12,iTLS-Enso,13810,05/18/2021, 05:21:54,404
SKGTLSE12,iTLS-Enso,13810,05/18/2021, 06:15:25,404
SKGTLSE12,iTLS-Enso,13810,05/18/2021, 07:37:29,404
SKGTLSE12,iTLS-Enso,13813,05/18/2021, 09:57:42,404
SKGTLSE12,iTLS-Enso,13813,05/18/2021, 10:57:35,404
SKGTLSE12,iTLS-Enso,13813,05/18/2021, 11:54:58,404
SKGTLSE12,iTLS-Enso,13813,05/18/2021, 18:44:04,404
SKGTLSE12,iTLS-Enso,13813,05/18/2021, 19:22:22,404
SKGTLSE12,iTLS-Enso,13813,05/18/2021, 20:18:46,404
SKGTLSE12,iTLS-Enso,13813,05/18/2021, 21:11:35,404
SKGTLSE12,iTLS-Enso,13813,05/18/2021, 22:15:28,404
SKGTLSE12,iTLS-Enso,13813,05/18/2021, 23:14:14,404
SKGTLSE12,iTLS-Enso,13813,05/19/2021, 00:40:49,404
SKGTLSE12,iTLS-Enso,13813,05/19/2021, 02:09:47,404
SKGTLSE12,iTLS-Enso,13813,05/19/2021, 03:22:38,404
SKGTLSE12,iTLS-Enso,13813,05/19/2021, 04:19:46,404
SKGTLSE12,iTLS-Enso,13813,05/19/2021, 05:20:46,404
SKGTLSE12,iTLS-Enso,13813,05/19/2021, 06:15:59,404
SKGTLSE12,iTLS-Enso,13814,05/19/2021, 07:19:04,404
SKGTLSE12,iTLS-Enso,13814,05/19/2021, 08:19:24,404
SKGTLSE12,iTLS-Enso,13814,05/19/2021, 09:19:18,404
SKGTLSE12,iTLS-Enso,13815,05/19/2021, 10:14:42,404
SKGTLSE12,iTLS-Enso,13816,05/19/2021, 11:11:59,404
SKGTLSE12,iTLS-Enso,13816,05/19/2021, 12:18:55,404
SKGTLSE12,iTLS-Enso,13816,05/19/2021, 13:25:04,404
SKGTLSE12,iTLS-Enso,13816,05/19/2021, 14:16:29,404
SKGTLSE12,iTLS-Enso,13816,05/19/2021, 15:18:59,404
SKGTLSE12,iTLS-Enso,13816,05/19/2021, 16:30:47,404
SKGTLSE12,iTLS-Enso,13816,05/19/2021, 17:42:06,404
SKGTLSE12,iTLS-Enso,13816,05/19/2021, 18:28:53,404
SKGTLSE12,iTLS-Enso,13816,05/19/2021, 19:21:00,404
SKGTLSE12,iTLS-Enso,13816,05/19/2021, 20:13:54,404
SKGTLSE12,iTLS-Enso,13817,05/19/2021, 21:11:37,404
SKGTLSE12,iTLS-Enso,13817,05/19/2021, 22:15:10,404
SKGTLSE12,iTLS-Enso,13817,05/19/2021, 23:13:52,404
SKGTLSE12,iTLS-Enso,13817,05/20/2021, 00:38:16,404
SKGTLSE12,iTLS-Enso,13818,05/20/2021, 02:09:58,404
SKGTLSE12,iTLS-Enso,13819,05/20/2021, 03:24:25,404
SKGTLSE12,iTLS-Enso,13820,05/20/2021, 04:21:20,404
SKGTLSE12,iTLS-Enso,13820,05/20/2021, 05:21:22,404
SKGTLSE12,iTLS-Enso,13821,05/20/2021, 06:15:58,404
SKGTLSE12,iTLS-Enso,13821,05/20/2021, 07:19:15,404
SKGTLSE12,iTLS-Enso,13821,05/20/2021, 08:15:10,404
SKGTLSE12,iTLS-Enso,13821,05/20/2021, 09:13:52,404
SKGTLSE12,iTLS-Enso,13821,05/20/2021, 10:13:44,404
SKGTLSE12,iTLS-Enso,13821,05/20/2021, 11:11:33,404
SKGTLSE12,iTLS-Enso,13821,05/20/2021, 12:19:08,404
SKGTLSE12,iTLS-Enso,13821,05/20/2021, 13:27:19,404
SKGTLSE12,iTLS-Enso,13821,05/20/2021, 14:16:10,404
SKGTLSE12,iTLS-Enso,13821,05/20/2021, 15:19:16,404
SKGTLSE12,iTLS-Enso,13821,05/20/2021, 16:32:02,404
SKGTLSE12,iTLS-Enso,13821,05/20/2021, 17:49:01,404
SKGTLSE12,iTLS-Enso,13822,05/20/2021, 18:30:29,404
SKGTLSE12,iTLS-Enso,13822,05/20/2021, 19:23:10,404
SKGTLSE12,iTLS-Enso,13822,05/20/2021, 20:12:02,404
SKGTLSE12,iTLS-Enso,13822,05/20/2021, 21:12:03,404
SKGTLSE12,iTLS-Enso,13822,05/20/2021, 22:14:58,404
SKGTLSE12,iTLS-Enso,13823,05/20/2021, 23:13:04,404
SKGTLSE12,iTLS-Enso,13823,05/21/2021, 00:42:07,404
SKGTLSE12,iTLS-Enso,13824,05/21/2021, 02:13:35,404
SKGTLSE12,iTLS-Enso,13825,05/21/2021, 03:26:03,404
SKGTLSE12,iTLS-Enso,13825,05/21/2021, 04:22:50,404
SKGTLSE12,iTLS-Enso,13825,05/21/2021, 05:21:59,404
SKGTLSE12,iTLS-Enso,13825,05/21/2021, 06:15:43,404
SKGTLSE12,iTLS-Enso,13826,05/21/2021, 07:22:01,404
SKGTLSE12,iTLS-Enso,13826,05/21/2021, 08:15:38,404
SKGTLSE12,iTLS-Enso,13826,05/21/2021, 09:15:27,404
SKGTLSE12,iTLS-Enso,13826,05/21/2021, 10:14:31,404
SKGTLSE12,iTLS-Enso,13826,05/21/2021, 11:11:24,404
SKGTLSE12,iTLS-Enso,13826,05/21/2021, 12:19:53,404
SKGTLSE12,iTLS-Enso,13826,05/21/2021, 13:27:07,404
SKGTLSE12,iTLS-Enso,13826,05/21/2021, 14:13:03,404
SKGTLSE12,iTLS-Enso,13826,05/21/2021, 15:13:56,404
SKGTLSE12,iTLS-Enso,13826,05/21/2021, 16:26:53,404
SKGTLSE12,iTLS-Enso,13826,05/21/2021, 17:45:26,404
SKGTLSE12,iTLS-Enso,13826,05/21/2021, 18:32:30,404
SKGTLSE12,iTLS-Enso,13826,05/21/2021, 19:26:39,404
SKGTLSE12,iTLS-Enso,13826,05/21/2021, 20:14:14,404
SKGTLSE12,iTLS-Enso,13827,05/21/2021, 21:12:05,404
SKGTLSE12,iTLS-Enso,13827,05/21/2021, 22:13:18,404
SKGTLSE12,iTLS-Enso,13828,05/21/2021, 23:13:24,404
SKGTLSE12,iTLS-Enso,13828,05/22/2021, 00:41:27,404
SKGTLSE12,iTLS-Enso,13828,05/22/2021, 02:12:33,404
SKGTLSE12,iTLS-Enso,13829,05/22/2021, 03:25:47,404
SKGTLSE12,iTLS-Enso,13829,05/22/2021, 04:23:45,404
SKGTLSE12,iTLS-Enso,13829,05/22/2021, 05:24:46,404
SKGTLSE12,iTLS-Enso,13829,05/22/2021, 06:15:32,404
SKGTLSE12,iTLS-Enso,13829,05/22/2021, 07:20:03,404
SKGTLSE12,iTLS-Enso,13830,05/22/2021, 08:15:01,404
SKGTLSE12,iTLS-Enso,13830,05/22/2021, 09:14:02,404
SKGTLSE12,iTLS-Enso,13830,05/22/2021, 10:14:29,404
SKGTLSE12,iTLS-Enso,13830,05/22/2021, 11:11:38,404
SKGTLSE12,iTLS-Enso,13830,05/22/2021, 12:18:26,404
SKGTLSE12,iTLS-Enso,13830,05/22/2021, 13:26:07,404
SKGTLSE12,iTLS-Enso,13830,05/22/2021, 14:11:24,404
SKGTLSE12,iTLS-Enso,13830,05/22/2021, 15:13:07,404
SKGTLSE12,iTLS-Enso,13832,05/22/2021, 16:25:25,404
SKGTLSE12,iTLS-Enso,13834,05/22/2021, 17:42:51,404
SKGTLSE12,iTLS-Enso,13834,05/22/2021, 18:30:21,404
SKGTLSE12,iTLS-Enso,13835,05/22/2021, 19:23:13,404
SKGTLSE12,iTLS-Enso,13835,05/22/2021, 20:13:45,404
SKGTLSE12,iTLS-Enso,13835,05/22/2021, 21:11:28,404
SKGTLSE12,iTLS-Enso,13835,05/22/2021, 22:12:40,404
SKGTLSE12,iTLS-Enso,13835,05/22/2021, 23:12:43,404
SKGTLSE12,iTLS-Enso,13836,05/23/2021, 00:47:19,404
SKGTLSE12,iTLS-Enso,13836,05/23/2021, 02:24:15,404
SKGTLSE12,iTLS-Enso,13836,05/23/2021, 03:36:39,404
SKGTLSE12,iTLS-Enso,13836,05/23/2021, 04:29:04,404
SKGTLSE12,iTLS-Enso,13836,05/23/2021, 05:26:11,404
SKGTLSE12,iTLS-Enso,13836,05/23/2021, 06:16:11,404
SKGTLSE12,iTLS-Enso,13837,05/23/2021, 07:19:51,404
SKGTLSE12,iTLS-Enso,13837,05/23/2021, 08:14:36,404
SKGTLSE12,iTLS-Enso,13837,05/23/2021, 09:13:30,404
SKGTLSE12,iTLS-Enso,13838,05/23/2021, 10:13:47,404
SKGTLSE12,iTLS-Enso,13838,05/23/2021, 11:10:46,404
SKGTLSE12,iTLS-Enso,13839,05/23/2021, 12:18:39,404
SKGTLSE12,iTLS-Enso,13839,05/23/2021, 13:27:18,404
SKGTLSE12,iTLS-Enso,13839,05/23/2021, 14:11:51,404
SKGTLSE12,iTLS-Enso,13839,05/23/2021, 15:13:20,404
SKGTLSE12,iTLS-Enso,13839,05/23/2021, 16:25:39,404
SKGTLSE12,iTLS-Enso,13839,05/23/2021, 17:42:00,404
SKGTLSE12,iTLS-Enso,13839,05/23/2021, 18:28:05,404
SKGTLSE12,iTLS-Enso,13839,05/23/2021, 19:21:33,404
SKGTLSE12,iTLS-Enso,13839,05/23/2021, 20:14:19,404
SKGTLSE12,iTLS-Enso,13841,05/23/2021, 21:11:37,404
SKGTLSE12,iTLS-Enso,13841,05/23/2021, 22:12:51,404
SKGTLSE12,iTLS-Enso,13841,05/23/2021, 23:13:08,404
SKGTLSE12,iTLS-Enso,13841,05/24/2021, 00:44:40,404
SKGTLSE12,iTLS-Enso,13841,05/24/2021, 02:22:30,404
SKGTLSE12,iTLS-Enso,13841,05/24/2021, 03:33:59,404
SKGTLSE12,iTLS-Enso,13841,05/24/2021, 04:27:35,404
SKGTLSE12,iTLS-Enso,13841,05/24/2021, 05:26:52,404
SKGTLSE12,iTLS-Enso,13841,05/24/2021, 06:18:10,404
SKGTLSE12,iTLS-Enso,13842,05/24/2021, 07:22:16,404
SKGTLSE12,iTLS-Enso,13842,05/24/2021, 08:15:08,404
SKGTLSE12,iTLS-Enso,13842,05/24/2021, 09:15:50,404
SKGTLSE12,iTLS-Enso,13843,05/24/2021, 10:17:39,404
SKGTLSE12,iTLS-Enso,13844,05/24/2021, 11:15:58,404
SKGTLSE12,iTLS-Enso,13844,05/24/2021, 12:20:10,404
SKGTLSE12,iTLS-Enso,13845,05/24/2021, 13:31:26,404
SKGTLSE12,iTLS-Enso,13846,05/24/2021, 14:16:50,404
SKGTLSE12,iTLS-Enso,13846,05/24/2021, 15:14:20,404
SKGTLSE12,iTLS-Enso,13847,05/24/2021, 16:32:10,404
SKGTLSE12,iTLS-Enso,13847,05/24/2021, 17:52:19,404
SKGTLSE12,iTLS-Enso,13847,05/24/2021, 18:35:49,404
SKGTLSE12,iTLS-Enso,13848,05/24/2021, 19:31:54,404
SKGTLSE12,iTLS-Enso,13848,05/24/2021, 20:14:46,404
SKGTLSE12,iTLS-Enso,13848,05/24/2021, 21:12:26,404
SKGTLSE12,iTLS-Enso,13848,05/24/2021, 22:14:24,404
SKGTLSE12,iTLS-Enso,13848,05/24/2021, 23:12:52,404
SKGTLSE12,iTLS-Enso,13848,05/25/2021, 00:43:43,404
SKGTLSE12,iTLS-Enso,13848,05/25/2021, 02:24:32,404
SKGTLSE12,iTLS-Enso,13848,05/25/2021, 03:42:21,404
SKGTLSE12,iTLS-Enso,13848,05/25/2021, 04:34:53,404
SKGTLSE12,iTLS-Enso,13848,05/25/2021, 05:36:27,404
SKGTLSE12,iTLS-Enso,13848,05/25/2021, 06:26:09,404
SKGTLSE12,iTLS-Enso,13848,05/25/2021, 07:28:29,404
SKGTLSE12,iTLS-Enso,13848,05/25/2021, 08:21:36,404
SKGTLSE12,iTLS-Enso,13848,05/25/2021, 09:23:41,404
SKGTLSE12,iTLS-Enso,13852,05/25/2021, 10:25:55,404
SKGTLSE12,iTLS-Enso,13852,05/25/2021, 11:19:54,404
SKGTLSE12,iTLS-Enso,13852,05/25/2021, 12:21:28,404
SKGTLSE12,iTLS-Enso,13853,05/25/2021, 13:35:49,404
SKGTLSE12,iTLS-Enso,13853,05/25/2021, 14:24:58,404
SKGTLSE12,iTLS-Enso,13853,05/25/2021, 15:14:26,404
SKGTLSE12,iTLS-Enso,13853,05/25/2021, 16:36:03,404
SKGTLSE12,iTLS-Enso,13853,05/25/2021, 18:02:07,404
SKGTLSE12,iTLS-Enso,13855,05/25/2021, 19:32:22,404
SKGTLSE12,iTLS-Enso,13855,05/25/2021, 20:16:10,404
SKGTLSE12,iTLS-Enso,13855,05/25/2021, 21:11:52,404
SKGTLSE12,iTLS-Enso,13855,05/25/2021, 22:15:16,404
SKGTLSE12,iTLS-Enso,13855,05/25/2021, 23:18:40,404
SKGTLSE12,iTLS-Enso,13855,05/26/2021, 00:52:52,404
SKGTLSE12,iTLS-Enso,13855,05/26/2021, 02:51:14,404
SKGTLSE12,iTLS-Enso,13855,05/26/2021, 04:09:05,404
SKGTLSE12,iTLS-Enso,13855,05/26/2021, 05:44:40,404
SKGTLSE12,iTLS-Enso,13855,05/26/2021, 06:34:13,404
SKGTLSE12,iTLS-Enso,13855,05/26/2021, 07:39:12,404
SKGTLSE12,iTLS-Enso,13855,05/26/2021, 08:27:46,404
SKGTLSE12,iTLS-Enso,13855,05/26/2021, 09:24:24,404
SKGTLSE12,iTLS-Enso,13855,05/26/2021, 10:26:01,404
SKGTLSE12,iTLS-Enso,13855,05/26/2021, 11:23:15,404
SKGTLSE12,iTLS-Enso,13855,05/26/2021, 12:23:51,404
SKGTLSE12,iTLS-Enso,13855,05/26/2021, 13:42:25,404
SKGTLSE12,iTLS-Enso,13855,05/26/2021, 14:31:56,404
SKGTLSE12,iTLS-Enso,13855,05/26/2021, 15:17:11,404
SKGTLSE12,iTLS-Enso,13856,05/26/2021, 16:41:17,404
SKGTLSE12,iTLS-Enso,13856,05/26/2021, 18:16:57,404
SKGTLSE12,iTLS-Enso,13856,05/26/2021, 19:48:09,404
SKGTLSE12,iTLS-Enso,13856,05/26/2021, 20:28:07,404
SKGTLSE12,iTLS-Enso,13856,05/26/2021, 21:18:05,404
SKGTLSE12,iTLS-Enso,13856,05/26/2021, 22:18:54,404
SKGTLSE12,iTLS-Enso,13857,05/26/2021, 23:20:44,404
SKGTLSE12,iTLS-Enso,13857,05/27/2021, 00:55:57,404
SKGTLSE12,iTLS-Enso,13862,05/27/2021, 03:12:12,404
SKGTLSE12,iTLS-Enso,13862,05/27/2021, 04:57:18,404
SKGTLSE12,iTLS-Enso,13863,05/27/2021, 05:58:54,404
SKGTLSE12,iTLS-Enso,13863,05/27/2021, 06:57:29,404
SKGTLSE12,iTLS-Enso,13863,05/27/2021, 07:56:13,404
SKGTLSE12,iTLS-Enso,13863,05/27/2021, 08:44:03,404
SKGTLSE12,iTLS-Enso,13863,05/27/2021, 09:37:41,404
SKGTLSE12,iTLS-Enso,13863,05/27/2021, 10:34:29,404
SKGTLSE12,iTLS-Enso,13864,05/27/2021, 11:31:58,404
SKGTLSE12,iTLS-Enso,13864,05/27/2021, 12:36:29,404
SKGTLSE12,iTLS-Enso,13864,05/27/2021, 13:47:46,404
SKGTLSE12,iTLS-Enso,13865,05/27/2021, 14:33:34,404
SKGTLSE12,iTLS-Enso,13865,05/27/2021, 15:28:51,404
SKGTLSE12,iTLS-Enso,13866,05/27/2021, 16:52:49,404
SKGTLSE12,iTLS-Enso,13866,05/27/2021, 18:28:35,404
SKGTLSE12,iTLS-Enso,13866,05/27/2021, 19:51:54,404
SKGTLSE12,iTLS-Enso,13866,05/27/2021, 20:24:28,404
SKGTLSE12,iTLS-Enso,13866,05/27/2021, 21:17:42,404
SKGTLSE12,iTLS-Enso,13866,05/27/2021, 22:20:49,404
SKGTLSE12,iTLS-Enso,13866,05/27/2021, 23:23:33,404
SKGTLSE12,iTLS-Enso,13869,05/28/2021, 01:02:16,404
SKGTLSE12,iTLS-Enso,13872,05/28/2021, 04:05:59,404
SKGTLSE12,iTLS-Enso,13872,05/28/2021, 06:15:57,404
SKGTLSE12,iTLS-Enso,13872,05/28/2021, 07:53:14,404
SKGTLSE12,iTLS-Enso,13873,05/28/2021, 08:43:01,404
SKGTLSE12,iTLS-Enso,13873,05/28/2021, 09:36:35,404
SKGTLSE12,iTLS-Enso,13873,05/28/2021, 10:40:34,404
SKGTLSE12,iTLS-Enso,13873,05/28/2021, 11:40:02,404
SKGTLSE12,iTLS-Enso,13873,05/28/2021, 12:40:30,404
SKGTLSE12,iTLS-Enso,13873,05/28/2021, 13:56:24,404
SKGTLSE12,iTLS-Enso,13873,05/28/2021, 14:35:03,404
SKGTLSE12,iTLS-Enso,13873,05/28/2021, 15:20:10,404
SKGTLSE12,iTLS-Enso,13873,05/28/2021, 16:51:15,404
SKGTLSE12,iTLS-Enso,13873,05/28/2021, 18:43:21,404
SKGTLSE12,iTLS-Enso,13873,05/28/2021, 20:07:45,404
SKGTLSE12,iTLS-Enso,13874,05/28/2021, 21:21:32,404
SKGTLSE12,iTLS-Enso,13875,05/28/2021, 22:23:54,404
SKGTLSE12,iTLS-Enso,13876,05/28/2021, 23:28:01,404
SKGTLSE12,iTLS-Enso,13877,05/29/2021, 01:14:11,404
SKGTLSE12,iTLS-Enso,13879,05/29/2021, 04:36:25,404
SKGTLSE12,iTLS-Enso,13879,05/29/2021, 06:44:47,404
SKGTLSE12,iTLS-Enso,13879,05/29/2021, 08:19:45,404
SKGTLSE12,iTLS-Enso,13879,05/29/2021, 09:47:25,404
SKGTLSE12,iTLS-Enso,13879,05/29/2021, 10:43:13,404
SKGTLSE12,iTLS-Enso,13880,05/29/2021, 11:39:18,404
SKGTLSE12,iTLS-Enso,13880,05/29/2021, 12:39:19,404
SKGTLSE12,iTLS-Enso,13880,05/29/2021, 14:06:55,404
SKGTLSE12,iTLS-Enso,13882,05/29/2021, 15:21:41,404
SKGTLSE12,iTLS-Enso,13883,05/29/2021, 16:56:14,404
SKGTLSE12,iTLS-Enso,13883,05/29/2021, 18:49:12,404
SKGTLSE12,iTLS-Enso,13885,05/29/2021, 20:13:29,404
SKGTLSE12,iTLS-Enso,13885,05/29/2021, 21:25:57,404
SKGTLSE12,iTLS-Enso,13887,05/29/2021, 22:26:08,404
SKGTLSE12,iTLS-Enso,13887,05/29/2021, 23:28:26,404
SKGTLSE12,iTLS-Enso,13888,05/30/2021, 01:22:21,404
SKGTLSE12,iTLS-Enso,13888,05/30/2021, 04:40:08,404
SKGTLSE12,iTLS-Enso,13889,05/30/2021, 06:38:38,404
SKGTLSE12,iTLS-Enso,13890,05/30/2021, 08:06:21,404
SKGTLSE12,iTLS-Enso,13890,05/30/2021, 09:39:07,404
SKGTLSE12,iTLS-Enso,13890,05/30/2021, 10:41:55,404
SKGTLSE12,iTLS-Enso,13890,05/30/2021, 11:40:50,404
SKGTLSE12,iTLS-Enso,13890,05/30/2021, 12:40:37,404
SKGTLSE12,iTLS-Enso,13890,05/30/2021, 14:05:48,404
SKGTLSE12,iTLS-Enso,13890,05/30/2021, 15:21:55,404
SKGTLSE12,iTLS-Enso,13890,05/30/2021, 16:55:26,404
SKGTLSE12,iTLS-Enso,13891,05/30/2021, 18:44:44,404
SKGTLSE12,iTLS-Enso,13892,05/30/2021, 20:11:59,404
SKGTLSE12,iTLS-Enso,13893,05/30/2021, 21:28:04,404
SKGTLSE12,iTLS-Enso,13893,05/30/2021, 22:28:22,404
SKGTLSE12,iTLS-Enso,13894,05/30/2021, 23:32:20,404
SKGTLSE12,iTLS-Enso,13895,05/31/2021, 01:35:32,404
SKGTLSE12,iTLS-Enso,13896,05/31/2021, 04:47:57,404
SKGTLSE12,iTLS-Enso,13896,05/31/2021, 06:47:12,404
SKGTLSE12,iTLS-Enso,13896,05/31/2021, 08:31:55,404
SKGTLSE12,iTLS-Enso,13896,05/31/2021, 09:56:57,404
SKGTLSE12,iTLS-Enso,13896,05/31/2021, 10:55:53,404
SKGTLSE12,iTLS-Enso,13897,05/31/2021, 11:56:50,404
SKGTLSE12,iTLS-Enso,13897,05/31/2021, 12:55:42,404
SKGTLSE12,iTLS-Enso,13897,05/31/2021, 14:08:52,404
SKGTLSE12,iTLS-Enso,13897,05/31/2021, 15:29:10,404
SKGTLSE12,iTLS-Enso,13897,05/31/2021, 17:13:16,404
SKGTLSE12,iTLS-Enso,13897,05/31/2021, 19:37:20,404
SKGTLSE12,iTLS-Enso,13897,05/31/2021, 21:06:51,404
SKGTLSE12,iTLS-Enso,13897,05/31/2021, 22:38:50,404
SKGTLSE12,iTLS-Enso,13897,05/31/2021, 23:40:42,404
SKGTLSE12,iTLS-Enso,13897,06/01/2021, 01:52:29,404
SKGTLSE12,iTLS-Enso,13900,06/01/2021, 05:21:42,404
SKGTLSE12,iTLS-Enso,13900,06/01/2021, 07:43:36,404
SKGTLSE12,iTLS-Enso,13901,06/01/2021, 09:15:32,404
SKGTLSE12,iTLS-Enso,13901,06/01/2021, 10:54:55,404
SKGTLSE12,iTLS-Enso,13901,06/01/2021, 11:52:11,404
SKGTLSE12,iTLS-Enso,13901,06/01/2021, 12:56:26,404
SKGTLSE12,iTLS-Enso,13901,06/01/2021, 14:25:14,404
SKGTLSE12,iTLS-Enso,13901,06/01/2021, 15:43:48,404
SKGTLSE12,iTLS-Enso,13901,06/01/2021, 17:36:56,404
SKGTLSE12,iTLS-Enso,13904,06/01/2021, 20:23:25,404
SKGTLSE12,iTLS-Enso,13905,06/01/2021, 22:11:11,404
SKGTLSE12,iTLS-Enso,13905,06/01/2021, 23:45:12,404
SKGTLSE12,iTLS-Enso,13905,06/02/2021, 02:00:15,404
SKGTLSE12,iTLS-Enso,13906,06/02/2021, 05:24:22,404
SKGTLSE12,iTLS-Enso,13907,06/02/2021, 07:46:55,404
SKGTLSE12,iTLS-Enso,13908,06/02/2021, 09:49:56,404
SKGTLSE12,iTLS-Enso,13908,06/02/2021, 11:19:09,404
SKGTLSE12,iTLS-Enso,13908,06/02/2021, 12:56:59,404
SKGTLSE12,iTLS-Enso,13908,06/02/2021, 14:40:29,404
SKGTLSE12,iTLS-Enso,13909,06/02/2021, 15:56:56,404
SKGTLSE12,iTLS-Enso,13909,06/02/2021, 17:53:24,404
SKGTLSE12,iTLS-Enso,13909,06/02/2021, 20:21:21,404
SKGTLSE12,iTLS-Enso,13910,06/02/2021, 22:09:46,404
SKGTLSE12,iTLS-Enso,13911,06/02/2021, 23:43:08,404
SKGTLSE12,iTLS-Enso,13911,06/03/2021, 01:39:27,404
SKGTLSE12,iTLS-Enso,13914,06/03/2021, 04:48:19,404
SKGTLSE12,iTLS-Enso,13914,06/03/2021, 06:46:43,404
SKGTLSE12,iTLS-Enso,13914,06/03/2021, 08:24:35,404
SKGTLSE12,iTLS-Enso,13915,06/03/2021, 09:55:46,404
SKGTLSE12,iTLS-Enso,13915,06/03/2021, 10:52:29,404
SKGTLSE12,iTLS-Enso,13918,06/03/2021, 11:53:37,404
SKGTLSE12,iTLS-Enso,13918,06/03/2021, 12:40:52,404
SKGTLSE12,iTLS-Enso,13919,06/03/2021, 14:03:39,404
SKGTLSE12,iTLS-Enso,13919,06/03/2021, 15:28:30,404
SKGTLSE12,iTLS-Enso,13919,06/03/2021, 17:19:52,404
SKGTLSE12,iTLS-Enso,13919,06/03/2021, 19:45:27,404
SKGTLSE12,iTLS-Enso,13919,06/03/2021, 21:11:19,404
SKGTLSE12,iTLS-Enso,13919,06/03/2021, 22:45:28,404
SKGTLSE12,iTLS-Enso,13919,06/03/2021, 23:49:14,404
SKGTLSE12,iTLS-Enso,13919,06/04/2021, 01:24:36,404
SKGTLSE12,iTLS-Enso,13919,06/04/2021, 04:06:49,404
SKGTLSE12,iTLS-Enso,13920,06/04/2021, 06:47:36,404
SKGTLSE12,iTLS-Enso,13921,06/04/2021, 08:49:07,404
SKGTLSE12,iTLS-Enso,13921,06/04/2021, 10:17:58,404
SKGTLSE12,iTLS-Enso,13921,06/04/2021, 12:05:46,404
SKGTLSE12,iTLS-Enso,13921,06/04/2021, 14:19:19,404
SKGTLSE12,iTLS-Enso,13923,06/04/2021, 15:41:27,404
SKGTLSE12,iTLS-Enso,13923,06/04/2021, 17:21:13,404
SKGTLSE12,iTLS-Enso,13923,06/04/2021, 19:33:41,404
SKGTLSE12,iTLS-Enso,13925,06/04/2021, 21:03:13,404
SKGTLSE12,iTLS-Enso,13925,06/04/2021, 22:36:05,404
SKGTLSE12,iTLS-Enso,13925,06/04/2021, 23:37:28,404
SKGTLSE12,iTLS-Enso,13926,06/05/2021, 01:05:25,404
SKGTLSE12,iTLS-Enso,13927,06/05/2021, 03:35:01,404
SKGTLSE12,iTLS-Enso,13927,06/05/2021, 05:11:33,404
SKGTLSE12,iTLS-Enso,13927,06/05/2021, 06:47:51,404
SKGTLSE12,iTLS-Enso,13927,06/05/2021, 07:49:52,404
SKGTLSE12,iTLS-Enso,13928,06/05/2021, 08:39:30,404
SKGTLSE12,iTLS-Enso,13928,06/05/2021, 09:37:29,404
SKGTLSE12,iTLS-Enso,13928,06/05/2021, 10:42:24,404
SKGTLSE12,iTLS-Enso,13928,06/05/2021, 11:40:55,404
SKGTLSE12,iTLS-Enso,13928,06/05/2021, 12:40:31,404
SKGTLSE12,iTLS-Enso,13928,06/05/2021, 14:01:01,404
SKGTLSE12,iTLS-Enso,13928,06/05/2021, 15:19:47,404
SKGTLSE12,iTLS-Enso,13928,06/05/2021, 16:48:23,404
SKGTLSE12,iTLS-Enso,13928,06/05/2021, 18:20:03,404
SKGTLSE12,iTLS-Enso,13928,06/05/2021, 19:52:52,404
SKGTLSE12,iTLS-Enso,13928,06/05/2021, 20:24:40,404
SKGTLSE12,iTLS-Enso,13929,06/05/2021, 21:18:44,404
SKGTLSE12,iTLS-Enso,13929,06/05/2021, 22:21:44,404
SKGTLSE12,iTLS-Enso,13929,06/05/2021, 23:24:23,404
SKGTLSE12,iTLS-Enso,13929,06/06/2021, 00:57:37,404
SKGTLSE12,iTLS-Enso,13929,06/06/2021, 03:04:04,404
SKGTLSE12,iTLS-Enso,13929,06/06/2021, 05:04:54,404
SKGTLSE12,iTLS-Enso,13930,06/06/2021, 06:41:26,404
SKGTLSE12,iTLS-Enso,13930,06/06/2021, 07:52:34,404
SKGTLSE12,iTLS-Enso,13930,06/06/2021, 08:42:58,404
SKGTLSE12,iTLS-Enso,13930,06/06/2021, 09:38:17,404
SKGTLSE12,iTLS-Enso,13930,06/06/2021, 10:41:00,404
SKGTLSE12,iTLS-Enso,13930,06/06/2021, 11:40:19,404
SKGTLSE12,iTLS-Enso,13930,06/06/2021, 12:40:43,404
SKGTLSE12,iTLS-Enso,13933,06/06/2021, 14:03:17,404
SKGTLSE12,iTLS-Enso,13933,06/06/2021, 15:20:02,404
SKGTLSE12,iTLS-Enso,13934,06/06/2021, 16:44:38,404
SKGTLSE12,iTLS-Enso,13934,06/06/2021, 18:17:24,404
SKGTLSE12,iTLS-Enso,13934,06/06/2021, 19:54:41,404
SKGTLSE12,iTLS-Enso,13934,06/06/2021, 20:27:16,404
SKGTLSE12,iTLS-Enso,13935,06/06/2021, 21:19:33,404
SKGTLSE12,iTLS-Enso,13935,06/06/2021, 22:21:11,404
SKGTLSE12,iTLS-Enso,13936,06/06/2021, 23:23:59,404
SKGTLSE12,iTLS-Enso,13936,06/07/2021, 00:58:47,404
SKGTLSE12,iTLS-Enso,13936,06/07/2021, 03:17:57,404
SKGTLSE12,iTLS-Enso,13936,06/07/2021, 05:30:51,404
SKGTLSE12,iTLS-Enso,13936,06/07/2021, 07:29:10,404
SKGTLSE12,iTLS-Enso,13936,06/07/2021, 09:19:49,404
SKGTLSE12,iTLS-Enso,13936,06/07/2021, 10:59:24,404
SKGTLSE12,iTLS-Enso,13936,06/07/2021, 11:56:35,404
SKGTLSE12,iTLS-Enso,13936,06/07/2021, 13:03:02,404
SKGTLSE12,iTLS-Enso,13936,06/07/2021, 14:31:06,404
SKGTLSE12,iTLS-Enso,13936,06/07/2021, 15:39:49,404
SKGTLSE12,iTLS-Enso,13936,06/07/2021, 17:13:00,404
SKGTLSE12,iTLS-Enso,13936,06/07/2021, 19:42:42,404
SKGTLSE12,iTLS-Enso,13937,06/07/2021, 21:10:52,404
SKGTLSE12,iTLS-Enso,13938,06/07/2021, 22:37:04,404
SKGTLSE12,iTLS-Enso,13938,06/07/2021, 23:33:17,404
SKGTLSE12,iTLS-Enso,13938,06/08/2021, 00:57:32,404
SKGTLSE12,iTLS-Enso,13938,06/08/2021, 02:51:42,404
SKGTLSE12,iTLS-Enso,13939,06/08/2021, 04:00:06,404
SKGTLSE12,iTLS-Enso,13939,06/08/2021, 05:07:26,404
SKGTLSE12,iTLS-Enso,13939,06/08/2021, 06:27:02,404
SKGTLSE12,iTLS-Enso,13939,06/08/2021, 07:26:45,404
SKGTLSE12,iTLS-Enso,13939,06/08/2021, 08:17:22,404
SKGTLSE12,iTLS-Enso,13939,06/08/2021, 09:19:54,404
SKGTLSE12,iTLS-Enso,13939,06/08/2021, 11:14:24,404
SKGTLSE12,iTLS-Enso,13939,06/08/2021, 12:21:55,404
SKGTLSE12,iTLS-Enso,13939,06/08/2021, 13:30:28,404
SKGTLSE12,iTLS-Enso,13939,06/08/2021, 14:17:41,404
SKGTLSE12,iTLS-Enso,13939,06/08/2021, 15:16:36,404
SKGTLSE12,iTLS-Enso,13939,06/08/2021, 16:31:55,404
SKGTLSE12,iTLS-Enso,13939,06/08/2021, 17:51:09,404
SKGTLSE12,iTLS-Enso,13940,06/08/2021, 18:38:07,404
SKGTLSE12,iTLS-Enso,13941,06/08/2021, 19:35:11,404
SKGTLSE12,iTLS-Enso,13941,06/08/2021, 20:17:39,404
SKGTLSE12,iTLS-Enso,13941,06/08/2021, 21:11:07,404
SKGTLSE12,iTLS-Enso,13941,06/08/2021, 22:12:00,404
SKGTLSE12,iTLS-Enso,13943,06/08/2021, 23:12:24,404
SKGTLSE12,iTLS-Enso,13943,06/09/2021, 00:39:37,404
SKGTLSE12,iTLS-Enso,13943,06/09/2021, 02:17:55,404
SKGTLSE12,iTLS-Enso,13944,06/09/2021, 03:36:06,404
SKGTLSE12,iTLS-Enso,13944,06/09/2021, 04:33:36,404
SKGTLSE12,iTLS-Enso,13944,06/09/2021, 05:35:32,404
SKGTLSE12,iTLS-Enso,13944,06/09/2021, 06:22:53,404
SKGTLSE12,iTLS-Enso,13945,06/09/2021, 07:24:03,404
SKGTLSE12,iTLS-Enso,13946,06/09/2021, 08:12:46,404
SKGTLSE12,iTLS-Enso,13946,06/09/2021, 09:15:51,404
SKGTLSE12,iTLS-Enso,13946,06/09/2021, 10:13:06,404
SKGTLSE12,iTLS-Enso,13946,06/09/2021, 11:11:01,404
SKGTLSE12,iTLS-Enso,13946,06/09/2021, 12:17:13,404
SKGTLSE12,iTLS-Enso,13946,06/09/2021, 13:27:47,404
SKGTLSE12,iTLS-Enso,13946,06/09/2021, 14:18:58,404
SKGTLSE12,iTLS-Enso,13946,06/09/2021, 15:14:49,404
SKGTLSE12,iTLS-Enso,13946,06/09/2021, 16:29:49,404
SKGTLSE12,iTLS-Enso,13946,06/09/2021, 17:40:38,404
SKGTLSE12,iTLS-Enso,13946,06/09/2021, 18:30:54,404
SKGTLSE12,iTLS-Enso,13946,06/09/2021, 19:24:27,404
SKGTLSE12,iTLS-Enso,13946,06/09/2021, 20:10:54,404
SKGTLSE12,iTLS-Enso,13946,06/09/2021, 21:10:23,404
SKGTLSE12,iTLS-Enso,13946,06/09/2021, 22:11:52,404
SKGTLSE12,iTLS-Enso,13947,06/09/2021, 23:12:17,404
SKGTLSE12,iTLS-Enso,13948,06/10/2021, 00:37:54,404
SKGTLSE12,iTLS-Enso,13948,06/10/2021, 02:14:18,404
SKGTLSE12,iTLS-Enso,13948,06/10/2021, 03:29:18,404
SKGTLSE12,iTLS-Enso,13948,06/10/2021, 04:28:10,404
SKGTLSE12,iTLS-Enso,13948,06/10/2021, 05:30:17,404
SKGTLSE12,iTLS-Enso,13948,06/10/2021, 06:18:39,404
SKGTLSE12,iTLS-Enso,13949,06/10/2021, 07:20:44,404
SKGTLSE12,iTLS-Enso,13949,06/10/2021, 08:17:50,404
SKGTLSE12,iTLS-Enso,13950,06/10/2021, 09:16:07,404
SKGTLSE12,iTLS-Enso,13950,06/10/2021, 10:17:50,404
SKGTLSE12,iTLS-Enso,13950,06/10/2021, 11:10:23,404
SKGTLSE12,iTLS-Enso,13951,06/10/2021, 12:21:44,404
SKGTLSE12,iTLS-Enso,13952,06/10/2021, 13:29:50,404
SKGTLSE12,iTLS-Enso,13952,06/10/2021, 14:14:03,404
SKGTLSE12,iTLS-Enso,13952,06/10/2021, 15:17:49,404
SKGTLSE12,iTLS-Enso,13953,06/10/2021, 16:25:20,404
SKGTLSE12,iTLS-Enso,13953,06/10/2021, 17:41:28,404
SKGTLSE12,iTLS-Enso,13954,06/10/2021, 18:29:28,404
SKGTLSE12,iTLS-Enso,13954,06/10/2021, 19:21:40,404
SKGTLSE12,iTLS-Enso,13954,06/10/2021, 20:11:08,404
SKGTLSE12,iTLS-Enso,13954,06/10/2021, 21:10:37,404
SKGTLSE12,iTLS-Enso,13954,06/10/2021, 22:11:15,404
SKGTLSE12,iTLS-Enso,13955,06/10/2021, 23:11:19,404
SKGTLSE12,iTLS-Enso,13956,06/11/2021, 00:35:35,404
SKGTLSE12,iTLS-Enso,13956,06/11/2021, 02:02:37,404
SKGTLSE12,iTLS-Enso,13956,06/11/2021, 03:19:53,404
SKGTLSE12,iTLS-Enso,13956,06/11/2021, 04:15:27,404
SKGTLSE12,iTLS-Enso,13957,06/11/2021, 05:17:23,404
SKGTLSE12,iTLS-Enso,13957,06/11/2021, 06:13:20,404
SKGTLSE12,iTLS-Enso,13960,06/11/2021, 07:14:30,404
SKGTLSE12,iTLS-Enso,13960,06/11/2021, 08:14:22,404
SKGTLSE12,iTLS-Enso,13961,06/11/2021, 09:15:48,404
SKGTLSE12,iTLS-Enso,13961,06/11/2021, 10:13:23,404
SKGTLSE12,iTLS-Enso,13961,06/11/2021, 11:09:30,404
SKGTLSE12,iTLS-Enso,13961,06/11/2021, 12:15:22,404
SKGTLSE12,iTLS-Enso,13961,06/11/2021, 13:22:46,404
SKGTLSE12,iTLS-Enso,13961,06/11/2021, 14:11:04,404
SKGTLSE12,iTLS-Enso,13961,06/11/2021, 15:16:51,404
SKGTLSE12,iTLS-Enso,13962,06/11/2021, 16:20:44,404
SKGTLSE12,iTLS-Enso,13962,06/11/2021, 17:28:27,404
SKGTLSE12,iTLS-Enso,13964,06/11/2021, 18:15:03,404
SKGTLSE12,iTLS-Enso,13964,06/11/2021, 19:10:25,404
SKGTLSE12,iTLS-Enso,13964,06/11/2021, 20:10:42,404
SKGTLSE12,iTLS-Enso,13964,06/11/2021, 21:09:52,404
SKGTLSE12,iTLS-Enso,13964,06/11/2021, 22:11:34,404
SKGTLSE12,iTLS-Enso,13965,06/11/2021, 23:11:21,404
SKGTLSE12,iTLS-Enso,13966,06/12/2021, 00:31:00,404
SKGTLSE12,iTLS-Enso,13968,06/12/2021, 01:52:23,404
SKGTLSE12,iTLS-Enso,13968,06/12/2021, 02:29:41,404
SKGTLSE12,iTLS-Enso,13968,06/12/2021, 03:13:40,404
SKGTLSE12,iTLS-Enso,13969,06/12/2021, 04:13:24,404
SKGTLSE12,iTLS-Enso,13969,06/12/2021, 05:13:57,404
SKGTLSE12,iTLS-Enso,13969,06/12/2021, 06:12:51,404
SKGTLSE12,iTLS-Enso,13969,06/12/2021, 07:13:12,404
SKGTLSE12,iTLS-Enso,13969,06/12/2021, 08:11:35,404
SKGTLSE12,iTLS-Enso,13971,06/12/2021, 09:10:34,404
SKGTLSE12,iTLS-Enso,13972,06/12/2021, 10:11:49,404
SKGTLSE12,iTLS-Enso,13972,06/12/2021, 11:09:34,404
SKGTLSE12,iTLS-Enso,13974,06/12/2021, 12:15:04,404
SKGTLSE12,iTLS-Enso,13974,06/12/2021, 13:21:23,404
SKGTLSE12,iTLS-Enso,13974,06/12/2021, 14:09:50,404
SKGTLSE12,iTLS-Enso,13975,06/12/2021, 15:11:55,404
SKGTLSE12,iTLS-Enso,13977,06/12/2021, 16:18:46,404
SKGTLSE12,iTLS-Enso,13980,06/12/2021, 17:25:30,404
SKGTLSE12,iTLS-Enso,13981,06/12/2021, 18:12:25,404
SKGTLSE12,iTLS-Enso,13981,06/12/2021, 19:11:50,404
SKGTLSE12,iTLS-Enso,13981,06/12/2021, 20:11:21,404
SKGTLSE12,iTLS-Enso,13982,06/12/2021, 21:09:53,404
SKGTLSE12,iTLS-Enso,13982,06/12/2021, 22:10:42,404
SKGTLSE12,iTLS-Enso,13982,06/12/2021, 23:10:48,404
SKGTLSE12,iTLS-Enso,13983,06/13/2021, 00:37:05,404
SKGTLSE12,iTLS-Enso,13984,06/13/2021, 01:59:52,404
SKGTLSE12,iTLS-Enso,13984,06/13/2021, 02:41:31,404
SKGTLSE12,iTLS-Enso,13985,06/13/2021, 03:14:24,404
SKGTLSE12,iTLS-Enso,13985,06/13/2021, 04:13:26,404
SKGTLSE12,iTLS-Enso,13987,06/13/2021, 05:14:05,404
SKGTLSE12,iTLS-Enso,13988,06/13/2021, 06:13:06,404
SKGTLSE12,iTLS-Enso,13988,06/13/2021, 07:13:29,404
SKGTLSE12,iTLS-Enso,13988,06/13/2021, 08:11:38,404
SKGTLSE12,iTLS-Enso,13991,06/13/2021, 09:10:53,404
SKGTLSE12,iTLS-Enso,13991,06/13/2021, 10:12:08,404
SKGTLSE12,iTLS-Enso,13991,06/13/2021, 11:09:22,404
SKGTLSE12,iTLS-Enso,13992,06/13/2021, 12:15:32,404
SKGTLSE12,iTLS-Enso,13992,06/13/2021, 13:22:31,404
SKGTLSE12,iTLS-Enso,13993,06/13/2021, 14:09:50,404
SKGTLSE12,iTLS-Enso,13993,06/13/2021, 15:11:43,404
SKGTLSE12,iTLS-Enso,13995,06/13/2021, 16:18:52,404
SKGTLSE12,iTLS-Enso,13996,06/13/2021, 17:25:28,404
SKGTLSE12,iTLS-Enso,13996,06/13/2021, 18:12:19,404
SKGTLSE12,iTLS-Enso,13996,06/13/2021, 19:11:26,404
SKGTLSE12,iTLS-Enso,13997,06/13/2021, 20:10:38,404
SKGTLSE12,iTLS-Enso,13997,06/13/2021, 21:10:04,404
SKGTLSE12,iTLS-Enso,13999,06/13/2021, 22:10:51,404
SKGTLSE12,iTLS-Enso,13999,06/13/2021, 23:11:07,404
SKGTLSE12,iTLS-Enso,14000,06/14/2021, 00:33:24,404
SKGTLSE12,iTLS-Enso,14001,06/14/2021, 01:59:09,404
SKGTLSE12,iTLS-Enso,14001,06/14/2021, 02:41:43,404
SKGTLSE12,iTLS-Enso,14001,06/14/2021, 03:15:13,404
SKGTLSE12,iTLS-Enso,14003,06/14/2021, 04:14:19,404
SKGTLSE12,iTLS-Enso,14003,06/14/2021, 05:15:15,404
SKGTLSE12,iTLS-Enso,14006,06/14/2021, 06:13:34,404
SKGTLSE12,iTLS-Enso,14006,06/14/2021, 07:15:54,404
SKGTLSE12,iTLS-Enso,14006,06/14/2021, 08:17:03,404
SKGTLSE12,iTLS-Enso,14006,06/14/2021, 09:15:52,404
SKGTLSE12,iTLS-Enso,14008,06/14/2021, 10:16:53,404
SKGTLSE12,iTLS-Enso,14009,06/14/2021, 11:09:42,404
SKGTLSE12,iTLS-Enso,14010,06/14/2021, 12:16:05,404
SKGTLSE12,iTLS-Enso,14010,06/14/2021, 13:27:53,404
SKGTLSE12,iTLS-Enso,14010,06/14/2021, 14:14:58,404
SKGTLSE12,iTLS-Enso,14013,06/14/2021, 15:16:52,404
SKGTLSE12,iTLS-Enso,14014,06/14/2021, 16:19:57,404
SKGTLSE12,iTLS-Enso,14015,06/14/2021, 17:26:47,404
SKGTLSE12,iTLS-Enso,14016,06/14/2021, 18:13:23,404
SKGTLSE12,iTLS-Enso,14016,06/14/2021, 19:10:26,404
SKGTLSE12,iTLS-Enso,14016,06/14/2021, 20:11:03,404
SKGTLSE12,iTLS-Enso,14016,06/14/2021, 21:10:13,404
SKGTLSE12,iTLS-Enso,14017,06/14/2021, 22:12:13,404
SKGTLSE12,iTLS-Enso,14019,06/14/2021, 23:11:27,404
SKGTLSE12,iTLS-Enso,14020,06/15/2021, 00:35:00,404
SKGTLSE12,iTLS-Enso,14021,06/15/2021, 02:06:40,404
SKGTLSE12,iTLS-Enso,14022,06/15/2021, 03:16:25,404
SKGTLSE12,iTLS-Enso,14022,06/15/2021, 04:14:23,404
SKGTLSE12,iTLS-Enso,14023,06/15/2021, 05:15:04,404
SKGTLSE12,iTLS-Enso,14026,06/15/2021, 06:13:25,404
SKGTLSE12,iTLS-Enso,14028,06/15/2021, 07:19:34,404
SKGTLSE12,iTLS-Enso,14028,06/15/2021, 08:17:00,404
SKGTLSE12,iTLS-Enso,14028,06/15/2021, 09:18:02,404
SKGTLSE12,iTLS-Enso,14029,06/15/2021, 10:16:15,404
SKGTLSE12,iTLS-Enso,14031,06/15/2021, 11:09:34,404
SKGTLSE12,iTLS-Enso,14032,06/15/2021, 12:20:50,404
SKGTLSE12,iTLS-Enso,14033,06/15/2021, 13:23:16,404
SKGTLSE12,iTLS-Enso,14033,06/15/2021, 14:10:18,404
SKGTLSE12,iTLS-Enso,14035,06/15/2021, 15:15:08,404
SKGTLSE12,iTLS-Enso,14036,06/15/2021, 16:20:57,404
SKGTLSE12,iTLS-Enso,14036,06/15/2021, 17:30:37,404
SKGTLSE12,iTLS-Enso,14037,06/15/2021, 18:15:49,404
SKGTLSE12,iTLS-Enso,14037,06/15/2021, 19:11:47,404
SKGTLSE12,iTLS-Enso,14039,06/15/2021, 20:11:07,404
SKGTLSE12,iTLS-Enso,14041,06/15/2021, 21:10:01,404
SKGTLSE12,iTLS-Enso,14041,06/15/2021, 22:11:16,404
SKGTLSE12,iTLS-Enso,14041,06/15/2021, 23:11:14,404
SKGTLSE12,iTLS-Enso,14042,06/16/2021, 00:35:44,404
SKGTLSE12,iTLS-Enso,14045,06/16/2021, 02:00:27,404
SKGTLSE12,iTLS-Enso,14045,06/16/2021, 02:42:43,404
SKGTLSE12,iTLS-Enso,14045,06/16/2021, 03:14:51,404
SKGTLSE12,iTLS-Enso,14045,06/16/2021, 04:14:03,404
SKGTLSE12,iTLS-Enso,14045,06/16/2021, 05:15:07,404
SKGTLSE12,iTLS-Enso,14045,06/16/2021, 06:13:34,404
SKGTLSE12,iTLS-Enso,14046,06/16/2021, 07:15:18,404
SKGTLSE12,iTLS-Enso,14046,06/16/2021, 08:12:12,404
SKGTLSE12,iTLS-Enso,14046,06/16/2021, 09:11:14,404
SKGTLSE12,iTLS-Enso,14046,06/16/2021, 10:12:29,404
SKGTLSE12,iTLS-Enso,14046,06/16/2021, 11:09:40,404
SKGTLSE12,iTLS-Enso,14046,06/16/2021, 12:16:31,404
SKGTLSE12,iTLS-Enso,14046,06/16/2021, 13:24:08,404
SKGTLSE12,iTLS-Enso,14047,06/16/2021, 14:12:34,404
SKGTLSE12,iTLS-Enso,14048,06/16/2021, 15:16:16,404
SKGTLSE12,iTLS-Enso,14050,06/16/2021, 16:20:02,404
SKGTLSE12,iTLS-Enso,14050,06/16/2021, 17:28:48,404
SKGTLSE12,iTLS-Enso,14050,06/16/2021, 18:14:45,404
SKGTLSE12,iTLS-Enso,14051,06/16/2021, 19:11:55,404
SKGTLSE12,iTLS-Enso,14052,06/16/2021, 20:11:14,404
SKGTLSE12,iTLS-Enso,14053,06/16/2021, 21:10:07,404
SKGTLSE12,iTLS-Enso,14054,06/16/2021, 22:11:01,404
SKGTLSE12,iTLS-Enso,14054,06/16/2021, 23:11:23,404
SKGTLSE12,iTLS-Enso,14054,06/17/2021, 00:34:02,404
SKGTLSE12,iTLS-Enso,14054,06/17/2021, 01:56:43,404
SKGTLSE12,iTLS-Enso,14054,06/17/2021, 02:33:31,404
SKGTLSE12,iTLS-Enso,14054,06/17/2021, 03:13:43,404
SKGTLSE12,iTLS-Enso,14056,06/17/2021, 04:13:48,404
SKGTLSE12,iTLS-Enso,14058,06/17/2021, 05:14:49,404
SKGTLSE12,iTLS-Enso,14060,06/17/2021, 06:13:51,404
SKGTLSE12,iTLS-Enso,14062,06/17/2021, 07:15:49,404
SKGTLSE12,iTLS-Enso,14063,06/17/2021, 08:16:56,404
SKGTLSE12,iTLS-Enso,14065,06/17/2021, 09:17:07,404
SKGTLSE12,iTLS-Enso,14066,06/17/2021, 10:16:50,404
SKGTLSE12,iTLS-Enso,14066,06/17/2021, 11:12:02,404
SKGTLSE12,iTLS-Enso,14066,06/17/2021, 12:20:55,404
SKGTLSE12,iTLS-Enso,14066,06/17/2021, 13:27:54,404
SKGTLSE12,iTLS-Enso,14066,06/17/2021, 14:10:33,404
SKGTLSE12,iTLS-Enso,14066,06/17/2021, 15:18:04,404
SKGTLSE12,iTLS-Enso,14066,06/17/2021, 16:20:45,404
SKGTLSE12,iTLS-Enso,14066,06/17/2021, 17:28:50,404
SKGTLSE12,iTLS-Enso,14066,06/17/2021, 18:14:47,404
SKGTLSE12,iTLS-Enso,14067,06/17/2021, 19:11:39,404
SKGTLSE12,iTLS-Enso,14067,06/17/2021, 20:11:28,404
SKGTLSE12,iTLS-Enso,14067,06/17/2021, 21:10:12,404
SKGTLSE12,iTLS-Enso,14068,06/17/2021, 22:11:29,404
SKGTLSE12,iTLS-Enso,14069,06/17/2021, 23:11:39,404
SKGTLSE12,iTLS-Enso,14069,06/18/2021, 00:34:32,404
SKGTLSE12,iTLS-Enso,14069,06/18/2021, 02:04:07,404
SKGTLSE12,iTLS-Enso,14070,06/18/2021, 03:14:42,404
SKGTLSE12,iTLS-Enso,14070,06/18/2021, 04:13:47,404
SKGTLSE12,iTLS-Enso,14070,06/18/2021, 05:14:21,404
SKGTLSE12,iTLS-Enso,14070,06/18/2021, 06:13:31,404
SKGTLSE12,iTLS-Enso,14071,06/18/2021, 07:15:00,404
SKGTLSE12,iTLS-Enso,14071,06/18/2021, 08:12:47,404
SKGTLSE12,iTLS-Enso,14071,06/18/2021, 09:15:50,404
SKGTLSE12,iTLS-Enso,14071,06/18/2021, 10:13:27,404
SKGTLSE12,iTLS-Enso,14071,06/18/2021, 11:09:36,404
SKGTLSE12,iTLS-Enso,14071,06/18/2021, 12:19:32,404
SKGTLSE12,iTLS-Enso,14071,06/18/2021, 13:24:15,404
SKGTLSE12,iTLS-Enso,14071,06/18/2021, 14:14:55,404
SKGTLSE12,iTLS-Enso,14073,06/18/2021, 15:13:59,404
SKGTLSE12,iTLS-Enso,14073,06/18/2021, 16:19:16,404
SKGTLSE12,iTLS-Enso,14074,06/18/2021, 17:27:19,404
SKGTLSE12,iTLS-Enso,14075,06/18/2021, 18:13:05,404
SKGTLSE12,iTLS-Enso,14075,06/18/2021, 19:10:17,404
SKGTLSE12,iTLS-Enso,14076,06/18/2021, 20:11:20,404
SKGTLSE12,iTLS-Enso,14087,06/18/2021, 21:10:31,404
SKGTLSE12,iTLS-Enso,14091,06/18/2021, 22:11:04,404
SKGTLSE12,iTLS-Enso,14105,06/18/2021, 23:11:27,404
SKGTLSE12,iTLS-Enso,14117,06/19/2021, 00:34:28,404
SKGTLSE12,iTLS-Enso,14132,06/19/2021, 02:02:27,404
SKGTLSE12,iTLS-Enso,14139,06/19/2021, 03:13:37,404
SKGTLSE12,iTLS-Enso,14148,06/19/2021, 04:13:34,404
SKGTLSE12,iTLS-Enso,14152,06/19/2021, 05:14:01,404
SKGTLSE12,iTLS-Enso,14154,06/19/2021, 06:13:17,404
SKGTLSE12,iTLS-Enso,14155,06/19/2021, 07:13:54,404
SKGTLSE12,iTLS-Enso,14156,06/19/2021, 08:11:46,404
SKGTLSE12,iTLS-Enso,14161,06/19/2021, 09:10:43,404
SKGTLSE12,iTLS-Enso,14163,06/19/2021, 10:12:03,404
SKGTLSE12,iTLS-Enso,14168,06/19/2021, 11:09:28,404
SKGTLSE12,iTLS-Enso,14173,06/19/2021, 12:15:17,404
SKGTLSE12,iTLS-Enso,14178,06/19/2021, 13:21:33,404
SKGTLSE12,iTLS-Enso,14184,06/19/2021, 14:09:46,404
SKGTLSE12,iTLS-Enso,14188,06/19/2021, 15:11:36,404
SKGTLSE12,iTLS-Enso,14194,06/19/2021, 16:17:39,404
SKGTLSE12,iTLS-Enso,14199,06/19/2021, 17:26:41,404
SKGTLSE12,iTLS-Enso,14202,06/19/2021, 18:12:09,404
SKGTLSE12,iTLS-Enso,14210,06/19/2021, 19:08:31,404
SKGTLSE12,iTLS-Enso,14215,06/19/2021, 20:10:58,404
SKGTLSE12,iTLS-Enso,14220,06/19/2021, 21:09:51,404
SKGTLSE12,iTLS-Enso,14228,06/19/2021, 22:10:33,404
SKGTLSE12,iTLS-Enso,14231,06/19/2021, 23:11:04,404
SKGTLSE12,iTLS-Enso,14234,06/20/2021, 00:36:55,404
SKGTLSE12,iTLS-Enso,14236,06/20/2021, 02:05:28,404
SKGTLSE12,iTLS-Enso,14238,06/20/2021, 03:14:02,404
SKGTLSE12,iTLS-Enso,14242,06/20/2021, 04:13:32,404
SKGTLSE12,iTLS-Enso,14245,06/20/2021, 05:13:25,404
SKGTLSE12,iTLS-Enso,14247,06/20/2021, 06:12:53,404
SKGTLSE12,iTLS-Enso,14249,06/20/2021, 07:13:29,404
SKGTLSE12,iTLS-Enso,14251,06/20/2021, 08:11:41,404
SKGTLSE12,iTLS-Enso,14254,06/20/2021, 09:10:43,404
SKGTLSE12,iTLS-Enso,14256,06/20/2021, 10:11:53,404
SKGTLSE12,iTLS-Enso,14259,06/20/2021, 11:09:07,404
SKGTLSE12,iTLS-Enso,14261,06/20/2021, 12:15:29,404
SKGTLSE12,iTLS-Enso,14263,06/20/2021, 13:21:43,404
SKGTLSE12,iTLS-Enso,14265,06/20/2021, 14:09:53,404
SKGTLSE12,iTLS-Enso,14268,06/20/2021, 15:11:53,404
SKGTLSE12,iTLS-Enso,14273,06/20/2021, 16:17:35,404
SKGTLSE12,iTLS-Enso,14283,06/20/2021, 17:23:59,404
SKGTLSE12,iTLS-Enso,14292,06/20/2021, 18:12:03,404
SKGTLSE12,iTLS-Enso,14297,06/20/2021, 19:08:31,404
SKGTLSE12,iTLS-Enso,14300,06/20/2021, 20:10:44,404
SKGTLSE12,iTLS-Enso,14304,06/20/2021, 21:09:44,404
SKGTLSE12,iTLS-Enso,14309,06/20/2021, 22:10:43,404
SKGTLSE12,iTLS-Enso,14312,06/20/2021, 23:10:55,404
SKGTLSE12,iTLS-Enso,14316,06/21/2021, 00:36:40,404
SKGTLSE12,iTLS-Enso,14319,06/21/2021, 02:05:07,404
SKGTLSE12,iTLS-Enso,14322,06/21/2021, 03:13:59,404
SKGTLSE12,iTLS-Enso,14324,06/21/2021, 04:13:40,404
SKGTLSE12,iTLS-Enso,14325,06/21/2021, 05:13:45,404
SKGTLSE12,iTLS-Enso,14328,06/21/2021, 06:13:33,404
SKGTLSE12,iTLS-Enso,14336,06/21/2021, 07:26:35,404
SKGTLSE12,iTLS-Enso,14336,06/21/2021, 08:21:13,404
SKGTLSE12,iTLS-Enso,14337,06/21/2021, 09:16:25,404
SKGTLSE12,iTLS-Enso,14337,06/21/2021, 10:16:26,404
SKGTLSE12,iTLS-Enso,14343,06/21/2021, 11:13:51,404
SKGTLSE12,iTLS-Enso,14343,06/21/2021, 12:16:40,404
SKGTLSE12,iTLS-Enso,14345,06/21/2021, 13:27:57,404
SKGTLSE12,iTLS-Enso,14347,06/21/2021, 14:15:56,404
SKGTLSE12,iTLS-Enso,14349,06/21/2021, 15:17:08,404
SKGTLSE12,iTLS-Enso,14351,06/21/2021, 16:21:16,404
SKGTLSE12,iTLS-Enso,14352,06/21/2021, 17:25:39,404
SKGTLSE12,iTLS-Enso,14355,06/21/2021, 18:12:35,404
SKGTLSE12,iTLS-Enso,14356,06/21/2021, 19:09:40,404
SKGTLSE12,iTLS-Enso,14357,06/21/2021, 20:11:03,404
SKGTLSE12,iTLS-Enso,14360,06/21/2021, 21:10:34,404
SKGTLSE12,iTLS-Enso,14362,06/21/2021, 22:11:05,404
SKGTLSE12,iTLS-Enso,14364,06/21/2021, 23:11:26,404
SKGTLSE12,iTLS-Enso,14369,06/22/2021, 00:33:02,404
SKGTLSE12,iTLS-Enso,14372,06/22/2021, 01:54:45,404
SKGTLSE12,iTLS-Enso,14374,06/22/2021, 02:30:04,404
SKGTLSE12,iTLS-Enso,14376,06/22/2021, 03:11:26,404
SKGTLSE12,iTLS-Enso,14376,06/22/2021, 04:14:03,404
SKGTLSE12,iTLS-Enso,14382,06/22/2021, 05:13:50,404
SKGTLSE12,iTLS-Enso,14386,06/22/2021, 06:13:27,404
SKGTLSE12,iTLS-Enso,14387,06/22/2021, 07:14:17,404
SKGTLSE12,iTLS-Enso,14388,06/22/2021, 08:12:26,404
SKGTLSE12,iTLS-Enso,14390,06/22/2021, 09:15:54,404
SKGTLSE12,iTLS-Enso,14394,06/22/2021, 10:16:51,404
SKGTLSE12,iTLS-Enso,14395,06/22/2021, 11:09:28,404
SKGTLSE12,iTLS-Enso,14397,06/22/2021, 12:16:32,404
SKGTLSE12,iTLS-Enso,14399,06/22/2021, 13:22:47,404
SKGTLSE12,iTLS-Enso,14401,06/22/2021, 14:10:34,404
SKGTLSE12,iTLS-Enso,14401,06/22/2021, 15:13:42,404
SKGTLSE12,iTLS-Enso,14404,06/22/2021, 16:19:49,404
SKGTLSE12,iTLS-Enso,14405,06/22/2021, 17:25:31,404
SKGTLSE12,iTLS-Enso,14408,06/22/2021, 18:12:08,404
SKGTLSE12,iTLS-Enso,14410,06/22/2021, 19:09:37,404
SKGTLSE12,iTLS-Enso,14414,06/22/2021, 20:11:09,404
SKGTLSE12,iTLS-Enso,14414,06/22/2021, 21:09:46,404
SKGTLSE12,iTLS-Enso,14416,06/22/2021, 22:11:32,404
SKGTLSE12,iTLS-Enso,14418,06/22/2021, 23:10:40,404
SKGTLSE12,iTLS-Enso,14419,06/23/2021, 00:33:14,404
SKGTLSE12,iTLS-Enso,14420,06/23/2021, 01:45:42,404
SKGTLSE12,iTLS-Enso,14420,06/23/2021, 02:22:33,404
SKGTLSE12,iTLS-Enso,14423,06/23/2021, 03:10:47,404
SKGTLSE12,iTLS-Enso,14424,06/23/2021, 04:12:50,404
SKGTLSE12,iTLS-Enso,14426,06/23/2021, 05:09:14,404
SKGTLSE12,iTLS-Enso,14429,06/23/2021, 06:12:28,404
SKGTLSE12,iTLS-Enso,14434,06/23/2021, 07:09:29,404
SKGTLSE12,iTLS-Enso,14436,06/23/2021, 08:12:12,404
SKGTLSE12,iTLS-Enso,14437,06/23/2021, 09:14:49,404
SKGTLSE12,iTLS-Enso,14437,06/23/2021, 10:15:49,404
SKGTLSE12,iTLS-Enso,14438,06/23/2021, 11:09:59,404
SKGTLSE12,iTLS-Enso,14439,06/23/2021, 12:13:02,404
SKGTLSE12,iTLS-Enso,14444,06/23/2021, 13:17:37,404
SKGTLSE12,iTLS-Enso,14446,06/23/2021, 14:11:56,404
SKGTLSE12,iTLS-Enso,14451,06/23/2021, 15:11:56,404
SKGTLSE12,iTLS-Enso,14452,06/23/2021, 16:17:28,404
SKGTLSE12,iTLS-Enso,14455,06/23/2021, 17:15:38,404
SKGTLSE12,iTLS-Enso,14458,06/23/2021, 18:15:45,404
SKGTLSE12,iTLS-Enso,14459,06/23/2021, 19:08:16,404
SKGTLSE12,iTLS-Enso,14460,06/23/2021, 20:10:23,404
SKGTLSE12,iTLS-Enso,14462,06/23/2021, 21:09:28,404
SKGTLSE12,iTLS-Enso,14463,06/23/2021, 22:10:04,404
SKGTLSE12,iTLS-Enso,14464,06/23/2021, 23:10:32,404
SKGTLSE12,iTLS-Enso,14467,06/24/2021, 00:48:23,404
SKGTLSE12,iTLS-Enso,14467,06/24/2021, 01:49:49,404
SKGTLSE12,iTLS-Enso,14468,06/24/2021, 02:21:06,404
SKGTLSE12,iTLS-Enso,14469,06/24/2021, 03:13:20,404
SKGTLSE12,iTLS-Enso,14470,06/24/2021, 04:15:19,404
SKGTLSE12,iTLS-Enso,14470,06/24/2021, 05:10:10,404
SKGTLSE12,iTLS-Enso,14472,06/24/2021, 06:14:20,404
SKGTLSE12,iTLS-Enso,14473,06/24/2021, 07:10:23,404
SKGTLSE12,iTLS-Enso,14473,06/24/2021, 08:16:15,404
SKGTLSE12,iTLS-Enso,14474,06/24/2021, 09:15:48,404
SKGTLSE12,iTLS-Enso,14476,06/24/2021, 10:16:50,404
SKGTLSE12,iTLS-Enso,14476,06/24/2021, 11:09:02,404
SKGTLSE12,iTLS-Enso,14477,06/24/2021, 12:17:16,404
SKGTLSE12,iTLS-Enso,14480,06/24/2021, 13:22:49,404
SKGTLSE12,iTLS-Enso,14482,06/24/2021, 14:14:55,404
SKGTLSE12,iTLS-Enso,14483,06/24/2021, 15:17:55,404
SKGTLSE12,iTLS-Enso,14484,06/24/2021, 16:18:06,404
SKGTLSE12,iTLS-Enso,14485,06/24/2021, 17:18:43,404
SKGTLSE12,iTLS-Enso,14486,06/24/2021, 18:14:08,404
SKGTLSE12,iTLS-Enso,14487,06/24/2021, 19:09:04,404
SKGTLSE12,iTLS-Enso,14488,06/24/2021, 20:09:47,404
SKGTLSE12,iTLS-Enso,14490,06/24/2021, 21:11:14,404
SKGTLSE12,iTLS-Enso,14490,06/24/2021, 22:11:05,404
SKGTLSE12,iTLS-Enso,14491,06/24/2021, 23:11:18,404
SKGTLSE12,iTLS-Enso,14492,06/25/2021, 00:37:49,404
SKGTLSE12,iTLS-Enso,14493,06/25/2021, 01:58:16,404
SKGTLSE12,iTLS-Enso,14495,06/25/2021, 02:31:25,404
SKGTLSE12,iTLS-Enso,14496,06/25/2021, 03:12:23,404
SKGTLSE12,iTLS-Enso,14499,06/25/2021, 04:13:45,404
SKGTLSE12,iTLS-Enso,14500,06/25/2021, 05:09:27,404
SKGTLSE12,iTLS-Enso,14502,06/25/2021, 06:14:00,404
SKGTLSE12,iTLS-Enso,14503,06/25/2021, 07:08:44,404
SKGTLSE12,iTLS-Enso,14503,06/25/2021, 08:12:12,404
SKGTLSE12,iTLS-Enso,14503,06/25/2021, 09:14:29,404
SKGTLSE12,iTLS-Enso,14503,06/25/2021, 10:11:57,404
SKGTLSE12,iTLS-Enso,14503,06/25/2021, 11:09:21,404
SKGTLSE12,iTLS-Enso,14503,06/25/2021, 12:16:14,404
SKGTLSE12,iTLS-Enso,14504,06/25/2021, 13:18:22,404
SKGTLSE12,iTLS-Enso,14504,06/25/2021, 14:14:56,404
SKGTLSE12,iTLS-Enso,14504,06/25/2021, 15:12:35,404
SKGTLSE12,iTLS-Enso,14505,06/25/2021, 16:16:35,404
SKGTLSE12,iTLS-Enso,14507,06/25/2021, 17:20:28,404
SKGTLSE12,iTLS-Enso,14507,06/25/2021, 18:12:42,404
SKGTLSE12,iTLS-Enso,14509,06/25/2021, 19:08:45,404
SKGTLSE12,iTLS-Enso,14512,06/25/2021, 20:11:11,404
SKGTLSE12,iTLS-Enso,14515,06/25/2021, 21:10:23,404
SKGTLSE12,iTLS-Enso,14518,06/25/2021, 22:10:53,404
SKGTLSE12,iTLS-Enso,14520,06/25/2021, 23:11:00,404
SKGTLSE12,iTLS-Enso,14520,06/26/2021, 00:33:27,404
SKGTLSE12,iTLS-Enso,14521,06/26/2021, 01:49:52,404
SKGTLSE12,iTLS-Enso,14522,06/26/2021, 02:22:50,404
SKGTLSE12,iTLS-Enso,14522,06/26/2021, 03:12:20,404
SKGTLSE12,iTLS-Enso,14522,06/26/2021, 04:13:42,404
SKGTLSE12,iTLS-Enso,14522,06/26/2021, 05:09:12,404
SKGTLSE12,iTLS-Enso,14523,06/26/2021, 06:13:26,404
SKGTLSE12,iTLS-Enso,14525,06/26/2021, 07:09:41,404
SKGTLSE12,iTLS-Enso,14527,06/26/2021, 08:11:46,404
SKGTLSE12,iTLS-Enso,14528,06/26/2021, 09:11:17,404
SKGTLSE12,iTLS-Enso,14528,06/26/2021, 10:11:42,404
SKGTLSE12,iTLS-Enso,14528,06/26/2021, 11:09:00,404
SKGTLSE12,iTLS-Enso,14528,06/26/2021, 12:15:33,404
SKGTLSE12,iTLS-Enso,14529,06/26/2021, 13:16:22,404
SKGTLSE12,iTLS-Enso,14531,06/26/2021, 14:09:29,404
SKGTLSE12,iTLS-Enso,14532,06/26/2021, 15:12:06,404
SKGTLSE12,iTLS-Enso,14532,06/26/2021, 16:15:38,404
SKGTLSE12,iTLS-Enso,14536,06/26/2021, 17:16:47,404
SKGTLSE12,iTLS-Enso,14536,06/26/2021, 18:12:46,404
SKGTLSE12,iTLS-Enso,14536,06/26/2021, 19:08:30,404
SKGTLSE12,iTLS-Enso,14537,06/26/2021, 20:10:21,404
SKGTLSE12,iTLS-Enso,14539,06/26/2021, 21:10:24,404
SKGTLSE12,iTLS-Enso,14541,06/26/2021, 22:10:15,404
SKGTLSE12,iTLS-Enso,14541,06/26/2021, 23:10:37,404
SKGTLSE12,iTLS-Enso,14541,06/27/2021, 00:39:07,404
SKGTLSE12,iTLS-Enso,14542,06/27/2021, 01:59:46,404
SKGTLSE12,iTLS-Enso,14542,06/27/2021, 02:34:13,404
SKGTLSE12,iTLS-Enso,14545,06/27/2021, 03:12:12,404
SKGTLSE12,iTLS-Enso,14548,06/27/2021, 04:13:34,404
SKGTLSE12,iTLS-Enso,14552,06/27/2021, 05:09:23,404
SKGTLSE12,iTLS-Enso,14552,06/27/2021, 06:13:20,404
SKGTLSE12,iTLS-Enso,14552,06/27/2021, 07:09:45,404
SKGTLSE12,iTLS-Enso,14552,06/27/2021, 08:11:58,404
SKGTLSE12,iTLS-Enso,14552,06/27/2021, 09:11:35,404
SKGTLSE12,iTLS-Enso,14552,06/27/2021, 10:11:24,404
SKGTLSE12,iTLS-Enso,14553,06/27/2021, 11:08:59,404
SKGTLSE12,iTLS-Enso,14555,06/27/2021, 12:16:03,404
SKGTLSE12,iTLS-Enso,14556,06/27/2021, 13:16:30,404
SKGTLSE12,iTLS-Enso,14556,06/27/2021, 14:09:45,404
SKGTLSE12,iTLS-Enso,14558,06/27/2021, 15:12:08,404
SKGTLSE12,iTLS-Enso,14559,06/27/2021, 16:15:33,404
SKGTLSE12,iTLS-Enso,14559,06/27/2021, 17:16:37,404
SKGTLSE12,iTLS-Enso,14563,06/27/2021, 18:12:39,404
SKGTLSE12,iTLS-Enso,14564,06/27/2021, 19:08:33,404
SKGTLSE12,iTLS-Enso,14567,06/27/2021, 20:10:27,404
SKGTLSE12,iTLS-Enso,14567,06/27/2021, 21:10:20,404
SKGTLSE12,iTLS-Enso,14570,06/27/2021, 22:10:10,404
SKGTLSE12,iTLS-Enso,14571,06/27/2021, 23:11:10,404
SKGTLSE12,iTLS-Enso,14575,06/28/2021, 00:37:28,404
SKGTLSE12,iTLS-Enso,14578,06/28/2021, 01:55:24,404
SKGTLSE12,iTLS-Enso,14578,06/28/2021, 02:27:54,404
SKGTLSE12,iTLS-Enso,14579,06/28/2021, 03:12:40,404
SKGTLSE12,iTLS-Enso,14581,06/28/2021, 04:14:01,404
SKGTLSE12,iTLS-Enso,14584,06/28/2021, 05:09:39,404
SKGTLSE12,iTLS-Enso,14585,06/28/2021, 06:14:11,404
SKGTLSE12,iTLS-Enso,14585,06/28/2021, 07:09:54,404
SKGTLSE12,iTLS-Enso,14586,06/28/2021, 08:16:51,404
SKGTLSE12,iTLS-Enso,14589,06/28/2021, 09:16:52,404
SKGTLSE12,iTLS-Enso,14590,06/28/2021, 10:16:55,404
SKGTLSE12,iTLS-Enso,14590,06/28/2021, 11:13:49,404
SKGTLSE12,iTLS-Enso,14592,06/28/2021, 12:22:01,404
SKGTLSE12,iTLS-Enso,14594,06/28/2021, 13:24:03,404
SKGTLSE12,iTLS-Enso,14595,06/28/2021, 14:14:50,404
SKGTLSE12,iTLS-Enso,14595,06/28/2021, 15:16:54,404
SKGTLSE12,iTLS-Enso,14597,06/28/2021, 16:20:29,404
SKGTLSE12,iTLS-Enso,14599,06/28/2021, 17:44:19,404
SKGTLSE12,iTLS-Enso,14599,06/28/2021, 18:27:09,404
SKGTLSE12,iTLS-Enso,14600,06/28/2021, 19:14:52,404
SKGTLSE12,iTLS-Enso,14604,06/28/2021, 20:10:57,404
SKGTLSE12,iTLS-Enso,14608,06/28/2021, 21:10:28,404
SKGTLSE12,iTLS-Enso,14609,06/28/2021, 22:10:41,404
SKGTLSE12,iTLS-Enso,14609,06/28/2021, 23:11:03,404
SKGTLSE12,iTLS-Enso,14616,06/29/2021, 00:34:57,404
SKGTLSE12,iTLS-Enso,14618,06/29/2021, 01:52:38,404
SKGTLSE12,iTLS-Enso,14618,06/29/2021, 02:25:14,404
SKGTLSE12,iTLS-Enso,14618,06/29/2021, 03:12:47,404
SKGTLSE12,iTLS-Enso,14618,06/29/2021, 04:13:48,404
SKGTLSE12,iTLS-Enso,14618,06/29/2021, 05:09:41,404
SKGTLSE12,iTLS-Enso,14622,06/29/2021, 06:13:59,404
SKGTLSE12,iTLS-Enso,14622,06/29/2021, 07:09:39,404
SKGTLSE12,iTLS-Enso,14622,06/29/2021, 08:16:56,404
SKGTLSE12,iTLS-Enso,14622,06/29/2021, 09:17:10,404
SKGTLSE12,iTLS-Enso,14624,06/29/2021, 10:17:00,404
SKGTLSE12,iTLS-Enso,14625,06/29/2021, 11:09:41,404
SKGTLSE12,iTLS-Enso,14627,06/29/2021, 12:21:57,404
SKGTLSE12,iTLS-Enso,14628,06/29/2021, 13:18:17,404
SKGTLSE12,iTLS-Enso,14632,06/29/2021, 14:14:56,404
SKGTLSE12,iTLS-Enso,14636,06/29/2021, 15:16:03,404
SKGTLSE12,iTLS-Enso,14637,06/29/2021, 16:19:27,404
SKGTLSE12,iTLS-Enso,14638,06/29/2021, 17:23:46,404
SKGTLSE12,iTLS-Enso,14638,06/29/2021, 18:14:29,404
SKGTLSE12,iTLS-Enso,14638,06/29/2021, 19:09:41,404
SKGTLSE12,iTLS-Enso,14639,06/29/2021, 20:10:51,404
SKGTLSE12,iTLS-Enso,14643,06/29/2021, 21:11:11,404
SKGTLSE12,iTLS-Enso,14645,06/29/2021, 22:10:50,404
SKGTLSE12,iTLS-Enso,14646,06/29/2021, 23:11:09,404
SKGTLSE12,iTLS-Enso,14647,06/30/2021, 00:38:19,404
SKGTLSE12,iTLS-Enso,14648,06/30/2021, 01:58:21,404
SKGTLSE12,iTLS-Enso,14649,06/30/2021, 02:31:24,404
SKGTLSE12,iTLS-Enso,14650,06/30/2021, 03:12:28,404
SKGTLSE12,iTLS-Enso,14653,06/30/2021, 04:13:57,404
SKGTLSE12,iTLS-Enso,14653,06/30/2021, 05:09:34,404
SKGTLSE12,iTLS-Enso,14654,06/30/2021, 06:18:09,404
SKGTLSE12,iTLS-Enso,14656,06/30/2021, 07:10:02,404
SKGTLSE12,iTLS-Enso,14660,06/30/2021, 08:16:50,404
SKGTLSE12,iTLS-Enso,14660,06/30/2021, 09:16:53,404
SKGTLSE12,iTLS-Enso,14661,06/30/2021, 10:16:48,404
SKGTLSE12,iTLS-Enso,14661,06/30/2021, 11:13:56,404
SKGTLSE12,iTLS-Enso,14662,06/30/2021, 12:20:53,404
SKGTLSE12,iTLS-Enso,14662,06/30/2021, 13:22:49,404
SKGTLSE12,iTLS-Enso,14662,06/30/2021, 14:15:18,404
SKGTLSE12,iTLS-Enso,14663,06/30/2021, 15:16:49,404
SKGTLSE12,iTLS-Enso,14664,06/30/2021, 16:20:48,404
SKGTLSE12,iTLS-Enso,14665,06/30/2021, 17:23:26,404
SKGTLSE12,iTLS-Enso,14665,06/30/2021, 18:17:49,404
SKGTLSE12,iTLS-Enso,14666,06/30/2021, 19:08:57,404
SKGTLSE12,iTLS-Enso,14667,06/30/2021, 20:15:46,404
SKGTLSE12,iTLS-Enso,14670,06/30/2021, 21:10:27,404
SKGTLSE12,iTLS-Enso,14673,06/30/2021, 22:10:37,404
SKGTLSE12,iTLS-Enso,14674,06/30/2021, 23:10:15,404
SKGTLSE12,iTLS-Enso,14677,07/01/2021, 00:37:07,404
SKGTLSE12,iTLS-Enso,14679,07/01/2021, 01:57:07,404
SKGTLSE12,iTLS-Enso,14680,07/01/2021, 02:27:08,404
SKGTLSE12,iTLS-Enso,14681,07/01/2021, 03:12:27,404
SKGTLSE12,iTLS-Enso,14681,07/01/2021, 04:13:46,404
SKGTLSE12,iTLS-Enso,14685,07/01/2021, 05:09:40,404
SKGTLSE12,iTLS-Enso,14685,07/01/2021, 06:13:45,404
SKGTLSE12,iTLS-Enso,14685,07/01/2021, 07:12:55,404
SKGTLSE12,iTLS-Enso,14685,07/01/2021, 08:16:53,404
SKGTLSE12,iTLS-Enso,14687,07/01/2021, 09:16:46,404
SKGTLSE12,iTLS-Enso,14688,07/01/2021, 10:16:53,404
SKGTLSE12,iTLS-Enso,14688,07/01/2021, 11:14:06,404
SKGTLSE12,iTLS-Enso,14689,07/01/2021, 12:21:48,404
SKGTLSE12,iTLS-Enso,14691,07/01/2021, 13:21:54,404
SKGTLSE12,iTLS-Enso,14691,07/01/2021, 14:14:48,404
SKGTLSE12,iTLS-Enso,14692,07/01/2021, 15:16:55,404
SKGTLSE12,iTLS-Enso,14693,07/01/2021, 16:20:54,404
SKGTLSE12,iTLS-Enso,14693,07/01/2021, 17:19:51,404
SKGTLSE12,iTLS-Enso,14693,07/01/2021, 18:13:19,404
SKGTLSE12,iTLS-Enso,14695,07/01/2021, 19:10:51,404
SKGTLSE12,iTLS-Enso,14695,07/01/2021, 20:12:07,404
SKGTLSE12,iTLS-Enso,14696,07/01/2021, 21:10:36,404
SKGTLSE12,iTLS-Enso,14700,07/01/2021, 22:10:50,404
SKGTLSE12,iTLS-Enso,14700,07/01/2021, 23:11:40,404
SKGTLSE12,iTLS-Enso,14703,07/02/2021, 00:34:32,404
SKGTLSE12,iTLS-Enso,14703,07/02/2021, 01:55:39,404
SKGTLSE12,iTLS-Enso,14703,07/02/2021, 02:24:01,404
SKGTLSE12,iTLS-Enso,14704,07/02/2021, 03:12:27,404
SKGTLSE12,iTLS-Enso,14705,07/02/2021, 04:13:46,404
SKGTLSE12,iTLS-Enso,14705,07/02/2021, 05:09:37,404
SKGTLSE12,iTLS-Enso,14706,07/02/2021, 06:12:04,404
SKGTLSE12,iTLS-Enso,14707,07/02/2021, 07:11:19,404
SKGTLSE12,iTLS-Enso,14707,07/02/2021, 08:12:47,404
SKGTLSE12,iTLS-Enso,14709,07/02/2021, 09:15:57,404
SKGTLSE12,iTLS-Enso,14711,07/02/2021, 10:11:53,404
SKGTLSE12,iTLS-Enso,14711,07/02/2021, 11:09:13,404
SKGTLSE12,iTLS-Enso,14711,07/02/2021, 12:16:51,404
SKGTLSE12,iTLS-Enso,14711,07/02/2021, 13:16:59,404
SKGTLSE12,iTLS-Enso,14712,07/02/2021, 14:14:53,404
SKGTLSE12,iTLS-Enso,14712,07/02/2021, 15:17:56,404
SKGTLSE12,iTLS-Enso,14712,07/02/2021, 16:18:04,404
SKGTLSE12,iTLS-Enso,14712,07/02/2021, 17:19:25,404
SKGTLSE12,iTLS-Enso,14712,07/02/2021, 18:11:37,404
SKGTLSE12,iTLS-Enso,14712,07/02/2021, 19:10:03,404
SKGTLSE12,iTLS-Enso,14713,07/02/2021, 20:11:18,404
SKGTLSE12,iTLS-Enso,14714,07/02/2021, 21:10:07,404
SKGTLSE12,iTLS-Enso,14715,07/02/2021, 22:12:46,404
SKGTLSE12,iTLS-Enso,14718,07/02/2021, 23:10:36,404
SKGTLSE12,iTLS-Enso,14719,07/03/2021, 00:35:12,404
SKGTLSE12,iTLS-Enso,14719,07/03/2021, 01:48:41,404
SKGTLSE12,iTLS-Enso,14720,07/03/2021, 02:18:41,404
SKGTLSE12,iTLS-Enso,14721,07/03/2021, 03:11:54,404
SKGTLSE12,iTLS-Enso,14722,07/03/2021, 04:13:25,404
SKGTLSE12,iTLS-Enso,14724,07/03/2021, 05:09:25,404
SKGTLSE12,iTLS-Enso,14724,07/03/2021, 06:13:03,404
SKGTLSE12,iTLS-Enso,14727,07/03/2021, 07:09:54,404
SKGTLSE12,iTLS-Enso,14728,07/03/2021, 08:11:44,404
SKGTLSE12,iTLS-Enso,14729,07/03/2021, 09:11:09,404
SKGTLSE12,iTLS-Enso,14729,07/03/2021, 10:11:21,404
SKGTLSE12,iTLS-Enso,14729,07/03/2021, 11:08:55,404
SKGTLSE12,iTLS-Enso,14730,07/03/2021, 12:15:51,404
SKGTLSE12,iTLS-Enso,14730,07/03/2021, 13:14:31,404
SKGTLSE12,iTLS-Enso,14730,07/03/2021, 14:09:20,404
SKGTLSE12,iTLS-Enso,14730,07/03/2021, 15:11:50,404
SKGTLSE12,iTLS-Enso,14733,07/03/2021, 16:15:24,404
SKGTLSE12,iTLS-Enso,14734,07/03/2021, 17:15:49,404
SKGTLSE12,iTLS-Enso,14734,07/03/2021, 18:12:23,404
SKGTLSE12,iTLS-Enso,14735,07/03/2021, 19:08:34,404
SKGTLSE12,iTLS-Enso,14736,07/03/2021, 20:10:29,404
SKGTLSE12,iTLS-Enso,14737,07/03/2021, 21:10:09,404
SKGTLSE12,iTLS-Enso,14738,07/03/2021, 22:10:22,404
SKGTLSE12,iTLS-Enso,14739,07/03/2021, 23:10:11,404
SKGTLSE12,iTLS-Enso,14739,07/04/2021, 00:35:51,404
SKGTLSE12,iTLS-Enso,14742,07/04/2021, 01:52:44,404
SKGTLSE12,iTLS-Enso,14742,07/04/2021, 02:21:15,404
SKGTLSE12,iTLS-Enso,14743,07/04/2021, 03:12:12,404
SKGTLSE12,iTLS-Enso,14745,07/04/2021, 04:13:47,404
SKGTLSE12,iTLS-Enso,14747,07/04/2021, 05:09:18,404
SKGTLSE12,iTLS-Enso,14749,07/04/2021, 06:13:21,404
SKGTLSE12,iTLS-Enso,14750,07/04/2021, 07:09:57,404
SKGTLSE12,iTLS-Enso,14750,07/04/2021, 08:11:28,404
SKGTLSE12,iTLS-Enso,14750,07/04/2021, 09:11:07,404
SKGTLSE12,iTLS-Enso,14751,07/04/2021, 10:11:35,404
SKGTLSE12,iTLS-Enso,14753,07/04/2021, 11:08:47,404
SKGTLSE12,iTLS-Enso,14754,07/04/2021, 12:15:57,404
SKGTLSE12,iTLS-Enso,14754,07/04/2021, 13:14:43,404
SKGTLSE12,iTLS-Enso,14755,07/04/2021, 14:09:26,404
SKGTLSE12,iTLS-Enso,14758,07/04/2021, 15:11:51,404
SKGTLSE12,iTLS-Enso,14758,07/04/2021, 16:15:22,404
SKGTLSE12,iTLS-Enso,14759,07/04/2021, 17:15:46,404
SKGTLSE12,iTLS-Enso,14761,07/04/2021, 18:12:36,404
SKGTLSE12,iTLS-Enso,14763,07/04/2021, 19:08:29,404
SKGTLSE12,iTLS-Enso,14764,07/04/2021, 20:10:34,404
SKGTLSE12,iTLS-Enso,14766,07/04/2021, 21:10:05,404
SKGTLSE12,iTLS-Enso,14768,07/04/2021, 22:10:23,404
SKGTLSE12,iTLS-Enso,14769,07/04/2021, 23:10:47,404
SKGTLSE12,iTLS-Enso,14772,07/05/2021, 00:33:05,404
SKGTLSE12,iTLS-Enso,14773,07/05/2021, 01:52:42,404
SKGTLSE12,iTLS-Enso,14774,07/05/2021, 02:22:00,404
SKGTLSE12,iTLS-Enso,14774,07/05/2021, 03:12:25,404
SKGTLSE12,iTLS-Enso,14774,07/05/2021, 04:13:46,404
SKGTLSE12,iTLS-Enso,14775,07/05/2021, 05:09:37,404
SKGTLSE12,iTLS-Enso,14776,07/05/2021, 06:13:39,404
SKGTLSE12,iTLS-Enso,14776,07/05/2021, 07:10:07,404
SKGTLSE12,iTLS-Enso,14776,07/05/2021, 08:17:50,404
SKGTLSE12,iTLS-Enso,14777,07/05/2021, 09:16:56,404
SKGTLSE12,iTLS-Enso,14777,07/05/2021, 10:16:54,404
SKGTLSE12,iTLS-Enso,14778,07/05/2021, 11:12:01,404
SKGTLSE12,iTLS-Enso,14779,07/05/2021, 12:19:13,404
SKGTLSE12,iTLS-Enso,14780,07/05/2021, 13:21:52,404
SKGTLSE12,iTLS-Enso,14782,07/05/2021, 14:14:56,404
SKGTLSE12,iTLS-Enso,14782,07/05/2021, 15:16:46,404
SKGTLSE12,iTLS-Enso,14783,07/05/2021, 16:16:13,404
SKGTLSE12,iTLS-Enso,14783,07/05/2021, 17:17:24,404
SKGTLSE12,iTLS-Enso,14785,07/05/2021, 18:12:52,404
SKGTLSE12,iTLS-Enso,14787,07/05/2021, 19:08:42,404
SKGTLSE12,iTLS-Enso,14788,07/05/2021, 20:10:58,404
SKGTLSE12,iTLS-Enso,14789,07/05/2021, 21:10:31,404
SKGTLSE12,iTLS-Enso,14789,07/05/2021, 22:10:36,404
SKGTLSE12,iTLS-Enso,14789,07/05/2021, 23:11:03,404
SKGTLSE12,iTLS-Enso,14790,07/06/2021, 00:37:17,404
SKGTLSE12,iTLS-Enso,14793,07/06/2021, 01:55:54,404
SKGTLSE12,iTLS-Enso,14793,07/06/2021, 02:23:43,404
SKGTLSE12,iTLS-Enso,14795,07/06/2021, 03:12:31,404
SKGTLSE12,iTLS-Enso,14795,07/06/2021, 04:13:34,404
SKGTLSE12,iTLS-Enso,14795,07/06/2021, 05:09:28,404
SKGTLSE12,iTLS-Enso,14796,07/06/2021, 06:13:57,404
SKGTLSE12,iTLS-Enso,14796,07/06/2021, 07:14:46,404
SKGTLSE12,iTLS-Enso,14796,07/06/2021, 08:12:44,404
SKGTLSE12,iTLS-Enso,14798,07/06/2021, 09:15:52,404
SKGTLSE12,iTLS-Enso,14798,07/06/2021, 10:16:15,404
SKGTLSE12,iTLS-Enso,14799,07/06/2021, 11:09:09,404
SKGTLSE12,iTLS-Enso,14801,07/06/2021, 12:20:56,404
SKGTLSE12,iTLS-Enso,14803,07/06/2021, 13:21:50,404
SKGTLSE12,iTLS-Enso,14804,07/06/2021, 14:09:57,404
SKGTLSE12,iTLS-Enso,14804,07/06/2021, 15:12:24,404
SKGTLSE12,iTLS-Enso,14807,07/06/2021, 16:16:18,404
SKGTLSE12,iTLS-Enso,14807,07/06/2021, 17:21:56,404
SKGTLSE12,iTLS-Enso,14808,07/06/2021, 18:12:58,404
SKGTLSE12,iTLS-Enso,14808,07/06/2021, 19:08:49,404
SKGTLSE12,iTLS-Enso,14809,07/06/2021, 20:11:01,404
SKGTLSE12,iTLS-Enso,14809,07/06/2021, 21:10:37,404
SKGTLSE12,iTLS-Enso,14810,07/06/2021, 22:10:41,404
SKGTLSE12,iTLS-Enso,14812,07/06/2021, 23:10:41,404
SKGTLSE12,iTLS-Enso,14812,07/07/2021, 00:36:09,404
SKGTLSE12,iTLS-Enso,14812,07/07/2021, 01:55:51,404
SKGTLSE12,iTLS-Enso,14812,07/07/2021, 02:23:38,404
SKGTLSE12,iTLS-Enso,14814,07/07/2021, 03:13:11,404
SKGTLSE12,iTLS-Enso,14814,07/07/2021, 04:13:59,404
SKGTLSE12,iTLS-Enso,14814,07/07/2021, 05:09:32,404
SKGTLSE12,iTLS-Enso,14814,07/07/2021, 06:13:31,404
SKGTLSE12,iTLS-Enso,14815,07/07/2021, 07:10:05,404
SKGTLSE12,iTLS-Enso,14815,07/07/2021, 08:15:49,404
SKGTLSE12,iTLS-Enso,14816,07/07/2021, 09:16:38,404
SKGTLSE12,iTLS-Enso,14816,07/07/2021, 10:13:36,404
SKGTLSE12,iTLS-Enso,14818,07/07/2021, 11:09:12,404
SKGTLSE12,iTLS-Enso,14819,07/07/2021, 12:16:38,404
SKGTLSE12,iTLS-Enso,14819,07/07/2021, 13:19:39,404
SKGTLSE12,iTLS-Enso,14821,07/07/2021, 14:11:15,404
SKGTLSE12,iTLS-Enso,14824,07/07/2021, 15:16:57,404
SKGTLSE12,iTLS-Enso,14825,07/07/2021, 16:22:36,404
SKGTLSE12,iTLS-Enso,14826,07/07/2021, 17:25:51,404
SKGTLSE12,iTLS-Enso,14826,07/07/2021, 18:17:51,404
SKGTLSE12,iTLS-Enso,14827,07/07/2021, 19:08:43,404
SKGTLSE12,iTLS-Enso,14828,07/07/2021, 20:11:15,404
SKGTLSE12,iTLS-Enso,14828,07/07/2021, 21:10:15,404
SKGTLSE12,iTLS-Enso,14831,07/07/2021, 22:10:43,404
SKGTLSE12,iTLS-Enso,14832,07/07/2021, 23:10:50,404
SKGTLSE12,iTLS-Enso,14834,07/08/2021, 00:34:03,404
SKGTLSE12,iTLS-Enso,14836,07/08/2021, 01:55:51,404
SKGTLSE12,iTLS-Enso,14836,07/08/2021, 02:24:26,404
SKGTLSE12,iTLS-Enso,14839,07/08/2021, 03:12:19,404
SKGTLSE12,iTLS-Enso,14839,07/08/2021, 04:13:38,404
SKGTLSE12,iTLS-Enso,14839,07/08/2021, 05:09:45,404
SKGTLSE12,iTLS-Enso,14840,07/08/2021, 06:13:23,404
SKGTLSE12,iTLS-Enso,14840,07/08/2021, 07:10:12,404
SKGTLSE12,iTLS-Enso,14842,07/08/2021, 08:18:20,404
SKGTLSE12,iTLS-Enso,14842,07/08/2021, 09:16:47,404
SKGTLSE12,iTLS-Enso,14843,07/08/2021, 10:16:49,404
SKGTLSE12,iTLS-Enso,14844,07/08/2021, 11:12:12,404
SKGTLSE12,iTLS-Enso,14845,07/08/2021, 12:17:59,404
SKGTLSE12,iTLS-Enso,14846,07/08/2021, 13:25:49,404
SKGTLSE12,iTLS-Enso,14846,07/08/2021, 14:12:20,404
SKGTLSE12,iTLS-Enso,14847,07/08/2021, 15:18:54,404
SKGTLSE12,iTLS-Enso,14850,07/08/2021, 16:25:50,404
SKGTLSE12,iTLS-Enso,14850,07/08/2021, 17:23:01,404
SKGTLSE12,iTLS-Enso,14851,07/08/2021, 18:17:46,404
SKGTLSE12,iTLS-Enso,14853,07/08/2021, 19:09:12,404
SKGTLSE12,iTLS-Enso,14853,07/08/2021, 20:11:13,404
SKGTLSE12,iTLS-Enso,14853,07/08/2021, 21:10:12,404
SKGTLSE12,iTLS-Enso,14855,07/08/2021, 22:10:45,404
SKGTLSE12,iTLS-Enso,14855,07/08/2021, 23:10:59,404
SKGTLSE12,iTLS-Enso,14855,07/09/2021, 00:37:07,404
SKGTLSE12,iTLS-Enso,14856,07/09/2021, 01:56:00,404
SKGTLSE12,iTLS-Enso,14857,07/09/2021, 02:24:54,404
SKGTLSE12,iTLS-Enso,14859,07/09/2021, 03:12:06,404
SKGTLSE12,iTLS-Enso,14860,07/09/2021, 04:14:03,404
SKGTLSE12,iTLS-Enso,14860,07/09/2021, 05:09:36,404
SKGTLSE12,iTLS-Enso,14863,07/09/2021, 06:13:26,404
SKGTLSE12,iTLS-Enso,14864,07/09/2021, 07:10:08,404
SKGTLSE12,iTLS-Enso,14867,07/09/2021, 08:12:40,404
SKGTLSE12,iTLS-Enso,14868,07/09/2021, 09:16:55,404
SKGTLSE12,iTLS-Enso,14868,07/09/2021, 10:16:14,404
SKGTLSE12,iTLS-Enso,14869,07/09/2021, 11:09:24,404
SKGTLSE12,iTLS-Enso,14871,07/09/2021, 12:16:20,404
SKGTLSE12,iTLS-Enso,14871,07/09/2021, 13:16:26,404
SKGTLSE12,iTLS-Enso,14871,07/09/2021, 14:14:46,404
SKGTLSE12,iTLS-Enso,14871,07/09/2021, 15:17:46,404
SKGTLSE12,iTLS-Enso,14872,07/09/2021, 16:19:40,404
SKGTLSE12,iTLS-Enso,14872,07/09/2021, 17:18:42,404
SKGTLSE12,iTLS-Enso,14877,07/09/2021, 18:14:26,404
SKGTLSE12,iTLS-Enso,14877,07/09/2021, 19:08:34,404
SKGTLSE12,iTLS-Enso,14879,07/09/2021, 20:11:09,404
SKGTLSE12,iTLS-Enso,14881,07/09/2021, 21:10:34,404
SKGTLSE12,iTLS-Enso,14883,07/09/2021, 22:10:49,404
SKGTLSE12,iTLS-Enso,14884,07/09/2021, 23:10:59,404
SKGTLSE12,iTLS-Enso,14886,07/10/2021, 00:34:17,404
SKGTLSE12,iTLS-Enso,14886,07/10/2021, 01:50:39,404
SKGTLSE12,iTLS-Enso,14886,07/10/2021, 02:22:41,404
SKGTLSE12,iTLS-Enso,14887,07/10/2021, 03:12:15,404
SKGTLSE12,iTLS-Enso,14888,07/10/2021, 04:14:00,404
SKGTLSE12,iTLS-Enso,14888,07/10/2021, 05:09:16,404
SKGTLSE12,iTLS-Enso,14890,07/10/2021, 06:13:02,404
SKGTLSE12,iTLS-Enso,14890,07/10/2021, 07:10:04,404
SKGTLSE12,iTLS-Enso,14891,07/10/2021, 08:11:52,404
SKGTLSE12,iTLS-Enso,14892,07/10/2021, 09:11:06,404
SKGTLSE12,iTLS-Enso,14892,07/10/2021, 10:11:13,404
SKGTLSE12,iTLS-Enso,14894,07/10/2021, 11:08:53,404
SKGTLSE12,iTLS-Enso,14894,07/10/2021, 13:14:38,404
SKGTLSE12,iTLS-Enso,14895,07/10/2021, 14:09:18,404
SKGTLSE12,iTLS-Enso,14896,07/10/2021, 15:12:02,404
SKGTLSE12,iTLS-Enso,14898,07/10/2021, 16:15:17,404
SKGTLSE12,iTLS-Enso,14898,07/10/2021, 17:15:54,404
SKGTLSE12,iTLS-Enso,14899,07/10/2021, 18:12:36,404
SKGTLSE12,iTLS-Enso,14900,07/10/2021, 19:08:35,404
SKGTLSE12,iTLS-Enso,14902,07/10/2021, 20:10:34,404
SKGTLSE12,iTLS-Enso,14904,07/10/2021, 21:10:05,404
SKGTLSE12,iTLS-Enso,14904,07/10/2021, 22:10:24,404
SKGTLSE12,iTLS-Enso,14905,07/10/2021, 23:10:17,404
SKGTLSE12,iTLS-Enso,14907,07/11/2021, 00:39:23,404
SKGTLSE12,iTLS-Enso,14908,07/11/2021, 01:57:27,404
SKGTLSE12,iTLS-Enso,14909,07/11/2021, 02:26:15,404
SKGTLSE12,iTLS-Enso,14911,07/11/2021, 03:12:11,404
SKGTLSE12,iTLS-Enso,14912,07/11/2021, 04:13:42,404
SKGTLSE12,iTLS-Enso,14912,07/11/2021, 05:09:33,404
SKGTLSE12,iTLS-Enso,14914,07/11/2021, 06:13:34,404
SKGTLSE12,iTLS-Enso,14916,07/11/2021, 07:10:06,404
SKGTLSE12,iTLS-Enso,14916,07/11/2021, 08:11:49,404
SKGTLSE12,iTLS-Enso,14917,07/11/2021, 09:11:29,404
SKGTLSE12,iTLS-Enso,14920,07/11/2021, 10:11:21,404
SKGTLSE12,iTLS-Enso,14922,07/11/2021, 11:08:37,404
SKGTLSE12,iTLS-Enso,14923,07/11/2021, 12:15:44,404
SKGTLSE12,iTLS-Enso,14923,07/11/2021, 13:14:38,404
SKGTLSE12,iTLS-Enso,14923,07/11/2021, 14:09:23,404
SKGTLSE12,iTLS-Enso,14924,07/11/2021, 15:11:55,404
SKGTLSE12,iTLS-Enso,14925,07/11/2021, 16:15:16,404
SKGTLSE12,iTLS-Enso,14929,07/11/2021, 17:15:56,404
SKGTLSE12,iTLS-Enso,14933,07/11/2021, 18:12:53,404
SKGTLSE12,iTLS-Enso,14933,07/11/2021, 19:08:34,404
SKGTLSE12,iTLS-Enso,14933,07/11/2021, 20:10:27,404
SKGTLSE12,iTLS-Enso,14937,07/11/2021, 21:10:19,404
SKGTLSE12,iTLS-Enso,14938,07/11/2021, 22:10:23,404
SKGTLSE12,iTLS-Enso,14939,07/11/2021, 23:10:43,404
SKGTLSE12,iTLS-Enso,14939,07/12/2021, 00:34:53,404
SKGTLSE12,iTLS-Enso,14941,07/12/2021, 01:53:03,404
SKGTLSE12,iTLS-Enso,14942,07/12/2021, 02:21:49,404
SKGTLSE12,iTLS-Enso,14942,07/12/2021, 03:12:48,404
SKGTLSE12,iTLS-Enso,14942,07/12/2021, 04:14:06,404
SKGTLSE12,iTLS-Enso,14942,07/12/2021, 05:09:38,404
SKGTLSE12,iTLS-Enso,14942,07/12/2021, 06:14:05,404
SKGTLSE12,iTLS-Enso,14942,07/12/2021, 07:14:14,404
SKGTLSE12,iTLS-Enso,14943,07/12/2021, 08:16:52,404
SKGTLSE12,iTLS-Enso,14943,07/12/2021, 09:16:46,404
SKGTLSE12,iTLS-Enso,14943,07/12/2021, 10:16:50,404
SKGTLSE12,iTLS-Enso,14944,07/12/2021, 11:11:16,404
SKGTLSE12,iTLS-Enso,14945,07/12/2021, 12:21:47,404
SKGTLSE12,iTLS-Enso,14946,07/12/2021, 13:22:47,404
SKGTLSE12,iTLS-Enso,14948,07/12/2021, 14:14:52,404
SKGTLSE12,iTLS-Enso,14949,07/12/2021, 15:17:09,404
SKGTLSE12,iTLS-Enso,14950,07/12/2021, 16:16:50,404
SKGTLSE12,iTLS-Enso,14951,07/12/2021, 17:24:23,404
SKGTLSE12,iTLS-Enso,14951,07/12/2021, 18:17:50,404
SKGTLSE12,iTLS-Enso,14951,07/12/2021, 19:13:52,404
SKGTLSE12,iTLS-Enso,14952,07/12/2021, 20:15:51,404
SKGTLSE12,iTLS-Enso,14952,07/12/2021, 21:13:51,404
SKGTLSE12,iTLS-Enso,14953,07/12/2021, 22:09:02,404
SKGTLSE12,iTLS-Enso,14956,07/12/2021, 23:11:18,404
SKGTLSE12,iTLS-Enso,14957,07/13/2021, 00:37:41,404
SKGTLSE12,iTLS-Enso,14958,07/13/2021, 01:56:04,404
SKGTLSE12,iTLS-Enso,14958,07/13/2021, 02:24:50,404
SKGTLSE12,iTLS-Enso,14958,07/13/2021, 03:12:28,404
SKGTLSE12,iTLS-Enso,14958,07/13/2021, 04:13:57,404
SKGTLSE12,iTLS-Enso,14958,07/13/2021, 05:09:36,404
SKGTLSE12,iTLS-Enso,14958,07/13/2021, 06:13:35,404
SKGTLSE12,iTLS-Enso,14958,07/13/2021, 07:10:10,404
SKGTLSE12,iTLS-Enso,14958,07/13/2021, 08:12:45,404
SKGTLSE12,iTLS-Enso,14960,07/13/2021, 09:13:39,404
SKGTLSE12,iTLS-Enso,14960,07/13/2021, 10:16:51,404
SKGTLSE12,iTLS-Enso,14960,07/13/2021, 11:12:30,404
SKGTLSE12,iTLS-Enso,14961,07/13/2021, 12:22:53,404
SKGTLSE12,iTLS-Enso,14961,07/13/2021, 13:23:51,404
SKGTLSE12,iTLS-Enso,14962,07/13/2021, 14:14:17,404
SKGTLSE12,iTLS-Enso,14964,07/13/2021, 15:17:52,404
SKGTLSE12,iTLS-Enso,14967,07/13/2021, 16:17:24,404
SKGTLSE12,iTLS-Enso,14969,07/13/2021, 17:21:22,404
SKGTLSE12,iTLS-Enso,14969,07/13/2021, 18:13:41,404
SKGTLSE12,iTLS-Enso,14971,07/13/2021, 19:13:52,404
SKGTLSE12,iTLS-Enso,14971,07/13/2021, 20:15:48,404
SKGTLSE12,iTLS-Enso,14973,07/13/2021, 21:10:27,404
SKGTLSE12,iTLS-Enso,14973,07/13/2021, 23:11:21,404
SKGTLSE12,iTLS-Enso,14973,07/14/2021, 00:32:57,404
SKGTLSE12,iTLS-Enso,14973,07/14/2021, 01:51:19,404
SKGTLSE12,iTLS-Enso,14973,07/14/2021, 02:21:41,404
SKGTLSE12,iTLS-Enso,14975,07/14/2021, 03:12:19,404
SKGTLSE12,iTLS-Enso,14977,07/14/2021, 04:14:05,404
SKGTLSE12,iTLS-Enso,14977,07/14/2021, 05:09:42,404
SKGTLSE12,iTLS-Enso,14979,07/14/2021, 06:13:33,404
SKGTLSE12,iTLS-Enso,14981,07/14/2021, 07:10:04,404
SKGTLSE12,iTLS-Enso,14981,07/14/2021, 08:12:29,404
SKGTLSE12,iTLS-Enso,14981,07/14/2021, 09:15:57,404
SKGTLSE12,iTLS-Enso,14981,07/14/2021, 10:13:59,404
SKGTLSE12,iTLS-Enso,14981,07/14/2021, 11:09:11,404
SKGTLSE12,iTLS-Enso,14982,07/14/2021, 12:20:25,404
SKGTLSE12,iTLS-Enso,14983,07/14/2021, 13:20:04,404
SKGTLSE12,iTLS-Enso,14984,07/14/2021, 14:09:54,404
SKGTLSE12,iTLS-Enso,14987,07/14/2021, 15:12:18,404
SKGTLSE12,iTLS-Enso,14987,07/14/2021, 16:20:59,404
SKGTLSE12,iTLS-Enso,14989,07/14/2021, 17:22:29,404
SKGTLSE12,iTLS-Enso,14992,07/14/2021, 18:17:47,404
SKGTLSE12,iTLS-Enso,14992,07/14/2021, 19:10:27,404
SKGTLSE12,iTLS-Enso,14993,07/14/2021, 20:13:19,404
SKGTLSE12,iTLS-Enso,14993,07/14/2021, 21:10:40,404
SKGTLSE12,iTLS-Enso,14993,07/14/2021, 22:10:56,404
SKGTLSE12,iTLS-Enso,14994,07/14/2021, 23:10:59,404
SKGTLSE12,iTLS-Enso,14995,07/15/2021, 00:35:14,404
SKGTLSE12,iTLS-Enso,14995,07/15/2021, 01:55:47,404
SKGTLSE12,iTLS-Enso,14995,07/15/2021, 02:24:19,404
SKGTLSE12,iTLS-Enso,14996,07/15/2021, 03:12:24,404
SKGTLSE12,iTLS-Enso,14996,07/15/2021, 04:13:50,404
SKGTLSE12,iTLS-Enso,14996,07/15/2021, 05:09:47,404
SKGTLSE12,iTLS-Enso,14996,07/15/2021, 06:13:42,404
SKGTLSE12,iTLS-Enso,14997,07/15/2021, 08:12:36,404
SKGTLSE12,iTLS-Enso,14998,07/15/2021, 09:16:51,404
SKGTLSE12,iTLS-Enso,14999,07/15/2021, 10:14:36,404
SKGTLSE12,iTLS-Enso,14999,07/15/2021, 11:09:16,404
SKGTLSE12,iTLS-Enso,14999,07/15/2021, 12:21:50,404
SKGTLSE12,iTLS-Enso,15000,07/15/2021, 13:17:37,404
SKGTLSE12,iTLS-Enso,15001,07/15/2021, 14:14:57,404
SKGTLSE12,iTLS-Enso,15001,07/15/2021, 15:17:05,404
SKGTLSE12,iTLS-Enso,15001,07/15/2021, 16:16:37,404
SKGTLSE12,iTLS-Enso,15001,07/15/2021, 17:18:12,404
SKGTLSE12,iTLS-Enso,15001,07/15/2021, 18:13:17,404
SKGTLSE12,iTLS-Enso,15002,07/15/2021, 19:09:26,404
SKGTLSE12,iTLS-Enso,15003,07/15/2021, 20:15:06,404
SKGTLSE12,iTLS-Enso,15004,07/15/2021, 21:10:39,404
SKGTLSE12,iTLS-Enso,15004,07/15/2021, 22:10:43,404
SKGTLSE12,iTLS-Enso,15004,07/15/2021, 23:11:33,404
SKGTLSE12,iTLS-Enso,15004,07/16/2021, 00:36:16,404
SKGTLSE12,iTLS-Enso,15004,07/16/2021, 01:57:00,404
SKGTLSE12,iTLS-Enso,15004,07/16/2021, 02:27:04,404
SKGTLSE12,iTLS-Enso,15004,07/16/2021, 03:12:12,404
SKGTLSE12,iTLS-Enso,15005,07/16/2021, 04:14:07,404
SKGTLSE12,iTLS-Enso,15005,07/16/2021, 05:09:31,404
SKGTLSE12,iTLS-Enso,15005,07/16/2021, 06:13:50,404
SKGTLSE12,iTLS-Enso,15005,07/16/2021, 07:10:15,404
SKGTLSE12,iTLS-Enso,15005,07/16/2021, 08:13:07,404
SKGTLSE12,iTLS-Enso,15007,07/16/2021, 09:11:27,404
SKGTLSE12,iTLS-Enso,15008,07/16/2021, 10:12:15,404
SKGTLSE12,iTLS-Enso,15008,07/16/2021, 11:09:31,404
SKGTLSE12,iTLS-Enso,15009,07/16/2021, 12:17:03,404
SKGTLSE12,iTLS-Enso,15009,07/16/2021, 13:17:24,404
SKGTLSE12,iTLS-Enso,15009,07/16/2021, 14:14:50,404
SKGTLSE12,iTLS-Enso,15012,07/16/2021, 15:16:52,404
SKGTLSE12,iTLS-Enso,15014,07/16/2021, 16:16:38,404
SKGTLSE12,iTLS-Enso,15015,07/16/2021, 17:19:36,404
SKGTLSE12,iTLS-Enso,15017,07/16/2021, 18:13:24,404
SKGTLSE12,iTLS-Enso,15017,07/16/2021, 19:08:55,404
SKGTLSE12,iTLS-Enso,15018,07/16/2021, 20:11:13,404
SKGTLSE12,iTLS-Enso,15021,07/16/2021, 21:10:18,404
SKGTLSE12,iTLS-Enso,15021,07/16/2021, 22:10:47,404
SKGTLSE12,iTLS-Enso,15024,07/16/2021, 23:10:48,404
SKGTLSE12,iTLS-Enso,15024,07/17/2021, 00:35:23,404
SKGTLSE12,iTLS-Enso,15028,07/17/2021, 01:52:07,404
SKGTLSE12,iTLS-Enso,15029,07/17/2021, 02:23:49,404
SKGTLSE12,iTLS-Enso,15029,07/17/2021, 03:12:09,404
SKGTLSE12,iTLS-Enso,15032,07/17/2021, 04:13:50,404
SKGTLSE12,iTLS-Enso,15034,07/17/2021, 05:09:19,404
SKGTLSE12,iTLS-Enso,15036,07/17/2021, 06:13:10,404
SKGTLSE12,iTLS-Enso,15037,07/17/2021, 07:09:59,404
SKGTLSE12,iTLS-Enso,15038,07/17/2021, 08:11:57,404
SKGTLSE12,iTLS-Enso,15039,07/17/2021, 09:11:30,404
SKGTLSE12,iTLS-Enso,15040,07/17/2021, 10:11:42,404
SKGTLSE12,iTLS-Enso,15040,07/17/2021, 11:09:00,404
SKGTLSE12,iTLS-Enso,15042,07/17/2021, 12:16:03,404
SKGTLSE12,iTLS-Enso,15045,07/17/2021, 13:15:27,404
SKGTLSE12,iTLS-Enso,15048,07/17/2021, 14:09:35,404
SKGTLSE12,iTLS-Enso,15048,07/17/2021, 15:11:57,404
SKGTLSE12,iTLS-Enso,15049,07/17/2021, 16:15:50,404
SKGTLSE12,iTLS-Enso,15049,07/17/2021, 17:16:50,404
SKGTLSE12,iTLS-Enso,15054,07/17/2021, 18:12:41,404
SKGTLSE12,iTLS-Enso,15056,07/17/2021, 19:08:36,404
SKGTLSE12,iTLS-Enso,15056,07/17/2021, 20:10:37,404
SKGTLSE12,iTLS-Enso,15059,07/17/2021, 21:10:12,404
SKGTLSE12,iTLS-Enso,15061,07/17/2021, 22:10:28,404
SKGTLSE12,iTLS-Enso,15062,07/17/2021, 23:10:40,404
SKGTLSE12,iTLS-Enso,15065,07/18/2021, 00:36:37,404
SKGTLSE12,iTLS-Enso,15065,07/18/2021, 01:54:58,404
SKGTLSE12,iTLS-Enso,15065,07/18/2021, 02:23:23,404
SKGTLSE12,iTLS-Enso,15066,07/18/2021, 03:12:06,404
SKGTLSE12,iTLS-Enso,15067,07/18/2021, 04:13:48,404
SKGTLSE12,iTLS-Enso,15067,07/18/2021, 05:09:27,404
SKGTLSE12,iTLS-Enso,15068,07/18/2021, 06:13:23,404
SKGTLSE12,iTLS-Enso,15068,07/18/2021, 07:10:04,404
SKGTLSE12,iTLS-Enso,15069,07/18/2021, 08:12:09,404
SKGTLSE12,iTLS-Enso,15069,07/18/2021, 09:11:29,404
SKGTLSE12,iTLS-Enso,15072,07/18/2021, 10:11:34,404
SKGTLSE12,iTLS-Enso,15075,07/18/2021, 11:08:44,404
SKGTLSE12,iTLS-Enso,15078,07/18/2021, 12:15:49,404
SKGTLSE12,iTLS-Enso,15081,07/18/2021, 13:15:10,404
SKGTLSE12,iTLS-Enso,15081,07/18/2021, 14:09:52,404
SKGTLSE12,iTLS-Enso,15082,07/18/2021, 15:12:13,404
SKGTLSE12,iTLS-Enso,15082,07/18/2021, 16:15:36,404
SKGTLSE12,iTLS-Enso,15083,07/18/2021, 17:16:18,404
SKGTLSE12,iTLS-Enso,15085,07/18/2021, 18:13:06,404
SKGTLSE12,iTLS-Enso,15085,07/18/2021, 19:08:45,404
SKGTLSE12,iTLS-Enso,15085,07/18/2021, 20:10:43,404
SKGTLSE12,iTLS-Enso,15088,07/18/2021, 21:10:17,404
SKGTLSE12,iTLS-Enso,15089,07/18/2021, 22:10:29,404
SKGTLSE12,iTLS-Enso,15092,07/18/2021, 23:10:43,404
SKGTLSE12,iTLS-Enso,15094,07/19/2021, 00:35:52,404
SKGTLSE12,iTLS-Enso,15095,07/19/2021, 01:56:21,404
SKGTLSE12,iTLS-Enso,15096,07/19/2021, 02:25:54,404
SKGTLSE12,iTLS-Enso,15097,07/19/2021, 03:12:27,404
SKGTLSE12,iTLS-Enso,15097,07/19/2021, 04:14:45,404
SKGTLSE12,iTLS-Enso,15099,07/19/2021, 05:10:08,404
SKGTLSE12,iTLS-Enso,15100,07/19/2021, 06:14:05,404
SKGTLSE12,iTLS-Enso,15101,07/19/2021, 07:10:05,404
SKGTLSE12,iTLS-Enso,15103,07/19/2021, 08:17:01,404
SKGTLSE12,iTLS-Enso,15103,07/19/2021, 09:15:58,404
SKGTLSE12,iTLS-Enso,15105,07/19/2021, 10:16:47,404
SKGTLSE12,iTLS-Enso,15105,07/19/2021, 11:10:43,404
SKGTLSE12,iTLS-Enso,15105,07/19/2021, 12:17:06,404
SKGTLSE12,iTLS-Enso,15107,07/19/2021, 13:22:51,404
SKGTLSE12,iTLS-Enso,15107,07/19/2021, 14:14:48,404
SKGTLSE12,iTLS-Enso,15108,07/19/2021, 15:17:00,404
SKGTLSE12,iTLS-Enso,15111,07/19/2021, 16:20:55,404
SKGTLSE12,iTLS-Enso,15112,07/19/2021, 17:22:53,404
SKGTLSE12,iTLS-Enso,15115,07/19/2021, 18:14:04,404
SKGTLSE12,iTLS-Enso,15115,07/19/2021, 19:08:54,404
SKGTLSE12,iTLS-Enso,15115,07/19/2021, 20:15:49,404
SKGTLSE12,iTLS-Enso,15116,07/19/2021, 21:10:41,404
SKGTLSE12,iTLS-Enso,15119,07/19/2021, 22:10:59,404
SKGTLSE12,iTLS-Enso,15119,07/19/2021, 23:10:50,404
SKGTLSE12,iTLS-Enso,15122,07/20/2021, 00:38:05,404
SKGTLSE12,iTLS-Enso,15126,07/20/2021, 02:00:49,404
SKGTLSE12,iTLS-Enso,15127,07/20/2021, 03:12:28,404
SKGTLSE12,iTLS-Enso,15127,07/20/2021, 04:13:59,404
SKGTLSE12,iTLS-Enso,15127,07/20/2021, 05:09:31,404
SKGTLSE12,iTLS-Enso,15129,07/20/2021, 06:13:45,404
SKGTLSE12,iTLS-Enso,15129,07/20/2021, 07:10:08,404
SKGTLSE12,iTLS-Enso,15129,07/20/2021, 08:12:53,404
SKGTLSE12,iTLS-Enso,15131,07/20/2021, 09:12:22,404
SKGTLSE12,iTLS-Enso,15133,07/20/2021, 10:16:50,404
SKGTLSE12,iTLS-Enso,15133,07/20/2021, 11:11:52,404
SKGTLSE12,iTLS-Enso,15134,07/20/2021, 12:16:52,404
SKGTLSE12,iTLS-Enso,15134,07/20/2021, 13:17:35,404
SKGTLSE12,iTLS-Enso,15135,07/20/2021, 14:10:00,404
SKGTLSE12,iTLS-Enso,15137,07/20/2021, 15:16:44,404
SKGTLSE12,iTLS-Enso,15137,07/20/2021, 16:20:52,404
SKGTLSE12,iTLS-Enso,15138,07/20/2021, 17:22:48,404
SKGTLSE12,iTLS-Enso,15138,07/20/2021, 18:17:54,404
SKGTLSE12,iTLS-Enso,15140,07/20/2021, 19:14:53,404
SKGTLSE12,iTLS-Enso,15141,07/20/2021, 20:11:38,404
SKGTLSE12,iTLS-Enso,15148,07/20/2021, 21:10:17,404
SKGTLSE12,iTLS-Enso,15148,07/20/2021, 22:10:46,404
SKGTLSE12,iTLS-Enso,15148,07/20/2021, 23:11:09,404
SKGTLSE12,iTLS-Enso,15148,07/21/2021, 00:37:39,404
SKGTLSE12,iTLS-Enso,15150,07/21/2021, 01:58:01,404
SKGTLSE12,iTLS-Enso,15151,07/21/2021, 02:28:33,404
SKGTLSE12,iTLS-Enso,15151,07/21/2021, 03:12:40,404
SKGTLSE12,iTLS-Enso,15151,07/21/2021, 04:14:08,404
SKGTLSE12,iTLS-Enso,15152,07/21/2021, 05:09:44,404
SKGTLSE12,iTLS-Enso,15152,07/21/2021, 06:13:57,404
SKGTLSE12,iTLS-Enso,15153,07/21/2021, 07:10:09,404
SKGTLSE12,iTLS-Enso,15156,07/21/2021, 08:18:04,404
SKGTLSE12,iTLS-Enso,15157,07/21/2021, 09:16:00,404
SKGTLSE12,iTLS-Enso,15157,07/21/2021, 10:13:16,404
SKGTLSE12,iTLS-Enso,15159,07/21/2021, 11:09:13,404
SKGTLSE12,iTLS-Enso,15159,07/21/2021, 12:16:57,404
SKGTLSE12,iTLS-Enso,15161,07/21/2021, 13:21:52,404
SKGTLSE12,iTLS-Enso,15161,07/21/2021, 14:12:00,404
SKGTLSE12,iTLS-Enso,15161,07/21/2021, 15:16:56,404
SKGTLSE12,iTLS-Enso,15161,07/21/2021, 16:18:45,404
SKGTLSE12,iTLS-Enso,15161,07/21/2021, 17:19:55,404
SKGTLSE12,iTLS-Enso,15164,07/21/2021, 18:13:40,404
SKGTLSE12,iTLS-Enso,15166,07/21/2021, 19:09:04,404
SKGTLSE12,iTLS-Enso,15169,07/21/2021, 20:12:06,404
SKGTLSE12,iTLS-Enso,15170,07/21/2021, 21:11:23,404
SKGTLSE12,iTLS-Enso,15175,07/21/2021, 22:10:42,404
SKGTLSE12,iTLS-Enso,15177,07/21/2021, 23:10:58,404
SKGTLSE12,iTLS-Enso,15178,07/22/2021, 00:36:23,404
SKGTLSE12,iTLS-Enso,15179,07/22/2021, 01:59:31,404
SKGTLSE12,iTLS-Enso,15179,07/22/2021, 02:32:52,404
SKGTLSE12,iTLS-Enso,15179,07/22/2021, 03:13:21,404
SKGTLSE12,iTLS-Enso,15179,07/22/2021, 04:14:19,404
SKGTLSE12,iTLS-Enso,15180,07/22/2021, 05:08:09,404
SKGTLSE12,iTLS-Enso,15181,07/22/2021, 06:14:37,404
SKGTLSE12,iTLS-Enso,15181,07/22/2021, 07:10:15,404
SKGTLSE12,iTLS-Enso,15185,07/22/2021, 08:12:28,404
SKGTLSE12,iTLS-Enso,15185,07/22/2021, 09:11:21,404
SKGTLSE12,iTLS-Enso,15187,07/22/2021, 10:12:14,404
SKGTLSE12,iTLS-Enso,15188,07/22/2021, 11:09:18,404
SKGTLSE12,iTLS-Enso,15188,07/22/2021, 12:16:44,404
SKGTLSE12,iTLS-Enso,15189,07/22/2021, 13:22:50,404
SKGTLSE12,iTLS-Enso,15189,07/22/2021, 14:13:17,404
SKGTLSE12,iTLS-Enso,15191,07/22/2021, 15:17:57,404
SKGTLSE12,iTLS-Enso,15191,07/22/2021, 16:18:35,404
SKGTLSE12,iTLS-Enso,15194,07/22/2021, 17:19:31,404
SKGTLSE12,iTLS-Enso,15194,07/22/2021, 18:13:17,404
SKGTLSE12,iTLS-Enso,15195,07/22/2021, 19:08:56,404
SKGTLSE12,iTLS-Enso,15196,07/22/2021, 20:11:52,404
SKGTLSE12,iTLS-Enso,15198,07/22/2021, 21:10:12,404
SKGTLSE12,iTLS-Enso,15200,07/22/2021, 22:10:39,404
SKGTLSE12,iTLS-Enso,15201,07/22/2021, 23:10:50,404
SKGTLSE12,iTLS-Enso,15201,07/23/2021, 00:36:59,404
SKGTLSE12,iTLS-Enso,15201,07/23/2021, 01:57:07,404
SKGTLSE12,iTLS-Enso,15202,07/23/2021, 02:26:53,404
SKGTLSE12,iTLS-Enso,15202,07/23/2021, 03:12:18,404
SKGTLSE12,iTLS-Enso,15202,07/23/2021, 04:14:33,404
SKGTLSE12,iTLS-Enso,15203,07/23/2021, 05:09:46,404
SKGTLSE12,iTLS-Enso,15205,07/23/2021, 06:14:01,404
SKGTLSE12,iTLS-Enso,15205,07/23/2021, 07:10:08,404
SKGTLSE12,iTLS-Enso,15206,07/23/2021, 08:12:58,404
SKGTLSE12,iTLS-Enso,15207,07/23/2021, 09:11:42,404
SKGTLSE12,iTLS-Enso,15207,07/23/2021, 10:12:13,404
SKGTLSE12,iTLS-Enso,15207,07/23/2021, 11:09:26,404
SKGTLSE12,iTLS-Enso,15207,07/23/2021, 12:16:47,404
SKGTLSE12,iTLS-Enso,15209,07/23/2021, 13:17:10,404
SKGTLSE12,iTLS-Enso,15210,07/23/2021, 14:14:12,404
SKGTLSE12,iTLS-Enso,15211,07/23/2021, 15:13:14,404
SKGTLSE12,iTLS-Enso,15211,07/23/2021, 16:16:35,404
SKGTLSE12,iTLS-Enso,15213,07/23/2021, 17:18:43,404
SKGTLSE12,iTLS-Enso,15215,07/23/2021, 18:13:03,404
SKGTLSE12,iTLS-Enso,15220,07/23/2021, 19:08:56,404
SKGTLSE12,iTLS-Enso,15221,07/23/2021, 20:11:08,404
SKGTLSE12,iTLS-Enso,15222,07/23/2021, 21:10:33,404
SKGTLSE12,iTLS-Enso,15223,07/23/2021, 22:10:44,404
SKGTLSE12,iTLS-Enso,15224,07/23/2021, 23:10:45,404
SKGTLSE12,iTLS-Enso,15226,07/24/2021, 00:34:17,404
SKGTLSE12,iTLS-Enso,15229,07/24/2021, 01:53:43,404
SKGTLSE12,iTLS-Enso,15230,07/24/2021, 02:24:36,404
SKGTLSE12,iTLS-Enso,15231,07/24/2021, 03:12:14,404
SKGTLSE12,iTLS-Enso,15232,07/24/2021, 04:13:55,404
SKGTLSE12,iTLS-Enso,15235,07/24/2021, 05:09:19,404
SKGTLSE12,iTLS-Enso,15235,07/24/2021, 06:13:29,404
SKGTLSE12,iTLS-Enso,15238,07/24/2021, 07:10:01,404
SKGTLSE12,iTLS-Enso,15239,07/24/2021, 08:12:05,404
SKGTLSE12,iTLS-Enso,15240,07/24/2021, 09:11:11,404
SKGTLSE12,iTLS-Enso,15245,07/24/2021, 10:11:37,404
SKGTLSE12,iTLS-Enso,15247,07/24/2021, 11:08:56,404
SKGTLSE12,iTLS-Enso,15247,07/24/2021, 12:15:58,404
SKGTLSE12,iTLS-Enso,15247,07/24/2021, 13:15:31,404
SKGTLSE12,iTLS-Enso,15249,07/24/2021, 14:09:38,404
SKGTLSE12,iTLS-Enso,15250,07/24/2021, 15:12:08,404
SKGTLSE12,iTLS-Enso,15250,07/24/2021, 16:15:37,404
SKGTLSE12,iTLS-Enso,15253,07/24/2021, 17:16:17,404
SKGTLSE12,iTLS-Enso,15254,07/24/2021, 18:12:57,404
SKGTLSE12,iTLS-Enso,15255,07/24/2021, 19:08:42,404
SKGTLSE12,iTLS-Enso,15255,07/24/2021, 20:10:58,404
SKGTLSE12,iTLS-Enso,15260,07/24/2021, 21:10:18,404
SKGTLSE12,iTLS-Enso,15260,07/24/2021, 22:10:31,404
SKGTLSE12,iTLS-Enso,15261,07/24/2021, 23:11:03,404
SKGTLSE12,iTLS-Enso,15264,07/25/2021, 00:36:09,404
SKGTLSE12,iTLS-Enso,15265,07/25/2021, 01:55:05,404
SKGTLSE12,iTLS-Enso,15265,07/25/2021, 02:23:40,404
SKGTLSE12,iTLS-Enso,15266,07/25/2021, 03:12:09,404
SKGTLSE12,iTLS-Enso,15267,07/25/2021, 04:14:07,404
SKGTLSE12,iTLS-Enso,15267,07/25/2021, 05:09:13,404
SKGTLSE12,iTLS-Enso,15267,07/25/2021, 06:13:26,404
SKGTLSE12,iTLS-Enso,15267,07/25/2021, 07:10:03,404
SKGTLSE12,iTLS-Enso,15267,07/25/2021, 08:12:06,404
SKGTLSE12,iTLS-Enso,15267,07/25/2021, 09:11:10,404
SKGTLSE12,iTLS-Enso,15267,07/25/2021, 10:11:36,404
SKGTLSE12,iTLS-Enso,15267,07/25/2021, 11:09:03,404
SKGTLSE12,iTLS-Enso,15267,07/25/2021, 12:16:19,404
SKGTLSE12,iTLS-Enso,15267,07/25/2021, 13:15:32,404
SKGTLSE12,iTLS-Enso,15269,07/25/2021, 14:09:37,404
SKGTLSE12,iTLS-Enso,15271,07/25/2021, 15:12:03,404
SKGTLSE12,iTLS-Enso,15271,07/25/2021, 16:15:29,404
SKGTLSE12,iTLS-Enso,15273,07/25/2021, 17:16:26,404
SKGTLSE12,iTLS-Enso,15273,07/25/2021, 18:12:32,404
SKGTLSE12,iTLS-Enso,15273,07/25/2021, 19:08:50,404
SKGTLSE12,iTLS-Enso,15275,07/25/2021, 20:10:40,404
SKGTLSE12,iTLS-Enso,15276,07/25/2021, 21:10:16,404
SKGTLSE12,iTLS-Enso,15276,07/25/2021, 22:10:28,404
SKGTLSE12,iTLS-Enso,15276,07/25/2021, 23:10:46,404
SKGTLSE12,iTLS-Enso,15277,07/26/2021, 00:35:19,404
SKGTLSE12,iTLS-Enso,15277,07/26/2021, 01:57:43,404
SKGTLSE12,iTLS-Enso,15277,07/26/2021, 02:28:43,404
SKGTLSE12,iTLS-Enso,15277,07/26/2021, 03:11:36,404
SKGTLSE12,iTLS-Enso,15278,07/26/2021, 04:14:14,404
SKGTLSE12,iTLS-Enso,15279,07/26/2021, 05:09:41,404
SKGTLSE12,iTLS-Enso,15281,07/26/2021, 06:13:55,404
SKGTLSE12,iTLS-Enso,15281,07/26/2021, 07:14:56,404
SKGTLSE12,iTLS-Enso,15283,07/26/2021, 08:17:55,404
SKGTLSE12,iTLS-Enso,15283,07/26/2021, 09:19:36,404
SKGTLSE12,iTLS-Enso,15284,07/26/2021, 10:30:59,404
SKGTLSE12,iTLS-Enso,15285,07/26/2021, 11:16:53,404
SKGTLSE12,iTLS-Enso,15285,07/26/2021, 12:17:10,404
SKGTLSE12,iTLS-Enso,15287,07/26/2021, 13:22:56,404
SKGTLSE12,iTLS-Enso,15288,07/26/2021, 14:14:59,404
SKGTLSE12,iTLS-Enso,15290,07/26/2021, 15:16:58,404
SKGTLSE12,iTLS-Enso,15291,07/26/2021, 16:20:58,404
SKGTLSE12,iTLS-Enso,15291,07/26/2021, 17:19:36,404
SKGTLSE12,iTLS-Enso,15293,07/26/2021, 18:18:01,404
SKGTLSE12,iTLS-Enso,15295,07/26/2021, 19:13:55,404
SKGTLSE12,iTLS-Enso,15296,07/26/2021, 20:12:37,404
SKGTLSE12,iTLS-Enso,15297,07/26/2021, 21:12:53,404
SKGTLSE12,iTLS-Enso,15299,07/26/2021, 22:11:53,404
SKGTLSE12,iTLS-Enso,15300,07/26/2021, 23:10:59,404
SKGTLSE12,iTLS-Enso,15300,07/27/2021, 00:37:27,404
SKGTLSE12,iTLS-Enso,15301,07/27/2021, 02:00:08,404
SKGTLSE12,iTLS-Enso,15301,07/27/2021, 02:33:12,404
SKGTLSE12,iTLS-Enso,15301,07/27/2021, 03:12:38,404
SKGTLSE12,iTLS-Enso,15302,07/27/2021, 04:13:23,404
SKGTLSE12,iTLS-Enso,15302,07/27/2021, 05:10:07,404
SKGTLSE12,iTLS-Enso,15302,07/27/2021, 06:13:59,404
SKGTLSE12,iTLS-Enso,15302,07/27/2021, 07:10:17,404
SKGTLSE12,iTLS-Enso,15303,07/27/2021, 09:14:24,404
SKGTLSE12,iTLS-Enso,15304,07/27/2021, 10:16:54,404
SKGTLSE12,iTLS-Enso,15306,07/27/2021, 11:09:10,404
SKGTLSE12,iTLS-Enso,15307,07/27/2021, 12:17:03,404
SKGTLSE12,iTLS-Enso,15308,07/27/2021, 13:18:21,404
SKGTLSE12,iTLS-Enso,15310,07/27/2021, 14:10:05,404
SKGTLSE12,iTLS-Enso,15311,07/27/2021, 15:17:02,404
SKGTLSE12,iTLS-Enso,15314,07/27/2021, 16:21:53,404
SKGTLSE12,iTLS-Enso,15315,07/27/2021, 17:18:20,404
SKGTLSE12,iTLS-Enso,15317,07/27/2021, 18:17:52,404
SKGTLSE12,iTLS-Enso,15319,07/27/2021, 19:09:14,404
SKGTLSE12,iTLS-Enso,15321,07/27/2021, 20:09:40,404
SKGTLSE12,iTLS-Enso,15322,07/27/2021, 21:11:35,404
SKGTLSE12,iTLS-Enso,15323,07/27/2021, 22:10:49,404
SKGTLSE12,iTLS-Enso,15324,07/27/2021, 23:11:14,404
SKGTLSE12,iTLS-Enso,15325,07/28/2021, 00:37:15,404
SKGTLSE12,iTLS-Enso,15325,07/28/2021, 01:58:55,404
SKGTLSE12,iTLS-Enso,15326,07/28/2021, 02:30:46,404
SKGTLSE12,iTLS-Enso,15326,07/28/2021, 03:12:18,404
SKGTLSE12,iTLS-Enso,15326,07/28/2021, 04:13:53,404
SKGTLSE12,iTLS-Enso,15327,07/28/2021, 05:10:30,404
SKGTLSE12,iTLS-Enso,15328,07/28/2021, 06:14:29,404
SKGTLSE12,iTLS-Enso,15328,07/28/2021, 07:10:00,404
SKGTLSE12,iTLS-Enso,15328,07/28/2021, 08:12:19,404
SKGTLSE12,iTLS-Enso,15328,07/28/2021, 09:11:54,404
SKGTLSE12,iTLS-Enso,15328,07/28/2021, 10:16:50,404
SKGTLSE12,iTLS-Enso,15329,07/28/2021, 11:09:14,404
SKGTLSE12,iTLS-Enso,15329,07/28/2021, 12:17:14,404
SKGTLSE12,iTLS-Enso,15329,07/28/2021, 13:25:52,404
SKGTLSE12,iTLS-Enso,15329,07/28/2021, 14:11:24,404
SKGTLSE12,iTLS-Enso,15330,07/28/2021, 15:13:06,404
SKGTLSE12,iTLS-Enso,15333,07/28/2021, 16:17:17,404
SKGTLSE12,iTLS-Enso,15335,07/28/2021, 17:19:40,404
SKGTLSE12,iTLS-Enso,15337,07/28/2021, 18:13:30,404
SKGTLSE12,iTLS-Enso,15338,07/28/2021, 19:09:13,404
SKGTLSE12,iTLS-Enso,15339,07/28/2021, 20:12:43,404
SKGTLSE12,iTLS-Enso,15341,07/28/2021, 21:10:45,404
SKGTLSE12,iTLS-Enso,15341,07/28/2021, 22:10:23,404
SKGTLSE12,iTLS-Enso,15343,07/28/2021, 23:11:26,404
SKGTLSE12,iTLS-Enso,15344,07/29/2021, 00:35:15,404
SKGTLSE12,iTLS-Enso,15344,07/29/2021, 01:56:51,404
SKGTLSE12,iTLS-Enso,15344,07/29/2021, 02:27:01,404
SKGTLSE12,iTLS-Enso,15344,07/29/2021, 03:12:45,404
SKGTLSE12,iTLS-Enso,15345,07/29/2021, 04:14:21,404
SKGTLSE12,iTLS-Enso,15346,07/29/2021, 05:10:05,404
SKGTLSE12,iTLS-Enso,15349,07/29/2021, 06:13:55,404
SKGTLSE12,iTLS-Enso,15349,07/29/2021, 07:10:15,404
SKGTLSE12,iTLS-Enso,15349,07/29/2021, 08:17:05,404
SKGTLSE12,iTLS-Enso,15349,07/29/2021, 09:16:00,404
SKGTLSE12,iTLS-Enso,15349,07/29/2021, 10:13:27,404
SKGTLSE12,iTLS-Enso,15349,07/29/2021, 11:09:07,404
SKGTLSE12,iTLS-Enso,15350,07/29/2021, 12:17:10,404
SKGTLSE12,iTLS-Enso,15350,07/29/2021, 13:24:00,404
SKGTLSE12,iTLS-Enso,15350,07/29/2021, 14:14:40,404
SKGTLSE12,iTLS-Enso,15352,07/29/2021, 15:12:31,404
SKGTLSE12,iTLS-Enso,15353,07/29/2021, 16:17:27,404
SKGTLSE12,iTLS-Enso,15356,07/29/2021, 17:18:49,404
SKGTLSE12,iTLS-Enso,15357,07/29/2021, 18:17:52,404
SKGTLSE12,iTLS-Enso,15359,07/29/2021, 19:12:25,404
SKGTLSE12,iTLS-Enso,15359,07/29/2021, 20:15:54,404
SKGTLSE12,iTLS-Enso,15360,07/29/2021, 21:10:34,404
SKGTLSE12,iTLS-Enso,15360,07/29/2021, 22:11:40,404
SKGTLSE12,iTLS-Enso,15361,07/29/2021, 23:10:58,404
SKGTLSE12,iTLS-Enso,15362,07/30/2021, 00:36:39,404
SKGTLSE12,iTLS-Enso,15362,07/30/2021, 02:00:49,404
SKGTLSE12,iTLS-Enso,15362,07/30/2021, 03:12:08,404
SKGTLSE12,iTLS-Enso,15362,07/30/2021, 04:14:52,404
SKGTLSE12,iTLS-Enso,15362,07/30/2021, 05:09:50,404
SKGTLSE12,iTLS-Enso,15365,07/30/2021, 06:13:56,404
SKGTLSE12,iTLS-Enso,15365,07/30/2021, 07:10:07,404
SKGTLSE12,iTLS-Enso,15366,07/30/2021, 08:12:46,404
SKGTLSE12,iTLS-Enso,15366,07/30/2021, 09:11:35,404
SKGTLSE12,iTLS-Enso,15366,07/30/2021, 10:13:13,404
SKGTLSE12,iTLS-Enso,15366,07/30/2021, 11:09:20,404
SKGTLSE12,iTLS-Enso,15370,07/30/2021, 12:17:09,404
SKGTLSE12,iTLS-Enso,15370,07/30/2021, 13:18:50,404
SKGTLSE12,iTLS-Enso,15371,07/30/2021, 14:15:00,404
SKGTLSE12,iTLS-Enso,15372,07/30/2021, 15:17:02,404
SKGTLSE12,iTLS-Enso,15372,07/30/2021, 16:16:22,404
SKGTLSE12,iTLS-Enso,15372,07/30/2021, 17:17:32,404
SKGTLSE12,iTLS-Enso,15373,07/30/2021, 18:13:16,404
SKGTLSE12,iTLS-Enso,15373,07/30/2021, 19:08:54,404
SKGTLSE12,iTLS-Enso,15373,07/30/2021, 20:11:21,404
SKGTLSE12,iTLS-Enso,15373,07/30/2021, 21:10:08,404
SKGTLSE12,iTLS-Enso,15374,07/30/2021, 22:10:42,404
SKGTLSE12,iTLS-Enso,15376,07/30/2021, 23:11:05,404
SKGTLSE12,iTLS-Enso,15378,07/31/2021, 00:36:15,404
SKGTLSE12,iTLS-Enso,15378,07/31/2021, 01:53:49,404
SKGTLSE12,iTLS-Enso,15379,07/31/2021, 02:25:13,404
SKGTLSE12,iTLS-Enso,15379,07/31/2021, 03:12:15,404
SKGTLSE12,iTLS-Enso,15380,07/31/2021, 04:14:09,404
SKGTLSE12,iTLS-Enso,15381,07/31/2021, 05:09:19,404
SKGTLSE12,iTLS-Enso,15381,07/31/2021, 06:13:12,404
SKGTLSE12,iTLS-Enso,15382,07/31/2021, 07:10:05,404
SKGTLSE12,iTLS-Enso,15382,07/31/2021, 08:12:06,404
SKGTLSE12,iTLS-Enso,15383,07/31/2021, 09:11:16,404
SKGTLSE12,iTLS-Enso,15383,07/31/2021, 10:11:25,404
SKGTLSE12,iTLS-Enso,15384,07/31/2021, 11:08:49,404
SKGTLSE12,iTLS-Enso,15385,07/31/2021, 12:16:40,404
SKGTLSE12,iTLS-Enso,15386,07/31/2021, 13:16:05,404
SKGTLSE12,iTLS-Enso,15386,07/31/2021, 14:09:34,404
SKGTLSE12,iTLS-Enso,15388,07/31/2021, 15:11:44,404
SKGTLSE12,iTLS-Enso,15388,07/31/2021, 16:15:55,404
SKGTLSE12,iTLS-Enso,15388,07/31/2021, 17:16:51,404
SKGTLSE12,iTLS-Enso,15389,07/31/2021, 18:12:45,404
SKGTLSE12,iTLS-Enso,15389,07/31/2021, 19:08:48,404
SKGTLSE12,iTLS-Enso,15389,07/31/2021, 20:11:09,404
SKGTLSE12,iTLS-Enso,15389,07/31/2021, 21:10:18,404
SKGTLSE12,iTLS-Enso,15389,07/31/2021, 22:10:36,404
SKGTLSE12,iTLS-Enso,15390,07/31/2021, 23:10:52,404
SKGTLSE12,iTLS-Enso,15390,08/01/2021, 00:41:33,404
SKGTLSE12,iTLS-Enso,15395,08/01/2021, 02:01:21,404
SKGTLSE12,iTLS-Enso,15395,08/01/2021, 03:12:04,404
SKGTLSE12,iTLS-Enso,15395,08/01/2021, 04:13:55,404
SKGTLSE12,iTLS-Enso,15396,08/01/2021, 05:09:19,404
SKGTLSE12,iTLS-Enso,15398,08/01/2021, 06:13:35,404
SKGTLSE12,iTLS-Enso,15398,08/01/2021, 07:10:01,404
SKGTLSE12,iTLS-Enso,15398,08/01/2021, 08:12:24,404
SKGTLSE12,iTLS-Enso,15400,08/01/2021, 09:11:11,404
SKGTLSE12,iTLS-Enso,15402,08/01/2021, 10:11:52,404
SKGTLSE12,iTLS-Enso,15402,08/01/2021, 11:08:44,404
SKGTLSE12,iTLS-Enso,15406,08/01/2021, 12:16:11,404
SKGTLSE12,iTLS-Enso,15409,08/01/2021, 13:15:40,404
SKGTLSE12,iTLS-Enso,15410,08/01/2021, 14:09:38,404
SKGTLSE12,iTLS-Enso,15411,08/01/2021, 15:11:43,404
SKGTLSE12,iTLS-Enso,15412,08/01/2021, 16:15:44,404
SKGTLSE12,iTLS-Enso,15412,08/01/2021, 17:16:12,404
SKGTLSE12,iTLS-Enso,15412,08/01/2021, 18:12:41,404
SKGTLSE12,iTLS-Enso,15413,08/01/2021, 19:08:41,404
SKGTLSE12,iTLS-Enso,15415,08/01/2021, 20:12:02,404
SKGTLSE12,iTLS-Enso,15415,08/01/2021, 21:10:04,404
SKGTLSE12,iTLS-Enso,15416,08/01/2021, 22:10:30,404
SKGTLSE12,iTLS-Enso,15417,08/01/2021, 23:10:50,404
SKGTLSE12,iTLS-Enso,15419,08/02/2021, 00:36:09,404
SKGTLSE12,iTLS-Enso,15422,08/02/2021, 01:55:20,404
SKGTLSE12,iTLS-Enso,15423,08/02/2021, 02:24:33,404
SKGTLSE12,iTLS-Enso,15423,08/02/2021, 03:12:15,404
SKGTLSE12,iTLS-Enso,15423,08/02/2021, 04:14:15,404
SKGTLSE12,iTLS-Enso,15424,08/02/2021, 05:09:35,404
SKGTLSE12,iTLS-Enso,15425,08/02/2021, 06:13:55,404
SKGTLSE12,iTLS-Enso,15427,08/02/2021, 07:14:54,404
SKGTLSE12,iTLS-Enso,15427,08/02/2021, 08:20:33,404
SKGTLSE12,iTLS-Enso,15428,08/02/2021, 09:16:04,404
SKGTLSE12,iTLS-Enso,15428,08/02/2021, 10:16:53,404
SKGTLSE12,iTLS-Enso,15428,08/02/2021, 11:14:00,404
SKGTLSE12,iTLS-Enso,15429,08/02/2021, 12:22:00,404
SKGTLSE12,iTLS-Enso,15431,08/02/2021, 13:22:58,404
SKGTLSE12,iTLS-Enso,15432,08/02/2021, 14:15:05,404
SKGTLSE12,iTLS-Enso,15432,08/02/2021, 15:16:54,404
SKGTLSE12,iTLS-Enso,15432,08/02/2021, 16:21:55,404
SKGTLSE12,iTLS-Enso,15434,08/02/2021, 17:22:51,404
SKGTLSE12,iTLS-Enso,15435,08/02/2021, 18:18:03,404
SKGTLSE12,iTLS-Enso,15438,08/02/2021, 19:12:51,404
SKGTLSE12,iTLS-Enso,15439,08/02/2021, 20:16:50,404
SKGTLSE12,iTLS-Enso,15440,08/02/2021, 21:11:39,404
SKGTLSE12,iTLS-Enso,15440,08/02/2021, 22:10:54,404
SKGTLSE12,iTLS-Enso,15440,08/02/2021, 23:11:07,404
SKGTLSE12,iTLS-Enso,15440,08/03/2021, 00:40:57,404
SKGTLSE12,iTLS-Enso,15441,08/03/2021, 02:02:55,404
SKGTLSE12,iTLS-Enso,15441,08/03/2021, 03:12:05,404
SKGTLSE12,iTLS-Enso,15442,08/03/2021, 04:14:00,404
SKGTLSE12,iTLS-Enso,15443,08/03/2021, 05:09:34,404
SKGTLSE12,iTLS-Enso,15445,08/03/2021, 06:13:27,404
SKGTLSE12,iTLS-Enso,15446,08/03/2021, 07:10:21,404
SKGTLSE12,iTLS-Enso,15446,08/03/2021, 08:15:19,404
SKGTLSE12,iTLS-Enso,15447,08/03/2021, 09:14:37,404
SKGTLSE12,iTLS-Enso,15447,08/03/2021, 10:17:55,404
SKGTLSE12,iTLS-Enso,15447,08/03/2021, 11:09:49,404
SKGTLSE12,iTLS-Enso,15778,08/19/2021, 18:13:33,404
SKGTLSE12,iTLS-Enso,15779,08/19/2021, 19:12:30,404
SKGTLSE12,iTLS-Enso,15779,08/19/2021, 20:16:54,404
SKGTLSE12,iTLS-Enso,15780,08/19/2021, 21:12:33,404
SKGTLSE12,iTLS-Enso,15782,08/19/2021, 22:09:21,404
SKGTLSE12,iTLS-Enso,15782,08/19/2021, 23:11:11,404
SKGTLSE12,iTLS-Enso,15783,08/20/2021, 00:35:34,404
SKGTLSE12,iTLS-Enso,15786,08/20/2021, 01:50:31,404
SKGTLSE12,iTLS-Enso,15786,08/20/2021, 02:21:09,404
SKGTLSE12,iTLS-Enso,15788,08/20/2021, 03:12:04,404
SKGTLSE12,iTLS-Enso,15790,08/20/2021, 04:14:18,404
SKGTLSE12,iTLS-Enso,15790,08/20/2021, 05:10:35,404
SKGTLSE12,iTLS-Enso,15791,08/20/2021, 06:13:37,404
SKGTLSE12,iTLS-Enso,15791,08/20/2021, 07:11:33,404
SKGTLSE12,iTLS-Enso,15792,08/20/2021, 08:17:56,404
SKGTLSE12,iTLS-Enso,15792,08/20/2021, 09:16:12,404
SKGTLSE12,iTLS-Enso,15794,08/20/2021, 10:14:52,404
SKGTLSE12,iTLS-Enso,15794,08/20/2021, 11:09:32,404
SKGTLSE12,iTLS-Enso,15794,08/20/2021, 12:18:17,404
SKGTLSE12,iTLS-Enso,15795,08/20/2021, 13:22:55,404
SKGTLSE12,iTLS-Enso,15796,08/20/2021, 14:14:56,404
SKGTLSE12,iTLS-Enso,15796,08/20/2021, 15:16:51,404
SKGTLSE12,iTLS-Enso,15797,08/20/2021, 16:17:00,404
SKGTLSE12,iTLS-Enso,15798,08/20/2021, 17:16:57,404
SKGTLSE12,iTLS-Enso,15798,08/20/2021, 18:13:16,404
SKGTLSE12,iTLS-Enso,15798,08/20/2021, 19:09:24,404
SKGTLSE12,iTLS-Enso,15798,08/20/2021, 20:11:20,404
SKGTLSE12,iTLS-Enso,15800,08/20/2021, 21:10:08,404
SKGTLSE12,iTLS-Enso,15800,08/20/2021, 22:10:56,404
SKGTLSE12,iTLS-Enso,15801,08/20/2021, 23:11:13,404
SKGTLSE12,iTLS-Enso,15803,08/21/2021, 00:35:21,404
SKGTLSE12,iTLS-Enso,15803,08/21/2021, 01:50:14,404
SKGTLSE12,iTLS-Enso,15803,08/21/2021, 02:23:45,404
SKGTLSE12,iTLS-Enso,15803,08/21/2021, 03:11:58,404
SKGTLSE12,iTLS-Enso,15806,08/21/2021, 04:14:00,404
SKGTLSE12,iTLS-Enso,15806,08/21/2021, 05:09:38,404
SKGTLSE12,iTLS-Enso,15806,08/21/2021, 06:13:05,404
SKGTLSE12,iTLS-Enso,15807,08/21/2021, 07:10:50,404
SKGTLSE12,iTLS-Enso,15807,08/21/2021, 08:12:29,404
SKGTLSE12,iTLS-Enso,15807,08/21/2021, 09:10:47,404
SKGTLSE12,iTLS-Enso,15807,08/21/2021, 10:11:58,404
SKGTLSE12,iTLS-Enso,15807,08/21/2021, 11:09:13,404
SKGTLSE12,iTLS-Enso,15808,08/21/2021, 12:16:29,404
SKGTLSE12,iTLS-Enso,15808,08/21/2021, 13:16:16,404
SKGTLSE12,iTLS-Enso,15809,08/21/2021, 14:09:59,404
SKGTLSE12,iTLS-Enso,15810,08/21/2021, 15:11:33,404
SKGTLSE12,iTLS-Enso,15811,08/21/2021, 16:15:46,404
SKGTLSE12,iTLS-Enso,15812,08/21/2021, 17:15:32,404
SKGTLSE12,iTLS-Enso,15813,08/21/2021, 18:12:45,404
SKGTLSE12,iTLS-Enso,15813,08/21/2021, 19:08:34,404
SKGTLSE12,iTLS-Enso,15813,08/21/2021, 20:10:59,404
SKGTLSE12,iTLS-Enso,15815,08/21/2021, 21:09:56,404
SKGTLSE12,iTLS-Enso,15815,08/21/2021, 22:10:44,404
SKGTLSE12,iTLS-Enso,15816,08/21/2021, 23:10:46,404
SKGTLSE12,iTLS-Enso,15817,08/22/2021, 00:35:05,404
SKGTLSE12,iTLS-Enso,15817,08/22/2021, 01:51:15,404
SKGTLSE12,iTLS-Enso,15818,08/22/2021, 02:21:21,404
SKGTLSE12,iTLS-Enso,15819,08/22/2021, 03:11:51,404
SKGTLSE12,iTLS-Enso,15821,08/22/2021, 04:14:10,404
SKGTLSE12,iTLS-Enso,15822,08/22/2021, 05:09:34,404
SKGTLSE12,iTLS-Enso,15822,08/22/2021, 06:13:13,404
SKGTLSE12,iTLS-Enso,15823,08/22/2021, 07:10:43,404
SKGTLSE12,iTLS-Enso,15824,08/22/2021, 08:12:02,404
SKGTLSE12,iTLS-Enso,15824,08/22/2021, 09:11:06,404
SKGTLSE12,iTLS-Enso,15825,08/22/2021, 10:11:43,404
SKGTLSE12,iTLS-Enso,15825,08/22/2021, 11:09:22,404
SKGTLSE12,iTLS-Enso,15829,08/22/2021, 12:16:32,404
SKGTLSE12,iTLS-Enso,15829,08/22/2021, 13:16:45,404
SKGTLSE12,iTLS-Enso,15829,08/22/2021, 14:09:38,404
SKGTLSE12,iTLS-Enso,15832,08/22/2021, 15:12:03,404
SKGTLSE12,iTLS-Enso,15833,08/22/2021, 16:15:38,404
SKGTLSE12,iTLS-Enso,15836,08/22/2021, 17:15:30,404
SKGTLSE12,iTLS-Enso,15836,08/22/2021, 18:12:20,404
SKGTLSE12,iTLS-Enso,15838,08/22/2021, 19:08:46,404
SKGTLSE12,iTLS-Enso,15840,08/22/2021, 20:11:16,404
SKGTLSE12,iTLS-Enso,15843,08/22/2021, 21:09:38,404
SKGTLSE12,iTLS-Enso,15844,08/22/2021, 22:10:52,404
SKGTLSE12,iTLS-Enso,15844,08/22/2021, 23:11:00,404
SKGTLSE12,iTLS-Enso,15846,08/23/2021, 00:33:13,404
SKGTLSE12,iTLS-Enso,15848,08/23/2021, 01:45:10,404
SKGTLSE12,iTLS-Enso,15848,08/23/2021, 02:20:32,404
SKGTLSE12,iTLS-Enso,15848,08/23/2021, 03:11:43,404
SKGTLSE12,iTLS-Enso,15849,08/23/2021, 04:14:32,404
SKGTLSE12,iTLS-Enso,15849,08/23/2021, 05:09:53,404
SKGTLSE12,iTLS-Enso,15849,08/23/2021, 06:13:48,404
SKGTLSE12,iTLS-Enso,15850,08/23/2021, 07:15:53,404
SKGTLSE12,iTLS-Enso,15851,08/23/2021, 08:17:57,404
SKGTLSE12,iTLS-Enso,15851,08/23/2021, 09:16:02,404
SKGTLSE12,iTLS-Enso,15851,08/23/2021, 10:17:07,404
SKGTLSE12,iTLS-Enso,15851,08/23/2021, 11:14:59,404
SKGTLSE12,iTLS-Enso,15852,08/23/2021, 12:21:57,404
SKGTLSE12,iTLS-Enso,15853,08/23/2021, 13:22:54,404
SKGTLSE12,iTLS-Enso,15853,08/23/2021, 14:15:00,404
SKGTLSE12,iTLS-Enso,15853,08/23/2021, 15:14:54,404
SKGTLSE12,iTLS-Enso,15855,08/23/2021, 16:17:26,404
SKGTLSE12,iTLS-Enso,15856,08/23/2021, 17:18:01,404
SKGTLSE12,iTLS-Enso,15856,08/23/2021, 18:18:57,404
SKGTLSE12,iTLS-Enso,15858,08/23/2021, 19:12:59,404
SKGTLSE12,iTLS-Enso,15858,08/23/2021, 20:15:58,404
SKGTLSE12,iTLS-Enso,15858,08/23/2021, 21:14:57,404
SKGTLSE12,iTLS-Enso,15860,08/23/2021, 22:13:08,404
SKGTLSE12,iTLS-Enso,15861,08/23/2021, 23:11:20,404
SKGTLSE12,iTLS-Enso,15862,08/24/2021, 00:34:13,404
SKGTLSE12,iTLS-Enso,15862,08/24/2021, 01:48:30,404
SKGTLSE12,iTLS-Enso,15862,08/24/2021, 02:19:50,404
SKGTLSE12,iTLS-Enso,15863,08/24/2021, 03:11:53,404
SKGTLSE12,iTLS-Enso,15863,08/24/2021, 04:14:17,404
SKGTLSE12,iTLS-Enso,15863,08/24/2021, 05:09:54,404
SKGTLSE12,iTLS-Enso,15865,08/24/2021, 06:13:26,404
SKGTLSE12,iTLS-Enso,15866,08/24/2021, 07:11:18,404
SKGTLSE12,iTLS-Enso,15866,08/24/2021, 08:18:01,404
SKGTLSE12,iTLS-Enso,15866,08/24/2021, 09:16:01,404
SKGTLSE12,iTLS-Enso,15866,08/24/2021, 10:12:40,404
SKGTLSE12,iTLS-Enso,15866,08/24/2021, 11:13:53,404
SKGTLSE12,iTLS-Enso,15866,08/24/2021, 12:21:59,404
SKGTLSE12,iTLS-Enso,15866,08/24/2021, 13:17:32,404
SKGTLSE12,iTLS-Enso,15867,08/24/2021, 14:14:54,404
SKGTLSE12,iTLS-Enso,15868,08/24/2021, 15:15:40,404
SKGTLSE12,iTLS-Enso,15869,08/24/2021, 16:16:31,404
SKGTLSE12,iTLS-Enso,15869,08/24/2021, 17:21:48,404
SKGTLSE12,iTLS-Enso,15869,08/24/2021, 18:16:55,404
SKGTLSE12,iTLS-Enso,15870,08/24/2021, 19:13:54,404
SKGTLSE12,iTLS-Enso,15872,08/24/2021, 20:13:39,404
SKGTLSE12,iTLS-Enso,15873,08/24/2021, 21:13:50,404
SKGTLSE12,iTLS-Enso,15873,08/24/2021, 22:11:10,404
SKGTLSE12,iTLS-Enso,15874,08/24/2021, 23:11:23,404
SKGTLSE12,iTLS-Enso,15875,08/25/2021, 00:35:33,404
SKGTLSE12,iTLS-Enso,15875,08/25/2021, 01:50:58,404
SKGTLSE12,iTLS-Enso,15875,08/25/2021, 02:21:21,404
SKGTLSE12,iTLS-Enso,15876,08/25/2021, 03:11:46,404
SKGTLSE12,iTLS-Enso,15876,08/25/2021, 04:14:11,404
SKGTLSE12,iTLS-Enso,15878,08/25/2021, 05:09:55,404
SKGTLSE12,iTLS-Enso,15878,08/25/2021, 06:13:23,404
SKGTLSE12,iTLS-Enso,15879,08/25/2021, 07:15:58,404
SKGTLSE12,iTLS-Enso,15880,08/25/2021, 08:13:46,404
SKGTLSE12,iTLS-Enso,15880,08/25/2021, 09:15:59,404
SKGTLSE12,iTLS-Enso,15881,08/25/2021, 10:17:57,404
SKGTLSE12,iTLS-Enso,15881,08/25/2021, 11:14:00,404
SKGTLSE12,iTLS-Enso,15881,08/25/2021, 12:21:51,404
SKGTLSE12,iTLS-Enso,15882,08/25/2021, 13:23:00,404
SKGTLSE12,iTLS-Enso,15883,08/25/2021, 14:14:55,404
SKGTLSE12,iTLS-Enso,15883,08/25/2021, 15:14:19,404
SKGTLSE12,iTLS-Enso,15884,08/25/2021, 17:21:50,404
SKGTLSE12,iTLS-Enso,15884,08/25/2021, 18:17:08,404
SKGTLSE12,iTLS-Enso,15884,08/25/2021, 19:13:38,404
SKGTLSE12,iTLS-Enso,15885,08/25/2021, 20:16:05,404
SKGTLSE12,iTLS-Enso,15885,08/25/2021, 21:14:57,404
SKGTLSE12,iTLS-Enso,15887,08/25/2021, 22:11:06,404
SKGTLSE12,iTLS-Enso,15887,08/25/2021, 23:11:21,404
SKGTLSE12,iTLS-Enso,15888,08/26/2021, 00:33:57,404
SKGTLSE12,iTLS-Enso,15892,08/26/2021, 01:48:31,404
SKGTLSE12,iTLS-Enso,15893,08/26/2021, 02:20:13,404
SKGTLSE12,iTLS-Enso,15894,08/26/2021, 03:11:26,404
SKGTLSE12,iTLS-Enso,15894,08/26/2021, 04:14:16,404
SKGTLSE12,iTLS-Enso,15895,08/26/2021, 05:09:57,404
SKGTLSE12,iTLS-Enso,15895,08/26/2021, 06:13:12,404
SKGTLSE12,iTLS-Enso,15895,08/26/2021, 07:10:58,404
SKGTLSE12,iTLS-Enso,15896,08/26/2021, 08:18:10,404
SKGTLSE12,iTLS-Enso,15896,08/26/2021, 09:15:58,404
SKGTLSE12,iTLS-Enso,15897,08/26/2021, 10:17:00,404
SKGTLSE12,iTLS-Enso,15899,08/26/2021, 11:11:46,404
SKGTLSE12,iTLS-Enso,15900,08/26/2021, 12:22:55,404
SKGTLSE12,iTLS-Enso,15900,08/26/2021, 13:22:59,404
SKGTLSE12,iTLS-Enso,15900,08/26/2021, 14:15:03,404
SKGTLSE12,iTLS-Enso,15902,08/26/2021, 15:16:55,404
SKGTLSE12,iTLS-Enso,15902,08/26/2021, 16:17:38,404
SKGTLSE12,iTLS-Enso,15904,08/26/2021, 17:17:46,404
SKGTLSE12,iTLS-Enso,15904,08/26/2021, 18:13:03,404
SKGTLSE12,iTLS-Enso,15904,08/26/2021, 19:14:44,404
SKGTLSE12,iTLS-Enso,15905,08/26/2021, 20:15:54,404
SKGTLSE12,iTLS-Enso,15905,08/26/2021, 21:10:21,404
SKGTLSE12,iTLS-Enso,15905,08/26/2021, 22:11:02,404
SKGTLSE12,iTLS-Enso,15905,08/26/2021, 23:11:15,404
SKGTLSE12,iTLS-Enso,15905,08/27/2021, 00:38:58,404
SKGTLSE12,iTLS-Enso,15905,08/27/2021, 01:55:13,404
SKGTLSE12,iTLS-Enso,15905,08/27/2021, 02:24:12,404
SKGTLSE12,iTLS-Enso,15905,08/27/2021, 03:11:28,404
SKGTLSE12,iTLS-Enso,15905,08/27/2021, 04:14:15,404
SKGTLSE12,iTLS-Enso,15907,08/27/2021, 05:09:48,404
SKGTLSE12,iTLS-Enso,15907,08/27/2021, 06:13:24,404
SKGTLSE12,iTLS-Enso,15909,08/27/2021, 07:12:29,404
SKGTLSE12,iTLS-Enso,15909,08/27/2021, 08:17:50,404
SKGTLSE12,iTLS-Enso,15909,08/27/2021, 09:15:57,404
SKGTLSE12,iTLS-Enso,15910,08/27/2021, 10:16:56,404
SKGTLSE12,iTLS-Enso,15910,08/27/2021, 11:09:14,404
SKGTLSE12,iTLS-Enso,15910,08/27/2021, 12:18:45,404
SKGTLSE12,iTLS-Enso,15912,08/27/2021, 13:21:51,404
SKGTLSE12,iTLS-Enso,15912,08/27/2021, 14:14:49,404
SKGTLSE12,iTLS-Enso,15912,08/27/2021, 15:16:54,404
SKGTLSE12,iTLS-Enso,15912,08/27/2021, 16:20:41,404
SKGTLSE12,iTLS-Enso,15914,08/27/2021, 17:16:50,404
SKGTLSE12,iTLS-Enso,15914,08/27/2021, 18:15:19,404
SKGTLSE12,iTLS-Enso,15915,08/27/2021, 19:09:16,404
SKGTLSE12,iTLS-Enso,15915,08/27/2021, 20:11:27,404
SKGTLSE12,iTLS-Enso,15915,08/27/2021, 21:09:45,404
SKGTLSE12,iTLS-Enso,15915,08/27/2021, 22:11:02,404
SKGTLSE12,iTLS-Enso,15916,08/27/2021, 23:11:10,404
SKGTLSE12,iTLS-Enso,15918,08/28/2021, 00:34:18,404
SKGTLSE12,iTLS-Enso,15918,08/28/2021, 01:46:22,404
SKGTLSE12,iTLS-Enso,15918,08/28/2021, 02:22:01,404
SKGTLSE12,iTLS-Enso,15918,08/28/2021, 03:11:32,404
SKGTLSE12,iTLS-Enso,15919,08/28/2021, 04:13:54,404
SKGTLSE12,iTLS-Enso,15920,08/28/2021, 05:09:37,404
SKGTLSE12,iTLS-Enso,15920,08/28/2021, 06:12:49,404
SKGTLSE12,iTLS-Enso,15920,08/28/2021, 07:10:37,404
SKGTLSE12,iTLS-Enso,15922,08/28/2021, 08:12:31,404
SKGTLSE12,iTLS-Enso,15922,08/28/2021, 09:10:26,404
SKGTLSE12,iTLS-Enso,15922,08/28/2021, 10:11:50,404
SKGTLSE12,iTLS-Enso,15923,08/28/2021, 11:09:06,404
SKGTLSE12,iTLS-Enso,15926,08/28/2021, 12:16:12,404
SKGTLSE12,iTLS-Enso,15927,08/28/2021, 13:15:16,404
SKGTLSE12,iTLS-Enso,15929,08/28/2021, 15:11:16,404
SKGTLSE12,iTLS-Enso,15929,08/28/2021, 16:16:05,404
SKGTLSE12,iTLS-Enso,15929,08/28/2021, 17:15:24,404
SKGTLSE12,iTLS-Enso,15930,08/28/2021, 18:12:15,404
SKGTLSE12,iTLS-Enso,15931,08/28/2021, 19:08:38,404
SKGTLSE12,iTLS-Enso,15933,08/28/2021, 20:11:00,404
SKGTLSE12,iTLS-Enso,15934,08/28/2021, 21:09:31,404
SKGTLSE12,iTLS-Enso,15936,08/28/2021, 22:10:41,404
SKGTLSE12,iTLS-Enso,15941,08/28/2021, 23:11:12,404
SKGTLSE12,iTLS-Enso,15943,08/29/2021, 00:37:29,404
SKGTLSE12,iTLS-Enso,15943,08/29/2021, 01:53:46,404
SKGTLSE12,iTLS-Enso,15943,08/29/2021, 02:22:09,404
SKGTLSE12,iTLS-Enso,15944,08/29/2021, 03:11:23,404
SKGTLSE12,iTLS-Enso,15944,08/29/2021, 04:13:54,404
SKGTLSE12,iTLS-Enso,15944,08/29/2021, 05:09:32,404
SKGTLSE12,iTLS-Enso,15944,08/29/2021, 06:12:44,404
SKGTLSE12,iTLS-Enso,15944,08/29/2021, 07:10:45,404
SKGTLSE12,iTLS-Enso,15944,08/29/2021, 08:12:30,404
SKGTLSE12,iTLS-Enso,15946,08/29/2021, 09:10:20,404
SKGTLSE12,iTLS-Enso,15946,08/29/2021, 10:11:56,404
SKGTLSE12,iTLS-Enso,15947,08/29/2021, 11:08:59,404
SKGTLSE12,iTLS-Enso,15947,08/29/2021, 12:16:17,404
SKGTLSE12,iTLS-Enso,15948,08/29/2021, 13:15:22,404
SKGTLSE12,iTLS-Enso,15948,08/29/2021, 14:10:01,404
SKGTLSE12,iTLS-Enso,15949,08/29/2021, 15:11:27,404
SKGTLSE12,iTLS-Enso,15949,08/29/2021, 16:15:40,404
SKGTLSE12,iTLS-Enso,15950,08/29/2021, 17:15:36,404
SKGTLSE12,iTLS-Enso,15951,08/29/2021, 18:12:12,404
SKGTLSE12,iTLS-Enso,15953,08/29/2021, 19:08:58,404
SKGTLSE12,iTLS-Enso,15954,08/29/2021, 20:10:55,404
SKGTLSE12,iTLS-Enso,15955,08/29/2021, 21:09:33,404
SKGTLSE12,iTLS-Enso,15955,08/29/2021, 22:10:38,404
SKGTLSE12,iTLS-Enso,15957,08/29/2021, 23:10:55,404
SKGTLSE12,iTLS-Enso,15958,08/30/2021, 00:36:01,404
SKGTLSE12,iTLS-Enso,15959,08/30/2021, 01:51:24,404
SKGTLSE12,iTLS-Enso,15959,08/30/2021, 02:21:18,404
SKGTLSE12,iTLS-Enso,15959,08/30/2021, 03:11:57,404
SKGTLSE12,iTLS-Enso,15959,08/30/2021, 04:14:21,404
SKGTLSE12,iTLS-Enso,15960,08/30/2021, 05:09:55,404
SKGTLSE12,iTLS-Enso,15960,08/30/2021, 06:13:26,404
SKGTLSE12,iTLS-Enso,15960,08/30/2021, 07:14:35,404
SKGTLSE12,iTLS-Enso,15962,08/30/2021, 08:17:55,404
SKGTLSE12,iTLS-Enso,15963,08/30/2021, 09:15:56,404
SKGTLSE12,iTLS-Enso,15963,08/30/2021, 10:16:58,404
SKGTLSE12,iTLS-Enso,15963,08/30/2021, 11:13:56,404
SKGTLSE12,iTLS-Enso,15964,08/30/2021, 12:22:02,404
SKGTLSE12,iTLS-Enso,15965,08/30/2021, 13:23:01,404
SKGTLSE12,iTLS-Enso,15965,08/30/2021, 14:15:08,404
SKGTLSE12,iTLS-Enso,15965,08/30/2021, 15:17:04,404
SKGTLSE12,iTLS-Enso,15967,08/30/2021, 16:18:51,404
SKGTLSE12,iTLS-Enso,15968,08/30/2021, 17:22:03,404
SKGTLSE12,iTLS-Enso,15969,08/30/2021, 18:17:56,404
SKGTLSE12,iTLS-Enso,15969,08/30/2021, 19:13:56,404
SKGTLSE12,iTLS-Enso,15971,08/30/2021, 20:16:58,404
SKGTLSE12,iTLS-Enso,15971,08/30/2021, 21:11:03,404
SKGTLSE12,iTLS-Enso,15972,08/30/2021, 22:14:45,404
SKGTLSE12,iTLS-Enso,15973,08/30/2021, 23:11:23,404
SKGTLSE12,iTLS-Enso,15974,08/31/2021, 00:37:36,404
SKGTLSE12,iTLS-Enso,15974,08/31/2021, 01:51:49,404
SKGTLSE12,iTLS-Enso,15975,08/31/2021, 02:21:18,404
SKGTLSE12,iTLS-Enso,15976,08/31/2021, 03:11:56,404
SKGTLSE12,iTLS-Enso,15977,08/31/2021, 04:13:59,404
SKGTLSE12,iTLS-Enso,15978,08/31/2021, 05:09:53,404
SKGTLSE12,iTLS-Enso,15979,08/31/2021, 06:13:14,404
SKGTLSE12,iTLS-Enso,15979,08/31/2021, 07:16:04,404
SKGTLSE12,iTLS-Enso,15979,08/31/2021, 08:18:15,404
SKGTLSE12,iTLS-Enso,15980,08/31/2021, 09:17:39,404
SKGTLSE12,iTLS-Enso,15980,08/31/2021, 10:17:02,404
SKGTLSE12,iTLS-Enso,15981,08/31/2021, 11:13:54,404
SKGTLSE12,iTLS-Enso,15981,08/31/2021, 12:19:36,404
SKGTLSE12,iTLS-Enso,15981,08/31/2021, 13:22:53,404
SKGTLSE12,iTLS-Enso,15981,08/31/2021, 14:10:18,404
SKGTLSE12,iTLS-Enso,15981,08/31/2021, 15:16:56,404
SKGTLSE12,iTLS-Enso,15982,08/31/2021, 16:20:59,404
SKGTLSE12,iTLS-Enso,15983,08/31/2021, 17:21:55,404
SKGTLSE12,iTLS-Enso,15983,08/31/2021, 18:17:04,404
SKGTLSE12,iTLS-Enso,15984,08/31/2021, 19:13:59,404
SKGTLSE12,iTLS-Enso,15986,08/31/2021, 20:15:55,404
SKGTLSE12,iTLS-Enso,15986,08/31/2021, 21:09:57,404
SKGTLSE12,iTLS-Enso,15988,08/31/2021, 22:09:50,404
SKGTLSE12,iTLS-Enso,15989,08/31/2021, 23:11:03,404
SKGTLSE12,iTLS-Enso,15989,09/01/2021, 00:39:52,404
SKGTLSE12,iTLS-Enso,15990,09/01/2021, 01:57:47,404
SKGTLSE12,iTLS-Enso,15990,09/01/2021, 02:28:14,404
SKGTLSE12,iTLS-Enso,15990,09/01/2021, 03:11:51,404
SKGTLSE12,iTLS-Enso,15993,09/01/2021, 04:14:35,404
SKGTLSE12,iTLS-Enso,15993,09/01/2021, 05:10:16,404
SKGTLSE12,iTLS-Enso,15995,09/01/2021, 06:13:45,404
SKGTLSE12,iTLS-Enso,15995,09/01/2021, 07:15:56,404
SKGTLSE12,iTLS-Enso,15996,09/01/2021, 08:16:10,404
SKGTLSE12,iTLS-Enso,15997,09/01/2021, 09:15:52,404
SKGTLSE12,iTLS-Enso,15999,09/01/2021, 10:16:58,404
SKGTLSE12,iTLS-Enso,15999,09/01/2021, 11:13:58,404
SKGTLSE12,iTLS-Enso,16000,09/01/2021, 12:22:06,404
SKGTLSE12,iTLS-Enso,16001,09/01/2021, 13:23:07,404
SKGTLSE12,iTLS-Enso,16001,09/01/2021, 14:10:57,404
SKGTLSE12,iTLS-Enso,16001,09/01/2021, 15:16:23,404
SKGTLSE12,iTLS-Enso,16001,09/01/2021, 16:16:45,404
SKGTLSE12,iTLS-Enso,16001,09/01/2021, 17:20:40,404
SKGTLSE12,iTLS-Enso,16001,09/01/2021, 18:15:12,404
SKGTLSE12,iTLS-Enso,16002,09/01/2021, 19:12:59,404
SKGTLSE12,iTLS-Enso,16002,09/01/2021, 20:16:54,404
SKGTLSE12,iTLS-Enso,16002,09/01/2021, 21:15:01,404
SKGTLSE12,iTLS-Enso,16002,09/01/2021, 22:11:18,404
SKGTLSE12,iTLS-Enso,16003,09/01/2021, 23:11:32,404
SKGTLSE12,iTLS-Enso,16004,09/02/2021, 00:36:41,404
SKGTLSE12,iTLS-Enso,16005,09/02/2021, 01:52:05,404
SKGTLSE12,iTLS-Enso,16005,09/02/2021, 02:21:32,404
SKGTLSE12,iTLS-Enso,16005,09/02/2021, 03:11:53,404
SKGTLSE12,iTLS-Enso,16005,09/02/2021, 04:14:29,404
SKGTLSE12,iTLS-Enso,16005,09/02/2021, 05:10:45,404
SKGTLSE12,iTLS-Enso,16005,09/02/2021, 06:13:38,404
SKGTLSE12,iTLS-Enso,16005,09/02/2021, 07:15:54,404
SKGTLSE12,iTLS-Enso,16005,09/02/2021, 08:17:59,404
SKGTLSE12,iTLS-Enso,16005,09/02/2021, 09:16:08,404
SKGTLSE12,iTLS-Enso,16005,09/02/2021, 10:16:54,404
SKGTLSE12,iTLS-Enso,16007,09/02/2021, 11:14:03,404
SKGTLSE12,iTLS-Enso,16007,09/02/2021, 12:21:57,404
SKGTLSE12,iTLS-Enso,16007,09/02/2021, 13:23:12,404
SKGTLSE12,iTLS-Enso,16007,09/02/2021, 14:15:00,404
SKGTLSE12,iTLS-Enso,16007,09/02/2021, 15:14:52,404
SKGTLSE12,iTLS-Enso,16007,09/02/2021, 16:17:23,404
SKGTLSE12,iTLS-Enso,16008,09/02/2021, 17:18:44,404
SKGTLSE12,iTLS-Enso,16009,09/02/2021, 18:13:07,404
SKGTLSE12,iTLS-Enso,16009,09/02/2021, 19:09:09,404
SKGTLSE12,iTLS-Enso,16009,09/02/2021, 20:15:54,404
SKGTLSE12,iTLS-Enso,16009,09/02/2021, 21:12:18,404
SKGTLSE12,iTLS-Enso,16010,09/02/2021, 22:11:09,404
SKGTLSE12,iTLS-Enso,16010,09/02/2021, 23:11:41,404
SKGTLSE12,iTLS-Enso,16011,09/03/2021, 00:36:24,404
SKGTLSE12,iTLS-Enso,16011,09/03/2021, 01:52:56,404
SKGTLSE12,iTLS-Enso,16011,09/03/2021, 02:22:27,404
SKGTLSE12,iTLS-Enso,16012,09/03/2021, 03:12:02,404
SKGTLSE12,iTLS-Enso,16012,09/03/2021, 04:14:32,404
SKGTLSE12,iTLS-Enso,16013,09/03/2021, 05:10:13,404
SKGTLSE12,iTLS-Enso,16015,09/03/2021, 06:13:30,404
SKGTLSE12,iTLS-Enso,16016,09/03/2021, 07:11:30,404
SKGTLSE12,iTLS-Enso,16016,09/03/2021, 08:18:13,404
SKGTLSE12,iTLS-Enso,16017,09/03/2021, 09:15:57,404
SKGTLSE12,iTLS-Enso,16018,09/03/2021, 10:17:03,404
SKGTLSE12,iTLS-Enso,16018,09/03/2021, 11:11:21,404
SKGTLSE12,iTLS-Enso,16018,09/03/2021, 12:22:02,404
SKGTLSE12,iTLS-Enso,16018,09/03/2021, 13:23:02,404
SKGTLSE12,iTLS-Enso,16018,09/03/2021, 14:14:55,404
SKGTLSE12,iTLS-Enso,16018,09/03/2021, 15:17:02,404
SKGTLSE12,iTLS-Enso,16019,09/03/2021, 16:16:45,404
SKGTLSE12,iTLS-Enso,16020,09/03/2021, 17:17:18,404
SKGTLSE12,iTLS-Enso,16020,09/03/2021, 18:12:42,404
SKGTLSE12,iTLS-Enso,16020,09/03/2021, 19:09:13,404
SKGTLSE12,iTLS-Enso,16020,09/03/2021, 20:12:21,404
SKGTLSE12,iTLS-Enso,16020,09/03/2021, 21:09:56,404
SKGTLSE12,iTLS-Enso,16020,09/03/2021, 22:11:14,404
SKGTLSE12,iTLS-Enso,16020,09/03/2021, 23:11:18,404
SKGTLSE12,iTLS-Enso,16020,09/04/2021, 00:36:28,404
SKGTLSE12,iTLS-Enso,16020,09/04/2021, 01:53:25,404
SKGTLSE12,iTLS-Enso,16020,09/04/2021, 02:25:27,404
SKGTLSE12,iTLS-Enso,16020,09/04/2021, 03:11:39,404
SKGTLSE12,iTLS-Enso,16020,09/04/2021, 04:14:32,404
SKGTLSE12,iTLS-Enso,16022,09/04/2021, 05:09:37,404
SKGTLSE12,iTLS-Enso,16022,09/04/2021, 06:12:56,404
SKGTLSE12,iTLS-Enso,16023,09/04/2021, 07:11:06,404
SKGTLSE12,iTLS-Enso,16023,09/04/2021, 08:12:36,404
SKGTLSE12,iTLS-Enso,16023,09/04/2021, 09:10:31,404
SKGTLSE12,iTLS-Enso,16024,09/04/2021, 10:11:53,404
SKGTLSE12,iTLS-Enso,16024,09/04/2021, 11:09:14,404
SKGTLSE12,iTLS-Enso,16025,09/04/2021, 12:16:16,404
SKGTLSE12,iTLS-Enso,16027,09/04/2021, 13:16:11,404
SKGTLSE12,iTLS-Enso,16027,09/04/2021, 14:09:58,404
SKGTLSE12,iTLS-Enso,16028,09/04/2021, 15:11:19,404
SKGTLSE12,iTLS-Enso,16028,09/04/2021, 16:15:57,404
SKGTLSE12,iTLS-Enso,16028,09/04/2021, 17:15:53,404
SKGTLSE12,iTLS-Enso,16029,09/04/2021, 18:12:20,404
SKGTLSE12,iTLS-Enso,16029,09/04/2021, 19:10:25,404
SKGTLSE12,iTLS-Enso,16029,09/04/2021, 20:11:12,404
SKGTLSE12,iTLS-Enso,16029,09/04/2021, 21:09:28,404
SKGTLSE12,iTLS-Enso,16029,09/04/2021, 22:10:46,404
SKGTLSE12,iTLS-Enso,16030,09/04/2021, 23:10:44,404
SKGTLSE12,iTLS-Enso,16030,09/05/2021, 00:39:27,404
SKGTLSE12,iTLS-Enso,16030,09/05/2021, 01:55:10,404
SKGTLSE12,iTLS-Enso,16031,09/05/2021, 02:23:47,404
SKGTLSE12,iTLS-Enso,16032,09/05/2021, 03:11:41,404
SKGTLSE12,iTLS-Enso,16032,09/05/2021, 04:14:19,404
SKGTLSE12,iTLS-Enso,16032,09/05/2021, 05:09:44,404
SKGTLSE12,iTLS-Enso,16032,09/05/2021, 06:12:57,404
SKGTLSE12,iTLS-Enso,16032,09/05/2021, 07:11:00,404
SKGTLSE12,iTLS-Enso,16032,09/05/2021, 08:12:39,404
SKGTLSE12,iTLS-Enso,16032,09/05/2021, 09:10:39,404
SKGTLSE12,iTLS-Enso,16033,09/05/2021, 10:11:58,404
SKGTLSE12,iTLS-Enso,16034,09/05/2021, 11:09:06,404
SKGTLSE12,iTLS-Enso,16034,09/05/2021, 12:16:34,404
SKGTLSE12,iTLS-Enso,16035,09/05/2021, 13:16:46,404
SKGTLSE12,iTLS-Enso,16035,09/05/2021, 14:09:58,404
SKGTLSE12,iTLS-Enso,16035,09/05/2021, 15:11:16,404
SKGTLSE12,iTLS-Enso,16035,09/05/2021, 16:16:00,404
SKGTLSE12,iTLS-Enso,16035,09/05/2021, 17:15:54,404
SKGTLSE12,iTLS-Enso,16035,09/05/2021, 18:12:17,404
SKGTLSE12,iTLS-Enso,16036,09/05/2021, 19:08:49,404
SKGTLSE12,iTLS-Enso,16037,09/05/2021, 20:11:21,404
SKGTLSE12,iTLS-Enso,16038,09/05/2021, 21:09:27,404
SKGTLSE12,iTLS-Enso,16038,09/05/2021, 22:11:48,404
SKGTLSE12,iTLS-Enso,16038,09/05/2021, 23:11:12,404
SKGTLSE12,iTLS-Enso,16038,09/06/2021, 00:40:28,404
SKGTLSE12,iTLS-Enso,16039,09/06/2021, 01:58:11,404
SKGTLSE12,iTLS-Enso,16039,09/06/2021, 02:28:28,404
SKGTLSE12,iTLS-Enso,16041,09/06/2021, 03:11:52,404
SKGTLSE12,iTLS-Enso,16043,09/06/2021, 04:14:17,404
SKGTLSE12,iTLS-Enso,16044,09/06/2021, 05:10:26,404
SKGTLSE12,iTLS-Enso,16044,09/06/2021, 06:13:37,404
SKGTLSE12,iTLS-Enso,16044,09/06/2021, 07:11:39,404
SKGTLSE12,iTLS-Enso,16045,09/06/2021, 08:17:52,404
SKGTLSE12,iTLS-Enso,16045,09/06/2021, 09:16:01,404
SKGTLSE12,iTLS-Enso,16045,09/06/2021, 10:17:55,404
SKGTLSE12,iTLS-Enso,16045,09/06/2021, 11:14:04,404
SKGTLSE12,iTLS-Enso,16045,09/06/2021, 12:22:01,404
SKGTLSE12,iTLS-Enso,16045,09/06/2021, 13:20:37,404
SKGTLSE12,iTLS-Enso,16045,09/06/2021, 14:10:50,404
SKGTLSE12,iTLS-Enso,16046,09/06/2021, 15:11:43,404
SKGTLSE12,iTLS-Enso,16047,09/06/2021, 16:16:36,404
SKGTLSE12,iTLS-Enso,16047,09/06/2021, 17:17:32,404
SKGTLSE12,iTLS-Enso,16047,09/06/2021, 18:12:43,404
SKGTLSE12,iTLS-Enso,16048,09/06/2021, 19:09:02,404
SKGTLSE12,iTLS-Enso,16049,09/06/2021, 20:11:40,404
SKGTLSE12,iTLS-Enso,16049,09/06/2021, 21:10:00,404
SKGTLSE12,iTLS-Enso,16049,09/06/2021, 22:10:57,404
SKGTLSE12,iTLS-Enso,16051,09/06/2021, 23:11:04,404
SKGTLSE12,iTLS-Enso,16052,09/07/2021, 00:35:19,404
SKGTLSE12,iTLS-Enso,16054,09/07/2021, 01:50:37,404
SKGTLSE12,iTLS-Enso,16054,09/07/2021, 02:21:29,404
SKGTLSE12,iTLS-Enso,16054,09/07/2021, 03:11:49,404
SKGTLSE12,iTLS-Enso,16054,09/07/2021, 04:14:14,404
SKGTLSE12,iTLS-Enso,16054,09/07/2021, 05:10:02,404
SKGTLSE12,iTLS-Enso,16054,09/07/2021, 06:13:28,404
SKGTLSE12,iTLS-Enso,16054,09/07/2021, 07:12:03,404
SKGTLSE12,iTLS-Enso,16054,09/07/2021, 08:13:58,404
SKGTLSE12,iTLS-Enso,16054,09/07/2021, 09:16:08,404
SKGTLSE12,iTLS-Enso,16054,09/07/2021, 10:14:37,404
SKGTLSE12,iTLS-Enso,16054,09/07/2021, 11:13:56,404
SKGTLSE12,iTLS-Enso,16054,09/07/2021, 12:17:00,404
SKGTLSE12,iTLS-Enso,16055,09/07/2021, 13:18:27,404
SKGTLSE12,iTLS-Enso,16055,09/07/2021, 14:10:43,404
SKGTLSE12,iTLS-Enso,16056,09/07/2021, 15:12:06,404
SKGTLSE12,iTLS-Enso,16056,09/07/2021, 16:16:54,404
SKGTLSE12,iTLS-Enso,16056,09/07/2021, 17:17:40,404
SKGTLSE12,iTLS-Enso,16056,09/07/2021, 18:12:44,404
SKGTLSE12,iTLS-Enso,16056,09/07/2021, 19:09:15,404
SKGTLSE12,iTLS-Enso,16056,09/07/2021, 20:11:41,404
SKGTLSE12,iTLS-Enso,16057,09/07/2021, 21:09:46,404
SKGTLSE12,iTLS-Enso,16058,09/07/2021, 22:11:13,404
SKGTLSE12,iTLS-Enso,16058,09/07/2021, 23:11:17,404
SKGTLSE12,iTLS-Enso,16058,09/08/2021, 00:35:22,404
SKGTLSE12,iTLS-Enso,16058,09/08/2021, 01:52:38,404
SKGTLSE12,iTLS-Enso,16058,09/08/2021, 02:22:27,404
SKGTLSE12,iTLS-Enso,16058,09/08/2021, 03:11:55,404
SKGTLSE12,iTLS-Enso,16059,09/08/2021, 04:14:32,404
SKGTLSE12,iTLS-Enso,16060,09/08/2021, 05:08:33,404
SKGTLSE12,iTLS-Enso,16061,09/08/2021, 06:13:23,404
SKGTLSE12,iTLS-Enso,16061,09/08/2021, 07:11:19,404
SKGTLSE12,iTLS-Enso,16061,09/08/2021, 08:12:58,404
SKGTLSE12,iTLS-Enso,16061,09/08/2021, 09:11:11,404
SKGTLSE12,iTLS-Enso,16061,09/08/2021, 10:12:44,404
SKGTLSE12,iTLS-Enso,16062,09/08/2021, 11:09:19,404
SKGTLSE12,iTLS-Enso,16062,09/08/2021, 12:17:18,404
SKGTLSE12,iTLS-Enso,16062,09/08/2021, 13:18:34,404
SKGTLSE12,iTLS-Enso,16062,09/08/2021, 14:10:32,404
SKGTLSE12,iTLS-Enso,16062,09/08/2021, 15:12:09,404
SKGTLSE12,iTLS-Enso,16062,09/08/2021, 16:16:36,404
SKGTLSE12,iTLS-Enso,16062,09/08/2021, 17:17:29,404
SKGTLSE12,iTLS-Enso,16063,09/08/2021, 18:14:51,404
SKGTLSE12,iTLS-Enso,16063,09/08/2021, 19:09:43,404
SKGTLSE12,iTLS-Enso,16063,09/08/2021, 20:11:58,404
SKGTLSE12,iTLS-Enso,16063,09/08/2021, 21:09:51,404
SKGTLSE12,iTLS-Enso,16064,09/08/2021, 22:11:17,404
SKGTLSE12,iTLS-Enso,16066,09/08/2021, 23:11:16,404
SKGTLSE12,iTLS-Enso,16067,09/09/2021, 00:38:49,404
SKGTLSE12,iTLS-Enso,16068,09/09/2021, 01:55:59,404
SKGTLSE12,iTLS-Enso,16068,09/09/2021, 02:25:00,404
SKGTLSE12,iTLS-Enso,16068,09/09/2021, 03:11:56,404
SKGTLSE12,iTLS-Enso,16068,09/09/2021, 04:14:38,404
SKGTLSE12,iTLS-Enso,16068,09/09/2021, 05:10:28,404
SKGTLSE12,iTLS-Enso,16068,09/09/2021, 06:13:30,404
SKGTLSE12,iTLS-Enso,16068,09/09/2021, 07:11:56,404
SKGTLSE12,iTLS-Enso,16068,09/09/2021, 08:13:11,404
SKGTLSE12,iTLS-Enso,16069,09/09/2021, 09:11:21,404
SKGTLSE12,iTLS-Enso,16070,09/09/2021, 10:12:28,404
SKGTLSE12,iTLS-Enso,16071,09/09/2021, 11:09:43,404
SKGTLSE12,iTLS-Enso,16073,09/09/2021, 12:17:34,404
SKGTLSE12,iTLS-Enso,16073,09/09/2021, 13:18:56,404
SKGTLSE12,iTLS-Enso,16074,09/09/2021, 14:10:27,404
SKGTLSE12,iTLS-Enso,16075,09/09/2021, 15:11:49,404
SKGTLSE12,iTLS-Enso,16075,09/09/2021, 16:16:44,404
SKGTLSE12,iTLS-Enso,16075,09/09/2021, 17:17:06,404
SKGTLSE12,iTLS-Enso,16077,09/09/2021, 18:13:03,404
SKGTLSE12,iTLS-Enso,16077,09/09/2021, 19:09:09,404
SKGTLSE12,iTLS-Enso,16077,09/09/2021, 20:11:48,404
SKGTLSE12,iTLS-Enso,16077,09/09/2021, 21:10:06,404
SKGTLSE12,iTLS-Enso,16077,09/09/2021, 22:11:13,404
SKGTLSE12,iTLS-Enso,16077,09/09/2021, 23:11:20,404
SKGTLSE12,iTLS-Enso,16077,09/10/2021, 00:41:14,404
SKGTLSE12,iTLS-Enso,16077,09/10/2021, 01:56:05,404
SKGTLSE12,iTLS-Enso,16078,09/10/2021, 02:25:24,404
SKGTLSE12,iTLS-Enso,16078,09/10/2021, 03:11:52,404
SKGTLSE12,iTLS-Enso,16079,09/10/2021, 04:14:43,404
SKGTLSE12,iTLS-Enso,16079,09/10/2021, 05:10:07,404
SKGTLSE12,iTLS-Enso,16079,09/10/2021, 06:13:37,404
SKGTLSE12,iTLS-Enso,16079,09/10/2021, 07:11:23,404
SKGTLSE12,iTLS-Enso,16079,09/10/2021, 08:16:27,404
SKGTLSE12,iTLS-Enso,16079,09/10/2021, 09:16:03,404
SKGTLSE12,iTLS-Enso,16079,09/10/2021, 10:12:14,404
SKGTLSE12,iTLS-Enso,16079,09/10/2021, 11:09:39,404
SKGTLSE12,iTLS-Enso,16079,09/10/2021, 12:17:18,404
SKGTLSE12,iTLS-Enso,16079,09/10/2021, 13:19:35,404
SKGTLSE12,iTLS-Enso,16079,09/10/2021, 14:10:45,404
SKGTLSE12,iTLS-Enso,16079,09/10/2021, 15:12:04,404
SKGTLSE12,iTLS-Enso,16079,09/10/2021, 16:16:39,404
SKGTLSE12,iTLS-Enso,16079,09/10/2021, 17:14:38,404
SKGTLSE12,iTLS-Enso,16080,09/10/2021, 18:12:48,404
SKGTLSE12,iTLS-Enso,16080,09/10/2021, 19:09:11,404
SKGTLSE12,iTLS-Enso,16082,09/10/2021, 20:11:44,404
SKGTLSE12,iTLS-Enso,16082,09/10/2021, 21:09:46,404
SKGTLSE12,iTLS-Enso,16082,09/10/2021, 22:11:02,404
SKGTLSE12,iTLS-Enso,16082,09/10/2021, 23:11:18,404
SKGTLSE12,iTLS-Enso,16082,09/11/2021, 00:36:42,404
SKGTLSE12,iTLS-Enso,16083,09/11/2021, 01:51:29,404
SKGTLSE12,iTLS-Enso,16084,09/11/2021, 02:23:50,404
SKGTLSE12,iTLS-Enso,16084,09/11/2021, 03:11:30,404
SKGTLSE12,iTLS-Enso,16085,09/11/2021, 04:14:11,404
SKGTLSE12,iTLS-Enso,16087,09/11/2021, 05:09:40,404
SKGTLSE12,iTLS-Enso,16087,09/11/2021, 06:13:02,404
SKGTLSE12,iTLS-Enso,16087,09/11/2021, 07:10:49,404
SKGTLSE12,iTLS-Enso,16087,09/11/2021, 08:12:35,404
SKGTLSE12,iTLS-Enso,16087,09/11/2021, 09:10:39,404
SKGTLSE12,iTLS-Enso,16088,09/11/2021, 10:11:53,404
SKGTLSE12,iTLS-Enso,16088,09/11/2021, 11:09:23,404
SKGTLSE12,iTLS-Enso,16090,09/11/2021, 12:16:27,404
SKGTLSE12,iTLS-Enso,16090,09/11/2021, 13:16:13,404
SKGTLSE12,iTLS-Enso,16090,09/11/2021, 14:10:03,404
SKGTLSE12,iTLS-Enso,16090,09/11/2021, 15:11:05,404
SKGTLSE12,iTLS-Enso,16091,09/11/2021, 16:15:56,404
SKGTLSE12,iTLS-Enso,16092,09/11/2021, 17:15:05,404
SKGTLSE12,iTLS-Enso,16092,09/11/2021, 18:12:16,404
SKGTLSE12,iTLS-Enso,16093,09/11/2021, 19:08:44,404
SKGTLSE12,iTLS-Enso,16096,09/11/2021, 20:11:17,404
SKGTLSE12,iTLS-Enso,16097,09/11/2021, 21:09:17,404
SKGTLSE12,iTLS-Enso,16098,09/11/2021, 22:10:32,404
SKGTLSE12,iTLS-Enso,16099,09/11/2021, 23:10:55,404
SKGTLSE12,iTLS-Enso,16100,09/12/2021, 00:39:14,404
SKGTLSE12,iTLS-Enso,16100,09/12/2021, 01:56:48,404
SKGTLSE12,iTLS-Enso,16100,09/12/2021, 02:26:03,404
SKGTLSE12,iTLS-Enso,16100,09/12/2021, 03:11:40,404
SKGTLSE12,iTLS-Enso,16100,09/12/2021, 04:14:13,404
SKGTLSE12,iTLS-Enso,16100,09/12/2021, 05:09:42,404
SKGTLSE12,iTLS-Enso,16100,09/12/2021, 06:12:51,404
SKGTLSE12,iTLS-Enso,16101,09/12/2021, 07:11:05,404
SKGTLSE12,iTLS-Enso,16102,09/12/2021, 08:12:20,404
SKGTLSE12,iTLS-Enso,16102,09/12/2021, 09:10:39,404
SKGTLSE12,iTLS-Enso,16103,09/12/2021, 10:11:52,404
SKGTLSE12,iTLS-Enso,16103,09/12/2021, 11:09:29,404
SKGTLSE12,iTLS-Enso,16103,09/12/2021, 12:16:33,404
SKGTLSE12,iTLS-Enso,16103,09/12/2021, 13:16:07,404
SKGTLSE12,iTLS-Enso,16104,09/12/2021, 14:09:49,404
SKGTLSE12,iTLS-Enso,16105,09/12/2021, 15:11:11,404
SKGTLSE12,iTLS-Enso,16106,09/12/2021, 16:15:47,404
SKGTLSE12,iTLS-Enso,16106,09/12/2021, 17:15:10,404
SKGTLSE12,iTLS-Enso,16106,09/12/2021, 18:12:18,404
SKGTLSE12,iTLS-Enso,16106,09/12/2021, 19:09:06,404
SKGTLSE12,iTLS-Enso,16107,09/12/2021, 20:11:16,404
SKGTLSE12,iTLS-Enso,16108,09/12/2021, 21:09:35,404
SKGTLSE12,iTLS-Enso,16109,09/12/2021, 22:10:24,404
SKGTLSE12,iTLS-Enso,16110,09/12/2021, 23:10:59,404
SKGTLSE12,iTLS-Enso,16110,09/13/2021, 00:40:01,404
SKGTLSE12,iTLS-Enso,16110,09/13/2021, 01:54:53,404
SKGTLSE12,iTLS-Enso,16110,09/13/2021, 02:24:15,404
SKGTLSE12,iTLS-Enso,16110,09/13/2021, 03:11:54,404
SKGTLSE12,iTLS-Enso,16110,09/13/2021, 04:14:19,404
SKGTLSE12,iTLS-Enso,16110,09/13/2021, 05:10:02,404
SKGTLSE12,iTLS-Enso,16111,09/13/2021, 06:13:52,404
SKGTLSE12,iTLS-Enso,16111,09/13/2021, 07:11:37,404
SKGTLSE12,iTLS-Enso,16111,09/13/2021, 08:13:25,404
SKGTLSE12,iTLS-Enso,16112,09/13/2021, 09:11:22,404
SKGTLSE12,iTLS-Enso,16114,09/13/2021, 10:12:43,404
SKGTLSE12,iTLS-Enso,16114,09/13/2021, 11:09:28,404
SKGTLSE12,iTLS-Enso,16114,09/13/2021, 12:18:36,404
SKGTLSE12,iTLS-Enso,16114,09/13/2021, 13:21:01,404
SKGTLSE12,iTLS-Enso,16114,09/13/2021, 14:10:51,404
SKGTLSE12,iTLS-Enso,16115,09/13/2021, 15:11:57,404
SKGTLSE12,iTLS-Enso,16115,09/13/2021, 16:15:33,404
SKGTLSE12,iTLS-Enso,16117,09/13/2021, 17:16:16,404
SKGTLSE12,iTLS-Enso,16118,09/13/2021, 18:13:46,404
SKGTLSE12,iTLS-Enso,16119,09/13/2021, 19:09:28,404
SKGTLSE12,iTLS-Enso,16119,09/13/2021, 20:11:45,404
SKGTLSE12,iTLS-Enso,16120,09/13/2021, 21:10:00,404
SKGTLSE12,iTLS-Enso,16120,09/13/2021, 22:10:54,404
SKGTLSE12,iTLS-Enso,16121,09/13/2021, 23:11:25,404
SKGTLSE12,iTLS-Enso,16123,09/14/2021, 00:39:26,404
SKGTLSE12,iTLS-Enso,16123,09/14/2021, 01:54:56,404
SKGTLSE12,iTLS-Enso,16123,09/14/2021, 02:23:19,404
SKGTLSE12,iTLS-Enso,16124,09/14/2021, 03:12:19,404
SKGTLSE12,iTLS-Enso,16124,09/14/2021, 04:14:19,404
SKGTLSE12,iTLS-Enso,16124,09/14/2021, 05:11:02,404
SKGTLSE12,iTLS-Enso,16125,09/14/2021, 06:13:27,404
SKGTLSE12,iTLS-Enso,16125,09/14/2021, 07:11:21,404
SKGTLSE12,iTLS-Enso,16125,09/14/2021, 08:13:24,404
SKGTLSE12,iTLS-Enso,16125,09/14/2021, 09:11:05,404
SKGTLSE12,iTLS-Enso,16125,09/14/2021, 10:12:23,404
SKGTLSE12,iTLS-Enso,16125,09/14/2021, 11:09:30,404
SKGTLSE12,iTLS-Enso,16126,09/14/2021, 12:17:16,404
SKGTLSE12,iTLS-Enso,16126,09/14/2021, 13:18:30,404
SKGTLSE12,iTLS-Enso,16127,09/14/2021, 14:10:40,404
SKGTLSE12,iTLS-Enso,16127,09/14/2021, 15:11:46,404
SKGTLSE12,iTLS-Enso,16128,09/14/2021, 16:16:38,404
SKGTLSE12,iTLS-Enso,16128,09/14/2021, 17:16:29,404
SKGTLSE12,iTLS-Enso,16128,09/14/2021, 18:12:22,404
SKGTLSE12,iTLS-Enso,16128,09/14/2021, 19:09:34,404
SKGTLSE12,iTLS-Enso,16128,09/14/2021, 20:11:37,404
SKGTLSE12,iTLS-Enso,16128,09/14/2021, 21:09:56,404
SKGTLSE12,iTLS-Enso,16128,09/14/2021, 22:11:06,404
SKGTLSE12,iTLS-Enso,16128,09/14/2021, 23:11:20,404
SKGTLSE12,iTLS-Enso,16128,09/15/2021, 00:37:35,404
SKGTLSE12,iTLS-Enso,16128,09/15/2021, 01:54:19,404
SKGTLSE12,iTLS-Enso,16128,09/15/2021, 02:23:18,404
SKGTLSE12,iTLS-Enso,16128,09/15/2021, 03:12:11,404
SKGTLSE12,iTLS-Enso,16128,09/15/2021, 04:14:04,404
SKGTLSE12,iTLS-Enso,16129,09/15/2021, 05:10:06,404
SKGTLSE12,iTLS-Enso,16129,09/15/2021, 06:13:19,404
SKGTLSE12,iTLS-Enso,16129,09/15/2021, 07:11:26,404
SKGTLSE12,iTLS-Enso,16130,09/15/2021, 08:12:59,404
SKGTLSE12,iTLS-Enso,16130,09/15/2021, 09:11:08,404
SKGTLSE12,iTLS-Enso,16130,09/15/2021, 10:12:11,404
SKGTLSE12,iTLS-Enso,16130,09/15/2021, 11:09:30,404
SKGTLSE12,iTLS-Enso,16130,09/15/2021, 12:18:29,404
SKGTLSE12,iTLS-Enso,16131,09/15/2021, 13:18:34,404
SKGTLSE12,iTLS-Enso,16131,09/15/2021, 14:10:41,404
SKGTLSE12,iTLS-Enso,16132,09/15/2021, 15:11:49,404
SKGTLSE12,iTLS-Enso,16132,09/15/2021, 16:14:50,404
SKGTLSE12,iTLS-Enso,16133,09/15/2021, 17:14:34,404
SKGTLSE12,iTLS-Enso,16133,09/15/2021, 18:12:51,404
SKGTLSE12,iTLS-Enso,16134,09/15/2021, 19:09:13,404
SKGTLSE12,iTLS-Enso,16135,09/15/2021, 20:12:02,404
SKGTLSE12,iTLS-Enso,16135,09/15/2021, 21:10:00,404
SKGTLSE12,iTLS-Enso,16135,09/15/2021, 22:11:15,404
SKGTLSE12,iTLS-Enso,16135,09/15/2021, 23:11:36,404
SKGTLSE12,iTLS-Enso,16136,09/16/2021, 00:38:43,404
SKGTLSE12,iTLS-Enso,16136,09/16/2021, 01:59:59,404
SKGTLSE12,iTLS-Enso,16136,09/16/2021, 02:33:13,404
SKGTLSE12,iTLS-Enso,16136,09/16/2021, 03:11:47,404
SKGTLSE12,iTLS-Enso,16137,09/16/2021, 04:14:13,404
SKGTLSE12,iTLS-Enso,16138,09/16/2021, 05:10:35,404
SKGTLSE12,iTLS-Enso,16138,09/16/2021, 06:13:31,404
SKGTLSE12,iTLS-Enso,16139,09/16/2021, 07:11:56,404
SKGTLSE12,iTLS-Enso,16140,09/16/2021, 08:13:47,404
SKGTLSE12,iTLS-Enso,16140,09/16/2021, 09:11:12,404
SKGTLSE12,iTLS-Enso,16140,09/16/2021, 10:12:52,404
SKGTLSE12,iTLS-Enso,16140,09/16/2021, 11:09:29,404
SKGTLSE12,iTLS-Enso,16140,09/16/2021, 12:17:33,404
SKGTLSE12,iTLS-Enso,16141,09/16/2021, 13:19:00,404
SKGTLSE12,iTLS-Enso,16142,09/16/2021, 14:11:17,404
SKGTLSE12,iTLS-Enso,16142,09/16/2021, 15:11:55,404
SKGTLSE12,iTLS-Enso,16142,09/16/2021, 16:16:28,404
SKGTLSE12,iTLS-Enso,16142,09/16/2021, 17:15:54,404
SKGTLSE12,iTLS-Enso,16142,09/16/2021, 18:12:53,404
SKGTLSE12,iTLS-Enso,16143,09/16/2021, 19:09:12,404
SKGTLSE12,iTLS-Enso,16144,09/16/2021, 20:11:47,404
SKGTLSE12,iTLS-Enso,16145,09/16/2021, 21:10:03,404
SKGTLSE12,iTLS-Enso,16146,09/16/2021, 22:11:16,404
SKGTLSE12,iTLS-Enso,16148,09/16/2021, 23:11:38,404
SKGTLSE12,iTLS-Enso,16148,09/17/2021, 00:41:19,404
SKGTLSE12,iTLS-Enso,16148,09/17/2021, 02:01:02,404
SKGTLSE12,iTLS-Enso,16149,09/17/2021, 03:11:54,404
SKGTLSE12,iTLS-Enso,16152,09/17/2021, 04:14:11,404
SKGTLSE12,iTLS-Enso,16152,09/17/2021, 05:10:20,404
SKGTLSE12,iTLS-Enso,16152,09/17/2021, 06:13:26,404
SKGTLSE12,iTLS-Enso,16152,09/17/2021, 07:11:21,404
SKGTLSE12,iTLS-Enso,16152,09/17/2021, 08:13:24,404
SKGTLSE12,iTLS-Enso,16152,09/17/2021, 09:10:57,404
SKGTLSE12,iTLS-Enso,16154,09/17/2021, 10:12:22,404
SKGTLSE12,iTLS-Enso,16155,09/17/2021, 11:09:24,404
SKGTLSE12,iTLS-Enso,16155,09/17/2021, 12:17:47,404
SKGTLSE12,iTLS-Enso,16155,09/17/2021, 13:18:11,404
SKGTLSE12,iTLS-Enso,16156,09/17/2021, 14:10:34,404
SKGTLSE12,iTLS-Enso,16156,09/17/2021, 15:11:37,404
SKGTLSE12,iTLS-Enso,16156,09/17/2021, 16:16:31,404
SKGTLSE12,iTLS-Enso,16156,09/17/2021, 17:16:57,404
SKGTLSE12,iTLS-Enso,16156,09/17/2021, 18:12:44,404
SKGTLSE12,iTLS-Enso,16157,09/17/2021, 19:09:59,404
SKGTLSE12,iTLS-Enso,16157,09/17/2021, 20:11:35,404
SKGTLSE12,iTLS-Enso,16157,09/17/2021, 21:09:49,404
SKGTLSE12,iTLS-Enso,16157,09/17/2021, 22:11:09,404
SKGTLSE12,iTLS-Enso,16158,09/17/2021, 23:11:50,404
SKGTLSE12,iTLS-Enso,16158,09/18/2021, 00:36:42,404
SKGTLSE12,iTLS-Enso,16158,09/18/2021, 01:57:13,404
SKGTLSE12,iTLS-Enso,16158,09/18/2021, 02:29:52,404
SKGTLSE12,iTLS-Enso,16158,09/18/2021, 03:11:40,404
SKGTLSE12,iTLS-Enso,16158,09/18/2021, 04:14:04,404
SKGTLSE12,iTLS-Enso,16158,09/18/2021, 05:09:59,404
SKGTLSE12,iTLS-Enso,16158,09/18/2021, 06:12:50,404
SKGTLSE12,iTLS-Enso,16159,09/18/2021, 07:11:24,404
SKGTLSE12,iTLS-Enso,16159,09/18/2021, 08:12:40,404
SKGTLSE12,iTLS-Enso,16159,09/18/2021, 09:10:33,404
SKGTLSE12,iTLS-Enso,16159,09/18/2021, 10:11:59,404
SKGTLSE12,iTLS-Enso,16159,09/18/2021, 11:09:16,404
SKGTLSE12,iTLS-Enso,16159,09/18/2021, 12:16:29,404
SKGTLSE12,iTLS-Enso,16159,09/18/2021, 13:15:50,404
SKGTLSE12,iTLS-Enso,16159,09/18/2021, 14:10:09,404
SKGTLSE12,iTLS-Enso,16159,09/18/2021, 15:11:00,404
SKGTLSE12,iTLS-Enso,16159,09/18/2021, 16:15:49,404
SKGTLSE12,iTLS-Enso,16159,09/18/2021, 17:14:09,404
SKGTLSE12,iTLS-Enso,16159,09/18/2021, 18:12:26,404
SKGTLSE12,iTLS-Enso,16159,09/18/2021, 19:08:54,404
SKGTLSE12,iTLS-Enso,16159,09/18/2021, 20:11:16,404
SKGTLSE12,iTLS-Enso,16159,09/18/2021, 21:09:23,404
SKGTLSE12,iTLS-Enso,16160,09/18/2021, 22:10:42,404
SKGTLSE12,iTLS-Enso,16161,09/18/2021, 23:10:53,404
SKGTLSE12,iTLS-Enso,16162,09/19/2021, 00:38:19,404
SKGTLSE12,iTLS-Enso,16162,09/19/2021, 01:56:42,404
SKGTLSE12,iTLS-Enso,16162,09/19/2021, 02:26:09,404
SKGTLSE12,iTLS-Enso,16164,09/19/2021, 03:11:31,404
SKGTLSE12,iTLS-Enso,16164,09/19/2021, 04:13:49,404
SKGTLSE12,iTLS-Enso,16164,09/19/2021, 05:09:50,404
SKGTLSE12,iTLS-Enso,16164,09/19/2021, 06:12:55,404
SKGTLSE12,iTLS-Enso,16164,09/19/2021, 07:10:55,404
SKGTLSE12,iTLS-Enso,16164,09/19/2021, 08:12:36,404
SKGTLSE12,iTLS-Enso,16164,09/19/2021, 09:10:40,404
SKGTLSE12,iTLS-Enso,16166,09/19/2021, 10:12:04,404
SKGTLSE12,iTLS-Enso,16167,09/19/2021, 11:09:07,404
SKGTLSE12,iTLS-Enso,16167,09/19/2021, 12:16:34,404
SKGTLSE12,iTLS-Enso,16169,09/19/2021, 13:16:02,404
SKGTLSE12,iTLS-Enso,16169,09/19/2021, 14:09:45,404
SKGTLSE12,iTLS-Enso,16169,09/19/2021, 15:11:19,404
SKGTLSE12,iTLS-Enso,16169,09/19/2021, 16:15:29,404
SKGTLSE12,iTLS-Enso,16169,09/19/2021, 17:13:59,404
SKGTLSE12,iTLS-Enso,16169,09/19/2021, 18:12:29,404
SKGTLSE12,iTLS-Enso,16169,09/19/2021, 19:08:58,404
SKGTLSE12,iTLS-Enso,16171,09/19/2021, 20:11:20,404
SKGTLSE12,iTLS-Enso,16172,09/19/2021, 21:09:38,404
SKGTLSE12,iTLS-Enso,16172,09/19/2021, 22:10:58,404
SKGTLSE12,iTLS-Enso,16173,09/19/2021, 23:10:55,404
SKGTLSE12,iTLS-Enso,16173,09/20/2021, 00:41:45,404
SKGTLSE12,iTLS-Enso,16174,09/20/2021, 01:57:17,404
SKGTLSE12,iTLS-Enso,16175,09/20/2021, 02:27:00,404
SKGTLSE12,iTLS-Enso,16176,09/20/2021, 03:12:03,404
SKGTLSE12,iTLS-Enso,16176,09/20/2021, 04:14:25,404
SKGTLSE12,iTLS-Enso,16176,09/20/2021, 05:10:19,404
SKGTLSE12,iTLS-Enso,16176,09/20/2021, 06:13:49,404
SKGTLSE12,iTLS-Enso,16177,09/20/2021, 07:11:40,404
SKGTLSE12,iTLS-Enso,16177,09/20/2021, 08:13:25,404
SKGTLSE12,iTLS-Enso,16179,09/20/2021, 09:11:15,404
SKGTLSE12,iTLS-Enso,16180,09/20/2021, 10:12:31,404
SKGTLSE12,iTLS-Enso,16180,09/20/2021, 11:09:34,404
SKGTLSE12,iTLS-Enso,16180,09/20/2021, 12:18:12,404
SKGTLSE12,iTLS-Enso,16180,09/20/2021, 13:19:42,404
SKGTLSE12,iTLS-Enso,16182,09/20/2021, 14:10:44,404
SKGTLSE12,iTLS-Enso,16182,09/20/2021, 15:11:48,404
SKGTLSE12,iTLS-Enso,16182,09/20/2021, 16:16:43,404
SKGTLSE12,iTLS-Enso,16182,09/20/2021, 17:12:57,404
SKGTLSE12,iTLS-Enso,16182,09/20/2021, 18:13:14,404
SKGTLSE12,iTLS-Enso,16182,09/20/2021, 19:09:17,404
SKGTLSE12,iTLS-Enso,16182,09/20/2021, 20:12:02,404
SKGTLSE12,iTLS-Enso,16183,09/20/2021, 21:10:43,404
SKGTLSE12,iTLS-Enso,16183,09/20/2021, 22:11:15,404
SKGTLSE12,iTLS-Enso,16183,09/20/2021, 23:09:20,404
SKGTLSE12,iTLS-Enso,16183,09/21/2021, 00:38:38,404
SKGTLSE12,iTLS-Enso,16184,09/21/2021, 01:56:02,404
SKGTLSE12,iTLS-Enso,16184,09/21/2021, 02:25:13,404
SKGTLSE12,iTLS-Enso,16185,09/21/2021, 03:12:01,404
SKGTLSE12,iTLS-Enso,16186,09/21/2021, 04:14:40,404
SKGTLSE12,iTLS-Enso,16186,09/21/2021, 05:09:59,404
SKGTLSE12,iTLS-Enso,16186,09/21/2021, 06:13:43,404
SKGTLSE12,iTLS-Enso,16188,09/21/2021, 07:11:31,404
SKGTLSE12,iTLS-Enso,16188,09/21/2021, 08:13:47,404
SKGTLSE12,iTLS-Enso,16188,09/21/2021, 09:11:16,404
SKGTLSE12,iTLS-Enso,16188,09/21/2021, 10:12:14,404
SKGTLSE12,iTLS-Enso,16188,09/21/2021, 11:09:33,404
SKGTLSE12,iTLS-Enso,16188,09/21/2021, 12:17:39,404
SKGTLSE12,iTLS-Enso,16188,09/21/2021, 13:18:31,404
SKGTLSE12,iTLS-Enso,16188,09/21/2021, 14:10:38,404
SKGTLSE12,iTLS-Enso,16188,09/21/2021, 15:11:56,404
SKGTLSE12,iTLS-Enso,16188,09/21/2021, 16:16:38,404
SKGTLSE12,iTLS-Enso,16190,09/21/2021, 17:16:40,404
SKGTLSE12,iTLS-Enso,16191,09/21/2021, 18:13:20,404
SKGTLSE12,iTLS-Enso,16191,09/21/2021, 19:09:18,404
SKGTLSE12,iTLS-Enso,16191,09/21/2021, 20:11:44,404
SKGTLSE12,iTLS-Enso,16192,09/21/2021, 21:10:32,404
SKGTLSE12,iTLS-Enso,16193,09/21/2021, 22:11:17,404
SKGTLSE12,iTLS-Enso,16194,09/21/2021, 23:11:47,404
SKGTLSE12,iTLS-Enso,16196,09/22/2021, 00:38:02,404
SKGTLSE12,iTLS-Enso,16196,09/22/2021, 01:57:40,404
SKGTLSE12,iTLS-Enso,16196,09/22/2021, 02:27:53,404
SKGTLSE12,iTLS-Enso,16196,09/22/2021, 03:11:54,404
SKGTLSE12,iTLS-Enso,16196,09/22/2021, 04:14:19,404
SKGTLSE12,iTLS-Enso,16197,09/22/2021, 05:10:42,404
SKGTLSE12,iTLS-Enso,16197,09/22/2021, 06:13:39,404
SKGTLSE12,iTLS-Enso,16197,09/22/2021, 07:11:37,404
SKGTLSE12,iTLS-Enso,16197,09/22/2021, 08:13:13,404
SKGTLSE12,iTLS-Enso,16197,09/22/2021, 09:11:16,404
SKGTLSE12,iTLS-Enso,16197,09/22/2021, 10:12:19,404
SKGTLSE12,iTLS-Enso,16198,09/22/2021, 11:09:34,404
SKGTLSE12,iTLS-Enso,16198,09/22/2021, 12:17:39,404
SKGTLSE12,iTLS-Enso,16198,09/22/2021, 13:19:14,404
SKGTLSE12,iTLS-Enso,16198,09/22/2021, 14:10:38,404
SKGTLSE12,iTLS-Enso,16198,09/22/2021, 15:11:58,404
SKGTLSE12,iTLS-Enso,16198,09/22/2021, 16:16:41,404
SKGTLSE12,iTLS-Enso,16198,09/22/2021, 17:17:10,404
SKGTLSE12,iTLS-Enso,16198,09/22/2021, 18:12:56,404
SKGTLSE12,iTLS-Enso,16199,09/22/2021, 19:09:25,404
SKGTLSE12,iTLS-Enso,16200,09/22/2021, 20:11:57,404
SKGTLSE12,iTLS-Enso,16200,09/22/2021, 21:09:52,404
SKGTLSE12,iTLS-Enso,16202,09/22/2021, 22:10:59,404
SKGTLSE12,iTLS-Enso,16202,09/22/2021, 23:12:02,404
SKGTLSE12,iTLS-Enso,16203,09/23/2021, 00:39:44,404
SKGTLSE12,iTLS-Enso,16203,09/23/2021, 02:00:45,404
SKGTLSE12,iTLS-Enso,16203,09/23/2021, 02:34:32,404
SKGTLSE12,iTLS-Enso,16203,09/23/2021, 03:11:53,404
SKGTLSE12,iTLS-Enso,16203,09/23/2021, 04:14:22,404
SKGTLSE12,iTLS-Enso,16205,09/23/2021, 05:10:26,404
SKGTLSE12,iTLS-Enso,16205,09/23/2021, 06:14:04,404
SKGTLSE12,iTLS-Enso,16205,09/23/2021, 07:11:34,404
SKGTLSE12,iTLS-Enso,16205,09/23/2021, 08:13:29,404
SKGTLSE12,iTLS-Enso,16205,09/23/2021, 09:11:51,404
SKGTLSE12,iTLS-Enso,16206,09/23/2021, 10:12:41,404
SKGTLSE12,iTLS-Enso,16206,09/23/2021, 11:09:46,404
SKGTLSE12,iTLS-Enso,16206,09/23/2021, 12:19:03,404
SKGTLSE12,iTLS-Enso,16206,09/23/2021, 13:20:32,404
SKGTLSE12,iTLS-Enso,16206,09/23/2021, 14:10:49,404
SKGTLSE12,iTLS-Enso,16206,09/23/2021, 15:11:58,404
SKGTLSE12,iTLS-Enso,16206,09/23/2021, 16:16:53,404
SKGTLSE12,iTLS-Enso,16208,09/23/2021, 17:15:52,404
SKGTLSE12,iTLS-Enso,16208,09/23/2021, 18:13:08,404
SKGTLSE12,iTLS-Enso,16208,09/23/2021, 19:09:16,404
SKGTLSE12,iTLS-Enso,16208,09/23/2021, 20:11:56,404
SKGTLSE12,iTLS-Enso,16208,09/23/2021, 21:10:07,404
SKGTLSE12,iTLS-Enso,16208,09/23/2021, 22:11:07,404
SKGTLSE12,iTLS-Enso,16209,09/23/2021, 23:11:39,404
SKGTLSE12,iTLS-Enso,16209,09/24/2021, 00:37:21,404
SKGTLSE12,iTLS-Enso,16210,09/24/2021, 01:55:36,404
SKGTLSE12,iTLS-Enso,16210,09/24/2021, 02:24:28,404
SKGTLSE12,iTLS-Enso,16210,09/24/2021, 03:12:03,404
SKGTLSE12,iTLS-Enso,16210,09/24/2021, 04:14:23,404
SKGTLSE12,iTLS-Enso,16210,09/24/2021, 05:10:17,404
SKGTLSE12,iTLS-Enso,16210,09/24/2021, 06:13:34,404
SKGTLSE12,iTLS-Enso,16210,09/24/2021, 07:11:30,404
SKGTLSE12,iTLS-Enso,16210,09/24/2021, 08:13:26,404
SKGTLSE12,iTLS-Enso,16210,09/24/2021, 09:11:05,404
SKGTLSE12,iTLS-Enso,16210,09/24/2021, 10:12:47,404
SKGTLSE12,iTLS-Enso,16210,09/24/2021, 11:09:36,404
SKGTLSE12,iTLS-Enso,16210,09/24/2021, 12:17:31,404
SKGTLSE12,iTLS-Enso,16210,09/24/2021, 13:17:59,404
SKGTLSE12,iTLS-Enso,16210,09/24/2021, 14:10:30,404
SKGTLSE12,iTLS-Enso,16210,09/24/2021, 15:11:57,404
SKGTLSE12,iTLS-Enso,16210,09/24/2021, 16:16:29,404
SKGTLSE12,iTLS-Enso,16211,09/24/2021, 17:13:25,404
SKGTLSE12,iTLS-Enso,16212,09/24/2021, 18:13:10,404
SKGTLSE12,iTLS-Enso,16212,09/24/2021, 19:09:16,404
SKGTLSE12,iTLS-Enso,16212,09/24/2021, 20:11:57,404
SKGTLSE12,iTLS-Enso,16212,09/24/2021, 21:09:59,404
SKGTLSE12,iTLS-Enso,16212,09/24/2021, 22:11:12,404
SKGTLSE12,iTLS-Enso,16212,09/24/2021, 23:11:32,404
SKGTLSE12,iTLS-Enso,16212,09/25/2021, 00:36:56,404
SKGTLSE12,iTLS-Enso,16212,09/25/2021, 01:54:23,404
SKGTLSE12,iTLS-Enso,16212,09/25/2021, 02:25:51,404
SKGTLSE12,iTLS-Enso,16214,09/25/2021, 03:11:55,404
SKGTLSE12,iTLS-Enso,16216,09/25/2021, 04:13:59,404
SKGTLSE12,iTLS-Enso,16217,09/25/2021, 05:09:49,404
SKGTLSE12,iTLS-Enso,16217,09/25/2021, 06:12:59,404
SKGTLSE12,iTLS-Enso,16217,09/25/2021, 07:11:06,404
SKGTLSE12,iTLS-Enso,16217,09/25/2021, 08:12:38,404
SKGTLSE12,iTLS-Enso,16217,09/25/2021, 09:10:26,404
SKGTLSE12,iTLS-Enso,16217,09/25/2021, 10:11:53,404
SKGTLSE12,iTLS-Enso,16217,09/25/2021, 11:09:19,404
SKGTLSE12,iTLS-Enso,16217,09/25/2021, 12:16:31,404
SKGTLSE12,iTLS-Enso,16218,09/25/2021, 13:16:01,404
SKGTLSE12,iTLS-Enso,16218,09/25/2021, 14:09:57,404
SKGTLSE12,iTLS-Enso,16218,09/25/2021, 15:11:11,404
SKGTLSE12,iTLS-Enso,16218,09/25/2021, 16:15:38,404
SKGTLSE12,iTLS-Enso,16218,09/25/2021, 17:14:29,404
SKGTLSE12,iTLS-Enso,16219,09/25/2021, 18:12:21,404
SKGTLSE12,iTLS-Enso,16220,09/25/2021, 19:08:51,404
SKGTLSE12,iTLS-Enso,16220,09/25/2021, 20:11:29,404
SKGTLSE12,iTLS-Enso,16220,09/25/2021, 21:09:41,404
SKGTLSE12,iTLS-Enso,16221,09/25/2021, 22:10:41,404
SKGTLSE12,iTLS-Enso,16221,09/25/2021, 23:11:06,404
SKGTLSE12,iTLS-Enso,16223,09/26/2021, 00:40:26,404
SKGTLSE12,iTLS-Enso,16224,09/26/2021, 01:55:51,404
SKGTLSE12,iTLS-Enso,16224,09/26/2021, 02:24:13,404
SKGTLSE12,iTLS-Enso,16225,09/26/2021, 03:11:46,404
SKGTLSE12,iTLS-Enso,16225,09/26/2021, 04:14:07,404
SKGTLSE12,iTLS-Enso,16225,09/26/2021, 05:09:47,404
SKGTLSE12,iTLS-Enso,16226,09/26/2021, 06:12:57,404
SKGTLSE12,iTLS-Enso,16226,09/26/2021, 07:10:52,404
SKGTLSE12,iTLS-Enso,16226,09/26/2021, 08:12:43,404
SKGTLSE12,iTLS-Enso,16226,09/26/2021, 09:10:37,404
SKGTLSE12,iTLS-Enso,16228,09/26/2021, 10:12:02,404
SKGTLSE12,iTLS-Enso,16229,09/26/2021, 11:09:22,404
SKGTLSE12,iTLS-Enso,16230,09/26/2021, 12:16:41,404
SKGTLSE12,iTLS-Enso,16231,09/26/2021, 13:16:20,404
SKGTLSE12,iTLS-Enso,16231,09/26/2021, 14:09:52,404
SKGTLSE12,iTLS-Enso,16231,09/26/2021, 15:11:42,404
SKGTLSE12,iTLS-Enso,16233,09/26/2021, 16:15:35,404
SKGTLSE12,iTLS-Enso,16234,09/26/2021, 17:14:10,404
SKGTLSE12,iTLS-Enso,16235,09/26/2021, 18:12:19,404
SKGTLSE12,iTLS-Enso,16235,09/26/2021, 19:09:20,404
SKGTLSE12,iTLS-Enso,16236,09/26/2021, 20:11:26,404
SKGTLSE12,iTLS-Enso,16236,09/26/2021, 21:09:49,404
SKGTLSE12,iTLS-Enso,16236,09/26/2021, 22:10:51,404
SKGTLSE12,iTLS-Enso,16236,09/26/2021, 23:11:13,404
SKGTLSE12,iTLS-Enso,16236,09/27/2021, 00:37:34,404
SKGTLSE12,iTLS-Enso,16236,09/27/2021, 01:55:45,404
SKGTLSE12,iTLS-Enso,16236,09/27/2021, 02:25:20,404
SKGTLSE12,iTLS-Enso,16237,09/27/2021, 03:12:01,404
SKGTLSE12,iTLS-Enso,16237,09/27/2021, 04:14:38,404
SKGTLSE12,iTLS-Enso,16237,09/27/2021, 05:10:43,404
SKGTLSE12,iTLS-Enso,16237,09/27/2021, 06:14:00,404
SKGTLSE12,iTLS-Enso,16237,09/27/2021, 07:11:48,404
SKGTLSE12,iTLS-Enso,16237,09/27/2021, 08:13:51,404
SKGTLSE12,iTLS-Enso,16237,09/27/2021, 09:11:38,404
SKGTLSE12,iTLS-Enso,16237,09/27/2021, 10:13:35,404
SKGTLSE12,iTLS-Enso,16237,09/27/2021, 11:09:37,404
SKGTLSE12,iTLS-Enso,16237,09/27/2021, 12:18:07,404
SKGTLSE12,iTLS-Enso,16237,09/27/2021, 13:18:56,404
SKGTLSE12,iTLS-Enso,16237,09/27/2021, 14:10:49,404
SKGTLSE12,iTLS-Enso,16238,09/27/2021, 15:12:09,404
SKGTLSE12,iTLS-Enso,16240,09/27/2021, 16:21:55,404
SKGTLSE12,iTLS-Enso,16240,09/27/2021, 17:17:37,404
SKGTLSE12,iTLS-Enso,16240,09/27/2021, 18:13:02,404
SKGTLSE12,iTLS-Enso,16242,09/27/2021, 19:08:59,404
SKGTLSE12,iTLS-Enso,16243,09/27/2021, 20:11:53,404
SKGTLSE12,iTLS-Enso,16243,09/27/2021, 21:09:02,404
SKGTLSE12,iTLS-Enso,16243,09/27/2021, 22:11:13,404
SKGTLSE12,iTLS-Enso,16243,09/27/2021, 23:11:24,404
SKGTLSE12,iTLS-Enso,16244,09/28/2021, 00:38:32,404
SKGTLSE12,iTLS-Enso,16244,09/28/2021, 01:56:53,404
SKGTLSE12,iTLS-Enso,16244,09/28/2021, 02:26:37,404
SKGTLSE12,iTLS-Enso,16244,09/28/2021, 03:12:14,404
SKGTLSE12,iTLS-Enso,16244,09/28/2021, 04:15:25,404
SKGTLSE12,iTLS-Enso,16244,09/28/2021, 05:10:27,404
SKGTLSE12,iTLS-Enso,16245,09/28/2021, 06:13:34,404
SKGTLSE12,iTLS-Enso,16245,09/28/2021, 07:11:48,404
SKGTLSE12,iTLS-Enso,16245,09/28/2021, 08:13:46,404
SKGTLSE12,iTLS-Enso,16245,09/28/2021, 09:11:37,404
SKGTLSE12,iTLS-Enso,16246,09/28/2021, 10:12:30,404
SKGTLSE12,iTLS-Enso,16246,09/28/2021, 11:09:55,404
SKGTLSE12,iTLS-Enso,16248,09/28/2021, 12:18:30,404
SKGTLSE12,iTLS-Enso,16248,09/28/2021, 13:18:30,404
SKGTLSE12,iTLS-Enso,16249,09/28/2021, 14:10:46,404
SKGTLSE12,iTLS-Enso,16249,09/28/2021, 15:12:16,404
SKGTLSE12,iTLS-Enso,16250,09/28/2021, 16:16:42,404
SKGTLSE12,iTLS-Enso,16250,09/28/2021, 17:15:53,404
SKGTLSE12,iTLS-Enso,16251,09/28/2021, 18:12:55,404
SKGTLSE12,iTLS-Enso,16252,09/28/2021, 19:09:27,404
SKGTLSE12,iTLS-Enso,16252,09/28/2021, 20:11:46,404
SKGTLSE12,iTLS-Enso,16252,09/28/2021, 21:08:30,404
SKGTLSE12,iTLS-Enso,16252,09/28/2021, 22:11:05,404
SKGTLSE12,iTLS-Enso,16254,09/28/2021, 23:11:33,404
SKGTLSE12,iTLS-Enso,16257,09/29/2021, 00:37:27,404
SKGTLSE12,iTLS-Enso,16258,09/29/2021, 01:50:43,404
SKGTLSE12,iTLS-Enso,16258,09/29/2021, 02:20:41,404
SKGTLSE12,iTLS-Enso,16258,09/29/2021, 03:12:13,404
SKGTLSE12,iTLS-Enso,16258,09/29/2021, 04:14:44,404
SKGTLSE12,iTLS-Enso,16258,09/29/2021, 05:10:23,404
SKGTLSE12,iTLS-Enso,16258,09/29/2021, 06:13:46,404
SKGTLSE12,iTLS-Enso,16258,09/29/2021, 07:11:22,404
SKGTLSE12,iTLS-Enso,16258,09/29/2021, 08:13:22,404
SKGTLSE12,iTLS-Enso,16258,09/29/2021, 09:11:03,404
SKGTLSE12,iTLS-Enso,16258,09/29/2021, 10:12:49,404
SKGTLSE12,iTLS-Enso,16258,09/29/2021, 11:09:36,404
SKGTLSE12,iTLS-Enso,16259,09/29/2021, 12:17:46,404
SKGTLSE12,iTLS-Enso,16259,09/29/2021, 13:18:06,404
SKGTLSE12,iTLS-Enso,16259,09/29/2021, 14:11:04,404
SKGTLSE12,iTLS-Enso,16259,09/29/2021, 15:12:08,404
SKGTLSE12,iTLS-Enso,16259,09/29/2021, 16:16:36,404
SKGTLSE12,iTLS-Enso,16261,09/29/2021, 17:16:43,404
SKGTLSE12,iTLS-Enso,16261,09/29/2021, 18:13:03,404
SKGTLSE12,iTLS-Enso,16261,09/29/2021, 19:09:27,404
SKGTLSE12,iTLS-Enso,16261,09/29/2021, 20:11:46,404
SKGTLSE12,iTLS-Enso,16261,09/29/2021, 21:09:57,404
SKGTLSE12,iTLS-Enso,16262,09/29/2021, 22:11:16,404
SKGTLSE12,iTLS-Enso,16262,09/29/2021, 23:11:39,404
SKGTLSE12,iTLS-Enso,16262,09/30/2021, 00:41:57,404
SKGTLSE12,iTLS-Enso,16262,09/30/2021, 02:02:09,404
SKGTLSE12,iTLS-Enso,16263,09/30/2021, 03:12:15,404
SKGTLSE12,iTLS-Enso,16264,09/30/2021, 04:14:21,404
SKGTLSE12,iTLS-Enso,16265,09/30/2021, 05:10:23,404
SKGTLSE12,iTLS-Enso,16265,09/30/2021, 06:13:48,404
SKGTLSE12,iTLS-Enso,16266,09/30/2021, 07:11:35,404
SKGTLSE12,iTLS-Enso,16266,09/30/2021, 08:13:34,404
SKGTLSE12,iTLS-Enso,16267,09/30/2021, 09:11:06,404
SKGTLSE12,iTLS-Enso,16268,09/30/2021, 10:12:30,404
SKGTLSE12,iTLS-Enso,16268,09/30/2021, 11:09:32,404
SKGTLSE12,iTLS-Enso,16268,09/30/2021, 12:18:55,404
SKGTLSE12,iTLS-Enso,16268,09/30/2021, 13:18:50,404
SKGTLSE12,iTLS-Enso,16269,09/30/2021, 15:12:12,404
SKGTLSE12,iTLS-Enso,16269,09/30/2021, 16:16:40,404
SKGTLSE12,iTLS-Enso,16269,09/30/2021, 17:15:59,404
SKGTLSE12,iTLS-Enso,16270,09/30/2021, 18:13:01,404
SKGTLSE12,iTLS-Enso,16272,09/30/2021, 19:09:27,404
SKGTLSE12,iTLS-Enso,16272,09/30/2021, 20:11:55,404
SKGTLSE12,iTLS-Enso,16272,09/30/2021, 21:09:52,404
SKGTLSE12,iTLS-Enso,16273,09/30/2021, 22:11:26,404
SKGTLSE12,iTLS-Enso,16273,09/30/2021, 23:11:53,404
SKGTLSE12,iTLS-Enso,16273,10/01/2021, 00:41:40,404
SKGTLSE12,iTLS-Enso,16274,10/01/2021, 02:02:23,404
SKGTLSE12,iTLS-Enso,16274,10/01/2021, 03:12:00,404
SKGTLSE12,iTLS-Enso,16274,10/01/2021, 04:14:36,404
SKGTLSE12,iTLS-Enso,16275,10/01/2021, 05:10:23,404
SKGTLSE12,iTLS-Enso,16276,10/01/2021, 06:13:46,404
SKGTLSE12,iTLS-Enso,16277,10/01/2021, 07:11:30,404
SKGTLSE12,iTLS-Enso,16277,10/01/2021, 08:13:32,404
SKGTLSE12,iTLS-Enso,16277,10/01/2021, 09:11:35,404
SKGTLSE12,iTLS-Enso,16278,10/01/2021, 10:12:47,404
SKGTLSE12,iTLS-Enso,16279,10/01/2021, 11:10:00,404
SKGTLSE12,iTLS-Enso,16280,10/01/2021, 12:17:54,404
SKGTLSE12,iTLS-Enso,16280,10/01/2021, 13:18:21,404
SKGTLSE12,iTLS-Enso,16280,10/01/2021, 14:10:44,404
SKGTLSE12,iTLS-Enso,16280,10/01/2021, 15:12:02,404
SKGTLSE12,iTLS-Enso,16280,10/01/2021, 16:17:27,404
SKGTLSE12,iTLS-Enso,16280,10/01/2021, 17:17:42,404
SKGTLSE12,iTLS-Enso,16280,10/01/2021, 18:13:05,404
SKGTLSE12,iTLS-Enso,16281,10/01/2021, 19:09:22,404
SKGTLSE12,iTLS-Enso,16281,10/01/2021, 20:11:41,404
SKGTLSE12,iTLS-Enso,16282,10/01/2021, 21:09:56,404
SKGTLSE12,iTLS-Enso,16282,10/01/2021, 22:11:01,404
SKGTLSE12,iTLS-Enso,16282,10/01/2021, 23:11:23,404
SKGTLSE12,iTLS-Enso,16284,10/02/2021, 00:38:08,404
SKGTLSE12,iTLS-Enso,16284,10/02/2021, 01:54:02,404
SKGTLSE12,iTLS-Enso,16284,10/02/2021, 02:25:38,404
SKGTLSE12,iTLS-Enso,16285,10/02/2021, 03:11:43,404
SKGTLSE12,iTLS-Enso,16286,10/02/2021, 04:14:16,404
SKGTLSE12,iTLS-Enso,16286,10/02/2021, 05:09:53,404
SKGTLSE12,iTLS-Enso,16286,10/02/2021, 06:13:16,404
SKGTLSE12,iTLS-Enso,16286,10/02/2021, 07:11:06,404
SKGTLSE12,iTLS-Enso,16286,10/02/2021, 08:12:59,404
SKGTLSE12,iTLS-Enso,16288,10/02/2021, 09:10:38,404
SKGTLSE12,iTLS-Enso,16288,10/02/2021, 10:12:31,404
SKGTLSE12,iTLS-Enso,16289,10/02/2021, 11:09:21,404
SKGTLSE12,iTLS-Enso,16290,10/02/2021, 12:16:50,404
SKGTLSE12,iTLS-Enso,16290,10/02/2021, 13:15:43,404
SKGTLSE12,iTLS-Enso,16290,10/02/2021, 14:09:50,404
SKGTLSE12,iTLS-Enso,16290,10/02/2021, 15:11:16,404
SKGTLSE12,iTLS-Enso,16290,10/02/2021, 16:16:02,404
SKGTLSE12,iTLS-Enso,16291,10/02/2021, 17:14:20,404
SKGTLSE12,iTLS-Enso,16291,10/02/2021, 18:12:30,404
SKGTLSE12,iTLS-Enso,16293,10/02/2021, 19:09:07,404
SKGTLSE12,iTLS-Enso,16293,10/02/2021, 20:11:22,404
SKGTLSE12,iTLS-Enso,16293,10/02/2021, 21:09:40,404
SKGTLSE12,iTLS-Enso,16293,10/02/2021, 22:11:02,404
SKGTLSE12,iTLS-Enso,16294,10/02/2021, 23:11:19,404
SKGTLSE12,iTLS-Enso,16295,10/03/2021, 00:42:44,404
SKGTLSE12,iTLS-Enso,16295,10/03/2021, 01:58:56,404
SKGTLSE12,iTLS-Enso,16295,10/03/2021, 02:29:55,404
SKGTLSE12,iTLS-Enso,16295,10/03/2021, 03:11:50,404
SKGTLSE12,iTLS-Enso,16295,10/03/2021, 04:14:15,404
SKGTLSE12,iTLS-Enso,16295,10/03/2021, 05:10:07,404
SKGTLSE12,iTLS-Enso,16295,10/03/2021, 06:13:16,404
SKGTLSE12,iTLS-Enso,16295,10/03/2021, 07:10:58,404
SKGTLSE12,iTLS-Enso,16295,10/03/2021, 08:12:54,404
SKGTLSE12,iTLS-Enso,16296,10/03/2021, 09:11:07,404
SKGTLSE12,iTLS-Enso,16296,10/03/2021, 10:12:05,404
SKGTLSE12,iTLS-Enso,16297,10/03/2021, 11:09:29,404
SKGTLSE12,iTLS-Enso,16297,10/03/2021, 12:16:38,404
SKGTLSE12,iTLS-Enso,16298,10/03/2021, 13:15:41,404
SKGTLSE12,iTLS-Enso,16298,10/03/2021, 14:09:56,404
SKGTLSE12,iTLS-Enso,16298,10/03/2021, 15:11:45,404
SKGTLSE12,iTLS-Enso,16298,10/03/2021, 16:16:02,404
SKGTLSE12,iTLS-Enso,16298,10/03/2021, 17:14:06,404
SKGTLSE12,iTLS-Enso,16298,10/03/2021, 18:12:24,404
SKGTLSE12,iTLS-Enso,16298,10/03/2021, 19:09:16,404
SKGTLSE12,iTLS-Enso,16298,10/03/2021, 20:10:56,404
SKGTLSE12,iTLS-Enso,16299,10/03/2021, 21:10:00,404
SKGTLSE12,iTLS-Enso,16299,10/03/2021, 22:11:03,404
SKGTLSE12,iTLS-Enso,16299,10/03/2021, 23:11:17,404
SKGTLSE12,iTLS-Enso,16300,10/04/2021, 00:43:24,404
SKGTLSE12,iTLS-Enso,16301,10/04/2021, 02:02:11,404
SKGTLSE12,iTLS-Enso,16301,10/04/2021, 03:12:16,404
SKGTLSE12,iTLS-Enso,16301,10/04/2021, 04:14:41,404
SKGTLSE12,iTLS-Enso,16301,10/04/2021, 05:10:25,404
SKGTLSE12,iTLS-Enso,16302,10/04/2021, 06:13:52,404
SKGTLSE12,iTLS-Enso,16302,10/04/2021, 07:11:46,404
SKGTLSE12,iTLS-Enso,16302,10/04/2021, 08:13:57,404
SKGTLSE12,iTLS-Enso,16303,10/04/2021, 09:14:06,404
SKGTLSE12,iTLS-Enso,16304,10/04/2021, 10:12:38,404
SKGTLSE12,iTLS-Enso,16305,10/04/2021, 11:09:56,404
SKGTLSE12,iTLS-Enso,16305,10/04/2021, 12:17:33,404
SKGTLSE12,iTLS-Enso,16305,10/04/2021, 13:18:07,404
SKGTLSE12,iTLS-Enso,16306,10/04/2021, 14:11:53,404
SKGTLSE12,iTLS-Enso,16306,10/04/2021, 15:17:10,404
SKGTLSE12,iTLS-Enso,16306,10/04/2021, 16:16:33,404
SKGTLSE12,iTLS-Enso,16306,10/04/2021, 17:19:18,404
SKGTLSE12,iTLS-Enso,16306,10/04/2021, 18:13:13,404
SKGTLSE12,iTLS-Enso,16306,10/04/2021, 19:09:25,404
SKGTLSE12,iTLS-Enso,16308,10/04/2021, 20:58:04,404
SKGTLSE12,iTLS-Enso,16308,10/04/2021, 21:09:55,404
SKGTLSE12,iTLS-Enso,16308,10/04/2021, 22:11:21,404
SKGTLSE12,iTLS-Enso,16308,10/04/2021, 23:09:34,404
SKGTLSE12,iTLS-Enso,16308,10/05/2021, 00:39:15,404
SKGTLSE12,iTLS-Enso,16308,10/05/2021, 01:55:59,404
SKGTLSE12,iTLS-Enso,16308,10/05/2021, 02:25:10,404
SKGTLSE12,iTLS-Enso,16308,10/05/2021, 03:12:03,404
SKGTLSE12,iTLS-Enso,16308,10/05/2021, 04:14:44,404
SKGTLSE12,iTLS-Enso,16308,10/05/2021, 05:10:25,404
SKGTLSE12,iTLS-Enso,16308,10/05/2021, 06:13:49,404
SKGTLSE12,iTLS-Enso,16308,10/05/2021, 07:11:34,404
SKGTLSE12,iTLS-Enso,16308,10/05/2021, 08:14:02,404
SKGTLSE12,iTLS-Enso,16308,10/05/2021, 09:11:48,404
SKGTLSE12,iTLS-Enso,16308,10/05/2021, 10:12:10,404
SKGTLSE12,iTLS-Enso,16308,10/05/2021, 11:09:38,404
SKGTLSE12,iTLS-Enso,16308,10/05/2021, 12:17:47,404
SKGTLSE12,iTLS-Enso,16309,10/05/2021, 13:19:02,404
SKGTLSE12,iTLS-Enso,16310,10/05/2021, 14:58:41,404
SKGTLSE12,iTLS-Enso,16310,10/05/2021, 15:31:11,404
SKGTLSE12,iTLS-Enso,16310,10/05/2021, 16:17:07,404
SKGTLSE12,iTLS-Enso,16310,10/05/2021, 17:16:35,404
SKGTLSE12,iTLS-Enso,16310,10/05/2021, 18:12:58,404
SKGTLSE12,iTLS-Enso,16310,10/05/2021, 19:09:36,404
SKGTLSE12,iTLS-Enso,16310,10/05/2021, 20:11:44,404
SKGTLSE12,iTLS-Enso,16311,10/05/2021, 21:10:37,404
SKGTLSE12,iTLS-Enso,16312,10/05/2021, 22:11:15,404
SKGTLSE12,iTLS-Enso,16312,10/05/2021, 23:11:42,404
SKGTLSE12,iTLS-Enso,16312,10/06/2021, 00:41:28,404
SKGTLSE12,iTLS-Enso,16312,10/06/2021, 01:57:06,404
SKGTLSE12,iTLS-Enso,16312,10/06/2021, 02:27:11,404
SKGTLSE12,iTLS-Enso,16312,10/06/2021, 03:12:09,404
SKGTLSE12,iTLS-Enso,16312,10/06/2021, 04:14:16,404
SKGTLSE12,iTLS-Enso,16312,10/06/2021, 05:10:46,404
SKGTLSE12,iTLS-Enso,16312,10/06/2021, 06:13:40,404
SKGTLSE12,iTLS-Enso,16312,10/06/2021, 07:11:39,404
SKGTLSE12,iTLS-Enso,16312,10/06/2021, 08:13:42,404
SKGTLSE12,iTLS-Enso,16312,10/06/2021, 09:16:03,404
SKGTLSE12,iTLS-Enso,16312,10/06/2021, 10:12:24,404
SKGTLSE12,iTLS-Enso,16312,10/06/2021, 11:09:45,404
SKGTLSE12,iTLS-Enso,16312,10/06/2021, 12:18:02,404
SKGTLSE12,iTLS-Enso,16312,10/06/2021, 13:32:05,404
SKGTLSE12,iTLS-Enso,16312,10/06/2021, 14:15:59,404
SKGTLSE12,iTLS-Enso,16312,10/06/2021, 15:16:13,404
SKGTLSE12,iTLS-Enso,16312,10/06/2021, 16:14:44,404
SKGTLSE12,iTLS-Enso,16313,10/06/2021, 17:14:58,404
SKGTLSE12,iTLS-Enso,16313,10/06/2021, 18:12:58,404
SKGTLSE12,iTLS-Enso,16315,10/06/2021, 19:09:25,404
SKGTLSE12,iTLS-Enso,16316,10/06/2021, 20:11:58,404
SKGTLSE12,iTLS-Enso,16316,10/06/2021, 21:09:48,404
SKGTLSE12,iTLS-Enso,16316,10/06/2021, 22:11:04,404
SKGTLSE12,iTLS-Enso,16316,10/06/2021, 23:11:32,404
SKGTLSE12,iTLS-Enso,16317,10/07/2021, 00:40:45,404
SKGTLSE12,iTLS-Enso,16317,10/07/2021, 02:00:40,404
SKGTLSE12,iTLS-Enso,16317,10/07/2021, 02:35:19,404
SKGTLSE12,iTLS-Enso,16317,10/07/2021, 03:12:19,404
SKGTLSE12,iTLS-Enso,16317,10/07/2021, 04:14:56,404
SKGTLSE12,iTLS-Enso,16317,10/07/2021, 05:10:28,404
SKGTLSE12,iTLS-Enso,16317,10/07/2021, 06:13:30,404
SKGTLSE12,iTLS-Enso,16319,10/07/2021, 07:11:36,404
SKGTLSE12,iTLS-Enso,16319,10/07/2021, 08:13:53,404
SKGTLSE12,iTLS-Enso,16319,10/07/2021, 09:09:52,404
SKGTLSE12,iTLS-Enso,16319,10/07/2021, 10:12:49,404
SKGTLSE12,iTLS-Enso,16319,10/07/2021, 11:09:55,404
SKGTLSE12,iTLS-Enso,16319,10/07/2021, 12:19:25,404
SKGTLSE12,iTLS-Enso,16319,10/07/2021, 13:22:41,404
SKGTLSE12,iTLS-Enso,16319,10/07/2021, 14:13:14,404
SKGTLSE12,iTLS-Enso,16319,10/07/2021, 15:13:42,404
SKGTLSE12,iTLS-Enso,16319,10/07/2021, 16:14:12,404
SKGTLSE12,iTLS-Enso,16319,10/07/2021, 17:10:57,404
SKGTLSE12,iTLS-Enso,16319,10/07/2021, 18:13:16,404
SKGTLSE12,iTLS-Enso,16319,10/07/2021, 19:09:49,404
SKGTLSE12,iTLS-Enso,16320,10/07/2021, 20:11:57,404
SKGTLSE12,iTLS-Enso,16320,10/07/2021, 21:10:02,404
SKGTLSE12,iTLS-Enso,16320,10/07/2021, 22:11:21,404
SKGTLSE12,iTLS-Enso,16321,10/07/2021, 23:11:29,404
SKGTLSE12,iTLS-Enso,16321,10/08/2021, 00:42:05,404
SKGTLSE12,iTLS-Enso,16321,10/08/2021, 02:01:01,404
SKGTLSE12,iTLS-Enso,16321,10/08/2021, 03:12:04,404
SKGTLSE12,iTLS-Enso,16321,10/08/2021, 04:14:37,404
SKGTLSE12,iTLS-Enso,16322,10/08/2021, 05:10:32,404
SKGTLSE12,iTLS-Enso,16322,10/08/2021, 06:13:44,404
SKGTLSE12,iTLS-Enso,16322,10/08/2021, 07:11:43,404
SKGTLSE12,iTLS-Enso,16322,10/08/2021, 08:14:10,404
SKGTLSE12,iTLS-Enso,16322,10/08/2021, 09:11:55,404
SKGTLSE12,iTLS-Enso,16322,10/08/2021, 10:12:36,404
SKGTLSE12,iTLS-Enso,16322,10/08/2021, 11:11:25,404
SKGTLSE12,iTLS-Enso,16322,10/08/2021, 12:17:44,404
SKGTLSE12,iTLS-Enso,16323,10/08/2021, 13:17:39,404
SKGTLSE12,iTLS-Enso,16323,10/08/2021, 14:10:50,404
SKGTLSE12,iTLS-Enso,16323,10/08/2021, 15:12:02,404
SKGTLSE12,iTLS-Enso,16323,10/08/2021, 16:17:01,404
SKGTLSE12,iTLS-Enso,16323,10/08/2021, 17:18:01,404
SKGTLSE12,iTLS-Enso,16323,10/08/2021, 18:13:15,404
SKGTLSE12,iTLS-Enso,16324,10/08/2021, 19:09:32,404
SKGTLSE12,iTLS-Enso,16325,10/08/2021, 20:11:58,404
SKGTLSE12,iTLS-Enso,16325,10/08/2021, 21:09:56,404
SKGTLSE12,iTLS-Enso,16325,10/08/2021, 22:11:09,404
SKGTLSE12,iTLS-Enso,16326,10/08/2021, 23:11:59,404
SKGTLSE12,iTLS-Enso,16326,10/09/2021, 00:37:17,404
SKGTLSE12,iTLS-Enso,16327,10/09/2021, 01:51:59,404
SKGTLSE12,iTLS-Enso,16327,10/09/2021, 02:24:35,404
SKGTLSE12,iTLS-Enso,16327,10/09/2021, 03:12:05,404
SKGTLSE12,iTLS-Enso,16327,10/09/2021, 04:14:28,404
SKGTLSE12,iTLS-Enso,16328,10/09/2021, 05:10:05,404
SKGTLSE12,iTLS-Enso,16328,10/09/2021, 06:13:11,404
SKGTLSE12,iTLS-Enso,16328,10/09/2021, 07:11:14,404
SKGTLSE12,iTLS-Enso,16328,10/09/2021, 08:12:37,404
SKGTLSE12,iTLS-Enso,16328,10/09/2021, 09:10:40,404
SKGTLSE12,iTLS-Enso,16328,10/09/2021, 10:12:10,404
SKGTLSE12,iTLS-Enso,16328,10/09/2021, 11:09:30,404
SKGTLSE12,iTLS-Enso,16328,10/09/2021, 12:16:38,404
SKGTLSE12,iTLS-Enso,16329,10/09/2021, 13:15:27,404
SKGTLSE12,iTLS-Enso,16329,10/09/2021, 14:10:13,404
SKGTLSE12,iTLS-Enso,16330,10/09/2021, 15:11:20,404
SKGTLSE12,iTLS-Enso,16331,10/09/2021, 16:16:05,404
SKGTLSE12,iTLS-Enso,16332,10/09/2021, 17:14:30,404
SKGTLSE12,iTLS-Enso,16333,10/09/2021, 18:12:34,404
SKGTLSE12,iTLS-Enso,16333,10/09/2021, 19:08:59,404
SKGTLSE12,iTLS-Enso,16334,10/09/2021, 20:11:26,404
SKGTLSE12,iTLS-Enso,16337,10/09/2021, 21:09:42,404
SKGTLSE12,iTLS-Enso,16337,10/09/2021, 22:11:00,404
SKGTLSE12,iTLS-Enso,16337,10/09/2021, 23:11:17,404
SKGTLSE12,iTLS-Enso,16337,10/10/2021, 00:40:39,404
SKGTLSE12,iTLS-Enso,16337,10/10/2021, 01:56:09,404
SKGTLSE12,iTLS-Enso,16337,10/10/2021, 02:25:34,404
SKGTLSE12,iTLS-Enso,16337,10/10/2021, 03:11:47,404
SKGTLSE12,iTLS-Enso,16337,10/10/2021, 04:15:08,404
SKGTLSE12,iTLS-Enso,16337,10/10/2021, 05:10:13,404
SKGTLSE12,iTLS-Enso,16338,10/10/2021, 06:13:22,404
SKGTLSE12,iTLS-Enso,16339,10/10/2021, 07:11:06,404
SKGTLSE12,iTLS-Enso,16340,10/10/2021, 08:13:00,404
SKGTLSE12,iTLS-Enso,16340,10/10/2021, 09:10:54,404
SKGTLSE12,iTLS-Enso,16341,10/10/2021, 10:12:00,404
SKGTLSE12,iTLS-Enso,16341,10/10/2021, 11:09:25,404
SKGTLSE12,iTLS-Enso,16341,10/10/2021, 12:16:47,404
SKGTLSE12,iTLS-Enso,16341,10/10/2021, 13:15:24,404
SKGTLSE12,iTLS-Enso,16341,10/10/2021, 14:10:16,404
SKGTLSE12,iTLS-Enso,16341,10/10/2021, 15:11:10,404
SKGTLSE12,iTLS-Enso,16341,10/10/2021, 16:16:16,404
SKGTLSE12,iTLS-Enso,16341,10/10/2021, 17:14:34,404
SKGTLSE12,iTLS-Enso,16341,10/10/2021, 18:12:24,404
SKGTLSE12,iTLS-Enso,16341,10/10/2021, 19:09:05,404
SKGTLSE12,iTLS-Enso,16341,10/10/2021, 20:11:28,404
SKGTLSE12,iTLS-Enso,16341,10/10/2021, 21:09:46,404
SKGTLSE12,iTLS-Enso,16343,10/10/2021, 22:10:49,404
SKGTLSE12,iTLS-Enso,16343,10/10/2021, 23:11:20,404
SKGTLSE12,iTLS-Enso,16343,10/11/2021, 00:40:22,404
SKGTLSE12,iTLS-Enso,16343,10/11/2021, 02:00:29,404
SKGTLSE12,iTLS-Enso,16343,10/11/2021, 02:34:49,404
SKGTLSE12,iTLS-Enso,16343,10/11/2021, 03:12:16,404
SKGTLSE12,iTLS-Enso,16344,10/11/2021, 04:14:27,404
SKGTLSE12,iTLS-Enso,16344,10/11/2021, 05:10:37,404
SKGTLSE12,iTLS-Enso,16344,10/11/2021, 06:14:06,404
SKGTLSE12,iTLS-Enso,16344,10/11/2021, 07:11:52,404
SKGTLSE12,iTLS-Enso,16344,10/11/2021, 08:13:42,404
SKGTLSE12,iTLS-Enso,16344,10/11/2021, 09:11:46,404
SKGTLSE12,iTLS-Enso,16344,10/11/2021, 10:13:08,404
SKGTLSE12,iTLS-Enso,16344,10/11/2021, 11:09:44,404
SKGTLSE12,iTLS-Enso,16344,10/11/2021, 12:18:00,404
SKGTLSE12,iTLS-Enso,16344,10/11/2021, 13:18:29,404
SKGTLSE12,iTLS-Enso,16345,10/11/2021, 14:10:56,404
SKGTLSE12,iTLS-Enso,16345,10/11/2021, 15:12:17,404
SKGTLSE12,iTLS-Enso,16346,10/11/2021, 16:16:50,404
SKGTLSE12,iTLS-Enso,16348,10/11/2021, 17:16:18,404
SKGTLSE12,iTLS-Enso,16348,10/11/2021, 18:12:57,404
SKGTLSE12,iTLS-Enso,16348,10/11/2021, 19:09:20,404
SKGTLSE12,iTLS-Enso,16349,10/11/2021, 20:11:44,404
SKGTLSE12,iTLS-Enso,16350,10/11/2021, 21:09:58,404
SKGTLSE12,iTLS-Enso,16350,10/11/2021, 22:11:16,404
SKGTLSE12,iTLS-Enso,16351,10/11/2021, 23:11:39,404
SKGTLSE12,iTLS-Enso,16351,10/12/2021, 00:42:01,404
SKGTLSE12,iTLS-Enso,16353,10/12/2021, 02:00:05,404
SKGTLSE12,iTLS-Enso,16353,10/12/2021, 02:33:49,404
SKGTLSE12,iTLS-Enso,16354,10/12/2021, 03:12:07,404
SKGTLSE12,iTLS-Enso,16354,10/12/2021, 04:14:50,404
SKGTLSE12,iTLS-Enso,16355,10/12/2021, 05:10:26,404
SKGTLSE12,iTLS-Enso,16355,10/12/2021, 06:13:37,404
SKGTLSE12,iTLS-Enso,16355,10/12/2021, 07:11:35,404
SKGTLSE12,iTLS-Enso,16355,10/12/2021, 08:13:59,404
SKGTLSE12,iTLS-Enso,16355,10/12/2021, 09:11:33,404
SKGTLSE12,iTLS-Enso,16355,10/12/2021, 10:14:24,404
SKGTLSE12,iTLS-Enso,16355,10/12/2021, 11:09:45,404
SKGTLSE12,iTLS-Enso,16355,10/12/2021, 12:18:22,404
SKGTLSE12,iTLS-Enso,16355,10/12/2021, 13:18:55,404
SKGTLSE12,iTLS-Enso,16356,10/12/2021, 14:16:01,404
SKGTLSE12,iTLS-Enso,16356,10/12/2021, 15:18:07,404
SKGTLSE12,iTLS-Enso,16356,10/12/2021, 16:21:14,404
SKGTLSE12,iTLS-Enso,16357,10/12/2021, 17:16:09,404
SKGTLSE12,iTLS-Enso,16358,10/12/2021, 18:13:05,404
SKGTLSE12,iTLS-Enso,16358,10/12/2021, 19:09:24,404
SKGTLSE12,iTLS-Enso,16358,10/12/2021, 20:12:06,404
SKGTLSE12,iTLS-Enso,16358,10/12/2021, 21:10:13,404
SKGTLSE12,iTLS-Enso,16358,10/12/2021, 22:11:23,404
SKGTLSE12,iTLS-Enso,16359,10/12/2021, 23:11:37,404
SKGTLSE12,iTLS-Enso,16359,10/13/2021, 00:40:03,404
SKGTLSE12,iTLS-Enso,16361,10/13/2021, 02:01:00,404
SKGTLSE12,iTLS-Enso,16362,10/13/2021, 03:12:32,404
SKGTLSE12,iTLS-Enso,16362,10/13/2021, 04:14:41,404
SKGTLSE12,iTLS-Enso,16362,10/13/2021, 05:10:31,404
SKGTLSE12,iTLS-Enso,16362,10/13/2021, 06:13:55,404
SKGTLSE12,iTLS-Enso,16363,10/13/2021, 07:11:46,404
SKGTLSE12,iTLS-Enso,16363,10/13/2021, 08:13:56,404
SKGTLSE12,iTLS-Enso,16363,10/13/2021, 09:16:05,404
SKGTLSE12,iTLS-Enso,16364,10/13/2021, 10:12:33,404
SKGTLSE12,iTLS-Enso,16364,10/13/2021, 11:09:46,404
SKGTLSE12,iTLS-Enso,16364,10/13/2021, 12:18:02,404
SKGTLSE12,iTLS-Enso,16364,10/13/2021, 13:18:33,404
SKGTLSE12,iTLS-Enso,16364,10/13/2021, 14:16:01,404
SKGTLSE12,iTLS-Enso,16364,10/13/2021, 15:17:03,404
SKGTLSE12,iTLS-Enso,16364,10/13/2021, 16:16:59,404
SKGTLSE12,iTLS-Enso,16364,10/13/2021, 17:16:08,404
SKGTLSE12,iTLS-Enso,16364,10/13/2021, 18:13:27,404
SKGTLSE12,iTLS-Enso,16365,10/13/2021, 19:09:26,404
SKGTLSE12,iTLS-Enso,16366,10/13/2021, 20:11:58,404
SKGTLSE12,iTLS-Enso,16367,10/13/2021, 21:10:09,404
SKGTLSE12,iTLS-Enso,16367,10/13/2021, 22:11:24,404
SKGTLSE12,iTLS-Enso,16367,10/13/2021, 23:11:36,404
SKGTLSE12,iTLS-Enso,16367,10/14/2021, 00:37:33,404
SKGTLSE12,iTLS-Enso,16371,10/14/2021, 01:57:42,404
SKGTLSE12,iTLS-Enso,16372,10/14/2021, 02:28:14,404
SKGTLSE12,iTLS-Enso,16372,10/14/2021, 03:12:13,404
SKGTLSE12,iTLS-Enso,16373,10/14/2021, 04:14:37,404
SKGTLSE12,iTLS-Enso,16373,10/14/2021, 05:10:23,404
SKGTLSE12,iTLS-Enso,16373,10/14/2021, 06:13:35,404
SKGTLSE12,iTLS-Enso,16373,10/14/2021, 07:11:51,404
SKGTLSE12,iTLS-Enso,16373,10/14/2021, 08:18:06,404
SKGTLSE12,iTLS-Enso,16373,10/14/2021, 09:12:28,404
SKGTLSE12,iTLS-Enso,16373,10/14/2021, 10:12:37,404
SKGTLSE12,iTLS-Enso,16373,10/14/2021, 11:10:06,404
SKGTLSE12,iTLS-Enso,16373,10/14/2021, 12:17:47,404
SKGTLSE12,iTLS-Enso,16373,10/14/2021, 13:18:03,404
SKGTLSE12,iTLS-Enso,16373,10/14/2021, 14:11:08,404
SKGTLSE12,iTLS-Enso,16373,10/14/2021, 15:17:01,404
SKGTLSE12,iTLS-Enso,16374,10/14/2021, 16:16:55,404
SKGTLSE12,iTLS-Enso,16376,10/14/2021, 17:16:54,404
SKGTLSE12,iTLS-Enso,16377,10/14/2021, 18:13:12,404
SKGTLSE12,iTLS-Enso,16377,10/14/2021, 19:09:37,404
SKGTLSE12,iTLS-Enso,16377,10/14/2021, 20:11:55,404
SKGTLSE12,iTLS-Enso,16377,10/14/2021, 21:10:00,404
SKGTLSE12,iTLS-Enso,16378,10/14/2021, 22:12:26,404
SKGTLSE12,iTLS-Enso,16379,10/14/2021, 23:11:36,404
SKGTLSE12,iTLS-Enso,16379,10/15/2021, 00:41:50,404
SKGTLSE12,iTLS-Enso,16379,10/15/2021, 01:58:38,404
SKGTLSE12,iTLS-Enso,16380,10/15/2021, 02:30:31,404
SKGTLSE12,iTLS-Enso,16381,10/15/2021, 03:12:10,404
SKGTLSE12,iTLS-Enso,16382,10/15/2021, 04:14:51,404
SKGTLSE12,iTLS-Enso,16382,10/15/2021, 05:10:28,404
SKGTLSE12,iTLS-Enso,16382,10/15/2021, 06:13:51,404
SKGTLSE12,iTLS-Enso,16382,10/15/2021, 07:11:50,404
SKGTLSE12,iTLS-Enso,16382,10/15/2021, 08:13:59,404
SKGTLSE12,iTLS-Enso,16382,10/15/2021, 09:11:33,404
SKGTLSE12,iTLS-Enso,16382,10/15/2021, 10:12:43,404
SKGTLSE12,iTLS-Enso,16384,10/15/2021, 11:09:46,404
SKGTLSE12,iTLS-Enso,16384,10/15/2021, 12:18:19,404
SKGTLSE12,iTLS-Enso,16384,10/15/2021, 13:18:19,404
SKGTLSE12,iTLS-Enso,16384,10/15/2021, 14:14:21,404
SKGTLSE12,iTLS-Enso,16385,10/15/2021, 15:12:03,404
SKGTLSE12,iTLS-Enso,16385,10/15/2021, 16:17:30,404
SKGTLSE12,iTLS-Enso,16386,10/15/2021, 17:16:30,404
SKGTLSE12,iTLS-Enso,16386,10/15/2021, 18:13:14,404
SKGTLSE12,iTLS-Enso,16386,10/15/2021, 19:09:24,404
SKGTLSE12,iTLS-Enso,16387,10/15/2021, 20:12:08,404
SKGTLSE12,iTLS-Enso,16387,10/15/2021, 21:10:10,404
SKGTLSE12,iTLS-Enso,16387,10/15/2021, 22:11:26,404
SKGTLSE12,iTLS-Enso,16388,10/15/2021, 23:12:13,404
SKGTLSE12,iTLS-Enso,16388,10/16/2021, 00:42:59,404
SKGTLSE12,iTLS-Enso,16388,10/16/2021, 02:01:20,404
SKGTLSE12,iTLS-Enso,16388,10/16/2021, 03:11:43,404
SKGTLSE12,iTLS-Enso,16389,10/16/2021, 04:14:27,404
SKGTLSE12,iTLS-Enso,16390,10/16/2021, 05:10:04,404
SKGTLSE12,iTLS-Enso,16391,10/16/2021, 06:13:29,404
SKGTLSE12,iTLS-Enso,16391,10/16/2021, 07:11:16,404
SKGTLSE12,iTLS-Enso,16391,10/16/2021, 08:13:22,404
SKGTLSE12,iTLS-Enso,16391,10/16/2021, 09:10:48,404
SKGTLSE12,iTLS-Enso,16391,10/16/2021, 10:12:18,404
SKGTLSE12,iTLS-Enso,16391,10/16/2021, 11:09:24,404
SKGTLSE12,iTLS-Enso,16392,10/16/2021, 12:17:18,404
SKGTLSE12,iTLS-Enso,16392,10/16/2021, 13:15:44,404
SKGTLSE12,iTLS-Enso,16392,10/16/2021, 14:10:25,404
SKGTLSE12,iTLS-Enso,16392,10/16/2021, 15:11:33,404
SKGTLSE12,iTLS-Enso,16392,10/16/2021, 16:16:09,404
SKGTLSE12,iTLS-Enso,16392,10/16/2021, 17:14:52,404
SKGTLSE12,iTLS-Enso,16393,10/16/2021, 18:12:36,404
SKGTLSE12,iTLS-Enso,16393,10/16/2021, 19:09:05,404
SKGTLSE12,iTLS-Enso,16393,10/16/2021, 20:11:13,404
SKGTLSE12,iTLS-Enso,16393,10/16/2021, 21:10:00,404
SKGTLSE12,iTLS-Enso,16393,10/16/2021, 22:10:59,404
SKGTLSE12,iTLS-Enso,16393,10/16/2021, 23:11:38,404
SKGTLSE12,iTLS-Enso,16393,10/17/2021, 00:39:22,404
SKGTLSE12,iTLS-Enso,16393,10/17/2021, 01:56:37,404
SKGTLSE12,iTLS-Enso,16393,10/17/2021, 02:26:40,404
SKGTLSE12,iTLS-Enso,16393,10/17/2021, 03:12:02,404
SKGTLSE12,iTLS-Enso,16394,10/17/2021, 04:14:42,404
SKGTLSE12,iTLS-Enso,16394,10/17/2021, 05:10:11,404
SKGTLSE12,iTLS-Enso,16394,10/17/2021, 06:13:31,404
SKGTLSE12,iTLS-Enso,16394,10/17/2021, 07:11:31,404
SKGTLSE12,iTLS-Enso,16395,10/17/2021, 08:13:15,404
SKGTLSE12,iTLS-Enso,16395,10/17/2021, 09:10:56,404
SKGTLSE12,iTLS-Enso,16396,10/17/2021, 10:12:05,404
SKGTLSE12,iTLS-Enso,16396,10/17/2021, 11:09:16,404
SKGTLSE12,iTLS-Enso,16396,10/17/2021, 12:16:43,404
SKGTLSE12,iTLS-Enso,16396,10/17/2021, 13:15:47,404
SKGTLSE12,iTLS-Enso,16397,10/17/2021, 14:10:37,404
SKGTLSE12,iTLS-Enso,16397,10/17/2021, 15:11:33,404
SKGTLSE12,iTLS-Enso,16397,10/17/2021, 16:16:17,404
SKGTLSE12,iTLS-Enso,16397,10/17/2021, 17:15:22,404
SKGTLSE12,iTLS-Enso,16398,10/17/2021, 18:12:36,404
SKGTLSE12,iTLS-Enso,16399,10/17/2021, 19:09:32,404
SKGTLSE12,iTLS-Enso,16399,10/17/2021, 20:11:39,404
SKGTLSE12,iTLS-Enso,16399,10/17/2021, 21:09:44,404
SKGTLSE12,iTLS-Enso,16399,10/17/2021, 22:10:57,404
SKGTLSE12,iTLS-Enso,16399,10/17/2021, 23:11:39,404
SKGTLSE12,iTLS-Enso,16399,10/18/2021, 00:41:22,404
SKGTLSE12,iTLS-Enso,16400,10/18/2021, 02:04:11,404
SKGTLSE12,iTLS-Enso,16400,10/18/2021, 03:12:21,404
SKGTLSE12,iTLS-Enso,16401,10/18/2021, 04:14:50,404
SKGTLSE12,iTLS-Enso,16401,10/18/2021, 05:11:36,404
SKGTLSE12,iTLS-Enso,16401,10/18/2021, 06:14:12,404
SKGTLSE12,iTLS-Enso,16402,10/18/2021, 07:12:09,404
SKGTLSE12,iTLS-Enso,16402,10/18/2021, 08:17:53,404
SKGTLSE12,iTLS-Enso,16402,10/18/2021, 09:17:06,404
SKGTLSE12,iTLS-Enso,16402,10/18/2021, 10:14:51,404
SKGTLSE12,iTLS-Enso,16402,10/18/2021, 11:10:23,404
SKGTLSE12,iTLS-Enso,16402,10/18/2021, 12:18:32,404
SKGTLSE12,iTLS-Enso,16402,10/18/2021, 13:21:58,404
SKGTLSE12,iTLS-Enso,16402,10/18/2021, 14:12:53,404
SKGTLSE12,iTLS-Enso,16402,10/18/2021, 15:17:04,404
SKGTLSE12,iTLS-Enso,16403,10/18/2021, 16:18:06,404
SKGTLSE12,iTLS-Enso,16403,10/18/2021, 17:18:07,404
SKGTLSE12,iTLS-Enso,16403,10/18/2021, 18:13:30,404
SKGTLSE12,iTLS-Enso,16403,10/18/2021, 19:09:32,404
SKGTLSE12,iTLS-Enso,16403,10/18/2021, 20:12:10,404
SKGTLSE12,iTLS-Enso,16403,10/18/2021, 21:10:00,404
SKGTLSE12,iTLS-Enso,16404,10/18/2021, 22:11:22,404
SKGTLSE12,iTLS-Enso,16404,10/18/2021, 23:12:00,404
SKGTLSE12,iTLS-Enso,16404,10/19/2021, 00:40:30,404
SKGTLSE12,iTLS-Enso,16404,10/19/2021, 01:59:01,404
SKGTLSE12,iTLS-Enso,16405,10/19/2021, 02:32:37,404
SKGTLSE12,iTLS-Enso,16405,10/19/2021, 03:12:28,404
SKGTLSE12,iTLS-Enso,16405,10/19/2021, 04:14:52,404
SKGTLSE12,iTLS-Enso,16405,10/19/2021, 05:10:31,404
SKGTLSE12,iTLS-Enso,16405,10/19/2021, 06:13:57,404
SKGTLSE12,iTLS-Enso,16405,10/19/2021, 07:11:49,404
SKGTLSE12,iTLS-Enso,16406,10/19/2021, 08:19:07,404
SKGTLSE12,iTLS-Enso,16406,10/19/2021, 09:16:02,404
SKGTLSE12,iTLS-Enso,16406,10/19/2021, 10:13:14,404
SKGTLSE12,iTLS-Enso,16406,10/19/2021, 11:09:47,404
SKGTLSE12,iTLS-Enso,16407,10/19/2021, 12:19:15,404
SKGTLSE12,iTLS-Enso,16407,10/19/2021, 13:23:03,404
SKGTLSE12,iTLS-Enso,16407,10/19/2021, 14:16:08,404
SKGTLSE12,iTLS-Enso,16407,10/19/2021, 15:16:58,404
SKGTLSE12,iTLS-Enso,16407,10/19/2021, 16:17:12,404
SKGTLSE12,iTLS-Enso,16407,10/19/2021, 17:16:48,404
SKGTLSE12,iTLS-Enso,16407,10/19/2021, 18:13:15,404
SKGTLSE12,iTLS-Enso,16408,10/19/2021, 19:09:41,404
SKGTLSE12,iTLS-Enso,16408,10/19/2021, 20:12:00,404
SKGTLSE12,iTLS-Enso,16409,10/19/2021, 21:10:16,404
SKGTLSE12,iTLS-Enso,16409,10/19/2021, 22:11:15,404
SKGTLSE12,iTLS-Enso,16409,10/19/2021, 23:11:46,404
SKGTLSE12,iTLS-Enso,16409,10/20/2021, 00:40:44,404
SKGTLSE12,iTLS-Enso,16409,10/20/2021, 02:00:38,404
SKGTLSE12,iTLS-Enso,16410,10/20/2021, 02:35:48,404
SKGTLSE12,iTLS-Enso,16410,10/20/2021, 03:12:24,404
SKGTLSE12,iTLS-Enso,16410,10/20/2021, 04:15:04,404
SKGTLSE12,iTLS-Enso,16410,10/20/2021, 05:10:36,404
SKGTLSE12,iTLS-Enso,16410,10/20/2021, 06:14:08,404
SKGTLSE12,iTLS-Enso,16410,10/20/2021, 07:11:51,404
SKGTLSE12,iTLS-Enso,16410,10/20/2021, 08:13:47,404
SKGTLSE12,iTLS-Enso,16410,10/20/2021, 09:16:01,404
SKGTLSE12,iTLS-Enso,16411,10/20/2021, 10:18:05,404
SKGTLSE12,iTLS-Enso,16411,10/20/2021, 11:09:58,404
SKGTLSE12,iTLS-Enso,16411,10/20/2021, 12:18:21,404
SKGTLSE12,iTLS-Enso,16412,10/20/2021, 13:22:38,404
SKGTLSE12,iTLS-Enso,16413,10/20/2021, 14:16:04,404
SKGTLSE12,iTLS-Enso,16413,10/20/2021, 15:17:08,404
SKGTLSE12,iTLS-Enso,16414,10/20/2021, 16:19:10,404
SKGTLSE12,iTLS-Enso,16414,10/20/2021, 17:17:29,404
SKGTLSE12,iTLS-Enso,16414,10/20/2021, 18:12:49,404
SKGTLSE12,iTLS-Enso,16415,10/20/2021, 19:09:52,404
SKGTLSE12,iTLS-Enso,16415,10/20/2021, 20:11:58,404
SKGTLSE12,iTLS-Enso,16417,10/20/2021, 21:10:17,404
SKGTLSE12,iTLS-Enso,16417,10/20/2021, 22:11:32,404
SKGTLSE12,iTLS-Enso,16417,10/20/2021, 23:12:06,404
SKGTLSE12,iTLS-Enso,16417,10/21/2021, 00:44:52,404
SKGTLSE12,iTLS-Enso,16419,10/21/2021, 02:05:33,404
SKGTLSE12,iTLS-Enso,16420,10/21/2021, 03:12:13,404
SKGTLSE12,iTLS-Enso,16420,10/21/2021, 04:15:23,404
SKGTLSE12,iTLS-Enso,16420,10/21/2021, 05:10:32,404
SKGTLSE12,iTLS-Enso,16420,10/21/2021, 06:14:05,404
SKGTLSE12,iTLS-Enso,16420,10/21/2021, 07:11:50,404
SKGTLSE12,iTLS-Enso,16420,10/21/2021, 08:13:55,404
SKGTLSE12,iTLS-Enso,16421,10/21/2021, 09:16:21,404
SKGTLSE12,iTLS-Enso,16422,10/21/2021, 10:13:46,404
SKGTLSE12,iTLS-Enso,16422,10/21/2021, 11:15:01,404
SKGTLSE12,iTLS-Enso,16422,10/21/2021, 12:19:28,404
SKGTLSE12,iTLS-Enso,16422,10/21/2021, 13:24:23,404
SKGTLSE12,iTLS-Enso,16422,10/21/2021, 14:15:45,404
SKGTLSE12,iTLS-Enso,16424,10/21/2021, 15:15:11,404
SKGTLSE12,iTLS-Enso,16424,10/21/2021, 16:31:26,404
SKGTLSE12,iTLS-Enso,16425,10/21/2021, 17:20:02,404
SKGTLSE12,iTLS-Enso,16426,10/21/2021, 18:13:35,404
SKGTLSE12,iTLS-Enso,16427,10/21/2021, 19:09:43,404
SKGTLSE12,iTLS-Enso,16427,10/21/2021, 20:12:41,404
SKGTLSE12,iTLS-Enso,16428,10/21/2021, 21:10:17,404
SKGTLSE12,iTLS-Enso,16429,10/21/2021, 22:11:29,404
SKGTLSE12,iTLS-Enso,16429,10/21/2021, 23:11:59,404
SKGTLSE12,iTLS-Enso,16429,10/22/2021, 00:43:56,404
SKGTLSE12,iTLS-Enso,16429,10/22/2021, 02:06:53,404
SKGTLSE12,iTLS-Enso,16429,10/22/2021, 03:12:27,404
SKGTLSE12,iTLS-Enso,16429,10/22/2021, 04:14:47,404
SKGTLSE12,iTLS-Enso,16429,10/22/2021, 05:10:40,404
SKGTLSE12,iTLS-Enso,16429,10/22/2021, 06:14:07,404
SKGTLSE12,iTLS-Enso,16429,10/22/2021, 07:12:13,404
SKGTLSE12,iTLS-Enso,16429,10/22/2021, 08:14:00,404
SKGTLSE12,iTLS-Enso,16430,10/22/2021, 09:16:15,404
SKGTLSE12,iTLS-Enso,16431,10/22/2021, 10:12:57,404
SKGTLSE12,iTLS-Enso,16432,10/22/2021, 11:09:39,404
SKGTLSE12,iTLS-Enso,16432,10/22/2021, 12:18:30,404
SKGTLSE12,iTLS-Enso,16432,10/22/2021, 13:19:26,404
SKGTLSE12,iTLS-Enso,16433,10/22/2021, 14:16:01,404
SKGTLSE12,iTLS-Enso,16433,10/22/2021, 15:16:58,404
SKGTLSE12,iTLS-Enso,16433,10/22/2021, 16:17:34,404
SKGTLSE12,iTLS-Enso,16433,10/22/2021, 17:17:12,404
SKGTLSE12,iTLS-Enso,16433,10/22/2021, 18:13:23,404
SKGTLSE12,iTLS-Enso,16433,10/22/2021, 19:09:50,404
SKGTLSE12,iTLS-Enso,16433,10/22/2021, 20:12:28,404
SKGTLSE12,iTLS-Enso,16433,10/22/2021, 21:10:16,404
SKGTLSE12,iTLS-Enso,16433,10/22/2021, 22:11:45,404
SKGTLSE12,iTLS-Enso,16433,10/22/2021, 23:11:49,404
SKGTLSE12,iTLS-Enso,16434,10/23/2021, 00:42:32,404
SKGTLSE12,iTLS-Enso,16434,10/23/2021, 01:59:21,404
SKGTLSE12,iTLS-Enso,16435,10/23/2021, 02:35:11,404
SKGTLSE12,iTLS-Enso,16435,10/23/2021, 03:12:09,404
SKGTLSE12,iTLS-Enso,16436,10/23/2021, 04:14:37,404
SKGTLSE12,iTLS-Enso,16438,10/23/2021, 05:10:21,404
SKGTLSE12,iTLS-Enso,16438,10/23/2021, 06:13:29,404
SKGTLSE12,iTLS-Enso,16438,10/23/2021, 07:11:23,404
SKGTLSE12,iTLS-Enso,16439,10/23/2021, 08:13:22,404
SKGTLSE12,iTLS-Enso,16439,10/23/2021, 09:11:33,404
SKGTLSE12,iTLS-Enso,16440,10/23/2021, 10:12:09,404
SKGTLSE12,iTLS-Enso,16441,10/23/2021, 11:09:50,404
SKGTLSE12,iTLS-Enso,16442,10/23/2021, 12:17:13,404
SKGTLSE12,iTLS-Enso,16442,10/23/2021, 13:16:10,404
SKGTLSE12,iTLS-Enso,16443,10/23/2021, 14:10:20,404
SKGTLSE12,iTLS-Enso,16443,10/23/2021, 15:11:29,404
SKGTLSE12,iTLS-Enso,16443,10/23/2021, 16:16:19,404
SKGTLSE12,iTLS-Enso,16444,10/23/2021, 17:15:13,404
SKGTLSE12,iTLS-Enso,16445,10/23/2021, 18:12:41,404
SKGTLSE12,iTLS-Enso,16445,10/23/2021, 19:09:24,404
SKGTLSE12,iTLS-Enso,16445,10/23/2021, 20:11:50,404
SKGTLSE12,iTLS-Enso,16445,10/23/2021, 21:10:04,404
SKGTLSE12,iTLS-Enso,16445,10/23/2021, 22:11:04,404
SKGTLSE12,iTLS-Enso,16445,10/23/2021, 23:11:26,404
SKGTLSE12,iTLS-Enso,16447,10/24/2021, 00:39:39,404
SKGTLSE12,iTLS-Enso,16447,10/24/2021, 01:57:04,404
SKGTLSE12,iTLS-Enso,16447,10/24/2021, 02:27:53,404
SKGTLSE12,iTLS-Enso,16447,10/24/2021, 03:12:08,404
SKGTLSE12,iTLS-Enso,16447,10/24/2021, 04:14:55,404
SKGTLSE12,iTLS-Enso,16447,10/24/2021, 05:10:18,404
SKGTLSE12,iTLS-Enso,16447,10/24/2021, 06:13:25,404
SKGTLSE12,iTLS-Enso,16447,10/24/2021, 07:11:27,404
SKGTLSE12,iTLS-Enso,16447,10/24/2021, 08:13:16,404
SKGTLSE12,iTLS-Enso,16448,10/24/2021, 09:11:11,404
SKGTLSE12,iTLS-Enso,16448,10/24/2021, 10:12:22,404
SKGTLSE12,iTLS-Enso,16448,10/24/2021, 11:09:34,404
SKGTLSE12,iTLS-Enso,16448,10/24/2021, 12:17:29,404
SKGTLSE12,iTLS-Enso,16448,10/24/2021, 13:16:02,404
SKGTLSE12,iTLS-Enso,16450,10/24/2021, 14:10:34,404
SKGTLSE12,iTLS-Enso,16450,10/24/2021, 15:11:45,404
SKGTLSE12,iTLS-Enso,16450,10/24/2021, 16:16:30,404
SKGTLSE12,iTLS-Enso,16451,10/24/2021, 17:15:37,404
SKGTLSE12,iTLS-Enso,16451,10/24/2021, 18:12:50,404
SKGTLSE12,iTLS-Enso,16451,10/24/2021, 19:09:17,404
SKGTLSE12,iTLS-Enso,16451,10/24/2021, 20:11:32,404
SKGTLSE12,iTLS-Enso,16451,10/24/2021, 21:09:54,404
SKGTLSE12,iTLS-Enso,16452,10/24/2021, 22:11:03,404
SKGTLSE12,iTLS-Enso,16453,10/24/2021, 23:11:43,404
SKGTLSE12,iTLS-Enso,16453,10/25/2021, 00:41:49,404
SKGTLSE12,iTLS-Enso,16454,10/25/2021, 01:57:39,404
SKGTLSE12,iTLS-Enso,16454,10/25/2021, 02:29:53,404
SKGTLSE12,iTLS-Enso,16454,10/25/2021, 03:12:38,404
SKGTLSE12,iTLS-Enso,16457,10/25/2021, 04:14:57,404
SKGTLSE12,iTLS-Enso,16457,10/25/2021, 05:10:39,404
SKGTLSE12,iTLS-Enso,16457,10/25/2021, 06:14:23,404
SKGTLSE12,iTLS-Enso,16457,10/25/2021, 07:12:19,404
SKGTLSE12,iTLS-Enso,16457,10/25/2021, 08:14:29,404
SKGTLSE12,iTLS-Enso,16457,10/25/2021, 09:17:24,404
SKGTLSE12,iTLS-Enso,16458,10/25/2021, 10:18:06,404
SKGTLSE12,iTLS-Enso,16459,10/25/2021, 11:10:01,404
SKGTLSE12,iTLS-Enso,16459,10/25/2021, 12:19:42,404
SKGTLSE12,iTLS-Enso,16459,10/25/2021, 13:20:09,404
SKGTLSE12,iTLS-Enso,16459,10/25/2021, 14:13:44,404
SKGTLSE12,iTLS-Enso,16459,10/25/2021, 15:15:04,404
SKGTLSE12,iTLS-Enso,16459,10/25/2021, 16:22:00,404
SKGTLSE12,iTLS-Enso,16460,10/25/2021, 17:17:11,404
SKGTLSE12,iTLS-Enso,16460,10/25/2021, 18:13:25,404
SKGTLSE12,iTLS-Enso,16460,10/25/2021, 19:09:51,404
SKGTLSE12,iTLS-Enso,16460,10/25/2021, 20:12:17,404
SKGTLSE12,iTLS-Enso,16460,10/25/2021, 21:12:52,404
SKGTLSE12,iTLS-Enso,16460,10/25/2021, 22:11:53,404
SKGTLSE12,iTLS-Enso,16460,10/25/2021, 23:11:55,404
SKGTLSE12,iTLS-Enso,16461,10/26/2021, 00:37:51,404
SKGTLSE12,iTLS-Enso,16461,10/26/2021, 01:53:14,404
SKGTLSE12,iTLS-Enso,16461,10/26/2021, 02:24:18,404
SKGTLSE12,iTLS-Enso,16461,10/26/2021, 03:12:38,404
SKGTLSE12,iTLS-Enso,16461,10/26/2021, 04:14:59,404
SKGTLSE12,iTLS-Enso,16461,10/26/2021, 05:10:41,404
SKGTLSE12,iTLS-Enso,16461,10/26/2021, 06:14:17,404
SKGTLSE12,iTLS-Enso,16461,10/26/2021, 07:12:06,404
SKGTLSE12,iTLS-Enso,16461,10/26/2021, 08:15:16,404
SKGTLSE12,iTLS-Enso,16461,10/26/2021, 09:13:14,404
SKGTLSE12,iTLS-Enso,16461,10/26/2021, 10:18:06,404
SKGTLSE12,iTLS-Enso,16461,10/26/2021, 11:09:55,404
SKGTLSE12,iTLS-Enso,16461,10/26/2021, 12:22:58,404
SKGTLSE12,iTLS-Enso,16461,10/26/2021, 13:23:10,404
SKGTLSE12,iTLS-Enso,16461,10/26/2021, 14:16:09,404
SKGTLSE12,iTLS-Enso,16461,10/26/2021, 15:17:09,404
SKGTLSE12,iTLS-Enso,16462,10/26/2021, 16:22:04,404
SKGTLSE12,iTLS-Enso,16463,10/26/2021, 17:17:24,404
SKGTLSE12,iTLS-Enso,16463,10/26/2021, 18:13:37,404
SKGTLSE12,iTLS-Enso,16464,10/26/2021, 19:09:42,404
SKGTLSE12,iTLS-Enso,16464,10/26/2021, 20:12:25,404
SKGTLSE12,iTLS-Enso,16466,10/26/2021, 21:10:27,404
SKGTLSE12,iTLS-Enso,16466,10/26/2021, 22:11:49,404
SKGTLSE12,iTLS-Enso,16469,10/26/2021, 23:11:59,404
SKGTLSE12,iTLS-Enso,16469,10/27/2021, 00:37:54,404
SKGTLSE12,iTLS-Enso,16470,10/27/2021, 01:53:11,404
SKGTLSE12,iTLS-Enso,16470,10/27/2021, 02:24:47,404
SKGTLSE12,iTLS-Enso,16470,10/27/2021, 03:12:33,404
SKGTLSE12,iTLS-Enso,16471,10/27/2021, 04:15:08,404
SKGTLSE12,iTLS-Enso,16472,10/27/2021, 05:10:37,404
SKGTLSE12,iTLS-Enso,16472,10/27/2021, 06:14:04,404
SKGTLSE12,iTLS-Enso,16472,10/27/2021, 07:12:14,404
SKGTLSE12,iTLS-Enso,16473,10/27/2021, 08:18:26,404
SKGTLSE12,iTLS-Enso,16473,10/27/2021, 09:17:13,404
SKGTLSE12,iTLS-Enso,16474,10/27/2021, 10:15:01,404
SKGTLSE12,iTLS-Enso,16474,10/27/2021, 11:11:21,404
SKGTLSE12,iTLS-Enso,16474,10/27/2021, 12:22:39,404
SKGTLSE12,iTLS-Enso,16475,10/27/2021, 13:23:08,404
SKGTLSE12,iTLS-Enso,16475,10/27/2021, 14:13:21,404
SKGTLSE12,iTLS-Enso,16475,10/27/2021, 15:17:05,404
SKGTLSE12,iTLS-Enso,16476,10/27/2021, 16:22:00,404
SKGTLSE12,iTLS-Enso,16476,10/27/2021, 17:17:29,404
SKGTLSE12,iTLS-Enso,16478,10/27/2021, 18:13:32,404
SKGTLSE12,iTLS-Enso,16480,10/27/2021, 19:09:59,404
SKGTLSE12,iTLS-Enso,16480,10/27/2021, 20:12:18,404
SKGTLSE12,iTLS-Enso,16480,10/27/2021, 21:10:31,404
SKGTLSE12,iTLS-Enso,16481,10/27/2021, 22:11:58,404
SKGTLSE12,iTLS-Enso,16481,10/27/2021, 23:12:15,404
SKGTLSE12,iTLS-Enso,16481,10/28/2021, 00:38:20,404
SKGTLSE12,iTLS-Enso,16483,10/28/2021, 01:53:27,404
SKGTLSE12,iTLS-Enso,16483,10/28/2021, 02:25:09,404
SKGTLSE12,iTLS-Enso,16483,10/28/2021, 03:12:43,404
SKGTLSE12,iTLS-Enso,16483,10/28/2021, 04:14:53,404
SKGTLSE12,iTLS-Enso,16483,10/28/2021, 05:10:42,404
SKGTLSE12,iTLS-Enso,16483,10/28/2021, 06:14:22,404
SKGTLSE12,iTLS-Enso,16483,10/28/2021, 07:12:15,404
SKGTLSE12,iTLS-Enso,16484,10/28/2021, 08:14:36,404
SKGTLSE12,iTLS-Enso,16484,10/28/2021, 09:14:55,404
SKGTLSE12,iTLS-Enso,16484,10/28/2021, 10:17:40,404
SKGTLSE12,iTLS-Enso,16484,10/28/2021, 11:10:09,404
SKGTLSE12,iTLS-Enso,16484,10/28/2021, 12:18:23,404
SKGTLSE12,iTLS-Enso,16484,10/28/2021, 13:23:00,404
SKGTLSE12,iTLS-Enso,16484,10/28/2021, 14:11:35,404
SKGTLSE12,iTLS-Enso,16484,10/28/2021, 15:17:09,404
SKGTLSE12,iTLS-Enso,16484,10/28/2021, 16:22:18,404
SKGTLSE12,iTLS-Enso,16484,10/28/2021, 17:19:33,404
SKGTLSE12,iTLS-Enso,16484,10/28/2021, 18:16:54,404
SKGTLSE12,iTLS-Enso,16484,10/28/2021, 19:10:51,404
SKGTLSE12,iTLS-Enso,16484,10/28/2021, 20:17:04,404
SKGTLSE12,iTLS-Enso,16485,10/28/2021, 21:10:33,404
SKGTLSE12,iTLS-Enso,16485,10/28/2021, 22:10:34,404
SKGTLSE12,iTLS-Enso,16485,10/28/2021, 23:11:59,404
SKGTLSE12,iTLS-Enso,16485,10/29/2021, 00:36:43,404
SKGTLSE12,iTLS-Enso,16485,10/29/2021, 01:53:19,404
SKGTLSE12,iTLS-Enso,16485,10/29/2021, 02:24:55,404
SKGTLSE12,iTLS-Enso,16485,10/29/2021, 03:13:02,404
SKGTLSE12,iTLS-Enso,16486,10/29/2021, 04:15:06,404
SKGTLSE12,iTLS-Enso,16486,10/29/2021, 05:10:44,404
SKGTLSE12,iTLS-Enso,16486,10/29/2021, 06:14:20,404
SKGTLSE12,iTLS-Enso,16486,10/29/2021, 07:12:20,404
SKGTLSE12,iTLS-Enso,16486,10/29/2021, 08:14:11,404
SKGTLSE12,iTLS-Enso,16486,10/29/2021, 09:15:59,404
SKGTLSE12,iTLS-Enso,16486,10/29/2021, 10:12:58,404
SKGTLSE12,iTLS-Enso,16486,10/29/2021, 11:10:35,404
SKGTLSE12,iTLS-Enso,16486,10/29/2021, 12:18:33,404
SKGTLSE12,iTLS-Enso,16486,10/29/2021, 13:21:21,404
SKGTLSE12,iTLS-Enso,16486,10/29/2021, 14:16:06,404
SKGTLSE12,iTLS-Enso,16487,10/29/2021, 15:17:02,404
SKGTLSE12,iTLS-Enso,16488,10/29/2021, 16:19:23,404
SKGTLSE12,iTLS-Enso,16489,10/29/2021, 17:15:51,404
SKGTLSE12,iTLS-Enso,16489,10/29/2021, 18:13:36,404
SKGTLSE12,iTLS-Enso,16489,10/29/2021, 19:08:44,404
SKGTLSE12,iTLS-Enso,16489,10/29/2021, 20:12:06,404
SKGTLSE12,iTLS-Enso,16490,10/29/2021, 21:10:17,404
SKGTLSE12,iTLS-Enso,16490,10/29/2021, 22:11:26,404
SKGTLSE12,iTLS-Enso,16490,10/29/2021, 23:12:11,404
SKGTLSE12,iTLS-Enso,16491,10/30/2021, 00:37:21,404
SKGTLSE12,iTLS-Enso,16491,10/30/2021, 01:52:14,404
SKGTLSE12,iTLS-Enso,16491,10/30/2021, 02:25:21,404
SKGTLSE12,iTLS-Enso,16491,10/30/2021, 03:12:30,404
SKGTLSE12,iTLS-Enso,16491,10/30/2021, 04:14:44,404
SKGTLSE12,iTLS-Enso,16492,10/30/2021, 05:10:07,404
SKGTLSE12,iTLS-Enso,16493,10/30/2021, 06:13:39,404
SKGTLSE12,iTLS-Enso,16493,10/30/2021, 07:11:31,404
SKGTLSE12,iTLS-Enso,16493,10/30/2021, 08:13:33,404
SKGTLSE12,iTLS-Enso,16493,10/30/2021, 09:11:08,404
SKGTLSE12,iTLS-Enso,16494,10/30/2021, 10:12:21,404
SKGTLSE12,iTLS-Enso,16494,10/30/2021, 11:09:42,404
SKGTLSE12,iTLS-Enso,16494,10/30/2021, 12:17:10,404
SKGTLSE12,iTLS-Enso,16495,10/30/2021, 13:16:13,404
SKGTLSE12,iTLS-Enso,16497,10/30/2021, 14:10:21,404
SKGTLSE12,iTLS-Enso,16498,10/30/2021, 15:11:30,404
SKGTLSE12,iTLS-Enso,16500,10/30/2021, 16:16:26,404
SKGTLSE12,iTLS-Enso,16500,10/30/2021, 17:15:39,404
SKGTLSE12,iTLS-Enso,16501,10/30/2021, 18:12:50,404
SKGTLSE12,iTLS-Enso,16501,10/30/2021, 19:09:32,404
SKGTLSE12,iTLS-Enso,16502,10/30/2021, 20:11:57,404
SKGTLSE12,iTLS-Enso,16502,10/30/2021, 21:10:11,404
SKGTLSE12,iTLS-Enso,16502,10/30/2021, 22:11:01,404
SKGTLSE12,iTLS-Enso,16503,10/30/2021, 23:11:42,404
SKGTLSE12,iTLS-Enso,16503,10/31/2021, 00:40:08,404
SKGTLSE12,iTLS-Enso,16504,10/31/2021, 01:57:00,404
SKGTLSE12,iTLS-Enso,16504,10/31/2021, 02:28:51,404
SKGTLSE12,iTLS-Enso,16504,10/31/2021, 03:12:01,404
SKGTLSE12,iTLS-Enso,16504,10/31/2021, 04:14:49,404
SKGTLSE12,iTLS-Enso,16505,10/31/2021, 05:10:32,404
SKGTLSE12,iTLS-Enso,16506,10/31/2021, 06:13:49,404
SKGTLSE12,iTLS-Enso,16506,10/31/2021, 07:11:42,404
SKGTLSE12,iTLS-Enso,16506,10/31/2021, 08:13:26,404
SKGTLSE12,iTLS-Enso,16506,10/31/2021, 09:11:23,404
SKGTLSE12,iTLS-Enso,16506,10/31/2021, 10:12:28,404
SKGTLSE12,iTLS-Enso,16506,10/31/2021, 11:09:59,404
SKGTLSE12,iTLS-Enso,16507,10/31/2021, 12:17:17,404
SKGTLSE12,iTLS-Enso,16507,10/31/2021, 13:16:34,404
SKGTLSE12,iTLS-Enso,16507,10/31/2021, 14:10:19,404
SKGTLSE12,iTLS-Enso,16510,10/31/2021, 15:11:51,404
SKGTLSE12,iTLS-Enso,16510,10/31/2021, 16:16:46,404
SKGTLSE12,iTLS-Enso,16510,10/31/2021, 17:16:04,404
SKGTLSE12,iTLS-Enso,16510,10/31/2021, 18:13:18,404
SKGTLSE12,iTLS-Enso,16510,10/31/2021, 19:09:41,404
SKGTLSE12,iTLS-Enso,16510,10/31/2021, 20:11:47,404
SKGTLSE12,iTLS-Enso,16510,10/31/2021, 21:10:07,404
SKGTLSE12,iTLS-Enso,16510,10/31/2021, 22:10:57,404
SKGTLSE12,iTLS-Enso,16511,10/31/2021, 23:12:05,404
SKGTLSE12,iTLS-Enso,16512,11/01/2021, 00:40:25,404
SKGTLSE12,iTLS-Enso,16513,11/01/2021, 01:57:03,404
SKGTLSE12,iTLS-Enso,16514,11/01/2021, 02:29:42,404
SKGTLSE12,iTLS-Enso,16514,11/01/2021, 03:12:28,404
SKGTLSE12,iTLS-Enso,16514,11/01/2021, 04:15:23,404
SKGTLSE12,iTLS-Enso,16514,11/01/2021, 05:11:02,404
SKGTLSE12,iTLS-Enso,16514,11/01/2021, 06:14:19,404
SKGTLSE12,iTLS-Enso,16515,11/01/2021, 07:12:52,404
SKGTLSE12,iTLS-Enso,16515,11/01/2021, 08:14:14,404
SKGTLSE12,iTLS-Enso,16516,11/01/2021, 09:15:57,404
SKGTLSE12,iTLS-Enso,16516,11/01/2021, 10:16:48,404
SKGTLSE12,iTLS-Enso,16516,11/01/2021, 11:12:33,404
SKGTLSE12,iTLS-Enso,16516,11/01/2021, 12:18:46,404
SKGTLSE12,iTLS-Enso,16516,11/01/2021, 13:19:31,404
SKGTLSE12,iTLS-Enso,16516,11/01/2021, 14:11:33,404
SKGTLSE12,iTLS-Enso,16516,11/01/2021, 15:13:41,404
SKGTLSE12,iTLS-Enso,16516,11/01/2021, 16:22:17,404
SKGTLSE12,iTLS-Enso,16516,11/01/2021, 17:24:23,404
SKGTLSE12,iTLS-Enso,16516,11/01/2021, 18:19:02,404
SKGTLSE12,iTLS-Enso,16516,11/01/2021, 19:15:07,404
SKGTLSE12,iTLS-Enso,16516,11/01/2021, 20:13:05,404
SKGTLSE12,iTLS-Enso,16517,11/01/2021, 21:10:49,404
SKGTLSE12,iTLS-Enso,16517,11/01/2021, 22:10:06,404
SKGTLSE12,iTLS-Enso,16518,11/01/2021, 23:12:23,404
SKGTLSE12,iTLS-Enso,16518,11/02/2021, 00:41:56,404
SKGTLSE12,iTLS-Enso,16519,11/02/2021, 01:57:53,404
SKGTLSE12,iTLS-Enso,16520,11/02/2021, 02:30:33,404
SKGTLSE12,iTLS-Enso,16520,11/02/2021, 03:12:30,404
SKGTLSE12,iTLS-Enso,16520,11/02/2021, 04:15:20,404
SKGTLSE12,iTLS-Enso,16520,11/02/2021, 05:10:35,404
SKGTLSE12,iTLS-Enso,16520,11/02/2021, 06:14:01,404
SKGTLSE12,iTLS-Enso,16520,11/02/2021, 07:12:05,404
SKGTLSE12,iTLS-Enso,16520,11/02/2021, 08:14:27,404
SKGTLSE12,iTLS-Enso,16520,11/02/2021, 09:12:41,404
SKGTLSE12,iTLS-Enso,16520,11/02/2021, 10:18:18,404
SKGTLSE12,iTLS-Enso,16520,11/02/2021, 11:15:09,404
SKGTLSE12,iTLS-Enso,16521,11/02/2021, 12:18:29,404
SKGTLSE12,iTLS-Enso,16521,11/02/2021, 13:24:14,404
SKGTLSE12,iTLS-Enso,16521,11/02/2021, 14:16:12,404
SKGTLSE12,iTLS-Enso,16521,11/02/2021, 15:16:56,404
SKGTLSE12,iTLS-Enso,16521,11/02/2021, 16:18:52,404
SKGTLSE12,iTLS-Enso,16522,11/02/2021, 17:18:07,404
SKGTLSE12,iTLS-Enso,16523,11/02/2021, 18:18:11,404
SKGTLSE12,iTLS-Enso,16523,11/02/2021, 19:10:00,404
SKGTLSE12,iTLS-Enso,16523,11/02/2021, 20:12:40,404
SKGTLSE12,iTLS-Enso,16523,11/02/2021, 21:10:30,404
SKGTLSE12,iTLS-Enso,16523,11/02/2021, 22:11:41,404
SKGTLSE12,iTLS-Enso,16523,11/02/2021, 23:12:14,404
SKGTLSE12,iTLS-Enso,16524,11/03/2021, 00:38:17,404
SKGTLSE12,iTLS-Enso,16524,11/03/2021, 01:53:44,404
SKGTLSE12,iTLS-Enso,16524,11/03/2021, 02:25:19,404
SKGTLSE12,iTLS-Enso,16524,11/03/2021, 03:12:43,404
SKGTLSE12,iTLS-Enso,16525,11/03/2021, 04:15:09,404
SKGTLSE12,iTLS-Enso,16526,11/03/2021, 05:10:57,404
SKGTLSE12,iTLS-Enso,16526,11/03/2021, 06:14:19,404
SKGTLSE12,iTLS-Enso,16526,11/03/2021, 07:12:01,404
SKGTLSE12,iTLS-Enso,16527,11/03/2021, 08:14:05,404
SKGTLSE12,iTLS-Enso,16527,11/03/2021, 09:17:05,404
SKGTLSE12,iTLS-Enso,16529,11/03/2021, 10:17:05,404
SKGTLSE12,iTLS-Enso,16529,11/03/2021, 11:15:27,404
SKGTLSE12,iTLS-Enso,16530,11/03/2021, 12:23:09,404
SKGTLSE12,iTLS-Enso,16531,11/03/2021, 13:20:51,404
SKGTLSE12,iTLS-Enso,16531,11/03/2021, 14:14:05,404
SKGTLSE12,iTLS-Enso,16531,11/03/2021, 15:13:34,404
SKGTLSE12,iTLS-Enso,16532,11/03/2021, 16:18:14,404
SKGTLSE12,iTLS-Enso,16532,11/03/2021, 17:18:32,404
SKGTLSE12,iTLS-Enso,16532,11/03/2021, 18:15:30,404
SKGTLSE12,iTLS-Enso,16532,11/03/2021, 19:10:56,404
SKGTLSE12,iTLS-Enso,16532,11/03/2021, 20:13:29,404
SKGTLSE12,iTLS-Enso,16533,11/03/2021, 21:10:25,404
SKGTLSE12,iTLS-Enso,16533,11/03/2021, 22:10:55,404
SKGTLSE12,iTLS-Enso,16534,11/03/2021, 23:12:15,404
SKGTLSE12,iTLS-Enso,16534,11/04/2021, 00:39:02,404
SKGTLSE12,iTLS-Enso,16534,11/04/2021, 01:56:45,404
SKGTLSE12,iTLS-Enso,16534,11/04/2021, 02:29:03,404
SKGTLSE12,iTLS-Enso,16535,11/04/2021, 03:12:38,404
SKGTLSE12,iTLS-Enso,16536,11/04/2021, 04:15:05,404
SKGTLSE12,iTLS-Enso,16536,11/04/2021, 05:10:28,404
SKGTLSE12,iTLS-Enso,16536,11/04/2021, 06:14:05,404
SKGTLSE12,iTLS-Enso,16536,11/04/2021, 07:12:10,404
SKGTLSE12,iTLS-Enso,16536,11/04/2021, 08:13:59,404
SKGTLSE12,iTLS-Enso,16536,11/04/2021, 09:15:16,404
SKGTLSE12,iTLS-Enso,16536,11/04/2021, 10:17:16,404
SKGTLSE12,iTLS-Enso,16536,11/04/2021, 11:15:13,404
SKGTLSE12,iTLS-Enso,16536,11/04/2021, 12:18:30,404
SKGTLSE12,iTLS-Enso,16536,11/04/2021, 13:23:08,404
SKGTLSE12,iTLS-Enso,16536,11/04/2021, 14:15:17,404
SKGTLSE12,iTLS-Enso,16536,11/04/2021, 15:16:58,404
SKGTLSE12,iTLS-Enso,16537,11/04/2021, 16:17:13,404
SKGTLSE12,iTLS-Enso,16538,11/04/2021, 17:17:39,404
SKGTLSE12,iTLS-Enso,16538,11/04/2021, 18:18:04,404
SKGTLSE12,iTLS-Enso,16538,11/04/2021, 19:10:21,404
SKGTLSE12,iTLS-Enso,16538,11/04/2021, 20:12:19,404
SKGTLSE12,iTLS-Enso,16538,11/04/2021, 21:12:30,404
SKGTLSE12,iTLS-Enso,16539,11/04/2021, 22:11:48,404
SKGTLSE12,iTLS-Enso,16539,11/04/2021, 23:12:12,404
SKGTLSE12,iTLS-Enso,16539,11/05/2021, 00:38:19,404
SKGTLSE12,iTLS-Enso,16539,11/05/2021, 01:55:05,404
SKGTLSE12,iTLS-Enso,16539,11/05/2021, 02:26:51,404
SKGTLSE12,iTLS-Enso,16540,11/05/2021, 03:12:28,404
SKGTLSE12,iTLS-Enso,16542,11/05/2021, 04:14:58,404
SKGTLSE12,iTLS-Enso,16542,11/05/2021, 05:10:41,404
SKGTLSE12,iTLS-Enso,16542,11/05/2021, 06:14:10,404
SKGTLSE12,iTLS-Enso,16543,11/05/2021, 07:12:02,404
SKGTLSE12,iTLS-Enso,16543,11/05/2021, 08:13:54,404
SKGTLSE12,iTLS-Enso,16543,11/05/2021, 09:12:16,404
SKGTLSE12,iTLS-Enso,16544,11/05/2021, 10:13:05,404
SKGTLSE12,iTLS-Enso,16544,11/05/2021, 11:10:26,404
SKGTLSE12,iTLS-Enso,16544,11/05/2021, 12:18:12,404
SKGTLSE12,iTLS-Enso,16544,11/05/2021, 13:18:26,404
SKGTLSE12,iTLS-Enso,16544,11/05/2021, 14:16:00,404
SKGTLSE12,iTLS-Enso,16544,11/05/2021, 15:16:56,404
SKGTLSE12,iTLS-Enso,16545,11/05/2021, 16:19:40,404
SKGTLSE12,iTLS-Enso,16545,11/05/2021, 17:21:16,404
SKGTLSE12,iTLS-Enso,16545,11/05/2021, 18:13:54,404
SKGTLSE12,iTLS-Enso,16545,11/05/2021, 19:09:54,404
SKGTLSE12,iTLS-Enso,16545,11/05/2021, 20:12:18,404
SKGTLSE12,iTLS-Enso,16545,11/05/2021, 21:10:15,404
SKGTLSE12,iTLS-Enso,16545,11/05/2021, 22:11:34,404
SKGTLSE12,iTLS-Enso,16545,11/05/2021, 23:12:05,404
SKGTLSE12,iTLS-Enso,16545,11/06/2021, 00:37:14,404
SKGTLSE12,iTLS-Enso,16545,11/06/2021, 01:51:22,404
SKGTLSE12,iTLS-Enso,16546,11/06/2021, 02:25:05,404
SKGTLSE12,iTLS-Enso,16546,11/06/2021, 03:12:26,404
SKGTLSE12,iTLS-Enso,16546,11/06/2021, 04:14:53,404
SKGTLSE12,iTLS-Enso,16546,11/06/2021, 05:10:16,404
SKGTLSE12,iTLS-Enso,16546,11/06/2021, 06:13:44,404
SKGTLSE12,iTLS-Enso,16546,11/06/2021, 07:11:21,404
SKGTLSE12,iTLS-Enso,16546,11/06/2021, 08:13:45,404
SKGTLSE12,iTLS-Enso,16546,11/06/2021, 09:11:39,404
SKGTLSE12,iTLS-Enso,16547,11/06/2021, 10:12:12,404
SKGTLSE12,iTLS-Enso,16547,11/06/2021, 11:10:01,404
SKGTLSE12,iTLS-Enso,16547,11/06/2021, 12:17:11,404
SKGTLSE12,iTLS-Enso,16547,11/06/2021, 13:16:23,404
SKGTLSE12,iTLS-Enso,16549,11/06/2021, 14:10:17,404
SKGTLSE12,iTLS-Enso,16550,11/06/2021, 15:11:52,404
SKGTLSE12,iTLS-Enso,16550,11/06/2021, 16:16:27,404
SKGTLSE12,iTLS-Enso,16551,11/06/2021, 17:16:02,404
SKGTLSE12,iTLS-Enso,16551,11/06/2021, 18:12:59,404
SKGTLSE12,iTLS-Enso,16552,11/06/2021, 19:09:20,404
SKGTLSE12,iTLS-Enso,16552,11/06/2021, 20:11:39,404
SKGTLSE12,iTLS-Enso,16555,11/06/2021, 21:09:52,404
SKGTLSE12,iTLS-Enso,16555,11/06/2021, 22:11:08,404
SKGTLSE12,iTLS-Enso,16556,11/06/2021, 23:11:49,404
SKGTLSE12,iTLS-Enso,16556,11/07/2021, 00:40:00,404
SKGTLSE12,iTLS-Enso,16557,11/07/2021, 01:57:21,404
SKGTLSE12,iTLS-Enso,16557,11/07/2021, 02:29:57,404
SKGTLSE12,iTLS-Enso,16558,11/07/2021, 03:12:12,404
SKGTLSE12,iTLS-Enso,16558,11/07/2021, 04:14:48,404
SKGTLSE12,iTLS-Enso,16558,11/07/2021, 05:10:22,404
SKGTLSE12,iTLS-Enso,16558,11/07/2021, 06:13:57,404
SKGTLSE12,iTLS-Enso,16558,11/07/2021, 07:11:34,404
SKGTLSE12,iTLS-Enso,16560,11/07/2021, 08:13:26,404
SKGTLSE12,iTLS-Enso,16560,11/07/2021, 09:11:33,404
SKGTLSE12,iTLS-Enso,16561,11/07/2021, 10:12:35,404
SKGTLSE12,iTLS-Enso,16562,11/07/2021, 11:09:42,404
SKGTLSE12,iTLS-Enso,16563,11/07/2021, 12:17:13,404
SKGTLSE12,iTLS-Enso,16563,11/07/2021, 13:16:40,404
SKGTLSE12,iTLS-Enso,16565,11/07/2021, 14:10:41,404
SKGTLSE12,iTLS-Enso,16565,11/07/2021, 15:11:40,404
SKGTLSE12,iTLS-Enso,16565,11/07/2021, 16:16:21,404
SKGTLSE12,iTLS-Enso,16567,11/07/2021, 17:16:20,404
SKGTLSE12,iTLS-Enso,16567,11/07/2021, 18:12:59,404
SKGTLSE12,iTLS-Enso,16568,11/07/2021, 19:09:33,404
SKGTLSE12,iTLS-Enso,16570,11/07/2021, 20:11:48,404
SKGTLSE12,iTLS-Enso,16570,11/07/2021, 21:10:15,404
SKGTLSE12,iTLS-Enso,16570,11/07/2021, 22:11:08,404
SKGTLSE12,iTLS-Enso,16570,11/07/2021, 23:11:52,404
SKGTLSE12,iTLS-Enso,16572,11/08/2021, 00:39:20,404
SKGTLSE12,iTLS-Enso,16572,11/08/2021, 01:54:08,404
SKGTLSE12,iTLS-Enso,16572,11/08/2021, 02:25:59,404
SKGTLSE12,iTLS-Enso,16572,11/08/2021, 03:12:33,404
SKGTLSE12,iTLS-Enso,16572,11/08/2021, 04:15:01,404
SKGTLSE12,iTLS-Enso,16572,11/08/2021, 05:11:02,404
SKGTLSE12,iTLS-Enso,16572,11/08/2021, 06:14:32,404
SKGTLSE12,iTLS-Enso,16572,11/08/2021, 07:12:20,404
SKGTLSE12,iTLS-Enso,16572,11/08/2021, 08:15:28,404
SKGTLSE12,iTLS-Enso,16572,11/08/2021, 09:17:13,404
SKGTLSE12,iTLS-Enso,16572,11/08/2021, 10:18:09,404
SKGTLSE12,iTLS-Enso,16572,11/08/2021, 11:15:14,404
SKGTLSE12,iTLS-Enso,16572,11/08/2021, 12:23:12,404
SKGTLSE12,iTLS-Enso,16572,11/08/2021, 13:24:04,404
SKGTLSE12,iTLS-Enso,16572,11/08/2021, 14:16:31,404
SKGTLSE12,iTLS-Enso,16572,11/08/2021, 15:14:54,404
SKGTLSE12,iTLS-Enso,16573,11/08/2021, 16:19:17,404
SKGTLSE12,iTLS-Enso,16574,11/08/2021, 17:20:21,404
SKGTLSE12,iTLS-Enso,16574,11/08/2021, 18:16:12,404
SKGTLSE12,iTLS-Enso,16574,11/08/2021, 19:14:57,404
SKGTLSE12,iTLS-Enso,16575,11/08/2021, 20:17:02,404
SKGTLSE12,iTLS-Enso,16575,11/08/2021, 21:15:12,404
SKGTLSE12,iTLS-Enso,16576,11/08/2021, 22:13:20,404
SKGTLSE12,iTLS-Enso,16576,11/08/2021, 23:12:24,404
SKGTLSE12,iTLS-Enso,16577,11/09/2021, 00:39:21,404
SKGTLSE12,iTLS-Enso,16577,11/09/2021, 01:54:17,404
SKGTLSE12,iTLS-Enso,16577,11/09/2021, 02:26:00,404
SKGTLSE12,iTLS-Enso,16579,11/09/2021, 03:12:35,404
SKGTLSE12,iTLS-Enso,16580,11/09/2021, 04:15:03,404
SKGTLSE12,iTLS-Enso,16580,11/09/2021, 05:10:33,404
SKGTLSE12,iTLS-Enso,16580,11/09/2021, 06:14:07,404
SKGTLSE12,iTLS-Enso,16580,11/09/2021, 07:12:07,404
SKGTLSE12,iTLS-Enso,16580,11/09/2021, 08:16:51,404
SKGTLSE12,iTLS-Enso,16580,11/09/2021, 09:17:08,404
SKGTLSE12,iTLS-Enso,16580,11/09/2021, 10:17:54,404
SKGTLSE12,iTLS-Enso,16581,11/09/2021, 11:12:14,404
SKGTLSE12,iTLS-Enso,16581,11/09/2021, 12:24:07,404
SKGTLSE12,iTLS-Enso,16581,11/09/2021, 13:24:18,404
SKGTLSE12,iTLS-Enso,16581,11/09/2021, 14:16:11,404
SKGTLSE12,iTLS-Enso,16581,11/09/2021, 15:17:07,404
SKGTLSE12,iTLS-Enso,16584,11/09/2021, 16:19:21,404
SKGTLSE12,iTLS-Enso,16584,11/09/2021, 17:18:58,404
SKGTLSE12,iTLS-Enso,16584,11/09/2021, 18:19:05,404
SKGTLSE12,iTLS-Enso,16585,11/09/2021, 19:14:47,404
SKGTLSE12,iTLS-Enso,16586,11/09/2021, 20:12:33,404
SKGTLSE12,iTLS-Enso,16588,11/09/2021, 21:11:13,404
SKGTLSE12,iTLS-Enso,16588,11/09/2021, 22:11:41,404
SKGTLSE12,iTLS-Enso,16588,11/09/2021, 23:12:08,404
SKGTLSE12,iTLS-Enso,16588,11/10/2021, 00:39:01,404
SKGTLSE12,iTLS-Enso,16588,11/10/2021, 01:54:25,404
SKGTLSE12,iTLS-Enso,16588,11/10/2021, 02:26:42,404
SKGTLSE12,iTLS-Enso,16588,11/10/2021, 03:12:24,404
SKGTLSE12,iTLS-Enso,16588,11/10/2021, 04:15:19,404
SKGTLSE12,iTLS-Enso,16588,11/10/2021, 05:10:22,404
SKGTLSE12,iTLS-Enso,16588,11/10/2021, 06:14:17,404
SKGTLSE12,iTLS-Enso,16588,11/10/2021, 07:12:07,404
SKGTLSE12,iTLS-Enso,16588,11/10/2021, 08:19:08,404
SKGTLSE12,iTLS-Enso,16588,11/10/2021, 09:17:19,404
SKGTLSE12,iTLS-Enso,16588,11/10/2021, 10:18:05,404
SKGTLSE12,iTLS-Enso,16588,11/10/2021, 11:15:06,404
SKGTLSE12,iTLS-Enso,16589,11/10/2021, 12:23:00,404
SKGTLSE12,iTLS-Enso,16589,11/10/2021, 13:23:58,404
SKGTLSE12,iTLS-Enso,16589,11/10/2021, 14:15:15,404
SKGTLSE12,iTLS-Enso,16590,11/10/2021, 15:16:39,404
SKGTLSE12,iTLS-Enso,16590,11/10/2021, 16:17:38,404
SKGTLSE12,iTLS-Enso,16593,11/10/2021, 17:15:57,404
SKGTLSE12,iTLS-Enso,16593,11/10/2021, 18:16:10,404
SKGTLSE12,iTLS-Enso,16594,11/10/2021, 19:10:02,404
SKGTLSE12,iTLS-Enso,16594,11/10/2021, 20:13:55,404
SKGTLSE12,iTLS-Enso,16594,11/10/2021, 21:09:00,404
SKGTLSE12,iTLS-Enso,16594,11/10/2021, 22:11:50,404
SKGTLSE12,iTLS-Enso,16595,11/10/2021, 23:11:56,404
SKGTLSE12,iTLS-Enso,16595,11/11/2021, 00:39:14,404
SKGTLSE12,iTLS-Enso,16596,11/11/2021, 01:54:50,404
SKGTLSE12,iTLS-Enso,16596,11/11/2021, 02:26:34,404
SKGTLSE12,iTLS-Enso,16596,11/11/2021, 03:12:39,404
SKGTLSE12,iTLS-Enso,16596,11/11/2021, 04:15:07,404
SKGTLSE12,iTLS-Enso,16596,11/11/2021, 05:10:59,404
SKGTLSE12,iTLS-Enso,16596,11/11/2021, 06:14:39,404
SKGTLSE12,iTLS-Enso,16596,11/11/2021, 07:12:02,404
SKGTLSE12,iTLS-Enso,16596,11/11/2021, 08:14:29,404
SKGTLSE12,iTLS-Enso,16596,11/11/2021, 09:16:18,404
SKGTLSE12,iTLS-Enso,16596,11/11/2021, 10:17:05,404
SKGTLSE12,iTLS-Enso,16596,11/11/2021, 11:14:59,404
SKGTLSE12,iTLS-Enso,16596,11/11/2021, 12:18:33,404
SKGTLSE12,iTLS-Enso,16597,11/11/2021, 13:18:44,404
SKGTLSE12,iTLS-Enso,16597,11/11/2021, 14:11:18,404
SKGTLSE12,iTLS-Enso,16597,11/11/2021, 15:12:43,404
SKGTLSE12,iTLS-Enso,16598,11/11/2021, 16:22:02,404
SKGTLSE12,iTLS-Enso,16598,11/11/2021, 17:19:11,404
SKGTLSE12,iTLS-Enso,16600,11/11/2021, 18:13:47,404
SKGTLSE12,iTLS-Enso,16602,11/11/2021, 19:09:55,404
SKGTLSE12,iTLS-Enso,16602,11/11/2021, 20:12:37,404
SKGTLSE12,iTLS-Enso,16602,11/11/2021, 21:10:46,404
SKGTLSE12,iTLS-Enso,16602,11/11/2021, 22:11:36,404
SKGTLSE12,iTLS-Enso,16602,11/11/2021, 23:12:04,404
SKGTLSE12,iTLS-Enso,16604,11/12/2021, 00:40:13,404
SKGTLSE12,iTLS-Enso,16604,11/12/2021, 01:55:02,404
SKGTLSE12,iTLS-Enso,16604,11/12/2021, 02:26:54,404
SKGTLSE12,iTLS-Enso,16604,11/12/2021, 03:12:33,404
SKGTLSE12,iTLS-Enso,16604,11/12/2021, 04:15:04,404
SKGTLSE12,iTLS-Enso,16604,11/12/2021, 05:11:03,404
SKGTLSE12,iTLS-Enso,16604,11/12/2021, 06:14:26,404
SKGTLSE12,iTLS-Enso,16605,11/12/2021, 07:12:28,404
SKGTLSE12,iTLS-Enso,16605,11/12/2021, 08:14:15,404
SKGTLSE12,iTLS-Enso,16606,11/12/2021, 09:12:19,404
SKGTLSE12,iTLS-Enso,16606,11/12/2021, 10:13:00,404
SKGTLSE12,iTLS-Enso,16606,11/12/2021, 11:10:08,404
SKGTLSE12,iTLS-Enso,16606,11/12/2021, 12:18:30,404
SKGTLSE12,iTLS-Enso,16607,11/12/2021, 13:18:43,404
SKGTLSE12,iTLS-Enso,16607,11/12/2021, 14:14:56,404
SKGTLSE12,iTLS-Enso,16607,11/12/2021, 15:17:04,404
SKGTLSE12,iTLS-Enso,16607,11/12/2021, 16:17:33,404
SKGTLSE12,iTLS-Enso,16607,11/12/2021, 17:18:04,404
SKGTLSE12,iTLS-Enso,16608,11/12/2021, 18:14:10,404
SKGTLSE12,iTLS-Enso,16608,11/12/2021, 19:10:11,404
SKGTLSE12,iTLS-Enso,16608,11/12/2021, 20:12:44,404
SKGTLSE12,iTLS-Enso,16608,11/12/2021, 21:10:28,404
SKGTLSE12,iTLS-Enso,16609,11/12/2021, 22:11:45,404
SKGTLSE12,iTLS-Enso,16609,11/12/2021, 23:12:03,404
SKGTLSE12,iTLS-Enso,16609,11/13/2021, 00:37:49,404
SKGTLSE12,iTLS-Enso,16609,11/13/2021, 01:52:29,404
SKGTLSE12,iTLS-Enso,16609,11/13/2021, 02:26:05,404
SKGTLSE12,iTLS-Enso,16609,11/13/2021, 03:12:18,404
SKGTLSE12,iTLS-Enso,16609,11/13/2021, 04:15:00,404
SKGTLSE12,iTLS-Enso,16610,11/13/2021, 05:10:03,404
SKGTLSE12,iTLS-Enso,16611,11/13/2021, 06:13:48,404
SKGTLSE12,iTLS-Enso,16612,11/13/2021, 07:11:48,404
SKGTLSE12,iTLS-Enso,16612,11/13/2021, 08:13:37,404
SKGTLSE12,iTLS-Enso,16612,11/13/2021, 09:11:32,404
SKGTLSE12,iTLS-Enso,16612,11/13/2021, 10:12:28,404
SKGTLSE12,iTLS-Enso,16612,11/13/2021, 11:09:59,404
SKGTLSE12,iTLS-Enso,16612,11/13/2021, 12:17:11,404
SKGTLSE12,iTLS-Enso,16612,11/13/2021, 13:16:36,404
SKGTLSE12,iTLS-Enso,16612,11/13/2021, 14:10:29,404
SKGTLSE12,iTLS-Enso,16612,11/13/2021, 15:11:46,404
SKGTLSE12,iTLS-Enso,16614,11/13/2021, 16:16:44,404
SKGTLSE12,iTLS-Enso,16614,11/13/2021, 17:16:34,404
SKGTLSE12,iTLS-Enso,16614,11/13/2021, 18:13:05,404
SKGTLSE12,iTLS-Enso,16614,11/13/2021, 19:09:29,404
SKGTLSE12,iTLS-Enso,16614,11/13/2021, 20:11:44,404
SKGTLSE12,iTLS-Enso,16616,11/13/2021, 21:10:10,404
SKGTLSE12,iTLS-Enso,16616,11/13/2021, 22:10:59,404
SKGTLSE12,iTLS-Enso,16616,11/13/2021, 23:11:45,404
SKGTLSE12,iTLS-Enso,16616,11/14/2021, 00:40:04,404
SKGTLSE12,iTLS-Enso,16616,11/14/2021, 01:56:00,404
SKGTLSE12,iTLS-Enso,16616,11/14/2021, 02:27:31,404
SKGTLSE12,iTLS-Enso,16616,11/14/2021, 03:12:02,404
SKGTLSE12,iTLS-Enso,16616,11/14/2021, 04:14:56,404
SKGTLSE12,iTLS-Enso,16616,11/14/2021, 05:10:25,404
SKGTLSE12,iTLS-Enso,16618,11/14/2021, 06:13:55,404
SKGTLSE12,iTLS-Enso,16618,11/14/2021, 07:11:31,404
SKGTLSE12,iTLS-Enso,16618,11/14/2021, 08:13:35,404
SKGTLSE12,iTLS-Enso,16618,11/14/2021, 09:11:42,404
SKGTLSE12,iTLS-Enso,16619,11/14/2021, 10:12:54,404
SKGTLSE12,iTLS-Enso,16619,11/14/2021, 11:09:34,404
SKGTLSE12,iTLS-Enso,16620,11/14/2021, 12:17:20,404
SKGTLSE12,iTLS-Enso,16620,11/14/2021, 13:16:45,404
SKGTLSE12,iTLS-Enso,16620,11/14/2021, 14:10:39,404
SKGTLSE12,iTLS-Enso,16620,11/14/2021, 15:11:53,404
SKGTLSE12,iTLS-Enso,16620,11/14/2021, 16:16:53,404
SKGTLSE12,iTLS-Enso,16620,11/14/2021, 17:16:44,404
SKGTLSE12,iTLS-Enso,16620,11/14/2021, 18:13:15,404
SKGTLSE12,iTLS-Enso,16622,11/14/2021, 19:09:37,404
SKGTLSE12,iTLS-Enso,16623,11/14/2021, 20:11:46,404
SKGTLSE12,iTLS-Enso,16623,11/14/2021, 21:10:10,404
SKGTLSE12,iTLS-Enso,16623,11/14/2021, 22:11:12,404
SKGTLSE12,iTLS-Enso,16625,11/14/2021, 23:12:02,404
SKGTLSE12,iTLS-Enso,16626,11/15/2021, 00:39:13,404
SKGTLSE12,iTLS-Enso,16626,11/15/2021, 01:54:06,404
SKGTLSE12,iTLS-Enso,16627,11/15/2021, 02:26:22,404
SKGTLSE12,iTLS-Enso,16627,11/15/2021, 03:12:42,404
SKGTLSE12,iTLS-Enso,16627,11/15/2021, 04:15:22,404
SKGTLSE12,iTLS-Enso,16627,11/15/2021, 05:10:55,404
SKGTLSE12,iTLS-Enso,16628,11/15/2021, 06:14:35,404
SKGTLSE12,iTLS-Enso,16628,11/15/2021, 08:14:52,404
SKGTLSE12,iTLS-Enso,16628,11/15/2021, 09:15:28,404
SKGTLSE12,iTLS-Enso,16628,11/15/2021, 10:17:57,404
SKGTLSE12,iTLS-Enso,16630,11/15/2021, 11:15:04,404
SKGTLSE12,iTLS-Enso,16630,11/15/2021, 12:24:01,404
SKGTLSE12,iTLS-Enso,16630,11/15/2021, 13:19:27,404
SKGTLSE12,iTLS-Enso,16630,11/15/2021, 14:11:24,404
SKGTLSE12,iTLS-Enso,16630,11/15/2021, 15:13:03,404
SKGTLSE12,iTLS-Enso,16632,11/15/2021, 16:23:18,404
SKGTLSE12,iTLS-Enso,16633,11/15/2021, 17:19:47,404
SKGTLSE12,iTLS-Enso,16633,11/15/2021, 18:15:57,404
SKGTLSE12,iTLS-Enso,16633,11/15/2021, 19:09:58,404
SKGTLSE12,iTLS-Enso,16633,11/15/2021, 20:12:30,404
SKGTLSE12,iTLS-Enso,16634,11/15/2021, 21:11:00,404
SKGTLSE12,iTLS-Enso,16635,11/15/2021, 22:14:29,404
SKGTLSE12,iTLS-Enso,16635,11/15/2021, 23:12:43,404
SKGTLSE12,iTLS-Enso,16635,11/16/2021, 00:39:07,404
SKGTLSE12,iTLS-Enso,16635,11/16/2021, 01:54:33,404
SKGTLSE12,iTLS-Enso,16635,11/16/2021, 02:26:29,404
SKGTLSE12,iTLS-Enso,16635,11/16/2021, 03:12:33,404
SKGTLSE12,iTLS-Enso,16635,11/16/2021, 04:15:09,404
SKGTLSE12,iTLS-Enso,16635,11/16/2021, 05:10:50,404
SKGTLSE12,iTLS-Enso,16635,11/16/2021, 06:14:01,404
SKGTLSE12,iTLS-Enso,16636,11/16/2021, 07:12:13,404
SKGTLSE12,iTLS-Enso,16636,11/16/2021, 08:14:26,404
SKGTLSE12,iTLS-Enso,16636,11/16/2021, 09:13:36,404
SKGTLSE12,iTLS-Enso,16636,11/16/2021, 10:18:05,404
SKGTLSE12,iTLS-Enso,16636,11/16/2021, 11:13:49,404
SKGTLSE12,iTLS-Enso,16636,11/16/2021, 12:22:58,404
SKGTLSE12,iTLS-Enso,16636,11/16/2021, 13:19:05,404
SKGTLSE12,iTLS-Enso,16636,11/16/2021, 14:13:30,404
SKGTLSE12,iTLS-Enso,16636,11/16/2021, 15:18:28,404
SKGTLSE12,iTLS-Enso,16636,11/16/2021, 16:19:05,404
SKGTLSE12,iTLS-Enso,16636,11/16/2021, 17:12:46,404
SKGTLSE12,iTLS-Enso,16637,11/16/2021, 18:18:52,404
SKGTLSE12,iTLS-Enso,16638,11/16/2021, 19:10:01,404
SKGTLSE12,iTLS-Enso,16638,11/16/2021, 20:14:04,404
SKGTLSE12,iTLS-Enso,16639,11/16/2021, 21:10:45,404
SKGTLSE12,iTLS-Enso,16640,11/16/2021, 22:11:49,404
SKGTLSE12,iTLS-Enso,16640,11/16/2021, 23:12:16,404
SKGTLSE12,iTLS-Enso,16640,11/17/2021, 00:38:54,404
SKGTLSE12,iTLS-Enso,16640,11/17/2021, 01:54:30,404
SKGTLSE12,iTLS-Enso,16640,11/17/2021, 02:26:35,404
SKGTLSE12,iTLS-Enso,16640,11/17/2021, 03:12:39,404
SKGTLSE12,iTLS-Enso,16640,11/17/2021, 04:15:23,404
SKGTLSE12,iTLS-Enso,16641,11/17/2021, 05:10:53,404
SKGTLSE12,iTLS-Enso,16642,11/17/2021, 06:14:41,404
SKGTLSE12,iTLS-Enso,16642,11/17/2021, 07:12:21,404
SKGTLSE12,iTLS-Enso,16642,11/17/2021, 08:14:08,404
SKGTLSE12,iTLS-Enso,16642,11/17/2021, 09:17:16,404
SKGTLSE12,iTLS-Enso,16642,11/17/2021, 10:18:12,404
SKGTLSE12,iTLS-Enso,16642,11/17/2021, 11:15:03,404
SKGTLSE12,iTLS-Enso,16642,11/17/2021, 12:23:02,404
SKGTLSE12,iTLS-Enso,16642,11/17/2021, 13:19:48,404
SKGTLSE12,iTLS-Enso,16643,11/17/2021, 14:11:10,404
SKGTLSE12,iTLS-Enso,16643,11/17/2021, 15:12:40,404
SKGTLSE12,iTLS-Enso,16643,11/17/2021, 16:17:09,404
SKGTLSE12,iTLS-Enso,16645,11/17/2021, 17:16:07,404
SKGTLSE12,iTLS-Enso,16645,11/17/2021, 18:16:06,404
SKGTLSE12,iTLS-Enso,16645,11/17/2021, 19:10:29,404
SKGTLSE12,iTLS-Enso,16646,11/17/2021, 20:12:49,404
SKGTLSE12,iTLS-Enso,16648,11/17/2021, 21:10:10,404
SKGTLSE12,iTLS-Enso,16648,11/17/2021, 22:11:50,404
SKGTLSE12,iTLS-Enso,16649,11/17/2021, 23:12:06,404
SKGTLSE12,iTLS-Enso,16651,11/18/2021, 00:40:01,404
SKGTLSE12,iTLS-Enso,16653,11/18/2021, 01:54:37,404
SKGTLSE12,iTLS-Enso,16653,11/18/2021, 02:26:30,404
SKGTLSE12,iTLS-Enso,16653,11/18/2021, 03:12:31,404
SKGTLSE12,iTLS-Enso,16653,11/18/2021, 04:15:14,404
SKGTLSE12,iTLS-Enso,16653,11/18/2021, 05:11:07,404
SKGTLSE12,iTLS-Enso,16653,11/18/2021, 06:14:24,404
SKGTLSE12,iTLS-Enso,16654,11/18/2021, 07:12:02,404
SKGTLSE12,iTLS-Enso,16655,11/18/2021, 08:14:25,404
SKGTLSE12,iTLS-Enso,16655,11/18/2021, 09:12:59,404
SKGTLSE12,iTLS-Enso,16656,11/18/2021, 10:18:00,404
SKGTLSE12,iTLS-Enso,16656,11/18/2021, 11:15:31,404
SKGTLSE12,iTLS-Enso,16656,11/18/2021, 12:22:25,404
SKGTLSE12,iTLS-Enso,16656,11/18/2021, 13:19:18,404
SKGTLSE12,iTLS-Enso,16657,11/18/2021, 14:11:09,404
SKGTLSE12,iTLS-Enso,16657,11/18/2021, 15:13:23,404
SKGTLSE12,iTLS-Enso,16657,11/18/2021, 16:22:03,404
SKGTLSE12,iTLS-Enso,16658,11/18/2021, 17:22:01,404
SKGTLSE12,iTLS-Enso,16658,11/18/2021, 18:13:59,404
SKGTLSE12,iTLS-Enso,16659,11/18/2021, 19:10:01,404
SKGTLSE12,iTLS-Enso,16659,11/18/2021, 20:10:40,404
SKGTLSE12,iTLS-Enso,16661,11/18/2021, 21:10:26,404
SKGTLSE12,iTLS-Enso,16661,11/18/2021, 22:11:50,404
SKGTLSE12,iTLS-Enso,16661,11/18/2021, 23:12:23,404
SKGTLSE12,iTLS-Enso,16662,11/19/2021, 00:39:12,404
SKGTLSE12,iTLS-Enso,16662,11/19/2021, 01:54:51,404
SKGTLSE12,iTLS-Enso,16662,11/19/2021, 02:27:55,404
SKGTLSE12,iTLS-Enso,16662,11/19/2021, 03:12:28,404
SKGTLSE12,iTLS-Enso,16662,11/19/2021, 04:15:00,404
SKGTLSE12,iTLS-Enso,16662,11/19/2021, 05:10:43,404
SKGTLSE12,iTLS-Enso,16662,11/19/2021, 06:14:38,404
SKGTLSE12,iTLS-Enso,16663,11/19/2021, 07:12:27,404
SKGTLSE12,iTLS-Enso,16663,11/19/2021, 08:14:17,404
SKGTLSE12,iTLS-Enso,16663,11/19/2021, 09:17:04,404
SKGTLSE12,iTLS-Enso,16663,11/19/2021, 10:18:03,404
SKGTLSE12,iTLS-Enso,16663,11/19/2021, 11:15:08,404
SKGTLSE12,iTLS-Enso,16663,11/19/2021, 12:19:49,404
SKGTLSE12,iTLS-Enso,16663,11/19/2021, 13:18:43,404
SKGTLSE12,iTLS-Enso,16664,11/19/2021, 14:16:20,404
SKGTLSE12,iTLS-Enso,16664,11/19/2021, 15:17:04,404
SKGTLSE12,iTLS-Enso,16664,11/19/2021, 16:19:27,404
SKGTLSE12,iTLS-Enso,16665,11/19/2021, 17:19:02,404
SKGTLSE12,iTLS-Enso,16665,11/19/2021, 18:13:49,404
SKGTLSE12,iTLS-Enso,16665,11/19/2021, 19:10:01,404
SKGTLSE12,iTLS-Enso,16665,11/19/2021, 20:12:31,404
SKGTLSE12,iTLS-Enso,16666,11/19/2021, 21:10:55,404
SKGTLSE12,iTLS-Enso,16667,11/19/2021, 22:11:50,404
SKGTLSE12,iTLS-Enso,16667,11/19/2021, 23:12:06,404
SKGTLSE12,iTLS-Enso,16668,11/20/2021, 00:38:36,404
SKGTLSE12,iTLS-Enso,16668,11/20/2021, 01:52:33,404
SKGTLSE12,iTLS-Enso,16668,11/20/2021, 02:28:10,404
SKGTLSE12,iTLS-Enso,16668,11/20/2021, 03:12:07,404
SKGTLSE12,iTLS-Enso,16668,11/20/2021, 04:15:02,404
SKGTLSE12,iTLS-Enso,16668,11/20/2021, 05:10:24,404
SKGTLSE12,iTLS-Enso,16668,11/20/2021, 06:13:53,404
SKGTLSE12,iTLS-Enso,16668,11/20/2021, 07:11:45,404
SKGTLSE12,iTLS-Enso,16668,11/20/2021, 08:13:59,404
SKGTLSE12,iTLS-Enso,16669,11/20/2021, 09:11:50,404
SKGTLSE12,iTLS-Enso,16670,11/20/2021, 10:12:36,404
SKGTLSE12,iTLS-Enso,16671,11/20/2021, 11:09:44,404
SKGTLSE12,iTLS-Enso,16671,11/20/2021, 12:17:17,404
SKGTLSE12,iTLS-Enso,16672,11/20/2021, 13:16:39,404
SKGTLSE12,iTLS-Enso,16673,11/20/2021, 14:10:38,404
SKGTLSE12,iTLS-Enso,16673,11/20/2021, 15:11:42,404
SKGTLSE12,iTLS-Enso,16673,11/20/2021, 16:17:03,404
SKGTLSE12,iTLS-Enso,16673,11/20/2021, 17:16:49,404
SKGTLSE12,iTLS-Enso,16673,11/20/2021, 18:13:17,404
SKGTLSE12,iTLS-Enso,16674,11/20/2021, 19:09:24,404
SKGTLSE12,iTLS-Enso,16675,11/20/2021, 20:12:07,404
SKGTLSE12,iTLS-Enso,16676,11/20/2021, 21:10:05,404
SKGTLSE12,iTLS-Enso,16676,11/20/2021, 22:11:25,404
SKGTLSE12,iTLS-Enso,16678,11/20/2021, 23:11:48,404
SKGTLSE12,iTLS-Enso,16678,11/21/2021, 00:40:36,404
SKGTLSE12,iTLS-Enso,16678,11/21/2021, 01:56:42,404
SKGTLSE12,iTLS-Enso,16678,11/21/2021, 02:29:10,404
SKGTLSE12,iTLS-Enso,16678,11/21/2021, 03:12:11,404
SKGTLSE12,iTLS-Enso,16678,11/21/2021, 04:15:01,404
SKGTLSE12,iTLS-Enso,16678,11/21/2021, 05:10:19,404
SKGTLSE12,iTLS-Enso,16678,11/21/2021, 06:13:45,404
SKGTLSE12,iTLS-Enso,16678,11/21/2021, 07:11:42,404
SKGTLSE12,iTLS-Enso,16678,11/21/2021, 08:13:57,404
SKGTLSE12,iTLS-Enso,16679,11/21/2021, 09:11:32,404
SKGTLSE12,iTLS-Enso,16681,11/21/2021, 10:12:50,404
SKGTLSE12,iTLS-Enso,16682,11/21/2021, 11:09:50,404
SKGTLSE12,iTLS-Enso,16682,11/21/2021, 12:17:48,404
SKGTLSE12,iTLS-Enso,16683,11/21/2021, 13:17:03,404
SKGTLSE12,iTLS-Enso,16683,11/21/2021, 14:10:45,404
SKGTLSE12,iTLS-Enso,16686,11/21/2021, 15:12:02,404
SKGTLSE12,iTLS-Enso,16687,11/21/2021, 16:16:52,404
SKGTLSE12,iTLS-Enso,16687,11/21/2021, 17:16:55,404
SKGTLSE12,iTLS-Enso,16687,11/21/2021, 18:13:15,404
SKGTLSE12,iTLS-Enso,16688,11/21/2021, 19:09:32,404
SKGTLSE12,iTLS-Enso,16690,11/21/2021, 20:12:03,404
SKGTLSE12,iTLS-Enso,16690,11/21/2021, 21:10:17,404
SKGTLSE12,iTLS-Enso,16690,11/21/2021, 22:11:27,404
SKGTLSE12,iTLS-Enso,16691,11/21/2021, 23:12:00,404
SKGTLSE12,iTLS-Enso,16691,11/22/2021, 00:39:22,404
SKGTLSE12,iTLS-Enso,16693,11/22/2021, 01:55:22,404
SKGTLSE12,iTLS-Enso,16694,11/22/2021, 02:27:43,404
SKGTLSE12,iTLS-Enso,16695,11/22/2021, 03:12:36,404
SKGTLSE12,iTLS-Enso,16695,11/22/2021, 04:15:36,404
SKGTLSE12,iTLS-Enso,16696,11/22/2021, 05:11:17,404
SKGTLSE12,iTLS-Enso,16696,11/22/2021, 06:14:47,404
SKGTLSE12,iTLS-Enso,16697,11/22/2021, 07:12:14,404
SKGTLSE12,iTLS-Enso,16697,11/22/2021, 08:18:31,404
SKGTLSE12,iTLS-Enso,16697,11/22/2021, 09:17:12,404
SKGTLSE12,iTLS-Enso,16697,11/22/2021, 10:18:12,404
SKGTLSE12,iTLS-Enso,16698,11/22/2021, 11:15:03,404
SKGTLSE12,iTLS-Enso,16698,11/22/2021, 12:19:31,404
SKGTLSE12,iTLS-Enso,16699,11/22/2021, 13:24:16,404
SKGTLSE12,iTLS-Enso,16699,11/22/2021, 14:11:52,404
SKGTLSE12,iTLS-Enso,16699,11/22/2021, 15:17:10,404
SKGTLSE12,iTLS-Enso,16701,11/22/2021, 16:19:26,404
SKGTLSE12,iTLS-Enso,16701,11/22/2021, 17:20:15,404
SKGTLSE12,iTLS-Enso,16701,11/22/2021, 18:19:03,404
SKGTLSE12,iTLS-Enso,16701,11/22/2021, 19:10:53,404
SKGTLSE12,iTLS-Enso,16701,11/22/2021, 20:12:42,404
SKGTLSE12,iTLS-Enso,16701,11/22/2021, 21:10:41,404
SKGTLSE12,iTLS-Enso,16701,11/22/2021, 22:12:17,404
SKGTLSE12,iTLS-Enso,16702,11/22/2021, 23:12:25,404
SKGTLSE12,iTLS-Enso,16703,11/23/2021, 00:39:03,404
SKGTLSE12,iTLS-Enso,16705,11/23/2021, 01:54:10,404
SKGTLSE12,iTLS-Enso,16705,11/23/2021, 02:26:21,404
SKGTLSE12,iTLS-Enso,16705,11/23/2021, 03:12:29,404
SKGTLSE12,iTLS-Enso,16706,11/23/2021, 04:15:26,404
SKGTLSE12,iTLS-Enso,16706,11/23/2021, 05:10:55,404
SKGTLSE12,iTLS-Enso,16706,11/23/2021, 06:14:22,404
SKGTLSE12,iTLS-Enso,16706,11/23/2021, 07:12:07,404
SKGTLSE12,iTLS-Enso,16707,11/23/2021, 08:14:36,404
SKGTLSE12,iTLS-Enso,16707,11/23/2021, 09:12:26,404
SKGTLSE12,iTLS-Enso,16707,11/23/2021, 10:13:56,404
SKGTLSE12,iTLS-Enso,16707,11/23/2021, 11:15:09,404
SKGTLSE12,iTLS-Enso,16707,11/23/2021, 12:18:56,404
SKGTLSE12,iTLS-Enso,16707,11/23/2021, 13:19:06,404
SKGTLSE12,iTLS-Enso,16707,11/23/2021, 14:15:21,404
SKGTLSE12,iTLS-Enso,16708,11/23/2021, 15:12:52,404
SKGTLSE12,iTLS-Enso,16708,11/23/2021, 16:17:54,404
SKGTLSE12,iTLS-Enso,16708,11/23/2021, 17:18:15,404
SKGTLSE12,iTLS-Enso,16708,11/23/2021, 18:14:49,404
SKGTLSE12,iTLS-Enso,16709,11/23/2021, 19:08:28,404
SKGTLSE12,iTLS-Enso,16709,11/23/2021, 20:12:56,404
SKGTLSE12,iTLS-Enso,16709,11/23/2021, 21:10:34,404
SKGTLSE12,iTLS-Enso,16710,11/23/2021, 22:11:39,404
SKGTLSE12,iTLS-Enso,16710,11/23/2021, 23:12:15,404
SKGTLSE12,iTLS-Enso,16710,11/24/2021, 00:39:48,404
SKGTLSE12,iTLS-Enso,16710,11/24/2021, 01:54:27,404
SKGTLSE12,iTLS-Enso,16710,11/24/2021, 02:27:01,404
SKGTLSE12,iTLS-Enso,16710,11/24/2021, 03:12:22,404
SKGTLSE12,iTLS-Enso,16710,11/24/2021, 04:15:26,404
SKGTLSE12,iTLS-Enso,16710,11/24/2021, 05:10:50,404
SKGTLSE12,iTLS-Enso,16710,11/24/2021, 06:15:00,404
SKGTLSE12,iTLS-Enso,16710,11/24/2021, 07:12:10,404
SKGTLSE12,iTLS-Enso,16710,11/24/2021, 08:14:09,404
SKGTLSE12,iTLS-Enso,16710,11/24/2021, 09:17:14,404
SKGTLSE12,iTLS-Enso,16710,11/24/2021, 10:18:14,404
SKGTLSE12,iTLS-Enso,16710,11/24/2021, 11:15:11,404
SKGTLSE12,iTLS-Enso,16712,11/24/2021, 12:23:02,404
SKGTLSE12,iTLS-Enso,16712,11/24/2021, 13:19:05,404
SKGTLSE12,iTLS-Enso,16712,11/24/2021, 14:11:39,404
SKGTLSE12,iTLS-Enso,16712,11/24/2021, 15:13:10,404
SKGTLSE12,iTLS-Enso,16712,11/24/2021, 16:22:11,404
SKGTLSE12,iTLS-Enso,16712,11/24/2021, 17:22:19,404
SKGTLSE12,iTLS-Enso,16712,11/24/2021, 18:13:58,404
SKGTLSE12,iTLS-Enso,16712,11/24/2021, 19:11:23,404
SKGTLSE12,iTLS-Enso,16713,11/24/2021, 20:14:17,404
SKGTLSE12,iTLS-Enso,16713,11/24/2021, 21:10:41,404
SKGTLSE12,iTLS-Enso,16713,11/24/2021, 22:11:56,404
SKGTLSE12,iTLS-Enso,16713,11/24/2021, 23:12:19,404
SKGTLSE12,iTLS-Enso,16715,11/25/2021, 00:40:52,404
SKGTLSE12,iTLS-Enso,16716,11/25/2021, 01:55:28,404
SKGTLSE12,iTLS-Enso,16717,11/25/2021, 02:28:24,404
SKGTLSE12,iTLS-Enso,16717,11/25/2021, 03:12:41,404
SKGTLSE12,iTLS-Enso,16717,11/25/2021, 04:15:43,404
SKGTLSE12,iTLS-Enso,16717,11/25/2021, 05:11:18,404
SKGTLSE12,iTLS-Enso,16717,11/25/2021, 06:14:35,404
SKGTLSE12,iTLS-Enso,16718,11/25/2021, 07:13:55,404
SKGTLSE12,iTLS-Enso,16718,11/25/2021, 08:14:30,404
SKGTLSE12,iTLS-Enso,16719,11/25/2021, 09:17:02,404
SKGTLSE12,iTLS-Enso,16719,11/25/2021, 10:17:05,404
SKGTLSE12,iTLS-Enso,16720,11/25/2021, 11:15:12,404
SKGTLSE12,iTLS-Enso,16720,11/25/2021, 12:22:51,404
SKGTLSE12,iTLS-Enso,16720,11/25/2021, 13:19:16,404
SKGTLSE12,iTLS-Enso,16720,11/25/2021, 14:11:35,404
SKGTLSE12,iTLS-Enso,16720,11/25/2021, 15:12:59,404
SKGTLSE12,iTLS-Enso,16720,11/25/2021, 16:17:38,404
SKGTLSE12,iTLS-Enso,16720,11/25/2021, 17:18:34,404
SKGTLSE12,iTLS-Enso,16720,11/25/2021, 18:13:50,404
SKGTLSE12,iTLS-Enso,16720,11/25/2021, 19:09:58,404
SKGTLSE12,iTLS-Enso,16721,11/25/2021, 20:12:53,404
SKGTLSE12,iTLS-Enso,16721,11/25/2021, 21:10:25,404
SKGTLSE12,iTLS-Enso,16722,11/25/2021, 22:11:55,404
SKGTLSE12,iTLS-Enso,16722,11/25/2021, 23:11:58,404
SKGTLSE12,iTLS-Enso,16723,11/26/2021, 00:38:39,404
SKGTLSE12,iTLS-Enso,16723,11/26/2021, 01:53:28,404
SKGTLSE12,iTLS-Enso,16723,11/26/2021, 02:27:04,404
SKGTLSE12,iTLS-Enso,16723,11/26/2021, 03:12:49,404
SKGTLSE12,iTLS-Enso,16723,11/26/2021, 04:15:28,404
SKGTLSE12,iTLS-Enso,16723,11/26/2021, 05:10:55,404
SKGTLSE12,iTLS-Enso,16723,11/26/2021, 06:14:36,404
SKGTLSE12,iTLS-Enso,16724,11/26/2021, 07:12:22,404
SKGTLSE12,iTLS-Enso,16725,11/26/2021, 08:14:17,404
SKGTLSE12,iTLS-Enso,16725,11/26/2021, 09:12:30,404
SKGTLSE12,iTLS-Enso,16725,11/26/2021, 10:13:11,404
SKGTLSE12,iTLS-Enso,16725,11/26/2021, 11:10:31,404
SKGTLSE12,iTLS-Enso,16726,11/26/2021, 12:18:38,404
SKGTLSE12,iTLS-Enso,16727,11/26/2021, 13:18:51,404
SKGTLSE12,iTLS-Enso,16728,11/26/2021, 14:12:34,404
SKGTLSE12,iTLS-Enso,16728,11/26/2021, 15:12:47,404
SKGTLSE12,iTLS-Enso,16730,11/26/2021, 16:17:47,404
SKGTLSE12,iTLS-Enso,16731,11/26/2021, 17:18:19,404
SKGTLSE12,iTLS-Enso,16731,11/26/2021, 18:13:54,404
SKGTLSE12,iTLS-Enso,16732,11/26/2021, 19:10:00,404
SKGTLSE12,iTLS-Enso,16733,11/26/2021, 20:12:52,404
SKGTLSE12,iTLS-Enso,16733,11/26/2021, 21:10:25,404
SKGTLSE12,iTLS-Enso,16733,11/26/2021, 22:11:52,404
SKGTLSE12,iTLS-Enso,16733,11/26/2021, 23:11:54,404
SKGTLSE12,iTLS-Enso,16733,11/27/2021, 00:38:17,404
SKGTLSE12,iTLS-Enso,16733,11/27/2021, 01:52:14,404
SKGTLSE12,iTLS-Enso,16734,11/27/2021, 02:27:34,404
SKGTLSE12,iTLS-Enso,16734,11/27/2021, 03:12:24,404
SKGTLSE12,iTLS-Enso,16735,11/27/2021, 04:15:11,404
SKGTLSE12,iTLS-Enso,16736,11/27/2021, 05:10:14,404
SKGTLSE12,iTLS-Enso,16736,11/27/2021, 06:13:52,404
SKGTLSE12,iTLS-Enso,16736,11/27/2021, 07:11:47,404
SKGTLSE12,iTLS-Enso,16736,11/27/2021, 08:14:09,404
SKGTLSE12,iTLS-Enso,16736,11/27/2021, 09:11:54,404
SKGTLSE12,iTLS-Enso,16737,11/27/2021, 10:12:39,404
SKGTLSE12,iTLS-Enso,16737,11/27/2021, 11:09:47,404
SKGTLSE12,iTLS-Enso,16738,11/27/2021, 12:17:43,404
SKGTLSE12,iTLS-Enso,16738,11/27/2021, 13:16:49,404
SKGTLSE12,iTLS-Enso,16738,11/27/2021, 14:10:41,404
SKGTLSE12,iTLS-Enso,16738,11/27/2021, 15:12:06,404
SKGTLSE12,iTLS-Enso,16738,11/27/2021, 16:17:02,404
SKGTLSE12,iTLS-Enso,16739,11/27/2021, 17:16:56,404
SKGTLSE12,iTLS-Enso,16739,11/27/2021, 18:13:13,404
SKGTLSE12,iTLS-Enso,16739,11/27/2021, 19:09:47,404
SKGTLSE12,iTLS-Enso,16739,11/27/2021, 20:11:58,404
SKGTLSE12,iTLS-Enso,16740,11/27/2021, 23:19:00,404
SKGTLSE12,iTLS-Enso,16742,11/28/2021, 00:40:38,404
SKGTLSE12,iTLS-Enso,16742,11/28/2021, 01:51:56,404
SKGTLSE12,iTLS-Enso,16742,11/28/2021, 02:27:09,404
SKGTLSE12,iTLS-Enso,16742,11/28/2021, 03:12:14,404
SKGTLSE12,iTLS-Enso,16742,11/28/2021, 04:14:55,404
SKGTLSE12,iTLS-Enso,16742,11/28/2021, 05:10:22,404
SKGTLSE12,iTLS-Enso,16742,11/28/2021, 06:14:19,404
SKGTLSE12,iTLS-Enso,16742,11/28/2021, 07:11:50,404
SKGTLSE12,iTLS-Enso,16742,11/28/2021, 08:13:50,404
SKGTLSE12,iTLS-Enso,16742,11/28/2021, 09:12:03,404
SKGTLSE12,iTLS-Enso,16742,11/28/2021, 10:12:46,404
SKGTLSE12,iTLS-Enso,16743,11/28/2021, 11:10:01,404
SKGTLSE12,iTLS-Enso,16744,11/28/2021, 12:17:42,404
SKGTLSE12,iTLS-Enso,16744,11/28/2021, 13:16:48,404
SKGTLSE12,iTLS-Enso,16744,11/28/2021, 14:10:37,404
SKGTLSE12,iTLS-Enso,16745,11/28/2021, 15:12:28,404
SKGTLSE12,iTLS-Enso,16745,11/28/2021, 16:16:41,404
SKGTLSE12,iTLS-Enso,16745,11/28/2021, 17:17:02,404
SKGTLSE12,iTLS-Enso,16745,11/28/2021, 18:13:23,404
SKGTLSE12,iTLS-Enso,16746,11/28/2021, 19:09:36,404
SKGTLSE12,iTLS-Enso,16746,11/28/2021, 20:12:08,404
SKGTLSE12,iTLS-Enso,16746,11/28/2021, 21:09:58,404
SKGTLSE12,iTLS-Enso,16746,11/28/2021, 22:11:37,404
SKGTLSE12,iTLS-Enso,16746,11/28/2021, 23:11:50,404
SKGTLSE12,iTLS-Enso,16747,11/29/2021, 00:39:37,404
SKGTLSE12,iTLS-Enso,16747,11/29/2021, 01:55:02,404
SKGTLSE12,iTLS-Enso,16747,11/29/2021, 02:27:37,404
SKGTLSE12,iTLS-Enso,16747,11/29/2021, 03:12:38,404
SKGTLSE12,iTLS-Enso,16747,11/29/2021, 04:15:51,404
SKGTLSE12,iTLS-Enso,16747,11/29/2021, 05:11:26,404
SKGTLSE12,iTLS-Enso,16747,11/29/2021, 06:14:45,404
SKGTLSE12,iTLS-Enso,16747,11/29/2021, 07:12:42,404
SKGTLSE12,iTLS-Enso,16747,11/29/2021, 08:14:52,404
SKGTLSE12,iTLS-Enso,16747,11/29/2021, 09:12:47,404
SKGTLSE12,iTLS-Enso,16748,11/29/2021, 10:15:56,404
SKGTLSE12,iTLS-Enso,16749,11/29/2021, 11:10:34,404
SKGTLSE12,iTLS-Enso,16749,11/29/2021, 12:19:04,404
SKGTLSE12,iTLS-Enso,16749,11/29/2021, 13:19:39,404
SKGTLSE12,iTLS-Enso,16749,11/29/2021, 14:15:14,404
SKGTLSE12,iTLS-Enso,16749,11/29/2021, 15:17:10,404
SKGTLSE12,iTLS-Enso,16749,11/29/2021, 16:18:46,404
SKGTLSE12,iTLS-Enso,16750,11/29/2021, 17:24:09,404
SKGTLSE12,iTLS-Enso,16750,11/29/2021, 18:19:17,404
SKGTLSE12,iTLS-Enso,16750,11/29/2021, 19:10:21,404
SKGTLSE12,iTLS-Enso,16750,11/29/2021, 20:12:58,404
SKGTLSE12,iTLS-Enso,16752,11/29/2021, 21:10:46,404
SKGTLSE12,iTLS-Enso,16752,11/29/2021, 22:12:03,404
SKGTLSE12,iTLS-Enso,16753,11/29/2021, 23:12:25,404
SKGTLSE12,iTLS-Enso,16754,11/30/2021, 00:41:12,404
SKGTLSE12,iTLS-Enso,16754,11/30/2021, 01:46:32,404
SKGTLSE12,iTLS-Enso,16754,11/30/2021, 02:15:14,404
SKGTLSE12,iTLS-Enso,16754,11/30/2021, 03:10:48,404
SKGTLSE12,iTLS-Enso,16755,11/30/2021, 04:13:06,404
SKGTLSE12,iTLS-Enso,16756,11/30/2021, 05:09:28,404
SKGTLSE12,iTLS-Enso,16756,11/30/2021, 06:12:04,404
SKGTLSE12,iTLS-Enso,16756,11/30/2021, 07:10:13,404
SKGTLSE12,iTLS-Enso,16757,11/30/2021, 08:12:35,404
SKGTLSE12,iTLS-Enso,16757,11/30/2021, 09:13:06,404
SKGTLSE12,iTLS-Enso,16757,11/30/2021, 10:16:10,404
SKGTLSE12,iTLS-Enso,16757,11/30/2021, 11:14:06,404
SKGTLSE12,iTLS-Enso,16757,11/30/2021, 12:17:55,404
SKGTLSE12,iTLS-Enso,16758,11/30/2021, 13:12:56,404
SKGTLSE12,iTLS-Enso,16758,11/30/2021, 14:11:36,404
SKGTLSE12,iTLS-Enso,16759,11/30/2021, 15:12:55,404
SKGTLSE12,iTLS-Enso,16759,11/30/2021, 16:18:05,404
SKGTLSE12,iTLS-Enso,16759,11/30/2021, 17:24:05,404
SKGTLSE12,iTLS-Enso,16759,11/30/2021, 18:16:26,404
SKGTLSE12,iTLS-Enso,16759,11/30/2021, 19:09:39,404
SKGTLSE12,iTLS-Enso,16760,11/30/2021, 20:12:45,404
SKGTLSE12,iTLS-Enso,16760,11/30/2021, 21:10:50,404
SKGTLSE12,iTLS-Enso,16760,11/30/2021, 22:12:04,404
SKGTLSE12,iTLS-Enso,16760,11/30/2021, 23:12:07,404
SKGTLSE12,iTLS-Enso,16760,12/01/2021, 00:42:00,404
SKGTLSE12,iTLS-Enso,16761,12/01/2021, 02:00:21,404
SKGTLSE12,iTLS-Enso,16761,12/01/2021, 02:39:27,404
SKGTLSE12,iTLS-Enso,16761,12/01/2021, 03:13:37,404
SKGTLSE12,iTLS-Enso,16761,12/01/2021, 04:15:48,404
SKGTLSE12,iTLS-Enso,16761,12/01/2021, 05:12:05,404
SKGTLSE12,iTLS-Enso,16761,12/01/2021, 06:14:51,404
SKGTLSE12,iTLS-Enso,16761,12/01/2021, 07:12:22,404
SKGTLSE12,iTLS-Enso,16761,12/01/2021, 08:16:39,404
SKGTLSE12,iTLS-Enso,16761,12/01/2021, 09:18:00,404
SKGTLSE12,iTLS-Enso,16761,12/01/2021, 10:17:56,404
SKGTLSE12,iTLS-Enso,16761,12/01/2021, 11:14:46,404
SKGTLSE12,iTLS-Enso,16761,12/01/2021, 12:19:39,404
SKGTLSE12,iTLS-Enso,16761,12/01/2021, 13:20:13,404
SKGTLSE12,iTLS-Enso,16761,12/01/2021, 14:11:58,404
SKGTLSE12,iTLS-Enso,16763,12/01/2021, 15:13:30,404
SKGTLSE12,iTLS-Enso,16763,12/01/2021, 16:18:21,404
SKGTLSE12,iTLS-Enso,16763,12/01/2021, 17:24:59,404
SKGTLSE12,iTLS-Enso,16764,12/01/2021, 18:19:06,404
SKGTLSE12,iTLS-Enso,16764,12/01/2021, 19:12:41,404
SKGTLSE12,iTLS-Enso,16764,12/01/2021, 20:13:52,404
SKGTLSE12,iTLS-Enso,16764,12/01/2021, 21:10:57,404
SKGTLSE12,iTLS-Enso,16764,12/01/2021, 22:12:07,404
SKGTLSE12,iTLS-Enso,16764,12/01/2021, 23:12:10,404
SKGTLSE12,iTLS-Enso,16764,12/02/2021, 00:39:30,404
SKGTLSE12,iTLS-Enso,16764,12/02/2021, 01:55:54,404
SKGTLSE12,iTLS-Enso,16764,12/02/2021, 02:28:24,404
SKGTLSE12,iTLS-Enso,16764,12/02/2021, 03:12:39,404
SKGTLSE12,iTLS-Enso,16766,12/02/2021, 04:15:23,404
SKGTLSE12,iTLS-Enso,16766,12/02/2021, 05:11:24,404
SKGTLSE12,iTLS-Enso,16766,12/02/2021, 06:14:20,404
SKGTLSE12,iTLS-Enso,16766,12/02/2021, 07:12:39,404
SKGTLSE12,iTLS-Enso,16766,12/02/2021, 08:14:36,404
SKGTLSE12,iTLS-Enso,16766,12/02/2021, 09:14:59,404
SKGTLSE12,iTLS-Enso,16766,12/02/2021, 10:12:58,404
SKGTLSE12,iTLS-Enso,16766,12/02/2021, 11:14:56,404
SKGTLSE12,iTLS-Enso,16766,12/02/2021, 12:18:52,404
SKGTLSE12,iTLS-Enso,16767,12/02/2021, 13:18:57,404
SKGTLSE12,iTLS-Enso,16767,12/02/2021, 14:11:36,404
SKGTLSE12,iTLS-Enso,16767,12/02/2021, 15:11:15,404
SKGTLSE12,iTLS-Enso,16767,12/02/2021, 16:18:12,404
SKGTLSE12,iTLS-Enso,16768,12/02/2021, 17:19:14,404
SKGTLSE12,iTLS-Enso,16768,12/02/2021, 18:14:35,404
SKGTLSE12,iTLS-Enso,16769,12/02/2021, 19:10:12,404
SKGTLSE12,iTLS-Enso,16769,12/02/2021, 20:13:04,404
SKGTLSE12,iTLS-Enso,16769,12/02/2021, 21:10:53,404
SKGTLSE12,iTLS-Enso,16770,12/02/2021, 22:12:09,404
SKGTLSE12,iTLS-Enso,16770,12/02/2021, 23:12:22,404
SKGTLSE12,iTLS-Enso,16771,12/03/2021, 00:39:56,404
SKGTLSE12,iTLS-Enso,16771,12/03/2021, 01:55:25,404
SKGTLSE12,iTLS-Enso,16771,12/03/2021, 02:28:09,404
SKGTLSE12,iTLS-Enso,16771,12/03/2021, 03:12:32,404
SKGTLSE12,iTLS-Enso,16771,12/03/2021, 04:15:40,404
SKGTLSE12,iTLS-Enso,16771,12/03/2021, 05:11:25,404
SKGTLSE12,iTLS-Enso,16771,12/03/2021, 06:14:37,404
SKGTLSE12,iTLS-Enso,16771,12/03/2021, 07:12:22,404
SKGTLSE12,iTLS-Enso,16771,12/03/2021, 08:14:50,404
SKGTLSE12,iTLS-Enso,16771,12/03/2021, 09:12:34,404
SKGTLSE12,iTLS-Enso,16771,12/03/2021, 10:13:06,404
SKGTLSE12,iTLS-Enso,16771,12/03/2021, 11:10:26,404
SKGTLSE12,iTLS-Enso,16771,12/03/2021, 12:18:57,404
SKGTLSE12,iTLS-Enso,16772,12/03/2021, 13:19:21,404
SKGTLSE12,iTLS-Enso,16772,12/03/2021, 14:11:50,404
SKGTLSE12,iTLS-Enso,16772,12/03/2021, 15:13:05,404
SKGTLSE12,iTLS-Enso,16773,12/03/2021, 16:18:10,404
SKGTLSE12,iTLS-Enso,16773,12/03/2021, 17:19:19,404
SKGTLSE12,iTLS-Enso,16774,12/03/2021, 18:14:16,404
SKGTLSE12,iTLS-Enso,16775,12/03/2021, 19:10:15,404
SKGTLSE12,iTLS-Enso,16776,12/03/2021, 20:13:07,404
SKGTLSE12,iTLS-Enso,16777,12/03/2021, 21:10:29,404
SKGTLSE12,iTLS-Enso,16777,12/03/2021, 22:11:47,404
SKGTLSE12,iTLS-Enso,16777,12/03/2021, 23:12:05,404
SKGTLSE12,iTLS-Enso,16777,12/04/2021, 00:39:51,404
SKGTLSE12,iTLS-Enso,16778,12/04/2021, 01:54:56,404
SKGTLSE12,iTLS-Enso,16778,12/04/2021, 02:30:08,404
SKGTLSE12,iTLS-Enso,16778,12/04/2021, 03:12:16,404
SKGTLSE12,iTLS-Enso,16778,12/04/2021, 04:15:45,404
SKGTLSE12,iTLS-Enso,16778,12/04/2021, 05:11:45,404
SKGTLSE12,iTLS-Enso,16779,12/04/2021, 06:14:17,404
SKGTLSE12,iTLS-Enso,16779,12/04/2021, 07:12:05,404
SKGTLSE12,iTLS-Enso,16779,12/04/2021, 08:14:32,404
SKGTLSE12,iTLS-Enso,16779,12/04/2021, 09:12:12,404
SKGTLSE12,iTLS-Enso,16779,12/04/2021, 10:12:42,404
SKGTLSE12,iTLS-Enso,16779,12/04/2021, 11:10:00,404
SKGTLSE12,iTLS-Enso,16779,12/04/2021, 12:18:48,404
SKGTLSE12,iTLS-Enso,16779,12/04/2021, 13:19:57,404
SKGTLSE12,iTLS-Enso,16779,12/04/2021, 14:10:57,404
SKGTLSE12,iTLS-Enso,16779,12/04/2021, 15:12:25,404
SKGTLSE12,iTLS-Enso,16782,12/04/2021, 16:17:29,404
SKGTLSE12,iTLS-Enso,16783,12/04/2021, 17:18:59,404
SKGTLSE12,iTLS-Enso,16783,12/04/2021, 18:14:07,404
SKGTLSE12,iTLS-Enso,16783,12/04/2021, 19:09:52,404
SKGTLSE12,iTLS-Enso,16783,12/04/2021, 20:12:45,404
SKGTLSE12,iTLS-Enso,16784,12/04/2021, 21:10:40,404
SKGTLSE12,iTLS-Enso,16784,12/04/2021, 22:12:12,404
SKGTLSE12,iTLS-Enso,16784,12/04/2021, 23:12:16,404
SKGTLSE12,iTLS-Enso,16787,12/05/2021, 00:43:09,404
SKGTLSE12,iTLS-Enso,16788,12/05/2021, 02:02:33,404
SKGTLSE12,iTLS-Enso,16788,12/05/2021, 03:12:33,404
SKGTLSE12,iTLS-Enso,16788,12/05/2021, 04:15:47,404
SKGTLSE12,iTLS-Enso,16789,12/05/2021, 05:11:27,404
SKGTLSE12,iTLS-Enso,16789,12/05/2021, 06:14:04,404
SKGTLSE12,iTLS-Enso,16789,12/05/2021, 07:11:54,404
SKGTLSE12,iTLS-Enso,16790,12/05/2021, 08:14:05,404
SKGTLSE12,iTLS-Enso,16791,12/05/2021, 09:12:01,404
SKGTLSE12,iTLS-Enso,16791,12/05/2021, 10:12:50,404
SKGTLSE12,iTLS-Enso,16791,12/05/2021, 11:09:54,404
SKGTLSE12,iTLS-Enso,16792,12/05/2021, 12:18:12,404
SKGTLSE12,iTLS-Enso,16796,12/05/2021, 13:17:54,404
SKGTLSE12,iTLS-Enso,16796,12/05/2021, 14:10:59,404
SKGTLSE12,iTLS-Enso,16797,12/05/2021, 15:12:13,404
SKGTLSE12,iTLS-Enso,16797,12/05/2021, 16:17:17,404
SKGTLSE12,iTLS-Enso,16797,12/05/2021, 17:17:50,404
SKGTLSE12,iTLS-Enso,16798,12/05/2021, 18:13:45,404
SKGTLSE12,iTLS-Enso,16799,12/05/2021, 19:09:57,404
SKGTLSE12,iTLS-Enso,16801,12/05/2021, 20:12:30,404
SKGTLSE12,iTLS-Enso,16801,12/05/2021, 21:10:22,404
SKGTLSE12,iTLS-Enso,16801,12/05/2021, 22:11:26,404
SKGTLSE12,iTLS-Enso,16801,12/05/2021, 23:11:45,404
SKGTLSE12,iTLS-Enso,16802,12/06/2021, 00:41:58,404
SKGTLSE12,iTLS-Enso,16802,12/06/2021, 01:58:32,404
SKGTLSE12,iTLS-Enso,16803,12/06/2021, 02:33:57,404
SKGTLSE12,iTLS-Enso,16803,12/06/2021, 03:12:48,404
SKGTLSE12,iTLS-Enso,16803,12/06/2021, 04:15:57,404
SKGTLSE12,iTLS-Enso,16803,12/06/2021, 05:12:05,404
SKGTLSE12,iTLS-Enso,16803,12/06/2021, 06:14:48,404
SKGTLSE12,iTLS-Enso,16804,12/06/2021, 07:12:44,404
SKGTLSE12,iTLS-Enso,16804,12/06/2021, 08:15:02,404
SKGTLSE12,iTLS-Enso,16804,12/06/2021, 09:13:27,404
SKGTLSE12,iTLS-Enso,16806,12/06/2021, 10:13:34,404
SKGTLSE12,iTLS-Enso,16806,12/06/2021, 11:10:32,404
SKGTLSE12,iTLS-Enso,16806,12/06/2021, 12:19:33,404
SKGTLSE12,iTLS-Enso,16806,12/06/2021, 13:20:32,404
SKGTLSE12,iTLS-Enso,16806,12/06/2021, 14:11:40,404
SKGTLSE12,iTLS-Enso,16806,12/06/2021, 15:13:14,404
SKGTLSE12,iTLS-Enso,16806,12/06/2021, 16:15:41,404
SKGTLSE12,iTLS-Enso,16806,12/06/2021, 17:12:29,404
SKGTLSE12,iTLS-Enso,16806,12/06/2021, 18:17:07,404
SKGTLSE12,iTLS-Enso,16806,12/06/2021, 19:10:06,404
SKGTLSE12,iTLS-Enso,16806,12/06/2021, 20:13:43,404
SKGTLSE12,iTLS-Enso,16806,12/06/2021, 21:11:21,404
SKGTLSE12,iTLS-Enso,16806,12/06/2021, 22:12:39,404
SKGTLSE12,iTLS-Enso,16808,12/06/2021, 23:13:06,404
SKGTLSE12,iTLS-Enso,16809,12/07/2021, 00:42:13,404
SKGTLSE12,iTLS-Enso,16810,12/07/2021, 02:01:38,404
SKGTLSE12,iTLS-Enso,16810,12/07/2021, 03:13:12,404
SKGTLSE12,iTLS-Enso,16810,12/07/2021, 04:16:02,404
SKGTLSE12,iTLS-Enso,16811,12/07/2021, 05:12:46,404
SKGTLSE12,iTLS-Enso,16812,12/07/2021, 06:15:20,404
SKGTLSE12,iTLS-Enso,16812,12/07/2021, 07:12:42,404
SKGTLSE12,iTLS-Enso,16812,12/07/2021, 08:15:43,404
SKGTLSE12,iTLS-Enso,16814,12/07/2021, 09:13:19,404
SKGTLSE12,iTLS-Enso,16814,12/07/2021, 10:14:23,404
SKGTLSE12,iTLS-Enso,16814,12/07/2021, 11:11:14,404
SKGTLSE12,iTLS-Enso,16814,12/07/2021, 12:21:05,404
SKGTLSE12,iTLS-Enso,16814,12/07/2021, 13:23:34,404
SKGTLSE12,iTLS-Enso,16814,12/07/2021, 14:12:28,404
SKGTLSE12,iTLS-Enso,16814,12/07/2021, 15:13:27,404
SKGTLSE12,iTLS-Enso,16814,12/07/2021, 16:19:14,404
SKGTLSE12,iTLS-Enso,16815,12/07/2021, 17:21:52,404
SKGTLSE12,iTLS-Enso,16815,12/07/2021, 18:14:49,404
SKGTLSE12,iTLS-Enso,16816,12/07/2021, 19:10:30,404
SKGTLSE12,iTLS-Enso,16817,12/07/2021, 20:13:32,404
SKGTLSE12,iTLS-Enso,16817,12/07/2021, 21:11:13,404
SKGTLSE12,iTLS-Enso,16817,12/07/2021, 22:12:06,404
SKGTLSE12,iTLS-Enso,16817,12/07/2021, 23:12:29,404
SKGTLSE12,iTLS-Enso,16817,12/08/2021, 00:42:27,404
SKGTLSE12,iTLS-Enso,16817,12/08/2021, 01:59:36,404
SKGTLSE12,iTLS-Enso,16817,12/08/2021, 02:37:15,404
SKGTLSE12,iTLS-Enso,16817,12/08/2021, 03:12:33,404
SKGTLSE12,iTLS-Enso,16817,12/08/2021, 04:15:50,404
SKGTLSE12,iTLS-Enso,16817,12/08/2021, 05:12:00,404
SKGTLSE12,iTLS-Enso,16817,12/08/2021, 06:15:12,404
SKGTLSE12,iTLS-Enso,16817,12/08/2021, 07:12:22,404
SKGTLSE12,iTLS-Enso,16817,12/08/2021, 08:14:59,404
SKGTLSE12,iTLS-Enso,16817,12/08/2021, 09:12:50,404
SKGTLSE12,iTLS-Enso,16817,12/08/2021, 10:13:22,404
SKGTLSE12,iTLS-Enso,16817,12/08/2021, 11:10:38,404
SKGTLSE12,iTLS-Enso,16818,12/08/2021, 12:19:28,404
SKGTLSE12,iTLS-Enso,16818,12/08/2021, 13:20:51,404
SKGTLSE12,iTLS-Enso,16818,12/08/2021, 14:12:03,404
SKGTLSE12,iTLS-Enso,16818,12/08/2021, 15:13:00,404
SKGTLSE12,iTLS-Enso,16820,12/08/2021, 16:16:53,404
SKGTLSE12,iTLS-Enso,16821,12/08/2021, 17:20:04,404
SKGTLSE12,iTLS-Enso,16821,12/08/2021, 18:14:28,404
SKGTLSE12,iTLS-Enso,16821,12/08/2021, 19:10:35,404
SKGTLSE12,iTLS-Enso,16822,12/08/2021, 20:13:07,404
SKGTLSE12,iTLS-Enso,16822,12/08/2021, 21:10:57,404
SKGTLSE12,iTLS-Enso,16822,12/08/2021, 22:12:14,404
SKGTLSE12,iTLS-Enso,16822,12/08/2021, 23:12:33,404
SKGTLSE12,iTLS-Enso,16823,12/09/2021, 00:40:52,404
SKGTLSE12,iTLS-Enso,16824,12/09/2021, 01:58:11,404
SKGTLSE12,iTLS-Enso,16824,12/09/2021, 02:33:35,404
SKGTLSE12,iTLS-Enso,16824,12/09/2021, 03:12:46,404
SKGTLSE12,iTLS-Enso,16824,12/09/2021, 04:15:53,404
SKGTLSE12,iTLS-Enso,16824,12/09/2021, 05:12:30,404
SKGTLSE12,iTLS-Enso,16825,12/09/2021, 06:14:53,404
SKGTLSE12,iTLS-Enso,16825,12/09/2021, 07:12:25,404
SKGTLSE12,iTLS-Enso,16825,12/09/2021, 08:14:57,404
SKGTLSE12,iTLS-Enso,16825,12/09/2021, 09:15:17,404
SKGTLSE12,iTLS-Enso,16825,12/09/2021, 10:18:00,404
SKGTLSE12,iTLS-Enso,16825,12/09/2021, 11:10:28,404
SKGTLSE12,iTLS-Enso,16825,12/09/2021, 12:19:33,404
SKGTLSE12,iTLS-Enso,16825,12/09/2021, 13:20:26,404
SKGTLSE12,iTLS-Enso,16825,12/09/2021, 14:16:06,404
SKGTLSE12,iTLS-Enso,16825,12/09/2021, 15:15:11,404
SKGTLSE12,iTLS-Enso,16825,12/09/2021, 16:17:56,404
SKGTLSE12,iTLS-Enso,16825,12/09/2021, 17:22:44,404
SKGTLSE12,iTLS-Enso,16825,12/09/2021, 18:14:28,404
SKGTLSE12,iTLS-Enso,16825,12/09/2021, 19:10:22,404
SKGTLSE12,iTLS-Enso,16825,12/09/2021, 20:13:18,404
SKGTLSE12,iTLS-Enso,16825,12/09/2021, 21:11:09,404
SKGTLSE12,iTLS-Enso,16825,12/09/2021, 22:12:02,404
SKGTLSE12,iTLS-Enso,16825,12/09/2021, 23:12:23,404
SKGTLSE12,iTLS-Enso,16825,12/10/2021, 00:41:36,404
SKGTLSE12,iTLS-Enso,16825,12/10/2021, 01:54:22,404
SKGTLSE12,iTLS-Enso,16825,12/10/2021, 02:28:05,404
SKGTLSE12,iTLS-Enso,16825,12/10/2021, 03:12:45,404
SKGTLSE12,iTLS-Enso,16825,12/10/2021, 04:15:42,404
SKGTLSE12,iTLS-Enso,16825,12/10/2021, 05:11:43,404
SKGTLSE12,iTLS-Enso,16827,12/10/2021, 06:15:44,404
SKGTLSE12,iTLS-Enso,16827,12/10/2021, 07:12:25,404
SKGTLSE12,iTLS-Enso,16828,12/10/2021, 08:14:39,404
SKGTLSE12,iTLS-Enso,16828,12/10/2021, 09:12:49,404
SKGTLSE12,iTLS-Enso,16828,12/10/2021, 10:13:30,404
SKGTLSE12,iTLS-Enso,16829,12/10/2021, 11:10:41,404
SKGTLSE12,iTLS-Enso,16829,12/10/2021, 12:19:08,404
SKGTLSE12,iTLS-Enso,16829,12/10/2021, 13:19:37,404
SKGTLSE12,iTLS-Enso,16829,12/10/2021, 14:12:10,404
SKGTLSE12,iTLS-Enso,16829,12/10/2021, 15:13:02,404
SKGTLSE12,iTLS-Enso,16829,12/10/2021, 16:18:14,404
SKGTLSE12,iTLS-Enso,16830,12/10/2021, 17:19:26,404
SKGTLSE12,iTLS-Enso,16830,12/10/2021, 18:14:23,404
SKGTLSE12,iTLS-Enso,16830,12/10/2021, 19:10:06,404
SKGTLSE12,iTLS-Enso,16830,12/10/2021, 20:12:52,404
SKGTLSE12,iTLS-Enso,16830,12/10/2021, 21:10:45,404
SKGTLSE12,iTLS-Enso,16831,12/10/2021, 22:11:56,404
SKGTLSE12,iTLS-Enso,16831,12/10/2021, 23:12:14,404
SKGTLSE12,iTLS-Enso,16831,12/11/2021, 00:39:30,404
SKGTLSE12,iTLS-Enso,16831,12/11/2021, 01:55:50,404
SKGTLSE12,iTLS-Enso,16832,12/11/2021, 02:30:58,404
SKGTLSE12,iTLS-Enso,16832,12/11/2021, 03:12:10,404
SKGTLSE12,iTLS-Enso,16832,12/11/2021, 04:15:25,404
SKGTLSE12,iTLS-Enso,16833,12/11/2021, 05:11:04,404
SKGTLSE12,iTLS-Enso,16833,12/11/2021, 06:14:13,404
SKGTLSE12,iTLS-Enso,16833,12/11/2021, 07:12:10,404
SKGTLSE12,iTLS-Enso,16833,12/11/2021, 08:13:56,404
SKGTLSE12,iTLS-Enso,16834,12/11/2021, 09:12:11,404
SKGTLSE12,iTLS-Enso,16834,12/11/2021, 10:12:38,404
SKGTLSE12,iTLS-Enso,16835,12/11/2021, 11:10:12,404
SKGTLSE12,iTLS-Enso,16836,12/11/2021, 12:18:15,404
SKGTLSE12,iTLS-Enso,16836,12/11/2021, 13:17:46,404
SKGTLSE12,iTLS-Enso,16836,12/11/2021, 14:10:41,404
SKGTLSE12,iTLS-Enso,16838,12/11/2021, 15:12:09,404
SKGTLSE12,iTLS-Enso,16838,12/11/2021, 16:17:06,404
SKGTLSE12,iTLS-Enso,16838,12/11/2021, 17:17:31,404
SKGTLSE12,iTLS-Enso,16838,12/11/2021, 18:13:34,404
SKGTLSE12,iTLS-Enso,16838,12/11/2021, 19:09:49,404
SKGTLSE12,iTLS-Enso,16838,12/11/2021, 20:12:28,404
SKGTLSE12,iTLS-Enso,16838,12/11/2021, 21:10:33,404
SKGTLSE12,iTLS-Enso,16838,12/11/2021, 22:11:32,404
SKGTLSE12,iTLS-Enso,16838,12/11/2021, 23:11:49,404
SKGTLSE12,iTLS-Enso,16838,12/12/2021, 00:43:10,404
SKGTLSE12,iTLS-Enso,16838,12/12/2021, 02:00:01,404
SKGTLSE12,iTLS-Enso,16838,12/12/2021, 02:37:53,404
SKGTLSE12,iTLS-Enso,16838,12/12/2021, 03:12:08,404
SKGTLSE12,iTLS-Enso,16838,12/12/2021, 04:15:35,404
SKGTLSE12,iTLS-Enso,16838,12/12/2021, 05:10:49,404
SKGTLSE12,iTLS-Enso,16838,12/12/2021, 06:14:04,404
SKGTLSE12,iTLS-Enso,16839,12/12/2021, 07:12:00,404
SKGTLSE12,iTLS-Enso,16839,12/12/2021, 08:14:02,404
SKGTLSE12,iTLS-Enso,16839,12/12/2021, 09:11:52,404
SKGTLSE12,iTLS-Enso,16839,12/12/2021, 10:12:57,404
SKGTLSE12,iTLS-Enso,16839,12/12/2021, 11:09:46,404
SKGTLSE12,iTLS-Enso,16840,12/12/2021, 12:18:18,404
SKGTLSE12,iTLS-Enso,16840,12/12/2021, 13:18:22,404
SKGTLSE12,iTLS-Enso,16840,12/12/2021, 14:11:02,404
SKGTLSE12,iTLS-Enso,16841,12/12/2021, 15:12:01,404
SKGTLSE12,iTLS-Enso,16841,12/12/2021, 16:17:19,404
SKGTLSE12,iTLS-Enso,16842,12/12/2021, 17:17:32,404
SKGTLSE12,iTLS-Enso,16843,12/12/2021, 18:13:31,404
SKGTLSE12,iTLS-Enso,16844,12/12/2021, 19:09:43,404
SKGTLSE12,iTLS-Enso,16844,12/12/2021, 20:12:28,404
SKGTLSE12,iTLS-Enso,16844,12/12/2021, 21:10:42,404
SKGTLSE12,iTLS-Enso,16844,12/12/2021, 22:11:26,404
SKGTLSE12,iTLS-Enso,16844,12/12/2021, 23:12:04,404
SKGTLSE12,iTLS-Enso,16844,12/13/2021, 00:41:18,404
SKGTLSE12,iTLS-Enso,16844,12/13/2021, 01:57:51,404
SKGTLSE12,iTLS-Enso,16844,12/13/2021, 02:33:04,404
SKGTLSE12,iTLS-Enso,16844,12/13/2021, 03:12:38,404
SKGTLSE12,iTLS-Enso,16844,12/13/2021, 04:15:43,404
SKGTLSE12,iTLS-Enso,16844,12/13/2021, 05:11:31,404
SKGTLSE12,iTLS-Enso,16846,12/13/2021, 06:14:55,404
SKGTLSE12,iTLS-Enso,16846,12/13/2021, 07:12:44,404
SKGTLSE12,iTLS-Enso,16846,12/13/2021, 08:14:55,404
SKGTLSE12,iTLS-Enso,16846,12/13/2021, 09:17:11,404
SKGTLSE12,iTLS-Enso,16846,12/13/2021, 10:18:19,404
SKGTLSE12,iTLS-Enso,16848,12/13/2021, 11:10:43,404
SKGTLSE12,iTLS-Enso,16848,12/13/2021, 12:19:36,404
SKGTLSE12,iTLS-Enso,16848,12/13/2021, 13:20:11,404
SKGTLSE12,iTLS-Enso,16848,12/13/2021, 14:11:55,404
SKGTLSE12,iTLS-Enso,16848,12/13/2021, 15:14:26,404
SKGTLSE12,iTLS-Enso,16848,12/13/2021, 16:18:11,404
SKGTLSE12,iTLS-Enso,16848,12/13/2021, 17:19:42,404
SKGTLSE12,iTLS-Enso,16848,12/13/2021, 18:14:29,404
SKGTLSE12,iTLS-Enso,16848,12/13/2021, 19:10:16,404
SKGTLSE12,iTLS-Enso,16848,12/13/2021, 20:13:05,404
SKGTLSE12,iTLS-Enso,16848,12/13/2021, 21:11:03,404
SKGTLSE12,iTLS-Enso,16848,12/13/2021, 22:10:07,404
SKGTLSE12,iTLS-Enso,16851,12/13/2021, 23:12:33,404
SKGTLSE12,iTLS-Enso,16851,12/14/2021, 00:43:40,404
SKGTLSE12,iTLS-Enso,16851,12/14/2021, 02:00:55,404
SKGTLSE12,iTLS-Enso,16851,12/14/2021, 02:40:09,404
SKGTLSE12,iTLS-Enso,16852,12/14/2021, 03:12:22,404
SKGTLSE12,iTLS-Enso,16852,12/14/2021, 04:15:40,404
SKGTLSE12,iTLS-Enso,16852,12/14/2021, 05:11:30,404
SKGTLSE12,iTLS-Enso,16852,12/14/2021, 06:15:07,404
SKGTLSE12,iTLS-Enso,16852,12/14/2021, 07:12:29,404
SKGTLSE12,iTLS-Enso,16852,12/14/2021, 08:15:14,404
SKGTLSE12,iTLS-Enso,16852,12/14/2021, 09:13:16,404
SKGTLSE12,iTLS-Enso,16852,12/14/2021, 10:13:41,404
SKGTLSE12,iTLS-Enso,16852,12/14/2021, 11:15:07,404
SKGTLSE12,iTLS-Enso,16852,12/14/2021, 12:19:16,404
SKGTLSE12,iTLS-Enso,16852,12/14/2021, 13:19:25,404
SKGTLSE12,iTLS-Enso,16852,12/14/2021, 14:11:41,404
SKGTLSE12,iTLS-Enso,16853,12/14/2021, 15:13:04,404
SKGTLSE12,iTLS-Enso,16853,12/14/2021, 16:18:38,404
SKGTLSE12,iTLS-Enso,16853,12/14/2021, 17:19:24,404
SKGTLSE12,iTLS-Enso,16853,12/14/2021, 18:14:21,404
SKGTLSE12,iTLS-Enso,16853,12/14/2021, 19:10:21,404
SKGTLSE12,iTLS-Enso,16853,12/14/2021, 20:13:06,404
SKGTLSE12,iTLS-Enso,16854,12/14/2021, 21:09:28,404
SKGTLSE12,iTLS-Enso,16854,12/14/2021, 22:12:25,404
SKGTLSE12,iTLS-Enso,16854,12/14/2021, 23:12:30,404
SKGTLSE12,iTLS-Enso,16854,12/15/2021, 00:40:41,404
SKGTLSE12,iTLS-Enso,16854,12/15/2021, 01:57:46,404
SKGTLSE12,iTLS-Enso,16854,12/15/2021, 02:32:37,404
SKGTLSE12,iTLS-Enso,16854,12/15/2021, 03:12:40,404
SKGTLSE12,iTLS-Enso,16854,12/15/2021, 04:15:45,404
SKGTLSE12,iTLS-Enso,16854,12/15/2021, 05:11:46,404
SKGTLSE12,iTLS-Enso,16854,12/15/2021, 06:13:53,404
SKGTLSE12,iTLS-Enso,16854,12/15/2021, 07:12:33,404
SKGTLSE12,iTLS-Enso,16854,12/15/2021, 08:14:41,404
SKGTLSE12,iTLS-Enso,16854,12/15/2021, 09:12:34,404
SKGTLSE12,iTLS-Enso,16854,12/15/2021, 10:13:29,404
SKGTLSE12,iTLS-Enso,16854,12/15/2021, 11:10:35,404
SKGTLSE12,iTLS-Enso,16854,12/15/2021, 12:19:22,404
SKGTLSE12,iTLS-Enso,16854,12/15/2021, 13:19:47,404
SKGTLSE12,iTLS-Enso,16854,12/15/2021, 14:11:41,404
SKGTLSE12,iTLS-Enso,16855,12/15/2021, 15:13:03,404
SKGTLSE12,iTLS-Enso,16856,12/15/2021, 16:18:06,404
SKGTLSE12,iTLS-Enso,16856,12/15/2021, 17:19:37,404
SKGTLSE12,iTLS-Enso,16856,12/15/2021, 18:14:27,404
SKGTLSE12,iTLS-Enso,16856,12/15/2021, 19:10:35,404
SKGTLSE12,iTLS-Enso,16856,12/15/2021, 20:13:06,404
SKGTLSE12,iTLS-Enso,16857,12/15/2021, 21:11:01,404
SKGTLSE12,iTLS-Enso,16857,12/15/2021, 22:12:06,404
SKGTLSE12,iTLS-Enso,16857,12/15/2021, 23:12:29,404
SKGTLSE12,iTLS-Enso,16859,12/16/2021, 00:40:45,404
SKGTLSE12,iTLS-Enso,16859,12/16/2021, 01:57:13,404
SKGTLSE12,iTLS-Enso,16859,12/16/2021, 02:31:42,404
SKGTLSE12,iTLS-Enso,16859,12/16/2021, 03:12:38,404
SKGTLSE12,iTLS-Enso,16859,12/16/2021, 04:15:33,404
SKGTLSE12,iTLS-Enso,16859,12/16/2021, 05:11:35,404
SKGTLSE12,iTLS-Enso,16859,12/16/2021, 06:14:45,404
SKGTLSE12,iTLS-Enso,16859,12/16/2021, 07:12:31,404
SKGTLSE12,iTLS-Enso,16859,12/16/2021, 08:19:04,404
SKGTLSE12,iTLS-Enso,16859,12/16/2021, 09:13:03,404
SKGTLSE12,iTLS-Enso,16859,12/16/2021, 10:13:17,404
SKGTLSE12,iTLS-Enso,16860,12/16/2021, 11:10:39,404
SKGTLSE12,iTLS-Enso,16861,12/16/2021, 12:19:38,404
SKGTLSE12,iTLS-Enso,16861,12/16/2021, 13:19:48,404
SKGTLSE12,iTLS-Enso,16862,12/16/2021, 14:11:31,404
SKGTLSE12,iTLS-Enso,16863,12/16/2021, 15:13:05,404
SKGTLSE12,iTLS-Enso,16863,12/16/2021, 16:18:50,404
SKGTLSE12,iTLS-Enso,16863,12/16/2021, 17:19:24,404
SKGTLSE12,iTLS-Enso,16863,12/16/2021, 18:14:34,404
SKGTLSE12,iTLS-Enso,16863,12/16/2021, 19:10:16,404
SKGTLSE12,iTLS-Enso,16864,12/16/2021, 20:13:09,404
SKGTLSE12,iTLS-Enso,16865,12/16/2021, 21:11:06,404
SKGTLSE12,iTLS-Enso,16865,12/16/2021, 22:12:00,404
SKGTLSE12,iTLS-Enso,16865,12/16/2021, 23:12:35,404
SKGTLSE12,iTLS-Enso,16865,12/17/2021, 00:43:38,404
SKGTLSE12,iTLS-Enso,16866,12/17/2021, 02:01:44,404
SKGTLSE12,iTLS-Enso,16867,12/17/2021, 03:12:10,404
SKGTLSE12,iTLS-Enso,16867,12/17/2021, 04:15:51,404
SKGTLSE12,iTLS-Enso,16868,12/17/2021, 05:11:32,404
SKGTLSE12,iTLS-Enso,16868,12/17/2021, 06:15:05,404
SKGTLSE12,iTLS-Enso,16868,12/17/2021, 07:12:39,404
SKGTLSE12,iTLS-Enso,16868,12/17/2021, 08:14:55,404
SKGTLSE12,iTLS-Enso,16868,12/17/2021, 09:12:57,404
SKGTLSE12,iTLS-Enso,16868,12/17/2021, 10:13:15,404
SKGTLSE12,iTLS-Enso,16869,12/17/2021, 11:09:09,404
SKGTLSE12,iTLS-Enso,16869,12/17/2021, 12:19:13,404
SKGTLSE12,iTLS-Enso,16869,12/17/2021, 13:17:49,404
SKGTLSE12,iTLS-Enso,16869,12/17/2021, 14:11:37,404
SKGTLSE12,iTLS-Enso,16869,12/17/2021, 15:13:05,404
SKGTLSE12,iTLS-Enso,16869,12/17/2021, 16:18:14,404
SKGTLSE12,iTLS-Enso,16869,12/17/2021, 17:18:22,404
SKGTLSE12,iTLS-Enso,16869,12/17/2021, 18:14:18,404
SKGTLSE12,iTLS-Enso,16869,12/17/2021, 19:10:46,404
SKGTLSE12,iTLS-Enso,16869,12/17/2021, 20:11:13,404
SKGTLSE12,iTLS-Enso,16869,12/17/2021, 21:11:03,404
SKGTLSE12,iTLS-Enso,16869,12/17/2021, 22:12:06,404
SKGTLSE12,iTLS-Enso,16869,12/17/2021, 23:12:52,404
SKGTLSE12,iTLS-Enso,16870,12/18/2021, 00:43:44,404
SKGTLSE12,iTLS-Enso,16872,12/18/2021, 02:02:25,404
SKGTLSE12,iTLS-Enso,16872,12/18/2021, 03:14:12,404
SKGTLSE12,iTLS-Enso,16872,12/18/2021, 04:15:43,404
SKGTLSE12,iTLS-Enso,16872,12/18/2021, 05:11:32,404
SKGTLSE12,iTLS-Enso,16872,12/18/2021, 06:14:53,404
SKGTLSE12,iTLS-Enso,16873,12/18/2021, 07:11:59,404
SKGTLSE12,iTLS-Enso,16873,12/18/2021, 08:14:26,404
SKGTLSE12,iTLS-Enso,16874,12/18/2021, 09:12:03,404
SKGTLSE12,iTLS-Enso,16874,12/18/2021, 10:13:01,404
SKGTLSE12,iTLS-Enso,16874,12/18/2021, 11:09:52,404
SKGTLSE12,iTLS-Enso,16874,12/18/2021, 12:18:37,404
SKGTLSE12,iTLS-Enso,16874,12/18/2021, 13:19:01,404
SKGTLSE12,iTLS-Enso,16875,12/18/2021, 14:10:48,404
SKGTLSE12,iTLS-Enso,16875,12/18/2021, 15:12:18,404
SKGTLSE12,iTLS-Enso,16875,12/18/2021, 16:17:30,404
SKGTLSE12,iTLS-Enso,16875,12/18/2021, 17:19:02,404
SKGTLSE12,iTLS-Enso,16875,12/18/2021, 18:14:13,404
SKGTLSE12,iTLS-Enso,16877,12/18/2021, 19:09:48,404
SKGTLSE12,iTLS-Enso,16877,12/18/2021, 20:12:50,404
SKGTLSE12,iTLS-Enso,16877,12/18/2021, 21:12:00,404
SKGTLSE12,iTLS-Enso,16878,12/18/2021, 22:11:36,404
SKGTLSE12,iTLS-Enso,16878,12/18/2021, 23:12:07,404
SKGTLSE12,iTLS-Enso,16878,12/19/2021, 00:44:44,404
SKGTLSE12,iTLS-Enso,16878,12/19/2021, 02:04:40,404
SKGTLSE12,iTLS-Enso,16878,12/19/2021, 03:12:59,404
SKGTLSE12,iTLS-Enso,16879,12/19/2021, 04:15:45,404
SKGTLSE12,iTLS-Enso,16879,12/19/2021, 05:12:06,404
SKGTLSE12,iTLS-Enso,16879,12/19/2021, 06:14:32,404
SKGTLSE12,iTLS-Enso,16879,12/19/2021, 07:12:16,404
SKGTLSE12,iTLS-Enso,16879,12/19/2021, 08:14:29,404
SKGTLSE12,iTLS-Enso,16879,12/19/2021, 09:12:18,404
SKGTLSE12,iTLS-Enso,16879,12/19/2021, 10:12:47,404
SKGTLSE12,iTLS-Enso,16879,12/19/2021, 11:10:15,404
SKGTLSE12,iTLS-Enso,16879,12/19/2021, 12:19:07,404
SKGTLSE12,iTLS-Enso,16879,12/19/2021, 13:19:12,404
SKGTLSE12,iTLS-Enso,16879,12/19/2021, 14:11:15,404
SKGTLSE12,iTLS-Enso,16879,12/19/2021, 15:12:24,404
SKGTLSE12,iTLS-Enso,16879,12/19/2021, 16:17:51,404
SKGTLSE12,iTLS-Enso,16880,12/19/2021, 17:19:13,404
SKGTLSE12,iTLS-Enso,16881,12/19/2021, 18:13:54,404
SKGTLSE12,iTLS-Enso,16883,12/19/2021, 19:10:03,404
SKGTLSE12,iTLS-Enso,16883,12/19/2021, 20:13:02,404
SKGTLSE12,iTLS-Enso,16883,12/19/2021, 21:10:34,404
SKGTLSE12,iTLS-Enso,16884,12/19/2021, 22:12:42,404
SKGTLSE12,iTLS-Enso,16885,12/19/2021, 23:12:05,404
SKGTLSE12,iTLS-Enso,16885,12/20/2021, 00:42:45,404
SKGTLSE12,iTLS-Enso,16887,12/20/2021, 02:01:26,404
SKGTLSE12,iTLS-Enso,16887,12/20/2021, 03:13:15,404
SKGTLSE12,iTLS-Enso,16887,12/20/2021, 04:16:26,404
SKGTLSE12,iTLS-Enso,16887,12/20/2021, 05:13:27,404
SKGTLSE12,iTLS-Enso,16887,12/20/2021, 06:15:57,404
SKGTLSE12,iTLS-Enso,16888,12/20/2021, 07:12:50,404
SKGTLSE12,iTLS-Enso,16888,12/20/2021, 08:15:41,404
SKGTLSE12,iTLS-Enso,16890,12/20/2021, 09:13:24,404
SKGTLSE12,iTLS-Enso,16890,12/20/2021, 10:13:54,404
SKGTLSE12,iTLS-Enso,16891,12/20/2021, 11:10:44,404
SKGTLSE12,iTLS-Enso,16891,12/20/2021, 12:20:33,404
SKGTLSE12,iTLS-Enso,16891,12/20/2021, 13:21:54,404
SKGTLSE12,iTLS-Enso,16891,12/20/2021, 14:11:58,404
SKGTLSE12,iTLS-Enso,16892,12/20/2021, 15:12:52,404
SKGTLSE12,iTLS-Enso,16893,12/20/2021, 16:19:45,404
SKGTLSE12,iTLS-Enso,16893,12/20/2021, 17:21:53,404
SKGTLSE12,iTLS-Enso,16893,12/20/2021, 18:14:28,404
SKGTLSE12,iTLS-Enso,16894,12/20/2021, 19:10:43,404
SKGTLSE12,iTLS-Enso,16895,12/20/2021, 20:13:22,404
SKGTLSE12,iTLS-Enso,16896,12/20/2021, 21:10:59,404
SKGTLSE12,iTLS-Enso,16897,12/21/2021, 00:44:38,404
SKGTLSE12,iTLS-Enso,16897,12/21/2021, 02:03:11,404
SKGTLSE12,iTLS-Enso,16898,12/21/2021, 03:13:39,404
SKGTLSE12,iTLS-Enso,16898,12/21/2021, 04:16:16,404
SKGTLSE12,iTLS-Enso,16898,12/21/2021, 05:12:56,404
SKGTLSE12,iTLS-Enso,16899,12/21/2021, 06:15:14,404
SKGTLSE12,iTLS-Enso,16899,12/21/2021, 07:12:44,404
SKGTLSE12,iTLS-Enso,16899,12/21/2021, 08:15:35,404
SKGTLSE12,iTLS-Enso,16899,12/21/2021, 09:12:57,404
SKGTLSE12,iTLS-Enso,16899,12/21/2021, 10:13:57,404
SKGTLSE12,iTLS-Enso,16899,12/21/2021, 11:10:43,404
SKGTLSE12,iTLS-Enso,16899,12/21/2021, 12:20:16,404
SKGTLSE12,iTLS-Enso,16901,12/21/2021, 13:21:21,404
SKGTLSE12,iTLS-Enso,16901,12/21/2021, 14:11:55,404
SKGTLSE12,iTLS-Enso,16903,12/21/2021, 15:13:09,404
SKGTLSE12,iTLS-Enso,16903,12/21/2021, 16:18:45,404
SKGTLSE12,iTLS-Enso,16903,12/21/2021, 17:21:29,404
SKGTLSE12,iTLS-Enso,16905,12/21/2021, 18:14:42,404
SKGTLSE12,iTLS-Enso,16906,12/21/2021, 19:10:23,404
SKGTLSE12,iTLS-Enso,16906,12/21/2021, 20:13:31,404
SKGTLSE12,iTLS-Enso,16906,12/21/2021, 21:11:01,404
SKGTLSE12,iTLS-Enso,16907,12/21/2021, 22:12:27,404
SKGTLSE12,iTLS-Enso,16907,12/21/2021, 23:12:25,404
SKGTLSE12,iTLS-Enso,16907,12/22/2021, 00:43:20,404
SKGTLSE12,iTLS-Enso,16907,12/22/2021, 02:02:17,404
SKGTLSE12,iTLS-Enso,16908,12/22/2021, 03:13:39,404
SKGTLSE12,iTLS-Enso,16908,12/22/2021, 04:16:20,404
SKGTLSE12,iTLS-Enso,16909,12/22/2021, 05:13:01,404
SKGTLSE12,iTLS-Enso,16909,12/22/2021, 06:15:41,404
SKGTLSE12,iTLS-Enso,16909,12/22/2021, 07:12:37,404
SKGTLSE12,iTLS-Enso,16909,12/22/2021, 08:15:27,404
SKGTLSE12,iTLS-Enso,16909,12/22/2021, 09:12:53,404
SKGTLSE12,iTLS-Enso,16909,12/22/2021, 10:13:43,404
SKGTLSE12,iTLS-Enso,16909,12/22/2021, 11:10:58,404
SKGTLSE12,iTLS-Enso,16909,12/22/2021, 12:20:04,404
SKGTLSE12,iTLS-Enso,16910,12/22/2021, 13:21:15,404
SKGTLSE12,iTLS-Enso,16910,12/22/2021, 14:12:03,404
SKGTLSE12,iTLS-Enso,16910,12/22/2021, 15:13:12,404
SKGTLSE12,iTLS-Enso,16912,12/22/2021, 16:23:24,404
SKGTLSE12,iTLS-Enso,16912,12/22/2021, 17:21:09,404
SKGTLSE12,iTLS-Enso,16912,12/22/2021, 18:14:45,404
SKGTLSE12,iTLS-Enso,16912,12/22/2021, 19:10:27,404
SKGTLSE12,iTLS-Enso,16912,12/22/2021, 20:13:38,404
SKGTLSE12,iTLS-Enso,16912,12/22/2021, 21:11:21,404
SKGTLSE12,iTLS-Enso,16912,12/22/2021, 22:12:26,404
SKGTLSE12,iTLS-Enso,16913,12/22/2021, 23:12:29,404
SKGTLSE12,iTLS-Enso,16913,12/23/2021, 00:42:17,404
SKGTLSE12,iTLS-Enso,16915,12/23/2021, 02:00:38,404
SKGTLSE12,iTLS-Enso,16915,12/23/2021, 02:41:11,404
SKGTLSE12,iTLS-Enso,16916,12/23/2021, 03:13:01,404
SKGTLSE12,iTLS-Enso,16916,12/23/2021, 04:16:20,404
SKGTLSE12,iTLS-Enso,16916,12/23/2021, 05:13:13,404
SKGTLSE12,iTLS-Enso,16917,12/23/2021, 06:15:21,404
SKGTLSE12,iTLS-Enso,16919,12/23/2021, 07:12:30,404
SKGTLSE12,iTLS-Enso,16919,12/23/2021, 08:15:36,404
SKGTLSE12,iTLS-Enso,16919,12/23/2021, 09:12:53,404
SKGTLSE12,iTLS-Enso,16919,12/23/2021, 10:13:38,404
SKGTLSE12,iTLS-Enso,16919,12/23/2021, 11:10:38,404
SKGTLSE12,iTLS-Enso,16919,12/23/2021, 12:20:03,404
SKGTLSE12,iTLS-Enso,16919,12/23/2021, 13:21:08,404
SKGTLSE12,iTLS-Enso,16919,12/23/2021, 14:11:27,404
SKGTLSE12,iTLS-Enso,16921,12/23/2021, 15:12:44,404
SKGTLSE12,iTLS-Enso,16921,12/23/2021, 16:18:45,404
SKGTLSE12,iTLS-Enso,16922,12/23/2021, 17:20:51,404
SKGTLSE12,iTLS-Enso,16922,12/23/2021, 18:14:37,404
SKGTLSE12,iTLS-Enso,16923,12/23/2021, 19:10:13,404
SKGTLSE12,iTLS-Enso,16923,12/23/2021, 20:13:18,404
SKGTLSE12,iTLS-Enso,16923,12/23/2021, 21:10:57,404
SKGTLSE12,iTLS-Enso,16923,12/23/2021, 22:12:13,404
SKGTLSE12,iTLS-Enso,16923,12/23/2021, 23:12:38,404
SKGTLSE12,iTLS-Enso,16924,12/24/2021, 00:41:37,404
SKGTLSE12,iTLS-Enso,16924,12/24/2021, 01:59:20,404
SKGTLSE12,iTLS-Enso,16924,12/24/2021, 02:37:52,404
SKGTLSE12,iTLS-Enso,16924,12/24/2021, 03:12:21,404
SKGTLSE12,iTLS-Enso,16924,12/24/2021, 04:15:59,404
SKGTLSE12,iTLS-Enso,16924,12/24/2021, 05:12:45,404
SKGTLSE12,iTLS-Enso,16924,12/24/2021, 06:15:19,404
SKGTLSE12,iTLS-Enso,16924,12/24/2021, 07:12:31,404
SKGTLSE12,iTLS-Enso,16925,12/24/2021, 08:15:29,404
SKGTLSE12,iTLS-Enso,16925,12/24/2021, 09:13:02,404
SKGTLSE12,iTLS-Enso,16925,12/24/2021, 10:13:47,404
SKGTLSE12,iTLS-Enso,16925,12/24/2021, 11:10:34,404
SKGTLSE12,iTLS-Enso,16927,12/24/2021, 12:19:41,404
SKGTLSE12,iTLS-Enso,16927,12/24/2021, 13:20:46,404
SKGTLSE12,iTLS-Enso,16927,12/24/2021, 14:11:46,404
SKGTLSE12,iTLS-Enso,16927,12/24/2021, 15:12:41,404
SKGTLSE12,iTLS-Enso,16927,12/24/2021, 16:18:21,404
SKGTLSE12,iTLS-Enso,16927,12/24/2021, 17:20:23,404
SKGTLSE12,iTLS-Enso,16927,12/24/2021, 18:14:21,404
SKGTLSE12,iTLS-Enso,16927,12/24/2021, 19:10:15,404
SKGTLSE12,iTLS-Enso,16927,12/24/2021, 20:13:02,404
SKGTLSE12,iTLS-Enso,16927,12/24/2021, 21:10:52,404
SKGTLSE12,iTLS-Enso,16928,12/24/2021, 22:12:18,404
SKGTLSE12,iTLS-Enso,16928,12/24/2021, 23:12:34,404
SKGTLSE12,iTLS-Enso,16928,12/25/2021, 00:40:52,404
SKGTLSE12,iTLS-Enso,16928,12/25/2021, 01:58:19,404
SKGTLSE12,iTLS-Enso,16928,12/25/2021, 02:37:46,404
SKGTLSE12,iTLS-Enso,16928,12/25/2021, 03:13:25,404
SKGTLSE12,iTLS-Enso,16928,12/25/2021, 04:15:58,404
SKGTLSE12,iTLS-Enso,16929,12/25/2021, 05:12:17,404
SKGTLSE12,iTLS-Enso,16930,12/25/2021, 06:14:37,404
SKGTLSE12,iTLS-Enso,16930,12/25/2021, 07:12:27,404
SKGTLSE12,iTLS-Enso,16930,12/25/2021, 08:14:34,404
SKGTLSE12,iTLS-Enso,16931,12/25/2021, 09:12:12,404
SKGTLSE12,iTLS-Enso,16932,12/25/2021, 10:12:50,404
SKGTLSE12,iTLS-Enso,16932,12/25/2021, 11:10:00,404
SKGTLSE12,iTLS-Enso,16932,12/25/2021, 12:18:36,404
SKGTLSE12,iTLS-Enso,16932,12/25/2021, 13:19:01,404
SKGTLSE12,iTLS-Enso,16932,12/25/2021, 14:11:17,404
SKGTLSE12,iTLS-Enso,16932,12/25/2021, 15:12:24,404
SKGTLSE12,iTLS-Enso,16934,12/25/2021, 16:17:38,404
SKGTLSE12,iTLS-Enso,16934,12/25/2021, 17:19:19,404
SKGTLSE12,iTLS-Enso,16934,12/25/2021, 18:14:21,404
SKGTLSE12,iTLS-Enso,16936,12/25/2021, 19:09:51,404
SKGTLSE12,iTLS-Enso,16937,12/25/2021, 20:12:46,404
SKGTLSE12,iTLS-Enso,16937,12/25/2021, 21:10:50,404
SKGTLSE12,iTLS-Enso,16939,12/25/2021, 22:11:43,404
SKGTLSE12,iTLS-Enso,16940,12/25/2021, 23:12:11,404
SKGTLSE12,iTLS-Enso,16943,12/26/2021, 00:44:50,404
SKGTLSE12,iTLS-Enso,16943,12/26/2021, 02:04:03,404
SKGTLSE12,iTLS-Enso,16943,12/26/2021, 03:13:52,404
SKGTLSE12,iTLS-Enso,16943,12/26/2021, 04:16:11,404
SKGTLSE12,iTLS-Enso,16943,12/26/2021, 05:12:32,404
SKGTLSE12,iTLS-Enso,16944,12/26/2021, 06:14:30,404
SKGTLSE12,iTLS-Enso,16944,12/26/2021, 07:14:16,404
SKGTLSE12,iTLS-Enso,16944,12/26/2021, 08:14:41,404
SKGTLSE12,iTLS-Enso,16945,12/26/2021, 09:12:14,404
SKGTLSE12,iTLS-Enso,16945,12/26/2021, 10:13:07,404
SKGTLSE12,iTLS-Enso,16945,12/26/2021, 11:10:16,404
SKGTLSE12,iTLS-Enso,16945,12/26/2021, 12:18:51,404
SKGTLSE12,iTLS-Enso,16945,12/26/2021, 13:18:57,404
SKGTLSE12,iTLS-Enso,16945,12/26/2021, 14:11:07,404
SKGTLSE12,iTLS-Enso,16945,12/26/2021, 15:12:18,404
SKGTLSE12,iTLS-Enso,16945,12/26/2021, 16:17:35,404
SKGTLSE12,iTLS-Enso,16946,12/26/2021, 17:20:14,404
SKGTLSE12,iTLS-Enso,16946,12/26/2021, 18:14:12,404
SKGTLSE12,iTLS-Enso,16946,12/26/2021, 19:10:05,404
SKGTLSE12,iTLS-Enso,16947,12/26/2021, 20:12:58,404
SKGTLSE12,iTLS-Enso,16947,12/26/2021, 21:10:38,404
SKGTLSE12,iTLS-Enso,16947,12/26/2021, 22:11:35,404
SKGTLSE12,iTLS-Enso,16947,12/26/2021, 23:12:11,404
SKGTLSE12,iTLS-Enso,16947,12/27/2021, 00:42:27,404
SKGTLSE12,iTLS-Enso,16947,12/27/2021, 02:00:57,404
SKGTLSE12,iTLS-Enso,16948,12/27/2021, 02:41:26,404
SKGTLSE12,iTLS-Enso,16948,12/27/2021, 03:12:56,404
SKGTLSE12,iTLS-Enso,16948,12/27/2021, 04:16:42,404
SKGTLSE12,iTLS-Enso,16948,12/27/2021, 05:13:15,404
SKGTLSE12,iTLS-Enso,16948,12/27/2021, 06:15:46,404
SKGTLSE12,iTLS-Enso,16948,12/27/2021, 07:12:35,404
SKGTLSE12,iTLS-Enso,16948,12/27/2021, 08:19:57,404
SKGTLSE12,iTLS-Enso,16948,12/27/2021, 09:18:21,404
SKGTLSE12,iTLS-Enso,16948,12/27/2021, 10:18:09,404
SKGTLSE12,iTLS-Enso,16948,12/27/2021, 11:15:09,404
SKGTLSE12,iTLS-Enso,16948,12/27/2021, 12:25:33,404
SKGTLSE12,iTLS-Enso,16948,12/27/2021, 13:31:23,404
SKGTLSE12,iTLS-Enso,16948,12/27/2021, 14:16:29,404
SKGTLSE12,iTLS-Enso,16948,12/27/2021, 15:22:25,404
SKGTLSE12,iTLS-Enso,16949,12/27/2021, 16:18:41,404
SKGTLSE12,iTLS-Enso,16949,12/27/2021, 17:20:34,404
SKGTLSE12,iTLS-Enso,16950,12/27/2021, 18:14:33,404
SKGTLSE12,iTLS-Enso,16950,12/27/2021, 19:10:30,404
SKGTLSE12,iTLS-Enso,16952,12/27/2021, 20:13:26,404
SKGTLSE12,iTLS-Enso,16952,12/27/2021, 21:11:09,404
SKGTLSE12,iTLS-Enso,16952,12/27/2021, 22:12:25,404
SKGTLSE12,iTLS-Enso,16952,12/27/2021, 23:12:25,404
SKGTLSE12,iTLS-Enso,16952,12/28/2021, 00:42:10,404
SKGTLSE12,iTLS-Enso,16952,12/28/2021, 02:00:10,404
SKGTLSE12,iTLS-Enso,16952,12/28/2021, 02:39:57,404
SKGTLSE12,iTLS-Enso,16952,12/28/2021, 03:12:50,404
SKGTLSE12,iTLS-Enso,16952,12/28/2021, 04:16:11,404
SKGTLSE12,iTLS-Enso,16952,12/28/2021, 05:12:44,404
SKGTLSE12,iTLS-Enso,16952,12/28/2021, 06:15:27,404
SKGTLSE12,iTLS-Enso,16952,12/28/2021, 07:12:38,404
SKGTLSE12,iTLS-Enso,16952,12/28/2021, 08:15:42,404
SKGTLSE12,iTLS-Enso,16952,12/28/2021, 09:12:54,404
SKGTLSE12,iTLS-Enso,16952,12/28/2021, 10:13:31,404
SKGTLSE12,iTLS-Enso,16952,12/28/2021, 11:10:25,404
SKGTLSE12,iTLS-Enso,16953,12/28/2021, 12:19:50,404
SKGTLSE12,iTLS-Enso,16953,12/28/2021, 13:20:42,404
SKGTLSE12,iTLS-Enso,16954,12/28/2021, 14:11:29,404
SKGTLSE12,iTLS-Enso,16954,12/28/2021, 15:13:11,404
SKGTLSE12,iTLS-Enso,16955,12/28/2021, 16:18:37,404
SKGTLSE12,iTLS-Enso,16957,12/28/2021, 17:20:52,404
SKGTLSE12,iTLS-Enso,16958,12/28/2021, 18:14:24,404
SKGTLSE12,iTLS-Enso,16959,12/28/2021, 19:10:25,404
SKGTLSE12,iTLS-Enso,16959,12/28/2021, 20:13:23,404
SKGTLSE12,iTLS-Enso,16959,12/28/2021, 21:10:56,404
SKGTLSE12,iTLS-Enso,16960,12/28/2021, 22:12:24,404
SKGTLSE12,iTLS-Enso,16960,12/28/2021, 23:12:22,404
SKGTLSE12,iTLS-Enso,16960,12/29/2021, 00:41:45,404
SKGTLSE12,iTLS-Enso,16962,12/29/2021, 01:59:43,404
SKGTLSE12,iTLS-Enso,16962,12/29/2021, 02:38:42,404
SKGTLSE12,iTLS-Enso,16962,12/29/2021, 03:12:23,404
SKGTLSE12,iTLS-Enso,16963,12/29/2021, 04:16:08,404
SKGTLSE12,iTLS-Enso,16964,12/29/2021, 05:12:56,404
SKGTLSE12,iTLS-Enso,16964,12/29/2021, 06:15:32,404
SKGTLSE12,iTLS-Enso,16964,12/29/2021, 07:12:20,404
SKGTLSE12,iTLS-Enso,16964,12/29/2021, 08:15:20,404
SKGTLSE12,iTLS-Enso,16966,12/29/2021, 09:13:03,404
SKGTLSE12,iTLS-Enso,16966,12/29/2021, 10:13:45,404
SKGTLSE12,iTLS-Enso,16966,12/29/2021, 11:10:38,404
SKGTLSE12,iTLS-Enso,16966,12/29/2021, 12:20:19,404
SKGTLSE12,iTLS-Enso,16966,12/29/2021, 13:20:54,404
SKGTLSE12,iTLS-Enso,16966,12/29/2021, 14:11:45,404
SKGTLSE12,iTLS-Enso,16966,12/29/2021, 15:12:50,404
SKGTLSE12,iTLS-Enso,16966,12/29/2021, 16:18:38,404
SKGTLSE12,iTLS-Enso,16966,12/29/2021, 17:20:45,404
SKGTLSE12,iTLS-Enso,16967,12/29/2021, 18:14:42,404
SKGTLSE12,iTLS-Enso,16967,12/29/2021, 19:10:38,404
SKGTLSE12,iTLS-Enso,16968,12/29/2021, 20:13:24,404
SKGTLSE12,iTLS-Enso,16968,12/29/2021, 21:11:09,404
SKGTLSE12,iTLS-Enso,16968,12/29/2021, 22:12:20,404
SKGTLSE12,iTLS-Enso,16968,12/29/2021, 23:12:31,404
SKGTLSE12,iTLS-Enso,16968,12/30/2021, 00:41:50,404
SKGTLSE12,iTLS-Enso,16968,12/30/2021, 01:59:45,404
SKGTLSE12,iTLS-Enso,16968,12/30/2021, 02:38:28,404
SKGTLSE12,iTLS-Enso,16968,12/30/2021, 03:12:23,404
SKGTLSE12,iTLS-Enso,16968,12/30/2021, 04:16:15,404
SKGTLSE12,iTLS-Enso,16970,12/30/2021, 05:12:50,404
SKGTLSE12,iTLS-Enso,16970,12/30/2021, 06:15:04,404
SKGTLSE12,iTLS-Enso,16970,12/30/2021, 07:12:40,404
SKGTLSE12,iTLS-Enso,16971,12/30/2021, 08:15:20,404
SKGTLSE12,iTLS-Enso,16971,12/30/2021, 09:12:42,404
SKGTLSE12,iTLS-Enso,16971,12/30/2021, 10:13:30,404
SKGTLSE12,iTLS-Enso,16971,12/30/2021, 11:10:49,404
SKGTLSE12,iTLS-Enso,16971,12/30/2021, 12:20:02,404
SKGTLSE12,iTLS-Enso,16973,12/30/2021, 13:20:44,404
SKGTLSE12,iTLS-Enso,16973,12/30/2021, 14:11:54,404
SKGTLSE12,iTLS-Enso,16973,12/30/2021, 15:13:00,404
SKGTLSE12,iTLS-Enso,16973,12/30/2021, 16:18:44,404
SKGTLSE12,iTLS-Enso,16973,12/30/2021, 17:20:44,404
SKGTLSE12,iTLS-Enso,16973,12/30/2021, 18:14:25,404
SKGTLSE12,iTLS-Enso,16974,12/30/2021, 19:10:23,404
SKGTLSE12,iTLS-Enso,16974,12/30/2021, 20:13:18,404
SKGTLSE12,iTLS-Enso,16974,12/30/2021, 21:11:04,404
SKGTLSE12,iTLS-Enso,16974,12/30/2021, 22:12:17,404
SKGTLSE12,iTLS-Enso,16975,12/30/2021, 23:12:40,404
SKGTLSE12,iTLS-Enso,16976,12/31/2021, 00:43:28,404
SKGTLSE12,iTLS-Enso,16976,12/31/2021, 02:02:16,404
SKGTLSE12,iTLS-Enso,16977,12/31/2021, 03:13:47,404
SKGTLSE12,iTLS-Enso,16977,12/31/2021, 04:16:18,404
SKGTLSE12,iTLS-Enso,16977,12/31/2021, 05:13:01,404
SKGTLSE12,iTLS-Enso,16978,12/31/2021, 06:15:16,404
SKGTLSE12,iTLS-Enso,16978,12/31/2021, 07:12:32,404
SKGTLSE12,iTLS-Enso,16979,12/31/2021, 08:15:27,404
SKGTLSE12,iTLS-Enso,16979,12/31/2021, 09:12:50,404
SKGTLSE12,iTLS-Enso,16980,12/31/2021, 10:13:33,404
SKGTLSE12,iTLS-Enso,16980,12/31/2021, 11:10:35,404
SKGTLSE12,iTLS-Enso,16980,12/31/2021, 12:19:40,404
SKGTLSE12,iTLS-Enso,16980,12/31/2021, 13:20:34,404
SKGTLSE12,iTLS-Enso,16980,12/31/2021, 14:11:37,404
SKGTLSE12,iTLS-Enso,16980,12/31/2021, 15:13:06,404
SKGTLSE12,iTLS-Enso,16980,12/31/2021, 16:18:36,404
SKGTLSE12,iTLS-Enso,16980,12/31/2021, 17:20:15,404
SKGTLSE12,iTLS-Enso,16980,12/31/2021, 18:14:18,404
SKGTLSE12,iTLS-Enso,16980,12/31/2021, 19:10:26,404
SKGTLSE12,iTLS-Enso,16980,12/31/2021, 20:13:22,404
SKGTLSE12,iTLS-Enso,16981,12/31/2021, 21:10:48,404
SKGTLSE12,iTLS-Enso,16983,12/31/2021, 22:12:03,404
SKGTLSE12,iTLS-Enso,16983,12/31/2021, 23:12:32,404
SKGTLSE12,iTLS-Enso,16983,01/01/2022, 00:43:43,404
SKGTLSE12,iTLS-Enso,16984,01/01/2022, 02:03:43,404
SKGTLSE12,iTLS-Enso,16985,01/01/2022, 03:14:49,404
SKGTLSE12,iTLS-Enso,16985,01/01/2022, 04:16:02,404
SKGTLSE12,iTLS-Enso,16986,01/01/2022, 05:12:55,404
SKGTLSE12,iTLS-Enso,16986,01/01/2022, 06:14:56,404
SKGTLSE12,iTLS-Enso,16986,01/01/2022, 07:12:07,404
SKGTLSE12,iTLS-Enso,16987,01/01/2022, 08:15:01,404
SKGTLSE12,iTLS-Enso,16988,01/01/2022, 09:12:25,404
SKGTLSE12,iTLS-Enso,16990,01/01/2022, 10:12:55,404
SKGTLSE12,iTLS-Enso,16990,01/01/2022, 11:10:31,404
SKGTLSE12,iTLS-Enso,16990,01/01/2022, 12:19:11,404
SKGTLSE12,iTLS-Enso,16990,01/01/2022, 13:19:25,404
SKGTLSE12,iTLS-Enso,16991,01/01/2022, 14:11:26,404
SKGTLSE12,iTLS-Enso,16991,01/01/2022, 15:12:19,404
SKGTLSE12,iTLS-Enso,16991,01/01/2022, 16:18:07,404
SKGTLSE12,iTLS-Enso,16991,01/01/2022, 17:19:51,404
SKGTLSE12,iTLS-Enso,16991,01/01/2022, 18:14:21,404
SKGTLSE12,iTLS-Enso,16991,01/01/2022, 19:10:02,404
SKGTLSE12,iTLS-Enso,16992,01/01/2022, 20:13:15,404
SKGTLSE12,iTLS-Enso,16993,01/01/2022, 21:10:56,404
SKGTLSE12,iTLS-Enso,16994,01/01/2022, 22:11:53,404
SKGTLSE12,iTLS-Enso,16994,01/01/2022, 23:12:44,404
SKGTLSE12,iTLS-Enso,16995,01/02/2022, 00:44:34,404
SKGTLSE12,iTLS-Enso,16995,01/02/2022, 02:05:01,404
SKGTLSE12,iTLS-Enso,16996,01/02/2022, 03:13:43,404
SKGTLSE12,iTLS-Enso,16996,01/02/2022, 04:16:07,404
SKGTLSE12,iTLS-Enso,16997,01/02/2022, 05:12:24,404
SKGTLSE12,iTLS-Enso,16997,01/02/2022, 06:14:39,404
SKGTLSE12,iTLS-Enso,16997,01/02/2022, 07:12:33,404
SKGTLSE12,iTLS-Enso,16997,01/02/2022, 08:15:01,404
SKGTLSE12,iTLS-Enso,16997,01/02/2022, 09:12:05,404
SKGTLSE12,iTLS-Enso,16997,01/02/2022, 10:12:49,404
SKGTLSE12,iTLS-Enso,17000,01/02/2022, 11:10:21,404
SKGTLSE12,iTLS-Enso,17001,01/02/2022, 12:19:33,404
SKGTLSE12,iTLS-Enso,17002,01/02/2022, 13:19:14,404
SKGTLSE12,iTLS-Enso,17002,01/02/2022, 14:11:15,404
SKGTLSE12,iTLS-Enso,17002,01/02/2022, 15:12:35,404
SKGTLSE12,iTLS-Enso,17002,01/02/2022, 16:17:56,404
SKGTLSE12,iTLS-Enso,17002,01/02/2022, 17:19:33,404
SKGTLSE12,iTLS-Enso,17003,01/02/2022, 18:13:50,404
SKGTLSE12,iTLS-Enso,17003,01/02/2022, 19:10:11,404
SKGTLSE12,iTLS-Enso,17003,01/02/2022, 20:13:10,404
SKGTLSE12,iTLS-Enso,17003,01/02/2022, 21:10:33,404
SKGTLSE12,iTLS-Enso,17004,01/02/2022, 22:11:42,404
SKGTLSE12,iTLS-Enso,17005,01/02/2022, 23:12:18,404
SKGTLSE12,iTLS-Enso,17005,01/03/2022, 00:42:21,404
SKGTLSE12,iTLS-Enso,17005,01/03/2022, 02:01:39,404
SKGTLSE12,iTLS-Enso,17005,01/03/2022, 03:13:28,404
SKGTLSE12,iTLS-Enso,17005,01/03/2022, 04:16:20,404
SKGTLSE12,iTLS-Enso,17005,01/03/2022, 05:13:34,404
SKGTLSE12,iTLS-Enso,17005,01/03/2022, 06:15:52,404
SKGTLSE12,iTLS-Enso,17005,01/03/2022, 07:12:49,404
SKGTLSE12,iTLS-Enso,17005,01/03/2022, 08:15:43,404
SKGTLSE12,iTLS-Enso,17005,01/03/2022, 09:13:20,404
SKGTLSE12,iTLS-Enso,17006,01/03/2022, 10:14:06,404
SKGTLSE12,iTLS-Enso,17006,01/03/2022, 11:10:51,404
SKGTLSE12,iTLS-Enso,17006,01/03/2022, 12:20:15,404
SKGTLSE12,iTLS-Enso,17006,01/03/2022, 13:21:14,404
SKGTLSE12,iTLS-Enso,17006,01/03/2022, 14:12:04,404
SKGTLSE12,iTLS-Enso,17008,01/03/2022, 15:12:57,404
SKGTLSE12,iTLS-Enso,17009,01/03/2022, 16:19:46,404
SKGTLSE12,iTLS-Enso,17009,01/03/2022, 17:22:13,404
SKGTLSE12,iTLS-Enso,17009,01/03/2022, 18:14:44,404
SKGTLSE12,iTLS-Enso,17009,01/03/2022, 19:10:23,404
SKGTLSE12,iTLS-Enso,17009,01/03/2022, 20:13:38,404
SKGTLSE12,iTLS-Enso,17009,01/03/2022, 21:11:25,404
SKGTLSE12,iTLS-Enso,17010,01/03/2022, 22:12:30,404
SKGTLSE12,iTLS-Enso,17010,01/03/2022, 23:12:41,404
SKGTLSE12,iTLS-Enso,17010,01/04/2022, 00:43:29,404
SKGTLSE12,iTLS-Enso,17010,01/04/2022, 02:02:37,404
SKGTLSE12,iTLS-Enso,17011,01/04/2022, 03:13:39,404
SKGTLSE12,iTLS-Enso,17013,01/04/2022, 04:16:20,404
SKGTLSE12,iTLS-Enso,17014,01/04/2022, 05:13:14,404
SKGTLSE12,iTLS-Enso,17014,01/04/2022, 06:15:14,404
SKGTLSE12,iTLS-Enso,17014,01/04/2022, 07:12:33,404
SKGTLSE12,iTLS-Enso,17014,01/04/2022, 08:15:36,404
SKGTLSE12,iTLS-Enso,17014,01/04/2022, 09:12:52,404
SKGTLSE12,iTLS-Enso,17014,01/04/2022, 10:13:45,404
SKGTLSE12,iTLS-Enso,17015,01/04/2022, 11:10:43,404
SKGTLSE12,iTLS-Enso,17015,01/04/2022, 12:20:02,404
SKGTLSE12,iTLS-Enso,17016,01/04/2022, 13:21:10,404
SKGTLSE12,iTLS-Enso,17016,01/04/2022, 14:11:42,404
SKGTLSE12,iTLS-Enso,17016,01/04/2022, 15:13:19,404
SKGTLSE12,iTLS-Enso,17016,01/04/2022, 16:19:16,404
SKGTLSE12,iTLS-Enso,17016,01/04/2022, 17:21:47,404
SKGTLSE12,iTLS-Enso,17017,01/04/2022, 18:14:41,404
SKGTLSE12,iTLS-Enso,17018,01/04/2022, 19:10:41,404
SKGTLSE12,iTLS-Enso,17018,01/04/2022, 20:13:38,404
SKGTLSE12,iTLS-Enso,17018,01/04/2022, 21:11:18,404
SKGTLSE12,iTLS-Enso,17020,01/04/2022, 22:12:14,404
SKGTLSE12,iTLS-Enso,17020,01/04/2022, 23:13:01,404
SKGTLSE12,iTLS-Enso,17020,01/05/2022, 00:45:21,404
SKGTLSE12,iTLS-Enso,17021,01/05/2022, 02:04:49,404
SKGTLSE12,iTLS-Enso,17021,01/05/2022, 03:13:51,404
SKGTLSE12,iTLS-Enso,17021,01/05/2022, 04:16:21,404
SKGTLSE12,iTLS-Enso,17022,01/05/2022, 05:13:19,404
SKGTLSE12,iTLS-Enso,17022,01/05/2022, 06:15:43,404
SKGTLSE12,iTLS-Enso,17022,01/05/2022, 07:12:30,404
SKGTLSE12,iTLS-Enso,17024,01/05/2022, 08:15:34,404
SKGTLSE12,iTLS-Enso,17024,01/05/2022, 09:14:05,404
SKGTLSE12,iTLS-Enso,17024,01/05/2022, 10:13:39,404
SKGTLSE12,iTLS-Enso,17025,01/05/2022, 11:10:35,404
SKGTLSE12,iTLS-Enso,17025,01/05/2022, 12:20:28,404
SKGTLSE12,iTLS-Enso,17025,01/05/2022, 13:21:52,404
SKGTLSE12,iTLS-Enso,17025,01/05/2022, 14:10:05,404
SKGTLSE12,iTLS-Enso,17025,01/05/2022, 15:13:22,404
SKGTLSE12,iTLS-Enso,17026,01/05/2022, 16:19:06,404
SKGTLSE12,iTLS-Enso,17026,01/05/2022, 17:22:30,404
SKGTLSE12,iTLS-Enso,17026,01/05/2022, 18:14:55,404
SKGTLSE12,iTLS-Enso,17026,01/05/2022, 19:10:49,404
SKGTLSE12,iTLS-Enso,17026,01/05/2022, 20:13:34,404
SKGTLSE12,iTLS-Enso,17027,01/05/2022, 21:11:30,404
SKGTLSE12,iTLS-Enso,17027,01/05/2022, 22:12:25,404
SKGTLSE12,iTLS-Enso,17027,01/05/2022, 23:12:46,404
SKGTLSE12,iTLS-Enso,17027,01/06/2022, 00:47:01,404
SKGTLSE12,iTLS-Enso,17030,01/06/2022, 02:09:51,404
SKGTLSE12,iTLS-Enso,17030,01/06/2022, 03:15:40,404
SKGTLSE12,iTLS-Enso,17030,01/06/2022, 04:16:19,404
SKGTLSE12,iTLS-Enso,17030,01/06/2022, 05:14:05,404
SKGTLSE12,iTLS-Enso,17030,01/06/2022, 06:15:29,404
SKGTLSE12,iTLS-Enso,17031,01/06/2022, 07:12:31,404
SKGTLSE12,iTLS-Enso,17031,01/06/2022, 08:15:54,404
SKGTLSE12,iTLS-Enso,17031,01/06/2022, 09:13:10,404
SKGTLSE12,iTLS-Enso,17031,01/06/2022, 10:13:54,404
SKGTLSE12,iTLS-Enso,17032,01/06/2022, 11:11:08,404
SKGTLSE12,iTLS-Enso,17033,01/06/2022, 12:20:50,404
SKGTLSE12,iTLS-Enso,17033,01/06/2022, 13:22:09,404
SKGTLSE12,iTLS-Enso,17033,01/06/2022, 14:11:46,404
SKGTLSE12,iTLS-Enso,17034,01/06/2022, 15:13:03,404
SKGTLSE12,iTLS-Enso,17034,01/06/2022, 16:19:09,404
SKGTLSE12,iTLS-Enso,17035,01/06/2022, 17:22:31,404
SKGTLSE12,iTLS-Enso,17035,01/06/2022, 18:16:01,404
SKGTLSE12,iTLS-Enso,17036,01/06/2022, 19:10:52,404
SKGTLSE12,iTLS-Enso,17037,01/06/2022, 20:13:01,404
SKGTLSE12,iTLS-Enso,17039,01/06/2022, 21:11:20,404
SKGTLSE12,iTLS-Enso,17040,01/06/2022, 22:12:41,404
SKGTLSE12,iTLS-Enso,17041,01/06/2022, 23:13:08,404
SKGTLSE12,iTLS-Enso,17043,01/07/2022, 00:47:01,404
SKGTLSE12,iTLS-Enso,17043,01/07/2022, 02:08:56,404
SKGTLSE12,iTLS-Enso,17043,01/07/2022, 03:16:02,404
SKGTLSE12,iTLS-Enso,17043,01/07/2022, 04:16:32,404
SKGTLSE12,iTLS-Enso,17043,01/07/2022, 05:13:27,404
SKGTLSE12,iTLS-Enso,17043,01/07/2022, 06:15:28,404
SKGTLSE12,iTLS-Enso,17043,01/07/2022, 07:12:10,404
SKGTLSE12,iTLS-Enso,17043,01/07/2022, 08:15:25,404
SKGTLSE12,iTLS-Enso,17043,01/07/2022, 09:12:59,404
SKGTLSE12,iTLS-Enso,17043,01/07/2022, 10:14:04,404
SKGTLSE12,iTLS-Enso,17043,01/07/2022, 11:10:52,404
SKGTLSE12,iTLS-Enso,17043,01/07/2022, 12:20:27,404
SKGTLSE12,iTLS-Enso,17043,01/07/2022, 13:21:27,404
SKGTLSE12,iTLS-Enso,17043,01/07/2022, 14:11:55,404
SKGTLSE12,iTLS-Enso,17043,01/07/2022, 15:13:59,404
SKGTLSE12,iTLS-Enso,17043,01/07/2022, 16:19:13,404
SKGTLSE12,iTLS-Enso,17043,01/07/2022, 17:22:20,404
SKGTLSE12,iTLS-Enso,17044,01/07/2022, 18:14:50,404
SKGTLSE12,iTLS-Enso,17044,01/07/2022, 19:09:06,404
SKGTLSE12,iTLS-Enso,17044,01/07/2022, 20:13:56,404
SKGTLSE12,iTLS-Enso,17044,01/07/2022, 21:11:12,404
SKGTLSE12,iTLS-Enso,17046,01/07/2022, 22:12:29,404
SKGTLSE12,iTLS-Enso,17047,01/07/2022, 23:13:03,404
SKGTLSE12,iTLS-Enso,17047,01/08/2022, 00:43:12,404
SKGTLSE12,iTLS-Enso,17047,01/08/2022, 02:02:03,404
SKGTLSE12,iTLS-Enso,17048,01/08/2022, 03:14:56,404
SKGTLSE12,iTLS-Enso,17048,01/08/2022, 04:16:08,404
SKGTLSE12,iTLS-Enso,17048,01/08/2022, 05:13:07,404
SKGTLSE12,iTLS-Enso,17048,01/08/2022, 06:14:59,404
SKGTLSE12,iTLS-Enso,17048,01/08/2022, 07:12:08,404
SKGTLSE12,iTLS-Enso,17048,01/08/2022, 08:15:03,404
SKGTLSE12,iTLS-Enso,17048,01/08/2022, 09:12:33,404
SKGTLSE12,iTLS-Enso,17048,01/08/2022, 10:13:23,404
SKGTLSE12,iTLS-Enso,17049,01/08/2022, 11:10:31,404
SKGTLSE12,iTLS-Enso,17050,01/08/2022, 12:19:21,404
SKGTLSE12,iTLS-Enso,17050,01/08/2022, 13:20:08,404
SKGTLSE12,iTLS-Enso,17050,01/08/2022, 14:11:09,404
SKGTLSE12,iTLS-Enso,17050,01/08/2022, 15:12:29,404
SKGTLSE12,iTLS-Enso,17050,01/08/2022, 16:18:11,404
SKGTLSE12,iTLS-Enso,17050,01/08/2022, 17:20:26,404
SKGTLSE12,iTLS-Enso,17051,01/08/2022, 18:14:17,404
SKGTLSE12,iTLS-Enso,17052,01/08/2022, 19:10:26,404
SKGTLSE12,iTLS-Enso,17052,01/08/2022, 20:13:05,404
SKGTLSE12,iTLS-Enso,17053,01/08/2022, 22:14:20,404
SKGTLSE12,iTLS-Enso,17053,01/08/2022, 23:12:12,404
SKGTLSE12,iTLS-Enso,17054,01/09/2022, 00:45:25,404
SKGTLSE12,iTLS-Enso,17054,01/09/2022, 02:06:35,404
SKGTLSE12,iTLS-Enso,17054,01/09/2022, 03:14:19,404
SKGTLSE12,iTLS-Enso,17054,01/09/2022, 04:16:16,404
SKGTLSE12,iTLS-Enso,17054,01/09/2022, 05:13:18,404
SKGTLSE12,iTLS-Enso,17054,01/09/2022, 06:14:59,404
SKGTLSE12,iTLS-Enso,17054,01/09/2022, 07:12:03,404
SKGTLSE12,iTLS-Enso,17054,01/09/2022, 08:15:04,404
SKGTLSE12,iTLS-Enso,17054,01/09/2022, 09:12:34,404
SKGTLSE12,iTLS-Enso,17054,01/09/2022, 10:13:13,404
SKGTLSE12,iTLS-Enso,17054,01/09/2022, 11:10:14,404
SKGTLSE12,iTLS-Enso,17054,01/09/2022, 12:19:29,404
SKGTLSE12,iTLS-Enso,17054,01/09/2022, 13:20:16,404
SKGTLSE12,iTLS-Enso,17054,01/09/2022, 14:11:04,404
SKGTLSE12,iTLS-Enso,17054,01/09/2022, 15:12:15,404
SKGTLSE12,iTLS-Enso,17054,01/09/2022, 16:18:24,404
SKGTLSE12,iTLS-Enso,17055,01/09/2022, 17:20:37,404
SKGTLSE12,iTLS-Enso,17055,01/09/2022, 18:14:08,404
SKGTLSE12,iTLS-Enso,17055,01/09/2022, 19:10:25,404
SKGTLSE12,iTLS-Enso,17055,01/09/2022, 20:13:21,404
SKGTLSE12,iTLS-Enso,17055,01/09/2022, 21:10:48,404
SKGTLSE12,iTLS-Enso,17055,01/09/2022, 22:11:57,404
SKGTLSE12,iTLS-Enso,17055,01/09/2022, 23:12:48,404
SKGTLSE12,iTLS-Enso,17055,01/10/2022, 00:42:30,404
SKGTLSE12,iTLS-Enso,17055,01/10/2022, 02:03:08,404
SKGTLSE12,iTLS-Enso,17057,01/10/2022, 03:14:48,404
SKGTLSE12,iTLS-Enso,17057,01/10/2022, 04:16:35,404
SKGTLSE12,iTLS-Enso,17057,01/10/2022, 05:14:18,404
SKGTLSE12,iTLS-Enso,17058,01/10/2022, 06:15:59,404
SKGTLSE12,iTLS-Enso,17060,01/10/2022, 07:12:35,404
SKGTLSE12,iTLS-Enso,17061,01/10/2022, 08:16:02,404
SKGTLSE12,iTLS-Enso,17061,01/10/2022, 09:13:31,404
SKGTLSE12,iTLS-Enso,17061,01/10/2022, 10:14:35,404
SKGTLSE12,iTLS-Enso,17061,01/10/2022, 11:10:53,404
SKGTLSE12,iTLS-Enso,17061,01/10/2022, 12:20:31,404
SKGTLSE12,iTLS-Enso,17061,01/10/2022, 13:22:46,404
SKGTLSE12,iTLS-Enso,17061,01/10/2022, 14:12:00,404
SKGTLSE12,iTLS-Enso,17061,01/10/2022, 15:13:30,404
SKGTLSE12,iTLS-Enso,17061,01/10/2022, 16:22:07,404
SKGTLSE12,iTLS-Enso,17062,01/10/2022, 17:23:04,404
SKGTLSE12,iTLS-Enso,17062,01/10/2022, 18:15:00,404
SKGTLSE12,iTLS-Enso,17062,01/10/2022, 19:10:40,404
SKGTLSE12,iTLS-Enso,17062,01/10/2022, 20:11:50,404
SKGTLSE12,iTLS-Enso,17063,01/10/2022, 21:11:31,404
SKGTLSE12,iTLS-Enso,17063,01/10/2022, 22:11:01,404
SKGTLSE12,iTLS-Enso,17063,01/10/2022, 23:13:25,404
SKGTLSE12,iTLS-Enso,17063,01/11/2022, 00:46:03,404
SKGTLSE12,iTLS-Enso,17063,01/11/2022, 02:04:30,404
SKGTLSE12,iTLS-Enso,17063,01/11/2022, 03:15:32,404
SKGTLSE12,iTLS-Enso,17064,01/11/2022, 04:16:15,404
SKGTLSE12,iTLS-Enso,17065,01/11/2022, 05:13:16,404
SKGTLSE12,iTLS-Enso,17065,01/11/2022, 06:15:31,404
SKGTLSE12,iTLS-Enso,17065,01/11/2022, 07:12:54,404
SKGTLSE12,iTLS-Enso,17066,01/11/2022, 08:15:43,404
SKGTLSE12,iTLS-Enso,17066,01/11/2022, 09:13:26,404
SKGTLSE12,iTLS-Enso,17066,01/11/2022, 10:19:10,404
SKGTLSE12,iTLS-Enso,17066,01/11/2022, 11:12:47,404
SKGTLSE12,iTLS-Enso,17066,01/11/2022, 12:20:05,404
SKGTLSE12,iTLS-Enso,17066,01/11/2022, 13:21:35,404
SKGTLSE12,iTLS-Enso,17066,01/11/2022, 14:12:30,404
SKGTLSE12,iTLS-Enso,17066,01/11/2022, 15:14:37,404
SKGTLSE12,iTLS-Enso,17067,01/11/2022, 16:24:54,404
SKGTLSE12,iTLS-Enso,17068,01/11/2022, 17:23:54,404
SKGTLSE12,iTLS-Enso,17069,01/11/2022, 18:15:26,404
SKGTLSE12,iTLS-Enso,17069,01/11/2022, 19:10:54,404
SKGTLSE12,iTLS-Enso,17069,01/11/2022, 20:12:59,404
SKGTLSE12,iTLS-Enso,17069,01/11/2022, 21:11:44,404
SKGTLSE12,iTLS-Enso,17070,01/11/2022, 22:12:28,404
SKGTLSE12,iTLS-Enso,17071,01/11/2022, 23:13:02,404
SKGTLSE12,iTLS-Enso,17071,01/12/2022, 00:44:14,404
SKGTLSE12,iTLS-Enso,17074,01/12/2022, 02:03:40,404
SKGTLSE12,iTLS-Enso,17075,01/12/2022, 03:15:11,404
SKGTLSE12,iTLS-Enso,17075,01/12/2022, 04:16:23,404
SKGTLSE12,iTLS-Enso,17075,01/12/2022, 05:13:46,404
SKGTLSE12,iTLS-Enso,17076,01/12/2022, 06:15:43,404
SKGTLSE12,iTLS-Enso,17077,01/12/2022, 07:12:26,404
SKGTLSE12,iTLS-Enso,17077,01/12/2022, 08:15:52,404
SKGTLSE12,iTLS-Enso,17077,01/12/2022, 09:12:41,404
SKGTLSE12,iTLS-Enso,17077,01/12/2022, 10:14:33,404
SKGTLSE12,iTLS-Enso,17077,01/12/2022, 11:11:35,404
SKGTLSE12,iTLS-Enso,17077,01/12/2022, 12:20:46,404
SKGTLSE12,iTLS-Enso,17077,01/12/2022, 13:22:01,404
SKGTLSE12,iTLS-Enso,17077,01/12/2022, 14:17:08,404
SKGTLSE12,iTLS-Enso,17077,01/12/2022, 15:18:10,404
SKGTLSE12,iTLS-Enso,17078,01/12/2022, 16:23:15,404
SKGTLSE12,iTLS-Enso,17078,01/12/2022, 17:19:22,404
SKGTLSE12,iTLS-Enso,17078,01/12/2022, 18:15:06,404
SKGTLSE12,iTLS-Enso,17078,01/12/2022, 19:10:58,404
SKGTLSE12,iTLS-Enso,17078,01/12/2022, 20:13:49,404
SKGTLSE12,iTLS-Enso,17078,01/12/2022, 21:11:14,404
SKGTLSE12,iTLS-Enso,17079,01/12/2022, 22:12:43,404
SKGTLSE12,iTLS-Enso,17080,01/12/2022, 23:12:53,404
SKGTLSE12,iTLS-Enso,17081,01/13/2022, 00:46:30,404
SKGTLSE12,iTLS-Enso,17081,01/13/2022, 02:06:37,404
SKGTLSE12,iTLS-Enso,17081,01/13/2022, 03:15:04,404
SKGTLSE12,iTLS-Enso,17081,01/13/2022, 04:16:33,404
SKGTLSE12,iTLS-Enso,17081,01/13/2022, 05:14:00,404
SKGTLSE12,iTLS-Enso,17081,01/13/2022, 06:15:35,404
SKGTLSE12,iTLS-Enso,17081,01/13/2022, 07:12:40,404
SKGTLSE12,iTLS-Enso,17082,01/13/2022, 08:20:25,404
SKGTLSE12,iTLS-Enso,17082,01/13/2022, 09:13:26,404
SKGTLSE12,iTLS-Enso,17082,01/13/2022, 10:15:12,404
SKGTLSE12,iTLS-Enso,17082,01/13/2022, 11:11:10,404
SKGTLSE12,iTLS-Enso,17082,01/13/2022, 12:20:44,404
SKGTLSE12,iTLS-Enso,17082,01/13/2022, 13:22:32,404
SKGTLSE12,iTLS-Enso,17082,01/13/2022, 14:17:05,404
SKGTLSE12,iTLS-Enso,17082,01/13/2022, 15:18:06,404
SKGTLSE12,iTLS-Enso,17082,01/13/2022, 16:21:21,404
SKGTLSE12,iTLS-Enso,17082,01/13/2022, 17:23:22,404
SKGTLSE12,iTLS-Enso,17082,01/13/2022, 18:14:54,404
SKGTLSE12,iTLS-Enso,17082,01/13/2022, 19:10:36,404
SKGTLSE12,iTLS-Enso,17082,01/13/2022, 20:13:43,404
SKGTLSE12,iTLS-Enso,17082,01/13/2022, 21:11:29,404
SKGTLSE12,iTLS-Enso,17082,01/13/2022, 22:12:38,404
SKGTLSE12,iTLS-Enso,17082,01/13/2022, 23:13:03,404
SKGTLSE12,iTLS-Enso,17082,01/14/2022, 00:45:28,404
SKGTLSE12,iTLS-Enso,17082,01/14/2022, 02:05:07,404
SKGTLSE12,iTLS-Enso,17083,01/14/2022, 03:14:46,404
SKGTLSE12,iTLS-Enso,17083,01/14/2022, 04:16:30,404
SKGTLSE12,iTLS-Enso,17083,01/14/2022, 05:13:58,404
SKGTLSE12,iTLS-Enso,17083,01/14/2022, 06:15:50,404
SKGTLSE12,iTLS-Enso,17083,01/14/2022, 07:12:18,404
SKGTLSE12,iTLS-Enso,17083,01/14/2022, 08:16:01,404
SKGTLSE12,iTLS-Enso,17083,01/14/2022, 09:13:21,404
SKGTLSE12,iTLS-Enso,17083,01/14/2022, 10:13:59,404
SKGTLSE12,iTLS-Enso,17083,01/14/2022, 11:11:02,404
SKGTLSE12,iTLS-Enso,17083,01/14/2022, 12:20:22,404
SKGTLSE12,iTLS-Enso,17083,01/14/2022, 13:22:09,404
SKGTLSE12,iTLS-Enso,17083,01/14/2022, 14:12:23,404
SKGTLSE12,iTLS-Enso,17083,01/14/2022, 15:13:58,404
SKGTLSE12,iTLS-Enso,17084,01/14/2022, 16:16:11,404
SKGTLSE12,iTLS-Enso,17084,01/14/2022, 17:20:58,404
SKGTLSE12,iTLS-Enso,17084,01/14/2022, 18:15:18,404
SKGTLSE12,iTLS-Enso,17084,01/14/2022, 19:13:35,404
SKGTLSE12,iTLS-Enso,17085,01/14/2022, 20:13:49,404
SKGTLSE12,iTLS-Enso,17085,01/14/2022, 21:11:17,404
SKGTLSE12,iTLS-Enso,17085,01/14/2022, 22:12:41,404
SKGTLSE12,iTLS-Enso,17085,01/14/2022, 23:12:59,404
SKGTLSE12,iTLS-Enso,17088,01/15/2022, 00:43:03,404
SKGTLSE12,iTLS-Enso,17089,01/15/2022, 02:02:21,404
SKGTLSE12,iTLS-Enso,17089,01/15/2022, 03:15:27,404
SKGTLSE12,iTLS-Enso,17089,01/15/2022, 04:16:33,404
SKGTLSE12,iTLS-Enso,17089,01/15/2022, 05:13:26,404
SKGTLSE12,iTLS-Enso,17090,01/15/2022, 06:15:02,404
SKGTLSE12,iTLS-Enso,17090,01/15/2022, 07:12:14,404
SKGTLSE12,iTLS-Enso,17091,01/15/2022, 08:15:33,404
SKGTLSE12,iTLS-Enso,17092,01/15/2022, 09:12:50,404
SKGTLSE12,iTLS-Enso,17092,01/15/2022, 10:13:28,404
SKGTLSE12,iTLS-Enso,17092,01/15/2022, 11:10:18,404
SKGTLSE12,iTLS-Enso,17092,01/15/2022, 12:19:44,404
SKGTLSE12,iTLS-Enso,17092,01/15/2022, 13:20:38,404
SKGTLSE12,iTLS-Enso,17092,01/15/2022, 14:11:39,404
SKGTLSE12,iTLS-Enso,17092,01/15/2022, 15:12:52,404
SKGTLSE12,iTLS-Enso,17092,01/15/2022, 16:18:14,404
SKGTLSE12,iTLS-Enso,17092,01/15/2022, 17:20:32,404
SKGTLSE12,iTLS-Enso,17092,01/15/2022, 18:14:31,404
SKGTLSE12,iTLS-Enso,17093,01/15/2022, 19:10:16,404
SKGTLSE12,iTLS-Enso,17093,01/15/2022, 20:13:00,404
SKGTLSE12,iTLS-Enso,17093,01/15/2022, 21:11:01,404
SKGTLSE12,iTLS-Enso,17095,01/15/2022, 22:12:05,404
SKGTLSE12,iTLS-Enso,17095,01/15/2022, 23:12:16,404
SKGTLSE12,iTLS-Enso,17095,01/16/2022, 00:46:23,404
SKGTLSE12,iTLS-Enso,17095,01/16/2022, 02:07:36,404
SKGTLSE12,iTLS-Enso,17096,01/16/2022, 03:15:21,404
SKGTLSE12,iTLS-Enso,17098,01/16/2022, 04:16:19,404
SKGTLSE12,iTLS-Enso,17098,01/16/2022, 05:13:15,404
SKGTLSE12,iTLS-Enso,17098,01/16/2022, 06:15:12,404
SKGTLSE12,iTLS-Enso,17099,01/16/2022, 07:12:24,404
SKGTLSE12,iTLS-Enso,17099,01/16/2022, 08:15:04,404
SKGTLSE12,iTLS-Enso,17099,01/16/2022, 09:12:32,404
SKGTLSE12,iTLS-Enso,17099,01/16/2022, 10:13:25,404
SKGTLSE12,iTLS-Enso,17100,01/16/2022, 11:10:25,404
SKGTLSE12,iTLS-Enso,17100,01/16/2022, 12:19:36,404
SKGTLSE12,iTLS-Enso,17100,01/16/2022, 13:20:30,404
SKGTLSE12,iTLS-Enso,17100,01/16/2022, 14:11:26,404
SKGTLSE12,iTLS-Enso,17102,01/16/2022, 15:12:49,404
SKGTLSE12,iTLS-Enso,17103,01/16/2022, 16:18:20,404
SKGTLSE12,iTLS-Enso,17103,01/16/2022, 17:20:37,404
SKGTLSE12,iTLS-Enso,17103,01/16/2022, 18:14:24,404
SKGTLSE12,iTLS-Enso,17103,01/16/2022, 19:10:27,404
SKGTLSE12,iTLS-Enso,17103,01/16/2022, 20:13:23,404
SKGTLSE12,iTLS-Enso,17103,01/16/2022, 21:10:46,404
SKGTLSE12,iTLS-Enso,17105,01/16/2022, 22:12:06,404
SKGTLSE12,iTLS-Enso,17105,01/16/2022, 23:12:23,404
SKGTLSE12,iTLS-Enso,17106,01/17/2022, 00:44:05,404
SKGTLSE12,iTLS-Enso,17107,01/17/2022, 02:05:07,404
SKGTLSE12,iTLS-Enso,17107,01/17/2022, 03:15:22,404
SKGTLSE12,iTLS-Enso,17107,01/17/2022, 04:16:42,404
SKGTLSE12,iTLS-Enso,17108,01/17/2022, 05:14:26,404
SKGTLSE12,iTLS-Enso,17108,01/17/2022, 06:16:08,404
SKGTLSE12,iTLS-Enso,17108,01/17/2022, 07:12:48,404
SKGTLSE12,iTLS-Enso,17108,01/17/2022, 08:16:42,404
SKGTLSE12,iTLS-Enso,17108,01/17/2022, 09:18:30,404
SKGTLSE12,iTLS-Enso,17108,01/17/2022, 10:19:03,404
SKGTLSE12,iTLS-Enso,17108,01/17/2022, 11:13:59,404
SKGTLSE12,iTLS-Enso,17108,01/17/2022, 12:23:48,404
SKGTLSE12,iTLS-Enso,17108,01/17/2022, 13:23:11,404
SKGTLSE12,iTLS-Enso,17108,01/17/2022, 14:12:15,404
SKGTLSE12,iTLS-Enso,17108,01/17/2022, 15:13:24,404
SKGTLSE12,iTLS-Enso,17108,01/17/2022, 16:19:31,404
SKGTLSE12,iTLS-Enso,17108,01/17/2022, 17:22:48,404
SKGTLSE12,iTLS-Enso,17108,01/17/2022, 18:15:08,404
SKGTLSE12,iTLS-Enso,17108,01/17/2022, 19:10:46,404
SKGTLSE12,iTLS-Enso,17108,01/17/2022, 20:13:45,404
SKGTLSE12,iTLS-Enso,17109,01/17/2022, 21:11:43,404
SKGTLSE12,iTLS-Enso,17110,01/17/2022, 22:12:41,404
SKGTLSE12,iTLS-Enso,17110,01/17/2022, 23:12:54,404
SKGTLSE12,iTLS-Enso,17110,01/18/2022, 00:46:09,404
SKGTLSE12,iTLS-Enso,17110,01/18/2022, 02:05:46,404
SKGTLSE12,iTLS-Enso,17111,01/18/2022, 03:14:55,404
SKGTLSE12,iTLS-Enso,17111,01/18/2022, 04:16:49,404
SKGTLSE12,iTLS-Enso,17111,01/18/2022, 05:14:26,404
SKGTLSE12,iTLS-Enso,17112,01/18/2022, 06:13:51,404
SKGTLSE12,iTLS-Enso,17113,01/18/2022, 07:13:10,404
SKGTLSE12,iTLS-Enso,17113,01/18/2022, 08:16:14,404
SKGTLSE12,iTLS-Enso,17113,01/18/2022, 09:18:08,404
SKGTLSE12,iTLS-Enso,17113,01/18/2022, 10:19:13,404
SKGTLSE12,iTLS-Enso,17113,01/18/2022, 11:16:13,404
SKGTLSE12,iTLS-Enso,17113,01/18/2022, 12:22:27,404
SKGTLSE12,iTLS-Enso,17114,01/18/2022, 13:27:07,404
SKGTLSE12,iTLS-Enso,17114,01/18/2022, 14:17:12,404
SKGTLSE12,iTLS-Enso,17114,01/18/2022, 15:18:07,404
SKGTLSE12,iTLS-Enso,17114,01/18/2022, 16:24:09,404
SKGTLSE12,iTLS-Enso,17114,01/18/2022, 17:23:34,404
SKGTLSE12,iTLS-Enso,17115,01/18/2022, 18:15:21,404
SKGTLSE12,iTLS-Enso,17115,01/18/2022, 19:10:44,404
SKGTLSE12,iTLS-Enso,17116,01/18/2022, 20:14:00,404
SKGTLSE12,iTLS-Enso,17116,01/18/2022, 21:16:03,404
SKGTLSE12,iTLS-Enso,17116,01/18/2022, 22:18:01,404
SKGTLSE12,iTLS-Enso,17118,01/18/2022, 23:10:54,404
SKGTLSE12,iTLS-Enso,17118,01/19/2022, 00:39:56,404
SKGTLSE12,iTLS-Enso,17118,01/19/2022, 01:52:39,404
SKGTLSE12,iTLS-Enso,17118,01/19/2022, 02:24:32,404
SKGTLSE12,iTLS-Enso,17119,01/19/2022, 03:11:52,404
SKGTLSE12,iTLS-Enso,17120,01/19/2022, 04:15:00,404
SKGTLSE12,iTLS-Enso,17120,01/19/2022, 05:10:45,404
SKGTLSE12,iTLS-Enso,17120,01/19/2022, 06:14:10,404
SKGTLSE12,iTLS-Enso,17120,01/19/2022, 07:09:35,404
SKGTLSE12,iTLS-Enso,17120,01/19/2022, 08:14:05,404
SKGTLSE12,iTLS-Enso,17120,01/19/2022, 09:12:49,404
SKGTLSE12,iTLS-Enso,17120,01/19/2022, 10:17:01,404
SKGTLSE12,iTLS-Enso,17120,01/19/2022, 11:13:33,404
SKGTLSE12,iTLS-Enso,17120,01/19/2022, 12:18:20,404
SKGTLSE12,iTLS-Enso,17120,01/19/2022, 13:15:37,404
SKGTLSE12,iTLS-Enso,17120,01/19/2022, 14:16:12,404
SKGTLSE12,iTLS-Enso,17121,01/19/2022, 15:17:06,404
SKGTLSE12,iTLS-Enso,17121,01/19/2022, 16:17:50,404
SKGTLSE12,iTLS-Enso,17121,01/19/2022, 17:18:07,404
SKGTLSE12,iTLS-Enso,17121,01/19/2022, 18:13:49,404
SKGTLSE12,iTLS-Enso,17121,01/19/2022, 19:10:38,404
SKGTLSE12,iTLS-Enso,17121,01/19/2022, 20:12:34,404
SKGTLSE12,iTLS-Enso,17121,01/19/2022, 21:11:13,404
SKGTLSE12,iTLS-Enso,17121,01/19/2022, 22:11:53,404
SKGTLSE12,iTLS-Enso,17121,01/19/2022, 23:12:09,404
SKGTLSE12,iTLS-Enso,17121,01/20/2022, 00:49:19,404
SKGTLSE12,iTLS-Enso,17122,01/20/2022, 02:09:22,404
SKGTLSE12,iTLS-Enso,17122,01/20/2022, 03:11:23,404
SKGTLSE12,iTLS-Enso,17122,01/20/2022, 04:14:49,404
SKGTLSE12,iTLS-Enso,17122,01/20/2022, 05:11:37,404
SKGTLSE12,iTLS-Enso,17122,01/20/2022, 06:14:05,404
SKGTLSE12,iTLS-Enso,17123,01/20/2022, 07:11:53,404
SKGTLSE12,iTLS-Enso,17123,01/20/2022, 08:14:25,404
SKGTLSE12,iTLS-Enso,17123,01/20/2022, 09:13:12,404
SKGTLSE12,iTLS-Enso,17123,01/20/2022, 10:14:12,404
SKGTLSE12,iTLS-Enso,17124,01/20/2022, 11:12:45,404
SKGTLSE12,iTLS-Enso,17124,01/20/2022, 12:19:07,404
SKGTLSE12,iTLS-Enso,17126,01/20/2022, 13:15:44,404
SKGTLSE12,iTLS-Enso,17126,01/20/2022, 14:16:18,404
SKGTLSE12,iTLS-Enso,17126,01/20/2022, 15:17:08,404
SKGTLSE12,iTLS-Enso,17126,01/20/2022, 16:18:06,404
SKGTLSE12,iTLS-Enso,17126,01/20/2022, 17:20:10,404
SKGTLSE12,iTLS-Enso,17126,01/20/2022, 18:13:39,404
SKGTLSE12,iTLS-Enso,17126,01/20/2022, 19:09:34,404
SKGTLSE12,iTLS-Enso,17126,01/20/2022, 20:13:03,404
SKGTLSE12,iTLS-Enso,17128,01/20/2022, 21:10:30,404
SKGTLSE12,iTLS-Enso,17129,01/20/2022, 22:11:22,404
SKGTLSE12,iTLS-Enso,17129,01/20/2022, 23:11:36,404
SKGTLSE12,iTLS-Enso,17131,01/21/2022, 00:40:01,404
SKGTLSE12,iTLS-Enso,17133,01/21/2022, 01:55:38,404
SKGTLSE12,iTLS-Enso,17134,01/21/2022, 02:27:17,404
SKGTLSE12,iTLS-Enso,17134,01/21/2022, 03:12:00,404
SKGTLSE12,iTLS-Enso,17134,01/21/2022, 04:16:58,404
SKGTLSE12,iTLS-Enso,17134,01/21/2022, 05:10:31,404
SKGTLSE12,iTLS-Enso,17134,01/21/2022, 06:14:34,404
SKGTLSE12,iTLS-Enso,17134,01/21/2022, 07:12:04,404
SKGTLSE12,iTLS-Enso,17134,01/21/2022, 08:14:21,404
SKGTLSE12,iTLS-Enso,17134,01/21/2022, 09:11:59,404
SKGTLSE12,iTLS-Enso,17134,01/21/2022, 10:12:49,404
SKGTLSE12,iTLS-Enso,17134,01/21/2022, 11:10:21,404
SKGTLSE12,iTLS-Enso,17134,01/21/2022, 12:18:51,404
SKGTLSE12,iTLS-Enso,17134,01/21/2022, 13:15:20,404
SKGTLSE12,iTLS-Enso,17134,01/21/2022, 14:11:06,404
SKGTLSE12,iTLS-Enso,17134,01/21/2022, 15:14:13,404
SKGTLSE12,iTLS-Enso,17134,01/21/2022, 16:17:47,404
SKGTLSE12,iTLS-Enso,17134,01/21/2022, 17:15:03,404
SKGTLSE12,iTLS-Enso,17134,01/21/2022, 18:13:54,404
SKGTLSE12,iTLS-Enso,17134,01/21/2022, 19:10:19,404
SKGTLSE12,iTLS-Enso,17134,01/21/2022, 20:12:07,404
SKGTLSE12,iTLS-Enso,17134,01/21/2022, 21:09:05,404
SKGTLSE12,iTLS-Enso,17135,01/21/2022, 22:11:48,404
SKGTLSE12,iTLS-Enso,17135,01/21/2022, 23:11:51,404
SKGTLSE12,iTLS-Enso,17135,01/22/2022, 00:39:56,404
SKGTLSE12,iTLS-Enso,17135,01/22/2022, 01:51:07,404
SKGTLSE12,iTLS-Enso,17135,01/22/2022, 02:25:36,404
SKGTLSE12,iTLS-Enso,17135,01/22/2022, 03:11:46,404
SKGTLSE12,iTLS-Enso,17135,01/22/2022, 04:14:39,404
SKGTLSE12,iTLS-Enso,17135,01/22/2022, 05:10:25,404
SKGTLSE12,iTLS-Enso,17135,01/22/2022, 06:13:41,404
SKGTLSE12,iTLS-Enso,17135,01/22/2022, 07:10:51,404
SKGTLSE12,iTLS-Enso,17135,01/22/2022, 08:13:36,404
SKGTLSE12,iTLS-Enso,17135,01/22/2022, 09:11:22,404
SKGTLSE12,iTLS-Enso,17135,01/22/2022, 10:12:29,404
SKGTLSE12,iTLS-Enso,17136,01/22/2022, 11:09:56,404
SKGTLSE12,iTLS-Enso,17137,01/22/2022, 12:17:40,404
SKGTLSE12,iTLS-Enso,17137,01/22/2022, 13:13:14,404
SKGTLSE12,iTLS-Enso,17137,01/22/2022, 14:10:11,404
SKGTLSE12,iTLS-Enso,17138,01/22/2022, 15:11:46,404
SKGTLSE12,iTLS-Enso,17139,01/22/2022, 16:16:13,404
SKGTLSE12,iTLS-Enso,17139,01/22/2022, 17:13:20,404
SKGTLSE12,iTLS-Enso,17139,01/22/2022, 18:13:03,404
SKGTLSE12,iTLS-Enso,17139,01/22/2022, 19:09:45,404
SKGTLSE12,iTLS-Enso,17141,01/22/2022, 20:11:55,404
SKGTLSE12,iTLS-Enso,17141,01/22/2022, 21:09:50,404
SKGTLSE12,iTLS-Enso,17142,01/22/2022, 22:11:05,404
SKGTLSE12,iTLS-Enso,17143,01/22/2022, 23:11:14,404
SKGTLSE12,iTLS-Enso,17143,01/23/2022, 00:40:52,404
SKGTLSE12,iTLS-Enso,17143,01/23/2022, 01:54:04,404
SKGTLSE12,iTLS-Enso,17143,01/23/2022, 02:25:42,404
SKGTLSE12,iTLS-Enso,17144,01/23/2022, 03:12:19,404
SKGTLSE12,iTLS-Enso,17144,01/23/2022, 04:14:27,404
SKGTLSE12,iTLS-Enso,17144,01/23/2022, 05:10:33,404
SKGTLSE12,iTLS-Enso,17144,01/23/2022, 06:14:09,404
SKGTLSE12,iTLS-Enso,17144,01/23/2022, 07:12:07,404
SKGTLSE12,iTLS-Enso,17145,01/23/2022, 08:13:12,404
SKGTLSE12,iTLS-Enso,17145,01/23/2022, 09:11:04,404
SKGTLSE12,iTLS-Enso,17146,01/23/2022, 10:12:38,404
SKGTLSE12,iTLS-Enso,17146,01/23/2022, 11:09:53,404
SKGTLSE12,iTLS-Enso,17146,01/23/2022, 12:18:16,404
SKGTLSE12,iTLS-Enso,17147,01/23/2022, 13:13:48,404
SKGTLSE12,iTLS-Enso,17147,01/23/2022, 14:10:42,404
SKGTLSE12,iTLS-Enso,17147,01/23/2022, 15:13:12,404
SKGTLSE12,iTLS-Enso,17147,01/23/2022, 16:16:16,404
SKGTLSE12,iTLS-Enso,17147,01/23/2022, 17:13:34,404
SKGTLSE12,iTLS-Enso,17147,01/23/2022, 18:12:54,404
SKGTLSE12,iTLS-Enso,17147,01/23/2022, 19:09:18,404
SKGTLSE12,iTLS-Enso,17148,01/23/2022, 20:12:20,404
SKGTLSE12,iTLS-Enso,17149,01/23/2022, 21:10:40,404
SKGTLSE12,iTLS-Enso,17150,01/23/2022, 22:11:41,404
SKGTLSE12,iTLS-Enso,17152,01/23/2022, 23:11:23,404
SKGTLSE12,iTLS-Enso,17153,01/24/2022, 00:40:46,404
SKGTLSE12,iTLS-Enso,17153,01/24/2022, 02:00:39,404
SKGTLSE12,iTLS-Enso,17154,01/24/2022, 02:37:49,404
SKGTLSE12,iTLS-Enso,17154,01/24/2022, 03:14:49,404
SKGTLSE12,iTLS-Enso,17154,01/24/2022, 04:15:13,404
SKGTLSE12,iTLS-Enso,17154,01/24/2022, 05:11:48,404
SKGTLSE12,iTLS-Enso,17154,01/24/2022, 06:17:25,404
SKGTLSE12,iTLS-Enso,17154,01/24/2022, 07:18:18,404
SKGTLSE12,iTLS-Enso,17154,01/24/2022, 08:14:30,404
SKGTLSE12,iTLS-Enso,17155,01/24/2022, 09:11:30,404
SKGTLSE12,iTLS-Enso,17155,01/24/2022, 10:13:05,404
SKGTLSE12,iTLS-Enso,17155,01/24/2022, 11:13:01,404
SKGTLSE12,iTLS-Enso,17155,01/24/2022, 12:18:32,404
SKGTLSE12,iTLS-Enso,17155,01/24/2022, 13:16:06,404
SKGTLSE12,iTLS-Enso,17155,01/24/2022, 14:11:16,404
SKGTLSE12,iTLS-Enso,17155,01/24/2022, 15:17:18,404
SKGTLSE12,iTLS-Enso,17155,01/24/2022, 16:22:05,404
SKGTLSE12,iTLS-Enso,17156,01/24/2022, 17:21:04,404
SKGTLSE12,iTLS-Enso,17156,01/24/2022, 18:11:57,404
SKGTLSE12,iTLS-Enso,17157,01/24/2022, 19:10:04,404
SKGTLSE12,iTLS-Enso,17157,01/24/2022, 20:12:24,404
SKGTLSE12,iTLS-Enso,17157,01/24/2022, 21:09:31,404
SKGTLSE12,iTLS-Enso,17157,01/24/2022, 22:11:54,404
SKGTLSE12,iTLS-Enso,17157,01/24/2022, 23:11:39,404
SKGTLSE12,iTLS-Enso,17157,01/25/2022, 00:45:35,404
SKGTLSE12,iTLS-Enso,17157,01/25/2022, 02:01:24,404
SKGTLSE12,iTLS-Enso,17157,01/25/2022, 03:12:39,404
SKGTLSE12,iTLS-Enso,17157,01/25/2022, 04:15:05,404
SKGTLSE12,iTLS-Enso,17157,01/25/2022, 05:11:01,404
SKGTLSE12,iTLS-Enso,17157,01/25/2022, 06:14:17,404
SKGTLSE12,iTLS-Enso,17157,01/25/2022, 07:12:02,404
SKGTLSE12,iTLS-Enso,17157,01/25/2022, 08:14:35,404
SKGTLSE12,iTLS-Enso,17157,01/25/2022, 09:12:53,404
SKGTLSE12,iTLS-Enso,17157,01/25/2022, 10:18:07,404
SKGTLSE12,iTLS-Enso,17158,01/25/2022, 11:10:48,404
SKGTLSE12,iTLS-Enso,17159,01/25/2022, 12:19:22,404
SKGTLSE12,iTLS-Enso,17159,01/25/2022, 13:20:13,404
SKGTLSE12,iTLS-Enso,17159,01/25/2022, 14:16:12,404
SKGTLSE12,iTLS-Enso,17159,01/25/2022, 15:17:11,404
SKGTLSE12,iTLS-Enso,17160,01/25/2022, 16:22:12,404
SKGTLSE12,iTLS-Enso,17160,01/25/2022, 17:20:15,404
SKGTLSE12,iTLS-Enso,17160,01/25/2022, 18:15:19,404
SKGTLSE12,iTLS-Enso,17161,01/25/2022, 19:10:47,404
SKGTLSE12,iTLS-Enso,17163,01/25/2022, 20:12:24,404
SKGTLSE12,iTLS-Enso,17164,01/25/2022, 21:11:57,404
SKGTLSE12,iTLS-Enso,17164,01/25/2022, 22:11:49,404
SKGTLSE12,iTLS-Enso,17164,01/25/2022, 23:13:03,404
SKGTLSE12,iTLS-Enso,17164,01/26/2022, 00:46:51,404
SKGTLSE12,iTLS-Enso,17164,01/26/2022, 02:02:43,404
SKGTLSE12,iTLS-Enso,17164,01/26/2022, 03:11:50,404
SKGTLSE12,iTLS-Enso,17164,01/26/2022, 04:14:38,404
SKGTLSE12,iTLS-Enso,17164,01/26/2022, 05:11:04,404
SKGTLSE12,iTLS-Enso,17164,01/26/2022, 06:14:25,404
SKGTLSE12,iTLS-Enso,17164,01/26/2022, 07:11:38,404
SKGTLSE12,iTLS-Enso,17164,01/26/2022, 08:13:54,404
SKGTLSE12,iTLS-Enso,17164,01/26/2022, 09:17:16,404
SKGTLSE12,iTLS-Enso,17165,01/26/2022, 10:18:07,404
SKGTLSE12,iTLS-Enso,17165,01/26/2022, 11:15:06,404
SKGTLSE12,iTLS-Enso,17165,01/26/2022, 12:20:36,404
SKGTLSE12,iTLS-Enso,17165,01/26/2022, 13:16:23,404
SKGTLSE12,iTLS-Enso,17165,01/26/2022, 14:16:17,404
SKGTLSE12,iTLS-Enso,17166,01/26/2022, 15:17:14,404
SKGTLSE12,iTLS-Enso,17166,01/26/2022, 16:21:09,404
SKGTLSE12,iTLS-Enso,17166,01/26/2022, 17:15:30,404
SKGTLSE12,iTLS-Enso,17167,01/26/2022, 18:17:06,404
SKGTLSE12,iTLS-Enso,17167,01/26/2022, 19:10:08,404
SKGTLSE12,iTLS-Enso,17167,01/26/2022, 20:12:15,404
SKGTLSE12,iTLS-Enso,17167,01/26/2022, 21:11:09,404
SKGTLSE12,iTLS-Enso,17167,01/26/2022, 22:11:18,404
SKGTLSE12,iTLS-Enso,17168,01/26/2022, 23:12:05,404
SKGTLSE12,iTLS-Enso,17169,01/27/2022, 00:42:39,404
SKGTLSE12,iTLS-Enso,17169,01/27/2022, 01:55:31,404
SKGTLSE12,iTLS-Enso,17169,01/27/2022, 02:26:12,404
SKGTLSE12,iTLS-Enso,17169,01/27/2022, 03:12:23,404
SKGTLSE12,iTLS-Enso,17169,01/27/2022, 04:14:44,404
SKGTLSE12,iTLS-Enso,17170,01/27/2022, 05:11:47,404
SKGTLSE12,iTLS-Enso,17170,01/27/2022, 06:14:37,404
SKGTLSE12,iTLS-Enso,17170,01/27/2022, 07:12:00,404
SKGTLSE12,iTLS-Enso,17171,01/27/2022, 08:14:34,404
SKGTLSE12,iTLS-Enso,17171,01/27/2022, 09:12:20,404
SKGTLSE12,iTLS-Enso,17171,01/27/2022, 10:12:57,404
SKGTLSE12,iTLS-Enso,17171,01/27/2022, 11:12:52,404
SKGTLSE12,iTLS-Enso,17171,01/27/2022, 12:19:02,404
SKGTLSE12,iTLS-Enso,17171,01/27/2022, 13:19:26,404
SKGTLSE12,iTLS-Enso,17172,01/27/2022, 14:16:08,404
SKGTLSE12,iTLS-Enso,17172,01/27/2022, 15:17:21,404
SKGTLSE12,iTLS-Enso,17172,01/27/2022, 16:22:14,404
SKGTLSE12,iTLS-Enso,17172,01/27/2022, 17:17:32,404
SKGTLSE12,iTLS-Enso,17172,01/27/2022, 18:19:12,404
SKGTLSE12,iTLS-Enso,17172,01/27/2022, 19:09:31,404
SKGTLSE12,iTLS-Enso,17172,01/27/2022, 20:11:53,404
SKGTLSE12,iTLS-Enso,17172,01/27/2022, 21:10:50,404
SKGTLSE12,iTLS-Enso,17172,01/27/2022, 22:11:22,404
SKGTLSE12,iTLS-Enso,17173,01/27/2022, 23:12:13,404
SKGTLSE12,iTLS-Enso,17174,01/28/2022, 00:41:19,404
SKGTLSE12,iTLS-Enso,17174,01/28/2022, 01:55:31,404
SKGTLSE12,iTLS-Enso,17175,01/28/2022, 02:28:51,404
SKGTLSE12,iTLS-Enso,17175,01/28/2022, 03:11:56,404
SKGTLSE12,iTLS-Enso,17175,01/28/2022, 04:15:27,404
SKGTLSE12,iTLS-Enso,17175,01/28/2022, 05:10:56,404
SKGTLSE12,iTLS-Enso,17176,01/28/2022, 06:14:39,404
SKGTLSE12,iTLS-Enso,17177,01/28/2022, 07:11:34,404
SKGTLSE12,iTLS-Enso,17177,01/28/2022, 08:14:14,404
SKGTLSE12,iTLS-Enso,17178,01/28/2022, 09:12:54,404
SKGTLSE12,iTLS-Enso,17178,01/28/2022, 10:13:27,404
SKGTLSE12,iTLS-Enso,17179,01/28/2022, 11:10:44,404
SKGTLSE12,iTLS-Enso,17181,01/28/2022, 12:20:23,404
SKGTLSE12,iTLS-Enso,17181,01/28/2022, 13:14:48,404
SKGTLSE12,iTLS-Enso,17181,01/28/2022, 14:12:13,404
SKGTLSE12,iTLS-Enso,17181,01/28/2022, 15:14:06,404
SKGTLSE12,iTLS-Enso,17181,01/28/2022, 16:19:59,404
SKGTLSE12,iTLS-Enso,17181,01/28/2022, 17:14:33,404
SKGTLSE12,iTLS-Enso,17182,01/28/2022, 18:13:36,404
SKGTLSE12,iTLS-Enso,17183,01/28/2022, 19:09:45,404
SKGTLSE12,iTLS-Enso,17183,01/28/2022, 20:12:20,404
SKGTLSE12,iTLS-Enso,17183,01/28/2022, 21:10:16,404
SKGTLSE12,iTLS-Enso,17183,01/28/2022, 22:11:17,404
SKGTLSE12,iTLS-Enso,17184,01/28/2022, 23:12:13,404
SKGTLSE12,iTLS-Enso,17184,01/29/2022, 00:38:26,404
SKGTLSE12,iTLS-Enso,17184,01/29/2022, 01:48:51,404
SKGTLSE12,iTLS-Enso,17184,01/29/2022, 02:21:57,404
SKGTLSE12,iTLS-Enso,17184,01/29/2022, 03:11:57,404
SKGTLSE12,iTLS-Enso,17184,01/29/2022, 04:14:33,404
SKGTLSE12,iTLS-Enso,17184,01/29/2022, 05:10:43,404
SKGTLSE12,iTLS-Enso,17184,01/29/2022, 06:13:50,404
SKGTLSE12,iTLS-Enso,17184,01/29/2022, 07:11:41,404
SKGTLSE12,iTLS-Enso,17184,01/29/2022, 08:13:35,404
SKGTLSE12,iTLS-Enso,17184,01/29/2022, 09:11:46,404
SKGTLSE12,iTLS-Enso,17185,01/29/2022, 10:12:03,404
SKGTLSE12,iTLS-Enso,17185,01/29/2022, 11:10:27,404
SKGTLSE12,iTLS-Enso,17185,01/29/2022, 12:17:16,404
SKGTLSE12,iTLS-Enso,17185,01/29/2022, 13:13:13,404
SKGTLSE12,iTLS-Enso,17185,01/29/2022, 14:10:12,404
SKGTLSE12,iTLS-Enso,17186,01/29/2022, 15:11:18,404
SKGTLSE12,iTLS-Enso,17187,01/29/2022, 16:16:05,404
SKGTLSE12,iTLS-Enso,17188,01/29/2022, 17:17:31,404
SKGTLSE12,iTLS-Enso,17189,01/29/2022, 18:17:05,404
SKGTLSE12,iTLS-Enso,17191,01/29/2022, 19:11:22,404
SKGTLSE12,iTLS-Enso,17191,01/29/2022, 20:12:17,404
SKGTLSE12,iTLS-Enso,17192,01/29/2022, 21:09:33,404
SKGTLSE12,iTLS-Enso,17192,01/29/2022, 22:11:10,404
SKGTLSE12,iTLS-Enso,17193,01/29/2022, 23:10:57,404
SKGTLSE12,iTLS-Enso,17194,01/30/2022, 00:41:46,404
SKGTLSE12,iTLS-Enso,17196,01/30/2022, 01:54:21,404
SKGTLSE12,iTLS-Enso,17196,01/30/2022, 02:25:04,404
SKGTLSE12,iTLS-Enso,17196,01/30/2022, 03:11:51,404
SKGTLSE12,iTLS-Enso,17196,01/30/2022, 04:14:31,404
SKGTLSE12,iTLS-Enso,17197,01/30/2022, 05:10:16,404
SKGTLSE12,iTLS-Enso,17199,01/30/2022, 06:13:32,404
SKGTLSE12,iTLS-Enso,17199,01/30/2022, 07:11:23,404
SKGTLSE12,iTLS-Enso,17199,01/30/2022, 08:13:09,404
SKGTLSE12,iTLS-Enso,17199,01/30/2022, 09:11:05,404
SKGTLSE12,iTLS-Enso,17199,01/30/2022, 10:11:53,404
SKGTLSE12,iTLS-Enso,17200,01/30/2022, 11:09:28,404
SKGTLSE12,iTLS-Enso,17201,01/30/2022, 12:17:13,404
SKGTLSE12,iTLS-Enso,17201,01/30/2022, 13:12:50,404
SKGTLSE12,iTLS-Enso,17201,01/30/2022, 14:10:35,404
SKGTLSE12,iTLS-Enso,17201,01/30/2022, 15:11:06,404
SKGTLSE12,iTLS-Enso,17201,01/30/2022, 16:16:00,404
SKGTLSE12,iTLS-Enso,17201,01/30/2022, 17:12:26,404
SKGTLSE12,iTLS-Enso,17202,01/30/2022, 18:13:02,404
SKGTLSE12,iTLS-Enso,17202,01/30/2022, 19:09:06,404
SKGTLSE12,iTLS-Enso,17203,01/30/2022, 20:12:25,404
SKGTLSE12,iTLS-Enso,17203,01/30/2022, 21:09:48,404
SKGTLSE12,iTLS-Enso,17203,01/30/2022, 22:11:04,404
SKGTLSE12,iTLS-Enso,17204,01/30/2022, 23:11:35,404
SKGTLSE12,iTLS-Enso,17206,01/31/2022, 00:40:45,404
SKGTLSE12,iTLS-Enso,17207,01/31/2022, 01:52:39,404
SKGTLSE12,iTLS-Enso,17207,01/31/2022, 02:24:34,404
SKGTLSE12,iTLS-Enso,17207,01/31/2022, 03:12:17,404
SKGTLSE12,iTLS-Enso,17207,01/31/2022, 04:15:01,404
SKGTLSE12,iTLS-Enso,17207,01/31/2022, 05:11:03,404
SKGTLSE12,iTLS-Enso,17207,01/31/2022, 06:14:20,404
SKGTLSE12,iTLS-Enso,17207,01/31/2022, 07:12:16,404
SKGTLSE12,iTLS-Enso,17207,01/31/2022, 08:14:31,404
SKGTLSE12,iTLS-Enso,17207,01/31/2022, 09:12:25,404
SKGTLSE12,iTLS-Enso,17207,01/31/2022, 10:13:47,404
SKGTLSE12,iTLS-Enso,17207,01/31/2022, 11:13:20,404
SKGTLSE12,iTLS-Enso,17207,01/31/2022, 12:20:52,404
SKGTLSE12,iTLS-Enso,17207,01/31/2022, 13:20:05,404
SKGTLSE12,iTLS-Enso,17208,01/31/2022, 14:12:56,404
SKGTLSE12,iTLS-Enso,17209,01/31/2022, 15:13:06,404
SKGTLSE12,iTLS-Enso,17209,01/31/2022, 16:18:15,404
SKGTLSE12,iTLS-Enso,17209,01/31/2022, 17:12:50,404
SKGTLSE12,iTLS-Enso,17209,01/31/2022, 18:18:17,404
SKGTLSE12,iTLS-Enso,17209,01/31/2022, 19:11:57,404
SKGTLSE12,iTLS-Enso,17209,01/31/2022, 20:13:16,404
SKGTLSE12,iTLS-Enso,17209,01/31/2022, 21:10:01,404
SKGTLSE12,iTLS-Enso,17209,01/31/2022, 22:11:11,404
SKGTLSE12,iTLS-Enso,17210,01/31/2022, 23:12:14,404
SKGTLSE12,iTLS-Enso,17210,02/01/2022, 00:43:19,404
SKGTLSE12,iTLS-Enso,17210,02/01/2022, 01:58:25,404
SKGTLSE12,iTLS-Enso,17210,02/01/2022, 02:31:27,404
SKGTLSE12,iTLS-Enso,17210,02/01/2022, 03:11:59,404
SKGTLSE12,iTLS-Enso,17211,02/01/2022, 04:14:43,404
SKGTLSE12,iTLS-Enso,17212,02/01/2022, 05:11:30,404
SKGTLSE12,iTLS-Enso,17212,02/01/2022, 06:14:23,404
SKGTLSE12,iTLS-Enso,17213,02/01/2022, 07:11:48,404
SKGTLSE12,iTLS-Enso,17213,02/01/2022, 08:14:31,404
SKGTLSE12,iTLS-Enso,17216,02/01/2022, 09:12:36,404
SKGTLSE12,iTLS-Enso,17216,02/01/2022, 10:18:01,404
SKGTLSE12,iTLS-Enso,17216,02/01/2022, 11:15:12,404
SKGTLSE12,iTLS-Enso,17216,02/01/2022, 12:19:01,404
SKGTLSE12,iTLS-Enso,17218,02/01/2022, 13:18:48,404
SKGTLSE12,iTLS-Enso,17218,02/01/2022, 14:16:09,404
SKGTLSE12,iTLS-Enso,17218,02/01/2022, 15:17:18,404
SKGTLSE12,iTLS-Enso,17218,02/01/2022, 16:23:09,404
SKGTLSE12,iTLS-Enso,17219,02/01/2022, 17:17:43,404
SKGTLSE12,iTLS-Enso,17219,02/01/2022, 18:15:45,404
SKGTLSE12,iTLS-Enso,17219,02/01/2022, 19:12:54,404
SKGTLSE12,iTLS-Enso,17219,02/01/2022, 20:12:24,404
SKGTLSE12,iTLS-Enso,17219,02/01/2022, 21:10:31,404
SKGTLSE12,iTLS-Enso,17221,02/01/2022, 22:11:17,404
SKGTLSE12,iTLS-Enso,17222,02/01/2022, 23:12:10,404
SKGTLSE12,iTLS-Enso,17222,02/02/2022, 00:43:47,404
SKGTLSE12,iTLS-Enso,17222,02/02/2022, 01:56:08,404
SKGTLSE12,iTLS-Enso,17222,02/02/2022, 02:26:25,404
SKGTLSE12,iTLS-Enso,17222,02/02/2022, 03:11:59,404
SKGTLSE12,iTLS-Enso,17222,02/02/2022, 04:14:36,404
SKGTLSE12,iTLS-Enso,17222,02/02/2022, 05:11:23,404
SKGTLSE12,iTLS-Enso,17222,02/02/2022, 06:14:20,404
SKGTLSE12,iTLS-Enso,17222,02/02/2022, 07:11:35,404
SKGTLSE12,iTLS-Enso,17222,02/02/2022, 08:14:08,404
SKGTLSE12,iTLS-Enso,17223,02/02/2022, 09:11:47,404
SKGTLSE12,iTLS-Enso,17223,02/02/2022, 10:13:09,404
SKGTLSE12,iTLS-Enso,17224,02/02/2022, 11:13:23,404
SKGTLSE12,iTLS-Enso,17224,02/02/2022, 12:18:17,404
SKGTLSE12,iTLS-Enso,17224,02/02/2022, 13:17:55,404
SKGTLSE12,iTLS-Enso,17224,02/02/2022, 14:16:16,404
SKGTLSE12,iTLS-Enso,17224,02/02/2022, 15:16:43,404
SKGTLSE12,iTLS-Enso,17224,02/02/2022, 16:21:54,404
SKGTLSE12,iTLS-Enso,17226,02/02/2022, 17:18:35,404
SKGTLSE12,iTLS-Enso,17227,02/02/2022, 18:14:01,404
SKGTLSE12,iTLS-Enso,17227,02/02/2022, 19:10:13,404
SKGTLSE12,iTLS-Enso,17227,02/02/2022, 20:13:01,404
SKGTLSE12,iTLS-Enso,17227,02/02/2022, 21:11:19,404
SKGTLSE12,iTLS-Enso,17227,02/02/2022, 22:11:26,404
SKGTLSE12,iTLS-Enso,17230,02/02/2022, 23:12:15,404
SKGTLSE12,iTLS-Enso,17230,02/03/2022, 00:40:45,404
SKGTLSE12,iTLS-Enso,17231,02/03/2022, 01:52:15,404
SKGTLSE12,iTLS-Enso,17232,02/03/2022, 02:23:46,404
SKGTLSE12,iTLS-Enso,17233,02/03/2022, 03:12:51,404
SKGTLSE12,iTLS-Enso,17233,02/03/2022, 04:14:39,404
SKGTLSE12,iTLS-Enso,17233,02/03/2022, 05:11:33,404
SKGTLSE12,iTLS-Enso,17233,02/03/2022, 06:14:42,404
SKGTLSE12,iTLS-Enso,17234,02/03/2022, 07:11:57,404
SKGTLSE12,iTLS-Enso,17235,02/03/2022, 08:16:12,404
SKGTLSE12,iTLS-Enso,17235,02/03/2022, 09:12:32,404
SKGTLSE12,iTLS-Enso,17235,02/03/2022, 10:12:34,404
SKGTLSE12,iTLS-Enso,17235,02/03/2022, 11:12:32,404
SKGTLSE12,iTLS-Enso,17235,02/03/2022, 12:18:33,404
SKGTLSE12,iTLS-Enso,17235,02/03/2022, 13:15:22,404
SKGTLSE12,iTLS-Enso,17235,02/03/2022, 14:16:07,404
SKGTLSE12,iTLS-Enso,17235,02/03/2022, 15:14:07,404
SKGTLSE12,iTLS-Enso,17235,02/03/2022, 16:22:11,404
SKGTLSE12,iTLS-Enso,17235,02/03/2022, 17:18:53,404
SKGTLSE12,iTLS-Enso,17235,02/03/2022, 18:15:46,404
SKGTLSE12,iTLS-Enso,17236,02/03/2022, 19:10:33,404
SKGTLSE12,iTLS-Enso,17236,02/03/2022, 20:13:32,404
SKGTLSE12,iTLS-Enso,17237,02/03/2022, 21:10:34,404
SKGTLSE12,iTLS-Enso,17238,02/03/2022, 22:11:09,404
SKGTLSE12,iTLS-Enso,17238,02/03/2022, 23:10:21,404
SKGTLSE12,iTLS-Enso,17238,02/04/2022, 00:42:15,404
SKGTLSE12,iTLS-Enso,17241,02/04/2022, 01:45:16,404
SKGTLSE12,iTLS-Enso,17241,02/04/2022, 02:13:38,404
SKGTLSE12,iTLS-Enso,17241,02/04/2022, 03:10:54,404
SKGTLSE12,iTLS-Enso,17241,02/04/2022, 04:12:36,404
SKGTLSE12,iTLS-Enso,17241,02/04/2022, 05:09:43,404
SKGTLSE12,iTLS-Enso,17241,02/04/2022, 06:11:52,404
SKGTLSE12,iTLS-Enso,17241,02/04/2022, 07:10:12,404
SKGTLSE12,iTLS-Enso,17241,02/04/2022, 08:12:28,404
SKGTLSE12,iTLS-Enso,17242,02/04/2022, 09:10:58,404
SKGTLSE12,iTLS-Enso,17242,02/04/2022, 10:11:50,404
SKGTLSE12,iTLS-Enso,17242,02/04/2022, 11:08:23,404
SKGTLSE12,iTLS-Enso,17242,02/04/2022, 12:16:36,404
SKGTLSE12,iTLS-Enso,17242,02/04/2022, 13:11:05,404
SKGTLSE12,iTLS-Enso,17242,02/04/2022, 14:09:49,404
SKGTLSE12,iTLS-Enso,17242,02/04/2022, 15:13:24,404
SKGTLSE12,iTLS-Enso,17242,02/04/2022, 16:18:22,404
SKGTLSE12,iTLS-Enso,17242,02/04/2022, 17:09:43,404
SKGTLSE12,iTLS-Enso,17242,02/04/2022, 18:11:28,404
SKGTLSE12,iTLS-Enso,17242,02/04/2022, 19:08:53,404
SKGTLSE12,iTLS-Enso,17242,02/04/2022, 20:10:38,404
SKGTLSE12,iTLS-Enso,17242,02/04/2022, 21:09:28,404
SKGTLSE12,iTLS-Enso,17243,02/04/2022, 22:10:06,404
SKGTLSE12,iTLS-Enso,17245,02/04/2022, 23:10:54,404
SKGTLSE12,iTLS-Enso,17245,02/05/2022, 00:36:23,404
SKGTLSE12,iTLS-Enso,17246,02/05/2022, 01:36:04,404
SKGTLSE12,iTLS-Enso,17246,02/05/2022, 02:12:50,404
SKGTLSE12,iTLS-Enso,17246,02/05/2022, 03:11:03,404
SKGTLSE12,iTLS-Enso,17246,02/05/2022, 04:13:05,404
SKGTLSE12,iTLS-Enso,17246,02/05/2022, 05:09:38,404
SKGTLSE12,iTLS-Enso,17246,02/05/2022, 06:11:45,404
SKGTLSE12,iTLS-Enso,17247,02/05/2022, 07:10:13,404
SKGTLSE12,iTLS-Enso,17247,02/05/2022, 08:11:35,404
SKGTLSE12,iTLS-Enso,17247,02/05/2022, 09:10:26,404
SKGTLSE12,iTLS-Enso,17247,02/05/2022, 10:10:28,404
SKGTLSE12,iTLS-Enso,17247,02/05/2022, 11:09:29,404
SKGTLSE12,iTLS-Enso,17247,02/05/2022, 12:14:14,404
SKGTLSE12,iTLS-Enso,17248,02/05/2022, 13:09:59,404
SKGTLSE12,iTLS-Enso,17248,02/05/2022, 14:09:10,404
SKGTLSE12,iTLS-Enso,17249,02/05/2022, 15:09:42,404
SKGTLSE12,iTLS-Enso,17249,02/05/2022, 16:13:17,404
SKGTLSE12,iTLS-Enso,17249,02/05/2022, 17:10:48,404
SKGTLSE12,iTLS-Enso,17249,02/05/2022, 18:11:05,404
SKGTLSE12,iTLS-Enso,17249,02/05/2022, 19:09:14,404
SKGTLSE12,iTLS-Enso,17250,02/05/2022, 20:10:17,404
SKGTLSE12,iTLS-Enso,17252,02/05/2022, 21:09:09,404
SKGTLSE12,iTLS-Enso,17253,02/05/2022, 22:14:35,404
SKGTLSE12,iTLS-Enso,17253,02/05/2022, 23:19:45,404
SKGTLSE12,iTLS-Enso,17254,02/06/2022, 00:52:09,404
SKGTLSE12,iTLS-Enso,17254,02/06/2022, 02:07:51,404
SKGTLSE12,iTLS-Enso,17254,02/06/2022, 03:11:24,404
SKGTLSE12,iTLS-Enso,17255,02/06/2022, 04:15:06,404
SKGTLSE12,iTLS-Enso,17256,02/06/2022, 05:10:34,404
SKGTLSE12,iTLS-Enso,17256,02/06/2022, 06:13:48,404
SKGTLSE12,iTLS-Enso,17256,02/06/2022, 07:11:51,404
SKGTLSE12,iTLS-Enso,17257,02/06/2022, 08:13:11,404
SKGTLSE12,iTLS-Enso,17257,02/06/2022, 09:11:16,404
SKGTLSE12,iTLS-Enso,17257,02/06/2022, 10:12:05,404
SKGTLSE12,iTLS-Enso,17257,02/06/2022, 11:09:30,404
SKGTLSE12,iTLS-Enso,17257,02/06/2022, 12:17:17,404
SKGTLSE12,iTLS-Enso,17257,02/06/2022, 13:12:55,404
SKGTLSE12,iTLS-Enso,17257,02/06/2022, 14:10:38,404
SKGTLSE12,iTLS-Enso,17257,02/06/2022, 15:11:06,404
SKGTLSE12,iTLS-Enso,17257,02/06/2022, 16:15:55,404
SKGTLSE12,iTLS-Enso,17258,02/06/2022, 17:12:03,404
SKGTLSE12,iTLS-Enso,17258,02/06/2022, 18:12:52,404
SKGTLSE12,iTLS-Enso,17258,02/06/2022, 19:09:03,404
SKGTLSE12,iTLS-Enso,17259,02/06/2022, 20:11:46,404
SKGTLSE12,iTLS-Enso,17259,02/06/2022, 21:10:55,404
SKGTLSE12,iTLS-Enso,17259,02/06/2022, 22:11:11,404
SKGTLSE12,iTLS-Enso,17260,02/06/2022, 23:11:21,404
SKGTLSE12,iTLS-Enso,17260,02/07/2022, 00:42:34,404
SKGTLSE12,iTLS-Enso,17260,02/07/2022, 01:54:58,404
SKGTLSE12,iTLS-Enso,17260,02/07/2022, 02:26:19,404
SKGTLSE12,iTLS-Enso,17260,02/07/2022, 03:12:11,404
SKGTLSE12,iTLS-Enso,17260,02/07/2022, 04:15:15,404
SKGTLSE12,iTLS-Enso,17261,02/07/2022, 05:11:20,404
SKGTLSE12,iTLS-Enso,17261,02/07/2022, 06:14:23,404
SKGTLSE12,iTLS-Enso,17261,02/07/2022, 07:11:43,404
SKGTLSE12,iTLS-Enso,17262,02/07/2022, 08:14:41,404
SKGTLSE12,iTLS-Enso,17264,02/07/2022, 10:17:16,404
SKGTLSE12,iTLS-Enso,17264,02/07/2022, 11:14:13,404
SKGTLSE12,iTLS-Enso,17264,02/07/2022, 12:25:33,404
SKGTLSE12,iTLS-Enso,17265,02/07/2022, 13:20:41,404
SKGTLSE12,iTLS-Enso,17265,02/07/2022, 14:13:08,404
SKGTLSE12,iTLS-Enso,17265,02/07/2022, 15:17:18,404
SKGTLSE12,iTLS-Enso,17265,02/07/2022, 16:18:42,404
SKGTLSE12,iTLS-Enso,17265,02/07/2022, 17:17:30,404
SKGTLSE12,iTLS-Enso,17267,02/07/2022, 18:18:20,404
SKGTLSE12,iTLS-Enso,17267,02/07/2022, 19:13:23,404
SKGTLSE12,iTLS-Enso,17267,02/07/2022, 20:15:08,404
SKGTLSE12,iTLS-Enso,17267,02/07/2022, 21:14:26,404
SKGTLSE12,iTLS-Enso,17267,02/07/2022, 22:17:17,404
SKGTLSE12,iTLS-Enso,17267,02/07/2022, 23:12:30,404
SKGTLSE12,iTLS-Enso,17267,02/08/2022, 00:44:04,404
SKGTLSE12,iTLS-Enso,17267,02/08/2022, 01:57:11,404
SKGTLSE12,iTLS-Enso,17268,02/08/2022, 02:29:15,404
SKGTLSE12,iTLS-Enso,17268,02/08/2022, 03:12:04,404
SKGTLSE12,iTLS-Enso,17269,02/08/2022, 04:14:37,404
SKGTLSE12,iTLS-Enso,17270,02/08/2022, 05:11:04,404
SKGTLSE12,iTLS-Enso,17271,02/08/2022, 06:15:09,404
SKGTLSE12,iTLS-Enso,17271,02/08/2022, 07:11:59,404
SKGTLSE12,iTLS-Enso,17272,02/08/2022, 08:14:37,404
SKGTLSE12,iTLS-Enso,17272,02/08/2022, 09:17:24,404
SKGTLSE12,iTLS-Enso,17272,02/08/2022, 10:12:56,404
SKGTLSE12,iTLS-Enso,17272,02/08/2022, 11:12:38,404
SKGTLSE12,iTLS-Enso,17272,02/08/2022, 12:22:31,404
SKGTLSE12,iTLS-Enso,17272,02/08/2022, 13:20:15,404
SKGTLSE12,iTLS-Enso,17272,02/08/2022, 14:17:25,404
SKGTLSE12,iTLS-Enso,17272,02/08/2022, 15:17:42,404
SKGTLSE12,iTLS-Enso,17272,02/08/2022, 16:22:13,404
SKGTLSE12,iTLS-Enso,17272,02/08/2022, 17:16:22,404
SKGTLSE12,iTLS-Enso,17274,02/08/2022, 18:13:07,404
SKGTLSE12,iTLS-Enso,17275,02/08/2022, 19:14:29,404
SKGTLSE12,iTLS-Enso,17275,02/08/2022, 20:17:18,404
SKGTLSE12,iTLS-Enso,17276,02/08/2022, 21:16:59,404
SKGTLSE12,iTLS-Enso,17277,02/08/2022, 22:13:02,404
SKGTLSE12,iTLS-Enso,17277,02/08/2022, 23:12:29,404
SKGTLSE12,iTLS-Enso,17277,02/09/2022, 00:45:34,404
SKGTLSE12,iTLS-Enso,17277,02/09/2022, 02:02:00,404
SKGTLSE12,iTLS-Enso,17277,02/09/2022, 03:12:08,404
SKGTLSE12,iTLS-Enso,17277,02/09/2022, 04:15:05,404
SKGTLSE12,iTLS-Enso,17277,02/09/2022, 05:10:55,404
SKGTLSE12,iTLS-Enso,17278,02/09/2022, 06:14:35,404
SKGTLSE12,iTLS-Enso,17279,02/09/2022, 07:12:15,404
SKGTLSE12,iTLS-Enso,17279,02/09/2022, 08:17:02,404
SKGTLSE12,iTLS-Enso,17280,02/09/2022, 09:17:14,404
SKGTLSE12,iTLS-Enso,17280,02/09/2022, 10:17:22,404
SKGTLSE12,iTLS-Enso,17281,02/09/2022, 11:13:47,404
SKGTLSE12,iTLS-Enso,17281,02/09/2022, 12:23:09,404
SKGTLSE12,iTLS-Enso,17282,02/09/2022, 13:20:23,404
SKGTLSE12,iTLS-Enso,17282,02/09/2022, 14:15:15,404
SKGTLSE12,iTLS-Enso,17282,02/09/2022, 15:20:10,404
SKGTLSE12,iTLS-Enso,17282,02/09/2022, 16:22:22,404
SKGTLSE12,iTLS-Enso,17282,02/09/2022, 17:20:18,404
SKGTLSE12,iTLS-Enso,17282,02/09/2022, 18:14:04,404
SKGTLSE12,iTLS-Enso,17283,02/09/2022, 19:09:52,404
SKGTLSE12,iTLS-Enso,17285,02/09/2022, 20:12:27,404
SKGTLSE12,iTLS-Enso,17285,02/09/2022, 21:10:36,404
SKGTLSE12,iTLS-Enso,17285,02/09/2022, 22:11:37,404
SKGTLSE12,iTLS-Enso,17285,02/09/2022, 23:11:54,404
SKGTLSE12,iTLS-Enso,17287,02/10/2022, 00:44:37,404
SKGTLSE12,iTLS-Enso,17287,02/10/2022, 01:55:31,404
SKGTLSE12,iTLS-Enso,17289,02/10/2022, 02:25:41,404
SKGTLSE12,iTLS-Enso,17289,02/10/2022, 03:11:58,404
SKGTLSE12,iTLS-Enso,17290,02/10/2022, 04:14:49,404
SKGTLSE12,iTLS-Enso,17290,02/10/2022, 05:11:34,404
SKGTLSE12,iTLS-Enso,17290,02/10/2022, 06:14:15,404
SKGTLSE12,iTLS-Enso,17290,02/10/2022, 07:11:27,404
SKGTLSE12,iTLS-Enso,17290,02/10/2022, 08:13:54,404
SKGTLSE12,iTLS-Enso,17290,02/10/2022, 09:17:24,404
SKGTLSE12,iTLS-Enso,17290,02/10/2022, 10:18:03,404
SKGTLSE12,iTLS-Enso,17290,02/10/2022, 11:11:35,404
SKGTLSE12,iTLS-Enso,17290,02/10/2022, 12:18:23,404
SKGTLSE12,iTLS-Enso,17290,02/10/2022, 13:14:49,404
SKGTLSE12,iTLS-Enso,17290,02/10/2022, 14:14:09,404
SKGTLSE12,iTLS-Enso,17290,02/10/2022, 15:17:13,404
SKGTLSE12,iTLS-Enso,17290,02/10/2022, 16:21:11,404
SKGTLSE12,iTLS-Enso,17291,02/10/2022, 17:15:51,404
SKGTLSE12,iTLS-Enso,17291,02/10/2022, 18:14:52,404
SKGTLSE12,iTLS-Enso,17291,02/10/2022, 19:08:11,404
SKGTLSE12,iTLS-Enso,17291,02/10/2022, 20:12:16,404
SKGTLSE12,iTLS-Enso,17291,02/10/2022, 21:11:41,404
SKGTLSE12,iTLS-Enso,17291,02/10/2022, 22:11:16,404
SKGTLSE12,iTLS-Enso,17291,02/10/2022, 23:12:20,404
SKGTLSE12,iTLS-Enso,17292,02/11/2022, 00:48:14,404
SKGTLSE12,iTLS-Enso,17292,02/11/2022, 01:58:54,404
SKGTLSE12,iTLS-Enso,17292,02/11/2022, 02:32:48,404
SKGTLSE12,iTLS-Enso,17292,02/11/2022, 03:11:58,404
SKGTLSE12,iTLS-Enso,17292,02/11/2022, 04:14:40,404
SKGTLSE12,iTLS-Enso,17292,02/11/2022, 05:10:53,404
SKGTLSE12,iTLS-Enso,17293,02/11/2022, 06:15:07,404
SKGTLSE12,iTLS-Enso,17293,02/11/2022, 07:11:14,404
SKGTLSE12,iTLS-Enso,17293,02/11/2022, 08:13:47,404
SKGTLSE12,iTLS-Enso,17293,02/11/2022, 09:12:23,404
SKGTLSE12,iTLS-Enso,17293,02/11/2022, 10:12:43,404
SKGTLSE12,iTLS-Enso,17293,02/11/2022, 11:10:24,404
SKGTLSE12,iTLS-Enso,17294,02/11/2022, 12:17:46,404
SKGTLSE12,iTLS-Enso,17295,02/11/2022, 13:14:02,404
SKGTLSE12,iTLS-Enso,17296,02/11/2022, 14:13:00,404
SKGTLSE12,iTLS-Enso,17296,02/11/2022, 15:16:18,404
SKGTLSE12,iTLS-Enso,17296,02/11/2022, 16:21:13,404
SKGTLSE12,iTLS-Enso,17296,02/11/2022, 17:14:34,404
SKGTLSE12,iTLS-Enso,17296,02/11/2022, 18:13:37,404
SKGTLSE12,iTLS-Enso,17296,02/11/2022, 19:09:34,404
SKGTLSE12,iTLS-Enso,17297,02/11/2022, 20:12:26,404
SKGTLSE12,iTLS-Enso,17298,02/11/2022, 21:10:51,404
SKGTLSE12,iTLS-Enso,17298,02/11/2022, 22:11:02,404
SKGTLSE12,iTLS-Enso,17298,02/11/2022, 23:11:45,404
SKGTLSE12,iTLS-Enso,17299,02/12/2022, 00:46:34,404
SKGTLSE12,iTLS-Enso,17299,02/12/2022, 02:00:56,404
SKGTLSE12,iTLS-Enso,17299,02/12/2022, 02:43:06,404
SKGTLSE12,iTLS-Enso,17299,02/12/2022, 03:11:30,404
SKGTLSE12,iTLS-Enso,17299,02/12/2022, 04:15:19,404
SKGTLSE12,iTLS-Enso,17299,02/12/2022, 05:10:29,404
SKGTLSE12,iTLS-Enso,17299,02/12/2022, 06:13:33,404
SKGTLSE12,iTLS-Enso,17299,02/12/2022, 07:10:52,404
SKGTLSE12,iTLS-Enso,17299,02/12/2022, 08:13:56,404
SKGTLSE12,iTLS-Enso,17299,02/12/2022, 09:12:36,404
SKGTLSE12,iTLS-Enso,17299,02/12/2022, 10:11:43,404
SKGTLSE12,iTLS-Enso,17299,02/12/2022, 11:10:07,404
SKGTLSE12,iTLS-Enso,17299,02/12/2022, 12:17:39,404
SKGTLSE12,iTLS-Enso,17300,02/12/2022, 13:12:32,404
SKGTLSE12,iTLS-Enso,17300,02/12/2022, 14:10:13,404
SKGTLSE12,iTLS-Enso,17300,02/12/2022, 15:11:08,404
SKGTLSE12,iTLS-Enso,17300,02/12/2022, 16:15:50,404
SKGTLSE12,iTLS-Enso,17301,02/12/2022, 17:10:48,404
SKGTLSE12,iTLS-Enso,17302,02/12/2022, 18:13:33,404
SKGTLSE12,iTLS-Enso,17302,02/12/2022, 19:09:13,404
SKGTLSE12,iTLS-Enso,17302,02/12/2022, 20:12:12,404
SKGTLSE12,iTLS-Enso,17302,02/12/2022, 21:09:42,404
SKGTLSE12,iTLS-Enso,17302,02/12/2022, 22:10:46,404
SKGTLSE12,iTLS-Enso,17302,02/12/2022, 23:11:43,404
SKGTLSE12,iTLS-Enso,17303,02/13/2022, 00:47:01,404
SKGTLSE12,iTLS-Enso,17303,02/13/2022, 01:59:33,404
SKGTLSE12,iTLS-Enso,17303,02/13/2022, 02:33:44,404
SKGTLSE12,iTLS-Enso,17303,02/13/2022, 03:12:00,404
SKGTLSE12,iTLS-Enso,17303,02/13/2022, 04:14:47,404
SKGTLSE12,iTLS-Enso,17303,02/13/2022, 05:10:22,404
SKGTLSE12,iTLS-Enso,17303,02/13/2022, 06:13:29,404
SKGTLSE12,iTLS-Enso,17303,02/13/2022, 07:11:27,404
SKGTLSE12,iTLS-Enso,17303,02/13/2022, 08:13:51,404
SKGTLSE12,iTLS-Enso,17303,02/13/2022, 09:12:11,404
SKGTLSE12,iTLS-Enso,17305,02/13/2022, 10:12:02,404
SKGTLSE12,iTLS-Enso,17305,02/13/2022, 11:09:45,404
SKGTLSE12,iTLS-Enso,17306,02/13/2022, 12:17:12,404
SKGTLSE12,iTLS-Enso,17306,02/13/2022, 13:12:38,404
SKGTLSE12,iTLS-Enso,17306,02/13/2022, 14:10:21,404
SKGTLSE12,iTLS-Enso,17307,02/13/2022, 15:12:20,404
SKGTLSE12,iTLS-Enso,17307,02/13/2022, 16:16:10,404
SKGTLSE12,iTLS-Enso,17308,02/13/2022, 17:10:48,404
SKGTLSE12,iTLS-Enso,17308,02/13/2022, 18:13:08,404
SKGTLSE12,iTLS-Enso,17308,02/13/2022, 19:09:12,404
SKGTLSE12,iTLS-Enso,17308,02/13/2022, 20:12:17,404
SKGTLSE12,iTLS-Enso,17308,02/13/2022, 21:10:17,404
SKGTLSE12,iTLS-Enso,17309,02/13/2022, 22:12:16,404
SKGTLSE12,iTLS-Enso,17309,02/13/2022, 23:11:53,404
SKGTLSE12,iTLS-Enso,17309,02/14/2022, 00:42:02,404
SKGTLSE12,iTLS-Enso,17309,02/14/2022, 01:53:00,404
SKGTLSE12,iTLS-Enso,17309,02/14/2022, 02:22:57,404
SKGTLSE12,iTLS-Enso,17309,02/14/2022, 03:12:20,404
SKGTLSE12,iTLS-Enso,17309,02/14/2022, 04:14:49,404
SKGTLSE12,iTLS-Enso,17309,02/14/2022, 05:11:46,404
SKGTLSE12,iTLS-Enso,17309,02/14/2022, 06:14:32,404
SKGTLSE12,iTLS-Enso,17310,02/14/2022, 07:12:17,404
SKGTLSE12,iTLS-Enso,17311,02/14/2022, 08:14:48,404
SKGTLSE12,iTLS-Enso,17311,02/14/2022, 09:14:16,404
SKGTLSE12,iTLS-Enso,17311,02/14/2022, 10:17:15,404
SKGTLSE12,iTLS-Enso,17311,02/14/2022, 11:12:26,404
SKGTLSE12,iTLS-Enso,17311,02/14/2022, 12:20:01,404
SKGTLSE12,iTLS-Enso,17311,02/14/2022, 13:19:13,404
SKGTLSE12,iTLS-Enso,17311,02/14/2022, 14:12:51,404
SKGTLSE12,iTLS-Enso,17311,02/14/2022, 15:17:20,404
SKGTLSE12,iTLS-Enso,17312,02/14/2022, 16:19:34,404
SKGTLSE12,iTLS-Enso,17313,02/14/2022, 17:16:09,404
SKGTLSE12,iTLS-Enso,17313,02/14/2022, 18:18:23,404
SKGTLSE12,iTLS-Enso,17313,02/14/2022, 19:13:21,404
SKGTLSE12,iTLS-Enso,17314,02/14/2022, 20:12:47,404
SKGTLSE12,iTLS-Enso,17314,02/14/2022, 21:10:56,404
SKGTLSE12,iTLS-Enso,17314,02/14/2022, 22:11:20,404
SKGTLSE12,iTLS-Enso,17314,02/14/2022, 23:12:02,404
SKGTLSE12,iTLS-Enso,17316,02/15/2022, 03:12:37,404
SKGTLSE12,iTLS-Enso,17316,02/15/2022, 04:15:13,404
SKGTLSE12,iTLS-Enso,17316,02/15/2022, 05:11:48,404
SKGTLSE12,iTLS-Enso,17317,02/15/2022, 06:14:39,404
SKGTLSE12,iTLS-Enso,17317,02/15/2022, 07:11:30,404
SKGTLSE12,iTLS-Enso,17317,02/15/2022, 08:14:23,404
SKGTLSE12,iTLS-Enso,17317,02/15/2022, 09:12:18,404
SKGTLSE12,iTLS-Enso,17317,02/15/2022, 10:13:05,404
SKGTLSE12,iTLS-Enso,17317,02/15/2022, 11:12:58,404
SKGTLSE12,iTLS-Enso,17318,02/15/2022, 12:19:33,404
SKGTLSE12,iTLS-Enso,17318,02/15/2022, 13:21:30,404
SKGTLSE12,iTLS-Enso,17318,02/15/2022, 14:11:40,404
SKGTLSE12,iTLS-Enso,17318,02/15/2022, 15:16:37,404
SKGTLSE12,iTLS-Enso,17318,02/15/2022, 16:17:20,404
SKGTLSE12,iTLS-Enso,17319,02/15/2022, 17:16:16,404
SKGTLSE12,iTLS-Enso,17319,02/15/2022, 18:17:33,404
SKGTLSE12,iTLS-Enso,17319,02/15/2022, 19:09:50,404
SKGTLSE12,iTLS-Enso,17321,02/15/2022, 20:12:46,404
SKGTLSE12,iTLS-Enso,17322,02/15/2022, 21:10:18,404
SKGTLSE12,iTLS-Enso,17322,02/15/2022, 22:12:24,404
SKGTLSE12,iTLS-Enso,17322,02/15/2022, 23:12:42,404
SKGTLSE12,iTLS-Enso,17324,02/16/2022, 00:45:04,404
SKGTLSE12,iTLS-Enso,17325,02/16/2022, 02:03:51,404
SKGTLSE12,iTLS-Enso,17326,02/16/2022, 03:13:03,404
SKGTLSE12,iTLS-Enso,17326,02/16/2022, 04:15:19,404
SKGTLSE12,iTLS-Enso,17326,02/16/2022, 05:11:10,404
SKGTLSE12,iTLS-Enso,17327,02/16/2022, 06:14:37,404
SKGTLSE12,iTLS-Enso,17327,02/16/2022, 07:11:44,404
SKGTLSE12,iTLS-Enso,17327,02/16/2022, 08:14:23,404
SKGTLSE12,iTLS-Enso,17327,02/16/2022, 09:13:17,404
SKGTLSE12,iTLS-Enso,17327,02/16/2022, 10:13:43,404
SKGTLSE12,iTLS-Enso,17327,02/16/2022, 11:13:07,404
SKGTLSE12,iTLS-Enso,17327,02/16/2022, 12:18:37,404
SKGTLSE12,iTLS-Enso,17327,02/16/2022, 13:17:47,404
SKGTLSE12,iTLS-Enso,17327,02/16/2022, 14:12:53,404
SKGTLSE12,iTLS-Enso,17329,02/16/2022, 15:17:11,404
SKGTLSE12,iTLS-Enso,17330,02/16/2022, 16:15:32,404
SKGTLSE12,iTLS-Enso,17330,02/16/2022, 17:14:42,404
SKGTLSE12,iTLS-Enso,17330,02/16/2022, 18:14:29,404
SKGTLSE12,iTLS-Enso,17331,02/16/2022, 19:11:01,404
SKGTLSE12,iTLS-Enso,17333,02/16/2022, 20:12:08,404
SKGTLSE12,iTLS-Enso,17337,02/16/2022, 21:11:20,404
SKGTLSE12,iTLS-Enso,17337,02/16/2022, 22:11:44,404
SKGTLSE12,iTLS-Enso,17337,02/16/2022, 23:12:19,404
SKGTLSE12,iTLS-Enso,17337,02/17/2022, 00:40:32,404
SKGTLSE12,iTLS-Enso,17337,02/17/2022, 01:51:00,404
SKGTLSE12,iTLS-Enso,17337,02/17/2022, 02:21:31,404
SKGTLSE12,iTLS-Enso,17337,02/17/2022, 03:13:21,404
SKGTLSE12,iTLS-Enso,17338,02/17/2022, 04:15:27,404
SKGTLSE12,iTLS-Enso,17338,02/17/2022, 05:11:11,404
SKGTLSE12,iTLS-Enso,17338,02/17/2022, 06:15:30,404
SKGTLSE12,iTLS-Enso,17338,02/17/2022, 07:12:11,404
SKGTLSE12,iTLS-Enso,17338,02/17/2022, 08:14:06,404
SKGTLSE12,iTLS-Enso,17338,02/17/2022, 09:16:15,404
SKGTLSE12,iTLS-Enso,17338,02/17/2022, 10:13:35,404
SKGTLSE12,iTLS-Enso,17338,02/17/2022, 11:10:04,404
SKGTLSE12,iTLS-Enso,17338,02/17/2022, 12:18:58,404
SKGTLSE12,iTLS-Enso,17339,02/17/2022, 13:19:01,404
SKGTLSE12,iTLS-Enso,17339,02/17/2022, 14:17:55,404
SKGTLSE12,iTLS-Enso,17340,02/17/2022, 15:18:19,404
SKGTLSE12,iTLS-Enso,17340,02/17/2022, 16:21:12,404
SKGTLSE12,iTLS-Enso,17340,02/17/2022, 17:18:15,404
SKGTLSE12,iTLS-Enso,17340,02/17/2022, 18:14:50,404
SKGTLSE12,iTLS-Enso,17340,02/17/2022, 19:10:15,404
SKGTLSE12,iTLS-Enso,17340,02/17/2022, 20:11:31,404
SKGTLSE12,iTLS-Enso,17341,02/17/2022, 21:12:42,404
SKGTLSE12,iTLS-Enso,17341,02/17/2022, 22:12:27,404
SKGTLSE12,iTLS-Enso,17341,02/17/2022, 23:12:43,404
SKGTLSE12,iTLS-Enso,17341,02/18/2022, 00:50:42,404
SKGTLSE12,iTLS-Enso,17341,02/18/2022, 02:02:13,404
SKGTLSE12,iTLS-Enso,17341,02/18/2022, 03:12:54,404
SKGTLSE12,iTLS-Enso,17341,02/18/2022, 04:15:57,404
SKGTLSE12,iTLS-Enso,17341,02/18/2022, 05:11:25,404
SKGTLSE12,iTLS-Enso,17341,02/18/2022, 06:15:43,404
SKGTLSE12,iTLS-Enso,17341,02/18/2022, 07:12:26,404
SKGTLSE12,iTLS-Enso,17341,02/18/2022, 08:14:35,404
SKGTLSE12,iTLS-Enso,17341,02/18/2022, 09:12:27,404
SKGTLSE12,iTLS-Enso,17341,02/18/2022, 10:14:08,404
SKGTLSE12,iTLS-Enso,17341,02/18/2022, 11:10:29,404
SKGTLSE12,iTLS-Enso,17342,02/18/2022, 12:19:52,404
SKGTLSE12,iTLS-Enso,17342,02/18/2022, 13:15:39,404
SKGTLSE12,iTLS-Enso,17342,02/18/2022, 14:16:09,404
SKGTLSE12,iTLS-Enso,17342,02/18/2022, 15:17:10,404
SKGTLSE12,iTLS-Enso,17342,02/18/2022, 16:17:58,404
SKGTLSE12,iTLS-Enso,17343,02/18/2022, 17:12:47,404
SKGTLSE12,iTLS-Enso,17343,02/18/2022, 18:14:29,404
SKGTLSE12,iTLS-Enso,17343,02/18/2022, 19:10:10,404
SKGTLSE12,iTLS-Enso,17343,02/18/2022, 20:12:57,404
SKGTLSE12,iTLS-Enso,17344,02/18/2022, 21:11:35,404
SKGTLSE12,iTLS-Enso,17345,02/18/2022, 22:13:05,404
SKGTLSE12,iTLS-Enso,17345,02/18/2022, 23:13:16,404
SKGTLSE12,iTLS-Enso,17346,02/19/2022, 00:48:33,404
SKGTLSE12,iTLS-Enso,17346,02/19/2022, 01:58:00,404
SKGTLSE12,iTLS-Enso,17346,02/19/2022, 02:30:36,404
SKGTLSE12,iTLS-Enso,17346,02/19/2022, 03:13:06,404
SKGTLSE12,iTLS-Enso,17346,02/19/2022, 04:15:17,404
SKGTLSE12,iTLS-Enso,17347,02/19/2022, 05:11:07,404
SKGTLSE12,iTLS-Enso,17347,02/19/2022, 06:14:43,404
SKGTLSE12,iTLS-Enso,17347,02/19/2022, 07:11:22,404
SKGTLSE12,iTLS-Enso,17347,02/19/2022, 08:14:11,404
SKGTLSE12,iTLS-Enso,17348,02/19/2022, 09:12:44,404
SKGTLSE12,iTLS-Enso,17348,02/19/2022, 10:12:49,404
SKGTLSE12,iTLS-Enso,17348,02/19/2022, 11:10:58,404
SKGTLSE12,iTLS-Enso,17348,02/19/2022, 12:18:18,404
SKGTLSE12,iTLS-Enso,17348,02/19/2022, 13:13:52,404
SKGTLSE12,iTLS-Enso,17348,02/19/2022, 14:11:12,404
SKGTLSE12,iTLS-Enso,17348,02/19/2022, 15:12:54,404
SKGTLSE12,iTLS-Enso,17349,02/19/2022, 16:16:39,404
SKGTLSE12,iTLS-Enso,17349,02/19/2022, 17:11:16,404
SKGTLSE12,iTLS-Enso,17349,02/19/2022, 18:13:42,404
SKGTLSE12,iTLS-Enso,17349,02/19/2022, 19:09:44,404
SKGTLSE12,iTLS-Enso,17350,02/19/2022, 20:12:50,404
SKGTLSE12,iTLS-Enso,17352,02/19/2022, 21:11:15,404
SKGTLSE12,iTLS-Enso,17354,02/19/2022, 22:12:08,404
SKGTLSE12,iTLS-Enso,17355,02/19/2022, 23:12:20,404
SKGTLSE12,iTLS-Enso,17356,02/20/2022, 00:51:32,404
SKGTLSE12,iTLS-Enso,17356,02/20/2022, 02:02:27,404
SKGTLSE12,iTLS-Enso,17356,02/20/2022, 03:13:09,404
SKGTLSE12,iTLS-Enso,17356,02/20/2022, 04:15:25,404
SKGTLSE12,iTLS-Enso,17356,02/20/2022, 05:11:17,404
SKGTLSE12,iTLS-Enso,17356,02/20/2022, 06:14:24,404
SKGTLSE12,iTLS-Enso,17356,02/20/2022, 07:11:43,404
SKGTLSE12,iTLS-Enso,17356,02/20/2022, 08:14:11,404
SKGTLSE12,iTLS-Enso,17356,02/20/2022, 09:12:41,404
SKGTLSE12,iTLS-Enso,17356,02/20/2022, 10:12:49,404
SKGTLSE12,iTLS-Enso,17356,02/20/2022, 11:11:44,404
SKGTLSE12,iTLS-Enso,17356,02/20/2022, 12:18:35,404
SKGTLSE12,iTLS-Enso,17356,02/20/2022, 13:13:56,404
SKGTLSE12,iTLS-Enso,17356,02/20/2022, 14:11:27,404
SKGTLSE12,iTLS-Enso,17356,02/20/2022, 15:12:58,404
SKGTLSE12,iTLS-Enso,17356,02/20/2022, 16:16:07,404
SKGTLSE12,iTLS-Enso,17356,02/20/2022, 17:11:06,404
SKGTLSE12,iTLS-Enso,17356,02/20/2022, 18:14:05,404
SKGTLSE12,iTLS-Enso,17357,02/20/2022, 19:11:21,404
SKGTLSE12,iTLS-Enso,17357,02/20/2022, 20:12:55,404
SKGTLSE12,iTLS-Enso,17357,02/20/2022, 21:11:22,404
SKGTLSE12,iTLS-Enso,17357,02/20/2022, 22:11:41,404
SKGTLSE12,iTLS-Enso,17358,02/20/2022, 23:12:05,404
SKGTLSE12,iTLS-Enso,17358,02/21/2022, 00:45:11,404
SKGTLSE12,iTLS-Enso,17358,02/21/2022, 01:56:46,404
SKGTLSE12,iTLS-Enso,17358,02/21/2022, 02:27:02,404
SKGTLSE12,iTLS-Enso,17358,02/21/2022, 03:13:30,404
SKGTLSE12,iTLS-Enso,17358,02/21/2022, 04:16:16,404
SKGTLSE12,iTLS-Enso,17358,02/21/2022, 05:11:51,404
SKGTLSE12,iTLS-Enso,17358,02/21/2022, 06:16:04,404
SKGTLSE12,iTLS-Enso,17358,02/21/2022, 07:12:09,404
SKGTLSE12,iTLS-Enso,17359,02/21/2022, 08:15:23,404
SKGTLSE12,iTLS-Enso,17359,02/21/2022, 09:13:33,404
SKGTLSE12,iTLS-Enso,17359,02/21/2022, 10:18:28,404
SKGTLSE12,iTLS-Enso,17360,02/21/2022, 11:10:44,404
SKGTLSE12,iTLS-Enso,17360,02/21/2022, 12:20:47,404
SKGTLSE12,iTLS-Enso,17360,02/21/2022, 13:17:36,404
SKGTLSE12,iTLS-Enso,17360,02/21/2022, 14:12:35,404
SKGTLSE12,iTLS-Enso,17360,02/21/2022, 15:14:13,404
SKGTLSE12,iTLS-Enso,17360,02/21/2022, 16:17:00,404
SKGTLSE12,iTLS-Enso,17360,02/21/2022, 17:12:44,404
SKGTLSE12,iTLS-Enso,17361,02/21/2022, 18:14:34,404
SKGTLSE12,iTLS-Enso,17363,02/21/2022, 19:10:13,404
SKGTLSE12,iTLS-Enso,17364,02/21/2022, 20:13:39,404
SKGTLSE12,iTLS-Enso,17365,02/21/2022, 21:11:27,404
SKGTLSE12,iTLS-Enso,17365,02/21/2022, 22:12:19,404
SKGTLSE12,iTLS-Enso,17365,02/21/2022, 23:12:53,404
SKGTLSE12,iTLS-Enso,17365,02/22/2022, 00:45:29,404
SKGTLSE12,iTLS-Enso,17365,02/22/2022, 01:57:23,404
SKGTLSE12,iTLS-Enso,17366,02/22/2022, 02:27:59,404
SKGTLSE12,iTLS-Enso,17366,02/22/2022, 03:13:51,404
SKGTLSE12,iTLS-Enso,17367,02/22/2022, 04:15:33,404
SKGTLSE12,iTLS-Enso,17367,02/22/2022, 05:12:01,404
SKGTLSE12,iTLS-Enso,17367,02/22/2022, 06:14:59,404
SKGTLSE12,iTLS-Enso,17367,02/22/2022, 07:10:40,404
SKGTLSE12,iTLS-Enso,17369,02/22/2022, 08:15:20,404
SKGTLSE12,iTLS-Enso,17369,02/22/2022, 09:12:44,404
SKGTLSE12,iTLS-Enso,17369,02/22/2022, 10:14:29,404
SKGTLSE12,iTLS-Enso,17369,02/22/2022, 11:12:21,404
SKGTLSE12,iTLS-Enso,17369,02/22/2022, 12:22:03,404
SKGTLSE12,iTLS-Enso,17369,02/22/2022, 13:22:11,404
SKGTLSE12,iTLS-Enso,17369,02/22/2022, 14:11:37,404
SKGTLSE12,iTLS-Enso,17369,02/22/2022, 15:13:52,404
SKGTLSE12,iTLS-Enso,17370,02/22/2022, 16:17:41,404
SKGTLSE12,iTLS-Enso,17370,02/22/2022, 17:13:54,404
SKGTLSE12,iTLS-Enso,17370,02/22/2022, 18:15:14,404
SKGTLSE12,iTLS-Enso,17370,02/22/2022, 19:10:13,404
SKGTLSE12,iTLS-Enso,17371,02/22/2022, 20:13:07,404
SKGTLSE12,iTLS-Enso,17371,02/22/2022, 21:11:38,404
SKGTLSE12,iTLS-Enso,17371,02/22/2022, 22:12:10,404
SKGTLSE12,iTLS-Enso,17371,02/22/2022, 23:13:26,404
SKGTLSE12,iTLS-Enso,17371,02/23/2022, 00:53:20,404
SKGTLSE12,iTLS-Enso,17371,02/23/2022, 02:05:33,404
SKGTLSE12,iTLS-Enso,17371,02/23/2022, 03:13:12,404
SKGTLSE12,iTLS-Enso,17372,02/23/2022, 04:15:28,404
SKGTLSE12,iTLS-Enso,17372,02/23/2022, 05:11:49,404
SKGTLSE12,iTLS-Enso,17372,02/23/2022, 06:15:26,404
SKGTLSE12,iTLS-Enso,17372,02/23/2022, 08:14:32,404
SKGTLSE12,iTLS-Enso,17372,02/23/2022, 09:11:39,404
SKGTLSE12,iTLS-Enso,17372,02/23/2022, 10:14:04,404
SKGTLSE12,iTLS-Enso,17372,02/23/2022, 11:10:30,404
SKGTLSE12,iTLS-Enso,17372,02/23/2022, 12:21:10,404
SKGTLSE12,iTLS-Enso,17372,02/23/2022, 13:17:34,404
SKGTLSE12,iTLS-Enso,17372,02/23/2022, 14:13:10,404
SKGTLSE12,iTLS-Enso,17372,02/23/2022, 15:13:32,404
SKGTLSE12,iTLS-Enso,17373,02/23/2022, 16:17:14,404
SKGTLSE12,iTLS-Enso,17373,02/23/2022, 17:15:29,404
SKGTLSE12,iTLS-Enso,17373,02/23/2022, 18:13:13,404
SKGTLSE12,iTLS-Enso,17373,02/23/2022, 19:10:20,404
SKGTLSE12,iTLS-Enso,17374,02/23/2022, 20:18:16,404
SKGTLSE12,iTLS-Enso,17374,02/23/2022, 21:17:30,404
SKGTLSE12,iTLS-Enso,17374,02/23/2022, 22:12:45,404
SKGTLSE12,iTLS-Enso,17374,02/23/2022, 23:13:17,404
SKGTLSE12,iTLS-Enso,17376,02/24/2022, 00:50:02,404
SKGTLSE12,iTLS-Enso,17377,02/24/2022, 02:05:39,404
SKGTLSE12,iTLS-Enso,17377,02/24/2022, 03:11:41,404
SKGTLSE12,iTLS-Enso,17378,02/24/2022, 04:15:39,404
SKGTLSE12,iTLS-Enso,17378,02/24/2022, 05:11:54,404
SKGTLSE12,iTLS-Enso,17378,02/24/2022, 06:15:10,404
SKGTLSE12,iTLS-Enso,17378,02/24/2022, 07:12:08,404
SKGTLSE12,iTLS-Enso,17378,02/24/2022, 08:15:05,404
SKGTLSE12,iTLS-Enso,17378,02/24/2022, 09:15:51,404
SKGTLSE12,iTLS-Enso,17378,02/24/2022, 10:18:25,404
SKGTLSE12,iTLS-Enso,17379,02/24/2022, 11:10:43,404
SKGTLSE12,iTLS-Enso,17379,02/24/2022, 12:20:51,404
SKGTLSE12,iTLS-Enso,17379,02/24/2022, 13:17:36,404
SKGTLSE12,iTLS-Enso,17379,02/24/2022, 14:17:57,404
SKGTLSE12,iTLS-Enso,17380,02/24/2022, 15:14:10,404
SKGTLSE12,iTLS-Enso,17380,02/24/2022, 16:17:28,404
SKGTLSE12,iTLS-Enso,17380,02/24/2022, 17:18:48,404
SKGTLSE12,iTLS-Enso,17380,02/24/2022, 18:19:09,404
SKGTLSE12,iTLS-Enso,17380,02/24/2022, 19:10:49,404
SKGTLSE12,iTLS-Enso,17381,02/24/2022, 20:13:18,404
SKGTLSE12,iTLS-Enso,17381,02/24/2022, 21:11:37,404
SKGTLSE12,iTLS-Enso,17382,02/24/2022, 22:13:00,404
SKGTLSE12,iTLS-Enso,17382,02/24/2022, 23:13:25,404
SKGTLSE12,iTLS-Enso,17382,02/25/2022, 00:50:12,404
SKGTLSE12,iTLS-Enso,17382,02/25/2022, 02:04:06,404
SKGTLSE12,iTLS-Enso,17383,02/25/2022, 03:13:23,404
SKGTLSE12,iTLS-Enso,17383,02/25/2022, 04:15:47,404
SKGTLSE12,iTLS-Enso,17383,02/25/2022, 05:11:53,404
SKGTLSE12,iTLS-Enso,17384,02/25/2022, 06:15:16,404
SKGTLSE12,iTLS-Enso,17385,02/25/2022, 07:12:05,404
SKGTLSE12,iTLS-Enso,17385,02/25/2022, 08:14:56,404
SKGTLSE12,iTLS-Enso,17385,02/25/2022, 09:17:10,404
SKGTLSE12,iTLS-Enso,17386,02/25/2022, 10:13:51,404
SKGTLSE12,iTLS-Enso,17386,02/25/2022, 11:10:30,404
SKGTLSE12,iTLS-Enso,17387,02/25/2022, 12:20:06,404
SKGTLSE12,iTLS-Enso,17388,02/25/2022, 13:16:31,404
SKGTLSE12,iTLS-Enso,17388,02/25/2022, 14:11:43,404
SKGTLSE12,iTLS-Enso,17388,02/25/2022, 15:13:10,404
SKGTLSE12,iTLS-Enso,17388,02/25/2022, 16:17:07,404
SKGTLSE12,iTLS-Enso,17388,02/25/2022, 17:13:26,404
SKGTLSE12,iTLS-Enso,17388,02/25/2022, 18:15:19,404
SKGTLSE12,iTLS-Enso,17388,02/25/2022, 19:10:56,404
SKGTLSE12,iTLS-Enso,17389,02/25/2022, 20:13:08,404
SKGTLSE12,iTLS-Enso,17389,02/25/2022, 21:10:56,404
SKGTLSE12,iTLS-Enso,17389,02/25/2022, 22:12:50,404
SKGTLSE12,iTLS-Enso,17390,02/25/2022, 23:13:03,404
SKGTLSE12,iTLS-Enso,17391,02/26/2022, 00:45:12,404
SKGTLSE12,iTLS-Enso,17391,02/26/2022, 01:55:30,404
SKGTLSE12,iTLS-Enso,17391,02/26/2022, 02:29:52,404
SKGTLSE12,iTLS-Enso,17391,02/26/2022, 03:13:03,404
SKGTLSE12,iTLS-Enso,17391,02/26/2022, 04:15:28,404
SKGTLSE12,iTLS-Enso,17391,02/26/2022, 05:11:24,404
SKGTLSE12,iTLS-Enso,17391,02/26/2022, 06:15:04,404
SKGTLSE12,iTLS-Enso,17391,02/26/2022, 07:11:40,404
SKGTLSE12,iTLS-Enso,17391,02/26/2022, 08:14:24,404
SKGTLSE12,iTLS-Enso,17391,02/26/2022, 09:11:45,404
SKGTLSE12,iTLS-Enso,17391,02/26/2022, 10:12:52,404
SKGTLSE12,iTLS-Enso,17392,02/26/2022, 11:10:37,404
SKGTLSE12,iTLS-Enso,17394,02/26/2022, 12:18:48,404
SKGTLSE12,iTLS-Enso,17394,02/26/2022, 13:14:31,404
SKGTLSE12,iTLS-Enso,17394,02/26/2022, 14:12:07,404
SKGTLSE12,iTLS-Enso,17394,02/26/2022, 15:12:26,404
SKGTLSE12,iTLS-Enso,17394,02/26/2022, 16:16:13,404
SKGTLSE12,iTLS-Enso,17394,02/26/2022, 17:11:28,404
SKGTLSE12,iTLS-Enso,17394,02/26/2022, 18:13:56,404
SKGTLSE12,iTLS-Enso,17394,02/26/2022, 19:09:58,404
SKGTLSE12,iTLS-Enso,17394,02/26/2022, 20:12:35,404
SKGTLSE12,iTLS-Enso,17394,02/26/2022, 21:12:14,404
SKGTLSE12,iTLS-Enso,17394,02/26/2022, 22:11:37,404
SKGTLSE12,iTLS-Enso,17395,02/26/2022, 23:12:37,404
SKGTLSE12,iTLS-Enso,17395,02/27/2022, 00:51:08,404
SKGTLSE12,iTLS-Enso,17395,02/27/2022, 02:02:57,404
SKGTLSE12,iTLS-Enso,17397,02/27/2022, 03:13:08,404
SKGTLSE12,iTLS-Enso,17397,02/27/2022, 04:15:36,404
SKGTLSE12,iTLS-Enso,17397,02/27/2022, 05:12:03,404
SKGTLSE12,iTLS-Enso,17397,02/27/2022, 06:14:39,404
SKGTLSE12,iTLS-Enso,17397,02/27/2022, 07:12:07,404
SKGTLSE12,iTLS-Enso,17397,02/27/2022, 08:14:09,404
SKGTLSE12,iTLS-Enso,17398,02/27/2022, 09:12:13,404
SKGTLSE12,iTLS-Enso,17398,02/27/2022, 10:14:08,404
SKGTLSE12,iTLS-Enso,17398,02/27/2022, 11:11:12,404
SKGTLSE12,iTLS-Enso,17398,02/27/2022, 12:19:04,404
SKGTLSE12,iTLS-Enso,17398,02/27/2022, 13:15:02,404
SKGTLSE12,iTLS-Enso,17398,02/27/2022, 14:11:55,404
SKGTLSE12,iTLS-Enso,17398,02/27/2022, 15:12:38,404
SKGTLSE12,iTLS-Enso,17399,02/27/2022, 16:16:14,404
SKGTLSE12,iTLS-Enso,17399,02/27/2022, 17:11:58,404
SKGTLSE12,iTLS-Enso,17399,02/27/2022, 18:15:34,404
SKGTLSE12,iTLS-Enso,17399,02/27/2022, 19:09:56,404
SKGTLSE12,iTLS-Enso,17399,02/27/2022, 20:13:09,404
SKGTLSE12,iTLS-Enso,17399,02/27/2022, 21:11:37,404
SKGTLSE12,iTLS-Enso,17399,02/27/2022, 22:12:03,404
SKGTLSE12,iTLS-Enso,17399,02/27/2022, 23:12:28,404
SKGTLSE12,iTLS-Enso,17399,02/28/2022, 00:49:54,404
SKGTLSE12,iTLS-Enso,17399,02/28/2022, 02:04:00,404
SKGTLSE12,iTLS-Enso,17400,02/28/2022, 03:13:47,404
SKGTLSE12,iTLS-Enso,17402,02/28/2022, 04:16:06,404
SKGTLSE12,iTLS-Enso,17403,02/28/2022, 05:12:01,404
SKGTLSE12,iTLS-Enso,17403,02/28/2022, 06:15:54,404
SKGTLSE12,iTLS-Enso,17403,02/28/2022, 07:12:38,404
SKGTLSE12,iTLS-Enso,17403,02/28/2022, 08:15:32,404
SKGTLSE12,iTLS-Enso,17403,02/28/2022, 09:13:19,404
SKGTLSE12,iTLS-Enso,17403,02/28/2022, 10:18:07,404
SKGTLSE12,iTLS-Enso,17403,02/28/2022, 11:11:32,404
SKGTLSE12,iTLS-Enso,17404,02/28/2022, 12:20:36,404
SKGTLSE12,iTLS-Enso,17404,02/28/2022, 13:17:49,404
SKGTLSE12,iTLS-Enso,17404,02/28/2022, 14:11:53,404
SKGTLSE12,iTLS-Enso,17404,02/28/2022, 15:17:28,404
SKGTLSE12,iTLS-Enso,17404,02/28/2022, 16:18:12,404
SKGTLSE12,iTLS-Enso,17406,02/28/2022, 17:17:49,404
SKGTLSE12,iTLS-Enso,17406,02/28/2022, 18:19:05,404
SKGTLSE12,iTLS-Enso,17407,02/28/2022, 19:10:31,404
SKGTLSE12,iTLS-Enso,17409,02/28/2022, 20:13:49,404
SKGTLSE12,iTLS-Enso,17410,02/28/2022, 21:12:31,404
SKGTLSE12,iTLS-Enso,17411,02/28/2022, 22:12:36,404
SKGTLSE12,iTLS-Enso,17411,02/28/2022, 23:13:27,404
SKGTLSE12,iTLS-Enso,17411,03/01/2022, 00:55:39,404
SKGTLSE12,iTLS-Enso,17412,03/01/2022, 02:18:31,404
SKGTLSE12,iTLS-Enso,17412,03/01/2022, 03:16:27,404
SKGTLSE12,iTLS-Enso,17413,03/01/2022, 04:16:08,404
SKGTLSE12,iTLS-Enso,17413,03/01/2022, 05:11:53,404
SKGTLSE12,iTLS-Enso,17413,03/01/2022, 06:15:44,404
SKGTLSE12,iTLS-Enso,17413,03/01/2022, 07:12:16,404
SKGTLSE12,iTLS-Enso,17413,03/01/2022, 08:15:52,404
SKGTLSE12,iTLS-Enso,17413,03/01/2022, 09:15:55,404
SKGTLSE12,iTLS-Enso,17413,03/01/2022, 10:14:52,404
SKGTLSE12,iTLS-Enso,17414,03/01/2022, 11:12:49,404
SKGTLSE12,iTLS-Enso,17415,03/01/2022, 12:23:20,404
SKGTLSE12,iTLS-Enso,17415,03/01/2022, 13:18:56,404
SKGTLSE12,iTLS-Enso,17416,03/01/2022, 14:12:33,404
SKGTLSE12,iTLS-Enso,17416,03/01/2022, 15:18:26,404
SKGTLSE12,iTLS-Enso,17417,03/01/2022, 16:22:11,404
SKGTLSE12,iTLS-Enso,17417,03/01/2022, 17:18:26,404
SKGTLSE12,iTLS-Enso,17417,03/01/2022, 18:16:47,404
SKGTLSE12,iTLS-Enso,17417,03/01/2022, 19:12:36,404
SKGTLSE12,iTLS-Enso,17417,03/01/2022, 20:15:51,404
SKGTLSE12,iTLS-Enso,17418,03/01/2022, 21:12:13,404
SKGTLSE12,iTLS-Enso,17418,03/01/2022, 22:12:34,404
SKGTLSE12,iTLS-Enso,17419,03/01/2022, 23:13:01,404
SKGTLSE12,iTLS-Enso,17421,03/02/2022, 00:52:26,404
SKGTLSE12,iTLS-Enso,17422,03/02/2022, 02:10:34,404
SKGTLSE12,iTLS-Enso,17422,03/02/2022, 03:13:28,404
SKGTLSE12,iTLS-Enso,17423,03/02/2022, 04:16:09,404
SKGTLSE12,iTLS-Enso,17424,03/02/2022, 05:11:51,404
SKGTLSE12,iTLS-Enso,17425,03/02/2022, 06:16:11,404
SKGTLSE12,iTLS-Enso,17425,03/02/2022, 07:12:20,404
SKGTLSE12,iTLS-Enso,17425,03/02/2022, 08:15:50,404
SKGTLSE12,iTLS-Enso,17425,03/02/2022, 09:12:56,404
SKGTLSE12,iTLS-Enso,17425,03/02/2022, 10:14:13,404
SKGTLSE12,iTLS-Enso,17426,03/02/2022, 11:12:44,404
SKGTLSE12,iTLS-Enso,17426,03/02/2022, 12:20:50,404
SKGTLSE12,iTLS-Enso,17426,03/02/2022, 13:18:16,404
SKGTLSE12,iTLS-Enso,17426,03/02/2022, 14:12:40,404
SKGTLSE12,iTLS-Enso,17426,03/02/2022, 15:13:15,404
SKGTLSE12,iTLS-Enso,17426,03/02/2022, 16:18:10,404
SKGTLSE12,iTLS-Enso,17426,03/02/2022, 17:13:41,404
SKGTLSE12,iTLS-Enso,17426,03/02/2022, 18:18:54,404
SKGTLSE12,iTLS-Enso,17428,03/02/2022, 19:11:04,404
SKGTLSE12,iTLS-Enso,17428,03/02/2022, 20:12:20,404
SKGTLSE12,iTLS-Enso,17428,03/02/2022, 21:10:19,404
SKGTLSE12,iTLS-Enso,17428,03/02/2022, 22:12:47,404
SKGTLSE12,iTLS-Enso,17428,03/02/2022, 23:12:42,404
SKGTLSE12,iTLS-Enso,17429,03/03/2022, 00:53:16,404
SKGTLSE12,iTLS-Enso,17430,03/03/2022, 02:11:59,404
SKGTLSE12,iTLS-Enso,17432,03/03/2022, 03:15:10,404
SKGTLSE12,iTLS-Enso,17432,03/03/2022, 04:16:07,404
SKGTLSE12,iTLS-Enso,17432,03/03/2022, 05:11:59,404
SKGTLSE12,iTLS-Enso,17433,03/03/2022, 06:15:45,404
SKGTLSE12,iTLS-Enso,17433,03/03/2022, 07:12:29,404
SKGTLSE12,iTLS-Enso,17434,03/03/2022, 08:15:02,404
SKGTLSE12,iTLS-Enso,17434,03/03/2022, 09:17:15,404
SKGTLSE12,iTLS-Enso,17434,03/03/2022, 10:14:15,404
SKGTLSE12,iTLS-Enso,17434,03/03/2022, 11:15:21,404
SKGTLSE12,iTLS-Enso,17436,03/03/2022, 12:23:50,404
SKGTLSE12,iTLS-Enso,17437,03/03/2022, 13:18:08,404
SKGTLSE12,iTLS-Enso,17437,03/03/2022, 14:17:30,404
SKGTLSE12,iTLS-Enso,17437,03/03/2022, 15:13:35,404
SKGTLSE12,iTLS-Enso,17437,03/03/2022, 16:19:07,404
SKGTLSE12,iTLS-Enso,17437,03/03/2022, 17:17:55,404
SKGTLSE12,iTLS-Enso,17437,03/03/2022, 18:14:58,404
SKGTLSE12,iTLS-Enso,17437,03/03/2022, 19:10:53,404
SKGTLSE12,iTLS-Enso,17438,03/03/2022, 20:13:15,404
SKGTLSE12,iTLS-Enso,17438,03/03/2022, 21:12:03,404
SKGTLSE12,iTLS-Enso,17438,03/03/2022, 22:12:55,404
SKGTLSE12,iTLS-Enso,17439,03/03/2022, 23:12:47,404
SKGTLSE12,iTLS-Enso,17439,03/04/2022, 00:55:52,404
SKGTLSE12,iTLS-Enso,17439,03/04/2022, 02:16:47,404
SKGTLSE12,iTLS-Enso,17439,03/04/2022, 03:15:49,404
SKGTLSE12,iTLS-Enso,17439,03/04/2022, 04:16:03,404
SKGTLSE12,iTLS-Enso,17439,03/04/2022, 05:12:44,404
SKGTLSE12,iTLS-Enso,17440,03/04/2022, 06:15:44,404
SKGTLSE12,iTLS-Enso,17440,03/04/2022, 07:12:17,404
SKGTLSE12,iTLS-Enso,17441,03/04/2022, 08:15:22,404
SKGTLSE12,iTLS-Enso,17441,03/04/2022, 09:17:07,404
SKGTLSE12,iTLS-Enso,17441,03/04/2022, 10:15:11,404
SKGTLSE12,iTLS-Enso,17441,03/04/2022, 11:10:42,404
SKGTLSE12,iTLS-Enso,17441,03/04/2022, 12:21:09,404
SKGTLSE12,iTLS-Enso,17441,03/04/2022, 13:18:20,404
SKGTLSE12,iTLS-Enso,17441,03/04/2022, 14:13:22,404
SKGTLSE12,iTLS-Enso,17442,03/04/2022, 15:18:11,404
SKGTLSE12,iTLS-Enso,17443,03/04/2022, 16:20:22,404
SKGTLSE12,iTLS-Enso,17443,03/04/2022, 17:14:05,404
SKGTLSE12,iTLS-Enso,17443,03/04/2022, 18:15:11,404
SKGTLSE12,iTLS-Enso,17443,03/04/2022, 19:10:21,404
SKGTLSE12,iTLS-Enso,17443,03/04/2022, 20:13:38,404
SKGTLSE12,iTLS-Enso,17444,03/04/2022, 21:11:45,404
SKGTLSE12,iTLS-Enso,17446,03/04/2022, 22:10:16,404
SKGTLSE12,iTLS-Enso,17447,03/04/2022, 23:12:38,404
SKGTLSE12,iTLS-Enso,17447,03/05/2022, 00:52:27,404
SKGTLSE12,iTLS-Enso,17448,03/05/2022, 02:06:08,404
SKGTLSE12,iTLS-Enso,17449,03/05/2022, 03:12:49,404
SKGTLSE12,iTLS-Enso,17449,03/05/2022, 04:15:32,404
SKGTLSE12,iTLS-Enso,17450,03/05/2022, 05:11:41,404
SKGTLSE12,iTLS-Enso,17450,03/05/2022, 06:15:12,404
SKGTLSE12,iTLS-Enso,17450,03/05/2022, 07:12:29,404
SKGTLSE12,iTLS-Enso,17450,03/05/2022, 08:14:31,404
SKGTLSE12,iTLS-Enso,17450,03/05/2022, 09:11:49,404
SKGTLSE12,iTLS-Enso,17450,03/05/2022, 10:13:16,404
SKGTLSE12,iTLS-Enso,17451,03/05/2022, 11:11:33,404
SKGTLSE12,iTLS-Enso,17451,03/05/2022, 12:18:59,404
SKGTLSE12,iTLS-Enso,17451,03/05/2022, 13:15:16,404
SKGTLSE12,iTLS-Enso,17452,03/05/2022, 14:11:57,404
SKGTLSE12,iTLS-Enso,17452,03/05/2022, 15:12:23,404
SKGTLSE12,iTLS-Enso,17452,03/05/2022, 16:16:12,404
SKGTLSE12,iTLS-Enso,17452,03/05/2022, 17:11:47,404
SKGTLSE12,iTLS-Enso,17453,03/05/2022, 18:14:11,404
SKGTLSE12,iTLS-Enso,17453,03/05/2022, 19:10:47,404
SKGTLSE12,iTLS-Enso,17454,03/05/2022, 20:12:35,404
SKGTLSE12,iTLS-Enso,17454,03/05/2022, 21:11:05,404
SKGTLSE12,iTLS-Enso,17454,03/05/2022, 22:12:17,404
SKGTLSE12,iTLS-Enso,17454,03/05/2022, 23:11:56,404
SKGTLSE12,iTLS-Enso,17454,03/06/2022, 00:49:54,404
SKGTLSE12,iTLS-Enso,17454,03/06/2022, 02:05:31,404
SKGTLSE12,iTLS-Enso,17454,03/06/2022, 03:13:05,404
SKGTLSE12,iTLS-Enso,17454,03/06/2022, 04:15:44,404
SKGTLSE12,iTLS-Enso,17455,03/06/2022, 05:11:45,404
SKGTLSE12,iTLS-Enso,17456,03/06/2022, 06:14:52,404
SKGTLSE12,iTLS-Enso,17456,03/06/2022, 07:12:04,404
SKGTLSE12,iTLS-Enso,17456,03/06/2022, 08:14:39,404
SKGTLSE12,iTLS-Enso,17457,03/06/2022, 09:11:47,404
SKGTLSE12,iTLS-Enso,17457,03/06/2022, 10:13:00,404
SKGTLSE12,iTLS-Enso,17457,03/06/2022, 11:10:27,404
SKGTLSE12,iTLS-Enso,17457,03/06/2022, 12:19:30,404
SKGTLSE12,iTLS-Enso,17457,03/06/2022, 13:15:24,404
SKGTLSE12,iTLS-Enso,17457,03/06/2022, 14:11:13,404
SKGTLSE12,iTLS-Enso,17457,03/06/2022, 15:12:40,404
SKGTLSE12,iTLS-Enso,17458,03/06/2022, 16:16:24,404
SKGTLSE12,iTLS-Enso,17458,03/06/2022, 17:12:12,404
SKGTLSE12,iTLS-Enso,17458,03/06/2022, 18:14:15,404
SKGTLSE12,iTLS-Enso,17458,03/06/2022, 19:09:53,404
SKGTLSE12,iTLS-Enso,17459,03/06/2022, 20:13:38,404
SKGTLSE12,iTLS-Enso,17459,03/06/2022, 21:11:16,404
SKGTLSE12,iTLS-Enso,17459,03/06/2022, 22:12:31,404
SKGTLSE12,iTLS-Enso,17459,03/06/2022, 23:13:15,404
SKGTLSE12,iTLS-Enso,17459,03/07/2022, 00:51:04,404
SKGTLSE12,iTLS-Enso,17460,03/07/2022, 02:09:36,404
SKGTLSE12,iTLS-Enso,17460,03/07/2022, 03:13:20,404
SKGTLSE12,iTLS-Enso,17460,03/07/2022, 04:15:58,404
SKGTLSE12,iTLS-Enso,17461,03/07/2022, 05:12:24,404
SKGTLSE12,iTLS-Enso,17461,03/07/2022, 06:16:14,404
SKGTLSE12,iTLS-Enso,17461,03/07/2022, 07:13:15,404
SKGTLSE12,iTLS-Enso,17461,03/07/2022, 08:17:53,404
SKGTLSE12,iTLS-Enso,17461,03/07/2022, 09:13:49,404
SKGTLSE12,iTLS-Enso,17461,03/07/2022, 10:14:44,404
SKGTLSE12,iTLS-Enso,17461,03/07/2022, 11:13:04,404
SKGTLSE12,iTLS-Enso,17463,03/07/2022, 12:23:21,404
SKGTLSE12,iTLS-Enso,17464,03/07/2022, 13:23:29,404
SKGTLSE12,iTLS-Enso,17464,03/07/2022, 14:12:16,404
SKGTLSE12,iTLS-Enso,17465,03/07/2022, 15:18:13,404
SKGTLSE12,iTLS-Enso,17465,03/07/2022, 16:22:16,404
SKGTLSE12,iTLS-Enso,17465,03/07/2022, 17:20:10,404
SKGTLSE12,iTLS-Enso,17465,03/07/2022, 18:18:12,404
SKGTLSE12,iTLS-Enso,17465,03/07/2022, 19:13:01,404
SKGTLSE12,iTLS-Enso,17465,03/07/2022, 20:17:40,404
SKGTLSE12,iTLS-Enso,17465,03/07/2022, 21:13:13,404
SKGTLSE12,iTLS-Enso,17465,03/07/2022, 22:12:41,404
SKGTLSE12,iTLS-Enso,17465,03/07/2022, 23:12:43,404
SKGTLSE12,iTLS-Enso,17465,03/08/2022, 00:49:32,404
SKGTLSE12,iTLS-Enso,17465,03/08/2022, 02:07:37,404
SKGTLSE12,iTLS-Enso,17465,03/08/2022, 03:13:15,404
SKGTLSE12,iTLS-Enso,17466,03/08/2022, 04:16:33,404
SKGTLSE12,iTLS-Enso,17466,03/08/2022, 05:12:12,404
SKGTLSE12,iTLS-Enso,17467,03/08/2022, 06:15:40,404
SKGTLSE12,iTLS-Enso,17467,03/08/2022, 07:13:15,404
SKGTLSE12,iTLS-Enso,17467,03/08/2022, 08:15:59,404
SKGTLSE12,iTLS-Enso,17467,03/08/2022, 09:12:38,404
SKGTLSE12,iTLS-Enso,17467,03/08/2022, 10:14:02,404
SKGTLSE12,iTLS-Enso,17468,03/08/2022, 11:14:11,404
SKGTLSE12,iTLS-Enso,17468,03/08/2022, 12:21:05,404
SKGTLSE12,iTLS-Enso,17468,03/08/2022, 13:22:50,404
SKGTLSE12,iTLS-Enso,17468,03/08/2022, 14:13:32,404
SKGTLSE12,iTLS-Enso,17468,03/08/2022, 15:18:15,404
SKGTLSE12,iTLS-Enso,17468,03/08/2022, 16:19:04,404
SKGTLSE12,iTLS-Enso,17468,03/08/2022, 17:15:00,404
SKGTLSE12,iTLS-Enso,17468,03/08/2022, 18:19:09,404
SKGTLSE12,iTLS-Enso,17468,03/08/2022, 19:11:03,404
SKGTLSE12,iTLS-Enso,17468,03/08/2022, 20:14:02,404
SKGTLSE12,iTLS-Enso,17469,03/08/2022, 21:11:32,404
SKGTLSE12,iTLS-Enso,17469,03/08/2022, 22:13:17,404
SKGTLSE12,iTLS-Enso,17469,03/08/2022, 23:12:42,404
SKGTLSE12,iTLS-Enso,17469,03/09/2022, 00:50:59,404
SKGTLSE12,iTLS-Enso,17470,03/09/2022, 02:12:38,404
SKGTLSE12,iTLS-Enso,17470,03/09/2022, 03:13:40,404
SKGTLSE12,iTLS-Enso,17470,03/09/2022, 04:16:14,404
SKGTLSE12,iTLS-Enso,17471,03/09/2022, 05:12:43,404
SKGTLSE12,iTLS-Enso,17471,03/09/2022, 06:15:56,404
SKGTLSE12,iTLS-Enso,17471,03/09/2022, 07:12:30,404
SKGTLSE12,iTLS-Enso,17472,03/09/2022, 08:15:33,404
SKGTLSE12,iTLS-Enso,17472,03/09/2022, 09:17:16,404
SKGTLSE12,iTLS-Enso,17472,03/09/2022, 10:18:15,404
SKGTLSE12,iTLS-Enso,17472,03/09/2022, 11:14:49,404
SKGTLSE12,iTLS-Enso,17472,03/09/2022, 12:26:18,404
SKGTLSE12,iTLS-Enso,17473,03/09/2022, 13:23:07,404
SKGTLSE12,iTLS-Enso,17473,03/09/2022, 14:17:16,404
SKGTLSE12,iTLS-Enso,17473,03/09/2022, 15:17:56,404
SKGTLSE12,iTLS-Enso,17474,03/09/2022, 16:18:42,404
SKGTLSE12,iTLS-Enso,17474,03/09/2022, 17:14:44,404
SKGTLSE12,iTLS-Enso,17474,03/09/2022, 18:20:09,404
SKGTLSE12,iTLS-Enso,17474,03/09/2022, 19:10:59,404
SKGTLSE12,iTLS-Enso,17474,03/09/2022, 20:13:30,404
SKGTLSE12,iTLS-Enso,17474,03/09/2022, 21:11:52,404
SKGTLSE12,iTLS-Enso,17475,03/09/2022, 22:12:49,404
SKGTLSE12,iTLS-Enso,17476,03/09/2022, 23:12:55,404
SKGTLSE12,iTLS-Enso,17476,03/10/2022, 00:53:30,404
SKGTLSE12,iTLS-Enso,17476,03/10/2022, 02:19:02,404
SKGTLSE12,iTLS-Enso,17476,03/10/2022, 03:17:29,404
SKGTLSE12,iTLS-Enso,17476,03/10/2022, 04:16:30,404
SKGTLSE12,iTLS-Enso,17476,03/10/2022, 05:12:01,404
SKGTLSE12,iTLS-Enso,17476,03/10/2022, 06:15:45,404
SKGTLSE12,iTLS-Enso,17476,03/10/2022, 07:12:36,404
SKGTLSE12,iTLS-Enso,17477,03/10/2022, 08:15:39,404
SKGTLSE12,iTLS-Enso,17477,03/10/2022, 09:14:45,404
SKGTLSE12,iTLS-Enso,17477,03/10/2022, 10:13:58,404
SKGTLSE12,iTLS-Enso,17477,03/10/2022, 11:12:45,404
SKGTLSE12,iTLS-Enso,17478,03/10/2022, 12:22:55,404
SKGTLSE12,iTLS-Enso,17478,03/10/2022, 13:19:43,404
SKGTLSE12,iTLS-Enso,17478,03/10/2022, 14:16:18,404
SKGTLSE12,iTLS-Enso,17478,03/10/2022, 15:19:23,404
SKGTLSE12,iTLS-Enso,17478,03/10/2022, 16:23:01,404
SKGTLSE12,iTLS-Enso,17478,03/10/2022, 17:15:34,404
SKGTLSE12,iTLS-Enso,17478,03/10/2022, 18:15:14,404
SKGTLSE12,iTLS-Enso,17478,03/10/2022, 19:10:24,404
SKGTLSE12,iTLS-Enso,17479,03/10/2022, 20:13:49,404
SKGTLSE12,iTLS-Enso,17479,03/10/2022, 21:12:02,404
SKGTLSE12,iTLS-Enso,17480,03/10/2022, 22:13:18,404
SKGTLSE12,iTLS-Enso,17480,03/10/2022, 23:13:26,404
SKGTLSE12,iTLS-Enso,17481,03/11/2022, 00:55:46,404
SKGTLSE12,iTLS-Enso,17481,03/11/2022, 02:14:10,404
SKGTLSE12,iTLS-Enso,17481,03/11/2022, 03:14:43,404
SKGTLSE12,iTLS-Enso,17481,03/11/2022, 04:17:08,404
SKGTLSE12,iTLS-Enso,17481,03/11/2022, 05:11:54,404
SKGTLSE12,iTLS-Enso,17481,03/11/2022, 06:16:20,404
SKGTLSE12,iTLS-Enso,17481,03/11/2022, 07:12:39,404
SKGTLSE12,iTLS-Enso,17481,03/11/2022, 08:16:01,404
SKGTLSE12,iTLS-Enso,17482,03/11/2022, 09:18:07,404
SKGTLSE12,iTLS-Enso,17482,03/11/2022, 10:19:14,404
SKGTLSE12,iTLS-Enso,17483,03/11/2022, 11:11:44,404
SKGTLSE12,iTLS-Enso,17483,03/11/2022, 12:21:02,404
SKGTLSE12,iTLS-Enso,17483,03/11/2022, 13:18:32,404
SKGTLSE12,iTLS-Enso,17483,03/11/2022, 14:13:09,404
SKGTLSE12,iTLS-Enso,17484,03/11/2022, 15:18:09,404
SKGTLSE12,iTLS-Enso,17485,03/11/2022, 16:23:29,404
SKGTLSE12,iTLS-Enso,17486,03/11/2022, 17:14:38,404
SKGTLSE12,iTLS-Enso,17486,03/11/2022, 18:15:16,404
SKGTLSE12,iTLS-Enso,17486,03/11/2022, 19:10:07,404
SKGTLSE12,iTLS-Enso,17486,03/11/2022, 20:13:32,404
SKGTLSE12,iTLS-Enso,17486,03/11/2022, 21:11:12,404
SKGTLSE12,iTLS-Enso,17486,03/11/2022, 22:13:27,404
SKGTLSE12,iTLS-Enso,17487,03/11/2022, 23:12:37,404
SKGTLSE12,iTLS-Enso,17487,03/12/2022, 00:50:00,404
SKGTLSE12,iTLS-Enso,17487,03/12/2022, 01:59:57,404
SKGTLSE12,iTLS-Enso,17487,03/12/2022, 02:37:01,404
SKGTLSE12,iTLS-Enso,17487,03/12/2022, 03:13:33,404
SKGTLSE12,iTLS-Enso,17487,03/12/2022, 04:16:46,404
SKGTLSE12,iTLS-Enso,17487,03/12/2022, 05:11:26,404
SKGTLSE12,iTLS-Enso,17487,03/12/2022, 06:15:44,404
SKGTLSE12,iTLS-Enso,17487,03/12/2022, 07:11:57,404
SKGTLSE12,iTLS-Enso,17487,03/12/2022, 08:14:52,404
SKGTLSE12,iTLS-Enso,17487,03/12/2022, 09:12:43,404
SKGTLSE12,iTLS-Enso,17487,03/12/2022, 10:13:42,404
SKGTLSE12,iTLS-Enso,17487,03/12/2022, 11:10:45,404
SKGTLSE12,iTLS-Enso,17487,03/12/2022, 12:19:31,404
SKGTLSE12,iTLS-Enso,17488,03/12/2022, 13:15:56,404
SKGTLSE12,iTLS-Enso,17488,03/12/2022, 14:11:07,404
SKGTLSE12,iTLS-Enso,17488,03/12/2022, 15:12:35,404
SKGTLSE12,iTLS-Enso,17488,03/12/2022, 16:16:40,404
SKGTLSE12,iTLS-Enso,17488,03/12/2022, 17:12:21,404
SKGTLSE12,iTLS-Enso,17488,03/12/2022, 18:14:35,404
SKGTLSE12,iTLS-Enso,17488,03/12/2022, 19:10:40,404
SKGTLSE12,iTLS-Enso,17488,03/12/2022, 20:13:51,404
SKGTLSE12,iTLS-Enso,17488,03/12/2022, 21:11:32,404
SKGTLSE12,iTLS-Enso,17488,03/12/2022, 22:12:38,404
SKGTLSE12,iTLS-Enso,17488,03/12/2022, 23:13:00,404
SKGTLSE12,iTLS-Enso,17489,03/13/2022, 00:49:24,404
SKGTLSE12,iTLS-Enso,17490,03/13/2022, 02:03:01,404
SKGTLSE12,iTLS-Enso,17490,03/13/2022, 03:13:33,404
SKGTLSE12,iTLS-Enso,17490,03/13/2022, 04:16:39,404
SKGTLSE12,iTLS-Enso,17490,03/13/2022, 05:15:47,404
SKGTLSE12,iTLS-Enso,17490,03/13/2022, 06:18:33,404
SKGTLSE12,iTLS-Enso,17491,03/13/2022, 07:12:13,404
SKGTLSE12,iTLS-Enso,17491,03/13/2022, 08:14:51,404
SKGTLSE12,iTLS-Enso,17492,03/13/2022, 09:12:23,404
SKGTLSE12,iTLS-Enso,17493,03/13/2022, 10:13:19,404
SKGTLSE12,iTLS-Enso,17493,03/13/2022, 11:10:29,404
SKGTLSE12,iTLS-Enso,17494,03/13/2022, 12:19:43,404
SKGTLSE12,iTLS-Enso,17494,03/13/2022, 13:16:19,404
SKGTLSE12,iTLS-Enso,17494,03/13/2022, 14:12:29,404
SKGTLSE12,iTLS-Enso,17494,03/13/2022, 15:12:34,404
SKGTLSE12,iTLS-Enso,17494,03/13/2022, 16:17:32,404
SKGTLSE12,iTLS-Enso,17495,03/13/2022, 17:12:56,404
SKGTLSE12,iTLS-Enso,17495,03/13/2022, 18:14:39,404
SKGTLSE12,iTLS-Enso,17497,03/13/2022, 19:10:09,404
SKGTLSE12,iTLS-Enso,17497,03/13/2022, 20:13:20,404
SKGTLSE12,iTLS-Enso,17498,03/13/2022, 21:11:10,404
SKGTLSE12,iTLS-Enso,17498,03/13/2022, 22:12:09,404
SKGTLSE12,iTLS-Enso,17499,03/13/2022, 23:13:39,404
SKGTLSE12,iTLS-Enso,17499,03/14/2022, 00:53:28,404
SKGTLSE12,iTLS-Enso,17499,03/14/2022, 02:11:19,404
SKGTLSE12,iTLS-Enso,17499,03/14/2022, 03:15:11,404
SKGTLSE12,iTLS-Enso,17500,03/14/2022, 04:19:32,404
SKGTLSE12,iTLS-Enso,17501,03/14/2022, 05:33:39,404
SKGTLSE12,iTLS-Enso,17502,03/14/2022, 06:16:27,404
SKGTLSE12,iTLS-Enso,17502,03/14/2022, 07:12:48,404
SKGTLSE12,iTLS-Enso,17502,03/14/2022, 08:18:52,404
SKGTLSE12,iTLS-Enso,17502,03/14/2022, 09:17:33,404
SKGTLSE12,iTLS-Enso,17502,03/14/2022, 10:14:25,404
SKGTLSE12,iTLS-Enso,17502,03/14/2022, 11:13:22,404
SKGTLSE12,iTLS-Enso,17502,03/14/2022, 12:23:09,404
SKGTLSE12,iTLS-Enso,17502,03/14/2022, 13:24:10,404
SKGTLSE12,iTLS-Enso,17502,03/14/2022, 14:17:30,404
SKGTLSE12,iTLS-Enso,17502,03/14/2022, 15:17:58,404
SKGTLSE12,iTLS-Enso,17502,03/14/2022, 16:18:56,404
SKGTLSE12,iTLS-Enso,17502,03/14/2022, 17:14:08,404
SKGTLSE12,iTLS-Enso,17503,03/14/2022, 18:20:07,404
SKGTLSE12,iTLS-Enso,17503,03/14/2022, 19:11:57,404
SKGTLSE12,iTLS-Enso,17504,03/14/2022, 20:14:24,404
SKGTLSE12,iTLS-Enso,17504,03/14/2022, 21:13:44,404
SKGTLSE12,iTLS-Enso,17504,03/14/2022, 22:13:10,404
SKGTLSE12,iTLS-Enso,17504,03/14/2022, 23:13:48,404
SKGTLSE12,iTLS-Enso,17504,03/15/2022, 00:54:10,404
SKGTLSE12,iTLS-Enso,17504,03/15/2022, 02:14:34,404
SKGTLSE12,iTLS-Enso,17504,03/15/2022, 03:14:38,404
SKGTLSE12,iTLS-Enso,17505,03/15/2022, 04:16:53,404
SKGTLSE12,iTLS-Enso,17505,03/15/2022, 05:12:36,404
SKGTLSE12,iTLS-Enso,17506,03/15/2022, 06:16:00,404
SKGTLSE12,iTLS-Enso,17506,03/15/2022, 07:13:19,404
SKGTLSE12,iTLS-Enso,17506,03/15/2022, 08:17:49,404
SKGTLSE12,iTLS-Enso,17506,03/15/2022, 09:14:55,404
SKGTLSE12,iTLS-Enso,17506,03/15/2022, 10:18:21,404
SKGTLSE12,iTLS-Enso,17506,03/15/2022, 11:12:17,404
SKGTLSE12,iTLS-Enso,17506,03/15/2022, 12:24:12,404
SKGTLSE12,iTLS-Enso,17508,03/15/2022, 13:23:45,404
SKGTLSE12,iTLS-Enso,17508,03/15/2022, 14:12:50,404
SKGTLSE12,iTLS-Enso,17509,03/15/2022, 15:18:12,404
SKGTLSE12,iTLS-Enso,17509,03/15/2022, 16:23:14,404
SKGTLSE12,iTLS-Enso,17509,03/15/2022, 17:14:41,404
SKGTLSE12,iTLS-Enso,17509,03/15/2022, 18:20:15,404
SKGTLSE12,iTLS-Enso,17510,03/15/2022, 19:13:00,404
SKGTLSE12,iTLS-Enso,17510,03/15/2022, 20:14:27,404
SKGTLSE12,iTLS-Enso,17512,03/15/2022, 21:10:04,404
SKGTLSE12,iTLS-Enso,17512,03/15/2022, 22:14:02,404
SKGTLSE12,iTLS-Enso,17513,03/15/2022, 23:13:28,404
SKGTLSE12,iTLS-Enso,17513,03/16/2022, 00:54:03,404
SKGTLSE12,iTLS-Enso,17513,03/16/2022, 02:20:59,404
SKGTLSE12,iTLS-Enso,17513,03/16/2022, 03:16:38,404
SKGTLSE12,iTLS-Enso,17513,03/16/2022, 04:15:46,404
SKGTLSE12,iTLS-Enso,17514,03/16/2022, 05:12:26,404
SKGTLSE12,iTLS-Enso,17514,03/16/2022, 06:15:44,404
SKGTLSE12,iTLS-Enso,17514,03/16/2022, 07:13:25,404
SKGTLSE12,iTLS-Enso,17514,03/16/2022, 08:15:59,404
SKGTLSE12,iTLS-Enso,17514,03/16/2022, 09:17:14,404
SKGTLSE12,iTLS-Enso,17514,03/16/2022, 10:19:15,404
SKGTLSE12,iTLS-Enso,17514,03/16/2022, 11:14:20,404
SKGTLSE12,iTLS-Enso,17514,03/16/2022, 12:23:33,404
SKGTLSE12,iTLS-Enso,17514,03/16/2022, 13:22:48,404
SKGTLSE12,iTLS-Enso,17514,03/16/2022, 14:16:28,404
SKGTLSE12,iTLS-Enso,17515,03/16/2022, 15:14:00,404
SKGTLSE12,iTLS-Enso,17515,03/16/2022, 16:17:19,404
SKGTLSE12,iTLS-Enso,17515,03/16/2022, 17:14:41,404
SKGTLSE12,iTLS-Enso,17515,03/16/2022, 18:15:40,404
SKGTLSE12,iTLS-Enso,17516,03/16/2022, 19:15:21,404
SKGTLSE12,iTLS-Enso,17517,03/16/2022, 20:14:06,404
SKGTLSE12,iTLS-Enso,17517,03/16/2022, 21:12:26,404
SKGTLSE12,iTLS-Enso,17517,03/16/2022, 22:11:44,404
SKGTLSE12,iTLS-Enso,17519,03/16/2022, 23:13:05,404
SKGTLSE12,iTLS-Enso,17519,03/17/2022, 00:52:42,404
SKGTLSE12,iTLS-Enso,17520,03/17/2022, 02:14:56,404
SKGTLSE12,iTLS-Enso,17520,03/17/2022, 03:14:17,404
SKGTLSE12,iTLS-Enso,17522,03/17/2022, 04:16:24,404
SKGTLSE12,iTLS-Enso,17522,03/17/2022, 05:12:20,404
SKGTLSE12,iTLS-Enso,17522,03/17/2022, 06:15:44,404
SKGTLSE12,iTLS-Enso,17523,03/17/2022, 07:13:04,404
SKGTLSE12,iTLS-Enso,17523,03/17/2022, 08:16:51,404
SKGTLSE12,iTLS-Enso,17523,03/17/2022, 09:17:09,404
SKGTLSE12,iTLS-Enso,17523,03/17/2022, 10:19:08,404
SKGTLSE12,iTLS-Enso,17523,03/17/2022, 11:12:42,404
SKGTLSE12,iTLS-Enso,17523,03/17/2022, 12:22:26,404
SKGTLSE12,iTLS-Enso,17525,03/17/2022, 13:25:12,404
SKGTLSE12,iTLS-Enso,17525,03/17/2022, 16:17:56,404
SKGTLSE12,iTLS-Enso,17525,03/17/2022, 17:18:15,404
SKGTLSE12,iTLS-Enso,17525,03/17/2022, 18:18:26,404
SKGTLSE12,iTLS-Enso,17525,03/17/2022, 19:13:59,404
SKGTLSE12,iTLS-Enso,17525,03/17/2022, 20:13:55,404
SKGTLSE12,iTLS-Enso,17525,03/17/2022, 21:11:36,404
SKGTLSE12,iTLS-Enso,17526,03/17/2022, 22:13:14,404
SKGTLSE12,iTLS-Enso,17526,03/17/2022, 23:12:51,404
SKGTLSE12,iTLS-Enso,17527,03/18/2022, 00:51:44,404
SKGTLSE12,iTLS-Enso,17527,03/18/2022, 02:19:05,404
SKGTLSE12,iTLS-Enso,17527,03/18/2022, 03:16:18,404
SKGTLSE12,iTLS-Enso,17529,03/18/2022, 04:16:20,404
SKGTLSE12,iTLS-Enso,17529,03/18/2022, 05:12:21,404
SKGTLSE12,iTLS-Enso,17530,03/18/2022, 06:15:59,404
SKGTLSE12,iTLS-Enso,17530,03/18/2022, 07:12:55,404
SKGTLSE12,iTLS-Enso,17530,03/18/2022, 08:15:32,404
SKGTLSE12,iTLS-Enso,17530,03/18/2022, 09:18:12,404
SKGTLSE12,iTLS-Enso,17530,03/18/2022, 10:18:13,404
SKGTLSE12,iTLS-Enso,17530,03/18/2022, 11:12:21,404
SKGTLSE12,iTLS-Enso,17531,03/18/2022, 12:21:41,404
SKGTLSE12,iTLS-Enso,17531,03/18/2022, 13:23:23,404
SKGTLSE12,iTLS-Enso,17531,03/18/2022, 14:13:38,404
SKGTLSE12,iTLS-Enso,17532,03/18/2022, 15:18:11,404
SKGTLSE12,iTLS-Enso,17532,03/18/2022, 16:18:36,404
SKGTLSE12,iTLS-Enso,17532,03/18/2022, 17:18:32,404
SKGTLSE12,iTLS-Enso,17533,03/18/2022, 18:15:30,404
SKGTLSE12,iTLS-Enso,17533,03/18/2022, 19:10:33,404
SKGTLSE12,iTLS-Enso,17533,03/18/2022, 20:13:40,404
SKGTLSE12,iTLS-Enso,17533,03/18/2022, 21:12:25,404
SKGTLSE12,iTLS-Enso,17533,03/18/2022, 22:13:11,404
SKGTLSE12,iTLS-Enso,17533,03/18/2022, 23:13:19,404
SKGTLSE12,iTLS-Enso,17533,03/19/2022, 00:49:09,404
SKGTLSE12,iTLS-Enso,17533,03/19/2022, 02:08:36,404
SKGTLSE12,iTLS-Enso,17533,03/19/2022, 03:12:55,404
SKGTLSE12,iTLS-Enso,17535,03/19/2022, 04:15:46,404
SKGTLSE12,iTLS-Enso,17535,03/19/2022, 05:11:40,404
SKGTLSE12,iTLS-Enso,17536,03/19/2022, 06:16:16,404
SKGTLSE12,iTLS-Enso,17536,03/19/2022, 07:12:07,404
SKGTLSE12,iTLS-Enso,17536,03/19/2022, 08:14:49,404
SKGTLSE12,iTLS-Enso,17536,03/19/2022, 09:12:32,404
SKGTLSE12,iTLS-Enso,17536,03/19/2022, 10:13:41,404
SKGTLSE12,iTLS-Enso,17536,03/19/2022, 11:11:12,404
SKGTLSE12,iTLS-Enso,17538,03/19/2022, 12:20:39,404
SKGTLSE12,iTLS-Enso,17538,03/19/2022, 13:17:02,404
SKGTLSE12,iTLS-Enso,17538,03/19/2022, 14:12:53,404
SKGTLSE12,iTLS-Enso,17538,03/19/2022, 15:13:14,404
SKGTLSE12,iTLS-Enso,17539,03/19/2022, 16:17:09,404
SKGTLSE12,iTLS-Enso,17539,03/19/2022, 17:12:32,404
SKGTLSE12,iTLS-Enso,17540,03/19/2022, 18:14:36,404
SKGTLSE12,iTLS-Enso,17540,03/19/2022, 19:10:16,404
SKGTLSE12,iTLS-Enso,17540,03/19/2022, 20:12:55,404
SKGTLSE12,iTLS-Enso,17541,03/19/2022, 21:10:53,404
SKGTLSE12,iTLS-Enso,17541,03/19/2022, 22:12:09,404
SKGTLSE12,iTLS-Enso,17544,03/19/2022, 23:12:52,404
SKGTLSE12,iTLS-Enso,17547,03/20/2022, 00:52:16,404
SKGTLSE12,iTLS-Enso,17547,03/20/2022, 02:11:52,404
SKGTLSE12,iTLS-Enso,17548,03/20/2022, 03:12:58,404
SKGTLSE12,iTLS-Enso,17548,03/20/2022, 04:16:27,404
SKGTLSE12,iTLS-Enso,17548,03/20/2022, 05:11:48,404
SKGTLSE12,iTLS-Enso,17548,03/20/2022, 06:15:31,404
SKGTLSE12,iTLS-Enso,17548,03/20/2022, 07:12:03,404
SKGTLSE12,iTLS-Enso,17548,03/20/2022, 08:14:44,404
SKGTLSE12,iTLS-Enso,17548,03/20/2022, 09:13:12,404
SKGTLSE12,iTLS-Enso,17548,03/20/2022, 10:13:39,404
SKGTLSE12,iTLS-Enso,17549,03/20/2022, 11:12:11,404
SKGTLSE12,iTLS-Enso,17549,03/20/2022, 12:19:41,404
SKGTLSE12,iTLS-Enso,17549,03/20/2022, 13:16:42,404
SKGTLSE12,iTLS-Enso,17549,03/20/2022, 14:12:44,404
SKGTLSE12,iTLS-Enso,17549,03/20/2022, 15:13:52,404
SKGTLSE12,iTLS-Enso,17550,03/20/2022, 16:16:29,404
SKGTLSE12,iTLS-Enso,17551,03/20/2022, 17:12:27,404
SKGTLSE12,iTLS-Enso,17551,03/20/2022, 18:15:20,404
SKGTLSE12,iTLS-Enso,17551,03/20/2022, 19:10:19,404
SKGTLSE12,iTLS-Enso,17552,03/20/2022, 20:12:57,404
SKGTLSE12,iTLS-Enso,17553,03/20/2022, 21:11:14,404
SKGTLSE12,iTLS-Enso,17553,03/20/2022, 22:12:46,404
SKGTLSE12,iTLS-Enso,17553,03/20/2022, 23:12:29,404
SKGTLSE12,iTLS-Enso,17554,03/21/2022, 00:52:51,404
SKGTLSE12,iTLS-Enso,17555,03/21/2022, 02:25:39,404
SKGTLSE12,iTLS-Enso,17555,03/21/2022, 03:21:10,404
SKGTLSE12,iTLS-Enso,17556,03/21/2022, 04:16:24,404
SKGTLSE12,iTLS-Enso,17556,03/21/2022, 05:12:21,404
SKGTLSE12,iTLS-Enso,17556,03/21/2022, 06:16:40,404
SKGTLSE12,iTLS-Enso,17556,03/21/2022, 07:13:26,404
SKGTLSE12,iTLS-Enso,17556,03/21/2022, 08:17:28,404
SKGTLSE12,iTLS-Enso,17556,03/21/2022, 09:13:33,404
SKGTLSE12,iTLS-Enso,17556,03/21/2022, 10:19:21,404
SKGTLSE12,iTLS-Enso,17556,03/21/2022, 11:13:12,404
SKGTLSE12,iTLS-Enso,17556,03/21/2022, 12:26:25,404
SKGTLSE12,iTLS-Enso,17556,03/21/2022, 13:25:19,404
SKGTLSE12,iTLS-Enso,17556,03/21/2022, 14:17:23,404
SKGTLSE12,iTLS-Enso,17556,03/21/2022, 15:19:23,404
SKGTLSE12,iTLS-Enso,17556,03/21/2022, 16:23:24,404
SKGTLSE12,iTLS-Enso,17556,03/21/2022, 17:15:47,404
SKGTLSE12,iTLS-Enso,17556,03/21/2022, 18:21:23,404
SKGTLSE12,iTLS-Enso,17557,03/21/2022, 19:16:16,404
SKGTLSE12,iTLS-Enso,17557,03/21/2022, 20:19:39,404
SKGTLSE12,iTLS-Enso,17557,03/21/2022, 21:15:26,404
SKGTLSE12,iTLS-Enso,17558,03/21/2022, 22:13:20,404
SKGTLSE12,iTLS-Enso,17559,03/21/2022, 23:13:28,404
SKGTLSE12,iTLS-Enso,17560,03/22/2022, 00:54:33,404
SKGTLSE12,iTLS-Enso,17564,03/22/2022, 02:25:31,404
SKGTLSE12,iTLS-Enso,17564,03/22/2022, 03:22:34,404
SKGTLSE12,iTLS-Enso,17565,03/22/2022, 04:16:08,404
SKGTLSE12,iTLS-Enso,17565,03/22/2022, 05:12:11,404
SKGTLSE12,iTLS-Enso,17566,03/22/2022, 06:16:00,404
SKGTLSE12,iTLS-Enso,17566,03/22/2022, 07:12:40,404
SKGTLSE12,iTLS-Enso,17566,03/22/2022, 08:16:52,404
SKGTLSE12,iTLS-Enso,17566,03/22/2022, 09:13:08,404
SKGTLSE12,iTLS-Enso,17566,03/22/2022, 10:17:39,404
SKGTLSE12,iTLS-Enso,17567,03/22/2022, 11:16:12,404
SKGTLSE12,iTLS-Enso,17568,03/22/2022, 12:28:25,404
SKGTLSE12,iTLS-Enso,17568,03/22/2022, 13:26:37,404
SKGTLSE12,iTLS-Enso,17570,03/22/2022, 14:17:19,404
SKGTLSE12,iTLS-Enso,17571,03/22/2022, 15:15:00,404
SKGTLSE12,iTLS-Enso,17571,03/22/2022, 16:24:44,404
SKGTLSE12,iTLS-Enso,17571,03/22/2022, 17:19:19,404
SKGTLSE12,iTLS-Enso,17571,03/22/2022, 18:20:16,404
SKGTLSE12,iTLS-Enso,17572,03/22/2022, 19:12:08,404
SKGTLSE12,iTLS-Enso,17572,03/22/2022, 20:18:14,404
SKGTLSE12,iTLS-Enso,17573,03/22/2022, 21:16:23,404
SKGTLSE12,iTLS-Enso,17573,03/22/2022, 22:12:47,404
SKGTLSE12,iTLS-Enso,17573,03/22/2022, 23:13:39,404
SKGTLSE12,iTLS-Enso,17573,03/23/2022, 00:59:29,404
SKGTLSE12,iTLS-Enso,17573,03/23/2022, 02:37:33,404
SKGTLSE12,iTLS-Enso,17573,03/23/2022, 03:25:46,404
SKGTLSE12,iTLS-Enso,17573,03/23/2022, 04:16:05,404
SKGTLSE12,iTLS-Enso,17573,03/23/2022, 05:12:15,404
SKGTLSE12,iTLS-Enso,17573,03/23/2022, 06:16:44,404
SKGTLSE12,iTLS-Enso,17573,03/23/2022, 07:13:03,404
SKGTLSE12,iTLS-Enso,17573,03/23/2022, 08:21:17,404
SKGTLSE12,iTLS-Enso,17573,03/23/2022, 09:17:37,404
SKGTLSE12,iTLS-Enso,17573,03/23/2022, 10:19:24,404
SKGTLSE12,iTLS-Enso,17573,03/23/2022, 11:15:06,404
SKGTLSE12,iTLS-Enso,17573,03/23/2022, 12:27:51,404
SKGTLSE12,iTLS-Enso,17574,03/23/2022, 13:27:36,404
SKGTLSE12,iTLS-Enso,17574,03/23/2022, 14:17:31,404
SKGTLSE12,iTLS-Enso,17574,03/23/2022, 15:13:59,404
SKGTLSE12,iTLS-Enso,17575,03/23/2022, 16:17:35,404
SKGTLSE12,iTLS-Enso,17575,03/23/2022, 17:15:48,404
SKGTLSE12,iTLS-Enso,17575,03/23/2022, 18:20:23,404
SKGTLSE12,iTLS-Enso,17576,03/23/2022, 19:12:49,404
SKGTLSE12,iTLS-Enso,17577,03/23/2022, 20:15:24,404
SKGTLSE12,iTLS-Enso,17578,03/23/2022, 21:15:49,404
SKGTLSE12,iTLS-Enso,17578,03/23/2022, 22:13:14,404
SKGTLSE12,iTLS-Enso,17578,03/23/2022, 23:13:09,404
SKGTLSE12,iTLS-Enso,17578,03/24/2022, 00:55:03,404
SKGTLSE12,iTLS-Enso,17578,03/24/2022, 02:23:27,404
SKGTLSE12,iTLS-Enso,17578,03/24/2022, 03:20:06,404
SKGTLSE12,iTLS-Enso,17578,03/24/2022, 04:17:10,404
SKGTLSE12,iTLS-Enso,17578,03/24/2022, 05:12:17,404
SKGTLSE12,iTLS-Enso,17578,03/24/2022, 06:16:33,404
SKGTLSE12,iTLS-Enso,17578,03/24/2022, 07:12:51,404
SKGTLSE12,iTLS-Enso,17578,03/24/2022, 08:15:55,404
SKGTLSE12,iTLS-Enso,17578,03/24/2022, 09:18:26,404
SKGTLSE12,iTLS-Enso,17578,03/24/2022, 10:19:20,404
SKGTLSE12,iTLS-Enso,17578,03/24/2022, 11:16:34,404
SKGTLSE12,iTLS-Enso,17578,03/24/2022, 12:22:50,404
SKGTLSE12,iTLS-Enso,17578,03/24/2022, 13:22:38,404
SKGTLSE12,iTLS-Enso,17578,03/24/2022, 14:17:21,404
SKGTLSE12,iTLS-Enso,17578,03/24/2022, 15:19:17,404
SKGTLSE12,iTLS-Enso,17578,03/24/2022, 16:17:48,404
SKGTLSE12,iTLS-Enso,17578,03/24/2022, 17:29:24,404
SKGTLSE12,iTLS-Enso,17578,03/24/2022, 18:20:08,404
SKGTLSE12,iTLS-Enso,17579,03/24/2022, 19:10:42,404
SKGTLSE12,iTLS-Enso,17579,03/24/2022, 20:14:29,404
SKGTLSE12,iTLS-Enso,17579,03/24/2022, 21:12:36,404
SKGTLSE12,iTLS-Enso,17579,03/24/2022, 22:13:43,404
SKGTLSE12,iTLS-Enso,17579,03/24/2022, 23:13:23,404
SKGTLSE12,iTLS-Enso,17579,03/25/2022, 00:53:08,404
SKGTLSE12,iTLS-Enso,17581,03/25/2022, 02:18:58,404
SKGTLSE12,iTLS-Enso,17581,03/25/2022, 03:18:00,404
SKGTLSE12,iTLS-Enso,17581,03/25/2022, 04:17:13,404
SKGTLSE12,iTLS-Enso,17581,03/25/2022, 05:12:45,404
SKGTLSE12,iTLS-Enso,17581,03/25/2022, 06:17:14,404
SKGTLSE12,iTLS-Enso,17581,03/25/2022, 07:13:09,404
SKGTLSE12,iTLS-Enso,17582,03/25/2022, 08:15:51,404
SKGTLSE12,iTLS-Enso,17582,03/25/2022, 09:18:09,404
SKGTLSE12,iTLS-Enso,17582,03/25/2022, 10:20:12,404
SKGTLSE12,iTLS-Enso,17582,03/25/2022, 11:13:49,404
SKGTLSE12,iTLS-Enso,17583,03/25/2022, 12:45:54,404
SKGTLSE12,iTLS-Enso,17583,03/25/2022, 13:46:46,404
SKGTLSE12,iTLS-Enso,17583,03/25/2022, 14:16:15,404
SKGTLSE12,iTLS-Enso,17583,03/25/2022, 15:18:17,404
SKGTLSE12,iTLS-Enso,17583,03/25/2022, 16:20:13,404
SKGTLSE12,iTLS-Enso,17583,03/25/2022, 17:16:01,404
SKGTLSE12,iTLS-Enso,17583,03/25/2022, 18:16:17,404
SKGTLSE12,iTLS-Enso,17583,03/25/2022, 19:11:11,404
SKGTLSE12,iTLS-Enso,17583,03/25/2022, 20:13:38,404
SKGTLSE12,iTLS-Enso,17583,03/25/2022, 21:12:23,404
SKGTLSE12,iTLS-Enso,17583,03/25/2022, 22:13:27,404
SKGTLSE12,iTLS-Enso,17583,03/25/2022, 23:12:57,404
SKGTLSE12,iTLS-Enso,17583,03/26/2022, 00:53:13,404
SKGTLSE12,iTLS-Enso,17584,03/26/2022, 02:19:22,404
SKGTLSE12,iTLS-Enso,17584,03/26/2022, 03:18:24,404
SKGTLSE12,iTLS-Enso,17584,03/26/2022, 04:16:03,404
SKGTLSE12,iTLS-Enso,17584,03/26/2022, 05:12:00,404
SKGTLSE12,iTLS-Enso,17586,03/26/2022, 06:15:21,404
SKGTLSE12,iTLS-Enso,17586,03/26/2022, 07:12:55,404
SKGTLSE12,iTLS-Enso,17586,03/26/2022, 08:15:13,404
SKGTLSE12,iTLS-Enso,17586,03/26/2022, 09:12:20,404
SKGTLSE12,iTLS-Enso,17586,03/26/2022, 10:13:33,404
SKGTLSE12,iTLS-Enso,17586,03/26/2022, 11:11:21,404
SKGTLSE12,iTLS-Enso,17586,03/26/2022, 12:19:56,404
SKGTLSE12,iTLS-Enso,17588,03/26/2022, 13:17:24,404
SKGTLSE12,iTLS-Enso,17588,03/26/2022, 14:11:29,404
SKGTLSE12,iTLS-Enso,17589,03/26/2022, 15:13:19,404
SKGTLSE12,iTLS-Enso,17589,03/26/2022, 16:16:38,404
SKGTLSE12,iTLS-Enso,17589,03/26/2022, 17:12:42,404
SKGTLSE12,iTLS-Enso,17589,03/26/2022, 18:14:49,404
SKGTLSE12,iTLS-Enso,17590,03/26/2022, 19:10:27,404
SKGTLSE12,iTLS-Enso,17592,03/26/2022, 20:13:35,404
SKGTLSE12,iTLS-Enso,17592,03/26/2022, 21:12:40,404
SKGTLSE12,iTLS-Enso,17593,03/26/2022, 22:12:13,404
SKGTLSE12,iTLS-Enso,17594,03/26/2022, 23:12:28,404
SKGTLSE12,iTLS-Enso,17594,03/27/2022, 00:57:30,404
SKGTLSE12,iTLS-Enso,17594,03/27/2022, 02:22:26,404
SKGTLSE12,iTLS-Enso,17594,03/27/2022, 03:17:36,404
SKGTLSE12,iTLS-Enso,17594,03/27/2022, 04:16:28,404
SKGTLSE12,iTLS-Enso,17594,03/27/2022, 05:11:58,404
SKGTLSE12,iTLS-Enso,17595,03/27/2022, 06:15:35,404
SKGTLSE12,iTLS-Enso,17595,03/27/2022, 07:12:19,404
SKGTLSE12,iTLS-Enso,17595,03/27/2022, 08:15:07,404
SKGTLSE12,iTLS-Enso,17595,03/27/2022, 09:12:15,404
SKGTLSE12,iTLS-Enso,17595,03/27/2022, 10:13:49,404
SKGTLSE12,iTLS-Enso,17595,03/27/2022, 11:11:13,404
SKGTLSE12,iTLS-Enso,17595,03/27/2022, 12:20:18,404
SKGTLSE12,iTLS-Enso,17596,03/27/2022, 13:17:53,404
SKGTLSE12,iTLS-Enso,17598,03/27/2022, 14:11:27,404
SKGTLSE12,iTLS-Enso,17599,03/27/2022, 15:13:00,404
SKGTLSE12,iTLS-Enso,17601,03/27/2022, 16:17:15,404
SKGTLSE12,iTLS-Enso,17602,03/27/2022, 17:13:05,404
SKGTLSE12,iTLS-Enso,17603,03/27/2022, 18:14:43,404
SKGTLSE12,iTLS-Enso,17603,03/27/2022, 19:10:27,404
SKGTLSE12,iTLS-Enso,17604,03/27/2022, 20:14:10,404
SKGTLSE12,iTLS-Enso,17604,03/27/2022, 21:12:30,404
SKGTLSE12,iTLS-Enso,17604,03/27/2022, 22:13:12,404
SKGTLSE12,iTLS-Enso,17604,03/27/2022, 23:13:39,404
SKGTLSE12,iTLS-Enso,17604,03/28/2022, 00:58:36,404
SKGTLSE12,iTLS-Enso,17604,03/28/2022, 02:40:22,404
SKGTLSE12,iTLS-Enso,17604,03/28/2022, 03:29:07,404
SKGTLSE12,iTLS-Enso,17604,03/28/2022, 04:16:17,404
SKGTLSE12,iTLS-Enso,17604,03/28/2022, 05:12:33,404
SKGTLSE12,iTLS-Enso,17604,03/28/2022, 06:16:57,404
SKGTLSE12,iTLS-Enso,17604,03/28/2022, 07:13:23,404
SKGTLSE12,iTLS-Enso,17604,03/28/2022, 08:22:29,404
SKGTLSE12,iTLS-Enso,17604,03/28/2022, 09:18:08,404
SKGTLSE12,iTLS-Enso,17604,03/28/2022, 10:18:14,404
SKGTLSE12,iTLS-Enso,17604,03/28/2022, 11:16:16,404
SKGTLSE12,iTLS-Enso,17604,03/28/2022, 12:27:15,404
SKGTLSE12,iTLS-Enso,17604,03/28/2022, 13:27:22,404
SKGTLSE12,iTLS-Enso,17604,03/28/2022, 14:17:18,404
SKGTLSE12,iTLS-Enso,17604,03/28/2022, 15:18:07,404
SKGTLSE12,iTLS-Enso,17605,03/28/2022, 16:18:10,404
SKGTLSE12,iTLS-Enso,17606,03/28/2022, 17:15:33,404
SKGTLSE12,iTLS-Enso,17606,03/28/2022, 18:20:20,404
SKGTLSE12,iTLS-Enso,17606,03/28/2022, 19:12:53,404
SKGTLSE12,iTLS-Enso,17607,03/28/2022, 20:19:23,404
SKGTLSE12,iTLS-Enso,17607,03/28/2022, 21:16:15,404
SKGTLSE12,iTLS-Enso,17608,03/28/2022, 22:13:42,404
SKGTLSE12,iTLS-Enso,17608,03/28/2022, 23:13:10,404
SKGTLSE12,iTLS-Enso,17608,03/29/2022, 00:59:36,404
SKGTLSE12,iTLS-Enso,17608,03/29/2022, 02:39:14,404
SKGTLSE12,iTLS-Enso,17608,03/29/2022, 03:28:36,404
SKGTLSE12,iTLS-Enso,17608,03/29/2022, 04:16:16,404
SKGTLSE12,iTLS-Enso,17608,03/29/2022, 05:13:28,404
SKGTLSE12,iTLS-Enso,17608,03/29/2022, 06:17:01,404
SKGTLSE12,iTLS-Enso,17608,03/29/2022, 07:18:17,404
SKGTLSE12,iTLS-Enso,17608,03/29/2022, 08:21:27,404
SKGTLSE12,iTLS-Enso,17609,03/29/2022, 09:13:14,404
SKGTLSE12,iTLS-Enso,17609,03/29/2022, 10:19:20,404
SKGTLSE12,iTLS-Enso,17609,03/29/2022, 11:27:32,404
SKGTLSE12,iTLS-Enso,17609,03/29/2022, 12:28:34,404
SKGTLSE12,iTLS-Enso,17609,03/29/2022, 13:28:13,404
SKGTLSE12,iTLS-Enso,17610,03/29/2022, 14:17:20,404
SKGTLSE12,iTLS-Enso,17610,03/29/2022, 15:17:51,404
SKGTLSE12,iTLS-Enso,17610,03/29/2022, 16:23:03,404
SKGTLSE12,iTLS-Enso,17610,03/29/2022, 17:18:10,404
SKGTLSE12,iTLS-Enso,17610,03/29/2022, 18:20:22,404
SKGTLSE12,iTLS-Enso,17610,03/29/2022, 19:14:09,404
SKGTLSE12,iTLS-Enso,17610,03/29/2022, 20:13:50,404
SKGTLSE12,iTLS-Enso,17610,03/29/2022, 21:12:29,404
SKGTLSE12,iTLS-Enso,17610,03/29/2022, 22:13:14,404
SKGTLSE12,iTLS-Enso,17610,03/29/2022, 23:13:41,404
SKGTLSE12,iTLS-Enso,17611,03/30/2022, 00:58:49,404
SKGTLSE12,iTLS-Enso,17611,03/30/2022, 02:38:41,404
SKGTLSE12,iTLS-Enso,17612,03/30/2022, 03:27:48,404
SKGTLSE12,iTLS-Enso,17612,03/30/2022, 04:16:13,404
SKGTLSE12,iTLS-Enso,17612,03/30/2022, 05:12:33,404
SKGTLSE12,iTLS-Enso,17612,03/30/2022, 06:17:03,404
SKGTLSE12,iTLS-Enso,17612,03/30/2022, 07:13:56,404
SKGTLSE12,iTLS-Enso,17613,03/30/2022, 08:21:14,404
SKGTLSE12,iTLS-Enso,17613,03/30/2022, 09:17:24,404
SKGTLSE12,iTLS-Enso,17613,03/30/2022, 10:19:17,404
SKGTLSE12,iTLS-Enso,17613,03/30/2022, 11:16:22,404
SKGTLSE12,iTLS-Enso,17613,03/30/2022, 12:28:03,404
SKGTLSE12,iTLS-Enso,17613,03/30/2022, 13:28:23,404
SKGTLSE12,iTLS-Enso,17613,03/30/2022, 14:17:31,404
SKGTLSE12,iTLS-Enso,17613,03/30/2022, 15:18:05,404
SKGTLSE12,iTLS-Enso,17613,03/30/2022, 16:21:16,404
SKGTLSE12,iTLS-Enso,17613,03/30/2022, 17:17:12,404
SKGTLSE12,iTLS-Enso,17613,03/30/2022, 18:16:24,404
SKGTLSE12,iTLS-Enso,17613,03/30/2022, 19:12:02,404
SKGTLSE12,iTLS-Enso,17613,03/30/2022, 20:15:22,404
SKGTLSE12,iTLS-Enso,17613,03/30/2022, 21:14:50,404
SKGTLSE12,iTLS-Enso,17614,03/30/2022, 22:13:17,404
SKGTLSE12,iTLS-Enso,17614,03/30/2022, 23:13:27,404
SKGTLSE12,iTLS-Enso,17614,03/31/2022, 00:55:46,404
SKGTLSE12,iTLS-Enso,17614,03/31/2022, 02:28:48,404
SKGTLSE12,iTLS-Enso,17615,03/31/2022, 03:25:52,404
SKGTLSE12,iTLS-Enso,17615,03/31/2022, 04:16:45,404
SKGTLSE12,iTLS-Enso,17615,03/31/2022, 05:12:20,404
SKGTLSE12,iTLS-Enso,17615,03/31/2022, 06:16:34,404
SKGTLSE12,iTLS-Enso,17616,03/31/2022, 07:13:32,404
SKGTLSE12,iTLS-Enso,17616,03/31/2022, 08:21:18,404
SKGTLSE12,iTLS-Enso,17616,03/31/2022, 09:19:21,404
SKGTLSE12,iTLS-Enso,17616,03/31/2022, 10:20:25,404
SKGTLSE12,iTLS-Enso,17616,03/31/2022, 11:16:21,404
SKGTLSE12,iTLS-Enso,17617,03/31/2022, 12:29:18,404
SKGTLSE12,iTLS-Enso,17617,03/31/2022, 13:29:19,404
SKGTLSE12,iTLS-Enso,17617,03/31/2022, 14:18:15,404
SKGTLSE12,iTLS-Enso,17617,03/31/2022, 15:19:13,404
SKGTLSE12,iTLS-Enso,17618,03/31/2022, 16:18:02,404
SKGTLSE12,iTLS-Enso,17618,03/31/2022, 17:16:37,404
SKGTLSE12,iTLS-Enso,17619,03/31/2022, 18:17:19,404
SKGTLSE12,iTLS-Enso,17620,03/31/2022, 19:11:16,404
SKGTLSE12,iTLS-Enso,17621,03/31/2022, 20:14:20,404
SKGTLSE12,iTLS-Enso,17621,03/31/2022, 21:12:34,404
SKGTLSE12,iTLS-Enso,17621,03/31/2022, 22:13:07,404
SKGTLSE12,iTLS-Enso,17621,03/31/2022, 23:14:29,404
SKGTLSE12,iTLS-Enso,17621,04/01/2022, 01:04:28,404
SKGTLSE12,iTLS-Enso,17622,04/01/2022, 03:13:00,404
SKGTLSE12,iTLS-Enso,17622,04/01/2022, 04:19:01,404
SKGTLSE12,iTLS-Enso,17622,04/01/2022, 05:12:26,404
SKGTLSE12,iTLS-Enso,17624,04/01/2022, 06:16:59,404
SKGTLSE12,iTLS-Enso,17624,04/01/2022, 07:13:33,404
SKGTLSE12,iTLS-Enso,17624,04/01/2022, 08:19:46,404
SKGTLSE12,iTLS-Enso,17624,04/01/2022, 09:18:12,404
SKGTLSE12,iTLS-Enso,17625,04/01/2022, 10:20:23,404
SKGTLSE12,iTLS-Enso,17625,04/01/2022, 11:17:16,404
SKGTLSE12,iTLS-Enso,17626,04/01/2022, 12:30:09,404
SKGTLSE12,iTLS-Enso,17626,04/01/2022, 13:33:56,404
SKGTLSE12,iTLS-Enso,17626,04/01/2022, 14:18:26,404
SKGTLSE12,iTLS-Enso,17628,04/01/2022, 15:19:14,404
SKGTLSE12,iTLS-Enso,17628,04/01/2022, 16:19:20,404
SKGTLSE12,iTLS-Enso,17628,04/01/2022, 17:17:21,404
SKGTLSE12,iTLS-Enso,17629,04/01/2022, 18:16:42,404
SKGTLSE12,iTLS-Enso,17629,04/01/2022, 19:10:59,404
SKGTLSE12,iTLS-Enso,17629,04/01/2022, 20:14:23,404
SKGTLSE12,iTLS-Enso,17629,04/01/2022, 21:12:04,404
SKGTLSE12,iTLS-Enso,17629,04/01/2022, 22:13:04,404
SKGTLSE12,iTLS-Enso,17629,04/01/2022, 23:13:46,404
SKGTLSE12,iTLS-Enso,17629,04/02/2022, 00:54:07,404
SKGTLSE12,iTLS-Enso,17629,04/02/2022, 02:27:06,404
SKGTLSE12,iTLS-Enso,17629,04/02/2022, 03:25:10,404
SKGTLSE12,iTLS-Enso,17629,04/02/2022, 04:16:25,404
SKGTLSE12,iTLS-Enso,17629,04/02/2022, 05:12:00,404
SKGTLSE12,iTLS-Enso,17629,04/02/2022, 06:15:49,404
SKGTLSE12,iTLS-Enso,17630,04/02/2022, 07:13:01,404
SKGTLSE12,iTLS-Enso,17630,04/02/2022, 08:16:05,404
SKGTLSE12,iTLS-Enso,17631,04/02/2022, 09:12:34,404
SKGTLSE12,iTLS-Enso,17631,04/02/2022, 10:13:46,404
SKGTLSE12,iTLS-Enso,17631,04/02/2022, 11:10:58,404
SKGTLSE12,iTLS-Enso,17631,04/02/2022, 12:20:39,404
SKGTLSE12,iTLS-Enso,17632,04/02/2022, 13:18:46,404
SKGTLSE12,iTLS-Enso,17632,04/02/2022, 14:12:21,404
SKGTLSE12,iTLS-Enso,17632,04/02/2022, 15:13:02,404
SKGTLSE12,iTLS-Enso,17633,04/02/2022, 16:16:52,404
SKGTLSE12,iTLS-Enso,17633,04/02/2022, 17:13:32,404
SKGTLSE12,iTLS-Enso,17633,04/02/2022, 18:14:38,404
SKGTLSE12,iTLS-Enso,17633,04/02/2022, 19:11:11,404
SKGTLSE12,iTLS-Enso,17635,04/02/2022, 20:13:16,404
SKGTLSE12,iTLS-Enso,17635,04/02/2022, 21:12:04,404
SKGTLSE12,iTLS-Enso,17635,04/02/2022, 22:12:48,404
SKGTLSE12,iTLS-Enso,17635,04/02/2022, 23:12:43,404
SKGTLSE12,iTLS-Enso,17635,04/03/2022, 00:59:44,404
SKGTLSE12,iTLS-Enso,17636,04/03/2022, 02:35:53,404
SKGTLSE12,iTLS-Enso,17637,04/03/2022, 03:23:49,404
SKGTLSE12,iTLS-Enso,17638,04/03/2022, 04:16:27,404
SKGTLSE12,iTLS-Enso,17638,04/03/2022, 05:12:17,404
SKGTLSE12,iTLS-Enso,17638,04/03/2022, 06:15:47,404
SKGTLSE12,iTLS-Enso,17638,04/03/2022, 07:12:32,404
SKGTLSE12,iTLS-Enso,17638,04/03/2022, 08:15:23,404
SKGTLSE12,iTLS-Enso,17638,04/03/2022, 09:13:06,404
SKGTLSE12,iTLS-Enso,17638,04/03/2022, 10:14:16,404
SKGTLSE12,iTLS-Enso,17638,04/03/2022, 11:11:20,404
SKGTLSE12,iTLS-Enso,17639,04/03/2022, 12:21:22,404
SKGTLSE12,iTLS-Enso,17639,04/03/2022, 13:19:12,404
SKGTLSE12,iTLS-Enso,17640,04/03/2022, 14:11:34,404
SKGTLSE12,iTLS-Enso,17641,04/03/2022, 15:13:20,404
SKGTLSE12,iTLS-Enso,17642,04/03/2022, 16:17:02,404
SKGTLSE12,iTLS-Enso,17643,04/03/2022, 17:13:37,404
SKGTLSE12,iTLS-Enso,17643,04/03/2022, 18:14:47,404
SKGTLSE12,iTLS-Enso,17645,04/03/2022, 19:10:59,404
SKGTLSE12,iTLS-Enso,17645,04/03/2022, 20:14:14,404
SKGTLSE12,iTLS-Enso,17645,04/03/2022, 21:12:09,404
SKGTLSE12,iTLS-Enso,17647,04/03/2022, 22:12:56,404
SKGTLSE12,iTLS-Enso,17647,04/03/2022, 23:13:04,404
SKGTLSE12,iTLS-Enso,17649,04/04/2022, 00:57:55,404
SKGTLSE12,iTLS-Enso,17650,04/04/2022, 02:45:02,404
SKGTLSE12,iTLS-Enso,17651,04/04/2022, 03:33:58,404
SKGTLSE12,iTLS-Enso,17651,04/04/2022, 04:16:20,404
SKGTLSE12,iTLS-Enso,17651,04/04/2022, 05:12:45,404
SKGTLSE12,iTLS-Enso,17652,04/04/2022, 06:16:57,404
SKGTLSE12,iTLS-Enso,17652,04/04/2022, 07:13:42,404
SKGTLSE12,iTLS-Enso,17652,04/04/2022, 08:21:15,404
SKGTLSE12,iTLS-Enso,17652,04/04/2022, 09:14:03,404
SKGTLSE12,iTLS-Enso,17652,04/04/2022, 10:19:34,404
SKGTLSE12,iTLS-Enso,17652,04/04/2022, 11:17:35,404
SKGTLSE12,iTLS-Enso,17653,04/04/2022, 12:27:17,404
SKGTLSE12,iTLS-Enso,17654,04/04/2022, 13:24:05,404
SKGTLSE12,iTLS-Enso,17654,04/04/2022, 14:14:15,404
SKGTLSE12,iTLS-Enso,17654,04/04/2022, 15:14:40,404
SKGTLSE12,iTLS-Enso,17654,04/04/2022, 16:19:13,404
SKGTLSE12,iTLS-Enso,17655,04/04/2022, 17:18:08,404
SKGTLSE12,iTLS-Enso,17655,04/04/2022, 18:16:51,404
SKGTLSE12,iTLS-Enso,17655,04/04/2022, 19:13:06,404
SKGTLSE12,iTLS-Enso,17655,04/04/2022, 20:14:53,404
SKGTLSE12,iTLS-Enso,17655,04/04/2022, 21:12:06,404
SKGTLSE12,iTLS-Enso,17655,04/04/2022, 22:12:52,404
SKGTLSE12,iTLS-Enso,17655,04/04/2022, 23:14:26,404
SKGTLSE12,iTLS-Enso,17655,04/05/2022, 00:56:01,404
SKGTLSE12,iTLS-Enso,17658,04/05/2022, 02:26:46,404
SKGTLSE12,iTLS-Enso,17658,04/05/2022, 03:25:56,404
SKGTLSE12,iTLS-Enso,17658,04/05/2022, 04:16:17,404
SKGTLSE12,iTLS-Enso,17658,04/05/2022, 05:12:46,404
SKGTLSE12,iTLS-Enso,17658,04/05/2022, 06:17:02,404
SKGTLSE12,iTLS-Enso,17658,04/05/2022, 07:13:42,404
SKGTLSE12,iTLS-Enso,17658,04/05/2022, 08:21:21,404
SKGTLSE12,iTLS-Enso,17658,04/05/2022, 09:13:12,404
SKGTLSE12,iTLS-Enso,17658,04/05/2022, 10:13:51,404
SKGTLSE12,iTLS-Enso,17658,04/05/2022, 11:12:44,404
SKGTLSE12,iTLS-Enso,17661,04/05/2022, 12:27:27,404
SKGTLSE12,iTLS-Enso,17661,04/05/2022, 13:24:07,404
SKGTLSE12,iTLS-Enso,17661,04/05/2022, 14:18:04,404
SKGTLSE12,iTLS-Enso,17661,04/05/2022, 15:14:59,404
SKGTLSE12,iTLS-Enso,17661,04/05/2022, 16:18:38,404
SKGTLSE12,iTLS-Enso,17661,04/05/2022, 17:16:55,404
SKGTLSE12,iTLS-Enso,17661,04/05/2022, 18:16:03,404
SKGTLSE12,iTLS-Enso,17661,04/05/2022, 19:11:14,404
SKGTLSE12,iTLS-Enso,17661,04/05/2022, 20:14:40,404
SKGTLSE12,iTLS-Enso,17661,04/05/2022, 21:11:12,404
SKGTLSE12,iTLS-Enso,17661,04/05/2022, 22:12:17,404
SKGTLSE12,iTLS-Enso,17661,04/05/2022, 23:14:06,404
SKGTLSE12,iTLS-Enso,17662,04/06/2022, 00:59:26,404
SKGTLSE12,iTLS-Enso,17662,04/06/2022, 02:37:22,404
SKGTLSE12,iTLS-Enso,17663,04/06/2022, 03:27:05,404
SKGTLSE12,iTLS-Enso,17663,04/06/2022, 04:16:12,404
SKGTLSE12,iTLS-Enso,17663,04/06/2022, 05:12:37,404
SKGTLSE12,iTLS-Enso,17663,04/06/2022, 06:15:30,404
SKGTLSE12,iTLS-Enso,17663,04/06/2022, 07:13:34,404
SKGTLSE12,iTLS-Enso,17663,04/06/2022, 08:21:22,404
SKGTLSE12,iTLS-Enso,17663,04/06/2022, 09:18:32,404
SKGTLSE12,iTLS-Enso,17663,04/06/2022, 10:19:06,404
SKGTLSE12,iTLS-Enso,17663,04/06/2022, 11:16:15,404
SKGTLSE12,iTLS-Enso,17664,04/06/2022, 12:29:16,404
SKGTLSE12,iTLS-Enso,17664,04/06/2022, 13:28:19,404
SKGTLSE12,iTLS-Enso,17664,04/06/2022, 14:17:43,404
SKGTLSE12,iTLS-Enso,17664,04/06/2022, 15:18:22,404
SKGTLSE12,iTLS-Enso,17664,04/06/2022, 16:19:32,404
SKGTLSE12,iTLS-Enso,17664,04/06/2022, 17:15:02,404
SKGTLSE12,iTLS-Enso,17665,04/06/2022, 18:16:14,404
SKGTLSE12,iTLS-Enso,17666,04/06/2022, 19:09:24,404
SKGTLSE12,iTLS-Enso,17666,04/06/2022, 20:14:12,404
SKGTLSE12,iTLS-Enso,17666,04/06/2022, 21:12:39,404
SKGTLSE12,iTLS-Enso,17666,04/06/2022, 22:13:42,404
SKGTLSE12,iTLS-Enso,17666,04/06/2022, 23:13:41,404
SKGTLSE12,iTLS-Enso,17667,04/07/2022, 00:57:33,404
SKGTLSE12,iTLS-Enso,17667,04/07/2022, 02:27:58,404
SKGTLSE12,iTLS-Enso,17667,04/07/2022, 03:25:38,404
SKGTLSE12,iTLS-Enso,17667,04/07/2022, 04:16:39,404
SKGTLSE12,iTLS-Enso,17668,04/07/2022, 05:12:39,404
SKGTLSE12,iTLS-Enso,17668,04/07/2022, 06:16:24,404
SKGTLSE12,iTLS-Enso,17668,04/07/2022, 07:13:32,404
SKGTLSE12,iTLS-Enso,17668,04/07/2022, 08:17:55,404
SKGTLSE12,iTLS-Enso,17668,04/07/2022, 09:18:21,404
SKGTLSE12,iTLS-Enso,17668,04/07/2022, 10:18:17,404
SKGTLSE12,iTLS-Enso,17668,04/07/2022, 11:12:19,404
SKGTLSE12,iTLS-Enso,17668,04/07/2022, 12:23:55,404
SKGTLSE12,iTLS-Enso,17668,04/07/2022, 13:28:38,404
SKGTLSE12,iTLS-Enso,17670,04/07/2022, 14:14:56,404
SKGTLSE12,iTLS-Enso,17672,04/07/2022, 15:13:09,404
SKGTLSE12,iTLS-Enso,17673,04/07/2022, 16:18:12,404
SKGTLSE12,iTLS-Enso,17673,04/07/2022, 17:17:19,404
SKGTLSE12,iTLS-Enso,17673,04/07/2022, 18:15:42,404
SKGTLSE12,iTLS-Enso,17673,04/07/2022, 19:11:16,404
SKGTLSE12,iTLS-Enso,17673,04/07/2022, 20:14:23,404
SKGTLSE12,iTLS-Enso,17674,04/07/2022, 21:12:23,404
SKGTLSE12,iTLS-Enso,17674,04/07/2022, 22:13:22,404
SKGTLSE12,iTLS-Enso,17674,04/07/2022, 23:13:34,404
SKGTLSE12,iTLS-Enso,17675,04/08/2022, 00:57:46,404
SKGTLSE12,iTLS-Enso,17675,04/08/2022, 02:42:31,404
SKGTLSE12,iTLS-Enso,17676,04/08/2022, 03:32:40,404
SKGTLSE12,iTLS-Enso,17676,04/08/2022, 04:16:19,404
SKGTLSE12,iTLS-Enso,17676,04/08/2022, 05:12:23,404
SKGTLSE12,iTLS-Enso,17677,04/08/2022, 06:16:44,404
SKGTLSE12,iTLS-Enso,17677,04/08/2022, 07:13:56,404
SKGTLSE12,iTLS-Enso,17677,04/08/2022, 08:21:15,404
SKGTLSE12,iTLS-Enso,17677,04/08/2022, 09:18:03,404
SKGTLSE12,iTLS-Enso,17677,04/08/2022, 10:18:22,404
SKGTLSE12,iTLS-Enso,17677,04/08/2022, 11:12:35,404
SKGTLSE12,iTLS-Enso,17678,04/08/2022, 12:24:09,404
SKGTLSE12,iTLS-Enso,17679,04/08/2022, 13:32:17,404
SKGTLSE12,iTLS-Enso,17679,04/08/2022, 14:17:43,404
SKGTLSE12,iTLS-Enso,17679,04/08/2022, 15:19:17,404
SKGTLSE12,iTLS-Enso,17679,04/08/2022, 16:23:21,404
SKGTLSE12,iTLS-Enso,17680,04/08/2022, 17:19:44,404
SKGTLSE12,iTLS-Enso,17680,04/08/2022, 18:20:00,404
SKGTLSE12,iTLS-Enso,17681,04/08/2022, 19:11:55,404
SKGTLSE12,iTLS-Enso,17681,04/08/2022, 20:14:22,404
SKGTLSE12,iTLS-Enso,17683,04/08/2022, 21:17:31,404
SKGTLSE12,iTLS-Enso,17683,04/08/2022, 22:13:40,404
SKGTLSE12,iTLS-Enso,17683,04/08/2022, 23:13:17,404
SKGTLSE12,iTLS-Enso,17683,04/09/2022, 00:56:30,404
SKGTLSE12,iTLS-Enso,17683,04/09/2022, 02:22:49,404
SKGTLSE12,iTLS-Enso,17683,04/09/2022, 03:21:47,404
SKGTLSE12,iTLS-Enso,17683,04/09/2022, 04:16:24,404
SKGTLSE12,iTLS-Enso,17683,04/09/2022, 05:11:56,404
SKGTLSE12,iTLS-Enso,17685,04/09/2022, 06:16:09,404
SKGTLSE12,iTLS-Enso,17685,04/09/2022, 07:12:52,404
SKGTLSE12,iTLS-Enso,17685,04/09/2022, 08:15:25,404
SKGTLSE12,iTLS-Enso,17686,04/09/2022, 09:12:39,404
SKGTLSE12,iTLS-Enso,17687,04/09/2022, 10:13:47,404
SKGTLSE12,iTLS-Enso,17688,04/09/2022, 11:11:20,404
SKGTLSE12,iTLS-Enso,17689,04/09/2022, 12:20:41,404
SKGTLSE12,iTLS-Enso,17689,04/09/2022, 13:19:27,404
SKGTLSE12,iTLS-Enso,17689,04/09/2022, 14:12:10,404
SKGTLSE12,iTLS-Enso,17690,04/09/2022, 15:13:30,404
SKGTLSE12,iTLS-Enso,17691,04/09/2022, 16:17:07,404
SKGTLSE12,iTLS-Enso,17692,04/09/2022, 17:13:57,404
SKGTLSE12,iTLS-Enso,17692,04/09/2022, 18:15:01,404
SKGTLSE12,iTLS-Enso,17693,04/09/2022, 19:10:39,404
SKGTLSE12,iTLS-Enso,17693,04/09/2022, 20:14:05,404
SKGTLSE12,iTLS-Enso,17694,04/09/2022, 21:11:29,404
SKGTLSE12,iTLS-Enso,17694,04/09/2022, 22:13:30,404
SKGTLSE12,iTLS-Enso,17694,04/09/2022, 23:12:53,404
SKGTLSE12,iTLS-Enso,17694,04/10/2022, 00:59:39,404
SKGTLSE12,iTLS-Enso,17695,04/10/2022, 02:37:59,404
SKGTLSE12,iTLS-Enso,17695,04/10/2022, 03:26:51,404
SKGTLSE12,iTLS-Enso,17696,04/10/2022, 04:16:04,404
SKGTLSE12,iTLS-Enso,17698,04/10/2022, 05:12:12,404
SKGTLSE12,iTLS-Enso,17698,04/10/2022, 06:16:07,404
SKGTLSE12,iTLS-Enso,17699,04/10/2022, 07:12:53,404
SKGTLSE12,iTLS-Enso,17699,04/10/2022, 08:15:27,404
SKGTLSE12,iTLS-Enso,17699,04/10/2022, 09:12:52,404
SKGTLSE12,iTLS-Enso,17699,04/10/2022, 10:13:58,404
SKGTLSE12,iTLS-Enso,17699,04/10/2022, 11:11:51,404
SKGTLSE12,iTLS-Enso,17699,04/10/2022, 12:20:52,404
SKGTLSE12,iTLS-Enso,17699,04/10/2022, 13:19:44,404
SKGTLSE12,iTLS-Enso,17699,04/10/2022, 14:11:43,404
SKGTLSE12,iTLS-Enso,17699,04/10/2022, 15:13:29,404
SKGTLSE12,iTLS-Enso,17701,04/10/2022, 16:17:09,404
SKGTLSE12,iTLS-Enso,17701,04/10/2022, 17:14:08,404
SKGTLSE12,iTLS-Enso,17702,04/10/2022, 18:15:40,404
SKGTLSE12,iTLS-Enso,17702,04/10/2022, 19:10:51,404
SKGTLSE12,iTLS-Enso,17702,04/10/2022, 20:13:17,404
SKGTLSE12,iTLS-Enso,17703,04/10/2022, 21:11:27,404
SKGTLSE12,iTLS-Enso,17704,04/10/2022, 22:13:33,404
SKGTLSE12,iTLS-Enso,17705,04/10/2022, 23:12:56,404
SKGTLSE12,iTLS-Enso,17706,04/11/2022, 00:58:12,404
SKGTLSE12,iTLS-Enso,17707,04/11/2022, 02:49:11,404
SKGTLSE12,iTLS-Enso,17707,04/11/2022, 03:40:27,404
SKGTLSE12,iTLS-Enso,17707,04/11/2022, 04:17:46,404
SKGTLSE12,iTLS-Enso,17708,04/11/2022, 05:12:35,404
SKGTLSE12,iTLS-Enso,17709,04/11/2022, 06:17:22,404
SKGTLSE12,iTLS-Enso,17710,04/11/2022, 07:18:07,404
SKGTLSE12,iTLS-Enso,17710,04/11/2022, 08:21:31,404
SKGTLSE12,iTLS-Enso,17710,04/11/2022, 09:13:55,404
SKGTLSE12,iTLS-Enso,17710,04/11/2022, 10:18:38,404
SKGTLSE12,iTLS-Enso,17710,04/11/2022, 11:16:25,404
SKGTLSE12,iTLS-Enso,17710,04/11/2022, 12:28:31,404
SKGTLSE12,iTLS-Enso,17710,04/11/2022, 13:25:40,404
SKGTLSE12,iTLS-Enso,17710,04/11/2022, 14:17:37,404
SKGTLSE12,iTLS-Enso,17710,04/11/2022, 15:19:32,404
SKGTLSE12,iTLS-Enso,17711,04/11/2022, 16:19:18,404
SKGTLSE12,iTLS-Enso,17711,04/11/2022, 17:18:46,404
SKGTLSE12,iTLS-Enso,17712,04/11/2022, 18:17:13,404
SKGTLSE12,iTLS-Enso,17712,04/11/2022, 19:11:19,404
SKGTLSE12,iTLS-Enso,17713,04/11/2022, 20:15:45,404
SKGTLSE12,iTLS-Enso,17713,04/11/2022, 21:12:26,404
SKGTLSE12,iTLS-Enso,17713,04/11/2022, 22:13:23,404
SKGTLSE12,iTLS-Enso,17714,04/11/2022, 23:14:30,404
SKGTLSE12,iTLS-Enso,17715,04/12/2022, 00:57:10,404
SKGTLSE12,iTLS-Enso,17715,04/12/2022, 02:40:22,404
SKGTLSE12,iTLS-Enso,17715,04/12/2022, 03:31:42,404
SKGTLSE12,iTLS-Enso,17715,04/12/2022, 04:16:12,404
SKGTLSE12,iTLS-Enso,17715,04/12/2022, 05:12:31,404
SKGTLSE12,iTLS-Enso,17716,04/12/2022, 06:16:47,404
SKGTLSE12,iTLS-Enso,17716,04/12/2022, 07:13:43,404
SKGTLSE12,iTLS-Enso,17716,04/12/2022, 08:21:56,404
SKGTLSE12,iTLS-Enso,17716,04/12/2022, 09:13:34,404
SKGTLSE12,iTLS-Enso,17717,04/12/2022, 10:20:18,404
SKGTLSE12,iTLS-Enso,17717,04/12/2022, 11:16:16,404
SKGTLSE12,iTLS-Enso,17717,04/12/2022, 12:27:14,404
SKGTLSE12,iTLS-Enso,17717,04/12/2022, 13:28:20,404
SKGTLSE12,iTLS-Enso,17718,04/12/2022, 14:12:56,404
SKGTLSE12,iTLS-Enso,17718,04/12/2022, 15:14:57,404
SKGTLSE12,iTLS-Enso,17718,04/12/2022, 16:22:14,404
SKGTLSE12,iTLS-Enso,17719,04/12/2022, 17:16:43,404
SKGTLSE12,iTLS-Enso,17719,04/12/2022, 18:16:09,404
SKGTLSE12,iTLS-Enso,17720,04/12/2022, 19:11:27,404
SKGTLSE12,iTLS-Enso,17720,04/12/2022, 20:14:10,404
SKGTLSE12,iTLS-Enso,17721,04/12/2022, 21:12:03,404
SKGTLSE12,iTLS-Enso,17722,04/12/2022, 22:13:00,404
SKGTLSE12,iTLS-Enso,17722,04/12/2022, 23:13:35,404
SKGTLSE12,iTLS-Enso,17723,04/13/2022, 01:03:22,404
SKGTLSE12,iTLS-Enso,17725,04/13/2022, 03:00:46,404
SKGTLSE12,iTLS-Enso,17725,04/13/2022, 03:39:49,404
SKGTLSE12,iTLS-Enso,17725,04/13/2022, 04:17:30,404
SKGTLSE12,iTLS-Enso,17725,04/13/2022, 05:12:48,404
SKGTLSE12,iTLS-Enso,17726,04/13/2022, 06:17:12,404
SKGTLSE12,iTLS-Enso,17726,04/13/2022, 07:14:02,404
SKGTLSE12,iTLS-Enso,17726,04/13/2022, 08:17:38,404
SKGTLSE12,iTLS-Enso,17726,04/13/2022, 09:13:33,404
SKGTLSE12,iTLS-Enso,17726,04/13/2022, 10:19:22,404
SKGTLSE12,iTLS-Enso,17726,04/13/2022, 11:14:04,404
SKGTLSE12,iTLS-Enso,17726,04/13/2022, 12:24:56,404
SKGTLSE12,iTLS-Enso,17726,04/13/2022, 13:28:06,404
SKGTLSE12,iTLS-Enso,17726,04/13/2022, 14:20:06,404
SKGTLSE12,iTLS-Enso,17727,04/13/2022, 15:18:38,404
SKGTLSE12,iTLS-Enso,17727,04/13/2022, 16:18:51,404
SKGTLSE12,iTLS-Enso,17728,04/13/2022, 17:22:18,404
SKGTLSE12,iTLS-Enso,17729,04/13/2022, 18:15:36,404
SKGTLSE12,iTLS-Enso,17729,04/13/2022, 19:12:31,404
SKGTLSE12,iTLS-Enso,17730,04/13/2022, 20:17:52,404
SKGTLSE12,iTLS-Enso,17730,04/13/2022, 21:12:30,404
SKGTLSE12,iTLS-Enso,17730,04/13/2022, 22:13:04,404
SKGTLSE12,iTLS-Enso,17730,04/13/2022, 23:13:00,404
SKGTLSE12,iTLS-Enso,17731,04/14/2022, 01:05:26,404
SKGTLSE12,iTLS-Enso,17731,04/14/2022, 03:02:22,404
SKGTLSE12,iTLS-Enso,17731,04/14/2022, 04:16:12,404
SKGTLSE12,iTLS-Enso,17731,04/14/2022, 05:12:56,404
SKGTLSE12,iTLS-Enso,17733,04/14/2022, 06:17:17,404
SKGTLSE12,iTLS-Enso,17733,04/14/2022, 07:13:54,404
SKGTLSE12,iTLS-Enso,17733,04/14/2022, 08:21:45,404
SKGTLSE12,iTLS-Enso,17733,04/14/2022, 09:18:12,404
SKGTLSE12,iTLS-Enso,17733,04/14/2022, 10:14:53,404
SKGTLSE12,iTLS-Enso,17733,04/14/2022, 11:16:18,404
SKGTLSE12,iTLS-Enso,17734,04/14/2022, 12:28:46,404
SKGTLSE12,iTLS-Enso,17734,04/14/2022, 13:27:47,404
SKGTLSE12,iTLS-Enso,17734,04/14/2022, 14:17:17,404
SKGTLSE12,iTLS-Enso,17734,04/14/2022, 15:18:31,404
SKGTLSE12,iTLS-Enso,17734,04/14/2022, 16:19:39,404
SKGTLSE12,iTLS-Enso,17734,04/14/2022, 17:18:17,404
SKGTLSE12,iTLS-Enso,17734,04/14/2022, 18:16:15,404
SKGTLSE12,iTLS-Enso,17734,04/14/2022, 19:12:42,404
SKGTLSE12,iTLS-Enso,17735,04/14/2022, 20:14:57,404
SKGTLSE12,iTLS-Enso,17736,04/14/2022, 21:12:20,404
SKGTLSE12,iTLS-Enso,17736,04/14/2022, 22:14:59,404
SKGTLSE12,iTLS-Enso,17736,04/14/2022, 23:13:34,404
SKGTLSE12,iTLS-Enso,17736,04/15/2022, 01:00:15,404
SKGTLSE12,iTLS-Enso,17736,04/15/2022, 03:06:29,404
SKGTLSE12,iTLS-Enso,17736,04/15/2022, 04:32:05,404
SKGTLSE12,iTLS-Enso,17736,04/15/2022, 05:18:59,404
SKGTLSE12,iTLS-Enso,17737,04/15/2022, 06:16:50,404
SKGTLSE12,iTLS-Enso,17737,04/15/2022, 07:13:37,404
SKGTLSE12,iTLS-Enso,17737,04/15/2022, 08:17:05,404
SKGTLSE12,iTLS-Enso,17737,04/15/2022, 09:13:21,404
SKGTLSE12,iTLS-Enso,17737,04/15/2022, 10:14:49,404
SKGTLSE12,iTLS-Enso,17737,04/15/2022, 11:11:39,404
SKGTLSE12,iTLS-Enso,17737,04/15/2022, 12:21:54,404
SKGTLSE12,iTLS-Enso,17737,04/15/2022, 13:22:49,404
SKGTLSE12,iTLS-Enso,17738,04/15/2022, 14:12:45,404
SKGTLSE12,iTLS-Enso,17740,04/15/2022, 15:14:01,404
SKGTLSE12,iTLS-Enso,17743,04/15/2022, 16:18:18,404
SKGTLSE12,iTLS-Enso,17743,04/15/2022, 17:18:00,404
SKGTLSE12,iTLS-Enso,17743,04/15/2022, 18:16:10,404
SKGTLSE12,iTLS-Enso,17744,04/15/2022, 19:12:11,404
SKGTLSE12,iTLS-Enso,17744,04/15/2022, 20:14:22,404
SKGTLSE12,iTLS-Enso,17744,04/15/2022, 21:12:12,404
SKGTLSE12,iTLS-Enso,17744,04/15/2022, 22:13:16,404
SKGTLSE12,iTLS-Enso,17745,04/15/2022, 23:14:03,404
SKGTLSE12,iTLS-Enso,17747,04/16/2022, 00:58:03,404
SKGTLSE12,iTLS-Enso,17748,04/16/2022, 02:26:02,404
SKGTLSE12,iTLS-Enso,17748,04/16/2022, 03:24:18,404
SKGTLSE12,iTLS-Enso,17748,04/16/2022, 04:16:43,404
SKGTLSE12,iTLS-Enso,17749,04/16/2022, 05:12:08,404
SKGTLSE12,iTLS-Enso,17749,04/16/2022, 06:16:03,404
SKGTLSE12,iTLS-Enso,17749,04/16/2022, 07:12:55,404
SKGTLSE12,iTLS-Enso,17749,04/16/2022, 08:16:06,404
SKGTLSE12,iTLS-Enso,17749,04/16/2022, 09:12:46,404
SKGTLSE12,iTLS-Enso,17749,04/16/2022, 10:15:11,404
SKGTLSE12,iTLS-Enso,17749,04/16/2022, 11:11:45,404
SKGTLSE12,iTLS-Enso,17750,04/16/2022, 12:21:25,404
SKGTLSE12,iTLS-Enso,17750,04/16/2022, 13:20:46,404
SKGTLSE12,iTLS-Enso,17750,04/16/2022, 14:12:13,404
SKGTLSE12,iTLS-Enso,17752,04/16/2022, 15:13:18,404
SKGTLSE12,iTLS-Enso,17754,04/16/2022, 16:17:34,404
SKGTLSE12,iTLS-Enso,17756,04/16/2022, 17:14:33,404
SKGTLSE12,iTLS-Enso,17756,04/16/2022, 18:15:39,404
SKGTLSE12,iTLS-Enso,17756,04/16/2022, 19:10:55,404
SKGTLSE12,iTLS-Enso,17759,04/16/2022, 20:13:20,404
SKGTLSE12,iTLS-Enso,17759,04/16/2022, 21:11:39,404
SKGTLSE12,iTLS-Enso,17759,04/16/2022, 22:12:36,404
SKGTLSE12,iTLS-Enso,17760,04/16/2022, 23:13:07,404
SKGTLSE12,iTLS-Enso,17761,04/17/2022, 01:01:08,404
SKGTLSE12,iTLS-Enso,17761,04/17/2022, 02:52:44,404
SKGTLSE12,iTLS-Enso,17761,04/17/2022, 03:27:09,404
SKGTLSE12,iTLS-Enso,17761,04/17/2022, 04:16:18,404
SKGTLSE12,iTLS-Enso,17762,04/17/2022, 05:12:13,404
SKGTLSE12,iTLS-Enso,17763,04/17/2022, 06:16:10,404
SKGTLSE12,iTLS-Enso,17763,04/17/2022, 07:13:10,404
SKGTLSE12,iTLS-Enso,17763,04/17/2022, 08:16:16,404
SKGTLSE12,iTLS-Enso,17765,04/17/2022, 09:13:16,404
SKGTLSE12,iTLS-Enso,17766,04/17/2022, 10:14:01,404
SKGTLSE12,iTLS-Enso,17766,04/17/2022, 11:11:24,404
SKGTLSE12,iTLS-Enso,17766,04/17/2022, 12:21:15,404
SKGTLSE12,iTLS-Enso,17767,04/17/2022, 13:20:38,404
SKGTLSE12,iTLS-Enso,17767,04/17/2022, 14:12:17,404
SKGTLSE12,iTLS-Enso,17768,04/17/2022, 15:13:25,404
SKGTLSE12,iTLS-Enso,17769,04/17/2022, 16:17:24,404
SKGTLSE12,iTLS-Enso,17772,04/17/2022, 17:14:31,404
SKGTLSE12,iTLS-Enso,17772,04/17/2022, 18:15:34,404
SKGTLSE12,iTLS-Enso,17773,04/17/2022, 19:11:08,404
SKGTLSE12,iTLS-Enso,17773,04/17/2022, 20:13:36,404
SKGTLSE12,iTLS-Enso,17774,04/17/2022, 21:11:39,404
SKGTLSE12,iTLS-Enso,17775,04/17/2022, 22:13:01,404
SKGTLSE12,iTLS-Enso,17775,04/17/2022, 23:13:53,404
SKGTLSE12,iTLS-Enso,17775,04/18/2022, 01:06:43,404
SKGTLSE12,iTLS-Enso,17776,04/18/2022, 03:11:43,404
SKGTLSE12,iTLS-Enso,17779,04/18/2022, 04:20:36,404
SKGTLSE12,iTLS-Enso,17779,04/18/2022, 05:13:57,404
SKGTLSE12,iTLS-Enso,17779,04/18/2022, 06:17:30,404
SKGTLSE12,iTLS-Enso,17779,04/18/2022, 07:13:47,404
SKGTLSE12,iTLS-Enso,17779,04/18/2022, 08:17:15,404
SKGTLSE12,iTLS-Enso,17779,04/18/2022, 09:13:46,404
SKGTLSE12,iTLS-Enso,17779,04/18/2022, 10:15:46,404
SKGTLSE12,iTLS-Enso,17779,04/18/2022, 11:11:53,404
SKGTLSE12,iTLS-Enso,17782,04/18/2022, 12:23:47,404
SKGTLSE12,iTLS-Enso,17782,04/18/2022, 13:25:55,404
SKGTLSE12,iTLS-Enso,17782,04/18/2022, 14:12:53,404
SKGTLSE12,iTLS-Enso,17782,04/18/2022, 15:13:34,404
SKGTLSE12,iTLS-Enso,17782,04/18/2022, 16:19:38,404
SKGTLSE12,iTLS-Enso,17782,04/18/2022, 17:19:43,404
SKGTLSE12,iTLS-Enso,17783,04/18/2022, 18:17:40,404
SKGTLSE12,iTLS-Enso,17784,04/18/2022, 19:11:05,404
SKGTLSE12,iTLS-Enso,17786,04/18/2022, 20:14:40,404
SKGTLSE12,iTLS-Enso,17786,04/18/2022, 21:12:14,404
SKGTLSE12,iTLS-Enso,17786,04/18/2022, 22:14:25,404
SKGTLSE12,iTLS-Enso,17787,04/18/2022, 23:11:13,404
SKGTLSE12,iTLS-Enso,17787,04/19/2022, 01:10:09,404
SKGTLSE12,iTLS-Enso,17788,04/19/2022, 03:20:48,404
SKGTLSE12,iTLS-Enso,17789,04/19/2022, 04:29:34,404
SKGTLSE12,iTLS-Enso,17790,04/19/2022, 05:20:57,404
SKGTLSE12,iTLS-Enso,17790,04/19/2022, 06:17:30,404
SKGTLSE12,iTLS-Enso,17790,04/19/2022, 07:13:37,404
SKGTLSE12,iTLS-Enso,17790,04/19/2022, 08:22:18,404
SKGTLSE12,iTLS-Enso,17790,04/19/2022, 09:13:48,404
SKGTLSE12,iTLS-Enso,17792,04/19/2022, 10:19:28,404
SKGTLSE12,iTLS-Enso,17792,04/19/2022, 11:12:42,404
SKGTLSE12,iTLS-Enso,17792,04/19/2022, 12:32:12,404
SKGTLSE12,iTLS-Enso,17792,04/19/2022, 13:33:13,404
SKGTLSE12,iTLS-Enso,17793,04/19/2022, 14:13:15,404
SKGTLSE12,iTLS-Enso,17793,04/19/2022, 15:14:35,404
SKGTLSE12,iTLS-Enso,17793,04/19/2022, 16:19:29,404
SKGTLSE12,iTLS-Enso,17794,04/19/2022, 17:22:54,404
SKGTLSE12,iTLS-Enso,17794,04/19/2022, 18:17:40,404
SKGTLSE12,iTLS-Enso,17796,04/19/2022, 19:11:37,404
SKGTLSE12,iTLS-Enso,17797,04/19/2022, 20:15:36,404
SKGTLSE12,iTLS-Enso,17800,04/19/2022, 21:12:27,404
SKGTLSE12,iTLS-Enso,17800,04/19/2022, 22:14:45,404
SKGTLSE12,iTLS-Enso,17800,04/19/2022, 23:12:13,404
SKGTLSE12,iTLS-Enso,17800,04/20/2022, 01:16:14,404
SKGTLSE12,iTLS-Enso,17803,04/20/2022, 03:37:16,404
SKGTLSE12,iTLS-Enso,17803,04/20/2022, 04:41:53,404
SKGTLSE12,iTLS-Enso,17803,04/20/2022, 05:31:47,404
SKGTLSE12,iTLS-Enso,17803,04/20/2022, 06:17:38,404
SKGTLSE12,iTLS-Enso,17803,04/20/2022, 07:13:52,404
SKGTLSE12,iTLS-Enso,17804,04/20/2022, 08:24:25,404
SKGTLSE12,iTLS-Enso,17804,04/20/2022, 09:18:18,404
SKGTLSE12,iTLS-Enso,17804,04/20/2022, 10:19:13,404
SKGTLSE12,iTLS-Enso,17804,04/20/2022, 11:16:25,404
SKGTLSE12,iTLS-Enso,17804,04/20/2022, 12:28:08,404
SKGTLSE12,iTLS-Enso,17804,04/20/2022, 13:32:22,404
SKGTLSE12,iTLS-Enso,17804,04/20/2022, 14:13:19,404
SKGTLSE12,iTLS-Enso,17804,04/20/2022, 15:15:47,404
SKGTLSE12,iTLS-Enso,17804,04/20/2022, 16:19:28,404
SKGTLSE12,iTLS-Enso,17804,04/20/2022, 17:24:07,404
SKGTLSE12,iTLS-Enso,17805,04/20/2022, 18:15:54,404
SKGTLSE12,iTLS-Enso,17805,04/20/2022, 19:11:44,404
SKGTLSE12,iTLS-Enso,17806,04/20/2022, 20:15:48,404
SKGTLSE12,iTLS-Enso,17806,04/20/2022, 21:12:00,404
SKGTLSE12,iTLS-Enso,17808,04/20/2022, 22:13:49,404
SKGTLSE12,iTLS-Enso,17809,04/20/2022, 23:15:22,404
SKGTLSE12,iTLS-Enso,17813,04/21/2022, 01:05:29,404
SKGTLSE12,iTLS-Enso,17815,04/21/2022, 03:23:38,404
SKGTLSE12,iTLS-Enso,17815,04/21/2022, 04:39:21,404
SKGTLSE12,iTLS-Enso,17815,04/21/2022, 05:33:29,404
SKGTLSE12,iTLS-Enso,17815,04/21/2022, 06:16:50,404
SKGTLSE12,iTLS-Enso,17816,04/21/2022, 07:13:09,404
SKGTLSE12,iTLS-Enso,17817,04/21/2022, 08:23:14,404
SKGTLSE12,iTLS-Enso,17818,04/21/2022, 09:19:28,404
SKGTLSE12,iTLS-Enso,17820,04/21/2022, 10:20:21,404
SKGTLSE12,iTLS-Enso,17820,04/21/2022, 11:17:22,404
SKGTLSE12,iTLS-Enso,17820,04/21/2022, 12:25:04,404
SKGTLSE12,iTLS-Enso,17820,04/21/2022, 13:32:39,404
SKGTLSE12,iTLS-Enso,17821,04/21/2022, 14:13:46,404
SKGTLSE12,iTLS-Enso,17822,04/21/2022, 15:17:41,404
SKGTLSE12,iTLS-Enso,17822,04/21/2022, 16:22:44,404
SKGTLSE12,iTLS-Enso,17824,04/21/2022, 17:22:57,404
SKGTLSE12,iTLS-Enso,17825,04/21/2022, 18:18:11,404
SKGTLSE12,iTLS-Enso,17825,04/21/2022, 19:10:16,404
SKGTLSE12,iTLS-Enso,17827,04/21/2022, 20:15:53,404
SKGTLSE12,iTLS-Enso,17827,04/21/2022, 21:12:34,404
SKGTLSE12,iTLS-Enso,17827,04/21/2022, 22:13:32,404
SKGTLSE12,iTLS-Enso,17827,04/21/2022, 23:13:40,404
SKGTLSE12,iTLS-Enso,17827,04/22/2022, 01:05:54,404
SKGTLSE12,iTLS-Enso,17827,04/22/2022, 03:41:17,404
SKGTLSE12,iTLS-Enso,17828,04/22/2022, 04:41:56,404
SKGTLSE12,iTLS-Enso,17828,04/22/2022, 05:33:03,404
SKGTLSE12,iTLS-Enso,17829,04/22/2022, 06:17:16,404
SKGTLSE12,iTLS-Enso,17829,04/22/2022, 07:13:34,404
SKGTLSE12,iTLS-Enso,17829,04/22/2022, 08:18:51,404
SKGTLSE12,iTLS-Enso,17829,04/22/2022, 09:19:17,404
SKGTLSE12,iTLS-Enso,17829,04/22/2022, 10:18:08,404
SKGTLSE12,iTLS-Enso,17830,04/22/2022, 11:12:09,404
SKGTLSE12,iTLS-Enso,17830,04/22/2022, 12:30:13,404
SKGTLSE12,iTLS-Enso,17830,04/22/2022, 13:32:51,404
SKGTLSE12,iTLS-Enso,17830,04/22/2022, 14:18:11,404
SKGTLSE12,iTLS-Enso,17830,04/22/2022, 15:14:37,404
SKGTLSE12,iTLS-Enso,17830,04/22/2022, 16:19:57,404
SKGTLSE12,iTLS-Enso,17831,04/22/2022, 17:21:55,404
SKGTLSE12,iTLS-Enso,17833,04/22/2022, 18:16:28,404
SKGTLSE12,iTLS-Enso,17833,04/22/2022, 19:11:44,404
SKGTLSE12,iTLS-Enso,17833,04/22/2022, 20:14:35,404
SKGTLSE12,iTLS-Enso,17833,04/22/2022, 21:12:30,404
SKGTLSE12,iTLS-Enso,17833,04/22/2022, 22:14:18,404
SKGTLSE12,iTLS-Enso,17834,04/22/2022, 23:13:49,404
SKGTLSE12,iTLS-Enso,17835,04/23/2022, 01:00:07,404
SKGTLSE12,iTLS-Enso,17835,04/23/2022, 02:40:49,404
SKGTLSE12,iTLS-Enso,17835,04/23/2022, 03:31:45,404
SKGTLSE12,iTLS-Enso,17835,04/23/2022, 04:16:05,404
SKGTLSE12,iTLS-Enso,17836,04/23/2022, 05:12:06,404
SKGTLSE12,iTLS-Enso,17836,04/23/2022, 06:16:08,404
SKGTLSE12,iTLS-Enso,17836,04/23/2022, 07:13:28,404
SKGTLSE12,iTLS-Enso,17837,04/23/2022, 08:15:45,404
SKGTLSE12,iTLS-Enso,17837,04/23/2022, 09:12:58,404
SKGTLSE12,iTLS-Enso,17839,04/23/2022, 10:14:39,404
SKGTLSE12,iTLS-Enso,17839,04/23/2022, 11:11:20,404
SKGTLSE12,iTLS-Enso,17839,04/23/2022, 12:21:40,404
SKGTLSE12,iTLS-Enso,17840,04/23/2022, 13:21:39,404
SKGTLSE12,iTLS-Enso,17840,04/23/2022, 14:12:41,404
SKGTLSE12,iTLS-Enso,17840,04/23/2022, 15:14:12,404
SKGTLSE12,iTLS-Enso,17841,04/23/2022, 16:18:03,404
SKGTLSE12,iTLS-Enso,17841,04/23/2022, 17:15:27,404
SKGTLSE12,iTLS-Enso,17841,04/23/2022, 18:15:23,404
SKGTLSE12,iTLS-Enso,17842,04/23/2022, 19:11:08,404
SKGTLSE12,iTLS-Enso,17842,04/23/2022, 20:14:13,404
SKGTLSE12,iTLS-Enso,17842,04/23/2022, 21:11:55,404
SKGTLSE12,iTLS-Enso,17843,04/23/2022, 22:13:11,404
SKGTLSE12,iTLS-Enso,17843,04/23/2022, 23:13:36,404
SKGTLSE12,iTLS-Enso,17843,04/24/2022, 00:58:36,404
SKGTLSE12,iTLS-Enso,17845,04/24/2022, 02:36:28,404
SKGTLSE12,iTLS-Enso,17845,04/24/2022, 03:25:20,404
SKGTLSE12,iTLS-Enso,17845,04/24/2022, 04:16:39,404
SKGTLSE12,iTLS-Enso,17845,04/24/2022, 05:12:46,404
SKGTLSE12,iTLS-Enso,17846,04/24/2022, 06:16:39,404
SKGTLSE12,iTLS-Enso,17847,04/24/2022, 07:13:14,404
SKGTLSE12,iTLS-Enso,17847,04/24/2022, 08:16:31,404
SKGTLSE12,iTLS-Enso,17848,04/24/2022, 09:13:31,404
SKGTLSE12,iTLS-Enso,17848,04/24/2022, 10:14:06,404
SKGTLSE12,iTLS-Enso,17848,04/24/2022, 11:11:33,404
SKGTLSE12,iTLS-Enso,17848,04/24/2022, 12:21:26,404
SKGTLSE12,iTLS-Enso,17849,04/24/2022, 13:22:23,404
SKGTLSE12,iTLS-Enso,17850,04/24/2022, 14:12:34,404
SKGTLSE12,iTLS-Enso,17851,04/24/2022, 15:13:43,404
SKGTLSE12,iTLS-Enso,17851,04/24/2022, 16:17:40,404
SKGTLSE12,iTLS-Enso,17851,04/24/2022, 17:15:33,404
SKGTLSE12,iTLS-Enso,17851,04/24/2022, 18:15:34,404
SKGTLSE12,iTLS-Enso,17852,04/24/2022, 19:11:08,404
SKGTLSE12,iTLS-Enso,17855,04/24/2022, 20:14:40,404
SKGTLSE12,iTLS-Enso,17856,04/24/2022, 21:11:52,404
SKGTLSE12,iTLS-Enso,17857,04/24/2022, 22:13:06,404
SKGTLSE12,iTLS-Enso,17859,04/24/2022, 23:13:30,404
SKGTLSE12,iTLS-Enso,17860,04/25/2022, 00:57:52,404
SKGTLSE12,iTLS-Enso,17861,04/25/2022, 02:53:54,404
SKGTLSE12,iTLS-Enso,17862,04/25/2022, 03:42:51,404
SKGTLSE12,iTLS-Enso,17863,04/25/2022, 04:20:59,404
SKGTLSE12,iTLS-Enso,17863,04/25/2022, 05:14:15,404
SKGTLSE12,iTLS-Enso,17863,04/25/2022, 06:18:55,404
SKGTLSE12,iTLS-Enso,17863,04/25/2022, 07:13:48,404
SKGTLSE12,iTLS-Enso,17864,04/25/2022, 08:20:51,404
SKGTLSE12,iTLS-Enso,17865,04/25/2022, 09:14:40,404
SKGTLSE12,iTLS-Enso,17866,04/25/2022, 10:20:14,404
SKGTLSE12,iTLS-Enso,17866,04/25/2022, 11:17:22,404
SKGTLSE12,iTLS-Enso,17866,04/25/2022, 12:29:20,404
SKGTLSE12,iTLS-Enso,17866,04/25/2022, 13:34:18,404
SKGTLSE12,iTLS-Enso,17866,04/25/2022, 14:18:26,404
SKGTLSE12,iTLS-Enso,17866,04/25/2022, 15:20:26,404
SKGTLSE12,iTLS-Enso,17867,04/25/2022, 16:23:13,404
SKGTLSE12,iTLS-Enso,17867,04/25/2022, 17:23:39,404
SKGTLSE12,iTLS-Enso,17869,04/25/2022, 18:23:20,404
SKGTLSE12,iTLS-Enso,17869,04/25/2022, 19:16:21,404
SKGTLSE12,iTLS-Enso,17869,04/25/2022, 20:19:12,404
SKGTLSE12,iTLS-Enso,17869,04/25/2022, 21:12:57,404
SKGTLSE12,iTLS-Enso,17870,04/25/2022, 22:13:53,404
SKGTLSE12,iTLS-Enso,17870,04/25/2022, 23:14:14,404
SKGTLSE12,iTLS-Enso,17872,04/26/2022, 01:04:58,404
SKGTLSE12,iTLS-Enso,17873,04/26/2022, 03:19:19,404
SKGTLSE12,iTLS-Enso,17875,04/26/2022, 04:25:34,404
SKGTLSE12,iTLS-Enso,17875,04/26/2022, 05:16:36,404
SKGTLSE12,iTLS-Enso,17875,04/26/2022, 06:17:07,404
SKGTLSE12,iTLS-Enso,17876,04/26/2022, 07:18:17,404
SKGTLSE12,iTLS-Enso,17876,04/26/2022, 08:22:08,404
SKGTLSE12,iTLS-Enso,17876,04/26/2022, 09:14:40,404
SKGTLSE12,iTLS-Enso,17876,04/26/2022, 10:16:28,404
SKGTLSE12,iTLS-Enso,17876,04/26/2022, 11:17:20,404
SKGTLSE12,iTLS-Enso,17876,04/26/2022, 12:31:29,404
SKGTLSE12,iTLS-Enso,17876,04/26/2022, 13:34:37,404
SKGTLSE12,iTLS-Enso,17876,04/26/2022, 14:13:47,404
SKGTLSE12,iTLS-Enso,17876,04/26/2022, 15:19:29,404
SKGTLSE12,iTLS-Enso,17876,04/26/2022, 16:22:36,404
SKGTLSE12,iTLS-Enso,17876,04/26/2022, 17:24:06,404
SKGTLSE12,iTLS-Enso,17876,04/26/2022, 18:21:11,404
SKGTLSE12,iTLS-Enso,17876,04/26/2022, 19:16:15,404
SKGTLSE12,iTLS-Enso,17876,04/26/2022, 20:18:36,404
SKGTLSE12,iTLS-Enso,17877,04/26/2022, 21:17:36,404
SKGTLSE12,iTLS-Enso,17878,04/26/2022, 22:13:39,404
SKGTLSE12,iTLS-Enso,17878,04/26/2022, 23:14:21,404
SKGTLSE12,iTLS-Enso,17878,04/27/2022, 01:13:37,404
SKGTLSE12,iTLS-Enso,17881,04/27/2022, 03:39:43,404
SKGTLSE12,iTLS-Enso,17881,04/27/2022, 04:39:22,404
SKGTLSE12,iTLS-Enso,17881,04/27/2022, 05:25:24,404
SKGTLSE12,iTLS-Enso,17882,04/27/2022, 06:17:27,404
SKGTLSE12,iTLS-Enso,17882,04/27/2022, 07:18:21,404
SKGTLSE12,iTLS-Enso,17882,04/27/2022, 08:22:32,404
SKGTLSE12,iTLS-Enso,17882,04/27/2022, 09:19:20,404
SKGTLSE12,iTLS-Enso,17882,04/27/2022, 10:20:24,404
SKGTLSE12,iTLS-Enso,17882,04/27/2022, 11:17:25,404
SKGTLSE12,iTLS-Enso,17882,04/27/2022, 12:29:17,404
SKGTLSE12,iTLS-Enso,17882,04/27/2022, 13:31:52,404
SKGTLSE12,iTLS-Enso,17882,04/27/2022, 14:18:41,404
SKGTLSE12,iTLS-Enso,17883,04/27/2022, 15:20:22,404
SKGTLSE12,iTLS-Enso,17883,04/27/2022, 16:19:26,404
SKGTLSE12,iTLS-Enso,17884,04/27/2022, 17:22:46,404
SKGTLSE12,iTLS-Enso,17884,04/27/2022, 18:20:53,404
SKGTLSE12,iTLS-Enso,17884,04/27/2022, 19:16:17,404
SKGTLSE12,iTLS-Enso,17885,04/27/2022, 20:16:11,404
SKGTLSE12,iTLS-Enso,17885,04/27/2022, 21:18:00,404
SKGTLSE12,iTLS-Enso,17885,04/27/2022, 22:14:02,404
SKGTLSE12,iTLS-Enso,17885,04/27/2022, 23:15:26,404
SKGTLSE12,iTLS-Enso,17885,04/28/2022, 01:25:10,404
SKGTLSE12,iTLS-Enso,17885,04/28/2022, 04:07:23,404
SKGTLSE12,iTLS-Enso,17886,04/28/2022, 05:37:33,404
SKGTLSE12,iTLS-Enso,17886,04/28/2022, 06:19:49,404
SKGTLSE12,iTLS-Enso,17886,04/28/2022, 07:17:22,404
SKGTLSE12,iTLS-Enso,17886,04/28/2022, 08:22:17,404
SKGTLSE12,iTLS-Enso,17886,04/28/2022, 09:20:21,404
SKGTLSE12,iTLS-Enso,17886,04/28/2022, 10:15:19,404
SKGTLSE12,iTLS-Enso,17886,04/28/2022, 11:17:40,404
SKGTLSE12,iTLS-Enso,17886,04/28/2022, 12:31:30,404
SKGTLSE12,iTLS-Enso,17886,04/28/2022, 13:38:17,404
SKGTLSE12,iTLS-Enso,17887,04/28/2022, 14:15:50,404
SKGTLSE12,iTLS-Enso,17887,04/28/2022, 15:15:27,404
SKGTLSE12,iTLS-Enso,17887,04/28/2022, 16:21:00,404
SKGTLSE12,iTLS-Enso,17887,04/28/2022, 17:18:38,404
SKGTLSE12,iTLS-Enso,17887,04/28/2022, 18:23:22,404
SKGTLSE12,iTLS-Enso,17888,04/28/2022, 19:11:49,404
SKGTLSE12,iTLS-Enso,17888,04/28/2022, 20:17:38,404
SKGTLSE12,iTLS-Enso,17889,04/28/2022, 21:12:57,404
SKGTLSE12,iTLS-Enso,17889,04/28/2022, 22:13:49,404
SKGTLSE12,iTLS-Enso,17890,04/28/2022, 23:14:08,404
SKGTLSE12,iTLS-Enso,17891,04/29/2022, 01:03:06,404
SKGTLSE12,iTLS-Enso,17893,04/29/2022, 03:22:52,404
SKGTLSE12,iTLS-Enso,17894,04/29/2022, 04:27:17,404
SKGTLSE12,iTLS-Enso,17894,04/29/2022, 05:17:03,404
SKGTLSE12,iTLS-Enso,17894,04/29/2022, 06:17:34,404
SKGTLSE12,iTLS-Enso,17894,04/29/2022, 07:13:40,404
SKGTLSE12,iTLS-Enso,17894,04/29/2022, 08:23:18,404
SKGTLSE12,iTLS-Enso,17894,04/29/2022, 09:19:19,404
SKGTLSE12,iTLS-Enso,17894,04/29/2022, 10:18:30,404
SKGTLSE12,iTLS-Enso,17894,04/29/2022, 11:17:21,404
SKGTLSE12,iTLS-Enso,17894,04/29/2022, 12:30:22,404
SKGTLSE12,iTLS-Enso,17895,04/29/2022, 13:39:10,404
SKGTLSE12,iTLS-Enso,17895,04/29/2022, 14:17:14,404
SKGTLSE12,iTLS-Enso,17895,04/29/2022, 15:14:37,404
SKGTLSE12,iTLS-Enso,17895,04/29/2022, 16:20:55,404
SKGTLSE12,iTLS-Enso,17895,04/29/2022, 17:18:45,404
SKGTLSE12,iTLS-Enso,17895,04/29/2022, 18:16:41,404
SKGTLSE12,iTLS-Enso,17895,04/29/2022, 19:11:24,404
SKGTLSE12,iTLS-Enso,17897,04/29/2022, 20:15:10,404
SKGTLSE12,iTLS-Enso,17897,04/29/2022, 21:13:08,404
SKGTLSE12,iTLS-Enso,17897,04/29/2022, 22:14:21,404
SKGTLSE12,iTLS-Enso,17897,04/29/2022, 23:14:03,404
SKGTLSE12,iTLS-Enso,17897,04/30/2022, 01:10:56,404
SKGTLSE12,iTLS-Enso,17897,04/30/2022, 03:14:10,404
SKGTLSE12,iTLS-Enso,17898,04/30/2022, 04:19:44,404
SKGTLSE12,iTLS-Enso,17899,04/30/2022, 05:13:03,404
SKGTLSE12,iTLS-Enso,17899,04/30/2022, 06:16:50,404
SKGTLSE12,iTLS-Enso,17899,04/30/2022, 07:13:22,404
SKGTLSE12,iTLS-Enso,17899,04/30/2022, 08:16:20,404
SKGTLSE12,iTLS-Enso,17901,04/30/2022, 09:13:05,404
SKGTLSE12,iTLS-Enso,17901,04/30/2022, 10:14:10,404
SKGTLSE12,iTLS-Enso,17901,04/30/2022, 11:11:34,404
SKGTLSE12,iTLS-Enso,17902,04/30/2022, 12:21:58,404
SKGTLSE12,iTLS-Enso,17903,04/30/2022, 13:22:11,404
SKGTLSE12,iTLS-Enso,17903,04/30/2022, 14:12:52,404
SKGTLSE12,iTLS-Enso,17903,04/30/2022, 15:13:59,404
SKGTLSE12,iTLS-Enso,17903,04/30/2022, 16:17:44,404
SKGTLSE12,iTLS-Enso,17903,04/30/2022, 17:15:33,404
SKGTLSE12,iTLS-Enso,17903,04/30/2022, 18:16:02,404
SKGTLSE12,iTLS-Enso,17903,04/30/2022, 19:11:19,404
SKGTLSE12,iTLS-Enso,17903,04/30/2022, 20:14:00,404
SKGTLSE12,iTLS-Enso,17903,04/30/2022, 21:12:33,404
SKGTLSE12,iTLS-Enso,17903,04/30/2022, 22:13:29,404
SKGTLSE12,iTLS-Enso,17904,04/30/2022, 23:13:21,404
SKGTLSE12,iTLS-Enso,17907,05/01/2022, 01:20:51,404
SKGTLSE12,iTLS-Enso,17908,05/01/2022, 03:39:09,404
SKGTLSE12,iTLS-Enso,17908,05/01/2022, 04:32:25,404
SKGTLSE12,iTLS-Enso,17908,05/01/2022, 05:19:12,404
SKGTLSE12,iTLS-Enso,17908,05/01/2022, 06:16:47,404
SKGTLSE12,iTLS-Enso,17909,05/01/2022, 07:13:30,404
SKGTLSE12,iTLS-Enso,17909,05/01/2022, 08:16:37,404
SKGTLSE12,iTLS-Enso,17909,05/01/2022, 09:13:34,404
SKGTLSE12,iTLS-Enso,17910,05/01/2022, 10:15:07,404
SKGTLSE12,iTLS-Enso,17910,05/01/2022, 11:11:53,404
SKGTLSE12,iTLS-Enso,17910,05/01/2022, 12:23:05,404
SKGTLSE12,iTLS-Enso,17910,05/01/2022, 13:23:27,404
SKGTLSE12,iTLS-Enso,17911,05/01/2022, 14:12:44,404
SKGTLSE12,iTLS-Enso,17911,05/01/2022, 15:14:34,404
SKGTLSE12,iTLS-Enso,17913,05/01/2022, 16:18:34,404
SKGTLSE12,iTLS-Enso,17915,05/01/2022, 17:16:25,404
SKGTLSE12,iTLS-Enso,17917,05/01/2022, 18:15:38,404
SKGTLSE12,iTLS-Enso,17919,05/01/2022, 19:12:20,404
SKGTLSE12,iTLS-Enso,17919,05/01/2022, 20:14:20,404
SKGTLSE12,iTLS-Enso,17920,05/01/2022, 21:12:50,404
SKGTLSE12,iTLS-Enso,17920,05/01/2022, 22:13:19,404
SKGTLSE12,iTLS-Enso,17920,05/01/2022, 23:13:41,404
SKGTLSE12,iTLS-Enso,17922,05/02/2022, 01:04:48,404
SKGTLSE12,iTLS-Enso,17923,05/02/2022, 03:51:28,404
SKGTLSE12,iTLS-Enso,17923,05/02/2022, 04:48:07,404
SKGTLSE12,iTLS-Enso,17923,05/02/2022, 05:27:51,404
SKGTLSE12,iTLS-Enso,17923,05/02/2022, 06:17:37,404
SKGTLSE12,iTLS-Enso,17924,05/02/2022, 07:13:54,404
SKGTLSE12,iTLS-Enso,17925,05/02/2022, 08:18:56,404
SKGTLSE12,iTLS-Enso,17925,05/02/2022, 09:14:34,404
SKGTLSE12,iTLS-Enso,17925,05/02/2022, 10:16:50,404
SKGTLSE12,iTLS-Enso,17926,05/02/2022, 11:12:44,404
SKGTLSE12,iTLS-Enso,17926,05/02/2022, 12:27:07,404
SKGTLSE12,iTLS-Enso,17926,05/02/2022, 13:36:33,404
SKGTLSE12,iTLS-Enso,17926,05/02/2022, 14:18:46,404
SKGTLSE12,iTLS-Enso,17926,05/02/2022, 15:19:21,404
SKGTLSE12,iTLS-Enso,17926,05/02/2022, 16:25:20,404
SKGTLSE12,iTLS-Enso,17926,05/02/2022, 17:25:23,404
SKGTLSE12,iTLS-Enso,17926,05/02/2022, 18:21:20,404
SKGTLSE12,iTLS-Enso,17928,05/02/2022, 19:16:17,404
SKGTLSE12,iTLS-Enso,17928,05/02/2022, 20:17:47,404
SKGTLSE12,iTLS-Enso,17929,05/02/2022, 21:15:23,404
SKGTLSE12,iTLS-Enso,17929,05/02/2022, 22:14:10,404
SKGTLSE12,iTLS-Enso,17930,05/02/2022, 23:14:36,404
SKGTLSE12,iTLS-Enso,17931,05/03/2022, 01:09:04,404
SKGTLSE12,iTLS-Enso,17935,05/03/2022, 03:21:19,404
SKGTLSE12,iTLS-Enso,17936,05/03/2022, 04:28:06,404
SKGTLSE12,iTLS-Enso,17936,05/03/2022, 05:18:18,404
SKGTLSE12,iTLS-Enso,17937,05/03/2022, 06:17:26,404
SKGTLSE12,iTLS-Enso,17938,05/03/2022, 07:13:50,404
SKGTLSE12,iTLS-Enso,17938,05/03/2022, 08:22:19,404
SKGTLSE12,iTLS-Enso,17938,05/03/2022, 09:13:56,404
SKGTLSE12,iTLS-Enso,17939,05/03/2022, 10:21:10,404
SKGTLSE12,iTLS-Enso,17939,05/03/2022, 11:16:47,404
SKGTLSE12,iTLS-Enso,17939,05/03/2022, 12:33:33,404
SKGTLSE12,iTLS-Enso,17939,05/03/2022, 13:35:14,404
SKGTLSE12,iTLS-Enso,17939,05/03/2022, 14:16:05,404
SKGTLSE12,iTLS-Enso,17939,05/03/2022, 15:19:33,404
SKGTLSE12,iTLS-Enso,17939,05/03/2022, 16:20:39,404
SKGTLSE12,iTLS-Enso,17940,05/03/2022, 17:25:49,404
SKGTLSE12,iTLS-Enso,17941,05/03/2022, 18:21:18,404
SKGTLSE12,iTLS-Enso,17941,05/03/2022, 19:16:16,404
SKGTLSE12,iTLS-Enso,17942,05/03/2022, 20:19:11,404
SKGTLSE12,iTLS-Enso,17942,05/03/2022, 21:18:19,404
SKGTLSE12,iTLS-Enso,17943,05/03/2022, 22:14:16,404
SKGTLSE12,iTLS-Enso,17943,05/03/2022, 23:12:50,404
SKGTLSE12,iTLS-Enso,17946,05/04/2022, 01:06:47,404
SKGTLSE12,iTLS-Enso,17947,05/04/2022, 03:22:20,404
SKGTLSE12,iTLS-Enso,17947,05/04/2022, 04:27:01,404
SKGTLSE12,iTLS-Enso,17948,05/04/2022, 05:17:19,404
SKGTLSE12,iTLS-Enso,17949,05/04/2022, 06:18:47,404
SKGTLSE12,iTLS-Enso,17950,05/04/2022, 07:13:30,404
SKGTLSE12,iTLS-Enso,17950,05/04/2022, 08:18:25,404
SKGTLSE12,iTLS-Enso,17950,05/04/2022, 09:16:27,404
SKGTLSE12,iTLS-Enso,17950,05/04/2022, 10:15:39,404
SKGTLSE12,iTLS-Enso,17951,05/04/2022, 11:12:47,404
SKGTLSE12,iTLS-Enso,17951,05/04/2022, 12:33:13,404
SKGTLSE12,iTLS-Enso,17951,05/04/2022, 13:34:49,404
SKGTLSE12,iTLS-Enso,17952,05/04/2022, 14:17:27,404
SKGTLSE12,iTLS-Enso,17954,05/04/2022, 15:15:26,404
SKGTLSE12,iTLS-Enso,17954,05/04/2022, 16:26:25,404
SKGTLSE12,iTLS-Enso,17954,05/04/2022, 17:23:58,404
SKGTLSE12,iTLS-Enso,17954,05/04/2022, 18:20:15,404
SKGTLSE12,iTLS-Enso,17955,05/04/2022, 19:12:00,404
SKGTLSE12,iTLS-Enso,17956,05/04/2022, 20:15:32,404
SKGTLSE12,iTLS-Enso,17956,05/04/2022, 21:13:55,404
SKGTLSE12,iTLS-Enso,17957,05/04/2022, 22:13:55,404
SKGTLSE12,iTLS-Enso,17957,05/04/2022, 23:14:21,404
SKGTLSE12,iTLS-Enso,17958,05/05/2022, 01:08:02,404
SKGTLSE12,iTLS-Enso,17960,05/05/2022, 03:19:16,404
SKGTLSE12,iTLS-Enso,17961,05/05/2022, 04:30:26,404
SKGTLSE12,iTLS-Enso,17961,05/05/2022, 05:19:27,404
SKGTLSE12,iTLS-Enso,17961,05/05/2022, 06:18:12,404
SKGTLSE12,iTLS-Enso,17961,05/05/2022, 07:14:15,404
SKGTLSE12,iTLS-Enso,17961,05/05/2022, 08:18:53,404
SKGTLSE12,iTLS-Enso,17962,05/05/2022, 09:19:19,404
SKGTLSE12,iTLS-Enso,17962,05/05/2022, 10:19:53,404
SKGTLSE12,iTLS-Enso,17962,05/05/2022, 11:13:23,404
SKGTLSE12,iTLS-Enso,17964,05/05/2022, 12:31:37,404
SKGTLSE12,iTLS-Enso,17965,05/05/2022, 13:33:30,404
SKGTLSE12,iTLS-Enso,17965,05/05/2022, 14:13:32,404
SKGTLSE12,iTLS-Enso,17966,05/05/2022, 15:13:59,404
SKGTLSE12,iTLS-Enso,17967,05/05/2022, 16:20:03,404
SKGTLSE12,iTLS-Enso,17968,05/05/2022, 17:23:32,404
SKGTLSE12,iTLS-Enso,17969,05/05/2022, 18:16:27,404
SKGTLSE12,iTLS-Enso,17969,05/05/2022, 19:11:47,404
SKGTLSE12,iTLS-Enso,17970,05/05/2022, 20:14:51,404
SKGTLSE12,iTLS-Enso,17970,05/05/2022, 21:13:11,404
SKGTLSE12,iTLS-Enso,17971,05/05/2022, 22:14:46,404
SKGTLSE12,iTLS-Enso,17972,05/05/2022, 23:14:23,404
SKGTLSE12,iTLS-Enso,17974,05/06/2022, 00:59:49,404
SKGTLSE12,iTLS-Enso,17974,05/06/2022, 02:46:58,404
SKGTLSE12,iTLS-Enso,17974,05/06/2022, 03:37:34,404
SKGTLSE12,iTLS-Enso,17975,05/06/2022, 04:17:50,404
SKGTLSE12,iTLS-Enso,17975,05/06/2022, 05:14:00,404
SKGTLSE12,iTLS-Enso,17975,05/06/2022, 06:19:13,404
SKGTLSE12,iTLS-Enso,17975,05/06/2022, 07:13:21,404
SKGTLSE12,iTLS-Enso,17976,05/06/2022, 08:18:05,404
SKGTLSE12,iTLS-Enso,17977,05/06/2022, 09:14:39,404
SKGTLSE12,iTLS-Enso,17977,05/06/2022, 10:15:31,404
SKGTLSE12,iTLS-Enso,17977,05/06/2022, 11:12:13,404
SKGTLSE12,iTLS-Enso,17978,05/06/2022, 12:25:41,404
SKGTLSE12,iTLS-Enso,17978,05/06/2022, 13:31:00,404
SKGTLSE12,iTLS-Enso,17979,05/06/2022, 14:13:49,404
SKGTLSE12,iTLS-Enso,17979,05/06/2022, 15:14:40,404
SKGTLSE12,iTLS-Enso,17979,05/06/2022, 16:19:48,404
SKGTLSE12,iTLS-Enso,17979,05/06/2022, 17:21:27,404
SKGTLSE12,iTLS-Enso,17979,05/06/2022, 18:17:16,404
SKGTLSE12,iTLS-Enso,17979,05/06/2022, 19:11:50,404
SKGTLSE12,iTLS-Enso,17979,05/06/2022, 20:15:12,404
SKGTLSE12,iTLS-Enso,17982,05/06/2022, 21:12:44,404
SKGTLSE12,iTLS-Enso,17982,05/06/2022, 22:13:28,404
SKGTLSE12,iTLS-Enso,17983,05/06/2022, 23:13:55,404
SKGTLSE12,iTLS-Enso,17983,05/07/2022, 00:59:40,404
SKGTLSE12,iTLS-Enso,17983,05/07/2022, 02:39:24,404
SKGTLSE12,iTLS-Enso,17983,05/07/2022, 03:32:23,404
SKGTLSE12,iTLS-Enso,17983,05/07/2022, 04:16:31,404
SKGTLSE12,iTLS-Enso,17983,05/07/2022, 05:12:10,404
SKGTLSE12,iTLS-Enso,17983,05/07/2022, 06:17:07,404
SKGTLSE12,iTLS-Enso,17983,05/07/2022, 07:13:16,404
SKGTLSE12,iTLS-Enso,17983,05/07/2022, 08:17:12,404
SKGTLSE12,iTLS-Enso,17984,05/07/2022, 09:13:14,404
SKGTLSE12,iTLS-Enso,17984,05/07/2022, 10:14:54,404
SKGTLSE12,iTLS-Enso,17984,05/07/2022, 11:11:59,404
SKGTLSE12,iTLS-Enso,17984,05/07/2022, 12:22:45,404
SKGTLSE12,iTLS-Enso,17984,05/07/2022, 13:23:06,404
SKGTLSE12,iTLS-Enso,17985,05/07/2022, 14:12:26,404
SKGTLSE12,iTLS-Enso,17985,05/07/2022, 15:14:15,404
SKGTLSE12,iTLS-Enso,17985,05/07/2022, 16:17:50,404
SKGTLSE12,iTLS-Enso,17985,05/07/2022, 17:15:48,404
SKGTLSE12,iTLS-Enso,17986,05/07/2022, 18:15:40,404
SKGTLSE12,iTLS-Enso,17986,05/07/2022, 19:13:08,404
SKGTLSE12,iTLS-Enso,17986,05/07/2022, 20:14:27,404
SKGTLSE12,iTLS-Enso,17986,05/07/2022, 21:12:45,404
SKGTLSE12,iTLS-Enso,17987,05/07/2022, 22:13:04,404
SKGTLSE12,iTLS-Enso,17987,05/07/2022, 23:13:46,404
SKGTLSE12,iTLS-Enso,17988,05/08/2022, 01:01:14,404
SKGTLSE12,iTLS-Enso,17988,05/08/2022, 03:11:09,404
SKGTLSE12,iTLS-Enso,17989,05/08/2022, 04:19:16,404
SKGTLSE12,iTLS-Enso,17989,05/08/2022, 05:13:21,404
SKGTLSE12,iTLS-Enso,17990,05/08/2022, 06:17:20,404
SKGTLSE12,iTLS-Enso,17991,05/08/2022, 07:13:34,404
SKGTLSE12,iTLS-Enso,17991,05/08/2022, 08:16:59,404
SKGTLSE12,iTLS-Enso,17991,05/08/2022, 09:13:39,404
