SOMO00001,REminiscence,5018,06/18/2020, 12:35:47,168
SOMO00001,REminiscence,5018,06/18/2020, 13:04:35,168
SOMO00001,REminiscence,5018,06/18/2020, 14:06:21,168
SOMO00001,REminiscence,5018,06/18/2020, 15:04:55,168
SOMO00001,REminiscence,5018,06/18/2020, 16:05:12,168
SOMO00001,REminiscence,5018,06/18/2020, 17:05:41,168
SOMO00001,REminiscence,5018,06/18/2020, 18:05:02,168
SOMO00001,REminiscence,5018,06/18/2020, 19:04:27,168
SOMO00001,REminiscence,5018,06/18/2020, 20:05:19,168
SOMO00001,REminiscence,5019,06/18/2020, 21:05:10,168
SOMO00001,REminiscence,5019,06/18/2020, 22:04:46,168
SOMO00001,REminiscence,5020,06/18/2020, 23:05:11,168
SOMO00001,REminiscence,5020,06/19/2020, 00:13:11,168
SOMO00001,REminiscence,5020,06/19/2020, 01:06:05,168
SOMO00001,REminiscence,5020,06/19/2020, 02:04:57,168
SOMO00001,REminiscence,5020,06/19/2020, 03:04:46,168
SOMO00001,REminiscence,5020,06/19/2020, 04:05:13,168
SOMO00001,REminiscence,5020,06/19/2020, 05:06:07,168
SOMO00001,REminiscence,5020,06/19/2020, 06:06:05,168
SOMO00001,REminiscence,5020,06/19/2020, 07:05:04,168
SOMO00001,REminiscence,5020,06/19/2020, 08:06:41,168
SOMO00001,REminiscence,5020,06/19/2020, 09:04:55,168
SOMO00001,REminiscence,5020,06/19/2020, 10:04:43,168
SOMO00001,REminiscence,5020,06/19/2020, 11:04:34,168
SOMO00001,REminiscence,5020,06/19/2020, 12:06:20,168
SOMO00001,REminiscence,5020,06/19/2020, 13:04:42,168
SOMO00001,REminiscence,5020,06/19/2020, 14:05:08,168
SOMO00001,REminiscence,5020,06/19/2020, 15:04:58,168
SOMO00001,REminiscence,5020,06/19/2020, 16:05:19,168
SOMO00001,REminiscence,5020,06/19/2020, 17:04:50,168
SOMO00001,REminiscence,5020,06/19/2020, 18:05:08,168
SOMO00001,REminiscence,5020,06/19/2020, 19:04:30,168
SOMO00001,REminiscence,5020,06/19/2020, 20:05:26,168
SOMO00001,REminiscence,5020,06/19/2020, 21:04:53,168
SOMO00001,REminiscence,5021,06/19/2020, 22:04:36,168
SOMO00001,REminiscence,5021,06/19/2020, 23:04:21,168
SOMO00001,REminiscence,5021,06/20/2020, 00:12:44,168
SOMO00001,REminiscence,5021,06/20/2020, 01:05:16,168
SOMO00001,REminiscence,5021,06/20/2020, 02:05:48,168
SOMO00001,REminiscence,5021,06/20/2020, 03:05:55,168
SOMO00001,REminiscence,5021,06/20/2020, 04:06:13,168
SOMO00001,REminiscence,5021,06/20/2020, 05:05:00,168
SOMO00001,REminiscence,5021,06/20/2020, 06:05:56,168
SOMO00001,REminiscence,5021,06/20/2020, 07:06:07,168
SOMO00001,REminiscence,5021,06/20/2020, 08:05:12,168
SOMO00001,REminiscence,5021,06/20/2020, 09:05:33,168
SOMO00001,REminiscence,5021,06/20/2020, 10:05:49,168
SOMO00001,REminiscence,5021,06/20/2020, 11:05:49,168
SOMO00001,REminiscence,5021,06/20/2020, 12:06:20,168
SOMO00001,REminiscence,5021,06/20/2020, 13:05:02,168
SOMO00001,REminiscence,5021,06/20/2020, 14:05:52,168
SOMO00001,REminiscence,5022,06/20/2020, 15:04:41,168
SOMO00001,REminiscence,5022,06/20/2020, 16:05:09,168
SOMO00001,REminiscence,5022,06/20/2020, 17:05:16,168
SOMO00001,REminiscence,5022,06/20/2020, 18:05:07,168
SOMO00001,REminiscence,5022,06/20/2020, 19:05:51,168
SOMO00001,REminiscence,5022,06/20/2020, 20:05:20,168
SOMO00001,REminiscence,5022,06/20/2020, 21:05:02,168
SOMO00001,REminiscence,5022,06/20/2020, 22:04:21,168
SOMO00001,REminiscence,5022,06/20/2020, 23:06:32,168
SOMO00001,REminiscence,5022,06/21/2020, 00:13:56,168
SOMO00001,REminiscence,5022,06/21/2020, 01:05:05,168
SOMO00001,REminiscence,5023,06/21/2020, 02:09:09,168
SOMO00001,REminiscence,5023,06/21/2020, 03:05:06,168
SOMO00001,REminiscence,5023,06/21/2020, 04:06:08,168
SOMO00001,REminiscence,5023,06/21/2020, 05:04:41,168
SOMO00001,REminiscence,5023,06/21/2020, 06:06:03,168
SOMO00001,REminiscence,5023,06/21/2020, 07:04:56,168
SOMO00001,REminiscence,5023,06/21/2020, 08:05:14,168
SOMO00001,REminiscence,5023,06/21/2020, 09:05:00,168
SOMO00001,REminiscence,5023,06/21/2020, 10:06:08,168
SOMO00001,REminiscence,5023,06/21/2020, 11:05:57,168
SOMO00001,REminiscence,5023,06/21/2020, 12:06:15,168
SOMO00001,REminiscence,5023,06/21/2020, 13:04:49,168
SOMO00001,REminiscence,5023,06/21/2020, 14:05:51,168
SOMO00001,REminiscence,5023,06/21/2020, 15:05:39,168
SOMO00001,REminiscence,5023,06/21/2020, 16:04:51,168
SOMO00001,REminiscence,5023,06/21/2020, 17:04:40,168
SOMO00001,REminiscence,5023,06/21/2020, 18:05:32,168
SOMO00001,REminiscence,5023,06/21/2020, 19:06:02,168
SOMO00001,REminiscence,5023,06/21/2020, 20:05:29,168
SOMO00001,REminiscence,5023,06/21/2020, 21:04:52,168
SOMO00001,REminiscence,5023,06/21/2020, 22:04:51,168
SOMO00001,REminiscence,5023,06/21/2020, 23:04:58,168
SOMO00001,REminiscence,5023,06/22/2020, 00:13:04,168
SOMO00001,REminiscence,5023,06/22/2020, 01:05:16,168
SOMO00001,REminiscence,5023,06/22/2020, 02:05:28,168
SOMO00001,REminiscence,5023,06/22/2020, 03:05:02,168
SOMO00001,REminiscence,5023,06/22/2020, 04:05:20,168
SOMO00001,REminiscence,5023,06/22/2020, 05:05:04,168
SOMO00001,REminiscence,5023,06/22/2020, 06:06:04,168
SOMO00001,REminiscence,5023,06/22/2020, 07:04:51,168
SOMO00001,REminiscence,5023,06/22/2020, 08:05:46,168
SOMO00001,REminiscence,5023,06/22/2020, 09:04:58,168
SOMO00001,REminiscence,5023,06/22/2020, 10:05:33,168
SOMO00001,REminiscence,5024,06/22/2020, 11:05:04,168
SOMO00001,REminiscence,5024,06/22/2020, 12:06:42,168
SOMO00001,REminiscence,5024,06/22/2020, 13:05:14,168
SOMO00001,REminiscence,5024,06/22/2020, 14:05:02,168
SOMO00001,REminiscence,5024,06/22/2020, 15:05:30,168
SOMO00001,REminiscence,5024,06/22/2020, 16:05:01,168
SOMO00001,REminiscence,5024,06/22/2020, 17:04:47,168
SOMO00001,REminiscence,5024,06/22/2020, 18:05:12,168
SOMO00001,REminiscence,5025,06/22/2020, 19:04:33,168
SOMO00001,REminiscence,5025,06/22/2020, 20:05:48,168
SOMO00001,REminiscence,5025,06/22/2020, 21:04:48,168
SOMO00001,REminiscence,5026,06/22/2020, 22:04:35,168
SOMO00001,REminiscence,5027,06/22/2020, 23:04:24,168
SOMO00001,REminiscence,5027,06/23/2020, 00:12:58,168
SOMO00001,REminiscence,5027,06/23/2020, 01:05:16,168
SOMO00001,REminiscence,5027,06/23/2020, 02:05:57,168
SOMO00001,REminiscence,5027,06/23/2020, 03:04:56,168
SOMO00001,REminiscence,5027,06/23/2020, 04:05:17,168
SOMO00001,REminiscence,5027,06/23/2020, 05:06:06,168
SOMO00001,REminiscence,5027,06/23/2020, 06:05:36,168
SOMO00001,REminiscence,5027,06/23/2020, 07:05:05,168
SOMO00001,REminiscence,5027,06/23/2020, 08:06:03,168
SOMO00001,REminiscence,5027,06/23/2020, 09:04:48,168
SOMO00001,REminiscence,5027,06/23/2020, 10:04:48,168
SOMO00001,REminiscence,5027,06/23/2020, 11:04:37,168
SOMO00001,REminiscence,5027,06/23/2020, 12:06:26,168
SOMO00001,REminiscence,5027,06/23/2020, 13:04:46,168
SOMO00001,REminiscence,5027,06/23/2020, 14:31:49,168
SOMO00001,REminiscence,5027,06/23/2020, 15:05:00,168
SOMO00001,REminiscence,5027,06/23/2020, 16:05:01,168
SOMO00001,REminiscence,5027,06/23/2020, 17:04:46,168
SOMO00001,REminiscence,5027,06/23/2020, 18:05:13,168
SOMO00001,REminiscence,5027,06/23/2020, 19:04:32,168
SOMO00001,REminiscence,5027,06/23/2020, 20:05:30,168
SOMO00001,REminiscence,5027,06/23/2020, 21:04:46,168
SOMO00001,REminiscence,5027,06/23/2020, 22:04:35,168
SOMO00001,REminiscence,5027,06/23/2020, 23:04:23,168
SOMO00001,REminiscence,5027,06/24/2020, 00:12:39,168
SOMO00001,REminiscence,5027,06/24/2020, 01:05:34,168
SOMO00001,REminiscence,5028,06/24/2020, 02:06:20,168
SOMO00001,REminiscence,5028,06/24/2020, 03:04:45,168
SOMO00001,REminiscence,5028,06/24/2020, 04:06:00,168
SOMO00001,REminiscence,5028,06/24/2020, 05:04:54,168
SOMO00001,REminiscence,5028,06/24/2020, 06:05:16,168
SOMO00001,REminiscence,5028,06/24/2020, 07:05:18,168
SOMO00001,REminiscence,5029,06/24/2020, 08:05:48,168
SOMO00001,REminiscence,5029,06/24/2020, 09:04:55,168
SOMO00001,REminiscence,5029,06/24/2020, 10:04:47,168
SOMO00001,REminiscence,5029,06/24/2020, 11:04:57,168
SOMO00001,REminiscence,5029,06/24/2020, 12:06:27,168
SOMO00001,REminiscence,5029,06/24/2020, 13:05:08,168
SOMO00001,REminiscence,5029,06/24/2020, 14:05:04,168
SOMO00001,REminiscence,5029,06/24/2020, 15:06:28,168
SOMO00001,REminiscence,5030,06/24/2020, 16:05:09,168
SOMO00001,REminiscence,5030,06/24/2020, 17:05:41,168
SOMO00001,REminiscence,5030,06/24/2020, 18:04:53,168
SOMO00001,REminiscence,5030,06/24/2020, 19:04:45,168
SOMO00001,REminiscence,5030,06/24/2020, 20:05:14,168
SOMO00001,REminiscence,5031,06/24/2020, 21:06:44,168
SOMO00001,REminiscence,5031,06/24/2020, 22:04:52,168
SOMO00001,REminiscence,5031,06/24/2020, 23:04:55,168
SOMO00001,REminiscence,5031,06/25/2020, 00:13:08,168
SOMO00001,REminiscence,5031,06/25/2020, 01:05:36,168
SOMO00001,REminiscence,5031,06/25/2020, 02:06:05,168
SOMO00001,REminiscence,5031,06/25/2020, 03:04:48,168
SOMO00001,REminiscence,5031,06/25/2020, 04:07:10,168
SOMO00001,REminiscence,5031,06/25/2020, 05:05:45,168
SOMO00001,REminiscence,5031,06/25/2020, 06:13:28,168
SOMO00001,REminiscence,5031,06/25/2020, 07:05:45,168
SOMO00001,REminiscence,5031,06/25/2020, 08:05:40,168
SOMO00001,REminiscence,5031,06/25/2020, 09:05:13,168
SOMO00001,REminiscence,5031,06/25/2020, 10:04:59,168
SOMO00001,REminiscence,5031,06/25/2020, 11:04:54,168
SOMO00001,REminiscence,5031,06/25/2020, 12:06:33,168
SOMO00001,REminiscence,5031,06/25/2020, 13:04:48,168
SOMO00001,REminiscence,5032,06/25/2020, 14:04:58,168
SOMO00001,REminiscence,5032,06/25/2020, 15:04:55,168
SOMO00001,REminiscence,5033,06/25/2020, 16:05:03,168
SOMO00001,REminiscence,5033,06/25/2020, 17:05:42,168
SOMO00001,REminiscence,5033,06/25/2020, 18:07:17,168
SOMO00001,REminiscence,5033,06/25/2020, 19:04:48,168
SOMO00001,REminiscence,5034,06/25/2020, 20:06:34,168
SOMO00001,REminiscence,5035,06/25/2020, 21:04:48,168
SOMO00001,REminiscence,5035,06/25/2020, 22:06:40,168
SOMO00001,REminiscence,5035,06/25/2020, 23:04:37,168
SOMO00001,REminiscence,5035,06/26/2020, 00:13:15,168
SOMO00001,REminiscence,5035,06/26/2020, 01:05:22,168
SOMO00001,REminiscence,5035,06/26/2020, 02:05:42,168
SOMO00001,REminiscence,5035,06/26/2020, 03:05:08,168
SOMO00001,REminiscence,5035,06/26/2020, 04:05:16,168
SOMO00001,REminiscence,5035,06/26/2020, 05:05:03,168
SOMO00001,REminiscence,5036,06/26/2020, 06:06:20,168
SOMO00001,REminiscence,5036,06/26/2020, 07:04:51,168
SOMO00001,REminiscence,5036,06/26/2020, 08:05:48,168
SOMO00001,REminiscence,5036,06/26/2020, 09:05:07,168
SOMO00001,REminiscence,5036,06/26/2020, 10:04:59,168
SOMO00001,REminiscence,5036,06/26/2020, 11:04:49,168
SOMO00001,REminiscence,5036,06/26/2020, 12:06:56,168
SOMO00001,REminiscence,5036,06/26/2020, 13:05:06,168
SOMO00001,REminiscence,5036,06/26/2020, 14:04:54,168
SOMO00001,REminiscence,5036,06/26/2020, 15:04:49,168
SOMO00001,REminiscence,5036,06/26/2020, 16:05:04,168
SOMO00001,REminiscence,5036,06/26/2020, 17:05:23,168
SOMO00001,REminiscence,5036,06/26/2020, 18:05:21,168
SOMO00001,REminiscence,5036,06/26/2020, 19:04:42,168
SOMO00001,REminiscence,5036,06/26/2020, 20:05:47,168
SOMO00001,REminiscence,5036,06/26/2020, 21:04:56,168
SOMO00001,REminiscence,5036,06/26/2020, 22:04:48,168
SOMO00001,REminiscence,5036,06/26/2020, 23:04:38,168
SOMO00001,REminiscence,5036,06/27/2020, 00:13:15,168
SOMO00001,REminiscence,5036,06/27/2020, 01:05:35,168
SOMO00001,REminiscence,5036,06/27/2020, 02:07:18,168
SOMO00001,REminiscence,5036,06/27/2020, 03:04:48,168
SOMO00001,REminiscence,5036,06/27/2020, 04:07:48,168
SOMO00001,REminiscence,5036,06/27/2020, 05:08:45,168
SOMO00001,REminiscence,5036,06/27/2020, 06:05:58,168
SOMO00001,REminiscence,5036,06/27/2020, 07:07:04,168
SOMO00001,REminiscence,5037,06/27/2020, 08:06:57,168
SOMO00001,REminiscence,5038,06/27/2020, 09:07:06,168
SOMO00001,REminiscence,5039,06/27/2020, 10:06:55,168
SOMO00001,REminiscence,5039,06/27/2020, 11:04:45,168
SOMO00001,REminiscence,5039,06/27/2020, 12:06:05,168
SOMO00001,REminiscence,5039,06/27/2020, 13:05:10,168
SOMO00001,REminiscence,5040,06/27/2020, 14:05:46,168
SOMO00001,REminiscence,5040,06/27/2020, 15:04:47,168
SOMO00001,REminiscence,5040,06/27/2020, 16:05:12,168
SOMO00001,REminiscence,5040,06/27/2020, 17:05:34,168
SOMO00001,REminiscence,5040,06/27/2020, 18:05:25,168
SOMO00001,REminiscence,5040,06/27/2020, 19:04:56,168
SOMO00001,REminiscence,5041,06/27/2020, 20:05:37,168
SOMO00001,REminiscence,5041,06/27/2020, 21:05:53,168
SOMO00001,REminiscence,5041,06/27/2020, 22:05:04,168
SOMO00001,REminiscence,5041,06/27/2020, 23:05:44,168
SOMO00001,REminiscence,5041,06/28/2020, 00:14:12,168
SOMO00001,REminiscence,5041,06/28/2020, 01:05:24,168
SOMO00001,REminiscence,5041,06/28/2020, 02:06:01,168
SOMO00001,REminiscence,5041,06/28/2020, 03:05:18,168
SOMO00001,REminiscence,5042,06/28/2020, 04:06:19,168
SOMO00001,REminiscence,5042,06/28/2020, 05:04:44,168
SOMO00001,REminiscence,5042,06/28/2020, 06:06:43,168
SOMO00001,REminiscence,5042,06/28/2020, 07:05:12,168
SOMO00001,REminiscence,5042,06/28/2020, 08:05:32,168
SOMO00001,REminiscence,5042,06/28/2020, 09:05:34,168
SOMO00001,REminiscence,5042,06/28/2020, 10:05:06,168
SOMO00001,REminiscence,5042,06/28/2020, 11:05:07,168
SOMO00001,REminiscence,5042,06/28/2020, 12:06:10,168
SOMO00001,REminiscence,5044,06/28/2020, 13:04:55,168
SOMO00001,REminiscence,5044,06/28/2020, 14:07:57,168
SOMO00001,REminiscence,5044,06/28/2020, 15:10:33,168
SOMO00001,REminiscence,5044,06/28/2020, 16:05:02,168
SOMO00001,REminiscence,5045,06/28/2020, 17:04:46,168
SOMO00001,REminiscence,5047,06/28/2020, 18:05:06,168
SOMO00001,REminiscence,5047,06/28/2020, 19:07:04,168
SOMO00001,REminiscence,5047,06/28/2020, 20:05:15,168
SOMO00001,REminiscence,5047,06/28/2020, 21:08:13,168
SOMO00001,REminiscence,5047,06/28/2020, 22:07:08,168
SOMO00001,REminiscence,5049,06/28/2020, 23:04:41,168
SOMO00001,REminiscence,5049,06/29/2020, 00:13:46,168
SOMO00001,REminiscence,5049,06/29/2020, 01:05:18,168
SOMO00001,REminiscence,5049,06/29/2020, 02:05:51,168
SOMO00001,REminiscence,5049,06/29/2020, 03:05:05,168
SOMO00001,REminiscence,5050,06/29/2020, 04:05:13,168
SOMO00001,REminiscence,5050,06/29/2020, 05:05:08,168
SOMO00001,REminiscence,5050,06/29/2020, 06:05:33,168
SOMO00001,REminiscence,5050,06/29/2020, 07:05:16,168
SOMO00001,REminiscence,5050,06/29/2020, 08:05:45,168
SOMO00001,REminiscence,5050,06/29/2020, 09:06:33,168
SOMO00001,REminiscence,5050,06/29/2020, 11:05:30,168
SOMO00001,REminiscence,5050,06/29/2020, 12:06:37,168
SOMO00001,REminiscence,5050,06/29/2020, 13:04:58,168
SOMO00001,REminiscence,5050,06/29/2020, 14:05:21,168
SOMO00001,REminiscence,5050,06/29/2020, 15:04:50,168
SOMO00001,REminiscence,5050,06/29/2020, 16:09:13,168
SOMO00001,REminiscence,5050,06/29/2020, 17:05:23,168
SOMO00001,REminiscence,5051,06/29/2020, 18:05:27,168
SOMO00001,REminiscence,5052,06/29/2020, 19:04:50,168
SOMO00001,REminiscence,5052,06/29/2020, 20:05:41,168
SOMO00001,REminiscence,5052,06/29/2020, 21:05:10,168
SOMO00001,REminiscence,5052,06/29/2020, 22:04:55,168
SOMO00001,REminiscence,5052,06/29/2020, 23:04:56,168
SOMO00001,REminiscence,5052,06/30/2020, 00:13:24,168
SOMO00001,REminiscence,5052,06/30/2020, 01:05:14,168
SOMO00001,REminiscence,5052,06/30/2020, 02:05:48,168
SOMO00001,REminiscence,5052,06/30/2020, 03:04:54,168
SOMO00001,REminiscence,5052,06/30/2020, 04:05:57,168
SOMO00001,REminiscence,5052,06/30/2020, 05:05:05,168
SOMO00001,REminiscence,5052,06/30/2020, 06:05:25,168
SOMO00001,REminiscence,5052,06/30/2020, 07:05:08,168
SOMO00001,REminiscence,5052,06/30/2020, 08:05:56,168
SOMO00001,REminiscence,5052,06/30/2020, 09:05:08,168
SOMO00001,REminiscence,5052,06/30/2020, 10:05:06,168
SOMO00001,REminiscence,5052,06/30/2020, 11:04:51,168
SOMO00001,REminiscence,5052,06/30/2020, 12:06:27,168
SOMO00001,REminiscence,5052,06/30/2020, 13:04:51,168
SOMO00001,REminiscence,5053,06/30/2020, 14:31:49,168
SOMO00001,REminiscence,5053,06/30/2020, 15:05:08,168
SOMO00001,REminiscence,5053,06/30/2020, 16:05:36,168
SOMO00001,REminiscence,5053,06/30/2020, 17:04:50,168
SOMO00001,REminiscence,5053,06/30/2020, 18:05:28,168
SOMO00001,REminiscence,5054,06/30/2020, 19:04:44,168
SOMO00001,REminiscence,5055,06/30/2020, 20:06:49,168
SOMO00001,REminiscence,5055,06/30/2020, 21:05:21,168
SOMO00001,REminiscence,5055,06/30/2020, 22:05:55,168
SOMO00001,REminiscence,5055,06/30/2020, 23:05:36,168
SOMO00001,REminiscence,5055,07/01/2020, 00:16:39,168
SOMO00001,REminiscence,5055,07/01/2020, 01:06:32,168
SOMO00001,REminiscence,5055,07/01/2020, 02:06:28,168
SOMO00001,REminiscence,5055,07/01/2020, 03:06:11,168
SOMO00001,REminiscence,5055,07/01/2020, 04:06:17,168
SOMO00001,REminiscence,5055,07/01/2020, 05:05:51,168
SOMO00001,REminiscence,5055,07/01/2020, 06:06:43,168
SOMO00001,REminiscence,5055,07/01/2020, 07:07:33,168
SOMO00001,REminiscence,5055,07/01/2020, 08:06:39,168
SOMO00001,REminiscence,5055,07/01/2020, 09:06:12,168
SOMO00001,REminiscence,5055,07/01/2020, 10:06:10,168
SOMO00001,REminiscence,5055,07/01/2020, 11:05:30,168
SOMO00001,REminiscence,5055,07/01/2020, 12:07:52,168
SOMO00001,REminiscence,5055,07/01/2020, 13:04:53,168
SOMO00001,REminiscence,5055,07/01/2020, 14:05:37,168
SOMO00001,REminiscence,5056,07/01/2020, 15:05:58,168
SOMO00001,REminiscence,5056,07/01/2020, 16:06:26,168
SOMO00001,REminiscence,5057,07/01/2020, 17:06:02,168
SOMO00001,REminiscence,5057,07/01/2020, 18:06:16,168
SOMO00001,REminiscence,5057,07/01/2020, 19:05:42,168
SOMO00001,REminiscence,5057,07/01/2020, 20:07:12,168
SOMO00001,REminiscence,5057,07/01/2020, 21:05:41,168
SOMO00001,REminiscence,5057,07/01/2020, 22:05:47,168
SOMO00001,REminiscence,5057,07/01/2020, 23:05:40,168
SOMO00001,REminiscence,5057,07/02/2020, 00:16:07,168
SOMO00001,REminiscence,5057,07/02/2020, 01:07:00,168
SOMO00001,REminiscence,5057,07/02/2020, 02:06:30,168
SOMO00001,REminiscence,5057,07/02/2020, 03:06:19,168
SOMO00001,REminiscence,5057,07/02/2020, 04:07:11,168
SOMO00001,REminiscence,5057,07/02/2020, 05:05:56,168
SOMO00001,REminiscence,5057,07/02/2020, 06:06:46,168
SOMO00001,REminiscence,5057,07/02/2020, 07:05:44,168
SOMO00001,REminiscence,5057,07/02/2020, 08:06:39,168
SOMO00001,REminiscence,5057,07/02/2020, 09:05:48,168
SOMO00001,REminiscence,5057,07/02/2020, 10:06:08,168
SOMO00001,REminiscence,5057,07/02/2020, 11:05:35,168
SOMO00001,REminiscence,5057,07/02/2020, 12:08:14,168
SOMO00001,REminiscence,5057,07/02/2020, 13:06:14,168
SOMO00001,REminiscence,5057,07/02/2020, 14:06:33,168
SOMO00001,REminiscence,5057,07/02/2020, 15:05:56,168
SOMO00001,REminiscence,5057,07/02/2020, 16:06:27,168
SOMO00001,REminiscence,5057,07/02/2020, 17:06:10,168
SOMO00001,REminiscence,5057,07/02/2020, 18:06:25,168
SOMO00001,REminiscence,5057,07/02/2020, 19:05:40,168
SOMO00001,REminiscence,5058,07/02/2020, 20:07:08,168
SOMO00001,REminiscence,5059,07/02/2020, 21:05:36,168
SOMO00001,REminiscence,5059,07/02/2020, 22:05:43,168
SOMO00001,REminiscence,5060,07/02/2020, 23:06:05,168
SOMO00001,REminiscence,5060,07/03/2020, 00:16:47,168
SOMO00001,REminiscence,5060,07/03/2020, 01:06:39,168
SOMO00001,REminiscence,5060,07/03/2020, 02:06:38,168
SOMO00001,REminiscence,5060,07/03/2020, 03:06:12,168
SOMO00001,REminiscence,5060,07/03/2020, 04:06:36,168
SOMO00001,REminiscence,5061,07/03/2020, 05:05:27,168
SOMO00001,REminiscence,5061,07/03/2020, 06:06:22,168
SOMO00001,REminiscence,5061,07/03/2020, 07:05:50,168
SOMO00001,REminiscence,5062,07/03/2020, 08:06:44,168
SOMO00001,REminiscence,5062,07/03/2020, 09:06:07,168
SOMO00001,REminiscence,5063,07/03/2020, 10:06:11,168
SOMO00001,REminiscence,5063,07/03/2020, 11:05:22,168
SOMO00001,REminiscence,5063,07/03/2020, 12:08:38,168
SOMO00001,REminiscence,5063,07/03/2020, 13:05:52,168
SOMO00001,REminiscence,5063,07/03/2020, 14:06:37,168
SOMO00001,REminiscence,5064,07/03/2020, 15:05:40,168
SOMO00001,REminiscence,5064,07/03/2020, 16:06:35,168
SOMO00001,REminiscence,5064,07/03/2020, 17:05:42,168
SOMO00001,REminiscence,5064,07/03/2020, 18:06:27,168
SOMO00001,REminiscence,5064,07/03/2020, 19:05:21,168
SOMO00001,REminiscence,5064,07/03/2020, 20:06:54,168
SOMO00001,REminiscence,5064,07/03/2020, 21:05:43,168
SOMO00001,REminiscence,5064,07/03/2020, 22:06:04,168
SOMO00001,REminiscence,5064,07/03/2020, 23:05:33,168
SOMO00001,REminiscence,5064,07/04/2020, 00:16:09,168
SOMO00001,REminiscence,5064,07/04/2020, 01:06:31,168
SOMO00001,REminiscence,5064,07/04/2020, 02:06:28,168
SOMO00001,REminiscence,5065,07/04/2020, 03:05:52,168
SOMO00001,REminiscence,5065,07/04/2020, 04:06:48,168
SOMO00001,REminiscence,5065,07/04/2020, 05:05:43,168
SOMO00001,REminiscence,5065,07/04/2020, 06:06:37,168
SOMO00001,REminiscence,5065,07/04/2020, 07:06:03,168
SOMO00001,REminiscence,5065,07/04/2020, 08:07:09,168
SOMO00001,REminiscence,5065,07/04/2020, 09:05:33,168
SOMO00001,REminiscence,5065,07/04/2020, 10:06:10,168
SOMO00001,REminiscence,5065,07/04/2020, 11:05:43,168
SOMO00001,REminiscence,5065,07/04/2020, 12:07:42,168
SOMO00001,REminiscence,5066,07/04/2020, 13:06:05,168
SOMO00001,REminiscence,5067,07/04/2020, 14:08:00,168
SOMO00001,REminiscence,5067,07/04/2020, 15:05:42,168
SOMO00001,REminiscence,5067,07/04/2020, 16:06:17,168
SOMO00001,REminiscence,5067,07/04/2020, 17:06:33,168
SOMO00001,REminiscence,5067,07/04/2020, 18:06:27,168
SOMO00001,REminiscence,5067,07/04/2020, 19:05:22,168
SOMO00001,REminiscence,5067,07/04/2020, 20:06:44,168
SOMO00001,REminiscence,5067,07/04/2020, 21:05:42,168
SOMO00001,REminiscence,5067,07/04/2020, 22:06:16,168
SOMO00001,REminiscence,5067,07/04/2020, 23:06:10,168
SOMO00001,REminiscence,5068,07/05/2020, 00:17:08,168
SOMO00001,REminiscence,5068,07/05/2020, 01:06:44,168
SOMO00001,REminiscence,5068,07/05/2020, 02:06:28,168
SOMO00001,REminiscence,5068,07/05/2020, 03:05:53,168
SOMO00001,REminiscence,5069,07/05/2020, 04:06:30,168
SOMO00001,REminiscence,5069,07/05/2020, 05:05:38,168
SOMO00001,REminiscence,5069,07/05/2020, 06:06:35,168
SOMO00001,REminiscence,5069,07/05/2020, 07:06:06,168
SOMO00001,REminiscence,5069,07/05/2020, 08:06:26,168
SOMO00001,REminiscence,5069,07/05/2020, 09:05:49,168
SOMO00001,REminiscence,5069,07/05/2020, 10:06:51,168
SOMO00001,REminiscence,5069,07/05/2020, 11:05:40,168
SOMO00001,REminiscence,5069,07/05/2020, 12:07:48,168
SOMO00001,REminiscence,5069,07/05/2020, 13:07:05,168
SOMO00001,REminiscence,5069,07/05/2020, 14:06:21,168
SOMO00001,REminiscence,5069,07/05/2020, 15:05:46,168
SOMO00001,REminiscence,5069,07/05/2020, 16:06:30,168
SOMO00001,REminiscence,5069,07/05/2020, 17:05:44,168
SOMO00001,REminiscence,5069,07/05/2020, 18:06:32,168
SOMO00001,REminiscence,5069,07/05/2020, 19:05:29,168
SOMO00001,REminiscence,5070,07/05/2020, 20:06:50,168
SOMO00001,REminiscence,5070,07/05/2020, 21:05:43,168
SOMO00001,REminiscence,5070,07/05/2020, 22:06:14,168
SOMO00001,REminiscence,5070,07/05/2020, 23:06:02,168
SOMO00001,REminiscence,5070,07/06/2020, 00:16:38,168
SOMO00001,REminiscence,5070,07/06/2020, 01:06:36,168
SOMO00001,REminiscence,5070,07/06/2020, 02:06:39,168
SOMO00001,REminiscence,5070,07/06/2020, 03:05:57,168
SOMO00001,REminiscence,5070,07/06/2020, 04:06:24,168
SOMO00001,REminiscence,5070,07/06/2020, 05:05:41,168
SOMO00001,REminiscence,5070,07/06/2020, 06:06:40,168
SOMO00001,REminiscence,5070,07/06/2020, 07:06:02,168
SOMO00001,REminiscence,5070,07/06/2020, 08:06:56,168
SOMO00001,REminiscence,5070,07/06/2020, 09:06:25,168
SOMO00001,REminiscence,5070,07/06/2020, 10:06:05,168
SOMO00001,REminiscence,5070,07/06/2020, 11:05:35,168
SOMO00001,REminiscence,5070,07/06/2020, 12:08:23,168
SOMO00001,REminiscence,5070,07/06/2020, 13:05:56,168
SOMO00001,REminiscence,5070,07/06/2020, 14:06:30,168
SOMO00001,REminiscence,5070,07/06/2020, 15:05:58,168
SOMO00001,REminiscence,5070,07/06/2020, 16:06:31,168
SOMO00001,REminiscence,5070,07/06/2020, 17:06:00,168
SOMO00001,REminiscence,5070,07/06/2020, 18:06:33,168
SOMO00001,REminiscence,5070,07/06/2020, 19:05:38,168
SOMO00001,REminiscence,5070,07/06/2020, 20:07:03,168
SOMO00001,REminiscence,5070,07/06/2020, 21:05:56,168
SOMO00001,REminiscence,5070,07/06/2020, 22:05:50,168
SOMO00001,REminiscence,5070,07/06/2020, 23:05:47,168
SOMO00001,REminiscence,5070,07/07/2020, 00:16:23,168
SOMO00001,REminiscence,5070,07/07/2020, 01:06:24,168
SOMO00001,REminiscence,5070,07/07/2020, 02:06:20,168
SOMO00001,REminiscence,5070,07/07/2020, 03:05:49,168
SOMO00001,REminiscence,5070,07/07/2020, 04:06:22,168
SOMO00001,REminiscence,5070,07/07/2020, 05:05:42,168
SOMO00001,REminiscence,5070,07/07/2020, 06:06:34,168
SOMO00001,REminiscence,5070,07/07/2020, 07:06:15,168
SOMO00001,REminiscence,5070,07/07/2020, 08:06:30,168
SOMO00001,REminiscence,5070,07/07/2020, 09:06:00,168
SOMO00001,REminiscence,5070,07/07/2020, 10:06:05,168
SOMO00001,REminiscence,5070,07/07/2020, 11:05:31,168
SOMO00001,REminiscence,5070,07/07/2020, 12:07:39,168
SOMO00001,REminiscence,5070,07/07/2020, 13:06:00,168
SOMO00001,REminiscence,5070,07/07/2020, 14:06:51,168
SOMO00001,REminiscence,5070,07/07/2020, 15:05:46,168
SOMO00001,REminiscence,5070,07/07/2020, 16:06:17,168
SOMO00001,REminiscence,5070,07/07/2020, 17:05:53,168
SOMO00001,REminiscence,5070,07/07/2020, 18:06:16,168
SOMO00001,REminiscence,5070,07/07/2020, 19:05:20,168
SOMO00001,REminiscence,5070,07/07/2020, 20:06:51,168
SOMO00001,REminiscence,5070,07/07/2020, 21:05:53,168
SOMO00001,REminiscence,5070,07/07/2020, 22:05:45,168
SOMO00001,REminiscence,5070,07/07/2020, 23:05:55,168
SOMO00001,REminiscence,5070,07/08/2020, 00:16:20,168
SOMO00001,REminiscence,5070,07/08/2020, 01:06:24,168
SOMO00001,REminiscence,5070,07/08/2020, 02:06:25,168
SOMO00001,REminiscence,5070,07/08/2020, 03:05:47,168
SOMO00001,REminiscence,5070,07/08/2020, 04:06:13,168
SOMO00001,REminiscence,5070,07/08/2020, 05:06:03,168
SOMO00001,REminiscence,5070,07/08/2020, 06:06:36,168
SOMO00001,REminiscence,5070,07/08/2020, 07:06:11,168
SOMO00001,REminiscence,5070,07/08/2020, 08:07:03,168
SOMO00001,REminiscence,5071,07/08/2020, 09:06:05,168
SOMO00001,REminiscence,5071,07/08/2020, 10:06:01,168
SOMO00001,REminiscence,5071,07/08/2020, 11:05:30,168
SOMO00001,REminiscence,5071,07/08/2020, 12:07:53,168
SOMO00001,REminiscence,5071,07/08/2020, 13:05:57,168
SOMO00001,REminiscence,5071,07/08/2020, 14:06:30,168
SOMO00001,REminiscence,5071,07/08/2020, 15:05:55,168
SOMO00001,REminiscence,5071,07/08/2020, 16:06:20,168
SOMO00001,REminiscence,5071,07/08/2020, 17:06:02,168
SOMO00001,REminiscence,5071,07/08/2020, 18:06:27,168
SOMO00001,REminiscence,5071,07/08/2020, 19:05:48,168
SOMO00001,REminiscence,5071,07/08/2020, 20:07:16,168
SOMO00001,REminiscence,5071,07/08/2020, 21:05:45,168
SOMO00001,REminiscence,5071,07/08/2020, 22:05:44,168
SOMO00001,REminiscence,5071,07/08/2020, 23:06:04,168
SOMO00001,REminiscence,5071,07/09/2020, 00:16:42,168
SOMO00001,REminiscence,5071,07/09/2020, 01:06:17,168
SOMO00001,REminiscence,5071,07/09/2020, 02:06:41,168
SOMO00001,REminiscence,5071,07/09/2020, 03:06:10,168
SOMO00001,REminiscence,5073,07/09/2020, 04:06:45,168
SOMO00001,REminiscence,5073,07/09/2020, 05:05:57,168
SOMO00001,REminiscence,5073,07/09/2020, 06:06:28,168
SOMO00001,REminiscence,5073,07/09/2020, 07:05:57,168
SOMO00001,REminiscence,5073,07/09/2020, 08:06:18,168
SOMO00001,REminiscence,5073,07/09/2020, 09:05:43,168
SOMO00001,REminiscence,5073,07/09/2020, 10:06:05,168
SOMO00001,REminiscence,5073,07/09/2020, 11:05:36,168
SOMO00001,REminiscence,5073,07/09/2020, 12:08:03,168
SOMO00001,REminiscence,5073,07/09/2020, 13:06:02,168
SOMO00001,REminiscence,5073,07/09/2020, 14:06:52,168
SOMO00001,REminiscence,5073,07/09/2020, 15:06:10,168
SOMO00001,REminiscence,5073,07/09/2020, 16:06:21,168
SOMO00001,REminiscence,5073,07/09/2020, 17:06:13,168
SOMO00001,REminiscence,5073,07/09/2020, 18:06:43,168
SOMO00001,REminiscence,5073,07/09/2020, 19:05:44,168
SOMO00001,REminiscence,5073,07/09/2020, 20:06:59,168
SOMO00001,REminiscence,5073,07/09/2020, 21:06:05,168
SOMO00001,REminiscence,5074,07/09/2020, 22:06:06,168
SOMO00001,REminiscence,5074,07/09/2020, 23:05:51,168
SOMO00001,REminiscence,5075,07/10/2020, 00:16:56,168
SOMO00001,REminiscence,5076,07/10/2020, 01:06:56,168
SOMO00001,REminiscence,5076,07/10/2020, 02:06:51,168
SOMO00001,REminiscence,5076,07/10/2020, 03:06:16,168
SOMO00001,REminiscence,5076,07/10/2020, 04:06:43,168
SOMO00001,REminiscence,5076,07/10/2020, 05:05:43,168
SOMO00001,REminiscence,5077,07/10/2020, 06:06:35,168
SOMO00001,REminiscence,5077,07/10/2020, 07:06:22,168
SOMO00001,REminiscence,5078,07/10/2020, 08:07:09,168
SOMO00001,REminiscence,5078,07/10/2020, 09:06:34,168
SOMO00001,REminiscence,5079,07/10/2020, 10:05:57,168
SOMO00001,REminiscence,5079,07/10/2020, 11:05:54,168
SOMO00001,REminiscence,5079,07/10/2020, 12:08:53,168
SOMO00001,REminiscence,5079,07/10/2020, 13:05:56,168
SOMO00001,REminiscence,5079,07/10/2020, 14:06:49,168
SOMO00001,REminiscence,5079,07/10/2020, 15:06:01,168
SOMO00001,REminiscence,5079,07/10/2020, 16:06:24,168
SOMO00001,REminiscence,5079,07/10/2020, 17:05:48,168
SOMO00001,REminiscence,5079,07/10/2020, 18:06:45,168
SOMO00001,REminiscence,5079,07/10/2020, 19:05:45,168
SOMO00001,REminiscence,5079,07/10/2020, 20:07:06,168
SOMO00001,REminiscence,5079,07/10/2020, 21:05:58,168
SOMO00001,REminiscence,5079,07/10/2020, 22:05:54,168
SOMO00001,REminiscence,5079,07/10/2020, 23:06:09,168
SOMO00001,REminiscence,5079,07/11/2020, 00:16:59,168
SOMO00001,REminiscence,5079,07/11/2020, 01:06:40,168
SOMO00001,REminiscence,5079,07/11/2020, 02:06:46,168
SOMO00001,REminiscence,5079,07/11/2020, 03:06:08,168
SOMO00001,REminiscence,5079,07/11/2020, 04:06:31,168
SOMO00001,REminiscence,5079,07/11/2020, 05:05:35,168
SOMO00001,REminiscence,5079,07/11/2020, 06:06:58,168
SOMO00001,REminiscence,5079,07/11/2020, 07:06:31,168
SOMO00001,REminiscence,5079,07/11/2020, 08:06:47,168
SOMO00001,REminiscence,5079,07/11/2020, 09:06:06,168
SOMO00001,REminiscence,5079,07/11/2020, 10:06:17,168
SOMO00001,REminiscence,5079,07/11/2020, 11:05:57,168
SOMO00001,REminiscence,5079,07/11/2020, 12:07:58,168
SOMO00001,REminiscence,5079,07/11/2020, 13:06:21,168
SOMO00001,REminiscence,5079,07/11/2020, 14:06:58,168
SOMO00001,REminiscence,5080,07/11/2020, 15:05:43,168
SOMO00001,REminiscence,5080,07/11/2020, 16:06:35,168
SOMO00001,REminiscence,5080,07/11/2020, 17:05:52,168
SOMO00001,REminiscence,5080,07/11/2020, 18:06:29,168
SOMO00001,REminiscence,5081,07/11/2020, 19:06:06,168
SOMO00001,REminiscence,5081,07/11/2020, 20:07:25,168
SOMO00001,REminiscence,5081,07/11/2020, 21:06:09,168
SOMO00001,REminiscence,5083,07/11/2020, 22:06:06,168
SOMO00001,REminiscence,5083,07/11/2020, 23:06:03,168
SOMO00001,REminiscence,5083,07/12/2020, 00:17:48,168
SOMO00001,REminiscence,5083,07/12/2020, 01:06:34,168
SOMO00001,REminiscence,5083,07/12/2020, 02:06:35,168
SOMO00001,REminiscence,5083,07/12/2020, 03:06:36,168
SOMO00001,REminiscence,5083,07/12/2020, 04:06:49,168
SOMO00001,REminiscence,5083,07/12/2020, 05:05:52,168
SOMO00001,REminiscence,5083,07/12/2020, 06:06:57,168
SOMO00001,REminiscence,5084,07/12/2020, 07:06:07,168
SOMO00001,REminiscence,5084,07/12/2020, 08:06:29,168
SOMO00001,REminiscence,5084,07/12/2020, 09:05:59,168
SOMO00001,REminiscence,5084,07/12/2020, 10:06:20,168
SOMO00001,REminiscence,5084,07/12/2020, 11:05:42,168
SOMO00001,REminiscence,5084,07/12/2020, 12:08:14,168
SOMO00001,REminiscence,5084,07/12/2020, 13:06:01,168
SOMO00001,REminiscence,5084,07/12/2020, 14:06:41,168
SOMO00001,REminiscence,5084,07/12/2020, 15:06:03,168
SOMO00001,REminiscence,5084,07/12/2020, 16:06:18,168
SOMO00001,REminiscence,5084,07/12/2020, 17:06:03,168
SOMO00001,REminiscence,5085,07/12/2020, 18:06:52,168
SOMO00001,REminiscence,5085,07/12/2020, 19:05:41,168
SOMO00001,REminiscence,5085,07/12/2020, 20:07:04,168
SOMO00001,REminiscence,5085,07/12/2020, 21:06:00,168
SOMO00001,REminiscence,5085,07/12/2020, 22:06:01,168
SOMO00001,REminiscence,5085,07/12/2020, 23:06:13,168
SOMO00001,REminiscence,5085,07/13/2020, 00:17:20,168
SOMO00001,REminiscence,5085,07/13/2020, 01:06:52,168
SOMO00001,REminiscence,5085,07/13/2020, 02:06:53,168
SOMO00001,REminiscence,5085,07/13/2020, 03:06:51,168
SOMO00001,REminiscence,5085,07/13/2020, 04:06:55,168
SOMO00001,REminiscence,5085,07/13/2020, 05:08:11,168
SOMO00001,REminiscence,5086,07/13/2020, 07:07:36,168
SOMO00001,REminiscence,5086,07/13/2020, 09:06:24,168
SOMO00001,REminiscence,5086,07/13/2020, 10:06:21,168
SOMO00001,REminiscence,5086,07/13/2020, 11:05:53,168
SOMO00001,REminiscence,5086,07/13/2020, 12:08:01,168
SOMO00001,REminiscence,5086,07/13/2020, 13:06:08,168
SOMO00001,REminiscence,5086,07/13/2020, 14:07:06,168
SOMO00001,REminiscence,5086,07/13/2020, 15:06:07,168
SOMO00001,REminiscence,5086,07/13/2020, 16:06:22,168
SOMO00001,REminiscence,5086,07/13/2020, 17:05:48,168
SOMO00001,REminiscence,5087,07/13/2020, 18:06:49,168
SOMO00001,REminiscence,5087,07/13/2020, 19:05:44,168
SOMO00001,REminiscence,5088,07/13/2020, 20:07:14,168
SOMO00001,REminiscence,5088,07/13/2020, 21:06:08,168
SOMO00001,REminiscence,5088,07/13/2020, 22:06:06,168
SOMO00001,REminiscence,5089,07/13/2020, 23:05:58,168
SOMO00001,REminiscence,5089,07/14/2020, 00:17:08,168
SOMO00001,REminiscence,5089,07/14/2020, 01:06:36,168
SOMO00001,REminiscence,5089,07/14/2020, 02:07:10,168
SOMO00001,REminiscence,5089,07/14/2020, 03:06:29,168
SOMO00001,REminiscence,5089,07/14/2020, 04:06:26,168
SOMO00001,REminiscence,5089,07/14/2020, 05:06:05,168
SOMO00001,REminiscence,5089,07/14/2020, 06:06:55,168
SOMO00001,REminiscence,5089,07/14/2020, 07:06:18,168
SOMO00001,REminiscence,5089,07/14/2020, 08:06:49,168
SOMO00001,REminiscence,5089,07/14/2020, 09:06:25,168
SOMO00001,REminiscence,5089,07/14/2020, 10:06:12,168
SOMO00001,REminiscence,5089,07/14/2020, 11:05:55,168
SOMO00001,REminiscence,5089,07/14/2020, 12:08:53,168
SOMO00001,REminiscence,5089,07/14/2020, 13:07:00,168
SOMO00001,REminiscence,5090,07/14/2020, 14:35:45,168
SOMO00001,REminiscence,5090,07/14/2020, 15:06:15,168
SOMO00001,REminiscence,5091,07/14/2020, 16:06:26,168
SOMO00001,REminiscence,5091,07/14/2020, 17:05:59,168
SOMO00001,REminiscence,5091,07/14/2020, 18:06:45,168
SOMO00001,REminiscence,5091,07/14/2020, 19:06:06,168
SOMO00001,REminiscence,5092,07/14/2020, 20:06:57,168
SOMO00001,REminiscence,5092,07/14/2020, 21:05:19,168
SOMO00001,REminiscence,5092,07/14/2020, 22:06:00,168
SOMO00001,REminiscence,5092,07/14/2020, 23:06:16,168
SOMO00001,REminiscence,5093,07/15/2020, 00:17:28,168
SOMO00001,REminiscence,5093,07/15/2020, 01:06:56,168
SOMO00001,REminiscence,5093,07/15/2020, 02:06:53,168
SOMO00001,REminiscence,5093,07/15/2020, 03:06:31,168
SOMO00001,REminiscence,5093,07/15/2020, 04:06:27,168
SOMO00001,REminiscence,5093,07/15/2020, 05:05:48,168
SOMO00001,REminiscence,5093,07/15/2020, 06:07:18,168
SOMO00001,REminiscence,5093,07/15/2020, 07:06:51,168
SOMO00001,REminiscence,5093,07/15/2020, 08:06:48,168
SOMO00001,REminiscence,5093,07/15/2020, 09:06:36,168
SOMO00001,REminiscence,5093,07/15/2020, 10:06:10,168
SOMO00001,REminiscence,5094,07/15/2020, 11:06:01,168
SOMO00001,REminiscence,5094,07/15/2020, 12:08:00,168
SOMO00001,REminiscence,5094,07/15/2020, 13:05:58,168
SOMO00001,REminiscence,5094,07/15/2020, 14:06:45,168
SOMO00001,REminiscence,5094,07/15/2020, 15:06:20,168
SOMO00001,REminiscence,5094,07/15/2020, 16:06:26,168
SOMO00001,REminiscence,5094,07/15/2020, 17:05:54,168
SOMO00001,REminiscence,5094,07/15/2020, 18:06:26,168
SOMO00001,REminiscence,5094,07/15/2020, 19:05:07,168
SOMO00001,REminiscence,5094,07/15/2020, 20:06:08,168
SOMO00001,REminiscence,5095,07/15/2020, 21:05:54,168
SOMO00001,REminiscence,5095,07/15/2020, 22:06:06,168
SOMO00001,REminiscence,5095,07/15/2020, 23:06:06,168
SOMO00001,REminiscence,5095,07/16/2020, 00:17:04,168
SOMO00001,REminiscence,5095,07/16/2020, 01:06:37,168
SOMO00001,REminiscence,5095,07/16/2020, 02:07:03,168
SOMO00001,REminiscence,5095,07/16/2020, 03:06:32,168
SOMO00001,REminiscence,5095,07/16/2020, 04:06:47,168
SOMO00001,REminiscence,5095,07/16/2020, 05:05:58,168
SOMO00001,REminiscence,5095,07/16/2020, 06:06:27,168
SOMO00001,REminiscence,5095,07/16/2020, 07:06:21,168
SOMO00001,REminiscence,5095,07/16/2020, 08:06:20,168
SOMO00001,REminiscence,5095,07/16/2020, 09:06:39,168
SOMO00001,REminiscence,5095,07/16/2020, 10:06:16,168
SOMO00001,REminiscence,5095,07/16/2020, 11:05:47,168
SOMO00001,REminiscence,5095,07/16/2020, 12:08:24,168
SOMO00001,REminiscence,5095,07/16/2020, 13:06:13,168
SOMO00001,REminiscence,5095,07/16/2020, 14:06:45,168
SOMO00001,REminiscence,5095,07/16/2020, 15:06:23,168
SOMO00001,REminiscence,5095,07/16/2020, 16:06:43,168
SOMO00001,REminiscence,5095,07/16/2020, 17:06:29,168
SOMO00001,REminiscence,5095,07/16/2020, 18:06:41,168
SOMO00001,REminiscence,5095,07/16/2020, 19:05:54,168
SOMO00001,REminiscence,5096,07/16/2020, 20:06:51,168
SOMO00001,REminiscence,5097,07/16/2020, 21:06:14,168
SOMO00001,REminiscence,5098,07/16/2020, 22:05:59,168
SOMO00001,REminiscence,5098,07/16/2020, 23:07:00,168
SOMO00001,REminiscence,5098,07/17/2020, 00:17:10,168
SOMO00001,REminiscence,5098,07/17/2020, 01:07:04,168
SOMO00001,REminiscence,5099,07/17/2020, 02:07:15,168
SOMO00001,REminiscence,5100,07/17/2020, 03:06:36,168
SOMO00001,REminiscence,5100,07/17/2020, 04:07:07,168
SOMO00001,REminiscence,5100,07/17/2020, 05:05:59,168
SOMO00001,REminiscence,5100,07/17/2020, 06:06:56,168
SOMO00001,REminiscence,5100,07/17/2020, 07:06:23,168
SOMO00001,REminiscence,5100,07/17/2020, 08:06:51,168
SOMO00001,REminiscence,5100,07/17/2020, 09:06:22,168
SOMO00001,REminiscence,5100,07/17/2020, 10:06:17,168
SOMO00001,REminiscence,5100,07/17/2020, 11:05:50,168
SOMO00001,REminiscence,5100,07/17/2020, 12:08:47,168
SOMO00001,REminiscence,5100,07/17/2020, 13:06:07,168
SOMO00001,REminiscence,5100,07/17/2020, 14:06:33,168
SOMO00001,REminiscence,5100,07/17/2020, 15:05:59,168
SOMO00001,REminiscence,5100,07/17/2020, 16:07:05,168
SOMO00001,REminiscence,5100,07/17/2020, 17:05:49,168
SOMO00001,REminiscence,5100,07/17/2020, 18:06:29,168
SOMO00001,REminiscence,5100,07/17/2020, 19:06:05,168
SOMO00001,REminiscence,5101,07/17/2020, 20:07:08,168
SOMO00001,REminiscence,5102,07/17/2020, 21:05:32,168
SOMO00001,REminiscence,5102,07/17/2020, 22:06:06,168
SOMO00001,REminiscence,5103,07/17/2020, 23:06:04,168
SOMO00001,REminiscence,5104,07/18/2020, 00:17:27,168
SOMO00001,REminiscence,5104,07/18/2020, 01:06:51,168
SOMO00001,REminiscence,5104,07/18/2020, 02:07:04,168
SOMO00001,REminiscence,5104,07/18/2020, 03:06:33,168
SOMO00001,REminiscence,5104,07/18/2020, 04:06:33,168
SOMO00001,REminiscence,5104,07/18/2020, 05:05:58,168
SOMO00001,REminiscence,5104,07/18/2020, 06:06:44,168
SOMO00001,REminiscence,5104,07/18/2020, 07:06:28,168
SOMO00001,REminiscence,5104,07/18/2020, 09:06:13,168
SOMO00001,REminiscence,5104,07/18/2020, 10:06:10,168
SOMO00001,REminiscence,5104,07/18/2020, 11:06:06,168
SOMO00001,REminiscence,5104,07/18/2020, 12:08:03,168
SOMO00001,REminiscence,5105,07/18/2020, 13:05:55,168
SOMO00001,REminiscence,5106,07/18/2020, 14:06:26,168
SOMO00001,REminiscence,5106,07/18/2020, 15:05:56,168
SOMO00001,REminiscence,5106,07/18/2020, 16:06:18,168
SOMO00001,REminiscence,5107,07/18/2020, 17:05:38,168
SOMO00001,REminiscence,5107,07/18/2020, 18:06:52,168
SOMO00001,REminiscence,5107,07/18/2020, 19:05:35,168
SOMO00001,REminiscence,5107,07/18/2020, 20:07:09,168
SOMO00001,REminiscence,5107,07/18/2020, 21:06:25,168
SOMO00001,REminiscence,5107,07/18/2020, 22:05:52,168
SOMO00001,REminiscence,5107,07/18/2020, 23:05:42,168
SOMO00001,REminiscence,5107,07/19/2020, 00:18:09,168
SOMO00001,REminiscence,5107,07/19/2020, 01:06:52,168
SOMO00001,REminiscence,5107,07/19/2020, 02:07:01,168
SOMO00001,REminiscence,5107,07/19/2020, 03:06:18,168
SOMO00001,REminiscence,5107,07/19/2020, 04:06:49,168
SOMO00001,REminiscence,5107,07/19/2020, 05:06:16,168
SOMO00001,REminiscence,5107,07/19/2020, 06:07:15,168
SOMO00001,REminiscence,5107,07/19/2020, 07:06:40,168
SOMO00001,REminiscence,5107,07/19/2020, 08:06:25,168
SOMO00001,REminiscence,5107,07/19/2020, 09:06:30,168
SOMO00001,REminiscence,5107,07/19/2020, 10:06:17,168
SOMO00001,REminiscence,5107,07/19/2020, 11:05:48,168
SOMO00001,REminiscence,5107,07/19/2020, 12:08:21,168
SOMO00001,REminiscence,5107,07/19/2020, 13:06:07,168
SOMO00001,REminiscence,5108,07/19/2020, 14:07:05,168
SOMO00001,REminiscence,5108,07/19/2020, 15:05:56,168
SOMO00001,REminiscence,5108,07/19/2020, 16:06:37,168
SOMO00001,REminiscence,5108,07/19/2020, 17:05:47,168
SOMO00001,REminiscence,5108,07/19/2020, 18:06:22,168
SOMO00001,REminiscence,5109,07/19/2020, 19:05:44,168
SOMO00001,REminiscence,5109,07/19/2020, 20:07:17,168
SOMO00001,REminiscence,5109,07/19/2020, 21:06:37,168
SOMO00001,REminiscence,5109,07/19/2020, 22:06:02,168
SOMO00001,REminiscence,5109,07/19/2020, 23:06:01,168
SOMO00001,REminiscence,5109,07/20/2020, 00:17:39,168
SOMO00001,REminiscence,5109,07/20/2020, 01:07:01,168
SOMO00001,REminiscence,5109,07/20/2020, 02:07:10,168
SOMO00001,REminiscence,5109,07/20/2020, 03:06:44,168
SOMO00001,REminiscence,5109,07/20/2020, 04:07:21,168
SOMO00001,REminiscence,5109,07/20/2020, 05:06:17,168
SOMO00001,REminiscence,5109,07/20/2020, 06:06:48,168
SOMO00001,REminiscence,5109,07/20/2020, 07:06:41,168
SOMO00001,REminiscence,5109,07/20/2020, 08:07:27,168
SOMO00001,REminiscence,5109,07/20/2020, 09:06:40,168
SOMO00001,REminiscence,5109,07/20/2020, 10:06:55,168
SOMO00001,REminiscence,5109,07/20/2020, 11:05:53,168
SOMO00001,REminiscence,5109,07/20/2020, 12:08:03,168
SOMO00001,REminiscence,5109,07/20/2020, 13:05:56,168
SOMO00001,REminiscence,5109,07/20/2020, 14:07:02,168
SOMO00001,REminiscence,5109,07/20/2020, 15:06:33,168
SOMO00001,REminiscence,5109,07/20/2020, 16:06:33,168
SOMO00001,REminiscence,5109,07/20/2020, 17:05:56,168
SOMO00001,REminiscence,5109,07/20/2020, 18:06:36,168
SOMO00001,REminiscence,5109,07/20/2020, 19:06:08,168
SOMO00001,REminiscence,5111,07/20/2020, 20:07:27,168
SOMO00001,REminiscence,5111,07/20/2020, 21:06:26,168
SOMO00001,REminiscence,5111,07/20/2020, 22:05:59,168
SOMO00001,REminiscence,5111,07/20/2020, 23:05:52,168
SOMO00001,REminiscence,5111,07/21/2020, 00:17:41,168
SOMO00001,REminiscence,5111,07/21/2020, 01:07:19,168
SOMO00001,REminiscence,5111,07/21/2020, 02:07:34,168
SOMO00001,REminiscence,5111,07/21/2020, 03:06:35,168
SOMO00001,REminiscence,5111,07/21/2020, 04:06:59,168
SOMO00001,REminiscence,5111,07/21/2020, 05:06:29,168
SOMO00001,REminiscence,5111,07/21/2020, 06:07:06,168
SOMO00001,REminiscence,5111,07/21/2020, 07:06:45,168
SOMO00001,REminiscence,5111,07/21/2020, 08:06:58,168
SOMO00001,REminiscence,5111,07/21/2020, 09:06:31,168
SOMO00001,REminiscence,5111,07/21/2020, 10:06:29,168
SOMO00001,REminiscence,5111,07/21/2020, 11:06:30,168
SOMO00001,REminiscence,5111,07/21/2020, 12:08:24,168
SOMO00001,REminiscence,5111,07/21/2020, 13:05:51,168
SOMO00001,REminiscence,5111,07/21/2020, 14:06:56,168
SOMO00001,REminiscence,5112,07/21/2020, 15:06:31,168
SOMO00001,REminiscence,5112,07/21/2020, 16:06:31,168
SOMO00001,REminiscence,5112,07/21/2020, 17:06:18,168
SOMO00001,REminiscence,5112,07/21/2020, 18:06:48,168
SOMO00001,REminiscence,5112,07/21/2020, 19:06:10,168
SOMO00001,REminiscence,5112,07/21/2020, 20:07:01,168
SOMO00001,REminiscence,5112,07/21/2020, 21:06:18,168
SOMO00001,REminiscence,5112,07/21/2020, 22:06:25,168
SOMO00001,REminiscence,5112,07/21/2020, 23:05:48,168
SOMO00001,REminiscence,5112,07/22/2020, 00:17:33,168
SOMO00001,REminiscence,5112,07/22/2020, 01:07:02,168
SOMO00001,REminiscence,5112,07/22/2020, 02:07:22,168
SOMO00001,REminiscence,5112,07/22/2020, 03:06:30,168
SOMO00001,REminiscence,5112,07/22/2020, 04:07:00,168
SOMO00001,REminiscence,5112,07/22/2020, 05:06:20,168
SOMO00001,REminiscence,5112,07/22/2020, 06:06:59,168
SOMO00001,REminiscence,5112,07/22/2020, 07:06:49,168
SOMO00001,REminiscence,5112,07/22/2020, 08:07:29,168
SOMO00001,REminiscence,5112,07/22/2020, 09:06:24,168
SOMO00001,REminiscence,5112,07/22/2020, 10:06:34,168
SOMO00001,REminiscence,5112,07/22/2020, 11:05:54,168
SOMO00001,REminiscence,5112,07/22/2020, 12:08:06,168
SOMO00001,REminiscence,5112,07/22/2020, 13:05:59,168
SOMO00001,REminiscence,5112,07/22/2020, 14:07:14,168
SOMO00001,REminiscence,5112,07/22/2020, 15:06:24,168
SOMO00001,REminiscence,5112,07/22/2020, 16:06:47,168
SOMO00001,REminiscence,5112,07/22/2020, 17:06:10,168
SOMO00001,REminiscence,5112,07/22/2020, 18:07:04,168
SOMO00001,REminiscence,5112,07/22/2020, 19:06:08,168
SOMO00001,REminiscence,5112,07/22/2020, 20:07:25,168
SOMO00001,REminiscence,5112,07/22/2020, 21:06:34,168
SOMO00001,REminiscence,5112,07/22/2020, 22:06:28,168
SOMO00001,REminiscence,5112,07/22/2020, 23:06:06,168
SOMO00001,REminiscence,5112,07/23/2020, 00:17:38,168
SOMO00001,REminiscence,5112,07/23/2020, 01:06:44,168
SOMO00001,REminiscence,5112,07/23/2020, 02:07:11,168
SOMO00001,REminiscence,5112,07/23/2020, 03:06:37,168
SOMO00001,REminiscence,5112,07/23/2020, 04:07:12,168
SOMO00001,REminiscence,5112,07/23/2020, 05:06:34,168
SOMO00001,REminiscence,5112,07/23/2020, 06:07:10,168
SOMO00001,REminiscence,5112,07/23/2020, 07:06:35,168
SOMO00001,REminiscence,5112,07/23/2020, 08:07:09,168
SOMO00001,REminiscence,5112,07/23/2020, 09:06:54,168
SOMO00001,REminiscence,5112,07/23/2020, 10:06:40,168
SOMO00001,REminiscence,5112,07/23/2020, 11:06:04,168
SOMO00001,REminiscence,5112,07/23/2020, 12:08:20,168
SOMO00001,REminiscence,5112,07/23/2020, 13:06:24,168
SOMO00001,REminiscence,5112,07/23/2020, 14:06:50,168
SOMO00001,REminiscence,5112,07/23/2020, 15:06:33,168
SOMO00001,REminiscence,5112,07/23/2020, 16:06:44,168
SOMO00001,REminiscence,5112,07/23/2020, 17:06:41,168
SOMO00001,REminiscence,5113,07/23/2020, 18:06:51,168
SOMO00001,REminiscence,5113,07/23/2020, 19:06:24,168
SOMO00001,REminiscence,5113,07/23/2020, 20:07:14,168
SOMO00001,REminiscence,5113,07/23/2020, 21:06:39,168
SOMO00001,REminiscence,5113,07/23/2020, 22:06:33,168
SOMO00001,REminiscence,5113,07/23/2020, 23:06:01,168
SOMO00001,REminiscence,5113,07/24/2020, 00:17:59,168
SOMO00001,REminiscence,5113,07/24/2020, 01:07:29,168
SOMO00001,REminiscence,5113,07/24/2020, 02:07:51,168
SOMO00001,REminiscence,5113,07/24/2020, 03:06:35,168
SOMO00001,REminiscence,5113,07/24/2020, 04:06:58,168
SOMO00001,REminiscence,5113,07/24/2020, 05:06:26,168
SOMO00001,REminiscence,5113,07/24/2020, 06:06:59,168
SOMO00001,REminiscence,5113,07/24/2020, 07:06:52,168
SOMO00001,REminiscence,5113,07/24/2020, 08:07:25,168
SOMO00001,REminiscence,5113,07/24/2020, 09:06:20,168
SOMO00001,REminiscence,5113,07/24/2020, 10:06:20,168
SOMO00001,REminiscence,5113,07/24/2020, 11:06:16,168
SOMO00001,REminiscence,5113,07/24/2020, 12:09:23,168
SOMO00001,REminiscence,5114,07/24/2020, 13:05:52,168
SOMO00001,REminiscence,5114,07/24/2020, 14:06:55,168
SOMO00001,REminiscence,5114,07/24/2020, 15:06:09,168
SOMO00001,REminiscence,5114,07/24/2020, 16:06:38,168
SOMO00001,REminiscence,5114,07/24/2020, 17:06:17,168
SOMO00001,REminiscence,5114,07/24/2020, 18:06:54,168
SOMO00001,REminiscence,5114,07/24/2020, 19:06:18,168
SOMO00001,REminiscence,5115,07/24/2020, 20:07:21,168
SOMO00001,REminiscence,5115,07/24/2020, 21:06:18,168
SOMO00001,REminiscence,5115,07/24/2020, 22:06:16,168
SOMO00001,REminiscence,5115,07/24/2020, 23:06:09,168
SOMO00001,REminiscence,5115,07/25/2020, 00:18:05,168
SOMO00001,REminiscence,5115,07/25/2020, 01:06:43,168
SOMO00001,REminiscence,5117,07/25/2020, 02:07:13,168
SOMO00001,REminiscence,5117,07/25/2020, 03:06:46,168
SOMO00001,REminiscence,5117,07/25/2020, 04:07:05,168
SOMO00001,REminiscence,5117,07/25/2020, 05:06:30,168
SOMO00001,REminiscence,5117,07/25/2020, 06:07:01,168
SOMO00001,REminiscence,5117,07/25/2020, 07:07:04,168
SOMO00001,REminiscence,5117,07/25/2020, 08:06:51,168
SOMO00001,REminiscence,5117,07/25/2020, 09:06:54,168
SOMO00001,REminiscence,5117,07/25/2020, 10:06:42,168
SOMO00001,REminiscence,5117,07/25/2020, 11:06:09,168
SOMO00001,REminiscence,5118,07/25/2020, 12:08:06,168
SOMO00001,REminiscence,5118,07/25/2020, 13:06:01,168
SOMO00001,REminiscence,5118,07/25/2020, 14:06:51,168
SOMO00001,REminiscence,5118,07/25/2020, 15:06:18,168
SOMO00001,REminiscence,5118,07/25/2020, 16:06:55,168
SOMO00001,REminiscence,5118,07/25/2020, 17:06:23,168
SOMO00001,REminiscence,5118,07/25/2020, 18:07:20,168
SOMO00001,REminiscence,5119,07/25/2020, 19:06:40,168
SOMO00001,REminiscence,5119,07/25/2020, 20:07:12,168
SOMO00001,REminiscence,5119,07/25/2020, 21:06:38,168
SOMO00001,REminiscence,5119,07/25/2020, 22:06:24,168
SOMO00001,REminiscence,5119,07/25/2020, 23:05:49,168
SOMO00001,REminiscence,5120,07/26/2020, 00:18:48,168
SOMO00001,REminiscence,5120,07/26/2020, 01:06:53,168
SOMO00001,REminiscence,5120,07/26/2020, 02:07:26,168
SOMO00001,REminiscence,5120,07/26/2020, 03:06:21,168
SOMO00001,REminiscence,5120,07/26/2020, 04:06:42,168
SOMO00001,REminiscence,5120,07/26/2020, 05:06:21,168
SOMO00001,REminiscence,5120,07/26/2020, 06:07:15,168
SOMO00001,REminiscence,5120,07/26/2020, 07:07:06,168
SOMO00001,REminiscence,5120,07/26/2020, 08:07:36,168
SOMO00001,REminiscence,5122,07/26/2020, 09:06:32,168
SOMO00001,REminiscence,5122,07/26/2020, 10:06:26,168
SOMO00001,REminiscence,5122,07/26/2020, 11:05:51,168
SOMO00001,REminiscence,5122,07/26/2020, 12:08:14,168
SOMO00001,REminiscence,5122,07/26/2020, 13:06:08,168
SOMO00001,REminiscence,5122,07/26/2020, 14:06:48,168
SOMO00001,REminiscence,5122,07/26/2020, 15:06:33,168
SOMO00001,REminiscence,5122,07/26/2020, 16:06:57,168
SOMO00001,REminiscence,5122,07/26/2020, 17:06:25,168
SOMO00001,REminiscence,5122,07/26/2020, 18:07:07,168
SOMO00001,REminiscence,5122,07/26/2020, 19:06:24,168
SOMO00001,REminiscence,5122,07/26/2020, 20:07:25,168
SOMO00001,REminiscence,5122,07/26/2020, 21:06:43,168
SOMO00001,REminiscence,5122,07/26/2020, 22:06:40,168
SOMO00001,REminiscence,5122,07/26/2020, 23:06:07,168
SOMO00001,REminiscence,5122,07/27/2020, 00:18:16,168
SOMO00001,REminiscence,5122,07/27/2020, 01:06:51,168
SOMO00001,REminiscence,5122,07/27/2020, 02:07:15,168
SOMO00001,REminiscence,5122,07/27/2020, 03:06:45,168
SOMO00001,REminiscence,5122,07/27/2020, 04:07:17,168
SOMO00001,REminiscence,5123,07/27/2020, 05:06:39,168
SOMO00001,REminiscence,5123,07/27/2020, 06:07:36,168
SOMO00001,REminiscence,5123,07/27/2020, 07:06:43,168
SOMO00001,REminiscence,5123,07/27/2020, 08:07:48,168
SOMO00001,REminiscence,5123,07/27/2020, 09:06:41,168
SOMO00001,REminiscence,5123,07/27/2020, 10:06:40,168
SOMO00001,REminiscence,5123,07/27/2020, 11:06:21,168
SOMO00001,REminiscence,5123,07/27/2020, 12:08:28,168
SOMO00001,REminiscence,5123,07/27/2020, 13:06:16,168
SOMO00001,REminiscence,5123,07/27/2020, 14:06:47,168
SOMO00001,REminiscence,5123,07/27/2020, 15:06:56,168
SOMO00001,REminiscence,5123,07/27/2020, 16:06:03,168
SOMO00001,REminiscence,5124,07/27/2020, 17:05:37,168
SOMO00001,REminiscence,5124,07/27/2020, 18:06:27,168
SOMO00001,REminiscence,5124,07/27/2020, 19:05:24,168
SOMO00001,REminiscence,5124,07/27/2020, 20:06:16,168
SOMO00001,REminiscence,5124,07/27/2020, 21:05:19,168
SOMO00001,REminiscence,5124,07/27/2020, 22:06:19,168
SOMO00001,REminiscence,5124,07/27/2020, 23:05:48,168
SOMO00001,REminiscence,5124,07/28/2020, 00:18:01,168
SOMO00001,REminiscence,5124,07/28/2020, 01:07:02,168
SOMO00001,REminiscence,5124,07/28/2020, 02:07:33,168
SOMO00001,REminiscence,5124,07/28/2020, 03:06:31,168
SOMO00001,REminiscence,5124,07/28/2020, 04:06:54,168
SOMO00001,REminiscence,5124,07/28/2020, 05:06:29,168
SOMO00001,REminiscence,5124,07/28/2020, 06:07:30,168
SOMO00001,REminiscence,5124,07/28/2020, 07:06:47,168
SOMO00001,REminiscence,5124,07/28/2020, 08:07:40,168
SOMO00001,REminiscence,5124,07/28/2020, 09:06:45,168
SOMO00001,REminiscence,5124,07/28/2020, 10:06:43,168
SOMO00001,REminiscence,5124,07/28/2020, 11:06:16,168
SOMO00001,REminiscence,5124,07/28/2020, 12:08:38,168
SOMO00001,REminiscence,5124,07/28/2020, 13:06:35,168
SOMO00001,REminiscence,5124,07/28/2020, 14:07:02,168
SOMO00001,REminiscence,5124,07/28/2020, 15:07:11,168
SOMO00001,REminiscence,5124,07/28/2020, 16:07:20,168
SOMO00001,REminiscence,5124,07/28/2020, 17:06:19,168
SOMO00001,REminiscence,5124,07/28/2020, 18:06:50,168
SOMO00001,REminiscence,5124,07/28/2020, 19:06:38,168
SOMO00001,REminiscence,5124,07/28/2020, 20:07:27,168
SOMO00001,REminiscence,5124,07/28/2020, 21:07:00,168
SOMO00001,REminiscence,5124,07/28/2020, 22:06:42,168
SOMO00001,REminiscence,5124,07/28/2020, 23:06:28,168
SOMO00001,REminiscence,5124,07/29/2020, 00:17:02,168
SOMO00001,REminiscence,5124,07/29/2020, 01:07:29,168
SOMO00001,REminiscence,5125,07/29/2020, 02:07:31,168
SOMO00001,REminiscence,5127,07/29/2020, 03:06:41,168
SOMO00001,REminiscence,5127,07/29/2020, 04:07:01,168
SOMO00001,REminiscence,5127,07/29/2020, 05:06:34,168
SOMO00001,REminiscence,5127,07/29/2020, 06:07:37,168
SOMO00001,REminiscence,5127,07/29/2020, 07:06:32,168
SOMO00001,REminiscence,5127,07/29/2020, 08:07:02,168
SOMO00001,REminiscence,5127,07/29/2020, 09:06:37,168
SOMO00001,REminiscence,5127,07/29/2020, 10:06:35,168
SOMO00001,REminiscence,5127,07/29/2020, 11:06:30,168
SOMO00001,REminiscence,5127,07/29/2020, 12:08:38,168
SOMO00001,REminiscence,5127,07/29/2020, 13:06:47,168
SOMO00001,REminiscence,5127,07/29/2020, 14:07:11,168
SOMO00001,REminiscence,5127,07/29/2020, 15:07:49,168
SOMO00001,REminiscence,5127,07/29/2020, 16:07:16,168
SOMO00001,REminiscence,5127,07/29/2020, 17:06:20,168
SOMO00001,REminiscence,5127,07/29/2020, 18:07:21,168
SOMO00001,REminiscence,5127,07/29/2020, 19:06:41,168
SOMO00001,REminiscence,5127,07/29/2020, 20:07:48,168
SOMO00001,REminiscence,5127,07/29/2020, 21:06:40,168
SOMO00001,REminiscence,5128,07/29/2020, 22:06:40,168
SOMO00001,REminiscence,5128,07/29/2020, 23:06:38,168
SOMO00001,REminiscence,5129,07/30/2020, 00:18:26,168
SOMO00001,REminiscence,5129,07/30/2020, 01:07:17,168
SOMO00001,REminiscence,5129,07/30/2020, 02:07:19,168
SOMO00001,REminiscence,5129,07/30/2020, 03:06:59,168
SOMO00001,REminiscence,5129,07/30/2020, 04:06:52,168
SOMO00001,REminiscence,5130,07/30/2020, 05:06:52,168
SOMO00001,REminiscence,5130,07/30/2020, 06:07:52,168
SOMO00001,REminiscence,5130,07/30/2020, 07:06:48,168
SOMO00001,REminiscence,5130,07/30/2020, 08:07:27,168
SOMO00001,REminiscence,5130,07/30/2020, 09:06:50,168
SOMO00001,REminiscence,5130,07/30/2020, 10:06:29,168
SOMO00001,REminiscence,5130,07/30/2020, 11:06:45,168
SOMO00001,REminiscence,5130,07/30/2020, 12:08:58,168
SOMO00001,REminiscence,5130,07/30/2020, 13:06:31,168
SOMO00001,REminiscence,5130,07/30/2020, 14:08:07,168
SOMO00001,REminiscence,5130,07/30/2020, 15:07:42,168
SOMO00001,REminiscence,5130,07/30/2020, 16:07:25,168
SOMO00001,REminiscence,5130,07/30/2020, 17:06:48,168
SOMO00001,REminiscence,5130,07/30/2020, 18:07:25,168
SOMO00001,REminiscence,5130,07/30/2020, 19:06:11,168
SOMO00001,REminiscence,5130,07/30/2020, 20:06:45,168
SOMO00001,REminiscence,5130,07/30/2020, 21:05:39,168
SOMO00001,REminiscence,5130,07/30/2020, 22:05:41,168
SOMO00001,REminiscence,5130,07/30/2020, 23:06:32,168
SOMO00001,REminiscence,5130,07/31/2020, 00:19:01,168
SOMO00001,REminiscence,5130,07/31/2020, 01:07:37,168
SOMO00001,REminiscence,5130,07/31/2020, 02:07:51,168
SOMO00001,REminiscence,5130,07/31/2020, 03:06:45,168
SOMO00001,REminiscence,5130,07/31/2020, 04:07:17,168
SOMO00001,REminiscence,5130,07/31/2020, 05:06:52,168
SOMO00001,REminiscence,5130,07/31/2020, 06:07:24,168
SOMO00001,REminiscence,5130,07/31/2020, 07:06:55,168
SOMO00001,REminiscence,5130,07/31/2020, 08:08:06,168
SOMO00001,REminiscence,5130,07/31/2020, 09:06:50,168
SOMO00001,REminiscence,5130,07/31/2020, 10:06:32,168
SOMO00001,REminiscence,5130,07/31/2020, 11:06:27,168
SOMO00001,REminiscence,5130,07/31/2020, 12:09:41,168
SOMO00001,REminiscence,5130,07/31/2020, 13:06:41,168
SOMO00001,REminiscence,5130,07/31/2020, 14:07:13,168
SOMO00001,REminiscence,5130,07/31/2020, 15:07:05,168
SOMO00001,REminiscence,5130,07/31/2020, 16:07:14,168
SOMO00001,REminiscence,5130,07/31/2020, 17:06:39,168
SOMO00001,REminiscence,5130,07/31/2020, 18:07:29,168
SOMO00001,REminiscence,5130,07/31/2020, 19:06:25,168
SOMO00001,REminiscence,5130,07/31/2020, 20:07:46,168
SOMO00001,REminiscence,5130,07/31/2020, 21:06:37,168
SOMO00001,REminiscence,5131,07/31/2020, 22:06:26,168
SOMO00001,REminiscence,5131,07/31/2020, 23:06:28,168
SOMO00001,REminiscence,5131,08/01/2020, 00:19:16,168
SOMO00001,REminiscence,5131,08/01/2020, 01:07:29,168
SOMO00001,REminiscence,5131,08/01/2020, 02:07:35,168
SOMO00001,REminiscence,5131,08/01/2020, 03:06:46,168
SOMO00001,REminiscence,5131,08/01/2020, 04:07:20,168
SOMO00001,REminiscence,5131,08/01/2020, 05:06:47,168
SOMO00001,REminiscence,5132,08/01/2020, 06:07:45,168
SOMO00001,REminiscence,5132,08/01/2020, 07:07:07,168
SOMO00001,REminiscence,5132,08/01/2020, 08:07:37,168
SOMO00001,REminiscence,5132,08/01/2020, 09:07:10,168
SOMO00001,REminiscence,5132,08/01/2020, 10:06:48,168
SOMO00001,REminiscence,5132,08/01/2020, 11:06:36,168
SOMO00001,REminiscence,5132,08/01/2020, 12:08:49,168
SOMO00001,REminiscence,5132,08/01/2020, 13:06:34,168
SOMO00001,REminiscence,5132,08/01/2020, 14:07:18,168
SOMO00001,REminiscence,5132,08/01/2020, 15:07:06,168
SOMO00001,REminiscence,5132,08/01/2020, 16:07:34,168
SOMO00001,REminiscence,5132,08/01/2020, 17:06:45,168
SOMO00001,REminiscence,5132,08/01/2020, 18:07:39,168
SOMO00001,REminiscence,5132,08/01/2020, 19:06:40,168
SOMO00001,REminiscence,5132,08/01/2020, 20:07:43,168
SOMO00001,REminiscence,5132,08/01/2020, 21:06:37,168
SOMO00001,REminiscence,5132,08/01/2020, 22:06:30,168
SOMO00001,REminiscence,5134,08/01/2020, 23:06:30,168
SOMO00001,REminiscence,5134,08/02/2020, 00:19:40,168
SOMO00001,REminiscence,5134,08/02/2020, 01:07:14,168
SOMO00001,REminiscence,5134,08/02/2020, 02:07:42,168
SOMO00001,REminiscence,5134,08/02/2020, 03:06:51,168
SOMO00001,REminiscence,5134,08/02/2020, 04:07:24,168
SOMO00001,REminiscence,5134,08/02/2020, 05:06:53,168
SOMO00001,REminiscence,5134,08/02/2020, 06:07:43,168
SOMO00001,REminiscence,5135,08/02/2020, 07:07:20,168
SOMO00001,REminiscence,5135,08/02/2020, 08:07:21,168
SOMO00001,REminiscence,5135,08/02/2020, 09:06:43,168
SOMO00001,REminiscence,5135,08/02/2020, 10:06:42,168
SOMO00001,REminiscence,5135,08/02/2020, 11:06:40,168
SOMO00001,REminiscence,5135,08/02/2020, 12:08:41,168
SOMO00001,REminiscence,5135,08/02/2020, 13:06:58,168
SOMO00001,REminiscence,5135,08/02/2020, 14:07:25,168
SOMO00001,REminiscence,5135,08/02/2020, 15:07:10,168
SOMO00001,REminiscence,5135,08/02/2020, 16:07:21,168
SOMO00001,REminiscence,5136,08/02/2020, 17:06:39,168
SOMO00001,REminiscence,5136,08/02/2020, 18:07:18,168
SOMO00001,REminiscence,5136,08/02/2020, 19:06:46,168
SOMO00001,REminiscence,5136,08/02/2020, 20:07:49,168
SOMO00001,REminiscence,5136,08/02/2020, 21:06:36,168
SOMO00001,REminiscence,5136,08/02/2020, 22:06:34,168
SOMO00001,REminiscence,5136,08/02/2020, 23:06:57,168
SOMO00001,REminiscence,5137,08/03/2020, 00:19:20,168
SOMO00001,REminiscence,5137,08/03/2020, 01:07:26,168
SOMO00001,REminiscence,5137,08/03/2020, 02:07:49,168
SOMO00001,REminiscence,5137,08/03/2020, 03:06:49,168
SOMO00001,REminiscence,5137,08/03/2020, 04:07:27,168
SOMO00001,REminiscence,5137,08/03/2020, 05:06:55,168
SOMO00001,REminiscence,5137,08/03/2020, 06:07:43,168
SOMO00001,REminiscence,5137,08/03/2020, 07:07:08,168
SOMO00001,REminiscence,5137,08/03/2020, 08:07:47,168
SOMO00001,REminiscence,5137,08/03/2020, 09:07:14,168
SOMO00001,REminiscence,5137,08/03/2020, 10:07:12,168
SOMO00001,REminiscence,5137,08/03/2020, 11:06:49,168
SOMO00001,REminiscence,5138,08/03/2020, 12:09:18,168
SOMO00001,REminiscence,5138,08/03/2020, 13:06:29,168
SOMO00001,REminiscence,5138,08/03/2020, 14:07:34,168
SOMO00001,REminiscence,5138,08/03/2020, 15:07:03,168
SOMO00001,REminiscence,5138,08/03/2020, 16:07:09,168
SOMO00001,REminiscence,5138,08/03/2020, 17:06:46,168
SOMO00001,REminiscence,5138,08/03/2020, 18:07:25,168
SOMO00001,REminiscence,5138,08/03/2020, 19:06:41,168
SOMO00001,REminiscence,5138,08/03/2020, 20:08:20,168
SOMO00001,REminiscence,5138,08/03/2020, 21:06:43,168
SOMO00001,REminiscence,5138,08/03/2020, 22:06:31,168
SOMO00001,REminiscence,5139,08/03/2020, 23:06:30,168
SOMO00001,REminiscence,5139,08/04/2020, 00:19:14,168
SOMO00001,REminiscence,5139,08/04/2020, 01:07:26,168
SOMO00001,REminiscence,5139,08/04/2020, 02:07:56,168
SOMO00001,REminiscence,5139,08/04/2020, 03:07:03,168
SOMO00001,REminiscence,5139,08/04/2020, 04:07:25,168
SOMO00001,REminiscence,5139,08/04/2020, 05:07:02,168
SOMO00001,REminiscence,5139,08/04/2020, 06:07:33,168
SOMO00001,REminiscence,5139,08/04/2020, 07:07:05,168
SOMO00001,REminiscence,5139,08/04/2020, 08:08:11,168
SOMO00001,REminiscence,5140,08/04/2020, 09:06:50,168
SOMO00001,REminiscence,5140,08/04/2020, 10:06:57,168
SOMO00001,REminiscence,5140,08/04/2020, 11:06:44,168
SOMO00001,REminiscence,5140,08/04/2020, 12:09:19,168
SOMO00001,REminiscence,5140,08/04/2020, 13:06:52,168
SOMO00001,REminiscence,5140,08/04/2020, 14:07:29,168
SOMO00001,REminiscence,5140,08/04/2020, 15:07:08,168
SOMO00001,REminiscence,5140,08/04/2020, 16:07:25,168
SOMO00001,REminiscence,5140,08/04/2020, 17:06:53,168
SOMO00001,REminiscence,5140,08/04/2020, 18:07:35,168
SOMO00001,REminiscence,5140,08/04/2020, 19:06:44,168
SOMO00001,REminiscence,5140,08/04/2020, 20:07:52,168
SOMO00001,REminiscence,5141,08/04/2020, 21:06:58,168
SOMO00001,REminiscence,5142,08/04/2020, 22:06:42,168
SOMO00001,REminiscence,5142,08/04/2020, 23:06:05,168
SOMO00001,REminiscence,5142,08/05/2020, 00:19:22,168
SOMO00001,REminiscence,5142,08/05/2020, 01:07:47,168
SOMO00001,REminiscence,5142,08/05/2020, 02:08:07,168
SOMO00001,REminiscence,5142,08/05/2020, 03:06:58,168
SOMO00001,REminiscence,5142,08/05/2020, 04:07:33,168
SOMO00001,REminiscence,5142,08/05/2020, 05:07:07,168
SOMO00001,REminiscence,5142,08/05/2020, 06:07:37,168
SOMO00001,REminiscence,5142,08/05/2020, 07:07:28,168
SOMO00001,REminiscence,5143,08/05/2020, 08:07:55,168
SOMO00001,REminiscence,5143,08/05/2020, 09:06:59,168
SOMO00001,REminiscence,5143,08/05/2020, 10:07:01,168
SOMO00001,REminiscence,5143,08/05/2020, 11:06:44,168
SOMO00001,REminiscence,5143,08/05/2020, 12:09:04,168
SOMO00001,REminiscence,5143,08/05/2020, 13:06:51,168
SOMO00001,REminiscence,5143,08/05/2020, 14:07:44,168
SOMO00001,REminiscence,5143,08/05/2020, 15:07:00,168
SOMO00001,REminiscence,5143,08/05/2020, 16:07:16,168
SOMO00001,REminiscence,5143,08/05/2020, 17:07:09,168
SOMO00001,REminiscence,5143,08/05/2020, 18:07:45,168
SOMO00001,REminiscence,5143,08/05/2020, 19:07:00,168
SOMO00001,REminiscence,5143,08/05/2020, 20:08:01,168
SOMO00001,REminiscence,5143,08/05/2020, 21:06:51,168
SOMO00001,REminiscence,5143,08/05/2020, 22:06:31,168
SOMO00001,REminiscence,5143,08/05/2020, 23:06:59,168
SOMO00001,REminiscence,5143,08/06/2020, 00:19:35,168
SOMO00001,REminiscence,5143,08/06/2020, 01:07:51,168
SOMO00001,REminiscence,5143,08/06/2020, 02:07:47,168
SOMO00001,REminiscence,5143,08/06/2020, 03:07:02,168
SOMO00001,REminiscence,5143,08/06/2020, 04:07:33,168
SOMO00001,REminiscence,5143,08/06/2020, 05:06:58,168
SOMO00001,REminiscence,5143,08/06/2020, 06:07:39,168
SOMO00001,REminiscence,5143,08/06/2020, 07:07:08,168
SOMO00001,REminiscence,5143,08/06/2020, 08:08:00,168
SOMO00001,REminiscence,5143,08/06/2020, 09:06:58,168
SOMO00001,REminiscence,5143,08/06/2020, 10:07:03,168
SOMO00001,REminiscence,5143,08/06/2020, 11:07:05,168
SOMO00001,REminiscence,5143,08/06/2020, 12:09:24,168
SOMO00001,REminiscence,5143,08/06/2020, 13:07:00,168
SOMO00001,REminiscence,5143,08/06/2020, 14:07:55,168
SOMO00001,REminiscence,5143,08/06/2020, 15:07:09,168
SOMO00001,REminiscence,5144,08/06/2020, 16:07:23,168
SOMO00001,REminiscence,5144,08/06/2020, 17:07:00,168
SOMO00001,REminiscence,5144,08/06/2020, 18:07:32,168
SOMO00001,REminiscence,5145,08/06/2020, 19:06:55,168
SOMO00001,REminiscence,5145,08/06/2020, 20:07:55,168
SOMO00001,REminiscence,5145,08/06/2020, 21:07:09,168
SOMO00001,REminiscence,5145,08/06/2020, 22:07:05,168
SOMO00001,REminiscence,5145,08/06/2020, 23:07:10,168
SOMO00001,REminiscence,5145,08/07/2020, 00:19:52,168
SOMO00001,REminiscence,5145,08/07/2020, 01:08:01,168
SOMO00001,REminiscence,5145,08/07/2020, 02:07:58,168
SOMO00001,REminiscence,5145,08/07/2020, 03:07:17,168
SOMO00001,REminiscence,5145,08/07/2020, 04:07:41,168
SOMO00001,REminiscence,5146,08/07/2020, 05:07:21,168
SOMO00001,REminiscence,5146,08/07/2020, 06:07:53,168
SOMO00001,REminiscence,5146,08/07/2020, 07:08:09,168
SOMO00001,REminiscence,5146,08/07/2020, 08:07:57,168
SOMO00001,REminiscence,5146,08/07/2020, 09:07:06,168
SOMO00001,REminiscence,5146,08/07/2020, 10:07:43,168
SOMO00001,REminiscence,5146,08/07/2020, 11:06:51,168
SOMO00001,REminiscence,5146,08/07/2020, 12:10:08,168
SOMO00001,REminiscence,5146,08/07/2020, 13:06:59,168
SOMO00001,REminiscence,5147,08/07/2020, 14:07:40,168
SOMO00001,REminiscence,5147,08/07/2020, 15:07:16,168
SOMO00001,REminiscence,5147,08/07/2020, 16:07:28,168
SOMO00001,REminiscence,5147,08/07/2020, 17:07:05,168
SOMO00001,REminiscence,5148,08/07/2020, 18:07:37,168
SOMO00001,REminiscence,5148,08/07/2020, 19:06:42,168
SOMO00001,REminiscence,5148,08/07/2020, 20:07:58,168
SOMO00001,REminiscence,5148,08/07/2020, 21:06:55,168
SOMO00001,REminiscence,5148,08/07/2020, 22:06:51,168
SOMO00001,REminiscence,5148,08/07/2020, 23:06:53,168
SOMO00001,REminiscence,5148,08/08/2020, 00:19:49,168
SOMO00001,REminiscence,5148,08/08/2020, 01:07:44,168
SOMO00001,REminiscence,5148,08/08/2020, 02:07:49,168
SOMO00001,REminiscence,5148,08/08/2020, 03:06:48,168
SOMO00001,REminiscence,5148,08/08/2020, 04:07:29,168
SOMO00001,REminiscence,5148,08/08/2020, 05:06:52,168
SOMO00001,REminiscence,5148,08/08/2020, 06:07:53,168
SOMO00001,REminiscence,5148,08/08/2020, 07:07:08,168
SOMO00001,REminiscence,5149,08/08/2020, 08:07:55,168
SOMO00001,REminiscence,5149,08/08/2020, 09:06:59,168
SOMO00001,REminiscence,5149,08/08/2020, 10:07:03,168
SOMO00001,REminiscence,5149,08/08/2020, 11:07:07,168
SOMO00001,REminiscence,5149,08/08/2020, 12:09:13,168
SOMO00001,REminiscence,5149,08/08/2020, 13:07:04,168
SOMO00001,REminiscence,5149,08/08/2020, 14:07:47,168
SOMO00001,REminiscence,5149,08/08/2020, 15:07:14,168
SOMO00001,REminiscence,5149,08/08/2020, 16:07:15,168
SOMO00001,REminiscence,5149,08/08/2020, 17:07:30,168
SOMO00001,REminiscence,5149,08/08/2020, 18:07:26,168
SOMO00001,REminiscence,5149,08/08/2020, 19:06:58,168
SOMO00001,REminiscence,5149,08/08/2020, 20:07:51,168
SOMO00001,REminiscence,5149,08/08/2020, 21:07:02,168
SOMO00001,REminiscence,5149,08/08/2020, 22:06:32,168
SOMO00001,REminiscence,5149,08/08/2020, 23:07:05,168
SOMO00001,REminiscence,5149,08/09/2020, 00:20:47,168
SOMO00001,REminiscence,5149,08/09/2020, 01:07:46,168
SOMO00001,REminiscence,5149,08/09/2020, 02:07:54,168
SOMO00001,REminiscence,5149,08/09/2020, 03:06:53,168
SOMO00001,REminiscence,5150,08/09/2020, 04:07:30,168
SOMO00001,REminiscence,5150,08/09/2020, 05:07:04,168
SOMO00001,REminiscence,5150,08/09/2020, 06:07:58,168
SOMO00001,REminiscence,5150,08/09/2020, 07:07:10,168
SOMO00001,REminiscence,5150,08/09/2020, 08:07:29,168
SOMO00001,REminiscence,5150,08/09/2020, 09:07:13,168
SOMO00001,REminiscence,5150,08/09/2020, 10:07:19,168
SOMO00001,REminiscence,5150,08/09/2020, 11:07:07,168
SOMO00001,REminiscence,5150,08/09/2020, 12:09:28,168
SOMO00001,REminiscence,5150,08/09/2020, 13:07:04,168
SOMO00001,REminiscence,5150,08/09/2020, 14:07:20,168
SOMO00001,REminiscence,5150,08/09/2020, 15:06:52,168
SOMO00001,REminiscence,5150,08/09/2020, 16:07:30,168
SOMO00001,REminiscence,5150,08/09/2020, 17:07:10,168
SOMO00001,REminiscence,5150,08/09/2020, 18:07:38,168
SOMO00001,REminiscence,5150,08/09/2020, 19:06:58,168
SOMO00001,REminiscence,5150,08/09/2020, 20:08:14,168
SOMO00001,REminiscence,5150,08/09/2020, 21:07:15,168
SOMO00001,REminiscence,5150,08/09/2020, 22:07:04,168
SOMO00001,REminiscence,5150,08/09/2020, 23:07:11,168
SOMO00001,REminiscence,5150,08/10/2020, 00:20:34,168
SOMO00001,REminiscence,5150,08/10/2020, 01:07:55,168
SOMO00001,REminiscence,5151,08/10/2020, 02:08:01,168
SOMO00001,REminiscence,5151,08/10/2020, 03:07:39,168
SOMO00001,REminiscence,5152,08/10/2020, 04:07:44,168
SOMO00001,REminiscence,5152,08/10/2020, 05:07:21,168
SOMO00001,REminiscence,5152,08/10/2020, 06:08:26,168
SOMO00001,REminiscence,5152,08/10/2020, 07:07:14,168
SOMO00001,REminiscence,5152,08/10/2020, 08:07:58,168
SOMO00001,REminiscence,5153,08/10/2020, 09:07:23,168
SOMO00001,REminiscence,5153,08/10/2020, 10:07:30,168
SOMO00001,REminiscence,5153,08/10/2020, 11:07:06,168
SOMO00001,REminiscence,5154,08/10/2020, 12:09:40,168
SOMO00001,REminiscence,5154,08/10/2020, 13:06:51,168
SOMO00001,REminiscence,5154,08/10/2020, 14:08:08,168
SOMO00001,REminiscence,5154,08/10/2020, 15:07:18,168
SOMO00001,REminiscence,5155,08/10/2020, 16:07:50,168
SOMO00001,REminiscence,5155,08/10/2020, 17:06:58,168
SOMO00001,REminiscence,5155,08/10/2020, 18:07:45,168
SOMO00001,REminiscence,5156,08/10/2020, 19:07:09,168
SOMO00001,REminiscence,5156,08/10/2020, 20:07:42,168
SOMO00001,REminiscence,5156,08/10/2020, 21:07:00,168
SOMO00001,REminiscence,5156,08/10/2020, 22:06:51,168
SOMO00001,REminiscence,5157,08/10/2020, 23:07:00,168
SOMO00001,REminiscence,5157,08/11/2020, 00:20:13,168
SOMO00001,REminiscence,5158,08/11/2020, 01:07:50,168
SOMO00001,REminiscence,5158,08/11/2020, 02:08:17,168
SOMO00001,REminiscence,5158,08/11/2020, 03:07:24,168
SOMO00001,REminiscence,5158,08/11/2020, 04:07:55,168
SOMO00001,REminiscence,5158,08/11/2020, 05:07:11,168
SOMO00001,REminiscence,5158,08/11/2020, 06:08:01,168
SOMO00001,REminiscence,5159,08/11/2020, 07:07:46,168
SOMO00001,REminiscence,5159,08/11/2020, 08:08:29,168
SOMO00001,REminiscence,5160,08/11/2020, 09:07:26,168
SOMO00001,REminiscence,5160,08/11/2020, 10:07:42,168
SOMO00001,REminiscence,5160,08/11/2020, 11:08:04,168
SOMO00001,REminiscence,5160,08/11/2020, 12:09:05,168
SOMO00001,REminiscence,5160,08/11/2020, 13:07:18,168
SOMO00001,REminiscence,5160,08/11/2020, 14:08:04,168
SOMO00001,REminiscence,5160,08/11/2020, 15:07:39,168
SOMO00001,REminiscence,5160,08/11/2020, 16:08:00,168
SOMO00001,REminiscence,5160,08/11/2020, 17:07:01,168
SOMO00001,REminiscence,5160,08/11/2020, 18:07:55,168
SOMO00001,REminiscence,5160,08/11/2020, 19:07:08,168
SOMO00001,REminiscence,5160,08/11/2020, 20:07:54,168
SOMO00001,REminiscence,5160,08/11/2020, 21:07:06,168
SOMO00001,REminiscence,5160,08/11/2020, 22:07:12,168
SOMO00001,REminiscence,5160,08/11/2020, 23:06:51,168
SOMO00001,REminiscence,5160,08/12/2020, 00:19:41,168
SOMO00001,REminiscence,5160,08/12/2020, 01:07:45,168
SOMO00001,REminiscence,5160,08/12/2020, 02:07:48,168
SOMO00001,REminiscence,5160,08/12/2020, 03:07:28,168
SOMO00001,REminiscence,5160,08/12/2020, 04:07:58,168
SOMO00001,REminiscence,5160,08/12/2020, 05:07:04,168
SOMO00001,REminiscence,5160,08/12/2020, 06:08:10,168
SOMO00001,REminiscence,5160,08/12/2020, 07:07:38,168
SOMO00001,REminiscence,5160,08/12/2020, 08:07:52,168
SOMO00001,REminiscence,5160,08/12/2020, 09:07:35,168
SOMO00001,REminiscence,5161,08/12/2020, 10:07:41,168
SOMO00001,REminiscence,5161,08/12/2020, 11:07:11,168
SOMO00001,REminiscence,5161,08/12/2020, 12:09:19,168
SOMO00001,REminiscence,5161,08/12/2020, 13:07:06,168
SOMO00001,REminiscence,5161,08/12/2020, 14:08:12,168
SOMO00001,REminiscence,5161,08/12/2020, 15:07:33,168
SOMO00001,REminiscence,5161,08/12/2020, 16:07:54,168
SOMO00001,REminiscence,5161,08/12/2020, 17:07:09,168
SOMO00001,REminiscence,5161,08/12/2020, 18:08:01,168
SOMO00001,REminiscence,5161,08/12/2020, 19:07:12,168
SOMO00001,REminiscence,5161,08/12/2020, 20:08:25,168
SOMO00001,REminiscence,5161,08/12/2020, 21:07:01,168
SOMO00001,REminiscence,5161,08/12/2020, 22:07:32,168
SOMO00001,REminiscence,5161,08/12/2020, 23:07:30,168
SOMO00001,REminiscence,5161,08/13/2020, 00:20:13,168
SOMO00001,REminiscence,5161,08/13/2020, 01:07:48,168
SOMO00001,REminiscence,5161,08/13/2020, 02:08:24,168
SOMO00001,REminiscence,5161,08/13/2020, 03:07:27,168
SOMO00001,REminiscence,5161,08/13/2020, 04:08:01,168
SOMO00001,REminiscence,5161,08/13/2020, 05:07:15,168
SOMO00001,REminiscence,5161,08/13/2020, 06:08:30,168
SOMO00001,REminiscence,5161,08/13/2020, 07:07:24,168
SOMO00001,REminiscence,5161,08/13/2020, 08:07:59,168
SOMO00001,REminiscence,5161,08/13/2020, 09:07:30,168
SOMO00001,REminiscence,5161,08/13/2020, 10:07:46,168
SOMO00001,REminiscence,5161,08/13/2020, 11:06:52,168
SOMO00001,REminiscence,5161,08/13/2020, 12:09:32,168
SOMO00001,REminiscence,5161,08/13/2020, 13:07:13,168
SOMO00001,REminiscence,5161,08/13/2020, 14:07:57,168
SOMO00001,REminiscence,5161,08/13/2020, 15:07:38,168
SOMO00001,REminiscence,5161,08/13/2020, 16:08:06,168
SOMO00001,REminiscence,5161,08/13/2020, 17:07:35,168
SOMO00001,REminiscence,5161,08/13/2020, 18:07:49,168
SOMO00001,REminiscence,5162,08/13/2020, 19:06:50,168
SOMO00001,REminiscence,5162,08/13/2020, 20:08:11,168
SOMO00001,REminiscence,5162,08/13/2020, 21:07:10,168
SOMO00001,REminiscence,5162,08/13/2020, 22:07:47,168
SOMO00001,REminiscence,5162,08/13/2020, 23:07:15,168
SOMO00001,REminiscence,5162,08/14/2020, 00:20:03,168
SOMO00001,REminiscence,5162,08/14/2020, 01:06:47,168
SOMO00001,REminiscence,5162,08/14/2020, 02:08:18,168
SOMO00001,REminiscence,5162,08/14/2020, 03:07:33,168
SOMO00001,REminiscence,5162,08/14/2020, 04:08:11,168
SOMO00001,REminiscence,5162,08/14/2020, 05:07:15,168
SOMO00001,REminiscence,5162,08/14/2020, 06:08:17,168
SOMO00001,REminiscence,5162,08/14/2020, 07:07:28,168
SOMO00001,REminiscence,5162,08/14/2020, 08:08:44,168
SOMO00001,REminiscence,5163,08/14/2020, 09:07:43,168
SOMO00001,REminiscence,5163,08/14/2020, 10:07:36,168
SOMO00001,REminiscence,5163,08/14/2020, 11:07:03,168
SOMO00001,REminiscence,5163,08/14/2020, 12:10:48,168
SOMO00001,REminiscence,5163,08/14/2020, 13:07:14,168
SOMO00001,REminiscence,5163,08/14/2020, 14:07:52,168
SOMO00001,REminiscence,5163,08/14/2020, 15:07:22,168
SOMO00001,REminiscence,5163,08/14/2020, 16:08:03,168
SOMO00001,REminiscence,5163,08/14/2020, 17:07:21,168
SOMO00001,REminiscence,5163,08/14/2020, 18:08:11,168
SOMO00001,REminiscence,5163,08/14/2020, 19:07:25,168
SOMO00001,REminiscence,5163,08/14/2020, 20:08:32,168
SOMO00001,REminiscence,5163,08/14/2020, 21:07:08,168
SOMO00001,REminiscence,5163,08/14/2020, 22:07:46,168
SOMO00001,REminiscence,5163,08/14/2020, 23:07:14,168
SOMO00001,REminiscence,5163,08/15/2020, 00:20:04,168
SOMO00001,REminiscence,5163,08/15/2020, 01:08:01,168
SOMO00001,REminiscence,5163,08/15/2020, 02:08:07,168
SOMO00001,REminiscence,5163,08/15/2020, 03:07:55,168
SOMO00001,REminiscence,5163,08/15/2020, 04:07:54,168
SOMO00001,REminiscence,5163,08/15/2020, 05:07:04,168
SOMO00001,REminiscence,5163,08/15/2020, 06:08:34,168
SOMO00001,REminiscence,5163,08/15/2020, 07:07:29,168
SOMO00001,REminiscence,5163,08/15/2020, 08:08:07,168
SOMO00001,REminiscence,5163,08/15/2020, 09:07:32,168
SOMO00001,REminiscence,5163,08/15/2020, 10:07:40,168
SOMO00001,REminiscence,5163,08/15/2020, 11:07:22,168
SOMO00001,REminiscence,5163,08/15/2020, 12:09:16,168
SOMO00001,REminiscence,5163,08/15/2020, 13:06:50,168
SOMO00001,REminiscence,5164,08/15/2020, 14:07:55,168
SOMO00001,REminiscence,5164,08/15/2020, 15:07:39,168
SOMO00001,REminiscence,5164,08/15/2020, 16:08:01,168
SOMO00001,REminiscence,5165,08/15/2020, 17:07:13,168
SOMO00001,REminiscence,5165,08/15/2020, 18:08:02,168
SOMO00001,REminiscence,5166,08/15/2020, 19:07:07,168
SOMO00001,REminiscence,5166,08/15/2020, 20:08:36,168
SOMO00001,REminiscence,5166,08/15/2020, 21:07:25,168
SOMO00001,REminiscence,5166,08/15/2020, 22:07:17,168
SOMO00001,REminiscence,5166,08/15/2020, 23:07:17,168
SOMO00001,REminiscence,5166,08/16/2020, 00:21:11,168
SOMO00001,REminiscence,5166,08/16/2020, 01:07:46,168
SOMO00001,REminiscence,5166,08/16/2020, 02:08:20,168
SOMO00001,REminiscence,5166,08/16/2020, 03:07:28,168
SOMO00001,REminiscence,5166,08/16/2020, 04:07:59,168
SOMO00001,REminiscence,5166,08/16/2020, 05:06:55,168
SOMO00001,REminiscence,5166,08/16/2020, 06:08:31,168
SOMO00001,REminiscence,5166,08/16/2020, 07:07:39,168
SOMO00001,REminiscence,5166,08/16/2020, 08:08:18,168
SOMO00001,REminiscence,5166,08/16/2020, 09:07:42,168
SOMO00001,REminiscence,5166,08/16/2020, 10:07:32,168
SOMO00001,REminiscence,5167,08/16/2020, 11:06:47,168
SOMO00001,REminiscence,5167,08/16/2020, 12:09:23,168
SOMO00001,REminiscence,5167,08/16/2020, 13:06:56,168
SOMO00001,REminiscence,5167,08/16/2020, 14:08:10,168
SOMO00001,REminiscence,5167,08/16/2020, 15:07:36,168
SOMO00001,REminiscence,5167,08/16/2020, 16:08:19,168
SOMO00001,REminiscence,5167,08/16/2020, 17:07:10,168
SOMO00001,REminiscence,5167,08/16/2020, 18:08:22,168
SOMO00001,REminiscence,5168,08/16/2020, 19:07:28,168
SOMO00001,REminiscence,5169,08/16/2020, 20:08:28,168
SOMO00001,REminiscence,5169,08/16/2020, 21:07:23,168
SOMO00001,REminiscence,5170,08/16/2020, 22:07:23,168
SOMO00001,REminiscence,5170,08/16/2020, 23:07:27,168
SOMO00001,REminiscence,5170,08/17/2020, 00:20:44,168
SOMO00001,REminiscence,5171,08/17/2020, 01:07:51,168
SOMO00001,REminiscence,5171,08/17/2020, 02:08:29,168
SOMO00001,REminiscence,5171,08/17/2020, 03:07:44,168
SOMO00001,REminiscence,5171,08/17/2020, 04:08:11,168
SOMO00001,REminiscence,5171,08/17/2020, 05:07:24,168
SOMO00001,REminiscence,5171,08/17/2020, 06:08:25,168
SOMO00001,REminiscence,5171,08/17/2020, 07:07:55,168
SOMO00001,REminiscence,5171,08/17/2020, 08:08:22,168
SOMO00001,REminiscence,5171,08/17/2020, 09:07:47,168
SOMO00001,REminiscence,5171,08/17/2020, 10:07:44,168
SOMO00001,REminiscence,5171,08/17/2020, 11:06:51,168
SOMO00001,REminiscence,5171,08/17/2020, 12:10:02,168
SOMO00001,REminiscence,5171,08/17/2020, 13:07:23,168
SOMO00001,REminiscence,5171,08/17/2020, 14:08:11,168
SOMO00001,REminiscence,5171,08/17/2020, 15:07:45,168
SOMO00001,REminiscence,5172,08/17/2020, 16:09:25,168
SOMO00001,REminiscence,5173,08/17/2020, 17:07:18,168
SOMO00001,REminiscence,5173,08/17/2020, 18:08:17,168
SOMO00001,REminiscence,5173,08/17/2020, 19:22:05,168
SOMO00001,REminiscence,5173,08/17/2020, 20:08:36,168
SOMO00001,REminiscence,5173,08/17/2020, 21:07:28,168
SOMO00001,REminiscence,5173,08/17/2020, 22:07:34,168
SOMO00001,REminiscence,5173,08/17/2020, 23:07:14,168
SOMO00001,REminiscence,5173,08/18/2020, 00:20:31,168
SOMO00001,REminiscence,5173,08/18/2020, 01:08:18,168
SOMO00001,REminiscence,5173,08/18/2020, 02:08:33,168
SOMO00001,REminiscence,5173,08/18/2020, 03:08:04,168
SOMO00001,REminiscence,5173,08/18/2020, 04:08:16,168
SOMO00001,REminiscence,5173,08/18/2020, 05:07:36,168
SOMO00001,REminiscence,5173,08/18/2020, 06:11:58,168
SOMO00001,REminiscence,5173,08/18/2020, 07:07:39,168
SOMO00001,REminiscence,5173,08/18/2020, 08:08:46,168
SOMO00001,REminiscence,5173,08/18/2020, 09:08:03,168
SOMO00001,REminiscence,5173,08/18/2020, 10:07:40,168
SOMO00001,REminiscence,5173,08/18/2020, 11:07:18,168
SOMO00001,REminiscence,5173,08/18/2020, 12:10:51,168
SOMO00001,REminiscence,5173,08/18/2020, 13:07:28,168
SOMO00001,REminiscence,5173,08/18/2020, 14:07:58,168
SOMO00001,REminiscence,5173,08/18/2020, 16:08:00,168
SOMO00001,REminiscence,5173,08/18/2020, 17:07:15,168
SOMO00001,REminiscence,5173,08/18/2020, 18:07:52,168
SOMO00001,REminiscence,5174,08/18/2020, 19:07:13,168
SOMO00001,REminiscence,5174,08/18/2020, 20:08:39,168
SOMO00001,REminiscence,5174,08/18/2020, 21:07:35,168
SOMO00001,REminiscence,5174,08/18/2020, 22:07:16,168
SOMO00001,REminiscence,5174,08/18/2020, 23:06:55,168
SOMO00001,REminiscence,5174,08/19/2020, 00:20:39,168
SOMO00001,REminiscence,5174,08/19/2020, 01:08:12,168
SOMO00001,REminiscence,5174,08/19/2020, 02:08:18,168
SOMO00001,REminiscence,5174,08/19/2020, 03:07:47,168
SOMO00001,REminiscence,5174,08/19/2020, 04:08:38,168
SOMO00001,REminiscence,5174,08/19/2020, 05:07:25,168
SOMO00001,REminiscence,5175,08/19/2020, 06:08:30,168
SOMO00001,REminiscence,5175,08/19/2020, 07:07:52,168
SOMO00001,REminiscence,5176,08/19/2020, 08:12:06,168
SOMO00001,REminiscence,5177,08/19/2020, 09:07:48,168
SOMO00001,REminiscence,5177,08/19/2020, 10:07:32,168
SOMO00001,REminiscence,5177,08/19/2020, 11:07:58,168
SOMO00001,REminiscence,5177,08/19/2020, 12:11:47,168
SOMO00001,REminiscence,5177,08/19/2020, 13:07:26,168
SOMO00001,REminiscence,5177,08/19/2020, 14:08:23,168
SOMO00001,REminiscence,5177,08/19/2020, 15:07:47,168
SOMO00001,REminiscence,5177,08/19/2020, 16:08:15,168
SOMO00001,REminiscence,5177,08/19/2020, 17:07:22,168
SOMO00001,REminiscence,5177,08/19/2020, 18:07:58,168
SOMO00001,REminiscence,5177,08/19/2020, 19:06:06,168
SOMO00001,REminiscence,5177,08/19/2020, 20:08:30,168
SOMO00001,REminiscence,5177,08/19/2020, 21:07:40,168
SOMO00001,REminiscence,5177,08/19/2020, 22:07:32,168
SOMO00001,REminiscence,5177,08/19/2020, 23:07:29,168
SOMO00001,REminiscence,5177,08/20/2020, 00:20:41,168
SOMO00001,REminiscence,5177,08/20/2020, 01:08:15,168
SOMO00001,REminiscence,5177,08/20/2020, 02:08:54,168
SOMO00001,REminiscence,5177,08/20/2020, 03:07:28,168
SOMO00001,REminiscence,5177,08/20/2020, 04:08:19,168
SOMO00001,REminiscence,5177,08/20/2020, 05:07:33,168
SOMO00001,REminiscence,5177,08/20/2020, 06:09:24,168
SOMO00001,REminiscence,5177,08/20/2020, 07:07:45,168
SOMO00001,REminiscence,5177,08/20/2020, 08:08:24,168
SOMO00001,REminiscence,5179,08/20/2020, 09:07:47,168
SOMO00001,REminiscence,5179,08/20/2020, 10:07:42,168
SOMO00001,REminiscence,5179,08/20/2020, 11:07:14,168
SOMO00001,REminiscence,5179,08/20/2020, 12:10:37,168
SOMO00001,REminiscence,5179,08/20/2020, 13:07:32,168
SOMO00001,REminiscence,5180,08/20/2020, 14:08:32,168
SOMO00001,REminiscence,5180,08/20/2020, 15:07:49,168
SOMO00001,REminiscence,5180,08/20/2020, 16:07:56,168
SOMO00001,REminiscence,5180,08/20/2020, 17:07:44,168
SOMO00001,REminiscence,5180,08/20/2020, 18:08:23,168
SOMO00001,REminiscence,5180,08/20/2020, 19:07:41,168
SOMO00001,REminiscence,5180,08/20/2020, 20:08:21,168
SOMO00001,REminiscence,5180,08/20/2020, 21:12:33,168
SOMO00001,REminiscence,5180,08/20/2020, 22:07:38,168
SOMO00001,REminiscence,5180,08/20/2020, 23:06:48,168
SOMO00001,REminiscence,5180,08/21/2020, 00:21:02,168
SOMO00001,REminiscence,5180,08/21/2020, 01:07:45,168
SOMO00001,REminiscence,5180,08/21/2020, 02:08:25,168
SOMO00001,REminiscence,5180,08/21/2020, 03:07:55,168
SOMO00001,REminiscence,5180,08/21/2020, 04:08:32,168
SOMO00001,REminiscence,5180,08/21/2020, 05:12:35,168
SOMO00001,REminiscence,5180,08/21/2020, 06:12:31,168
SOMO00001,REminiscence,5180,08/21/2020, 07:07:57,168
SOMO00001,REminiscence,5180,08/21/2020, 08:09:41,168
SOMO00001,REminiscence,5180,08/21/2020, 09:07:30,168
SOMO00001,REminiscence,5180,08/21/2020, 10:07:37,168
SOMO00001,REminiscence,5180,08/21/2020, 11:07:11,168
SOMO00001,REminiscence,5180,08/21/2020, 12:12:22,168
SOMO00001,REminiscence,5180,08/21/2020, 13:07:42,168
SOMO00001,REminiscence,5180,08/21/2020, 14:08:16,168
SOMO00001,REminiscence,5180,08/21/2020, 15:07:48,168
SOMO00001,REminiscence,5180,08/21/2020, 16:08:00,168
SOMO00001,REminiscence,5180,08/21/2020, 17:07:30,168
SOMO00001,REminiscence,5180,08/21/2020, 18:08:22,168
SOMO00001,REminiscence,5180,08/21/2020, 19:07:20,168
SOMO00001,REminiscence,5180,08/21/2020, 20:08:31,168
SOMO00001,REminiscence,5180,08/21/2020, 21:07:23,168
SOMO00001,REminiscence,5180,08/21/2020, 22:07:47,168
SOMO00001,REminiscence,5180,08/21/2020, 23:07:20,168
SOMO00001,REminiscence,5181,08/22/2020, 00:22:37,168
SOMO00001,REminiscence,5181,08/22/2020, 01:07:40,168
SOMO00001,REminiscence,5181,08/22/2020, 02:08:15,168
SOMO00001,REminiscence,5181,08/22/2020, 03:11:49,168
SOMO00001,REminiscence,5181,08/22/2020, 04:11:43,168
SOMO00001,REminiscence,5181,08/22/2020, 05:07:32,168
SOMO00001,REminiscence,5181,08/22/2020, 06:08:31,168
SOMO00001,REminiscence,5181,08/22/2020, 07:08:39,168
SOMO00001,REminiscence,5181,08/22/2020, 08:08:22,168
SOMO00001,REminiscence,5181,08/22/2020, 09:07:41,168
SOMO00001,REminiscence,5181,08/22/2020, 10:08:04,168
SOMO00001,REminiscence,5181,08/22/2020, 11:06:56,168
SOMO00001,REminiscence,5181,08/22/2020, 12:10:03,168
SOMO00001,REminiscence,5181,08/22/2020, 13:11:30,168
SOMO00001,REminiscence,5181,08/22/2020, 14:08:43,168
SOMO00001,REminiscence,5181,08/22/2020, 15:07:44,168
SOMO00001,REminiscence,5181,08/22/2020, 16:09:42,168
SOMO00001,REminiscence,5181,08/22/2020, 17:07:17,168
SOMO00001,REminiscence,5182,08/22/2020, 18:09:29,168
SOMO00001,REminiscence,5182,08/22/2020, 19:07:26,168
SOMO00001,REminiscence,5182,08/22/2020, 20:12:16,168
SOMO00001,REminiscence,5182,08/22/2020, 21:07:52,168
SOMO00001,REminiscence,5182,08/22/2020, 22:07:23,168
SOMO00001,REminiscence,5182,08/22/2020, 23:07:17,168
SOMO00001,REminiscence,5182,08/23/2020, 00:22:01,168
SOMO00001,REminiscence,5182,08/23/2020, 01:08:03,168
SOMO00001,REminiscence,5182,08/23/2020, 02:11:52,168
SOMO00001,REminiscence,5182,08/23/2020, 03:08:43,168
SOMO00001,REminiscence,5182,08/23/2020, 04:11:38,168
SOMO00001,REminiscence,5182,08/23/2020, 05:07:34,168
SOMO00001,REminiscence,5183,08/23/2020, 06:09:09,168
SOMO00001,REminiscence,5183,08/23/2020, 07:08:50,168
SOMO00001,REminiscence,5183,08/23/2020, 08:08:39,168
SOMO00001,REminiscence,5183,08/23/2020, 09:09:41,168
SOMO00001,REminiscence,5183,08/23/2020, 10:09:07,168
SOMO00001,REminiscence,5183,08/23/2020, 11:12:16,168
SOMO00001,REminiscence,5183,08/23/2020, 12:12:13,168
SOMO00001,REminiscence,5183,08/23/2020, 13:07:40,168
SOMO00001,REminiscence,5184,08/23/2020, 14:08:11,168
SOMO00001,REminiscence,5184,08/23/2020, 15:07:37,168
SOMO00001,REminiscence,5184,08/23/2020, 16:08:08,168
SOMO00001,REminiscence,5184,08/23/2020, 17:07:36,168
SOMO00001,REminiscence,5184,08/23/2020, 18:08:30,168
SOMO00001,REminiscence,5184,08/23/2020, 19:07:58,168
SOMO00001,REminiscence,5185,08/23/2020, 20:11:41,168
SOMO00001,REminiscence,5185,08/23/2020, 21:07:22,168
SOMO00001,REminiscence,5185,08/23/2020, 22:08:42,168
SOMO00001,REminiscence,5185,08/23/2020, 23:07:23,168
SOMO00001,REminiscence,5185,08/24/2020, 00:21:37,168
SOMO00001,REminiscence,5185,08/24/2020, 01:07:57,168
SOMO00001,REminiscence,5185,08/24/2020, 02:09:32,168
SOMO00001,REminiscence,5185,08/24/2020, 03:08:01,168
SOMO00001,REminiscence,5185,08/24/2020, 04:08:58,168
SOMO00001,REminiscence,5185,08/24/2020, 05:12:40,168
SOMO00001,REminiscence,5185,08/24/2020, 06:08:54,168
SOMO00001,REminiscence,5185,08/24/2020, 07:08:00,168
SOMO00001,REminiscence,5185,08/24/2020, 08:08:43,168
SOMO00001,REminiscence,5185,08/24/2020, 09:07:49,168
SOMO00001,REminiscence,5186,08/24/2020, 10:07:57,168
SOMO00001,REminiscence,5186,08/24/2020, 11:07:09,168
SOMO00001,REminiscence,5186,08/24/2020, 12:10:17,168
SOMO00001,REminiscence,5186,08/24/2020, 13:07:35,168
SOMO00001,REminiscence,5186,08/24/2020, 14:08:33,168
SOMO00001,REminiscence,5186,08/24/2020, 15:07:57,168
SOMO00001,REminiscence,5186,08/24/2020, 16:08:07,168
SOMO00001,REminiscence,5187,08/24/2020, 17:07:34,168
SOMO00001,REminiscence,5187,08/24/2020, 18:08:29,168
SOMO00001,REminiscence,5188,08/24/2020, 19:07:42,168
SOMO00001,REminiscence,5188,08/24/2020, 20:08:26,168
SOMO00001,REminiscence,5188,08/24/2020, 21:07:32,168
SOMO00001,REminiscence,5188,08/24/2020, 22:07:36,168
SOMO00001,REminiscence,5188,08/24/2020, 23:07:28,168
SOMO00001,REminiscence,5188,08/25/2020, 00:21:25,168
SOMO00001,REminiscence,5188,08/25/2020, 01:07:59,168
SOMO00001,REminiscence,5188,08/25/2020, 02:08:34,168
SOMO00001,REminiscence,5188,08/25/2020, 03:07:42,168
SOMO00001,REminiscence,5188,08/25/2020, 04:08:31,168
SOMO00001,REminiscence,5188,08/25/2020, 05:08:01,168
SOMO00001,REminiscence,5188,08/25/2020, 06:08:40,168
SOMO00001,REminiscence,5188,08/25/2020, 07:08:12,168
SOMO00001,REminiscence,5188,08/25/2020, 08:08:59,168
SOMO00001,REminiscence,5189,08/25/2020, 09:08:05,168
SOMO00001,REminiscence,5189,08/25/2020, 10:07:49,168
SOMO00001,REminiscence,5189,08/25/2020, 11:07:30,168
SOMO00001,REminiscence,5190,08/25/2020, 12:10:24,168
SOMO00001,REminiscence,5190,08/25/2020, 13:07:27,168
SOMO00001,REminiscence,5191,08/25/2020, 14:08:37,168
SOMO00001,REminiscence,5191,08/25/2020, 15:08:00,168
SOMO00001,REminiscence,5192,08/25/2020, 16:08:15,168
SOMO00001,REminiscence,5192,08/25/2020, 17:07:35,168
SOMO00001,REminiscence,5192,08/25/2020, 18:08:25,168
SOMO00001,REminiscence,5192,08/25/2020, 19:07:17,168
SOMO00001,REminiscence,5192,08/25/2020, 20:08:24,168
SOMO00001,REminiscence,5192,08/25/2020, 21:07:36,168
SOMO00001,REminiscence,5192,08/25/2020, 22:07:37,168
SOMO00001,REminiscence,5192,08/25/2020, 23:07:18,168
SOMO00001,REminiscence,5192,08/26/2020, 00:21:18,168
SOMO00001,REminiscence,5192,08/26/2020, 01:07:53,168
SOMO00001,REminiscence,5192,08/26/2020, 02:08:52,168
SOMO00001,REminiscence,5192,08/26/2020, 03:08:05,168
SOMO00001,REminiscence,5192,08/26/2020, 04:08:46,168
SOMO00001,REminiscence,5192,08/26/2020, 05:09:43,168
SOMO00001,REminiscence,5192,08/26/2020, 06:08:56,168
SOMO00001,REminiscence,5192,08/26/2020, 07:08:11,168
SOMO00001,REminiscence,5192,08/26/2020, 08:08:31,168
SOMO00001,REminiscence,5192,08/26/2020, 09:07:58,168
SOMO00001,REminiscence,5192,08/26/2020, 10:07:48,168
SOMO00001,REminiscence,5192,08/26/2020, 11:07:22,168
SOMO00001,REminiscence,5192,08/26/2020, 12:10:21,168
SOMO00001,REminiscence,5192,08/26/2020, 13:07:24,168
SOMO00001,REminiscence,5192,08/26/2020, 14:08:41,168
SOMO00001,REminiscence,5192,08/26/2020, 15:07:58,168
SOMO00001,REminiscence,5192,08/26/2020, 16:08:21,168
SOMO00001,REminiscence,5192,08/26/2020, 17:07:32,168
SOMO00001,REminiscence,5192,08/26/2020, 18:08:35,168
SOMO00001,REminiscence,5192,08/26/2020, 19:07:31,168
SOMO00001,REminiscence,5192,08/26/2020, 20:08:46,168
SOMO00001,REminiscence,5192,08/26/2020, 21:07:38,168
SOMO00001,REminiscence,5192,08/26/2020, 22:07:40,168
SOMO00001,REminiscence,5192,08/26/2020, 23:07:23,168
SOMO00001,REminiscence,5192,08/27/2020, 00:21:36,168
SOMO00001,REminiscence,5192,08/27/2020, 01:08:16,168
SOMO00001,REminiscence,5192,08/27/2020, 02:08:53,168
SOMO00001,REminiscence,5192,08/27/2020, 03:08:02,168
SOMO00001,REminiscence,5192,08/27/2020, 04:08:36,168
SOMO00001,REminiscence,5192,08/27/2020, 05:12:11,168
SOMO00001,REminiscence,5192,08/27/2020, 06:08:48,168
SOMO00001,REminiscence,5192,08/27/2020, 07:07:59,168
SOMO00001,REminiscence,5192,08/27/2020, 08:09:09,168
SOMO00001,REminiscence,5193,08/27/2020, 09:08:12,168
SOMO00001,REminiscence,5193,08/27/2020, 10:08:11,168
SOMO00001,REminiscence,5193,08/27/2020, 11:07:19,168
SOMO00001,REminiscence,5193,08/27/2020, 12:10:31,168
SOMO00001,REminiscence,5193,08/27/2020, 13:07:24,168
SOMO00001,REminiscence,5193,08/27/2020, 14:08:39,168
SOMO00001,REminiscence,5193,08/27/2020, 15:07:55,168
SOMO00001,REminiscence,5193,08/27/2020, 16:08:41,168
SOMO00001,REminiscence,5193,08/27/2020, 17:07:59,168
SOMO00001,REminiscence,5193,08/27/2020, 18:08:42,168
SOMO00001,REminiscence,5193,08/27/2020, 19:07:44,168
SOMO00001,REminiscence,5194,08/27/2020, 20:08:30,168
SOMO00001,REminiscence,5194,08/27/2020, 21:07:48,168
SOMO00001,REminiscence,5194,08/27/2020, 22:07:18,168
SOMO00001,REminiscence,5194,08/27/2020, 23:07:51,168
SOMO00001,REminiscence,5194,08/28/2020, 00:24:02,168
SOMO00001,REminiscence,5194,08/28/2020, 01:11:46,168
SOMO00001,REminiscence,5194,08/28/2020, 02:09:30,168
SOMO00001,REminiscence,5194,08/28/2020, 03:08:31,168
SOMO00001,REminiscence,5194,08/28/2020, 04:08:45,168
SOMO00001,REminiscence,5194,08/28/2020, 05:08:34,168
SOMO00001,REminiscence,5195,08/28/2020, 06:09:23,168
SOMO00001,REminiscence,5195,08/28/2020, 07:08:39,168
SOMO00001,REminiscence,5195,08/28/2020, 08:09:47,168
SOMO00001,REminiscence,5195,08/28/2020, 09:08:26,168
SOMO00001,REminiscence,5195,08/28/2020, 10:08:18,168
SOMO00001,REminiscence,5195,08/28/2020, 11:07:56,168
SOMO00001,REminiscence,5195,08/28/2020, 12:12:22,168
SOMO00001,REminiscence,5195,08/28/2020, 13:08:09,168
SOMO00001,REminiscence,5195,08/28/2020, 14:09:14,168
SOMO00001,REminiscence,5195,08/28/2020, 15:08:18,168
SOMO00001,REminiscence,5195,08/28/2020, 16:08:56,168
SOMO00001,REminiscence,5196,08/28/2020, 17:07:48,168
SOMO00001,REminiscence,5198,08/28/2020, 18:09:03,168
SOMO00001,REminiscence,5198,08/28/2020, 19:07:59,168
SOMO00001,REminiscence,5199,08/28/2020, 20:09:17,168
SOMO00001,REminiscence,5200,08/28/2020, 21:08:16,168
SOMO00001,REminiscence,5200,08/28/2020, 22:08:04,168
SOMO00001,REminiscence,5200,08/28/2020, 23:04:09,168
SOMO00001,REminiscence,5201,08/29/2020, 00:15:40,168
SOMO00001,REminiscence,5201,08/29/2020, 01:05:31,168
SOMO00001,REminiscence,5202,08/29/2020, 02:04:18,168
SOMO00001,REminiscence,5202,08/29/2020, 03:09:03,168
SOMO00001,REminiscence,5202,08/29/2020, 04:05:08,168
SOMO00001,REminiscence,5202,08/29/2020, 05:10:50,168
SOMO00001,REminiscence,5202,08/29/2020, 06:06:51,168
SOMO00001,REminiscence,5202,08/29/2020, 07:06:54,168
SOMO00001,REminiscence,5202,08/29/2020, 08:13:28,168
SOMO00001,REminiscence,5204,08/29/2020, 09:07:11,168
SOMO00001,REminiscence,5204,08/29/2020, 10:05:21,168
SOMO00001,REminiscence,5204,08/29/2020, 11:10:03,168
SOMO00001,REminiscence,5204,08/29/2020, 12:07:16,168
SOMO00001,REminiscence,5204,08/29/2020, 13:10:49,168
SOMO00001,REminiscence,5204,08/29/2020, 14:09:59,168
SOMO00001,REminiscence,5204,08/29/2020, 15:07:27,168
SOMO00001,REminiscence,5204,08/29/2020, 16:05:21,168
SOMO00001,REminiscence,5204,08/29/2020, 17:06:40,168
SOMO00001,REminiscence,5204,08/29/2020, 18:07:14,168
SOMO00001,REminiscence,5204,08/29/2020, 19:10:29,168
SOMO00001,REminiscence,5204,08/29/2020, 20:07:22,168
SOMO00001,REminiscence,5204,08/29/2020, 21:08:34,168
SOMO00001,REminiscence,5205,08/29/2020, 22:07:21,168
SOMO00001,REminiscence,5205,08/29/2020, 23:04:45,168
SOMO00001,REminiscence,5205,08/30/2020, 00:16:32,168
SOMO00001,REminiscence,5205,08/30/2020, 01:04:46,168
SOMO00001,REminiscence,5205,08/30/2020, 02:07:28,168
SOMO00001,REminiscence,5205,08/30/2020, 03:06:20,168
SOMO00001,REminiscence,5205,08/30/2020, 04:05:40,168
SOMO00001,REminiscence,5205,08/30/2020, 05:12:05,168
SOMO00001,REminiscence,5205,08/30/2020, 06:10:00,168
SOMO00001,REminiscence,5205,08/30/2020, 07:11:31,168
SOMO00001,REminiscence,5205,08/30/2020, 08:12:27,168
SOMO00001,REminiscence,5205,08/30/2020, 09:07:34,168
SOMO00001,REminiscence,5205,08/30/2020, 10:07:15,168
SOMO00001,REminiscence,5205,08/30/2020, 11:12:03,168
SOMO00001,REminiscence,5205,08/30/2020, 12:11:14,168
SOMO00001,REminiscence,5205,08/30/2020, 13:05:26,168
SOMO00001,REminiscence,5205,08/30/2020, 14:04:36,168
SOMO00001,REminiscence,5205,08/30/2020, 15:12:26,168
SOMO00001,REminiscence,5205,08/30/2020, 16:05:39,168
SOMO00001,REminiscence,5205,08/30/2020, 17:07:15,168
SOMO00001,REminiscence,5205,08/30/2020, 18:13:00,168
SOMO00001,REminiscence,5205,08/30/2020, 19:11:19,168
SOMO00001,REminiscence,5205,08/30/2020, 20:07:35,168
SOMO00001,REminiscence,5205,08/30/2020, 21:07:25,168
SOMO00001,REminiscence,5205,08/30/2020, 22:09:44,168
SOMO00001,REminiscence,5205,08/30/2020, 23:05:54,168
SOMO00001,REminiscence,5205,08/31/2020, 00:16:34,168
SOMO00001,REminiscence,5205,08/31/2020, 01:04:20,168
SOMO00001,REminiscence,5205,08/31/2020, 02:10:54,168
SOMO00001,REminiscence,5206,08/31/2020, 03:04:10,168
SOMO00001,REminiscence,5206,08/31/2020, 04:13:09,168
SOMO00001,REminiscence,5206,08/31/2020, 05:10:29,168
SOMO00001,REminiscence,5206,08/31/2020, 06:06:45,168
SOMO00001,REminiscence,5206,08/31/2020, 07:04:10,168
SOMO00001,REminiscence,5206,08/31/2020, 08:04:32,168
SOMO00001,REminiscence,5206,08/31/2020, 09:04:08,168
SOMO00001,REminiscence,5206,08/31/2020, 10:04:03,168
SOMO00001,REminiscence,5206,08/31/2020, 11:03:49,168
SOMO00001,REminiscence,5206,08/31/2020, 12:12:02,168
SOMO00001,REminiscence,5206,08/31/2020, 14:04:18,168
SOMO00001,REminiscence,5206,08/31/2020, 15:04:01,168
SOMO00001,REminiscence,5206,08/31/2020, 16:04:23,168
SOMO00001,REminiscence,5206,08/31/2020, 17:08:27,168
SOMO00001,REminiscence,5206,08/31/2020, 18:09:18,168
SOMO00001,REminiscence,5207,08/31/2020, 19:08:08,168
SOMO00001,REminiscence,5207,08/31/2020, 20:09:22,168
SOMO00001,REminiscence,5208,08/31/2020, 21:08:20,168
SOMO00001,REminiscence,5208,08/31/2020, 22:08:28,168
SOMO00001,REminiscence,5208,08/31/2020, 23:08:01,168
SOMO00001,REminiscence,5208,09/01/2020, 00:24:01,168
SOMO00001,REminiscence,5208,09/01/2020, 01:13:51,168
SOMO00001,REminiscence,5208,09/01/2020, 02:09:33,168
SOMO00001,REminiscence,5208,09/01/2020, 03:08:40,168
SOMO00001,REminiscence,5208,09/01/2020, 04:08:53,168
SOMO00001,REminiscence,5208,09/01/2020, 05:08:29,168
SOMO00001,REminiscence,5208,09/01/2020, 06:09:37,168
SOMO00001,REminiscence,5208,09/01/2020, 07:08:38,168
SOMO00001,REminiscence,5208,09/01/2020, 08:09:38,168
SOMO00001,REminiscence,5208,09/01/2020, 09:10:04,168
SOMO00001,REminiscence,5208,09/01/2020, 10:08:42,168
SOMO00001,REminiscence,5208,09/01/2020, 11:07:51,168
SOMO00001,REminiscence,5208,09/01/2020, 12:10:56,168
SOMO00001,REminiscence,5208,09/01/2020, 13:08:12,168
SOMO00001,REminiscence,5208,09/01/2020, 14:11:18,168
SOMO00001,REminiscence,5208,09/01/2020, 15:09:03,168
SOMO00001,REminiscence,5208,09/01/2020, 16:08:59,168
SOMO00001,REminiscence,5208,09/01/2020, 17:08:19,168
SOMO00001,REminiscence,5208,09/01/2020, 18:09:18,168
SOMO00001,REminiscence,5208,09/01/2020, 19:08:13,168
SOMO00001,REminiscence,5208,09/01/2020, 20:09:20,168
SOMO00001,REminiscence,5208,09/01/2020, 21:08:27,168
SOMO00001,REminiscence,5208,09/01/2020, 22:08:40,168
SOMO00001,REminiscence,5208,09/01/2020, 23:07:52,168
SOMO00001,REminiscence,5209,09/02/2020, 00:23:14,168
SOMO00001,REminiscence,5209,09/02/2020, 01:07:26,168
SOMO00001,REminiscence,5209,09/02/2020, 02:09:14,168
SOMO00001,REminiscence,5209,09/02/2020, 03:09:31,168
SOMO00001,REminiscence,5209,09/02/2020, 04:09:12,168
SOMO00001,REminiscence,5209,09/02/2020, 05:08:14,168
SOMO00001,REminiscence,5209,09/02/2020, 06:09:20,168
SOMO00001,REminiscence,5209,09/02/2020, 07:08:40,168
SOMO00001,REminiscence,5209,09/02/2020, 08:09:24,168
SOMO00001,REminiscence,5209,09/02/2020, 09:09:54,168
SOMO00001,REminiscence,5209,09/02/2020, 10:08:33,168
SOMO00001,REminiscence,5209,09/02/2020, 11:07:51,168
SOMO00001,REminiscence,5209,09/02/2020, 12:11:12,168
SOMO00001,REminiscence,5209,09/02/2020, 13:08:14,168
SOMO00001,REminiscence,5209,09/02/2020, 14:09:27,168
SOMO00001,REminiscence,5209,09/02/2020, 15:10:30,168
SOMO00001,REminiscence,5209,09/02/2020, 16:09:12,168
SOMO00001,REminiscence,5210,09/02/2020, 17:08:21,168
SOMO00001,REminiscence,5210,09/02/2020, 18:09:01,168
SOMO00001,REminiscence,5210,09/02/2020, 19:08:01,168
SOMO00001,REminiscence,5210,09/02/2020, 20:09:15,168
SOMO00001,REminiscence,5210,09/02/2020, 21:08:26,168
SOMO00001,REminiscence,5210,09/02/2020, 22:08:11,168
SOMO00001,REminiscence,5210,09/02/2020, 23:07:52,168
SOMO00001,REminiscence,5210,09/03/2020, 00:23:21,168
SOMO00001,REminiscence,5210,09/03/2020, 01:11:59,168
SOMO00001,REminiscence,5210,09/03/2020, 02:09:34,168
SOMO00001,REminiscence,5210,09/03/2020, 03:08:19,168
SOMO00001,REminiscence,5211,09/03/2020, 04:09:05,168
SOMO00001,REminiscence,5211,09/03/2020, 05:09:25,168
SOMO00001,REminiscence,5211,09/03/2020, 06:09:40,168
SOMO00001,REminiscence,5211,09/03/2020, 07:08:46,168
SOMO00001,REminiscence,5211,09/03/2020, 08:09:37,168
SOMO00001,REminiscence,5211,09/03/2020, 09:08:39,168
SOMO00001,REminiscence,5211,09/03/2020, 10:08:53,168
SOMO00001,REminiscence,5211,09/03/2020, 11:08:05,168
SOMO00001,REminiscence,5211,09/03/2020, 12:11:18,168
SOMO00001,REminiscence,5211,09/03/2020, 13:08:14,168
SOMO00001,REminiscence,5211,09/03/2020, 14:09:30,168
SOMO00001,REminiscence,5211,09/03/2020, 15:08:45,168
SOMO00001,REminiscence,5211,09/03/2020, 16:09:20,168
SOMO00001,REminiscence,5211,09/03/2020, 17:08:26,168
SOMO00001,REminiscence,5211,09/03/2020, 18:09:10,168
SOMO00001,REminiscence,5212,09/03/2020, 19:06:53,168
SOMO00001,REminiscence,5212,09/03/2020, 20:09:40,168
SOMO00001,REminiscence,5212,09/03/2020, 21:08:34,168
SOMO00001,REminiscence,5212,09/03/2020, 22:08:31,168
SOMO00001,REminiscence,5212,09/03/2020, 23:08:03,168
SOMO00001,REminiscence,5212,09/04/2020, 00:24:05,168
SOMO00001,REminiscence,5212,09/04/2020, 01:12:24,168
SOMO00001,REminiscence,5212,09/04/2020, 02:09:36,168
SOMO00001,REminiscence,5212,09/04/2020, 03:08:22,168
SOMO00001,REminiscence,5212,09/04/2020, 04:09:13,168
SOMO00001,REminiscence,5212,09/04/2020, 05:08:15,168
SOMO00001,REminiscence,5212,09/04/2020, 06:09:46,168
SOMO00001,REminiscence,5212,09/04/2020, 07:08:33,168
SOMO00001,REminiscence,5212,09/04/2020, 08:09:36,168
SOMO00001,REminiscence,5212,09/04/2020, 09:08:37,168
SOMO00001,REminiscence,5212,09/04/2020, 10:08:47,168
SOMO00001,REminiscence,5212,09/04/2020, 11:08:04,168
SOMO00001,REminiscence,5212,09/04/2020, 12:14:45,168
SOMO00001,REminiscence,5212,09/04/2020, 13:08:41,168
SOMO00001,REminiscence,5212,09/04/2020, 14:09:28,168
SOMO00001,REminiscence,5212,09/04/2020, 15:08:43,168
SOMO00001,REminiscence,5212,09/04/2020, 16:09:08,168
SOMO00001,REminiscence,5213,09/04/2020, 17:08:23,168
SOMO00001,REminiscence,5213,09/04/2020, 18:09:16,168
SOMO00001,REminiscence,5213,09/04/2020, 19:08:06,168
SOMO00001,REminiscence,5214,09/04/2020, 20:09:23,168
SOMO00001,REminiscence,5214,09/04/2020, 21:08:13,168
SOMO00001,REminiscence,5214,09/04/2020, 22:08:30,168
SOMO00001,REminiscence,5214,09/04/2020, 23:08:04,168
SOMO00001,REminiscence,5214,09/05/2020, 00:39:53,168
SOMO00001,REminiscence,5215,09/05/2020, 02:07:32,168
SOMO00001,REminiscence,5215,09/05/2020, 03:20:31,168
SOMO00001,REminiscence,5215,09/05/2020, 04:17:15,168
SOMO00001,REminiscence,5215,09/05/2020, 05:15:15,168
SOMO00001,REminiscence,5215,09/05/2020, 06:17:41,168
SOMO00001,REminiscence,5215,09/05/2020, 07:18:05,168
SOMO00001,REminiscence,5215,09/05/2020, 08:16:29,168
SOMO00001,REminiscence,5215,09/05/2020, 09:15:48,168
SOMO00001,REminiscence,5215,09/05/2020, 10:15:55,168
SOMO00001,REminiscence,5215,09/05/2020, 11:14:33,168
SOMO00001,REminiscence,5215,09/05/2020, 12:20:32,168
SOMO00001,REminiscence,5215,09/05/2020, 13:20:53,168
SOMO00001,REminiscence,5215,09/05/2020, 14:16:44,168
SOMO00001,REminiscence,5215,09/05/2020, 15:15:33,168
SOMO00001,REminiscence,5216,09/05/2020, 16:10:04,168
SOMO00001,REminiscence,5216,09/05/2020, 17:08:15,168
SOMO00001,REminiscence,5216,09/05/2020, 18:09:25,168
SOMO00001,REminiscence,5216,09/05/2020, 19:08:01,168
SOMO00001,REminiscence,5216,09/05/2020, 20:09:33,168
SOMO00001,REminiscence,5216,09/05/2020, 21:08:16,168
SOMO00001,REminiscence,5216,09/05/2020, 22:08:10,168
SOMO00001,REminiscence,5216,09/05/2020, 23:08:43,168
SOMO00001,REminiscence,5216,09/06/2020, 00:25:09,168
SOMO00001,REminiscence,5216,09/06/2020, 01:13:50,168
SOMO00001,REminiscence,5216,09/06/2020, 02:09:28,168
SOMO00001,REminiscence,5216,09/06/2020, 03:08:57,168
SOMO00001,REminiscence,5216,09/06/2020, 04:09:11,168
SOMO00001,REminiscence,5216,09/06/2020, 05:08:13,168
SOMO00001,REminiscence,5216,09/06/2020, 06:10:52,168
SOMO00001,REminiscence,5216,09/06/2020, 07:08:28,168
SOMO00001,REminiscence,5216,09/06/2020, 08:09:01,168
SOMO00001,REminiscence,5216,09/06/2020, 09:08:32,168
SOMO00001,REminiscence,5216,09/06/2020, 10:08:37,168
SOMO00001,REminiscence,5216,09/06/2020, 11:08:16,168
SOMO00001,REminiscence,5216,09/06/2020, 12:11:02,168
SOMO00001,REminiscence,5217,09/06/2020, 13:08:10,168
SOMO00001,REminiscence,5217,09/06/2020, 14:09:10,168
SOMO00001,REminiscence,5217,09/06/2020, 15:08:21,168
SOMO00001,REminiscence,5217,09/06/2020, 16:09:04,168
SOMO00001,REminiscence,5217,09/06/2020, 17:09:38,168
SOMO00001,REminiscence,5217,09/06/2020, 18:09:46,168
SOMO00001,REminiscence,5217,09/06/2020, 19:08:18,168
SOMO00001,REminiscence,5217,09/06/2020, 20:09:26,168
SOMO00001,REminiscence,5218,09/06/2020, 21:08:32,168
SOMO00001,REminiscence,5219,09/06/2020, 22:08:32,168
SOMO00001,REminiscence,5219,09/06/2020, 23:08:09,168
SOMO00001,REminiscence,5219,09/07/2020, 00:24:37,168
SOMO00001,REminiscence,5219,09/07/2020, 01:13:45,168
SOMO00001,REminiscence,5219,09/07/2020, 02:10:04,168
SOMO00001,REminiscence,5219,09/07/2020, 03:08:44,168
SOMO00001,REminiscence,5219,09/07/2020, 04:09:29,168
SOMO00001,REminiscence,5219,09/07/2020, 05:08:18,168
SOMO00001,REminiscence,5219,09/07/2020, 06:11:10,168
SOMO00001,REminiscence,5219,09/07/2020, 07:09:44,168
SOMO00001,REminiscence,5219,09/07/2020, 08:09:36,168
SOMO00001,REminiscence,5219,09/07/2020, 09:08:55,168
SOMO00001,REminiscence,5219,09/07/2020, 10:08:57,168
SOMO00001,REminiscence,5219,09/07/2020, 11:08:26,168
SOMO00001,REminiscence,5219,09/07/2020, 12:11:22,168
SOMO00001,REminiscence,5219,09/07/2020, 13:08:28,168
SOMO00001,REminiscence,5219,09/07/2020, 14:09:16,168
SOMO00001,REminiscence,5219,09/07/2020, 15:08:55,168
SOMO00001,REminiscence,5219,09/07/2020, 16:09:12,168
SOMO00001,REminiscence,5219,09/07/2020, 17:08:14,168
SOMO00001,REminiscence,5219,09/07/2020, 18:09:21,168
SOMO00001,REminiscence,5219,09/07/2020, 19:08:06,168
SOMO00001,REminiscence,5219,09/07/2020, 20:09:19,168
SOMO00001,REminiscence,5219,09/07/2020, 21:08:27,168
SOMO00001,REminiscence,5219,09/07/2020, 22:08:33,168
SOMO00001,REminiscence,5219,09/07/2020, 23:08:14,168
SOMO00001,REminiscence,5219,09/08/2020, 00:24:17,168
SOMO00001,REminiscence,5219,09/08/2020, 01:13:24,168
SOMO00001,REminiscence,5219,09/08/2020, 02:09:47,168
SOMO00001,REminiscence,5219,09/08/2020, 03:08:55,168
SOMO00001,REminiscence,5219,09/08/2020, 04:09:34,168
SOMO00001,REminiscence,5219,09/08/2020, 05:08:19,168
SOMO00001,REminiscence,5219,09/08/2020, 06:09:33,168
SOMO00001,REminiscence,5220,09/08/2020, 07:08:45,168
SOMO00001,REminiscence,5220,09/08/2020, 08:10:01,168
SOMO00001,REminiscence,5220,09/08/2020, 09:08:51,168
SOMO00001,REminiscence,5220,09/08/2020, 10:09:05,168
SOMO00001,REminiscence,5220,09/08/2020, 12:11:21,168
SOMO00001,REminiscence,5220,09/08/2020, 13:08:41,168
SOMO00001,REminiscence,5220,09/08/2020, 14:09:53,168
SOMO00001,REminiscence,5220,09/08/2020, 15:09:13,168
SOMO00001,REminiscence,5220,09/08/2020, 16:09:24,168
SOMO00001,REminiscence,5220,09/08/2020, 17:08:19,168
SOMO00001,REminiscence,5220,09/08/2020, 18:09:19,168
SOMO00001,REminiscence,5220,09/08/2020, 19:08:32,168
SOMO00001,REminiscence,5220,09/08/2020, 20:09:43,168
SOMO00001,REminiscence,5220,09/08/2020, 21:08:34,168
SOMO00001,REminiscence,5220,09/08/2020, 22:08:53,168
SOMO00001,REminiscence,5221,09/08/2020, 23:08:22,168
SOMO00001,REminiscence,5221,09/09/2020, 00:24:13,168
SOMO00001,REminiscence,5221,09/09/2020, 01:13:39,168
SOMO00001,REminiscence,5221,09/09/2020, 02:09:58,168
SOMO00001,REminiscence,5221,09/09/2020, 03:09:10,168
SOMO00001,REminiscence,5222,09/09/2020, 04:09:22,168
SOMO00001,REminiscence,5222,09/09/2020, 05:08:40,168
SOMO00001,REminiscence,5222,09/09/2020, 06:09:53,168
SOMO00001,REminiscence,5222,09/09/2020, 07:08:58,168
SOMO00001,REminiscence,5222,09/09/2020, 08:09:31,168
SOMO00001,REminiscence,5222,09/09/2020, 09:08:59,168
SOMO00001,REminiscence,5222,09/09/2020, 10:08:56,168
SOMO00001,REminiscence,5222,09/09/2020, 11:08:33,168
SOMO00001,REminiscence,5222,09/09/2020, 12:11:32,168
SOMO00001,REminiscence,5222,09/09/2020, 13:08:43,168
SOMO00001,REminiscence,5222,09/09/2020, 14:09:46,168
SOMO00001,REminiscence,5222,09/09/2020, 15:08:55,168
SOMO00001,REminiscence,5222,09/09/2020, 16:09:29,168
SOMO00001,REminiscence,5222,09/09/2020, 17:08:36,168
SOMO00001,REminiscence,5223,09/09/2020, 18:09:36,168
SOMO00001,REminiscence,5223,09/09/2020, 19:08:16,168
SOMO00001,REminiscence,5223,09/09/2020, 20:09:14,168
SOMO00001,REminiscence,5224,09/09/2020, 21:08:26,168
SOMO00001,REminiscence,5225,09/09/2020, 22:08:36,168
SOMO00001,REminiscence,5225,09/09/2020, 23:08:12,168
SOMO00001,REminiscence,5226,09/10/2020, 00:23:44,168
SOMO00001,REminiscence,5226,09/10/2020, 01:11:24,168
SOMO00001,REminiscence,5226,09/10/2020, 02:12:50,168
SOMO00001,REminiscence,5226,09/10/2020, 03:08:45,168
SOMO00001,REminiscence,5226,09/10/2020, 04:09:22,168
SOMO00001,REminiscence,5226,09/10/2020, 05:08:55,168
SOMO00001,REminiscence,5226,09/10/2020, 06:09:37,168
SOMO00001,REminiscence,5226,09/10/2020, 07:08:49,168
SOMO00001,REminiscence,5227,09/10/2020, 08:09:15,168
SOMO00001,REminiscence,5227,09/10/2020, 09:08:50,168
SOMO00001,REminiscence,5227,09/10/2020, 10:08:46,168
SOMO00001,REminiscence,5227,09/10/2020, 11:08:02,168
SOMO00001,REminiscence,5227,09/10/2020, 12:11:29,168
SOMO00001,REminiscence,5228,09/10/2020, 13:08:26,168
SOMO00001,REminiscence,5229,09/10/2020, 14:09:32,168
SOMO00001,REminiscence,5229,09/10/2020, 15:09:02,168
SOMO00001,REminiscence,5229,09/10/2020, 16:13:24,168
SOMO00001,REminiscence,5229,09/10/2020, 17:08:41,168
SOMO00001,REminiscence,5229,09/10/2020, 18:09:21,168
SOMO00001,REminiscence,5229,09/10/2020, 19:08:11,168
SOMO00001,REminiscence,5229,09/10/2020, 20:09:28,168
SOMO00001,REminiscence,5229,09/10/2020, 21:08:38,168
SOMO00001,REminiscence,5229,09/10/2020, 22:08:46,168
SOMO00001,REminiscence,5229,09/10/2020, 23:08:00,168
SOMO00001,REminiscence,5229,09/11/2020, 00:24:08,168
SOMO00001,REminiscence,5229,09/11/2020, 01:11:46,168
SOMO00001,REminiscence,5229,09/11/2020, 02:09:38,168
SOMO00001,REminiscence,5229,09/11/2020, 03:08:43,168
SOMO00001,REminiscence,5229,09/11/2020, 04:09:17,168
SOMO00001,REminiscence,5229,09/11/2020, 05:08:26,168
SOMO00001,REminiscence,5229,09/11/2020, 06:09:57,168
SOMO00001,REminiscence,5229,09/11/2020, 07:08:37,168
SOMO00001,REminiscence,5229,09/11/2020, 08:09:50,168
SOMO00001,REminiscence,5229,09/11/2020, 09:08:43,168
SOMO00001,REminiscence,5229,09/11/2020, 10:09:01,168
SOMO00001,REminiscence,5229,09/11/2020, 11:07:57,168
SOMO00001,REminiscence,5229,09/11/2020, 12:17:31,168
SOMO00001,REminiscence,5229,09/11/2020, 13:08:18,168
SOMO00001,REminiscence,5229,09/11/2020, 14:09:20,168
SOMO00001,REminiscence,5229,09/11/2020, 15:08:49,168
SOMO00001,REminiscence,5230,09/11/2020, 16:09:14,168
SOMO00001,REminiscence,5230,09/11/2020, 17:08:30,168
SOMO00001,REminiscence,5230,09/11/2020, 18:09:05,168
SOMO00001,REminiscence,5230,09/11/2020, 19:08:04,168
SOMO00001,REminiscence,5230,09/11/2020, 20:09:36,168
SOMO00001,REminiscence,5230,09/11/2020, 21:08:40,168
SOMO00001,REminiscence,5230,09/11/2020, 22:08:41,168
SOMO00001,REminiscence,5230,09/11/2020, 23:08:02,168
SOMO00001,REminiscence,5230,09/12/2020, 00:24:03,168
SOMO00001,REminiscence,5230,09/12/2020, 01:12:51,168
SOMO00001,REminiscence,5230,09/12/2020, 02:09:29,168
SOMO00001,REminiscence,5230,09/12/2020, 03:08:58,168
SOMO00001,REminiscence,5230,09/12/2020, 04:09:02,168
SOMO00001,REminiscence,5230,09/12/2020, 05:08:17,168
SOMO00001,REminiscence,5230,09/12/2020, 06:09:58,168
SOMO00001,REminiscence,5230,09/12/2020, 07:08:38,168
SOMO00001,REminiscence,5230,09/12/2020, 08:09:15,168
SOMO00001,REminiscence,5230,09/12/2020, 09:08:19,168
SOMO00001,REminiscence,5230,09/12/2020, 10:08:45,168
SOMO00001,REminiscence,5230,09/12/2020, 11:09:24,168
SOMO00001,REminiscence,5230,09/12/2020, 12:11:18,168
SOMO00001,REminiscence,5231,09/12/2020, 13:08:07,168
SOMO00001,REminiscence,5231,09/12/2020, 14:08:59,168
SOMO00001,REminiscence,5231,09/12/2020, 15:08:21,168
SOMO00001,REminiscence,5233,09/12/2020, 16:09:08,168
SOMO00001,REminiscence,5234,09/12/2020, 17:08:04,168
SOMO00001,REminiscence,5234,09/12/2020, 18:09:26,168
SOMO00001,REminiscence,5234,09/12/2020, 19:08:11,168
SOMO00001,REminiscence,5234,09/12/2020, 20:09:38,168
SOMO00001,REminiscence,5234,09/12/2020, 21:08:19,168
SOMO00001,REminiscence,5234,09/12/2020, 22:08:39,168
SOMO00001,REminiscence,5234,09/12/2020, 23:08:10,168
SOMO00001,REminiscence,5234,09/13/2020, 00:25:21,168
SOMO00001,REminiscence,5234,09/13/2020, 01:14:44,168
SOMO00001,REminiscence,5234,09/13/2020, 02:09:35,168
SOMO00001,REminiscence,5234,09/13/2020, 03:09:02,168
SOMO00001,REminiscence,5234,09/13/2020, 04:09:00,168
SOMO00001,REminiscence,5234,09/13/2020, 05:08:19,168
SOMO00001,REminiscence,5234,09/13/2020, 06:09:46,168
SOMO00001,REminiscence,5234,09/13/2020, 07:08:44,168
SOMO00001,REminiscence,5234,09/13/2020, 08:09:13,168
SOMO00001,REminiscence,5234,09/13/2020, 09:08:44,168
SOMO00001,REminiscence,5234,09/13/2020, 10:08:52,168
SOMO00001,REminiscence,5234,09/13/2020, 11:08:22,168
SOMO00001,REminiscence,5234,09/13/2020, 12:11:35,168
SOMO00001,REminiscence,5234,09/13/2020, 13:08:10,168
SOMO00001,REminiscence,5235,09/13/2020, 14:09:13,168
SOMO00001,REminiscence,5235,09/13/2020, 15:08:42,168
SOMO00001,REminiscence,5235,09/13/2020, 16:09:20,168
SOMO00001,REminiscence,5236,09/13/2020, 17:08:18,168
SOMO00001,REminiscence,5236,09/13/2020, 18:09:22,168
SOMO00001,REminiscence,5236,09/13/2020, 19:08:23,168
SOMO00001,REminiscence,5236,09/13/2020, 20:09:30,168
SOMO00001,REminiscence,5236,09/13/2020, 21:08:32,168
SOMO00001,REminiscence,5236,09/13/2020, 22:08:33,168
SOMO00001,REminiscence,5236,09/13/2020, 23:08:03,168
SOMO00001,REminiscence,5236,09/14/2020, 00:24:38,168
SOMO00001,REminiscence,5237,09/14/2020, 01:14:20,168
SOMO00001,REminiscence,5237,09/14/2020, 02:09:51,168
SOMO00001,REminiscence,5237,09/14/2020, 03:08:55,168
SOMO00001,REminiscence,5237,09/14/2020, 04:09:29,168
SOMO00001,REminiscence,5237,09/14/2020, 05:08:33,168
SOMO00001,REminiscence,5237,09/14/2020, 06:09:51,168
SOMO00001,REminiscence,5237,09/14/2020, 07:08:53,168
SOMO00001,REminiscence,5237,09/14/2020, 08:09:48,168
SOMO00001,REminiscence,5237,09/14/2020, 09:08:44,168
SOMO00001,REminiscence,5237,09/14/2020, 10:09:01,168
SOMO00001,REminiscence,5237,09/14/2020, 11:08:06,168
SOMO00001,REminiscence,5237,09/14/2020, 12:11:30,168
SOMO00001,REminiscence,5238,09/14/2020, 13:08:53,168
SOMO00001,REminiscence,5238,09/14/2020, 14:09:21,168
SOMO00001,REminiscence,5238,09/14/2020, 15:08:55,168
SOMO00001,REminiscence,5238,09/14/2020, 16:09:17,168
SOMO00001,REminiscence,5238,09/14/2020, 17:08:31,168
SOMO00001,REminiscence,5238,09/14/2020, 18:09:32,168
SOMO00001,REminiscence,5238,09/14/2020, 19:08:13,168
SOMO00001,REminiscence,5239,09/14/2020, 20:09:45,168
SOMO00001,REminiscence,5239,09/14/2020, 21:08:52,168
SOMO00001,REminiscence,5239,09/14/2020, 22:08:21,168
SOMO00001,REminiscence,5239,09/14/2020, 23:08:13,168
SOMO00001,REminiscence,5239,09/15/2020, 00:24:28,168
SOMO00001,REminiscence,5239,09/15/2020, 01:14:10,168
SOMO00001,REminiscence,5239,09/15/2020, 02:10:06,168
SOMO00001,REminiscence,5239,09/15/2020, 03:08:59,168
SOMO00001,REminiscence,5239,09/15/2020, 04:09:32,168
SOMO00001,REminiscence,5239,09/15/2020, 05:08:26,168
SOMO00001,REminiscence,5239,09/15/2020, 06:09:41,168
SOMO00001,REminiscence,5239,09/15/2020, 07:08:48,168
SOMO00001,REminiscence,5239,09/15/2020, 08:09:57,168
SOMO00001,REminiscence,5239,09/15/2020, 09:08:56,168
SOMO00001,REminiscence,5239,09/15/2020, 10:08:55,168
SOMO00001,REminiscence,5239,09/15/2020, 11:08:25,168
SOMO00001,REminiscence,5239,09/15/2020, 12:11:27,168
SOMO00001,REminiscence,5239,09/15/2020, 13:08:40,168
SOMO00001,REminiscence,5239,09/15/2020, 14:09:40,168
SOMO00001,REminiscence,5239,09/15/2020, 15:08:55,168
SOMO00001,REminiscence,5240,09/15/2020, 16:09:25,168
SOMO00001,REminiscence,5240,09/15/2020, 17:08:30,168
SOMO00001,REminiscence,5240,09/15/2020, 18:09:20,168
SOMO00001,REminiscence,5240,09/15/2020, 19:08:06,168
SOMO00001,REminiscence,5240,09/15/2020, 20:09:22,168
SOMO00001,REminiscence,5241,09/15/2020, 21:08:09,168
SOMO00001,REminiscence,5241,09/15/2020, 22:08:42,168
SOMO00001,REminiscence,5241,09/15/2020, 23:08:26,168
SOMO00001,REminiscence,5242,09/16/2020, 00:24:19,168
SOMO00001,REminiscence,5242,09/16/2020, 01:14:05,168
SOMO00001,REminiscence,5242,09/16/2020, 02:09:34,168
SOMO00001,REminiscence,5242,09/16/2020, 03:08:47,168
SOMO00001,REminiscence,5242,09/16/2020, 04:09:25,168
SOMO00001,REminiscence,5242,09/16/2020, 05:08:58,168
SOMO00001,REminiscence,5242,09/16/2020, 06:09:45,168
SOMO00001,REminiscence,5242,09/16/2020, 07:08:59,168
SOMO00001,REminiscence,5242,09/16/2020, 08:09:40,168
SOMO00001,REminiscence,5242,09/16/2020, 09:08:51,168
SOMO00001,REminiscence,5242,09/16/2020, 10:08:44,168
SOMO00001,REminiscence,5242,09/16/2020, 11:08:24,168
SOMO00001,REminiscence,5242,09/16/2020, 12:11:34,168
SOMO00001,REminiscence,5242,09/16/2020, 13:08:35,168
SOMO00001,REminiscence,5242,09/16/2020, 14:09:30,168
SOMO00001,REminiscence,5242,09/16/2020, 15:08:48,168
SOMO00001,REminiscence,5242,09/16/2020, 16:09:32,168
SOMO00001,REminiscence,5242,09/16/2020, 17:08:42,168
SOMO00001,REminiscence,5242,09/16/2020, 18:09:32,168
SOMO00001,REminiscence,5242,09/16/2020, 19:08:05,168
SOMO00001,REminiscence,5242,09/16/2020, 20:09:40,168
SOMO00001,REminiscence,5242,09/16/2020, 21:08:49,168
SOMO00001,REminiscence,5242,09/16/2020, 22:08:35,168
SOMO00001,REminiscence,5242,09/16/2020, 23:08:13,168
SOMO00001,REminiscence,5242,09/17/2020, 00:24:53,168
SOMO00001,REminiscence,5243,09/17/2020, 01:14:36,168
SOMO00001,REminiscence,5243,09/17/2020, 02:09:49,168
SOMO00001,REminiscence,5243,09/17/2020, 03:08:45,168
SOMO00001,REminiscence,5243,09/17/2020, 04:09:23,168
SOMO00001,REminiscence,5244,09/17/2020, 05:08:53,168
SOMO00001,REminiscence,5244,09/17/2020, 06:09:50,168
SOMO00001,REminiscence,5244,09/17/2020, 07:08:54,168
SOMO00001,REminiscence,5244,09/17/2020, 08:09:45,168
SOMO00001,REminiscence,5244,09/17/2020, 09:08:54,168
SOMO00001,REminiscence,5244,09/17/2020, 10:08:56,168
SOMO00001,REminiscence,5244,09/17/2020, 11:08:12,168
SOMO00001,REminiscence,5244,09/17/2020, 12:12:05,168
SOMO00001,REminiscence,5244,09/17/2020, 13:08:40,168
SOMO00001,REminiscence,5244,09/17/2020, 14:09:46,168
SOMO00001,REminiscence,5244,09/17/2020, 15:08:59,168
SOMO00001,REminiscence,5244,09/17/2020, 16:09:04,168
SOMO00001,REminiscence,5244,09/17/2020, 17:08:46,168
SOMO00001,REminiscence,5244,09/17/2020, 18:09:39,168
SOMO00001,REminiscence,5245,09/17/2020, 19:08:16,168
SOMO00001,REminiscence,5245,09/17/2020, 20:09:36,168
SOMO00001,REminiscence,5245,09/17/2020, 21:08:58,168
SOMO00001,REminiscence,5245,09/17/2020, 22:08:40,168
SOMO00001,REminiscence,5246,09/17/2020, 23:08:19,168
SOMO00001,REminiscence,5246,09/18/2020, 00:25:06,168
SOMO00001,REminiscence,5246,09/18/2020, 01:14:52,168
SOMO00001,REminiscence,5246,09/18/2020, 02:09:57,168
SOMO00001,REminiscence,5246,09/18/2020, 03:08:37,168
SOMO00001,REminiscence,5246,09/18/2020, 04:09:40,168
SOMO00001,REminiscence,5246,09/18/2020, 05:08:50,168
SOMO00001,REminiscence,5247,09/18/2020, 06:09:57,168
SOMO00001,REminiscence,5247,09/18/2020, 07:08:40,168
SOMO00001,REminiscence,5247,09/18/2020, 08:10:01,168
SOMO00001,REminiscence,5247,09/18/2020, 09:08:57,168
SOMO00001,REminiscence,5247,09/18/2020, 10:09:13,168
SOMO00001,REminiscence,5247,09/18/2020, 11:08:28,168
SOMO00001,REminiscence,5247,09/18/2020, 12:17:35,168
SOMO00001,REminiscence,5247,09/18/2020, 13:08:20,168
SOMO00001,REminiscence,5247,09/18/2020, 14:09:28,168
SOMO00001,REminiscence,5247,09/18/2020, 15:09:07,168
SOMO00001,REminiscence,5247,09/18/2020, 16:09:35,168
SOMO00001,REminiscence,5247,09/18/2020, 17:08:32,168
SOMO00001,REminiscence,5247,09/18/2020, 18:09:25,168
SOMO00001,REminiscence,5247,09/18/2020, 19:08:05,168
SOMO00001,REminiscence,5247,09/18/2020, 20:09:37,168
SOMO00001,REminiscence,5247,09/18/2020, 21:08:49,168
SOMO00001,REminiscence,5247,09/18/2020, 22:08:48,168
SOMO00001,REminiscence,5248,09/18/2020, 23:08:20,168
SOMO00001,REminiscence,5248,09/19/2020, 00:25:04,168
SOMO00001,REminiscence,5248,09/19/2020, 01:14:38,168
SOMO00001,REminiscence,5248,09/19/2020, 02:09:43,168
SOMO00001,REminiscence,5248,09/19/2020, 03:09:09,168
SOMO00001,REminiscence,5248,09/19/2020, 04:09:13,168
SOMO00001,REminiscence,5248,09/19/2020, 05:08:51,168
SOMO00001,REminiscence,5248,09/19/2020, 06:09:57,168
SOMO00001,REminiscence,5248,09/19/2020, 07:08:50,168
SOMO00001,REminiscence,5248,09/19/2020, 08:09:23,168
SOMO00001,REminiscence,5248,09/19/2020, 09:08:26,168
SOMO00001,REminiscence,5248,09/19/2020, 10:08:31,168
SOMO00001,REminiscence,5249,09/19/2020, 11:08:04,168
SOMO00001,REminiscence,5249,09/19/2020, 12:11:45,168
SOMO00001,REminiscence,5249,09/19/2020, 13:08:40,168
SOMO00001,REminiscence,5249,09/19/2020, 14:09:26,168
SOMO00001,REminiscence,5249,09/19/2020, 15:08:54,168
SOMO00001,REminiscence,5249,09/19/2020, 16:09:33,168
SOMO00001,REminiscence,5249,09/19/2020, 17:08:28,168
SOMO00001,REminiscence,5249,09/19/2020, 18:09:22,168
SOMO00001,REminiscence,5249,09/19/2020, 19:08:04,168
SOMO00001,REminiscence,5249,09/19/2020, 20:09:30,168
SOMO00001,REminiscence,5249,09/19/2020, 21:08:33,168
SOMO00001,REminiscence,5250,09/19/2020, 22:08:34,168
SOMO00001,REminiscence,5250,09/19/2020, 23:08:05,168
SOMO00001,REminiscence,5250,09/20/2020, 00:26:00,168
SOMO00001,REminiscence,5250,09/20/2020, 01:16:52,168
SOMO00001,REminiscence,5250,09/20/2020, 02:09:46,168
SOMO00001,REminiscence,5250,09/20/2020, 03:08:49,168
SOMO00001,REminiscence,5250,09/20/2020, 04:09:49,168
SOMO00001,REminiscence,5250,09/20/2020, 05:08:33,168
SOMO00001,REminiscence,5250,09/20/2020, 06:09:56,168
SOMO00001,REminiscence,5250,09/20/2020, 07:09:07,168
SOMO00001,REminiscence,5250,09/20/2020, 08:09:24,168
SOMO00001,REminiscence,5250,09/20/2020, 09:08:45,168
SOMO00001,REminiscence,5250,09/20/2020, 10:08:49,168
SOMO00001,REminiscence,5250,09/20/2020, 11:08:13,168
SOMO00001,REminiscence,5250,09/20/2020, 12:11:34,168
SOMO00001,REminiscence,5250,09/20/2020, 13:08:35,168
SOMO00001,REminiscence,5250,09/20/2020, 14:09:24,168
SOMO00001,REminiscence,5250,09/20/2020, 15:09:06,168
SOMO00001,REminiscence,5250,09/20/2020, 16:09:02,168
SOMO00001,REminiscence,5250,09/20/2020, 17:08:49,168
SOMO00001,REminiscence,5250,09/20/2020, 18:09:38,168
SOMO00001,REminiscence,5250,09/20/2020, 19:08:19,168
SOMO00001,REminiscence,5251,09/20/2020, 20:09:51,168
SOMO00001,REminiscence,5252,09/20/2020, 21:09:03,168
SOMO00001,REminiscence,5252,09/20/2020, 22:08:50,168
SOMO00001,REminiscence,5253,09/20/2020, 23:08:32,168
SOMO00001,REminiscence,5253,09/21/2020, 00:25:58,168
SOMO00001,REminiscence,5253,09/21/2020, 01:16:44,168
SOMO00001,REminiscence,5253,09/21/2020, 02:10:14,168
SOMO00001,REminiscence,5253,09/21/2020, 03:08:53,168
SOMO00001,REminiscence,5253,09/21/2020, 04:09:51,168
SOMO00001,REminiscence,5253,09/21/2020, 05:08:37,168
SOMO00001,REminiscence,5253,09/21/2020, 06:10:12,168
SOMO00001,REminiscence,5253,09/21/2020, 07:09:05,168
SOMO00001,REminiscence,5253,09/21/2020, 08:09:42,168
SOMO00001,REminiscence,5253,09/21/2020, 09:09:30,168
SOMO00001,REminiscence,5253,09/21/2020, 10:09:18,168
SOMO00001,REminiscence,5253,09/21/2020, 11:08:04,168
SOMO00001,REminiscence,5253,09/21/2020, 12:11:57,168
SOMO00001,REminiscence,5254,09/21/2020, 13:08:43,168
SOMO00001,REminiscence,5254,09/21/2020, 14:09:39,168
SOMO00001,REminiscence,5254,09/21/2020, 15:09:19,168
SOMO00001,REminiscence,5254,09/21/2020, 16:09:40,168
SOMO00001,REminiscence,5254,09/21/2020, 17:08:26,168
SOMO00001,REminiscence,5254,09/21/2020, 18:09:41,168
SOMO00001,REminiscence,5254,09/21/2020, 19:08:23,168
SOMO00001,REminiscence,5254,09/21/2020, 20:09:36,168
SOMO00001,REminiscence,5254,09/21/2020, 21:09:01,168
SOMO00001,REminiscence,5254,09/21/2020, 22:08:38,168
SOMO00001,REminiscence,5254,09/21/2020, 23:08:39,168
SOMO00001,REminiscence,5254,09/22/2020, 00:25:08,168
SOMO00001,REminiscence,5254,09/22/2020, 01:16:17,168
SOMO00001,REminiscence,5255,09/22/2020, 02:09:52,168
SOMO00001,REminiscence,5255,09/22/2020, 03:08:46,168
SOMO00001,REminiscence,5255,09/22/2020, 04:09:46,168
SOMO00001,REminiscence,5255,09/22/2020, 05:08:44,168
SOMO00001,REminiscence,5255,09/22/2020, 06:10:28,168
SOMO00001,REminiscence,5255,09/22/2020, 07:09:21,168
SOMO00001,REminiscence,5255,09/22/2020, 08:09:52,168
SOMO00001,REminiscence,5255,09/22/2020, 09:09:00,168
SOMO00001,REminiscence,5255,09/22/2020, 10:09:23,168
SOMO00001,REminiscence,5256,09/22/2020, 11:08:30,168
SOMO00001,REminiscence,5256,09/22/2020, 12:11:52,168
SOMO00001,REminiscence,5256,09/22/2020, 13:09:09,168
SOMO00001,REminiscence,5256,09/22/2020, 14:10:17,168
SOMO00001,REminiscence,5256,09/22/2020, 15:10:08,168
SOMO00001,REminiscence,5256,09/22/2020, 16:09:53,168
SOMO00001,REminiscence,5256,09/22/2020, 17:08:31,168
SOMO00001,REminiscence,5256,09/22/2020, 18:09:35,168
SOMO00001,REminiscence,5256,09/22/2020, 19:08:27,168
SOMO00001,REminiscence,5256,09/22/2020, 20:09:35,168
SOMO00001,REminiscence,5257,09/22/2020, 21:08:58,168
SOMO00001,REminiscence,5257,09/22/2020, 22:08:42,168
SOMO00001,REminiscence,5257,09/22/2020, 23:08:33,168
SOMO00001,REminiscence,5257,09/23/2020, 00:25:12,168
SOMO00001,REminiscence,5257,09/23/2020, 01:16:04,168
SOMO00001,REminiscence,5257,09/23/2020, 02:09:39,168
SOMO00001,REminiscence,5257,09/23/2020, 03:09:17,168
SOMO00001,REminiscence,5258,09/23/2020, 04:09:48,168
SOMO00001,REminiscence,5258,09/23/2020, 05:08:34,168
SOMO00001,REminiscence,5258,09/23/2020, 06:10:08,168
SOMO00001,REminiscence,5258,09/23/2020, 07:09:20,168
SOMO00001,REminiscence,5258,09/23/2020, 08:09:38,168
SOMO00001,REminiscence,5258,09/23/2020, 09:09:01,168
SOMO00001,REminiscence,5258,09/23/2020, 10:09:18,168
SOMO00001,REminiscence,5258,09/23/2020, 11:08:39,168
SOMO00001,REminiscence,5258,09/23/2020, 12:12:00,168
SOMO00001,REminiscence,5258,09/23/2020, 13:08:49,168
SOMO00001,REminiscence,5258,09/23/2020, 14:09:52,168
SOMO00001,REminiscence,5258,09/23/2020, 15:09:22,168
SOMO00001,REminiscence,5258,09/23/2020, 16:09:50,168
SOMO00001,REminiscence,5259,09/23/2020, 17:08:35,168
SOMO00001,REminiscence,5259,09/23/2020, 18:09:35,168
SOMO00001,REminiscence,5259,09/23/2020, 19:08:31,168
SOMO00001,REminiscence,5260,09/23/2020, 20:10:13,168
SOMO00001,REminiscence,5260,09/23/2020, 21:09:03,168
SOMO00001,REminiscence,5260,09/23/2020, 22:09:40,168
SOMO00001,REminiscence,5260,09/23/2020, 23:08:28,168
SOMO00001,REminiscence,5260,09/24/2020, 00:25:53,168
SOMO00001,REminiscence,5260,09/24/2020, 01:18:14,168
SOMO00001,REminiscence,5260,09/24/2020, 02:10:15,168
SOMO00001,REminiscence,5260,09/24/2020, 03:08:50,168
SOMO00001,REminiscence,5260,09/24/2020, 04:09:37,168
SOMO00001,REminiscence,5260,09/24/2020, 05:08:42,168
SOMO00001,REminiscence,5260,09/24/2020, 06:10:10,168
SOMO00001,REminiscence,5260,09/24/2020, 07:09:25,168
SOMO00001,REminiscence,5260,09/24/2020, 08:09:53,168
SOMO00001,REminiscence,5260,09/24/2020, 09:09:35,168
SOMO00001,REminiscence,5261,09/24/2020, 10:09:25,168
SOMO00001,REminiscence,5261,09/24/2020, 11:08:42,168
SOMO00001,REminiscence,5261,09/24/2020, 12:11:56,168
SOMO00001,REminiscence,5261,09/24/2020, 13:08:53,168
SOMO00001,REminiscence,5261,09/24/2020, 14:09:53,168
SOMO00001,REminiscence,5261,09/24/2020, 15:09:10,168
SOMO00001,REminiscence,5261,09/24/2020, 16:10:01,168
SOMO00001,REminiscence,5261,09/24/2020, 17:08:51,168
SOMO00001,REminiscence,5262,09/24/2020, 18:09:44,168
SOMO00001,REminiscence,5263,09/24/2020, 19:08:17,168
SOMO00001,REminiscence,5263,09/24/2020, 20:09:49,168
SOMO00001,REminiscence,5263,09/24/2020, 21:08:57,168
SOMO00001,REminiscence,5263,09/24/2020, 22:09:00,168
SOMO00001,REminiscence,5263,09/24/2020, 23:08:32,168
SOMO00001,REminiscence,5263,09/25/2020, 00:25:47,168
SOMO00001,REminiscence,5263,09/25/2020, 01:17:41,168
SOMO00001,REminiscence,5263,09/25/2020, 02:10:05,168
SOMO00001,REminiscence,5263,09/25/2020, 03:08:59,168
SOMO00001,REminiscence,5263,09/25/2020, 04:09:44,168
SOMO00001,REminiscence,5263,09/25/2020, 05:08:55,168
SOMO00001,REminiscence,5263,09/25/2020, 06:10:24,168
SOMO00001,REminiscence,5263,09/25/2020, 07:09:09,168
SOMO00001,REminiscence,5263,09/25/2020, 08:10:15,168
SOMO00001,REminiscence,5263,09/25/2020, 09:09:09,168
SOMO00001,REminiscence,5263,09/25/2020, 10:09:01,168
SOMO00001,REminiscence,5263,09/25/2020, 11:08:28,168
SOMO00001,REminiscence,5263,09/25/2020, 12:17:42,168
SOMO00001,REminiscence,5263,09/25/2020, 13:08:45,168
SOMO00001,REminiscence,5263,09/25/2020, 14:09:44,168
SOMO00001,REminiscence,5263,09/25/2020, 15:09:02,168
SOMO00001,REminiscence,5263,09/25/2020, 16:09:56,168
SOMO00001,REminiscence,5263,09/25/2020, 17:08:41,168
SOMO00001,REminiscence,5264,09/25/2020, 18:09:55,168
SOMO00001,REminiscence,5264,09/25/2020, 19:08:36,168
SOMO00001,REminiscence,5264,09/25/2020, 20:09:41,168
SOMO00001,REminiscence,5264,09/25/2020, 21:09:19,168
SOMO00001,REminiscence,5264,09/25/2020, 22:09:13,168
SOMO00001,REminiscence,5265,09/25/2020, 23:09:02,168
SOMO00001,REminiscence,5265,09/26/2020, 00:25:58,168
SOMO00001,REminiscence,5265,09/26/2020, 01:16:41,168
SOMO00001,REminiscence,5265,09/26/2020, 02:10:08,168
SOMO00001,REminiscence,5265,09/26/2020, 03:09:16,168
SOMO00001,REminiscence,5265,09/26/2020, 04:09:49,168
SOMO00001,REminiscence,5265,09/26/2020, 05:08:46,168
SOMO00001,REminiscence,5265,09/26/2020, 06:11:23,168
SOMO00001,REminiscence,5265,09/26/2020, 07:09:04,168
SOMO00001,REminiscence,5265,09/26/2020, 08:09:32,168
SOMO00001,REminiscence,5265,09/26/2020, 09:09:06,168
SOMO00001,REminiscence,5265,09/26/2020, 10:09:05,168
SOMO00001,REminiscence,5265,09/26/2020, 11:08:34,168
SOMO00001,REminiscence,5265,09/26/2020, 12:11:53,168
SOMO00001,REminiscence,5266,09/26/2020, 13:08:35,168
SOMO00001,REminiscence,5266,09/26/2020, 14:09:42,168
SOMO00001,REminiscence,5266,09/26/2020, 15:08:44,168
SOMO00001,REminiscence,5266,09/26/2020, 16:09:47,168
SOMO00001,REminiscence,5266,09/26/2020, 17:08:35,168
SOMO00001,REminiscence,5266,09/26/2020, 18:09:47,168
SOMO00001,REminiscence,5266,09/26/2020, 19:08:22,168
SOMO00001,REminiscence,5266,09/26/2020, 20:09:50,168
SOMO00001,REminiscence,5266,09/26/2020, 21:08:54,168
SOMO00001,REminiscence,5266,09/26/2020, 22:08:53,168
SOMO00001,REminiscence,5267,09/26/2020, 23:08:20,168
SOMO00001,REminiscence,5267,09/27/2020, 00:26:58,168
SOMO00001,REminiscence,5267,09/27/2020, 01:19:51,168
SOMO00001,REminiscence,5268,09/27/2020, 02:10:08,168
SOMO00001,REminiscence,5268,09/27/2020, 03:09:09,168
SOMO00001,REminiscence,5268,09/27/2020, 04:09:49,168
SOMO00001,REminiscence,5268,09/27/2020, 05:09:02,168
SOMO00001,REminiscence,5268,09/27/2020, 06:10:22,168
SOMO00001,REminiscence,5268,09/27/2020, 07:09:02,168
SOMO00001,REminiscence,5268,09/27/2020, 08:09:38,168
SOMO00001,REminiscence,5268,09/27/2020, 09:09:17,168
SOMO00001,REminiscence,5269,09/27/2020, 10:09:10,168
SOMO00001,REminiscence,5269,09/27/2020, 11:08:45,168
SOMO00001,REminiscence,5269,09/27/2020, 12:11:52,168
SOMO00001,REminiscence,5269,09/27/2020, 13:08:28,168
SOMO00001,REminiscence,5269,09/27/2020, 14:09:32,168
SOMO00001,REminiscence,5269,09/27/2020, 15:08:37,168
SOMO00001,REminiscence,5269,09/27/2020, 16:09:49,168
SOMO00001,REminiscence,5269,09/27/2020, 17:08:45,168
SOMO00001,REminiscence,5269,09/27/2020, 18:09:46,168
SOMO00001,REminiscence,5269,09/27/2020, 19:08:39,168
SOMO00001,REminiscence,5269,09/27/2020, 20:09:32,168
SOMO00001,REminiscence,5269,09/27/2020, 21:09:09,168
SOMO00001,REminiscence,5269,09/27/2020, 22:09:08,168
SOMO00001,REminiscence,5269,09/27/2020, 23:08:37,168
SOMO00001,REminiscence,5269,09/28/2020, 00:26:20,168
SOMO00001,REminiscence,5269,09/28/2020, 01:19:05,168
SOMO00001,REminiscence,5269,09/28/2020, 02:10:16,168
SOMO00001,REminiscence,5269,09/28/2020, 03:09:09,168
SOMO00001,REminiscence,5269,09/28/2020, 04:09:53,168
SOMO00001,REminiscence,5269,09/28/2020, 05:09:06,168
SOMO00001,REminiscence,5269,09/28/2020, 06:10:14,168
SOMO00001,REminiscence,5269,09/28/2020, 07:09:29,168
SOMO00001,REminiscence,5269,09/28/2020, 08:10:15,168
SOMO00001,REminiscence,5269,09/28/2020, 09:09:11,168
SOMO00001,REminiscence,5270,09/28/2020, 10:09:32,168
SOMO00001,REminiscence,5270,09/28/2020, 11:08:34,168
SOMO00001,REminiscence,5270,09/28/2020, 12:11:49,168
SOMO00001,REminiscence,5270,09/28/2020, 13:09:09,168
SOMO00001,REminiscence,5271,09/28/2020, 14:09:41,168
SOMO00001,REminiscence,5271,09/28/2020, 15:09:38,168
SOMO00001,REminiscence,5271,09/28/2020, 16:10:20,168
SOMO00001,REminiscence,5271,09/28/2020, 17:08:39,168
SOMO00001,REminiscence,5271,09/28/2020, 18:09:06,168
SOMO00001,REminiscence,5271,09/28/2020, 19:08:45,168
SOMO00001,REminiscence,5271,09/28/2020, 20:09:48,168
SOMO00001,REminiscence,5271,09/28/2020, 21:09:12,168
SOMO00001,REminiscence,5271,09/28/2020, 23:10:19,168
SOMO00001,REminiscence,5271,09/29/2020, 00:26:16,168
SOMO00001,REminiscence,5271,09/29/2020, 01:18:51,168
SOMO00001,REminiscence,5272,09/29/2020, 02:10:24,168
SOMO00001,REminiscence,5272,09/29/2020, 03:09:05,168
SOMO00001,REminiscence,5272,09/29/2020, 04:09:57,168
SOMO00001,REminiscence,5272,09/29/2020, 05:08:48,168
SOMO00001,REminiscence,5272,09/29/2020, 06:10:33,168
SOMO00001,REminiscence,5272,09/29/2020, 07:09:21,168
SOMO00001,REminiscence,5272,09/29/2020, 08:10:19,168
SOMO00001,REminiscence,5272,09/29/2020, 09:09:37,168
SOMO00001,REminiscence,5272,09/29/2020, 10:09:48,168
SOMO00001,REminiscence,5272,09/29/2020, 11:08:36,168
SOMO00001,REminiscence,5272,09/29/2020, 12:12:13,168
SOMO00001,REminiscence,5272,09/29/2020, 13:09:10,168
SOMO00001,REminiscence,5272,09/29/2020, 14:12:19,168
SOMO00001,REminiscence,5272,09/29/2020, 15:09:24,168
SOMO00001,REminiscence,5272,09/29/2020, 16:10:37,168
SOMO00001,REminiscence,5272,09/29/2020, 17:08:52,168
SOMO00001,REminiscence,5272,09/29/2020, 18:09:47,168
SOMO00001,REminiscence,5272,09/29/2020, 19:08:32,168
SOMO00001,REminiscence,5272,09/29/2020, 20:10:01,168
SOMO00001,REminiscence,5272,09/29/2020, 21:09:21,168
SOMO00001,REminiscence,5272,09/29/2020, 22:09:19,168
SOMO00001,REminiscence,5272,09/29/2020, 23:08:38,168
SOMO00001,REminiscence,5272,09/30/2020, 00:26:15,168
SOMO00001,REminiscence,5272,09/30/2020, 01:18:49,168
SOMO00001,REminiscence,5272,09/30/2020, 02:10:20,168
SOMO00001,REminiscence,5272,09/30/2020, 03:09:26,168
SOMO00001,REminiscence,5272,09/30/2020, 04:10:22,168
SOMO00001,REminiscence,5272,09/30/2020, 05:08:54,168
SOMO00001,REminiscence,5272,09/30/2020, 06:11:25,168
SOMO00001,REminiscence,5272,09/30/2020, 07:10:03,168
SOMO00001,REminiscence,5272,09/30/2020, 08:10:17,168
SOMO00001,REminiscence,5272,09/30/2020, 09:09:44,168
SOMO00001,REminiscence,5272,09/30/2020, 10:09:41,168
SOMO00001,REminiscence,5272,09/30/2020, 11:08:59,168
SOMO00001,REminiscence,5272,09/30/2020, 12:12:19,168
SOMO00001,REminiscence,5272,09/30/2020, 13:09:13,168
SOMO00001,REminiscence,5272,09/30/2020, 14:10:06,168
SOMO00001,REminiscence,5272,09/30/2020, 15:09:37,168
SOMO00001,REminiscence,5272,09/30/2020, 16:10:39,168
SOMO00001,REminiscence,5272,09/30/2020, 17:09:07,168
SOMO00001,REminiscence,5272,09/30/2020, 18:09:58,168
SOMO00001,REminiscence,5272,09/30/2020, 19:08:43,168
SOMO00001,REminiscence,5272,09/30/2020, 20:10:06,168
SOMO00001,REminiscence,5272,09/30/2020, 21:09:22,168
SOMO00001,REminiscence,5272,09/30/2020, 22:09:19,168
SOMO00001,REminiscence,5272,09/30/2020, 23:08:41,168
SOMO00001,REminiscence,5272,10/01/2020, 00:27:05,168
SOMO00001,REminiscence,5272,10/01/2020, 01:21:43,168
SOMO00001,REminiscence,5272,10/01/2020, 02:10:30,168
SOMO00001,REminiscence,5272,10/01/2020, 03:09:38,168
SOMO00001,REminiscence,5272,10/01/2020, 04:10:28,168
SOMO00001,REminiscence,5272,10/01/2020, 05:09:24,168
SOMO00001,REminiscence,5272,10/01/2020, 06:10:32,168
SOMO00001,REminiscence,5272,10/01/2020, 07:09:51,168
SOMO00001,REminiscence,5272,10/01/2020, 08:10:28,168
SOMO00001,REminiscence,5272,10/01/2020, 09:09:36,168
SOMO00001,REminiscence,5272,10/01/2020, 10:09:41,168
SOMO00001,REminiscence,5272,10/01/2020, 11:08:51,168
SOMO00001,REminiscence,5272,10/01/2020, 12:12:20,168
SOMO00001,REminiscence,5272,10/01/2020, 13:09:23,168
SOMO00001,REminiscence,5272,10/01/2020, 14:10:28,168
SOMO00001,REminiscence,5272,10/01/2020, 15:09:30,168
SOMO00001,REminiscence,5272,10/01/2020, 16:10:36,168
SOMO00001,REminiscence,5272,10/01/2020, 17:09:23,168
SOMO00001,REminiscence,5272,10/01/2020, 18:10:14,168
SOMO00001,REminiscence,5272,10/01/2020, 19:08:41,168
SOMO00001,REminiscence,5272,10/01/2020, 20:10:08,168
SOMO00001,REminiscence,5272,10/01/2020, 21:09:05,168
SOMO00001,REminiscence,5272,10/01/2020, 22:09:35,168
SOMO00001,REminiscence,5272,10/01/2020, 23:08:46,168
SOMO00001,REminiscence,5272,10/02/2020, 00:25:36,168
SOMO00001,REminiscence,5272,10/02/2020, 01:19:57,168
SOMO00001,REminiscence,5272,10/02/2020, 02:10:34,168
SOMO00001,REminiscence,5272,10/02/2020, 03:09:40,168
SOMO00001,REminiscence,5272,10/02/2020, 04:10:51,168
SOMO00001,REminiscence,5272,10/02/2020, 05:09:09,168
SOMO00001,REminiscence,5272,10/02/2020, 06:11:32,168
SOMO00001,REminiscence,5272,10/02/2020, 07:09:58,168
SOMO00001,REminiscence,5272,10/02/2020, 08:11:02,168
SOMO00001,REminiscence,5272,10/02/2020, 09:09:43,168
SOMO00001,REminiscence,5272,10/02/2020, 10:09:58,168
SOMO00001,REminiscence,5272,10/02/2020, 11:08:44,168
SOMO00001,REminiscence,5273,10/02/2020, 12:17:37,168
SOMO00001,REminiscence,5273,10/02/2020, 13:09:15,168
SOMO00001,REminiscence,5273,10/02/2020, 14:10:02,168
SOMO00001,REminiscence,5273,10/02/2020, 15:09:20,168
SOMO00001,REminiscence,5273,10/02/2020, 16:10:47,168
SOMO00001,REminiscence,5273,10/02/2020, 17:09:18,168
SOMO00001,REminiscence,5273,10/02/2020, 18:10:25,168
SOMO00001,REminiscence,5273,10/02/2020, 19:09:00,168
SOMO00001,REminiscence,5274,10/02/2020, 20:10:09,168
SOMO00001,REminiscence,5274,10/02/2020, 21:09:23,168
SOMO00001,REminiscence,5274,10/02/2020, 22:09:48,168
SOMO00001,REminiscence,5274,10/02/2020, 23:09:01,168
SOMO00001,REminiscence,5275,10/03/2020, 00:26:44,168
SOMO00001,REminiscence,5275,10/03/2020, 01:20:32,168
SOMO00001,REminiscence,5275,10/03/2020, 02:10:35,168
SOMO00001,REminiscence,5276,10/03/2020, 03:09:32,168
SOMO00001,REminiscence,5276,10/03/2020, 04:10:38,168
SOMO00001,REminiscence,5276,10/03/2020, 05:09:15,168
SOMO00001,REminiscence,5276,10/03/2020, 06:10:28,168
SOMO00001,REminiscence,5276,10/03/2020, 07:09:29,168
SOMO00001,REminiscence,5277,10/03/2020, 08:10:06,168
SOMO00001,REminiscence,5277,10/03/2020, 09:09:19,168
SOMO00001,REminiscence,5277,10/03/2020, 10:09:52,168
SOMO00001,REminiscence,5277,10/03/2020, 11:08:33,168
SOMO00001,REminiscence,5277,10/03/2020, 12:12:02,168
SOMO00001,REminiscence,5277,10/03/2020, 13:08:42,168
SOMO00001,REminiscence,5277,10/03/2020, 14:10:05,168
SOMO00001,REminiscence,5277,10/03/2020, 15:09:02,168
SOMO00001,REminiscence,5278,10/03/2020, 16:10:36,168
SOMO00001,REminiscence,5278,10/03/2020, 17:08:52,168
SOMO00001,REminiscence,5279,10/03/2020, 18:10:12,168
SOMO00001,REminiscence,5279,10/03/2020, 19:08:50,168
SOMO00001,REminiscence,5280,10/03/2020, 20:10:17,168
SOMO00001,REminiscence,5280,10/03/2020, 21:09:20,168
SOMO00001,REminiscence,5281,10/03/2020, 22:09:29,168
SOMO00001,REminiscence,5281,10/03/2020, 23:09:03,168
SOMO00001,REminiscence,5281,10/04/2020, 00:27:45,168
SOMO00001,REminiscence,5281,10/04/2020, 01:23:35,168
SOMO00001,REminiscence,5281,10/04/2020, 02:10:49,168
SOMO00001,REminiscence,5281,10/04/2020, 03:09:45,168
SOMO00001,REminiscence,5281,10/04/2020, 04:10:31,168
SOMO00001,REminiscence,5282,10/04/2020, 05:09:00,168
SOMO00001,REminiscence,5282,10/04/2020, 06:10:33,168
SOMO00001,REminiscence,5282,10/04/2020, 07:09:57,168
SOMO00001,REminiscence,5282,10/04/2020, 08:10:28,168
SOMO00001,REminiscence,5282,10/04/2020, 09:09:41,168
SOMO00001,REminiscence,5282,10/04/2020, 10:10:00,168
SOMO00001,REminiscence,5282,10/04/2020, 11:08:47,168
SOMO00001,REminiscence,5282,10/04/2020, 12:12:21,168
SOMO00001,REminiscence,5282,10/04/2020, 13:08:59,168
SOMO00001,REminiscence,5282,10/04/2020, 14:10:05,168
SOMO00001,REminiscence,5283,10/04/2020, 15:09:11,168
SOMO00001,REminiscence,5284,10/04/2020, 16:10:59,168
SOMO00001,REminiscence,5285,10/04/2020, 17:09:00,168
SOMO00001,REminiscence,5285,10/04/2020, 18:10:05,168
SOMO00001,REminiscence,5285,10/04/2020, 19:09:09,168
SOMO00001,REminiscence,5285,10/04/2020, 20:10:18,168
SOMO00001,REminiscence,5285,10/04/2020, 21:09:23,168
SOMO00001,REminiscence,5286,10/04/2020, 22:09:36,168
SOMO00001,REminiscence,5287,10/04/2020, 23:09:05,168
SOMO00001,REminiscence,5287,10/05/2020, 00:27:22,168
SOMO00001,REminiscence,5287,10/05/2020, 01:23:17,168
SOMO00001,REminiscence,5287,10/05/2020, 02:10:43,168
SOMO00001,REminiscence,5287,10/05/2020, 03:09:41,168
SOMO00001,REminiscence,5287,10/05/2020, 04:10:55,168
SOMO00001,REminiscence,5288,10/05/2020, 05:09:10,168
SOMO00001,REminiscence,5288,10/05/2020, 06:11:02,168
SOMO00001,REminiscence,5288,10/05/2020, 07:09:48,168
SOMO00001,REminiscence,5288,10/05/2020, 08:10:44,168
SOMO00001,REminiscence,5288,10/05/2020, 09:09:43,168
SOMO00001,REminiscence,5288,10/05/2020, 10:10:14,168
SOMO00001,REminiscence,5289,10/05/2020, 11:09:07,168
SOMO00001,REminiscence,5290,10/05/2020, 12:12:57,168
SOMO00001,REminiscence,5290,10/05/2020, 13:09:36,168
SOMO00001,REminiscence,5290,10/05/2020, 14:10:42,168
SOMO00001,REminiscence,5290,10/05/2020, 15:09:45,168
SOMO00001,REminiscence,5291,10/05/2020, 16:11:25,168
SOMO00001,REminiscence,5291,10/05/2020, 17:09:20,168
SOMO00001,REminiscence,5292,10/05/2020, 18:10:34,168
SOMO00001,REminiscence,5293,10/05/2020, 19:09:04,168
SOMO00001,REminiscence,5293,10/05/2020, 20:10:19,168
SOMO00001,REminiscence,5293,10/05/2020, 21:09:20,168
SOMO00001,REminiscence,5293,10/05/2020, 22:09:49,168
SOMO00001,REminiscence,5294,10/05/2020, 23:08:59,168
SOMO00001,REminiscence,5294,10/06/2020, 00:27:15,168
SOMO00001,REminiscence,5294,10/06/2020, 01:22:43,168
SOMO00001,REminiscence,5294,10/06/2020, 02:10:56,168
SOMO00001,REminiscence,5294,10/06/2020, 03:09:50,168
SOMO00001,REminiscence,5294,10/06/2020, 04:10:58,168
SOMO00001,REminiscence,5294,10/06/2020, 05:09:40,168
SOMO00001,REminiscence,5294,10/06/2020, 06:11:02,168
SOMO00001,REminiscence,5294,10/06/2020, 07:09:50,168
SOMO00001,REminiscence,5294,10/06/2020, 08:17:16,168
SOMO00001,REminiscence,5294,10/06/2020, 09:10:04,168
SOMO00001,REminiscence,5294,10/06/2020, 10:10:23,168
SOMO00001,REminiscence,5294,10/06/2020, 11:09:15,168
SOMO00001,REminiscence,5294,10/06/2020, 12:12:51,168
SOMO00001,REminiscence,5294,10/06/2020, 13:09:28,168
SOMO00001,REminiscence,5295,10/06/2020, 14:13:35,168
SOMO00001,REminiscence,5295,10/06/2020, 15:10:43,168
SOMO00001,REminiscence,5295,10/06/2020, 16:11:28,168
SOMO00001,REminiscence,5295,10/06/2020, 17:09:25,168
SOMO00001,REminiscence,5295,10/06/2020, 18:10:29,168
SOMO00001,REminiscence,5295,10/06/2020, 19:09:32,168
SOMO00001,REminiscence,5295,10/06/2020, 20:10:43,168
SOMO00001,REminiscence,5295,10/06/2020, 21:09:26,168
SOMO00001,REminiscence,5296,10/06/2020, 22:10:02,168
SOMO00001,REminiscence,5296,10/06/2020, 23:09:33,168
SOMO00001,REminiscence,5296,10/07/2020, 00:27:33,168
SOMO00001,REminiscence,5296,10/07/2020, 01:23:36,168
SOMO00001,REminiscence,5296,10/07/2020, 02:10:33,168
SOMO00001,REminiscence,5296,10/07/2020, 03:09:55,168
SOMO00001,REminiscence,5296,10/07/2020, 04:10:42,168
SOMO00001,REminiscence,5296,10/07/2020, 05:09:53,168
SOMO00001,REminiscence,5296,10/07/2020, 06:11:11,168
SOMO00001,REminiscence,5296,10/07/2020, 07:10:17,168
SOMO00001,REminiscence,5296,10/07/2020, 08:13:44,168
SOMO00001,REminiscence,5296,10/07/2020, 09:09:49,168
SOMO00001,REminiscence,5296,10/07/2020, 10:10:19,168
SOMO00001,REminiscence,5296,10/07/2020, 11:09:13,168
SOMO00001,REminiscence,5296,10/07/2020, 12:13:06,168
SOMO00001,REminiscence,5296,10/07/2020, 13:10:16,168
SOMO00001,REminiscence,5296,10/07/2020, 14:11:09,168
SOMO00001,REminiscence,5296,10/07/2020, 15:09:55,168
SOMO00001,REminiscence,5296,10/07/2020, 16:11:33,168
SOMO00001,REminiscence,5296,10/07/2020, 17:09:20,168
SOMO00001,REminiscence,5296,10/07/2020, 18:10:20,168
SOMO00001,REminiscence,5296,10/07/2020, 19:09:13,168
SOMO00001,REminiscence,5296,10/07/2020, 20:10:16,168
SOMO00001,REminiscence,5296,10/07/2020, 21:09:35,168
SOMO00001,REminiscence,5296,10/07/2020, 22:08:39,168
SOMO00001,REminiscence,5296,10/07/2020, 23:08:18,168
SOMO00001,REminiscence,5296,10/08/2020, 00:23:02,168
SOMO00001,REminiscence,5296,10/08/2020, 01:12:38,168
SOMO00001,REminiscence,5296,10/08/2020, 02:09:18,168
SOMO00001,REminiscence,5296,10/08/2020, 03:08:20,168
SOMO00001,REminiscence,5297,10/08/2020, 04:09:30,168
SOMO00001,REminiscence,5297,10/08/2020, 05:08:10,168
SOMO00001,REminiscence,5299,10/08/2020, 06:09:36,168
SOMO00001,REminiscence,5300,10/08/2020, 07:08:51,168
SOMO00001,REminiscence,5300,10/08/2020, 08:09:05,168
SOMO00001,REminiscence,5300,10/08/2020, 09:10:05,168
SOMO00001,REminiscence,5300,10/08/2020, 10:10:31,168
SOMO00001,REminiscence,5300,10/08/2020, 11:09:26,168
SOMO00001,REminiscence,5301,10/08/2020, 12:13:08,168
SOMO00001,REminiscence,5301,10/08/2020, 13:09:59,168
SOMO00001,REminiscence,5301,10/08/2020, 14:10:55,168
SOMO00001,REminiscence,5301,10/08/2020, 15:10:18,168
SOMO00001,REminiscence,5301,10/08/2020, 16:11:46,168
SOMO00001,REminiscence,5301,10/08/2020, 17:09:37,168
SOMO00001,REminiscence,5301,10/08/2020, 18:10:29,168
SOMO00001,REminiscence,5301,10/08/2020, 19:09:16,168
SOMO00001,REminiscence,5301,10/08/2020, 20:10:31,168
SOMO00001,REminiscence,5301,10/08/2020, 21:09:44,168
SOMO00001,REminiscence,5301,10/08/2020, 22:10:13,168
SOMO00001,REminiscence,5301,10/08/2020, 23:09:35,168
SOMO00001,REminiscence,5301,10/09/2020, 00:27:30,168
SOMO00001,REminiscence,5301,10/09/2020, 01:24:38,168
SOMO00001,REminiscence,5301,10/09/2020, 02:10:34,168
SOMO00001,REminiscence,5301,10/09/2020, 03:10:17,168
SOMO00001,REminiscence,5302,10/09/2020, 04:11:19,168
SOMO00001,REminiscence,5302,10/09/2020, 05:09:56,168
SOMO00001,REminiscence,5302,10/09/2020, 06:13:10,168
SOMO00001,REminiscence,5302,10/09/2020, 07:10:07,168
SOMO00001,REminiscence,5302,10/09/2020, 08:11:53,168
SOMO00001,REminiscence,5302,10/09/2020, 09:10:15,168
SOMO00001,REminiscence,5302,10/09/2020, 10:10:33,168
SOMO00001,REminiscence,5302,10/09/2020, 11:09:41,168
SOMO00001,REminiscence,5302,10/09/2020, 12:18:19,168
SOMO00001,REminiscence,5302,10/09/2020, 13:09:23,168
SOMO00001,REminiscence,5302,10/09/2020, 14:10:35,168
SOMO00001,REminiscence,5302,10/09/2020, 15:10:20,168
SOMO00001,REminiscence,5302,10/09/2020, 16:12:02,168
SOMO00001,REminiscence,5302,10/09/2020, 17:09:36,168
SOMO00001,REminiscence,5302,10/09/2020, 18:10:28,168
SOMO00001,REminiscence,5302,10/09/2020, 19:09:25,168
SOMO00001,REminiscence,5302,10/09/2020, 20:10:52,168
SOMO00001,REminiscence,5302,10/09/2020, 21:09:46,168
SOMO00001,REminiscence,5302,10/09/2020, 22:23:47,168
SOMO00001,REminiscence,5303,10/09/2020, 23:09:26,168
SOMO00001,REminiscence,5304,10/10/2020, 00:27:47,168
SOMO00001,REminiscence,5304,10/10/2020, 01:25:10,168
SOMO00001,REminiscence,5304,10/10/2020, 02:12:06,168
SOMO00001,REminiscence,5304,10/10/2020, 03:10:14,168
SOMO00001,REminiscence,5304,10/10/2020, 04:13:42,168
SOMO00001,REminiscence,5304,10/10/2020, 05:09:47,168
SOMO00001,REminiscence,5305,10/10/2020, 06:11:00,168
SOMO00001,REminiscence,5305,10/10/2020, 07:09:58,168
SOMO00001,REminiscence,5305,10/10/2020, 08:10:58,168
SOMO00001,REminiscence,5305,10/10/2020, 09:10:12,168
SOMO00001,REminiscence,5305,10/10/2020, 10:10:07,168
SOMO00001,REminiscence,5305,10/10/2020, 11:09:25,168
SOMO00001,REminiscence,5305,10/10/2020, 12:13:09,168
SOMO00001,REminiscence,5305,10/10/2020, 13:09:37,168
SOMO00001,REminiscence,5305,10/10/2020, 14:10:37,168
SOMO00001,REminiscence,5305,10/10/2020, 15:09:44,168
SOMO00001,REminiscence,5305,10/10/2020, 16:11:33,168
SOMO00001,REminiscence,5305,10/10/2020, 17:09:06,168
SOMO00001,REminiscence,5305,10/10/2020, 18:10:44,168
SOMO00001,REminiscence,5306,10/10/2020, 19:09:09,168
SOMO00001,REminiscence,5307,10/10/2020, 20:10:28,168
SOMO00001,REminiscence,5308,10/10/2020, 21:09:49,168
SOMO00001,REminiscence,5308,10/10/2020, 22:10:09,168
SOMO00001,REminiscence,5308,10/10/2020, 23:09:43,168
SOMO00001,REminiscence,5308,10/11/2020, 00:29:12,168
SOMO00001,REminiscence,5308,10/11/2020, 01:28:22,168
SOMO00001,REminiscence,5308,10/11/2020, 02:11:30,168
SOMO00001,REminiscence,5308,10/11/2020, 03:10:09,168
SOMO00001,REminiscence,5308,10/11/2020, 04:11:14,168
SOMO00001,REminiscence,5308,10/11/2020, 05:09:43,168
SOMO00001,REminiscence,5308,10/11/2020, 06:11:25,168
SOMO00001,REminiscence,5308,10/11/2020, 07:10:15,168
SOMO00001,REminiscence,5308,10/11/2020, 08:11:16,168
SOMO00001,REminiscence,5308,10/11/2020, 09:10:13,168
SOMO00001,REminiscence,5308,10/11/2020, 10:10:26,168
SOMO00001,REminiscence,5308,10/11/2020, 11:09:19,168
SOMO00001,REminiscence,5308,10/11/2020, 12:13:01,168
SOMO00001,REminiscence,5308,10/11/2020, 13:09:50,168
SOMO00001,REminiscence,5308,10/11/2020, 14:10:22,168
SOMO00001,REminiscence,5309,10/11/2020, 15:09:42,168
SOMO00001,REminiscence,5309,10/11/2020, 16:11:37,168
SOMO00001,REminiscence,5309,10/11/2020, 17:09:14,168
SOMO00001,REminiscence,5309,10/11/2020, 18:10:50,168
SOMO00001,REminiscence,5310,10/11/2020, 19:09:34,168
SOMO00001,REminiscence,5310,10/11/2020, 20:10:26,168
SOMO00001,REminiscence,5310,10/11/2020, 21:09:36,168
SOMO00001,REminiscence,5310,10/11/2020, 22:10:16,168
SOMO00001,REminiscence,5311,10/11/2020, 23:09:28,168
SOMO00001,REminiscence,5311,10/12/2020, 00:28:50,168
SOMO00001,REminiscence,5311,10/12/2020, 01:27:49,168
SOMO00001,REminiscence,5311,10/12/2020, 02:11:24,168
SOMO00001,REminiscence,5311,10/12/2020, 03:10:21,168
SOMO00001,REminiscence,5311,10/12/2020, 04:11:17,168
SOMO00001,REminiscence,5311,10/12/2020, 05:10:41,168
SOMO00001,REminiscence,5311,10/12/2020, 06:12:00,168
SOMO00001,REminiscence,5311,10/12/2020, 07:10:44,168
SOMO00001,REminiscence,5311,10/12/2020, 08:11:46,168
SOMO00001,REminiscence,5311,10/12/2020, 09:10:32,168
SOMO00001,REminiscence,5311,10/12/2020, 10:10:50,168
SOMO00001,REminiscence,5311,10/12/2020, 11:09:38,168
SOMO00001,REminiscence,5311,10/12/2020, 12:13:31,168
SOMO00001,REminiscence,5312,10/12/2020, 13:10:07,168
SOMO00001,REminiscence,5312,10/12/2020, 14:10:50,168
SOMO00001,REminiscence,5312,10/12/2020, 15:10:27,168
SOMO00001,REminiscence,5312,10/12/2020, 16:12:08,168
SOMO00001,REminiscence,5312,10/12/2020, 17:09:31,168
SOMO00001,REminiscence,5312,10/12/2020, 18:10:57,168
SOMO00001,REminiscence,5312,10/12/2020, 19:09:26,168
SOMO00001,REminiscence,5313,10/12/2020, 20:10:48,168
SOMO00001,REminiscence,5313,10/12/2020, 21:10:11,168
SOMO00001,REminiscence,5314,10/12/2020, 22:10:19,168
SOMO00001,REminiscence,5314,10/12/2020, 23:09:32,168
SOMO00001,REminiscence,5314,10/13/2020, 00:28:45,168
SOMO00001,REminiscence,5315,10/13/2020, 01:28:02,168
SOMO00001,REminiscence,5315,10/13/2020, 02:11:37,168
SOMO00001,REminiscence,5315,10/13/2020, 03:10:15,168
SOMO00001,REminiscence,5315,10/13/2020, 04:11:31,168
SOMO00001,REminiscence,5316,10/13/2020, 05:09:59,168
SOMO00001,REminiscence,5316,10/13/2020, 06:11:36,168
SOMO00001,REminiscence,5317,10/13/2020, 07:10:15,168
SOMO00001,REminiscence,5317,10/13/2020, 08:12:10,168
SOMO00001,REminiscence,5317,10/13/2020, 09:10:20,168
SOMO00001,REminiscence,5317,10/13/2020, 10:10:54,168
SOMO00001,REminiscence,5317,10/13/2020, 11:09:55,168
SOMO00001,REminiscence,5317,10/13/2020, 12:13:57,168
SOMO00001,REminiscence,5317,10/13/2020, 13:09:52,168
SOMO00001,REminiscence,5317,10/13/2020, 14:14:01,168
SOMO00001,REminiscence,5317,10/13/2020, 15:19:51,168
SOMO00001,REminiscence,5317,10/13/2020, 16:12:36,168
SOMO00001,REminiscence,5317,10/13/2020, 17:11:19,168
SOMO00001,REminiscence,5317,10/13/2020, 18:11:02,168
SOMO00001,REminiscence,5317,10/13/2020, 19:09:26,168
SOMO00001,REminiscence,5318,10/13/2020, 20:10:58,168
SOMO00001,REminiscence,5319,10/13/2020, 21:09:58,168
SOMO00001,REminiscence,5319,10/13/2020, 22:10:19,168
SOMO00001,REminiscence,5319,10/13/2020, 23:09:52,168
SOMO00001,REminiscence,5320,10/14/2020, 00:28:50,168
SOMO00001,REminiscence,5320,10/14/2020, 01:28:06,168
SOMO00001,REminiscence,5320,10/14/2020, 02:11:44,168
SOMO00001,REminiscence,5320,10/14/2020, 03:10:03,168
SOMO00001,REminiscence,5320,10/14/2020, 04:11:34,168
SOMO00001,REminiscence,5320,10/14/2020, 05:10:16,168
SOMO00001,REminiscence,5321,10/14/2020, 06:12:02,168
SOMO00001,REminiscence,5321,10/14/2020, 07:10:49,168
SOMO00001,REminiscence,5321,10/14/2020, 08:11:47,168
SOMO00001,REminiscence,5321,10/14/2020, 09:11:48,168
SOMO00001,REminiscence,5321,10/14/2020, 10:11:11,168
SOMO00001,REminiscence,5321,10/14/2020, 11:09:47,168
SOMO00001,REminiscence,5322,10/14/2020, 12:13:38,168
SOMO00001,REminiscence,5322,10/14/2020, 13:10:01,168
SOMO00001,REminiscence,5322,10/14/2020, 14:11:42,168
SOMO00001,REminiscence,5322,10/14/2020, 15:13:38,168
SOMO00001,REminiscence,5322,10/14/2020, 16:13:47,168
SOMO00001,REminiscence,5322,10/14/2020, 17:10:19,168
SOMO00001,REminiscence,5322,10/14/2020, 18:11:23,168
SOMO00001,REminiscence,5322,10/14/2020, 19:09:25,168
SOMO00001,REminiscence,5322,10/14/2020, 20:10:59,168
SOMO00001,REminiscence,5323,10/14/2020, 21:09:46,168
SOMO00001,REminiscence,5323,10/14/2020, 22:10:16,168
SOMO00001,REminiscence,5324,10/14/2020, 23:09:55,168
SOMO00001,REminiscence,5324,10/15/2020, 00:29:09,168
SOMO00001,REminiscence,5324,10/15/2020, 01:29:07,168
SOMO00001,REminiscence,5324,10/15/2020, 02:11:18,168
SOMO00001,REminiscence,5324,10/15/2020, 03:10:05,168
SOMO00001,REminiscence,5324,10/15/2020, 04:11:55,168
SOMO00001,REminiscence,5324,10/15/2020, 05:08:24,168
SOMO00001,REminiscence,5324,10/15/2020, 06:11:49,168
SOMO00001,REminiscence,5324,10/15/2020, 07:10:25,168
SOMO00001,REminiscence,5325,10/15/2020, 08:12:37,168
SOMO00001,REminiscence,5325,10/15/2020, 09:11:02,168
SOMO00001,REminiscence,5325,10/15/2020, 10:10:54,168
SOMO00001,REminiscence,5325,10/15/2020, 11:09:56,168
SOMO00001,REminiscence,5325,10/15/2020, 12:13:54,168
SOMO00001,REminiscence,5325,10/15/2020, 13:10:12,168
SOMO00001,REminiscence,5325,10/15/2020, 14:12:17,168
SOMO00001,REminiscence,5325,10/15/2020, 15:11:43,168
SOMO00001,REminiscence,5325,10/15/2020, 16:12:54,168
SOMO00001,REminiscence,5325,10/15/2020, 17:10:42,168
SOMO00001,REminiscence,5325,10/15/2020, 18:11:02,168
SOMO00001,REminiscence,5325,10/15/2020, 19:09:47,168
SOMO00001,REminiscence,5325,10/15/2020, 20:11:03,168
SOMO00001,REminiscence,5325,10/15/2020, 21:09:26,168
SOMO00001,REminiscence,5325,10/15/2020, 22:10:24,168
SOMO00001,REminiscence,5325,10/15/2020, 23:09:53,168
SOMO00001,REminiscence,5325,10/16/2020, 00:29:35,168
SOMO00001,REminiscence,5325,10/16/2020, 01:30:22,168
SOMO00001,REminiscence,5325,10/16/2020, 02:11:25,168
SOMO00001,REminiscence,5325,10/16/2020, 03:10:21,168
SOMO00001,REminiscence,5325,10/16/2020, 04:12:21,168
SOMO00001,REminiscence,5325,10/16/2020, 05:10:13,168
SOMO00001,REminiscence,5325,10/16/2020, 06:11:42,168
SOMO00001,REminiscence,5325,10/16/2020, 07:10:41,168
SOMO00001,REminiscence,5325,10/16/2020, 08:12:14,168
SOMO00001,REminiscence,5325,10/16/2020, 09:10:38,168
SOMO00001,REminiscence,5326,10/16/2020, 10:10:59,168
SOMO00001,REminiscence,5326,10/16/2020, 11:10:04,168
SOMO00001,REminiscence,5326,10/16/2020, 12:18:56,168
SOMO00001,REminiscence,5326,10/16/2020, 13:09:49,168
SOMO00001,REminiscence,5326,10/16/2020, 14:11:38,168
SOMO00001,REminiscence,5326,10/16/2020, 15:10:58,168
SOMO00001,REminiscence,5326,10/16/2020, 16:12:58,168
SOMO00001,REminiscence,5326,10/16/2020, 17:09:56,168
SOMO00001,REminiscence,5326,10/16/2020, 18:11:13,168
SOMO00001,REminiscence,5326,10/16/2020, 19:09:42,168
SOMO00001,REminiscence,5326,10/16/2020, 20:10:53,168
SOMO00001,REminiscence,5326,10/16/2020, 21:10:08,168
SOMO00001,REminiscence,5326,10/16/2020, 22:10:16,168
SOMO00001,REminiscence,5326,10/16/2020, 23:09:39,168
SOMO00001,REminiscence,5329,10/17/2020, 00:29:30,168
SOMO00001,REminiscence,5329,10/17/2020, 01:29:50,168
SOMO00001,REminiscence,5329,10/17/2020, 02:11:12,168
SOMO00001,REminiscence,5329,10/17/2020, 03:10:50,168
SOMO00001,REminiscence,5329,10/17/2020, 04:11:58,168
SOMO00001,REminiscence,5329,10/17/2020, 05:10:12,168
SOMO00001,REminiscence,5329,10/17/2020, 06:11:33,168
SOMO00001,REminiscence,5329,10/17/2020, 07:10:51,168
SOMO00001,REminiscence,5329,10/17/2020, 08:11:34,168
SOMO00001,REminiscence,5329,10/17/2020, 09:10:24,168
SOMO00001,REminiscence,5329,10/17/2020, 10:10:51,168
SOMO00001,REminiscence,5329,10/17/2020, 11:09:55,168
SOMO00001,REminiscence,5329,10/17/2020, 12:13:20,168
SOMO00001,REminiscence,5329,10/17/2020, 13:10:00,168
SOMO00001,REminiscence,5329,10/17/2020, 14:10:45,168
SOMO00001,REminiscence,5329,10/17/2020, 15:10:26,168
SOMO00001,REminiscence,5329,10/17/2020, 16:12:57,168
SOMO00001,REminiscence,5329,10/17/2020, 17:10:06,168
SOMO00001,REminiscence,5329,10/17/2020, 18:11:07,168
SOMO00001,REminiscence,5329,10/17/2020, 19:09:27,168
SOMO00001,REminiscence,5329,10/17/2020, 20:10:44,168
SOMO00001,REminiscence,5329,10/17/2020, 21:09:53,168
SOMO00001,REminiscence,5329,10/17/2020, 22:10:16,168
SOMO00001,REminiscence,5329,10/17/2020, 23:09:56,168
SOMO00001,REminiscence,5329,10/18/2020, 00:30:27,168
SOMO00001,REminiscence,5329,10/18/2020, 01:32:59,168
SOMO00001,REminiscence,5329,10/18/2020, 02:11:13,168
SOMO00001,REminiscence,5329,10/18/2020, 03:10:18,168
SOMO00001,REminiscence,5329,10/18/2020, 04:11:36,168
SOMO00001,REminiscence,5329,10/18/2020, 05:10:26,168
SOMO00001,REminiscence,5329,10/18/2020, 06:11:40,168
SOMO00001,REminiscence,5329,10/18/2020, 07:10:54,168
SOMO00001,REminiscence,5329,10/18/2020, 08:11:50,168
SOMO00001,REminiscence,5329,10/18/2020, 09:10:37,168
SOMO00001,REminiscence,5329,10/18/2020, 10:10:45,168
SOMO00001,REminiscence,5330,10/18/2020, 11:09:51,168
SOMO00001,REminiscence,5330,10/18/2020, 12:13:32,168
SOMO00001,REminiscence,5330,10/18/2020, 13:09:59,168
SOMO00001,REminiscence,5330,10/18/2020, 14:10:59,168
SOMO00001,REminiscence,5330,10/18/2020, 15:10:09,168
SOMO00001,REminiscence,5330,10/18/2020, 16:13:03,168
SOMO00001,REminiscence,5330,10/18/2020, 17:09:45,168
SOMO00001,REminiscence,5330,10/18/2020, 18:10:56,168
SOMO00001,REminiscence,5330,10/18/2020, 19:09:42,168
SOMO00001,REminiscence,5330,10/18/2020, 20:10:59,168
SOMO00001,REminiscence,5331,10/18/2020, 21:10:04,168
SOMO00001,REminiscence,5331,10/18/2020, 22:10:28,168
SOMO00001,REminiscence,5331,10/18/2020, 23:10:17,168
SOMO00001,REminiscence,5331,10/19/2020, 00:30:26,168
SOMO00001,REminiscence,5331,10/19/2020, 01:32:43,168
SOMO00001,REminiscence,5331,10/19/2020, 02:11:10,168
SOMO00001,REminiscence,5331,10/19/2020, 03:10:40,168
SOMO00001,REminiscence,5331,10/19/2020, 04:11:42,168
SOMO00001,REminiscence,5331,10/19/2020, 05:10:36,168
SOMO00001,REminiscence,5331,10/19/2020, 06:12:19,168
SOMO00001,REminiscence,5331,10/19/2020, 07:12:40,168
SOMO00001,REminiscence,5331,10/19/2020, 08:12:39,168
SOMO00001,REminiscence,5331,10/19/2020, 09:14:39,168
SOMO00001,REminiscence,5331,10/19/2020, 10:11:27,168
SOMO00001,REminiscence,5331,10/19/2020, 11:10:07,168
SOMO00001,REminiscence,5331,10/19/2020, 12:14:21,168
SOMO00001,REminiscence,5331,10/19/2020, 13:10:43,168
SOMO00001,REminiscence,5331,10/19/2020, 14:11:31,168
SOMO00001,REminiscence,5331,10/19/2020, 15:10:55,168
SOMO00001,REminiscence,5331,10/19/2020, 16:13:24,168
SOMO00001,REminiscence,5331,10/19/2020, 17:10:36,168
SOMO00001,REminiscence,5331,10/19/2020, 18:11:30,168
SOMO00001,REminiscence,5331,10/19/2020, 19:09:34,168
SOMO00001,REminiscence,5331,10/19/2020, 20:11:11,168
SOMO00001,REminiscence,5331,10/19/2020, 21:10:32,168
SOMO00001,REminiscence,5331,10/19/2020, 22:10:40,168
SOMO00001,REminiscence,5331,10/19/2020, 23:10:16,168
SOMO00001,REminiscence,5331,10/20/2020, 00:29:53,168
SOMO00001,REminiscence,5331,10/20/2020, 01:32:26,168
SOMO00001,REminiscence,5331,10/20/2020, 02:11:09,168
SOMO00001,REminiscence,5331,10/20/2020, 03:10:54,168
SOMO00001,REminiscence,5331,10/20/2020, 04:12:19,168
SOMO00001,REminiscence,5331,10/20/2020, 05:12:50,168
SOMO00001,REminiscence,5331,10/20/2020, 06:12:08,168
SOMO00001,REminiscence,5331,10/20/2020, 07:10:54,168
SOMO00001,REminiscence,5331,10/20/2020, 08:12:33,168
SOMO00001,REminiscence,5331,10/20/2020, 09:11:04,168
SOMO00001,REminiscence,5331,10/20/2020, 10:11:16,168
SOMO00001,REminiscence,5331,10/20/2020, 11:10:17,168
SOMO00001,REminiscence,5331,10/20/2020, 12:14:07,168
SOMO00001,REminiscence,5331,10/20/2020, 13:10:40,168
SOMO00001,REminiscence,5331,10/20/2020, 14:11:47,168
SOMO00001,REminiscence,5332,10/20/2020, 15:11:16,168
SOMO00001,REminiscence,5333,10/20/2020, 16:14:02,168
SOMO00001,REminiscence,5333,10/20/2020, 17:10:30,168
SOMO00001,REminiscence,5333,10/20/2020, 18:11:14,168
SOMO00001,REminiscence,5333,10/20/2020, 19:11:44,168
SOMO00001,REminiscence,5335,10/20/2020, 20:11:09,168
SOMO00001,REminiscence,5335,10/20/2020, 21:11:18,168
SOMO00001,REminiscence,5335,10/20/2020, 22:10:21,168
SOMO00001,REminiscence,5335,10/20/2020, 23:10:12,168
SOMO00001,REminiscence,5335,10/21/2020, 00:30:30,168
SOMO00001,REminiscence,5336,10/21/2020, 01:31:48,168
SOMO00001,REminiscence,5336,10/21/2020, 02:11:19,168
SOMO00001,REminiscence,5336,10/21/2020, 03:10:38,168
SOMO00001,REminiscence,5336,10/21/2020, 04:12:32,168
SOMO00001,REminiscence,5336,10/21/2020, 05:10:38,168
SOMO00001,REminiscence,5336,10/21/2020, 06:12:59,168
SOMO00001,REminiscence,5336,10/21/2020, 07:11:36,168
SOMO00001,REminiscence,5336,10/21/2020, 08:12:14,168
SOMO00001,REminiscence,5336,10/21/2020, 09:10:54,168
SOMO00001,REminiscence,5336,10/21/2020, 10:11:33,168
SOMO00001,REminiscence,5336,10/21/2020, 11:10:16,168
SOMO00001,REminiscence,5337,10/21/2020, 12:15:32,168
SOMO00001,REminiscence,5337,10/21/2020, 13:10:27,168
SOMO00001,REminiscence,5337,10/21/2020, 14:11:54,168
SOMO00001,REminiscence,5337,10/21/2020, 15:11:34,168
SOMO00001,REminiscence,5337,10/21/2020, 16:14:50,168
SOMO00001,REminiscence,5337,10/21/2020, 17:10:16,168
SOMO00001,REminiscence,5337,10/21/2020, 18:11:32,168
SOMO00001,REminiscence,5337,10/21/2020, 19:09:58,168
SOMO00001,REminiscence,5337,10/21/2020, 20:11:18,168
SOMO00001,REminiscence,5337,10/21/2020, 21:10:30,168
SOMO00001,REminiscence,5339,10/21/2020, 22:12:26,168
SOMO00001,REminiscence,5339,10/21/2020, 23:10:20,168
SOMO00001,REminiscence,5339,10/22/2020, 00:30:47,168
SOMO00001,REminiscence,5339,10/22/2020, 01:34:08,168
SOMO00001,REminiscence,5339,10/22/2020, 02:12:16,168
SOMO00001,REminiscence,5339,10/22/2020, 03:10:46,168
SOMO00001,REminiscence,5339,10/22/2020, 04:12:17,168
SOMO00001,REminiscence,5339,10/22/2020, 05:10:37,168
SOMO00001,REminiscence,5339,10/22/2020, 06:12:23,168
SOMO00001,REminiscence,5339,10/22/2020, 07:11:08,168
SOMO00001,REminiscence,5339,10/22/2020, 08:12:32,168
SOMO00001,REminiscence,5339,10/22/2020, 09:10:59,168
SOMO00001,REminiscence,5339,10/22/2020, 10:11:46,168
SOMO00001,REminiscence,5339,10/22/2020, 11:10:25,168
SOMO00001,REminiscence,5339,10/22/2020, 12:14:25,168
SOMO00001,REminiscence,5339,10/22/2020, 13:10:29,168
SOMO00001,REminiscence,5339,10/22/2020, 14:11:29,168
SOMO00001,REminiscence,5340,10/22/2020, 15:11:00,168
SOMO00001,REminiscence,5340,10/22/2020, 16:14:45,168
SOMO00001,REminiscence,5340,10/22/2020, 17:10:25,168
SOMO00001,REminiscence,5340,10/22/2020, 18:11:22,168
SOMO00001,REminiscence,5340,10/22/2020, 19:09:57,168
SOMO00001,REminiscence,5340,10/22/2020, 20:11:28,168
SOMO00001,REminiscence,5340,10/22/2020, 21:10:09,168
SOMO00001,REminiscence,5340,10/22/2020, 22:11:12,168
SOMO00001,REminiscence,5340,10/22/2020, 23:10:34,168
SOMO00001,REminiscence,5340,10/23/2020, 00:31:00,168
SOMO00001,REminiscence,5340,10/23/2020, 01:35:16,168
SOMO00001,REminiscence,5340,10/23/2020, 02:12:37,168
SOMO00001,REminiscence,5341,10/23/2020, 03:10:46,168
SOMO00001,REminiscence,5341,10/23/2020, 04:13:04,168
SOMO00001,REminiscence,5341,10/23/2020, 05:33:51,168
SOMO00001,REminiscence,5341,10/23/2020, 07:10:15,168
SOMO00001,REminiscence,5341,10/23/2020, 07:11:51,168
SOMO00001,REminiscence,5341,10/23/2020, 08:13:07,168
SOMO00001,REminiscence,5341,10/23/2020, 09:11:17,168
SOMO00001,REminiscence,5341,10/23/2020, 10:12:03,168
SOMO00001,REminiscence,5342,10/23/2020, 11:10:40,168
SOMO00001,REminiscence,5342,10/23/2020, 12:19:25,168
SOMO00001,REminiscence,5342,10/23/2020, 13:12:24,168
SOMO00001,REminiscence,5342,10/23/2020, 14:11:31,168
SOMO00001,REminiscence,5342,10/23/2020, 15:11:00,168
SOMO00001,REminiscence,5342,10/23/2020, 16:15:29,168
SOMO00001,REminiscence,5342,10/23/2020, 17:10:20,168
SOMO00001,REminiscence,5342,10/23/2020, 18:11:29,168
SOMO00001,REminiscence,5342,10/23/2020, 19:10:13,168
SOMO00001,REminiscence,5342,10/23/2020, 20:13:14,168
SOMO00001,REminiscence,5342,10/23/2020, 21:10:28,168
SOMO00001,REminiscence,5343,10/23/2020, 22:11:14,168
SOMO00001,REminiscence,5344,10/23/2020, 23:10:31,168
SOMO00001,REminiscence,5344,10/24/2020, 00:30:57,168
SOMO00001,REminiscence,5345,10/24/2020, 01:35:04,168
SOMO00001,REminiscence,5345,10/24/2020, 02:12:40,168
SOMO00001,REminiscence,5347,10/24/2020, 03:10:53,168
SOMO00001,REminiscence,5347,10/24/2020, 04:12:35,168
SOMO00001,REminiscence,5347,10/24/2020, 05:10:50,168
SOMO00001,REminiscence,5347,10/24/2020, 06:12:08,168
SOMO00001,REminiscence,5347,10/24/2020, 07:11:18,168
SOMO00001,REminiscence,5347,10/24/2020, 08:12:04,168
SOMO00001,REminiscence,5347,10/24/2020, 09:10:53,168
SOMO00001,REminiscence,5347,10/24/2020, 10:11:36,168
SOMO00001,REminiscence,5347,10/24/2020, 11:10:23,168
SOMO00001,REminiscence,5347,10/24/2020, 12:14:14,168
SOMO00001,REminiscence,5347,10/24/2020, 13:10:26,168
SOMO00001,REminiscence,5347,10/24/2020, 14:11:11,168
SOMO00001,REminiscence,5347,10/24/2020, 15:10:46,168
SOMO00001,REminiscence,5347,10/24/2020, 16:14:59,168
SOMO00001,REminiscence,5347,10/24/2020, 17:10:27,168
SOMO00001,REminiscence,5347,10/24/2020, 18:11:13,168
SOMO00001,REminiscence,5347,10/24/2020, 19:10:01,168
SOMO00001,REminiscence,5347,10/24/2020, 20:11:15,168
SOMO00001,REminiscence,5348,10/24/2020, 21:10:22,168
SOMO00001,REminiscence,5348,10/24/2020, 22:11:10,168
SOMO00001,REminiscence,5349,10/24/2020, 23:10:22,168
SOMO00001,REminiscence,5349,10/25/2020, 00:32:12,168
SOMO00001,REminiscence,5349,10/25/2020, 01:38:53,168
SOMO00001,REminiscence,5349,10/25/2020, 02:14:03,168
SOMO00001,REminiscence,5349,10/25/2020, 03:11:19,168
SOMO00001,REminiscence,5349,10/25/2020, 04:13:16,168
SOMO00001,REminiscence,5349,10/25/2020, 05:10:47,168
SOMO00001,REminiscence,5349,10/25/2020, 06:12:15,168
SOMO00001,REminiscence,5349,10/25/2020, 07:11:46,168
SOMO00001,REminiscence,5349,10/25/2020, 08:12:29,168
SOMO00001,REminiscence,5349,10/25/2020, 09:11:09,168
SOMO00001,REminiscence,5349,10/25/2020, 10:11:58,168
SOMO00001,REminiscence,5349,10/25/2020, 11:10:39,168
SOMO00001,REminiscence,5349,10/25/2020, 12:14:22,168
SOMO00001,REminiscence,5349,10/25/2020, 13:10:20,168
SOMO00001,REminiscence,5349,10/25/2020, 14:11:25,168
SOMO00001,REminiscence,5349,10/25/2020, 15:11:06,168
SOMO00001,REminiscence,5349,10/25/2020, 16:15:35,168
SOMO00001,REminiscence,5349,10/25/2020, 17:10:18,168
SOMO00001,REminiscence,5349,10/25/2020, 18:11:28,168
SOMO00001,REminiscence,5349,10/25/2020, 19:10:06,168
SOMO00001,REminiscence,5350,10/25/2020, 20:11:25,168
SOMO00001,REminiscence,5351,10/25/2020, 21:10:26,168
SOMO00001,REminiscence,5351,10/25/2020, 22:11:21,168
SOMO00001,REminiscence,5351,10/25/2020, 23:10:36,168
SOMO00001,REminiscence,5351,10/26/2020, 00:31:58,168
SOMO00001,REminiscence,5351,10/26/2020, 01:38:50,168
SOMO00001,REminiscence,5351,10/26/2020, 02:14:59,168
SOMO00001,REminiscence,5351,10/26/2020, 03:11:31,168
SOMO00001,REminiscence,5351,10/26/2020, 04:13:31,168
SOMO00001,REminiscence,5351,10/26/2020, 05:11:13,168
SOMO00001,REminiscence,5351,10/26/2020, 06:12:32,168
SOMO00001,REminiscence,5352,10/26/2020, 07:11:45,168
SOMO00001,REminiscence,5352,10/26/2020, 08:12:53,168
SOMO00001,REminiscence,5352,10/26/2020, 09:11:59,168
SOMO00001,REminiscence,5352,10/26/2020, 10:13:01,168
SOMO00001,REminiscence,5352,10/26/2020, 11:10:51,168
SOMO00001,REminiscence,5352,10/26/2020, 12:14:46,168
SOMO00001,REminiscence,5352,10/26/2020, 13:10:53,168
SOMO00001,REminiscence,5352,10/26/2020, 14:12:02,168
SOMO00001,REminiscence,5352,10/26/2020, 15:11:52,168
SOMO00001,REminiscence,5352,10/26/2020, 16:16:42,168
SOMO00001,REminiscence,5352,10/26/2020, 17:11:10,168
SOMO00001,REminiscence,5352,10/26/2020, 18:11:47,168
SOMO00001,REminiscence,5352,10/26/2020, 19:10:16,168
SOMO00001,REminiscence,5352,10/26/2020, 20:11:39,168
SOMO00001,REminiscence,5352,10/26/2020, 21:10:27,168
SOMO00001,REminiscence,5353,10/26/2020, 22:11:27,168
SOMO00001,REminiscence,5353,10/26/2020, 23:10:41,168
SOMO00001,REminiscence,5353,10/27/2020, 00:31:28,168
SOMO00001,REminiscence,5353,10/27/2020, 01:38:49,168
SOMO00001,REminiscence,5353,10/27/2020, 02:15:19,168
SOMO00001,REminiscence,5353,10/27/2020, 03:11:29,168
SOMO00001,REminiscence,5353,10/27/2020, 04:13:54,168
SOMO00001,REminiscence,5353,10/27/2020, 05:11:24,168
SOMO00001,REminiscence,5353,10/27/2020, 06:12:36,168
SOMO00001,REminiscence,5353,10/27/2020, 07:11:39,168
SOMO00001,REminiscence,5353,10/27/2020, 08:13:09,168
SOMO00001,REminiscence,5353,10/27/2020, 09:12:03,168
SOMO00001,REminiscence,5353,10/27/2020, 10:12:58,168
SOMO00001,REminiscence,5353,10/27/2020, 11:10:59,168
SOMO00001,REminiscence,5353,10/27/2020, 12:14:49,168
SOMO00001,REminiscence,5353,10/27/2020, 13:10:40,168
SOMO00001,REminiscence,5353,10/27/2020, 14:14:22,168
SOMO00001,REminiscence,5353,10/27/2020, 15:13:19,168
SOMO00001,REminiscence,5356,10/27/2020, 16:16:50,168
SOMO00001,REminiscence,5356,10/27/2020, 17:10:32,168
SOMO00001,REminiscence,5356,10/27/2020, 18:11:31,168
SOMO00001,REminiscence,5357,10/27/2020, 19:10:22,168
SOMO00001,REminiscence,5357,10/27/2020, 20:11:45,168
SOMO00001,REminiscence,5357,10/27/2020, 21:10:42,168
SOMO00001,REminiscence,5357,10/27/2020, 22:12:02,168
SOMO00001,REminiscence,5357,10/27/2020, 23:10:52,168
SOMO00001,REminiscence,5358,10/28/2020, 00:32:03,168
SOMO00001,REminiscence,5358,10/28/2020, 01:41:03,168
SOMO00001,REminiscence,5358,10/28/2020, 02:16:22,168
SOMO00001,REminiscence,5359,10/28/2020, 03:11:39,168
SOMO00001,REminiscence,5360,10/28/2020, 04:14:03,168
SOMO00001,REminiscence,5360,10/28/2020, 05:11:03,168
SOMO00001,REminiscence,5360,10/28/2020, 06:12:40,168
SOMO00001,REminiscence,5360,10/28/2020, 07:12:05,168
SOMO00001,REminiscence,5360,10/28/2020, 08:13:10,168
SOMO00001,REminiscence,5360,10/28/2020, 09:11:48,168
SOMO00001,REminiscence,5360,10/28/2020, 10:13:17,168
SOMO00001,REminiscence,5360,10/28/2020, 11:10:47,168
SOMO00001,REminiscence,5362,10/28/2020, 12:15:09,168
SOMO00001,REminiscence,5362,10/28/2020, 13:10:41,168
SOMO00001,REminiscence,5363,10/28/2020, 14:12:32,168
SOMO00001,REminiscence,5364,10/28/2020, 15:12:51,168
SOMO00001,REminiscence,5364,10/28/2020, 16:17:30,168
SOMO00001,REminiscence,5365,10/28/2020, 17:10:54,168
SOMO00001,REminiscence,5365,10/28/2020, 18:11:42,168
SOMO00001,REminiscence,5365,10/28/2020, 19:10:15,168
SOMO00001,REminiscence,5365,10/28/2020, 20:11:55,168
SOMO00001,REminiscence,5366,10/28/2020, 21:10:40,168
SOMO00001,REminiscence,5366,10/28/2020, 22:12:07,168
SOMO00001,REminiscence,5366,10/28/2020, 23:11:06,168
SOMO00001,REminiscence,5368,10/29/2020, 00:32:38,168
SOMO00001,REminiscence,5368,10/29/2020, 01:43:11,168
SOMO00001,REminiscence,5368,10/29/2020, 02:18:00,168
SOMO00001,REminiscence,5368,10/29/2020, 03:10:49,168
SOMO00001,REminiscence,5368,10/29/2020, 04:14:13,168
SOMO00001,REminiscence,5368,10/29/2020, 05:11:06,168
SOMO00001,REminiscence,5368,10/29/2020, 06:13:07,168
SOMO00001,REminiscence,5368,10/29/2020, 07:11:41,168
SOMO00001,REminiscence,5368,10/29/2020, 08:13:28,168
SOMO00001,REminiscence,5368,10/29/2020, 09:11:47,168
SOMO00001,REminiscence,5368,10/29/2020, 10:13:42,168
SOMO00001,REminiscence,5368,10/29/2020, 11:11:03,168
SOMO00001,REminiscence,5368,10/29/2020, 12:15:50,168
SOMO00001,REminiscence,5368,10/29/2020, 13:11:30,168
SOMO00001,REminiscence,5368,10/29/2020, 14:12:31,168
SOMO00001,REminiscence,5368,10/29/2020, 15:12:03,168
SOMO00001,REminiscence,5368,10/29/2020, 16:16:39,168
SOMO00001,REminiscence,5368,10/29/2020, 17:08:49,168
SOMO00001,REminiscence,5368,10/29/2020, 18:08:00,168
SOMO00001,REminiscence,5368,10/29/2020, 19:06:25,168
SOMO00001,REminiscence,5368,10/29/2020, 20:05:57,168
SOMO00001,REminiscence,5368,10/29/2020, 21:05:33,168
SOMO00001,REminiscence,5368,10/29/2020, 22:05:56,168
SOMO00001,REminiscence,5368,10/29/2020, 23:06:12,168
SOMO00001,REminiscence,5368,10/30/2020, 00:19:14,168
SOMO00001,REminiscence,5368,10/30/2020, 01:07:10,168
SOMO00001,REminiscence,5368,10/30/2020, 02:06:55,168
SOMO00001,REminiscence,5368,10/30/2020, 03:06:40,168
SOMO00001,REminiscence,5368,10/30/2020, 04:07:35,168
SOMO00001,REminiscence,5368,10/30/2020, 05:07:50,168
SOMO00001,REminiscence,5369,10/30/2020, 06:07:26,168
SOMO00001,REminiscence,5369,10/30/2020, 07:06:53,168
SOMO00001,REminiscence,5369,10/30/2020, 08:08:02,168
SOMO00001,REminiscence,5370,10/30/2020, 09:06:48,168
SOMO00001,REminiscence,5370,10/30/2020, 10:07:37,168
SOMO00001,REminiscence,5370,10/30/2020, 11:06:08,168
SOMO00001,REminiscence,5370,10/30/2020, 12:09:10,168
SOMO00001,REminiscence,5370,10/30/2020, 13:06:32,168
SOMO00001,REminiscence,5370,10/30/2020, 14:06:44,168
SOMO00001,REminiscence,5370,10/30/2020, 15:06:40,168
SOMO00001,REminiscence,5370,10/30/2020, 16:10:43,168
SOMO00001,REminiscence,5371,10/30/2020, 17:06:39,168
SOMO00001,REminiscence,5371,10/30/2020, 18:06:54,168
SOMO00001,REminiscence,5371,10/30/2020, 19:06:04,168
SOMO00001,REminiscence,5371,10/30/2020, 20:06:29,168
SOMO00001,REminiscence,5374,10/30/2020, 21:06:31,168
SOMO00001,REminiscence,5374,10/30/2020, 22:07:11,168
SOMO00001,REminiscence,5374,10/30/2020, 23:06:48,168
SOMO00001,REminiscence,5374,10/31/2020, 00:18:02,168
SOMO00001,REminiscence,5374,10/31/2020, 01:09:23,168
SOMO00001,REminiscence,5374,10/31/2020, 02:07:42,168
SOMO00001,REminiscence,5374,10/31/2020, 03:07:40,168
SOMO00001,REminiscence,5374,10/31/2020, 04:08:40,168
SOMO00001,REminiscence,5374,10/31/2020, 05:07:28,168
SOMO00001,REminiscence,5374,10/31/2020, 06:07:41,168
SOMO00001,REminiscence,5374,10/31/2020, 07:07:29,168
SOMO00001,REminiscence,5374,10/31/2020, 08:07:34,168
SOMO00001,REminiscence,5374,10/31/2020, 09:06:43,168
SOMO00001,REminiscence,5374,10/31/2020, 10:07:53,168
SOMO00001,REminiscence,5374,10/31/2020, 11:06:33,168
SOMO00001,REminiscence,5374,10/31/2020, 12:08:52,168
SOMO00001,REminiscence,5375,10/31/2020, 13:06:32,168
SOMO00001,REminiscence,5375,10/31/2020, 14:06:32,168
SOMO00001,REminiscence,5375,10/31/2020, 15:06:48,168
SOMO00001,REminiscence,5375,10/31/2020, 16:11:15,168
SOMO00001,REminiscence,5375,10/31/2020, 17:06:35,168
SOMO00001,REminiscence,5375,10/31/2020, 18:06:51,168
SOMO00001,REminiscence,5375,10/31/2020, 19:06:16,168
SOMO00001,REminiscence,5375,10/31/2020, 20:06:39,168
SOMO00001,REminiscence,5375,10/31/2020, 21:06:14,168
SOMO00001,REminiscence,5375,10/31/2020, 22:07:37,168
SOMO00001,REminiscence,5376,10/31/2020, 23:06:37,168
SOMO00001,REminiscence,5376,11/01/2020, 00:20:24,168
SOMO00001,REminiscence,5376,11/01/2020, 01:09:19,168
SOMO00001,REminiscence,5376,11/01/2020, 02:10:26,168
SOMO00001,REminiscence,5376,11/01/2020, 03:07:30,168
SOMO00001,REminiscence,5376,11/01/2020, 04:08:55,168
SOMO00001,REminiscence,5376,11/01/2020, 05:06:54,168
SOMO00001,REminiscence,5376,11/01/2020, 06:07:56,168
SOMO00001,REminiscence,5376,11/01/2020, 07:07:53,168
SOMO00001,REminiscence,5376,11/01/2020, 08:08:02,168
SOMO00001,REminiscence,5376,11/01/2020, 09:07:15,168
SOMO00001,REminiscence,5376,11/01/2020, 13:13:24,168
SOMO00001,REminiscence,5376,11/01/2020, 14:06:34,168
SOMO00001,REminiscence,5376,11/01/2020, 15:07:12,168
SOMO00001,REminiscence,5377,11/01/2020, 16:12:04,168
SOMO00001,REminiscence,5378,11/01/2020, 17:06:53,168
SOMO00001,REminiscence,5378,11/01/2020, 18:07:09,168
SOMO00001,REminiscence,5378,11/01/2020, 19:06:19,168
SOMO00001,REminiscence,5378,11/01/2020, 20:06:29,168
SOMO00001,REminiscence,5378,11/01/2020, 21:06:26,168
SOMO00001,REminiscence,5378,11/01/2020, 22:08:01,168
SOMO00001,REminiscence,5378,11/01/2020, 23:08:03,168
SOMO00001,REminiscence,5378,11/02/2020, 00:19:17,168
SOMO00001,REminiscence,5378,11/02/2020, 01:08:28,168
SOMO00001,REminiscence,5378,11/02/2020, 02:08:14,168
SOMO00001,REminiscence,5378,11/02/2020, 03:07:03,168
SOMO00001,REminiscence,5378,11/02/2020, 04:09:41,168
SOMO00001,REminiscence,5378,11/02/2020, 05:07:31,168
SOMO00001,REminiscence,5378,11/02/2020, 06:08:30,168
SOMO00001,REminiscence,5378,11/02/2020, 07:07:46,168
SOMO00001,REminiscence,5379,11/02/2020, 08:10:50,168
SOMO00001,REminiscence,5379,11/02/2020, 09:07:29,168
SOMO00001,REminiscence,5379,11/02/2020, 10:09:11,168
SOMO00001,REminiscence,5379,11/02/2020, 11:07:09,168
SOMO00001,REminiscence,5379,11/02/2020, 12:09:42,168
SOMO00001,REminiscence,5379,11/02/2020, 13:07:28,168
SOMO00001,REminiscence,5379,11/02/2020, 14:07:20,168
SOMO00001,REminiscence,5379,11/02/2020, 15:07:55,168
SOMO00001,REminiscence,5379,11/02/2020, 16:13:44,168
SOMO00001,REminiscence,5379,11/02/2020, 17:07:24,168
SOMO00001,REminiscence,5379,11/02/2020, 18:07:26,168
SOMO00001,REminiscence,5379,11/02/2020, 19:06:18,168
SOMO00001,REminiscence,5379,11/02/2020, 20:07:02,168
SOMO00001,REminiscence,5379,11/02/2020, 21:06:34,168
SOMO00001,REminiscence,5380,11/02/2020, 22:08:48,168
SOMO00001,REminiscence,5380,11/02/2020, 23:07:19,168
SOMO00001,REminiscence,5380,11/03/2020, 00:19:36,168
SOMO00001,REminiscence,5380,11/03/2020, 01:10:23,168
SOMO00001,REminiscence,5380,11/03/2020, 02:08:43,168
SOMO00001,REminiscence,5380,11/03/2020, 03:07:32,168
SOMO00001,REminiscence,5380,11/03/2020, 04:09:36,168
SOMO00001,REminiscence,5380,11/03/2020, 05:07:03,168
SOMO00001,REminiscence,5380,11/03/2020, 06:08:24,168
SOMO00001,REminiscence,5380,11/03/2020, 07:08:27,168
SOMO00001,REminiscence,5380,11/03/2020, 08:08:55,168
SOMO00001,REminiscence,5380,11/03/2020, 09:07:27,168
SOMO00001,REminiscence,5380,11/03/2020, 10:09:10,168
SOMO00001,REminiscence,5380,11/03/2020, 11:07:00,168
SOMO00001,REminiscence,5380,11/03/2020, 12:09:47,168
SOMO00001,REminiscence,5380,11/03/2020, 13:07:20,168
SOMO00001,REminiscence,5380,11/03/2020, 14:07:19,168
SOMO00001,REminiscence,5380,11/03/2020, 15:08:07,168
SOMO00001,REminiscence,5380,11/03/2020, 16:15:09,168
SOMO00001,REminiscence,5380,11/03/2020, 17:07:38,168
SOMO00001,REminiscence,5380,11/03/2020, 18:07:23,168
SOMO00001,REminiscence,5380,11/03/2020, 19:06:35,168
SOMO00001,REminiscence,5380,11/03/2020, 20:07:03,168
SOMO00001,REminiscence,5380,11/03/2020, 21:06:32,168
SOMO00001,REminiscence,5380,11/03/2020, 22:08:42,168
SOMO00001,REminiscence,5380,11/03/2020, 23:07:21,168
SOMO00001,REminiscence,5381,11/04/2020, 00:19:37,168
SOMO00001,REminiscence,5381,11/04/2020, 01:11:45,168
SOMO00001,REminiscence,5382,11/04/2020, 02:08:33,168
SOMO00001,REminiscence,5382,11/04/2020, 03:07:33,168
SOMO00001,REminiscence,5382,11/04/2020, 04:10:18,168
SOMO00001,REminiscence,5382,11/04/2020, 05:07:46,168
SOMO00001,REminiscence,5382,11/04/2020, 06:08:13,168
SOMO00001,REminiscence,5382,11/04/2020, 07:08:42,168
SOMO00001,REminiscence,5382,11/04/2020, 08:08:39,168
SOMO00001,REminiscence,5382,11/04/2020, 09:07:46,168
SOMO00001,REminiscence,5382,11/04/2020, 10:09:25,168
SOMO00001,REminiscence,5382,11/04/2020, 11:07:19,168
SOMO00001,REminiscence,5382,11/04/2020, 12:10:05,168
SOMO00001,REminiscence,5382,11/04/2020, 13:07:18,168
SOMO00001,REminiscence,5382,11/04/2020, 14:07:32,168
SOMO00001,REminiscence,5382,11/04/2020, 15:08:08,168
SOMO00001,REminiscence,5382,11/04/2020, 16:14:38,168
SOMO00001,REminiscence,5382,11/04/2020, 17:07:49,168
SOMO00001,REminiscence,5382,11/04/2020, 18:07:24,168
SOMO00001,REminiscence,5382,11/04/2020, 19:06:40,168
SOMO00001,REminiscence,5382,11/04/2020, 20:07:16,168
SOMO00001,REminiscence,5383,11/04/2020, 21:06:41,168
SOMO00001,REminiscence,5384,11/04/2020, 22:09:00,168
SOMO00001,REminiscence,5384,11/04/2020, 23:07:22,168
SOMO00001,REminiscence,5384,11/05/2020, 00:20:20,168
SOMO00001,REminiscence,5384,11/05/2020, 01:13:38,168
SOMO00001,REminiscence,5384,11/05/2020, 02:08:58,168
SOMO00001,REminiscence,5384,11/05/2020, 03:07:36,168
SOMO00001,REminiscence,5384,11/05/2020, 04:10:17,168
SOMO00001,REminiscence,5384,11/05/2020, 05:07:39,168
SOMO00001,REminiscence,5384,11/05/2020, 06:08:39,168
SOMO00001,REminiscence,5384,11/05/2020, 07:08:26,168
SOMO00001,REminiscence,5384,11/05/2020, 08:09:17,168
SOMO00001,REminiscence,5384,11/05/2020, 09:07:50,168
SOMO00001,REminiscence,5384,11/05/2020, 10:09:37,168
SOMO00001,REminiscence,5384,11/05/2020, 11:07:25,168
SOMO00001,REminiscence,5384,11/05/2020, 12:10:44,168
SOMO00001,REminiscence,5384,11/05/2020, 13:09:11,168
SOMO00001,REminiscence,5384,11/05/2020, 14:08:08,168
SOMO00001,REminiscence,5384,11/05/2020, 15:08:25,168
SOMO00001,REminiscence,5384,11/05/2020, 16:26:10,168
SOMO00001,REminiscence,5384,11/05/2020, 17:07:40,168
SOMO00001,REminiscence,5384,11/05/2020, 18:07:43,168
SOMO00001,REminiscence,5384,11/05/2020, 19:06:40,168
SOMO00001,REminiscence,5384,11/05/2020, 20:07:22,168
SOMO00001,REminiscence,5384,11/05/2020, 21:06:48,168
SOMO00001,REminiscence,5386,11/05/2020, 22:09:18,168
SOMO00001,REminiscence,5386,11/05/2020, 23:07:53,168
SOMO00001,REminiscence,5386,11/06/2020, 00:20:41,168
SOMO00001,REminiscence,5387,11/06/2020, 01:15:22,168
SOMO00001,REminiscence,5387,11/06/2020, 02:09:07,168
SOMO00001,REminiscence,5387,11/06/2020, 03:07:41,168
SOMO00001,REminiscence,5387,11/06/2020, 04:10:41,168
SOMO00001,REminiscence,5387,11/06/2020, 05:07:49,168
SOMO00001,REminiscence,5387,11/06/2020, 06:08:43,168
SOMO00001,REminiscence,5387,11/06/2020, 07:08:53,168
SOMO00001,REminiscence,5387,11/06/2020, 08:09:38,168
SOMO00001,REminiscence,5387,11/06/2020, 09:08:08,168
SOMO00001,REminiscence,5387,11/06/2020, 10:09:59,168
SOMO00001,REminiscence,5387,11/06/2020, 11:07:11,168
SOMO00001,REminiscence,5387,11/06/2020, 12:10:37,168
SOMO00001,REminiscence,5387,11/06/2020, 13:07:46,168
SOMO00001,REminiscence,5387,11/06/2020, 14:08:26,168
SOMO00001,REminiscence,5387,11/06/2020, 15:08:38,168
SOMO00001,REminiscence,5387,11/06/2020, 16:16:05,168
SOMO00001,REminiscence,5387,11/06/2020, 17:07:52,168
SOMO00001,REminiscence,5387,11/06/2020, 18:07:51,168
SOMO00001,REminiscence,5387,11/06/2020, 19:06:34,168
SOMO00001,REminiscence,5388,11/06/2020, 20:07:11,168
SOMO00001,REminiscence,5388,11/06/2020, 21:07:01,168
SOMO00001,REminiscence,5388,11/06/2020, 22:09:44,168
SOMO00001,REminiscence,5389,11/06/2020, 23:07:46,168
SOMO00001,REminiscence,5389,11/07/2020, 00:20:55,168
SOMO00001,REminiscence,5389,11/07/2020, 01:16:17,168
SOMO00001,REminiscence,5389,11/07/2020, 02:09:05,168
SOMO00001,REminiscence,5389,11/07/2020, 03:08:10,168
SOMO00001,REminiscence,5389,11/07/2020, 04:10:57,168
SOMO00001,REminiscence,5389,11/07/2020, 05:07:51,168
SOMO00001,REminiscence,5389,11/07/2020, 06:08:49,168
SOMO00001,REminiscence,5389,11/07/2020, 07:08:51,168
SOMO00001,REminiscence,5389,11/07/2020, 08:09:15,168
SOMO00001,REminiscence,5389,11/07/2020, 09:08:10,168
SOMO00001,REminiscence,5389,11/07/2020, 10:09:46,168
SOMO00001,REminiscence,5389,11/07/2020, 11:07:35,168
SOMO00001,REminiscence,5389,11/07/2020, 12:10:28,168
SOMO00001,REminiscence,5391,11/07/2020, 13:07:28,168
SOMO00001,REminiscence,5391,11/07/2020, 14:07:52,168
SOMO00001,REminiscence,5391,11/07/2020, 15:08:21,168
SOMO00001,REminiscence,5391,11/07/2020, 16:15:42,168
SOMO00001,REminiscence,5392,11/07/2020, 17:07:30,168
SOMO00001,REminiscence,5392,11/07/2020, 18:07:46,168
SOMO00001,REminiscence,5392,11/07/2020, 19:06:47,168
SOMO00001,REminiscence,5392,11/07/2020, 20:07:16,168
SOMO00001,REminiscence,5392,11/07/2020, 21:06:55,168
SOMO00001,REminiscence,5392,11/07/2020, 22:09:28,168
SOMO00001,REminiscence,5392,11/07/2020, 23:07:50,168
SOMO00001,REminiscence,5392,11/08/2020, 00:22:12,168
SOMO00001,REminiscence,5392,11/08/2020, 01:18:45,168
SOMO00001,REminiscence,5392,11/08/2020, 02:09:43,168
SOMO00001,REminiscence,5392,11/08/2020, 03:08:12,168
SOMO00001,REminiscence,5392,11/08/2020, 04:11:09,168
SOMO00001,REminiscence,5392,11/08/2020, 05:08:19,168
SOMO00001,REminiscence,5392,11/08/2020, 06:09:14,168
SOMO00001,REminiscence,5392,11/08/2020, 07:08:53,168
SOMO00001,REminiscence,5392,11/08/2020, 08:09:36,168
SOMO00001,REminiscence,5393,11/08/2020, 09:08:03,168
SOMO00001,REminiscence,5394,11/08/2020, 10:09:57,168
SOMO00001,REminiscence,5394,11/08/2020, 11:07:32,168
SOMO00001,REminiscence,5394,11/08/2020, 12:10:35,168
SOMO00001,REminiscence,5395,11/08/2020, 13:07:29,168
SOMO00001,REminiscence,5395,11/08/2020, 14:08:28,168
SOMO00001,REminiscence,5395,11/08/2020, 15:08:32,168
SOMO00001,REminiscence,5395,11/08/2020, 16:16:10,168
SOMO00001,REminiscence,5396,11/08/2020, 17:07:40,168
SOMO00001,REminiscence,5396,11/08/2020, 18:07:33,168
SOMO00001,REminiscence,5396,11/08/2020, 19:06:38,168
SOMO00001,REminiscence,5396,11/08/2020, 20:07:24,168
SOMO00001,REminiscence,5396,11/08/2020, 21:06:49,168
SOMO00001,REminiscence,5396,11/08/2020, 22:09:45,168
SOMO00001,REminiscence,5396,11/08/2020, 23:07:55,168
SOMO00001,REminiscence,5396,11/09/2020, 00:22:10,168
SOMO00001,REminiscence,5396,11/09/2020, 01:18:44,168
SOMO00001,REminiscence,5396,11/09/2020, 02:10:02,168
SOMO00001,REminiscence,5396,11/09/2020, 03:08:16,168
SOMO00001,REminiscence,5396,11/09/2020, 04:11:40,168
SOMO00001,REminiscence,5396,11/09/2020, 05:08:25,168
SOMO00001,REminiscence,5396,11/09/2020, 06:09:27,168
SOMO00001,REminiscence,5396,11/09/2020, 07:09:16,168
SOMO00001,REminiscence,5396,11/09/2020, 08:10:03,168
SOMO00001,REminiscence,5397,11/09/2020, 09:08:29,168
SOMO00001,REminiscence,5397,11/09/2020, 10:10:40,168
SOMO00001,REminiscence,5397,11/09/2020, 11:07:57,168
SOMO00001,REminiscence,5397,11/09/2020, 12:11:12,168
SOMO00001,REminiscence,5397,11/09/2020, 13:08:14,168
SOMO00001,REminiscence,5397,11/09/2020, 14:09:13,168
SOMO00001,REminiscence,5397,11/09/2020, 15:10:03,168
SOMO00001,REminiscence,5398,11/09/2020, 16:18:35,168
SOMO00001,REminiscence,5399,11/09/2020, 17:08:28,168
SOMO00001,REminiscence,5399,11/09/2020, 18:08:17,168
SOMO00001,REminiscence,5399,11/09/2020, 19:06:59,168
SOMO00001,REminiscence,5399,11/09/2020, 20:07:36,168
SOMO00001,REminiscence,5400,11/09/2020, 21:07:28,168
SOMO00001,REminiscence,5400,11/09/2020, 22:10:19,168
SOMO00001,REminiscence,5400,11/09/2020, 23:08:21,168
SOMO00001,REminiscence,5401,11/10/2020, 00:22:00,168
SOMO00001,REminiscence,5402,11/10/2020, 01:20:41,168
SOMO00001,REminiscence,5402,11/10/2020, 02:10:07,168
SOMO00001,REminiscence,5402,11/10/2020, 03:08:31,168
SOMO00001,REminiscence,5402,11/10/2020, 04:07:51,168
SOMO00001,REminiscence,5402,11/10/2020, 05:06:42,168
SOMO00001,REminiscence,5402,11/10/2020, 06:07:59,168
SOMO00001,REminiscence,5402,11/10/2020, 07:06:54,168
SOMO00001,REminiscence,5402,11/10/2020, 08:07:54,168
SOMO00001,REminiscence,5402,11/10/2020, 09:06:55,168
SOMO00001,REminiscence,5402,11/10/2020, 10:08:15,168
SOMO00001,REminiscence,5402,11/10/2020, 11:06:42,168
SOMO00001,REminiscence,5402,11/10/2020, 12:09:36,168
SOMO00001,REminiscence,5402,11/10/2020, 13:06:54,168
SOMO00001,REminiscence,5402,11/10/2020, 14:08:12,168
SOMO00001,REminiscence,5402,11/10/2020, 15:07:31,168
SOMO00001,REminiscence,5402,11/10/2020, 16:11:31,168
SOMO00001,REminiscence,5402,11/10/2020, 17:07:16,168
SOMO00001,REminiscence,5402,11/10/2020, 18:07:27,168
SOMO00001,REminiscence,5402,11/10/2020, 19:06:11,168
SOMO00001,REminiscence,5403,11/10/2020, 20:07:07,168
SOMO00001,REminiscence,5403,11/10/2020, 21:06:38,168
SOMO00001,REminiscence,5403,11/10/2020, 22:08:27,168
SOMO00001,REminiscence,5403,11/10/2020, 23:06:54,168
SOMO00001,REminiscence,5404,11/11/2020, 00:16:26,168
SOMO00001,REminiscence,5404,11/11/2020, 01:08:23,168
SOMO00001,REminiscence,5404,11/11/2020, 02:08:06,168
SOMO00001,REminiscence,5405,11/11/2020, 03:07:09,168
SOMO00001,REminiscence,5405,11/11/2020, 04:08:35,168
SOMO00001,REminiscence,5405,11/11/2020, 05:07:05,168
SOMO00001,REminiscence,5405,11/11/2020, 06:08:08,168
SOMO00001,REminiscence,5405,11/11/2020, 07:07:52,168
SOMO00001,REminiscence,5405,11/11/2020, 08:08:22,168
SOMO00001,REminiscence,5405,11/11/2020, 09:07:29,168
SOMO00001,REminiscence,5405,11/11/2020, 10:08:18,168
SOMO00001,REminiscence,5405,11/11/2020, 11:07:01,168
SOMO00001,REminiscence,5405,11/11/2020, 12:09:38,168
SOMO00001,REminiscence,5405,11/11/2020, 13:06:56,168
SOMO00001,REminiscence,5406,11/11/2020, 14:08:13,168
SOMO00001,REminiscence,5406,11/11/2020, 15:07:45,168
SOMO00001,REminiscence,5406,11/11/2020, 16:11:44,168
SOMO00001,REminiscence,5406,11/11/2020, 17:06:51,168
SOMO00001,REminiscence,5406,11/11/2020, 18:07:41,168
SOMO00001,REminiscence,5406,11/11/2020, 19:06:40,168
SOMO00001,REminiscence,5406,11/11/2020, 20:07:19,168
SOMO00001,REminiscence,5406,11/11/2020, 21:06:46,168
SOMO00001,REminiscence,5406,11/11/2020, 22:08:34,168
SOMO00001,REminiscence,5406,11/11/2020, 23:07:17,168
SOMO00001,REminiscence,5407,11/12/2020, 00:19:39,168
SOMO00001,REminiscence,5407,11/12/2020, 01:09:19,168
SOMO00001,REminiscence,5407,11/12/2020, 02:08:32,168
SOMO00001,REminiscence,5407,11/12/2020, 03:07:19,168
SOMO00001,REminiscence,5407,11/12/2020, 04:08:52,168
SOMO00001,REminiscence,5407,11/12/2020, 05:07:21,168
SOMO00001,REminiscence,5407,11/12/2020, 06:08:35,168
SOMO00001,REminiscence,5407,11/12/2020, 07:07:41,168
SOMO00001,REminiscence,5407,11/12/2020, 08:09:00,168
SOMO00001,REminiscence,5407,11/12/2020, 09:07:47,168
SOMO00001,REminiscence,5407,11/12/2020, 10:08:39,168
SOMO00001,REminiscence,5407,11/12/2020, 11:07:07,168
SOMO00001,REminiscence,5408,11/12/2020, 12:09:54,168
SOMO00001,REminiscence,5408,11/12/2020, 13:07:13,168
SOMO00001,REminiscence,5408,11/12/2020, 14:08:35,168
SOMO00001,REminiscence,5408,11/12/2020, 15:08:20,168
SOMO00001,REminiscence,5408,11/12/2020, 16:13:18,168
SOMO00001,REminiscence,5408,11/12/2020, 17:07:41,168
SOMO00001,REminiscence,5408,11/12/2020, 18:07:57,168
SOMO00001,REminiscence,5408,11/12/2020, 19:06:51,168
SOMO00001,REminiscence,5408,11/12/2020, 20:07:13,168
SOMO00001,REminiscence,5408,11/12/2020, 21:06:49,168
SOMO00001,REminiscence,5410,11/12/2020, 22:08:41,168
SOMO00001,REminiscence,5410,11/12/2020, 23:07:20,168
SOMO00001,REminiscence,5410,11/13/2020, 00:19:03,168
SOMO00001,REminiscence,5410,11/13/2020, 01:11:30,168
SOMO00001,REminiscence,5410,11/13/2020, 02:08:52,168
SOMO00001,REminiscence,5410,11/13/2020, 03:07:49,168
SOMO00001,REminiscence,5410,11/13/2020, 04:09:39,168
SOMO00001,REminiscence,5411,11/13/2020, 05:07:26,168
SOMO00001,REminiscence,5412,11/13/2020, 06:08:54,168
SOMO00001,REminiscence,5412,11/13/2020, 07:07:45,168
SOMO00001,REminiscence,5412,11/13/2020, 08:08:44,168
SOMO00001,REminiscence,5412,11/13/2020, 09:08:02,168
SOMO00001,REminiscence,5412,11/13/2020, 10:08:19,168
SOMO00001,REminiscence,5412,11/13/2020, 11:07:19,168
SOMO00001,REminiscence,5412,11/13/2020, 12:09:59,168
SOMO00001,REminiscence,5413,11/13/2020, 13:07:18,168
SOMO00001,REminiscence,5414,11/13/2020, 14:08:21,168
SOMO00001,REminiscence,5414,11/13/2020, 15:08:21,168
SOMO00001,REminiscence,5414,11/13/2020, 16:11:36,168
SOMO00001,REminiscence,5414,11/13/2020, 17:07:36,168
SOMO00001,REminiscence,5414,11/13/2020, 18:07:56,168
SOMO00001,REminiscence,5414,11/13/2020, 19:06:47,168
SOMO00001,REminiscence,5414,11/13/2020, 20:07:34,168
SOMO00001,REminiscence,5414,11/13/2020, 21:06:42,168
SOMO00001,REminiscence,5414,11/13/2020, 22:08:55,168
SOMO00001,REminiscence,5414,11/13/2020, 23:07:27,168
SOMO00001,REminiscence,5414,11/14/2020, 00:20:07,168
SOMO00001,REminiscence,5414,11/14/2020, 01:12:17,168
SOMO00001,REminiscence,5414,11/14/2020, 02:11:50,168
SOMO00001,REminiscence,5414,11/14/2020, 03:07:50,168
SOMO00001,REminiscence,5414,11/14/2020, 04:08:43,168
SOMO00001,REminiscence,5414,11/14/2020, 05:07:16,168
SOMO00001,REminiscence,5414,11/14/2020, 06:08:33,168
SOMO00001,REminiscence,5414,11/14/2020, 07:07:28,168
SOMO00001,REminiscence,5414,11/14/2020, 08:08:46,168
SOMO00001,REminiscence,5414,11/14/2020, 09:07:55,168
SOMO00001,REminiscence,5414,11/14/2020, 10:08:16,168
SOMO00001,REminiscence,5414,11/14/2020, 11:07:23,168
SOMO00001,REminiscence,5414,11/14/2020, 12:09:10,168
SOMO00001,REminiscence,5414,11/14/2020, 13:07:04,168
SOMO00001,REminiscence,5414,11/14/2020, 14:07:54,168
SOMO00001,REminiscence,5415,11/14/2020, 15:07:52,168
SOMO00001,REminiscence,5415,11/14/2020, 16:10:59,168
SOMO00001,REminiscence,5415,11/14/2020, 17:06:52,168
SOMO00001,REminiscence,5415,11/14/2020, 18:07:34,168
SOMO00001,REminiscence,5416,11/14/2020, 19:06:42,168
SOMO00001,REminiscence,5416,11/14/2020, 20:07:15,168
SOMO00001,REminiscence,5416,11/14/2020, 21:06:49,168
SOMO00001,REminiscence,5416,11/14/2020, 22:08:19,168
SOMO00001,REminiscence,5416,11/14/2020, 23:07:25,168
SOMO00001,REminiscence,5416,11/15/2020, 00:21:21,168
SOMO00001,REminiscence,5416,11/15/2020, 01:16:27,168
SOMO00001,REminiscence,5416,11/15/2020, 02:09:01,168
SOMO00001,REminiscence,5416,11/15/2020, 03:07:42,168
SOMO00001,REminiscence,5416,11/15/2020, 04:08:56,168
SOMO00001,REminiscence,5416,11/15/2020, 05:07:28,168
SOMO00001,REminiscence,5416,11/15/2020, 06:08:55,168
SOMO00001,REminiscence,5416,11/15/2020, 07:07:48,168
SOMO00001,REminiscence,5416,11/15/2020, 08:08:41,168
SOMO00001,REminiscence,5416,11/15/2020, 09:07:34,168
SOMO00001,REminiscence,5416,11/15/2020, 10:08:02,168
SOMO00001,REminiscence,5416,11/15/2020, 11:07:32,168
SOMO00001,REminiscence,5416,11/15/2020, 12:09:51,168
SOMO00001,REminiscence,5418,11/15/2020, 13:06:49,168
SOMO00001,REminiscence,5419,11/15/2020, 14:08:01,168
SOMO00001,REminiscence,5419,11/15/2020, 15:07:21,168
SOMO00001,REminiscence,5419,11/15/2020, 16:11:08,168
SOMO00001,REminiscence,5419,11/15/2020, 17:07:03,168
SOMO00001,REminiscence,5419,11/15/2020, 18:07:37,168
SOMO00001,REminiscence,5419,11/15/2020, 19:06:28,168
SOMO00001,REminiscence,5419,11/15/2020, 20:07:30,168
SOMO00001,REminiscence,5419,11/15/2020, 21:06:37,168
SOMO00001,REminiscence,5419,11/15/2020, 22:08:34,168
SOMO00001,REminiscence,5419,11/15/2020, 23:07:35,168
SOMO00001,REminiscence,5419,11/16/2020, 00:20:59,168
SOMO00001,REminiscence,5419,11/16/2020, 01:14:19,168
SOMO00001,REminiscence,5419,11/16/2020, 02:10:40,168
SOMO00001,REminiscence,5419,11/16/2020, 03:07:51,168
SOMO00001,REminiscence,5419,11/16/2020, 04:09:17,168
SOMO00001,REminiscence,5419,11/16/2020, 05:07:45,168
SOMO00001,REminiscence,5419,11/16/2020, 06:08:51,168
SOMO00001,REminiscence,5419,11/16/2020, 07:07:53,168
SOMO00001,REminiscence,5419,11/16/2020, 08:09:10,168
SOMO00001,REminiscence,5419,11/16/2020, 09:08:10,168
SOMO00001,REminiscence,5419,11/16/2020, 10:09:03,168
SOMO00001,REminiscence,5419,11/16/2020, 11:07:30,168
SOMO00001,REminiscence,5419,11/16/2020, 12:10:18,168
SOMO00001,REminiscence,5419,11/16/2020, 13:07:26,168
SOMO00001,REminiscence,5419,11/16/2020, 14:09:24,168
SOMO00001,REminiscence,5419,11/16/2020, 15:08:24,168
SOMO00001,REminiscence,5419,11/16/2020, 16:13:18,168
SOMO00001,REminiscence,5419,11/16/2020, 17:13:46,168
SOMO00001,REminiscence,5419,11/16/2020, 18:08:12,168
SOMO00001,REminiscence,5419,11/16/2020, 19:06:42,168
SOMO00001,REminiscence,5419,11/16/2020, 20:07:35,168
SOMO00001,REminiscence,5419,11/16/2020, 21:07:13,168
SOMO00001,REminiscence,5419,11/16/2020, 22:08:58,168
SOMO00001,REminiscence,5419,11/16/2020, 23:06:55,168
SOMO00001,REminiscence,5420,11/17/2020, 00:20:42,168
SOMO00001,REminiscence,5420,11/17/2020, 01:14:45,168
SOMO00001,REminiscence,5420,11/17/2020, 02:09:10,168
SOMO00001,REminiscence,5420,11/17/2020, 03:07:40,168
SOMO00001,REminiscence,5420,11/17/2020, 04:09:13,168
SOMO00001,REminiscence,5420,11/17/2020, 05:07:51,168
SOMO00001,REminiscence,5420,11/17/2020, 06:09:01,168
SOMO00001,REminiscence,5420,11/17/2020, 07:08:01,168
SOMO00001,REminiscence,5420,11/17/2020, 08:09:26,168
SOMO00001,REminiscence,5420,11/17/2020, 09:07:53,168
SOMO00001,REminiscence,5420,11/17/2020, 10:09:55,168
SOMO00001,REminiscence,5420,11/17/2020, 11:07:32,168
SOMO00001,REminiscence,5420,11/17/2020, 12:10:08,168
SOMO00001,REminiscence,5420,11/17/2020, 13:07:31,168
SOMO00001,REminiscence,5420,11/17/2020, 14:10:16,168
SOMO00001,REminiscence,5420,11/17/2020, 15:08:57,168
SOMO00001,REminiscence,5421,11/17/2020, 16:13:37,168
SOMO00001,REminiscence,5422,11/17/2020, 17:07:54,168
SOMO00001,REminiscence,5423,11/17/2020, 18:08:06,168
SOMO00001,REminiscence,5423,11/17/2020, 19:06:49,168
SOMO00001,REminiscence,5423,11/17/2020, 20:10:04,168
SOMO00001,REminiscence,5423,11/17/2020, 21:07:03,168
SOMO00001,REminiscence,5423,11/17/2020, 22:09:15,168
SOMO00001,REminiscence,5423,11/17/2020, 23:07:40,168
SOMO00001,REminiscence,5423,11/18/2020, 00:21:03,168
SOMO00001,REminiscence,5424,11/18/2020, 01:15:50,168
SOMO00001,REminiscence,5424,11/18/2020, 02:09:19,168
SOMO00001,REminiscence,5424,11/18/2020, 03:07:56,168
SOMO00001,REminiscence,5424,11/18/2020, 04:09:35,168
SOMO00001,REminiscence,5424,11/18/2020, 05:07:48,168
SOMO00001,REminiscence,5424,11/18/2020, 06:09:15,168
SOMO00001,REminiscence,5424,11/18/2020, 07:08:35,168
SOMO00001,REminiscence,5424,11/18/2020, 08:09:35,168
SOMO00001,REminiscence,5424,11/18/2020, 09:07:57,168
SOMO00001,REminiscence,5424,11/18/2020, 10:09:10,168
SOMO00001,REminiscence,5425,11/18/2020, 11:07:25,168
SOMO00001,REminiscence,5425,11/18/2020, 12:10:16,168
SOMO00001,REminiscence,5425,11/18/2020, 13:07:34,168
SOMO00001,REminiscence,5425,11/18/2020, 14:09:42,168
SOMO00001,REminiscence,5425,11/18/2020, 15:08:02,168
SOMO00001,REminiscence,5425,11/18/2020, 16:12:33,168
SOMO00001,REminiscence,5425,11/18/2020, 17:08:10,168
SOMO00001,REminiscence,5425,11/18/2020, 18:08:15,168
SOMO00001,REminiscence,5425,11/18/2020, 19:07:06,168
SOMO00001,REminiscence,5425,11/18/2020, 20:07:45,168
SOMO00001,REminiscence,5425,11/18/2020, 21:07:27,168
SOMO00001,REminiscence,5425,11/18/2020, 22:09:24,168
SOMO00001,REminiscence,5425,11/18/2020, 23:09:32,168
SOMO00001,REminiscence,5425,11/19/2020, 00:21:04,168
SOMO00001,REminiscence,5425,11/19/2020, 01:16:14,168
SOMO00001,REminiscence,5425,11/19/2020, 02:09:22,168
SOMO00001,REminiscence,5425,11/19/2020, 03:08:19,168
SOMO00001,REminiscence,5425,11/19/2020, 04:09:40,168
SOMO00001,REminiscence,5425,11/19/2020, 05:07:56,168
SOMO00001,REminiscence,5425,11/19/2020, 06:09:26,168
SOMO00001,REminiscence,5425,11/19/2020, 07:08:04,168
SOMO00001,REminiscence,5425,11/19/2020, 08:09:19,168
SOMO00001,REminiscence,5425,11/19/2020, 09:17:34,168
SOMO00001,REminiscence,5425,11/19/2020, 10:09:33,168
SOMO00001,REminiscence,5425,11/19/2020, 11:07:37,168
SOMO00001,REminiscence,5425,11/19/2020, 12:10:37,168
SOMO00001,REminiscence,5425,11/19/2020, 13:07:35,168
SOMO00001,REminiscence,5425,11/19/2020, 14:10:12,168
SOMO00001,REminiscence,5425,11/19/2020, 15:09:14,168
SOMO00001,REminiscence,5426,11/19/2020, 16:15:00,168
SOMO00001,REminiscence,5426,11/19/2020, 17:08:21,168
SOMO00001,REminiscence,5426,11/19/2020, 18:09:03,168
SOMO00001,REminiscence,5426,11/19/2020, 19:06:52,168
SOMO00001,REminiscence,5426,11/19/2020, 20:08:10,168
SOMO00001,REminiscence,5426,11/19/2020, 21:07:22,168
SOMO00001,REminiscence,5426,11/19/2020, 22:09:31,168
SOMO00001,REminiscence,5426,11/19/2020, 23:07:48,168
SOMO00001,REminiscence,5426,11/20/2020, 00:21:24,168
SOMO00001,REminiscence,5426,11/20/2020, 01:17:20,168
SOMO00001,REminiscence,5426,11/20/2020, 02:09:47,168
SOMO00001,REminiscence,5426,11/20/2020, 03:08:15,168
SOMO00001,REminiscence,5427,11/20/2020, 04:09:40,168
SOMO00001,REminiscence,5427,11/20/2020, 05:07:52,168
SOMO00001,REminiscence,5427,11/20/2020, 06:09:18,168
SOMO00001,REminiscence,5427,11/20/2020, 07:12:44,168
SOMO00001,REminiscence,5427,11/20/2020, 08:09:39,168
SOMO00001,REminiscence,5427,11/20/2020, 09:08:24,168
SOMO00001,REminiscence,5427,11/20/2020, 10:09:21,168
SOMO00001,REminiscence,5427,11/20/2020, 11:07:42,168
SOMO00001,REminiscence,5427,11/20/2020, 12:10:34,168
SOMO00001,REminiscence,5427,11/20/2020, 13:07:30,168
SOMO00001,REminiscence,5427,11/20/2020, 14:09:18,168
SOMO00001,REminiscence,5427,11/20/2020, 15:08:08,168
SOMO00001,REminiscence,5427,11/20/2020, 16:12:42,168
SOMO00001,REminiscence,5427,11/20/2020, 17:08:17,168
SOMO00001,REminiscence,5428,11/20/2020, 18:08:11,168
SOMO00001,REminiscence,5428,11/20/2020, 19:07:03,168
SOMO00001,REminiscence,5428,11/20/2020, 20:07:52,168
SOMO00001,REminiscence,5428,11/20/2020, 21:07:35,168
SOMO00001,REminiscence,5428,11/20/2020, 22:09:38,168
SOMO00001,REminiscence,5429,11/20/2020, 23:07:46,168
SOMO00001,REminiscence,5429,11/21/2020, 00:21:31,168
SOMO00001,REminiscence,5429,11/21/2020, 01:17:00,168
SOMO00001,REminiscence,5429,11/21/2020, 02:09:46,168
SOMO00001,REminiscence,5429,11/21/2020, 03:08:13,168
SOMO00001,REminiscence,5429,11/21/2020, 04:10:15,168
SOMO00001,REminiscence,5429,11/21/2020, 05:07:50,168
SOMO00001,REminiscence,5429,11/21/2020, 06:09:46,168
SOMO00001,REminiscence,5429,11/21/2020, 07:08:17,168
SOMO00001,REminiscence,5429,11/21/2020, 08:09:12,168
SOMO00001,REminiscence,5429,11/21/2020, 09:07:48,168
SOMO00001,REminiscence,5429,11/21/2020, 10:08:58,168
SOMO00001,REminiscence,5429,11/21/2020, 11:07:54,168
SOMO00001,REminiscence,5430,11/21/2020, 12:09:55,168
SOMO00001,REminiscence,5430,11/21/2020, 13:07:30,168
SOMO00001,REminiscence,5431,11/21/2020, 14:08:51,168
SOMO00001,REminiscence,5431,11/21/2020, 15:07:39,168
SOMO00001,REminiscence,5431,11/21/2020, 16:12:04,168
SOMO00001,REminiscence,5431,11/21/2020, 17:07:03,168
SOMO00001,REminiscence,5431,11/21/2020, 18:07:59,168
SOMO00001,REminiscence,5431,11/21/2020, 19:06:39,168
SOMO00001,REminiscence,5431,11/21/2020, 20:07:41,168
SOMO00001,REminiscence,5431,11/21/2020, 21:07:21,168
SOMO00001,REminiscence,5431,11/21/2020, 22:11:11,168
SOMO00001,REminiscence,5431,11/21/2020, 23:07:52,168
SOMO00001,REminiscence,5431,11/22/2020, 00:22:56,168
SOMO00001,REminiscence,5431,11/22/2020, 01:19:41,168
SOMO00001,REminiscence,5431,11/22/2020, 02:09:56,168
SOMO00001,REminiscence,5431,11/22/2020, 03:08:05,168
SOMO00001,REminiscence,5431,11/22/2020, 04:09:38,168
SOMO00001,REminiscence,5431,11/22/2020, 05:08:02,168
SOMO00001,REminiscence,5431,11/22/2020, 06:09:44,168
SOMO00001,REminiscence,5431,11/22/2020, 07:08:28,168
SOMO00001,REminiscence,5431,11/22/2020, 08:09:14,168
SOMO00001,REminiscence,5431,11/22/2020, 09:08:14,168
SOMO00001,REminiscence,5431,11/22/2020, 10:08:54,168
SOMO00001,REminiscence,5431,11/22/2020, 11:07:57,168
SOMO00001,REminiscence,5431,11/22/2020, 12:10:17,168
SOMO00001,REminiscence,5431,11/22/2020, 13:07:24,168
SOMO00001,REminiscence,5431,11/22/2020, 14:08:48,168
SOMO00001,REminiscence,5431,11/22/2020, 15:07:51,168
SOMO00001,REminiscence,5431,11/22/2020, 16:12:13,168
SOMO00001,REminiscence,5431,11/22/2020, 17:07:05,168
SOMO00001,REminiscence,5431,11/22/2020, 18:07:59,168
SOMO00001,REminiscence,5431,11/22/2020, 19:06:55,168
SOMO00001,REminiscence,5431,11/22/2020, 20:07:46,168
SOMO00001,REminiscence,5431,11/22/2020, 21:07:10,168
SOMO00001,REminiscence,5431,11/22/2020, 22:09:35,168
SOMO00001,REminiscence,5432,11/22/2020, 23:07:52,168
SOMO00001,REminiscence,5432,11/23/2020, 00:22:34,168
SOMO00001,REminiscence,5432,11/23/2020, 01:19:43,168
SOMO00001,REminiscence,5432,11/23/2020, 02:10:11,168
SOMO00001,REminiscence,5432,11/23/2020, 03:08:01,168
SOMO00001,REminiscence,5432,11/23/2020, 04:10:18,168
SOMO00001,REminiscence,5432,11/23/2020, 05:08:25,168
SOMO00001,REminiscence,5432,11/23/2020, 06:10:03,168
SOMO00001,REminiscence,5432,11/23/2020, 07:08:28,168
SOMO00001,REminiscence,5432,11/23/2020, 08:11:47,168
SOMO00001,REminiscence,5432,11/23/2020, 09:08:35,168
SOMO00001,REminiscence,5433,11/23/2020, 10:09:29,168
SOMO00001,REminiscence,5433,11/23/2020, 11:07:58,168
SOMO00001,REminiscence,5433,11/23/2020, 12:11:11,168
SOMO00001,REminiscence,5433,11/23/2020, 13:08:13,168
SOMO00001,REminiscence,5433,11/23/2020, 14:10:05,168
SOMO00001,REminiscence,5433,11/23/2020, 15:08:52,168
SOMO00001,REminiscence,5433,11/23/2020, 16:13:37,168
SOMO00001,REminiscence,5433,11/23/2020, 17:06:02,168
SOMO00001,REminiscence,5433,11/23/2020, 18:09:09,168
SOMO00001,REminiscence,5433,11/23/2020, 19:07:09,168
SOMO00001,REminiscence,5434,11/23/2020, 20:08:22,168
SOMO00001,REminiscence,5434,11/23/2020, 21:07:27,168
SOMO00001,REminiscence,5434,11/23/2020, 22:09:47,168
SOMO00001,REminiscence,5434,11/23/2020, 23:08:13,168
SOMO00001,REminiscence,5434,11/24/2020, 00:22:13,168
SOMO00001,REminiscence,5434,11/24/2020, 01:19:21,168
SOMO00001,REminiscence,5434,11/24/2020, 02:10:00,168
SOMO00001,REminiscence,5434,11/24/2020, 03:08:19,168
SOMO00001,REminiscence,5434,11/24/2020, 04:10:08,168
SOMO00001,REminiscence,5434,11/24/2020, 05:08:25,168
SOMO00001,REminiscence,5434,11/24/2020, 06:09:57,168
SOMO00001,REminiscence,5434,11/24/2020, 07:08:42,168
SOMO00001,REminiscence,5434,11/24/2020, 08:10:01,168
SOMO00001,REminiscence,5434,11/24/2020, 09:08:44,168
SOMO00001,REminiscence,5434,11/24/2020, 10:09:43,168
SOMO00001,REminiscence,5434,11/24/2020, 11:08:13,168
SOMO00001,REminiscence,5434,11/24/2020, 12:11:03,168
SOMO00001,REminiscence,5434,11/24/2020, 13:07:56,168
SOMO00001,REminiscence,5434,11/24/2020, 14:09:17,168
SOMO00001,REminiscence,5434,11/24/2020, 15:08:40,168
SOMO00001,REminiscence,5434,11/24/2020, 16:14:23,168
SOMO00001,REminiscence,5435,11/24/2020, 17:08:04,168
SOMO00001,REminiscence,5435,11/24/2020, 18:08:46,168
SOMO00001,REminiscence,5435,11/24/2020, 19:07:27,168
SOMO00001,REminiscence,5436,11/24/2020, 20:08:21,168
SOMO00001,REminiscence,5436,11/24/2020, 21:07:22,168
SOMO00001,REminiscence,5436,11/24/2020, 22:09:54,168
SOMO00001,REminiscence,5436,11/24/2020, 23:08:11,168
SOMO00001,REminiscence,5436,11/25/2020, 00:22:29,168
SOMO00001,REminiscence,5436,11/25/2020, 01:20:25,168
SOMO00001,REminiscence,5436,11/25/2020, 02:10:07,168
SOMO00001,REminiscence,5437,11/25/2020, 03:08:32,168
SOMO00001,REminiscence,5437,11/25/2020, 04:10:17,168
SOMO00001,REminiscence,5437,11/25/2020, 05:08:31,168
SOMO00001,REminiscence,5438,11/25/2020, 06:10:14,168
SOMO00001,REminiscence,5439,11/25/2020, 07:08:53,168
SOMO00001,REminiscence,5439,11/25/2020, 08:09:49,168
SOMO00001,REminiscence,5439,11/25/2020, 09:08:54,168
SOMO00001,REminiscence,5439,11/25/2020, 10:09:41,168
SOMO00001,REminiscence,5439,11/25/2020, 11:07:46,168
SOMO00001,REminiscence,5439,11/25/2020, 12:11:11,168
SOMO00001,REminiscence,5439,11/25/2020, 13:08:04,168
SOMO00001,REminiscence,5439,11/25/2020, 14:09:53,168
SOMO00001,REminiscence,5439,11/25/2020, 15:08:37,168
SOMO00001,REminiscence,5439,11/25/2020, 16:13:37,168
SOMO00001,REminiscence,5439,11/25/2020, 17:07:01,168
SOMO00001,REminiscence,5439,11/25/2020, 18:08:49,168
SOMO00001,REminiscence,5440,11/25/2020, 19:07:03,168
SOMO00001,REminiscence,5440,11/25/2020, 20:08:31,168
SOMO00001,REminiscence,5440,11/25/2020, 21:07:33,168
SOMO00001,REminiscence,5440,11/25/2020, 22:09:52,168
SOMO00001,REminiscence,5440,11/25/2020, 23:08:21,168
SOMO00001,REminiscence,5440,11/26/2020, 00:22:16,168
SOMO00001,REminiscence,5440,11/26/2020, 01:20:41,168
SOMO00001,REminiscence,5440,11/26/2020, 02:10:14,168
SOMO00001,REminiscence,5440,11/26/2020, 03:08:44,168
SOMO00001,REminiscence,5440,11/26/2020, 04:10:06,168
SOMO00001,REminiscence,5440,11/26/2020, 05:08:13,168
SOMO00001,REminiscence,5440,11/26/2020, 06:10:15,168
SOMO00001,REminiscence,5440,11/26/2020, 07:08:43,168
SOMO00001,REminiscence,5440,11/26/2020, 08:10:07,168
SOMO00001,REminiscence,5440,11/26/2020, 09:08:48,168
SOMO00001,REminiscence,5440,11/26/2020, 10:09:32,168
SOMO00001,REminiscence,5440,11/26/2020, 11:08:18,168
SOMO00001,REminiscence,5440,11/26/2020, 12:11:11,168
SOMO00001,REminiscence,5440,11/26/2020, 13:07:57,168
SOMO00001,REminiscence,5440,11/26/2020, 14:09:50,168
SOMO00001,REminiscence,5440,11/26/2020, 15:08:44,168
SOMO00001,REminiscence,5440,11/26/2020, 16:13:32,168
SOMO00001,REminiscence,5440,11/26/2020, 17:07:32,168
SOMO00001,REminiscence,5440,11/26/2020, 18:08:48,168
SOMO00001,REminiscence,5440,11/26/2020, 19:07:09,168
SOMO00001,REminiscence,5441,11/26/2020, 20:08:46,168
SOMO00001,REminiscence,5442,11/26/2020, 21:07:22,168
SOMO00001,REminiscence,5443,11/26/2020, 22:09:44,168
SOMO00001,REminiscence,5443,11/26/2020, 23:08:31,168
SOMO00001,REminiscence,5443,11/27/2020, 00:23:41,168
SOMO00001,REminiscence,5443,11/27/2020, 01:23:06,168
SOMO00001,REminiscence,5443,11/27/2020, 02:10:13,168
SOMO00001,REminiscence,5443,11/27/2020, 03:09:02,168
SOMO00001,REminiscence,5443,11/27/2020, 04:11:04,168
SOMO00001,REminiscence,5443,11/27/2020, 05:08:42,168
SOMO00001,REminiscence,5443,11/27/2020, 06:10:22,168
SOMO00001,REminiscence,5443,11/27/2020, 07:08:47,168
SOMO00001,REminiscence,5443,11/27/2020, 08:11:07,168
SOMO00001,REminiscence,5443,11/27/2020, 09:09:18,168
SOMO00001,REminiscence,5443,11/27/2020, 10:09:54,168
SOMO00001,REminiscence,5443,11/27/2020, 11:08:29,168
SOMO00001,REminiscence,5443,11/27/2020, 12:11:49,168
SOMO00001,REminiscence,5443,11/27/2020, 13:08:28,168
SOMO00001,REminiscence,5443,11/27/2020, 14:09:30,168
SOMO00001,REminiscence,5444,11/27/2020, 15:08:30,168
SOMO00001,REminiscence,5444,11/27/2020, 17:07:50,168
SOMO00001,REminiscence,5444,11/27/2020, 18:08:39,168
SOMO00001,REminiscence,5444,11/27/2020, 19:07:15,168
SOMO00001,REminiscence,5444,11/27/2020, 20:09:01,168
SOMO00001,REminiscence,5444,11/27/2020, 21:07:29,168
SOMO00001,REminiscence,5444,11/27/2020, 22:09:36,168
SOMO00001,REminiscence,5444,11/27/2020, 23:08:44,168
SOMO00001,REminiscence,5444,11/28/2020, 00:23:25,168
SOMO00001,REminiscence,5444,11/28/2020, 01:22:59,168
SOMO00001,REminiscence,5444,11/28/2020, 02:10:13,168
SOMO00001,REminiscence,5444,11/28/2020, 03:09:06,168
SOMO00001,REminiscence,5445,11/28/2020, 04:11:19,168
SOMO00001,REminiscence,5445,11/28/2020, 05:08:30,168
SOMO00001,REminiscence,5445,11/28/2020, 06:10:05,168
SOMO00001,REminiscence,5445,11/28/2020, 07:09:38,168
SOMO00001,REminiscence,5445,11/28/2020, 08:10:31,168
SOMO00001,REminiscence,5445,11/28/2020, 09:08:54,168
SOMO00001,REminiscence,5445,11/28/2020, 10:09:17,168
SOMO00001,REminiscence,5445,11/28/2020, 11:08:13,168
SOMO00001,REminiscence,5445,11/28/2020, 12:11:21,168
SOMO00001,REminiscence,5447,11/28/2020, 13:07:55,168
SOMO00001,REminiscence,5448,11/28/2020, 14:09:23,168
SOMO00001,REminiscence,5448,11/28/2020, 15:08:22,168
SOMO00001,REminiscence,5448,11/28/2020, 16:12:52,168
SOMO00001,REminiscence,5449,11/28/2020, 17:07:50,168
SOMO00001,REminiscence,5449,11/28/2020, 18:08:56,168
SOMO00001,REminiscence,5449,11/28/2020, 19:07:03,168
SOMO00001,REminiscence,5449,11/28/2020, 20:08:52,168
SOMO00001,REminiscence,5449,11/28/2020, 21:07:20,168
SOMO00001,REminiscence,5449,11/28/2020, 22:09:52,168
SOMO00001,REminiscence,5449,11/28/2020, 23:08:29,168
SOMO00001,REminiscence,5450,11/29/2020, 00:24:44,168
SOMO00001,REminiscence,5450,11/29/2020, 01:26:29,168
SOMO00001,REminiscence,5450,11/29/2020, 02:10:28,168
SOMO00001,REminiscence,5450,11/29/2020, 03:09:04,168
SOMO00001,REminiscence,5450,11/29/2020, 04:11:31,168
SOMO00001,REminiscence,5450,11/29/2020, 05:08:28,168
SOMO00001,REminiscence,5450,11/29/2020, 06:10:11,168
SOMO00001,REminiscence,5450,11/29/2020, 07:08:47,168
SOMO00001,REminiscence,5450,11/29/2020, 08:10:37,168
SOMO00001,REminiscence,5450,11/29/2020, 09:08:35,168
SOMO00001,REminiscence,5450,11/29/2020, 10:09:19,168
SOMO00001,REminiscence,5450,11/29/2020, 11:08:10,168
SOMO00001,REminiscence,5450,11/29/2020, 12:11:27,168
SOMO00001,REminiscence,5450,11/29/2020, 13:08:10,168
SOMO00001,REminiscence,5450,11/29/2020, 14:09:29,168
SOMO00001,REminiscence,5450,11/29/2020, 15:08:01,168
SOMO00001,REminiscence,5450,11/29/2020, 16:13:16,168
SOMO00001,REminiscence,5450,11/29/2020, 17:07:47,168
SOMO00001,REminiscence,5450,11/29/2020, 18:08:35,168
SOMO00001,REminiscence,5450,11/29/2020, 19:07:24,168
SOMO00001,REminiscence,5450,11/29/2020, 20:08:46,168
SOMO00001,REminiscence,5451,11/29/2020, 21:07:36,168
SOMO00001,REminiscence,5451,11/29/2020, 22:10:03,168
SOMO00001,REminiscence,5451,11/29/2020, 23:08:41,168
SOMO00001,REminiscence,5451,11/30/2020, 00:24:37,168
SOMO00001,REminiscence,5451,11/30/2020, 01:26:33,168
SOMO00001,REminiscence,5451,11/30/2020, 02:10:46,168
SOMO00001,REminiscence,5452,11/30/2020, 03:08:58,168
SOMO00001,REminiscence,5452,11/30/2020, 04:11:32,168
SOMO00001,REminiscence,5452,11/30/2020, 05:08:52,168
SOMO00001,REminiscence,5452,11/30/2020, 06:10:24,168
SOMO00001,REminiscence,5452,11/30/2020, 07:09:10,168
SOMO00001,REminiscence,5452,11/30/2020, 08:11:31,168
SOMO00001,REminiscence,5452,11/30/2020, 09:09:18,168
SOMO00001,REminiscence,5452,11/30/2020, 10:10:04,168
SOMO00001,REminiscence,5452,11/30/2020, 11:08:34,168
SOMO00001,REminiscence,5452,11/30/2020, 12:12:19,168
SOMO00001,REminiscence,5452,11/30/2020, 13:08:38,168
SOMO00001,REminiscence,5452,11/30/2020, 14:10:40,168
SOMO00001,REminiscence,5452,11/30/2020, 15:11:08,168
SOMO00001,REminiscence,5452,11/30/2020, 16:14:42,168
SOMO00001,REminiscence,5452,11/30/2020, 17:15:28,168
SOMO00001,REminiscence,5452,11/30/2020, 18:09:30,168
SOMO00001,REminiscence,5452,11/30/2020, 19:07:32,168
SOMO00001,REminiscence,5452,11/30/2020, 20:09:35,168
SOMO00001,REminiscence,5452,11/30/2020, 21:07:47,168
SOMO00001,REminiscence,5452,11/30/2020, 22:10:37,168
SOMO00001,REminiscence,5453,11/30/2020, 23:08:44,168
SOMO00001,REminiscence,5453,12/01/2020, 00:25:09,168
SOMO00001,REminiscence,5453,12/01/2020, 01:27:32,168
SOMO00001,REminiscence,5453,12/01/2020, 02:10:25,168
SOMO00001,REminiscence,5454,12/01/2020, 03:09:23,168
SOMO00001,REminiscence,5454,12/01/2020, 04:11:34,168
SOMO00001,REminiscence,5454,12/01/2020, 05:08:54,168
SOMO00001,REminiscence,5454,12/01/2020, 06:10:43,168
SOMO00001,REminiscence,5454,12/01/2020, 07:09:16,168
SOMO00001,REminiscence,5454,12/01/2020, 08:11:34,168
SOMO00001,REminiscence,5454,12/01/2020, 09:09:44,168
SOMO00001,REminiscence,5455,12/01/2020, 10:10:06,168
SOMO00001,REminiscence,5455,12/01/2020, 11:08:40,168
SOMO00001,REminiscence,5455,12/01/2020, 12:12:31,168
SOMO00001,REminiscence,5455,12/01/2020, 13:09:01,168
SOMO00001,REminiscence,5455,12/01/2020, 14:11:24,168
SOMO00001,REminiscence,5455,12/01/2020, 15:11:30,168
SOMO00001,REminiscence,5455,12/01/2020, 16:16:04,168
SOMO00001,REminiscence,5456,12/01/2020, 17:23:22,168
SOMO00001,REminiscence,5456,12/01/2020, 20:32:39,168
SOMO00001,REminiscence,5456,12/01/2020, 21:20:56,168
SOMO00001,REminiscence,5457,12/01/2020, 22:10:54,168
SOMO00001,REminiscence,5457,12/01/2020, 23:09:07,168
SOMO00001,REminiscence,5457,12/02/2020, 00:24:45,168
SOMO00001,REminiscence,5457,12/02/2020, 01:27:08,168
SOMO00001,REminiscence,5457,12/02/2020, 02:09:50,168
SOMO00001,REminiscence,5457,12/02/2020, 03:09:32,168
SOMO00001,REminiscence,5457,12/02/2020, 04:11:53,168
SOMO00001,REminiscence,5457,12/02/2020, 05:08:50,168
SOMO00001,REminiscence,5457,12/02/2020, 06:10:33,168
SOMO00001,REminiscence,5457,12/02/2020, 07:09:19,168
SOMO00001,REminiscence,5457,12/02/2020, 08:11:31,168
SOMO00001,REminiscence,5457,12/02/2020, 09:09:53,168
SOMO00001,REminiscence,5457,12/02/2020, 10:10:28,168
SOMO00001,REminiscence,5457,12/02/2020, 11:08:49,168
SOMO00001,REminiscence,5457,12/02/2020, 12:12:35,168
SOMO00001,REminiscence,5457,12/02/2020, 13:09:25,168
SOMO00001,REminiscence,5457,12/02/2020, 14:10:32,168
SOMO00001,REminiscence,5457,12/02/2020, 15:11:56,168
SOMO00001,REminiscence,5457,12/02/2020, 16:19:50,168
SOMO00001,REminiscence,5457,12/02/2020, 17:13:13,168
SOMO00001,REminiscence,5457,12/02/2020, 18:09:18,168
SOMO00001,REminiscence,5457,12/02/2020, 19:07:38,168
SOMO00001,REminiscence,5458,12/02/2020, 20:09:29,168
SOMO00001,REminiscence,5458,12/02/2020, 21:06:34,168
SOMO00001,REminiscence,5458,12/02/2020, 22:10:38,168
SOMO00001,REminiscence,5458,12/02/2020, 23:09:00,168
SOMO00001,REminiscence,5458,12/03/2020, 00:24:30,168
SOMO00001,REminiscence,5458,12/03/2020, 01:27:05,168
SOMO00001,REminiscence,5458,12/03/2020, 02:10:37,168
SOMO00001,REminiscence,5458,12/03/2020, 03:09:19,168
SOMO00001,REminiscence,5458,12/03/2020, 04:11:43,168
SOMO00001,REminiscence,5458,12/03/2020, 05:09:21,168
SOMO00001,REminiscence,5458,12/03/2020, 06:10:14,168
SOMO00001,REminiscence,5458,12/03/2020, 07:09:31,168
SOMO00001,REminiscence,5458,12/03/2020, 08:11:29,168
SOMO00001,REminiscence,5458,12/03/2020, 09:09:20,168
SOMO00001,REminiscence,5458,12/03/2020, 10:09:53,168
SOMO00001,REminiscence,5458,12/03/2020, 11:08:47,168
SOMO00001,REminiscence,5458,12/03/2020, 12:12:33,168
SOMO00001,REminiscence,5458,12/03/2020, 13:08:59,168
SOMO00001,REminiscence,5458,12/03/2020, 14:09:58,168
SOMO00001,REminiscence,5458,12/03/2020, 15:09:05,168
SOMO00001,REminiscence,5458,12/03/2020, 16:14:18,168
SOMO00001,REminiscence,5458,12/03/2020, 17:10:38,168
SOMO00001,REminiscence,5458,12/03/2020, 18:09:59,168
SOMO00001,REminiscence,5458,12/03/2020, 19:08:05,168
SOMO00001,REminiscence,5458,12/03/2020, 20:09:14,168
SOMO00001,REminiscence,5458,12/03/2020, 21:08:24,168
SOMO00001,REminiscence,5458,12/03/2020, 22:11:07,168
SOMO00001,REminiscence,5459,12/03/2020, 23:09:45,168
SOMO00001,REminiscence,5459,12/04/2020, 00:24:44,168
SOMO00001,REminiscence,5459,12/04/2020, 01:28:40,168
SOMO00001,REminiscence,5459,12/04/2020, 02:10:27,168
SOMO00001,REminiscence,5459,12/04/2020, 03:09:41,168
SOMO00001,REminiscence,5459,12/04/2020, 04:12:00,168
SOMO00001,REminiscence,5459,12/04/2020, 05:09:54,168
SOMO00001,REminiscence,5460,12/04/2020, 06:11:10,168
SOMO00001,REminiscence,5460,12/04/2020, 07:12:48,168
SOMO00001,REminiscence,5460,12/04/2020, 08:13:26,168
SOMO00001,REminiscence,5460,12/04/2020, 09:12:10,168
SOMO00001,REminiscence,5460,12/04/2020, 10:11:02,168
SOMO00001,REminiscence,5460,12/04/2020, 11:09:12,168
SOMO00001,REminiscence,5460,12/04/2020, 12:13:32,168
SOMO00001,REminiscence,5460,12/04/2020, 13:09:30,168
SOMO00001,REminiscence,5460,12/04/2020, 14:10:40,168
SOMO00001,REminiscence,5460,12/04/2020, 15:09:29,168
SOMO00001,REminiscence,5460,12/04/2020, 16:14:12,168
SOMO00001,REminiscence,5460,12/04/2020, 17:25:55,168
SOMO00001,REminiscence,5460,12/04/2020, 18:09:48,168
SOMO00001,REminiscence,5460,12/04/2020, 19:08:02,168
SOMO00001,REminiscence,5460,12/04/2020, 20:09:34,168
SOMO00001,REminiscence,5460,12/04/2020, 21:08:58,168
SOMO00001,REminiscence,5460,12/04/2020, 22:11:21,168
SOMO00001,REminiscence,5460,12/04/2020, 23:09:41,168
SOMO00001,REminiscence,5461,12/05/2020, 00:25:05,168
SOMO00001,REminiscence,5461,12/05/2020, 01:29:47,168
SOMO00001,REminiscence,5461,12/05/2020, 02:11:03,168
SOMO00001,REminiscence,5461,12/05/2020, 03:09:54,168
SOMO00001,REminiscence,5461,12/05/2020, 04:11:53,168
SOMO00001,REminiscence,5461,12/05/2020, 05:09:53,168
SOMO00001,REminiscence,5461,12/05/2020, 06:11:13,168
SOMO00001,REminiscence,5461,12/05/2020, 07:10:06,168
SOMO00001,REminiscence,5461,12/05/2020, 08:11:04,168
SOMO00001,REminiscence,5461,12/05/2020, 09:10:20,168
SOMO00001,REminiscence,5461,12/05/2020, 10:10:40,168
SOMO00001,REminiscence,5461,12/05/2020, 11:09:22,168
SOMO00001,REminiscence,5461,12/05/2020, 12:12:22,168
SOMO00001,REminiscence,5461,12/05/2020, 13:09:20,168
SOMO00001,REminiscence,5461,12/05/2020, 14:10:47,168
SOMO00001,REminiscence,5462,12/05/2020, 15:09:09,168
SOMO00001,REminiscence,5462,12/05/2020, 16:13:42,168
SOMO00001,REminiscence,5462,12/05/2020, 17:10:05,168
SOMO00001,REminiscence,5462,12/05/2020, 18:09:40,168
SOMO00001,REminiscence,5462,12/05/2020, 19:07:55,168
SOMO00001,REminiscence,5462,12/05/2020, 20:09:03,168
SOMO00001,REminiscence,5462,12/05/2020, 21:08:18,168
SOMO00001,REminiscence,5463,12/05/2020, 22:11:31,168
SOMO00001,REminiscence,5463,12/05/2020, 23:09:45,168
SOMO00001,REminiscence,5463,12/06/2020, 00:26:43,168
SOMO00001,REminiscence,5463,12/06/2020, 01:32:59,168
SOMO00001,REminiscence,5463,12/06/2020, 02:13:36,168
SOMO00001,REminiscence,5463,12/06/2020, 03:12:00,168
SOMO00001,REminiscence,5463,12/06/2020, 04:12:03,168
SOMO00001,REminiscence,5464,12/06/2020, 05:09:44,168
SOMO00001,REminiscence,5464,12/06/2020, 06:11:39,168
SOMO00001,REminiscence,5464,12/06/2020, 07:09:53,168
SOMO00001,REminiscence,5464,12/06/2020, 08:11:27,168
SOMO00001,REminiscence,5464,12/06/2020, 09:10:08,168
SOMO00001,REminiscence,5464,12/06/2020, 10:10:59,168
SOMO00001,REminiscence Vita,5464,12/06/2020, 11:09:16,168
SOMO00001,REminiscence Vita,5464,12/06/2020, 12:12:32,168
SOMO00001,REminiscence Vita,5465,12/06/2020, 13:09:14,168
SOMO00001,REminiscence Vita,5465,12/06/2020, 14:10:36,168
SOMO00001,REminiscence Vita,5466,12/06/2020, 15:09:18,168
SOMO00001,REminiscence Vita,5466,12/06/2020, 16:14:11,168
SOMO00001,REminiscence Vita,5466,12/06/2020, 17:11:27,168
SOMO00001,REminiscence Vita,5466,12/06/2020, 18:10:11,168
SOMO00001,REminiscence Vita,5466,12/06/2020, 19:08:14,168
SOMO00001,REminiscence Vita,5466,12/06/2020, 20:09:30,168
SOMO00001,REminiscence Vita,5467,12/06/2020, 21:08:41,168
SOMO00001,REminiscence Vita,5467,12/06/2020, 22:11:31,168
SOMO00001,REminiscence Vita,5467,12/06/2020, 23:10:16,168
SOMO00001,REminiscence Vita,5467,12/07/2020, 00:26:14,168
SOMO00001,REminiscence Vita,5467,12/07/2020, 01:32:51,168
SOMO00001,REminiscence Vita,5467,12/07/2020, 02:14:18,168
SOMO00001,REminiscence Vita,5467,12/07/2020, 03:10:27,168
SOMO00001,REminiscence Vita,5467,12/07/2020, 04:12:39,168
SOMO00001,REminiscence Vita,5467,12/07/2020, 05:10:08,168
SOMO00001,REminiscence Vita,5467,12/07/2020, 06:11:57,168
SOMO00001,REminiscence Vita,5467,12/07/2020, 07:10:20,168
SOMO00001,REminiscence Vita,5467,12/07/2020, 08:11:52,168
SOMO00001,REminiscence Vita,5467,12/07/2020, 09:10:17,168
SOMO00001,REminiscence Vita,5467,12/07/2020, 10:10:57,168
SOMO00001,REminiscence Vita,5467,12/07/2020, 11:09:45,168
SOMO00001,REminiscence Vita,5467,12/07/2020, 12:13:16,168
SOMO00001,REminiscence Vita,5467,12/07/2020, 13:09:37,168
SOMO00001,REminiscence Vita,5467,12/07/2020, 14:11:05,168
SOMO00001,REminiscence Vita,5467,12/07/2020, 15:10:28,168
SOMO00001,REminiscence Vita,5467,12/07/2020, 16:14:54,168
SOMO00001,REminiscence Vita,5468,12/07/2020, 17:13:17,168
SOMO00001,REminiscence Vita,5468,12/07/2020, 18:10:24,168
SOMO00001,REminiscence Vita,5468,12/07/2020, 19:09:17,168
SOMO00001,REminiscence Vita,5468,12/07/2020, 20:09:40,168
SOMO00001,REminiscence Vita,5468,12/07/2020, 21:09:04,168
SOMO00001,REminiscence Vita,5468,12/07/2020, 22:11:41,168
SOMO00001,REminiscence Vita,5468,12/07/2020, 23:10:23,168
SOMO00001,REminiscence Vita,5468,12/08/2020, 00:25:54,168
SOMO00001,REminiscence Vita,5468,12/08/2020, 01:32:49,168
SOMO00001,REminiscence Vita,5468,12/08/2020, 02:14:53,168
SOMO00001,REminiscence Vita,5468,12/08/2020, 03:10:55,168
SOMO00001,REminiscence Vita,5468,12/08/2020, 04:12:20,168
SOMO00001,REminiscence Vita,5468,12/08/2020, 05:10:15,168
SOMO00001,REminiscence Vita,5468,12/08/2020, 06:11:56,168
SOMO00001,REminiscence Vita,5468,12/08/2020, 07:10:29,168
SOMO00001,REminiscence Vita,5468,12/08/2020, 08:12:10,168
SOMO00001,REminiscence Vita,5468,12/08/2020, 09:10:35,168
SOMO00001,REminiscence Vita,5469,12/08/2020, 10:11:07,168
SOMO00001,REminiscence Vita,5469,12/08/2020, 11:10:04,168
SOMO00001,REminiscence Vita,5469,12/08/2020, 12:13:30,168
SOMO00001,REminiscence Vita,5469,12/08/2020, 13:09:54,168
SOMO00001,REminiscence Vita,5469,12/08/2020, 14:11:21,168
SOMO00001,REminiscence Vita,5469,12/08/2020, 15:09:49,168
SOMO00001,REminiscence Vita,5469,12/08/2020, 16:15:01,168
SOMO00001,REminiscence Vita,5469,12/08/2020, 17:13:46,168
SOMO00001,REminiscence Vita,5469,12/08/2020, 18:10:25,168
SOMO00001,REminiscence Vita,5469,12/08/2020, 19:08:53,168
SOMO00001,REminiscence Vita,5469,12/08/2020, 20:09:41,168
SOMO00001,REminiscence Vita,5469,12/08/2020, 21:09:08,168
SOMO00001,REminiscence Vita,5469,12/08/2020, 22:11:57,168
SOMO00001,REminiscence Vita,5469,12/08/2020, 23:10:26,168
SOMO00001,REminiscence Vita,5469,12/09/2020, 00:26:22,168
SOMO00001,REminiscence Vita,5469,12/09/2020, 01:33:54,168
SOMO00001,REminiscence Vita,5469,12/09/2020, 02:15:43,168
SOMO00001,REminiscence Vita,5469,12/09/2020, 03:10:39,168
SOMO00001,REminiscence Vita,5469,12/09/2020, 04:12:34,168
SOMO00001,REminiscence Vita,5469,12/09/2020, 05:10:06,168
SOMO00001,REminiscence Vita,5469,12/09/2020, 06:11:55,168
SOMO00001,REminiscence Vita,5469,12/09/2020, 07:10:27,168
SOMO00001,REminiscence Vita,5469,12/09/2020, 08:11:59,168
SOMO00001,REminiscence Vita,5469,12/09/2020, 09:11:20,168
SOMO00001,REminiscence Vita,5469,12/09/2020, 10:11:16,168
SOMO00001,REminiscence Vita,5469,12/09/2020, 11:10:19,168
SOMO00001,REminiscence Vita,5469,12/09/2020, 12:13:28,168
SOMO00001,REminiscence Vita,5470,12/09/2020, 13:10:28,168
SOMO00001,REminiscence Vita,5471,12/09/2020, 14:11:22,168
SOMO00001,REminiscence Vita,5472,12/09/2020, 15:10:20,168
SOMO00001,REminiscence Vita,5472,12/09/2020, 16:14:44,168
SOMO00001,REminiscence Vita,5472,12/09/2020, 17:10:39,168
SOMO00001,REminiscence Vita,5472,12/09/2020, 18:10:28,168
SOMO00001,REminiscence Vita,5472,12/09/2020, 19:08:58,168
SOMO00001,REminiscence Vita,5472,12/09/2020, 20:09:58,168
SOMO00001,REminiscence Vita,5472,12/09/2020, 21:09:08,168
SOMO00001,REminiscence Vita,5472,12/09/2020, 22:11:49,168
SOMO00001,REminiscence Vita,5472,12/09/2020, 23:10:06,168
SOMO00001,REminiscence Vita,5472,12/10/2020, 00:26:33,168
SOMO00001,REminiscence Vita,5472,12/10/2020, 01:36:37,168
SOMO00001,REminiscence Vita,5472,12/10/2020, 02:18:31,168
SOMO00001,REminiscence Vita,5472,12/10/2020, 03:10:35,168
SOMO00001,REminiscence Vita,5472,12/10/2020, 04:12:32,168
SOMO00001,REminiscence Vita,5472,12/10/2020, 05:09:58,168
SOMO00001,REminiscence Vita,5472,12/10/2020, 06:11:58,168
SOMO00001,REminiscence Vita,5472,12/10/2020, 07:10:31,168
SOMO00001,REminiscence Vita,5472,12/10/2020, 08:11:45,168
SOMO00001,REminiscence Vita,5472,12/10/2020, 09:10:43,168
SOMO00001,REminiscence Vita,5472,12/10/2020, 10:11:36,168
SOMO00001,REminiscence Vita,5472,12/10/2020, 11:10:11,168
SOMO00001,REminiscence Vita,5472,12/10/2020, 12:13:39,168
SOMO00001,REminiscence Vita,5472,12/10/2020, 13:09:32,168
SOMO00001,REminiscence Vita,5472,12/10/2020, 14:11:25,168
SOMO00001,REminiscence Vita,5472,12/10/2020, 15:10:24,168
SOMO00001,REminiscence Vita,5472,12/10/2020, 16:14:40,168
SOMO00001,REminiscence Vita,5472,12/10/2020, 17:16:37,168
SOMO00001,REminiscence Vita,5472,12/10/2020, 18:10:23,168
SOMO00001,REminiscence Vita,5472,12/10/2020, 19:08:57,168
SOMO00001,REminiscence Vita,5472,12/10/2020, 20:10:08,168
SOMO00001,REminiscence Vita,5472,12/10/2020, 21:08:59,168
SOMO00001,REminiscence Vita,5472,12/10/2020, 22:12:31,168
SOMO00001,REminiscence Vita,5472,12/10/2020, 23:10:25,168
SOMO00001,REminiscence Vita,5472,12/11/2020, 00:26:50,168
SOMO00001,REminiscence Vita,5473,12/11/2020, 01:37:18,168
SOMO00001,REminiscence Vita,5473,12/11/2020, 02:18:36,168
SOMO00001,REminiscence Vita,5473,12/11/2020, 03:10:45,168
SOMO00001,REminiscence Vita,5473,12/11/2020, 04:12:37,168
SOMO00001,REminiscence Vita,5473,12/11/2020, 05:10:14,168
SOMO00001,REminiscence Vita,5473,12/11/2020, 06:11:41,168
SOMO00001,REminiscence Vita,5473,12/11/2020, 07:10:06,168
SOMO00001,REminiscence Vita,5473,12/11/2020, 08:12:47,168
SOMO00001,REminiscence Vita,5473,12/11/2020, 09:10:29,168
SOMO00001,REminiscence Vita,5473,12/11/2020, 10:11:55,168
SOMO00001,REminiscence Vita,5473,12/11/2020, 11:10:19,168
SOMO00001,REminiscence Vita,5473,12/11/2020, 12:13:40,168
SOMO00001,REminiscence Vita,5474,12/11/2020, 13:09:51,168
SOMO00001,REminiscence Vita,5474,12/11/2020, 14:11:36,168
SOMO00001,REminiscence Vita,5474,12/11/2020, 15:10:22,168
SOMO00001,REminiscence Vita,5474,12/11/2020, 16:14:48,168
SOMO00001,REminiscence Vita,5474,12/11/2020, 17:17:03,168
SOMO00001,REminiscence Vita,5474,12/11/2020, 18:10:23,168
SOMO00001,REminiscence Vita,5474,12/11/2020, 19:08:35,168
SOMO00001,REminiscence Vita,5474,12/11/2020, 20:10:23,168
SOMO00001,REminiscence Vita,5474,12/11/2020, 21:09:12,168
SOMO00001,REminiscence Vita,5474,12/11/2020, 22:11:44,168
SOMO00001,REminiscence Vita,5474,12/11/2020, 23:10:34,168
SOMO00001,REminiscence Vita,5474,12/12/2020, 00:26:46,168
SOMO00001,REminiscence Vita,5474,12/12/2020, 01:37:33,168
SOMO00001,REminiscence Vita,5475,12/12/2020, 02:18:23,168
SOMO00001,REminiscence Vita,5475,12/12/2020, 03:11:04,168
SOMO00001,REminiscence Vita,5475,12/12/2020, 04:12:53,168
SOMO00001,REminiscence Vita,5476,12/12/2020, 05:09:51,168
SOMO00001,REminiscence Vita,5476,12/12/2020, 06:11:54,168
SOMO00001,REminiscence Vita,5476,12/12/2020, 07:10:22,168
SOMO00001,REminiscence Vita,5476,12/12/2020, 08:12:11,168
SOMO00001,REminiscence Vita,5476,12/12/2020, 09:11:22,168
SOMO00001,REminiscence Vita,5476,12/12/2020, 10:11:42,168
SOMO00001,REminiscence Vita,5476,12/12/2020, 11:10:27,168
SOMO00001,REminiscence Vita,5476,12/12/2020, 12:13:19,168
SOMO00001,REminiscence Vita,5476,12/12/2020, 13:09:29,168
SOMO00001,REminiscence Vita,5476,12/12/2020, 14:11:09,168
SOMO00001,REminiscence Vita,5476,12/12/2020, 15:10:01,168
SOMO00001,REminiscence Vita,5476,12/12/2020, 16:15:01,168
SOMO00001,REminiscence Vita,5476,12/12/2020, 17:16:55,168
SOMO00001,REminiscence Vita,5476,12/12/2020, 18:10:34,168
SOMO00001,REminiscence Vita,5476,12/12/2020, 19:08:43,168
SOMO00001,REminiscence Vita,5476,12/12/2020, 20:10:09,168
SOMO00001,REminiscence Vita,5476,12/12/2020, 21:08:40,168
SOMO00001,REminiscence Vita,5476,12/12/2020, 22:11:55,168
SOMO00001,REminiscence Vita,5476,12/12/2020, 23:10:15,168
SOMO00001,REminiscence Vita,5476,12/13/2020, 00:28:14,168
SOMO00001,REminiscence Vita,5476,12/13/2020, 01:41:34,168
SOMO00001,REminiscence Vita,5476,12/13/2020, 02:18:53,168
SOMO00001,REminiscence Vita,5476,12/13/2020, 03:11:24,168
SOMO00001,REminiscence Vita,5476,12/13/2020, 04:12:35,168
SOMO00001,REminiscence Vita,5476,12/13/2020, 05:10:52,168
SOMO00001,REminiscence Vita,5476,12/13/2020, 06:11:54,168
SOMO00001,REminiscence Vita,5476,12/13/2020, 07:10:03,168
SOMO00001,REminiscence Vita,5476,12/13/2020, 08:12:04,168
SOMO00001,REminiscence Vita,5476,12/13/2020, 09:10:35,168
SOMO00001,REminiscence Vita,5476,12/13/2020, 10:11:45,168
SOMO00001,REminiscence Vita,5478,12/13/2020, 11:10:37,168
SOMO00001,REminiscence Vita,5478,12/13/2020, 12:13:22,168
SOMO00001,REminiscence Vita,5478,12/13/2020, 13:09:50,168
SOMO00001,REminiscence Vita,5478,12/13/2020, 14:11:26,168
SOMO00001,REminiscence Vita,5478,12/13/2020, 15:10:05,168
SOMO00001,REminiscence Vita,5478,12/13/2020, 16:15:02,168
SOMO00001,REminiscence Vita,5478,12/13/2020, 17:18:33,168
SOMO00001,REminiscence Vita,5478,12/13/2020, 18:10:15,168
SOMO00001,REminiscence Vita,5478,12/13/2020, 19:08:24,168
SOMO00001,REminiscence Vita,5478,12/13/2020, 20:10:07,168
SOMO00001,REminiscence Vita,5478,12/13/2020, 21:09:18,168
SOMO00001,REminiscence Vita,5478,12/13/2020, 22:11:40,168
SOMO00001,REminiscence Vita,5478,12/13/2020, 23:10:28,168
SOMO00001,REminiscence Vita,5478,12/14/2020, 00:27:29,168
SOMO00001,REminiscence Vita,5478,12/14/2020, 01:41:30,168
SOMO00001,REminiscence Vita,5478,12/14/2020, 02:20:19,168
SOMO00001,REminiscence Vita,5478,12/14/2020, 03:10:56,168
SOMO00001,REminiscence Vita,5478,12/14/2020, 04:12:49,168
SOMO00001,REminiscence Vita,5478,12/14/2020, 05:10:02,168
SOMO00001,REminiscence Vita,5478,12/14/2020, 06:12:18,168
SOMO00001,REminiscence Vita,5478,12/14/2020, 07:10:18,168
SOMO00001,REminiscence Vita,5478,12/14/2020, 08:12:59,168
SOMO00001,REminiscence Vita,5479,12/14/2020, 09:10:55,168
SOMO00001,REminiscence Vita,5479,12/14/2020, 10:12:02,168
SOMO00001,REminiscence Vita,5479,12/14/2020, 11:10:24,168
SOMO00001,REminiscence Vita,5479,12/14/2020, 12:14:07,168
SOMO00001,REminiscence Vita,5479,12/14/2020, 13:11:59,168
SOMO00001,REminiscence Vita,5479,12/14/2020, 14:11:56,168
SOMO00001,REminiscence Vita,5479,12/14/2020, 15:10:53,168
SOMO00001,REminiscence Vita,5479,12/14/2020, 16:12:48,168
SOMO00001,REminiscence Vita,5479,12/14/2020, 17:18:41,168
SOMO00001,REminiscence Vita,5479,12/14/2020, 18:09:18,168
SOMO00001,REminiscence Vita,5479,12/14/2020, 19:08:38,168
SOMO00001,REminiscence Vita,5479,12/14/2020, 20:10:26,168
SOMO00001,REminiscence Vita,5479,12/14/2020, 21:09:19,168
SOMO00001,REminiscence Vita,5479,12/14/2020, 22:12:03,168
SOMO00001,REminiscence Vita,5479,12/14/2020, 23:10:45,168
SOMO00001,REminiscence Vita,5479,12/15/2020, 09:11:04,168
SOMO00001,REminiscence Vita,5479,12/15/2020, 10:11:37,168
SOMO00001,REminiscence Vita,5479,12/15/2020, 11:10:21,168
SOMO00001,REminiscence Vita,5479,12/15/2020, 12:14:06,168
SOMO00001,REminiscence Vita,5479,12/15/2020, 13:11:58,168
SOMO00001,REminiscence Vita,5479,12/15/2020, 14:11:59,168
SOMO00001,REminiscence Vita,5479,12/15/2020, 15:10:52,168
SOMO00001,REminiscence Vita,5479,12/15/2020, 16:15:29,168
SOMO00001,REminiscence Vita,5479,12/15/2020, 17:22:03,168
SOMO00001,REminiscence Vita,5479,12/15/2020, 18:10:36,168
SOMO00001,REminiscence Vita,5479,12/15/2020, 19:08:33,168
SOMO00001,REminiscence Vita,5479,12/15/2020, 20:10:21,168
SOMO00001,REminiscence Vita,5479,12/15/2020, 21:09:27,168
SOMO00001,REminiscence Vita,5479,12/15/2020, 22:11:29,168
SOMO00001,REminiscence Vita,5479,12/15/2020, 23:10:47,168
SOMO00001,REminiscence Vita,5479,12/16/2020, 00:27:00,168
SOMO00001,REminiscence Vita,5479,12/16/2020, 01:42:14,168
SOMO00001,REminiscence Vita,5480,12/16/2020, 02:21:54,168
SOMO00001,REminiscence Vita,5480,12/16/2020, 03:10:42,168
SOMO00001,REminiscence Vita,5480,12/16/2020, 04:12:54,168
SOMO00001,REminiscence Vita,5480,12/16/2020, 05:10:11,168
SOMO00001,REminiscence Vita,5480,12/16/2020, 06:12:24,168
SOMO00001,REminiscence Vita,5480,12/16/2020, 07:10:38,168
SOMO00001,REminiscence Vita,5480,12/16/2020, 08:12:33,168
SOMO00001,REminiscence Vita,5480,12/16/2020, 09:10:49,168
SOMO00001,REminiscence Vita,5480,12/16/2020, 10:11:42,168
SOMO00001,REminiscence Vita,5480,12/16/2020, 11:10:24,168
SOMO00001,REminiscence Vita,5480,12/16/2020, 12:14:10,168
SOMO00001,REminiscence Vita,5480,12/16/2020, 13:12:25,168
SOMO00001,REminiscence Vita,5480,12/16/2020, 14:12:03,168
SOMO00001,REminiscence Vita,5480,12/16/2020, 15:10:56,168
SOMO00001,REminiscence Vita,5480,12/16/2020, 16:15:58,168
SOMO00001,REminiscence Vita,5480,12/16/2020, 17:32:49,168
SOMO00001,REminiscence Vita,5480,12/16/2020, 18:10:16,168
SOMO00001,REminiscence Vita,5480,12/16/2020, 19:09:14,168
SOMO00001,REminiscence Vita,5480,12/16/2020, 20:10:39,168
SOMO00001,REminiscence Vita,5480,12/16/2020, 21:09:58,168
SOMO00001,REminiscence Vita,5480,12/16/2020, 22:12:49,168
SOMO00001,REminiscence Vita,5480,12/16/2020, 23:12:18,168
SOMO00001,REminiscence Vita,5480,12/17/2020, 00:29:18,168
SOMO00001,REminiscence Vita,5480,12/17/2020, 01:44:25,168
SOMO00001,REminiscence Vita,5480,12/17/2020, 02:22:29,168
SOMO00001,REminiscence Vita,5480,12/17/2020, 03:10:46,168
SOMO00001,REminiscence Vita,5480,12/17/2020, 04:12:51,168
SOMO00001,REminiscence Vita,5480,12/17/2020, 05:10:15,168
SOMO00001,REminiscence Vita,5480,12/17/2020, 06:12:34,168
SOMO00001,REminiscence Vita,5480,12/17/2020, 07:11:31,168
SOMO00001,REminiscence Vita,5480,12/17/2020, 08:12:50,168
SOMO00001,REminiscence Vita,5480,12/17/2020, 09:10:52,168
SOMO00001,REminiscence Vita,5480,12/17/2020, 10:11:55,168
SOMO00001,REminiscence Vita,5480,12/17/2020, 11:10:25,168
SOMO00001,REminiscence Vita,5480,12/17/2020, 12:14:57,168
SOMO00001,REminiscence Vita,5481,12/17/2020, 13:14:19,168
SOMO00001,REminiscence Vita,5481,12/17/2020, 14:12:30,168
SOMO00001,REminiscence Vita,5481,12/17/2020, 15:10:57,168
SOMO00001,REminiscence Vita,5481,12/17/2020, 16:18:19,168
SOMO00001,REminiscence Vita,5481,12/17/2020, 17:27:37,168
SOMO00001,REminiscence Vita,5481,12/17/2020, 18:11:59,168
SOMO00001,REminiscence Vita,5481,12/17/2020, 19:09:55,168
SOMO00001,REminiscence Vita,5481,12/17/2020, 20:10:46,168
SOMO00001,REminiscence Vita,5481,12/17/2020, 21:10:03,168
SOMO00001,REminiscence Vita,5481,12/17/2020, 22:12:59,168
SOMO00001,REminiscence Vita,5481,12/17/2020, 23:11:58,168
SOMO00001,REminiscence Vita,5481,12/18/2020, 00:28:37,168
SOMO00001,REminiscence Vita,5483,12/18/2020, 01:46:25,168
SOMO00001,REminiscence Vita,5483,12/18/2020, 02:25:47,168
SOMO00001,REminiscence Vita,5483,12/18/2020, 03:13:41,168
SOMO00001,REminiscence Vita,5483,12/18/2020, 04:14:34,168
SOMO00001,REminiscence Vita,5483,12/18/2020, 05:14:01,168
SOMO00001,REminiscence Vita,5483,12/18/2020, 06:13:19,168
SOMO00001,REminiscence Vita,5483,12/18/2020, 07:14:07,168
SOMO00001,REminiscence Vita,5483,12/18/2020, 08:13:45,168
SOMO00001,REminiscence Vita,5483,12/18/2020, 09:13:22,168
SOMO00001,REminiscence Vita,5483,12/18/2020, 10:14:05,168
SOMO00001,REminiscence Vita,5483,12/18/2020, 11:12:25,168
SOMO00001,REminiscence Vita,5483,12/18/2020, 12:15:14,168
SOMO00001,REminiscence Vita,5483,12/18/2020, 13:18:05,168
SOMO00001,REminiscence Vita,5483,12/18/2020, 14:13:48,168
SOMO00001,REminiscence Vita,5483,12/18/2020, 15:12:31,168
SOMO00001,REminiscence Vita,5483,12/18/2020, 16:20:44,168
SOMO00001,REminiscence Vita,5483,12/18/2020, 17:31:52,168
SOMO00001,REminiscence Vita,5483,12/18/2020, 18:18:19,168
SOMO00001,REminiscence Vita,5483,12/18/2020, 19:15:07,168
SOMO00001,REminiscence Vita,5483,12/18/2020, 20:11:21,168
SOMO00001,REminiscence Vita,5483,12/18/2020, 21:09:52,168
SOMO00001,REminiscence Vita,5483,12/18/2020, 22:12:57,168
SOMO00001,REminiscence Vita,5483,12/18/2020, 23:12:00,168
SOMO00001,REminiscence Vita,5483,12/19/2020, 00:28:39,168
SOMO00001,REminiscence Vita,5483,12/19/2020, 01:45:51,168
SOMO00001,REminiscence Vita,5483,12/19/2020, 02:25:12,168
SOMO00001,REminiscence Vita,5483,12/19/2020, 03:13:15,168
SOMO00001,REminiscence Vita,5483,12/19/2020, 04:14:00,168
SOMO00001,REminiscence Vita,5483,12/19/2020, 05:13:10,168
SOMO00001,REminiscence Vita,5483,12/19/2020, 06:13:08,168
SOMO00001,REminiscence Vita,5483,12/19/2020, 07:13:45,168
SOMO00001,REminiscence Vita,5483,12/19/2020, 08:13:08,168
SOMO00001,REminiscence Vita,5484,12/19/2020, 09:12:18,168
SOMO00001,REminiscence Vita,5484,12/19/2020, 10:13:33,168
SOMO00001,REminiscence Vita,5484,12/19/2020, 11:11:41,168
SOMO00001,REminiscence Vita,5484,12/19/2020, 12:14:47,168
SOMO00001,REminiscence Vita,5484,12/19/2020, 13:16:26,168
SOMO00001,REminiscence Vita,5484,12/19/2020, 14:12:43,168
SOMO00001,REminiscence Vita,5484,12/19/2020, 15:11:03,168
SOMO00001,REminiscence Vita,5484,12/19/2020, 16:20:02,168
SOMO00001,REminiscence Vita,5484,12/19/2020, 17:30:32,168
SOMO00001,REminiscence Vita,5484,12/19/2020, 18:14:52,168
SOMO00001,REminiscence Vita,5484,12/19/2020, 19:10:41,168
SOMO00001,REminiscence Vita,5484,12/19/2020, 20:11:27,168
SOMO00001,REminiscence Vita,5484,12/19/2020, 21:09:26,168
SOMO00001,REminiscence Vita,5484,12/19/2020, 22:12:45,168
SOMO00001,REminiscence Vita,5484,12/19/2020, 23:10:28,168
SOMO00001,REminiscence Vita,5484,12/20/2020, 00:28:52,168
SOMO00001,REminiscence Vita,5484,12/20/2020, 01:47:26,168
SOMO00001,REminiscence Vita,5484,12/20/2020, 02:24:43,168
SOMO00001,REminiscence Vita,5484,12/20/2020, 03:11:43,168
SOMO00001,REminiscence Vita,5484,12/20/2020, 04:12:48,168
SOMO00001,REminiscence Vita,5484,12/20/2020, 05:10:29,168
SOMO00001,REminiscence Vita,5484,12/20/2020, 06:12:46,168
SOMO00001,REminiscence Vita,5484,12/20/2020, 07:11:29,168
SOMO00001,REminiscence Vita,5484,12/20/2020, 08:13:11,168
SOMO00001,REminiscence Vita,5484,12/20/2020, 09:11:13,168
SOMO00001,REminiscence Vita,5484,12/20/2020, 10:12:11,168
SOMO00001,REminiscence Vita,5484,12/20/2020, 11:10:56,168
SOMO00001,REminiscence Vita,5484,12/20/2020, 12:15:03,168
SOMO00001,REminiscence Vita,5484,12/20/2020, 13:15:36,168
SOMO00001,REminiscence Vita,5484,12/20/2020, 14:12:24,168
SOMO00001,REminiscence Vita,5484,12/20/2020, 15:10:46,168
SOMO00001,REminiscence Vita,5484,12/20/2020, 16:19:12,168
SOMO00001,REminiscence Vita,5484,12/20/2020, 17:30:12,168
SOMO00001,REminiscence Vita,5484,12/20/2020, 18:15:13,168
SOMO00001,REminiscence Vita,5484,12/20/2020, 19:12:13,168
SOMO00001,REminiscence Vita,5484,12/20/2020, 20:11:27,168
SOMO00001,REminiscence Vita,5484,12/20/2020, 21:10:08,168
SOMO00001,REminiscence Vita,5485,12/20/2020, 22:13:26,168
SOMO00001,REminiscence Vita,5485,12/20/2020, 23:14:12,168
SOMO00001,REminiscence Vita,5485,12/21/2020, 00:31:01,168
SOMO00001,REminiscence Vita,5485,12/21/2020, 01:51:35,168
SOMO00001,REminiscence Vita,5485,12/21/2020, 02:30:21,168
SOMO00001,REminiscence Vita,5485,12/21/2020, 03:16:49,168
SOMO00001,REminiscence Vita,5485,12/21/2020, 04:16:09,168
SOMO00001,REminiscence Vita,5485,12/21/2020, 05:14:49,168
SOMO00001,REminiscence Vita,5485,12/21/2020, 06:13:21,168
SOMO00001,REminiscence Vita,5485,12/21/2020, 07:15:33,168
SOMO00001,REminiscence Vita,5485,12/21/2020, 08:14:10,168
SOMO00001,REminiscence Vita,5485,12/21/2020, 09:14:51,168
SOMO00001,REminiscence Vita,5485,12/21/2020, 10:14:35,168
SOMO00001,REminiscence Vita,5485,12/21/2020, 11:12:46,168
SOMO00001,REminiscence Vita,5485,12/21/2020, 12:15:28,168
SOMO00001,REminiscence Vita,5485,12/21/2020, 13:19:57,168
SOMO00001,REminiscence Vita,5485,12/21/2020, 14:13:26,168
SOMO00001,REminiscence Vita,5485,12/21/2020, 15:12:17,168
SOMO00001,REminiscence Vita,5485,12/21/2020, 16:20:44,168
SOMO00001,REminiscence Vita,5485,12/21/2020, 17:33:45,168
SOMO00001,REminiscence Vita,5485,12/21/2020, 18:18:52,168
SOMO00001,REminiscence Vita,5485,12/21/2020, 19:15:54,168
SOMO00001,REminiscence Vita,5485,12/21/2020, 20:11:57,168
SOMO00001,REminiscence Vita,5485,12/21/2020, 21:11:18,168
SOMO00001,REminiscence Vita,5485,12/21/2020, 22:15:16,168
SOMO00001,REminiscence Vita,5486,12/21/2020, 23:17:27,168
SOMO00001,REminiscence Vita,5486,12/22/2020, 00:32:20,168
SOMO00001,REminiscence Vita,5486,12/22/2020, 01:54:09,168
SOMO00001,REminiscence Vita,5486,12/22/2020, 02:34:27,168
SOMO00001,REminiscence Vita,5486,12/22/2020, 03:20:05,168
SOMO00001,REminiscence Vita,5486,12/22/2020, 04:19:38,168
SOMO00001,REminiscence Vita,5486,12/22/2020, 05:18:09,168
SOMO00001,REminiscence Vita,5486,12/22/2020, 06:15:27,168
SOMO00001,REminiscence Vita,5486,12/22/2020, 07:20:18,168
SOMO00001,REminiscence Vita,5486,12/22/2020, 08:16:17,168
SOMO00001,REminiscence Vita,5486,12/22/2020, 09:18:39,168
SOMO00001,REminiscence Vita,5486,12/22/2020, 10:18:21,168
SOMO00001,REminiscence Vita,5486,12/22/2020, 11:15:39,168
SOMO00001,REminiscence Vita,5486,12/22/2020, 12:17:59,168
SOMO00001,REminiscence Vita,5486,12/22/2020, 13:25:11,168
SOMO00001,REminiscence Vita,5486,12/22/2020, 14:15:22,168
SOMO00001,REminiscence Vita,5486,12/22/2020, 15:13:56,168
SOMO00001,REminiscence Vita,5486,12/22/2020, 16:25:08,168
SOMO00001,REminiscence Vita,5486,12/22/2020, 17:38:19,168
SOMO00001,REminiscence Vita,5486,12/22/2020, 18:23:14,168
SOMO00001,REminiscence Vita,5486,12/22/2020, 19:19:27,168
SOMO00001,REminiscence Vita,5486,12/22/2020, 20:12:55,168
SOMO00001,REminiscence Vita,5486,12/22/2020, 21:12:09,168
SOMO00001,REminiscence Vita,5486,12/22/2020, 22:16:33,168
SOMO00001,REminiscence Vita,5486,12/22/2020, 23:18:59,168
SOMO00001,REminiscence Vita,5486,12/23/2020, 00:34:09,168
SOMO00001,REminiscence Vita,5487,12/23/2020, 01:57:55,168
SOMO00001,REminiscence Vita,5487,12/23/2020, 02:44:22,168
SOMO00001,REminiscence Vita,5487,12/23/2020, 03:21:24,168
SOMO00001,REminiscence Vita,5487,12/23/2020, 04:21:07,168
SOMO00001,REminiscence Vita,5487,12/23/2020, 05:20:48,168
SOMO00001,REminiscence Vita,5487,12/23/2020, 06:15:32,168
SOMO00001,REminiscence Vita,5487,12/23/2020, 07:22:04,168
SOMO00001,REminiscence Vita,5488,12/23/2020, 08:17:01,168
SOMO00001,REminiscence Vita,5488,12/23/2020, 09:19:36,168
SOMO00001,REminiscence Vita,5488,12/23/2020, 10:19:30,168
SOMO00001,REminiscence Vita,5488,12/23/2020, 11:16:06,168
SOMO00001,REminiscence Vita,5488,12/23/2020, 12:17:46,168
SOMO00001,REminiscence Vita,5488,12/23/2020, 13:25:29,168
SOMO00001,REminiscence Vita,5488,12/23/2020, 14:15:18,168
SOMO00001,REminiscence Vita,5488,12/23/2020, 15:14:17,168
SOMO00001,REminiscence Vita,5488,12/23/2020, 16:26:38,168
SOMO00001,REminiscence Vita,5488,12/23/2020, 17:41:39,168
SOMO00001,REminiscence Vita,5489,12/23/2020, 18:28:29,168
SOMO00001,REminiscence Vita,5489,12/23/2020, 19:23:40,168
SOMO00001,REminiscence Vita,5489,12/23/2020, 20:13:49,168
SOMO00001,REminiscence Vita,5489,12/23/2020, 21:12:42,168
SOMO00001,REminiscence Vita,5489,12/23/2020, 22:17:16,168
SOMO00001,REminiscence Vita,5489,12/23/2020, 23:20:12,168
SOMO00001,REminiscence Vita,5489,12/24/2020, 00:37:06,168
SOMO00001,REminiscence Vita,5489,12/24/2020, 02:02:31,168
SOMO00001,REminiscence Vita,5489,12/24/2020, 03:23:39,168
SOMO00001,REminiscence Vita,5489,12/24/2020, 04:23:16,168
SOMO00001,REminiscence Vita,5489,12/24/2020, 05:22:21,168
SOMO00001,REminiscence Vita,5489,12/24/2020, 06:16:50,168
SOMO00001,REminiscence Vita,5489,12/24/2020, 07:22:35,168
SOMO00001,REminiscence Vita,5489,12/24/2020, 08:17:25,168
SOMO00001,REminiscence Vita,5489,12/24/2020, 09:20:00,168
SOMO00001,REminiscence Vita,5489,12/24/2020, 10:19:55,168
SOMO00001,REminiscence Vita,5489,12/24/2020, 11:16:36,168
SOMO00001,REminiscence Vita,5489,12/24/2020, 12:17:45,168
SOMO00001,REminiscence Vita,5489,12/24/2020, 13:25:48,168
SOMO00001,REminiscence Vita,5489,12/24/2020, 14:15:23,168
SOMO00001,REminiscence Vita,5489,12/24/2020, 15:14:12,168
SOMO00001,REminiscence Vita,5489,12/24/2020, 16:27:12,168
SOMO00001,REminiscence Vita,5489,12/24/2020, 17:43:06,168
SOMO00001,REminiscence Vita,5489,12/24/2020, 18:29:39,168
SOMO00001,REminiscence Vita,5489,12/24/2020, 19:25:12,168
SOMO00001,REminiscence Vita,5489,12/24/2020, 20:14:01,168
SOMO00001,REminiscence Vita,5489,12/24/2020, 21:12:33,168
SOMO00001,REminiscence Vita,5489,12/24/2020, 22:15:54,168
SOMO00001,REminiscence Vita,5489,12/24/2020, 23:18:43,168
SOMO00001,REminiscence Vita,5489,12/25/2020, 00:34:27,168
SOMO00001,REminiscence Vita,5489,12/25/2020, 01:58:59,168
SOMO00001,REminiscence Vita,5489,12/25/2020, 02:44:31,168
SOMO00001,REminiscence Vita,5489,12/25/2020, 03:19:49,168
SOMO00001,REminiscence Vita,5489,12/25/2020, 04:18:34,168
SOMO00001,REminiscence Vita,5489,12/25/2020, 05:18:00,168
SOMO00001,REminiscence Vita,5489,12/25/2020, 06:13:33,168
SOMO00001,REminiscence Vita,5489,12/25/2020, 07:17:59,168
SOMO00001,REminiscence Vita,5489,12/25/2020, 08:14:37,168
SOMO00001,REminiscence Vita,5489,12/25/2020, 09:16:49,168
SOMO00001,REminiscence Vita,5489,12/25/2020, 10:16:32,168
SOMO00001,REminiscence Vita,5489,12/25/2020, 11:13:19,168
SOMO00001,REminiscence Vita,5489,12/25/2020, 12:15:36,168
SOMO00001,REminiscence Vita,5489,12/25/2020, 13:21:47,168
SOMO00001,REminiscence Vita,5489,12/25/2020, 14:12:35,168
SOMO00001,REminiscence Vita,5489,12/25/2020, 15:11:44,168
SOMO00001,REminiscence Vita,5489,12/25/2020, 16:22:31,168
SOMO00001,REminiscence Vita,5489,12/25/2020, 17:39:07,168
SOMO00001,REminiscence Vita,5489,12/25/2020, 18:24:15,168
SOMO00001,REminiscence Vita,5489,12/25/2020, 19:20:20,168
SOMO00001,REminiscence Vita,5489,12/25/2020, 20:11:13,168
SOMO00001,REminiscence Vita,5489,12/25/2020, 21:10:19,168
SOMO00001,REminiscence Vita,5489,12/25/2020, 22:14:44,168
SOMO00001,REminiscence Vita,5489,12/25/2020, 23:17:53,168
SOMO00001,REminiscence Vita,5489,12/26/2020, 00:33:18,168
SOMO00001,REminiscence Vita,5489,12/26/2020, 01:57:56,168
SOMO00001,REminiscence Vita,5489,12/26/2020, 02:43:07,168
SOMO00001,REminiscence Vita,5489,12/26/2020, 03:19:41,168
SOMO00001,REminiscence Vita,5489,12/26/2020, 04:18:43,168
SOMO00001,REminiscence Vita,5489,12/26/2020, 05:18:12,168
SOMO00001,REminiscence Vita,5489,12/26/2020, 06:13:24,168
SOMO00001,REminiscence Vita,5489,12/26/2020, 07:18:13,168
SOMO00001,REminiscence Vita,5489,12/26/2020, 08:14:08,168
SOMO00001,REminiscence Vita,5489,12/26/2020, 09:16:32,168
SOMO00001,REminiscence Vita,5489,12/26/2020, 10:16:23,168
SOMO00001,REminiscence Vita,5489,12/26/2020, 11:13:23,168
SOMO00001,REminiscence Vita,5489,12/26/2020, 12:15:31,168
SOMO00001,REminiscence Vita,5489,12/26/2020, 13:21:26,168
SOMO00001,REminiscence Vita,5489,12/26/2020, 14:12:20,168
SOMO00001,REminiscence Vita,5489,12/26/2020, 15:11:01,168
SOMO00001,REminiscence Vita,5489,12/26/2020, 16:21:51,168
SOMO00001,REminiscence Vita,5489,12/26/2020, 17:39:25,168
SOMO00001,REminiscence Vita,5489,12/26/2020, 18:24:32,168
SOMO00001,REminiscence Vita,5489,12/26/2020, 19:20:18,168
SOMO00001,REminiscence Vita,5489,12/26/2020, 20:10:55,168
SOMO00001,REminiscence Vita,5489,12/26/2020, 21:10:15,168
SOMO00001,REminiscence Vita,5489,12/26/2020, 22:14:47,168
SOMO00001,REminiscence Vita,5489,12/26/2020, 23:18:08,168
SOMO00001,REminiscence Vita,5489,12/27/2020, 00:35:18,168
SOMO00001,REminiscence Vita,5489,12/27/2020, 02:03:18,168
SOMO00001,REminiscence Vita,5489,12/27/2020, 03:20:31,168
SOMO00001,REminiscence Vita,5489,12/27/2020, 04:19:46,168
SOMO00001,REminiscence Vita,5489,12/27/2020, 05:19:01,168
SOMO00001,REminiscence Vita,5489,12/27/2020, 06:13:16,168
SOMO00001,REminiscence Vita,5489,12/27/2020, 07:18:38,168
SOMO00001,REminiscence Vita,5489,12/27/2020, 08:14:32,168
SOMO00001,REminiscence Vita,5489,12/27/2020, 09:16:56,168
SOMO00001,REminiscence Vita,5489,12/27/2020, 10:16:55,168
SOMO00001,REminiscence Vita,5489,12/27/2020, 11:13:46,168
SOMO00001,REminiscence Vita,5489,12/27/2020, 12:15:28,168
SOMO00001,REminiscence Vita,5489,12/27/2020, 13:21:45,168
SOMO00001,REminiscence Vita,5489,12/27/2020, 14:12:25,168
SOMO00001,REminiscence Vita,5489,12/27/2020, 15:11:19,168
SOMO00001,REminiscence Vita,5489,12/27/2020, 16:22:09,168
SOMO00001,REminiscence Vita,5489,12/27/2020, 17:40:20,168
SOMO00001,REminiscence Vita,5489,12/27/2020, 18:25:59,168
SOMO00001,REminiscence Vita,5489,12/27/2020, 19:21:02,168
SOMO00001,REminiscence Vita,5489,12/27/2020, 20:11:19,168
SOMO00001,REminiscence Vita,5489,12/27/2020, 21:10:24,168
SOMO00001,REminiscence Vita,5489,12/27/2020, 22:15:07,168
SOMO00001,REminiscence Vita,5489,12/27/2020, 23:18:41,168
SOMO00001,REminiscence Vita,5489,12/28/2020, 00:35:32,168
SOMO00001,REminiscence Vita,5490,12/28/2020, 02:03:13,168
SOMO00001,REminiscence Vita,5490,12/28/2020, 03:21:21,168
SOMO00001,REminiscence Vita,5490,12/28/2020, 04:21:01,168
SOMO00001,REminiscence Vita,5490,12/28/2020, 05:20:19,168
SOMO00001,REminiscence Vita,5490,12/28/2020, 06:14:30,168
SOMO00001,REminiscence Vita,5490,12/28/2020, 07:20:16,168
SOMO00001,REminiscence Vita,5490,12/28/2020, 08:15:36,168
SOMO00001,REminiscence Vita,5490,12/28/2020, 09:18:04,168
SOMO00001,REminiscence Vita,5490,12/28/2020, 10:18:21,168
SOMO00001,REminiscence Vita,5490,12/28/2020, 11:14:50,168
SOMO00001,REminiscence Vita,5490,12/28/2020, 12:15:57,168
SOMO00001,REminiscence Vita,5490,12/28/2020, 13:23:55,168
SOMO00001,REminiscence Vita,5490,12/28/2020, 14:13:42,168
SOMO00001,REminiscence Vita,5490,12/28/2020, 15:12:09,168
SOMO00001,REminiscence Vita,5490,12/28/2020, 16:24:29,168
SOMO00001,REminiscence Vita,5490,12/28/2020, 17:43:13,168
SOMO00001,REminiscence Vita,5491,12/28/2020, 18:30:06,168
SOMO00001,REminiscence Vita,5491,12/28/2020, 19:24:38,168
SOMO00001,REminiscence Vita,5491,12/28/2020, 20:13:31,168
SOMO00001,REminiscence Vita,5491,12/28/2020, 21:11:22,168
SOMO00001,REminiscence Vita,5491,12/28/2020, 22:15:57,168
SOMO00001,REminiscence Vita,5491,12/28/2020, 23:20:30,168
SOMO00001,REminiscence Vita,5491,12/29/2020, 00:36:28,168
SOMO00001,REminiscence Vita,5491,12/29/2020, 02:04:46,168
SOMO00001,REminiscence Vita,5491,12/29/2020, 03:23:22,168
SOMO00001,REminiscence Vita,5491,12/29/2020, 04:23:51,168
SOMO00001,REminiscence Vita,5491,12/29/2020, 05:22:47,168
SOMO00001,REminiscence Vita,5491,12/29/2020, 06:16:05,168
SOMO00001,REminiscence Vita,5491,12/29/2020, 07:21:48,168
SOMO00001,REminiscence Vita,5491,12/29/2020, 08:16:54,168
SOMO00001,REminiscence Vita,5491,12/29/2020, 09:20:35,168
SOMO00001,REminiscence Vita,5491,12/29/2020, 10:20:36,168
SOMO00001,REminiscence Vita,5491,12/29/2020, 11:17:22,168
SOMO00001,REminiscence Vita,5491,12/29/2020, 12:17:03,168
SOMO00001,REminiscence Vita,5491,12/29/2020, 13:26:32,168
SOMO00001,REminiscence Vita,5491,12/29/2020, 14:14:54,168
SOMO00001,REminiscence Vita,5491,12/29/2020, 15:13:06,168
SOMO00001,REminiscence Vita,5491,12/29/2020, 16:27:52,168
SOMO00001,REminiscence Vita,5491,12/29/2020, 17:47:47,168
SOMO00001,REminiscence Vita,5491,12/29/2020, 18:35:25,168
SOMO00001,REminiscence Vita,5491,12/29/2020, 19:30:25,168
SOMO00001,REminiscence Vita,5491,12/29/2020, 20:16:36,168
SOMO00001,REminiscence Vita,5491,12/29/2020, 21:12:47,168
SOMO00001,REminiscence Vita,5491,12/29/2020, 22:17:57,168
SOMO00001,REminiscence Vita,5491,12/29/2020, 23:22:50,168
SOMO00001,REminiscence Vita,5491,12/30/2020, 00:37:47,168
SOMO00001,REminiscence Vita,5491,12/30/2020, 02:06:43,168
SOMO00001,REminiscence Vita,5492,12/30/2020, 03:23:20,168
SOMO00001,REminiscence Vita,5492,12/30/2020, 04:23:23,168
SOMO00001,REminiscence Vita,5492,12/30/2020, 05:22:53,168
SOMO00001,REminiscence Vita,5492,12/30/2020, 06:16:08,168
SOMO00001,REminiscence Vita,5492,12/30/2020, 07:22:14,168
SOMO00001,REminiscence Vita,5492,12/30/2020, 08:17:02,168
SOMO00001,REminiscence Vita,5492,12/30/2020, 09:20:27,168
SOMO00001,REminiscence Vita,5492,12/30/2020, 10:20:34,168
SOMO00001,REminiscence Vita,5492,12/30/2020, 11:17:25,168
SOMO00001,REminiscence Vita,5492,12/30/2020, 12:16:30,168
SOMO00001,REminiscence Vita,5492,12/30/2020, 13:26:00,168
SOMO00001,REminiscence Vita,5492,12/30/2020, 14:14:26,168
SOMO00001,REminiscence Vita,5492,12/30/2020, 15:12:46,168
SOMO00001,REminiscence Vita,5492,12/30/2020, 16:26:52,168
SOMO00001,REminiscence Vita,5492,12/30/2020, 17:47:57,168
SOMO00001,REminiscence Vita,5492,12/30/2020, 18:35:16,168
SOMO00001,REminiscence Vita,5492,12/30/2020, 19:30:47,168
SOMO00001,REminiscence Vita,5492,12/30/2020, 20:16:59,168
SOMO00001,REminiscence Vita,5492,12/30/2020, 21:13:45,168
SOMO00001,REminiscence Vita,5492,12/30/2020, 22:17:18,168
SOMO00001,REminiscence Vita,5492,12/30/2020, 23:21:41,168
SOMO00001,REminiscence Vita,5492,12/31/2020, 00:39:52,168
SOMO00001,REminiscence Vita,5492,12/31/2020, 02:10:05,168
SOMO00001,REminiscence Vita,5492,12/31/2020, 03:25:23,168
SOMO00001,REminiscence Vita,5492,12/31/2020, 04:26:05,168
SOMO00001,REminiscence Vita,5492,12/31/2020, 05:25:42,168
SOMO00001,REminiscence Vita,5492,12/31/2020, 06:19:21,168
SOMO00001,REminiscence Vita,5492,12/31/2020, 07:24:32,168
SOMO00001,REminiscence Vita,5492,12/31/2020, 08:20:56,168
SOMO00001,REminiscence Vita,5492,12/31/2020, 09:23:12,168
SOMO00001,REminiscence Vita,5492,12/31/2020, 10:24:45,168
SOMO00001,REminiscence Vita,5492,12/31/2020, 11:21:44,168
SOMO00001,REminiscence Vita,5492,12/31/2020, 12:19:24,168
SOMO00001,REminiscence Vita,5492,12/31/2020, 13:29:55,168
SOMO00001,REminiscence Vita,5492,12/31/2020, 14:18:49,168
SOMO00001,REminiscence Vita,5492,12/31/2020, 15:15:13,168
SOMO00001,REminiscence Vita,5492,12/31/2020, 16:30:21,168
SOMO00001,REminiscence Vita,5492,12/31/2020, 17:52:37,168
SOMO00001,REminiscence Vita,5492,12/31/2020, 18:38:08,168
SOMO00001,REminiscence Vita,5492,12/31/2020, 19:30:05,168
SOMO00001,REminiscence Vita,5492,12/31/2020, 20:15:45,168
SOMO00001,REminiscence Vita,5492,12/31/2020, 21:11:33,168
SOMO00001,REminiscence Vita,5492,12/31/2020, 22:16:11,168
SOMO00001,REminiscence Vita,5492,12/31/2020, 23:21:54,168
SOMO00001,REminiscence Vita,5492,01/01/2021, 00:39:38,168
SOMO00001,REminiscence Vita,5492,01/01/2021, 02:12:31,168
SOMO00001,REminiscence Vita,5492,01/01/2021, 03:24:48,168
SOMO00001,REminiscence Vita,5492,01/01/2021, 04:24:24,168
SOMO00001,REminiscence Vita,5492,01/01/2021, 05:23:31,168
SOMO00001,REminiscence Vita,5492,01/01/2021, 06:16:56,168
SOMO00001,REminiscence Vita,5492,01/01/2021, 07:22:35,168
SOMO00001,REminiscence Vita,5492,01/01/2021, 08:18:27,168
SOMO00001,REminiscence Vita,5492,01/01/2021, 09:22:03,168
SOMO00001,REminiscence Vita,5492,01/01/2021, 10:22:39,168
SOMO00001,REminiscence Vita,5492,01/01/2021, 11:19:53,168
SOMO00001,REminiscence Vita,5492,01/01/2021, 12:17:27,168
SOMO00001,REminiscence Vita,5492,01/01/2021, 13:27:12,168
SOMO00001,REminiscence Vita,5492,01/01/2021, 14:15:24,168
SOMO00001,REminiscence Vita,5492,01/01/2021, 15:13:24,168
SOMO00001,REminiscence Vita,5492,01/01/2021, 16:27:24,168
SOMO00001,REminiscence Vita,5492,01/01/2021, 17:47:30,168
SOMO00001,REminiscence Vita,5492,01/01/2021, 18:33:22,168
SOMO00001,REminiscence Vita,5492,01/01/2021, 19:29:02,168
SOMO00001,REminiscence Vita,5492,01/01/2021, 20:15:34,168
SOMO00001,REminiscence Vita,5492,01/01/2021, 21:11:55,168
SOMO00001,REminiscence Vita,5492,01/01/2021, 22:16:59,168
SOMO00001,REminiscence Vita,5492,01/01/2021, 23:22:19,168
SOMO00001,REminiscence Vita,5492,01/02/2021, 00:38:17,168
SOMO00001,REminiscence Vita,5492,01/02/2021, 02:09:08,168
SOMO00001,REminiscence Vita,5492,01/02/2021, 03:24:12,168
SOMO00001,REminiscence Vita,5492,01/02/2021, 04:25:20,168
SOMO00001,REminiscence Vita,5492,01/02/2021, 05:24:14,168
SOMO00001,REminiscence Vita,5492,01/02/2021, 06:17:21,168
SOMO00001,REminiscence Vita,5492,01/02/2021, 07:22:44,168
SOMO00001,REminiscence Vita,5492,01/02/2021, 08:17:38,168
SOMO00001,REminiscence Vita,5492,01/02/2021, 09:20:51,168
SOMO00001,REminiscence Vita,5492,01/02/2021, 10:21:31,168
SOMO00001,REminiscence Vita,5492,01/02/2021, 11:18:25,168
SOMO00001,REminiscence Vita,5492,01/02/2021, 12:16:12,168
SOMO00001,REminiscence Vita,5492,01/02/2021, 13:25:18,168
SOMO00001,REminiscence Vita,5492,01/02/2021, 14:13:42,168
SOMO00001,REminiscence Vita,5492,01/02/2021, 15:12:08,168
SOMO00001,REminiscence Vita,5492,01/02/2021, 16:26:09,168
SOMO00001,REminiscence Vita,5492,01/02/2021, 17:46:47,168
SOMO00001,REminiscence Vita,5492,01/02/2021, 18:32:05,168
SOMO00001,REminiscence Vita,5492,01/02/2021, 19:27:36,168
SOMO00001,REminiscence Vita,5492,01/02/2021, 20:14:56,168
SOMO00001,REminiscence Vita,5492,01/02/2021, 21:11:27,168
SOMO00001,REminiscence Vita,5492,01/02/2021, 22:16:45,168
SOMO00001,REminiscence Vita,5493,01/02/2021, 23:22:35,168
SOMO00001,REminiscence Vita,5493,01/03/2021, 00:40:21,168
SOMO00001,REminiscence Vita,5493,01/03/2021, 02:14:27,168
SOMO00001,REminiscence Vita,5493,01/03/2021, 03:26:40,168
SOMO00001,REminiscence Vita,5493,01/03/2021, 04:25:26,168
SOMO00001,REminiscence Vita,5493,01/03/2021, 05:24:36,168
SOMO00001,REminiscence Vita,5493,01/03/2021, 06:17:17,168
SOMO00001,REminiscence Vita,5493,01/03/2021, 07:23:36,168
SOMO00001,REminiscence Vita,5493,01/03/2021, 08:18:56,168
SOMO00001,REminiscence Vita,5493,01/03/2021, 09:22:33,168
SOMO00001,REminiscence Vita,5493,01/03/2021, 10:22:49,168
SOMO00001,REminiscence Vita,5493,01/03/2021, 11:20:03,168
SOMO00001,REminiscence Vita,5493,01/03/2021, 12:16:50,168
SOMO00001,REminiscence Vita,5493,01/03/2021, 13:26:42,168
SOMO00001,REminiscence Vita,5493,01/03/2021, 14:14:37,168
SOMO00001,REminiscence Vita,5493,01/03/2021, 15:12:34,168
SOMO00001,REminiscence Vita,5493,01/03/2021, 16:27:27,168
SOMO00001,REminiscence Vita,5493,01/03/2021, 17:49:09,168
SOMO00001,REminiscence Vita,5493,01/03/2021, 18:32:46,168
SOMO00001,REminiscence Vita,5494,01/03/2021, 19:28:50,168
SOMO00001,REminiscence Vita,5494,01/03/2021, 20:16:20,168
SOMO00001,REminiscence Vita,5494,01/03/2021, 21:12:28,168
SOMO00001,REminiscence Vita,5494,01/03/2021, 22:17:37,168
SOMO00001,REminiscence Vita,5494,01/03/2021, 23:23:21,168
SOMO00001,REminiscence Vita,5494,01/04/2021, 00:41:25,168
SOMO00001,REminiscence Vita,5494,01/04/2021, 02:15:54,168
SOMO00001,REminiscence Vita,5494,01/04/2021, 03:28:14,168
SOMO00001,REminiscence Vita,5494,01/04/2021, 04:27:16,168
SOMO00001,REminiscence Vita,5494,01/04/2021, 05:25:39,168
SOMO00001,REminiscence Vita,5494,01/04/2021, 06:19:12,168
SOMO00001,REminiscence Vita,5494,01/04/2021, 07:24:47,168
SOMO00001,REminiscence Vita,5494,01/04/2021, 08:21:39,168
SOMO00001,REminiscence Vita,5494,01/04/2021, 09:24:19,168
SOMO00001,REminiscence Vita,5494,01/04/2021, 10:25:23,168
SOMO00001,REminiscence Vita,5494,01/04/2021, 11:22:08,168
SOMO00001,REminiscence Vita,5494,01/04/2021, 12:18:14,168
SOMO00001,REminiscence Vita,5494,01/04/2021, 13:29:07,168
SOMO00001,REminiscence Vita,5494,01/04/2021, 14:17:52,168
SOMO00001,REminiscence Vita,5494,01/04/2021, 15:13:56,168
SOMO00001,REminiscence Vita,5494,01/04/2021, 16:29:23,168
SOMO00001,REminiscence Vita,5494,01/04/2021, 17:52:46,168
SOMO00001,REminiscence Vita,5494,01/04/2021, 18:34:58,168
SOMO00001,REminiscence Vita,5494,01/04/2021, 19:28:19,168
SOMO00001,REminiscence Vita,5494,01/04/2021, 20:17:25,168
SOMO00001,REminiscence Vita,5494,01/04/2021, 21:13:17,168
SOMO00001,REminiscence Vita,5494,01/04/2021, 22:17:55,168
SOMO00001,REminiscence Vita,5494,01/04/2021, 23:24:29,168
SOMO00001,REminiscence Vita,5494,01/05/2021, 00:41:27,168
SOMO00001,REminiscence Vita,5494,01/05/2021, 02:16:29,168
SOMO00001,REminiscence Vita,5494,01/05/2021, 03:28:23,168
SOMO00001,REminiscence Vita,5494,01/05/2021, 04:27:58,168
SOMO00001,REminiscence Vita,5494,01/05/2021, 05:26:09,168
SOMO00001,REminiscence Vita,5494,01/05/2021, 06:19:18,168
SOMO00001,REminiscence Vita,5494,01/05/2021, 07:25:23,168
SOMO00001,REminiscence Vita,5494,01/05/2021, 08:22:22,168
SOMO00001,REminiscence Vita,5494,01/05/2021, 09:25:24,168
SOMO00001,REminiscence Vita,5494,01/05/2021, 10:25:41,168
SOMO00001,REminiscence Vita,5494,01/05/2021, 11:22:31,168
SOMO00001,REminiscence Vita,5494,01/05/2021, 12:18:15,168
SOMO00001,REminiscence Vita,5494,01/05/2021, 13:29:29,168
SOMO00001,REminiscence Vita,5494,01/05/2021, 14:18:09,168
SOMO00001,REminiscence Vita,5494,01/05/2021, 15:14:10,168
SOMO00001,REminiscence Vita,5495,01/05/2021, 16:30:21,168
SOMO00001,REminiscence Vita,5495,01/05/2021, 17:58:14,168
SOMO00001,REminiscence Vita,5495,01/05/2021, 18:43:42,168
SOMO00001,REminiscence Vita,5495,01/05/2021, 19:28:56,168
SOMO00001,REminiscence Vita,5495,01/05/2021, 20:18:07,168
SOMO00001,REminiscence Vita,5495,01/05/2021, 21:13:21,168
SOMO00001,REminiscence Vita,5495,01/05/2021, 22:18:25,168
SOMO00001,REminiscence Vita,5495,01/05/2021, 23:25:26,168
SOMO00001,REminiscence Vita,5495,01/06/2021, 00:41:28,168
SOMO00001,REminiscence Vita,5495,01/06/2021, 02:17:22,168
SOMO00001,REminiscence Vita,5495,01/06/2021, 03:29:51,168
SOMO00001,REminiscence Vita,5495,01/06/2021, 04:28:45,168
SOMO00001,REminiscence Vita,5495,01/06/2021, 05:27:48,168
SOMO00001,REminiscence Vita,5495,01/06/2021, 06:19:46,168
SOMO00001,REminiscence Vita,5495,01/06/2021, 07:26:42,168
SOMO00001,REminiscence Vita,5495,01/06/2021, 08:21:56,168
SOMO00001,REminiscence Vita,5495,01/06/2021, 09:25:53,168
SOMO00001,REminiscence Vita,5495,01/06/2021, 10:26:37,168
SOMO00001,REminiscence Vita,5495,01/06/2021, 11:22:55,168
SOMO00001,REminiscence Vita,5495,01/06/2021, 12:18:36,168
SOMO00001,REminiscence Vita,5495,01/06/2021, 13:29:49,168
SOMO00001,REminiscence Vita,5495,01/06/2021, 14:18:43,168
SOMO00001,REminiscence Vita,5495,01/06/2021, 15:14:26,168
SOMO00001,REminiscence Vita,5495,01/06/2021, 16:31:02,168
SOMO00001,REminiscence Vita,5495,01/06/2021, 17:56:42,168
SOMO00001,REminiscence Vita,5495,01/06/2021, 18:40:01,168
SOMO00001,REminiscence Vita,5495,01/06/2021, 19:29:01,168
SOMO00001,REminiscence Vita,5495,01/06/2021, 20:18:24,168
SOMO00001,REminiscence Vita,5495,01/06/2021, 21:13:30,168
SOMO00001,REminiscence Vita,5495,01/06/2021, 22:19:05,168
SOMO00001,REminiscence Vita,5495,01/06/2021, 23:26:34,168
SOMO00001,REminiscence Vita,5495,01/07/2021, 00:44:55,168
SOMO00001,REminiscence Vita,5495,01/07/2021, 02:21:38,168
SOMO00001,REminiscence Vita,5495,01/07/2021, 03:34:04,168
SOMO00001,REminiscence Vita,5495,01/07/2021, 04:31:25,168
SOMO00001,REminiscence Vita,5495,01/07/2021, 05:30:06,168
SOMO00001,REminiscence Vita,5495,01/07/2021, 06:21:16,168
SOMO00001,REminiscence Vita,5495,01/07/2021, 07:27:55,168
SOMO00001,REminiscence Vita,5495,01/07/2021, 08:22:34,168
SOMO00001,REminiscence Vita,5495,01/07/2021, 09:26:51,168
SOMO00001,REminiscence Vita,5495,01/07/2021, 10:27:17,168
SOMO00001,REminiscence Vita,5495,01/07/2021, 11:23:49,168
SOMO00001,REminiscence Vita,5495,01/07/2021, 12:18:56,168
SOMO00001,REminiscence Vita,5495,01/07/2021, 13:30:30,168
SOMO00001,REminiscence Vita,5495,01/07/2021, 14:19:25,168
SOMO00001,REminiscence Vita,5495,01/07/2021, 15:14:17,168
SOMO00001,REminiscence Vita,5495,01/07/2021, 16:31:37,168
SOMO00001,REminiscence Vita,5495,01/07/2021, 17:57:44,168
SOMO00001,REminiscence Vita,5495,01/07/2021, 18:44:09,168
SOMO00001,REminiscence Vita,5496,01/07/2021, 19:25:33,168
SOMO00001,REminiscence Vita,5496,01/07/2021, 20:16:41,168
SOMO00001,REminiscence Vita,5496,01/07/2021, 21:13:30,168
SOMO00001,REminiscence Vita,5496,01/07/2021, 22:19:04,168
SOMO00001,REminiscence Vita,5496,01/07/2021, 23:26:38,168
SOMO00001,REminiscence Vita,5496,01/08/2021, 00:44:21,168
SOMO00001,REminiscence Vita,5496,01/08/2021, 02:22:09,168
SOMO00001,REminiscence Vita,5496,01/08/2021, 03:35:37,168
SOMO00001,REminiscence Vita,5496,01/08/2021, 04:32:21,168
SOMO00001,REminiscence Vita,5496,01/08/2021, 05:31:41,168
SOMO00001,REminiscence Vita,5496,01/08/2021, 06:22:43,168
SOMO00001,REminiscence Vita,5496,01/08/2021, 07:28:21,168
SOMO00001,REminiscence Vita,5496,01/08/2021, 08:23:45,168
SOMO00001,REminiscence Vita,5496,01/08/2021, 09:27:35,168
SOMO00001,REminiscence Vita,5496,01/08/2021, 10:28:36,168
SOMO00001,REminiscence Vita,5496,01/08/2021, 11:25:00,168
SOMO00001,REminiscence Vita,5496,01/08/2021, 12:21:18,168
SOMO00001,REminiscence Vita,5496,01/08/2021, 13:32:41,168
SOMO00001,REminiscence Vita,5496,01/08/2021, 14:19:50,168
SOMO00001,REminiscence Vita,5496,01/08/2021, 15:15:40,168
SOMO00001,REminiscence Vita,5497,01/08/2021, 16:33:43,168
SOMO00001,REminiscence Vita,5497,01/08/2021, 17:59:21,168
SOMO00001,REminiscence Vita,5497,01/08/2021, 18:44:02,168
SOMO00001,REminiscence Vita,5497,01/08/2021, 19:27:03,168
SOMO00001,REminiscence Vita,5497,01/08/2021, 20:17:48,168
SOMO00001,REminiscence Vita,5497,01/08/2021, 21:15:13,168
SOMO00001,REminiscence Vita,5497,01/08/2021, 22:21:14,168
SOMO00001,REminiscence Vita,5497,01/08/2021, 23:28:06,168
SOMO00001,REminiscence Vita,5498,01/09/2021, 00:44:20,168
SOMO00001,REminiscence Vita,5498,01/09/2021, 02:22:55,168
SOMO00001,REminiscence Vita,5498,01/09/2021, 03:36:25,168
SOMO00001,REminiscence Vita,5498,01/09/2021, 04:34:02,168
SOMO00001,REminiscence Vita,5498,01/09/2021, 05:33:16,168
SOMO00001,REminiscence Vita,5498,01/09/2021, 06:25:28,168
SOMO00001,REminiscence Vita,5498,01/09/2021, 07:28:45,168
SOMO00001,REminiscence Vita,5498,01/09/2021, 08:24:28,168
SOMO00001,REminiscence Vita,5498,01/09/2021, 09:27:52,168
SOMO00001,REminiscence Vita,5498,01/09/2021, 10:28:07,168
SOMO00001,REminiscence Vita,5498,01/09/2021, 11:25:19,168
SOMO00001,REminiscence Vita,5498,01/09/2021, 12:20:56,168
SOMO00001,REminiscence Vita,5498,01/09/2021, 13:32:50,168
SOMO00001,REminiscence Vita,5498,01/09/2021, 14:19:16,168
SOMO00001,REminiscence Vita,5498,01/09/2021, 15:15:39,168
SOMO00001,REminiscence Vita,5498,01/09/2021, 16:35:23,168
SOMO00001,REminiscence Vita,5498,01/09/2021, 18:02:16,168
SOMO00001,REminiscence Vita,5498,01/09/2021, 19:32:26,168
SOMO00001,REminiscence Vita,5498,01/09/2021, 20:21:26,168
SOMO00001,REminiscence Vita,5499,01/09/2021, 21:15:50,168
SOMO00001,REminiscence Vita,5499,01/09/2021, 22:21:55,168
SOMO00001,REminiscence Vita,5499,01/09/2021, 23:28:29,168
SOMO00001,REminiscence Vita,5499,01/10/2021, 00:46:35,168
SOMO00001,REminiscence Vita,5499,01/10/2021, 02:28:32,168
SOMO00001,REminiscence Vita,5499,01/10/2021, 03:42:02,168
SOMO00001,REminiscence Vita,5499,01/10/2021, 04:36:07,168
SOMO00001,REminiscence Vita,5499,01/10/2021, 05:34:45,168
SOMO00001,REminiscence Vita,5499,01/10/2021, 06:26:22,168
SOMO00001,REminiscence Vita,5499,01/10/2021, 07:31:13,168
SOMO00001,REminiscence Vita,5499,01/10/2021, 08:25:08,168
SOMO00001,REminiscence Vita,5499,01/10/2021, 09:28:54,168
SOMO00001,REminiscence Vita,5499,01/10/2021, 10:30:07,168
SOMO00001,REminiscence Vita,5499,01/10/2021, 11:26:03,168
SOMO00001,REminiscence Vita,5499,01/10/2021, 12:22:58,168
SOMO00001,REminiscence Vita,5499,01/10/2021, 13:33:30,168
SOMO00001,REminiscence Vita,5499,01/10/2021, 14:20:55,168
SOMO00001,REminiscence Vita,5499,01/10/2021, 15:16:44,168
SOMO00001,REminiscence Vita,5499,01/10/2021, 16:35:25,168
SOMO00001,REminiscence Vita,5499,01/10/2021, 18:04:23,168
SOMO00001,REminiscence Vita,5499,01/10/2021, 19:34:33,168
SOMO00001,REminiscence Vita,5499,01/10/2021, 20:20:20,168
SOMO00001,REminiscence Vita,5499,01/10/2021, 21:14:11,168
SOMO00001,REminiscence Vita,5499,01/10/2021, 22:20:32,168
SOMO00001,REminiscence Vita,5499,01/10/2021, 23:27:50,168
SOMO00001,REminiscence Vita,5499,01/11/2021, 00:45:51,168
SOMO00001,REminiscence Vita,5500,01/11/2021, 02:27:10,168
SOMO00001,REminiscence Vita,5500,01/11/2021, 03:41:25,168
SOMO00001,REminiscence Vita,5500,01/11/2021, 04:36:11,168
SOMO00001,REminiscence Vita,5500,01/11/2021, 05:35:28,168
SOMO00001,REminiscence Vita,5500,01/11/2021, 06:27:32,168
SOMO00001,REminiscence Vita,5500,01/11/2021, 07:31:30,168
SOMO00001,REminiscence Vita,5500,01/11/2021, 08:28:07,168
SOMO00001,REminiscence Vita,5500,01/11/2021, 09:32:23,168
SOMO00001,REminiscence Vita,5500,01/11/2021, 10:34:03,168
SOMO00001,REminiscence Vita,5500,01/11/2021, 11:28:55,168
SOMO00001,REminiscence Vita,5500,01/11/2021, 12:25:15,168
SOMO00001,REminiscence Vita,5500,01/11/2021, 13:37:17,168
SOMO00001,REminiscence Vita,5500,01/11/2021, 14:24:10,168
SOMO00001,REminiscence Vita,5500,01/11/2021, 15:17:05,168
SOMO00001,REminiscence Vita,5500,01/11/2021, 16:33:28,168
SOMO00001,REminiscence Vita,5500,01/11/2021, 18:04:26,168
SOMO00001,REminiscence Vita,5500,01/11/2021, 19:35:25,168
SOMO00001,REminiscence Vita,5500,01/11/2021, 20:23:35,168
SOMO00001,REminiscence Vita,5500,01/11/2021, 21:18:45,168
SOMO00001,REminiscence Vita,5500,01/11/2021, 22:24:04,168
SOMO00001,REminiscence Vita,5500,01/11/2021, 23:30:44,168
SOMO00001,REminiscence Vita,5500,01/12/2021, 00:48:20,168
SOMO00001,REminiscence Vita,5500,01/12/2021, 02:30:53,168
SOMO00001,REminiscence Vita,5500,01/12/2021, 03:43:39,168
SOMO00001,REminiscence Vita,5500,01/12/2021, 04:35:51,168
SOMO00001,REminiscence Vita,5500,01/12/2021, 05:36:45,168
SOMO00001,REminiscence Vita,5500,01/12/2021, 06:28:25,168
SOMO00001,REminiscence Vita,5500,01/12/2021, 07:33:47,168
SOMO00001,REminiscence Vita,5500,01/12/2021, 08:29:41,168
SOMO00001,REminiscence Vita,5500,01/12/2021, 09:35:57,168
SOMO00001,REminiscence Vita,5500,01/12/2021, 10:34:54,168
SOMO00001,REminiscence Vita,5500,01/12/2021, 11:30:36,168
SOMO00001,REminiscence Vita,5500,01/12/2021, 12:26:01,168
SOMO00001,REminiscence Vita,5500,01/12/2021, 13:39:44,168
SOMO00001,REminiscence Vita,5500,01/12/2021, 14:26:46,168
SOMO00001,REminiscence Vita,5500,01/12/2021, 15:21:18,168
SOMO00001,REminiscence Vita,5500,01/12/2021, 16:38:37,168
SOMO00001,REminiscence Vita,5500,01/12/2021, 18:12:49,168
SOMO00001,REminiscence Vita,5500,01/12/2021, 19:42:20,168
SOMO00001,REminiscence Vita,5500,01/12/2021, 20:28:50,168
SOMO00001,REminiscence Vita,5501,01/12/2021, 21:22:03,168
SOMO00001,REminiscence Vita,5501,01/12/2021, 22:27:47,168
SOMO00001,REminiscence Vita,5501,01/12/2021, 23:35:12,168
SOMO00001,REminiscence Vita,5501,01/13/2021, 00:54:58,168
SOMO00001,REminiscence Vita,5501,01/13/2021, 02:37:31,168
SOMO00001,REminiscence Vita,5501,01/13/2021, 03:50:37,168
SOMO00001,REminiscence Vita,5501,01/13/2021, 04:39:01,168
SOMO00001,REminiscence Vita,5501,01/13/2021, 05:41:18,168
SOMO00001,REminiscence Vita,5501,01/13/2021, 06:33:58,168
SOMO00001,REminiscence Vita,5501,01/13/2021, 07:40:26,168
SOMO00001,REminiscence Vita,5501,01/13/2021, 08:37:04,168
SOMO00001,REminiscence Vita,5501,01/13/2021, 09:41:22,168
SOMO00001,REminiscence Vita,5501,01/13/2021, 10:42:51,168
SOMO00001,REminiscence Vita,5501,01/13/2021, 11:39:15,168
SOMO00001,REminiscence Vita,5501,01/13/2021, 12:33:57,168
SOMO00001,REminiscence Vita,5501,01/13/2021, 13:47:04,168
SOMO00001,REminiscence Vita,5501,01/13/2021, 15:27:26,168
SOMO00001,REminiscence Vita,5501,01/13/2021, 16:45:19,168
SOMO00001,REminiscence Vita,5501,01/13/2021, 18:26:21,168
SOMO00001,REminiscence Vita,5501,01/13/2021, 19:54:18,168
SOMO00001,REminiscence Vita,5501,01/13/2021, 20:34:22,168
SOMO00001,REminiscence Vita,5501,01/13/2021, 21:26:26,168
SOMO00001,REminiscence Vita,5502,01/13/2021, 22:29:42,168
SOMO00001,REminiscence Vita,5502,01/13/2021, 23:38:51,168
SOMO00001,REminiscence Vita,5502,01/14/2021, 01:03:14,168
SOMO00001,REminiscence Vita,5502,01/14/2021, 03:06:16,168
SOMO00001,REminiscence Vita,5502,01/14/2021, 04:39:00,168
SOMO00001,REminiscence Vita,5502,01/14/2021, 05:43:45,168
SOMO00001,REminiscence Vita,5502,01/14/2021, 06:36:51,168
SOMO00001,REminiscence Vita,5502,01/14/2021, 07:42:22,168
SOMO00001,REminiscence Vita,5502,01/14/2021, 08:37:23,168
SOMO00001,REminiscence Vita,5502,01/14/2021, 09:41:52,168
SOMO00001,REminiscence Vita,5502,01/14/2021, 10:44:05,168
SOMO00001,REminiscence Vita,5502,01/14/2021, 11:40:13,168
SOMO00001,REminiscence Vita,5502,01/14/2021, 12:32:47,168
SOMO00001,REminiscence Vita,5502,01/14/2021, 13:47:31,168
SOMO00001,REminiscence Vita,5502,01/14/2021, 14:35:18,168
SOMO00001,REminiscence Vita,5502,01/14/2021, 15:25:54,168
SOMO00001,REminiscence Vita,5502,01/14/2021, 16:44:10,168
SOMO00001,REminiscence Vita,5502,01/14/2021, 18:23:15,168
SOMO00001,REminiscence Vita,5502,01/14/2021, 19:50:17,168
SOMO00001,REminiscence Vita,5502,01/14/2021, 20:33:35,168
SOMO00001,REminiscence Vita,5502,01/14/2021, 21:24:25,168
SOMO00001,REminiscence Vita,5504,01/14/2021, 22:27:43,168
SOMO00001,REminiscence Vita,5505,01/14/2021, 23:36:06,168
SOMO00001,REminiscence Vita,5505,01/15/2021, 00:58:49,168
SOMO00001,REminiscence Vita,5505,01/15/2021, 02:47:02,168
SOMO00001,REminiscence Vita,5505,01/15/2021, 03:54:02,168
SOMO00001,REminiscence Vita,5505,01/15/2021, 04:37:04,168
SOMO00001,REminiscence Vita,5505,01/15/2021, 05:40:27,168
SOMO00001,REminiscence Vita,5505,01/15/2021, 06:33:17,168
SOMO00001,REminiscence Vita,5506,01/15/2021, 07:39:25,168
SOMO00001,REminiscence Vita,5506,01/15/2021, 08:34:56,168
SOMO00001,REminiscence Vita,5506,01/15/2021, 09:40:06,168
SOMO00001,REminiscence Vita,5506,01/15/2021, 10:42:06,168
SOMO00001,REminiscence Vita,5506,01/15/2021, 11:38:59,168
SOMO00001,REminiscence Vita,5506,01/15/2021, 12:32:08,168
SOMO00001,REminiscence Vita,5506,01/15/2021, 13:45:33,168
SOMO00001,REminiscence Vita,5506,01/15/2021, 14:33:55,168
SOMO00001,REminiscence Vita,5506,01/15/2021, 15:24:31,168
SOMO00001,REminiscence Vita,5506,01/15/2021, 16:50:28,168
SOMO00001,REminiscence Vita,5506,01/15/2021, 18:21:02,168
SOMO00001,REminiscence Vita,5507,01/15/2021, 19:49:23,168
SOMO00001,REminiscence Vita,5507,01/15/2021, 20:35:11,168
SOMO00001,REminiscence Vita,5507,01/15/2021, 21:26:59,168
SOMO00001,REminiscence Vita,5507,01/15/2021, 22:31:29,168
SOMO00001,REminiscence Vita,5507,01/15/2021, 23:39:10,168
SOMO00001,REminiscence Vita,5507,01/16/2021, 01:01:11,168
SOMO00001,REminiscence Vita,5507,01/16/2021, 03:03:44,168
SOMO00001,REminiscence Vita,5507,01/16/2021, 04:37:45,168
SOMO00001,REminiscence Vita,5507,01/16/2021, 05:41:28,168
SOMO00001,REminiscence Vita,5507,01/16/2021, 06:34:18,168
SOMO00001,REminiscence Vita,5507,01/16/2021, 07:39:46,168
SOMO00001,REminiscence Vita,5507,01/16/2021, 08:34:44,168
SOMO00001,REminiscence Vita,5507,01/16/2021, 09:38:48,168
SOMO00001,REminiscence Vita,5507,01/16/2021, 10:41:09,168
SOMO00001,REminiscence Vita,5507,01/16/2021, 11:37:29,168
SOMO00001,REminiscence Vita,5507,01/16/2021, 12:30:51,168
SOMO00001,REminiscence Vita,5507,01/16/2021, 13:44:12,168
SOMO00001,REminiscence Vita,5507,01/16/2021, 14:31:51,168
SOMO00001,REminiscence Vita,5507,01/16/2021, 15:22:43,168
SOMO00001,REminiscence Vita,5507,01/16/2021, 16:41:43,168
SOMO00001,REminiscence Vita,5507,01/16/2021, 18:17:50,168
SOMO00001,REminiscence Vita,5508,01/16/2021, 19:45:45,168
SOMO00001,REminiscence Vita,5508,01/16/2021, 20:32:05,168
SOMO00001,REminiscence Vita,5508,01/16/2021, 21:22:33,168
SOMO00001,REminiscence Vita,5508,01/16/2021, 22:27:50,168
SOMO00001,REminiscence Vita,5508,01/16/2021, 23:35:11,168
SOMO00001,REminiscence Vita,5508,01/17/2021, 00:59:32,168
SOMO00001,REminiscence Vita,5508,01/17/2021, 02:51:24,168
SOMO00001,REminiscence Vita,5508,01/17/2021, 03:56:45,168
SOMO00001,REminiscence Vita,5508,01/17/2021, 04:47:34,168
SOMO00001,REminiscence Vita,5509,01/17/2021, 05:41:57,168
SOMO00001,REminiscence Vita,5509,01/17/2021, 06:34:02,168
SOMO00001,REminiscence Vita,5509,01/17/2021, 07:39:30,168
SOMO00001,REminiscence Vita,5509,01/17/2021, 08:34:21,168
SOMO00001,REminiscence Vita,5509,01/17/2021, 09:38:20,168
SOMO00001,REminiscence Vita,5509,01/17/2021, 10:40:13,168
SOMO00001,REminiscence Vita,5509,01/17/2021, 11:36:12,168
SOMO00001,REminiscence Vita,5509,01/17/2021, 12:29:38,168
SOMO00001,REminiscence Vita,5509,01/17/2021, 13:46:16,168
SOMO00001,REminiscence Vita,5509,01/17/2021, 14:30:13,168
SOMO00001,REminiscence Vita,5509,01/17/2021, 15:22:25,168
SOMO00001,REminiscence Vita,5509,01/17/2021, 16:41:18,168
SOMO00001,REminiscence Vita,5510,01/17/2021, 18:16:58,168
SOMO00001,REminiscence Vita,5510,01/17/2021, 19:44:24,168
SOMO00001,REminiscence Vita,5510,01/17/2021, 20:31:01,168
SOMO00001,REminiscence Vita,5510,01/17/2021, 21:22:07,168
SOMO00001,REminiscence Vita,5510,01/17/2021, 22:27:43,168
SOMO00001,REminiscence Vita,5510,01/17/2021, 23:34:57,168
SOMO00001,REminiscence Vita,5510,01/18/2021, 00:58:10,168
SOMO00001,REminiscence Vita,5510,01/18/2021, 02:47:55,168
SOMO00001,REminiscence Vita,5510,01/18/2021, 03:55:11,168
SOMO00001,REminiscence Vita,5510,01/18/2021, 04:38:27,168
SOMO00001,REminiscence Vita,5510,01/18/2021, 05:42:05,168
SOMO00001,REminiscence Vita,5510,01/18/2021, 06:34:54,168
SOMO00001,REminiscence Vita,5510,01/18/2021, 07:41:15,168
SOMO00001,REminiscence Vita,5510,01/18/2021, 08:37:56,168
SOMO00001,REminiscence Vita,5510,01/18/2021, 09:41:51,168
SOMO00001,REminiscence Vita,5510,01/18/2021, 10:44:25,168
SOMO00001,REminiscence Vita,5510,01/18/2021, 11:41:21,168
SOMO00001,REminiscence Vita,5511,01/18/2021, 12:32:54,168
SOMO00001,REminiscence Vita,5511,01/18/2021, 13:47:15,168
SOMO00001,REminiscence Vita,5511,01/18/2021, 14:35:19,168
SOMO00001,REminiscence Vita,5511,01/18/2021, 15:25:41,168
SOMO00001,REminiscence Vita,5511,01/18/2021, 16:44:05,168
SOMO00001,REminiscence Vita,5511,01/18/2021, 18:20:40,168
SOMO00001,REminiscence Vita,5511,01/18/2021, 19:48:59,168
SOMO00001,REminiscence Vita,5511,01/18/2021, 20:36:22,168
SOMO00001,REminiscence Vita,5511,01/18/2021, 21:28:10,168
SOMO00001,REminiscence Vita,5511,01/18/2021, 22:31:24,168
SOMO00001,REminiscence Vita,5511,01/18/2021, 23:38:45,168
SOMO00001,REminiscence Vita,5512,01/19/2021, 01:01:13,168
SOMO00001,REminiscence Vita,5512,01/19/2021, 03:06:11,168
SOMO00001,REminiscence Vita,5512,01/19/2021, 04:38:02,168
SOMO00001,REminiscence Vita,5513,01/19/2021, 05:43:12,168
SOMO00001,REminiscence Vita,5513,01/19/2021, 06:36:16,168
SOMO00001,REminiscence Vita,5513,01/19/2021, 07:42:26,168
SOMO00001,REminiscence Vita,5513,01/19/2021, 08:38:37,168
SOMO00001,REminiscence Vita,5513,01/19/2021, 09:43:58,168
SOMO00001,REminiscence Vita,5513,01/19/2021, 10:46:45,168
SOMO00001,REminiscence Vita,5513,01/19/2021, 11:43:29,168
SOMO00001,REminiscence Vita,5513,01/19/2021, 12:34:36,168
SOMO00001,REminiscence Vita,5513,01/19/2021, 13:49:49,168
SOMO00001,REminiscence Vita,5513,01/19/2021, 14:42:40,168
SOMO00001,REminiscence Vita,5513,01/19/2021, 15:25:08,168
SOMO00001,REminiscence Vita,5513,01/19/2021, 16:43:46,168
SOMO00001,REminiscence Vita,5513,01/19/2021, 18:18:34,168
SOMO00001,REminiscence Vita,5513,01/19/2021, 19:49:36,168
SOMO00001,REminiscence Vita,5513,01/19/2021, 20:37:46,168
SOMO00001,REminiscence Vita,5514,01/19/2021, 21:28:58,168
SOMO00001,REminiscence Vita,5514,01/19/2021, 22:31:55,168
SOMO00001,REminiscence Vita,5514,01/19/2021, 23:39:24,168
SOMO00001,REminiscence Vita,5514,01/20/2021, 01:02:32,168
SOMO00001,REminiscence Vita,5514,01/20/2021, 03:08:38,168
SOMO00001,REminiscence Vita,5514,01/20/2021, 04:40:25,168
SOMO00001,REminiscence Vita,5514,01/20/2021, 05:45:56,168
SOMO00001,REminiscence Vita,5514,01/20/2021, 06:39:25,168
SOMO00001,REminiscence Vita,5514,01/20/2021, 07:45:27,168
SOMO00001,REminiscence Vita,5514,01/20/2021, 08:41:39,168
SOMO00001,REminiscence Vita,5514,01/20/2021, 09:45:46,168
SOMO00001,REminiscence Vita,5514,01/20/2021, 10:47:24,168
SOMO00001,REminiscence Vita,5514,01/20/2021, 11:43:30,168
SOMO00001,REminiscence Vita,5514,01/20/2021, 12:34:22,168
SOMO00001,REminiscence Vita,5514,01/20/2021, 13:48:47,168
SOMO00001,REminiscence Vita,5514,01/20/2021, 14:35:46,168
SOMO00001,REminiscence Vita,5514,01/20/2021, 15:26:40,168
SOMO00001,REminiscence Vita,5514,01/20/2021, 16:46:09,168
SOMO00001,REminiscence Vita,5514,01/20/2021, 18:21:00,168
SOMO00001,REminiscence Vita,5514,01/20/2021, 19:50:19,168
SOMO00001,REminiscence Vita,5514,01/20/2021, 20:35:26,168
SOMO00001,REminiscence Vita,5514,01/20/2021, 21:29:00,168
SOMO00001,REminiscence Vita,5514,01/20/2021, 22:28:35,168
SOMO00001,REminiscence Vita,5514,01/20/2021, 23:36:29,168
SOMO00001,REminiscence Vita,5514,01/21/2021, 01:02:26,168
SOMO00001,REminiscence Vita,5514,01/21/2021, 03:08:11,168
SOMO00001,REminiscence Vita,5514,01/21/2021, 04:39:15,168
SOMO00001,REminiscence Vita,5514,01/21/2021, 05:44:52,168
SOMO00001,REminiscence Vita,5514,01/21/2021, 06:38:11,168
SOMO00001,REminiscence Vita,5514,01/21/2021, 07:44:11,168
SOMO00001,REminiscence Vita,5514,01/21/2021, 08:39:52,168
SOMO00001,REminiscence Vita,5514,01/21/2021, 09:44:54,168
SOMO00001,REminiscence Vita,5514,01/21/2021, 10:46:20,168
SOMO00001,REminiscence Vita,5514,01/21/2021, 11:42:59,168
SOMO00001,REminiscence Vita,5514,01/21/2021, 12:34:42,168
SOMO00001,REminiscence Vita,5514,01/21/2021, 13:49:13,168
SOMO00001,REminiscence Vita,5514,01/21/2021, 14:36:03,168
SOMO00001,REminiscence Vita,5514,01/21/2021, 15:26:21,168
SOMO00001,REminiscence Vita,5514,01/21/2021, 16:44:11,168
SOMO00001,REminiscence Vita,5514,01/21/2021, 18:18:48,168
SOMO00001,REminiscence Vita,5514,01/21/2021, 19:46:22,168
SOMO00001,REminiscence Vita,5514,01/21/2021, 20:33:49,168
SOMO00001,REminiscence Vita,5515,01/21/2021, 21:25:36,168
SOMO00001,REminiscence Vita,5515,01/21/2021, 22:29:41,168
SOMO00001,REminiscence Vita,5515,01/21/2021, 23:36:59,168
SOMO00001,REminiscence Vita,5515,01/22/2021, 01:01:00,168
SOMO00001,REminiscence Vita,5515,01/22/2021, 03:07:06,168
SOMO00001,REminiscence Vita,5515,01/22/2021, 04:39:12,168
SOMO00001,REminiscence Vita,5515,01/22/2021, 05:44:33,168
SOMO00001,REminiscence Vita,5515,01/22/2021, 06:37:35,168
SOMO00001,REminiscence Vita,5515,01/22/2021, 07:45:02,168
SOMO00001,REminiscence Vita,5515,01/22/2021, 08:38:26,168
SOMO00001,REminiscence Vita,5515,01/22/2021, 09:43:00,168
SOMO00001,REminiscence Vita,5515,01/22/2021, 10:45:26,168
SOMO00001,REminiscence Vita,5515,01/22/2021, 11:41:36,168
SOMO00001,REminiscence Vita,5515,01/22/2021, 12:33:39,168
SOMO00001,REminiscence Vita,5515,01/22/2021, 13:47:46,168
SOMO00001,REminiscence Vita,5515,01/22/2021, 14:35:45,168
SOMO00001,REminiscence Vita,5515,01/22/2021, 15:26:52,168
SOMO00001,REminiscence Vita,5515,01/22/2021, 16:44:34,168
SOMO00001,REminiscence Vita,5515,01/22/2021, 18:20:08,168
SOMO00001,REminiscence Vita,5515,01/22/2021, 19:49:27,168
SOMO00001,REminiscence Vita,5515,01/22/2021, 20:36:30,168
SOMO00001,REminiscence Vita,5515,01/22/2021, 21:28:01,168
SOMO00001,REminiscence Vita,5515,01/22/2021, 22:31:34,168
SOMO00001,REminiscence Vita,5516,01/22/2021, 23:37:44,168
SOMO00001,REminiscence Vita,5516,01/23/2021, 01:00:42,168
SOMO00001,REminiscence Vita,5516,01/23/2021, 03:05:54,168
SOMO00001,REminiscence Vita,5516,01/23/2021, 04:37:57,168
SOMO00001,REminiscence Vita,5516,01/23/2021, 05:42:53,168
SOMO00001,REminiscence Vita,5516,01/23/2021, 06:34:53,168
SOMO00001,REminiscence Vita,5516,01/23/2021, 07:40:56,168
SOMO00001,REminiscence Vita,5516,01/23/2021, 08:35:55,168
SOMO00001,REminiscence Vita,5516,01/23/2021, 09:39:52,168
SOMO00001,REminiscence Vita,5516,01/23/2021, 10:41:21,168
SOMO00001,REminiscence Vita,5516,01/23/2021, 11:37:28,168
SOMO00001,REminiscence Vita,5516,01/23/2021, 12:31:08,168
SOMO00001,REminiscence Vita,5516,01/23/2021, 13:44:43,168
SOMO00001,REminiscence Vita,5516,01/23/2021, 14:32:53,168
SOMO00001,REminiscence Vita,5516,01/23/2021, 15:23:54,168
SOMO00001,REminiscence Vita,5516,01/23/2021, 16:42:33,168
SOMO00001,REminiscence Vita,5516,01/23/2021, 18:17:04,168
SOMO00001,REminiscence Vita,5516,01/23/2021, 19:46:05,168
SOMO00001,REminiscence Vita,5516,01/23/2021, 20:32:24,168
SOMO00001,REminiscence Vita,5516,01/23/2021, 21:24:01,168
SOMO00001,REminiscence Vita,5516,01/23/2021, 22:28:34,168
SOMO00001,REminiscence Vita,5517,01/23/2021, 23:35:27,168
SOMO00001,REminiscence Vita,5518,01/24/2021, 01:00:34,168
SOMO00001,REminiscence Vita,5518,01/24/2021, 02:53:33,168
SOMO00001,REminiscence Vita,5518,01/24/2021, 04:01:45,168
SOMO00001,REminiscence Vita,5518,01/24/2021, 05:44:36,168
SOMO00001,REminiscence Vita,5518,01/24/2021, 06:36:52,168
SOMO00001,REminiscence Vita,5518,01/24/2021, 07:42:02,168
SOMO00001,REminiscence Vita,5518,01/24/2021, 08:36:41,168
SOMO00001,REminiscence Vita,5518,01/24/2021, 09:40:27,168
SOMO00001,REminiscence Vita,5518,01/24/2021, 10:43:58,168
SOMO00001,REminiscence Vita,5518,01/24/2021, 11:38:30,168
SOMO00001,REminiscence Vita,5518,01/24/2021, 12:32:13,168
SOMO00001,REminiscence Vita,5518,01/24/2021, 13:45:34,168
SOMO00001,REminiscence Vita,5518,01/24/2021, 14:33:01,168
SOMO00001,REminiscence Vita,5518,01/24/2021, 15:25:12,168
SOMO00001,REminiscence Vita,5519,01/24/2021, 16:43:54,168
SOMO00001,REminiscence Vita,5519,01/24/2021, 18:18:20,168
SOMO00001,REminiscence Vita,5519,01/24/2021, 19:46:51,168
SOMO00001,REminiscence Vita,5519,01/24/2021, 20:33:59,168
SOMO00001,REminiscence Vita,5519,01/24/2021, 21:25:17,168
SOMO00001,REminiscence Vita,5519,01/24/2021, 22:29:56,168
SOMO00001,REminiscence Vita,5520,01/24/2021, 23:36:03,168
SOMO00001,REminiscence Vita,5520,01/25/2021, 01:00:35,168
SOMO00001,REminiscence Vita,5520,01/25/2021, 02:53:05,168
SOMO00001,REminiscence Vita,5520,01/25/2021, 04:01:44,168
SOMO00001,REminiscence Vita,5520,01/25/2021, 05:43:58,168
SOMO00001,REminiscence Vita,5520,01/25/2021, 06:37:24,168
SOMO00001,REminiscence Vita,5520,01/25/2021, 07:42:58,168
SOMO00001,REminiscence Vita,5520,01/25/2021, 08:38:35,168
SOMO00001,REminiscence Vita,5520,01/25/2021, 09:43:36,168
SOMO00001,REminiscence Vita,5520,01/25/2021, 10:45:34,168
SOMO00001,REminiscence Vita,5520,01/25/2021, 11:41:56,168
SOMO00001,REminiscence Vita,5520,01/25/2021, 12:33:48,168
SOMO00001,REminiscence Vita,5521,01/25/2021, 13:48:11,168
SOMO00001,REminiscence Vita,5521,01/25/2021, 14:36:08,168
SOMO00001,REminiscence Vita,5521,01/25/2021, 15:26:56,168
SOMO00001,REminiscence Vita,5521,01/25/2021, 16:44:10,168
SOMO00001,REminiscence Vita,5521,01/25/2021, 18:19:30,168
SOMO00001,REminiscence Vita,5521,01/25/2021, 19:49:10,168
SOMO00001,REminiscence Vita,5521,01/25/2021, 20:35:45,168
SOMO00001,REminiscence Vita,5521,01/25/2021, 21:28:03,168
SOMO00001,REminiscence Vita,5521,01/25/2021, 22:22:09,168
SOMO00001,REminiscence Vita,5521,01/25/2021, 23:17:49,168
SOMO00001,REminiscence Vita,5522,01/26/2021, 00:30:54,168
SOMO00001,REminiscence Vita,5522,01/26/2021, 01:51:58,168
SOMO00001,REminiscence Vita,5522,01/26/2021, 02:29:33,168
SOMO00001,REminiscence Vita,5522,01/26/2021, 03:16:40,168
SOMO00001,REminiscence Vita,5522,01/26/2021, 04:15:31,168
SOMO00001,REminiscence Vita,5522,01/26/2021, 05:14:52,168
SOMO00001,REminiscence Vita,5522,01/26/2021, 06:12:42,168
SOMO00001,REminiscence Vita,5522,01/26/2021, 07:14:00,168
SOMO00001,REminiscence Vita,5522,01/26/2021, 08:14:31,168
SOMO00001,REminiscence Vita,5522,01/26/2021, 09:14:14,168
SOMO00001,REminiscence Vita,5522,01/26/2021, 10:13:36,168
SOMO00001,REminiscence Vita,5522,01/26/2021, 11:11:16,168
SOMO00001,REminiscence Vita,5522,01/26/2021, 12:15:23,168
SOMO00001,REminiscence Vita,5522,01/26/2021, 13:23:59,168
SOMO00001,REminiscence Vita,5522,01/26/2021, 14:12:10,168
SOMO00001,REminiscence Vita,5522,01/26/2021, 15:10:46,168
SOMO00001,REminiscence Vita,5522,01/26/2021, 16:20:47,168
SOMO00001,REminiscence Vita,5522,01/26/2021, 17:37:30,168
SOMO00001,REminiscence Vita,5522,01/26/2021, 18:22:12,168
SOMO00001,REminiscence Vita,5522,01/26/2021, 19:18:37,168
SOMO00001,REminiscence Vita,5522,01/26/2021, 20:11:31,168
SOMO00001,REminiscence Vita,5522,01/26/2021, 21:09:50,168
SOMO00001,REminiscence Vita,5522,01/26/2021, 22:12:02,168
SOMO00001,REminiscence Vita,5522,01/26/2021, 23:12:23,168
SOMO00001,REminiscence Vita,5522,01/27/2021, 00:28:48,168
SOMO00001,REminiscence Vita,5522,01/27/2021, 01:50:41,168
SOMO00001,REminiscence Vita,5522,01/27/2021, 02:29:34,168
SOMO00001,REminiscence Vita,5522,01/27/2021, 03:16:55,168
SOMO00001,REminiscence Vita,5522,01/27/2021, 04:16:00,168
SOMO00001,REminiscence Vita,5522,01/27/2021, 05:15:31,168
SOMO00001,REminiscence Vita,5522,01/27/2021, 06:13:32,168
SOMO00001,REminiscence Vita,5522,01/27/2021, 07:12:59,168
SOMO00001,REminiscence Vita,5522,01/27/2021, 08:14:25,168
SOMO00001,REminiscence Vita,5522,01/27/2021, 09:14:09,168
SOMO00001,REminiscence Vita,5522,01/27/2021, 10:13:44,168
SOMO00001,REminiscence Vita,5522,01/27/2021, 11:11:05,168
SOMO00001,REminiscence Vita,5522,01/27/2021, 12:15:47,168
SOMO00001,REminiscence Vita,5522,01/27/2021, 13:21:23,168
SOMO00001,REminiscence Vita,5522,01/27/2021, 14:11:57,168
SOMO00001,REminiscence Vita,5522,01/27/2021, 15:10:34,168
SOMO00001,REminiscence Vita,5522,01/27/2021, 16:21:09,168
SOMO00001,REminiscence Vita,5522,01/27/2021, 17:38:29,168
SOMO00001,REminiscence Vita,5522,01/27/2021, 18:23:26,168
SOMO00001,REminiscence Vita,5522,01/27/2021, 19:19:39,168
SOMO00001,REminiscence Vita,5522,01/27/2021, 20:11:21,168
SOMO00001,REminiscence Vita,5522,01/27/2021, 21:09:44,168
SOMO00001,REminiscence Vita,5522,01/27/2021, 22:11:53,168
SOMO00001,REminiscence Vita,5522,01/27/2021, 23:13:35,168
SOMO00001,REminiscence Vita,5522,01/28/2021, 00:30:47,168
SOMO00001,REminiscence Vita,5522,01/28/2021, 01:52:54,168
SOMO00001,REminiscence Vita,5522,01/28/2021, 02:30:42,168
SOMO00001,REminiscence Vita,5522,01/28/2021, 03:17:46,168
SOMO00001,REminiscence Vita,5522,01/28/2021, 07:29:45,168
SOMO00001,REminiscence Vita,5522,01/28/2021, 07:57:29,168
SOMO00001,REminiscence Vita,5522,01/28/2021, 08:29:23,168
SOMO00001,REminiscence Vita,5522,01/28/2021, 08:57:26,168
SOMO00001,REminiscence Vita,5522,01/28/2021, 09:28:58,168
SOMO00001,REminiscence Vita,5522,01/28/2021, 10:15:12,168
SOMO00001,REminiscence Vita,5522,01/28/2021, 11:13:04,168
SOMO00001,REminiscence Vita,5522,01/28/2021, 12:15:35,168
SOMO00001,REminiscence Vita,5523,01/28/2021, 13:22:15,168
SOMO00001,REminiscence Vita,5523,01/28/2021, 14:11:58,168
SOMO00001,REminiscence Vita,5523,01/28/2021, 15:12:36,168
SOMO00001,REminiscence Vita,5523,01/28/2021, 16:21:34,168
SOMO00001,REminiscence Vita,5523,01/28/2021, 17:39:26,168
SOMO00001,REminiscence Vita,5523,01/28/2021, 18:25:02,168
SOMO00001,REminiscence Vita,5523,01/28/2021, 19:21:01,168
SOMO00001,REminiscence Vita,5523,01/28/2021, 20:11:01,168
SOMO00001,REminiscence Vita,5523,01/28/2021, 21:09:29,168
SOMO00001,REminiscence Vita,5524,01/28/2021, 22:12:23,168
SOMO00001,REminiscence Vita,5524,01/28/2021, 23:14:51,168
SOMO00001,REminiscence Vita,5524,01/29/2021, 00:28:47,168
SOMO00001,REminiscence Vita,5524,01/29/2021, 01:51:01,168
SOMO00001,REminiscence Vita,5524,01/29/2021, 02:30:32,168
SOMO00001,REminiscence Vita,5524,01/29/2021, 03:18:49,168
SOMO00001,REminiscence Vita,5524,01/29/2021, 04:18:41,168
SOMO00001,REminiscence Vita,5524,01/29/2021, 05:17:42,168
SOMO00001,REminiscence Vita,5524,01/29/2021, 06:12:42,168
SOMO00001,REminiscence Vita,5524,01/29/2021, 07:15:51,168
SOMO00001,REminiscence Vita,5524,01/29/2021, 08:14:25,168
SOMO00001,REminiscence Vita,5524,01/29/2021, 09:16:01,168
SOMO00001,REminiscence Vita,5524,01/29/2021, 10:15:16,168
SOMO00001,REminiscence Vita,5524,01/29/2021, 11:12:37,168
SOMO00001,REminiscence Vita,5524,01/29/2021, 12:15:37,168
SOMO00001,REminiscence Vita,5524,01/29/2021, 13:21:56,168
SOMO00001,REminiscence Vita,5524,01/29/2021, 14:11:57,168
SOMO00001,REminiscence Vita,5524,01/29/2021, 15:10:47,168
SOMO00001,REminiscence Vita,5525,01/29/2021, 16:21:50,168
SOMO00001,REminiscence Vita,5525,01/29/2021, 17:40:52,168
SOMO00001,REminiscence Vita,5525,01/29/2021, 18:25:53,168
SOMO00001,REminiscence Vita,5526,01/29/2021, 19:21:31,168
SOMO00001,REminiscence Vita,5526,01/29/2021, 20:11:21,168
SOMO00001,REminiscence Vita,5526,01/29/2021, 21:10:03,168
SOMO00001,REminiscence Vita,5526,01/29/2021, 22:11:54,168
SOMO00001,REminiscence Vita,5526,01/29/2021, 23:13:16,168
SOMO00001,REminiscence Vita,5526,01/30/2021, 00:29:22,168
SOMO00001,REminiscence Vita,5526,01/30/2021, 01:51:23,168
SOMO00001,REminiscence Vita,5526,01/30/2021, 02:30:28,168
SOMO00001,REminiscence Vita,5526,01/30/2021, 03:17:49,168
SOMO00001,REminiscence Vita,5526,01/30/2021, 04:16:40,168
SOMO00001,REminiscence Vita,5526,01/30/2021, 05:16:10,168
SOMO00001,REminiscence Vita,5526,01/30/2021, 06:12:49,168
SOMO00001,REminiscence Vita,5526,01/30/2021, 07:14:04,168
SOMO00001,REminiscence Vita,5526,01/30/2021, 08:13:30,168
SOMO00001,REminiscence Vita,5526,01/30/2021, 09:13:52,168
SOMO00001,REminiscence Vita,5526,01/30/2021, 10:14:44,168
SOMO00001,REminiscence Vita,5526,01/30/2021, 11:11:41,168
SOMO00001,REminiscence Vita,5526,01/30/2021, 12:15:07,168
SOMO00001,REminiscence Vita,5526,01/30/2021, 13:20:32,168
SOMO00001,REminiscence Vita,5526,01/30/2021, 14:11:41,168
SOMO00001,REminiscence Vita,5526,01/30/2021, 15:10:17,168
SOMO00001,REminiscence Vita,5526,01/30/2021, 16:21:15,168
SOMO00001,REminiscence Vita,5526,01/30/2021, 17:38:25,168
SOMO00001,REminiscence Vita,5526,01/30/2021, 18:25:37,168
SOMO00001,REminiscence Vita,5526,01/30/2021, 19:18:13,168
SOMO00001,REminiscence Vita,5526,01/30/2021, 20:11:42,168
SOMO00001,REminiscence Vita,5527,01/30/2021, 21:09:48,168
SOMO00001,REminiscence Vita,5528,01/30/2021, 22:11:51,168
SOMO00001,REminiscence Vita,5528,01/30/2021, 23:13:15,168
SOMO00001,REminiscence Vita,5528,01/31/2021, 00:31:01,168
SOMO00001,REminiscence Vita,5528,01/31/2021, 01:54:54,168
SOMO00001,REminiscence Vita,5528,01/31/2021, 02:32:17,168
SOMO00001,REminiscence Vita,5528,01/31/2021, 03:17:50,168
SOMO00001,REminiscence Vita,5528,01/31/2021, 04:16:43,168
SOMO00001,REminiscence Vita,5528,01/31/2021, 05:16:57,168
SOMO00001,REminiscence Vita,5528,01/31/2021, 06:12:46,168
SOMO00001,REminiscence Vita,5528,01/31/2021, 07:14:30,168
SOMO00001,REminiscence Vita,5528,01/31/2021, 08:14:58,168
SOMO00001,REminiscence Vita,5528,01/31/2021, 09:15:46,168
SOMO00001,REminiscence Vita,5528,01/31/2021, 10:13:31,168
SOMO00001,REminiscence Vita,5528,01/31/2021, 11:11:30,168
SOMO00001,REminiscence Vita,5528,01/31/2021, 12:15:21,168
SOMO00001,REminiscence Vita,5528,01/31/2021, 13:20:24,168
SOMO00001,REminiscence Vita,5528,01/31/2021, 14:11:31,168
SOMO00001,REminiscence Vita,5528,01/31/2021, 15:10:42,168
SOMO00001,REminiscence Vita,5528,01/31/2021, 16:21:13,168
SOMO00001,REminiscence Vita,5528,01/31/2021, 17:38:38,168
SOMO00001,REminiscence Vita,5528,01/31/2021, 18:22:50,168
SOMO00001,REminiscence Vita,5528,01/31/2021, 19:18:50,168
SOMO00001,REminiscence Vita,5529,01/31/2021, 20:11:39,168
SOMO00001,REminiscence Vita,5529,01/31/2021, 21:14:03,168
SOMO00001,REminiscence Vita,5529,01/31/2021, 22:11:57,168
SOMO00001,REminiscence Vita,5529,01/31/2021, 23:13:28,168
SOMO00001,REminiscence Vita,5529,02/01/2021, 00:31:33,168
SOMO00001,REminiscence Vita,5529,02/01/2021, 01:55:59,168
SOMO00001,REminiscence Vita,5529,02/01/2021, 02:34:24,168
SOMO00001,REminiscence Vita,5529,02/01/2021, 03:18:42,168
SOMO00001,REminiscence Vita,5529,02/01/2021, 04:17:49,168
SOMO00001,REminiscence Vita,5529,02/01/2021, 05:21:13,168
SOMO00001,REminiscence Vita,5529,02/01/2021, 06:12:51,168
SOMO00001,REminiscence Vita,5529,02/01/2021, 07:15:47,168
SOMO00001,REminiscence Vita,5529,02/01/2021, 08:14:40,168
SOMO00001,REminiscence Vita,5529,02/01/2021, 09:16:00,168
SOMO00001,REminiscence Vita,5529,02/01/2021, 10:15:57,168
SOMO00001,REminiscence Vita,5529,02/01/2021, 11:12:09,168
SOMO00001,REminiscence Vita,5529,02/01/2021, 12:15:59,168
SOMO00001,REminiscence Vita,5529,02/01/2021, 13:22:13,168
SOMO00001,REminiscence Vita,5529,02/01/2021, 14:11:59,168
SOMO00001,REminiscence Vita,5529,02/01/2021, 15:22:33,168
SOMO00001,REminiscence Vita,5529,02/01/2021, 16:21:36,168
SOMO00001,REminiscence Vita,5529,02/01/2021, 17:40:53,168
SOMO00001,REminiscence Vita,5529,02/01/2021, 18:25:38,168
SOMO00001,REminiscence Vita,5529,02/01/2021, 19:21:08,168
SOMO00001,REminiscence Vita,5529,02/01/2021, 20:11:33,168
SOMO00001,REminiscence Vita,5529,02/01/2021, 21:08:10,168
SOMO00001,REminiscence Vita,5529,02/01/2021, 22:12:24,168
SOMO00001,REminiscence Vita,5529,02/01/2021, 23:14:30,168
SOMO00001,REminiscence Vita,5529,02/02/2021, 00:30:31,168
SOMO00001,REminiscence Vita,5529,02/02/2021, 01:50:51,168
SOMO00001,REminiscence Vita,5529,02/02/2021, 02:31:40,168
SOMO00001,REminiscence Vita,5529,02/02/2021, 03:18:45,168
SOMO00001,REminiscence Vita,5529,02/02/2021, 04:18:07,168
SOMO00001,REminiscence Vita,5529,02/02/2021, 05:23:06,168
SOMO00001,REminiscence Vita,5529,02/02/2021, 06:12:54,168
SOMO00001,REminiscence Vita,5529,02/02/2021, 07:15:21,168
SOMO00001,REminiscence Vita,5529,02/02/2021, 08:14:12,168
SOMO00001,REminiscence Vita,5529,02/02/2021, 09:15:11,168
SOMO00001,REminiscence Vita,5529,02/02/2021, 10:14:46,168
SOMO00001,REminiscence Vita,5529,02/02/2021, 11:12:14,168
SOMO00001,REminiscence Vita,5529,02/02/2021, 12:15:48,168
SOMO00001,REminiscence Vita,5529,02/02/2021, 13:22:06,168
SOMO00001,REminiscence Vita,5529,02/02/2021, 14:11:58,168
SOMO00001,REminiscence Vita,5529,02/02/2021, 15:10:56,168
SOMO00001,REminiscence Vita,5529,02/02/2021, 16:21:40,168
SOMO00001,REminiscence Vita,5529,02/02/2021, 17:41:09,168
SOMO00001,REminiscence Vita,5529,02/02/2021, 18:25:20,168
SOMO00001,REminiscence Vita,5529,02/02/2021, 19:17:12,168
SOMO00001,REminiscence Vita,5529,02/02/2021, 20:11:02,168
SOMO00001,REminiscence Vita,5529,02/02/2021, 21:09:43,168
SOMO00001,REminiscence Vita,5529,02/02/2021, 22:12:27,168
SOMO00001,REminiscence Vita,5529,02/02/2021, 23:10:55,168
SOMO00001,REminiscence Vita,5529,02/03/2021, 00:25:33,168
SOMO00001,REminiscence Vita,5529,02/03/2021, 01:41:38,168
SOMO00001,REminiscence Vita,5529,02/03/2021, 02:25:30,168
SOMO00001,REminiscence Vita,5529,02/03/2021, 03:13:33,168
SOMO00001,REminiscence Vita,5529,02/03/2021, 04:13:03,168
SOMO00001,REminiscence Vita,5529,02/03/2021, 05:12:03,168
SOMO00001,REminiscence Vita,5529,02/03/2021, 06:12:02,168
SOMO00001,REminiscence Vita,5529,02/03/2021, 07:11:02,168
SOMO00001,REminiscence Vita,5529,02/03/2021, 08:13:03,168
SOMO00001,REminiscence Vita,5529,02/03/2021, 09:11:44,168
SOMO00001,REminiscence Vita,5529,02/03/2021, 10:11:33,168
SOMO00001,REminiscence Vita,5529,02/03/2021, 12:14:47,168
SOMO00001,REminiscence Vita,5529,02/03/2021, 13:18:01,168
SOMO00001,REminiscence Vita,5529,02/03/2021, 14:14:46,168
SOMO00001,REminiscence Vita,5529,02/03/2021, 15:12:59,168
SOMO00001,REminiscence Vita,5529,02/03/2021, 16:18:11,168
SOMO00001,REminiscence Vita,5529,02/03/2021, 17:33:14,168
SOMO00001,REminiscence Vita,5529,02/03/2021, 18:17:09,168
SOMO00001,REminiscence Vita,5529,02/03/2021, 19:13:02,168
SOMO00001,REminiscence Vita,5529,02/03/2021, 20:11:09,168
SOMO00001,REminiscence Vita,5529,02/03/2021, 21:09:29,168
SOMO00001,REminiscence Vita,5529,02/03/2021, 22:10:41,168
SOMO00001,REminiscence Vita,5529,02/03/2021, 23:10:23,168
SOMO00001,REminiscence Vita,5529,02/04/2021, 00:24:31,168
SOMO00001,REminiscence Vita,5529,02/04/2021, 01:33:27,168
SOMO00001,REminiscence Vita,5529,02/04/2021, 02:15:32,168
SOMO00001,REminiscence Vita,5529,02/04/2021, 03:09:25,168
SOMO00001,REminiscence Vita,5529,02/04/2021, 04:11:57,168
SOMO00001,REminiscence Vita,5529,02/04/2021, 05:09:32,168
SOMO00001,REminiscence Vita,5529,02/04/2021, 06:10:41,168
SOMO00001,REminiscence Vita,5529,02/04/2021, 07:10:32,168
SOMO00001,REminiscence Vita,5529,02/04/2021, 08:12:00,168
SOMO00001,REminiscence Vita,5529,02/04/2021, 09:10:18,168
SOMO00001,REminiscence Vita,5529,02/04/2021, 10:11:00,168
SOMO00001,REminiscence Vita,5529,02/04/2021, 11:09:10,168
SOMO00001,REminiscence Vita,5529,02/04/2021, 12:23:08,168
SOMO00001,REminiscence Vita,5529,02/04/2021, 13:09:34,168
SOMO00001,REminiscence Vita,5529,02/04/2021, 14:09:54,168
SOMO00001,REminiscence Vita,5529,02/04/2021, 15:09:31,168
SOMO00001,REminiscence Vita,5529,02/04/2021, 16:16:04,168
SOMO00001,REminiscence Vita,5530,02/04/2021, 17:20:06,168
SOMO00001,REminiscence Vita,5530,02/04/2021, 18:10:52,168
SOMO00001,REminiscence Vita,5530,02/04/2021, 19:07:43,168
SOMO00001,REminiscence Vita,5530,02/04/2021, 20:10:04,168
SOMO00001,REminiscence Vita,5530,02/04/2021, 21:07:30,168
SOMO00001,REminiscence Vita,5531,02/04/2021, 22:10:46,168
SOMO00001,REminiscence Vita,5531,02/04/2021, 23:10:33,168
SOMO00001,REminiscence Vita,5531,02/05/2021, 00:23:52,168
SOMO00001,REminiscence Vita,5531,02/05/2021, 01:33:39,168
SOMO00001,REminiscence Vita,5531,02/05/2021, 02:15:11,168
SOMO00001,REminiscence Vita,5531,02/05/2021, 03:10:10,168
SOMO00001,REminiscence Vita,5531,02/05/2021, 04:11:59,168
SOMO00001,REminiscence Vita,5531,02/05/2021, 05:09:33,168
SOMO00001,REminiscence Vita,5532,02/05/2021, 06:11:37,168
SOMO00001,REminiscence Vita,5532,02/05/2021, 07:09:28,168
SOMO00001,REminiscence Vita,5532,02/05/2021, 08:11:51,168
SOMO00001,REminiscence Vita,5532,02/05/2021, 09:10:43,168
SOMO00001,REminiscence Vita,5532,02/05/2021, 10:10:38,168
SOMO00001,REminiscence Vita,5532,02/05/2021, 11:09:16,168
SOMO00001,REminiscence Vita,5532,02/05/2021, 12:12:46,168
SOMO00001,REminiscence Vita,5532,02/05/2021, 13:09:08,168
SOMO00001,REminiscence Vita,5532,02/05/2021, 14:10:08,168
SOMO00001,REminiscence Vita,5532,02/05/2021, 15:09:05,168
SOMO00001,REminiscence Vita,5532,02/05/2021, 16:15:46,168
SOMO00001,REminiscence Vita,5532,02/05/2021, 17:21:47,168
SOMO00001,REminiscence Vita,5533,02/05/2021, 18:10:57,168
SOMO00001,REminiscence Vita,5533,02/05/2021, 19:07:29,168
SOMO00001,REminiscence Vita,5533,02/05/2021, 20:09:53,168
SOMO00001,REminiscence Vita,5533,02/05/2021, 21:08:31,168
SOMO00001,REminiscence Vita,5533,02/05/2021, 22:10:48,168
SOMO00001,REminiscence Vita,5533,02/05/2021, 23:10:19,168
SOMO00001,REminiscence Vita,5533,02/06/2021, 00:23:33,168
SOMO00001,REminiscence Vita,5533,02/06/2021, 01:32:30,168
SOMO00001,REminiscence Vita,5533,02/06/2021, 02:14:06,168
SOMO00001,REminiscence Vita,5533,02/06/2021, 03:10:19,168
SOMO00001,REminiscence Vita,5533,02/06/2021, 04:11:48,168
SOMO00001,REminiscence Vita,5533,02/06/2021, 05:09:30,168
SOMO00001,REminiscence Vita,5533,02/06/2021, 06:11:51,168
SOMO00001,REminiscence Vita,5533,02/06/2021, 07:10:49,168
SOMO00001,REminiscence Vita,5533,02/06/2021, 08:12:05,168
SOMO00001,REminiscence Vita,5533,02/06/2021, 09:10:09,168
SOMO00001,REminiscence Vita,5533,02/06/2021, 10:10:34,168
SOMO00001,REminiscence Vita,5533,02/06/2021, 11:09:23,168
SOMO00001,REminiscence Vita,5533,02/06/2021, 12:12:43,168
SOMO00001,REminiscence Vita,5533,02/06/2021, 13:08:29,168
SOMO00001,REminiscence Vita,5533,02/06/2021, 14:09:29,168
SOMO00001,REminiscence Vita,5533,02/06/2021, 15:09:04,168
SOMO00001,REminiscence Vita,5533,02/06/2021, 16:15:17,168
SOMO00001,REminiscence Vita,5533,02/06/2021, 17:21:36,168
SOMO00001,REminiscence Vita,5533,02/06/2021, 18:11:01,168
SOMO00001,REminiscence Vita,5533,02/06/2021, 19:07:21,168
SOMO00001,REminiscence Vita,5533,02/06/2021, 20:09:39,168
SOMO00001,REminiscence Vita,5533,02/06/2021, 21:08:12,168
SOMO00001,REminiscence Vita,5534,02/06/2021, 22:10:32,168
SOMO00001,REminiscence Vita,5534,02/06/2021, 23:10:00,168
SOMO00001,REminiscence Vita,5535,02/07/2021, 00:24:25,168
SOMO00001,REminiscence Vita,5535,02/07/2021, 01:34:27,168
SOMO00001,REminiscence Vita,5535,02/07/2021, 02:15:17,168
SOMO00001,REminiscence Vita,5535,02/07/2021, 03:09:58,168
SOMO00001,REminiscence Vita,5535,02/07/2021, 04:11:45,168
SOMO00001,REminiscence Vita,5535,02/07/2021, 05:09:29,168
SOMO00001,REminiscence Vita,5535,02/07/2021, 06:11:48,168
SOMO00001,REminiscence Vita,5535,02/07/2021, 07:09:34,168
SOMO00001,REminiscence Vita,5535,02/07/2021, 08:11:34,168
SOMO00001,REminiscence Vita,5535,02/07/2021, 09:10:00,168
SOMO00001,REminiscence Vita,5535,02/07/2021, 10:10:31,168
SOMO00001,REminiscence Vita,5535,02/07/2021, 11:09:16,168
SOMO00001,REminiscence Vita,5535,02/07/2021, 12:16:54,168
SOMO00001,REminiscence Vita,5535,02/07/2021, 13:08:40,168
SOMO00001,REminiscence Vita,5535,02/07/2021, 14:09:32,168
SOMO00001,REminiscence Vita,5535,02/07/2021, 15:08:57,168
SOMO00001,REminiscence Vita,5535,02/07/2021, 16:15:30,168
SOMO00001,REminiscence Vita,5535,02/07/2021, 17:21:05,168
SOMO00001,REminiscence Vita,5535,02/07/2021, 18:10:49,168
SOMO00001,REminiscence Vita,5535,02/07/2021, 19:07:28,168
SOMO00001,REminiscence Vita,5535,02/07/2021, 20:11:57,168
SOMO00001,REminiscence Vita,5535,02/07/2021, 21:15:36,168
SOMO00001,REminiscence Vita,5535,02/07/2021, 22:10:42,168
SOMO00001,REminiscence Vita,5535,02/07/2021, 23:10:14,168
SOMO00001,REminiscence Vita,5535,02/08/2021, 00:23:46,168
SOMO00001,REminiscence Vita,5535,02/08/2021, 01:34:02,168
SOMO00001,REminiscence Vita,5535,02/08/2021, 02:15:27,168
SOMO00001,REminiscence Vita,5535,02/08/2021, 03:10:09,168
SOMO00001,REminiscence Vita,5535,02/08/2021, 04:11:59,168
SOMO00001,REminiscence Vita,5535,02/08/2021, 05:09:36,168
SOMO00001,REminiscence Vita,5535,02/08/2021, 06:11:06,168
SOMO00001,REminiscence Vita,5535,02/08/2021, 07:09:40,168
SOMO00001,REminiscence Vita,5535,02/08/2021, 08:17:48,168
SOMO00001,REminiscence Vita,5535,02/08/2021, 09:10:14,168
SOMO00001,REminiscence Vita,5535,02/08/2021, 10:11:01,168
SOMO00001,REminiscence Vita,5535,02/08/2021, 11:09:13,168
SOMO00001,REminiscence Vita,5535,02/08/2021, 12:12:48,168
SOMO00001,REminiscence Vita,5535,02/08/2021, 13:09:38,168
SOMO00001,REminiscence Vita,5535,02/08/2021, 14:10:11,168
SOMO00001,REminiscence Vita,5535,02/08/2021, 15:09:35,168
SOMO00001,REminiscence Vita,5535,02/08/2021, 16:17:52,168
SOMO00001,REminiscence Vita,5535,02/08/2021, 17:21:48,168
SOMO00001,REminiscence Vita,5535,02/08/2021, 18:11:12,168
SOMO00001,REminiscence Vita,5535,02/08/2021, 19:07:21,168
SOMO00001,REminiscence Vita,5535,02/08/2021, 20:10:12,168
SOMO00001,REminiscence Vita,5535,02/08/2021, 21:08:40,168
SOMO00001,REminiscence Vita,5535,02/08/2021, 22:09:26,168
SOMO00001,REminiscence Vita,5535,02/08/2021, 23:10:04,168
SOMO00001,REminiscence Vita,5535,02/09/2021, 00:23:39,168
SOMO00001,REminiscence Vita,5535,02/09/2021, 01:33:27,168
SOMO00001,REminiscence Vita,5535,02/09/2021, 02:14:20,168
SOMO00001,REminiscence Vita,5535,02/09/2021, 03:10:37,168
SOMO00001,REminiscence Vita,5535,02/09/2021, 04:11:38,168
SOMO00001,REminiscence Vita,5535,02/09/2021, 05:09:38,168
SOMO00001,REminiscence Vita,5535,02/09/2021, 06:10:31,168
SOMO00001,REminiscence Vita,5535,02/09/2021, 07:09:41,168
SOMO00001,REminiscence Vita,5535,02/09/2021, 08:11:56,168
SOMO00001,REminiscence Vita,5535,02/09/2021, 09:10:09,168
SOMO00001,REminiscence Vita,5535,02/09/2021, 10:10:48,168
SOMO00001,REminiscence Vita,5535,02/09/2021, 11:09:28,168
SOMO00001,REminiscence Vita,5535,02/09/2021, 12:13:03,168
SOMO00001,REminiscence Vita,5535,02/09/2021, 13:09:20,168
SOMO00001,REminiscence Vita,5535,02/09/2021, 14:09:56,168
SOMO00001,REminiscence Vita,5535,02/09/2021, 15:21:01,168
SOMO00001,REminiscence Vita,5535,02/09/2021, 16:40:31,168
SOMO00001,REminiscence Vita,5535,02/09/2021, 17:21:35,168
SOMO00001,REminiscence Vita,5535,02/09/2021, 18:11:09,168
SOMO00001,REminiscence Vita,5535,02/09/2021, 19:07:47,168
SOMO00001,REminiscence Vita,5535,02/09/2021, 20:09:59,168
SOMO00001,REminiscence Vita,5535,02/09/2021, 21:08:40,168
SOMO00001,REminiscence Vita,5535,02/09/2021, 22:10:55,168
SOMO00001,REminiscence Vita,5535,02/09/2021, 23:10:38,168
SOMO00001,REminiscence Vita,5535,02/10/2021, 00:23:49,168
SOMO00001,REminiscence Vita,5535,02/10/2021, 01:33:00,168
SOMO00001,REminiscence Vita,5535,02/10/2021, 02:11:28,168
SOMO00001,REminiscence Vita,5535,02/10/2021, 03:10:46,168
SOMO00001,REminiscence Vita,5535,02/10/2021, 04:11:53,168
SOMO00001,REminiscence Vita,5535,02/10/2021, 05:10:43,168
SOMO00001,REminiscence Vita,5535,02/10/2021, 06:11:18,168
SOMO00001,REminiscence Vita,5535,02/10/2021, 07:10:00,168
SOMO00001,REminiscence Vita,5535,02/10/2021, 08:12:04,168
SOMO00001,REminiscence Vita,5535,02/10/2021, 09:10:45,168
SOMO00001,REminiscence Vita,5535,02/10/2021, 10:10:52,168
SOMO00001,REminiscence Vita,5535,02/10/2021, 11:09:36,168
SOMO00001,REminiscence Vita,5535,02/10/2021, 12:13:13,168
SOMO00001,REminiscence Vita,5535,02/10/2021, 13:09:50,168
SOMO00001,REminiscence Vita,5535,02/10/2021, 14:10:22,168
SOMO00001,REminiscence Vita,5535,02/10/2021, 15:09:38,168
SOMO00001,REminiscence Vita,5535,02/10/2021, 16:15:54,168
SOMO00001,REminiscence Vita,5535,02/10/2021, 17:21:51,168
SOMO00001,REminiscence Vita,5535,02/10/2021, 18:11:01,168
SOMO00001,REminiscence Vita,5535,02/10/2021, 19:07:38,168
SOMO00001,REminiscence Vita,5535,02/10/2021, 20:10:09,168
SOMO00001,REminiscence Vita,5535,02/10/2021, 21:09:02,168
SOMO00001,REminiscence Vita,5535,02/10/2021, 22:10:52,168
SOMO00001,REminiscence Vita,5536,02/10/2021, 23:10:31,168
SOMO00001,REminiscence Vita,5536,02/11/2021, 00:23:50,168
SOMO00001,REminiscence Vita,5536,02/11/2021, 01:33:29,168
SOMO00001,REminiscence Vita,5536,02/11/2021, 02:15:05,168
SOMO00001,REminiscence Vita,5537,02/11/2021, 03:10:11,168
SOMO00001,REminiscence Vita,5537,02/11/2021, 04:12:01,168
SOMO00001,REminiscence Vita,5537,02/11/2021, 05:09:35,168
SOMO00001,REminiscence Vita,5537,02/11/2021, 06:11:21,168
SOMO00001,REminiscence Vita,5537,02/11/2021, 07:09:38,168
SOMO00001,REminiscence Vita,5537,02/11/2021, 08:11:52,168
SOMO00001,REminiscence Vita,5537,02/11/2021, 09:10:37,168
SOMO00001,REminiscence Vita,5537,02/11/2021, 10:11:06,168
SOMO00001,REminiscence Vita,5537,02/11/2021, 11:09:22,168
SOMO00001,REminiscence Vita,5537,02/11/2021, 12:13:06,168
SOMO00001,REminiscence Vita,5537,02/11/2021, 13:10:20,168
SOMO00001,REminiscence Vita,5537,02/11/2021, 14:10:13,168
SOMO00001,REminiscence Vita,5537,02/11/2021, 15:09:24,168
SOMO00001,REminiscence Vita,5537,02/11/2021, 16:15:55,168
SOMO00001,REminiscence Vita,5537,02/11/2021, 17:22:08,168
SOMO00001,REminiscence Vita,5537,02/11/2021, 18:11:16,168
SOMO00001,REminiscence Vita,5537,02/11/2021, 19:07:42,168
SOMO00001,REminiscence Vita,5537,02/11/2021, 20:11:13,168
SOMO00001,REminiscence Vita,5538,02/11/2021, 21:08:49,168
SOMO00001,REminiscence Vita,5538,02/11/2021, 22:10:56,168
SOMO00001,REminiscence Vita,5538,02/11/2021, 23:10:22,168
SOMO00001,REminiscence Vita,5538,02/12/2021, 00:24:07,168
SOMO00001,REminiscence Vita,5539,02/12/2021, 01:34:08,168
SOMO00001,REminiscence Vita,5539,02/12/2021, 02:15:22,168
SOMO00001,REminiscence Vita,5539,02/12/2021, 03:10:26,168
SOMO00001,REminiscence Vita,5539,02/12/2021, 04:12:11,168
SOMO00001,REminiscence Vita,5539,02/12/2021, 05:09:45,168
SOMO00001,REminiscence Vita,5539,02/12/2021, 06:10:48,168
SOMO00001,REminiscence Vita,5539,02/12/2021, 07:09:55,168
SOMO00001,REminiscence Vita,5539,02/12/2021, 08:12:09,168
SOMO00001,REminiscence Vita,5540,02/12/2021, 09:11:56,168
SOMO00001,REminiscence Vita,5541,02/12/2021, 10:11:07,168
SOMO00001,REminiscence Vita,5541,02/12/2021, 11:09:19,168
SOMO00001,REminiscence Vita,5541,02/12/2021, 12:13:26,168
SOMO00001,REminiscence Vita,5541,02/12/2021, 13:10:38,168
SOMO00001,REminiscence Vita,5541,02/12/2021, 14:10:02,168
SOMO00001,REminiscence Vita,5541,02/12/2021, 15:09:31,168
SOMO00001,REminiscence Vita,5541,02/12/2021, 16:15:49,168
SOMO00001,REminiscence Vita,5541,02/12/2021, 17:21:47,168
SOMO00001,REminiscence Vita,5541,02/12/2021, 18:11:12,168
SOMO00001,REminiscence Vita,5541,02/12/2021, 19:07:32,168
SOMO00001,REminiscence Vita,5542,02/12/2021, 20:10:07,168
SOMO00001,REminiscence Vita,5543,02/12/2021, 21:09:00,168
SOMO00001,REminiscence Vita,5544,02/12/2021, 22:10:43,168
SOMO00001,REminiscence Vita,5544,02/12/2021, 23:10:23,168
SOMO00001,REminiscence Vita,5544,02/13/2021, 00:24:13,168
SOMO00001,REminiscence Vita,5544,02/13/2021, 01:33:16,168
SOMO00001,REminiscence Vita,5544,02/13/2021, 02:14:51,168
SOMO00001,REminiscence Vita,5544,02/13/2021, 03:10:13,168
SOMO00001,REminiscence Vita,5544,02/13/2021, 04:12:06,168
SOMO00001,REminiscence Vita,5544,02/13/2021, 05:09:33,168
SOMO00001,REminiscence Vita,5544,02/13/2021, 06:11:01,168
SOMO00001,REminiscence Vita,5544,02/13/2021, 07:09:25,168
SOMO00001,REminiscence Vita,5544,02/13/2021, 08:12:00,168
SOMO00001,REminiscence Vita,5544,02/13/2021, 09:10:26,168
SOMO00001,REminiscence Vita,5544,02/13/2021, 10:10:57,168
SOMO00001,REminiscence Vita,5544,02/13/2021, 11:09:27,168
SOMO00001,REminiscence Vita,5544,02/13/2021, 12:12:58,168
SOMO00001,REminiscence Vita,5544,02/13/2021, 13:09:02,168
SOMO00001,REminiscence Vita,5544,02/13/2021, 14:09:45,168
SOMO00001,REminiscence Vita,5544,02/13/2021, 15:09:02,168
SOMO00001,REminiscence Vita,5544,02/13/2021, 16:15:17,168
SOMO00001,REminiscence Vita,5544,02/13/2021, 17:20:26,168
SOMO00001,REminiscence Vita,5544,02/13/2021, 18:10:47,168
SOMO00001,REminiscence Vita,5544,02/13/2021, 19:07:45,168
SOMO00001,REminiscence Vita,5545,02/13/2021, 20:10:01,168
SOMO00001,REminiscence Vita,5545,02/13/2021, 21:08:29,168
SOMO00001,REminiscence Vita,5545,02/13/2021, 22:10:57,168
SOMO00001,REminiscence Vita,5545,02/13/2021, 23:10:25,168
SOMO00001,REminiscence Vita,5545,02/14/2021, 00:25:05,168
SOMO00001,REminiscence Vita,5545,02/14/2021, 01:35:10,168
SOMO00001,REminiscence Vita,5545,02/14/2021, 02:15:53,168
SOMO00001,REminiscence Vita,5545,02/14/2021, 03:10:41,168
SOMO00001,REminiscence Vita,5545,02/14/2021, 04:12:04,168
SOMO00001,REminiscence Vita,5545,02/14/2021, 05:09:26,168
SOMO00001,REminiscence Vita,5545,02/14/2021, 06:11:17,168
SOMO00001,REminiscence Vita,5545,02/14/2021, 07:09:46,168
SOMO00001,REminiscence Vita,5545,02/14/2021, 08:12:41,168
SOMO00001,REminiscence Vita,5545,02/14/2021, 09:10:42,168
SOMO00001,REminiscence Vita,5545,02/14/2021, 10:10:49,168
SOMO00001,REminiscence Vita,5545,02/14/2021, 11:09:18,168
SOMO00001,REminiscence Vita,5545,02/14/2021, 12:13:12,168
SOMO00001,REminiscence Vita,5545,02/14/2021, 13:09:43,168
SOMO00001,REminiscence Vita,5545,02/14/2021, 14:09:44,168
SOMO00001,REminiscence Vita,5545,02/14/2021, 15:09:16,168
SOMO00001,REminiscence Vita,5545,02/14/2021, 16:15:23,168
SOMO00001,REminiscence Vita,5545,02/14/2021, 17:21:03,168
SOMO00001,REminiscence Vita,5545,02/14/2021, 18:10:45,168
SOMO00001,REminiscence Vita,5545,02/14/2021, 19:07:43,168
SOMO00001,REminiscence Vita,5545,02/14/2021, 20:10:00,168
SOMO00001,REminiscence Vita,5545,02/14/2021, 21:08:56,168
SOMO00001,REminiscence Vita,5545,02/14/2021, 22:10:56,168
SOMO00001,REminiscence Vita,5545,02/14/2021, 23:10:28,168
SOMO00001,REminiscence Vita,5545,02/15/2021, 00:24:27,168
SOMO00001,REminiscence Vita,5546,02/15/2021, 01:34:45,168
SOMO00001,REminiscence Vita,5546,02/15/2021, 02:16:22,168
SOMO00001,REminiscence Vita,5546,02/15/2021, 03:10:38,168
SOMO00001,REminiscence Vita,5546,02/15/2021, 04:12:14,168
SOMO00001,REminiscence Vita,5546,02/15/2021, 05:12:25,168
SOMO00001,REminiscence Vita,5546,02/15/2021, 06:11:15,168
SOMO00001,REminiscence Vita,5546,02/15/2021, 07:09:53,168
SOMO00001,REminiscence Vita,5546,02/15/2021, 08:12:30,168
SOMO00001,REminiscence Vita,5546,02/15/2021, 09:10:47,168
SOMO00001,REminiscence Vita,5546,02/15/2021, 10:11:12,168
SOMO00001,REminiscence Vita,5546,02/15/2021, 11:09:43,168
SOMO00001,REminiscence Vita,5546,02/15/2021, 12:13:31,168
SOMO00001,REminiscence Vita,5546,02/15/2021, 13:11:18,168
SOMO00001,REminiscence Vita,5546,02/15/2021, 14:10:03,168
SOMO00001,REminiscence Vita,5546,02/15/2021, 15:09:43,168
SOMO00001,REminiscence Vita,5546,02/15/2021, 16:16:10,168
SOMO00001,REminiscence Vita,5546,02/15/2021, 17:22:59,168
SOMO00001,REminiscence Vita,5546,02/15/2021, 18:11:21,168
SOMO00001,REminiscence Vita,5546,02/15/2021, 19:07:37,168
SOMO00001,REminiscence Vita,5546,02/15/2021, 20:09:59,168
SOMO00001,REminiscence Vita,5546,02/15/2021, 21:09:01,168
SOMO00001,REminiscence Vita,5546,02/15/2021, 22:10:48,168
SOMO00001,REminiscence Vita,5546,02/15/2021, 23:10:32,168
SOMO00001,REminiscence Vita,5546,02/16/2021, 00:24:10,168
SOMO00001,REminiscence Vita,5546,02/16/2021, 01:34:28,168
SOMO00001,REminiscence Vita,5546,02/16/2021, 02:15:46,168
SOMO00001,REminiscence Vita,5546,02/16/2021, 03:10:27,168
SOMO00001,REminiscence Vita,5546,02/16/2021, 04:12:04,168
SOMO00001,REminiscence Vita,5546,02/16/2021, 05:09:39,168
SOMO00001,REminiscence Vita,5546,02/16/2021, 06:10:57,168
SOMO00001,REminiscence Vita,5546,02/16/2021, 07:09:43,168
SOMO00001,REminiscence Vita,5546,02/16/2021, 08:11:42,168
SOMO00001,REminiscence Vita,5546,02/16/2021, 09:10:22,168
SOMO00001,REminiscence Vita,5546,02/16/2021, 10:11:02,168
SOMO00001,REminiscence Vita,5546,02/16/2021, 11:09:36,168
SOMO00001,REminiscence Vita,5546,02/16/2021, 12:13:10,168
SOMO00001,REminiscence Vita,5546,02/16/2021, 13:10:01,168
SOMO00001,REminiscence Vita,5546,02/16/2021, 14:10:19,168
SOMO00001,REminiscence Vita,5546,02/16/2021, 15:09:29,168
SOMO00001,REminiscence Vita,5546,02/16/2021, 16:15:55,168
SOMO00001,REminiscence Vita,5546,02/16/2021, 17:22:16,168
SOMO00001,REminiscence Vita,5546,02/16/2021, 18:11:14,168
SOMO00001,REminiscence Vita,5546,02/16/2021, 19:07:35,168
SOMO00001,REminiscence Vita,5546,02/16/2021, 20:10:07,168
SOMO00001,REminiscence Vita,5546,02/16/2021, 21:08:56,168
SOMO00001,REminiscence Vita,5547,02/16/2021, 22:10:44,168
SOMO00001,REminiscence Vita,5547,02/16/2021, 23:10:24,168
SOMO00001,REminiscence Vita,5547,02/17/2021, 00:24:12,168
SOMO00001,REminiscence Vita,5547,02/17/2021, 01:33:59,168
SOMO00001,REminiscence Vita,5547,02/17/2021, 02:13:42,168
SOMO00001,REminiscence Vita,5547,02/17/2021, 03:10:46,168
SOMO00001,REminiscence Vita,5547,02/17/2021, 04:12:03,168
SOMO00001,REminiscence Vita,5547,02/17/2021, 05:09:35,168
SOMO00001,REminiscence Vita,5547,02/17/2021, 06:09:18,168
SOMO00001,REminiscence Vita,5547,02/17/2021, 07:10:04,168
SOMO00001,REminiscence Vita,5547,02/17/2021, 08:12:15,168
SOMO00001,REminiscence Vita,5547,02/17/2021, 09:10:26,168
SOMO00001,REminiscence Vita,5547,02/17/2021, 10:11:16,168
SOMO00001,REminiscence Vita,5547,02/17/2021, 11:09:34,168
SOMO00001,REminiscence Vita,5547,02/17/2021, 12:13:01,168
SOMO00001,REminiscence Vita,5547,02/17/2021, 13:10:07,168
SOMO00001,REminiscence Vita,5547,02/17/2021, 14:23:12,168
SOMO00001,REminiscence Vita,5547,02/17/2021, 15:20:05,168
SOMO00001,REminiscence Vita,5547,02/17/2021, 16:16:01,168
SOMO00001,REminiscence Vita,5547,02/17/2021, 17:27:00,168
SOMO00001,REminiscence Vita,5547,02/17/2021, 18:09:25,168
SOMO00001,REminiscence Vita,5547,02/17/2021, 19:06:45,168
SOMO00001,REminiscence Vita,5547,02/17/2021, 20:10:20,168
SOMO00001,REminiscence Vita,5547,02/17/2021, 21:09:03,168
SOMO00001,REminiscence Vita,5547,02/17/2021, 22:09:09,168
SOMO00001,REminiscence Vita,5547,02/17/2021, 23:10:11,168
SOMO00001,REminiscence Vita,5547,02/18/2021, 00:24:41,168
SOMO00001,REminiscence Vita,5547,02/18/2021, 01:34:50,168
SOMO00001,REminiscence Vita,5547,02/18/2021, 02:15:42,168
SOMO00001,REminiscence Vita,5547,02/18/2021, 03:10:14,168
SOMO00001,REminiscence Vita,5547,02/18/2021, 04:12:22,168
SOMO00001,REminiscence Vita,5547,02/18/2021, 05:09:52,168
SOMO00001,REminiscence Vita,5547,02/18/2021, 06:11:01,168
SOMO00001,REminiscence Vita,5548,02/18/2021, 07:09:42,168
SOMO00001,REminiscence Vita,5548,02/18/2021, 08:11:49,168
SOMO00001,REminiscence Vita,5548,02/18/2021, 09:10:24,168
SOMO00001,REminiscence Vita,5548,02/18/2021, 10:11:09,168
SOMO00001,REminiscence Vita,5548,02/18/2021, 11:09:42,168
SOMO00001,REminiscence Vita,5548,02/18/2021, 12:13:21,168
SOMO00001,REminiscence Vita,5548,02/18/2021, 13:10:35,168
SOMO00001,REminiscence Vita,5548,02/18/2021, 14:10:18,168
SOMO00001,REminiscence Vita,5548,02/18/2021, 15:09:52,168
SOMO00001,REminiscence Vita,5548,02/18/2021, 16:16:13,168
SOMO00001,REminiscence Vita,5548,02/18/2021, 17:23:13,168
SOMO00001,REminiscence Vita,5548,02/18/2021, 18:11:07,168
SOMO00001,REminiscence Vita,5548,02/18/2021, 19:07:27,168
SOMO00001,REminiscence Vita,5548,02/18/2021, 20:10:19,168
SOMO00001,REminiscence Vita,5548,02/18/2021, 21:09:03,168
SOMO00001,REminiscence Vita,5548,02/18/2021, 22:10:44,168
SOMO00001,REminiscence Vita,5548,02/18/2021, 23:10:24,168
SOMO00001,REminiscence Vita,5548,02/19/2021, 00:24:14,168
SOMO00001,REminiscence Vita,5548,02/19/2021, 01:34:50,168
SOMO00001,REminiscence Vita,5548,02/19/2021, 02:16:00,168
SOMO00001,REminiscence Vita,5548,02/19/2021, 03:10:31,168
SOMO00001,REminiscence Vita,5548,02/19/2021, 04:12:18,168
SOMO00001,REminiscence Vita,5548,02/19/2021, 05:10:01,168
SOMO00001,REminiscence Vita,5548,02/19/2021, 06:11:06,168
SOMO00001,REminiscence Vita,5548,02/19/2021, 07:09:27,168
SOMO00001,REminiscence Vita,5548,02/19/2021, 08:11:49,168
SOMO00001,REminiscence Vita,5548,02/19/2021, 09:10:36,168
SOMO00001,REminiscence Vita,5548,02/19/2021, 10:11:20,168
SOMO00001,REminiscence Vita,5548,02/19/2021, 11:09:36,168
SOMO00001,REminiscence Vita,5548,02/19/2021, 12:13:09,168
SOMO00001,REminiscence Vita,5548,02/19/2021, 13:10:44,168
SOMO00001,REminiscence Vita,5549,02/19/2021, 14:10:06,168
SOMO00001,REminiscence Vita,5549,02/19/2021, 15:09:47,168
SOMO00001,REminiscence Vita,5549,02/19/2021, 16:16:10,168
SOMO00001,REminiscence Vita,5549,02/19/2021, 17:23:18,168
SOMO00001,REminiscence Vita,5549,02/19/2021, 18:11:02,168
SOMO00001,REminiscence Vita,5549,02/19/2021, 19:07:53,168
SOMO00001,REminiscence Vita,5549,02/19/2021, 20:10:25,168
SOMO00001,REminiscence Vita,5549,02/19/2021, 21:08:58,168
SOMO00001,REminiscence Vita,5549,02/19/2021, 22:10:48,168
SOMO00001,REminiscence Vita,5549,02/19/2021, 23:10:37,168
SOMO00001,REminiscence Vita,5549,02/20/2021, 00:24:07,168
SOMO00001,REminiscence Vita,5549,02/20/2021, 01:34:19,168
SOMO00001,REminiscence Vita,5549,02/20/2021, 02:15:29,168
SOMO00001,REminiscence Vita,5549,02/20/2021, 03:10:19,168
SOMO00001,REminiscence Vita,5549,02/20/2021, 04:12:08,168
SOMO00001,REminiscence Vita,5549,02/20/2021, 05:09:44,168
SOMO00001,REminiscence Vita,5549,02/20/2021, 06:10:55,168
SOMO00001,REminiscence Vita,5549,02/20/2021, 07:09:44,168
SOMO00001,REminiscence Vita,5549,02/20/2021, 08:11:53,168
SOMO00001,REminiscence Vita,5549,02/20/2021, 09:10:22,168
SOMO00001,REminiscence Vita,5549,02/20/2021, 10:10:57,168
SOMO00001,REminiscence Vita,5550,02/20/2021, 11:09:29,168
SOMO00001,REminiscence Vita,5550,02/20/2021, 12:13:00,168
SOMO00001,REminiscence Vita,5550,02/20/2021, 13:09:41,168
SOMO00001,REminiscence Vita,5550,02/20/2021, 14:09:57,168
SOMO00001,REminiscence Vita,5550,02/20/2021, 15:09:29,168
SOMO00001,REminiscence Vita,5550,02/20/2021, 16:15:52,168
SOMO00001,REminiscence Vita,5550,02/20/2021, 17:22:24,168
SOMO00001,REminiscence Vita,5550,02/20/2021, 18:11:15,168
SOMO00001,REminiscence Vita,5550,02/20/2021, 20:10:11,168
SOMO00001,REminiscence Vita,5550,02/20/2021, 21:08:41,168
SOMO00001,REminiscence Vita,5550,02/20/2021, 22:10:45,168
SOMO00001,REminiscence Vita,5550,02/20/2021, 23:10:17,168
SOMO00001,REminiscence Vita,5550,02/21/2021, 00:25:32,168
SOMO00001,REminiscence Vita,5550,02/21/2021, 01:36:55,168
SOMO00001,REminiscence Vita,5550,02/21/2021, 02:17:36,168
SOMO00001,REminiscence Vita,5550,02/21/2021, 03:10:21,168
SOMO00001,REminiscence Vita,5550,02/21/2021, 04:12:04,168
SOMO00001,REminiscence Vita,5551,02/21/2021, 05:09:36,168
SOMO00001,REminiscence Vita,5551,02/21/2021, 06:10:51,168
SOMO00001,REminiscence Vita,5551,02/21/2021, 07:09:39,168
SOMO00001,REminiscence Vita,5551,02/21/2021, 08:11:49,168
SOMO00001,REminiscence Vita,5551,02/21/2021, 09:10:06,168
SOMO00001,REminiscence Vita,5551,02/21/2021, 10:10:48,168
SOMO00001,REminiscence Vita,5551,02/21/2021, 11:09:32,168
SOMO00001,REminiscence Vita,5551,02/21/2021, 12:13:01,168
SOMO00001,REminiscence Vita,5551,02/21/2021, 13:09:34,168
SOMO00001,REminiscence Vita,5552,02/21/2021, 14:10:00,168
SOMO00001,REminiscence Vita,5552,02/21/2021, 15:09:30,168
SOMO00001,REminiscence Vita,5552,02/21/2021, 16:15:44,168
SOMO00001,REminiscence Vita,5552,02/21/2021, 17:21:35,168
SOMO00001,REminiscence Vita,5552,02/21/2021, 18:10:52,168
SOMO00001,REminiscence Vita,5552,02/21/2021, 19:07:45,168
SOMO00001,REminiscence Vita,5552,02/21/2021, 20:10:15,168
SOMO00001,REminiscence Vita,5552,02/21/2021, 21:08:48,168
SOMO00001,REminiscence Vita,5553,02/21/2021, 22:10:47,168
SOMO00001,REminiscence Vita,5553,02/21/2021, 23:10:29,168
SOMO00001,REminiscence Vita,5553,02/22/2021, 00:24:54,168
SOMO00001,REminiscence Vita,5553,02/22/2021, 01:36:37,168
SOMO00001,REminiscence Vita,5553,02/22/2021, 02:17:55,168
SOMO00001,REminiscence Vita,5553,02/22/2021, 03:10:36,168
SOMO00001,REminiscence Vita,5553,02/22/2021, 04:12:07,168
SOMO00001,REminiscence Vita,5553,02/22/2021, 05:09:40,168
SOMO00001,REminiscence Vita,5553,02/22/2021, 06:11:28,168
SOMO00001,REminiscence Vita,5553,02/22/2021, 07:08:24,168
SOMO00001,REminiscence Vita,5553,02/22/2021, 08:11:26,168
SOMO00001,REminiscence Vita,5553,02/22/2021, 09:08:58,168
SOMO00001,REminiscence Vita,5553,02/22/2021, 10:09:41,168
SOMO00001,REminiscence Vita,5553,02/22/2021, 11:09:47,168
SOMO00001,REminiscence Vita,5553,02/22/2021, 12:11:19,168
SOMO00001,REminiscence Vita,5553,02/22/2021, 13:08:36,168
SOMO00001,REminiscence Vita,5553,02/22/2021, 14:10:12,168
SOMO00001,REminiscence Vita,5553,02/22/2021, 15:09:46,168
SOMO00001,REminiscence Vita,5553,02/22/2021, 16:16:25,168
SOMO00001,REminiscence Vita,5553,02/22/2021, 17:24:20,168
SOMO00001,REminiscence Vita,5553,02/22/2021, 18:11:09,168
SOMO00001,REminiscence Vita,5553,02/22/2021, 19:07:46,168
SOMO00001,REminiscence Vita,5553,02/22/2021, 20:10:28,168
SOMO00001,REminiscence Vita,5554,02/22/2021, 21:09:08,168
SOMO00001,REminiscence Vita,5554,02/22/2021, 22:10:46,168
SOMO00001,REminiscence Vita,5554,02/22/2021, 23:10:40,168
SOMO00001,REminiscence Vita,5554,02/23/2021, 00:24:33,168
SOMO00001,REminiscence Vita,5555,02/23/2021, 01:36:10,168
SOMO00001,REminiscence Vita,5555,02/23/2021, 02:17:28,168
SOMO00001,REminiscence Vita,5555,02/23/2021, 03:10:44,168
SOMO00001,REminiscence Vita,5555,02/23/2021, 04:10:52,168
SOMO00001,REminiscence Vita,5555,02/23/2021, 05:09:36,168
SOMO00001,REminiscence Vita,5555,02/23/2021, 06:11:08,168
SOMO00001,REminiscence Vita,5555,02/23/2021, 07:09:48,168
SOMO00001,REminiscence Vita,5555,02/23/2021, 08:12:32,168
SOMO00001,REminiscence Vita,5555,02/23/2021, 09:10:33,168
SOMO00001,REminiscence Vita,5555,02/23/2021, 10:11:29,168
SOMO00001,REminiscence Vita,5555,02/23/2021, 11:09:47,168
SOMO00001,REminiscence Vita,5555,02/23/2021, 12:13:26,168
SOMO00001,REminiscence Vita,5555,02/23/2021, 13:16:20,168
SOMO00001,REminiscence Vita,5555,02/23/2021, 14:15:22,168
SOMO00001,REminiscence Vita,5555,02/23/2021, 15:22:20,168
SOMO00001,REminiscence Vita,5555,02/23/2021, 16:53:46,168
SOMO00001,REminiscence Vita,5555,02/23/2021, 17:27:57,168
SOMO00001,REminiscence Vita,5555,02/23/2021, 18:11:12,168
SOMO00001,REminiscence Vita,5557,02/23/2021, 19:08:08,168
SOMO00001,REminiscence Vita,5557,02/23/2021, 20:10:53,168
SOMO00001,REminiscence Vita,5557,02/23/2021, 21:09:23,168
SOMO00001,REminiscence Vita,5557,02/23/2021, 22:10:41,168
SOMO00001,REminiscence Vita,5557,02/23/2021, 23:10:34,168
SOMO00001,REminiscence Vita,5557,02/24/2021, 00:24:55,168
SOMO00001,REminiscence Vita,5557,02/24/2021, 01:37:10,168
SOMO00001,REminiscence Vita,5557,02/24/2021, 02:18:35,168
SOMO00001,REminiscence Vita,5557,02/24/2021, 03:11:07,168
SOMO00001,REminiscence Vita,5557,02/24/2021, 04:10:24,168
SOMO00001,REminiscence Vita,5557,02/24/2021, 05:09:38,168
SOMO00001,REminiscence Vita,5557,02/24/2021, 06:11:23,168
SOMO00001,REminiscence Vita,5557,02/24/2021, 07:09:28,168
SOMO00001,REminiscence Vita,5557,02/24/2021, 08:17:17,168
SOMO00001,REminiscence Vita,5557,02/24/2021, 09:16:14,168
SOMO00001,REminiscence Vita,5557,02/24/2021, 10:17:51,168
SOMO00001,REminiscence Vita,5557,02/24/2021, 11:15:36,168
SOMO00001,REminiscence Vita,5557,02/24/2021, 12:19:00,168
SOMO00001,REminiscence Vita,5557,02/24/2021, 13:17:37,168
SOMO00001,REminiscence Vita,5557,02/24/2021, 14:15:52,168
SOMO00001,REminiscence Vita,5557,02/24/2021, 15:23:50,168
SOMO00001,REminiscence Vita,5557,02/24/2021, 16:29:29,168
SOMO00001,REminiscence Vita,5557,02/24/2021, 17:30:59,168
SOMO00001,REminiscence Vita,5558,02/24/2021, 18:11:13,168
SOMO00001,REminiscence Vita,5558,02/24/2021, 19:07:30,168
SOMO00001,REminiscence Vita,5558,02/24/2021, 20:10:33,168
SOMO00001,REminiscence Vita,5558,02/24/2021, 21:09:12,168
SOMO00001,REminiscence Vita,5558,02/24/2021, 22:10:56,168
SOMO00001,REminiscence Vita,5558,02/24/2021, 23:10:22,168
SOMO00001,REminiscence Vita,5558,02/25/2021, 00:24:38,168
SOMO00001,REminiscence Vita,5558,02/25/2021, 01:37:05,168
SOMO00001,REminiscence Vita,5558,02/25/2021, 02:17:42,168
SOMO00001,REminiscence Vita,5558,02/25/2021, 03:10:38,168
SOMO00001,REminiscence Vita,5558,02/25/2021, 04:12:19,168
SOMO00001,REminiscence Vita,5558,02/25/2021, 05:09:40,168
SOMO00001,REminiscence Vita,5558,02/25/2021, 06:11:32,168
SOMO00001,REminiscence Vita,5558,02/25/2021, 07:09:32,168
SOMO00001,REminiscence Vita,5558,02/25/2021, 08:12:15,168
SOMO00001,REminiscence Vita,5558,02/25/2021, 09:16:02,168
SOMO00001,REminiscence Vita,5558,02/25/2021, 10:17:18,168
SOMO00001,REminiscence Vita,5558,02/25/2021, 11:09:43,168
SOMO00001,REminiscence Vita,5558,02/25/2021, 12:13:10,168
SOMO00001,REminiscence Vita,5558,02/25/2021, 13:11:43,168
SOMO00001,REminiscence Vita,5558,02/25/2021, 14:10:13,168
SOMO00001,REminiscence Vita,5558,02/25/2021, 15:15:55,168
SOMO00001,REminiscence Vita,5558,02/25/2021, 16:21:45,168
SOMO00001,REminiscence Vita,5558,02/25/2021, 17:30:07,168
SOMO00001,REminiscence Vita,5559,02/25/2021, 18:15:17,168
SOMO00001,REminiscence Vita,5559,02/25/2021, 19:07:30,168
SOMO00001,REminiscence Vita,5559,02/25/2021, 20:10:41,168
SOMO00001,REminiscence Vita,5559,02/25/2021, 21:09:23,168
SOMO00001,REminiscence Vita,5559,02/25/2021, 22:10:47,168
SOMO00001,REminiscence Vita,5559,02/25/2021, 23:10:58,168
SOMO00001,REminiscence Vita,5559,02/26/2021, 00:27:00,168
SOMO00001,REminiscence Vita,5559,02/26/2021, 01:37:34,168
SOMO00001,REminiscence Vita,5559,02/26/2021, 02:18:53,168
SOMO00001,REminiscence Vita,5559,02/26/2021, 03:10:58,168
SOMO00001,REminiscence Vita,5559,02/26/2021, 04:12:14,168
SOMO00001,REminiscence Vita,5559,02/26/2021, 05:09:43,168
SOMO00001,REminiscence Vita,5559,02/26/2021, 06:11:21,168
SOMO00001,REminiscence Vita,5559,02/26/2021, 07:10:06,168
SOMO00001,REminiscence Vita,5559,02/26/2021, 08:12:13,168
SOMO00001,REminiscence Vita,5559,02/26/2021, 09:10:56,168
SOMO00001,REminiscence Vita,5559,02/26/2021, 10:11:40,168
SOMO00001,REminiscence Vita,5559,02/26/2021, 11:15:20,168
SOMO00001,REminiscence Vita,5559,02/26/2021, 12:13:33,168
SOMO00001,REminiscence Vita,5559,02/26/2021, 13:12:00,168
SOMO00001,REminiscence Vita,5559,02/26/2021, 14:10:04,168
SOMO00001,REminiscence Vita,5559,02/26/2021, 15:09:40,168
SOMO00001,REminiscence Vita,5559,02/26/2021, 16:16:14,168
SOMO00001,REminiscence Vita,5559,02/26/2021, 17:26:03,168
SOMO00001,REminiscence Vita,5559,02/26/2021, 18:11:10,168
SOMO00001,REminiscence Vita,5559,02/26/2021, 19:07:33,168
SOMO00001,REminiscence Vita,5559,02/26/2021, 20:10:43,168
SOMO00001,REminiscence Vita,5559,02/26/2021, 21:09:06,168
SOMO00001,REminiscence Vita,5559,02/26/2021, 22:10:41,168
SOMO00001,REminiscence Vita,5559,02/26/2021, 23:10:48,168
SOMO00001,REminiscence Vita,5559,02/27/2021, 00:24:55,168
SOMO00001,REminiscence Vita,5559,02/27/2021, 01:37:00,168
SOMO00001,REminiscence Vita,5559,02/27/2021, 02:18:25,168
SOMO00001,REminiscence Vita,5559,02/27/2021, 03:11:04,168
SOMO00001,REminiscence Vita,5559,02/27/2021, 04:12:33,168
SOMO00001,REminiscence Vita,5559,02/27/2021, 05:09:55,168
SOMO00001,REminiscence Vita,5559,02/27/2021, 06:11:19,168
SOMO00001,REminiscence Vita,5559,02/27/2021, 07:09:50,168
SOMO00001,REminiscence Vita,5559,02/27/2021, 08:11:45,168
SOMO00001,REminiscence Vita,5559,02/27/2021, 09:10:47,168
SOMO00001,REminiscence Vita,5559,02/27/2021, 10:11:20,168
SOMO00001,REminiscence Vita,5559,02/27/2021, 11:09:45,168
SOMO00001,REminiscence Vita,5559,02/27/2021, 12:13:14,168
SOMO00001,REminiscence Vita,5559,02/27/2021, 13:10:54,168
SOMO00001,REminiscence Vita,5559,02/27/2021, 14:09:45,168
SOMO00001,REminiscence Vita,5559,02/27/2021, 15:09:34,168
SOMO00001,REminiscence Vita,5559,02/27/2021, 16:16:22,168
SOMO00001,REminiscence Vita,5559,02/27/2021, 17:25:44,168
SOMO00001,REminiscence Vita,5559,02/27/2021, 18:11:06,168
SOMO00001,REminiscence Vita,5559,02/27/2021, 19:07:41,168
SOMO00001,REminiscence Vita,5559,02/27/2021, 20:10:23,168
SOMO00001,REminiscence Vita,5559,02/27/2021, 21:09:09,168
SOMO00001,REminiscence Vita,5560,02/27/2021, 22:10:47,168
SOMO00001,REminiscence Vita,5560,02/27/2021, 23:10:47,168
SOMO00001,REminiscence Vita,5560,02/28/2021, 00:26:34,168
SOMO00001,REminiscence Vita,5560,02/28/2021, 01:40:05,168
SOMO00001,REminiscence Vita,5560,02/28/2021, 02:21:32,168
SOMO00001,REminiscence Vita,5560,02/28/2021, 03:10:47,168
SOMO00001,REminiscence Vita,5560,02/28/2021, 04:12:31,168
SOMO00001,REminiscence Vita,5560,02/28/2021, 05:10:23,168
SOMO00001,REminiscence Vita,5560,02/28/2021, 06:11:33,168
SOMO00001,REminiscence Vita,5560,02/28/2021, 07:09:33,168
SOMO00001,REminiscence Vita,5560,02/28/2021, 08:12:02,168
SOMO00001,REminiscence Vita,5560,02/28/2021, 09:10:45,168
SOMO00001,REminiscence Vita,5560,02/28/2021, 10:11:29,168
SOMO00001,REminiscence Vita,5560,02/28/2021, 11:09:45,168
SOMO00001,REminiscence Vita,5560,02/28/2021, 12:13:16,168
SOMO00001,REminiscence Vita,5560,02/28/2021, 13:10:39,168
SOMO00001,REminiscence Vita,5560,02/28/2021, 14:09:54,168
SOMO00001,REminiscence Vita,5560,02/28/2021, 15:09:38,168
SOMO00001,REminiscence Vita,5560,02/28/2021, 16:16:16,168
SOMO00001,REminiscence Vita,5560,02/28/2021, 17:25:38,168
SOMO00001,REminiscence Vita,5560,02/28/2021, 18:10:56,168
SOMO00001,REminiscence Vita,5561,02/28/2021, 19:07:50,168
SOMO00001,REminiscence Vita,5561,02/28/2021, 20:10:15,168
SOMO00001,REminiscence Vita,5561,02/28/2021, 21:08:59,168
SOMO00001,REminiscence Vita,5561,02/28/2021, 22:10:39,168
SOMO00001,REminiscence Vita,5561,02/28/2021, 23:10:39,168
SOMO00001,REminiscence Vita,5561,03/01/2021, 00:26:45,168
SOMO00001,REminiscence Vita,5561,03/01/2021, 01:41:28,168
SOMO00001,REminiscence Vita,5561,03/01/2021, 02:23:01,168
SOMO00001,REminiscence Vita,5561,03/01/2021, 03:10:50,168
SOMO00001,REminiscence Vita,5561,03/01/2021, 04:12:54,168
SOMO00001,REminiscence Vita,5561,03/01/2021, 05:10:18,168
SOMO00001,REminiscence Vita,5561,03/01/2021, 06:11:50,168
SOMO00001,REminiscence Vita,5561,03/01/2021, 07:09:55,168
SOMO00001,REminiscence Vita,5561,03/01/2021, 08:12:38,168
SOMO00001,REminiscence Vita,5561,03/01/2021, 09:10:58,168
SOMO00001,REminiscence Vita,5561,03/01/2021, 10:43:51,168
SOMO00001,REminiscence Vita,5561,03/01/2021, 11:16:58,168
SOMO00001,REminiscence Vita,5561,03/01/2021, 12:13:37,168
SOMO00001,REminiscence Vita,5561,03/01/2021, 13:17:11,168
SOMO00001,REminiscence Vita,5561,03/01/2021, 14:10:26,168
SOMO00001,REminiscence Vita,5561,03/01/2021, 15:10:00,168
SOMO00001,REminiscence Vita,5561,03/01/2021, 16:16:25,168
SOMO00001,REminiscence Vita,5561,03/01/2021, 17:26:59,168
SOMO00001,REminiscence Vita,5561,03/01/2021, 18:11:02,168
SOMO00001,REminiscence Vita,5561,03/01/2021, 19:07:51,168
SOMO00001,REminiscence Vita,5561,03/01/2021, 20:10:52,168
SOMO00001,REminiscence Vita,5561,03/01/2021, 21:09:25,168
SOMO00001,REminiscence Vita,5562,03/01/2021, 22:13:59,168
SOMO00001,REminiscence Vita,5562,03/01/2021, 23:10:39,168
SOMO00001,REminiscence Vita,5562,03/02/2021, 00:21:16,168
SOMO00001,REminiscence Vita,5562,03/02/2021, 01:24:14,168
SOMO00001,REminiscence Vita,5562,03/02/2021, 02:11:21,168
SOMO00001,REminiscence Vita,5562,03/02/2021, 03:10:57,168
SOMO00001,REminiscence Vita,5562,03/02/2021, 04:12:43,168
SOMO00001,REminiscence Vita,5562,03/02/2021, 05:10:02,168
SOMO00001,REminiscence Vita,5562,03/02/2021, 06:11:14,168
SOMO00001,REminiscence Vita,5562,03/02/2021, 07:09:57,168
SOMO00001,REminiscence Vita,5562,03/02/2021, 08:12:24,168
SOMO00001,REminiscence Vita,5562,03/02/2021, 09:11:13,168
SOMO00001,REminiscence Vita,5562,03/02/2021, 10:09:49,168
SOMO00001,REminiscence Vita,5562,03/02/2021, 11:08:19,168
SOMO00001,REminiscence Vita,5562,03/02/2021, 12:11:26,168
SOMO00001,REminiscence Vita,5562,03/02/2021, 13:08:41,168
SOMO00001,REminiscence Vita,5562,03/02/2021, 14:09:02,168
SOMO00001,REminiscence Vita,5563,03/02/2021, 15:08:34,168
SOMO00001,REminiscence Vita,5563,03/02/2021, 16:19:40,168
SOMO00001,REminiscence Vita,5564,03/02/2021, 17:30:08,168
SOMO00001,REminiscence Vita,5564,03/02/2021, 18:09:54,168
SOMO00001,REminiscence Vita,5564,03/02/2021, 19:07:08,168
SOMO00001,REminiscence Vita,5564,03/02/2021, 20:10:43,168
SOMO00001,REminiscence Vita,5564,03/02/2021, 21:09:19,168
SOMO00001,REminiscence Vita,5564,03/02/2021, 22:11:19,168
SOMO00001,REminiscence Vita,5564,03/02/2021, 23:11:04,168
SOMO00001,REminiscence Vita,5564,03/03/2021, 00:24:58,168
SOMO00001,REminiscence Vita,5564,03/03/2021, 01:38:41,168
SOMO00001,REminiscence Vita,5564,03/03/2021, 02:20:49,168
SOMO00001,REminiscence Vita,5564,03/03/2021, 03:09:31,168
SOMO00001,REminiscence Vita,5564,03/03/2021, 04:10:58,168
SOMO00001,REminiscence Vita,5564,03/03/2021, 05:10:39,168
SOMO00001,REminiscence Vita,5564,03/03/2021, 06:11:34,168
SOMO00001,REminiscence Vita,5564,03/03/2021, 07:10:13,168
SOMO00001,REminiscence Vita,5564,03/03/2021, 08:12:39,168
SOMO00001,REminiscence Vita,5564,03/03/2021, 09:10:58,168
SOMO00001,REminiscence Vita,5564,03/03/2021, 10:11:54,168
SOMO00001,REminiscence Vita,5564,03/03/2021, 11:09:42,168
SOMO00001,REminiscence Vita,5564,03/03/2021, 12:13:26,168
SOMO00001,REminiscence Vita,5564,03/03/2021, 13:12:45,168
SOMO00001,REminiscence Vita,5564,03/03/2021, 14:11:01,168
SOMO00001,REminiscence Vita,5564,03/03/2021, 15:10:14,168
SOMO00001,REminiscence Vita,5564,03/03/2021, 16:16:29,168
SOMO00001,REminiscence Vita,5564,03/03/2021, 17:27:36,168
SOMO00001,REminiscence Vita,5564,03/03/2021, 18:13:37,168
SOMO00001,REminiscence Vita,5564,03/03/2021, 19:07:35,168
SOMO00001,REminiscence Vita,5564,03/03/2021, 20:11:03,168
SOMO00001,REminiscence Vita,5564,03/03/2021, 21:09:17,168
SOMO00001,REminiscence Vita,5564,03/03/2021, 22:11:09,168
SOMO00001,REminiscence Vita,5564,03/03/2021, 23:10:46,168
SOMO00001,REminiscence Vita,5564,03/04/2021, 00:24:57,168
SOMO00001,REminiscence Vita,5564,03/04/2021, 01:39:18,168
SOMO00001,REminiscence Vita,5565,03/04/2021, 02:21:36,168
SOMO00001,REminiscence Vita,5565,03/04/2021, 03:10:57,168
SOMO00001,REminiscence Vita,5565,03/04/2021, 04:12:44,168
SOMO00001,REminiscence Vita,5565,03/04/2021, 05:09:48,168
SOMO00001,REminiscence Vita,5565,03/04/2021, 06:10:46,168
SOMO00001,REminiscence Vita,5565,03/04/2021, 07:09:35,168
SOMO00001,REminiscence Vita,5565,03/04/2021, 08:12:18,168
SOMO00001,REminiscence Vita,5566,03/04/2021, 09:11:26,168
SOMO00001,REminiscence Vita,5566,03/04/2021, 10:11:45,168
SOMO00001,REminiscence Vita,5566,03/04/2021, 11:09:58,168
SOMO00001,REminiscence Vita,5566,03/04/2021, 12:13:49,168
SOMO00001,REminiscence Vita,5566,03/04/2021, 13:12:44,168
SOMO00001,REminiscence Vita,5566,03/04/2021, 14:10:58,168
SOMO00001,REminiscence Vita,5566,03/04/2021, 15:10:22,168
SOMO00001,REminiscence Vita,5566,03/04/2021, 16:16:42,168
SOMO00001,REminiscence Vita,5566,03/04/2021, 17:25:20,168
SOMO00001,REminiscence Vita,5566,03/04/2021, 18:11:06,168
SOMO00001,REminiscence Vita,5566,03/04/2021, 19:08:17,168
SOMO00001,REminiscence Vita,5566,03/04/2021, 20:11:04,168
SOMO00001,REminiscence Vita,5567,03/04/2021, 21:09:39,168
SOMO00001,REminiscence Vita,5569,03/04/2021, 22:11:29,168
SOMO00001,REminiscence Vita,5569,03/04/2021, 23:10:51,168
SOMO00001,REminiscence Vita,5569,03/05/2021, 00:25:36,168
SOMO00001,REminiscence Vita,5569,03/05/2021, 01:40:35,168
SOMO00001,REminiscence Vita,5569,03/05/2021, 02:22:39,168
SOMO00001,REminiscence Vita,5569,03/05/2021, 03:11:03,168
SOMO00001,REminiscence Vita,5570,03/05/2021, 04:12:58,168
SOMO00001,REminiscence Vita,5570,03/05/2021, 05:09:35,168
SOMO00001,REminiscence Vita,5570,03/05/2021, 06:11:43,168
SOMO00001,REminiscence Vita,5570,03/05/2021, 07:09:51,168
SOMO00001,REminiscence Vita,5570,03/05/2021, 08:13:03,168
SOMO00001,REminiscence Vita,5570,03/05/2021, 09:10:44,168
SOMO00001,REminiscence Vita,5570,03/05/2021, 10:12:04,168
SOMO00001,REminiscence Vita,5570,03/05/2021, 11:09:59,168
SOMO00001,REminiscence Vita,5570,03/05/2021, 12:13:45,168
SOMO00001,REminiscence Vita,5570,03/05/2021, 13:12:41,168
SOMO00001,REminiscence Vita,5570,03/05/2021, 14:10:44,168
SOMO00001,REminiscence Vita,5570,03/05/2021, 15:10:18,168
SOMO00001,REminiscence Vita,5570,03/05/2021, 16:16:35,168
SOMO00001,REminiscence Vita,5570,03/05/2021, 17:27:16,168
SOMO00001,REminiscence Vita,5570,03/05/2021, 18:11:47,168
SOMO00001,REminiscence Vita,5571,03/05/2021, 19:07:38,168
SOMO00001,REminiscence Vita,5571,03/05/2021, 20:10:51,168
SOMO00001,REminiscence Vita,5571,03/05/2021, 21:09:29,168
SOMO00001,REminiscence Vita,5571,03/05/2021, 22:11:18,168
SOMO00001,REminiscence Vita,5571,03/05/2021, 23:11:10,168
SOMO00001,REminiscence Vita,5571,03/06/2021, 00:25:17,168
SOMO00001,REminiscence Vita,5571,03/06/2021, 01:39:19,168
SOMO00001,REminiscence Vita,5571,03/06/2021, 02:22:05,168
SOMO00001,REminiscence Vita,5571,03/06/2021, 03:11:16,168
SOMO00001,REminiscence Vita,5571,03/06/2021, 04:13:04,168
SOMO00001,REminiscence Vita,5571,03/06/2021, 05:09:44,168
SOMO00001,REminiscence Vita,5571,03/06/2021, 06:11:20,168
SOMO00001,REminiscence Vita,5571,03/06/2021, 07:09:46,168
SOMO00001,REminiscence Vita,5571,03/06/2021, 08:12:07,168
SOMO00001,REminiscence Vita,5571,03/06/2021, 09:10:56,168
SOMO00001,REminiscence Vita,5571,03/06/2021, 10:11:53,168
SOMO00001,REminiscence Vita,5571,03/06/2021, 11:09:51,168
SOMO00001,REminiscence Vita,5571,03/06/2021, 12:13:24,168
SOMO00001,REminiscence Vita,5571,03/06/2021, 13:12:20,168
SOMO00001,REminiscence Vita,5571,03/06/2021, 14:10:31,168
SOMO00001,REminiscence Vita,5571,03/06/2021, 15:10:01,168
SOMO00001,REminiscence Vita,5571,03/06/2021, 16:16:31,168
SOMO00001,REminiscence Vita,5571,03/06/2021, 17:26:35,168
SOMO00001,REminiscence Vita,5572,03/06/2021, 18:11:00,168
SOMO00001,REminiscence Vita,5572,03/06/2021, 19:07:37,168
SOMO00001,REminiscence Vita,5572,03/06/2021, 20:10:48,168
SOMO00001,REminiscence Vita,5572,03/06/2021, 21:09:22,168
SOMO00001,REminiscence Vita,5573,03/06/2021, 22:11:03,168
SOMO00001,REminiscence Vita,5573,03/06/2021, 23:10:47,168
SOMO00001,REminiscence Vita,5573,03/07/2021, 00:26:59,168
SOMO00001,REminiscence Vita,5573,03/07/2021, 01:43:00,168
SOMO00001,REminiscence Vita,5573,03/07/2021, 02:24:44,168
SOMO00001,REminiscence Vita,5573,03/07/2021, 03:10:23,168
SOMO00001,REminiscence Vita,5573,03/07/2021, 04:13:12,168
SOMO00001,REminiscence Vita,5573,03/07/2021, 05:09:45,168
SOMO00001,REminiscence Vita,5573,03/07/2021, 06:11:29,168
SOMO00001,REminiscence Vita,5573,03/07/2021, 07:09:40,168
SOMO00001,REminiscence Vita,5573,03/07/2021, 08:12:14,168
SOMO00001,REminiscence Vita,5573,03/07/2021, 09:10:55,168
SOMO00001,REminiscence Vita,5573,03/07/2021, 10:11:53,168
SOMO00001,REminiscence Vita,5573,03/07/2021, 11:09:42,168
SOMO00001,REminiscence Vita,5573,03/07/2021, 12:13:33,168
SOMO00001,REminiscence Vita,5574,03/07/2021, 13:12:11,168
SOMO00001,REminiscence Vita,5574,03/07/2021, 14:10:19,168
SOMO00001,REminiscence Vita,5574,03/07/2021, 15:09:49,168
SOMO00001,REminiscence Vita,5575,03/07/2021, 16:16:21,168
SOMO00001,REminiscence Vita,5576,03/07/2021, 17:26:20,168
SOMO00001,REminiscence Vita,5576,03/07/2021, 18:11:00,168
SOMO00001,REminiscence Vita,5576,03/07/2021, 19:07:46,168
SOMO00001,REminiscence Vita,5576,03/07/2021, 20:10:37,168
SOMO00001,REminiscence Vita,5576,03/07/2021, 21:09:28,168
SOMO00001,REminiscence Vita,5576,03/07/2021, 22:11:01,168
SOMO00001,REminiscence Vita,5576,03/07/2021, 23:10:48,168
SOMO00001,REminiscence Vita,5576,03/08/2021, 00:26:05,168
SOMO00001,REminiscence Vita,5576,03/08/2021, 01:41:53,168
SOMO00001,REminiscence Vita,5576,03/08/2021, 02:25:05,168
SOMO00001,REminiscence Vita,5576,03/08/2021, 03:10:19,168
SOMO00001,REminiscence Vita,5576,03/08/2021, 04:13:01,168
SOMO00001,REminiscence Vita,5577,03/08/2021, 05:09:56,168
SOMO00001,REminiscence Vita,5577,03/08/2021, 06:11:49,168
SOMO00001,REminiscence Vita,5577,03/08/2021, 07:09:43,168
SOMO00001,REminiscence Vita,5577,03/08/2021, 08:12:52,168
SOMO00001,REminiscence Vita,5577,03/08/2021, 09:10:53,168
SOMO00001,REminiscence Vita,5577,03/08/2021, 10:11:54,168
SOMO00001,REminiscence Vita,5577,03/08/2021, 11:09:56,168
SOMO00001,REminiscence Vita,5577,03/08/2021, 12:13:55,168
SOMO00001,REminiscence Vita,5577,03/08/2021, 13:13:29,168
SOMO00001,REminiscence Vita,5577,03/08/2021, 14:10:57,168
SOMO00001,REminiscence Vita,5577,03/08/2021, 15:10:11,168
SOMO00001,REminiscence Vita,5577,03/08/2021, 16:16:45,168
SOMO00001,REminiscence Vita,5577,03/08/2021, 17:27:59,168
SOMO00001,REminiscence Vita,5577,03/08/2021, 18:13:00,168
SOMO00001,REminiscence Vita,5577,03/08/2021, 19:08:09,168
SOMO00001,REminiscence Vita,5577,03/08/2021, 20:11:30,168
SOMO00001,REminiscence Vita,5577,03/08/2021, 21:09:42,168
SOMO00001,REminiscence Vita,5577,03/08/2021, 22:11:11,168
SOMO00001,REminiscence Vita,5578,03/08/2021, 23:11:11,168
SOMO00001,REminiscence Vita,5578,03/09/2021, 00:25:48,168
SOMO00001,REminiscence Vita,5578,03/09/2021, 01:40:56,168
SOMO00001,REminiscence Vita,5578,03/09/2021, 02:24:31,168
SOMO00001,REminiscence Vita,5578,03/09/2021, 03:10:27,168
SOMO00001,REminiscence Vita,5578,03/09/2021, 04:13:13,168
SOMO00001,REminiscence Vita,5578,03/09/2021, 05:10:35,168
SOMO00001,REminiscence Vita,5578,03/09/2021, 06:11:41,168
SOMO00001,REminiscence Vita,5578,03/09/2021, 07:09:55,168
SOMO00001,REminiscence Vita,5578,03/09/2021, 08:13:09,168
SOMO00001,REminiscence Vita,5578,03/09/2021, 09:15:46,168
SOMO00001,REminiscence Vita,5578,03/09/2021, 10:17:10,168
SOMO00001,REminiscence Vita,5578,03/09/2021, 11:14:46,168
SOMO00001,REminiscence Vita,5578,03/09/2021, 12:18:46,168
SOMO00001,REminiscence Vita,5578,03/09/2021, 13:18:49,168
SOMO00001,REminiscence Vita,5578,03/09/2021, 14:15:53,168
SOMO00001,REminiscence Vita,5579,03/09/2021, 15:20:10,168
SOMO00001,REminiscence Vita,5579,03/09/2021, 17:42:31,168
SOMO00001,REminiscence Vita,5579,03/09/2021, 18:29:09,168
SOMO00001,REminiscence Vita,5579,03/09/2021, 19:11:53,168
SOMO00001,REminiscence Vita,5579,03/09/2021, 20:11:18,168
SOMO00001,REminiscence Vita,5579,03/09/2021, 21:09:36,168
SOMO00001,REminiscence Vita,5579,03/09/2021, 22:13:11,168
SOMO00001,REminiscence Vita,5579,03/09/2021, 23:11:01,168
SOMO00001,REminiscence Vita,5579,03/10/2021, 00:25:46,168
SOMO00001,REminiscence Vita,5579,03/10/2021, 01:41:28,168
SOMO00001,REminiscence Vita,5579,03/10/2021, 02:25:27,168
SOMO00001,REminiscence Vita,5579,03/10/2021, 03:09:58,168
SOMO00001,REminiscence Vita,5579,03/10/2021, 04:11:15,168
SOMO00001,REminiscence Vita,5579,03/10/2021, 05:10:41,168
SOMO00001,REminiscence Vita,5579,03/10/2021, 06:11:53,168
SOMO00001,REminiscence Vita,5579,03/10/2021, 07:10:05,168
SOMO00001,REminiscence Vita,5579,03/10/2021, 08:12:31,168
SOMO00001,REminiscence Vita,5579,03/10/2021, 09:11:12,168
SOMO00001,REminiscence Vita,5579,03/10/2021, 10:12:01,168
SOMO00001,REminiscence Vita,5579,03/10/2021, 11:10:07,168
SOMO00001,REminiscence Vita,5579,03/10/2021, 12:14:22,168
SOMO00001,REminiscence Vita,5579,03/10/2021, 13:13:51,168
SOMO00001,REminiscence Vita,5579,03/10/2021, 14:15:54,168
SOMO00001,REminiscence Vita,5579,03/10/2021, 15:14:53,168
SOMO00001,REminiscence Vita,5579,03/10/2021, 16:22:20,168
SOMO00001,REminiscence Vita,5579,03/10/2021, 17:32:54,168
SOMO00001,REminiscence Vita,5579,03/10/2021, 18:17:51,168
SOMO00001,REminiscence Vita,5579,03/10/2021, 19:12:54,168
SOMO00001,REminiscence Vita,5579,03/10/2021, 20:15:44,168
SOMO00001,REminiscence Vita,5580,03/10/2021, 21:09:33,168
SOMO00001,REminiscence Vita,5580,03/10/2021, 22:11:20,168
SOMO00001,REminiscence Vita,5581,03/10/2021, 23:10:00,168
SOMO00001,REminiscence Vita,5581,03/11/2021, 00:25:39,168
SOMO00001,REminiscence Vita,5581,03/11/2021, 01:42:17,168
SOMO00001,REminiscence Vita,5581,03/11/2021, 02:24:26,168
SOMO00001,REminiscence Vita,5581,03/11/2021, 03:10:38,168
SOMO00001,REminiscence Vita,5581,03/11/2021, 04:14:19,168
SOMO00001,REminiscence Vita,5581,03/11/2021, 05:10:48,168
SOMO00001,REminiscence Vita,5581,03/11/2021, 06:12:00,168
SOMO00001,REminiscence Vita,5581,03/11/2021, 07:10:50,168
SOMO00001,REminiscence Vita,5581,03/11/2021, 08:12:40,168
SOMO00001,REminiscence Vita,5581,03/11/2021, 09:11:32,168
SOMO00001,REminiscence Vita,5581,03/11/2021, 10:11:58,168
SOMO00001,REminiscence Vita,5581,03/11/2021, 11:10:05,168
SOMO00001,REminiscence Vita,5581,03/11/2021, 12:14:06,168
SOMO00001,REminiscence Vita,5581,03/11/2021, 13:19:58,168
SOMO00001,REminiscence Vita,5581,03/11/2021, 14:15:55,168
SOMO00001,REminiscence Vita,5581,03/11/2021, 15:15:09,168
SOMO00001,REminiscence Vita,5581,03/11/2021, 16:21:49,168
SOMO00001,REminiscence Vita,5581,03/11/2021, 17:33:51,168
SOMO00001,REminiscence Vita,5581,03/11/2021, 18:18:51,168
SOMO00001,REminiscence Vita,5581,03/11/2021, 19:13:03,168
SOMO00001,REminiscence Vita,5581,03/11/2021, 20:11:28,168
SOMO00001,REminiscence Vita,5581,03/11/2021, 21:09:55,168
SOMO00001,REminiscence Vita,5581,03/11/2021, 22:11:28,168
SOMO00001,REminiscence Vita,5581,03/11/2021, 23:10:56,168
SOMO00001,REminiscence Vita,5581,03/12/2021, 00:26:09,168
SOMO00001,REminiscence Vita,5581,03/12/2021, 01:43:01,168
SOMO00001,REminiscence Vita,5582,03/12/2021, 02:26:56,168
SOMO00001,REminiscence Vita,5582,03/12/2021, 03:11:58,168
SOMO00001,REminiscence Vita,5582,03/12/2021, 04:13:08,168
SOMO00001,REminiscence Vita,5582,03/12/2021, 05:11:26,168
SOMO00001,REminiscence Vita,5582,03/12/2021, 06:12:01,168
SOMO00001,REminiscence Vita,5582,03/12/2021, 07:09:39,168
SOMO00001,REminiscence Vita,5582,03/12/2021, 08:13:26,168
SOMO00001,REminiscence Vita,5582,03/12/2021, 09:14:50,168
SOMO00001,REminiscence Vita,5582,03/12/2021, 10:16:57,168
SOMO00001,REminiscence Vita,5582,03/12/2021, 11:14:58,168
SOMO00001,REminiscence Vita,5582,03/12/2021, 12:18:47,168
SOMO00001,REminiscence Vita,5582,03/12/2021, 13:18:53,168
SOMO00001,REminiscence Vita,5582,03/12/2021, 14:15:59,168
SOMO00001,REminiscence Vita,5582,03/12/2021, 15:15:04,168
SOMO00001,REminiscence Vita,5583,03/12/2021, 16:21:51,168
SOMO00001,REminiscence Vita,5583,03/12/2021, 17:29:05,168
SOMO00001,REminiscence Vita,5583,03/12/2021, 18:13:24,168
SOMO00001,REminiscence Vita,5584,03/12/2021, 19:27:47,168
SOMO00001,REminiscence Vita,5584,03/12/2021, 20:11:35,168
SOMO00001,REminiscence Vita,5584,03/12/2021, 21:09:18,168
SOMO00001,REminiscence Vita,5584,03/12/2021, 22:11:34,168
SOMO00001,REminiscence Vita,5584,03/12/2021, 23:11:09,168
SOMO00001,REminiscence Vita,5584,03/13/2021, 00:25:49,168
SOMO00001,REminiscence Vita,5585,03/13/2021, 01:41:34,168
SOMO00001,REminiscence Vita,5585,03/13/2021, 02:26:00,168
SOMO00001,REminiscence Vita,5585,03/13/2021, 03:11:17,168
SOMO00001,REminiscence Vita,5585,03/13/2021, 04:13:06,168
SOMO00001,REminiscence Vita,5585,03/13/2021, 05:10:46,168
SOMO00001,REminiscence Vita,5585,03/13/2021, 06:11:43,168
SOMO00001,REminiscence Vita,5585,03/13/2021, 07:09:53,168
SOMO00001,REminiscence Vita,5585,03/13/2021, 08:12:12,168
SOMO00001,REminiscence Vita,5585,03/13/2021, 09:10:55,168
SOMO00001,REminiscence Vita,5585,03/13/2021, 10:11:40,168
SOMO00001,REminiscence Vita,5586,03/13/2021, 11:10:08,168
SOMO00001,REminiscence Vita,5586,03/13/2021, 12:13:53,168
SOMO00001,REminiscence Vita,5586,03/13/2021, 13:13:37,168
SOMO00001,REminiscence Vita,5586,03/13/2021, 14:10:42,168
SOMO00001,REminiscence Vita,5586,03/13/2021, 15:10:16,168
SOMO00001,REminiscence Vita,5586,03/13/2021, 16:16:41,168
SOMO00001,REminiscence Vita,5587,03/13/2021, 17:28:23,168
SOMO00001,REminiscence Vita,5587,03/13/2021, 18:12:30,168
SOMO00001,REminiscence Vita,5587,03/13/2021, 19:07:34,168
SOMO00001,REminiscence Vita,5587,03/13/2021, 20:11:03,168
SOMO00001,REminiscence Vita,5587,03/13/2021, 21:09:33,168
SOMO00001,REminiscence Vita,5587,03/13/2021, 22:11:08,168
SOMO00001,REminiscence Vita,5587,03/13/2021, 23:10:55,168
SOMO00001,REminiscence Vita,5587,03/14/2021, 00:27:19,168
SOMO00001,REminiscence Vita,5587,03/14/2021, 01:45:09,168
SOMO00001,REminiscence Vita,5587,03/14/2021, 02:26:09,168
SOMO00001,REminiscence Vita,5587,03/14/2021, 03:11:27,168
SOMO00001,REminiscence Vita,5587,03/14/2021, 04:13:06,168
SOMO00001,REminiscence Vita,5587,03/14/2021, 05:10:56,168
SOMO00001,REminiscence Vita,5587,03/14/2021, 06:11:53,168
SOMO00001,REminiscence Vita,5587,03/14/2021, 07:10:09,168
SOMO00001,REminiscence Vita,5587,03/14/2021, 08:12:28,168
SOMO00001,REminiscence Vita,5587,03/14/2021, 09:11:13,168
SOMO00001,REminiscence Vita,5587,03/14/2021, 10:11:51,168
SOMO00001,REminiscence Vita,5587,03/14/2021, 11:10:04,168
SOMO00001,REminiscence Vita,5587,03/14/2021, 12:13:56,168
SOMO00001,REminiscence Vita,5587,03/14/2021, 13:13:35,168
SOMO00001,REminiscence Vita,5587,03/14/2021, 14:10:48,168
SOMO00001,REminiscence Vita,5587,03/14/2021, 15:10:30,168
SOMO00001,REminiscence Vita,5587,03/14/2021, 16:16:37,168
SOMO00001,REminiscence Vita,5587,03/14/2021, 17:28:11,168
SOMO00001,REminiscence Vita,5587,03/14/2021, 18:11:20,168
SOMO00001,REminiscence Vita,5587,03/14/2021, 19:08:02,168
SOMO00001,REminiscence Vita,5587,03/14/2021, 20:11:02,168
SOMO00001,REminiscence Vita,5587,03/14/2021, 21:09:26,168
SOMO00001,REminiscence Vita,5587,03/14/2021, 22:11:17,168
SOMO00001,REminiscence Vita,5587,03/14/2021, 23:10:33,168
SOMO00001,REminiscence Vita,5587,03/15/2021, 00:26:23,168
SOMO00001,REminiscence Vita,5587,03/15/2021, 01:43:29,168
SOMO00001,REminiscence Vita,5587,03/15/2021, 02:26:41,168
SOMO00001,REminiscence Vita,5587,03/15/2021, 03:11:12,168
SOMO00001,REminiscence Vita,5587,03/15/2021, 04:13:15,168
SOMO00001,REminiscence Vita,5587,03/15/2021, 05:10:29,168
SOMO00001,REminiscence Vita,5587,03/15/2021, 06:11:49,168
SOMO00001,REminiscence Vita,5587,03/15/2021, 07:09:44,168
SOMO00001,REminiscence Vita,5587,03/15/2021, 08:13:05,168
SOMO00001,REminiscence Vita,5587,03/15/2021, 09:16:02,168
SOMO00001,REminiscence Vita,5587,03/15/2021, 10:16:59,168
SOMO00001,REminiscence Vita,5587,03/15/2021, 11:14:52,168
SOMO00001,REminiscence Vita,5587,03/15/2021, 12:18:55,168
SOMO00001,REminiscence Vita,5587,03/15/2021, 13:18:01,168
SOMO00001,REminiscence Vita,5587,03/15/2021, 14:15:55,168
SOMO00001,REminiscence Vita,5587,03/15/2021, 15:15:09,168
SOMO00001,REminiscence Vita,5587,03/15/2021, 16:22:04,168
SOMO00001,REminiscence Vita,5587,03/15/2021, 17:32:35,168
SOMO00001,REminiscence Vita,5587,03/15/2021, 18:16:04,168
SOMO00001,REminiscence Vita,5587,03/15/2021, 19:13:06,168
SOMO00001,REminiscence Vita,5587,03/15/2021, 21:28:20,168
SOMO00001,REminiscence Vita,5587,03/15/2021, 22:21:40,168
SOMO00001,REminiscence Vita,5587,03/15/2021, 23:16:11,168
SOMO00001,REminiscence Vita,5588,03/16/2021, 00:25:33,168
SOMO00001,REminiscence Vita,5588,03/16/2021, 01:41:43,168
SOMO00001,REminiscence Vita,5588,03/16/2021, 02:25:59,168
SOMO00001,REminiscence Vita,5588,03/16/2021, 03:10:25,168
SOMO00001,REminiscence Vita,5588,03/16/2021, 04:13:09,168
SOMO00001,REminiscence Vita,5588,03/16/2021, 05:10:39,168
SOMO00001,REminiscence Vita,5588,03/16/2021, 06:11:38,168
SOMO00001,REminiscence Vita,5588,03/16/2021, 07:09:39,168
SOMO00001,REminiscence Vita,5588,03/16/2021, 08:12:25,168
SOMO00001,REminiscence Vita,5588,03/16/2021, 09:09:55,168
SOMO00001,REminiscence Vita,5588,03/16/2021, 10:12:21,168
SOMO00001,REminiscence Vita,5588,03/16/2021, 11:10:11,168
SOMO00001,REminiscence Vita,5588,03/16/2021, 12:18:55,168
SOMO00001,REminiscence Vita,5588,03/16/2021, 13:19:03,168
SOMO00001,REminiscence Vita,5588,03/16/2021, 14:16:09,168
SOMO00001,REminiscence Vita,5588,03/16/2021, 15:16:24,168
SOMO00001,REminiscence Vita,5588,03/16/2021, 16:21:49,168
SOMO00001,REminiscence Vita,5588,03/16/2021, 17:29:08,168
SOMO00001,REminiscence Vita,5588,03/16/2021, 18:13:13,168
SOMO00001,REminiscence Vita,5588,03/16/2021, 19:08:33,168
SOMO00001,REminiscence Vita,5588,03/16/2021, 20:11:22,168
SOMO00001,REminiscence Vita,5588,03/16/2021, 21:09:56,168
SOMO00001,REminiscence Vita,5588,03/16/2021, 22:11:40,168
SOMO00001,REminiscence Vita,5588,03/16/2021, 23:10:42,168
SOMO00001,REminiscence Vita,5588,03/17/2021, 00:26:23,168
SOMO00001,REminiscence Vita,5588,03/17/2021, 01:43:37,168
SOMO00001,REminiscence Vita,5588,03/17/2021, 02:27:54,168
SOMO00001,REminiscence Vita,5589,03/17/2021, 03:12:14,168
SOMO00001,REminiscence Vita,5589,03/17/2021, 04:13:04,168
SOMO00001,REminiscence Vita,5589,03/17/2021, 05:11:13,168
SOMO00001,REminiscence Vita,5589,03/17/2021, 06:11:59,168
SOMO00001,REminiscence Vita,5589,03/17/2021, 07:09:47,168
SOMO00001,REminiscence Vita,5589,03/17/2021, 08:12:32,168
SOMO00001,REminiscence Vita,5589,03/17/2021, 09:11:17,168
SOMO00001,REminiscence Vita,5589,03/17/2021, 10:11:53,168
SOMO00001,REminiscence Vita,5589,03/17/2021, 11:10:15,168
SOMO00001,REminiscence Vita,5589,03/17/2021, 12:16:05,168
SOMO00001,REminiscence Vita,5589,03/17/2021, 13:18:58,168
SOMO00001,REminiscence Vita,5589,03/17/2021, 14:16:21,168
SOMO00001,REminiscence Vita,5589,03/17/2021, 15:16:53,168
SOMO00001,REminiscence Vita,5589,03/17/2021, 16:22:20,168
SOMO00001,REminiscence Vita,5589,03/17/2021, 17:28:26,168
SOMO00001,REminiscence Vita,5590,03/17/2021, 18:12:25,168
SOMO00001,REminiscence Vita,5590,03/17/2021, 19:07:49,168
SOMO00001,REminiscence Vita,5590,03/17/2021, 20:11:34,168
SOMO00001,REminiscence Vita,5590,03/17/2021, 21:09:59,168
SOMO00001,REminiscence Vita,5590,03/17/2021, 22:11:49,168
SOMO00001,REminiscence Vita,5590,03/17/2021, 23:10:52,168
SOMO00001,REminiscence Vita,5590,03/18/2021, 00:26:15,168
SOMO00001,REminiscence Vita,5590,03/18/2021, 01:43:43,168
SOMO00001,REminiscence Vita,5590,03/18/2021, 02:27:07,168
SOMO00001,REminiscence Vita,5590,03/18/2021, 03:11:01,168
SOMO00001,REminiscence Vita,5590,03/18/2021, 04:13:19,168
SOMO00001,REminiscence Vita,5590,03/18/2021, 05:11:38,168
SOMO00001,REminiscence Vita,5590,03/18/2021, 06:12:14,168
SOMO00001,REminiscence Vita,5590,03/18/2021, 07:09:25,168
SOMO00001,REminiscence Vita,5590,03/18/2021, 08:12:47,168
SOMO00001,REminiscence Vita,5590,03/18/2021, 09:16:04,168
SOMO00001,REminiscence Vita,5590,03/18/2021, 10:17:01,168
SOMO00001,REminiscence Vita,5590,03/18/2021, 11:14:52,168
SOMO00001,REminiscence Vita,5590,03/18/2021, 12:18:19,168
SOMO00001,REminiscence Vita,5590,03/18/2021, 13:18:55,168
SOMO00001,REminiscence Vita,5590,03/18/2021, 14:15:54,168
SOMO00001,REminiscence Vita,5590,03/18/2021, 15:10:43,168
SOMO00001,REminiscence Vita,5590,03/18/2021, 16:17:09,168
SOMO00001,REminiscence Vita,5590,03/18/2021, 17:29:19,168
SOMO00001,REminiscence Vita,5590,03/18/2021, 18:13:16,168
SOMO00001,REminiscence Vita,5590,03/18/2021, 19:08:04,168
SOMO00001,REminiscence Vita,5590,03/18/2021, 20:11:28,168
SOMO00001,REminiscence Vita,5590,03/18/2021, 21:10:07,168
SOMO00001,REminiscence Vita,5591,03/18/2021, 22:11:44,168
SOMO00001,REminiscence Vita,5591,03/18/2021, 23:11:00,168
SOMO00001,REminiscence Vita,5591,03/19/2021, 00:26:50,168
SOMO00001,REminiscence Vita,5591,03/19/2021, 01:45:00,168
SOMO00001,REminiscence Vita,5591,03/19/2021, 02:28:29,168
SOMO00001,REminiscence Vita,5591,03/19/2021, 03:13:09,168
SOMO00001,REminiscence Vita,5591,03/19/2021, 04:13:20,168
SOMO00001,REminiscence Vita,5591,03/19/2021, 05:11:49,168
SOMO00001,REminiscence Vita,5591,03/19/2021, 06:12:01,168
SOMO00001,REminiscence Vita,5591,03/19/2021, 07:09:36,168
SOMO00001,REminiscence Vita,5591,03/19/2021, 08:13:43,168
SOMO00001,REminiscence Vita,5591,03/19/2021, 09:11:11,168
SOMO00001,REminiscence Vita,5591,03/19/2021, 10:16:52,168
SOMO00001,REminiscence Vita,5591,03/19/2021, 11:11:41,168
SOMO00001,REminiscence Vita,5591,03/19/2021, 12:14:34,168
SOMO00001,REminiscence Vita,5591,03/19/2021, 13:20:05,168
SOMO00001,REminiscence Vita,5591,03/19/2021, 14:15:56,168
SOMO00001,REminiscence Vita,5591,03/19/2021, 15:15:58,168
SOMO00001,REminiscence Vita,5591,03/19/2021, 16:17:39,168
SOMO00001,REminiscence Vita,5591,03/19/2021, 17:30:35,168
SOMO00001,REminiscence Vita,5591,03/19/2021, 18:14:34,168
SOMO00001,REminiscence Vita,5591,03/19/2021, 19:08:44,168
SOMO00001,REminiscence Vita,5591,03/19/2021, 20:11:31,168
SOMO00001,REminiscence Vita,5591,03/19/2021, 21:10:07,168
SOMO00001,REminiscence Vita,5592,03/19/2021, 22:11:53,168
SOMO00001,REminiscence Vita,5592,03/19/2021, 23:10:59,168
SOMO00001,REminiscence Vita,5593,03/20/2021, 00:26:13,168
SOMO00001,REminiscence Vita,5593,03/20/2021, 01:43:46,168
SOMO00001,REminiscence Vita,5593,03/20/2021, 02:28:17,168
SOMO00001,REminiscence Vita,5593,03/20/2021, 03:12:59,168
SOMO00001,REminiscence Vita,5593,03/20/2021, 04:13:26,168
SOMO00001,REminiscence Vita,5593,03/20/2021, 05:12:09,168
SOMO00001,REminiscence Vita,5593,03/20/2021, 06:11:38,168
SOMO00001,REminiscence Vita,5593,03/20/2021, 07:10:03,168
SOMO00001,REminiscence Vita,5593,03/20/2021, 08:12:29,168
SOMO00001,REminiscence Vita,5593,03/20/2021, 09:11:30,168
SOMO00001,REminiscence Vita,5593,03/20/2021, 10:12:08,168
SOMO00001,REminiscence Vita,5593,03/20/2021, 11:10:06,168
SOMO00001,REminiscence Vita,5593,03/20/2021, 12:14:21,168
SOMO00001,REminiscence Vita,5593,03/20/2021, 13:14:07,168
SOMO00001,REminiscence Vita,5593,03/20/2021, 14:10:54,168
SOMO00001,REminiscence Vita,5593,03/20/2021, 15:10:42,168
SOMO00001,REminiscence Vita,5593,03/20/2021, 16:17:38,168
SOMO00001,REminiscence Vita,5593,03/20/2021, 17:31:20,168
SOMO00001,REminiscence Vita,5593,03/20/2021, 18:14:30,168
SOMO00001,REminiscence Vita,5594,03/20/2021, 19:08:09,168
SOMO00001,REminiscence Vita,5594,03/20/2021, 20:11:20,168
SOMO00001,REminiscence Vita,5594,03/20/2021, 21:10:06,168
SOMO00001,REminiscence Vita,5594,03/20/2021, 22:11:38,168
SOMO00001,REminiscence Vita,5594,03/20/2021, 23:10:59,168
SOMO00001,REminiscence Vita,5594,03/21/2021, 00:28:00,168
SOMO00001,REminiscence Vita,5594,03/21/2021, 01:47:44,168
SOMO00001,REminiscence Vita,5594,03/21/2021, 02:28:16,168
SOMO00001,REminiscence Vita,5594,03/21/2021, 03:12:33,168
SOMO00001,REminiscence Vita,5594,03/21/2021, 04:13:24,168
SOMO00001,REminiscence Vita,5594,03/21/2021, 05:12:50,168
SOMO00001,REminiscence Vita,5594,03/21/2021, 06:11:35,168
SOMO00001,REminiscence Vita,5594,03/21/2021, 07:10:02,168
SOMO00001,REminiscence Vita,5594,03/21/2021, 08:12:39,168
SOMO00001,REminiscence Vita,5594,03/21/2021, 09:11:31,168
SOMO00001,REminiscence Vita,5594,03/21/2021, 10:12:02,168
SOMO00001,REminiscence Vita,5594,03/21/2021, 11:15:26,168
SOMO00001,REminiscence Vita,5594,03/21/2021, 12:18:56,168
SOMO00001,REminiscence Vita,5594,03/21/2021, 13:14:54,168
SOMO00001,REminiscence Vita,5594,03/21/2021, 14:11:03,168
SOMO00001,REminiscence Vita,5594,03/21/2021, 15:11:00,168
SOMO00001,REminiscence Vita,5594,03/21/2021, 16:17:38,168
SOMO00001,REminiscence Vita,5594,03/21/2021, 17:31:57,168
SOMO00001,REminiscence Vita,5594,03/21/2021, 18:19:53,168
SOMO00001,REminiscence Vita,5594,03/21/2021, 19:12:50,168
SOMO00001,REminiscence Vita,5595,03/21/2021, 20:12:03,168
SOMO00001,REminiscence Vita,5595,03/21/2021, 21:09:45,168
SOMO00001,REminiscence Vita,5595,03/21/2021, 22:11:49,168
SOMO00001,REminiscence Vita,5595,03/21/2021, 23:11:11,168
SOMO00001,REminiscence Vita,5595,03/22/2021, 00:26:54,168
SOMO00001,REminiscence Vita,5595,03/22/2021, 01:46:50,168
SOMO00001,REminiscence Vita,5595,03/22/2021, 02:31:22,168
SOMO00001,REminiscence Vita,5595,03/22/2021, 03:18:51,168
SOMO00001,REminiscence Vita,5595,03/22/2021, 04:17:54,168
SOMO00001,REminiscence Vita,5595,03/22/2021, 05:18:47,168
SOMO00001,REminiscence Vita,5595,03/22/2021, 06:16:50,168
SOMO00001,REminiscence Vita,5595,03/22/2021, 07:14:52,168
SOMO00001,REminiscence Vita,5595,03/22/2021, 08:17:54,168
SOMO00001,REminiscence Vita,5595,03/22/2021, 09:16:05,168
SOMO00001,REminiscence Vita,5595,03/22/2021, 10:16:57,168
SOMO00001,REminiscence Vita,5595,03/22/2021, 11:10:11,168
SOMO00001,REminiscence Vita,5595,03/22/2021, 12:14:53,168
SOMO00001,REminiscence Vita,5595,03/22/2021, 13:17:25,168
SOMO00001,REminiscence Vita,5595,03/22/2021, 14:11:05,168
SOMO00001,REminiscence Vita,5595,03/22/2021, 15:11:01,168
SOMO00001,REminiscence Vita,5595,03/22/2021, 16:18:04,168
SOMO00001,REminiscence Vita,5596,03/22/2021, 17:32:26,168
SOMO00001,REminiscence Vita,5596,03/22/2021, 18:15:51,168
SOMO00001,REminiscence Vita,5596,03/22/2021, 19:09:45,168
SOMO00001,REminiscence Vita,5596,03/22/2021, 20:12:04,168
SOMO00001,REminiscence Vita,5596,03/22/2021, 21:10:20,168
SOMO00001,REminiscence Vita,5596,03/22/2021, 22:12:24,168
SOMO00001,REminiscence Vita,5596,03/22/2021, 23:11:07,168
SOMO00001,REminiscence Vita,5596,03/23/2021, 00:26:31,168
SOMO00001,REminiscence Vita,5596,03/23/2021, 01:46:05,168
SOMO00001,REminiscence Vita,5596,03/23/2021, 02:30:05,168
SOMO00001,REminiscence Vita,5596,03/23/2021, 03:14:29,168
SOMO00001,REminiscence Vita,5596,03/23/2021, 04:13:08,168
SOMO00001,REminiscence Vita,5596,03/23/2021, 05:13:32,168
SOMO00001,REminiscence Vita,5596,03/23/2021, 06:12:03,168
SOMO00001,REminiscence Vita,5596,03/23/2021, 07:10:28,168
SOMO00001,REminiscence Vita,5596,03/23/2021, 08:13:22,168
SOMO00001,REminiscence Vita,5596,03/23/2021, 09:11:40,168
SOMO00001,REminiscence Vita,5596,03/23/2021, 10:12:02,168
SOMO00001,REminiscence Vita,5596,03/23/2021, 11:10:16,168
SOMO00001,REminiscence Vita,5596,03/23/2021, 12:19:58,168
SOMO00001,REminiscence Vita,5596,03/23/2021, 13:22:53,168
SOMO00001,REminiscence Vita,5596,03/23/2021, 14:16:06,168
SOMO00001,REminiscence Vita,5596,03/23/2021, 15:11:43,168
SOMO00001,REminiscence Vita,5596,03/23/2021, 16:16:59,168
SOMO00001,REminiscence Vita,5596,03/23/2021, 17:34:37,168
SOMO00001,REminiscence Vita,5596,03/23/2021, 18:14:37,168
SOMO00001,REminiscence Vita,5596,03/23/2021, 19:09:32,168
SOMO00001,REminiscence Vita,5596,03/23/2021, 20:12:21,168
SOMO00001,REminiscence Vita,5598,03/23/2021, 21:10:15,168
SOMO00001,REminiscence Vita,5598,03/23/2021, 22:12:25,168
SOMO00001,REminiscence Vita,5598,03/23/2021, 23:11:54,168
SOMO00001,REminiscence Vita,5598,03/24/2021, 00:26:56,168
SOMO00001,REminiscence Vita,5598,03/24/2021, 01:47:46,168
SOMO00001,REminiscence Vita,5598,03/24/2021, 02:31:04,168
SOMO00001,REminiscence Vita,5598,03/24/2021, 03:14:35,168
SOMO00001,REminiscence Vita,5598,03/24/2021, 04:23:06,168
SOMO00001,REminiscence Vita,5598,03/24/2021, 05:28:25,168
SOMO00001,REminiscence Vita,5598,03/24/2021, 06:20:03,168
SOMO00001,REminiscence Vita,5598,03/24/2021, 07:23:31,168
SOMO00001,REminiscence Vita,5598,03/24/2021, 08:21:32,168
SOMO00001,REminiscence Vita,5598,03/24/2021, 09:27:10,168
SOMO00001,REminiscence Vita,5598,03/24/2021, 10:27:18,168
SOMO00001,REminiscence Vita,5598,03/24/2021, 11:24:08,168
SOMO00001,REminiscence Vita,5598,03/24/2021, 12:30:59,168
SOMO00001,REminiscence Vita,5598,03/24/2021, 13:31:09,168
SOMO00001,REminiscence Vita,5598,03/24/2021, 14:18:28,168
SOMO00001,REminiscence Vita,5598,03/24/2021, 15:18:31,168
SOMO00001,REminiscence Vita,5598,03/24/2021, 16:35:14,168
SOMO00001,REminiscence Vita,5598,03/24/2021, 18:00:16,168
SOMO00001,REminiscence Vita,5598,03/24/2021, 18:46:59,168
SOMO00001,REminiscence Vita,5598,03/24/2021, 19:26:05,168
SOMO00001,REminiscence Vita,5598,03/24/2021, 20:19:18,168
SOMO00001,REminiscence Vita,5598,03/24/2021, 21:16:26,168
SOMO00001,REminiscence Vita,5598,03/24/2021, 22:18:36,168
SOMO00001,REminiscence Vita,5598,03/24/2021, 23:21:00,168
SOMO00001,REminiscence Vita,5598,03/25/2021, 00:56:53,168
SOMO00001,REminiscence Vita,5598,03/25/2021, 02:27:34,168
SOMO00001,REminiscence Vita,5598,03/25/2021, 03:29:26,168
SOMO00001,REminiscence Vita,5598,03/25/2021, 04:26:09,168
SOMO00001,REminiscence Vita,5599,03/25/2021, 05:27:16,168
SOMO00001,REminiscence Vita,5599,03/25/2021, 06:19:36,168
SOMO00001,REminiscence Vita,5599,03/25/2021, 07:18:02,168
SOMO00001,REminiscence Vita,5599,03/25/2021, 08:19:52,168
SOMO00001,REminiscence Vita,5599,03/25/2021, 09:17:47,168
SOMO00001,REminiscence Vita,5599,03/25/2021, 10:18:10,168
SOMO00001,REminiscence Vita,5599,03/25/2021, 11:10:39,168
SOMO00001,REminiscence Vita,5599,03/25/2021, 12:17:59,168
SOMO00001,REminiscence Vita,5599,03/25/2021, 13:22:17,168
SOMO00001,REminiscence Vita,5599,03/25/2021, 14:18:19,168
SOMO00001,REminiscence Vita,5599,03/25/2021, 15:19:41,168
SOMO00001,REminiscence Vita,5600,03/25/2021, 16:20:57,168
SOMO00001,REminiscence Vita,5600,03/25/2021, 17:26:22,168
SOMO00001,REminiscence Vita,5600,03/25/2021, 18:31:00,168
SOMO00001,REminiscence Vita,5600,03/25/2021, 19:25:20,168
SOMO00001,REminiscence Vita,5600,03/25/2021, 20:14:53,168
SOMO00001,REminiscence Vita,5600,03/25/2021, 21:13:48,168
SOMO00001,REminiscence Vita,5600,03/25/2021, 22:15:07,168
SOMO00001,REminiscence Vita,5600,03/25/2021, 23:16:35,168
SOMO00001,REminiscence Vita,5600,03/26/2021, 00:37:42,168
SOMO00001,REminiscence Vita,5600,03/26/2021, 01:39:06,168
SOMO00001,REminiscence Vita,5600,03/26/2021, 02:40:05,168
SOMO00001,REminiscence Vita,5600,03/26/2021, 03:27:30,168
SOMO00001,REminiscence Vita,5600,03/26/2021, 04:26:30,168
SOMO00001,REminiscence Vita,5600,03/26/2021, 05:23:35,168
SOMO00001,REminiscence Vita,5600,03/26/2021, 06:17:08,168
SOMO00001,REminiscence Vita,5600,03/26/2021, 07:16:35,168
SOMO00001,REminiscence Vita,5600,03/26/2021, 08:17:17,168
SOMO00001,REminiscence Vita,5600,03/26/2021, 09:17:56,168
SOMO00001,REminiscence Vita,5600,03/26/2021, 10:16:46,168
SOMO00001,REminiscence Vita,5600,03/26/2021, 11:13:04,168
SOMO00001,REminiscence Vita,5600,03/26/2021, 12:20:38,168
SOMO00001,REminiscence Vita,5600,03/26/2021, 13:23:24,168
SOMO00001,REminiscence Vita,5600,03/26/2021, 14:15:25,168
SOMO00001,REminiscence Vita,5600,03/26/2021, 15:15:57,168
SOMO00001,REminiscence Vita,5600,03/26/2021, 16:26:09,168
SOMO00001,REminiscence Vita,5600,03/26/2021, 17:39:55,168
SOMO00001,REminiscence Vita,5600,03/26/2021, 18:26:31,168
SOMO00001,REminiscence Vita,5600,03/26/2021, 19:17:53,168
SOMO00001,REminiscence Vita,5600,03/26/2021, 20:16:10,168
SOMO00001,REminiscence Vita,5600,03/26/2021, 21:13:37,168
SOMO00001,REminiscence Vita,5600,03/26/2021, 22:14:19,168
SOMO00001,REminiscence Vita,5600,03/26/2021, 23:14:37,168
SOMO00001,REminiscence Vita,5600,03/27/2021, 00:42:23,168
SOMO00001,REminiscence Vita,5600,03/27/2021, 02:00:02,168
SOMO00001,REminiscence Vita,5600,03/27/2021, 02:44:55,168
SOMO00001,REminiscence Vita,5600,03/27/2021, 03:20:45,168
SOMO00001,REminiscence Vita,5600,03/27/2021, 04:19:18,168
SOMO00001,REminiscence Vita,5600,03/27/2021, 05:20:16,168
SOMO00001,REminiscence Vita,5600,03/27/2021, 06:17:23,168
SOMO00001,REminiscence Vita,5600,03/27/2021, 07:16:18,168
SOMO00001,REminiscence Vita,5600,03/27/2021, 08:16:54,168
SOMO00001,REminiscence Vita,5600,03/27/2021, 09:15:06,168
SOMO00001,REminiscence Vita,5600,03/27/2021, 10:15:17,168
SOMO00001,REminiscence Vita,5600,03/27/2021, 11:12:48,168
SOMO00001,REminiscence Vita,5600,03/27/2021, 12:20:31,168
SOMO00001,REminiscence Vita,5600,03/27/2021, 13:22:11,168
SOMO00001,REminiscence Vita,5600,03/27/2021, 14:14:23,168
SOMO00001,REminiscence Vita,5600,03/27/2021, 15:14:31,168
SOMO00001,REminiscence Vita,5600,03/27/2021, 16:24:12,168
SOMO00001,REminiscence Vita,5600,03/27/2021, 17:40:37,168
SOMO00001,REminiscence Vita,5600,03/27/2021, 18:27:52,168
SOMO00001,REminiscence Vita,5600,03/27/2021, 19:17:19,168
SOMO00001,REminiscence Vita,5601,03/27/2021, 20:15:56,168
SOMO00001,REminiscence Vita,5601,03/27/2021, 21:13:31,168
SOMO00001,REminiscence Vita,5601,03/27/2021, 22:15:29,168
SOMO00001,REminiscence Vita,5601,03/27/2021, 23:14:29,168
SOMO00001,REminiscence Vita,5601,03/28/2021, 00:43:39,168
SOMO00001,REminiscence Vita,5601,03/28/2021, 02:00:08,168
SOMO00001,REminiscence Vita,5601,03/28/2021, 02:45:38,168
SOMO00001,REminiscence Vita,5601,03/28/2021, 03:22:08,168
SOMO00001,REminiscence Vita,5601,03/28/2021, 04:20:31,168
SOMO00001,REminiscence Vita,5601,03/28/2021, 05:21:52,168
SOMO00001,REminiscence Vita,5601,03/28/2021, 06:17:15,168
SOMO00001,REminiscence Vita,5601,03/28/2021, 07:16:33,168
SOMO00001,REminiscence Vita,5601,03/28/2021, 08:17:08,168
SOMO00001,REminiscence Vita,5601,03/28/2021, 09:15:10,168
SOMO00001,REminiscence Vita,5601,03/28/2021, 10:15:00,168
SOMO00001,REminiscence Vita,5601,03/28/2021, 11:12:59,168
SOMO00001,REminiscence Vita,5601,03/28/2021, 12:20:26,168
SOMO00001,REminiscence Vita,5601,03/28/2021, 13:22:28,168
SOMO00001,REminiscence Vita,5601,03/28/2021, 14:14:31,168
SOMO00001,REminiscence Vita,5601,03/28/2021, 15:14:49,168
SOMO00001,REminiscence Vita,5601,03/28/2021, 16:24:54,168
SOMO00001,REminiscence Vita,5601,03/28/2021, 17:41:10,168
SOMO00001,REminiscence Vita,5601,03/28/2021, 18:27:25,168
SOMO00001,REminiscence Vita,5601,03/28/2021, 19:17:57,168
SOMO00001,REminiscence Vita,5601,03/28/2021, 20:15:41,168
SOMO00001,REminiscence Vita,5601,03/28/2021, 21:13:37,168
SOMO00001,REminiscence Vita,5601,03/28/2021, 22:15:54,168
SOMO00001,REminiscence Vita,5601,03/28/2021, 23:14:38,168
SOMO00001,REminiscence Vita,5601,03/29/2021, 00:45:26,168
SOMO00001,REminiscence Vita,5601,03/29/2021, 02:03:08,168
SOMO00001,REminiscence Vita,5601,03/29/2021, 03:23:23,168
SOMO00001,REminiscence Vita,5601,03/29/2021, 04:20:50,168
SOMO00001,REminiscence Vita,5601,03/29/2021, 05:22:27,168
SOMO00001,REminiscence Vita,5601,03/29/2021, 06:18:09,168
SOMO00001,REminiscence Vita,5601,03/29/2021, 07:17:38,168
SOMO00001,REminiscence Vita,5601,03/29/2021, 09:43:57,168
SOMO00001,REminiscence Vita,5601,03/29/2021, 10:17:33,168
SOMO00001,REminiscence Vita,5601,03/29/2021, 11:13:30,168
SOMO00001,REminiscence Vita,5601,03/29/2021, 12:20:54,168
SOMO00001,REminiscence Vita,5601,03/29/2021, 13:24:15,168
SOMO00001,REminiscence Vita,5601,03/29/2021, 14:15:42,168
SOMO00001,REminiscence Vita,5601,03/29/2021, 15:31:49,168
SOMO00001,REminiscence Vita,5601,03/29/2021, 16:26:54,168
SOMO00001,REminiscence Vita,5601,03/29/2021, 17:40:16,168
SOMO00001,REminiscence Vita,5601,03/29/2021, 18:23:51,168
SOMO00001,REminiscence Vita,5601,03/29/2021, 19:14:41,168
SOMO00001,REminiscence Vita,5601,03/29/2021, 20:16:22,168
SOMO00001,REminiscence Vita,5601,03/29/2021, 21:13:59,168
SOMO00001,REminiscence Vita,5601,03/29/2021, 22:16:36,168
SOMO00001,REminiscence Vita,5602,03/29/2021, 23:15:08,168
SOMO00001,REminiscence Vita,5602,03/30/2021, 00:42:41,168
SOMO00001,REminiscence Vita,5602,03/30/2021, 01:59:57,168
SOMO00001,REminiscence Vita,5602,03/30/2021, 02:44:53,168
SOMO00001,REminiscence Vita,5602,03/30/2021, 03:20:54,168
SOMO00001,REminiscence Vita,5602,03/30/2021, 04:18:35,168
SOMO00001,REminiscence Vita,5602,03/30/2021, 05:21:01,168
SOMO00001,REminiscence Vita,5602,03/30/2021, 06:17:47,168
SOMO00001,REminiscence Vita,5602,03/30/2021, 07:16:50,168
SOMO00001,REminiscence Vita,5602,03/30/2021, 08:18:02,168
SOMO00001,REminiscence Vita,5602,03/30/2021, 09:16:07,168
SOMO00001,REminiscence Vita,5602,03/30/2021, 10:15:49,168
SOMO00001,REminiscence Vita,5602,03/30/2021, 11:13:11,168
SOMO00001,REminiscence Vita,5602,03/30/2021, 12:21:44,168
SOMO00001,REminiscence Vita,5602,03/30/2021, 13:23:29,168
SOMO00001,REminiscence Vita,5602,03/30/2021, 14:15:23,168
SOMO00001,REminiscence Vita,5602,03/30/2021, 15:15:37,168
SOMO00001,REminiscence Vita,5602,03/30/2021, 16:25:55,168
SOMO00001,REminiscence Vita,5602,03/30/2021, 17:42:38,168
SOMO00001,REminiscence Vita,5602,03/30/2021, 18:29:33,168
SOMO00001,REminiscence Vita,5602,03/30/2021, 19:18:42,168
SOMO00001,REminiscence Vita,5602,03/30/2021, 20:15:58,168
SOMO00001,REminiscence Vita,5602,03/30/2021, 21:13:55,168
SOMO00001,REminiscence Vita,5602,03/30/2021, 22:16:32,168
SOMO00001,REminiscence Vita,5603,03/30/2021, 23:15:17,168
SOMO00001,REminiscence Vita,5603,03/31/2021, 00:40:04,168
SOMO00001,REminiscence Vita,5603,03/31/2021, 01:58:39,168
SOMO00001,REminiscence Vita,5603,03/31/2021, 02:43:33,168
SOMO00001,REminiscence Vita,5603,03/31/2021, 03:20:35,168
SOMO00001,REminiscence Vita,5603,03/31/2021, 04:19:55,168
SOMO00001,REminiscence Vita,5603,03/31/2021, 05:17:28,168
SOMO00001,REminiscence Vita,5603,03/31/2021, 06:17:50,168
SOMO00001,REminiscence Vita,5603,03/31/2021, 07:17:33,168
SOMO00001,REminiscence Vita,5603,03/31/2021, 08:17:36,168
SOMO00001,REminiscence Vita,5603,03/31/2021, 09:15:43,168
SOMO00001,REminiscence Vita,5603,03/31/2021, 10:16:01,168
SOMO00001,REminiscence Vita,5603,03/31/2021, 11:13:12,168
SOMO00001,REminiscence Vita,5603,03/31/2021, 12:20:57,168
SOMO00001,REminiscence Vita,5603,03/31/2021, 13:23:01,168
SOMO00001,REminiscence Vita,5603,03/31/2021, 14:15:17,168
SOMO00001,REminiscence Vita,5603,03/31/2021, 15:15:37,168
SOMO00001,REminiscence Vita,5603,03/31/2021, 16:26:18,168
SOMO00001,REminiscence Vita,5603,03/31/2021, 17:42:00,168
SOMO00001,REminiscence Vita,5603,03/31/2021, 18:28:09,168
SOMO00001,REminiscence Vita,5603,03/31/2021, 19:17:07,168
SOMO00001,REminiscence Vita,5603,03/31/2021, 20:16:32,168
SOMO00001,REminiscence Vita,5603,03/31/2021, 21:14:19,168
SOMO00001,REminiscence Vita,5603,03/31/2021, 22:16:40,168
SOMO00001,REminiscence Vita,5603,03/31/2021, 23:15:18,168
SOMO00001,REminiscence Vita,5603,04/01/2021, 00:44:32,168
SOMO00001,REminiscence Vita,5603,04/01/2021, 02:07:20,168
SOMO00001,REminiscence Vita,5603,04/01/2021, 03:22:21,168
SOMO00001,REminiscence Vita,5603,04/01/2021, 04:18:50,168
SOMO00001,REminiscence Vita,5603,04/01/2021, 05:21:48,168
SOMO00001,REminiscence Vita,5603,04/01/2021, 06:17:45,168
SOMO00001,REminiscence Vita,5603,04/01/2021, 07:16:48,168
SOMO00001,REminiscence Vita,5603,04/01/2021, 08:22:47,168
SOMO00001,REminiscence Vita,5603,04/01/2021, 09:16:30,168
SOMO00001,REminiscence Vita,5603,04/01/2021, 10:16:09,168
SOMO00001,REminiscence Vita,5603,04/01/2021, 11:13:26,168
SOMO00001,REminiscence Vita,5603,04/01/2021, 12:21:10,168
SOMO00001,REminiscence Vita,5603,04/01/2021, 13:23:42,168
SOMO00001,REminiscence Vita,5603,04/01/2021, 14:23:35,168
SOMO00001,REminiscence Vita,5603,04/01/2021, 15:21:43,168
SOMO00001,REminiscence Vita,5604,04/01/2021, 16:26:46,168
SOMO00001,REminiscence Vita,5604,04/01/2021, 17:44:31,168
SOMO00001,REminiscence Vita,5604,04/01/2021, 18:30:37,168
SOMO00001,REminiscence Vita,5604,04/01/2021, 19:19:51,168
SOMO00001,REminiscence Vita,5604,04/01/2021, 20:16:23,168
SOMO00001,REminiscence Vita,5604,04/01/2021, 21:14:33,168
SOMO00001,REminiscence Vita,5604,04/01/2021, 22:41:16,168
SOMO00001,REminiscence Vita,5604,04/01/2021, 23:28:02,168
SOMO00001,REminiscence Vita,5604,04/02/2021, 00:52:15,168
SOMO00001,REminiscence Vita,5604,04/02/2021, 02:13:33,168
SOMO00001,REminiscence Vita,5604,04/02/2021, 03:23:54,168
SOMO00001,REminiscence Vita,5604,04/02/2021, 04:21:53,168
SOMO00001,REminiscence Vita,5604,04/02/2021, 05:22:08,168
SOMO00001,REminiscence Vita,5604,04/02/2021, 06:17:48,168
SOMO00001,REminiscence Vita,5604,04/02/2021, 07:18:31,168
SOMO00001,REminiscence Vita,5604,04/02/2021, 08:18:37,168
SOMO00001,REminiscence Vita,5604,04/02/2021, 09:17:02,168
SOMO00001,REminiscence Vita,5604,04/02/2021, 10:16:20,168
SOMO00001,REminiscence Vita,5604,04/02/2021, 11:13:01,168
SOMO00001,REminiscence Vita,5604,04/02/2021, 12:21:05,168
SOMO00001,REminiscence Vita,5604,04/02/2021, 13:23:08,168
SOMO00001,REminiscence Vita,5604,04/02/2021, 14:15:25,168
SOMO00001,REminiscence Vita,5604,04/02/2021, 15:15:27,168
SOMO00001,REminiscence Vita,5605,04/02/2021, 16:26:46,168
SOMO00001,REminiscence Vita,5605,04/02/2021, 17:44:01,168
SOMO00001,REminiscence Vita,5605,04/02/2021, 18:29:08,168
SOMO00001,REminiscence Vita,5605,04/02/2021, 19:18:48,168
SOMO00001,REminiscence Vita,5605,04/02/2021, 20:15:59,168
SOMO00001,REminiscence Vita,5605,04/02/2021, 21:13:43,168
SOMO00001,REminiscence Vita,5605,04/02/2021, 22:17:08,168
SOMO00001,REminiscence Vita,5605,04/02/2021, 23:16:17,168
SOMO00001,REminiscence Vita,5606,04/03/2021, 00:43:58,168
SOMO00001,REminiscence Vita,5606,04/03/2021, 02:02:30,168
SOMO00001,REminiscence Vita,5606,04/03/2021, 03:21:21,168
SOMO00001,REminiscence Vita,5606,04/03/2021, 04:19:14,168
SOMO00001,REminiscence Vita,5606,04/03/2021, 05:20:54,168
SOMO00001,REminiscence Vita,5606,04/03/2021, 06:18:02,168
SOMO00001,REminiscence Vita,5606,04/03/2021, 07:17:23,168
SOMO00001,REminiscence Vita,5606,04/03/2021, 08:16:56,168
SOMO00001,REminiscence Vita,5606,04/03/2021, 09:15:07,168
SOMO00001,REminiscence Vita,5606,04/03/2021, 11:13:08,168
SOMO00001,REminiscence Vita,5606,04/03/2021, 12:20:38,168
SOMO00001,REminiscence Vita,5606,04/03/2021, 13:21:53,168
SOMO00001,REminiscence Vita,5606,04/03/2021, 14:14:15,168
SOMO00001,REminiscence Vita,5606,04/03/2021, 15:14:37,168
SOMO00001,REminiscence Vita,5606,04/03/2021, 16:25:15,168
SOMO00001,REminiscence Vita,5606,04/03/2021, 17:41:59,168
SOMO00001,REminiscence Vita,5606,04/03/2021, 18:27:23,168
SOMO00001,REminiscence Vita,5606,04/03/2021, 19:17:41,168
SOMO00001,REminiscence Vita,5606,04/03/2021, 20:15:29,168
SOMO00001,REminiscence Vita,5606,04/03/2021, 21:13:26,168
SOMO00001,REminiscence Vita,5606,04/03/2021, 22:16:54,168
SOMO00001,REminiscence Vita,5606,04/03/2021, 23:15:51,168
SOMO00001,REminiscence Vita,5606,04/04/2021, 00:46:52,168
SOMO00001,REminiscence Vita,5606,04/04/2021, 02:06:12,168
SOMO00001,REminiscence Vita,5606,04/04/2021, 03:21:49,168
SOMO00001,REminiscence Vita,5606,04/04/2021, 04:19:51,168
SOMO00001,REminiscence Vita,5606,04/04/2021, 05:21:07,168
SOMO00001,REminiscence Vita,5606,04/04/2021, 06:18:03,168
SOMO00001,REminiscence Vita,5606,04/04/2021, 07:17:30,168
SOMO00001,REminiscence Vita,5606,04/04/2021, 08:16:47,168
SOMO00001,REminiscence Vita,5607,04/04/2021, 09:14:42,168
SOMO00001,REminiscence Vita,5607,04/04/2021, 10:15:19,168
SOMO00001,REminiscence Vita,5607,04/04/2021, 11:12:53,168
SOMO00001,REminiscence Vita,5607,04/04/2021, 12:20:45,168
SOMO00001,REminiscence Vita,5607,04/04/2021, 13:22:36,168
SOMO00001,REminiscence Vita,5607,04/04/2021, 14:14:19,168
SOMO00001,REminiscence Vita,5607,04/04/2021, 15:14:34,168
SOMO00001,REminiscence Vita,5607,04/04/2021, 16:25:34,168
SOMO00001,REminiscence Vita,5608,04/04/2021, 17:42:14,168
SOMO00001,REminiscence Vita,5608,04/04/2021, 18:27:34,168
SOMO00001,REminiscence Vita,5608,04/04/2021, 19:18:11,168
SOMO00001,REminiscence Vita,5608,04/04/2021, 20:15:19,168
SOMO00001,REminiscence Vita,5609,04/04/2021, 21:13:38,168
SOMO00001,REminiscence Vita,5609,04/04/2021, 22:16:38,168
SOMO00001,REminiscence Vita,5609,04/04/2021, 23:16:11,168
SOMO00001,REminiscence Vita,5611,04/05/2021, 00:47:40,168
SOMO00001,REminiscence Vita,5611,04/05/2021, 02:05:12,168
SOMO00001,REminiscence Vita,5611,04/05/2021, 03:22:00,168
SOMO00001,REminiscence Vita,5611,04/05/2021, 04:20:07,168
SOMO00001,REminiscence Vita,5611,04/05/2021, 05:21:50,168
SOMO00001,REminiscence Vita,5611,04/05/2021, 06:18:25,168
SOMO00001,REminiscence Vita,5611,04/05/2021, 07:17:45,168
SOMO00001,REminiscence Vita,5611,04/05/2021, 08:17:46,168
SOMO00001,REminiscence Vita,5611,04/05/2021, 09:16:11,168
SOMO00001,REminiscence Vita,5611,04/05/2021, 10:16:03,168
SOMO00001,REminiscence Vita,5612,04/05/2021, 11:13:09,168
SOMO00001,REminiscence Vita,5612,04/05/2021, 12:21:41,168
SOMO00001,REminiscence Vita,5612,04/05/2021, 13:23:54,168
SOMO00001,REminiscence Vita,5612,04/05/2021, 14:15:24,168
SOMO00001,REminiscence Vita,5612,04/05/2021, 15:15:33,168
SOMO00001,REminiscence Vita,5612,04/05/2021, 16:27:11,168
SOMO00001,REminiscence Vita,5612,04/05/2021, 17:42:49,168
SOMO00001,REminiscence Vita,5612,04/05/2021, 18:29:20,168
SOMO00001,REminiscence Vita,5612,04/05/2021, 19:19:05,168
SOMO00001,REminiscence Vita,5612,04/05/2021, 20:16:07,168
SOMO00001,REminiscence Vita,5612,04/05/2021, 21:13:42,168
SOMO00001,REminiscence Vita,5612,04/05/2021, 22:17:14,168
SOMO00001,REminiscence Vita,5612,04/05/2021, 23:16:54,168
SOMO00001,REminiscence Vita,5612,04/06/2021, 00:46:14,168
SOMO00001,REminiscence Vita,5612,04/06/2021, 02:06:36,168
SOMO00001,REminiscence Vita,5612,04/06/2021, 03:22:55,168
SOMO00001,REminiscence Vita,5612,04/06/2021, 04:20:02,168
SOMO00001,REminiscence Vita,5612,04/06/2021, 05:21:34,168
SOMO00001,REminiscence Vita,5612,04/06/2021, 06:18:38,168
SOMO00001,REminiscence Vita,5612,04/06/2021, 07:19:07,168
SOMO00001,REminiscence Vita,5612,04/06/2021, 08:15:22,168
SOMO00001,REminiscence Vita,5612,04/06/2021, 09:16:08,168
SOMO00001,REminiscence Vita,5612,04/06/2021, 10:15:56,168
SOMO00001,REminiscence Vita,5612,04/06/2021, 11:13:11,168
SOMO00001,REminiscence Vita,5612,04/06/2021, 12:19:19,168
SOMO00001,REminiscence Vita,5612,04/06/2021, 13:23:24,168
SOMO00001,REminiscence Vita,5612,04/06/2021, 14:15:39,168
SOMO00001,REminiscence Vita,5612,04/06/2021, 15:15:54,168
SOMO00001,REminiscence Vita,5612,04/06/2021, 16:26:54,168
SOMO00001,REminiscence Vita,5612,04/06/2021, 17:46:53,168
SOMO00001,REminiscence Vita,5612,04/06/2021, 18:31:15,168
SOMO00001,REminiscence Vita,5612,04/06/2021, 19:20:28,168
SOMO00001,REminiscence Vita,5612,04/06/2021, 20:15:59,168
SOMO00001,REminiscence Vita,5612,04/06/2021, 21:13:56,168
SOMO00001,REminiscence Vita,5612,04/06/2021, 22:15:17,168
SOMO00001,REminiscence Vita,5612,04/06/2021, 23:15:35,168
SOMO00001,REminiscence Vita,5614,04/07/2021, 00:45:09,168
SOMO00001,REminiscence Vita,5614,04/07/2021, 02:06:36,168
SOMO00001,REminiscence Vita,5614,04/07/2021, 03:23:06,168
SOMO00001,REminiscence Vita,5614,04/07/2021, 04:20:58,168
SOMO00001,REminiscence Vita,5614,04/07/2021, 05:21:51,168
SOMO00001,REminiscence Vita,5614,04/07/2021, 06:18:18,168
SOMO00001,REminiscence Vita,5614,04/07/2021, 07:16:58,168
SOMO00001,REminiscence Vita,5614,04/07/2021, 08:17:46,168
SOMO00001,REminiscence Vita,5614,04/07/2021, 09:15:43,168
SOMO00001,REminiscence Vita,5614,04/07/2021, 10:13:56,168
SOMO00001,REminiscence Vita,5614,04/07/2021, 11:13:16,168
SOMO00001,REminiscence Vita,5614,04/07/2021, 12:21:30,168
SOMO00001,REminiscence Vita,5614,04/07/2021, 13:23:54,168
SOMO00001,REminiscence Vita,5614,04/07/2021, 14:15:27,168
SOMO00001,REminiscence Vita,5614,04/07/2021, 15:15:55,168
SOMO00001,REminiscence Vita,5616,04/07/2021, 16:28:18,168
SOMO00001,REminiscence Vita,5616,04/07/2021, 17:44:38,168
SOMO00001,REminiscence Vita,5616,04/07/2021, 18:30:02,168
SOMO00001,REminiscence Vita,5616,04/07/2021, 19:19:01,168
SOMO00001,REminiscence Vita,5617,04/07/2021, 20:16:00,168
SOMO00001,REminiscence Vita,5617,04/07/2021, 21:12:57,168
SOMO00001,REminiscence Vita,5617,04/07/2021, 22:16:57,168
SOMO00001,REminiscence Vita,5617,04/07/2021, 23:17:25,168
SOMO00001,REminiscence Vita,5617,04/08/2021, 00:49:20,168
SOMO00001,REminiscence Vita,5617,04/08/2021, 02:09:14,168
SOMO00001,REminiscence Vita,5618,04/08/2021, 03:23:15,168
SOMO00001,REminiscence Vita,5618,04/08/2021, 04:20:50,168
SOMO00001,REminiscence Vita,5618,04/08/2021, 05:21:32,168
SOMO00001,REminiscence Vita,5618,04/08/2021, 06:17:59,168
SOMO00001,REminiscence Vita,5618,04/08/2021, 07:18:56,168
SOMO00001,REminiscence Vita,5618,04/08/2021, 08:22:06,168
SOMO00001,REminiscence Vita,5618,04/08/2021, 09:15:52,168
SOMO00001,REminiscence Vita,5618,04/08/2021, 10:15:36,168
SOMO00001,REminiscence Vita,5618,04/08/2021, 11:12:49,168
SOMO00001,REminiscence Vita,5618,04/08/2021, 12:21:17,168
SOMO00001,REminiscence Vita,5618,04/08/2021, 13:23:43,168
SOMO00001,REminiscence Vita,5618,04/08/2021, 14:15:06,168
SOMO00001,REminiscence Vita,5618,04/08/2021, 15:19:34,168
SOMO00001,REminiscence Vita,5618,04/08/2021, 16:27:24,168
SOMO00001,REminiscence Vita,5618,04/08/2021, 17:42:25,168
SOMO00001,REminiscence Vita,5618,04/08/2021, 18:28:34,168
SOMO00001,REminiscence Vita,5618,04/08/2021, 19:19:02,168
SOMO00001,REminiscence Vita,5618,04/08/2021, 20:15:44,168
SOMO00001,REminiscence Vita,5619,04/08/2021, 21:13:46,168
SOMO00001,REminiscence Vita,5619,04/08/2021, 22:17:07,168
SOMO00001,REminiscence Vita,5620,04/08/2021, 23:16:23,168
SOMO00001,REminiscence Vita,5620,04/09/2021, 00:43:01,168
SOMO00001,REminiscence Vita,5620,04/09/2021, 02:02:11,168
SOMO00001,REminiscence Vita,5620,04/09/2021, 03:15:26,168
SOMO00001,REminiscence Vita,5620,04/09/2021, 04:18:21,168
SOMO00001,REminiscence Vita,5621,04/09/2021, 05:20:01,168
SOMO00001,REminiscence Vita,5621,04/09/2021, 06:18:12,168
SOMO00001,REminiscence Vita,5621,04/09/2021, 07:18:31,168
SOMO00001,REminiscence Vita,5621,04/09/2021, 08:19:06,168
SOMO00001,REminiscence Vita,5621,04/09/2021, 09:16:54,168
SOMO00001,REminiscence Vita,5621,04/09/2021, 10:16:17,168
SOMO00001,REminiscence Vita,5621,04/09/2021, 11:12:49,168
SOMO00001,REminiscence Vita,5621,04/09/2021, 12:20:55,168
SOMO00001,REminiscence Vita,5621,04/09/2021, 13:22:54,168
SOMO00001,REminiscence Vita,5621,04/09/2021, 14:15:26,168
SOMO00001,REminiscence Vita,5621,04/09/2021, 15:15:02,168
SOMO00001,REminiscence Vita,5621,04/09/2021, 16:20:49,168
SOMO00001,REminiscence Vita,5621,04/09/2021, 17:27:05,168
SOMO00001,REminiscence Vita,5621,04/09/2021, 18:19:55,168
SOMO00001,REminiscence Vita,5621,04/09/2021, 19:15:21,168
SOMO00001,REminiscence Vita,5621,04/09/2021, 20:15:36,168
SOMO00001,REminiscence Vita,5621,04/09/2021, 21:13:39,168
SOMO00001,REminiscence Vita,5622,04/09/2021, 22:17:03,168
SOMO00001,REminiscence Vita,5622,04/09/2021, 23:16:18,168
SOMO00001,REminiscence Vita,5622,04/10/2021, 00:45:27,168
SOMO00001,REminiscence Vita,5622,04/10/2021, 02:02:13,168
SOMO00001,REminiscence Vita,5622,04/10/2021, 03:21:10,168
SOMO00001,REminiscence Vita,5622,04/10/2021, 04:19:13,168
SOMO00001,REminiscence Vita,5622,04/10/2021, 05:19:19,168
SOMO00001,REminiscence Vita,5622,04/10/2021, 06:17:57,168
SOMO00001,REminiscence Vita,5622,04/10/2021, 07:17:10,168
SOMO00001,REminiscence Vita,5622,04/10/2021, 08:16:45,168
SOMO00001,REminiscence Vita,5622,04/10/2021, 09:14:37,168
SOMO00001,REminiscence Vita,5622,04/10/2021, 10:15:17,168
SOMO00001,REminiscence Vita,5622,04/10/2021, 11:12:26,168
SOMO00001,REminiscence Vita,5623,04/10/2021, 12:20:15,168
SOMO00001,REminiscence Vita,5623,04/10/2021, 13:21:50,168
SOMO00001,REminiscence Vita,5623,04/10/2021, 14:14:01,168
SOMO00001,REminiscence Vita,5623,04/10/2021, 15:14:56,168
SOMO00001,REminiscence Vita,5623,04/10/2021, 16:25:08,168
SOMO00001,REminiscence Vita,5623,04/10/2021, 17:36:53,168
SOMO00001,REminiscence Vita,5623,04/10/2021, 18:24:47,168
SOMO00001,REminiscence Vita,5623,04/10/2021, 19:16:54,168
SOMO00001,REminiscence Vita,5623,04/10/2021, 20:14:56,168
SOMO00001,REminiscence Vita,5623,04/10/2021, 21:13:35,168
SOMO00001,REminiscence Vita,5623,04/10/2021, 22:16:19,168
SOMO00001,REminiscence Vita,5623,04/10/2021, 23:15:43,168
SOMO00001,REminiscence Vita,5624,04/11/2021, 00:48:11,168
SOMO00001,REminiscence Vita,5624,04/11/2021, 02:07:21,168
SOMO00001,REminiscence Vita,5624,04/11/2021, 03:21:29,168
SOMO00001,REminiscence Vita,5624,04/11/2021, 04:19:41,168
SOMO00001,REminiscence Vita,5624,04/11/2021, 05:19:46,168
SOMO00001,REminiscence Vita,5624,04/11/2021, 06:17:29,168
SOMO00001,REminiscence Vita,5624,04/11/2021, 07:17:07,168
SOMO00001,REminiscence Vita,5624,04/11/2021, 08:16:48,168
SOMO00001,REminiscence Vita,5624,04/11/2021, 09:14:31,168
SOMO00001,REminiscence Vita,5624,04/11/2021, 10:15:16,168
SOMO00001,REminiscence Vita,5624,04/11/2021, 11:12:18,168
SOMO00001,REminiscence Vita,5624,04/11/2021, 12:20:07,168
SOMO00001,REminiscence Vita,5624,04/11/2021, 13:21:50,168
SOMO00001,REminiscence Vita,5624,04/11/2021, 14:14:11,168
SOMO00001,REminiscence Vita,5624,04/11/2021, 15:14:45,168
SOMO00001,REminiscence Vita,5624,04/11/2021, 16:24:57,168
SOMO00001,REminiscence Vita,5624,04/11/2021, 17:36:36,168
SOMO00001,REminiscence Vita,5624,04/11/2021, 18:24:46,168
SOMO00001,REminiscence Vita,5624,04/11/2021, 19:17:12,168
SOMO00001,REminiscence Vita,5624,04/11/2021, 20:14:59,168
SOMO00001,REminiscence Vita,5625,04/11/2021, 21:13:19,168
SOMO00001,REminiscence Vita,5625,04/11/2021, 22:16:27,168
SOMO00001,REminiscence Vita,5625,04/11/2021, 23:16:01,168
SOMO00001,REminiscence Vita,5625,04/12/2021, 00:47:23,168
SOMO00001,REminiscence Vita,5625,04/12/2021, 02:06:46,168
SOMO00001,REminiscence Vita,5625,04/12/2021, 03:23:05,168
SOMO00001,REminiscence Vita,5625,04/12/2021, 04:20:30,168
SOMO00001,REminiscence Vita,5625,04/12/2021, 05:21:41,168
SOMO00001,REminiscence Vita,5625,04/12/2021, 06:18:19,168
SOMO00001,REminiscence Vita,5625,04/12/2021, 07:19:25,168
SOMO00001,REminiscence Vita,5625,04/12/2021, 08:22:10,168
SOMO00001,REminiscence Vita,5625,04/12/2021, 09:16:17,168
SOMO00001,REminiscence Vita,5625,04/12/2021, 10:15:46,168
SOMO00001,REminiscence Vita,5625,04/12/2021, 11:12:46,168
SOMO00001,REminiscence Vita,5625,04/12/2021, 12:21:20,168
SOMO00001,REminiscence Vita,5625,04/12/2021, 13:29:32,168
SOMO00001,REminiscence Vita,5625,04/12/2021, 14:15:25,168
SOMO00001,REminiscence Vita,5626,04/12/2021, 15:18:31,168
SOMO00001,REminiscence Vita,5626,04/12/2021, 16:25:36,168
SOMO00001,REminiscence Vita,5626,04/12/2021, 17:37:39,168
SOMO00001,REminiscence Vita,5626,04/12/2021, 18:27:33,168
SOMO00001,REminiscence Vita,5626,04/12/2021, 19:19:42,168
SOMO00001,REminiscence Vita,5626,04/12/2021, 20:15:40,168
SOMO00001,REminiscence Vita,5628,04/12/2021, 21:13:58,168
SOMO00001,REminiscence Vita,5628,04/12/2021, 22:17:17,168
SOMO00001,REminiscence Vita,5628,04/12/2021, 23:17:02,168
SOMO00001,REminiscence Vita,5628,04/13/2021, 00:48:51,168
SOMO00001,REminiscence Vita,5629,04/13/2021, 02:06:17,168
SOMO00001,REminiscence Vita,5629,04/13/2021, 03:23:28,168
SOMO00001,REminiscence Vita,5629,04/13/2021, 04:20:45,168
SOMO00001,REminiscence Vita,5629,04/13/2021, 05:17:41,168
SOMO00001,REminiscence Vita,5629,04/13/2021, 06:18:16,168
SOMO00001,REminiscence Vita,5629,04/13/2021, 07:18:57,168
SOMO00001,REminiscence Vita,5629,04/13/2021, 08:19:33,168
SOMO00001,REminiscence Vita,5629,04/13/2021, 09:16:07,168
SOMO00001,REminiscence Vita,5630,04/13/2021, 10:16:04,168
SOMO00001,REminiscence Vita,5630,04/13/2021, 11:12:48,168
SOMO00001,REminiscence Vita,5630,04/13/2021, 12:21:16,168
SOMO00001,REminiscence Vita,5630,04/13/2021, 13:23:45,168
SOMO00001,REminiscence Vita,5630,04/13/2021, 14:15:10,168
SOMO00001,REminiscence Vita,5630,04/13/2021, 15:15:37,168
SOMO00001,REminiscence Vita,5630,04/13/2021, 16:27:00,168
SOMO00001,REminiscence Vita,5630,04/13/2021, 17:40:54,168
SOMO00001,REminiscence Vita,5630,04/13/2021, 18:26:07,168
SOMO00001,REminiscence Vita,5630,04/13/2021, 19:18:49,168
SOMO00001,REminiscence Vita,5630,04/13/2021, 20:15:22,168
SOMO00001,REminiscence Vita,5630,04/13/2021, 21:13:14,168
SOMO00001,REminiscence Vita,5630,04/13/2021, 22:16:36,168
SOMO00001,REminiscence Vita,5630,04/13/2021, 23:14:29,168
SOMO00001,REminiscence Vita,5630,04/14/2021, 00:42:34,168
SOMO00001,REminiscence Vita,5630,04/14/2021, 02:00:35,168
SOMO00001,REminiscence Vita,5630,04/14/2021, 02:44:43,168
SOMO00001,REminiscence Vita,5630,04/14/2021, 03:20:01,168
SOMO00001,REminiscence Vita,5630,04/14/2021, 04:17:35,168
SOMO00001,REminiscence Vita,5630,04/14/2021, 05:17:30,168
SOMO00001,REminiscence Vita,5630,04/14/2021, 06:17:38,168
SOMO00001,REminiscence Vita,5630,04/14/2021, 07:16:54,168
SOMO00001,REminiscence Vita,5630,04/14/2021, 08:17:02,168
SOMO00001,REminiscence Vita,5630,04/14/2021, 09:14:36,168
SOMO00001,REminiscence Vita,5630,04/14/2021, 10:15:10,168
SOMO00001,REminiscence Vita,5630,04/14/2021, 11:12:38,168
SOMO00001,REminiscence Vita,5630,04/14/2021, 12:20:23,168
SOMO00001,REminiscence Vita,5630,04/14/2021, 13:22:02,168
SOMO00001,REminiscence Vita,5630,04/14/2021, 14:14:47,168
SOMO00001,REminiscence Vita,5630,04/14/2021, 15:14:56,168
SOMO00001,REminiscence Vita,5630,04/14/2021, 16:24:12,168
SOMO00001,REminiscence Vita,5630,04/14/2021, 17:34:49,168
SOMO00001,REminiscence Vita,5630,04/14/2021, 18:23:53,168
SOMO00001,REminiscence Vita,5630,04/14/2021, 19:16:20,168
SOMO00001,REminiscence Vita,5630,04/14/2021, 20:15:12,168
SOMO00001,REminiscence Vita,5630,04/14/2021, 21:13:37,168
SOMO00001,REminiscence Vita,5630,04/14/2021, 22:16:36,168
SOMO00001,REminiscence Vita,5630,04/14/2021, 23:14:37,168
SOMO00001,REminiscence Vita,5630,04/15/2021, 00:44:49,168
SOMO00001,REminiscence Vita,5631,04/15/2021, 02:02:03,168
SOMO00001,REminiscence Vita,5632,04/15/2021, 03:19:11,168
SOMO00001,REminiscence Vita,5632,04/15/2021, 04:17:57,168
SOMO00001,REminiscence Vita,5632,04/15/2021, 05:18:22,168
SOMO00001,REminiscence Vita,5633,04/15/2021, 06:17:51,168
SOMO00001,REminiscence Vita,5633,04/15/2021, 07:17:41,168
SOMO00001,REminiscence Vita,5633,04/15/2021, 08:17:37,168
SOMO00001,REminiscence Vita,5633,04/15/2021, 09:14:43,168
SOMO00001,REminiscence Vita,5634,04/15/2021, 10:15:14,168
SOMO00001,REminiscence Vita,5634,04/15/2021, 11:12:42,168
SOMO00001,REminiscence Vita,5635,04/15/2021, 12:20:46,168
SOMO00001,REminiscence Vita,5636,04/15/2021, 13:22:53,168
SOMO00001,REminiscence Vita,5636,04/15/2021, 14:14:48,168
SOMO00001,REminiscence Vita,5636,04/15/2021, 15:15:15,168
SOMO00001,REminiscence Vita,5636,04/15/2021, 16:26:38,168
SOMO00001,REminiscence Vita,5636,04/15/2021, 17:38:11,168
SOMO00001,REminiscence Vita,5636,04/15/2021, 18:26:53,168
SOMO00001,REminiscence Vita,5636,04/15/2021, 19:19:47,168
SOMO00001,REminiscence Vita,5636,04/15/2021, 20:15:15,168
SOMO00001,REminiscence Vita,5636,04/15/2021, 21:13:31,168
SOMO00001,REminiscence Vita,5636,04/15/2021, 22:17:07,168
SOMO00001,REminiscence Vita,5636,04/15/2021, 23:14:40,168
SOMO00001,REminiscence Vita,5637,04/16/2021, 00:43:21,168
SOMO00001,REminiscence Vita,5637,04/16/2021, 02:04:13,168
SOMO00001,REminiscence Vita,5638,04/16/2021, 03:22:27,168
SOMO00001,REminiscence Vita,5638,04/16/2021, 04:20:08,168
SOMO00001,REminiscence Vita,5638,04/16/2021, 05:20:04,168
SOMO00001,REminiscence Vita,5638,04/16/2021, 06:17:08,168
SOMO00001,REminiscence Vita,5638,04/16/2021, 07:16:27,168
SOMO00001,REminiscence Vita,5638,04/16/2021, 08:18:26,168
SOMO00001,REminiscence Vita,5638,04/16/2021, 09:15:34,168
SOMO00001,REminiscence Vita,5638,04/16/2021, 10:15:07,168
SOMO00001,REminiscence Vita,5638,04/16/2021, 11:12:49,168
SOMO00001,REminiscence Vita,5638,04/16/2021, 12:20:53,168
SOMO00001,REminiscence Vita,5638,04/16/2021, 13:23:24,168
SOMO00001,REminiscence Vita,5638,04/16/2021, 14:15:01,168
SOMO00001,REminiscence Vita,5638,04/16/2021, 15:15:23,168
SOMO00001,REminiscence Vita,5639,04/16/2021, 16:25:24,168
SOMO00001,REminiscence Vita,5639,04/16/2021, 17:37:29,168
SOMO00001,REminiscence Vita,5639,04/16/2021, 18:26:30,168
SOMO00001,REminiscence Vita,5639,04/16/2021, 19:19:05,168
SOMO00001,REminiscence Vita,5639,04/16/2021, 20:15:18,168
SOMO00001,REminiscence Vita,5639,04/16/2021, 21:13:34,168
SOMO00001,REminiscence Vita,5639,04/16/2021, 22:17:19,168
SOMO00001,REminiscence Vita,5639,04/16/2021, 23:14:31,168
SOMO00001,REminiscence Vita,5639,04/17/2021, 00:43:34,168
SOMO00001,REminiscence Vita,5639,04/17/2021, 02:00:30,168
SOMO00001,REminiscence Vita,5639,04/17/2021, 02:43:54,168
SOMO00001,REminiscence Vita,5639,04/17/2021, 03:19:45,168
SOMO00001,REminiscence Vita,5639,04/17/2021, 04:17:58,168
SOMO00001,REminiscence Vita,5639,04/17/2021, 05:17:54,168
SOMO00001,REminiscence Vita,5639,04/17/2021, 06:17:18,168
SOMO00001,REminiscence Vita,5639,04/17/2021, 07:17:02,168
SOMO00001,REminiscence Vita,5639,04/17/2021, 08:16:28,168
SOMO00001,REminiscence Vita,5639,04/17/2021, 09:14:18,168
SOMO00001,REminiscence Vita,5639,04/17/2021, 10:15:05,168
SOMO00001,REminiscence Vita,5639,04/17/2021, 11:12:21,168
SOMO00001,REminiscence Vita,5639,04/17/2021, 12:20:16,168
SOMO00001,REminiscence Vita,5639,04/17/2021, 13:21:37,168
SOMO00001,REminiscence Vita,5639,04/17/2021, 14:13:36,168
SOMO00001,REminiscence Vita,5639,04/17/2021, 15:14:36,168
SOMO00001,REminiscence Vita,5639,04/17/2021, 16:24:50,168
SOMO00001,REminiscence Vita,5640,04/17/2021, 17:34:24,168
SOMO00001,REminiscence Vita,5641,04/17/2021, 18:22:57,168
SOMO00001,REminiscence Vita,5641,04/17/2021, 19:15:53,168
SOMO00001,REminiscence Vita,5641,04/17/2021, 20:14:46,168
SOMO00001,REminiscence Vita,5642,04/17/2021, 21:13:18,168
SOMO00001,REminiscence Vita,5642,04/17/2021, 22:16:40,168
SOMO00001,REminiscence Vita,5642,04/17/2021, 23:14:03,168
SOMO00001,REminiscence Vita,5642,04/18/2021, 00:45:33,168
SOMO00001,REminiscence Vita,5642,04/18/2021, 02:05:52,168
SOMO00001,REminiscence Vita,5642,04/18/2021, 03:21:15,168
SOMO00001,REminiscence Vita,5642,04/18/2021, 04:18:59,168
SOMO00001,REminiscence Vita,5642,04/18/2021, 05:18:11,168
SOMO00001,REminiscence Vita,5643,04/18/2021, 06:17:16,168
SOMO00001,REminiscence Vita,5643,04/18/2021, 07:17:05,168
SOMO00001,REminiscence Vita,5643,04/18/2021, 08:16:42,168
SOMO00001,REminiscence Vita,5643,04/18/2021, 09:14:38,168
SOMO00001,REminiscence Vita,5643,04/18/2021, 10:15:13,168
SOMO00001,REminiscence Vita,5643,04/18/2021, 11:12:39,168
SOMO00001,REminiscence Vita,5643,04/18/2021, 12:20:05,168
SOMO00001,REminiscence Vita,5645,04/18/2021, 13:21:52,168
SOMO00001,REminiscence Vita,5645,04/18/2021, 14:13:57,168
SOMO00001,REminiscence Vita,5645,04/18/2021, 15:14:28,168
SOMO00001,REminiscence Vita,5645,04/18/2021, 16:24:13,168
SOMO00001,REminiscence Vita,5646,04/18/2021, 17:34:22,168
SOMO00001,REminiscence Vita,5647,04/18/2021, 18:23:10,168
SOMO00001,REminiscence Vita,5647,04/18/2021, 19:15:29,168
SOMO00001,REminiscence Vita,5647,04/18/2021, 20:14:35,168
SOMO00001,REminiscence Vita,5647,04/18/2021, 21:13:24,168
SOMO00001,REminiscence Vita,5648,04/18/2021, 22:16:45,168
SOMO00001,REminiscence Vita,5648,04/18/2021, 23:13:59,168
SOMO00001,REminiscence Vita,5648,04/19/2021, 00:44:59,168
SOMO00001,REminiscence Vita,5648,04/19/2021, 02:04:15,168
SOMO00001,REminiscence Vita,5648,04/19/2021, 03:22:08,168
SOMO00001,REminiscence Vita,5648,04/19/2021, 04:19:44,168
SOMO00001,REminiscence Vita,5649,04/19/2021, 05:19:40,168
SOMO00001,REminiscence Vita,5649,04/19/2021, 06:18:18,168
SOMO00001,REminiscence Vita,5649,04/19/2021, 07:17:57,168
SOMO00001,REminiscence Vita,5649,04/19/2021, 08:17:30,168
SOMO00001,REminiscence Vita,5650,04/19/2021, 09:15:13,168
SOMO00001,REminiscence Vita,5650,04/19/2021, 10:15:27,168
SOMO00001,REminiscence Vita,5650,04/19/2021, 11:12:36,168
SOMO00001,REminiscence Vita,5651,04/19/2021, 12:21:08,168
SOMO00001,REminiscence Vita,5651,04/19/2021, 13:23:14,168
SOMO00001,REminiscence Vita,5651,04/19/2021, 14:14:57,168
SOMO00001,REminiscence Vita,5651,04/19/2021, 15:15:37,168
SOMO00001,REminiscence Vita,5652,04/19/2021, 16:25:57,168
SOMO00001,REminiscence Vita,5653,04/19/2021, 17:35:34,168
SOMO00001,REminiscence Vita,5653,04/19/2021, 18:24:35,168
SOMO00001,REminiscence Vita,5653,04/19/2021, 19:17:42,168
SOMO00001,REminiscence Vita,5653,04/19/2021, 20:15:29,168
SOMO00001,REminiscence Vita,5653,04/19/2021, 21:13:41,168
SOMO00001,REminiscence Vita,5653,04/19/2021, 22:17:31,168
SOMO00001,REminiscence Vita,5653,04/19/2021, 23:15:10,168
SOMO00001,REminiscence Vita,5653,04/20/2021, 00:45:24,168
SOMO00001,REminiscence Vita,5653,04/20/2021, 02:03:29,168
SOMO00001,REminiscence Vita,5653,04/20/2021, 03:20:47,168
SOMO00001,REminiscence Vita,5653,04/20/2021, 04:19:08,168
SOMO00001,REminiscence Vita,5653,04/20/2021, 05:15:59,168
SOMO00001,REminiscence Vita,5653,04/20/2021, 06:19:17,168
SOMO00001,REminiscence Vita,5653,04/20/2021, 07:15:59,168
SOMO00001,REminiscence Vita,5653,04/20/2021, 08:17:37,168
SOMO00001,REminiscence Vita,5653,04/20/2021, 09:15:05,168
SOMO00001,REminiscence Vita,5653,04/20/2021, 10:15:23,168
SOMO00001,REminiscence Vita,5653,04/20/2021, 11:13:23,168
SOMO00001,REminiscence Vita,5653,04/20/2021, 12:21:15,168
SOMO00001,REminiscence Vita,5653,04/20/2021, 13:23:42,168
SOMO00001,REminiscence Vita,5653,04/20/2021, 14:14:57,168
SOMO00001,REminiscence Vita,5653,04/20/2021, 15:15:17,168
SOMO00001,REminiscence Vita,5653,04/20/2021, 16:25:39,168
SOMO00001,REminiscence Vita,5653,04/20/2021, 17:37:37,168
SOMO00001,REminiscence Vita,5654,04/20/2021, 18:25:50,168
SOMO00001,REminiscence Vita,5654,04/20/2021, 19:18:50,168
SOMO00001,REminiscence Vita,5654,04/20/2021, 20:15:39,168
SOMO00001,REminiscence Vita,5656,04/20/2021, 21:13:52,168
SOMO00001,REminiscence Vita,5656,04/20/2021, 22:17:48,168
SOMO00001,REminiscence Vita,5657,04/20/2021, 23:15:51,168
SOMO00001,REminiscence Vita,5657,04/21/2021, 00:45:01,168
SOMO00001,REminiscence Vita,5657,04/21/2021, 02:03:44,168
SOMO00001,REminiscence Vita,5657,04/21/2021, 03:21:18,168
SOMO00001,REminiscence Vita,5657,04/21/2021, 04:19:28,168
SOMO00001,REminiscence Vita,5657,04/21/2021, 05:19:37,168
SOMO00001,REminiscence Vita,5657,04/21/2021, 06:18:19,168
SOMO00001,REminiscence Vita,5657,04/21/2021, 07:18:13,168
SOMO00001,REminiscence Vita,5657,04/21/2021, 08:17:34,168
SOMO00001,REminiscence Vita,5657,04/21/2021, 09:15:16,168
SOMO00001,REminiscence Vita,5657,04/21/2021, 10:15:34,168
SOMO00001,REminiscence Vita,5657,04/21/2021, 11:12:59,168
SOMO00001,REminiscence Vita,5657,04/21/2021, 12:21:25,168
SOMO00001,REminiscence Vita,5657,04/21/2021, 13:23:35,168
SOMO00001,REminiscence Vita,5657,04/21/2021, 14:15:16,168
SOMO00001,REminiscence Vita,5657,04/21/2021, 15:15:38,168
SOMO00001,REminiscence Vita,5657,04/21/2021, 16:27:06,168
SOMO00001,REminiscence Vita,5657,04/21/2021, 17:37:39,168
SOMO00001,REminiscence Vita,5657,04/21/2021, 18:26:36,168
SOMO00001,REminiscence Vita,5657,04/21/2021, 19:18:53,168
SOMO00001,REminiscence Vita,5658,04/21/2021, 20:15:32,168
SOMO00001,REminiscence Vita,5659,04/21/2021, 21:13:39,168
SOMO00001,REminiscence Vita,5659,04/21/2021, 22:17:53,168
SOMO00001,REminiscence Vita,5659,04/21/2021, 23:16:23,168
SOMO00001,REminiscence Vita,5659,04/22/2021, 00:45:51,168
SOMO00001,REminiscence Vita,5659,04/22/2021, 02:04:06,168
SOMO00001,REminiscence Vita,5659,04/22/2021, 03:21:24,168
SOMO00001,REminiscence Vita,5660,04/22/2021, 04:19:34,168
SOMO00001,REminiscence Vita,5660,04/22/2021, 05:19:54,168
SOMO00001,REminiscence Vita,5660,04/22/2021, 06:18:54,168
SOMO00001,REminiscence Vita,5660,04/22/2021, 07:19:12,168
SOMO00001,REminiscence Vita,5660,04/22/2021, 08:18:18,168
SOMO00001,REminiscence Vita,5660,04/22/2021, 09:15:43,168
SOMO00001,REminiscence Vita,5660,04/22/2021, 10:15:47,168
SOMO00001,REminiscence Vita,5660,04/22/2021, 11:12:58,168
SOMO00001,REminiscence Vita,5660,04/22/2021, 12:21:58,168
SOMO00001,REminiscence Vita,5660,04/22/2021, 13:24:28,168
SOMO00001,REminiscence Vita,5660,04/22/2021, 14:15:13,168
SOMO00001,REminiscence Vita,5661,04/22/2021, 15:15:37,168
SOMO00001,REminiscence Vita,5661,04/22/2021, 16:26:01,168
SOMO00001,REminiscence Vita,5661,04/22/2021, 17:41:25,168
SOMO00001,REminiscence Vita,5662,04/22/2021, 18:28:36,168
SOMO00001,REminiscence Vita,5662,04/22/2021, 19:19:57,168
SOMO00001,REminiscence Vita,5662,04/22/2021, 20:16:00,168
SOMO00001,REminiscence Vita,5662,04/22/2021, 21:13:51,168
SOMO00001,REminiscence Vita,5662,04/22/2021, 22:18:04,168
SOMO00001,REminiscence Vita,5662,04/22/2021, 23:15:33,168
SOMO00001,REminiscence Vita,5663,04/23/2021, 00:45:09,168
SOMO00001,REminiscence Vita,5663,04/23/2021, 02:08:59,168
SOMO00001,REminiscence Vita,5663,04/23/2021, 03:20:29,168
SOMO00001,REminiscence Vita,5663,04/23/2021, 04:19:54,168
SOMO00001,REminiscence Vita,5663,04/23/2021, 05:20:30,168
SOMO00001,REminiscence Vita,5663,04/23/2021, 06:18:43,168
SOMO00001,REminiscence Vita,5663,04/23/2021, 07:19:29,168
SOMO00001,REminiscence Vita,5663,04/23/2021, 08:18:45,168
SOMO00001,REminiscence Vita,5664,04/23/2021, 09:16:39,168
SOMO00001,REminiscence Vita,5664,04/23/2021, 10:16:24,168
SOMO00001,REminiscence Vita,5664,04/23/2021, 11:13:02,168
SOMO00001,REminiscence Vita,5664,04/23/2021, 12:21:34,168
SOMO00001,REminiscence Vita,5664,04/23/2021, 13:23:25,168
SOMO00001,REminiscence Vita,5664,04/23/2021, 14:15:36,168
SOMO00001,REminiscence Vita,5664,04/23/2021, 15:15:59,168
SOMO00001,REminiscence Vita,5664,04/23/2021, 16:27:11,168
SOMO00001,REminiscence Vita,5664,04/23/2021, 17:43:14,168
SOMO00001,REminiscence Vita,5664,04/23/2021, 18:28:09,168
SOMO00001,REminiscence Vita,5664,04/23/2021, 19:20:18,168
SOMO00001,REminiscence Vita,5664,04/23/2021, 20:16:06,168
SOMO00001,REminiscence Vita,5664,04/23/2021, 21:13:40,168
SOMO00001,REminiscence Vita,5664,04/23/2021, 22:18:12,168
SOMO00001,REminiscence Vita,5664,04/23/2021, 23:16:27,168
SOMO00001,REminiscence Vita,5664,04/24/2021, 00:46:39,168
SOMO00001,REminiscence Vita,5665,04/24/2021, 02:06:18,168
SOMO00001,REminiscence Vita,5665,04/24/2021, 03:20:48,168
SOMO00001,REminiscence Vita,5665,04/24/2021, 04:19:27,168
SOMO00001,REminiscence Vita,5666,04/24/2021, 05:20:00,168
SOMO00001,REminiscence Vita,5667,04/24/2021, 06:18:26,168
SOMO00001,REminiscence Vita,5667,04/24/2021, 07:19:08,168
SOMO00001,REminiscence Vita,5667,04/24/2021, 08:16:42,168
SOMO00001,REminiscence Vita,5667,04/24/2021, 09:14:54,168
SOMO00001,REminiscence Vita,5667,04/24/2021, 10:15:30,168
SOMO00001,REminiscence Vita,5667,04/24/2021, 11:12:58,168
SOMO00001,REminiscence Vita,5667,04/24/2021, 12:20:52,168
SOMO00001,REminiscence Vita,5667,04/24/2021, 13:23:19,168
SOMO00001,REminiscence Vita,5667,04/24/2021, 14:14:37,168
SOMO00001,REminiscence Vita,5667,04/24/2021, 15:15:05,168
SOMO00001,REminiscence Vita,5667,04/24/2021, 16:26:28,168
SOMO00001,REminiscence Vita,5667,04/24/2021, 17:41:13,168
SOMO00001,REminiscence Vita,5667,04/24/2021, 18:26:29,168
SOMO00001,REminiscence Vita,5667,04/24/2021, 19:17:43,168
SOMO00001,REminiscence Vita,5667,04/24/2021, 20:15:49,168
SOMO00001,REminiscence Vita,5667,04/24/2021, 21:13:17,168
SOMO00001,REminiscence Vita,5667,04/24/2021, 22:18:06,168
SOMO00001,REminiscence Vita,5667,04/24/2021, 23:15:14,168
SOMO00001,REminiscence Vita,5667,04/25/2021, 00:48:26,168
SOMO00001,REminiscence Vita,5668,04/25/2021, 02:11:40,168
SOMO00001,REminiscence Vita,5668,04/25/2021, 03:23:42,168
SOMO00001,REminiscence Vita,5668,04/25/2021, 04:20:52,168
SOMO00001,REminiscence Vita,5668,04/25/2021, 05:20:51,168
SOMO00001,REminiscence Vita,5668,04/25/2021, 06:18:35,168
SOMO00001,REminiscence Vita,5668,04/25/2021, 07:18:37,168
SOMO00001,REminiscence Vita,5668,04/25/2021, 08:17:06,168
SOMO00001,REminiscence Vita,5668,04/25/2021, 09:15:05,168
SOMO00001,REminiscence Vita,5669,04/25/2021, 10:15:38,168
SOMO00001,REminiscence Vita,5669,04/25/2021, 11:12:53,168
SOMO00001,REminiscence Vita,5671,04/25/2021, 12:21:12,168
SOMO00001,REminiscence Vita,5671,04/25/2021, 13:22:41,168
SOMO00001,REminiscence Vita,5671,04/25/2021, 14:14:46,168
SOMO00001,REminiscence Vita,5671,04/25/2021, 15:15:19,168
SOMO00001,REminiscence Vita,5671,04/25/2021, 16:26:23,168
SOMO00001,REminiscence Vita,5672,04/25/2021, 17:42:00,168
SOMO00001,REminiscence Vita,5672,04/25/2021, 18:27:42,168
SOMO00001,REminiscence Vita,5672,04/25/2021, 19:18:29,168
SOMO00001,REminiscence Vita,5674,04/25/2021, 20:15:36,168
SOMO00001,REminiscence Vita,5674,04/25/2021, 21:13:36,168
SOMO00001,REminiscence Vita,5674,04/25/2021, 22:17:58,168
SOMO00001,REminiscence Vita,5674,04/25/2021, 23:15:42,168
SOMO00001,REminiscence Vita,5674,04/26/2021, 00:47:56,168
SOMO00001,REminiscence Vita,5674,04/26/2021, 02:11:15,168
SOMO00001,REminiscence Vita,5674,04/26/2021, 03:23:49,168
SOMO00001,REminiscence Vita,5674,04/26/2021, 04:21:09,168
SOMO00001,REminiscence Vita,5674,04/26/2021, 05:21:37,168
SOMO00001,REminiscence Vita,5674,04/26/2021, 06:19:13,168
SOMO00001,REminiscence Vita,5674,04/26/2021, 07:20:37,168
SOMO00001,REminiscence Vita,5674,04/26/2021, 08:18:21,168
SOMO00001,REminiscence Vita,5674,04/26/2021, 09:16:26,168
SOMO00001,REminiscence Vita,5674,04/26/2021, 10:16:24,168
SOMO00001,REminiscence Vita,5674,04/26/2021, 11:13:06,168
SOMO00001,REminiscence Vita,5674,04/26/2021, 12:22:01,168
SOMO00001,REminiscence Vita,5674,04/26/2021, 13:25:17,168
SOMO00001,REminiscence Vita,5674,04/26/2021, 14:15:50,168
SOMO00001,REminiscence Vita,5674,04/26/2021, 15:16:01,168
SOMO00001,REminiscence Vita,5674,04/26/2021, 16:26:54,168
SOMO00001,REminiscence Vita,5674,04/26/2021, 17:42:18,168
SOMO00001,REminiscence Vita,5675,04/26/2021, 18:27:47,168
SOMO00001,REminiscence Vita,5675,04/26/2021, 19:18:53,168
SOMO00001,REminiscence Vita,5675,04/26/2021, 20:15:42,168
SOMO00001,REminiscence Vita,5676,04/26/2021, 21:14:00,168
SOMO00001,REminiscence Vita,5676,04/26/2021, 22:18:13,168
SOMO00001,REminiscence Vita,5677,04/26/2021, 23:15:24,168
SOMO00001,REminiscence Vita,5677,04/27/2021, 00:44:50,168
SOMO00001,REminiscence Vita,5677,04/27/2021, 02:04:39,168
SOMO00001,REminiscence Vita,5677,04/27/2021, 03:20:05,168
SOMO00001,REminiscence Vita,5677,04/27/2021, 04:18:35,168
SOMO00001,REminiscence Vita,5677,04/27/2021, 05:19:16,168
SOMO00001,REminiscence Vita,5677,04/27/2021, 06:18:23,168
SOMO00001,REminiscence Vita,5677,04/27/2021, 07:18:31,168
SOMO00001,REminiscence Vita,5678,04/27/2021, 08:17:50,168
SOMO00001,REminiscence Vita,5678,04/27/2021, 09:15:17,168
SOMO00001,REminiscence Vita,5678,04/27/2021, 10:15:43,168
SOMO00001,REminiscence Vita,5678,04/27/2021, 11:13:20,168
SOMO00001,REminiscence Vita,5679,04/27/2021, 12:21:47,168
SOMO00001,REminiscence Vita,5680,04/27/2021, 13:23:49,168
SOMO00001,REminiscence Vita,5680,04/27/2021, 14:15:26,168
SOMO00001,REminiscence Vita,5681,04/27/2021, 15:16:00,168
SOMO00001,REminiscence Vita,5681,04/27/2021, 16:27:00,168
SOMO00001,REminiscence Vita,5681,04/27/2021, 17:42:51,168
SOMO00001,REminiscence Vita,5681,04/27/2021, 18:28:06,168
SOMO00001,REminiscence Vita,5681,04/27/2021, 19:19:02,168
SOMO00001,REminiscence Vita,5681,04/27/2021, 20:16:01,168
SOMO00001,REminiscence Vita,5681,04/27/2021, 21:14:03,168
SOMO00001,REminiscence Vita,5681,04/27/2021, 22:18:22,168
SOMO00001,REminiscence Vita,5681,04/27/2021, 23:15:58,168
SOMO00001,REminiscence Vita,5681,04/28/2021, 00:45:36,168
SOMO00001,REminiscence Vita,5681,04/28/2021, 02:03:48,168
SOMO00001,REminiscence Vita,5681,04/28/2021, 03:21:40,168
SOMO00001,REminiscence Vita,5681,04/28/2021, 04:19:47,168
SOMO00001,REminiscence Vita,5681,04/28/2021, 05:20:05,168
SOMO00001,REminiscence Vita,5682,04/28/2021, 06:18:55,168
SOMO00001,REminiscence Vita,5682,04/28/2021, 07:19:12,168
SOMO00001,REminiscence Vita,5682,04/28/2021, 08:17:14,168
SOMO00001,REminiscence Vita,5682,04/28/2021, 09:15:39,168
SOMO00001,REminiscence Vita,5682,04/28/2021, 10:15:58,168
SOMO00001,REminiscence Vita,5682,04/28/2021, 11:13:17,168
SOMO00001,REminiscence Vita,5682,04/28/2021, 12:22:12,168
SOMO00001,REminiscence Vita,5682,04/28/2021, 13:24:08,168
SOMO00001,REminiscence Vita,5683,04/28/2021, 14:15:18,168
SOMO00001,REminiscence Vita,5683,04/28/2021, 15:16:30,168
SOMO00001,REminiscence Vita,5683,04/28/2021, 16:28:55,168
SOMO00001,REminiscence Vita,5683,04/28/2021, 17:44:34,168
SOMO00001,REminiscence Vita,5683,04/28/2021, 18:28:14,168
SOMO00001,REminiscence Vita,5683,04/28/2021, 19:19:08,168
SOMO00001,REminiscence Vita,5683,04/28/2021, 20:16:15,168
SOMO00001,REminiscence Vita,5683,04/28/2021, 21:14:09,168
SOMO00001,REminiscence Vita,5683,04/28/2021, 22:15:10,168
SOMO00001,REminiscence Vita,5683,04/28/2021, 23:15:30,168
SOMO00001,REminiscence Vita,5683,04/29/2021, 00:44:18,168
SOMO00001,REminiscence Vita,5683,04/29/2021, 02:02:53,168
SOMO00001,REminiscence Vita,5683,04/29/2021, 03:17:29,168
SOMO00001,REminiscence Vita,5683,04/29/2021, 04:15:40,168
SOMO00001,REminiscence Vita,5683,04/29/2021, 05:16:50,168
SOMO00001,REminiscence Vita,5683,04/29/2021, 06:16:01,168
SOMO00001,REminiscence Vita,5683,04/29/2021, 07:14:47,168
SOMO00001,REminiscence Vita,5683,04/29/2021, 08:15:28,168
SOMO00001,REminiscence Vita,5683,04/29/2021, 09:13:25,168
SOMO00001,REminiscence Vita,5683,04/29/2021, 10:13:47,168
SOMO00001,REminiscence Vita,5683,04/29/2021, 11:11:21,168
SOMO00001,REminiscence Vita,5683,04/29/2021, 12:18:49,168
SOMO00001,REminiscence Vita,5683,04/29/2021, 13:22:56,168
SOMO00001,REminiscence Vita,5683,04/29/2021, 14:13:25,168
SOMO00001,REminiscence Vita,5683,04/29/2021, 15:14:13,168
SOMO00001,REminiscence Vita,5684,04/29/2021, 16:23:31,168
SOMO00001,REminiscence Vita,5684,04/29/2021, 17:37:49,168
SOMO00001,REminiscence Vita,5684,04/29/2021, 18:23:17,168
SOMO00001,REminiscence Vita,5684,04/29/2021, 19:15:49,168
SOMO00001,REminiscence Vita,5684,04/29/2021, 20:13:47,168
SOMO00001,REminiscence Vita,5684,04/29/2021, 21:11:49,168
SOMO00001,REminiscence Vita,5684,04/29/2021, 22:15:43,168
SOMO00001,REminiscence Vita,5685,04/29/2021, 23:12:42,168
SOMO00001,REminiscence Vita,5685,04/30/2021, 00:37:55,168
SOMO00001,REminiscence Vita,5686,04/30/2021, 02:04:00,168
SOMO00001,REminiscence Vita,5686,04/30/2021, 03:18:15,168
SOMO00001,REminiscence Vita,5686,04/30/2021, 04:16:07,168
SOMO00001,REminiscence Vita,5686,04/30/2021, 05:16:58,168
SOMO00001,REminiscence Vita,5686,04/30/2021, 06:15:41,168
SOMO00001,REminiscence Vita,5686,04/30/2021, 07:15:50,168
SOMO00001,REminiscence Vita,5686,04/30/2021, 08:16:20,168
SOMO00001,REminiscence Vita,5687,04/30/2021, 09:13:11,168
SOMO00001,REminiscence Vita,5687,04/30/2021, 10:13:37,168
SOMO00001,REminiscence Vita,5687,04/30/2021, 11:11:17,168
SOMO00001,REminiscence Vita,5688,04/30/2021, 12:18:15,168
SOMO00001,REminiscence Vita,5688,04/30/2021, 13:22:00,168
SOMO00001,REminiscence Vita,5688,04/30/2021, 14:13:09,168
SOMO00001,REminiscence Vita,5688,04/30/2021, 15:14:00,168
SOMO00001,REminiscence Vita,5688,04/30/2021, 16:22:29,168
SOMO00001,REminiscence Vita,5688,04/30/2021, 17:37:05,168
SOMO00001,REminiscence Vita,5688,04/30/2021, 18:21:49,168
SOMO00001,REminiscence Vita,5688,04/30/2021, 19:15:18,168
SOMO00001,REminiscence Vita,5688,04/30/2021, 20:13:49,168
SOMO00001,REminiscence Vita,5688,04/30/2021, 21:12:05,168
SOMO00001,REminiscence Vita,5688,04/30/2021, 22:15:30,168
SOMO00001,REminiscence Vita,5688,04/30/2021, 23:12:49,168
SOMO00001,REminiscence Vita,5688,05/01/2021, 00:39:59,168
SOMO00001,REminiscence Vita,5688,05/01/2021, 02:08:13,168
SOMO00001,REminiscence Vita,5688,05/01/2021, 03:18:57,168
SOMO00001,REminiscence Vita,5688,05/01/2021, 04:16:18,168
SOMO00001,REminiscence Vita,5688,05/01/2021, 05:16:53,168
SOMO00001,REminiscence Vita,5688,05/01/2021, 07:15:26,168
SOMO00001,REminiscence Vita,5688,05/01/2021, 08:15:01,168
SOMO00001,REminiscence Vita,5688,05/01/2021, 09:12:53,168
SOMO00001,REminiscence Vita,5688,05/01/2021, 10:13:23,168
SOMO00001,REminiscence Vita,5688,05/01/2021, 11:11:05,168
SOMO00001,REminiscence Vita,5688,05/01/2021, 12:17:44,168
SOMO00001,REminiscence Vita,5688,05/01/2021, 13:21:49,168
SOMO00001,REminiscence Vita,5688,05/01/2021, 14:12:32,168
SOMO00001,REminiscence Vita,5689,05/01/2021, 15:13:13,168
SOMO00001,REminiscence Vita,5689,05/01/2021, 16:21:32,168
SOMO00001,REminiscence Vita,5689,05/01/2021, 17:38:09,168
SOMO00001,REminiscence Vita,5689,05/01/2021, 18:21:37,168
SOMO00001,REminiscence Vita,5690,05/01/2021, 19:14:14,168
SOMO00001,REminiscence Vita,5690,05/01/2021, 20:13:17,168
SOMO00001,REminiscence Vita,5691,05/01/2021, 21:11:27,168
SOMO00001,REminiscence Vita,5691,05/01/2021, 22:15:24,168
SOMO00001,REminiscence Vita,5692,05/01/2021, 23:14:42,168
SOMO00001,REminiscence Vita,5692,05/02/2021, 00:43:57,168
SOMO00001,REminiscence Vita,5693,05/02/2021, 02:12:45,168
SOMO00001,REminiscence Vita,5693,05/02/2021, 03:22:13,168
SOMO00001,REminiscence Vita,5693,05/02/2021, 04:18:00,168
SOMO00001,REminiscence Vita,5693,05/02/2021, 05:18:22,168
SOMO00001,REminiscence Vita,5693,05/02/2021, 06:15:37,168
SOMO00001,REminiscence Vita,5693,05/02/2021, 07:15:57,168
SOMO00001,REminiscence Vita,5693,05/02/2021, 08:14:35,168
SOMO00001,REminiscence Vita,5693,05/02/2021, 09:13:03,168
SOMO00001,REminiscence Vita,5693,05/02/2021, 10:13:21,168
SOMO00001,REminiscence Vita,5693,05/02/2021, 11:11:23,168
SOMO00001,REminiscence Vita,5693,05/02/2021, 12:17:39,168
SOMO00001,REminiscence Vita,5693,05/02/2021, 13:21:26,168
SOMO00001,REminiscence Vita,5693,05/02/2021, 14:12:18,168
SOMO00001,REminiscence Vita,5693,05/02/2021, 15:13:26,168
SOMO00001,REminiscence Vita,5693,05/02/2021, 16:22:03,168
SOMO00001,REminiscence Vita,5694,05/02/2021, 17:36:09,168
SOMO00001,REminiscence Vita,5694,05/02/2021, 18:19:58,168
SOMO00001,REminiscence Vita,5694,05/02/2021, 19:13:57,168
SOMO00001,REminiscence Vita,5694,05/02/2021, 20:13:27,168
SOMO00001,REminiscence Vita,5694,05/02/2021, 21:11:26,168
SOMO00001,REminiscence Vita,5695,05/02/2021, 22:14:59,168
SOMO00001,REminiscence Vita,5696,05/02/2021, 23:12:41,168
SOMO00001,REminiscence Vita,5696,05/03/2021, 00:39:43,168
SOMO00001,REminiscence Vita,5696,05/03/2021, 02:08:12,168
SOMO00001,REminiscence Vita,5696,05/03/2021, 03:20:42,168
SOMO00001,REminiscence Vita,5696,05/03/2021, 04:16:52,168
SOMO00001,REminiscence Vita,5696,05/03/2021, 05:17:41,168
SOMO00001,REminiscence Vita,5696,05/03/2021, 06:16:17,168
SOMO00001,REminiscence Vita,5696,05/03/2021, 07:17:10,168
SOMO00001,REminiscence Vita,5696,05/03/2021, 08:15:07,168
SOMO00001,REminiscence Vita,5696,05/03/2021, 09:13:33,168
SOMO00001,REminiscence Vita,5696,05/03/2021, 10:13:47,168
SOMO00001,REminiscence Vita,5696,05/03/2021, 11:10:59,168
SOMO00001,REminiscence Vita,5696,05/03/2021, 12:19:12,168
SOMO00001,REminiscence Vita,5696,05/03/2021, 13:23:36,168
SOMO00001,REminiscence Vita,5696,05/03/2021, 14:13:16,168
SOMO00001,REminiscence Vita,5696,05/03/2021, 15:14:20,168
SOMO00001,REminiscence Vita,5696,05/03/2021, 16:23:03,168
SOMO00001,REminiscence Vita,5696,05/03/2021, 17:39:12,168
SOMO00001,REminiscence Vita,5696,05/03/2021, 18:20:48,168
SOMO00001,REminiscence Vita,5696,05/03/2021, 19:14:31,168
SOMO00001,REminiscence Vita,5696,05/03/2021, 20:12:48,168
SOMO00001,REminiscence Vita,5696,05/03/2021, 21:10:58,168
SOMO00001,REminiscence Vita,5696,05/03/2021, 22:13:51,168
SOMO00001,REminiscence Vita,5696,05/03/2021, 23:11:15,168
SOMO00001,REminiscence Vita,5696,05/04/2021, 00:34:52,168
SOMO00001,REminiscence Vita,5696,05/04/2021, 02:03:04,168
SOMO00001,REminiscence Vita,5696,05/04/2021, 03:17:14,168
SOMO00001,REminiscence Vita,5696,05/04/2021, 04:13:48,168
SOMO00001,REminiscence Vita,5696,05/04/2021, 05:14:34,168
SOMO00001,REminiscence Vita,5696,05/04/2021, 06:13:44,168
SOMO00001,REminiscence Vita,5696,05/04/2021, 08:13:26,168
SOMO00001,REminiscence Vita,5696,05/04/2021, 09:12:00,168
SOMO00001,REminiscence Vita,5696,05/04/2021, 10:11:57,168
SOMO00001,REminiscence Vita,5696,05/04/2021, 11:09:28,168
SOMO00001,REminiscence Vita,5696,05/04/2021, 12:15:46,168
SOMO00001,REminiscence Vita,5696,05/04/2021, 13:19:53,168
SOMO00001,REminiscence Vita,5697,05/04/2021, 14:11:11,168
SOMO00001,REminiscence Vita,5697,05/04/2021, 15:11:58,168
SOMO00001,REminiscence Vita,5697,05/04/2021, 16:17:31,168
SOMO00001,REminiscence Vita,5697,05/04/2021, 17:31:04,168
SOMO00001,REminiscence Vita,5697,05/04/2021, 18:15:38,168
SOMO00001,REminiscence Vita,5697,05/04/2021, 19:11:25,168
SOMO00001,REminiscence Vita,5697,05/04/2021, 20:11:42,168
SOMO00001,REminiscence Vita,5697,05/04/2021, 21:09:57,168
SOMO00001,REminiscence Vita,5697,05/04/2021, 22:13:30,168
SOMO00001,REminiscence Vita,5697,05/04/2021, 23:11:10,168
SOMO00001,REminiscence Vita,5697,05/05/2021, 00:30:15,168
SOMO00001,REminiscence Vita,5697,05/05/2021, 01:58:16,168
SOMO00001,REminiscence Vita,5697,05/05/2021, 02:42:51,168
SOMO00001,REminiscence Vita,5698,05/05/2021, 03:16:11,168
SOMO00001,REminiscence Vita,5698,05/05/2021, 04:13:19,168
SOMO00001,REminiscence Vita,5698,05/05/2021, 05:13:49,168
SOMO00001,REminiscence Vita,5698,05/05/2021, 06:13:48,168
SOMO00001,REminiscence Vita,5698,05/05/2021, 07:14:44,168
SOMO00001,REminiscence Vita,5698,05/05/2021, 08:12:30,168
SOMO00001,REminiscence Vita,5698,05/05/2021, 09:11:26,168
SOMO00001,REminiscence Vita,5699,05/05/2021, 10:11:53,168
SOMO00001,REminiscence Vita,5699,05/05/2021, 11:09:37,168
SOMO00001,REminiscence Vita,5699,05/05/2021, 12:16:21,168
SOMO00001,REminiscence Vita,5699,05/05/2021, 13:22:19,168
SOMO00001,REminiscence Vita,5699,05/05/2021, 14:11:28,168
SOMO00001,REminiscence Vita,5699,05/05/2021, 15:11:55,168
SOMO00001,REminiscence Vita,5699,05/05/2021, 16:18:37,168
SOMO00001,REminiscence Vita,5699,05/05/2021, 17:34:41,168
SOMO00001,REminiscence Vita,5699,05/05/2021, 18:18:43,168
SOMO00001,REminiscence Vita,5699,05/05/2021, 19:14:13,168
SOMO00001,REminiscence Vita,5699,05/05/2021, 20:11:37,168
SOMO00001,REminiscence Vita,5699,05/05/2021, 21:10:16,168
SOMO00001,REminiscence Vita,5699,05/05/2021, 22:13:46,168
SOMO00001,REminiscence Vita,5699,05/05/2021, 23:11:32,168
SOMO00001,REminiscence Vita,5699,05/06/2021, 00:29:49,168
SOMO00001,REminiscence Vita,5699,05/06/2021, 01:58:02,168
SOMO00001,REminiscence Vita,5699,05/06/2021, 02:43:04,168
SOMO00001,REminiscence Vita,5699,05/06/2021, 03:16:22,168
SOMO00001,REminiscence Vita,5699,05/06/2021, 04:13:24,168
SOMO00001,REminiscence Vita,5699,05/06/2021, 05:14:04,168
SOMO00001,REminiscence Vita,5699,05/06/2021, 06:13:28,168
SOMO00001,REminiscence Vita,5699,05/06/2021, 07:13:36,168
SOMO00001,REminiscence Vita,5699,05/06/2021, 08:12:26,168
SOMO00001,REminiscence Vita,5699,05/06/2021, 09:11:30,168
SOMO00001,REminiscence Vita,5699,05/06/2021, 10:11:36,168
SOMO00001,REminiscence Vita,5699,05/06/2021, 11:10:01,168
SOMO00001,REminiscence Vita,5699,05/06/2021, 12:15:05,168
SOMO00001,REminiscence Vita,5699,05/06/2021, 13:21:09,168
SOMO00001,REminiscence Vita,5699,05/06/2021, 14:11:06,168
SOMO00001,REminiscence Vita,5699,05/06/2021, 15:11:52,168
SOMO00001,REminiscence Vita,5699,05/06/2021, 16:20:48,168
SOMO00001,REminiscence Vita,5699,05/06/2021, 17:36:23,168
SOMO00001,REminiscence Vita,5699,05/06/2021, 18:19:17,168
SOMO00001,REminiscence Vita,5699,05/06/2021, 19:13:59,168
SOMO00001,REminiscence Vita,5700,05/06/2021, 20:12:25,168
SOMO00001,REminiscence Vita,5702,05/06/2021, 21:08:53,168
SOMO00001,REminiscence Vita,5703,05/06/2021, 22:13:54,168
SOMO00001,REminiscence Vita,5703,05/06/2021, 23:11:26,168
SOMO00001,REminiscence Vita,5703,05/07/2021, 00:31:08,168
SOMO00001,REminiscence Vita,5703,05/07/2021, 02:02:30,168
SOMO00001,REminiscence Vita,5703,05/07/2021, 03:18:29,168
SOMO00001,REminiscence Vita,5703,05/07/2021, 04:17:17,168
SOMO00001,REminiscence Vita,5703,05/07/2021, 05:15:58,168
SOMO00001,REminiscence Vita,5703,05/07/2021, 06:13:23,168
SOMO00001,REminiscence Vita,5703,05/07/2021, 07:14:37,168
SOMO00001,REminiscence Vita,5703,05/07/2021, 08:13:51,168
SOMO00001,REminiscence Vita,5703,05/07/2021, 09:11:02,168
SOMO00001,REminiscence Vita,5703,05/07/2021, 10:11:51,168
SOMO00001,REminiscence Vita,5703,05/07/2021, 11:09:46,168
SOMO00001,REminiscence Vita,5703,05/07/2021, 12:15:16,168
SOMO00001,REminiscence Vita,5703,05/07/2021, 13:20:54,168
SOMO00001,REminiscence Vita,5703,05/07/2021, 14:11:15,168
SOMO00001,REminiscence Vita,5703,05/07/2021, 15:13:58,168
SOMO00001,REminiscence Vita,5703,05/07/2021, 16:21:09,168
SOMO00001,REminiscence Vita,5703,05/07/2021, 17:36:07,168
SOMO00001,REminiscence Vita,5703,05/07/2021, 18:19:16,168
SOMO00001,REminiscence Vita,5703,05/07/2021, 19:12:56,168
SOMO00001,REminiscence Vita,5703,05/07/2021, 20:11:45,168
SOMO00001,REminiscence Vita,5703,05/07/2021, 21:10:20,168
SOMO00001,REminiscence Vita,5703,05/07/2021, 22:14:41,168
SOMO00001,REminiscence Vita,5703,05/07/2021, 23:11:03,168
SOMO00001,REminiscence Vita,5703,05/08/2021, 00:30:59,168
SOMO00001,REminiscence Vita,5703,05/08/2021, 02:00:57,168
SOMO00001,REminiscence Vita,5703,05/08/2021, 03:17:15,168
SOMO00001,REminiscence Vita,5703,05/08/2021, 04:14:08,168
SOMO00001,REminiscence Vita,5704,05/08/2021, 05:14:17,168
SOMO00001,REminiscence Vita,5704,05/08/2021, 06:13:26,168
SOMO00001,REminiscence Vita,5704,05/08/2021, 07:15:13,168
SOMO00001,REminiscence Vita,5704,05/08/2021, 08:12:39,168
SOMO00001,REminiscence Vita,5704,05/08/2021, 09:11:15,168
SOMO00001,REminiscence Vita,5705,05/08/2021, 10:12:12,168
SOMO00001,REminiscence Vita,5705,05/08/2021, 11:09:37,168
SOMO00001,REminiscence Vita,5705,05/08/2021, 12:15:38,168
SOMO00001,REminiscence Vita,5705,05/08/2021, 13:19:57,168
SOMO00001,REminiscence Vita,5705,05/08/2021, 14:10:47,168
SOMO00001,REminiscence Vita,5705,05/08/2021, 15:11:40,168
SOMO00001,REminiscence Vita,5705,05/08/2021, 16:20:02,168
SOMO00001,REminiscence Vita,5706,05/08/2021, 17:33:58,168
SOMO00001,REminiscence Vita,5706,05/08/2021, 18:17:23,168
SOMO00001,REminiscence Vita,5706,05/08/2021, 19:10:51,168
SOMO00001,REminiscence Vita,5706,05/08/2021, 20:11:27,168
SOMO00001,REminiscence Vita,5706,05/08/2021, 21:10:06,168
SOMO00001,REminiscence Vita,5706,05/08/2021, 22:13:30,168
SOMO00001,REminiscence Vita,5706,05/08/2021, 23:11:16,168
SOMO00001,REminiscence Vita,5706,05/09/2021, 00:33:47,168
SOMO00001,REminiscence Vita,5706,05/09/2021, 02:03:19,168
SOMO00001,REminiscence Vita,5706,05/09/2021, 03:17:21,168
SOMO00001,REminiscence Vita,5706,05/09/2021, 04:13:45,168
SOMO00001,REminiscence Vita,5707,05/09/2021, 05:14:16,168
SOMO00001,REminiscence Vita,5707,05/09/2021, 06:12:53,168
SOMO00001,REminiscence Vita,5707,05/09/2021, 07:13:28,168
SOMO00001,REminiscence Vita,5707,05/09/2021, 08:12:34,168
SOMO00001,REminiscence Vita,5708,05/09/2021, 09:11:38,168
SOMO00001,REminiscence Vita,5708,05/09/2021, 10:11:35,168
SOMO00001,REminiscence Vita,5708,05/09/2021, 11:09:24,168
SOMO00001,REminiscence Vita,5708,05/09/2021, 12:15:05,168
SOMO00001,REminiscence Vita,5708,05/09/2021, 13:20:02,168
SOMO00001,REminiscence Vita,5708,05/09/2021, 14:10:34,168
SOMO00001,REminiscence Vita,5708,05/09/2021, 15:11:32,168
SOMO00001,REminiscence Vita,5708,05/09/2021, 16:20:42,168
SOMO00001,REminiscence Vita,5708,05/09/2021, 17:35:01,168
SOMO00001,REminiscence Vita,5708,05/09/2021, 18:17:16,168
SOMO00001,REminiscence Vita,5708,05/09/2021, 19:11:40,168
SOMO00001,REminiscence Vita,5710,05/09/2021, 20:11:22,168
SOMO00001,REminiscence Vita,5710,05/09/2021, 21:10:15,168
SOMO00001,REminiscence Vita,5710,05/09/2021, 22:13:51,168
SOMO00001,REminiscence Vita,5710,05/09/2021, 23:11:00,168
SOMO00001,REminiscence Vita,5710,05/10/2021, 00:32:37,168
SOMO00001,REminiscence Vita,5710,05/10/2021, 02:06:01,168
SOMO00001,REminiscence Vita,5710,05/10/2021, 03:21:20,168
SOMO00001,REminiscence Vita,5710,05/10/2021, 04:16:38,168
SOMO00001,REminiscence Vita,5710,05/10/2021, 05:16:30,168
SOMO00001,REminiscence Vita,5710,05/10/2021, 06:13:11,168
SOMO00001,REminiscence Vita,5710,05/10/2021, 07:14:47,168
SOMO00001,REminiscence Vita,5710,05/10/2021, 08:13:10,168
SOMO00001,REminiscence Vita,5710,05/10/2021, 09:12:28,168
SOMO00001,REminiscence Vita,5710,05/10/2021, 10:11:41,168
SOMO00001,REminiscence Vita,5710,05/10/2021, 11:09:55,168
SOMO00001,REminiscence Vita,5710,05/10/2021, 12:15:37,168
SOMO00001,REminiscence Vita,5710,05/10/2021, 13:21:26,168
SOMO00001,REminiscence Vita,5710,05/10/2021, 14:11:18,168
SOMO00001,REminiscence Vita,5710,05/10/2021, 15:11:55,168
SOMO00001,REminiscence Vita,5710,05/10/2021, 16:20:38,168
SOMO00001,REminiscence Vita,5710,05/10/2021, 17:38:58,168
SOMO00001,REminiscence Vita,5710,05/10/2021, 18:22:56,168
SOMO00001,REminiscence Vita,5710,05/10/2021, 19:15:42,168
SOMO00001,REminiscence Vita,5710,05/10/2021, 20:12:05,168
SOMO00001,REminiscence Vita,5710,05/10/2021, 21:10:11,168
SOMO00001,REminiscence Vita,5710,05/10/2021, 22:13:52,168
SOMO00001,REminiscence Vita,5710,05/10/2021, 23:11:03,168
SOMO00001,REminiscence Vita,5710,05/11/2021, 00:32:09,168
SOMO00001,REminiscence Vita,5710,05/11/2021, 02:04:47,168
SOMO00001,REminiscence Vita,5710,05/11/2021, 03:20:06,168
SOMO00001,REminiscence Vita,5710,05/11/2021, 04:15:23,168
SOMO00001,REminiscence Vita,5710,05/11/2021, 05:15:52,168
SOMO00001,REminiscence Vita,5710,05/11/2021, 06:13:32,168
SOMO00001,REminiscence Vita,5710,05/11/2021, 07:14:19,168
SOMO00001,REminiscence Vita,5710,05/11/2021, 08:13:09,168
SOMO00001,REminiscence Vita,5710,05/11/2021, 09:11:37,168
SOMO00001,REminiscence Vita,5710,05/11/2021, 10:12:00,168
SOMO00001,REminiscence Vita,5710,05/11/2021, 11:09:29,168
SOMO00001,REminiscence Vita,5710,05/11/2021, 12:15:58,168
SOMO00001,REminiscence Vita,5710,05/11/2021, 13:22:19,168
SOMO00001,REminiscence Vita,5710,05/11/2021, 14:11:13,168
SOMO00001,REminiscence Vita,5710,05/11/2021, 15:12:05,168
SOMO00001,REminiscence Vita,5710,05/11/2021, 16:22:27,168
SOMO00001,REminiscence Vita,5710,05/11/2021, 17:39:06,168
SOMO00001,REminiscence Vita,5710,05/11/2021, 18:23:00,168
SOMO00001,REminiscence Vita,5710,05/11/2021, 19:16:09,168
SOMO00001,REminiscence Vita,5710,05/11/2021, 20:12:28,168
SOMO00001,REminiscence Vita,5710,05/11/2021, 21:10:12,168
SOMO00001,REminiscence Vita,5710,05/11/2021, 22:13:59,168
SOMO00001,REminiscence Vita,5710,05/11/2021, 23:11:18,168
SOMO00001,REminiscence Vita,5710,05/12/2021, 00:33:36,168
SOMO00001,REminiscence Vita,5710,05/12/2021, 02:05:53,168
SOMO00001,REminiscence Vita,5710,05/12/2021, 03:23:16,168
SOMO00001,REminiscence Vita,5710,05/12/2021, 04:19:32,168
SOMO00001,REminiscence Vita,5710,05/12/2021, 05:20:18,168
SOMO00001,REminiscence Vita,5710,05/12/2021, 06:19:54,168
SOMO00001,REminiscence Vita,5710,05/12/2021, 07:17:23,168
SOMO00001,REminiscence Vita,5711,05/12/2021, 08:14:16,168
SOMO00001,REminiscence Vita,5711,05/12/2021, 09:12:58,168
SOMO00001,REminiscence Vita,5711,05/12/2021, 10:13:16,168
SOMO00001,REminiscence Vita,5711,05/12/2021, 11:11:03,168
SOMO00001,REminiscence Vita,5711,05/12/2021, 12:18:42,168
SOMO00001,REminiscence Vita,5712,05/12/2021, 13:25:32,168
SOMO00001,REminiscence Vita,5712,05/12/2021, 14:13:25,168
SOMO00001,REminiscence Vita,5712,05/12/2021, 15:14:00,168
SOMO00001,REminiscence Vita,5712,05/12/2021, 16:26:59,168
SOMO00001,REminiscence Vita,5712,05/12/2021, 17:41:23,168
SOMO00001,REminiscence Vita,5712,05/12/2021, 18:27:08,168
SOMO00001,REminiscence Vita,5712,05/12/2021, 19:19:29,168
SOMO00001,REminiscence Vita,5712,05/12/2021, 20:13:48,168
SOMO00001,REminiscence Vita,5712,05/12/2021, 21:11:42,168
SOMO00001,REminiscence Vita,5712,05/12/2021, 22:15:30,168
SOMO00001,REminiscence Vita,5712,05/12/2021, 23:13:25,168
SOMO00001,REminiscence Vita,5712,05/13/2021, 00:41:53,168
SOMO00001,REminiscence Vita,5712,05/13/2021, 02:14:14,168
SOMO00001,REminiscence Vita,5712,05/13/2021, 03:25:05,168
SOMO00001,REminiscence Vita,5712,05/13/2021, 04:21:17,168
SOMO00001,REminiscence Vita,5712,05/13/2021, 05:21:39,168
SOMO00001,REminiscence Vita,5712,05/13/2021, 06:15:44,168
SOMO00001,REminiscence Vita,5712,05/13/2021, 07:18:33,168
SOMO00001,REminiscence Vita,5712,05/13/2021, 08:15:03,168
SOMO00001,REminiscence Vita,5712,05/13/2021, 09:13:23,168
SOMO00001,REminiscence Vita,5712,05/13/2021, 10:14:05,168
SOMO00001,REminiscence Vita,5712,05/13/2021, 11:12:14,168
SOMO00001,REminiscence Vita,5712,05/13/2021, 12:18:42,168
SOMO00001,REminiscence Vita,5712,05/13/2021, 13:24:59,168
SOMO00001,REminiscence Vita,5712,05/13/2021, 14:12:51,168
SOMO00001,REminiscence Vita,5712,05/13/2021, 15:14:11,168
SOMO00001,REminiscence Vita,5712,05/13/2021, 16:25:41,168
SOMO00001,REminiscence Vita,5712,05/13/2021, 17:41:47,168
SOMO00001,REminiscence Vita,5712,05/13/2021, 18:27:01,168
SOMO00001,REminiscence Vita,5712,05/13/2021, 19:20:32,168
SOMO00001,REminiscence Vita,5712,05/13/2021, 20:14:14,168
SOMO00001,REminiscence Vita,5712,05/13/2021, 21:12:12,168
SOMO00001,REminiscence Vita,5713,05/13/2021, 22:15:41,168
SOMO00001,REminiscence Vita,5713,05/13/2021, 23:16:27,168
SOMO00001,REminiscence Vita,5715,05/14/2021, 00:43:16,168
SOMO00001,REminiscence Vita,5715,05/14/2021, 02:15:20,168
SOMO00001,REminiscence Vita,5715,05/14/2021, 03:27:46,168
SOMO00001,REminiscence Vita,5715,05/14/2021, 04:22:11,168
SOMO00001,REminiscence Vita,5715,05/14/2021, 05:20:57,168
SOMO00001,REminiscence Vita,5715,05/14/2021, 06:15:38,168
SOMO00001,REminiscence Vita,5715,05/14/2021, 07:20:00,168
SOMO00001,REminiscence Vita,5715,05/14/2021, 08:16:23,168
SOMO00001,REminiscence Vita,5715,05/14/2021, 09:14:41,168
SOMO00001,REminiscence Vita,5715,05/14/2021, 10:14:15,168
SOMO00001,REminiscence Vita,5715,05/14/2021, 11:10:48,168
SOMO00001,REminiscence Vita,5715,05/14/2021, 12:18:15,168
SOMO00001,REminiscence Vita,5715,05/14/2021, 13:24:29,168
SOMO00001,REminiscence Vita,5715,05/14/2021, 16:26:34,168
SOMO00001,REminiscence Vita,5715,05/14/2021, 17:42:09,168
SOMO00001,REminiscence Vita,5715,05/14/2021, 18:28:13,168
SOMO00001,REminiscence Vita,5716,05/14/2021, 19:20:37,168
SOMO00001,REminiscence Vita,5716,05/14/2021, 20:14:00,168
SOMO00001,REminiscence Vita,5716,05/14/2021, 21:12:06,168
SOMO00001,REminiscence Vita,5717,05/14/2021, 22:15:23,168
SOMO00001,REminiscence Vita,5717,05/14/2021, 23:14:28,168
SOMO00001,REminiscence Vita,5717,05/15/2021, 00:40:57,168
SOMO00001,REminiscence Vita,5717,05/15/2021, 02:11:28,168
SOMO00001,REminiscence Vita,5717,05/15/2021, 03:23:01,168
SOMO00001,REminiscence Vita,5717,05/15/2021, 04:20:14,168
SOMO00001,REminiscence Vita,5717,05/15/2021, 05:19:46,168
SOMO00001,REminiscence Vita,5717,05/15/2021, 06:15:35,168
SOMO00001,REminiscence Vita,5717,05/15/2021, 07:18:13,168
SOMO00001,REminiscence Vita,5717,05/15/2021, 08:14:44,168
SOMO00001,REminiscence Vita,5717,05/15/2021, 09:13:06,168
SOMO00001,REminiscence Vita,5717,05/15/2021, 10:13:00,168
SOMO00001,REminiscence Vita,5717,05/15/2021, 11:11:07,168
SOMO00001,REminiscence Vita,5717,05/15/2021, 12:17:42,168
SOMO00001,REminiscence Vita,5717,05/15/2021, 13:23:20,168
SOMO00001,REminiscence Vita,5717,05/15/2021, 14:12:24,168
SOMO00001,REminiscence Vita,5717,05/15/2021, 15:13:22,168
SOMO00001,REminiscence Vita,5717,05/15/2021, 16:25:02,168
SOMO00001,REminiscence Vita,5717,05/15/2021, 17:40:30,168
SOMO00001,REminiscence Vita,5717,05/15/2021, 18:25:22,168
SOMO00001,REminiscence Vita,5717,05/15/2021, 19:18:31,168
SOMO00001,REminiscence Vita,5717,05/15/2021, 20:13:32,168
SOMO00001,REminiscence Vita,5718,05/15/2021, 21:11:39,168
SOMO00001,REminiscence Vita,5720,05/15/2021, 22:15:03,168
SOMO00001,REminiscence Vita,5720,05/15/2021, 23:13:20,168
SOMO00001,REminiscence Vita,5721,05/16/2021, 00:44:30,168
SOMO00001,REminiscence Vita,5721,05/16/2021, 02:19:34,168
SOMO00001,REminiscence Vita,5721,05/16/2021, 03:30:17,168
SOMO00001,REminiscence Vita,5721,05/16/2021, 04:24:31,168
SOMO00001,REminiscence Vita,5721,05/16/2021, 05:21:45,168
SOMO00001,REminiscence Vita,5723,05/16/2021, 17:42:50,168
SOMO00001,REminiscence Vita,5723,05/16/2021, 18:27:16,168
SOMO00001,REminiscence Vita,5723,05/16/2021, 19:19:20,168
SOMO00001,REminiscence Vita,5723,05/16/2021, 20:14:01,168
SOMO00001,REminiscence Vita,5724,05/16/2021, 21:11:33,168
SOMO00001,REminiscence Vita,5724,05/16/2021, 22:15:11,168
SOMO00001,REminiscence Vita,5724,05/16/2021, 23:13:10,168
SOMO00001,REminiscence Vita,5724,05/17/2021, 00:40:17,168
SOMO00001,REminiscence Vita,5724,05/17/2021, 02:14:48,168
SOMO00001,REminiscence Vita,5724,05/17/2021, 03:27:24,168
SOMO00001,REminiscence Vita,5724,05/17/2021, 04:22:25,168
SOMO00001,REminiscence Vita,5724,05/17/2021, 05:21:09,168
SOMO00001,REminiscence Vita,5724,05/17/2021, 06:15:52,168
SOMO00001,REminiscence Vita,5724,05/17/2021, 07:19:04,168
SOMO00001,REminiscence Vita,5724,05/17/2021, 08:14:53,168
SOMO00001,REminiscence Vita,5724,05/17/2021, 09:13:58,168
SOMO00001,REminiscence Vita,5724,05/17/2021, 10:15:03,168
SOMO00001,REminiscence Vita,5724,05/17/2021, 11:11:22,168
SOMO00001,REminiscence Vita,5724,05/17/2021, 12:19:13,168
SOMO00001,REminiscence Vita,5724,05/17/2021, 13:27:13,168
SOMO00001,REminiscence Vita,5724,05/17/2021, 14:12:24,168
SOMO00001,REminiscence Vita,5725,05/17/2021, 15:14:15,168
SOMO00001,REminiscence Vita,5725,05/17/2021, 16:26:50,168
SOMO00001,REminiscence Vita,5725,05/17/2021, 17:41:28,168
SOMO00001,REminiscence Vita,5727,05/17/2021, 18:27:48,168
SOMO00001,REminiscence Vita,5727,05/17/2021, 19:19:39,168
SOMO00001,REminiscence Vita,5728,05/17/2021, 20:14:00,168
SOMO00001,REminiscence Vita,5728,05/17/2021, 21:12:09,168
SOMO00001,REminiscence Vita,5729,05/17/2021, 22:15:34,168
SOMO00001,REminiscence Vita,5729,05/17/2021, 23:14:44,168
SOMO00001,REminiscence Vita,5729,05/18/2021, 00:44:40,168
SOMO00001,REminiscence Vita,5729,05/18/2021, 02:17:09,168
SOMO00001,REminiscence Vita,5729,05/18/2021, 03:27:43,168
SOMO00001,REminiscence Vita,5729,05/18/2021, 04:23:18,168
SOMO00001,REminiscence Vita,5729,05/18/2021, 05:21:54,168
SOMO00001,REminiscence Vita,5729,05/18/2021, 06:15:25,168
SOMO00001,REminiscence Vita,5730,05/18/2021, 07:37:29,168
SOMO00001,REminiscence Vita,5730,05/18/2021, 09:57:42,168
SOMO00001,REminiscence Vita,5730,05/18/2021, 10:57:35,168
SOMO00001,REminiscence Vita,5730,05/18/2021, 11:54:58,168
SOMO00001,REminiscence Vita,5730,05/18/2021, 18:44:04,168
SOMO00001,REminiscence Vita,5730,05/18/2021, 19:22:22,168
SOMO00001,REminiscence Vita,5730,05/18/2021, 20:18:46,168
SOMO00001,REminiscence Vita,5730,05/18/2021, 21:11:35,168
SOMO00001,REminiscence Vita,5730,05/18/2021, 22:15:28,168
SOMO00001,REminiscence Vita,5730,05/18/2021, 23:14:14,168
SOMO00001,REminiscence Vita,5730,05/19/2021, 00:40:49,168
SOMO00001,REminiscence Vita,5730,05/19/2021, 02:09:47,168
SOMO00001,REminiscence Vita,5730,05/19/2021, 03:22:38,168
SOMO00001,REminiscence Vita,5730,05/19/2021, 04:19:46,168
SOMO00001,REminiscence Vita,5730,05/19/2021, 05:20:46,168
SOMO00001,REminiscence Vita,5730,05/19/2021, 06:15:59,168
SOMO00001,REminiscence Vita,5730,05/19/2021, 07:19:04,168
SOMO00001,REminiscence Vita,5730,05/19/2021, 08:19:24,168
SOMO00001,REminiscence Vita,5730,05/19/2021, 09:19:18,168
SOMO00001,REminiscence Vita,5730,05/19/2021, 10:14:42,168
SOMO00001,REminiscence Vita,5730,05/19/2021, 11:11:59,168
SOMO00001,REminiscence Vita,5730,05/19/2021, 12:18:55,168
SOMO00001,REminiscence Vita,5731,05/19/2021, 13:25:04,168
SOMO00001,REminiscence Vita,5731,05/19/2021, 14:16:29,168
SOMO00001,REminiscence Vita,5732,05/19/2021, 15:18:59,168
SOMO00001,REminiscence Vita,5732,05/19/2021, 16:30:47,168
SOMO00001,REminiscence Vita,5732,05/19/2021, 17:42:06,168
SOMO00001,REminiscence Vita,5732,05/19/2021, 18:28:53,168
SOMO00001,REminiscence Vita,5732,05/19/2021, 19:21:00,168
SOMO00001,REminiscence Vita,5732,05/19/2021, 20:13:54,168
SOMO00001,REminiscence Vita,5733,05/19/2021, 21:11:38,168
SOMO00001,REminiscence Vita,5733,05/19/2021, 22:15:10,168
SOMO00001,REminiscence Vita,5734,05/19/2021, 23:13:52,168
SOMO00001,REminiscence Vita,5734,05/20/2021, 00:38:16,168
SOMO00001,REminiscence Vita,5734,05/20/2021, 02:09:58,168
SOMO00001,REminiscence Vita,5734,05/20/2021, 03:24:25,168
SOMO00001,REminiscence Vita,5734,05/20/2021, 04:21:20,168
SOMO00001,REminiscence Vita,5734,05/20/2021, 05:21:22,168
SOMO00001,REminiscence Vita,5735,05/20/2021, 06:15:58,168
SOMO00001,REminiscence Vita,5735,05/20/2021, 07:19:15,168
SOMO00001,REminiscence Vita,5735,05/20/2021, 08:15:10,168
SOMO00001,REminiscence Vita,5735,05/20/2021, 09:13:52,168
SOMO00001,REminiscence Vita,5735,05/20/2021, 10:13:44,168
SOMO00001,REminiscence Vita,5735,05/20/2021, 11:11:33,168
SOMO00001,REminiscence Vita,5735,05/20/2021, 12:19:08,168
SOMO00001,REminiscence Vita,5735,05/20/2021, 13:27:19,168
SOMO00001,REminiscence Vita,5735,05/20/2021, 14:16:10,168
SOMO00001,REminiscence Vita,5735,05/20/2021, 15:19:16,168
SOMO00001,REminiscence Vita,5735,05/20/2021, 16:32:02,168
SOMO00001,REminiscence Vita,5735,05/20/2021, 17:49:01,168
SOMO00001,REminiscence Vita,5735,05/20/2021, 18:30:29,168
SOMO00001,REminiscence Vita,5735,05/20/2021, 19:23:10,168
SOMO00001,REminiscence Vita,5735,05/20/2021, 20:12:02,168
SOMO00001,REminiscence Vita,5735,05/20/2021, 21:12:03,168
SOMO00001,REminiscence Vita,5735,05/20/2021, 22:14:58,168
SOMO00001,REminiscence Vita,5735,05/20/2021, 23:13:04,168
SOMO00001,REminiscence Vita,5735,05/21/2021, 00:42:07,168
SOMO00001,REminiscence Vita,5735,05/21/2021, 02:13:35,168
SOMO00001,REminiscence Vita,5736,05/21/2021, 03:26:03,168
SOMO00001,REminiscence Vita,5736,05/21/2021, 04:22:50,168
SOMO00001,REminiscence Vita,5736,05/21/2021, 05:21:59,168
SOMO00001,REminiscence Vita,5736,05/21/2021, 06:15:43,168
SOMO00001,REminiscence Vita,5736,05/21/2021, 07:22:01,168
SOMO00001,REminiscence Vita,5736,05/21/2021, 08:15:38,168
SOMO00001,REminiscence Vita,5736,05/21/2021, 09:15:27,168
SOMO00001,REminiscence Vita,5736,05/21/2021, 10:14:31,168
SOMO00001,REminiscence Vita,5736,05/21/2021, 11:11:24,168
SOMO00001,REminiscence Vita,5737,05/21/2021, 12:19:53,168
SOMO00001,REminiscence Vita,5737,05/21/2021, 13:27:07,168
SOMO00001,REminiscence Vita,5737,05/21/2021, 14:13:03,168
SOMO00001,REminiscence Vita,5737,05/21/2021, 15:13:56,168
SOMO00001,REminiscence Vita,5737,05/21/2021, 16:26:53,168
SOMO00001,REminiscence Vita,5737,05/21/2021, 17:45:26,168
SOMO00001,REminiscence Vita,5737,05/21/2021, 18:32:30,168
SOMO00001,REminiscence Vita,5738,05/21/2021, 19:26:39,168
SOMO00001,REminiscence Vita,5738,05/21/2021, 20:14:14,168
SOMO00001,REminiscence Vita,5738,05/21/2021, 21:12:05,168
SOMO00001,REminiscence Vita,5738,05/21/2021, 22:13:18,168
SOMO00001,REminiscence Vita,5738,05/21/2021, 23:13:24,168
SOMO00001,REminiscence Vita,5738,05/22/2021, 00:41:27,168
SOMO00001,REminiscence Vita,5738,05/22/2021, 02:12:33,168
SOMO00001,REminiscence Vita,5738,05/22/2021, 03:25:47,168
SOMO00001,REminiscence Vita,5738,05/22/2021, 04:23:45,168
SOMO00001,REminiscence Vita,5738,05/22/2021, 05:24:46,168
SOMO00001,REminiscence Vita,5738,05/22/2021, 06:15:32,168
SOMO00001,REminiscence Vita,5738,05/22/2021, 07:20:03,168
SOMO00001,REminiscence Vita,5738,05/22/2021, 08:15:01,168
SOMO00001,REminiscence Vita,5738,05/22/2021, 09:14:02,168
SOMO00001,REminiscence Vita,5738,05/22/2021, 10:14:29,168
SOMO00001,REminiscence Vita,5738,05/22/2021, 11:11:38,168
SOMO00001,REminiscence Vita,5739,05/22/2021, 12:18:26,168
SOMO00001,REminiscence Vita,5740,05/22/2021, 13:26:07,168
SOMO00001,REminiscence Vita,5740,05/22/2021, 14:11:24,168
SOMO00001,REminiscence Vita,5742,05/22/2021, 15:13:07,168
SOMO00001,REminiscence Vita,5742,05/22/2021, 16:25:25,168
SOMO00001,REminiscence Vita,5742,05/22/2021, 17:42:51,168
SOMO00001,REminiscence Vita,5742,05/22/2021, 18:30:21,168
SOMO00001,REminiscence Vita,5742,05/22/2021, 19:23:13,168
SOMO00001,REminiscence Vita,5743,05/22/2021, 20:13:45,168
SOMO00001,REminiscence Vita,5743,05/22/2021, 21:11:28,168
SOMO00001,REminiscence Vita,5743,05/22/2021, 22:12:40,168
SOMO00001,REminiscence Vita,5743,05/22/2021, 23:12:43,168
SOMO00001,REminiscence Vita,5743,05/23/2021, 00:47:19,168
SOMO00001,REminiscence Vita,5743,05/23/2021, 02:24:15,168
SOMO00001,REminiscence Vita,5743,05/23/2021, 03:36:39,168
SOMO00001,REminiscence Vita,5743,05/23/2021, 04:29:04,168
SOMO00001,REminiscence Vita,5743,05/23/2021, 05:26:11,168
SOMO00001,REminiscence Vita,5743,05/23/2021, 06:16:11,168
SOMO00001,REminiscence Vita,5743,05/23/2021, 07:19:51,168
SOMO00001,REminiscence Vita,5743,05/23/2021, 08:14:36,168
SOMO00001,REminiscence Vita,5743,05/23/2021, 09:13:30,168
SOMO00001,REminiscence Vita,5743,05/23/2021, 10:13:47,168
SOMO00001,REminiscence Vita,5743,05/23/2021, 11:10:46,168
SOMO00001,REminiscence Vita,5743,05/23/2021, 12:18:39,168
SOMO00001,REminiscence Vita,5743,05/23/2021, 13:27:18,168
SOMO00001,REminiscence Vita,5743,05/23/2021, 14:11:51,168
SOMO00001,REminiscence Vita,5743,05/23/2021, 15:13:20,168
SOMO00001,REminiscence Vita,5743,05/23/2021, 16:25:39,168
SOMO00001,REminiscence Vita,5743,05/23/2021, 17:42:00,168
SOMO00001,REminiscence Vita,5743,05/23/2021, 18:28:05,168
SOMO00001,REminiscence Vita,5743,05/23/2021, 19:21:33,168
SOMO00001,REminiscence Vita,5743,05/23/2021, 20:14:19,168
SOMO00001,REminiscence Vita,5743,05/23/2021, 21:11:37,168
SOMO00001,REminiscence Vita,5743,05/23/2021, 22:12:51,168
SOMO00001,REminiscence Vita,5743,05/23/2021, 23:13:08,168
SOMO00001,REminiscence Vita,5743,05/24/2021, 00:44:40,168
SOMO00001,REminiscence Vita,5743,05/24/2021, 02:22:30,168
SOMO00001,REminiscence Vita,5743,05/24/2021, 03:33:59,168
SOMO00001,REminiscence Vita,5743,05/24/2021, 04:27:35,168
SOMO00001,REminiscence Vita,5743,05/24/2021, 05:26:52,168
SOMO00001,REminiscence Vita,5743,05/24/2021, 06:18:10,168
SOMO00001,REminiscence Vita,5743,05/24/2021, 07:22:16,168
SOMO00001,REminiscence Vita,5743,05/24/2021, 08:15:08,168
SOMO00001,REminiscence Vita,5744,05/24/2021, 09:15:50,168
SOMO00001,REminiscence Vita,5744,05/24/2021, 10:17:39,168
SOMO00001,REminiscence Vita,5744,05/24/2021, 11:15:58,168
SOMO00001,REminiscence Vita,5744,05/24/2021, 12:20:10,168
SOMO00001,REminiscence Vita,5744,05/24/2021, 13:31:26,168
SOMO00001,REminiscence Vita,5744,05/24/2021, 14:16:50,168
SOMO00001,REminiscence Vita,5744,05/24/2021, 15:14:20,168
SOMO00001,REminiscence Vita,5744,05/24/2021, 16:32:10,168
SOMO00001,REminiscence Vita,5744,05/24/2021, 17:52:19,168
SOMO00001,REminiscence Vita,5744,05/24/2021, 18:35:49,168
SOMO00001,REminiscence Vita,5744,05/24/2021, 19:31:54,168
SOMO00001,REminiscence Vita,5744,05/24/2021, 20:14:46,168
SOMO00001,REminiscence Vita,5744,05/24/2021, 21:12:26,168
SOMO00001,REminiscence Vita,5744,05/24/2021, 22:14:24,168
SOMO00001,REminiscence Vita,5745,05/24/2021, 23:12:52,168
SOMO00001,REminiscence Vita,5745,05/25/2021, 00:43:43,168
SOMO00001,REminiscence Vita,5745,05/25/2021, 02:24:32,168
SOMO00001,REminiscence Vita,5745,05/25/2021, 03:42:21,168
SOMO00001,REminiscence Vita,5745,05/25/2021, 04:34:53,168
SOMO00001,REminiscence Vita,5745,05/25/2021, 05:36:27,168
SOMO00001,REminiscence Vita,5745,05/25/2021, 06:26:09,168
SOMO00001,REminiscence Vita,5745,05/25/2021, 07:28:29,168
SOMO00001,REminiscence Vita,5745,05/25/2021, 08:21:36,168
SOMO00001,REminiscence Vita,5745,05/25/2021, 09:23:41,168
SOMO00001,REminiscence Vita,5745,05/25/2021, 10:25:55,168
SOMO00001,REminiscence Vita,5745,05/25/2021, 11:19:54,168
SOMO00001,REminiscence Vita,5745,05/25/2021, 12:21:28,168
SOMO00001,REminiscence Vita,5745,05/25/2021, 13:35:49,168
SOMO00001,REminiscence Vita,5745,05/25/2021, 14:24:58,168
SOMO00001,REminiscence Vita,5745,05/25/2021, 15:14:26,168
SOMO00001,REminiscence Vita,5746,05/25/2021, 16:36:03,168
SOMO00001,REminiscence Vita,5746,05/25/2021, 18:02:07,168
SOMO00001,REminiscence Vita,5746,05/25/2021, 19:32:22,168
SOMO00001,REminiscence Vita,5746,05/25/2021, 20:16:10,168
SOMO00001,REminiscence Vita,5747,05/25/2021, 21:11:52,168
SOMO00001,REminiscence Vita,5747,05/25/2021, 22:15:16,168
SOMO00001,REminiscence Vita,5747,05/25/2021, 23:18:40,168
SOMO00001,REminiscence Vita,5748,05/26/2021, 00:52:52,168
SOMO00001,REminiscence Vita,5748,05/26/2021, 02:51:14,168
SOMO00001,REminiscence Vita,5748,05/26/2021, 04:09:05,168
SOMO00001,REminiscence Vita,5748,05/26/2021, 05:44:40,168
SOMO00001,REminiscence Vita,5748,05/26/2021, 06:34:13,168
SOMO00001,REminiscence Vita,5748,05/26/2021, 07:39:12,168
SOMO00001,REminiscence Vita,5748,05/26/2021, 08:27:46,168
SOMO00001,REminiscence Vita,5748,05/26/2021, 09:24:24,168
SOMO00001,REminiscence Vita,5748,05/26/2021, 10:26:01,168
SOMO00001,REminiscence Vita,5748,05/26/2021, 11:23:15,168
SOMO00001,REminiscence Vita,5748,05/26/2021, 12:23:51,168
SOMO00001,REminiscence Vita,5748,05/26/2021, 13:42:25,168
SOMO00001,REminiscence Vita,5748,05/26/2021, 14:31:56,168
SOMO00001,REminiscence Vita,5748,05/26/2021, 15:17:11,168
SOMO00001,REminiscence Vita,5748,05/26/2021, 16:41:17,168
SOMO00001,REminiscence Vita,5748,05/26/2021, 18:16:57,168
SOMO00001,REminiscence Vita,5748,05/26/2021, 19:48:09,168
SOMO00001,REminiscence Vita,5748,05/26/2021, 20:28:07,168
SOMO00001,REminiscence Vita,5748,05/26/2021, 21:18:05,168
SOMO00001,REminiscence Vita,5748,05/26/2021, 22:18:54,168
SOMO00001,REminiscence Vita,5748,05/26/2021, 23:20:44,168
SOMO00001,REminiscence Vita,5748,05/27/2021, 00:55:57,168
SOMO00001,REminiscence Vita,5748,05/27/2021, 03:12:12,168
SOMO00001,REminiscence Vita,5748,05/27/2021, 04:57:18,168
SOMO00001,REminiscence Vita,5748,05/27/2021, 05:58:54,168
SOMO00001,REminiscence Vita,5748,05/27/2021, 06:57:29,168
SOMO00001,REminiscence Vita,5748,05/27/2021, 07:56:13,168
SOMO00001,REminiscence Vita,5748,05/27/2021, 08:44:03,168
SOMO00001,REminiscence Vita,5748,05/27/2021, 09:37:41,168
SOMO00001,REminiscence Vita,5748,05/27/2021, 10:34:29,168
SOMO00001,REminiscence Vita,5748,05/27/2021, 11:31:58,168
SOMO00001,REminiscence Vita,5748,05/27/2021, 12:36:29,168
SOMO00001,REminiscence Vita,5748,05/27/2021, 13:47:46,168
SOMO00001,REminiscence Vita,5748,05/27/2021, 14:33:34,168
SOMO00001,REminiscence Vita,5749,05/27/2021, 15:28:51,168
SOMO00001,REminiscence Vita,5749,05/27/2021, 16:52:49,168
SOMO00001,REminiscence Vita,5749,05/27/2021, 18:28:35,168
SOMO00001,REminiscence Vita,5749,05/27/2021, 19:51:54,168
SOMO00001,REminiscence Vita,5749,05/27/2021, 20:24:28,168
SOMO00001,REminiscence Vita,5749,05/27/2021, 21:17:42,168
SOMO00001,REminiscence Vita,5749,05/27/2021, 22:20:49,168
SOMO00001,REminiscence Vita,5749,05/27/2021, 23:23:33,168
SOMO00001,REminiscence Vita,5749,05/28/2021, 01:02:16,168
SOMO00001,REminiscence Vita,5749,05/28/2021, 04:05:59,168
SOMO00001,REminiscence Vita,5749,05/28/2021, 06:15:57,168
SOMO00001,REminiscence Vita,5749,05/28/2021, 07:53:14,168
SOMO00001,REminiscence Vita,5749,05/28/2021, 08:43:01,168
SOMO00001,REminiscence Vita,5749,05/28/2021, 09:36:35,168
SOMO00001,REminiscence Vita,5749,05/28/2021, 10:40:34,168
SOMO00001,REminiscence Vita,5749,05/28/2021, 11:40:02,168
SOMO00001,REminiscence Vita,5749,05/28/2021, 12:40:30,168
SOMO00001,REminiscence Vita,5749,05/28/2021, 13:56:24,168
SOMO00001,REminiscence Vita,5749,05/28/2021, 14:35:03,168
SOMO00001,REminiscence Vita,5749,05/28/2021, 15:20:10,168
SOMO00001,REminiscence Vita,5749,05/28/2021, 16:51:15,168
SOMO00001,REminiscence Vita,5750,05/28/2021, 18:43:21,168
SOMO00001,REminiscence Vita,5750,05/28/2021, 20:07:45,168
SOMO00001,REminiscence Vita,5750,05/28/2021, 21:21:32,168
SOMO00001,REminiscence Vita,5750,05/28/2021, 22:23:54,168
SOMO00001,REminiscence Vita,5751,05/28/2021, 23:28:01,168
SOMO00001,REminiscence Vita,5751,05/29/2021, 01:14:11,168
SOMO00001,REminiscence Vita,5751,05/29/2021, 04:36:25,168
SOMO00001,REminiscence Vita,5751,05/29/2021, 06:44:47,168
SOMO00001,REminiscence Vita,5751,05/29/2021, 08:19:45,168
SOMO00001,REminiscence Vita,5752,05/29/2021, 09:47:25,168
SOMO00001,REminiscence Vita,5752,05/29/2021, 10:43:13,168
SOMO00001,REminiscence Vita,5752,05/29/2021, 11:39:18,168
SOMO00001,REminiscence Vita,5752,05/29/2021, 12:39:19,168
SOMO00001,REminiscence Vita,5752,05/29/2021, 14:06:55,168
SOMO00001,REminiscence Vita,5752,05/29/2021, 15:21:41,168
SOMO00001,REminiscence Vita,5752,05/29/2021, 16:56:14,168
SOMO00001,REminiscence Vita,5752,05/29/2021, 18:49:12,168
SOMO00001,REminiscence Vita,5753,05/29/2021, 20:13:29,168
SOMO00001,REminiscence Vita,5753,05/29/2021, 21:25:58,168
SOMO00001,REminiscence Vita,5753,05/29/2021, 22:26:08,168
SOMO00001,REminiscence Vita,5753,05/29/2021, 23:28:26,168
SOMO00001,REminiscence Vita,5753,05/30/2021, 01:22:21,168
SOMO00001,REminiscence Vita,5754,05/30/2021, 04:40:08,168
SOMO00001,REminiscence Vita,5754,05/30/2021, 06:38:38,168
SOMO00001,REminiscence Vita,5754,05/30/2021, 08:06:21,168
SOMO00001,REminiscence Vita,5754,05/30/2021, 09:39:07,168
SOMO00001,REminiscence Vita,5754,05/30/2021, 10:41:55,168
SOMO00001,REminiscence Vita,5755,05/30/2021, 11:40:50,168
SOMO00001,REminiscence Vita,5755,05/30/2021, 12:40:37,168
SOMO00001,REminiscence Vita,5756,05/30/2021, 14:05:48,168
SOMO00001,REminiscence Vita,5756,05/30/2021, 15:21:55,168
SOMO00001,REminiscence Vita,5756,05/30/2021, 16:55:26,168
SOMO00001,REminiscence Vita,5756,05/30/2021, 18:44:44,168
SOMO00001,REminiscence Vita,5756,05/30/2021, 20:11:59,168
SOMO00001,REminiscence Vita,5757,05/30/2021, 21:28:04,168
SOMO00001,REminiscence Vita,5758,05/30/2021, 22:28:22,168
SOMO00001,REminiscence Vita,5758,05/30/2021, 23:32:20,168
SOMO00001,REminiscence Vita,5758,05/31/2021, 01:35:32,168
SOMO00001,REminiscence Vita,5758,05/31/2021, 04:47:57,168
SOMO00001,REminiscence Vita,5758,05/31/2021, 06:47:12,168
SOMO00001,REminiscence Vita,5758,05/31/2021, 08:31:55,168
SOMO00001,REminiscence Vita,5758,05/31/2021, 09:56:57,168
SOMO00001,REminiscence Vita,5758,05/31/2021, 10:55:53,168
SOMO00001,REminiscence Vita,5758,05/31/2021, 11:56:50,168
SOMO00001,REminiscence Vita,5758,05/31/2021, 12:55:42,168
SOMO00001,REminiscence Vita,5759,05/31/2021, 14:08:52,168
SOMO00001,REminiscence Vita,5759,05/31/2021, 15:29:10,168
SOMO00001,REminiscence Vita,5759,05/31/2021, 17:13:16,168
SOMO00001,REminiscence Vita,5759,05/31/2021, 19:37:20,168
SOMO00001,REminiscence Vita,5759,05/31/2021, 21:06:51,168
SOMO00001,REminiscence Vita,5760,05/31/2021, 22:38:50,168
SOMO00001,REminiscence Vita,5760,05/31/2021, 23:40:42,168
SOMO00001,REminiscence Vita,5761,06/01/2021, 01:52:29,168
SOMO00001,REminiscence Vita,5761,06/01/2021, 05:21:42,168
SOMO00001,REminiscence Vita,5762,06/01/2021, 07:43:36,168
SOMO00001,REminiscence Vita,5762,06/01/2021, 09:15:32,168
SOMO00001,REminiscence Vita,5762,06/01/2021, 10:54:55,168
SOMO00001,REminiscence Vita,5762,06/01/2021, 11:52:11,168
SOMO00001,REminiscence Vita,5762,06/01/2021, 12:56:26,168
SOMO00001,REminiscence Vita,5762,06/01/2021, 14:25:14,168
SOMO00001,REminiscence Vita,5762,06/01/2021, 15:43:48,168
SOMO00001,REminiscence Vita,5762,06/01/2021, 17:36:56,168
SOMO00001,REminiscence Vita,5762,06/01/2021, 20:23:25,168
SOMO00001,REminiscence Vita,5762,06/01/2021, 22:11:11,168
SOMO00001,REminiscence Vita,5763,06/01/2021, 23:45:12,168
SOMO00001,REminiscence Vita,5763,06/02/2021, 02:00:15,168
SOMO00001,REminiscence Vita,5764,06/02/2021, 05:24:22,168
SOMO00001,REminiscence Vita,5764,06/02/2021, 07:46:55,168
SOMO00001,REminiscence Vita,5764,06/02/2021, 09:49:56,168
SOMO00001,REminiscence Vita,5764,06/02/2021, 11:19:09,168
SOMO00001,REminiscence Vita,5764,06/02/2021, 12:56:59,168
SOMO00001,REminiscence Vita,5764,06/02/2021, 14:40:29,168
SOMO00001,REminiscence Vita,5764,06/02/2021, 15:56:56,168
SOMO00001,REminiscence Vita,5764,06/02/2021, 17:53:24,168
SOMO00001,REminiscence Vita,5764,06/02/2021, 20:21:21,168
SOMO00001,REminiscence Vita,5764,06/02/2021, 22:09:46,168
SOMO00001,REminiscence Vita,5764,06/02/2021, 23:43:08,168
SOMO00001,REminiscence Vita,5764,06/03/2021, 01:39:27,168
SOMO00001,REminiscence Vita,5764,06/03/2021, 04:48:19,168
SOMO00001,REminiscence Vita,5764,06/03/2021, 06:46:43,168
SOMO00001,REminiscence Vita,5764,06/03/2021, 08:24:35,168
SOMO00001,REminiscence Vita,5764,06/03/2021, 09:55:46,168
SOMO00001,REminiscence Vita,5764,06/03/2021, 10:52:29,168
SOMO00001,REminiscence Vita,5764,06/03/2021, 11:53:37,168
SOMO00001,REminiscence Vita,5764,06/03/2021, 12:40:52,168
SOMO00001,REminiscence Vita,5764,06/03/2021, 14:03:39,168
SOMO00001,REminiscence Vita,5764,06/03/2021, 15:28:30,168
SOMO00001,REminiscence Vita,5764,06/03/2021, 17:19:52,168
SOMO00001,REminiscence Vita,5766,06/03/2021, 19:45:27,168
SOMO00001,REminiscence Vita,5766,06/03/2021, 21:11:19,168
SOMO00001,REminiscence Vita,5766,06/03/2021, 22:45:28,168
SOMO00001,REminiscence Vita,5766,06/03/2021, 23:49:14,168
SOMO00001,REminiscence Vita,5767,06/04/2021, 01:24:36,168
SOMO00001,REminiscence Vita,5768,06/04/2021, 04:06:49,168
SOMO00001,REminiscence Vita,5768,06/04/2021, 06:47:36,168
SOMO00001,REminiscence Vita,5768,06/04/2021, 08:49:07,168
SOMO00001,REminiscence Vita,5768,06/04/2021, 10:17:58,168
SOMO00001,REminiscence Vita,5768,06/04/2021, 12:05:46,168
SOMO00001,REminiscence Vita,5768,06/04/2021, 14:19:19,168
SOMO00001,REminiscence Vita,5768,06/04/2021, 15:41:27,168
SOMO00001,REminiscence Vita,5768,06/04/2021, 17:21:13,168
SOMO00001,REminiscence Vita,5768,06/04/2021, 19:33:41,168
SOMO00001,REminiscence Vita,5768,06/04/2021, 21:03:13,168
SOMO00001,REminiscence Vita,5769,06/04/2021, 22:36:05,168
SOMO00001,REminiscence Vita,5769,06/04/2021, 23:37:28,168
SOMO00001,REminiscence Vita,5769,06/05/2021, 01:05:25,168
SOMO00001,REminiscence Vita,5769,06/05/2021, 03:35:01,168
SOMO00001,REminiscence Vita,5771,06/05/2021, 05:11:33,168
SOMO00001,REminiscence Vita,5771,06/05/2021, 06:47:51,168
SOMO00001,REminiscence Vita,5771,06/05/2021, 07:49:52,168
SOMO00001,REminiscence Vita,5771,06/05/2021, 08:39:30,168
SOMO00001,REminiscence Vita,5771,06/05/2021, 09:37:29,168
SOMO00001,REminiscence Vita,5771,06/05/2021, 10:42:24,168
SOMO00001,REminiscence Vita,5771,06/05/2021, 11:40:55,168
SOMO00001,REminiscence Vita,5771,06/05/2021, 12:40:31,168
SOMO00001,REminiscence Vita,5771,06/05/2021, 14:01:01,168
SOMO00001,REminiscence Vita,5771,06/05/2021, 15:19:47,168
SOMO00001,REminiscence Vita,5771,06/05/2021, 16:48:23,168
SOMO00001,REminiscence Vita,5771,06/05/2021, 18:20:03,168
SOMO00001,REminiscence Vita,5771,06/05/2021, 19:52:52,168
SOMO00001,REminiscence Vita,5771,06/05/2021, 20:24:40,168
SOMO00001,REminiscence Vita,5771,06/05/2021, 21:18:44,168
SOMO00001,REminiscence Vita,5771,06/05/2021, 22:21:44,168
SOMO00001,REminiscence Vita,5772,06/05/2021, 23:24:23,168
SOMO00001,REminiscence Vita,5772,06/06/2021, 00:57:37,168
SOMO00001,REminiscence Vita,5772,06/06/2021, 03:04:04,168
SOMO00001,REminiscence Vita,5772,06/06/2021, 05:04:54,168
SOMO00001,REminiscence Vita,5772,06/06/2021, 06:41:26,168
SOMO00001,REminiscence Vita,5772,06/06/2021, 07:52:34,168
SOMO00001,REminiscence Vita,5772,06/06/2021, 08:42:58,168
SOMO00001,REminiscence Vita,5772,06/06/2021, 09:38:17,168
SOMO00001,REminiscence Vita,5772,06/06/2021, 10:41:00,168
SOMO00001,REminiscence Vita,5772,06/06/2021, 11:40:19,168
SOMO00001,REminiscence Vita,5772,06/06/2021, 12:40:43,168
SOMO00001,REminiscence Vita,5772,06/06/2021, 14:03:17,168
SOMO00001,REminiscence Vita,5772,06/06/2021, 15:20:02,168
SOMO00001,REminiscence Vita,5772,06/06/2021, 16:44:38,168
SOMO00001,REminiscence Vita,5773,06/06/2021, 18:17:24,168
SOMO00001,REminiscence Vita,5773,06/06/2021, 19:54:41,168
SOMO00001,REminiscence Vita,5774,06/06/2021, 20:27:16,168
SOMO00001,REminiscence Vita,5774,06/06/2021, 21:19:33,168
SOMO00001,REminiscence Vita,5774,06/06/2021, 22:21:11,168
SOMO00001,REminiscence Vita,5775,06/06/2021, 23:23:59,168
SOMO00001,REminiscence Vita,5775,06/07/2021, 00:58:47,168
SOMO00001,REminiscence Vita,5775,06/07/2021, 03:17:57,168
SOMO00001,REminiscence Vita,5775,06/07/2021, 05:30:51,168
SOMO00001,REminiscence Vita,5775,06/07/2021, 07:29:10,168
SOMO00001,REminiscence Vita,5775,06/07/2021, 09:19:49,168
SOMO00001,REminiscence Vita,5775,06/07/2021, 10:59:24,168
SOMO00001,REminiscence Vita,5775,06/07/2021, 11:56:35,168
SOMO00001,REminiscence Vita,5775,06/07/2021, 13:03:02,168
SOMO00001,REminiscence Vita,5775,06/07/2021, 14:31:06,168
SOMO00001,REminiscence Vita,5775,06/07/2021, 15:39:49,168
SOMO00001,REminiscence Vita,5776,06/07/2021, 17:13:00,168
SOMO00001,REminiscence Vita,5776,06/07/2021, 19:42:42,168
SOMO00001,REminiscence Vita,5776,06/07/2021, 21:10:52,168
SOMO00001,REminiscence Vita,5777,06/07/2021, 22:37:04,168
SOMO00001,REminiscence Vita,5777,06/07/2021, 23:33:17,168
SOMO00001,REminiscence Vita,5778,06/08/2021, 00:57:32,168
SOMO00001,REminiscence Vita,5778,06/08/2021, 02:51:42,168
SOMO00001,REminiscence Vita,5778,06/08/2021, 04:00:06,168
SOMO00001,REminiscence Vita,5778,06/08/2021, 05:07:26,168
SOMO00001,REminiscence Vita,5778,06/08/2021, 06:27:02,168
SOMO00001,REminiscence Vita,5778,06/08/2021, 07:26:45,168
SOMO00001,REminiscence Vita,5778,06/08/2021, 08:17:22,168
SOMO00001,REminiscence Vita,5778,06/08/2021, 09:19:54,168
SOMO00001,REminiscence Vita,5778,06/08/2021, 11:14:24,168
SOMO00001,REminiscence Vita,5778,06/08/2021, 12:21:55,168
SOMO00001,REminiscence Vita,5778,06/08/2021, 13:30:28,168
SOMO00001,REminiscence Vita,5778,06/08/2021, 14:17:41,168
SOMO00001,REminiscence Vita,5778,06/08/2021, 15:16:36,168
SOMO00001,REminiscence Vita,5778,06/08/2021, 16:31:55,168
SOMO00001,REminiscence Vita,5778,06/08/2021, 17:51:09,168
SOMO00001,REminiscence Vita,5778,06/08/2021, 18:38:07,168
SOMO00001,REminiscence Vita,5778,06/08/2021, 19:35:11,168
SOMO00001,REminiscence Vita,5778,06/08/2021, 20:17:39,168
SOMO00001,REminiscence Vita,5778,06/08/2021, 21:11:07,168
SOMO00001,REminiscence Vita,5779,06/08/2021, 22:12:00,168
SOMO00001,REminiscence Vita,5779,06/08/2021, 23:12:24,168
SOMO00001,REminiscence Vita,5779,06/09/2021, 00:39:37,168
SOMO00001,REminiscence Vita,5780,06/09/2021, 02:17:55,168
SOMO00001,REminiscence Vita,5780,06/09/2021, 03:36:06,168
SOMO00001,REminiscence Vita,5780,06/09/2021, 04:33:36,168
SOMO00001,REminiscence Vita,5780,06/09/2021, 05:35:32,168
SOMO00001,REminiscence Vita,5780,06/09/2021, 06:22:53,168
SOMO00001,REminiscence Vita,5780,06/09/2021, 07:24:03,168
SOMO00001,REminiscence Vita,5780,06/09/2021, 08:12:46,168
SOMO00001,REminiscence Vita,5780,06/09/2021, 09:15:52,168
SOMO00001,REminiscence Vita,5780,06/09/2021, 10:13:06,168
SOMO00001,REminiscence Vita,5780,06/09/2021, 11:11:01,168
SOMO00001,REminiscence Vita,5780,06/09/2021, 12:17:13,168
SOMO00001,REminiscence Vita,5780,06/09/2021, 13:27:47,168
SOMO00001,REminiscence Vita,5780,06/09/2021, 14:18:58,168
SOMO00001,REminiscence Vita,5782,06/09/2021, 15:14:49,168
SOMO00001,REminiscence Vita,5782,06/09/2021, 16:29:49,168
SOMO00001,REminiscence Vita,5782,06/09/2021, 17:40:38,168
SOMO00001,REminiscence Vita,5782,06/09/2021, 18:30:54,168
SOMO00001,REminiscence Vita,5782,06/09/2021, 19:24:28,168
SOMO00001,REminiscence Vita,5782,06/09/2021, 20:10:54,168
SOMO00001,REminiscence Vita,5782,06/09/2021, 21:10:23,168
SOMO00001,REminiscence Vita,5782,06/09/2021, 22:11:52,168
SOMO00001,REminiscence Vita,5782,06/09/2021, 23:12:17,168
SOMO00001,REminiscence Vita,5782,06/10/2021, 00:37:54,168
SOMO00001,REminiscence Vita,5782,06/10/2021, 02:14:18,168
SOMO00001,REminiscence Vita,5782,06/10/2021, 03:29:18,168
SOMO00001,REminiscence Vita,5782,06/10/2021, 04:28:10,168
SOMO00001,REminiscence Vita,5782,06/10/2021, 05:30:17,168
SOMO00001,REminiscence Vita,5782,06/10/2021, 06:18:39,168
SOMO00001,REminiscence Vita,5782,06/10/2021, 07:20:44,168
SOMO00001,REminiscence Vita,5782,06/10/2021, 08:17:50,168
SOMO00001,REminiscence Vita,5782,06/10/2021, 09:16:07,168
SOMO00001,REminiscence Vita,5782,06/10/2021, 10:17:50,168
SOMO00001,REminiscence Vita,5782,06/10/2021, 11:10:23,168
SOMO00001,REminiscence Vita,5783,06/10/2021, 12:21:44,168
SOMO00001,REminiscence Vita,5783,06/10/2021, 13:29:50,168
SOMO00001,REminiscence Vita,5783,06/10/2021, 14:14:03,168
SOMO00001,REminiscence Vita,5783,06/10/2021, 15:17:49,168
SOMO00001,REminiscence Vita,5783,06/10/2021, 16:25:20,168
SOMO00001,REminiscence Vita,5783,06/10/2021, 17:41:28,168
SOMO00001,REminiscence Vita,5783,06/10/2021, 18:29:28,168
SOMO00001,REminiscence Vita,5784,06/10/2021, 19:21:40,168
SOMO00001,REminiscence Vita,5784,06/10/2021, 20:11:08,168
SOMO00001,REminiscence Vita,5784,06/10/2021, 21:10:37,168
SOMO00001,REminiscence Vita,5784,06/10/2021, 22:11:15,168
SOMO00001,REminiscence Vita,5784,06/10/2021, 23:11:19,168
SOMO00001,REminiscence Vita,5784,06/11/2021, 00:35:35,168
SOMO00001,REminiscence Vita,5784,06/11/2021, 02:02:37,168
SOMO00001,REminiscence Vita,5784,06/11/2021, 03:19:53,168
SOMO00001,REminiscence Vita,5784,06/11/2021, 04:15:27,168
SOMO00001,REminiscence Vita,5784,06/11/2021, 05:17:23,168
SOMO00001,REminiscence Vita,5784,06/11/2021, 06:13:20,168
SOMO00001,REminiscence Vita,5784,06/11/2021, 07:14:30,168
SOMO00001,REminiscence Vita,5784,06/11/2021, 08:14:22,168
SOMO00001,REminiscence Vita,5784,06/11/2021, 09:15:48,168
SOMO00001,REminiscence Vita,5784,06/11/2021, 10:13:23,168
SOMO00001,REminiscence Vita,5784,06/11/2021, 11:09:30,168
SOMO00001,REminiscence Vita,5784,06/11/2021, 12:15:22,168
SOMO00001,REminiscence Vita,5784,06/11/2021, 13:22:46,168
SOMO00001,REminiscence Vita,5784,06/11/2021, 14:11:05,168
SOMO00001,REminiscence Vita,5784,06/11/2021, 15:16:51,168
SOMO00001,REminiscence Vita,5784,06/11/2021, 16:20:44,168
SOMO00001,REminiscence Vita,5784,06/11/2021, 17:28:27,168
SOMO00001,REminiscence Vita,5784,06/11/2021, 18:15:03,168
SOMO00001,REminiscence Vita,5784,06/11/2021, 19:10:25,168
SOMO00001,REminiscence Vita,5784,06/11/2021, 20:10:42,168
SOMO00001,REminiscence Vita,5784,06/11/2021, 21:09:52,168
SOMO00001,REminiscence Vita,5784,06/11/2021, 22:11:34,168
SOMO00001,REminiscence Vita,5785,06/11/2021, 23:11:21,168
SOMO00001,REminiscence Vita,5785,06/12/2021, 00:31:00,168
SOMO00001,REminiscence Vita,5785,06/12/2021, 01:52:23,168
SOMO00001,REminiscence Vita,5785,06/12/2021, 02:29:41,168
SOMO00001,REminiscence Vita,5785,06/12/2021, 03:13:40,168
SOMO00001,REminiscence Vita,5785,06/12/2021, 04:13:24,168
SOMO00001,REminiscence Vita,5785,06/12/2021, 05:13:57,168
SOMO00001,REminiscence Vita,5785,06/12/2021, 06:12:51,168
SOMO00001,REminiscence Vita,5785,06/12/2021, 07:13:12,168
SOMO00001,REminiscence Vita,5786,06/12/2021, 08:11:35,168
SOMO00001,REminiscence Vita,5786,06/12/2021, 09:10:34,168
SOMO00001,REminiscence Vita,5786,06/12/2021, 10:11:49,168
SOMO00001,REminiscence Vita,5786,06/12/2021, 11:09:34,168
SOMO00001,REminiscence Vita,5786,06/12/2021, 12:15:04,168
SOMO00001,REminiscence Vita,5786,06/12/2021, 13:21:23,168
SOMO00001,REminiscence Vita,5786,06/12/2021, 14:09:50,168
SOMO00001,REminiscence Vita,5786,06/12/2021, 15:11:55,168
SOMO00001,REminiscence Vita,5786,06/12/2021, 16:18:46,168
SOMO00001,REminiscence Vita,5787,06/12/2021, 17:25:30,168
SOMO00001,REminiscence Vita,5787,06/12/2021, 18:12:25,168
SOMO00001,REminiscence Vita,5787,06/12/2021, 19:11:50,168
SOMO00001,REminiscence Vita,5787,06/12/2021, 20:11:21,168
SOMO00001,REminiscence Vita,5787,06/12/2021, 21:09:53,168
SOMO00001,REminiscence Vita,5788,06/12/2021, 22:10:42,168
SOMO00001,REminiscence Vita,5788,06/12/2021, 23:10:48,168
SOMO00001,REminiscence Vita,5788,06/13/2021, 00:37:05,168
SOMO00001,REminiscence Vita,5788,06/13/2021, 01:59:52,168
SOMO00001,REminiscence Vita,5788,06/13/2021, 02:41:31,168
SOMO00001,REminiscence Vita,5788,06/13/2021, 03:14:24,168
SOMO00001,REminiscence Vita,5789,06/13/2021, 04:13:26,168
SOMO00001,REminiscence Vita,5789,06/13/2021, 05:14:05,168
SOMO00001,REminiscence Vita,5789,06/13/2021, 06:13:06,168
SOMO00001,REminiscence Vita,5789,06/13/2021, 07:13:29,168
SOMO00001,REminiscence Vita,5789,06/13/2021, 08:11:38,168
SOMO00001,REminiscence Vita,5789,06/13/2021, 09:10:53,168
SOMO00001,REminiscence Vita,5789,06/13/2021, 10:12:08,168
SOMO00001,REminiscence Vita,5789,06/13/2021, 11:09:22,168
SOMO00001,REminiscence Vita,5789,06/13/2021, 12:15:32,168
SOMO00001,REminiscence Vita,5789,06/13/2021, 13:22:31,168
SOMO00001,REminiscence Vita,5789,06/13/2021, 14:09:50,168
SOMO00001,REminiscence Vita,5789,06/13/2021, 15:11:43,168
SOMO00001,REminiscence Vita,5790,06/13/2021, 16:18:52,168
SOMO00001,REminiscence Vita,5790,06/13/2021, 17:25:28,168
SOMO00001,REminiscence Vita,5790,06/13/2021, 18:12:19,168
SOMO00001,REminiscence Vita,5790,06/13/2021, 19:11:26,168
SOMO00001,REminiscence Vita,5790,06/13/2021, 20:10:38,168
SOMO00001,REminiscence Vita,5791,06/13/2021, 21:10:04,168
SOMO00001,REminiscence Vita,5791,06/13/2021, 22:10:51,168
SOMO00001,REminiscence Vita,5792,06/13/2021, 23:11:07,168
SOMO00001,REminiscence Vita,5793,06/14/2021, 00:33:24,168
SOMO00001,REminiscence Vita,5793,06/14/2021, 01:59:09,168
SOMO00001,REminiscence Vita,5793,06/14/2021, 02:41:43,168
SOMO00001,REminiscence Vita,5793,06/14/2021, 03:15:13,168
SOMO00001,REminiscence Vita,5793,06/14/2021, 04:14:19,168
SOMO00001,REminiscence Vita,5793,06/14/2021, 05:15:15,168
SOMO00001,REminiscence Vita,5793,06/14/2021, 06:13:34,168
SOMO00001,REminiscence Vita,5793,06/14/2021, 07:15:54,168
SOMO00001,REminiscence Vita,5793,06/14/2021, 08:17:03,168
SOMO00001,REminiscence Vita,5793,06/14/2021, 09:15:52,168
SOMO00001,REminiscence Vita,5793,06/14/2021, 10:16:53,168
SOMO00001,REminiscence Vita,5793,06/14/2021, 11:09:42,168
SOMO00001,REminiscence Vita,5793,06/14/2021, 12:16:05,168
SOMO00001,REminiscence Vita,5793,06/14/2021, 13:27:53,168
SOMO00001,REminiscence Vita,5793,06/14/2021, 14:14:58,168
SOMO00001,REminiscence Vita,5793,06/14/2021, 15:16:52,168
SOMO00001,REminiscence Vita,5793,06/14/2021, 16:19:57,168
SOMO00001,REminiscence Vita,5793,06/14/2021, 17:26:47,168
SOMO00001,REminiscence Vita,5793,06/14/2021, 18:13:23,168
SOMO00001,REminiscence Vita,5793,06/14/2021, 19:10:26,168
SOMO00001,REminiscence Vita,5793,06/14/2021, 20:11:03,168
SOMO00001,REminiscence Vita,5794,06/14/2021, 21:10:13,168
SOMO00001,REminiscence Vita,5794,06/14/2021, 22:12:13,168
SOMO00001,REminiscence Vita,5794,06/14/2021, 23:11:27,168
SOMO00001,REminiscence Vita,5795,06/15/2021, 00:35:00,168
SOMO00001,REminiscence Vita,5795,06/15/2021, 02:06:40,168
SOMO00001,REminiscence Vita,5795,06/15/2021, 03:16:25,168
SOMO00001,REminiscence Vita,5795,06/15/2021, 04:14:23,168
SOMO00001,REminiscence Vita,5795,06/15/2021, 05:15:04,168
SOMO00001,REminiscence Vita,5795,06/15/2021, 06:13:25,168
SOMO00001,REminiscence Vita,5795,06/15/2021, 07:19:34,168
SOMO00001,REminiscence Vita,5795,06/15/2021, 08:17:00,168
SOMO00001,REminiscence Vita,5795,06/15/2021, 09:18:02,168
SOMO00001,REminiscence Vita,5795,06/15/2021, 10:16:15,168
SOMO00001,REminiscence Vita,5795,06/15/2021, 11:09:34,168
SOMO00001,REminiscence Vita,5797,06/15/2021, 12:20:50,168
SOMO00001,REminiscence Vita,5798,06/15/2021, 13:23:16,168
SOMO00001,REminiscence Vita,5798,06/15/2021, 14:10:18,168
SOMO00001,REminiscence Vita,5798,06/15/2021, 15:15:08,168
SOMO00001,REminiscence Vita,5798,06/15/2021, 16:20:57,168
SOMO00001,REminiscence Vita,5798,06/15/2021, 17:30:37,168
SOMO00001,REminiscence Vita,5798,06/15/2021, 18:15:49,168
SOMO00001,REminiscence Vita,5798,06/15/2021, 19:11:47,168
SOMO00001,REminiscence Vita,5798,06/15/2021, 20:11:07,168
SOMO00001,REminiscence Vita,5798,06/15/2021, 21:10:01,168
SOMO00001,REminiscence Vita,5798,06/15/2021, 22:11:16,168
SOMO00001,REminiscence Vita,5798,06/15/2021, 23:11:14,168
SOMO00001,REminiscence Vita,5798,06/16/2021, 00:35:44,168
SOMO00001,REminiscence Vita,5798,06/16/2021, 02:00:27,168
SOMO00001,REminiscence Vita,5798,06/16/2021, 02:42:43,168
SOMO00001,REminiscence Vita,5798,06/16/2021, 03:14:51,168
SOMO00001,REminiscence Vita,5798,06/16/2021, 04:14:03,168
SOMO00001,REminiscence Vita,5798,06/16/2021, 05:15:07,168
SOMO00001,REminiscence Vita,5798,06/16/2021, 06:13:34,168
SOMO00001,REminiscence Vita,5798,06/16/2021, 07:15:18,168
SOMO00001,REminiscence Vita,5798,06/16/2021, 08:12:12,168
SOMO00001,REminiscence Vita,5798,06/16/2021, 09:11:14,168
SOMO00001,REminiscence Vita,5798,06/16/2021, 10:12:29,168
SOMO00001,REminiscence Vita,5798,06/16/2021, 11:09:40,168
SOMO00001,REminiscence Vita,5798,06/16/2021, 12:16:31,168
SOMO00001,REminiscence Vita,5798,06/16/2021, 13:24:08,168
SOMO00001,REminiscence Vita,5798,06/16/2021, 14:12:34,168
SOMO00001,REminiscence Vita,5798,06/16/2021, 15:16:16,168
SOMO00001,REminiscence Vita,5799,06/16/2021, 16:20:02,168
SOMO00001,REminiscence Vita,5799,06/16/2021, 17:28:48,168
SOMO00001,REminiscence Vita,5799,06/16/2021, 18:14:45,168
SOMO00001,REminiscence Vita,5799,06/16/2021, 19:11:56,168
SOMO00001,REminiscence Vita,5800,06/16/2021, 20:11:14,168
SOMO00001,REminiscence Vita,5800,06/16/2021, 21:10:07,168
SOMO00001,REminiscence Vita,5800,06/16/2021, 22:11:01,168
SOMO00001,REminiscence Vita,5800,06/16/2021, 23:11:23,168
SOMO00001,REminiscence Vita,5801,06/17/2021, 00:34:02,168
SOMO00001,REminiscence Vita,5801,06/17/2021, 01:56:44,168
SOMO00001,REminiscence Vita,5801,06/17/2021, 02:33:31,168
SOMO00001,REminiscence Vita,5802,06/17/2021, 03:13:43,168
SOMO00001,REminiscence Vita,5802,06/17/2021, 04:13:48,168
SOMO00001,REminiscence Vita,5802,06/17/2021, 05:14:49,168
SOMO00001,REminiscence Vita,5802,06/17/2021, 06:13:51,168
SOMO00001,REminiscence Vita,5802,06/17/2021, 07:15:49,168
SOMO00001,REminiscence Vita,5802,06/17/2021, 08:16:56,168
SOMO00001,REminiscence Vita,5802,06/17/2021, 09:17:07,168
SOMO00001,REminiscence Vita,5803,06/17/2021, 10:16:50,168
SOMO00001,REminiscence Vita,5803,06/17/2021, 11:12:02,168
SOMO00001,REminiscence Vita,5803,06/17/2021, 12:20:55,168
SOMO00001,REminiscence Vita,5803,06/17/2021, 13:27:54,168
SOMO00001,REminiscence Vita,5803,06/17/2021, 14:10:34,168
SOMO00001,REminiscence Vita,5803,06/17/2021, 15:18:04,168
SOMO00001,REminiscence Vita,5803,06/17/2021, 16:20:45,168
SOMO00001,REminiscence Vita,5803,06/17/2021, 17:28:50,168
SOMO00001,REminiscence Vita,5803,06/17/2021, 18:14:47,168
SOMO00001,REminiscence Vita,5803,06/17/2021, 19:11:39,168
SOMO00001,REminiscence Vita,5803,06/17/2021, 20:11:28,168
SOMO00001,REminiscence Vita,5803,06/17/2021, 21:10:12,168
SOMO00001,REminiscence Vita,5803,06/17/2021, 22:11:29,168
SOMO00001,REminiscence Vita,5803,06/17/2021, 23:11:39,168
SOMO00001,REminiscence Vita,5803,06/18/2021, 00:34:32,168
SOMO00001,REminiscence Vita,5803,06/18/2021, 02:04:07,168
SOMO00001,REminiscence Vita,5803,06/18/2021, 03:14:42,168
SOMO00001,REminiscence Vita,5803,06/18/2021, 04:13:47,168
SOMO00001,REminiscence Vita,5803,06/18/2021, 05:14:21,168
SOMO00001,REminiscence Vita,5803,06/18/2021, 06:13:31,168
SOMO00001,REminiscence Vita,5803,06/18/2021, 07:15:00,168
SOMO00001,REminiscence Vita,5803,06/18/2021, 08:12:47,168
SOMO00001,REminiscence Vita,5803,06/18/2021, 09:15:50,168
SOMO00001,REminiscence Vita,5803,06/18/2021, 10:13:27,168
SOMO00001,REminiscence Vita,5803,06/18/2021, 11:09:36,168
SOMO00001,REminiscence Vita,5803,06/18/2021, 12:19:32,168
SOMO00001,REminiscence Vita,5803,06/18/2021, 13:24:15,168
SOMO00001,REminiscence Vita,5803,06/18/2021, 14:14:55,168
SOMO00001,REminiscence Vita,5803,06/18/2021, 15:13:59,168
SOMO00001,REminiscence Vita,5803,06/18/2021, 16:19:16,168
SOMO00001,REminiscence Vita,5803,06/18/2021, 17:27:19,168
SOMO00001,REminiscence Vita,5803,06/18/2021, 18:13:05,168
SOMO00001,REminiscence Vita,5803,06/18/2021, 19:10:17,168
SOMO00001,REminiscence Vita,5803,06/18/2021, 20:11:20,168
SOMO00001,REminiscence Vita,5803,06/18/2021, 21:10:31,168
SOMO00001,REminiscence Vita,5803,06/18/2021, 22:11:04,168
SOMO00001,REminiscence Vita,5803,06/18/2021, 23:11:27,168
SOMO00001,REminiscence Vita,5803,06/19/2021, 00:34:28,168
SOMO00001,REminiscence Vita,5803,06/19/2021, 02:02:27,168
SOMO00001,REminiscence Vita,5803,06/19/2021, 03:13:37,168
SOMO00001,REminiscence Vita,5803,06/19/2021, 04:13:34,168
SOMO00001,REminiscence Vita,5803,06/19/2021, 05:14:01,168
SOMO00001,REminiscence Vita,5803,06/19/2021, 06:13:17,168
SOMO00001,REminiscence Vita,5803,06/19/2021, 07:13:54,168
SOMO00001,REminiscence Vita,5803,06/19/2021, 08:11:46,168
SOMO00001,REminiscence Vita,5803,06/19/2021, 09:10:43,168
SOMO00001,REminiscence Vita,5803,06/19/2021, 10:12:03,168
SOMO00001,REminiscence Vita,5803,06/19/2021, 11:09:28,168
SOMO00001,REminiscence Vita,5803,06/19/2021, 12:15:17,168
SOMO00001,REminiscence Vita,5804,06/19/2021, 13:21:33,168
SOMO00001,REminiscence Vita,5804,06/19/2021, 14:09:46,168
SOMO00001,REminiscence Vita,5805,06/19/2021, 15:11:36,168
SOMO00001,REminiscence Vita,5805,06/19/2021, 16:17:39,168
SOMO00001,REminiscence Vita,5805,06/19/2021, 17:26:41,168
SOMO00001,REminiscence Vita,5805,06/19/2021, 18:12:09,168
SOMO00001,REminiscence Vita,5805,06/19/2021, 19:08:31,168
SOMO00001,REminiscence Vita,5805,06/19/2021, 20:10:59,168
SOMO00001,REminiscence Vita,5805,06/19/2021, 21:09:51,168
SOMO00001,REminiscence Vita,5806,06/19/2021, 22:10:33,168
SOMO00001,REminiscence Vita,5807,06/19/2021, 23:11:04,168
SOMO00001,REminiscence Vita,5808,06/20/2021, 00:36:55,168
SOMO00001,REminiscence Vita,5808,06/20/2021, 02:05:28,168
SOMO00001,REminiscence Vita,5808,06/20/2021, 03:14:02,168
SOMO00001,REminiscence Vita,5808,06/20/2021, 04:13:32,168
SOMO00001,REminiscence Vita,5808,06/20/2021, 05:13:25,168
SOMO00001,REminiscence Vita,5808,06/20/2021, 06:12:53,168
SOMO00001,REminiscence Vita,5810,06/20/2021, 07:13:29,168
SOMO00001,REminiscence Vita,5810,06/20/2021, 08:11:41,168
SOMO00001,REminiscence Vita,5810,06/20/2021, 09:10:43,168
SOMO00001,REminiscence Vita,5810,06/20/2021, 10:11:53,168
SOMO00001,REminiscence Vita,5810,06/20/2021, 11:09:07,168
SOMO00001,REminiscence Vita,5810,06/20/2021, 12:15:29,168
SOMO00001,REminiscence Vita,5810,06/20/2021, 13:21:43,168
SOMO00001,REminiscence Vita,5810,06/20/2021, 14:09:53,168
SOMO00001,REminiscence Vita,5810,06/20/2021, 15:11:53,168
SOMO00001,REminiscence Vita,5810,06/20/2021, 16:17:35,168
SOMO00001,REminiscence Vita,5810,06/20/2021, 17:23:59,168
SOMO00001,REminiscence Vita,5810,06/20/2021, 18:12:03,168
SOMO00001,REminiscence Vita,5810,06/20/2021, 19:08:31,168
SOMO00001,REminiscence Vita,5810,06/20/2021, 20:10:44,168
SOMO00001,REminiscence Vita,5810,06/20/2021, 21:09:44,168
SOMO00001,REminiscence Vita,5810,06/20/2021, 22:10:43,168
SOMO00001,REminiscence Vita,5810,06/20/2021, 23:10:55,168
SOMO00001,REminiscence Vita,5810,06/21/2021, 00:36:40,168
SOMO00001,REminiscence Vita,5810,06/21/2021, 02:05:07,168
SOMO00001,REminiscence Vita,5810,06/21/2021, 03:13:59,168
SOMO00001,REminiscence Vita,5810,06/21/2021, 04:13:40,168
SOMO00001,REminiscence Vita,5810,06/21/2021, 05:13:45,168
SOMO00001,REminiscence Vita,5811,06/21/2021, 06:13:33,168
SOMO00001,REminiscence Vita,5811,06/21/2021, 07:26:35,168
SOMO00001,REminiscence Vita,5811,06/21/2021, 08:21:13,168
SOMO00001,REminiscence Vita,5811,06/21/2021, 09:16:25,168
SOMO00001,REminiscence Vita,5811,06/21/2021, 10:16:26,168
SOMO00001,REminiscence Vita,5811,06/21/2021, 11:13:51,168
SOMO00001,REminiscence Vita,5811,06/21/2021, 12:16:41,168
SOMO00001,REminiscence Vita,5811,06/21/2021, 13:27:57,168
SOMO00001,REminiscence Vita,5811,06/21/2021, 14:15:56,168
SOMO00001,REminiscence Vita,5811,06/21/2021, 15:17:08,168
SOMO00001,REminiscence Vita,5811,06/21/2021, 16:21:16,168
SOMO00001,REminiscence Vita,5811,06/21/2021, 17:25:39,168
SOMO00001,REminiscence Vita,5811,06/21/2021, 18:12:35,168
SOMO00001,REminiscence Vita,5811,06/21/2021, 19:09:40,168
SOMO00001,REminiscence Vita,5811,06/21/2021, 20:11:03,168
SOMO00001,REminiscence Vita,5811,06/21/2021, 21:10:34,168
SOMO00001,REminiscence Vita,5811,06/21/2021, 22:11:05,168
SOMO00001,REminiscence Vita,5811,06/21/2021, 23:11:26,168
SOMO00001,REminiscence Vita,5811,06/22/2021, 00:33:03,168
SOMO00001,REminiscence Vita,5811,06/22/2021, 01:54:45,168
SOMO00001,REminiscence Vita,5811,06/22/2021, 02:30:04,168
SOMO00001,REminiscence Vita,5811,06/22/2021, 03:11:26,168
SOMO00001,REminiscence Vita,5811,06/22/2021, 04:14:03,168
SOMO00001,REminiscence Vita,5811,06/22/2021, 05:13:50,168
SOMO00001,REminiscence Vita,5811,06/22/2021, 06:13:27,168
SOMO00001,REminiscence Vita,5811,06/22/2021, 07:14:17,168
SOMO00001,REminiscence Vita,5811,06/22/2021, 08:12:26,168
SOMO00001,REminiscence Vita,5811,06/22/2021, 09:15:54,168
SOMO00001,REminiscence Vita,5811,06/22/2021, 10:16:51,168
SOMO00001,REminiscence Vita,5811,06/22/2021, 11:09:28,168
SOMO00001,REminiscence Vita,5811,06/22/2021, 12:16:32,168
SOMO00001,REminiscence Vita,5811,06/22/2021, 13:22:47,168
SOMO00001,REminiscence Vita,5811,06/22/2021, 14:10:34,168
SOMO00001,REminiscence Vita,5812,06/22/2021, 15:13:42,168
SOMO00001,REminiscence Vita,5812,06/22/2021, 16:19:49,168
SOMO00001,REminiscence Vita,5812,06/22/2021, 17:25:31,168
SOMO00001,REminiscence Vita,5812,06/22/2021, 18:12:08,168
SOMO00001,REminiscence Vita,5812,06/22/2021, 19:09:37,168
SOMO00001,REminiscence Vita,5813,06/22/2021, 20:11:09,168
SOMO00001,REminiscence Vita,5813,06/22/2021, 21:09:46,168
SOMO00001,REminiscence Vita,5813,06/22/2021, 22:11:32,168
SOMO00001,REminiscence Vita,5813,06/22/2021, 23:10:41,168
SOMO00001,REminiscence Vita,5813,06/23/2021, 00:33:14,168
SOMO00001,REminiscence Vita,5814,06/23/2021, 01:45:42,168
SOMO00001,REminiscence Vita,5814,06/23/2021, 02:22:33,168
SOMO00001,REminiscence Vita,5814,06/23/2021, 03:10:47,168
SOMO00001,REminiscence Vita,5814,06/23/2021, 04:12:50,168
SOMO00001,REminiscence Vita,5814,06/23/2021, 05:09:14,168
SOMO00001,REminiscence Vita,5814,06/23/2021, 06:12:28,168
SOMO00001,REminiscence Vita,5814,06/23/2021, 07:09:29,168
SOMO00001,REminiscence Vita,5814,06/23/2021, 08:12:12,168
SOMO00001,REminiscence Vita,5814,06/23/2021, 09:14:49,168
SOMO00001,REminiscence Vita,5814,06/23/2021, 10:15:49,168
SOMO00001,REminiscence Vita,5814,06/23/2021, 11:09:59,168
SOMO00001,REminiscence Vita,5814,06/23/2021, 12:13:02,168
SOMO00001,REminiscence Vita,5814,06/23/2021, 13:17:37,168
SOMO00001,REminiscence Vita,5814,06/23/2021, 14:11:56,168
SOMO00001,REminiscence Vita,5814,06/23/2021, 15:11:56,168
SOMO00001,REminiscence Vita,5814,06/23/2021, 16:17:28,168
SOMO00001,REminiscence Vita,5814,06/23/2021, 17:15:38,168
SOMO00001,REminiscence Vita,5814,06/23/2021, 18:15:45,168
SOMO00001,REminiscence Vita,5814,06/23/2021, 19:08:16,168
SOMO00001,REminiscence Vita,5814,06/23/2021, 20:10:23,168
SOMO00001,REminiscence Vita,5814,06/23/2021, 21:09:28,168
SOMO00001,REminiscence Vita,5814,06/23/2021, 22:10:04,168
SOMO00001,REminiscence Vita,5814,06/23/2021, 23:10:32,168
SOMO00001,REminiscence Vita,5814,06/24/2021, 00:48:23,168
SOMO00001,REminiscence Vita,5814,06/24/2021, 01:49:49,168
SOMO00001,REminiscence Vita,5814,06/24/2021, 02:21:06,168
SOMO00001,REminiscence Vita,5814,06/24/2021, 03:13:20,168
SOMO00001,REminiscence Vita,5814,06/24/2021, 04:15:19,168
SOMO00001,REminiscence Vita,5814,06/24/2021, 05:10:10,168
SOMO00001,REminiscence Vita,5814,06/24/2021, 06:14:20,168
SOMO00001,REminiscence Vita,5814,06/24/2021, 07:10:23,168
SOMO00001,REminiscence Vita,5814,06/24/2021, 08:16:15,168
SOMO00001,REminiscence Vita,5814,06/24/2021, 09:15:48,168
SOMO00001,REminiscence Vita,5814,06/24/2021, 10:16:50,168
SOMO00001,REminiscence Vita,5814,06/24/2021, 11:09:02,168
SOMO00001,REminiscence Vita,5814,06/24/2021, 12:17:16,168
SOMO00001,REminiscence Vita,5814,06/24/2021, 13:22:49,168
SOMO00001,REminiscence Vita,5814,06/24/2021, 14:14:55,168
SOMO00001,REminiscence Vita,5814,06/24/2021, 15:17:55,168
SOMO00001,REminiscence Vita,5814,06/24/2021, 16:18:06,168
SOMO00001,REminiscence Vita,5814,06/24/2021, 17:18:43,168
SOMO00001,REminiscence Vita,5814,06/24/2021, 18:14:08,168
SOMO00001,REminiscence Vita,5814,06/24/2021, 19:09:04,168
SOMO00001,REminiscence Vita,5814,06/24/2021, 20:09:48,168
SOMO00001,REminiscence Vita,5814,06/24/2021, 21:11:14,168
SOMO00001,REminiscence Vita,5814,06/24/2021, 22:11:05,168
SOMO00001,REminiscence Vita,5814,06/24/2021, 23:11:18,168
SOMO00001,REminiscence Vita,5814,06/25/2021, 00:37:49,168
SOMO00001,REminiscence Vita,5814,06/25/2021, 01:58:16,168
SOMO00001,REminiscence Vita,5814,06/25/2021, 02:31:25,168
SOMO00001,REminiscence Vita,5814,06/25/2021, 03:12:23,168
SOMO00001,REminiscence Vita,5814,06/25/2021, 04:13:45,168
SOMO00001,REminiscence Vita,5814,06/25/2021, 05:09:27,168
SOMO00001,REminiscence Vita,5814,06/25/2021, 06:14:00,168
SOMO00001,REminiscence Vita,5814,06/25/2021, 07:08:44,168
SOMO00001,REminiscence Vita,5814,06/25/2021, 08:12:12,168
SOMO00001,REminiscence Vita,5814,06/25/2021, 09:14:29,168
SOMO00001,REminiscence Vita,5814,06/25/2021, 10:11:57,168
SOMO00001,REminiscence Vita,5814,06/25/2021, 11:09:21,168
SOMO00001,REminiscence Vita,5814,06/25/2021, 12:16:14,168
SOMO00001,REminiscence Vita,5814,06/25/2021, 13:18:22,168
SOMO00001,REminiscence Vita,5815,06/25/2021, 14:14:56,168
SOMO00001,REminiscence Vita,5815,06/25/2021, 15:12:35,168
SOMO00001,REminiscence Vita,5815,06/25/2021, 16:16:35,168
SOMO00001,REminiscence Vita,5815,06/25/2021, 17:20:28,168
SOMO00001,REminiscence Vita,5815,06/25/2021, 18:12:42,168
SOMO00001,REminiscence Vita,5815,06/25/2021, 19:08:45,168
SOMO00001,REminiscence Vita,5815,06/25/2021, 20:11:11,168
SOMO00001,REminiscence Vita,5815,06/25/2021, 21:10:23,168
SOMO00001,REminiscence Vita,5816,06/25/2021, 22:10:53,168
SOMO00001,REminiscence Vita,5817,06/25/2021, 23:11:00,168
SOMO00001,REminiscence Vita,5817,06/26/2021, 00:33:27,168
SOMO00001,REminiscence Vita,5817,06/26/2021, 01:49:52,168
SOMO00001,REminiscence Vita,5817,06/26/2021, 02:22:50,168
SOMO00001,REminiscence Vita,5817,06/26/2021, 03:12:20,168
SOMO00001,REminiscence Vita,5817,06/26/2021, 04:13:42,168
SOMO00001,REminiscence Vita,5817,06/26/2021, 05:09:12,168
SOMO00001,REminiscence Vita,5817,06/26/2021, 06:13:26,168
SOMO00001,REminiscence Vita,5817,06/26/2021, 07:09:41,168
SOMO00001,REminiscence Vita,5817,06/26/2021, 08:11:46,168
SOMO00001,REminiscence Vita,5817,06/26/2021, 09:11:17,168
SOMO00001,REminiscence Vita,5817,06/26/2021, 10:11:42,168
SOMO00001,REminiscence Vita,5817,06/26/2021, 11:09:00,168
SOMO00001,REminiscence Vita,5817,06/26/2021, 12:15:33,168
SOMO00001,REminiscence Vita,5817,06/26/2021, 13:16:22,168
SOMO00001,REminiscence Vita,5817,06/26/2021, 14:09:29,168
SOMO00001,REminiscence Vita,5817,06/26/2021, 15:12:06,168
SOMO00001,REminiscence Vita,5817,06/26/2021, 16:15:38,168
SOMO00001,REminiscence Vita,5817,06/26/2021, 17:16:47,168
SOMO00001,REminiscence Vita,5818,06/26/2021, 18:12:47,168
SOMO00001,REminiscence Vita,5818,06/26/2021, 19:08:30,168
SOMO00001,REminiscence Vita,5818,06/26/2021, 20:10:21,168
SOMO00001,REminiscence Vita,5818,06/26/2021, 21:10:24,168
SOMO00001,REminiscence Vita,5818,06/26/2021, 22:10:15,168
SOMO00001,REminiscence Vita,5818,06/26/2021, 23:10:37,168
SOMO00001,REminiscence Vita,5818,06/27/2021, 00:39:07,168
SOMO00001,REminiscence Vita,5818,06/27/2021, 01:59:46,168
SOMO00001,REminiscence Vita,5818,06/27/2021, 02:34:13,168
SOMO00001,REminiscence Vita,5818,06/27/2021, 03:12:12,168
SOMO00001,REminiscence Vita,5818,06/27/2021, 04:13:34,168
SOMO00001,REminiscence Vita,5818,06/27/2021, 05:09:23,168
SOMO00001,REminiscence Vita,5818,06/27/2021, 06:13:20,168
SOMO00001,REminiscence Vita,5818,06/27/2021, 07:09:45,168
SOMO00001,REminiscence Vita,5818,06/27/2021, 08:11:58,168
SOMO00001,REminiscence Vita,5818,06/27/2021, 09:11:35,168
SOMO00001,REminiscence Vita,5818,06/27/2021, 10:11:24,168
SOMO00001,REminiscence Vita,5818,06/27/2021, 11:08:59,168
SOMO00001,REminiscence Vita,5818,06/27/2021, 12:16:03,168
SOMO00001,REminiscence Vita,5818,06/27/2021, 13:16:30,168
SOMO00001,REminiscence Vita,5818,06/27/2021, 14:09:45,168
SOMO00001,REminiscence Vita,5818,06/27/2021, 15:12:08,168
SOMO00001,REminiscence Vita,5818,06/27/2021, 16:15:33,168
SOMO00001,REminiscence Vita,5818,06/27/2021, 17:16:37,168
SOMO00001,REminiscence Vita,5818,06/27/2021, 18:12:39,168
SOMO00001,REminiscence Vita,5818,06/27/2021, 19:08:33,168
SOMO00001,REminiscence Vita,5819,06/27/2021, 20:10:27,168
SOMO00001,REminiscence Vita,5820,06/27/2021, 21:10:21,168
SOMO00001,REminiscence Vita,5820,06/27/2021, 22:10:10,168
SOMO00001,REminiscence Vita,5820,06/27/2021, 23:11:10,168
SOMO00001,REminiscence Vita,5820,06/28/2021, 00:37:28,168
SOMO00001,REminiscence Vita,5820,06/28/2021, 01:55:24,168
SOMO00001,REminiscence Vita,5820,06/28/2021, 02:27:54,168
SOMO00001,REminiscence Vita,5820,06/28/2021, 03:12:40,168
SOMO00001,REminiscence Vita,5820,06/28/2021, 04:14:01,168
SOMO00001,REminiscence Vita,5820,06/28/2021, 05:09:39,168
SOMO00001,REminiscence Vita,5820,06/28/2021, 06:14:11,168
SOMO00001,REminiscence Vita,5820,06/28/2021, 07:09:54,168
SOMO00001,REminiscence Vita,5820,06/28/2021, 08:16:51,168
SOMO00001,REminiscence Vita,5820,06/28/2021, 09:16:52,168
SOMO00001,REminiscence Vita,5820,06/28/2021, 10:16:55,168
SOMO00001,REminiscence Vita,5820,06/28/2021, 11:13:49,168
SOMO00001,REminiscence Vita,5820,06/28/2021, 12:22:01,168
SOMO00001,REminiscence Vita,5820,06/28/2021, 13:24:03,168
SOMO00001,REminiscence Vita,5820,06/28/2021, 14:14:50,168
SOMO00001,REminiscence Vita,5821,06/28/2021, 15:16:54,168
SOMO00001,REminiscence Vita,5821,06/28/2021, 16:20:29,168
SOMO00001,REminiscence Vita,5821,06/28/2021, 17:44:19,168
SOMO00001,REminiscence Vita,5821,06/28/2021, 18:27:09,168
SOMO00001,REminiscence Vita,5821,06/28/2021, 19:14:52,168
SOMO00001,REminiscence Vita,5821,06/28/2021, 20:10:57,168
SOMO00001,REminiscence Vita,5821,06/28/2021, 21:10:28,168
SOMO00001,REminiscence Vita,5821,06/28/2021, 22:10:41,168
SOMO00001,REminiscence Vita,5821,06/28/2021, 23:11:03,168
SOMO00001,REminiscence Vita,5821,06/29/2021, 00:34:57,168
SOMO00001,REminiscence Vita,5822,06/29/2021, 01:52:38,168
SOMO00001,REminiscence Vita,5822,06/29/2021, 02:25:14,168
SOMO00001,REminiscence Vita,5822,06/29/2021, 03:12:47,168
SOMO00001,REminiscence Vita,5822,06/29/2021, 04:13:48,168
SOMO00001,REminiscence Vita,5822,06/29/2021, 05:09:41,168
SOMO00001,REminiscence Vita,5822,06/29/2021, 06:13:59,168
SOMO00001,REminiscence Vita,5822,06/29/2021, 07:09:39,168
SOMO00001,REminiscence Vita,5822,06/29/2021, 08:16:56,168
SOMO00001,REminiscence Vita,5822,06/29/2021, 09:17:10,168
SOMO00001,REminiscence Vita,5822,06/29/2021, 10:17:00,168
SOMO00001,REminiscence Vita,5822,06/29/2021, 11:09:41,168
SOMO00001,REminiscence Vita,5823,06/29/2021, 12:21:57,168
SOMO00001,REminiscence Vita,5823,06/29/2021, 13:18:17,168
SOMO00001,REminiscence Vita,5823,06/29/2021, 14:14:56,168
SOMO00001,REminiscence Vita,5823,06/29/2021, 15:16:03,168
SOMO00001,REminiscence Vita,5823,06/29/2021, 16:19:27,168
SOMO00001,REminiscence Vita,5823,06/29/2021, 17:23:46,168
SOMO00001,REminiscence Vita,5823,06/29/2021, 18:14:29,168
SOMO00001,REminiscence Vita,5823,06/29/2021, 19:09:41,168
SOMO00001,REminiscence Vita,5823,06/29/2021, 20:10:51,168
SOMO00001,REminiscence Vita,5823,06/29/2021, 21:11:11,168
SOMO00001,REminiscence Vita,5823,06/29/2021, 22:10:50,168
SOMO00001,REminiscence Vita,5823,06/29/2021, 23:11:09,168
SOMO00001,REminiscence Vita,5823,06/30/2021, 00:38:19,168
SOMO00001,REminiscence Vita,5823,06/30/2021, 01:58:21,168
SOMO00001,REminiscence Vita,5823,06/30/2021, 02:31:24,168
SOMO00001,REminiscence Vita,5823,06/30/2021, 03:12:28,168
SOMO00001,REminiscence Vita,5823,06/30/2021, 04:13:57,168
SOMO00001,REminiscence Vita,5823,06/30/2021, 05:09:34,168
SOMO00001,REminiscence Vita,5823,06/30/2021, 06:18:09,168
SOMO00001,REminiscence Vita,5824,06/30/2021, 07:10:02,168
SOMO00001,REminiscence Vita,5824,06/30/2021, 08:16:50,168
SOMO00001,REminiscence Vita,5824,06/30/2021, 09:16:53,168
SOMO00001,REminiscence Vita,5824,06/30/2021, 10:16:48,168
SOMO00001,REminiscence Vita,5824,06/30/2021, 11:13:56,168
SOMO00001,REminiscence Vita,5824,06/30/2021, 12:20:53,168
SOMO00001,REminiscence Vita,5824,06/30/2021, 13:22:49,168
SOMO00001,REminiscence Vita,5824,06/30/2021, 14:15:18,168
SOMO00001,REminiscence Vita,5824,06/30/2021, 15:16:49,168
SOMO00001,REminiscence Vita,5824,06/30/2021, 16:20:48,168
SOMO00001,REminiscence Vita,5824,06/30/2021, 17:23:26,168
SOMO00001,REminiscence Vita,5824,06/30/2021, 18:17:49,168
SOMO00001,REminiscence Vita,5824,06/30/2021, 19:08:57,168
SOMO00001,REminiscence Vita,5824,06/30/2021, 20:15:46,168
SOMO00001,REminiscence Vita,5824,06/30/2021, 21:10:27,168
SOMO00001,REminiscence Vita,5824,06/30/2021, 22:10:37,168
SOMO00001,REminiscence Vita,5825,06/30/2021, 23:10:15,168
SOMO00001,REminiscence Vita,5825,07/01/2021, 00:37:07,168
SOMO00001,REminiscence Vita,5825,07/01/2021, 01:57:07,168
SOMO00001,REminiscence Vita,5825,07/01/2021, 02:27:08,168
SOMO00001,REminiscence Vita,5826,07/01/2021, 03:12:27,168
SOMO00001,REminiscence Vita,5826,07/01/2021, 04:13:46,168
SOMO00001,REminiscence Vita,5826,07/01/2021, 05:09:40,168
SOMO00001,REminiscence Vita,5826,07/01/2021, 06:13:45,168
SOMO00001,REminiscence Vita,5826,07/01/2021, 07:12:55,168
SOMO00001,REminiscence Vita,5826,07/01/2021, 08:16:53,168
SOMO00001,REminiscence Vita,5826,07/01/2021, 09:16:46,168
SOMO00001,REminiscence Vita,5826,07/01/2021, 10:16:53,168
SOMO00001,REminiscence Vita,5826,07/01/2021, 11:14:06,168
SOMO00001,REminiscence Vita,5826,07/01/2021, 12:21:48,168
SOMO00001,REminiscence Vita,5826,07/01/2021, 13:21:54,168
SOMO00001,REminiscence Vita,5826,07/01/2021, 14:14:48,168
SOMO00001,REminiscence Vita,5826,07/01/2021, 15:16:55,168
SOMO00001,REminiscence Vita,5826,07/01/2021, 16:20:54,168
SOMO00001,REminiscence Vita,5826,07/01/2021, 17:19:51,168
SOMO00001,REminiscence Vita,5827,07/01/2021, 18:13:19,168
SOMO00001,REminiscence Vita,5827,07/01/2021, 19:10:51,168
SOMO00001,REminiscence Vita,5827,07/01/2021, 20:12:07,168
SOMO00001,REminiscence Vita,5827,07/01/2021, 21:10:36,168
SOMO00001,REminiscence Vita,5827,07/01/2021, 22:10:50,168
SOMO00001,REminiscence Vita,5828,07/01/2021, 23:11:40,168
SOMO00001,REminiscence Vita,5828,07/02/2021, 00:34:32,168
SOMO00001,REminiscence Vita,5828,07/02/2021, 01:55:39,168
SOMO00001,REminiscence Vita,5828,07/02/2021, 02:24:01,168
SOMO00001,REminiscence Vita,5828,07/02/2021, 03:12:27,168
SOMO00001,REminiscence Vita,5828,07/02/2021, 04:13:46,168
SOMO00001,REminiscence Vita,5828,07/02/2021, 05:09:37,168
SOMO00001,REminiscence Vita,5828,07/02/2021, 06:12:04,168
SOMO00001,REminiscence Vita,5828,07/02/2021, 07:11:19,168
SOMO00001,REminiscence Vita,5828,07/02/2021, 08:12:47,168
SOMO00001,REminiscence Vita,5828,07/02/2021, 09:15:57,168
SOMO00001,REminiscence Vita,5828,07/02/2021, 10:11:53,168
SOMO00001,REminiscence Vita,5828,07/02/2021, 11:09:13,168
SOMO00001,REminiscence Vita,5828,07/02/2021, 12:16:51,168
SOMO00001,REminiscence Vita,5828,07/02/2021, 13:16:59,168
SOMO00001,REminiscence Vita,5829,07/02/2021, 14:14:53,168
SOMO00001,REminiscence Vita,5829,07/02/2021, 15:17:56,168
SOMO00001,REminiscence Vita,5829,07/02/2021, 16:18:04,168
SOMO00001,REminiscence Vita,5829,07/02/2021, 17:19:25,168
SOMO00001,REminiscence Vita,5829,07/02/2021, 18:11:37,168
SOMO00001,REminiscence Vita,5829,07/02/2021, 19:10:03,168
SOMO00001,REminiscence Vita,5829,07/02/2021, 20:11:19,168
SOMO00001,REminiscence Vita,5829,07/02/2021, 21:10:07,168
SOMO00001,REminiscence Vita,5829,07/02/2021, 22:12:46,168
SOMO00001,REminiscence Vita,5829,07/02/2021, 23:10:36,168
SOMO00001,REminiscence Vita,5829,07/03/2021, 00:35:12,168
SOMO00001,REminiscence Vita,5829,07/03/2021, 01:48:41,168
SOMO00001,REminiscence Vita,5829,07/03/2021, 02:18:41,168
SOMO00001,REminiscence Vita,5829,07/03/2021, 03:11:54,168
SOMO00001,REminiscence Vita,5829,07/03/2021, 04:13:25,168
SOMO00001,REminiscence Vita,5829,07/03/2021, 05:09:25,168
SOMO00001,REminiscence Vita,5829,07/03/2021, 06:13:03,168
SOMO00001,REminiscence Vita,5829,07/03/2021, 07:09:54,168
SOMO00001,REminiscence Vita,5829,07/03/2021, 08:11:44,168
SOMO00001,REminiscence Vita,5829,07/03/2021, 09:11:09,168
SOMO00001,REminiscence Vita,5829,07/03/2021, 10:11:21,168
SOMO00001,REminiscence Vita,5829,07/03/2021, 11:08:55,168
SOMO00001,REminiscence Vita,5829,07/03/2021, 12:15:51,168
SOMO00001,REminiscence Vita,5829,07/03/2021, 13:14:31,168
SOMO00001,REminiscence Vita,5829,07/03/2021, 14:09:20,168
SOMO00001,REminiscence Vita,5829,07/03/2021, 15:11:50,168
SOMO00001,REminiscence Vita,5829,07/03/2021, 16:15:24,168
SOMO00001,REminiscence Vita,5829,07/03/2021, 17:15:49,168
SOMO00001,REminiscence Vita,5829,07/03/2021, 18:12:23,168
SOMO00001,REminiscence Vita,5829,07/03/2021, 19:08:34,168
SOMO00001,REminiscence Vita,5829,07/03/2021, 20:10:29,168
SOMO00001,REminiscence Vita,5829,07/03/2021, 21:10:09,168
SOMO00001,REminiscence Vita,5829,07/03/2021, 22:10:22,168
SOMO00001,REminiscence Vita,5829,07/03/2021, 23:10:11,168
SOMO00001,REminiscence Vita,5829,07/04/2021, 00:35:51,168
SOMO00001,REminiscence Vita,5829,07/04/2021, 01:52:44,168
SOMO00001,REminiscence Vita,5829,07/04/2021, 02:21:15,168
SOMO00001,REminiscence Vita,5829,07/04/2021, 03:12:12,168
SOMO00001,REminiscence Vita,5829,07/04/2021, 04:13:47,168
SOMO00001,REminiscence Vita,5829,07/04/2021, 05:09:18,168
SOMO00001,REminiscence Vita,5829,07/04/2021, 06:13:21,168
SOMO00001,REminiscence Vita,5830,07/04/2021, 07:09:57,168
SOMO00001,REminiscence Vita,5830,07/04/2021, 08:11:28,168
SOMO00001,REminiscence Vita,5830,07/04/2021, 09:11:07,168
SOMO00001,REminiscence Vita,5830,07/04/2021, 10:11:35,168
SOMO00001,REminiscence Vita,5830,07/04/2021, 11:08:47,168
SOMO00001,REminiscence Vita,5830,07/04/2021, 12:15:57,168
SOMO00001,REminiscence Vita,5830,07/04/2021, 13:14:43,168
SOMO00001,REminiscence Vita,5830,07/04/2021, 14:09:26,168
SOMO00001,REminiscence Vita,5830,07/04/2021, 15:11:51,168
SOMO00001,REminiscence Vita,5830,07/04/2021, 16:15:22,168
SOMO00001,REminiscence Vita,5830,07/04/2021, 17:15:46,168
SOMO00001,REminiscence Vita,5830,07/04/2021, 18:12:36,168
SOMO00001,REminiscence Vita,5830,07/04/2021, 19:08:29,168
SOMO00001,REminiscence Vita,5831,07/04/2021, 20:10:34,168
SOMO00001,REminiscence Vita,5831,07/04/2021, 21:10:05,168
SOMO00001,REminiscence Vita,5831,07/04/2021, 22:10:23,168
SOMO00001,REminiscence Vita,5831,07/04/2021, 23:10:47,168
SOMO00001,REminiscence Vita,5831,07/05/2021, 00:33:05,168
SOMO00001,REminiscence Vita,5831,07/05/2021, 01:52:42,168
SOMO00001,REminiscence Vita,5831,07/05/2021, 02:22:00,168
SOMO00001,REminiscence Vita,5831,07/05/2021, 03:12:25,168
SOMO00001,REminiscence Vita,5832,07/05/2021, 04:13:46,168
SOMO00001,REminiscence Vita,5832,07/05/2021, 05:09:37,168
SOMO00001,REminiscence Vita,5832,07/05/2021, 06:13:39,168
SOMO00001,REminiscence Vita,5832,07/05/2021, 07:10:07,168
SOMO00001,REminiscence Vita,5833,07/05/2021, 08:17:50,168
SOMO00001,REminiscence Vita,5834,07/05/2021, 09:16:56,168
SOMO00001,REminiscence Vita,5834,07/05/2021, 10:16:54,168
SOMO00001,REminiscence Vita,5834,07/05/2021, 11:12:01,168
SOMO00001,REminiscence Vita,5834,07/05/2021, 12:19:13,168
SOMO00001,REminiscence Vita,5834,07/05/2021, 13:21:52,168
SOMO00001,REminiscence Vita,5835,07/05/2021, 14:14:56,168
SOMO00001,REminiscence Vita,5835,07/05/2021, 15:16:46,168
SOMO00001,REminiscence Vita,5835,07/05/2021, 16:16:13,168
SOMO00001,REminiscence Vita,5835,07/05/2021, 17:17:24,168
SOMO00001,REminiscence Vita,5835,07/05/2021, 18:12:52,168
SOMO00001,REminiscence Vita,5835,07/05/2021, 19:08:42,168
SOMO00001,REminiscence Vita,5835,07/05/2021, 20:10:58,168
SOMO00001,REminiscence Vita,5835,07/05/2021, 21:10:31,168
SOMO00001,REminiscence Vita,5835,07/05/2021, 22:10:36,168
SOMO00001,REminiscence Vita,5835,07/05/2021, 23:11:04,168
SOMO00001,REminiscence Vita,5835,07/06/2021, 00:37:17,168
SOMO00001,REminiscence Vita,5835,07/06/2021, 01:55:54,168
SOMO00001,REminiscence Vita,5835,07/06/2021, 02:23:43,168
SOMO00001,REminiscence Vita,5836,07/06/2021, 03:12:31,168
SOMO00001,REminiscence Vita,5836,07/06/2021, 04:13:34,168
SOMO00001,REminiscence Vita,5836,07/06/2021, 05:09:28,168
SOMO00001,REminiscence Vita,5837,07/06/2021, 06:13:57,168
SOMO00001,REminiscence Vita,5837,07/06/2021, 07:14:46,168
SOMO00001,REminiscence Vita,5837,07/06/2021, 08:12:44,168
SOMO00001,REminiscence Vita,5837,07/06/2021, 09:15:52,168
SOMO00001,REminiscence Vita,5837,07/06/2021, 10:16:15,168
SOMO00001,REminiscence Vita,5837,07/06/2021, 11:09:09,168
SOMO00001,REminiscence Vita,5837,07/06/2021, 12:20:56,168
SOMO00001,REminiscence Vita,5837,07/06/2021, 13:21:50,168
SOMO00001,REminiscence Vita,5837,07/06/2021, 14:09:57,168
SOMO00001,REminiscence Vita,5837,07/06/2021, 15:12:24,168
SOMO00001,REminiscence Vita,5837,07/06/2021, 16:16:18,168
SOMO00001,REminiscence Vita,5838,07/06/2021, 17:21:56,168
SOMO00001,REminiscence Vita,5838,07/06/2021, 18:12:58,168
SOMO00001,REminiscence Vita,5838,07/06/2021, 19:08:49,168
SOMO00001,REminiscence Vita,5839,07/06/2021, 20:11:01,168
SOMO00001,REminiscence Vita,5839,07/06/2021, 21:10:37,168
SOMO00001,REminiscence Vita,5840,07/06/2021, 22:10:41,168
SOMO00001,REminiscence Vita,5840,07/06/2021, 23:10:41,168
SOMO00001,REminiscence Vita,5841,07/07/2021, 00:36:09,168
SOMO00001,REminiscence Vita,5841,07/07/2021, 01:55:51,168
SOMO00001,REminiscence Vita,5841,07/07/2021, 02:23:38,168
SOMO00001,REminiscence Vita,5841,07/07/2021, 03:13:11,168
SOMO00001,REminiscence Vita,5841,07/07/2021, 04:13:59,168
SOMO00001,REminiscence Vita,5841,07/07/2021, 05:09:32,168
SOMO00001,REminiscence Vita,5841,07/07/2021, 06:13:31,168
SOMO00001,REminiscence Vita,5841,07/07/2021, 07:10:05,168
SOMO00001,REminiscence Vita,5844,07/07/2021, 08:15:49,168
SOMO00001,REminiscence Vita,5845,07/07/2021, 09:16:38,168
SOMO00001,REminiscence Vita,5845,07/07/2021, 10:13:36,168
SOMO00001,REminiscence Vita,5845,07/07/2021, 11:09:12,168
SOMO00001,REminiscence Vita,5846,07/07/2021, 12:16:38,168
SOMO00001,REminiscence Vita,5846,07/07/2021, 13:19:40,168
SOMO00001,REminiscence Vita,5846,07/07/2021, 14:11:15,168
SOMO00001,REminiscence Vita,5846,07/07/2021, 15:16:57,168
SOMO00001,REminiscence Vita,5847,07/07/2021, 16:22:36,168
SOMO00001,REminiscence Vita,5847,07/07/2021, 17:25:51,168
SOMO00001,REminiscence Vita,5847,07/07/2021, 18:17:51,168
SOMO00001,REminiscence Vita,5847,07/07/2021, 19:08:43,168
SOMO00001,REminiscence Vita,5847,07/07/2021, 20:11:15,168
SOMO00001,REminiscence Vita,5847,07/07/2021, 21:10:15,168
SOMO00001,REminiscence Vita,5847,07/07/2021, 22:10:43,168
SOMO00001,REminiscence Vita,5847,07/07/2021, 23:10:50,168
SOMO00001,REminiscence Vita,5847,07/08/2021, 00:34:03,168
SOMO00001,REminiscence Vita,5848,07/08/2021, 01:55:51,168
SOMO00001,REminiscence Vita,5848,07/08/2021, 02:24:26,168
SOMO00001,REminiscence Vita,5848,07/08/2021, 03:12:19,168
SOMO00001,REminiscence Vita,5848,07/08/2021, 04:13:38,168
SOMO00001,REminiscence Vita,5848,07/08/2021, 05:09:45,168
SOMO00001,REminiscence Vita,5848,07/08/2021, 06:13:23,168
SOMO00001,REminiscence Vita,5848,07/08/2021, 07:10:12,168
SOMO00001,REminiscence Vita,5848,07/08/2021, 08:18:20,168
SOMO00001,REminiscence Vita,5848,07/08/2021, 09:16:47,168
SOMO00001,REminiscence Vita,5848,07/08/2021, 10:16:49,168
SOMO00001,REminiscence Vita,5848,07/08/2021, 11:12:12,168
SOMO00001,REminiscence Vita,5848,07/08/2021, 12:17:59,168
SOMO00001,REminiscence Vita,5848,07/08/2021, 13:25:49,168
SOMO00001,REminiscence Vita,5848,07/08/2021, 14:12:20,168
SOMO00001,REminiscence Vita,5848,07/08/2021, 15:18:54,168
SOMO00001,REminiscence Vita,5848,07/08/2021, 16:25:50,168
SOMO00001,REminiscence Vita,5848,07/08/2021, 17:23:01,168
SOMO00001,REminiscence Vita,5848,07/08/2021, 18:17:46,168
SOMO00001,REminiscence Vita,5848,07/08/2021, 19:09:12,168
SOMO00001,REminiscence Vita,5848,07/08/2021, 20:11:13,168
SOMO00001,REminiscence Vita,5848,07/08/2021, 21:10:12,168
SOMO00001,REminiscence Vita,5848,07/08/2021, 22:10:45,168
SOMO00001,REminiscence Vita,5849,07/08/2021, 23:10:59,168
SOMO00001,REminiscence Vita,5849,07/09/2021, 00:37:07,168
SOMO00001,REminiscence Vita,5849,07/09/2021, 01:56:00,168
SOMO00001,REminiscence Vita,5849,07/09/2021, 02:24:54,168
SOMO00001,REminiscence Vita,5849,07/09/2021, 03:12:06,168
SOMO00001,REminiscence Vita,5849,07/09/2021, 04:14:03,168
SOMO00001,REminiscence Vita,5849,07/09/2021, 05:09:36,168
SOMO00001,REminiscence Vita,5849,07/09/2021, 06:13:26,168
SOMO00001,REminiscence Vita,5849,07/09/2021, 07:10:08,168
SOMO00001,REminiscence Vita,5849,07/09/2021, 08:12:40,168
SOMO00001,REminiscence Vita,5849,07/09/2021, 09:16:55,168
SOMO00001,REminiscence Vita,5849,07/09/2021, 10:16:14,168
SOMO00001,REminiscence Vita,5849,07/09/2021, 11:09:24,168
SOMO00001,REminiscence Vita,5849,07/09/2021, 12:16:20,168
SOMO00001,REminiscence Vita,5849,07/09/2021, 13:16:26,168
SOMO00001,REminiscence Vita,5850,07/09/2021, 14:14:46,168
SOMO00001,REminiscence Vita,5850,07/09/2021, 15:17:46,168
SOMO00001,REminiscence Vita,5850,07/09/2021, 16:19:40,168
SOMO00001,REminiscence Vita,5850,07/09/2021, 17:18:42,168
SOMO00001,REminiscence Vita,5850,07/09/2021, 18:14:26,168
SOMO00001,REminiscence Vita,5850,07/09/2021, 19:08:34,168
SOMO00001,REminiscence Vita,5850,07/09/2021, 20:11:09,168
SOMO00001,REminiscence Vita,5850,07/09/2021, 21:10:34,168
SOMO00001,REminiscence Vita,5850,07/09/2021, 22:10:49,168
SOMO00001,REminiscence Vita,5850,07/09/2021, 23:10:59,168
SOMO00001,REminiscence Vita,5850,07/10/2021, 00:34:17,168
SOMO00001,REminiscence Vita,5850,07/10/2021, 01:50:39,168
SOMO00001,REminiscence Vita,5851,07/10/2021, 02:22:41,168
SOMO00001,REminiscence Vita,5851,07/10/2021, 03:12:15,168
SOMO00001,REminiscence Vita,5851,07/10/2021, 04:14:00,168
SOMO00001,REminiscence Vita,5851,07/10/2021, 05:09:16,168
SOMO00001,REminiscence Vita,5851,07/10/2021, 06:13:02,168
SOMO00001,REminiscence Vita,5851,07/10/2021, 07:10:04,168
SOMO00001,REminiscence Vita,5851,07/10/2021, 08:11:52,168
SOMO00001,REminiscence Vita,5851,07/10/2021, 09:11:06,168
SOMO00001,REminiscence Vita,5851,07/10/2021, 10:11:13,168
SOMO00001,REminiscence Vita,5851,07/10/2021, 11:08:53,168
SOMO00001,REminiscence Vita,5851,07/10/2021, 13:14:38,168
SOMO00001,REminiscence Vita,5852,07/10/2021, 14:09:18,168
SOMO00001,REminiscence Vita,5852,07/10/2021, 15:12:02,168
SOMO00001,REminiscence Vita,5852,07/10/2021, 16:15:17,168
SOMO00001,REminiscence Vita,5852,07/10/2021, 17:15:54,168
SOMO00001,REminiscence Vita,5852,07/10/2021, 18:12:36,168
SOMO00001,REminiscence Vita,5852,07/10/2021, 19:08:35,168
SOMO00001,REminiscence Vita,5853,07/10/2021, 20:10:34,168
SOMO00001,REminiscence Vita,5853,07/10/2021, 21:10:05,168
SOMO00001,REminiscence Vita,5853,07/10/2021, 22:10:24,168
SOMO00001,REminiscence Vita,5854,07/10/2021, 23:10:17,168
SOMO00001,REminiscence Vita,5856,07/11/2021, 00:39:23,168
SOMO00001,REminiscence Vita,5857,07/11/2021, 01:57:27,168
SOMO00001,REminiscence Vita,5857,07/11/2021, 02:26:15,168
SOMO00001,REminiscence Vita,5857,07/11/2021, 03:12:11,168
SOMO00001,REminiscence Vita,5857,07/11/2021, 04:13:42,168
SOMO00001,REminiscence Vita,5857,07/11/2021, 05:09:33,168
SOMO00001,REminiscence Vita,5857,07/11/2021, 06:13:34,168
SOMO00001,REminiscence Vita,5857,07/11/2021, 07:10:06,168
SOMO00001,REminiscence Vita,5857,07/11/2021, 08:11:50,168
SOMO00001,REminiscence Vita,5857,07/11/2021, 09:11:29,168
SOMO00001,REminiscence Vita,5857,07/11/2021, 10:11:21,168
SOMO00001,REminiscence Vita,5857,07/11/2021, 11:08:37,168
SOMO00001,REminiscence Vita,5857,07/11/2021, 12:15:44,168
SOMO00001,REminiscence Vita,5857,07/11/2021, 13:14:38,168
SOMO00001,REminiscence Vita,5857,07/11/2021, 14:09:23,168
SOMO00001,REminiscence Vita,5857,07/11/2021, 15:11:55,168
SOMO00001,REminiscence Vita,5857,07/11/2021, 16:15:16,168
SOMO00001,REminiscence Vita,5857,07/11/2021, 17:15:56,168
SOMO00001,REminiscence Vita,5857,07/11/2021, 18:12:53,168
SOMO00001,REminiscence Vita,5857,07/11/2021, 19:08:34,168
SOMO00001,REminiscence Vita,5857,07/11/2021, 20:10:27,168
SOMO00001,REminiscence Vita,5857,07/11/2021, 21:10:19,168
SOMO00001,REminiscence Vita,5857,07/11/2021, 22:10:23,168
SOMO00001,REminiscence Vita,5857,07/11/2021, 23:10:43,168
SOMO00001,REminiscence Vita,5857,07/12/2021, 00:34:53,168
SOMO00001,REminiscence Vita,5857,07/12/2021, 01:53:03,168
SOMO00001,REminiscence Vita,5857,07/12/2021, 02:21:49,168
SOMO00001,REminiscence Vita,5857,07/12/2021, 03:12:48,168
SOMO00001,REminiscence Vita,5857,07/12/2021, 04:14:06,168
SOMO00001,REminiscence Vita,5857,07/12/2021, 05:09:38,168
SOMO00001,REminiscence Vita,5857,07/12/2021, 06:14:05,168
SOMO00001,REminiscence Vita,5857,07/12/2021, 07:14:14,168
SOMO00001,REminiscence Vita,5857,07/12/2021, 08:16:52,168
SOMO00001,REminiscence Vita,5857,07/12/2021, 09:16:46,168
SOMO00001,REminiscence Vita,5857,07/12/2021, 10:16:50,168
SOMO00001,REminiscence Vita,5857,07/12/2021, 11:11:16,168
SOMO00001,REminiscence Vita,5857,07/12/2021, 12:21:47,168
SOMO00001,REminiscence Vita,5857,07/12/2021, 13:22:47,168
SOMO00001,REminiscence Vita,5857,07/12/2021, 14:14:52,168
SOMO00001,REminiscence Vita,5857,07/12/2021, 15:17:09,168
SOMO00001,REminiscence Vita,5857,07/12/2021, 16:16:50,168
SOMO00001,REminiscence Vita,5857,07/12/2021, 17:24:23,168
SOMO00001,REminiscence Vita,5857,07/12/2021, 18:17:50,168
SOMO00001,REminiscence Vita,5859,07/12/2021, 19:13:52,168
SOMO00001,REminiscence Vita,5859,07/12/2021, 20:15:51,168
SOMO00001,REminiscence Vita,5860,07/12/2021, 21:13:51,168
SOMO00001,REminiscence Vita,5860,07/12/2021, 22:09:02,168
SOMO00001,REminiscence Vita,5860,07/12/2021, 23:11:18,168
SOMO00001,REminiscence Vita,5860,07/13/2021, 00:37:41,168
SOMO00001,REminiscence Vita,5860,07/13/2021, 01:56:04,168
SOMO00001,REminiscence Vita,5860,07/13/2021, 02:24:50,168
SOMO00001,REminiscence Vita,5860,07/13/2021, 03:12:28,168
SOMO00001,REminiscence Vita,5860,07/13/2021, 04:13:57,168
SOMO00001,REminiscence Vita,5860,07/13/2021, 05:09:36,168
SOMO00001,REminiscence Vita,5860,07/13/2021, 06:13:35,168
SOMO00001,REminiscence Vita,5860,07/13/2021, 07:10:10,168
SOMO00001,REminiscence Vita,5860,07/13/2021, 08:12:45,168
SOMO00001,REminiscence Vita,5860,07/13/2021, 09:13:39,168
SOMO00001,REminiscence Vita,5860,07/13/2021, 10:16:51,168
SOMO00001,REminiscence Vita,5860,07/13/2021, 11:12:30,168
SOMO00001,REminiscence Vita,5860,07/13/2021, 12:22:53,168
SOMO00001,REminiscence Vita,5860,07/13/2021, 13:23:51,168
SOMO00001,REminiscence Vita,5860,07/13/2021, 14:14:17,168
SOMO00001,REminiscence Vita,5860,07/13/2021, 15:17:52,168
SOMO00001,REminiscence Vita,5860,07/13/2021, 16:17:24,168
SOMO00001,REminiscence Vita,5861,07/13/2021, 17:21:22,168
SOMO00001,REminiscence Vita,5861,07/13/2021, 18:13:41,168
SOMO00001,REminiscence Vita,5861,07/13/2021, 19:13:52,168
SOMO00001,REminiscence Vita,5861,07/13/2021, 20:15:48,168
SOMO00001,REminiscence Vita,5861,07/13/2021, 21:10:27,168
SOMO00001,REminiscence Vita,5861,07/13/2021, 23:11:21,168
SOMO00001,REminiscence Vita,5861,07/14/2021, 00:32:57,168
SOMO00001,REminiscence Vita,5861,07/14/2021, 01:51:19,168
SOMO00001,REminiscence Vita,5861,07/14/2021, 02:21:41,168
SOMO00001,REminiscence Vita,5861,07/14/2021, 03:12:19,168
SOMO00001,REminiscence Vita,5861,07/14/2021, 04:14:05,168
SOMO00001,REminiscence Vita,5861,07/14/2021, 05:09:42,168
SOMO00001,REminiscence Vita,5861,07/14/2021, 06:13:33,168
SOMO00001,REminiscence Vita,5861,07/14/2021, 07:10:04,168
SOMO00001,REminiscence Vita,5861,07/14/2021, 08:12:29,168
SOMO00001,REminiscence Vita,5861,07/14/2021, 09:15:57,168
SOMO00001,REminiscence Vita,5861,07/14/2021, 10:13:59,168
SOMO00001,REminiscence Vita,5861,07/14/2021, 11:09:11,168
SOMO00001,REminiscence Vita,5861,07/14/2021, 12:20:25,168
SOMO00001,REminiscence Vita,5861,07/14/2021, 13:20:04,168
SOMO00001,REminiscence Vita,5861,07/14/2021, 14:09:54,168
SOMO00001,REminiscence Vita,5861,07/14/2021, 15:12:18,168
SOMO00001,REminiscence Vita,5861,07/14/2021, 16:20:59,168
SOMO00001,REminiscence Vita,5861,07/14/2021, 17:22:29,168
SOMO00001,REminiscence Vita,5861,07/14/2021, 18:17:47,168
SOMO00001,REminiscence Vita,5861,07/14/2021, 19:10:27,168
SOMO00001,REminiscence Vita,5861,07/14/2021, 20:13:19,168
SOMO00001,REminiscence Vita,5861,07/14/2021, 21:10:41,168
SOMO00001,REminiscence Vita,5861,07/14/2021, 22:10:56,168
SOMO00001,REminiscence Vita,5861,07/14/2021, 23:10:59,168
SOMO00001,REminiscence Vita,5861,07/15/2021, 00:35:14,168
SOMO00001,REminiscence Vita,5861,07/15/2021, 01:55:47,168
SOMO00001,REminiscence Vita,5861,07/15/2021, 02:24:19,168
SOMO00001,REminiscence Vita,5861,07/15/2021, 03:12:24,168
SOMO00001,REminiscence Vita,5861,07/15/2021, 04:13:50,168
SOMO00001,REminiscence Vita,5861,07/15/2021, 05:09:47,168
SOMO00001,REminiscence Vita,5861,07/15/2021, 06:13:42,168
SOMO00001,REminiscence Vita,5861,07/15/2021, 08:12:36,168
SOMO00001,REminiscence Vita,5861,07/15/2021, 09:16:51,168
SOMO00001,REminiscence Vita,5861,07/15/2021, 10:14:36,168
SOMO00001,REminiscence Vita,5861,07/15/2021, 11:09:16,168
SOMO00001,REminiscence Vita,5861,07/15/2021, 12:21:50,168
SOMO00001,REminiscence Vita,5861,07/15/2021, 13:17:37,168
SOMO00001,REminiscence Vita,5861,07/15/2021, 14:14:57,168
SOMO00001,REminiscence Vita,5861,07/15/2021, 15:17:05,168
SOMO00001,REminiscence Vita,5861,07/15/2021, 16:16:37,168
SOMO00001,REminiscence Vita,5861,07/15/2021, 17:18:12,168
SOMO00001,REminiscence Vita,5861,07/15/2021, 18:13:17,168
SOMO00001,REminiscence Vita,5861,07/15/2021, 19:09:26,168
SOMO00001,REminiscence Vita,5861,07/15/2021, 20:15:06,168
SOMO00001,REminiscence Vita,5861,07/15/2021, 21:10:39,168
SOMO00001,REminiscence Vita,5862,07/15/2021, 22:10:43,168
SOMO00001,REminiscence Vita,5862,07/15/2021, 23:11:33,168
SOMO00001,REminiscence Vita,5862,07/16/2021, 00:36:16,168
SOMO00001,REminiscence Vita,5862,07/16/2021, 01:57:00,168
SOMO00001,REminiscence Vita,5862,07/16/2021, 02:27:04,168
SOMO00001,REminiscence Vita,5862,07/16/2021, 03:12:12,168
SOMO00001,REminiscence Vita,5862,07/16/2021, 04:14:07,168
SOMO00001,REminiscence Vita,5862,07/16/2021, 05:09:31,168
SOMO00001,REminiscence Vita,5862,07/16/2021, 06:13:50,168
SOMO00001,REminiscence Vita,5862,07/16/2021, 07:10:15,168
SOMO00001,REminiscence Vita,5862,07/16/2021, 08:13:07,168
SOMO00001,REminiscence Vita,5862,07/16/2021, 09:11:27,168
SOMO00001,REminiscence Vita,5862,07/16/2021, 10:12:15,168
SOMO00001,REminiscence Vita,5862,07/16/2021, 11:09:31,168
SOMO00001,REminiscence Vita,5862,07/16/2021, 12:17:03,168
SOMO00001,REminiscence Vita,5862,07/16/2021, 13:17:24,168
SOMO00001,REminiscence Vita,5862,07/16/2021, 14:14:50,168
SOMO00001,REminiscence Vita,5862,07/16/2021, 15:16:52,168
SOMO00001,REminiscence Vita,5862,07/16/2021, 16:16:38,168
SOMO00001,REminiscence Vita,5863,07/16/2021, 17:19:36,168
SOMO00001,REminiscence Vita,5863,07/16/2021, 18:13:24,168
SOMO00001,REminiscence Vita,5863,07/16/2021, 19:08:55,168
SOMO00001,REminiscence Vita,5863,07/16/2021, 20:11:13,168
SOMO00001,REminiscence Vita,5863,07/16/2021, 21:10:18,168
SOMO00001,REminiscence Vita,5864,07/16/2021, 22:10:47,168
SOMO00001,REminiscence Vita,5864,07/16/2021, 23:10:48,168
SOMO00001,REminiscence Vita,5865,07/17/2021, 00:35:23,168
SOMO00001,REminiscence Vita,5865,07/17/2021, 01:52:07,168
SOMO00001,REminiscence Vita,5865,07/17/2021, 02:23:49,168
SOMO00001,REminiscence Vita,5865,07/17/2021, 03:12:09,168
SOMO00001,REminiscence Vita,5865,07/17/2021, 04:13:50,168
SOMO00001,REminiscence Vita,5865,07/17/2021, 05:09:19,168
SOMO00001,REminiscence Vita,5865,07/17/2021, 06:13:10,168
SOMO00001,REminiscence Vita,5865,07/17/2021, 07:09:59,168
SOMO00001,REminiscence Vita,5866,07/17/2021, 08:11:57,168
SOMO00001,REminiscence Vita,5866,07/17/2021, 09:11:30,168
SOMO00001,REminiscence Vita,5866,07/17/2021, 10:11:42,168
SOMO00001,REminiscence Vita,5866,07/17/2021, 11:09:00,168
SOMO00001,REminiscence Vita,5866,07/17/2021, 12:16:03,168
SOMO00001,REminiscence Vita,5866,07/17/2021, 13:15:27,168
SOMO00001,REminiscence Vita,5866,07/17/2021, 14:09:35,168
SOMO00001,REminiscence Vita,5866,07/17/2021, 15:11:57,168
SOMO00001,REminiscence Vita,5866,07/17/2021, 16:15:50,168
SOMO00001,REminiscence Vita,5866,07/17/2021, 17:16:50,168
SOMO00001,REminiscence Vita,5866,07/17/2021, 18:12:41,168
SOMO00001,REminiscence Vita,5866,07/17/2021, 19:08:36,168
SOMO00001,REminiscence Vita,5866,07/17/2021, 20:10:37,168
SOMO00001,REminiscence Vita,5867,07/17/2021, 21:10:12,168
SOMO00001,REminiscence Vita,5867,07/17/2021, 22:10:28,168
SOMO00001,REminiscence Vita,5867,07/17/2021, 23:10:40,168
SOMO00001,REminiscence Vita,5867,07/18/2021, 00:36:37,168
SOMO00001,REminiscence Vita,5867,07/18/2021, 01:54:58,168
SOMO00001,REminiscence Vita,5867,07/18/2021, 02:23:23,168
SOMO00001,REminiscence Vita,5867,07/18/2021, 03:12:06,168
SOMO00001,REminiscence Vita,5868,07/18/2021, 04:13:48,168
SOMO00001,REminiscence Vita,5868,07/18/2021, 05:09:27,168
SOMO00001,REminiscence Vita,5868,07/18/2021, 06:13:23,168
SOMO00001,REminiscence Vita,5868,07/18/2021, 07:10:04,168
SOMO00001,REminiscence Vita,5868,07/18/2021, 08:12:09,168
SOMO00001,REminiscence Vita,5868,07/18/2021, 09:11:29,168
SOMO00001,REminiscence Vita,5868,07/18/2021, 10:11:34,168
SOMO00001,REminiscence Vita,5868,07/18/2021, 11:08:44,168
SOMO00001,REminiscence Vita,5868,07/18/2021, 12:15:49,168
SOMO00001,REminiscence Vita,5868,07/18/2021, 13:15:10,168
SOMO00001,REminiscence Vita,5868,07/18/2021, 14:09:52,168
SOMO00001,REminiscence Vita,5868,07/18/2021, 15:12:13,168
SOMO00001,REminiscence Vita,5868,07/18/2021, 16:15:36,168
SOMO00001,REminiscence Vita,5868,07/18/2021, 17:16:18,168
SOMO00001,REminiscence Vita,5868,07/18/2021, 18:13:06,168
SOMO00001,REminiscence Vita,5868,07/18/2021, 19:08:45,168
SOMO00001,REminiscence Vita,5868,07/18/2021, 20:10:43,168
SOMO00001,REminiscence Vita,5868,07/18/2021, 21:10:17,168
SOMO00001,REminiscence Vita,5869,07/18/2021, 22:10:29,168
SOMO00001,REminiscence Vita,5869,07/18/2021, 23:10:43,168
SOMO00001,REminiscence Vita,5869,07/19/2021, 00:35:52,168
SOMO00001,REminiscence Vita,5869,07/19/2021, 01:56:21,168
SOMO00001,REminiscence Vita,5869,07/19/2021, 02:25:54,168
SOMO00001,REminiscence Vita,5869,07/19/2021, 03:12:27,168
SOMO00001,REminiscence Vita,5869,07/19/2021, 04:14:45,168
SOMO00001,REminiscence Vita,5869,07/19/2021, 05:10:08,168
SOMO00001,REminiscence Vita,5869,07/19/2021, 06:14:05,168
SOMO00001,REminiscence Vita,5869,07/19/2021, 07:10:05,168
SOMO00001,REminiscence Vita,5869,07/19/2021, 08:17:01,168
SOMO00001,REminiscence Vita,5869,07/19/2021, 09:15:58,168
SOMO00001,REminiscence Vita,5869,07/19/2021, 10:16:47,168
SOMO00001,REminiscence Vita,5869,07/19/2021, 11:10:43,168
SOMO00001,REminiscence Vita,5869,07/19/2021, 12:17:06,168
SOMO00001,REminiscence Vita,5869,07/19/2021, 13:22:51,168
SOMO00001,REminiscence Vita,5869,07/19/2021, 14:14:48,168
SOMO00001,REminiscence Vita,5869,07/19/2021, 15:17:00,168
SOMO00001,REminiscence Vita,5869,07/19/2021, 16:20:55,168
SOMO00001,REminiscence Vita,5869,07/19/2021, 17:22:53,168
SOMO00001,REminiscence Vita,5869,07/19/2021, 18:14:04,168
SOMO00001,REminiscence Vita,5869,07/19/2021, 19:08:54,168
SOMO00001,REminiscence Vita,5869,07/19/2021, 20:15:49,168
SOMO00001,REminiscence Vita,5869,07/19/2021, 21:10:41,168
SOMO00001,REminiscence Vita,5870,07/19/2021, 22:10:59,168
SOMO00001,REminiscence Vita,5870,07/19/2021, 23:10:50,168
SOMO00001,REminiscence Vita,5871,07/20/2021, 00:38:05,168
SOMO00001,REminiscence Vita,5871,07/20/2021, 02:00:49,168
SOMO00001,REminiscence Vita,5871,07/20/2021, 03:12:28,168
SOMO00001,REminiscence Vita,5871,07/20/2021, 04:13:59,168
SOMO00001,REminiscence Vita,5871,07/20/2021, 05:09:31,168
SOMO00001,REminiscence Vita,5871,07/20/2021, 06:13:45,168
SOMO00001,REminiscence Vita,5872,07/20/2021, 07:10:08,168
SOMO00001,REminiscence Vita,5872,07/20/2021, 08:12:53,168
SOMO00001,REminiscence Vita,5872,07/20/2021, 09:12:22,168
SOMO00001,REminiscence Vita,5872,07/20/2021, 10:16:50,168
SOMO00001,REminiscence Vita,5872,07/20/2021, 11:11:52,168
SOMO00001,REminiscence Vita,5873,07/20/2021, 12:16:52,168
SOMO00001,REminiscence Vita,5873,07/20/2021, 13:17:35,168
SOMO00001,REminiscence Vita,5873,07/20/2021, 14:10:00,168
SOMO00001,REminiscence Vita,5874,07/20/2021, 15:16:44,168
SOMO00001,REminiscence Vita,5874,07/20/2021, 16:20:52,168
SOMO00001,REminiscence Vita,5874,07/20/2021, 17:22:48,168
SOMO00001,REminiscence Vita,5874,07/20/2021, 18:17:54,168
SOMO00001,REminiscence Vita,5874,07/20/2021, 19:14:53,168
SOMO00001,REminiscence Vita,5875,07/20/2021, 20:11:38,168
SOMO00001,REminiscence Vita,5875,07/20/2021, 21:10:17,168
SOMO00001,REminiscence Vita,5875,07/20/2021, 22:10:46,168
SOMO00001,REminiscence Vita,5875,07/20/2021, 23:11:09,168
SOMO00001,REminiscence Vita,5875,07/21/2021, 00:37:39,168
SOMO00001,REminiscence Vita,5875,07/21/2021, 01:58:01,168
SOMO00001,REminiscence Vita,5875,07/21/2021, 02:28:33,168
SOMO00001,REminiscence Vita,5875,07/21/2021, 03:12:40,168
SOMO00001,REminiscence Vita,5875,07/21/2021, 04:14:08,168
SOMO00001,REminiscence Vita,5875,07/21/2021, 05:09:44,168
SOMO00001,REminiscence Vita,5875,07/21/2021, 06:13:57,168
SOMO00001,REminiscence Vita,5875,07/21/2021, 07:10:09,168
SOMO00001,REminiscence Vita,5875,07/21/2021, 08:18:04,168
SOMO00001,REminiscence Vita,5875,07/21/2021, 09:16:00,168
SOMO00001,REminiscence Vita,5875,07/21/2021, 10:13:16,168
SOMO00001,REminiscence Vita,5875,07/21/2021, 11:09:13,168
SOMO00001,REminiscence Vita,5875,07/21/2021, 12:16:57,168
SOMO00001,REminiscence Vita,5875,07/21/2021, 13:21:52,168
SOMO00001,REminiscence Vita,5875,07/21/2021, 14:12:00,168
SOMO00001,REminiscence Vita,5875,07/21/2021, 15:16:56,168
SOMO00001,REminiscence Vita,5876,07/21/2021, 16:18:45,168
SOMO00001,REminiscence Vita,5876,07/21/2021, 17:19:55,168
SOMO00001,REminiscence Vita,5876,07/21/2021, 18:13:40,168
SOMO00001,REminiscence Vita,5877,07/21/2021, 19:09:04,168
SOMO00001,REminiscence Vita,5877,07/21/2021, 20:12:06,168
SOMO00001,REminiscence Vita,5877,07/21/2021, 21:11:23,168
SOMO00001,REminiscence Vita,5877,07/21/2021, 22:10:42,168
SOMO00001,REminiscence Vita,5877,07/21/2021, 23:10:58,168
SOMO00001,REminiscence Vita,5877,07/22/2021, 00:36:23,168
SOMO00001,REminiscence Vita,5877,07/22/2021, 01:59:31,168
SOMO00001,REminiscence Vita,5877,07/22/2021, 02:32:52,168
SOMO00001,REminiscence Vita,5877,07/22/2021, 03:13:21,168
SOMO00001,REminiscence Vita,5877,07/22/2021, 04:14:19,168
SOMO00001,REminiscence Vita,5877,07/22/2021, 05:08:09,168
SOMO00001,REminiscence Vita,5877,07/22/2021, 06:14:37,168
SOMO00001,REminiscence Vita,5877,07/22/2021, 07:10:15,168
SOMO00001,REminiscence Vita,5877,07/22/2021, 08:12:28,168
SOMO00001,REminiscence Vita,5877,07/22/2021, 09:11:22,168
SOMO00001,REminiscence Vita,5877,07/22/2021, 10:12:14,168
SOMO00001,REminiscence Vita,5877,07/22/2021, 11:09:18,168
SOMO00001,REminiscence Vita,5877,07/22/2021, 12:16:44,168
SOMO00001,REminiscence Vita,5877,07/22/2021, 13:22:50,168
SOMO00001,REminiscence Vita,5877,07/22/2021, 14:13:17,168
SOMO00001,REminiscence Vita,5877,07/22/2021, 15:17:57,168
SOMO00001,REminiscence Vita,5877,07/22/2021, 16:18:35,168
SOMO00001,REminiscence Vita,5877,07/22/2021, 17:19:31,168
SOMO00001,REminiscence Vita,5877,07/22/2021, 18:13:17,168
SOMO00001,REminiscence Vita,5877,07/22/2021, 19:08:56,168
SOMO00001,REminiscence Vita,5877,07/22/2021, 20:11:52,168
SOMO00001,REminiscence Vita,5877,07/22/2021, 21:10:12,168
SOMO00001,REminiscence Vita,5877,07/22/2021, 22:10:39,168
SOMO00001,REminiscence Vita,5877,07/22/2021, 23:10:50,168
SOMO00001,REminiscence Vita,5877,07/23/2021, 00:36:59,168
SOMO00001,REminiscence Vita,5877,07/23/2021, 01:57:07,168
SOMO00001,REminiscence Vita,5877,07/23/2021, 02:26:53,168
SOMO00001,REminiscence Vita,5877,07/23/2021, 03:12:18,168
SOMO00001,REminiscence Vita,5877,07/23/2021, 04:14:33,168
SOMO00001,REminiscence Vita,5877,07/23/2021, 05:09:46,168
SOMO00001,REminiscence Vita,5878,07/23/2021, 06:14:01,168
SOMO00001,REminiscence Vita,5878,07/23/2021, 07:10:08,168
SOMO00001,REminiscence Vita,5878,07/23/2021, 08:12:58,168
SOMO00001,REminiscence Vita,5878,07/23/2021, 09:11:42,168
SOMO00001,REminiscence Vita,5878,07/23/2021, 10:12:13,168
SOMO00001,REminiscence Vita,5878,07/23/2021, 11:09:26,168
SOMO00001,REminiscence Vita,5878,07/23/2021, 12:16:47,168
SOMO00001,REminiscence Vita,5878,07/23/2021, 13:17:10,168
SOMO00001,REminiscence Vita,5878,07/23/2021, 14:14:12,168
SOMO00001,REminiscence Vita,5878,07/23/2021, 15:13:14,168
SOMO00001,REminiscence Vita,5878,07/23/2021, 16:16:35,168
SOMO00001,REminiscence Vita,5878,07/23/2021, 17:18:43,168
SOMO00001,REminiscence Vita,5878,07/23/2021, 18:13:03,168
SOMO00001,REminiscence Vita,5878,07/23/2021, 19:08:57,168
SOMO00001,REminiscence Vita,5878,07/23/2021, 20:11:08,168
SOMO00001,REminiscence Vita,5878,07/23/2021, 21:10:33,168
SOMO00001,REminiscence Vita,5878,07/23/2021, 22:10:44,168
SOMO00001,REminiscence Vita,5879,07/23/2021, 23:10:45,168
SOMO00001,REminiscence Vita,5879,07/24/2021, 00:34:17,168
SOMO00001,REminiscence Vita,5879,07/24/2021, 01:53:43,168
SOMO00001,REminiscence Vita,5879,07/24/2021, 02:24:36,168
SOMO00001,REminiscence Vita,5880,07/24/2021, 03:12:14,168
SOMO00001,REminiscence Vita,5881,07/24/2021, 04:13:55,168
SOMO00001,REminiscence Vita,5881,07/24/2021, 05:09:19,168
SOMO00001,REminiscence Vita,5881,07/24/2021, 06:13:29,168
SOMO00001,REminiscence Vita,5881,07/24/2021, 07:10:01,168
SOMO00001,REminiscence Vita,5881,07/24/2021, 08:12:05,168
SOMO00001,REminiscence Vita,5881,07/24/2021, 09:11:11,168
SOMO00001,REminiscence Vita,5881,07/24/2021, 10:11:37,168
SOMO00001,REminiscence Vita,5881,07/24/2021, 11:08:56,168
SOMO00001,REminiscence Vita,5881,07/24/2021, 12:15:58,168
SOMO00001,REminiscence Vita,5881,07/24/2021, 13:15:31,168
SOMO00001,REminiscence Vita,5881,07/24/2021, 14:09:38,168
SOMO00001,REminiscence Vita,5881,07/24/2021, 15:12:08,168
SOMO00001,REminiscence Vita,5881,07/24/2021, 16:15:37,168
SOMO00001,REminiscence Vita,5881,07/24/2021, 17:16:17,168
SOMO00001,REminiscence Vita,5882,07/24/2021, 18:12:57,168
SOMO00001,REminiscence Vita,5882,07/24/2021, 19:08:42,168
SOMO00001,REminiscence Vita,5882,07/24/2021, 20:10:58,168
SOMO00001,REminiscence Vita,5882,07/24/2021, 21:10:18,168
SOMO00001,REminiscence Vita,5882,07/24/2021, 22:10:31,168
SOMO00001,REminiscence Vita,5882,07/24/2021, 23:11:03,168
SOMO00001,REminiscence Vita,5882,07/25/2021, 00:36:09,168
SOMO00001,REminiscence Vita,5882,07/25/2021, 01:55:05,168
SOMO00001,REminiscence Vita,5882,07/25/2021, 02:23:40,168
SOMO00001,REminiscence Vita,5882,07/25/2021, 03:12:09,168
SOMO00001,REminiscence Vita,5882,07/25/2021, 04:14:07,168
SOMO00001,REminiscence Vita,5882,07/25/2021, 05:09:13,168
SOMO00001,REminiscence Vita,5882,07/25/2021, 06:13:26,168
SOMO00001,REminiscence Vita,5882,07/25/2021, 07:10:03,168
SOMO00001,REminiscence Vita,5882,07/25/2021, 08:12:06,168
SOMO00001,REminiscence Vita,5882,07/25/2021, 09:11:10,168
SOMO00001,REminiscence Vita,5882,07/25/2021, 10:11:36,168
SOMO00001,REminiscence Vita,5882,07/25/2021, 11:09:03,168
SOMO00001,REminiscence Vita,5882,07/25/2021, 12:16:19,168
SOMO00001,REminiscence Vita,5883,07/25/2021, 13:15:32,168
SOMO00001,REminiscence Vita,5883,07/25/2021, 14:09:37,168
SOMO00001,REminiscence Vita,5883,07/25/2021, 15:12:03,168
SOMO00001,REminiscence Vita,5883,07/25/2021, 16:15:29,168
SOMO00001,REminiscence Vita,5883,07/25/2021, 17:16:26,168
SOMO00001,REminiscence Vita,5883,07/25/2021, 18:12:32,168
SOMO00001,REminiscence Vita,5883,07/25/2021, 19:08:50,168
SOMO00001,REminiscence Vita,5883,07/25/2021, 20:10:40,168
SOMO00001,REminiscence Vita,5883,07/25/2021, 21:10:16,168
SOMO00001,REminiscence Vita,5883,07/25/2021, 22:10:28,168
SOMO00001,REminiscence Vita,5884,07/25/2021, 23:10:46,168
SOMO00001,REminiscence Vita,5884,07/26/2021, 00:35:19,168
SOMO00001,REminiscence Vita,5884,07/26/2021, 01:57:43,168
SOMO00001,REminiscence Vita,5884,07/26/2021, 02:28:43,168
SOMO00001,REminiscence Vita,5884,07/26/2021, 03:11:36,168
SOMO00001,REminiscence Vita,5884,07/26/2021, 04:14:14,168
SOMO00001,REminiscence Vita,5884,07/26/2021, 05:09:41,168
SOMO00001,REminiscence Vita,5884,07/26/2021, 06:13:55,168
SOMO00001,REminiscence Vita,5884,07/26/2021, 07:14:56,168
SOMO00001,REminiscence Vita,5884,07/26/2021, 08:17:55,168
SOMO00001,REminiscence Vita,5884,07/26/2021, 09:19:36,168
SOMO00001,REminiscence Vita,5884,07/26/2021, 10:30:59,168
SOMO00001,REminiscence Vita,5884,07/26/2021, 11:16:53,168
SOMO00001,REminiscence Vita,5884,07/26/2021, 12:17:10,168
SOMO00001,REminiscence Vita,5885,07/26/2021, 13:22:56,168
SOMO00001,REminiscence Vita,5885,07/26/2021, 14:14:59,168
SOMO00001,REminiscence Vita,5885,07/26/2021, 15:16:58,168
SOMO00001,REminiscence Vita,5885,07/26/2021, 16:20:58,168
SOMO00001,REminiscence Vita,5885,07/26/2021, 17:19:36,168
SOMO00001,REminiscence Vita,5885,07/26/2021, 18:18:01,168
SOMO00001,REminiscence Vita,5885,07/26/2021, 19:13:55,168
SOMO00001,REminiscence Vita,5886,07/26/2021, 20:12:37,168
SOMO00001,REminiscence Vita,5886,07/26/2021, 21:12:53,168
SOMO00001,REminiscence Vita,5886,07/26/2021, 22:11:53,168
SOMO00001,REminiscence Vita,5886,07/26/2021, 23:10:59,168
SOMO00001,REminiscence Vita,5886,07/27/2021, 00:37:27,168
SOMO00001,REminiscence Vita,5886,07/27/2021, 02:00:08,168
SOMO00001,REminiscence Vita,5886,07/27/2021, 02:33:12,168
SOMO00001,REminiscence Vita,5886,07/27/2021, 03:12:38,168
SOMO00001,REminiscence Vita,5886,07/27/2021, 04:13:23,168
SOMO00001,REminiscence Vita,5886,07/27/2021, 05:10:07,168
SOMO00001,REminiscence Vita,5886,07/27/2021, 06:13:59,168
SOMO00001,REminiscence Vita,5887,07/27/2021, 07:10:17,168
SOMO00001,REminiscence Vita,5887,07/27/2021, 09:14:24,168
SOMO00001,REminiscence Vita,5887,07/27/2021, 10:16:54,168
SOMO00001,REminiscence Vita,5887,07/27/2021, 11:09:10,168
SOMO00001,REminiscence Vita,5888,07/27/2021, 12:17:03,168
SOMO00001,REminiscence Vita,5888,07/27/2021, 13:18:21,168
SOMO00001,REminiscence Vita,5888,07/27/2021, 14:10:05,168
SOMO00001,REminiscence Vita,5888,07/27/2021, 15:17:02,168
SOMO00001,REminiscence Vita,5888,07/27/2021, 16:21:53,168
SOMO00001,REminiscence Vita,5888,07/27/2021, 17:18:20,168
SOMO00001,REminiscence Vita,5888,07/27/2021, 18:17:52,168
SOMO00001,REminiscence Vita,5888,07/27/2021, 19:09:14,168
SOMO00001,REminiscence Vita,5888,07/27/2021, 20:09:40,168
SOMO00001,REminiscence Vita,5888,07/27/2021, 21:11:35,168
SOMO00001,REminiscence Vita,5888,07/27/2021, 22:10:49,168
SOMO00001,REminiscence Vita,5888,07/27/2021, 23:11:14,168
SOMO00001,REminiscence Vita,5888,07/28/2021, 00:37:15,168
SOMO00001,REminiscence Vita,5889,07/28/2021, 01:58:55,168
SOMO00001,REminiscence Vita,5890,07/28/2021, 02:30:46,168
SOMO00001,REminiscence Vita,5890,07/28/2021, 03:12:18,168
SOMO00001,REminiscence Vita,5890,07/28/2021, 04:13:53,168
SOMO00001,REminiscence Vita,5890,07/28/2021, 05:10:30,168
SOMO00001,REminiscence Vita,5890,07/28/2021, 06:14:29,168
SOMO00001,REminiscence Vita,5890,07/28/2021, 07:10:00,168
SOMO00001,REminiscence Vita,5890,07/28/2021, 08:12:19,168
SOMO00001,REminiscence Vita,5890,07/28/2021, 09:11:54,168
SOMO00001,REminiscence Vita,5890,07/28/2021, 10:16:50,168
SOMO00001,REminiscence Vita,5890,07/28/2021, 11:09:14,168
SOMO00001,REminiscence Vita,5890,07/28/2021, 12:17:14,168
SOMO00001,REminiscence Vita,5890,07/28/2021, 13:25:52,168
SOMO00001,REminiscence Vita,5890,07/28/2021, 14:11:24,168
SOMO00001,REminiscence Vita,5890,07/28/2021, 15:13:06,168
SOMO00001,REminiscence Vita,5890,07/28/2021, 16:17:17,168
SOMO00001,REminiscence Vita,5890,07/28/2021, 17:19:40,168
SOMO00001,REminiscence Vita,5890,07/28/2021, 18:13:30,168
SOMO00001,REminiscence Vita,5890,07/28/2021, 19:09:13,168
SOMO00001,REminiscence Vita,5890,07/28/2021, 20:12:43,168
SOMO00001,REminiscence Vita,5890,07/28/2021, 21:10:45,168
SOMO00001,REminiscence Vita,5890,07/28/2021, 22:10:23,168
SOMO00001,REminiscence Vita,5890,07/28/2021, 23:11:26,168
SOMO00001,REminiscence Vita,5890,07/29/2021, 00:35:15,168
SOMO00001,REminiscence Vita,5890,07/29/2021, 01:56:51,168
SOMO00001,REminiscence Vita,5890,07/29/2021, 02:27:01,168
SOMO00001,REminiscence Vita,5890,07/29/2021, 03:12:45,168
SOMO00001,REminiscence Vita,5890,07/29/2021, 04:14:21,168
SOMO00001,REminiscence Vita,5890,07/29/2021, 05:10:05,168
SOMO00001,REminiscence Vita,5890,07/29/2021, 06:13:55,168
SOMO00001,REminiscence Vita,5890,07/29/2021, 07:10:15,168
SOMO00001,REminiscence Vita,5890,07/29/2021, 08:17:05,168
SOMO00001,REminiscence Vita,5890,07/29/2021, 09:16:00,168
SOMO00001,REminiscence Vita,5890,07/29/2021, 10:13:27,168
SOMO00001,REminiscence Vita,5890,07/29/2021, 11:09:07,168
SOMO00001,REminiscence Vita,5890,07/29/2021, 12:17:10,168
SOMO00001,REminiscence Vita,5890,07/29/2021, 13:24:00,168
SOMO00001,REminiscence Vita,5891,07/29/2021, 14:14:40,168
SOMO00001,REminiscence Vita,5891,07/29/2021, 15:12:31,168
SOMO00001,REminiscence Vita,5891,07/29/2021, 16:17:28,168
SOMO00001,REminiscence Vita,5891,07/29/2021, 17:18:49,168
SOMO00001,REminiscence Vita,5891,07/29/2021, 18:17:52,168
SOMO00001,REminiscence Vita,5891,07/29/2021, 19:12:25,168
SOMO00001,REminiscence Vita,5891,07/29/2021, 20:15:54,168
SOMO00001,REminiscence Vita,5891,07/29/2021, 21:10:34,168
SOMO00001,REminiscence Vita,5891,07/29/2021, 22:11:40,168
SOMO00001,REminiscence Vita,5891,07/29/2021, 23:10:58,168
SOMO00001,REminiscence Vita,5891,07/30/2021, 00:36:39,168
SOMO00001,REminiscence Vita,5892,07/30/2021, 02:00:49,168
SOMO00001,REminiscence Vita,5892,07/30/2021, 03:12:08,168
SOMO00001,REminiscence Vita,5892,07/30/2021, 04:14:52,168
SOMO00001,REminiscence Vita,5892,07/30/2021, 05:09:50,168
SOMO00001,REminiscence Vita,5892,07/30/2021, 06:13:56,168
SOMO00001,REminiscence Vita,5892,07/30/2021, 07:10:07,168
SOMO00001,REminiscence Vita,5892,07/30/2021, 08:12:46,168
SOMO00001,REminiscence Vita,5892,07/30/2021, 09:11:35,168
SOMO00001,REminiscence Vita,5892,07/30/2021, 10:13:13,168
SOMO00001,REminiscence Vita,5892,07/30/2021, 11:09:20,168
SOMO00001,REminiscence Vita,5893,07/30/2021, 12:17:09,168
SOMO00001,REminiscence Vita,5893,07/30/2021, 13:18:50,168
SOMO00001,REminiscence Vita,5893,07/30/2021, 14:15:00,168
SOMO00001,REminiscence Vita,5894,07/30/2021, 15:17:02,168
SOMO00001,REminiscence Vita,5894,07/30/2021, 16:16:22,168
SOMO00001,REminiscence Vita,5894,07/30/2021, 17:17:32,168
SOMO00001,REminiscence Vita,5895,07/30/2021, 18:13:16,168
SOMO00001,REminiscence Vita,5895,07/30/2021, 19:08:54,168
SOMO00001,REminiscence Vita,5895,07/30/2021, 20:11:21,168
SOMO00001,REminiscence Vita,5895,07/30/2021, 21:10:08,168
SOMO00001,REminiscence Vita,5895,07/30/2021, 22:10:42,168
SOMO00001,REminiscence Vita,5895,07/30/2021, 23:11:05,168
SOMO00001,REminiscence Vita,5895,07/31/2021, 00:36:15,168
SOMO00001,REminiscence Vita,5895,07/31/2021, 01:53:49,168
SOMO00001,REminiscence Vita,5895,07/31/2021, 02:25:13,168
SOMO00001,REminiscence Vita,5895,07/31/2021, 03:12:15,168
SOMO00001,REminiscence Vita,5895,07/31/2021, 04:14:09,168
SOMO00001,REminiscence Vita,5895,07/31/2021, 05:09:19,168
SOMO00001,REminiscence Vita,5895,07/31/2021, 06:13:12,168
SOMO00001,REminiscence Vita,5895,07/31/2021, 07:10:05,168
SOMO00001,REminiscence Vita,5895,07/31/2021, 08:12:06,168
SOMO00001,REminiscence Vita,5895,07/31/2021, 09:11:16,168
SOMO00001,REminiscence Vita,5895,07/31/2021, 10:11:25,168
SOMO00001,REminiscence Vita,5895,07/31/2021, 11:08:49,168
SOMO00001,REminiscence Vita,5895,07/31/2021, 12:16:40,168
SOMO00001,REminiscence Vita,5895,07/31/2021, 13:16:05,168
SOMO00001,REminiscence Vita,5895,07/31/2021, 14:09:34,168
SOMO00001,REminiscence Vita,5896,07/31/2021, 15:11:44,168
SOMO00001,REminiscence Vita,5896,07/31/2021, 16:15:55,168
SOMO00001,REminiscence Vita,5896,07/31/2021, 17:16:51,168
SOMO00001,REminiscence Vita,5896,07/31/2021, 18:12:45,168
SOMO00001,REminiscence Vita,5896,07/31/2021, 19:08:48,168
SOMO00001,REminiscence Vita,5896,07/31/2021, 20:11:09,168
SOMO00001,REminiscence Vita,5896,07/31/2021, 21:10:18,168
SOMO00001,REminiscence Vita,5896,07/31/2021, 22:10:36,168
SOMO00001,REminiscence Vita,5896,07/31/2021, 23:10:52,168
SOMO00001,REminiscence Vita,5898,08/01/2021, 00:41:33,168
SOMO00001,REminiscence Vita,5898,08/01/2021, 02:01:21,168
SOMO00001,REminiscence Vita,5898,08/01/2021, 03:12:04,168
SOMO00001,REminiscence Vita,5898,08/01/2021, 04:13:55,168
SOMO00001,REminiscence Vita,5898,08/01/2021, 05:09:19,168
SOMO00001,REminiscence Vita,5898,08/01/2021, 06:13:35,168
SOMO00001,REminiscence Vita,5898,08/01/2021, 07:10:01,168
SOMO00001,REminiscence Vita,5898,08/01/2021, 08:12:24,168
SOMO00001,REminiscence Vita,5899,08/01/2021, 09:11:11,168
SOMO00001,REminiscence Vita,5899,08/01/2021, 10:11:52,168
SOMO00001,REminiscence Vita,5899,08/01/2021, 11:08:44,168
SOMO00001,REminiscence Vita,5899,08/01/2021, 12:16:11,168
SOMO00001,REminiscence Vita,5900,08/01/2021, 13:15:40,168
SOMO00001,REminiscence Vita,5901,08/01/2021, 14:09:38,168
SOMO00001,REminiscence Vita,5901,08/01/2021, 15:11:43,168
SOMO00001,REminiscence Vita,5901,08/01/2021, 16:15:44,168
SOMO00001,REminiscence Vita,5901,08/01/2021, 17:16:12,168
SOMO00001,REminiscence Vita,5902,08/01/2021, 18:12:41,168
SOMO00001,REminiscence Vita,5902,08/01/2021, 19:08:41,168
SOMO00001,REminiscence Vita,5902,08/01/2021, 20:12:02,168
SOMO00001,REminiscence Vita,5902,08/01/2021, 21:10:04,168
SOMO00001,REminiscence Vita,5902,08/01/2021, 22:10:30,168
SOMO00001,REminiscence Vita,5902,08/01/2021, 23:10:50,168
SOMO00001,REminiscence Vita,5902,08/02/2021, 00:36:09,168
SOMO00001,REminiscence Vita,5902,08/02/2021, 01:55:20,168
SOMO00001,REminiscence Vita,5902,08/02/2021, 02:24:33,168
SOMO00001,REminiscence Vita,5902,08/02/2021, 03:12:15,168
SOMO00001,REminiscence Vita,5902,08/02/2021, 04:14:15,168
SOMO00001,REminiscence Vita,5902,08/02/2021, 05:09:35,168
SOMO00001,REminiscence Vita,5902,08/02/2021, 06:13:55,168
SOMO00001,REminiscence Vita,5902,08/02/2021, 07:14:54,168
SOMO00001,REminiscence Vita,5902,08/02/2021, 08:20:33,168
SOMO00001,REminiscence Vita,5902,08/02/2021, 09:16:04,168
SOMO00001,REminiscence Vita,5902,08/02/2021, 10:16:53,168
SOMO00001,REminiscence Vita,5902,08/02/2021, 11:14:00,168
SOMO00001,REminiscence Vita,5902,08/02/2021, 12:22:00,168
SOMO00001,REminiscence Vita,5902,08/02/2021, 13:22:58,168
SOMO00001,REminiscence Vita,5902,08/02/2021, 14:15:05,168
SOMO00001,REminiscence Vita,5902,08/02/2021, 15:16:54,168
SOMO00001,REminiscence Vita,5904,08/02/2021, 16:21:55,168
SOMO00001,REminiscence Vita,5904,08/02/2021, 17:22:51,168
SOMO00001,REminiscence Vita,5904,08/02/2021, 18:18:03,168
SOMO00001,REminiscence Vita,5904,08/02/2021, 19:12:51,168
SOMO00001,REminiscence Vita,5904,08/02/2021, 20:16:50,168
SOMO00001,REminiscence Vita,5904,08/02/2021, 21:11:39,168
SOMO00001,REminiscence Vita,5904,08/02/2021, 22:10:54,168
SOMO00001,REminiscence Vita,5905,08/02/2021, 23:11:07,168
SOMO00001,REminiscence Vita,5905,08/03/2021, 00:40:57,168
SOMO00001,REminiscence Vita,5905,08/03/2021, 02:02:55,168
SOMO00001,REminiscence Vita,5906,08/03/2021, 03:12:05,168
SOMO00001,REminiscence Vita,5906,08/03/2021, 04:14:00,168
SOMO00001,REminiscence Vita,5906,08/03/2021, 05:09:34,168
SOMO00001,REminiscence Vita,5906,08/03/2021, 06:13:27,168
SOMO00001,REminiscence Vita,5906,08/03/2021, 07:10:21,168
SOMO00001,REminiscence Vita,5906,08/03/2021, 08:15:19,168
SOMO00001,REminiscence Vita,5906,08/03/2021, 09:14:37,168
SOMO00001,REminiscence Vita,5906,08/03/2021, 10:17:55,168
SOMO00001,REminiscence Vita,5907,08/03/2021, 11:09:49,168
SOMO00001,REminiscence Vita,5949,08/19/2021, 18:13:33,168
SOMO00001,REminiscence Vita,5950,08/19/2021, 19:12:30,168
SOMO00001,REminiscence Vita,5950,08/19/2021, 20:16:54,168
SOMO00001,REminiscence Vita,5950,08/19/2021, 21:12:33,168
SOMO00001,REminiscence Vita,5950,08/19/2021, 22:09:21,168
SOMO00001,REminiscence Vita,5950,08/19/2021, 23:11:11,168
SOMO00001,REminiscence Vita,5950,08/20/2021, 00:35:34,168
SOMO00001,REminiscence Vita,5951,08/20/2021, 01:50:31,168
SOMO00001,REminiscence Vita,5951,08/20/2021, 02:21:09,168
SOMO00001,REminiscence Vita,5951,08/20/2021, 03:12:04,168
SOMO00001,REminiscence Vita,5951,08/20/2021, 04:14:18,168
SOMO00001,REminiscence Vita,5951,08/20/2021, 05:10:35,168
SOMO00001,REminiscence Vita,5951,08/20/2021, 06:13:37,168
SOMO00001,REminiscence Vita,5951,08/20/2021, 07:11:33,168
SOMO00001,REminiscence Vita,5952,08/20/2021, 08:17:56,168
SOMO00001,REminiscence Vita,5952,08/20/2021, 09:16:12,168
SOMO00001,REminiscence Vita,5952,08/20/2021, 10:14:52,168
SOMO00001,REminiscence Vita,5952,08/20/2021, 11:09:32,168
SOMO00001,REminiscence Vita,5952,08/20/2021, 12:18:17,168
SOMO00001,REminiscence Vita,5952,08/20/2021, 13:22:55,168
SOMO00001,REminiscence Vita,5952,08/20/2021, 14:14:56,168
SOMO00001,REminiscence Vita,5952,08/20/2021, 15:16:51,168
SOMO00001,REminiscence Vita,5952,08/20/2021, 16:17:00,168
SOMO00001,REminiscence Vita,5952,08/20/2021, 17:16:57,168
SOMO00001,REminiscence Vita,5952,08/20/2021, 18:13:16,168
SOMO00001,REminiscence Vita,5952,08/20/2021, 19:09:24,168
SOMO00001,REminiscence Vita,5952,08/20/2021, 20:11:20,168
SOMO00001,REminiscence Vita,5952,08/20/2021, 21:10:08,168
SOMO00001,REminiscence Vita,5952,08/20/2021, 22:10:56,168
SOMO00001,REminiscence Vita,5953,08/20/2021, 23:11:13,168
SOMO00001,REminiscence Vita,5954,08/21/2021, 00:35:21,168
SOMO00001,REminiscence Vita,5954,08/21/2021, 01:50:14,168
SOMO00001,REminiscence Vita,5954,08/21/2021, 02:23:45,168
SOMO00001,REminiscence Vita,5954,08/21/2021, 03:11:58,168
SOMO00001,REminiscence Vita,5954,08/21/2021, 04:14:00,168
SOMO00001,REminiscence Vita,5954,08/21/2021, 05:09:38,168
SOMO00001,REminiscence Vita,5954,08/21/2021, 06:13:05,168
SOMO00001,REminiscence Vita,5954,08/21/2021, 07:10:51,168
SOMO00001,REminiscence Vita,5954,08/21/2021, 08:12:29,168
SOMO00001,REminiscence Vita,5954,08/21/2021, 09:10:47,168
SOMO00001,REminiscence Vita,5954,08/21/2021, 10:11:58,168
SOMO00001,REminiscence Vita,5954,08/21/2021, 11:09:13,168
SOMO00001,REminiscence Vita,5954,08/21/2021, 12:16:29,168
SOMO00001,REminiscence Vita,5955,08/21/2021, 13:16:16,168
SOMO00001,REminiscence Vita,5955,08/21/2021, 14:09:59,168
SOMO00001,REminiscence Vita,5955,08/21/2021, 15:11:33,168
SOMO00001,REminiscence Vita,5955,08/21/2021, 16:15:46,168
SOMO00001,REminiscence Vita,5955,08/21/2021, 17:15:32,168
SOMO00001,REminiscence Vita,5955,08/21/2021, 18:12:45,168
SOMO00001,REminiscence Vita,5955,08/21/2021, 19:08:34,168
SOMO00001,REminiscence Vita,5955,08/21/2021, 20:10:59,168
SOMO00001,REminiscence Vita,5955,08/21/2021, 21:09:56,168
SOMO00001,REminiscence Vita,5955,08/21/2021, 22:10:44,168
SOMO00001,REminiscence Vita,5955,08/21/2021, 23:10:47,168
SOMO00001,REminiscence Vita,5956,08/22/2021, 00:35:05,168
SOMO00001,REminiscence Vita,5956,08/22/2021, 01:51:15,168
SOMO00001,REminiscence Vita,5956,08/22/2021, 02:21:21,168
SOMO00001,REminiscence Vita,5957,08/22/2021, 03:11:51,168
SOMO00001,REminiscence Vita,5957,08/22/2021, 04:14:10,168
SOMO00001,REminiscence Vita,5957,08/22/2021, 05:09:34,168
SOMO00001,REminiscence Vita,5957,08/22/2021, 06:13:13,168
SOMO00001,REminiscence Vita,5957,08/22/2021, 07:10:43,168
SOMO00001,REminiscence Vita,5957,08/22/2021, 08:12:02,168
SOMO00001,REminiscence Vita,5957,08/22/2021, 09:11:06,168
SOMO00001,REminiscence Vita,5958,08/22/2021, 10:11:43,168
SOMO00001,REminiscence Vita,5958,08/22/2021, 11:09:22,168
SOMO00001,REminiscence Vita,5958,08/22/2021, 12:16:32,168
SOMO00001,REminiscence Vita,5958,08/22/2021, 13:16:45,168
SOMO00001,REminiscence Vita,5958,08/22/2021, 14:09:38,168
SOMO00001,REminiscence Vita,5959,08/22/2021, 15:12:03,168
SOMO00001,REminiscence Vita,5959,08/22/2021, 16:15:38,168
SOMO00001,REminiscence Vita,5959,08/22/2021, 17:15:30,168
SOMO00001,REminiscence Vita,5960,08/22/2021, 18:12:20,168
SOMO00001,REminiscence Vita,5960,08/22/2021, 19:08:46,168
SOMO00001,REminiscence Vita,5960,08/22/2021, 20:11:16,168
SOMO00001,REminiscence Vita,5960,08/22/2021, 21:09:38,168
SOMO00001,REminiscence Vita,5960,08/22/2021, 22:10:52,168
SOMO00001,REminiscence Vita,5961,08/22/2021, 23:11:00,168
SOMO00001,REminiscence Vita,5963,08/23/2021, 00:33:13,168
SOMO00001,REminiscence Vita,5966,08/23/2021, 01:45:10,168
SOMO00001,REminiscence Vita,5966,08/23/2021, 02:20:32,168
SOMO00001,REminiscence Vita,5966,08/23/2021, 03:11:43,168
SOMO00001,REminiscence Vita,5966,08/23/2021, 04:14:32,168
SOMO00001,REminiscence Vita,5966,08/23/2021, 05:09:53,168
SOMO00001,REminiscence Vita,5967,08/23/2021, 06:13:48,168
SOMO00001,REminiscence Vita,5967,08/23/2021, 07:15:53,168
SOMO00001,REminiscence Vita,5967,08/23/2021, 08:17:57,168
SOMO00001,REminiscence Vita,5968,08/23/2021, 09:16:02,168
SOMO00001,REminiscence Vita,5968,08/23/2021, 10:17:07,168
SOMO00001,REminiscence Vita,5968,08/23/2021, 11:14:59,168
SOMO00001,REminiscence Vita,5968,08/23/2021, 12:21:57,168
SOMO00001,REminiscence Vita,5968,08/23/2021, 13:22:54,168
SOMO00001,REminiscence Vita,5968,08/23/2021, 14:15:00,168
SOMO00001,REminiscence Vita,5968,08/23/2021, 15:14:54,168
SOMO00001,REminiscence Vita,5968,08/23/2021, 16:17:26,168
SOMO00001,REminiscence Vita,5968,08/23/2021, 17:18:01,168
SOMO00001,REminiscence Vita,5968,08/23/2021, 18:18:57,168
SOMO00001,REminiscence Vita,5968,08/23/2021, 19:12:59,168
SOMO00001,REminiscence Vita,5968,08/23/2021, 20:15:58,168
SOMO00001,REminiscence Vita,5968,08/23/2021, 21:14:57,168
SOMO00001,REminiscence Vita,5968,08/23/2021, 22:13:08,168
SOMO00001,REminiscence Vita,5968,08/23/2021, 23:11:20,168
SOMO00001,REminiscence Vita,5968,08/24/2021, 00:34:13,168
SOMO00001,REminiscence Vita,5969,08/24/2021, 01:48:30,168
SOMO00001,REminiscence Vita,5969,08/24/2021, 02:19:50,168
SOMO00001,REminiscence Vita,5969,08/24/2021, 03:11:53,168
SOMO00001,REminiscence Vita,5969,08/24/2021, 04:14:17,168
SOMO00001,REminiscence Vita,5969,08/24/2021, 05:09:54,168
SOMO00001,REminiscence Vita,5969,08/24/2021, 06:13:26,168
SOMO00001,REminiscence Vita,5969,08/24/2021, 07:11:18,168
SOMO00001,REminiscence Vita,5969,08/24/2021, 08:18:01,168
SOMO00001,REminiscence Vita,5969,08/24/2021, 09:16:01,168
SOMO00001,REminiscence Vita,5969,08/24/2021, 10:12:40,168
SOMO00001,REminiscence Vita,5969,08/24/2021, 11:13:53,168
SOMO00001,REminiscence Vita,5969,08/24/2021, 12:21:59,168
SOMO00001,REminiscence Vita,5969,08/24/2021, 13:17:32,168
SOMO00001,REminiscence Vita,5969,08/24/2021, 14:14:54,168
SOMO00001,REminiscence Vita,5969,08/24/2021, 15:15:40,168
SOMO00001,REminiscence Vita,5969,08/24/2021, 16:16:31,168
SOMO00001,REminiscence Vita,5969,08/24/2021, 17:21:48,168
SOMO00001,REminiscence Vita,5969,08/24/2021, 18:16:55,168
SOMO00001,REminiscence Vita,5969,08/24/2021, 19:13:54,168
SOMO00001,REminiscence Vita,5969,08/24/2021, 20:13:39,168
SOMO00001,REminiscence Vita,5969,08/24/2021, 21:13:50,168
SOMO00001,REminiscence Vita,5969,08/24/2021, 22:11:10,168
SOMO00001,REminiscence Vita,5969,08/24/2021, 23:11:23,168
SOMO00001,REminiscence Vita,5969,08/25/2021, 00:35:33,168
SOMO00001,REminiscence Vita,5969,08/25/2021, 01:50:58,168
SOMO00001,REminiscence Vita,5969,08/25/2021, 02:21:22,168
SOMO00001,REminiscence Vita,5969,08/25/2021, 03:11:46,168
SOMO00001,REminiscence Vita,5969,08/25/2021, 04:14:11,168
SOMO00001,REminiscence Vita,5969,08/25/2021, 05:09:55,168
SOMO00001,REminiscence Vita,5969,08/25/2021, 06:13:23,168
SOMO00001,REminiscence Vita,5970,08/25/2021, 07:15:58,168
SOMO00001,REminiscence Vita,5970,08/25/2021, 08:13:46,168
SOMO00001,REminiscence Vita,5970,08/25/2021, 09:15:59,168
SOMO00001,REminiscence Vita,5970,08/25/2021, 10:17:57,168
SOMO00001,REminiscence Vita,5970,08/25/2021, 11:14:00,168
SOMO00001,REminiscence Vita,5970,08/25/2021, 12:21:51,168
SOMO00001,REminiscence Vita,5970,08/25/2021, 13:23:00,168
SOMO00001,REminiscence Vita,5970,08/25/2021, 14:14:55,168
SOMO00001,REminiscence Vita,5970,08/25/2021, 15:14:19,168
SOMO00001,REminiscence Vita,5970,08/25/2021, 17:21:50,168
SOMO00001,REminiscence Vita,5970,08/25/2021, 18:17:08,168
SOMO00001,REminiscence Vita,5970,08/25/2021, 19:13:38,168
SOMO00001,REminiscence Vita,5971,08/25/2021, 20:16:05,168
SOMO00001,REminiscence Vita,5971,08/25/2021, 21:14:57,168
SOMO00001,REminiscence Vita,5971,08/25/2021, 22:11:06,168
SOMO00001,REminiscence Vita,5972,08/25/2021, 23:11:21,168
SOMO00001,REminiscence Vita,5972,08/26/2021, 00:33:57,168
SOMO00001,REminiscence Vita,5972,08/26/2021, 01:48:31,168
SOMO00001,REminiscence Vita,5972,08/26/2021, 02:20:13,168
SOMO00001,REminiscence Vita,5972,08/26/2021, 03:11:26,168
SOMO00001,REminiscence Vita,5972,08/26/2021, 04:14:16,168
SOMO00001,REminiscence Vita,5972,08/26/2021, 05:09:57,168
SOMO00001,REminiscence Vita,5972,08/26/2021, 06:13:12,168
SOMO00001,REminiscence Vita,5972,08/26/2021, 07:10:58,168
SOMO00001,REminiscence Vita,5972,08/26/2021, 08:18:10,168
SOMO00001,REminiscence Vita,5972,08/26/2021, 09:15:58,168
SOMO00001,REminiscence Vita,5972,08/26/2021, 10:17:00,168
SOMO00001,REminiscence Vita,5972,08/26/2021, 11:11:46,168
SOMO00001,REminiscence Vita,5972,08/26/2021, 12:22:55,168
SOMO00001,REminiscence Vita,5972,08/26/2021, 13:22:59,168
SOMO00001,REminiscence Vita,5972,08/26/2021, 14:15:03,168
SOMO00001,REminiscence Vita,5972,08/26/2021, 15:16:55,168
SOMO00001,REminiscence Vita,5972,08/26/2021, 16:17:38,168
SOMO00001,REminiscence Vita,5972,08/26/2021, 17:17:46,168
SOMO00001,REminiscence Vita,5972,08/26/2021, 18:13:03,168
SOMO00001,REminiscence Vita,5973,08/26/2021, 19:14:44,168
SOMO00001,REminiscence Vita,5973,08/26/2021, 20:15:54,168
SOMO00001,REminiscence Vita,5973,08/26/2021, 21:10:21,168
SOMO00001,REminiscence Vita,5973,08/26/2021, 22:11:02,168
SOMO00001,REminiscence Vita,5974,08/26/2021, 23:11:15,168
SOMO00001,REminiscence Vita,5974,08/27/2021, 00:38:58,168
SOMO00001,REminiscence Vita,5975,08/27/2021, 01:55:13,168
SOMO00001,REminiscence Vita,5975,08/27/2021, 02:24:13,168
SOMO00001,REminiscence Vita,5975,08/27/2021, 03:11:28,168
SOMO00001,REminiscence Vita,5975,08/27/2021, 04:14:15,168
SOMO00001,REminiscence Vita,5975,08/27/2021, 05:09:48,168
SOMO00001,REminiscence Vita,5975,08/27/2021, 06:13:24,168
SOMO00001,REminiscence Vita,5975,08/27/2021, 07:12:29,168
SOMO00001,REminiscence Vita,5975,08/27/2021, 08:17:50,168
SOMO00001,REminiscence Vita,5975,08/27/2021, 09:15:57,168
SOMO00001,REminiscence Vita,5975,08/27/2021, 10:16:56,168
SOMO00001,REminiscence Vita,5975,08/27/2021, 11:09:14,168
SOMO00001,REminiscence Vita,5975,08/27/2021, 12:18:45,168
SOMO00001,REminiscence Vita,5975,08/27/2021, 13:21:51,168
SOMO00001,REminiscence Vita,5975,08/27/2021, 14:14:49,168
SOMO00001,REminiscence Vita,5975,08/27/2021, 15:16:54,168
SOMO00001,REminiscence Vita,5975,08/27/2021, 16:20:41,168
SOMO00001,REminiscence Vita,5976,08/27/2021, 17:16:50,168
SOMO00001,REminiscence Vita,5976,08/27/2021, 18:15:19,168
SOMO00001,REminiscence Vita,5976,08/27/2021, 19:09:16,168
SOMO00001,REminiscence Vita,5976,08/27/2021, 20:11:27,168
SOMO00001,REminiscence Vita,5977,08/27/2021, 21:09:45,168
SOMO00001,REminiscence Vita,5977,08/27/2021, 22:11:02,168
SOMO00001,REminiscence Vita,5977,08/27/2021, 23:11:10,168
SOMO00001,REminiscence Vita,5977,08/28/2021, 00:34:18,168
SOMO00001,REminiscence Vita,5977,08/28/2021, 01:46:22,168
SOMO00001,REminiscence Vita,5977,08/28/2021, 02:22:01,168
SOMO00001,REminiscence Vita,5977,08/28/2021, 03:11:32,168
SOMO00001,REminiscence Vita,5977,08/28/2021, 04:13:54,168
SOMO00001,REminiscence Vita,5978,08/28/2021, 05:09:37,168
SOMO00001,REminiscence Vita,5978,08/28/2021, 06:12:49,168
SOMO00001,REminiscence Vita,5978,08/28/2021, 07:10:37,168
SOMO00001,REminiscence Vita,5978,08/28/2021, 08:12:31,168
SOMO00001,REminiscence Vita,5978,08/28/2021, 09:10:26,168
SOMO00001,REminiscence Vita,5978,08/28/2021, 10:11:50,168
SOMO00001,REminiscence Vita,5978,08/28/2021, 11:09:06,168
SOMO00001,REminiscence Vita,5978,08/28/2021, 12:16:12,168
SOMO00001,REminiscence Vita,5978,08/28/2021, 13:15:16,168
SOMO00001,REminiscence Vita,5978,08/28/2021, 15:11:16,168
SOMO00001,REminiscence Vita,5978,08/28/2021, 16:16:05,168
SOMO00001,REminiscence Vita,5978,08/28/2021, 17:15:24,168
SOMO00001,REminiscence Vita,5979,08/28/2021, 18:12:15,168
SOMO00001,REminiscence Vita,5980,08/28/2021, 19:08:38,168
SOMO00001,REminiscence Vita,5980,08/28/2021, 20:11:00,168
SOMO00001,REminiscence Vita,5980,08/28/2021, 21:09:31,168
SOMO00001,REminiscence Vita,5980,08/28/2021, 22:10:41,168
SOMO00001,REminiscence Vita,5980,08/28/2021, 23:11:12,168
SOMO00001,REminiscence Vita,5980,08/29/2021, 00:37:29,168
SOMO00001,REminiscence Vita,5980,08/29/2021, 01:53:46,168
SOMO00001,REminiscence Vita,5980,08/29/2021, 02:22:09,168
SOMO00001,REminiscence Vita,5980,08/29/2021, 03:11:23,168
SOMO00001,REminiscence Vita,5980,08/29/2021, 04:13:54,168
SOMO00001,REminiscence Vita,5980,08/29/2021, 05:09:32,168
SOMO00001,REminiscence Vita,5980,08/29/2021, 06:12:44,168
SOMO00001,REminiscence Vita,5980,08/29/2021, 07:10:45,168
SOMO00001,REminiscence Vita,5980,08/29/2021, 08:12:30,168
SOMO00001,REminiscence Vita,5981,08/29/2021, 09:10:20,168
SOMO00001,REminiscence Vita,5981,08/29/2021, 10:11:56,168
SOMO00001,REminiscence Vita,5983,08/29/2021, 11:08:59,168
SOMO00001,REminiscence Vita,5983,08/29/2021, 12:16:17,168
SOMO00001,REminiscence Vita,5983,08/29/2021, 13:15:22,168
SOMO00001,REminiscence Vita,5983,08/29/2021, 14:10:01,168
SOMO00001,REminiscence Vita,5984,08/29/2021, 15:11:27,168
SOMO00001,REminiscence Vita,5984,08/29/2021, 16:15:40,168
SOMO00001,REminiscence Vita,5984,08/29/2021, 17:15:36,168
SOMO00001,REminiscence Vita,5984,08/29/2021, 18:12:12,168
SOMO00001,REminiscence Vita,5985,08/29/2021, 19:08:58,168
SOMO00001,REminiscence Vita,5985,08/29/2021, 20:10:55,168
SOMO00001,REminiscence Vita,5985,08/29/2021, 21:09:33,168
SOMO00001,REminiscence Vita,5985,08/29/2021, 22:10:38,168
SOMO00001,REminiscence Vita,5985,08/29/2021, 23:10:55,168
SOMO00001,REminiscence Vita,5985,08/30/2021, 00:36:01,168
SOMO00001,REminiscence Vita,5985,08/30/2021, 01:51:24,168
SOMO00001,REminiscence Vita,5985,08/30/2021, 02:21:18,168
SOMO00001,REminiscence Vita,5985,08/30/2021, 03:11:57,168
SOMO00001,REminiscence Vita,5987,08/30/2021, 04:14:21,168
SOMO00001,REminiscence Vita,5987,08/30/2021, 05:09:55,168
SOMO00001,REminiscence Vita,5987,08/30/2021, 06:13:26,168
SOMO00001,REminiscence Vita,5987,08/30/2021, 07:14:36,168
SOMO00001,REminiscence Vita,5988,08/30/2021, 08:17:55,168
SOMO00001,REminiscence Vita,5988,08/30/2021, 09:15:56,168
SOMO00001,REminiscence Vita,5988,08/30/2021, 10:16:58,168
SOMO00001,REminiscence Vita,5988,08/30/2021, 11:13:56,168
SOMO00001,REminiscence Vita,5988,08/30/2021, 12:22:02,168
SOMO00001,REminiscence Vita,5988,08/30/2021, 13:23:01,168
SOMO00001,REminiscence Vita,5989,08/30/2021, 14:15:08,168
SOMO00001,REminiscence Vita,5990,08/30/2021, 15:17:04,168
SOMO00001,REminiscence Vita,5990,08/30/2021, 16:18:51,168
SOMO00001,REminiscence Vita,5990,08/30/2021, 17:22:03,168
SOMO00001,REminiscence Vita,5990,08/30/2021, 18:17:56,168
SOMO00001,REminiscence Vita,5990,08/30/2021, 19:13:56,168
SOMO00001,REminiscence Vita,5990,08/30/2021, 20:16:58,168
SOMO00001,REminiscence Vita,5990,08/30/2021, 21:11:03,168
SOMO00001,REminiscence Vita,5990,08/30/2021, 22:14:45,168
SOMO00001,REminiscence Vita,5990,08/30/2021, 23:11:23,168
SOMO00001,REminiscence Vita,5990,08/31/2021, 00:37:36,168
SOMO00001,REminiscence Vita,5990,08/31/2021, 01:51:49,168
SOMO00001,REminiscence Vita,5990,08/31/2021, 02:21:18,168
SOMO00001,REminiscence Vita,5990,08/31/2021, 03:11:56,168
SOMO00001,REminiscence Vita,5990,08/31/2021, 04:13:59,168
SOMO00001,REminiscence Vita,5990,08/31/2021, 05:09:53,168
SOMO00001,REminiscence Vita,5990,08/31/2021, 06:13:14,168
SOMO00001,REminiscence Vita,5990,08/31/2021, 07:16:04,168
SOMO00001,REminiscence Vita,5990,08/31/2021, 08:18:15,168
SOMO00001,REminiscence Vita,5990,08/31/2021, 09:17:39,168
SOMO00001,REminiscence Vita,5990,08/31/2021, 10:17:02,168
SOMO00001,REminiscence Vita,5990,08/31/2021, 11:13:54,168
SOMO00001,REminiscence Vita,5990,08/31/2021, 12:19:36,168
SOMO00001,REminiscence Vita,5990,08/31/2021, 13:22:53,168
SOMO00001,REminiscence Vita,5990,08/31/2021, 14:10:18,168
SOMO00001,REminiscence Vita,5990,08/31/2021, 15:16:56,168
SOMO00001,REminiscence Vita,5990,08/31/2021, 16:20:59,168
SOMO00001,REminiscence Vita,5990,08/31/2021, 17:21:55,168
SOMO00001,REminiscence Vita,5991,08/31/2021, 18:17:04,168
SOMO00001,REminiscence Vita,5991,08/31/2021, 19:13:59,168
SOMO00001,REminiscence Vita,5991,08/31/2021, 20:15:55,168
SOMO00001,REminiscence Vita,5991,08/31/2021, 21:09:57,168
SOMO00001,REminiscence Vita,5991,08/31/2021, 22:09:50,168
SOMO00001,REminiscence Vita,5991,08/31/2021, 23:11:03,168
SOMO00001,REminiscence Vita,5991,09/01/2021, 00:39:52,168
SOMO00001,REminiscence Vita,5991,09/01/2021, 01:57:47,168
SOMO00001,REminiscence Vita,5991,09/01/2021, 02:28:14,168
SOMO00001,REminiscence Vita,5991,09/01/2021, 03:11:51,168
SOMO00001,REminiscence Vita,5991,09/01/2021, 04:14:35,168
SOMO00001,REminiscence Vita,5991,09/01/2021, 05:10:16,168
SOMO00001,REminiscence Vita,5991,09/01/2021, 06:13:45,168
SOMO00001,REminiscence Vita,5991,09/01/2021, 07:15:56,168
SOMO00001,REminiscence Vita,5991,09/01/2021, 08:16:10,168
SOMO00001,REminiscence Vita,5991,09/01/2021, 09:15:52,168
SOMO00001,REminiscence Vita,5991,09/01/2021, 10:16:58,168
SOMO00001,REminiscence Vita,5991,09/01/2021, 11:13:58,168
SOMO00001,REminiscence Vita,5991,09/01/2021, 12:22:06,168
SOMO00001,REminiscence Vita,5991,09/01/2021, 13:23:07,168
SOMO00001,REminiscence Vita,5991,09/01/2021, 14:10:57,168
SOMO00001,REminiscence Vita,5991,09/01/2021, 15:16:23,168
SOMO00001,REminiscence Vita,5991,09/01/2021, 16:16:45,168
SOMO00001,REminiscence Vita,5991,09/01/2021, 17:20:40,168
SOMO00001,REminiscence Vita,5991,09/01/2021, 18:15:12,168
SOMO00001,REminiscence Vita,5991,09/01/2021, 19:12:59,168
SOMO00001,REminiscence Vita,5991,09/01/2021, 20:16:54,168
SOMO00001,REminiscence Vita,5991,09/01/2021, 21:15:01,168
SOMO00001,REminiscence Vita,5991,09/01/2021, 22:11:18,168
SOMO00001,REminiscence Vita,5991,09/01/2021, 23:11:32,168
SOMO00001,REminiscence Vita,5991,09/02/2021, 00:36:41,168
SOMO00001,REminiscence Vita,5991,09/02/2021, 01:52:05,168
SOMO00001,REminiscence Vita,5991,09/02/2021, 02:21:32,168
SOMO00001,REminiscence Vita,5991,09/02/2021, 03:11:53,168
SOMO00001,REminiscence Vita,5991,09/02/2021, 04:14:29,168
SOMO00001,REminiscence Vita,5991,09/02/2021, 05:10:45,168
SOMO00001,REminiscence Vita,5991,09/02/2021, 06:13:38,168
SOMO00001,REminiscence Vita,5991,09/02/2021, 07:15:54,168
SOMO00001,REminiscence Vita,5991,09/02/2021, 08:17:59,168
SOMO00001,REminiscence Vita,5991,09/02/2021, 09:16:08,168
SOMO00001,REminiscence Vita,5991,09/02/2021, 10:16:54,168
SOMO00001,REminiscence Vita,5991,09/02/2021, 11:14:03,168
SOMO00001,REminiscence Vita,5991,09/02/2021, 12:21:57,168
SOMO00001,REminiscence Vita,5991,09/02/2021, 13:23:12,168
SOMO00001,REminiscence Vita,5991,09/02/2021, 14:15:00,168
SOMO00001,REminiscence Vita,5991,09/02/2021, 15:14:52,168
SOMO00001,REminiscence Vita,5991,09/02/2021, 16:17:23,168
SOMO00001,REminiscence Vita,5991,09/02/2021, 17:18:44,168
SOMO00001,REminiscence Vita,5991,09/02/2021, 18:13:07,168
SOMO00001,REminiscence Vita,5991,09/02/2021, 19:09:09,168
SOMO00001,REminiscence Vita,5991,09/02/2021, 20:15:54,168
SOMO00001,REminiscence Vita,5991,09/02/2021, 21:12:18,168
SOMO00001,REminiscence Vita,5991,09/02/2021, 22:11:09,168
SOMO00001,REminiscence Vita,5991,09/02/2021, 23:11:41,168
SOMO00001,REminiscence Vita,5991,09/03/2021, 00:36:24,168
SOMO00001,REminiscence Vita,5991,09/03/2021, 01:52:56,168
SOMO00001,REminiscence Vita,5991,09/03/2021, 02:22:27,168
SOMO00001,REminiscence Vita,5991,09/03/2021, 03:12:02,168
SOMO00001,REminiscence Vita,5991,09/03/2021, 04:14:32,168
SOMO00001,REminiscence Vita,5991,09/03/2021, 05:10:13,168
SOMO00001,REminiscence Vita,5991,09/03/2021, 06:13:30,168
SOMO00001,REminiscence Vita,5991,09/03/2021, 07:11:30,168
SOMO00001,REminiscence Vita,5991,09/03/2021, 08:18:13,168
SOMO00001,REminiscence Vita,5991,09/03/2021, 09:15:57,168
SOMO00001,REminiscence Vita,5991,09/03/2021, 10:17:03,168
SOMO00001,REminiscence Vita,5991,09/03/2021, 11:11:21,168
SOMO00001,REminiscence Vita,5991,09/03/2021, 12:22:02,168
SOMO00001,REminiscence Vita,5991,09/03/2021, 13:23:02,168
SOMO00001,REminiscence Vita,5991,09/03/2021, 14:14:55,168
SOMO00001,REminiscence Vita,5992,09/03/2021, 15:17:02,168
SOMO00001,REminiscence Vita,5992,09/03/2021, 16:16:45,168
SOMO00001,REminiscence Vita,5992,09/03/2021, 17:17:18,168
SOMO00001,REminiscence Vita,5992,09/03/2021, 18:12:42,168
SOMO00001,REminiscence Vita,5992,09/03/2021, 19:09:13,168
SOMO00001,REminiscence Vita,5992,09/03/2021, 20:12:21,168
SOMO00001,REminiscence Vita,5992,09/03/2021, 21:09:56,168
SOMO00001,REminiscence Vita,5992,09/03/2021, 22:11:14,168
SOMO00001,REminiscence Vita,5993,09/03/2021, 23:11:18,168
SOMO00001,REminiscence Vita,5993,09/04/2021, 00:36:28,168
SOMO00001,REminiscence Vita,5993,09/04/2021, 01:53:25,168
SOMO00001,REminiscence Vita,5993,09/04/2021, 02:25:27,168
SOMO00001,REminiscence Vita,5993,09/04/2021, 03:11:39,168
SOMO00001,REminiscence Vita,5994,09/04/2021, 04:14:32,168
SOMO00001,REminiscence Vita,5994,09/04/2021, 05:09:37,168
SOMO00001,REminiscence Vita,5994,09/04/2021, 06:12:56,168
SOMO00001,REminiscence Vita,5995,09/04/2021, 07:11:06,168
SOMO00001,REminiscence Vita,5995,09/04/2021, 08:12:36,168
SOMO00001,REminiscence Vita,5995,09/04/2021, 09:10:31,168
SOMO00001,REminiscence Vita,5995,09/04/2021, 10:11:53,168
SOMO00001,REminiscence Vita,5995,09/04/2021, 11:09:14,168
SOMO00001,REminiscence Vita,5996,09/04/2021, 12:16:16,168
SOMO00001,REminiscence Vita,5996,09/04/2021, 13:16:11,168
SOMO00001,REminiscence Vita,5996,09/04/2021, 14:09:58,168
SOMO00001,REminiscence Vita,5997,09/04/2021, 15:11:19,168
SOMO00001,REminiscence Vita,5997,09/04/2021, 16:15:57,168
SOMO00001,REminiscence Vita,5997,09/04/2021, 17:15:53,168
SOMO00001,REminiscence Vita,5998,09/04/2021, 18:12:20,168
SOMO00001,REminiscence Vita,5999,09/04/2021, 19:10:25,168
SOMO00001,REminiscence Vita,5999,09/04/2021, 20:11:12,168
SOMO00001,REminiscence Vita,6001,09/04/2021, 21:09:28,168
SOMO00001,REminiscence Vita,6001,09/04/2021, 22:10:46,168
SOMO00001,REminiscence Vita,6002,09/04/2021, 23:10:44,168
SOMO00001,REminiscence Vita,6004,09/05/2021, 00:39:27,168
SOMO00001,REminiscence Vita,6004,09/05/2021, 01:55:10,168
SOMO00001,REminiscence Vita,6005,09/05/2021, 02:23:47,168
SOMO00001,REminiscence Vita,6006,09/05/2021, 03:11:41,168
SOMO00001,REminiscence Vita,6006,09/05/2021, 04:14:19,168
SOMO00001,REminiscence Vita,6007,09/05/2021, 05:09:45,168
SOMO00001,REminiscence Vita,6007,09/05/2021, 06:12:57,168
SOMO00001,REminiscence Vita,6007,09/05/2021, 07:11:00,168
SOMO00001,REminiscence Vita,6007,09/05/2021, 08:12:39,168
SOMO00001,REminiscence Vita,6007,09/05/2021, 09:10:39,168
SOMO00001,REminiscence Vita,6007,09/05/2021, 10:11:58,168
SOMO00001,REminiscence Vita,6007,09/05/2021, 11:09:06,168
SOMO00001,REminiscence Vita,6007,09/05/2021, 12:16:34,168
SOMO00001,REminiscence Vita,6007,09/05/2021, 13:16:46,168
SOMO00001,REminiscence Vita,6008,09/05/2021, 14:09:58,168
SOMO00001,REminiscence Vita,6009,09/05/2021, 15:11:16,168
SOMO00001,REminiscence Vita,6009,09/05/2021, 16:16:00,168
SOMO00001,REminiscence Vita,6009,09/05/2021, 17:15:54,168
SOMO00001,REminiscence Vita,6009,09/05/2021, 18:12:17,168
SOMO00001,REminiscence Vita,6009,09/05/2021, 19:08:49,168
SOMO00001,REminiscence Vita,6010,09/05/2021, 20:11:21,168
SOMO00001,REminiscence Vita,6010,09/05/2021, 21:09:27,168
SOMO00001,REminiscence Vita,6010,09/05/2021, 22:11:48,168
SOMO00001,REminiscence Vita,6010,09/05/2021, 23:11:12,168
SOMO00001,REminiscence Vita,6010,09/06/2021, 00:40:28,168
SOMO00001,REminiscence Vita,6010,09/06/2021, 01:58:11,168
SOMO00001,REminiscence Vita,6010,09/06/2021, 02:28:28,168
SOMO00001,REminiscence Vita,6010,09/06/2021, 03:11:52,168
SOMO00001,REminiscence Vita,6010,09/06/2021, 04:14:17,168
SOMO00001,REminiscence Vita,6010,09/06/2021, 05:10:26,168
SOMO00001,REminiscence Vita,6010,09/06/2021, 06:13:37,168
SOMO00001,REminiscence Vita,6010,09/06/2021, 07:11:39,168
SOMO00001,REminiscence Vita,6011,09/06/2021, 08:17:52,168
SOMO00001,REminiscence Vita,6011,09/06/2021, 09:16:01,168
SOMO00001,REminiscence Vita,6011,09/06/2021, 10:17:55,168
SOMO00001,REminiscence Vita,6011,09/06/2021, 11:14:04,168
SOMO00001,REminiscence Vita,6011,09/06/2021, 12:22:01,168
SOMO00001,REminiscence Vita,6011,09/06/2021, 13:20:37,168
SOMO00001,REminiscence Vita,6011,09/06/2021, 14:10:50,168
SOMO00001,REminiscence Vita,6012,09/06/2021, 15:11:43,168
SOMO00001,REminiscence Vita,6013,09/06/2021, 16:16:36,168
SOMO00001,REminiscence Vita,6013,09/06/2021, 17:17:32,168
SOMO00001,REminiscence Vita,6013,09/06/2021, 18:12:43,168
SOMO00001,REminiscence Vita,6013,09/06/2021, 19:09:02,168
SOMO00001,REminiscence Vita,6013,09/06/2021, 20:11:40,168
SOMO00001,REminiscence Vita,6013,09/06/2021, 21:10:00,168
SOMO00001,REminiscence Vita,6013,09/06/2021, 22:10:57,168
SOMO00001,REminiscence Vita,6013,09/06/2021, 23:11:04,168
SOMO00001,REminiscence Vita,6013,09/07/2021, 00:35:19,168
SOMO00001,REminiscence Vita,6013,09/07/2021, 01:50:37,168
SOMO00001,REminiscence Vita,6013,09/07/2021, 02:21:29,168
SOMO00001,REminiscence Vita,6013,09/07/2021, 03:11:49,168
SOMO00001,REminiscence Vita,6014,09/07/2021, 04:14:14,168
SOMO00001,REminiscence Vita,6014,09/07/2021, 05:10:02,168
SOMO00001,REminiscence Vita,6014,09/07/2021, 06:13:28,168
SOMO00001,REminiscence Vita,6015,09/07/2021, 07:12:04,168
SOMO00001,REminiscence Vita,6015,09/07/2021, 08:13:58,168
SOMO00001,REminiscence Vita,6015,09/07/2021, 09:16:08,168
SOMO00001,REminiscence Vita,6015,09/07/2021, 10:14:37,168
SOMO00001,REminiscence Vita,6015,09/07/2021, 11:13:56,168
SOMO00001,REminiscence Vita,6015,09/07/2021, 12:17:00,168
SOMO00001,REminiscence Vita,6015,09/07/2021, 13:18:27,168
SOMO00001,REminiscence Vita,6015,09/07/2021, 14:10:43,168
SOMO00001,REminiscence Vita,6015,09/07/2021, 15:12:06,168
SOMO00001,REminiscence Vita,6016,09/07/2021, 16:16:54,168
SOMO00001,REminiscence Vita,6016,09/07/2021, 17:17:40,168
SOMO00001,REminiscence Vita,6017,09/07/2021, 18:12:44,168
SOMO00001,REminiscence Vita,6017,09/07/2021, 19:09:15,168
SOMO00001,REminiscence Vita,6017,09/07/2021, 20:11:41,168
SOMO00001,REminiscence Vita,6017,09/07/2021, 21:09:46,168
SOMO00001,REminiscence Vita,6017,09/07/2021, 22:11:13,168
SOMO00001,REminiscence Vita,6017,09/07/2021, 23:11:17,168
SOMO00001,REminiscence Vita,6017,09/08/2021, 00:35:22,168
SOMO00001,REminiscence Vita,6017,09/08/2021, 01:52:38,168
SOMO00001,REminiscence Vita,6017,09/08/2021, 02:22:28,168
SOMO00001,REminiscence Vita,6017,09/08/2021, 03:11:55,168
SOMO00001,REminiscence Vita,6017,09/08/2021, 04:14:32,168
SOMO00001,REminiscence Vita,6017,09/08/2021, 05:08:33,168
SOMO00001,REminiscence Vita,6017,09/08/2021, 06:13:23,168
SOMO00001,REminiscence Vita,6017,09/08/2021, 07:11:19,168
SOMO00001,REminiscence Vita,6017,09/08/2021, 08:12:58,168
SOMO00001,REminiscence Vita,6017,09/08/2021, 09:11:11,168
SOMO00001,REminiscence Vita,6017,09/08/2021, 10:12:44,168
SOMO00001,REminiscence Vita,6017,09/08/2021, 11:09:19,168
SOMO00001,REminiscence Vita,6017,09/08/2021, 12:17:18,168
SOMO00001,REminiscence Vita,6017,09/08/2021, 13:18:35,168
SOMO00001,REminiscence Vita,6017,09/08/2021, 14:10:32,168
SOMO00001,REminiscence Vita,6018,09/08/2021, 15:12:09,168
SOMO00001,REminiscence Vita,6018,09/08/2021, 16:16:36,168
SOMO00001,REminiscence Vita,6018,09/08/2021, 17:17:29,168
SOMO00001,REminiscence Vita,6018,09/08/2021, 18:14:51,168
SOMO00001,REminiscence Vita,6018,09/08/2021, 19:09:43,168
SOMO00001,REminiscence Vita,6018,09/08/2021, 20:11:58,168
SOMO00001,REminiscence Vita,6018,09/08/2021, 21:09:51,168
SOMO00001,REminiscence Vita,6020,09/08/2021, 22:11:17,168
SOMO00001,REminiscence Vita,6021,09/08/2021, 23:11:16,168
SOMO00001,REminiscence Vita,6021,09/09/2021, 00:38:49,168
SOMO00001,REminiscence Vita,6021,09/09/2021, 01:55:59,168
SOMO00001,REminiscence Vita,6022,09/09/2021, 02:25:00,168
SOMO00001,REminiscence Vita,6022,09/09/2021, 03:11:56,168
SOMO00001,REminiscence Vita,6022,09/09/2021, 04:14:38,168
SOMO00001,REminiscence Vita,6022,09/09/2021, 05:10:28,168
SOMO00001,REminiscence Vita,6023,09/09/2021, 06:13:30,168
SOMO00001,REminiscence Vita,6023,09/09/2021, 07:11:56,168
SOMO00001,REminiscence Vita,6023,09/09/2021, 08:13:11,168
SOMO00001,REminiscence Vita,6023,09/09/2021, 09:11:21,168
SOMO00001,REminiscence Vita,6023,09/09/2021, 10:12:28,168
SOMO00001,REminiscence Vita,6023,09/09/2021, 11:09:43,168
SOMO00001,REminiscence Vita,6023,09/09/2021, 12:17:34,168
SOMO00001,REminiscence Vita,6023,09/09/2021, 13:18:56,168
SOMO00001,REminiscence Vita,6023,09/09/2021, 14:10:27,168
SOMO00001,REminiscence Vita,6023,09/09/2021, 15:11:49,168
SOMO00001,REminiscence Vita,6023,09/09/2021, 16:16:44,168
SOMO00001,REminiscence Vita,6023,09/09/2021, 17:17:06,168
SOMO00001,REminiscence Vita,6023,09/09/2021, 18:13:03,168
SOMO00001,REminiscence Vita,6023,09/09/2021, 19:09:09,168
SOMO00001,REminiscence Vita,6023,09/09/2021, 20:11:48,168
SOMO00001,REminiscence Vita,6023,09/09/2021, 21:10:06,168
SOMO00001,REminiscence Vita,6023,09/09/2021, 22:11:13,168
SOMO00001,REminiscence Vita,6023,09/09/2021, 23:11:20,168
SOMO00001,REminiscence Vita,6023,09/10/2021, 00:41:14,168
SOMO00001,REminiscence Vita,6023,09/10/2021, 01:56:05,168
SOMO00001,REminiscence Vita,6023,09/10/2021, 02:25:24,168
SOMO00001,REminiscence Vita,6023,09/10/2021, 03:11:52,168
SOMO00001,REminiscence Vita,6023,09/10/2021, 04:14:43,168
SOMO00001,REminiscence Vita,6023,09/10/2021, 05:10:07,168
SOMO00001,REminiscence Vita,6023,09/10/2021, 06:13:37,168
SOMO00001,REminiscence Vita,6023,09/10/2021, 07:11:23,168
SOMO00001,REminiscence Vita,6024,09/10/2021, 08:16:27,168
SOMO00001,REminiscence Vita,6024,09/10/2021, 09:16:03,168
SOMO00001,REminiscence Vita,6024,09/10/2021, 10:12:14,168
SOMO00001,REminiscence Vita,6024,09/10/2021, 11:09:39,168
SOMO00001,REminiscence Vita,6024,09/10/2021, 12:17:18,168
SOMO00001,REminiscence Vita,6024,09/10/2021, 13:19:35,168
SOMO00001,REminiscence Vita,6024,09/10/2021, 14:10:45,168
SOMO00001,REminiscence Vita,6024,09/10/2021, 15:12:04,168
SOMO00001,REminiscence Vita,6024,09/10/2021, 16:16:39,168
SOMO00001,REminiscence Vita,6024,09/10/2021, 17:14:38,168
SOMO00001,REminiscence Vita,6024,09/10/2021, 18:12:48,168
SOMO00001,REminiscence Vita,6024,09/10/2021, 19:09:11,168
SOMO00001,REminiscence Vita,6025,09/10/2021, 20:11:44,168
SOMO00001,REminiscence Vita,6025,09/10/2021, 21:09:46,168
SOMO00001,REminiscence Vita,6025,09/10/2021, 22:11:02,168
SOMO00001,REminiscence Vita,6025,09/10/2021, 23:11:18,168
SOMO00001,REminiscence Vita,6025,09/11/2021, 00:36:42,168
SOMO00001,REminiscence Vita,6025,09/11/2021, 01:51:29,168
SOMO00001,REminiscence Vita,6026,09/11/2021, 02:23:50,168
SOMO00001,REminiscence Vita,6026,09/11/2021, 03:11:30,168
SOMO00001,REminiscence Vita,6026,09/11/2021, 04:14:11,168
SOMO00001,REminiscence Vita,6026,09/11/2021, 05:09:40,168
SOMO00001,REminiscence Vita,6026,09/11/2021, 06:13:02,168
SOMO00001,REminiscence Vita,6026,09/11/2021, 07:10:49,168
SOMO00001,REminiscence Vita,6026,09/11/2021, 08:12:35,168
SOMO00001,REminiscence Vita,6026,09/11/2021, 09:10:39,168
SOMO00001,REminiscence Vita,6026,09/11/2021, 10:11:53,168
SOMO00001,REminiscence Vita,6026,09/11/2021, 11:09:23,168
SOMO00001,REminiscence Vita,6027,09/11/2021, 12:16:27,168
SOMO00001,REminiscence Vita,6027,09/11/2021, 13:16:13,168
SOMO00001,REminiscence Vita,6027,09/11/2021, 14:10:03,168
SOMO00001,REminiscence Vita,6027,09/11/2021, 15:11:05,168
SOMO00001,REminiscence Vita,6027,09/11/2021, 16:15:56,168
SOMO00001,REminiscence Vita,6027,09/11/2021, 17:15:05,168
SOMO00001,REminiscence Vita,6027,09/11/2021, 18:12:16,168
SOMO00001,REminiscence Vita,6027,09/11/2021, 19:08:44,168
SOMO00001,REminiscence Vita,6027,09/11/2021, 20:11:17,168
SOMO00001,REminiscence Vita,6027,09/11/2021, 21:09:17,168
SOMO00001,REminiscence Vita,6027,09/11/2021, 22:10:32,168
SOMO00001,REminiscence Vita,6027,09/11/2021, 23:10:55,168
SOMO00001,REminiscence Vita,6027,09/12/2021, 00:39:14,168
SOMO00001,REminiscence Vita,6027,09/12/2021, 01:56:48,168
SOMO00001,REminiscence Vita,6027,09/12/2021, 02:26:03,168
SOMO00001,REminiscence Vita,6027,09/12/2021, 03:11:40,168
SOMO00001,REminiscence Vita,6027,09/12/2021, 04:14:13,168
SOMO00001,REminiscence Vita,6027,09/12/2021, 05:09:42,168
SOMO00001,REminiscence Vita,6027,09/12/2021, 06:12:51,168
SOMO00001,REminiscence Vita,6027,09/12/2021, 07:11:05,168
SOMO00001,REminiscence Vita,6027,09/12/2021, 08:12:20,168
SOMO00001,REminiscence Vita,6027,09/12/2021, 09:10:39,168
SOMO00001,REminiscence Vita,6027,09/12/2021, 10:11:52,168
SOMO00001,REminiscence Vita,6027,09/12/2021, 11:09:29,168
SOMO00001,REminiscence Vita,6027,09/12/2021, 12:16:33,168
SOMO00001,REminiscence Vita,6027,09/12/2021, 13:16:07,168
SOMO00001,REminiscence Vita,6027,09/12/2021, 14:09:49,168
SOMO00001,REminiscence Vita,6027,09/12/2021, 15:11:11,168
SOMO00001,REminiscence Vita,6028,09/12/2021, 16:15:47,168
SOMO00001,REminiscence Vita,6028,09/12/2021, 17:15:10,168
SOMO00001,REminiscence Vita,6029,09/12/2021, 18:12:18,168
SOMO00001,REminiscence Vita,6029,09/12/2021, 19:09:06,168
SOMO00001,REminiscence Vita,6029,09/12/2021, 20:11:16,168
SOMO00001,REminiscence Vita,6031,09/12/2021, 21:09:35,168
SOMO00001,REminiscence Vita,6031,09/12/2021, 22:10:25,168
SOMO00001,REminiscence Vita,6031,09/12/2021, 23:10:59,168
SOMO00001,REminiscence Vita,6031,09/13/2021, 00:40:01,168
SOMO00001,REminiscence Vita,6031,09/13/2021, 01:54:53,168
SOMO00001,REminiscence Vita,6031,09/13/2021, 02:24:15,168
SOMO00001,REminiscence Vita,6031,09/13/2021, 03:11:54,168
SOMO00001,REminiscence Vita,6031,09/13/2021, 04:14:19,168
SOMO00001,REminiscence Vita,6031,09/13/2021, 05:10:02,168
SOMO00001,REminiscence Vita,6031,09/13/2021, 06:13:52,168
SOMO00001,REminiscence Vita,6031,09/13/2021, 07:11:37,168
SOMO00001,REminiscence Vita,6032,09/13/2021, 08:13:25,168
SOMO00001,REminiscence Vita,6032,09/13/2021, 09:11:22,168
SOMO00001,REminiscence Vita,6032,09/13/2021, 10:12:43,168
SOMO00001,REminiscence Vita,6032,09/13/2021, 11:09:29,168
SOMO00001,REminiscence Vita,6032,09/13/2021, 12:18:36,168
SOMO00001,REminiscence Vita,6032,09/13/2021, 13:21:01,168
SOMO00001,REminiscence Vita,6032,09/13/2021, 14:10:51,168
SOMO00001,REminiscence Vita,6032,09/13/2021, 15:11:57,168
SOMO00001,REminiscence Vita,6032,09/13/2021, 16:15:33,168
SOMO00001,REminiscence Vita,6032,09/13/2021, 17:16:16,168
SOMO00001,REminiscence Vita,6032,09/13/2021, 18:13:46,168
SOMO00001,REminiscence Vita,6032,09/13/2021, 19:09:29,168
SOMO00001,REminiscence Vita,6032,09/13/2021, 20:11:45,168
SOMO00001,REminiscence Vita,6032,09/13/2021, 21:10:00,168
SOMO00001,REminiscence Vita,6034,09/13/2021, 22:10:54,168
SOMO00001,REminiscence Vita,6035,09/13/2021, 23:11:25,168
SOMO00001,REminiscence Vita,6035,09/14/2021, 00:39:26,168
SOMO00001,REminiscence Vita,6035,09/14/2021, 01:54:56,168
SOMO00001,REminiscence Vita,6035,09/14/2021, 02:23:19,168
SOMO00001,REminiscence Vita,6035,09/14/2021, 03:12:19,168
SOMO00001,REminiscence Vita,6035,09/14/2021, 04:14:19,168
SOMO00001,REminiscence Vita,6035,09/14/2021, 05:11:02,168
SOMO00001,REminiscence Vita,6035,09/14/2021, 06:13:27,168
SOMO00001,REminiscence Vita,6035,09/14/2021, 07:11:21,168
SOMO00001,REminiscence Vita,6035,09/14/2021, 08:13:24,168
SOMO00001,REminiscence Vita,6035,09/14/2021, 09:11:05,168
SOMO00001,REminiscence Vita,6035,09/14/2021, 10:12:23,168
SOMO00001,REminiscence Vita,6035,09/14/2021, 11:09:30,168
SOMO00001,REminiscence Vita,6035,09/14/2021, 12:17:16,168
SOMO00001,REminiscence Vita,6035,09/14/2021, 13:18:30,168
SOMO00001,REminiscence Vita,6035,09/14/2021, 14:10:40,168
SOMO00001,REminiscence Vita,6035,09/14/2021, 15:11:46,168
SOMO00001,REminiscence Vita,6035,09/14/2021, 16:16:38,168
SOMO00001,REminiscence Vita,6035,09/14/2021, 17:16:30,168
SOMO00001,REminiscence Vita,6035,09/14/2021, 18:12:22,168
SOMO00001,REminiscence Vita,6035,09/14/2021, 19:09:34,168
SOMO00001,REminiscence Vita,6035,09/14/2021, 20:11:37,168
SOMO00001,REminiscence Vita,6035,09/14/2021, 21:09:56,168
SOMO00001,REminiscence Vita,6035,09/14/2021, 22:11:06,168
SOMO00001,REminiscence Vita,6035,09/14/2021, 23:11:20,168
SOMO00001,REminiscence Vita,6035,09/15/2021, 00:37:35,168
SOMO00001,REminiscence Vita,6035,09/15/2021, 01:54:19,168
SOMO00001,REminiscence Vita,6035,09/15/2021, 02:23:18,168
SOMO00001,REminiscence Vita,6035,09/15/2021, 03:12:11,168
SOMO00001,REminiscence Vita,6035,09/15/2021, 04:14:04,168
SOMO00001,REminiscence Vita,6035,09/15/2021, 05:10:06,168
SOMO00001,REminiscence Vita,6036,09/15/2021, 06:13:19,168
SOMO00001,REminiscence Vita,6036,09/15/2021, 07:11:27,168
SOMO00001,REminiscence Vita,6036,09/15/2021, 08:12:59,168
SOMO00001,REminiscence Vita,6036,09/15/2021, 09:11:08,168
SOMO00001,REminiscence Vita,6036,09/15/2021, 10:12:11,168
SOMO00001,REminiscence Vita,6036,09/15/2021, 11:09:30,168
SOMO00001,REminiscence Vita,6037,09/15/2021, 12:18:29,168
SOMO00001,REminiscence Vita,6037,09/15/2021, 13:18:34,168
SOMO00001,REminiscence Vita,6037,09/15/2021, 14:10:41,168
SOMO00001,REminiscence Vita,6037,09/15/2021, 15:11:49,168
SOMO00001,REminiscence Vita,6037,09/15/2021, 16:14:50,168
SOMO00001,REminiscence Vita,6039,09/15/2021, 17:14:34,168
SOMO00001,REminiscence Vita,6039,09/15/2021, 18:12:51,168
SOMO00001,REminiscence Vita,6039,09/15/2021, 19:09:13,168
SOMO00001,REminiscence Vita,6040,09/15/2021, 20:12:02,168
SOMO00001,REminiscence Vita,6040,09/15/2021, 21:10:00,168
SOMO00001,REminiscence Vita,6040,09/15/2021, 22:11:15,168
SOMO00001,REminiscence Vita,6040,09/15/2021, 23:11:36,168
SOMO00001,REminiscence Vita,6040,09/16/2021, 00:38:43,168
SOMO00001,REminiscence Vita,6040,09/16/2021, 01:59:59,168
SOMO00001,REminiscence Vita,6040,09/16/2021, 02:33:13,168
SOMO00001,REminiscence Vita,6040,09/16/2021, 03:11:47,168
SOMO00001,REminiscence Vita,6040,09/16/2021, 04:14:13,168
SOMO00001,REminiscence Vita,6040,09/16/2021, 05:10:35,168
SOMO00001,REminiscence Vita,6040,09/16/2021, 06:13:31,168
SOMO00001,REminiscence Vita,6040,09/16/2021, 07:11:56,168
SOMO00001,REminiscence Vita,6040,09/16/2021, 08:13:47,168
SOMO00001,REminiscence Vita,6040,09/16/2021, 09:11:12,168
SOMO00001,REminiscence Vita,6040,09/16/2021, 10:12:52,168
SOMO00001,REminiscence Vita,6040,09/16/2021, 11:09:29,168
SOMO00001,REminiscence Vita,6040,09/16/2021, 12:17:33,168
SOMO00001,REminiscence Vita,6040,09/16/2021, 13:19:00,168
SOMO00001,REminiscence Vita,6040,09/16/2021, 14:11:17,168
SOMO00001,REminiscence Vita,6040,09/16/2021, 15:11:55,168
SOMO00001,REminiscence Vita,6040,09/16/2021, 16:16:28,168
SOMO00001,REminiscence Vita,6040,09/16/2021, 17:15:54,168
SOMO00001,REminiscence Vita,6040,09/16/2021, 18:12:53,168
SOMO00001,REminiscence Vita,6040,09/16/2021, 19:09:12,168
SOMO00001,REminiscence Vita,6040,09/16/2021, 20:11:47,168
SOMO00001,REminiscence Vita,6041,09/16/2021, 21:10:03,168
SOMO00001,REminiscence Vita,6041,09/16/2021, 22:11:16,168
SOMO00001,REminiscence Vita,6042,09/16/2021, 23:11:38,168
SOMO00001,REminiscence Vita,6042,09/17/2021, 00:41:19,168
SOMO00001,REminiscence Vita,6042,09/17/2021, 02:01:02,168
SOMO00001,REminiscence Vita,6042,09/17/2021, 03:11:54,168
SOMO00001,REminiscence Vita,6042,09/17/2021, 04:14:11,168
SOMO00001,REminiscence Vita,6042,09/17/2021, 05:10:20,168
SOMO00001,REminiscence Vita,6042,09/17/2021, 06:13:26,168
SOMO00001,REminiscence Vita,6042,09/17/2021, 07:11:21,168
SOMO00001,REminiscence Vita,6042,09/17/2021, 08:13:24,168
SOMO00001,REminiscence Vita,6042,09/17/2021, 09:10:57,168
SOMO00001,REminiscence Vita,6042,09/17/2021, 10:12:22,168
SOMO00001,REminiscence Vita,6042,09/17/2021, 11:09:24,168
SOMO00001,REminiscence Vita,6042,09/17/2021, 12:17:47,168
SOMO00001,REminiscence Vita,6042,09/17/2021, 13:18:11,168
SOMO00001,REminiscence Vita,6042,09/17/2021, 14:10:34,168
SOMO00001,REminiscence Vita,6042,09/17/2021, 15:11:37,168
SOMO00001,REminiscence Vita,6042,09/17/2021, 16:16:31,168
SOMO00001,REminiscence Vita,6042,09/17/2021, 17:16:57,168
SOMO00001,REminiscence Vita,6042,09/17/2021, 18:12:44,168
SOMO00001,REminiscence Vita,6042,09/17/2021, 19:09:59,168
SOMO00001,REminiscence Vita,6042,09/17/2021, 20:11:35,168
SOMO00001,REminiscence Vita,6043,09/17/2021, 21:09:49,168
SOMO00001,REminiscence Vita,6043,09/17/2021, 22:11:09,168
SOMO00001,REminiscence Vita,6043,09/17/2021, 23:11:50,168
SOMO00001,REminiscence Vita,6043,09/18/2021, 00:36:42,168
SOMO00001,REminiscence Vita,6043,09/18/2021, 01:57:13,168
SOMO00001,REminiscence Vita,6043,09/18/2021, 02:29:52,168
SOMO00001,REminiscence Vita,6043,09/18/2021, 03:11:40,168
SOMO00001,REminiscence Vita,6043,09/18/2021, 04:14:04,168
SOMO00001,REminiscence Vita,6043,09/18/2021, 05:09:59,168
SOMO00001,REminiscence Vita,6043,09/18/2021, 06:12:50,168
SOMO00001,REminiscence Vita,6043,09/18/2021, 07:11:24,168
SOMO00001,REminiscence Vita,6043,09/18/2021, 08:12:40,168
SOMO00001,REminiscence Vita,6043,09/18/2021, 09:10:33,168
SOMO00001,REminiscence Vita,6043,09/18/2021, 10:11:59,168
SOMO00001,REminiscence Vita,6043,09/18/2021, 11:09:16,168
SOMO00001,REminiscence Vita,6043,09/18/2021, 12:16:29,168
SOMO00001,REminiscence Vita,6044,09/18/2021, 13:15:50,168
SOMO00001,REminiscence Vita,6044,09/18/2021, 14:10:09,168
SOMO00001,REminiscence Vita,6044,09/18/2021, 15:11:00,168
SOMO00001,REminiscence Vita,6044,09/18/2021, 16:15:49,168
SOMO00001,REminiscence Vita,6044,09/18/2021, 17:14:09,168
SOMO00001,REminiscence Vita,6044,09/18/2021, 18:12:26,168
SOMO00001,REminiscence Vita,6044,09/18/2021, 19:08:54,168
SOMO00001,REminiscence Vita,6044,09/18/2021, 20:11:16,168
SOMO00001,REminiscence Vita,6044,09/18/2021, 21:09:23,168
SOMO00001,REminiscence Vita,6044,09/18/2021, 22:10:42,168
SOMO00001,REminiscence Vita,6044,09/18/2021, 23:10:53,168
SOMO00001,REminiscence Vita,6044,09/19/2021, 00:38:19,168
SOMO00001,REminiscence Vita,6044,09/19/2021, 01:56:42,168
SOMO00001,REminiscence Vita,6044,09/19/2021, 02:26:09,168
SOMO00001,REminiscence Vita,6044,09/19/2021, 03:11:31,168
SOMO00001,REminiscence Vita,6044,09/19/2021, 04:13:49,168
SOMO00001,REminiscence Vita,6044,09/19/2021, 05:09:50,168
SOMO00001,REminiscence Vita,6045,09/19/2021, 06:12:55,168
SOMO00001,REminiscence Vita,6046,09/19/2021, 07:10:55,168
SOMO00001,REminiscence Vita,6046,09/19/2021, 08:12:36,168
SOMO00001,REminiscence Vita,6046,09/19/2021, 09:10:40,168
SOMO00001,REminiscence Vita,6046,09/19/2021, 10:12:04,168
SOMO00001,REminiscence Vita,6046,09/19/2021, 11:09:07,168
SOMO00001,REminiscence Vita,6046,09/19/2021, 12:16:34,168
SOMO00001,REminiscence Vita,6047,09/19/2021, 13:16:02,168
SOMO00001,REminiscence Vita,6047,09/19/2021, 14:09:45,168
SOMO00001,REminiscence Vita,6048,09/19/2021, 15:11:19,168
SOMO00001,REminiscence Vita,6048,09/19/2021, 16:15:29,168
SOMO00001,REminiscence Vita,6049,09/19/2021, 17:13:59,168
SOMO00001,REminiscence Vita,6050,09/19/2021, 18:12:29,168
SOMO00001,REminiscence Vita,6050,09/19/2021, 19:08:58,168
SOMO00001,REminiscence Vita,6050,09/19/2021, 20:11:20,168
SOMO00001,REminiscence Vita,6050,09/19/2021, 21:09:38,168
SOMO00001,REminiscence Vita,6050,09/19/2021, 22:10:58,168
SOMO00001,REminiscence Vita,6051,09/19/2021, 23:10:55,168
SOMO00001,REminiscence Vita,6051,09/20/2021, 00:41:45,168
SOMO00001,REminiscence Vita,6051,09/20/2021, 01:57:17,168
SOMO00001,REminiscence Vita,6051,09/20/2021, 02:27:00,168
SOMO00001,REminiscence Vita,6051,09/20/2021, 03:12:03,168
SOMO00001,REminiscence Vita,6051,09/20/2021, 04:14:25,168
SOMO00001,REminiscence Vita,6051,09/20/2021, 05:10:19,168
SOMO00001,REminiscence Vita,6051,09/20/2021, 06:13:49,168
SOMO00001,REminiscence Vita,6051,09/20/2021, 07:11:40,168
SOMO00001,REminiscence Vita,6051,09/20/2021, 08:13:25,168
SOMO00001,REminiscence Vita,6051,09/20/2021, 09:11:15,168
SOMO00001,REminiscence Vita,6051,09/20/2021, 10:12:31,168
SOMO00001,REminiscence Vita,6051,09/20/2021, 11:09:34,168
SOMO00001,REminiscence Vita,6051,09/20/2021, 12:18:12,168
SOMO00001,REminiscence Vita,6051,09/20/2021, 13:19:42,168
SOMO00001,REminiscence Vita,6051,09/20/2021, 14:10:44,168
SOMO00001,REminiscence Vita,6052,09/20/2021, 15:11:48,168
SOMO00001,REminiscence Vita,6052,09/20/2021, 16:16:43,168
SOMO00001,REminiscence Vita,6052,09/20/2021, 17:12:57,168
SOMO00001,REminiscence Vita,6052,09/20/2021, 18:13:14,168
SOMO00001,REminiscence Vita,6052,09/20/2021, 19:09:17,168
SOMO00001,REminiscence Vita,6052,09/20/2021, 20:12:02,168
SOMO00001,REminiscence Vita,6052,09/20/2021, 21:10:43,168
SOMO00001,REminiscence Vita,6053,09/20/2021, 22:11:15,168
SOMO00001,REminiscence Vita,6053,09/20/2021, 23:09:20,168
SOMO00001,REminiscence Vita,6053,09/21/2021, 00:38:38,168
SOMO00001,REminiscence Vita,6053,09/21/2021, 01:56:02,168
SOMO00001,REminiscence Vita,6055,09/21/2021, 02:25:13,168
SOMO00001,REminiscence Vita,6055,09/21/2021, 03:12:01,168
SOMO00001,REminiscence Vita,6055,09/21/2021, 04:14:40,168
SOMO00001,REminiscence Vita,6055,09/21/2021, 05:09:59,168
SOMO00001,REminiscence Vita,6055,09/21/2021, 06:13:43,168
SOMO00001,REminiscence Vita,6055,09/21/2021, 07:11:31,168
SOMO00001,REminiscence Vita,6055,09/21/2021, 08:13:47,168
SOMO00001,REminiscence Vita,6056,09/21/2021, 09:11:16,168
SOMO00001,REminiscence Vita,6056,09/21/2021, 10:12:14,168
SOMO00001,REminiscence Vita,6056,09/21/2021, 11:09:33,168
SOMO00001,REminiscence Vita,6056,09/21/2021, 12:17:39,168
SOMO00001,REminiscence Vita,6057,09/21/2021, 13:18:31,168
SOMO00001,REminiscence Vita,6057,09/21/2021, 14:10:38,168
SOMO00001,REminiscence Vita,6057,09/21/2021, 15:11:56,168
SOMO00001,REminiscence Vita,6057,09/21/2021, 16:16:38,168
SOMO00001,REminiscence Vita,6057,09/21/2021, 17:16:40,168
SOMO00001,REminiscence Vita,6057,09/21/2021, 18:13:20,168
SOMO00001,REminiscence Vita,6057,09/21/2021, 19:09:18,168
SOMO00001,REminiscence Vita,6057,09/21/2021, 20:11:44,168
SOMO00001,REminiscence Vita,6057,09/21/2021, 21:10:32,168
SOMO00001,REminiscence Vita,6057,09/21/2021, 22:11:17,168
SOMO00001,REminiscence Vita,6057,09/21/2021, 23:11:47,168
SOMO00001,REminiscence Vita,6057,09/22/2021, 00:38:02,168
SOMO00001,REminiscence Vita,6057,09/22/2021, 01:57:40,168
SOMO00001,REminiscence Vita,6057,09/22/2021, 02:27:53,168
SOMO00001,REminiscence Vita,6057,09/22/2021, 03:11:54,168
SOMO00001,REminiscence Vita,6057,09/22/2021, 04:14:19,168
SOMO00001,REminiscence Vita,6057,09/22/2021, 05:10:42,168
SOMO00001,REminiscence Vita,6057,09/22/2021, 06:13:39,168
SOMO00001,REminiscence Vita,6057,09/22/2021, 07:11:37,168
SOMO00001,REminiscence Vita,6057,09/22/2021, 08:13:13,168
SOMO00001,REminiscence Vita,6057,09/22/2021, 09:11:16,168
SOMO00001,REminiscence Vita,6057,09/22/2021, 10:12:19,168
SOMO00001,REminiscence Vita,6057,09/22/2021, 11:09:34,168
SOMO00001,REminiscence Vita,6057,09/22/2021, 12:17:39,168
SOMO00001,REminiscence Vita,6058,09/22/2021, 13:19:14,168
SOMO00001,REminiscence Vita,6058,09/22/2021, 14:10:38,168
SOMO00001,REminiscence Vita,6058,09/22/2021, 15:11:58,168
SOMO00001,REminiscence Vita,6058,09/22/2021, 16:16:41,168
SOMO00001,REminiscence Vita,6058,09/22/2021, 17:17:10,168
SOMO00001,REminiscence Vita,6058,09/22/2021, 18:12:56,168
SOMO00001,REminiscence Vita,6058,09/22/2021, 19:09:25,168
SOMO00001,REminiscence Vita,6058,09/22/2021, 20:11:57,168
SOMO00001,REminiscence Vita,6058,09/22/2021, 21:09:52,168
SOMO00001,REminiscence Vita,6058,09/22/2021, 22:10:59,168
SOMO00001,REminiscence Vita,6058,09/22/2021, 23:12:02,168
SOMO00001,REminiscence Vita,6058,09/23/2021, 00:39:44,168
SOMO00001,REminiscence Vita,6058,09/23/2021, 02:00:45,168
SOMO00001,REminiscence Vita,6059,09/23/2021, 02:34:32,168
SOMO00001,REminiscence Vita,6059,09/23/2021, 03:11:53,168
SOMO00001,REminiscence Vita,6059,09/23/2021, 04:14:22,168
SOMO00001,REminiscence Vita,6059,09/23/2021, 05:10:26,168
SOMO00001,REminiscence Vita,6060,09/23/2021, 06:14:05,168
SOMO00001,REminiscence Vita,6060,09/23/2021, 07:11:34,168
SOMO00001,REminiscence Vita,6060,09/23/2021, 08:13:29,168
SOMO00001,REminiscence Vita,6060,09/23/2021, 09:11:51,168
SOMO00001,REminiscence Vita,6060,09/23/2021, 10:12:41,168
SOMO00001,REminiscence Vita,6060,09/23/2021, 11:09:46,168
SOMO00001,REminiscence Vita,6060,09/23/2021, 12:19:03,168
SOMO00001,REminiscence Vita,6060,09/23/2021, 13:20:33,168
SOMO00001,REminiscence Vita,6060,09/23/2021, 14:10:50,168
SOMO00001,REminiscence Vita,6060,09/23/2021, 15:11:58,168
SOMO00001,REminiscence Vita,6060,09/23/2021, 16:16:54,168
SOMO00001,REminiscence Vita,6060,09/23/2021, 17:15:52,168
SOMO00001,REminiscence Vita,6060,09/23/2021, 18:13:08,168
SOMO00001,REminiscence Vita,6060,09/23/2021, 19:09:16,168
SOMO00001,REminiscence Vita,6060,09/23/2021, 20:11:56,168
SOMO00001,REminiscence Vita,6060,09/23/2021, 21:10:07,168
SOMO00001,REminiscence Vita,6060,09/23/2021, 22:11:07,168
SOMO00001,REminiscence Vita,6060,09/23/2021, 23:11:39,168
SOMO00001,REminiscence Vita,6060,09/24/2021, 00:37:21,168
SOMO00001,REminiscence Vita,6060,09/24/2021, 01:55:36,168
SOMO00001,REminiscence Vita,6060,09/24/2021, 02:24:28,168
SOMO00001,REminiscence Vita,6060,09/24/2021, 03:12:03,168
SOMO00001,REminiscence Vita,6060,09/24/2021, 04:14:24,168
SOMO00001,REminiscence Vita,6060,09/24/2021, 05:10:17,168
SOMO00001,REminiscence Vita,6060,09/24/2021, 06:13:34,168
SOMO00001,REminiscence Vita,6060,09/24/2021, 07:11:30,168
SOMO00001,REminiscence Vita,6060,09/24/2021, 08:13:26,168
SOMO00001,REminiscence Vita,6060,09/24/2021, 09:11:05,168
SOMO00001,REminiscence Vita,6060,09/24/2021, 10:12:47,168
SOMO00001,REminiscence Vita,6060,09/24/2021, 11:09:36,168
SOMO00001,REminiscence Vita,6060,09/24/2021, 12:17:31,168
SOMO00001,REminiscence Vita,6060,09/24/2021, 13:17:59,168
SOMO00001,REminiscence Vita,6060,09/24/2021, 14:10:30,168
SOMO00001,REminiscence Vita,6061,09/24/2021, 15:11:57,168
SOMO00001,REminiscence Vita,6061,09/24/2021, 16:16:29,168
SOMO00001,REminiscence Vita,6061,09/24/2021, 17:13:25,168
SOMO00001,REminiscence Vita,6061,09/24/2021, 18:13:10,168
SOMO00001,REminiscence Vita,6061,09/24/2021, 19:09:16,168
SOMO00001,REminiscence Vita,6061,09/24/2021, 20:11:57,168
SOMO00001,REminiscence Vita,6061,09/24/2021, 21:09:59,168
SOMO00001,REminiscence Vita,6061,09/24/2021, 22:11:12,168
SOMO00001,REminiscence Vita,6062,09/24/2021, 23:11:32,168
SOMO00001,REminiscence Vita,6062,09/25/2021, 00:36:56,168
SOMO00001,REminiscence Vita,6062,09/25/2021, 01:54:23,168
SOMO00001,REminiscence Vita,6062,09/25/2021, 02:25:51,168
SOMO00001,REminiscence Vita,6062,09/25/2021, 03:11:55,168
SOMO00001,REminiscence Vita,6062,09/25/2021, 04:13:59,168
SOMO00001,REminiscence Vita,6062,09/25/2021, 05:09:49,168
SOMO00001,REminiscence Vita,6062,09/25/2021, 06:12:59,168
SOMO00001,REminiscence Vita,6062,09/25/2021, 07:11:06,168
SOMO00001,REminiscence Vita,6062,09/25/2021, 08:12:38,168
SOMO00001,REminiscence Vita,6062,09/25/2021, 09:10:26,168
SOMO00001,REminiscence Vita,6062,09/25/2021, 10:11:53,168
SOMO00001,REminiscence Vita,6062,09/25/2021, 11:09:19,168
SOMO00001,REminiscence Vita,6063,09/25/2021, 12:16:31,168
SOMO00001,REminiscence Vita,6063,09/25/2021, 13:16:01,168
SOMO00001,REminiscence Vita,6063,09/25/2021, 14:09:57,168
SOMO00001,REminiscence Vita,6063,09/25/2021, 15:11:11,168
SOMO00001,REminiscence Vita,6063,09/25/2021, 16:15:38,168
SOMO00001,REminiscence Vita,6063,09/25/2021, 17:14:29,168
SOMO00001,REminiscence Vita,6063,09/25/2021, 18:12:21,168
SOMO00001,REminiscence Vita,6063,09/25/2021, 19:08:51,168
SOMO00001,REminiscence Vita,6063,09/25/2021, 20:11:29,168
SOMO00001,REminiscence Vita,6064,09/25/2021, 21:09:41,168
SOMO00001,REminiscence Vita,6064,09/25/2021, 22:10:41,168
SOMO00001,REminiscence Vita,6064,09/25/2021, 23:11:06,168
SOMO00001,REminiscence Vita,6064,09/26/2021, 00:40:26,168
SOMO00001,REminiscence Vita,6064,09/26/2021, 01:55:51,168
SOMO00001,REminiscence Vita,6064,09/26/2021, 02:24:13,168
SOMO00001,REminiscence Vita,6064,09/26/2021, 03:11:46,168
SOMO00001,REminiscence Vita,6064,09/26/2021, 04:14:07,168
SOMO00001,REminiscence Vita,6064,09/26/2021, 05:09:47,168
SOMO00001,REminiscence Vita,6064,09/26/2021, 06:12:57,168
SOMO00001,REminiscence Vita,6064,09/26/2021, 07:10:52,168
SOMO00001,REminiscence Vita,6064,09/26/2021, 08:12:43,168
SOMO00001,REminiscence Vita,6064,09/26/2021, 09:10:38,168
SOMO00001,REminiscence Vita,6064,09/26/2021, 10:12:02,168
SOMO00001,REminiscence Vita,6066,09/26/2021, 11:09:22,168
SOMO00001,REminiscence Vita,6067,09/26/2021, 12:16:41,168
SOMO00001,REminiscence Vita,6067,09/26/2021, 13:16:20,168
SOMO00001,REminiscence Vita,6067,09/26/2021, 14:09:52,168
SOMO00001,REminiscence Vita,6067,09/26/2021, 15:11:42,168
SOMO00001,REminiscence Vita,6067,09/26/2021, 16:15:35,168
SOMO00001,REminiscence Vita,6067,09/26/2021, 17:14:10,168
SOMO00001,REminiscence Vita,6069,09/26/2021, 18:12:19,168
SOMO00001,REminiscence Vita,6070,09/26/2021, 19:09:20,168
SOMO00001,REminiscence Vita,6070,09/26/2021, 20:11:26,168
SOMO00001,REminiscence Vita,6070,09/26/2021, 21:09:49,168
SOMO00001,REminiscence Vita,6070,09/26/2021, 22:10:51,168
SOMO00001,REminiscence Vita,6070,09/26/2021, 23:11:13,168
SOMO00001,REminiscence Vita,6070,09/27/2021, 00:37:34,168
SOMO00001,REminiscence Vita,6070,09/27/2021, 01:55:45,168
SOMO00001,REminiscence Vita,6070,09/27/2021, 02:25:20,168
SOMO00001,REminiscence Vita,6070,09/27/2021, 03:12:01,168
SOMO00001,REminiscence Vita,6070,09/27/2021, 04:14:38,168
SOMO00001,REminiscence Vita,6070,09/27/2021, 05:10:43,168
SOMO00001,REminiscence Vita,6071,09/27/2021, 06:14:00,168
SOMO00001,REminiscence Vita,6071,09/27/2021, 07:11:48,168
SOMO00001,REminiscence Vita,6071,09/27/2021, 08:13:51,168
SOMO00001,REminiscence Vita,6071,09/27/2021, 09:11:38,168
SOMO00001,REminiscence Vita,6071,09/27/2021, 10:13:35,168
SOMO00001,REminiscence Vita,6071,09/27/2021, 11:09:37,168
SOMO00001,REminiscence Vita,6071,09/27/2021, 12:18:07,168
SOMO00001,REminiscence Vita,6071,09/27/2021, 13:18:56,168
SOMO00001,REminiscence Vita,6071,09/27/2021, 14:10:49,168
SOMO00001,REminiscence Vita,6071,09/27/2021, 15:12:09,168
SOMO00001,REminiscence Vita,6071,09/27/2021, 16:21:55,168
SOMO00001,REminiscence Vita,6071,09/27/2021, 17:17:37,168
SOMO00001,REminiscence Vita,6072,09/27/2021, 18:13:02,168
SOMO00001,REminiscence Vita,6072,09/27/2021, 19:08:59,168
SOMO00001,REminiscence Vita,6073,09/27/2021, 20:11:53,168
SOMO00001,REminiscence Vita,6074,09/27/2021, 21:09:02,168
SOMO00001,REminiscence Vita,6074,09/27/2021, 22:11:13,168
SOMO00001,REminiscence Vita,6074,09/27/2021, 23:11:24,168
SOMO00001,REminiscence Vita,6074,09/28/2021, 00:38:32,168
SOMO00001,REminiscence Vita,6074,09/28/2021, 01:56:53,168
SOMO00001,REminiscence Vita,6074,09/28/2021, 02:26:37,168
SOMO00001,REminiscence Vita,6074,09/28/2021, 03:12:14,168
SOMO00001,REminiscence Vita,6074,09/28/2021, 04:15:25,168
SOMO00001,REminiscence Vita,6074,09/28/2021, 05:10:27,168
SOMO00001,REminiscence Vita,6074,09/28/2021, 06:13:34,168
SOMO00001,REminiscence Vita,6075,09/28/2021, 07:11:48,168
SOMO00001,REminiscence Vita,6075,09/28/2021, 08:13:46,168
SOMO00001,REminiscence Vita,6075,09/28/2021, 09:11:37,168
SOMO00001,REminiscence Vita,6075,09/28/2021, 10:12:30,168
SOMO00001,REminiscence Vita,6075,09/28/2021, 11:09:55,168
SOMO00001,REminiscence Vita,6075,09/28/2021, 12:18:30,168
SOMO00001,REminiscence Vita,6075,09/28/2021, 13:18:30,168
SOMO00001,REminiscence Vita,6075,09/28/2021, 14:10:46,168
SOMO00001,REminiscence Vita,6075,09/28/2021, 15:12:16,168
SOMO00001,REminiscence Vita,6075,09/28/2021, 16:16:42,168
SOMO00001,REminiscence Vita,6075,09/28/2021, 17:15:53,168
SOMO00001,REminiscence Vita,6076,09/28/2021, 18:12:55,168
SOMO00001,REminiscence Vita,6076,09/28/2021, 19:09:27,168
SOMO00001,REminiscence Vita,6077,09/28/2021, 20:11:46,168
SOMO00001,REminiscence Vita,6077,09/28/2021, 21:08:30,168
SOMO00001,REminiscence Vita,6077,09/28/2021, 22:11:05,168
SOMO00001,REminiscence Vita,6077,09/28/2021, 23:11:33,168
SOMO00001,REminiscence Vita,6077,09/29/2021, 00:37:27,168
SOMO00001,REminiscence Vita,6077,09/29/2021, 01:50:43,168
SOMO00001,REminiscence Vita,6077,09/29/2021, 02:20:41,168
SOMO00001,REminiscence Vita,6077,09/29/2021, 03:12:13,168
SOMO00001,REminiscence Vita,6077,09/29/2021, 04:14:44,168
SOMO00001,REminiscence Vita,6077,09/29/2021, 05:10:23,168
SOMO00001,REminiscence Vita,6077,09/29/2021, 06:13:46,168
SOMO00001,REminiscence Vita,6077,09/29/2021, 07:11:22,168
SOMO00001,REminiscence Vita,6079,09/29/2021, 08:13:22,168
SOMO00001,REminiscence Vita,6079,09/29/2021, 09:11:03,168
SOMO00001,REminiscence Vita,6080,09/29/2021, 10:12:49,168
SOMO00001,REminiscence Vita,6080,09/29/2021, 11:09:36,168
SOMO00001,REminiscence Vita,6080,09/29/2021, 12:17:46,168
SOMO00001,REminiscence Vita,6080,09/29/2021, 13:18:06,168
SOMO00001,REminiscence Vita,6081,09/29/2021, 14:11:04,168
SOMO00001,REminiscence Vita,6081,09/29/2021, 15:12:08,168
SOMO00001,REminiscence Vita,6081,09/29/2021, 16:16:36,168
SOMO00001,REminiscence Vita,6081,09/29/2021, 17:16:43,168
SOMO00001,REminiscence Vita,6081,09/29/2021, 18:13:03,168
SOMO00001,REminiscence Vita,6081,09/29/2021, 19:09:27,168
SOMO00001,REminiscence Vita,6081,09/29/2021, 20:11:46,168
SOMO00001,REminiscence Vita,6082,09/29/2021, 21:09:57,168
SOMO00001,REminiscence Vita,6083,09/29/2021, 22:11:16,168
SOMO00001,REminiscence Vita,6083,09/29/2021, 23:11:39,168
SOMO00001,REminiscence Vita,6084,09/30/2021, 00:41:57,168
SOMO00001,REminiscence Vita,6084,09/30/2021, 02:02:09,168
SOMO00001,REminiscence Vita,6084,09/30/2021, 03:12:15,168
SOMO00001,REminiscence Vita,6084,09/30/2021, 04:14:21,168
SOMO00001,REminiscence Vita,6084,09/30/2021, 05:10:23,168
SOMO00001,REminiscence Vita,6084,09/30/2021, 06:13:48,168
SOMO00001,REminiscence Vita,6084,09/30/2021, 07:11:35,168
SOMO00001,REminiscence Vita,6084,09/30/2021, 08:13:34,168
SOMO00001,REminiscence Vita,6084,09/30/2021, 09:11:06,168
SOMO00001,REminiscence Vita,6084,09/30/2021, 10:12:30,168
SOMO00001,REminiscence Vita,6084,09/30/2021, 11:09:32,168
SOMO00001,REminiscence Vita,6084,09/30/2021, 12:18:55,168
SOMO00001,REminiscence Vita,6084,09/30/2021, 13:18:50,168
SOMO00001,REminiscence Vita,6084,09/30/2021, 15:12:12,168
SOMO00001,REminiscence Vita,6085,09/30/2021, 16:16:40,168
SOMO00001,REminiscence Vita,6085,09/30/2021, 17:15:59,168
SOMO00001,REminiscence Vita,6086,09/30/2021, 18:13:01,168
SOMO00001,REminiscence Vita,6086,09/30/2021, 19:09:27,168
SOMO00001,REminiscence Vita,6086,09/30/2021, 20:11:55,168
SOMO00001,REminiscence Vita,6086,09/30/2021, 21:09:52,168
SOMO00001,REminiscence Vita,6086,09/30/2021, 22:11:26,168
SOMO00001,REminiscence Vita,6086,09/30/2021, 23:11:53,168
SOMO00001,REminiscence Vita,6086,10/01/2021, 00:41:40,168
SOMO00001,REminiscence Vita,6086,10/01/2021, 02:02:23,168
SOMO00001,REminiscence Vita,6086,10/01/2021, 03:12:00,168
SOMO00001,REminiscence Vita,6086,10/01/2021, 04:14:36,168
SOMO00001,REminiscence Vita,6086,10/01/2021, 05:10:23,168
SOMO00001,REminiscence Vita,6086,10/01/2021, 06:13:46,168
SOMO00001,REminiscence Vita,6086,10/01/2021, 07:11:30,168
SOMO00001,REminiscence Vita,6086,10/01/2021, 08:13:32,168
SOMO00001,REminiscence Vita,6086,10/01/2021, 09:11:35,168
SOMO00001,REminiscence Vita,6086,10/01/2021, 10:12:47,168
SOMO00001,REminiscence Vita,6086,10/01/2021, 11:10:00,168
SOMO00001,REminiscence Vita,6086,10/01/2021, 12:17:54,168
SOMO00001,REminiscence Vita,6086,10/01/2021, 13:18:21,168
SOMO00001,REminiscence Vita,6086,10/01/2021, 14:10:44,168
SOMO00001,REminiscence Vita,6086,10/01/2021, 15:12:02,168
SOMO00001,REminiscence Vita,6086,10/01/2021, 16:17:27,168
SOMO00001,REminiscence Vita,6086,10/01/2021, 17:17:42,168
SOMO00001,REminiscence Vita,6086,10/01/2021, 18:13:05,168
SOMO00001,REminiscence Vita,6086,10/01/2021, 19:09:22,168
SOMO00001,REminiscence Vita,6087,10/01/2021, 20:11:41,168
SOMO00001,REminiscence Vita,6088,10/01/2021, 21:09:56,168
SOMO00001,REminiscence Vita,6088,10/01/2021, 22:11:01,168
SOMO00001,REminiscence Vita,6088,10/01/2021, 23:11:23,168
SOMO00001,REminiscence Vita,6088,10/02/2021, 00:38:08,168
SOMO00001,REminiscence Vita,6088,10/02/2021, 01:54:02,168
SOMO00001,REminiscence Vita,6088,10/02/2021, 02:25:38,168
SOMO00001,REminiscence Vita,6088,10/02/2021, 03:11:43,168
SOMO00001,REminiscence Vita,6088,10/02/2021, 04:14:16,168
SOMO00001,REminiscence Vita,6088,10/02/2021, 05:09:53,168
SOMO00001,REminiscence Vita,6088,10/02/2021, 06:13:16,168
SOMO00001,REminiscence Vita,6089,10/02/2021, 07:11:06,168
SOMO00001,REminiscence Vita,6090,10/02/2021, 08:12:59,168
SOMO00001,REminiscence Vita,6090,10/02/2021, 09:10:38,168
SOMO00001,REminiscence Vita,6090,10/02/2021, 10:12:31,168
SOMO00001,REminiscence Vita,6090,10/02/2021, 11:09:21,168
SOMO00001,REminiscence Vita,6090,10/02/2021, 12:16:50,168
SOMO00001,REminiscence Vita,6090,10/02/2021, 13:15:43,168
SOMO00001,REminiscence Vita,6090,10/02/2021, 14:09:50,168
SOMO00001,REminiscence Vita,6090,10/02/2021, 15:11:16,168
SOMO00001,REminiscence Vita,6090,10/02/2021, 16:16:02,168
SOMO00001,REminiscence Vita,6090,10/02/2021, 17:14:20,168
SOMO00001,REminiscence Vita,6090,10/02/2021, 18:12:30,168
SOMO00001,REminiscence Vita,6090,10/02/2021, 19:09:07,168
SOMO00001,REminiscence Vita,6090,10/02/2021, 20:11:22,168
SOMO00001,REminiscence Vita,6090,10/02/2021, 21:09:40,168
SOMO00001,REminiscence Vita,6090,10/02/2021, 22:11:02,168
SOMO00001,REminiscence Vita,6090,10/02/2021, 23:11:19,168
SOMO00001,REminiscence Vita,6090,10/03/2021, 00:42:44,168
SOMO00001,REminiscence Vita,6090,10/03/2021, 01:58:56,168
SOMO00001,REminiscence Vita,6090,10/03/2021, 02:29:55,168
SOMO00001,REminiscence Vita,6090,10/03/2021, 03:11:50,168
SOMO00001,REminiscence Vita,6090,10/03/2021, 04:14:15,168
SOMO00001,REminiscence Vita,6091,10/03/2021, 05:10:07,168
SOMO00001,REminiscence Vita,6091,10/03/2021, 06:13:16,168
SOMO00001,REminiscence Vita,6091,10/03/2021, 07:10:58,168
SOMO00001,REminiscence Vita,6091,10/03/2021, 08:12:54,168
SOMO00001,REminiscence Vita,6091,10/03/2021, 09:11:07,168
SOMO00001,REminiscence Vita,6092,10/03/2021, 10:12:05,168
SOMO00001,REminiscence Vita,6092,10/03/2021, 11:09:29,168
SOMO00001,REminiscence Vita,6093,10/03/2021, 12:16:38,168
SOMO00001,REminiscence Vita,6094,10/03/2021, 13:15:41,168
SOMO00001,REminiscence Vita,6094,10/03/2021, 14:09:56,168
SOMO00001,REminiscence Vita,6094,10/03/2021, 15:11:45,168
SOMO00001,REminiscence Vita,6094,10/03/2021, 16:16:02,168
SOMO00001,REminiscence Vita,6095,10/03/2021, 17:14:06,168
SOMO00001,REminiscence Vita,6095,10/03/2021, 18:12:24,168
SOMO00001,REminiscence Vita,6096,10/03/2021, 19:09:16,168
SOMO00001,REminiscence Vita,6096,10/03/2021, 20:10:56,168
SOMO00001,REminiscence Vita,6096,10/03/2021, 21:10:00,168
SOMO00001,REminiscence Vita,6096,10/03/2021, 22:11:03,168
SOMO00001,REminiscence Vita,6097,10/03/2021, 23:11:17,168
SOMO00001,REminiscence Vita,6097,10/04/2021, 00:43:24,168
SOMO00001,REminiscence Vita,6097,10/04/2021, 02:02:11,168
SOMO00001,REminiscence Vita,6097,10/04/2021, 03:12:16,168
SOMO00001,REminiscence Vita,6097,10/04/2021, 04:14:41,168
SOMO00001,REminiscence Vita,6097,10/04/2021, 05:10:25,168
SOMO00001,REminiscence Vita,6097,10/04/2021, 06:13:52,168
SOMO00001,REminiscence Vita,6097,10/04/2021, 07:11:46,168
SOMO00001,REminiscence Vita,6098,10/04/2021, 08:13:57,168
SOMO00001,REminiscence Vita,6098,10/04/2021, 09:14:06,168
SOMO00001,REminiscence Vita,6098,10/04/2021, 10:12:38,168
SOMO00001,REminiscence Vita,6098,10/04/2021, 11:09:56,168
SOMO00001,REminiscence Vita,6098,10/04/2021, 12:17:33,168
SOMO00001,REminiscence Vita,6098,10/04/2021, 13:18:07,168
SOMO00001,REminiscence Vita,6098,10/04/2021, 14:11:53,168
SOMO00001,REminiscence Vita,6098,10/04/2021, 15:17:10,168
SOMO00001,REminiscence Vita,6098,10/04/2021, 16:16:33,168
SOMO00001,REminiscence Vita,6098,10/04/2021, 17:19:18,168
SOMO00001,REminiscence Vita,6098,10/04/2021, 18:13:13,168
SOMO00001,REminiscence Vita,6098,10/04/2021, 19:09:25,168
SOMO00001,REminiscence Vita,6098,10/04/2021, 20:58:04,168
SOMO00001,REminiscence Vita,6098,10/04/2021, 21:09:55,168
SOMO00001,REminiscence Vita,6098,10/04/2021, 22:11:21,168
SOMO00001,REminiscence Vita,6098,10/04/2021, 23:09:34,168
SOMO00001,REminiscence Vita,6098,10/05/2021, 00:39:15,168
SOMO00001,REminiscence Vita,6098,10/05/2021, 01:55:59,168
SOMO00001,REminiscence Vita,6098,10/05/2021, 02:25:10,168
SOMO00001,REminiscence Vita,6098,10/05/2021, 03:12:03,168
SOMO00001,REminiscence Vita,6099,10/05/2021, 04:14:44,168
SOMO00001,REminiscence Vita,6099,10/05/2021, 05:10:25,168
SOMO00001,REminiscence Vita,6099,10/05/2021, 06:13:49,168
SOMO00001,REminiscence Vita,6099,10/05/2021, 07:11:34,168
SOMO00001,REminiscence Vita,6099,10/05/2021, 08:14:02,168
SOMO00001,REminiscence Vita,6099,10/05/2021, 09:11:48,168
SOMO00001,REminiscence Vita,6099,10/05/2021, 10:12:10,168
SOMO00001,REminiscence Vita,6099,10/05/2021, 11:09:38,168
SOMO00001,REminiscence Vita,6099,10/05/2021, 12:17:47,168
SOMO00001,REminiscence Vita,6099,10/05/2021, 13:19:02,168
SOMO00001,REminiscence Vita,6099,10/05/2021, 14:58:41,168
SOMO00001,REminiscence Vita,6100,10/05/2021, 15:31:12,168
SOMO00001,REminiscence Vita,6100,10/05/2021, 16:17:07,168
SOMO00001,REminiscence Vita,6100,10/05/2021, 17:16:35,168
SOMO00001,REminiscence Vita,6101,10/05/2021, 18:12:58,168
SOMO00001,REminiscence Vita,6101,10/05/2021, 19:09:36,168
SOMO00001,REminiscence Vita,6101,10/05/2021, 20:11:44,168
SOMO00001,REminiscence Vita,6102,10/05/2021, 21:10:37,168
SOMO00001,REminiscence Vita,6102,10/05/2021, 22:11:15,168
SOMO00001,REminiscence Vita,6102,10/05/2021, 23:11:42,168
SOMO00001,REminiscence Vita,6102,10/06/2021, 00:41:28,168
SOMO00001,REminiscence Vita,6102,10/06/2021, 01:57:06,168
SOMO00001,REminiscence Vita,6102,10/06/2021, 02:27:11,168
SOMO00001,REminiscence Vita,6102,10/06/2021, 03:12:09,168
SOMO00001,REminiscence Vita,6102,10/06/2021, 04:14:16,168
SOMO00001,REminiscence Vita,6102,10/06/2021, 05:10:46,168
SOMO00001,REminiscence Vita,6102,10/06/2021, 06:13:40,168
SOMO00001,REminiscence Vita,6102,10/06/2021, 07:11:39,168
SOMO00001,REminiscence Vita,6102,10/06/2021, 08:13:42,168
SOMO00001,REminiscence Vita,6102,10/06/2021, 09:16:03,168
SOMO00001,REminiscence Vita,6103,10/06/2021, 10:12:24,168
SOMO00001,REminiscence Vita,6103,10/06/2021, 11:09:45,168
SOMO00001,REminiscence Vita,6103,10/06/2021, 12:18:02,168
SOMO00001,REminiscence Vita,6103,10/06/2021, 13:32:05,168
SOMO00001,REminiscence Vita,6103,10/06/2021, 14:15:59,168
SOMO00001,REminiscence Vita,6103,10/06/2021, 15:16:13,168
SOMO00001,REminiscence Vita,6103,10/06/2021, 16:14:44,168
SOMO00001,REminiscence Vita,6103,10/06/2021, 17:14:58,168
SOMO00001,REminiscence Vita,6104,10/06/2021, 18:12:58,168
SOMO00001,REminiscence Vita,6105,10/06/2021, 19:09:25,168
SOMO00001,REminiscence Vita,6105,10/06/2021, 20:11:58,168
SOMO00001,REminiscence Vita,6106,10/06/2021, 21:09:48,168
SOMO00001,REminiscence Vita,6106,10/06/2021, 22:11:04,168
SOMO00001,REminiscence Vita,6106,10/06/2021, 23:11:32,168
SOMO00001,REminiscence Vita,6106,10/07/2021, 00:40:45,168
SOMO00001,REminiscence Vita,6106,10/07/2021, 02:00:40,168
SOMO00001,REminiscence Vita,6107,10/07/2021, 02:35:19,168
SOMO00001,REminiscence Vita,6107,10/07/2021, 03:12:19,168
SOMO00001,REminiscence Vita,6107,10/07/2021, 04:14:56,168
SOMO00001,REminiscence Vita,6107,10/07/2021, 05:10:28,168
SOMO00001,REminiscence Vita,6107,10/07/2021, 06:13:30,168
SOMO00001,REminiscence Vita,6107,10/07/2021, 07:11:36,168
SOMO00001,REminiscence Vita,6107,10/07/2021, 08:13:53,168
SOMO00001,REminiscence Vita,6107,10/07/2021, 09:09:52,168
SOMO00001,REminiscence Vita,6107,10/07/2021, 10:12:49,168
SOMO00001,REminiscence Vita,6107,10/07/2021, 11:09:55,168
SOMO00001,REminiscence Vita,6108,10/07/2021, 12:19:25,168
SOMO00001,REminiscence Vita,6108,10/07/2021, 13:22:41,168
SOMO00001,REminiscence Vita,6108,10/07/2021, 14:13:14,168
SOMO00001,REminiscence Vita,6108,10/07/2021, 15:13:42,168
SOMO00001,REminiscence Vita,6108,10/07/2021, 16:14:12,168
SOMO00001,REminiscence Vita,6108,10/07/2021, 17:10:57,168
SOMO00001,REminiscence Vita,6108,10/07/2021, 18:13:16,168
SOMO00001,REminiscence Vita,6108,10/07/2021, 19:09:49,168
SOMO00001,REminiscence Vita,6108,10/07/2021, 20:11:57,168
SOMO00001,REminiscence Vita,6108,10/07/2021, 21:10:02,168
SOMO00001,REminiscence Vita,6109,10/07/2021, 22:11:21,168
SOMO00001,REminiscence Vita,6109,10/07/2021, 23:11:29,168
SOMO00001,REminiscence Vita,6109,10/08/2021, 00:42:05,168
SOMO00001,REminiscence Vita,6109,10/08/2021, 02:01:01,168
SOMO00001,REminiscence Vita,6109,10/08/2021, 03:12:04,168
SOMO00001,REminiscence Vita,6109,10/08/2021, 04:14:37,168
SOMO00001,REminiscence Vita,6109,10/08/2021, 05:10:32,168
SOMO00001,REminiscence Vita,6109,10/08/2021, 06:13:44,168
SOMO00001,REminiscence Vita,6109,10/08/2021, 07:11:43,168
SOMO00001,REminiscence Vita,6109,10/08/2021, 08:14:10,168
SOMO00001,REminiscence Vita,6109,10/08/2021, 09:11:55,168
SOMO00001,REminiscence Vita,6109,10/08/2021, 10:12:36,168
SOMO00001,REminiscence Vita,6109,10/08/2021, 11:11:25,168
SOMO00001,REminiscence Vita,6109,10/08/2021, 12:17:44,168
SOMO00001,REminiscence Vita,6109,10/08/2021, 13:17:39,168
SOMO00001,REminiscence Vita,6110,10/08/2021, 14:10:50,168
SOMO00001,REminiscence Vita,6110,10/08/2021, 15:12:02,168
SOMO00001,REminiscence Vita,6110,10/08/2021, 16:17:01,168
SOMO00001,REminiscence Vita,6110,10/08/2021, 17:18:01,168
SOMO00001,REminiscence Vita,6110,10/08/2021, 18:13:15,168
SOMO00001,REminiscence Vita,6111,10/08/2021, 19:09:32,168
SOMO00001,REminiscence Vita,6111,10/08/2021, 20:11:58,168
SOMO00001,REminiscence Vita,6112,10/08/2021, 21:09:56,168
SOMO00001,REminiscence Vita,6112,10/08/2021, 22:11:09,168
SOMO00001,REminiscence Vita,6112,10/08/2021, 23:11:59,168
SOMO00001,REminiscence Vita,6112,10/09/2021, 00:37:17,168
SOMO00001,REminiscence Vita,6113,10/09/2021, 01:51:59,168
SOMO00001,REminiscence Vita,6113,10/09/2021, 02:24:35,168
SOMO00001,REminiscence Vita,6114,10/09/2021, 03:12:06,168
SOMO00001,REminiscence Vita,6114,10/09/2021, 04:14:28,168
SOMO00001,REminiscence Vita,6114,10/09/2021, 05:10:05,168
SOMO00001,REminiscence Vita,6114,10/09/2021, 06:13:12,168
SOMO00001,REminiscence Vita,6114,10/09/2021, 07:11:14,168
SOMO00001,REminiscence Vita,6114,10/09/2021, 08:12:37,168
SOMO00001,REminiscence Vita,6114,10/09/2021, 09:10:40,168
SOMO00001,REminiscence Vita,6114,10/09/2021, 10:12:10,168
SOMO00001,REminiscence Vita,6114,10/09/2021, 11:09:30,168
SOMO00001,REminiscence Vita,6114,10/09/2021, 12:16:38,168
SOMO00001,REminiscence Vita,6114,10/09/2021, 13:15:27,168
SOMO00001,REminiscence Vita,6114,10/09/2021, 14:10:13,168
SOMO00001,REminiscence Vita,6116,10/09/2021, 15:11:20,168
SOMO00001,REminiscence Vita,6116,10/09/2021, 16:16:05,168
SOMO00001,REminiscence Vita,6117,10/09/2021, 17:14:30,168
SOMO00001,REminiscence Vita,6117,10/09/2021, 18:12:34,168
SOMO00001,REminiscence Vita,6117,10/09/2021, 19:08:59,168
SOMO00001,REminiscence Vita,6117,10/09/2021, 20:11:26,168
SOMO00001,REminiscence Vita,6117,10/09/2021, 21:09:42,168
SOMO00001,REminiscence Vita,6117,10/09/2021, 22:11:00,168
SOMO00001,REminiscence Vita,6117,10/09/2021, 23:11:17,168
SOMO00001,REminiscence Vita,6117,10/10/2021, 00:40:39,168
SOMO00001,REminiscence Vita,6117,10/10/2021, 01:56:09,168
SOMO00001,REminiscence Vita,6117,10/10/2021, 02:25:34,168
SOMO00001,REminiscence Vita,6117,10/10/2021, 03:11:47,168
SOMO00001,REminiscence Vita,6117,10/10/2021, 04:15:08,168
SOMO00001,REminiscence Vita,6117,10/10/2021, 05:10:13,168
SOMO00001,REminiscence Vita,6117,10/10/2021, 06:13:22,168
SOMO00001,REminiscence Vita,6117,10/10/2021, 07:11:06,168
SOMO00001,REminiscence Vita,6118,10/10/2021, 08:13:00,168
SOMO00001,REminiscence Vita,6118,10/10/2021, 09:10:55,168
SOMO00001,REminiscence Vita,6118,10/10/2021, 10:12:00,168
SOMO00001,REminiscence Vita,6118,10/10/2021, 11:09:25,168
SOMO00001,REminiscence Vita,6119,10/10/2021, 12:16:47,168
SOMO00001,REminiscence Vita,6119,10/10/2021, 13:15:24,168
SOMO00001,REminiscence Vita,6119,10/10/2021, 14:10:16,168
SOMO00001,REminiscence Vita,6120,10/10/2021, 15:11:10,168
SOMO00001,REminiscence Vita,6120,10/10/2021, 16:16:16,168
SOMO00001,REminiscence Vita,6120,10/10/2021, 17:14:34,168
SOMO00001,REminiscence Vita,6120,10/10/2021, 18:12:24,168
SOMO00001,REminiscence Vita,6121,10/10/2021, 19:09:05,168
SOMO00001,REminiscence Vita,6121,10/10/2021, 20:11:28,168
SOMO00001,REminiscence Vita,6121,10/10/2021, 21:09:46,168
SOMO00001,REminiscence Vita,6121,10/10/2021, 22:10:49,168
SOMO00001,REminiscence Vita,6121,10/10/2021, 23:11:20,168
SOMO00001,REminiscence Vita,6121,10/11/2021, 00:40:22,168
SOMO00001,REminiscence Vita,6121,10/11/2021, 02:00:29,168
SOMO00001,REminiscence Vita,6121,10/11/2021, 02:34:49,168
SOMO00001,REminiscence Vita,6121,10/11/2021, 03:12:16,168
SOMO00001,REminiscence Vita,6121,10/11/2021, 04:14:27,168
SOMO00001,REminiscence Vita,6121,10/11/2021, 05:10:37,168
SOMO00001,REminiscence Vita,6121,10/11/2021, 06:14:06,168
SOMO00001,REminiscence Vita,6121,10/11/2021, 07:11:52,168
SOMO00001,REminiscence Vita,6121,10/11/2021, 08:13:42,168
SOMO00001,REminiscence Vita,6121,10/11/2021, 09:11:46,168
SOMO00001,REminiscence Vita,6121,10/11/2021, 10:13:08,168
SOMO00001,REminiscence Vita,6121,10/11/2021, 11:09:44,168
SOMO00001,REminiscence Vita,6121,10/11/2021, 12:18:00,168
SOMO00001,REminiscence Vita,6121,10/11/2021, 13:18:29,168
SOMO00001,REminiscence Vita,6121,10/11/2021, 14:10:56,168
SOMO00001,REminiscence Vita,6122,10/11/2021, 15:12:17,168
SOMO00001,REminiscence Vita,6122,10/11/2021, 16:16:50,168
SOMO00001,REminiscence Vita,6122,10/11/2021, 17:16:18,168
SOMO00001,REminiscence Vita,6122,10/11/2021, 18:12:57,168
SOMO00001,REminiscence Vita,6122,10/11/2021, 19:09:20,168
SOMO00001,REminiscence Vita,6122,10/11/2021, 20:11:44,168
SOMO00001,REminiscence Vita,6123,10/11/2021, 21:09:58,168
SOMO00001,REminiscence Vita,6123,10/11/2021, 22:11:16,168
SOMO00001,REminiscence Vita,6123,10/11/2021, 23:11:39,168
SOMO00001,REminiscence Vita,6123,10/12/2021, 00:42:01,168
SOMO00001,REminiscence Vita,6123,10/12/2021, 02:00:05,168
SOMO00001,REminiscence Vita,6123,10/12/2021, 02:33:49,168
SOMO00001,REminiscence Vita,6123,10/12/2021, 03:12:07,168
SOMO00001,REminiscence Vita,6123,10/12/2021, 04:14:50,168
SOMO00001,REminiscence Vita,6123,10/12/2021, 05:10:26,168
SOMO00001,REminiscence Vita,6123,10/12/2021, 06:13:37,168
SOMO00001,REminiscence Vita,6123,10/12/2021, 07:11:35,168
SOMO00001,REminiscence Vita,6123,10/12/2021, 08:13:59,168
SOMO00001,REminiscence Vita,6124,10/12/2021, 09:11:33,168
SOMO00001,REminiscence Vita,6125,10/12/2021, 10:14:24,168
SOMO00001,REminiscence Vita,6125,10/12/2021, 11:09:45,168
SOMO00001,REminiscence Vita,6125,10/12/2021, 12:18:22,168
SOMO00001,REminiscence Vita,6125,10/12/2021, 13:18:55,168
SOMO00001,REminiscence Vita,6125,10/12/2021, 14:16:01,168
SOMO00001,REminiscence Vita,6125,10/12/2021, 15:18:07,168
SOMO00001,REminiscence Vita,6125,10/12/2021, 16:21:14,168
SOMO00001,REminiscence Vita,6125,10/12/2021, 17:16:09,168
SOMO00001,REminiscence Vita,6125,10/12/2021, 18:13:05,168
SOMO00001,REminiscence Vita,6125,10/12/2021, 19:09:24,168
SOMO00001,REminiscence Vita,6125,10/12/2021, 20:12:06,168
SOMO00001,REminiscence Vita,6125,10/12/2021, 21:10:13,168
SOMO00001,REminiscence Vita,6125,10/12/2021, 22:11:23,168
SOMO00001,REminiscence Vita,6125,10/12/2021, 23:11:37,168
SOMO00001,REminiscence Vita,6125,10/13/2021, 00:40:03,168
SOMO00001,REminiscence Vita,6125,10/13/2021, 02:01:00,168
SOMO00001,REminiscence Vita,6125,10/13/2021, 03:12:32,168
SOMO00001,REminiscence Vita,6125,10/13/2021, 04:14:41,168
SOMO00001,REminiscence Vita,6125,10/13/2021, 05:10:31,168
SOMO00001,REminiscence Vita,6126,10/13/2021, 06:13:55,168
SOMO00001,REminiscence Vita,6126,10/13/2021, 07:11:46,168
SOMO00001,REminiscence Vita,6126,10/13/2021, 08:13:56,168
SOMO00001,REminiscence Vita,6126,10/13/2021, 09:16:05,168
SOMO00001,REminiscence Vita,6126,10/13/2021, 10:12:33,168
SOMO00001,REminiscence Vita,6126,10/13/2021, 11:09:46,168
SOMO00001,REminiscence Vita,6126,10/13/2021, 12:18:02,168
SOMO00001,REminiscence Vita,6126,10/13/2021, 13:18:33,168
SOMO00001,REminiscence Vita,6126,10/13/2021, 14:16:01,168
SOMO00001,REminiscence Vita,6126,10/13/2021, 15:17:03,168
SOMO00001,REminiscence Vita,6126,10/13/2021, 16:16:59,168
SOMO00001,REminiscence Vita,6127,10/13/2021, 17:16:08,168
SOMO00001,REminiscence Vita,6127,10/13/2021, 18:13:27,168
SOMO00001,REminiscence Vita,6127,10/13/2021, 19:09:26,168
SOMO00001,REminiscence Vita,6127,10/13/2021, 20:11:58,168
SOMO00001,REminiscence Vita,6127,10/13/2021, 21:10:09,168
SOMO00001,REminiscence Vita,6127,10/13/2021, 22:11:24,168
SOMO00001,REminiscence Vita,6127,10/13/2021, 23:11:36,168
SOMO00001,REminiscence Vita,6127,10/14/2021, 00:37:33,168
SOMO00001,REminiscence Vita,6128,10/14/2021, 01:57:42,168
SOMO00001,REminiscence Vita,6129,10/14/2021, 02:28:14,168
SOMO00001,REminiscence Vita,6129,10/14/2021, 03:12:13,168
SOMO00001,REminiscence Vita,6129,10/14/2021, 04:14:37,168
SOMO00001,REminiscence Vita,6129,10/14/2021, 05:10:23,168
SOMO00001,REminiscence Vita,6129,10/14/2021, 06:13:35,168
SOMO00001,REminiscence Vita,6129,10/14/2021, 07:11:51,168
SOMO00001,REminiscence Vita,6129,10/14/2021, 08:18:06,168
SOMO00001,REminiscence Vita,6129,10/14/2021, 09:12:28,168
SOMO00001,REminiscence Vita,6129,10/14/2021, 10:12:37,168
SOMO00001,REminiscence Vita,6129,10/14/2021, 11:10:06,168
SOMO00001,REminiscence Vita,6129,10/14/2021, 12:17:47,168
SOMO00001,REminiscence Vita,6129,10/14/2021, 13:18:03,168
SOMO00001,REminiscence Vita,6129,10/14/2021, 14:11:08,168
SOMO00001,REminiscence Vita,6129,10/14/2021, 15:17:01,168
SOMO00001,REminiscence Vita,6129,10/14/2021, 16:16:55,168
SOMO00001,REminiscence Vita,6129,10/14/2021, 17:16:54,168
SOMO00001,REminiscence Vita,6129,10/14/2021, 18:13:12,168
SOMO00001,REminiscence Vita,6129,10/14/2021, 19:09:37,168
SOMO00001,REminiscence Vita,6129,10/14/2021, 20:11:55,168
SOMO00001,REminiscence Vita,6129,10/14/2021, 21:10:00,168
SOMO00001,REminiscence Vita,6131,10/14/2021, 22:12:26,168
SOMO00001,REminiscence Vita,6131,10/14/2021, 23:11:36,168
SOMO00001,REminiscence Vita,6133,10/15/2021, 00:41:50,168
SOMO00001,REminiscence Vita,6133,10/15/2021, 01:58:38,168
SOMO00001,REminiscence Vita,6133,10/15/2021, 02:30:31,168
SOMO00001,REminiscence Vita,6133,10/15/2021, 03:12:10,168
SOMO00001,REminiscence Vita,6133,10/15/2021, 04:14:51,168
SOMO00001,REminiscence Vita,6133,10/15/2021, 05:10:28,168
SOMO00001,REminiscence Vita,6133,10/15/2021, 06:13:51,168
SOMO00001,REminiscence Vita,6133,10/15/2021, 07:11:50,168
SOMO00001,REminiscence Vita,6133,10/15/2021, 08:13:59,168
SOMO00001,REminiscence Vita,6133,10/15/2021, 09:11:33,168
SOMO00001,REminiscence Vita,6133,10/15/2021, 10:12:43,168
SOMO00001,REminiscence Vita,6133,10/15/2021, 11:09:46,168
SOMO00001,REminiscence Vita,6133,10/15/2021, 12:18:19,168
SOMO00001,REminiscence Vita,6134,10/15/2021, 13:18:19,168
SOMO00001,REminiscence Vita,6134,10/15/2021, 14:14:21,168
SOMO00001,REminiscence Vita,6134,10/15/2021, 15:12:03,168
SOMO00001,REminiscence Vita,6134,10/15/2021, 16:17:30,168
SOMO00001,REminiscence Vita,6134,10/15/2021, 17:16:30,168
SOMO00001,REminiscence Vita,6134,10/15/2021, 18:13:14,168
SOMO00001,REminiscence Vita,6135,10/15/2021, 19:09:24,168
SOMO00001,REminiscence Vita,6136,10/15/2021, 20:12:08,168
SOMO00001,REminiscence Vita,6136,10/15/2021, 21:10:10,168
SOMO00001,REminiscence Vita,6137,10/15/2021, 22:11:26,168
SOMO00001,REminiscence Vita,6138,10/15/2021, 23:12:13,168
SOMO00001,REminiscence Vita,6138,10/16/2021, 00:42:59,168
SOMO00001,REminiscence Vita,6138,10/16/2021, 02:01:20,168
SOMO00001,REminiscence Vita,6138,10/16/2021, 03:11:43,168
SOMO00001,REminiscence Vita,6138,10/16/2021, 04:14:27,168
SOMO00001,REminiscence Vita,6138,10/16/2021, 05:10:04,168
SOMO00001,REminiscence Vita,6138,10/16/2021, 06:13:29,168
SOMO00001,REminiscence Vita,6138,10/16/2021, 07:11:16,168
SOMO00001,REminiscence Vita,6138,10/16/2021, 08:13:22,168
SOMO00001,REminiscence Vita,6138,10/16/2021, 09:10:48,168
SOMO00001,REminiscence Vita,6138,10/16/2021, 10:12:18,168
SOMO00001,REminiscence Vita,6138,10/16/2021, 11:09:24,168
SOMO00001,REminiscence Vita,6138,10/16/2021, 12:17:18,168
SOMO00001,REminiscence Vita,6138,10/16/2021, 13:15:44,168
SOMO00001,REminiscence Vita,6138,10/16/2021, 14:10:25,168
SOMO00001,REminiscence Vita,6138,10/16/2021, 15:11:33,168
SOMO00001,REminiscence Vita,6139,10/16/2021, 16:16:09,168
SOMO00001,REminiscence Vita,6139,10/16/2021, 17:14:52,168
SOMO00001,REminiscence Vita,6139,10/16/2021, 18:12:36,168
SOMO00001,REminiscence Vita,6139,10/16/2021, 19:09:05,168
SOMO00001,REminiscence Vita,6139,10/16/2021, 20:11:13,168
SOMO00001,REminiscence Vita,6139,10/16/2021, 21:10:00,168
SOMO00001,REminiscence Vita,6139,10/16/2021, 22:10:59,168
SOMO00001,REminiscence Vita,6139,10/16/2021, 23:11:38,168
SOMO00001,REminiscence Vita,6139,10/17/2021, 00:39:23,168
SOMO00001,REminiscence Vita,6139,10/17/2021, 01:56:37,168
SOMO00001,REminiscence Vita,6139,10/17/2021, 02:26:40,168
SOMO00001,REminiscence Vita,6139,10/17/2021, 03:12:02,168
SOMO00001,REminiscence Vita,6140,10/17/2021, 04:14:42,168
SOMO00001,REminiscence Vita,6140,10/17/2021, 05:10:11,168
SOMO00001,REminiscence Vita,6140,10/17/2021, 06:13:31,168
SOMO00001,REminiscence Vita,6140,10/17/2021, 07:11:31,168
SOMO00001,REminiscence Vita,6140,10/17/2021, 08:13:15,168
SOMO00001,REminiscence Vita,6140,10/17/2021, 09:10:56,168
SOMO00001,REminiscence Vita,6141,10/17/2021, 10:12:05,168
SOMO00001,REminiscence Vita,6141,10/17/2021, 11:09:16,168
SOMO00001,REminiscence Vita,6141,10/17/2021, 12:16:43,168
SOMO00001,REminiscence Vita,6141,10/17/2021, 13:15:47,168
SOMO00001,REminiscence Vita,6142,10/17/2021, 14:10:37,168
SOMO00001,REminiscence Vita,6142,10/17/2021, 15:11:33,168
SOMO00001,REminiscence Vita,6142,10/17/2021, 16:16:17,168
SOMO00001,REminiscence Vita,6143,10/17/2021, 17:15:22,168
SOMO00001,REminiscence Vita,6143,10/17/2021, 18:12:36,168
SOMO00001,REminiscence Vita,6144,10/17/2021, 19:09:32,168
SOMO00001,REminiscence Vita,6144,10/17/2021, 20:11:39,168
SOMO00001,REminiscence Vita,6144,10/17/2021, 21:09:44,168
SOMO00001,REminiscence Vita,6144,10/17/2021, 22:10:57,168
SOMO00001,REminiscence Vita,6144,10/17/2021, 23:11:39,168
SOMO00001,REminiscence Vita,6144,10/18/2021, 00:41:22,168
SOMO00001,REminiscence Vita,6144,10/18/2021, 02:04:11,168
SOMO00001,REminiscence Vita,6144,10/18/2021, 03:12:21,168
SOMO00001,REminiscence Vita,6144,10/18/2021, 04:14:50,168
SOMO00001,REminiscence Vita,6144,10/18/2021, 05:11:36,168
SOMO00001,REminiscence Vita,6144,10/18/2021, 06:14:12,168
SOMO00001,REminiscence Vita,6144,10/18/2021, 07:12:09,168
SOMO00001,REminiscence Vita,6145,10/18/2021, 08:17:53,168
SOMO00001,REminiscence Vita,6145,10/18/2021, 09:17:06,168
SOMO00001,REminiscence Vita,6145,10/18/2021, 10:14:51,168
SOMO00001,REminiscence Vita,6145,10/18/2021, 11:10:23,168
SOMO00001,REminiscence Vita,6145,10/18/2021, 12:18:32,168
SOMO00001,REminiscence Vita,6146,10/18/2021, 13:21:58,168
SOMO00001,REminiscence Vita,6146,10/18/2021, 14:12:53,168
SOMO00001,REminiscence Vita,6146,10/18/2021, 15:17:04,168
SOMO00001,REminiscence Vita,6146,10/18/2021, 16:18:06,168
SOMO00001,REminiscence Vita,6146,10/18/2021, 17:18:07,168
SOMO00001,REminiscence Vita,6146,10/18/2021, 18:13:30,168
SOMO00001,REminiscence Vita,6146,10/18/2021, 19:09:32,168
SOMO00001,REminiscence Vita,6146,10/18/2021, 20:12:10,168
SOMO00001,REminiscence Vita,6148,10/18/2021, 21:10:00,168
SOMO00001,REminiscence Vita,6148,10/18/2021, 22:11:22,168
SOMO00001,REminiscence Vita,6149,10/18/2021, 23:12:00,168
SOMO00001,REminiscence Vita,6149,10/19/2021, 00:40:30,168
SOMO00001,REminiscence Vita,6149,10/19/2021, 01:59:01,168
SOMO00001,REminiscence Vita,6150,10/19/2021, 02:32:37,168
SOMO00001,REminiscence Vita,6151,10/19/2021, 03:12:28,168
SOMO00001,REminiscence Vita,6151,10/19/2021, 04:14:52,168
SOMO00001,REminiscence Vita,6151,10/19/2021, 05:10:31,168
SOMO00001,REminiscence Vita,6151,10/19/2021, 06:13:57,168
SOMO00001,REminiscence Vita,6151,10/19/2021, 07:11:49,168
SOMO00001,REminiscence Vita,6151,10/19/2021, 08:19:07,168
SOMO00001,REminiscence Vita,6151,10/19/2021, 09:16:02,168
SOMO00001,REminiscence Vita,6152,10/19/2021, 10:13:14,168
SOMO00001,REminiscence Vita,6152,10/19/2021, 11:09:47,168
SOMO00001,REminiscence Vita,6152,10/19/2021, 12:19:15,168
SOMO00001,REminiscence Vita,6152,10/19/2021, 13:23:03,168
SOMO00001,REminiscence Vita,6152,10/19/2021, 14:16:08,168
SOMO00001,REminiscence Vita,6152,10/19/2021, 15:16:58,168
SOMO00001,REminiscence Vita,6153,10/19/2021, 16:17:12,168
SOMO00001,REminiscence Vita,6155,10/19/2021, 17:16:48,168
SOMO00001,REminiscence Vita,6155,10/19/2021, 18:13:15,168
SOMO00001,REminiscence Vita,6155,10/19/2021, 19:09:41,168
SOMO00001,REminiscence Vita,6155,10/19/2021, 20:12:00,168
SOMO00001,REminiscence Vita,6156,10/19/2021, 21:10:16,168
SOMO00001,REminiscence Vita,6156,10/19/2021, 22:11:15,168
SOMO00001,REminiscence Vita,6156,10/19/2021, 23:11:46,168
SOMO00001,REminiscence Vita,6156,10/20/2021, 00:40:44,168
SOMO00001,REminiscence Vita,6156,10/20/2021, 02:00:38,168
SOMO00001,REminiscence Vita,6156,10/20/2021, 02:35:48,168
SOMO00001,REminiscence Vita,6156,10/20/2021, 03:12:24,168
SOMO00001,REminiscence Vita,6156,10/20/2021, 04:15:04,168
SOMO00001,REminiscence Vita,6156,10/20/2021, 05:10:36,168
SOMO00001,REminiscence Vita,6156,10/20/2021, 06:14:08,168
SOMO00001,REminiscence Vita,6156,10/20/2021, 07:11:51,168
SOMO00001,REminiscence Vita,6156,10/20/2021, 08:13:47,168
SOMO00001,REminiscence Vita,6156,10/20/2021, 09:16:01,168
SOMO00001,REminiscence Vita,6156,10/20/2021, 10:18:05,168
SOMO00001,REminiscence Vita,6156,10/20/2021, 11:09:58,168
SOMO00001,REminiscence Vita,6156,10/20/2021, 12:18:21,168
SOMO00001,REminiscence Vita,6156,10/20/2021, 13:22:38,168
SOMO00001,REminiscence Vita,6156,10/20/2021, 14:16:04,168
SOMO00001,REminiscence Vita,6157,10/20/2021, 15:17:08,168
SOMO00001,REminiscence Vita,6157,10/20/2021, 16:19:10,168
SOMO00001,REminiscence Vita,6157,10/20/2021, 17:17:29,168
SOMO00001,REminiscence Vita,6157,10/20/2021, 18:12:49,168
SOMO00001,REminiscence Vita,6157,10/20/2021, 19:09:52,168
SOMO00001,REminiscence Vita,6158,10/20/2021, 20:11:58,168
SOMO00001,REminiscence Vita,6158,10/20/2021, 21:10:17,168
SOMO00001,REminiscence Vita,6158,10/20/2021, 22:11:32,168
SOMO00001,REminiscence Vita,6158,10/20/2021, 23:12:06,168
SOMO00001,REminiscence Vita,6158,10/21/2021, 00:44:52,168
SOMO00001,REminiscence Vita,6158,10/21/2021, 02:05:33,168
SOMO00001,REminiscence Vita,6158,10/21/2021, 03:12:13,168
SOMO00001,REminiscence Vita,6158,10/21/2021, 04:15:23,168
SOMO00001,REminiscence Vita,6158,10/21/2021, 05:10:32,168
SOMO00001,REminiscence Vita,6158,10/21/2021, 06:14:05,168
SOMO00001,REminiscence Vita,6158,10/21/2021, 07:11:50,168
SOMO00001,REminiscence Vita,6158,10/21/2021, 08:13:55,168
SOMO00001,REminiscence Vita,6158,10/21/2021, 09:16:21,168
SOMO00001,REminiscence Vita,6158,10/21/2021, 10:13:46,168
SOMO00001,REminiscence Vita,6159,10/21/2021, 11:15:01,168
SOMO00001,REminiscence Vita,6159,10/21/2021, 12:19:28,168
SOMO00001,REminiscence Vita,6159,10/21/2021, 13:24:23,168
SOMO00001,REminiscence Vita,6159,10/21/2021, 14:15:45,168
SOMO00001,REminiscence Vita,6159,10/21/2021, 15:15:11,168
SOMO00001,REminiscence Vita,6160,10/21/2021, 16:31:26,168
SOMO00001,REminiscence Vita,6160,10/21/2021, 17:20:02,168
SOMO00001,REminiscence Vita,6160,10/21/2021, 18:13:35,168
SOMO00001,REminiscence Vita,6160,10/21/2021, 19:09:43,168
SOMO00001,REminiscence Vita,6161,10/21/2021, 20:12:41,168
SOMO00001,REminiscence Vita,6161,10/21/2021, 21:10:17,168
SOMO00001,REminiscence Vita,6162,10/21/2021, 22:11:29,168
SOMO00001,REminiscence Vita,6162,10/21/2021, 23:11:59,168
SOMO00001,REminiscence Vita,6162,10/22/2021, 00:43:56,168
SOMO00001,REminiscence Vita,6162,10/22/2021, 02:06:53,168
SOMO00001,REminiscence Vita,6162,10/22/2021, 03:12:27,168
SOMO00001,REminiscence Vita,6162,10/22/2021, 04:14:47,168
SOMO00001,REminiscence Vita,6162,10/22/2021, 05:10:40,168
SOMO00001,REminiscence Vita,6162,10/22/2021, 06:14:07,168
SOMO00001,REminiscence Vita,6162,10/22/2021, 07:12:13,168
SOMO00001,REminiscence Vita,6162,10/22/2021, 08:14:00,168
SOMO00001,REminiscence Vita,6162,10/22/2021, 09:16:15,168
SOMO00001,REminiscence Vita,6162,10/22/2021, 10:12:57,168
SOMO00001,REminiscence Vita,6162,10/22/2021, 11:09:39,168
SOMO00001,REminiscence Vita,6162,10/22/2021, 12:18:30,168
SOMO00001,REminiscence Vita,6162,10/22/2021, 13:19:26,168
SOMO00001,REminiscence Vita,6162,10/22/2021, 14:16:01,168
SOMO00001,REminiscence Vita,6164,10/22/2021, 15:16:58,168
SOMO00001,REminiscence Vita,6165,10/22/2021, 16:17:34,168
SOMO00001,REminiscence Vita,6165,10/22/2021, 17:17:12,168
SOMO00001,REminiscence Vita,6165,10/22/2021, 18:13:23,168
SOMO00001,REminiscence Vita,6165,10/22/2021, 19:09:50,168
SOMO00001,REminiscence Vita,6165,10/22/2021, 20:12:28,168
SOMO00001,REminiscence Vita,6165,10/22/2021, 21:10:16,168
SOMO00001,REminiscence Vita,6165,10/22/2021, 22:11:45,168
SOMO00001,REminiscence Vita,6165,10/22/2021, 23:11:49,168
SOMO00001,REminiscence Vita,6165,10/23/2021, 00:42:32,168
SOMO00001,REminiscence Vita,6165,10/23/2021, 01:59:21,168
SOMO00001,REminiscence Vita,6165,10/23/2021, 02:35:11,168
SOMO00001,REminiscence Vita,6166,10/23/2021, 03:12:09,168
SOMO00001,REminiscence Vita,6166,10/23/2021, 04:14:38,168
SOMO00001,REminiscence Vita,6166,10/23/2021, 05:10:21,168
SOMO00001,REminiscence Vita,6166,10/23/2021, 06:13:29,168
SOMO00001,REminiscence Vita,6166,10/23/2021, 07:11:23,168
SOMO00001,REminiscence Vita,6166,10/23/2021, 08:13:22,168
SOMO00001,REminiscence Vita,6166,10/23/2021, 09:11:33,168
SOMO00001,REminiscence Vita,6166,10/23/2021, 10:12:09,168
SOMO00001,REminiscence Vita,6166,10/23/2021, 11:09:50,168
SOMO00001,REminiscence Vita,6166,10/23/2021, 12:17:13,168
SOMO00001,REminiscence Vita,6167,10/23/2021, 13:16:10,168
SOMO00001,REminiscence Vita,6167,10/23/2021, 14:10:20,168
SOMO00001,REminiscence Vita,6167,10/23/2021, 15:11:29,168
SOMO00001,REminiscence Vita,6167,10/23/2021, 16:16:19,168
SOMO00001,REminiscence Vita,6167,10/23/2021, 17:15:13,168
SOMO00001,REminiscence Vita,6167,10/23/2021, 18:12:41,168
SOMO00001,REminiscence Vita,6167,10/23/2021, 19:09:25,168
SOMO00001,REminiscence Vita,6167,10/23/2021, 20:11:50,168
SOMO00001,REminiscence Vita,6167,10/23/2021, 21:10:04,168
SOMO00001,REminiscence Vita,6167,10/23/2021, 22:11:04,168
SOMO00001,REminiscence Vita,6167,10/23/2021, 23:11:26,168
SOMO00001,REminiscence Vita,6167,10/24/2021, 00:39:39,168
SOMO00001,REminiscence Vita,6167,10/24/2021, 01:57:04,168
SOMO00001,REminiscence Vita,6167,10/24/2021, 02:27:53,168
SOMO00001,REminiscence Vita,6167,10/24/2021, 03:12:08,168
SOMO00001,REminiscence Vita,6167,10/24/2021, 04:14:55,168
SOMO00001,REminiscence Vita,6167,10/24/2021, 05:10:18,168
SOMO00001,REminiscence Vita,6167,10/24/2021, 06:13:25,168
SOMO00001,REminiscence Vita,6167,10/24/2021, 07:11:27,168
SOMO00001,REminiscence Vita,6167,10/24/2021, 08:13:16,168
SOMO00001,REminiscence Vita,6167,10/24/2021, 09:11:11,168
SOMO00001,REminiscence Vita,6167,10/24/2021, 10:12:22,168
SOMO00001,REminiscence Vita,6167,10/24/2021, 11:09:34,168
SOMO00001,REminiscence Vita,6168,10/24/2021, 12:17:29,168
SOMO00001,REminiscence Vita,6168,10/24/2021, 13:16:02,168
SOMO00001,REminiscence Vita,6168,10/24/2021, 14:10:34,168
SOMO00001,REminiscence Vita,6168,10/24/2021, 15:11:45,168
SOMO00001,REminiscence Vita,6168,10/24/2021, 16:16:30,168
SOMO00001,REminiscence Vita,6168,10/24/2021, 17:15:37,168
SOMO00001,REminiscence Vita,6168,10/24/2021, 18:12:50,168
SOMO00001,REminiscence Vita,6168,10/24/2021, 19:09:17,168
SOMO00001,REminiscence Vita,6168,10/24/2021, 20:11:32,168
SOMO00001,REminiscence Vita,6169,10/24/2021, 21:09:54,168
SOMO00001,REminiscence Vita,6169,10/24/2021, 22:11:03,168
SOMO00001,REminiscence Vita,6169,10/24/2021, 23:11:43,168
SOMO00001,REminiscence Vita,6169,10/25/2021, 00:41:49,168
SOMO00001,REminiscence Vita,6170,10/25/2021, 01:57:39,168
SOMO00001,REminiscence Vita,6171,10/25/2021, 02:29:53,168
SOMO00001,REminiscence Vita,6171,10/25/2021, 03:12:38,168
SOMO00001,REminiscence Vita,6171,10/25/2021, 04:14:57,168
SOMO00001,REminiscence Vita,6171,10/25/2021, 05:10:39,168
SOMO00001,REminiscence Vita,6171,10/25/2021, 06:14:23,168
SOMO00001,REminiscence Vita,6171,10/25/2021, 07:12:19,168
SOMO00001,REminiscence Vita,6171,10/25/2021, 08:14:29,168
SOMO00001,REminiscence Vita,6171,10/25/2021, 09:17:24,168
SOMO00001,REminiscence Vita,6171,10/25/2021, 10:18:06,168
SOMO00001,REminiscence Vita,6171,10/25/2021, 11:10:01,168
SOMO00001,REminiscence Vita,6171,10/25/2021, 12:19:42,168
SOMO00001,REminiscence Vita,6171,10/25/2021, 13:20:09,168
SOMO00001,REminiscence Vita,6171,10/25/2021, 14:13:44,168
SOMO00001,REminiscence Vita,6172,10/25/2021, 15:15:04,168
SOMO00001,REminiscence Vita,6173,10/25/2021, 16:22:00,168
SOMO00001,REminiscence Vita,6173,10/25/2021, 17:17:11,168
SOMO00001,REminiscence Vita,6173,10/25/2021, 18:13:25,168
SOMO00001,REminiscence Vita,6174,10/25/2021, 19:09:51,168
SOMO00001,REminiscence Vita,6175,10/25/2021, 20:12:17,168
SOMO00001,REminiscence Vita,6175,10/25/2021, 21:12:52,168
SOMO00001,REminiscence Vita,6175,10/25/2021, 22:11:54,168
SOMO00001,REminiscence Vita,6176,10/25/2021, 23:11:55,168
SOMO00001,REminiscence Vita,6177,10/26/2021, 00:37:51,168
SOMO00001,REminiscence Vita,6177,10/26/2021, 01:53:14,168
SOMO00001,REminiscence Vita,6177,10/26/2021, 02:24:18,168
SOMO00001,REminiscence Vita,6177,10/26/2021, 03:12:38,168
SOMO00001,REminiscence Vita,6177,10/26/2021, 04:14:59,168
SOMO00001,REminiscence Vita,6177,10/26/2021, 05:10:41,168
SOMO00001,REminiscence Vita,6177,10/26/2021, 06:14:17,168
SOMO00001,REminiscence Vita,6177,10/26/2021, 07:12:06,168
SOMO00001,REminiscence Vita,6177,10/26/2021, 08:15:16,168
SOMO00001,REminiscence Vita,6177,10/26/2021, 09:13:14,168
SOMO00001,REminiscence Vita,6177,10/26/2021, 10:18:06,168
SOMO00001,REminiscence Vita,6177,10/26/2021, 11:09:55,168
SOMO00001,REminiscence Vita,6177,10/26/2021, 12:22:58,168
SOMO00001,REminiscence Vita,6177,10/26/2021, 13:23:10,168
SOMO00001,REminiscence Vita,6177,10/26/2021, 14:16:09,168
SOMO00001,REminiscence Vita,6177,10/26/2021, 15:17:09,168
SOMO00001,REminiscence Vita,6177,10/26/2021, 16:22:04,168
SOMO00001,REminiscence Vita,6177,10/26/2021, 17:17:24,168
SOMO00001,REminiscence Vita,6177,10/26/2021, 18:13:37,168
SOMO00001,REminiscence Vita,6177,10/26/2021, 19:09:42,168
SOMO00001,REminiscence Vita,6177,10/26/2021, 20:12:25,168
SOMO00001,REminiscence Vita,6177,10/26/2021, 21:10:27,168
SOMO00001,REminiscence Vita,6178,10/26/2021, 22:11:49,168
SOMO00001,REminiscence Vita,6178,10/26/2021, 23:11:59,168
SOMO00001,REminiscence Vita,6178,10/27/2021, 00:37:54,168
SOMO00001,REminiscence Vita,6178,10/27/2021, 01:53:11,168
SOMO00001,REminiscence Vita,6178,10/27/2021, 02:24:47,168
SOMO00001,REminiscence Vita,6178,10/27/2021, 03:12:33,168
SOMO00001,REminiscence Vita,6180,10/27/2021, 04:15:08,168
SOMO00001,REminiscence Vita,6180,10/27/2021, 05:10:37,168
SOMO00001,REminiscence Vita,6180,10/27/2021, 06:14:04,168
SOMO00001,REminiscence Vita,6180,10/27/2021, 07:12:14,168
SOMO00001,REminiscence Vita,6180,10/27/2021, 08:18:26,168
SOMO00001,REminiscence Vita,6180,10/27/2021, 09:17:13,168
SOMO00001,REminiscence Vita,6180,10/27/2021, 10:15:01,168
SOMO00001,REminiscence Vita,6180,10/27/2021, 11:11:21,168
SOMO00001,REminiscence Vita,6180,10/27/2021, 12:22:39,168
SOMO00001,REminiscence Vita,6180,10/27/2021, 13:23:08,168
SOMO00001,REminiscence Vita,6180,10/27/2021, 14:13:21,168
SOMO00001,REminiscence Vita,6180,10/27/2021, 15:17:05,168
SOMO00001,REminiscence Vita,6180,10/27/2021, 16:22:00,168
SOMO00001,REminiscence Vita,6180,10/27/2021, 17:17:29,168
SOMO00001,REminiscence Vita,6180,10/27/2021, 18:13:32,168
SOMO00001,REminiscence Vita,6180,10/27/2021, 19:09:59,168
SOMO00001,REminiscence Vita,6180,10/27/2021, 20:12:18,168
SOMO00001,REminiscence Vita,6180,10/27/2021, 21:10:31,168
SOMO00001,REminiscence Vita,6181,10/27/2021, 22:11:58,168
SOMO00001,REminiscence Vita,6181,10/27/2021, 23:12:15,168
SOMO00001,REminiscence Vita,6181,10/28/2021, 00:38:20,168
SOMO00001,REminiscence Vita,6181,10/28/2021, 01:53:27,168
SOMO00001,REminiscence Vita,6181,10/28/2021, 02:25:09,168
SOMO00001,REminiscence Vita,6181,10/28/2021, 03:12:43,168
SOMO00001,REminiscence Vita,6181,10/28/2021, 04:14:53,168
SOMO00001,REminiscence Vita,6181,10/28/2021, 05:10:42,168
SOMO00001,REminiscence Vita,6181,10/28/2021, 06:14:22,168
SOMO00001,REminiscence Vita,6181,10/28/2021, 07:12:15,168
SOMO00001,REminiscence Vita,6181,10/28/2021, 08:14:36,168
SOMO00001,REminiscence Vita,6181,10/28/2021, 09:14:55,168
SOMO00001,REminiscence Vita,6181,10/28/2021, 10:17:40,168
SOMO00001,REminiscence Vita,6181,10/28/2021, 11:10:09,168
SOMO00001,REminiscence Vita,6181,10/28/2021, 12:18:23,168
SOMO00001,REminiscence Vita,6181,10/28/2021, 13:23:00,168
SOMO00001,REminiscence Vita,6181,10/28/2021, 14:11:35,168
SOMO00001,REminiscence Vita,6181,10/28/2021, 15:17:09,168
SOMO00001,REminiscence Vita,6181,10/28/2021, 16:22:18,168
SOMO00001,REminiscence Vita,6181,10/28/2021, 17:19:33,168
SOMO00001,REminiscence Vita,6181,10/28/2021, 18:16:54,168
SOMO00001,REminiscence Vita,6181,10/28/2021, 19:10:51,168
SOMO00001,REminiscence Vita,6181,10/28/2021, 20:17:04,168
SOMO00001,REminiscence Vita,6181,10/28/2021, 21:10:33,168
SOMO00001,REminiscence Vita,6181,10/28/2021, 22:10:34,168
SOMO00001,REminiscence Vita,6181,10/28/2021, 23:11:59,168
SOMO00001,REminiscence Vita,6181,10/29/2021, 00:36:43,168
SOMO00001,REminiscence Vita,6181,10/29/2021, 01:53:19,168
SOMO00001,REminiscence Vita,6181,10/29/2021, 02:24:55,168
SOMO00001,REminiscence Vita,6181,10/29/2021, 03:13:02,168
SOMO00001,REminiscence Vita,6181,10/29/2021, 04:15:06,168
SOMO00001,REminiscence Vita,6181,10/29/2021, 05:10:44,168
SOMO00001,REminiscence Vita,6181,10/29/2021, 06:14:20,168
SOMO00001,REminiscence Vita,6181,10/29/2021, 07:12:20,168
SOMO00001,REminiscence Vita,6181,10/29/2021, 08:14:11,168
SOMO00001,REminiscence Vita,6181,10/29/2021, 09:15:59,168
SOMO00001,REminiscence Vita,6181,10/29/2021, 10:12:58,168
SOMO00001,REminiscence Vita,6181,10/29/2021, 11:10:35,168
SOMO00001,REminiscence Vita,6181,10/29/2021, 12:18:33,168
SOMO00001,REminiscence Vita,6181,10/29/2021, 13:21:21,168
SOMO00001,REminiscence Vita,6181,10/29/2021, 14:16:06,168
SOMO00001,REminiscence Vita,6181,10/29/2021, 15:17:02,168
SOMO00001,REminiscence Vita,6181,10/29/2021, 16:19:23,168
SOMO00001,REminiscence Vita,6181,10/29/2021, 17:15:51,168
SOMO00001,REminiscence Vita,6181,10/29/2021, 18:13:36,168
SOMO00001,REminiscence Vita,6181,10/29/2021, 19:08:44,168
SOMO00001,REminiscence Vita,6181,10/29/2021, 20:12:06,168
SOMO00001,REminiscence Vita,6181,10/29/2021, 21:10:17,168
SOMO00001,REminiscence Vita,6181,10/29/2021, 22:11:26,168
SOMO00001,REminiscence Vita,6181,10/29/2021, 23:12:11,168
SOMO00001,REminiscence Vita,6181,10/30/2021, 00:37:21,168
SOMO00001,REminiscence Vita,6182,10/30/2021, 01:52:14,168
SOMO00001,REminiscence Vita,6182,10/30/2021, 02:25:21,168
SOMO00001,REminiscence Vita,6182,10/30/2021, 03:12:30,168
SOMO00001,REminiscence Vita,6182,10/30/2021, 04:14:44,168
SOMO00001,REminiscence Vita,6182,10/30/2021, 05:10:07,168
SOMO00001,REminiscence Vita,6182,10/30/2021, 06:13:39,168
SOMO00001,REminiscence Vita,6182,10/30/2021, 07:11:31,168
SOMO00001,REminiscence Vita,6182,10/30/2021, 08:13:33,168
SOMO00001,REminiscence Vita,6182,10/30/2021, 09:11:08,168
SOMO00001,REminiscence Vita,6182,10/30/2021, 10:12:21,168
SOMO00001,REminiscence Vita,6182,10/30/2021, 11:09:42,168
SOMO00001,REminiscence Vita,6182,10/30/2021, 12:17:10,168
SOMO00001,REminiscence Vita,6182,10/30/2021, 13:16:13,168
SOMO00001,REminiscence Vita,6182,10/30/2021, 14:10:21,168
SOMO00001,REminiscence Vita,6182,10/30/2021, 15:11:30,168
SOMO00001,REminiscence Vita,6182,10/30/2021, 16:16:26,168
SOMO00001,REminiscence Vita,6182,10/30/2021, 17:15:39,168
SOMO00001,REminiscence Vita,6182,10/30/2021, 18:12:50,168
SOMO00001,REminiscence Vita,6182,10/30/2021, 19:09:32,168
SOMO00001,REminiscence Vita,6182,10/30/2021, 20:11:57,168
SOMO00001,REminiscence Vita,6182,10/30/2021, 21:10:11,168
SOMO00001,REminiscence Vita,6182,10/30/2021, 22:11:01,168
SOMO00001,REminiscence Vita,6182,10/30/2021, 23:11:42,168
SOMO00001,REminiscence Vita,6182,10/31/2021, 00:40:08,168
SOMO00001,REminiscence Vita,6182,10/31/2021, 01:57:00,168
SOMO00001,REminiscence Vita,6183,10/31/2021, 02:28:51,168
SOMO00001,REminiscence Vita,6183,10/31/2021, 03:12:01,168
SOMO00001,REminiscence Vita,6183,10/31/2021, 04:14:49,168
SOMO00001,REminiscence Vita,6183,10/31/2021, 05:10:32,168
SOMO00001,REminiscence Vita,6183,10/31/2021, 06:13:49,168
SOMO00001,REminiscence Vita,6183,10/31/2021, 07:11:42,168
SOMO00001,REminiscence Vita,6183,10/31/2021, 08:13:26,168
SOMO00001,REminiscence Vita,6184,10/31/2021, 09:11:23,168
SOMO00001,REminiscence Vita,6184,10/31/2021, 10:12:28,168
SOMO00001,REminiscence Vita,6185,10/31/2021, 11:09:59,168
SOMO00001,REminiscence Vita,6185,10/31/2021, 12:17:17,168
SOMO00001,REminiscence Vita,6185,10/31/2021, 13:16:34,168
SOMO00001,REminiscence Vita,6185,10/31/2021, 14:10:19,168
SOMO00001,REminiscence Vita,6185,10/31/2021, 15:11:51,168
SOMO00001,REminiscence Vita,6185,10/31/2021, 16:16:46,168
SOMO00001,REminiscence Vita,6185,10/31/2021, 17:16:04,168
SOMO00001,REminiscence Vita,6185,10/31/2021, 18:13:18,168
SOMO00001,REminiscence Vita,6185,10/31/2021, 19:09:41,168
SOMO00001,REminiscence Vita,6185,10/31/2021, 20:11:47,168
SOMO00001,REminiscence Vita,6185,10/31/2021, 21:10:07,168
SOMO00001,REminiscence Vita,6185,10/31/2021, 22:10:57,168
SOMO00001,REminiscence Vita,6185,10/31/2021, 23:12:05,168
SOMO00001,REminiscence Vita,6185,11/01/2021, 00:40:25,168
SOMO00001,REminiscence Vita,6185,11/01/2021, 01:57:03,168
SOMO00001,REminiscence Vita,6185,11/01/2021, 02:29:42,168
SOMO00001,REminiscence Vita,6185,11/01/2021, 03:12:28,168
SOMO00001,REminiscence Vita,6185,11/01/2021, 04:15:23,168
SOMO00001,REminiscence Vita,6185,11/01/2021, 05:11:02,168
SOMO00001,REminiscence Vita,6186,11/01/2021, 06:14:19,168
SOMO00001,REminiscence Vita,6186,11/01/2021, 07:12:52,168
SOMO00001,REminiscence Vita,6186,11/01/2021, 08:14:14,168
SOMO00001,REminiscence Vita,6187,11/01/2021, 09:15:57,168
SOMO00001,REminiscence Vita,6187,11/01/2021, 10:16:48,168
SOMO00001,REminiscence Vita,6187,11/01/2021, 11:12:33,168
SOMO00001,REminiscence Vita,6187,11/01/2021, 12:18:46,168
SOMO00001,REminiscence Vita,6188,11/01/2021, 13:19:31,168
SOMO00001,REminiscence Vita,6188,11/01/2021, 14:11:33,168
SOMO00001,REminiscence Vita,6188,11/01/2021, 15:13:41,168
SOMO00001,REminiscence Vita,6188,11/01/2021, 16:22:17,168
SOMO00001,REminiscence Vita,6188,11/01/2021, 17:24:23,168
SOMO00001,REminiscence Vita,6188,11/01/2021, 18:19:02,168
SOMO00001,REminiscence Vita,6190,11/01/2021, 19:15:07,168
SOMO00001,REminiscence Vita,6190,11/01/2021, 20:13:05,168
SOMO00001,REminiscence Vita,6190,11/01/2021, 21:10:49,168
SOMO00001,REminiscence Vita,6190,11/01/2021, 22:10:06,168
SOMO00001,REminiscence Vita,6190,11/01/2021, 23:12:23,168
SOMO00001,REminiscence Vita,6190,11/02/2021, 00:41:56,168
SOMO00001,REminiscence Vita,6190,11/02/2021, 01:57:54,168
SOMO00001,REminiscence Vita,6190,11/02/2021, 02:30:33,168
SOMO00001,REminiscence Vita,6190,11/02/2021, 03:12:30,168
SOMO00001,REminiscence Vita,6190,11/02/2021, 04:15:20,168
SOMO00001,REminiscence Vita,6190,11/02/2021, 05:10:35,168
SOMO00001,REminiscence Vita,6190,11/02/2021, 06:14:01,168
SOMO00001,REminiscence Vita,6191,11/02/2021, 07:12:05,168
SOMO00001,REminiscence Vita,6191,11/02/2021, 08:14:27,168
SOMO00001,REminiscence Vita,6191,11/02/2021, 09:12:41,168
SOMO00001,REminiscence Vita,6191,11/02/2021, 10:18:18,168
SOMO00001,REminiscence Vita,6191,11/02/2021, 11:15:09,168
SOMO00001,REminiscence Vita,6191,11/02/2021, 12:18:29,168
SOMO00001,REminiscence Vita,6191,11/02/2021, 13:24:14,168
SOMO00001,REminiscence Vita,6191,11/02/2021, 14:16:12,168
SOMO00001,REminiscence Vita,6191,11/02/2021, 15:16:56,168
SOMO00001,REminiscence Vita,6191,11/02/2021, 16:18:52,168
SOMO00001,REminiscence Vita,6191,11/02/2021, 17:18:07,168
SOMO00001,REminiscence Vita,6191,11/02/2021, 18:18:11,168
SOMO00001,REminiscence Vita,6191,11/02/2021, 19:10:00,168
SOMO00001,REminiscence Vita,6191,11/02/2021, 20:12:40,168
SOMO00001,REminiscence Vita,6191,11/02/2021, 21:10:30,168
SOMO00001,REminiscence Vita,6191,11/02/2021, 22:11:41,168
SOMO00001,REminiscence Vita,6191,11/02/2021, 23:12:14,168
SOMO00001,REminiscence Vita,6191,11/03/2021, 00:38:17,168
SOMO00001,REminiscence Vita,6191,11/03/2021, 01:53:44,168
SOMO00001,REminiscence Vita,6191,11/03/2021, 02:25:20,168
SOMO00001,REminiscence Vita,6191,11/03/2021, 03:12:43,168
SOMO00001,REminiscence Vita,6191,11/03/2021, 04:15:09,168
SOMO00001,REminiscence Vita,6191,11/03/2021, 05:10:57,168
SOMO00001,REminiscence Vita,6191,11/03/2021, 06:14:19,168
SOMO00001,REminiscence Vita,6192,11/03/2021, 07:12:01,168
SOMO00001,REminiscence Vita,6192,11/03/2021, 08:14:05,168
SOMO00001,REminiscence Vita,6192,11/03/2021, 09:17:05,168
SOMO00001,REminiscence Vita,6192,11/03/2021, 10:17:05,168
SOMO00001,REminiscence Vita,6193,11/03/2021, 11:15:27,168
SOMO00001,REminiscence Vita,6193,11/03/2021, 12:23:09,168
SOMO00001,REminiscence Vita,6193,11/03/2021, 13:20:51,168
SOMO00001,REminiscence Vita,6193,11/03/2021, 14:14:05,168
SOMO00001,REminiscence Vita,6193,11/03/2021, 15:13:34,168
SOMO00001,REminiscence Vita,6193,11/03/2021, 16:18:14,168
SOMO00001,REminiscence Vita,6193,11/03/2021, 17:18:32,168
SOMO00001,REminiscence Vita,6194,11/03/2021, 18:15:30,168
SOMO00001,REminiscence Vita,6194,11/03/2021, 19:10:56,168
SOMO00001,REminiscence Vita,6195,11/03/2021, 20:13:29,168
SOMO00001,REminiscence Vita,6196,11/03/2021, 21:10:25,168
SOMO00001,REminiscence Vita,6196,11/03/2021, 22:10:55,168
SOMO00001,REminiscence Vita,6197,11/03/2021, 23:12:15,168
SOMO00001,REminiscence Vita,6197,11/04/2021, 00:39:02,168
SOMO00001,REminiscence Vita,6197,11/04/2021, 01:56:45,168
SOMO00001,REminiscence Vita,6197,11/04/2021, 02:29:03,168
SOMO00001,REminiscence Vita,6197,11/04/2021, 03:12:38,168
SOMO00001,REminiscence Vita,6197,11/04/2021, 04:15:05,168
SOMO00001,REminiscence Vita,6197,11/04/2021, 05:10:28,168
SOMO00001,REminiscence Vita,6197,11/04/2021, 06:14:05,168
SOMO00001,REminiscence Vita,6197,11/04/2021, 07:12:10,168
SOMO00001,REminiscence Vita,6197,11/04/2021, 08:13:59,168
SOMO00001,REminiscence Vita,6197,11/04/2021, 09:15:16,168
SOMO00001,REminiscence Vita,6197,11/04/2021, 10:17:16,168
SOMO00001,REminiscence Vita,6198,11/04/2021, 11:15:13,168
SOMO00001,REminiscence Vita,6198,11/04/2021, 12:18:30,168
SOMO00001,REminiscence Vita,6198,11/04/2021, 13:23:08,168
SOMO00001,REminiscence Vita,6198,11/04/2021, 14:15:17,168
SOMO00001,REminiscence Vita,6198,11/04/2021, 15:16:58,168
SOMO00001,REminiscence Vita,6198,11/04/2021, 16:17:13,168
SOMO00001,REminiscence Vita,6198,11/04/2021, 17:17:39,168
SOMO00001,REminiscence Vita,6198,11/04/2021, 18:18:04,168
SOMO00001,REminiscence Vita,6199,11/04/2021, 19:10:21,168
SOMO00001,REminiscence Vita,6200,11/04/2021, 20:12:19,168
SOMO00001,REminiscence Vita,6202,11/04/2021, 21:12:30,168
SOMO00001,REminiscence Vita,6203,11/04/2021, 22:11:48,168
SOMO00001,REminiscence Vita,6204,11/04/2021, 23:12:12,168
SOMO00001,REminiscence Vita,6205,11/05/2021, 00:38:19,168
SOMO00001,REminiscence Vita,6205,11/05/2021, 01:55:05,168
SOMO00001,REminiscence Vita,6205,11/05/2021, 02:26:51,168
SOMO00001,REminiscence Vita,6205,11/05/2021, 03:12:28,168
SOMO00001,REminiscence Vita,6205,11/05/2021, 04:14:58,168
SOMO00001,REminiscence Vita,6205,11/05/2021, 05:10:41,168
SOMO00001,REminiscence Vita,6205,11/05/2021, 06:14:10,168
SOMO00001,REminiscence Vita,6205,11/05/2021, 07:12:02,168
SOMO00001,REminiscence Vita,6205,11/05/2021, 08:13:54,168
SOMO00001,REminiscence Vita,6205,11/05/2021, 09:12:16,168
SOMO00001,REminiscence Vita,6205,11/05/2021, 10:13:05,168
SOMO00001,REminiscence Vita,6205,11/05/2021, 11:10:26,168
SOMO00001,REminiscence Vita,6205,11/05/2021, 12:18:12,168
SOMO00001,REminiscence Vita,6205,11/05/2021, 13:18:26,168
SOMO00001,REminiscence Vita,6205,11/05/2021, 14:16:00,168
SOMO00001,REminiscence Vita,6205,11/05/2021, 15:16:56,168
SOMO00001,REminiscence Vita,6205,11/05/2021, 16:19:40,168
SOMO00001,REminiscence Vita,6205,11/05/2021, 17:21:16,168
SOMO00001,REminiscence Vita,6205,11/05/2021, 18:13:54,168
SOMO00001,REminiscence Vita,6205,11/05/2021, 19:09:54,168
SOMO00001,REminiscence Vita,6205,11/05/2021, 20:12:18,168
SOMO00001,REminiscence Vita,6205,11/05/2021, 21:10:15,168
SOMO00001,REminiscence Vita,6205,11/05/2021, 22:11:34,168
SOMO00001,REminiscence Vita,6205,11/05/2021, 23:12:05,168
SOMO00001,REminiscence Vita,6205,11/06/2021, 00:37:14,168
SOMO00001,REminiscence Vita,6205,11/06/2021, 01:51:22,168
SOMO00001,REminiscence Vita,6206,11/06/2021, 02:25:05,168
SOMO00001,REminiscence Vita,6207,11/06/2021, 03:12:26,168
SOMO00001,REminiscence Vita,6207,11/06/2021, 04:14:53,168
SOMO00001,REminiscence Vita,6207,11/06/2021, 05:10:16,168
SOMO00001,REminiscence Vita,6207,11/06/2021, 06:13:44,168
SOMO00001,REminiscence Vita,6207,11/06/2021, 07:11:21,168
SOMO00001,REminiscence Vita,6207,11/06/2021, 08:13:45,168
SOMO00001,REminiscence Vita,6207,11/06/2021, 09:11:39,168
SOMO00001,REminiscence Vita,6207,11/06/2021, 10:12:12,168
SOMO00001,REminiscence Vita,6208,11/06/2021, 11:10:01,168
SOMO00001,REminiscence Vita,6208,11/06/2021, 12:17:11,168
SOMO00001,REminiscence Vita,6208,11/06/2021, 13:16:23,168
SOMO00001,REminiscence Vita,6208,11/06/2021, 14:10:17,168
SOMO00001,REminiscence Vita,6208,11/06/2021, 15:11:52,168
SOMO00001,REminiscence Vita,6208,11/06/2021, 16:16:27,168
SOMO00001,REminiscence Vita,6208,11/06/2021, 17:16:02,168
SOMO00001,REminiscence Vita,6208,11/06/2021, 18:12:59,168
SOMO00001,REminiscence Vita,6208,11/06/2021, 19:09:20,168
SOMO00001,REminiscence Vita,6208,11/06/2021, 20:11:39,168
SOMO00001,REminiscence Vita,6208,11/06/2021, 21:09:52,168
SOMO00001,REminiscence Vita,6208,11/06/2021, 22:11:08,168
SOMO00001,REminiscence Vita,6208,11/06/2021, 23:11:49,168
SOMO00001,REminiscence Vita,6208,11/07/2021, 00:40:00,168
SOMO00001,REminiscence Vita,6208,11/07/2021, 01:57:21,168
SOMO00001,REminiscence Vita,6209,11/07/2021, 02:29:57,168
SOMO00001,REminiscence Vita,6209,11/07/2021, 03:12:12,168
SOMO00001,REminiscence Vita,6210,11/07/2021, 04:14:48,168
SOMO00001,REminiscence Vita,6210,11/07/2021, 05:10:22,168
SOMO00001,REminiscence Vita,6210,11/07/2021, 06:13:57,168
SOMO00001,REminiscence Vita,6210,11/07/2021, 07:11:35,168
SOMO00001,REminiscence Vita,6210,11/07/2021, 08:13:26,168
SOMO00001,REminiscence Vita,6210,11/07/2021, 09:11:33,168
SOMO00001,REminiscence Vita,6210,11/07/2021, 10:12:35,168
SOMO00001,REminiscence Vita,6211,11/07/2021, 11:09:42,168
SOMO00001,REminiscence Vita,6211,11/07/2021, 12:17:13,168
SOMO00001,REminiscence Vita,6211,11/07/2021, 13:16:40,168
SOMO00001,REminiscence Vita,6211,11/07/2021, 14:10:41,168
SOMO00001,REminiscence Vita,6211,11/07/2021, 15:11:40,168
SOMO00001,REminiscence Vita,6211,11/07/2021, 16:16:21,168
SOMO00001,REminiscence Vita,6211,11/07/2021, 17:16:20,168
SOMO00001,REminiscence Vita,6211,11/07/2021, 18:12:59,168
SOMO00001,REminiscence Vita,6211,11/07/2021, 19:09:33,168
SOMO00001,REminiscence Vita,6212,11/07/2021, 20:11:48,168
SOMO00001,REminiscence Vita,6212,11/07/2021, 21:10:15,168
SOMO00001,REminiscence Vita,6213,11/07/2021, 22:11:08,168
SOMO00001,REminiscence Vita,6213,11/07/2021, 23:11:52,168
SOMO00001,REminiscence Vita,6213,11/08/2021, 00:39:20,168
SOMO00001,REminiscence Vita,6213,11/08/2021, 01:54:08,168
SOMO00001,REminiscence Vita,6213,11/08/2021, 02:25:59,168
SOMO00001,REminiscence Vita,6213,11/08/2021, 03:12:33,168
SOMO00001,REminiscence Vita,6213,11/08/2021, 04:15:01,168
SOMO00001,REminiscence Vita,6213,11/08/2021, 05:11:02,168
SOMO00001,REminiscence Vita,6213,11/08/2021, 06:14:32,168
SOMO00001,REminiscence Vita,6213,11/08/2021, 07:12:20,168
SOMO00001,REminiscence Vita,6213,11/08/2021, 08:15:28,168
SOMO00001,REminiscence Vita,6213,11/08/2021, 09:17:13,168
SOMO00001,REminiscence Vita,6213,11/08/2021, 10:18:09,168
SOMO00001,REminiscence Vita,6213,11/08/2021, 11:15:14,168
SOMO00001,REminiscence Vita,6213,11/08/2021, 12:23:12,168
SOMO00001,REminiscence Vita,6213,11/08/2021, 13:24:04,168
SOMO00001,REminiscence Vita,6213,11/08/2021, 14:16:31,168
SOMO00001,REminiscence Vita,6213,11/08/2021, 15:14:54,168
SOMO00001,REminiscence Vita,6213,11/08/2021, 16:19:17,168
SOMO00001,REminiscence Vita,6214,11/08/2021, 17:20:21,168
SOMO00001,REminiscence Vita,6214,11/08/2021, 18:16:12,168
SOMO00001,REminiscence Vita,6214,11/08/2021, 19:14:57,168
SOMO00001,REminiscence Vita,6214,11/08/2021, 20:17:02,168
SOMO00001,REminiscence Vita,6214,11/08/2021, 21:15:12,168
SOMO00001,REminiscence Vita,6214,11/08/2021, 22:13:20,168
SOMO00001,REminiscence Vita,6214,11/08/2021, 23:12:24,168
SOMO00001,REminiscence Vita,6214,11/09/2021, 00:39:21,168
SOMO00001,REminiscence Vita,6214,11/09/2021, 01:54:17,168
SOMO00001,REminiscence Vita,6214,11/09/2021, 02:26:00,168
SOMO00001,REminiscence Vita,6215,11/09/2021, 03:12:35,168
SOMO00001,REminiscence Vita,6215,11/09/2021, 04:15:03,168
SOMO00001,REminiscence Vita,6215,11/09/2021, 05:10:33,168
SOMO00001,REminiscence Vita,6215,11/09/2021, 06:14:07,168
SOMO00001,REminiscence Vita,6215,11/09/2021, 07:12:07,168
SOMO00001,REminiscence Vita,6216,11/09/2021, 08:16:51,168
SOMO00001,REminiscence Vita,6216,11/09/2021, 09:17:08,168
SOMO00001,REminiscence Vita,6216,11/09/2021, 10:17:54,168
SOMO00001,REminiscence Vita,6216,11/09/2021, 11:12:14,168
SOMO00001,REminiscence Vita,6216,11/09/2021, 12:24:07,168
SOMO00001,REminiscence Vita,6216,11/09/2021, 13:24:18,168
SOMO00001,REminiscence Vita,6216,11/09/2021, 14:16:11,168
SOMO00001,REminiscence Vita,6216,11/09/2021, 15:17:07,168
SOMO00001,REminiscence Vita,6216,11/09/2021, 16:19:21,168
SOMO00001,REminiscence Vita,6216,11/09/2021, 17:18:58,168
SOMO00001,REminiscence Vita,6216,11/09/2021, 18:19:05,168
SOMO00001,REminiscence Vita,6216,11/09/2021, 19:14:47,168
SOMO00001,REminiscence Vita,6216,11/09/2021, 20:12:33,168
SOMO00001,REminiscence Vita,6216,11/09/2021, 21:11:13,168
SOMO00001,REminiscence Vita,6216,11/09/2021, 22:11:42,168
SOMO00001,REminiscence Vita,6216,11/09/2021, 23:12:09,168
SOMO00001,REminiscence Vita,6216,11/10/2021, 00:39:01,168
SOMO00001,REminiscence Vita,6216,11/10/2021, 01:54:25,168
SOMO00001,REminiscence Vita,6216,11/10/2021, 02:26:42,168
SOMO00001,REminiscence Vita,6216,11/10/2021, 03:12:24,168
SOMO00001,REminiscence Vita,6216,11/10/2021, 04:15:19,168
SOMO00001,REminiscence Vita,6216,11/10/2021, 05:10:22,168
SOMO00001,REminiscence Vita,6216,11/10/2021, 06:14:17,168
SOMO00001,REminiscence Vita,6216,11/10/2021, 07:12:07,168
SOMO00001,REminiscence Vita,6216,11/10/2021, 08:19:08,168
SOMO00001,REminiscence Vita,6216,11/10/2021, 09:17:19,168
SOMO00001,REminiscence Vita,6216,11/10/2021, 10:18:05,168
SOMO00001,REminiscence Vita,6216,11/10/2021, 11:15:06,168
SOMO00001,REminiscence Vita,6216,11/10/2021, 12:23:00,168
SOMO00001,REminiscence Vita,6216,11/10/2021, 13:23:58,168
SOMO00001,REminiscence Vita,6216,11/10/2021, 14:15:15,168
SOMO00001,REminiscence Vita,6216,11/10/2021, 15:16:39,168
SOMO00001,REminiscence Vita,6216,11/10/2021, 16:17:38,168
SOMO00001,REminiscence Vita,6216,11/10/2021, 17:15:57,168
SOMO00001,REminiscence Vita,6216,11/10/2021, 18:16:10,168
SOMO00001,REminiscence Vita,6216,11/10/2021, 19:10:02,168
SOMO00001,REminiscence Vita,6216,11/10/2021, 20:13:55,168
SOMO00001,REminiscence Vita,6216,11/10/2021, 21:09:00,168
SOMO00001,REminiscence Vita,6216,11/10/2021, 22:11:50,168
SOMO00001,REminiscence Vita,6216,11/10/2021, 23:11:56,168
SOMO00001,REminiscence Vita,6216,11/11/2021, 00:39:14,168
SOMO00001,REminiscence Vita,6216,11/11/2021, 01:54:50,168
SOMO00001,REminiscence Vita,6216,11/11/2021, 02:26:34,168
SOMO00001,REminiscence Vita,6216,11/11/2021, 03:12:39,168
SOMO00001,REminiscence Vita,6216,11/11/2021, 04:15:07,168
SOMO00001,REminiscence Vita,6216,11/11/2021, 05:10:59,168
SOMO00001,REminiscence Vita,6216,11/11/2021, 06:14:39,168
SOMO00001,REminiscence Vita,6216,11/11/2021, 07:12:02,168
SOMO00001,REminiscence Vita,6216,11/11/2021, 08:14:29,168
SOMO00001,REminiscence Vita,6217,11/11/2021, 09:16:18,168
SOMO00001,REminiscence Vita,6217,11/11/2021, 10:17:05,168
SOMO00001,REminiscence Vita,6217,11/11/2021, 11:14:59,168
SOMO00001,REminiscence Vita,6217,11/11/2021, 12:18:33,168
SOMO00001,REminiscence Vita,6217,11/11/2021, 13:18:44,168
SOMO00001,REminiscence Vita,6217,11/11/2021, 14:11:18,168
SOMO00001,REminiscence Vita,6217,11/11/2021, 15:12:43,168
SOMO00001,REminiscence Vita,6218,11/11/2021, 16:22:02,168
SOMO00001,REminiscence Vita,6218,11/11/2021, 17:19:11,168
SOMO00001,REminiscence Vita,6218,11/11/2021, 18:13:47,168
SOMO00001,REminiscence Vita,6218,11/11/2021, 19:09:55,168
SOMO00001,REminiscence Vita,6218,11/11/2021, 20:12:37,168
SOMO00001,REminiscence Vita,6218,11/11/2021, 21:10:46,168
SOMO00001,REminiscence Vita,6218,11/11/2021, 22:11:36,168
SOMO00001,REminiscence Vita,6218,11/11/2021, 23:12:04,168
SOMO00001,REminiscence Vita,6218,11/12/2021, 00:40:13,168
SOMO00001,REminiscence Vita,6218,11/12/2021, 01:55:02,168
SOMO00001,REminiscence Vita,6218,11/12/2021, 02:26:54,168
SOMO00001,REminiscence Vita,6218,11/12/2021, 03:12:33,168
SOMO00001,REminiscence Vita,6218,11/12/2021, 04:15:04,168
SOMO00001,REminiscence Vita,6218,11/12/2021, 05:11:03,168
SOMO00001,REminiscence Vita,6218,11/12/2021, 06:14:26,168
SOMO00001,REminiscence Vita,6218,11/12/2021, 07:12:28,168
SOMO00001,REminiscence Vita,6218,11/12/2021, 08:14:15,168
SOMO00001,REminiscence Vita,6218,11/12/2021, 09:12:19,168
SOMO00001,REminiscence Vita,6218,11/12/2021, 10:13:00,168
SOMO00001,REminiscence Vita,6218,11/12/2021, 11:10:08,168
SOMO00001,REminiscence Vita,6218,11/12/2021, 12:18:30,168
SOMO00001,REminiscence Vita,6218,11/12/2021, 13:18:43,168
SOMO00001,REminiscence Vita,6218,11/12/2021, 14:14:56,168
SOMO00001,REminiscence Vita,6218,11/12/2021, 15:17:04,168
SOMO00001,REminiscence Vita,6218,11/12/2021, 16:17:33,168
SOMO00001,REminiscence Vita,6218,11/12/2021, 17:18:04,168
SOMO00001,REminiscence Vita,6218,11/12/2021, 18:14:10,168
SOMO00001,REminiscence Vita,6218,11/12/2021, 19:10:11,168
SOMO00001,REminiscence Vita,6218,11/12/2021, 20:12:44,168
SOMO00001,REminiscence Vita,6218,11/12/2021, 21:10:28,168
SOMO00001,REminiscence Vita,6218,11/12/2021, 22:11:45,168
SOMO00001,REminiscence Vita,6218,11/12/2021, 23:12:03,168
SOMO00001,REminiscence Vita,6218,11/13/2021, 00:37:49,168
SOMO00001,REminiscence Vita,6218,11/13/2021, 01:52:29,168
SOMO00001,REminiscence Vita,6218,11/13/2021, 02:26:05,168
SOMO00001,REminiscence Vita,6218,11/13/2021, 03:12:18,168
SOMO00001,REminiscence Vita,6218,11/13/2021, 04:15:00,168
SOMO00001,REminiscence Vita,6218,11/13/2021, 05:10:04,168
SOMO00001,REminiscence Vita,6218,11/13/2021, 06:13:48,168
SOMO00001,REminiscence Vita,6218,11/13/2021, 07:11:48,168
SOMO00001,REminiscence Vita,6218,11/13/2021, 08:13:37,168
SOMO00001,REminiscence Vita,6218,11/13/2021, 09:11:32,168
SOMO00001,REminiscence Vita,6218,11/13/2021, 10:12:28,168
SOMO00001,REminiscence Vita,6218,11/13/2021, 11:09:59,168
SOMO00001,REminiscence Vita,6218,11/13/2021, 12:17:11,168
SOMO00001,REminiscence Vita,6218,11/13/2021, 13:16:36,168
SOMO00001,REminiscence Vita,6218,11/13/2021, 14:10:29,168
SOMO00001,REminiscence Vita,6218,11/13/2021, 15:11:46,168
SOMO00001,REminiscence Vita,6218,11/13/2021, 16:16:44,168
SOMO00001,REminiscence Vita,6219,11/13/2021, 17:16:34,168
SOMO00001,REminiscence Vita,6220,11/13/2021, 18:13:05,168
SOMO00001,REminiscence Vita,6220,11/13/2021, 19:09:29,168
SOMO00001,REminiscence Vita,6220,11/13/2021, 20:11:44,168
SOMO00001,REminiscence Vita,6220,11/13/2021, 21:10:10,168
SOMO00001,REminiscence Vita,6220,11/13/2021, 22:10:59,168
SOMO00001,REminiscence Vita,6220,11/13/2021, 23:11:45,168
SOMO00001,REminiscence Vita,6220,11/14/2021, 00:40:04,168
SOMO00001,REminiscence Vita,6220,11/14/2021, 01:56:00,168
SOMO00001,REminiscence Vita,6220,11/14/2021, 02:27:31,168
SOMO00001,REminiscence Vita,6221,11/14/2021, 03:12:02,168
SOMO00001,REminiscence Vita,6221,11/14/2021, 04:14:56,168
SOMO00001,REminiscence Vita,6221,11/14/2021, 05:10:25,168
SOMO00001,REminiscence Vita,6221,11/14/2021, 06:13:55,168
SOMO00001,REminiscence Vita,6221,11/14/2021, 07:11:31,168
SOMO00001,REminiscence Vita,6221,11/14/2021, 08:13:35,168
SOMO00001,REminiscence Vita,6221,11/14/2021, 09:11:42,168
SOMO00001,REminiscence Vita,6221,11/14/2021, 10:12:54,168
SOMO00001,REminiscence Vita,6221,11/14/2021, 11:09:34,168
SOMO00001,REminiscence Vita,6221,11/14/2021, 12:17:20,168
SOMO00001,REminiscence Vita,6221,11/14/2021, 13:16:45,168
SOMO00001,REminiscence Vita,6221,11/14/2021, 14:10:39,168
SOMO00001,REminiscence Vita,6221,11/14/2021, 15:11:53,168
SOMO00001,REminiscence Vita,6221,11/14/2021, 16:16:53,168
SOMO00001,REminiscence Vita,6221,11/14/2021, 17:16:45,168
SOMO00001,REminiscence Vita,6221,11/14/2021, 18:13:15,168
SOMO00001,REminiscence Vita,6221,11/14/2021, 19:09:37,168
SOMO00001,REminiscence Vita,6221,11/14/2021, 20:11:46,168
SOMO00001,REminiscence Vita,6221,11/14/2021, 21:10:10,168
SOMO00001,REminiscence Vita,6221,11/14/2021, 22:11:12,168
SOMO00001,REminiscence Vita,6221,11/14/2021, 23:12:02,168
SOMO00001,REminiscence Vita,6222,11/15/2021, 00:39:13,168
SOMO00001,REminiscence Vita,6222,11/15/2021, 01:54:06,168
SOMO00001,REminiscence Vita,6222,11/15/2021, 02:26:22,168
SOMO00001,REminiscence Vita,6224,11/15/2021, 03:12:42,168
SOMO00001,REminiscence Vita,6224,11/15/2021, 04:15:22,168
SOMO00001,REminiscence Vita,6224,11/15/2021, 05:10:55,168
SOMO00001,REminiscence Vita,6224,11/15/2021, 06:14:35,168
SOMO00001,REminiscence Vita,6224,11/15/2021, 08:14:52,168
SOMO00001,REminiscence Vita,6224,11/15/2021, 09:15:28,168
SOMO00001,REminiscence Vita,6224,11/15/2021, 10:17:57,168
SOMO00001,REminiscence Vita,6225,11/15/2021, 11:15:04,168
SOMO00001,REminiscence Vita,6225,11/15/2021, 12:24:01,168
SOMO00001,REminiscence Vita,6225,11/15/2021, 13:19:27,168
SOMO00001,REminiscence Vita,6226,11/15/2021, 14:11:24,168
SOMO00001,REminiscence Vita,6226,11/15/2021, 15:13:03,168
SOMO00001,REminiscence Vita,6226,11/15/2021, 16:23:18,168
SOMO00001,REminiscence Vita,6226,11/15/2021, 17:19:47,168
SOMO00001,REminiscence Vita,6226,11/15/2021, 18:15:57,168
SOMO00001,REminiscence Vita,6226,11/15/2021, 19:09:58,168
SOMO00001,REminiscence Vita,6226,11/15/2021, 20:12:30,168
SOMO00001,REminiscence Vita,6226,11/15/2021, 21:11:00,168
SOMO00001,REminiscence Vita,6226,11/15/2021, 22:14:29,168
SOMO00001,REminiscence Vita,6226,11/15/2021, 23:12:43,168
SOMO00001,REminiscence Vita,6226,11/16/2021, 00:39:08,168
SOMO00001,REminiscence Vita,6226,11/16/2021, 01:54:33,168
SOMO00001,REminiscence Vita,6226,11/16/2021, 02:26:29,168
SOMO00001,REminiscence Vita,6226,11/16/2021, 03:12:33,168
SOMO00001,REminiscence Vita,6226,11/16/2021, 04:15:09,168
SOMO00001,REminiscence Vita,6226,11/16/2021, 05:10:50,168
SOMO00001,REminiscence Vita,6226,11/16/2021, 06:14:01,168
SOMO00001,REminiscence Vita,6226,11/16/2021, 07:12:13,168
SOMO00001,REminiscence Vita,6226,11/16/2021, 08:14:26,168
SOMO00001,REminiscence Vita,6226,11/16/2021, 09:13:36,168
SOMO00001,REminiscence Vita,6226,11/16/2021, 10:18:05,168
SOMO00001,REminiscence Vita,6226,11/16/2021, 11:13:49,168
SOMO00001,REminiscence Vita,6226,11/16/2021, 12:22:58,168
SOMO00001,REminiscence Vita,6226,11/16/2021, 13:19:05,168
SOMO00001,REminiscence Vita,6226,11/16/2021, 14:13:30,168
SOMO00001,REminiscence Vita,6226,11/16/2021, 15:18:28,168
SOMO00001,REminiscence Vita,6226,11/16/2021, 16:19:05,168
SOMO00001,REminiscence Vita,6226,11/16/2021, 17:12:46,168
SOMO00001,REminiscence Vita,6226,11/16/2021, 18:18:52,168
SOMO00001,REminiscence Vita,6226,11/16/2021, 19:10:01,168
SOMO00001,REminiscence Vita,6226,11/16/2021, 20:14:04,168
SOMO00001,REminiscence Vita,6227,11/16/2021, 21:10:45,168
SOMO00001,REminiscence Vita,6227,11/16/2021, 22:11:49,168
SOMO00001,REminiscence Vita,6227,11/16/2021, 23:12:16,168
SOMO00001,REminiscence Vita,6227,11/17/2021, 00:38:54,168
SOMO00001,REminiscence Vita,6227,11/17/2021, 01:54:30,168
SOMO00001,REminiscence Vita,6227,11/17/2021, 02:26:35,168
SOMO00001,REminiscence Vita,6227,11/17/2021, 03:12:39,168
SOMO00001,REminiscence Vita,6228,11/17/2021, 04:15:23,168
SOMO00001,REminiscence Vita,6228,11/17/2021, 05:10:53,168
SOMO00001,REminiscence Vita,6228,11/17/2021, 06:14:41,168
SOMO00001,REminiscence Vita,6228,11/17/2021, 07:12:21,168
SOMO00001,REminiscence Vita,6228,11/17/2021, 08:14:08,168
SOMO00001,REminiscence Vita,6228,11/17/2021, 09:17:16,168
SOMO00001,REminiscence Vita,6228,11/17/2021, 10:18:12,168
SOMO00001,REminiscence Vita,6228,11/17/2021, 11:15:03,168
SOMO00001,REminiscence Vita,6228,11/17/2021, 12:23:02,168
SOMO00001,REminiscence Vita,6228,11/17/2021, 13:19:48,168
SOMO00001,REminiscence Vita,6228,11/17/2021, 14:11:10,168
SOMO00001,REminiscence Vita,6228,11/17/2021, 15:12:40,168
SOMO00001,REminiscence Vita,6228,11/17/2021, 16:17:09,168
SOMO00001,REminiscence Vita,6228,11/17/2021, 17:16:07,168
SOMO00001,REminiscence Vita,6229,11/17/2021, 18:16:06,168
SOMO00001,REminiscence Vita,6229,11/17/2021, 19:10:29,168
SOMO00001,REminiscence Vita,6230,11/17/2021, 20:12:49,168
SOMO00001,REminiscence Vita,6232,11/17/2021, 21:10:10,168
SOMO00001,REminiscence Vita,6232,11/17/2021, 22:11:50,168
SOMO00001,REminiscence Vita,6232,11/17/2021, 23:12:06,168
SOMO00001,REminiscence Vita,6233,11/18/2021, 00:40:01,168
SOMO00001,REminiscence Vita,6233,11/18/2021, 01:54:37,168
SOMO00001,REminiscence Vita,6233,11/18/2021, 02:26:30,168
SOMO00001,REminiscence Vita,6233,11/18/2021, 03:12:31,168
SOMO00001,REminiscence Vita,6233,11/18/2021, 04:15:14,168
SOMO00001,REminiscence Vita,6233,11/18/2021, 05:11:07,168
SOMO00001,REminiscence Vita,6233,11/18/2021, 06:14:24,168
SOMO00001,REminiscence Vita,6233,11/18/2021, 07:12:02,168
SOMO00001,REminiscence Vita,6233,11/18/2021, 08:14:25,168
SOMO00001,REminiscence Vita,6233,11/18/2021, 09:12:59,168
SOMO00001,REminiscence Vita,6233,11/18/2021, 10:18:00,168
SOMO00001,REminiscence Vita,6233,11/18/2021, 11:15:31,168
SOMO00001,REminiscence Vita,6233,11/18/2021, 12:22:25,168
SOMO00001,REminiscence Vita,6233,11/18/2021, 13:19:18,168
SOMO00001,REminiscence Vita,6233,11/18/2021, 14:11:09,168
SOMO00001,REminiscence Vita,6233,11/18/2021, 15:13:23,168
SOMO00001,REminiscence Vita,6233,11/18/2021, 16:22:03,168
SOMO00001,REminiscence Vita,6233,11/18/2021, 17:22:01,168
SOMO00001,REminiscence Vita,6233,11/18/2021, 18:13:59,168
SOMO00001,REminiscence Vita,6233,11/18/2021, 19:10:01,168
SOMO00001,REminiscence Vita,6233,11/18/2021, 20:10:40,168
SOMO00001,REminiscence Vita,6233,11/18/2021, 21:10:26,168
SOMO00001,REminiscence Vita,6233,11/18/2021, 22:11:50,168
SOMO00001,REminiscence Vita,6233,11/18/2021, 23:12:23,168
SOMO00001,REminiscence Vita,6234,11/19/2021, 00:39:12,168
SOMO00001,REminiscence Vita,6234,11/19/2021, 01:54:51,168
SOMO00001,REminiscence Vita,6234,11/19/2021, 02:27:55,168
SOMO00001,REminiscence Vita,6234,11/19/2021, 03:12:28,168
SOMO00001,REminiscence Vita,6234,11/19/2021, 04:15:00,168
SOMO00001,REminiscence Vita,6234,11/19/2021, 05:10:43,168
SOMO00001,REminiscence Vita,6234,11/19/2021, 06:14:38,168
SOMO00001,REminiscence Vita,6234,11/19/2021, 07:12:27,168
SOMO00001,REminiscence Vita,6234,11/19/2021, 08:14:17,168
SOMO00001,REminiscence Vita,6234,11/19/2021, 09:17:04,168
SOMO00001,REminiscence Vita,6234,11/19/2021, 10:18:03,168
SOMO00001,REminiscence Vita,6234,11/19/2021, 11:15:08,168
SOMO00001,REminiscence Vita,6234,11/19/2021, 12:19:49,168
SOMO00001,REminiscence Vita,6234,11/19/2021, 13:18:43,168
SOMO00001,REminiscence Vita,6234,11/19/2021, 14:16:20,168
SOMO00001,REminiscence Vita,6234,11/19/2021, 15:17:04,168
SOMO00001,REminiscence Vita,6234,11/19/2021, 16:19:27,168
SOMO00001,REminiscence Vita,6234,11/19/2021, 17:19:02,168
SOMO00001,REminiscence Vita,6234,11/19/2021, 18:13:49,168
SOMO00001,REminiscence Vita,6234,11/19/2021, 19:10:01,168
SOMO00001,REminiscence Vita,6234,11/19/2021, 20:12:31,168
SOMO00001,REminiscence Vita,6234,11/19/2021, 21:10:55,168
SOMO00001,REminiscence Vita,6234,11/19/2021, 22:11:50,168
SOMO00001,REminiscence Vita,6234,11/19/2021, 23:12:06,168
SOMO00001,REminiscence Vita,6234,11/20/2021, 00:38:36,168
SOMO00001,REminiscence Vita,6234,11/20/2021, 01:52:33,168
SOMO00001,REminiscence Vita,6234,11/20/2021, 02:28:10,168
SOMO00001,REminiscence Vita,6234,11/20/2021, 03:12:07,168
SOMO00001,REminiscence Vita,6234,11/20/2021, 04:15:02,168
SOMO00001,REminiscence Vita,6234,11/20/2021, 05:10:24,168
SOMO00001,REminiscence Vita,6234,11/20/2021, 06:13:53,168
SOMO00001,REminiscence Vita,6235,11/20/2021, 07:11:45,168
SOMO00001,REminiscence Vita,6235,11/20/2021, 08:14:00,168
SOMO00001,REminiscence Vita,6235,11/20/2021, 09:11:50,168
SOMO00001,REminiscence Vita,6235,11/20/2021, 10:12:36,168
SOMO00001,REminiscence Vita,6235,11/20/2021, 11:09:44,168
SOMO00001,REminiscence Vita,6235,11/20/2021, 12:17:17,168
SOMO00001,REminiscence Vita,6235,11/20/2021, 13:16:39,168
SOMO00001,REminiscence Vita,6235,11/20/2021, 14:10:38,168
SOMO00001,REminiscence Vita,6235,11/20/2021, 15:11:42,168
SOMO00001,REminiscence Vita,6235,11/20/2021, 16:17:03,168
SOMO00001,REminiscence Vita,6235,11/20/2021, 17:16:49,168
SOMO00001,REminiscence Vita,6235,11/20/2021, 18:13:17,168
SOMO00001,REminiscence Vita,6235,11/20/2021, 19:09:24,168
SOMO00001,REminiscence Vita,6236,11/20/2021, 20:12:07,168
SOMO00001,REminiscence Vita,6237,11/20/2021, 21:10:05,168
SOMO00001,REminiscence Vita,6237,11/20/2021, 22:11:25,168
SOMO00001,REminiscence Vita,6237,11/20/2021, 23:11:48,168
SOMO00001,REminiscence Vita,6237,11/21/2021, 00:40:36,168
SOMO00001,REminiscence Vita,6239,11/21/2021, 01:56:42,168
SOMO00001,REminiscence Vita,6239,11/21/2021, 02:29:10,168
SOMO00001,REminiscence Vita,6239,11/21/2021, 03:12:11,168
SOMO00001,REminiscence Vita,6239,11/21/2021, 04:15:01,168
SOMO00001,REminiscence Vita,6239,11/21/2021, 05:10:19,168
SOMO00001,REminiscence Vita,6239,11/21/2021, 06:13:45,168
SOMO00001,REminiscence Vita,6239,11/21/2021, 07:11:42,168
SOMO00001,REminiscence Vita,6239,11/21/2021, 08:13:57,168
SOMO00001,REminiscence Vita,6239,11/21/2021, 09:11:32,168
SOMO00001,REminiscence Vita,6239,11/21/2021, 10:12:50,168
SOMO00001,REminiscence Vita,6239,11/21/2021, 11:09:50,168
SOMO00001,REminiscence Vita,6239,11/21/2021, 12:17:48,168
SOMO00001,REminiscence Vita,6239,11/21/2021, 13:17:03,168
SOMO00001,REminiscence Vita,6239,11/21/2021, 14:10:45,168
SOMO00001,REminiscence Vita,6240,11/21/2021, 15:12:02,168
SOMO00001,REminiscence Vita,6240,11/21/2021, 16:16:52,168
SOMO00001,REminiscence Vita,6241,11/21/2021, 17:16:55,168
SOMO00001,REminiscence Vita,6241,11/21/2021, 18:13:15,168
SOMO00001,REminiscence Vita,6241,11/21/2021, 19:09:32,168
SOMO00001,REminiscence Vita,6241,11/21/2021, 20:12:03,168
SOMO00001,REminiscence Vita,6244,11/21/2021, 21:10:17,168
SOMO00001,REminiscence Vita,6244,11/21/2021, 22:11:27,168
SOMO00001,REminiscence Vita,6244,11/21/2021, 23:12:00,168
SOMO00001,REminiscence Vita,6244,11/22/2021, 00:39:22,168
SOMO00001,REminiscence Vita,6245,11/22/2021, 01:55:22,168
SOMO00001,REminiscence Vita,6245,11/22/2021, 02:27:43,168
SOMO00001,REminiscence Vita,6245,11/22/2021, 03:12:36,168
SOMO00001,REminiscence Vita,6245,11/22/2021, 04:15:36,168
SOMO00001,REminiscence Vita,6245,11/22/2021, 05:11:17,168
SOMO00001,REminiscence Vita,6245,11/22/2021, 06:14:47,168
SOMO00001,REminiscence Vita,6245,11/22/2021, 07:12:14,168
SOMO00001,REminiscence Vita,6245,11/22/2021, 08:18:31,168
SOMO00001,REminiscence Vita,6245,11/22/2021, 09:17:12,168
SOMO00001,REminiscence Vita,6245,11/22/2021, 10:18:12,168
SOMO00001,REminiscence Vita,6246,11/22/2021, 11:15:03,168
SOMO00001,REminiscence Vita,6246,11/22/2021, 12:19:31,168
SOMO00001,REminiscence Vita,6246,11/22/2021, 13:24:16,168
SOMO00001,REminiscence Vita,6246,11/22/2021, 14:11:52,168
SOMO00001,REminiscence Vita,6246,11/22/2021, 15:17:10,168
SOMO00001,REminiscence Vita,6246,11/22/2021, 16:19:26,168
SOMO00001,REminiscence Vita,6246,11/22/2021, 17:20:15,168
SOMO00001,REminiscence Vita,6247,11/22/2021, 18:19:03,168
SOMO00001,REminiscence Vita,6247,11/22/2021, 19:10:53,168
SOMO00001,REminiscence Vita,6247,11/22/2021, 20:12:42,168
SOMO00001,REminiscence Vita,6248,11/22/2021, 21:10:41,168
SOMO00001,REminiscence Vita,6248,11/22/2021, 22:12:17,168
SOMO00001,REminiscence Vita,6248,11/22/2021, 23:12:25,168
SOMO00001,REminiscence Vita,6248,11/23/2021, 00:39:03,168
SOMO00001,REminiscence Vita,6248,11/23/2021, 01:54:10,168
SOMO00001,REminiscence Vita,6248,11/23/2021, 02:26:21,168
SOMO00001,REminiscence Vita,6248,11/23/2021, 03:12:29,168
SOMO00001,REminiscence Vita,6248,11/23/2021, 04:15:26,168
SOMO00001,REminiscence Vita,6248,11/23/2021, 05:10:55,168
SOMO00001,REminiscence Vita,6248,11/23/2021, 06:14:22,168
SOMO00001,REminiscence Vita,6248,11/23/2021, 07:12:07,168
SOMO00001,REminiscence Vita,6248,11/23/2021, 08:14:36,168
SOMO00001,REminiscence Vita,6249,11/23/2021, 09:12:26,168
SOMO00001,REminiscence Vita,6249,11/23/2021, 10:13:56,168
SOMO00001,REminiscence Vita,6250,11/23/2021, 11:15:09,168
SOMO00001,REminiscence Vita,6250,11/23/2021, 12:18:56,168
SOMO00001,REminiscence Vita,6250,11/23/2021, 13:19:06,168
SOMO00001,REminiscence Vita,6250,11/23/2021, 14:15:21,168
SOMO00001,REminiscence Vita,6251,11/23/2021, 15:12:52,168
SOMO00001,REminiscence Vita,6252,11/23/2021, 16:17:54,168
SOMO00001,REminiscence Vita,6252,11/23/2021, 17:18:15,168
SOMO00001,REminiscence Vita,6252,11/23/2021, 18:14:49,168
SOMO00001,REminiscence Vita,6253,11/23/2021, 19:08:28,168
SOMO00001,REminiscence Vita,6253,11/23/2021, 20:12:56,168
SOMO00001,REminiscence Vita,6254,11/23/2021, 21:10:34,168
SOMO00001,REminiscence Vita,6254,11/23/2021, 22:11:39,168
SOMO00001,REminiscence Vita,6255,11/23/2021, 23:12:15,168
SOMO00001,REminiscence Vita,6255,11/24/2021, 00:39:48,168
SOMO00001,REminiscence Vita,6255,11/24/2021, 01:54:27,168
SOMO00001,REminiscence Vita,6255,11/24/2021, 02:27:01,168
SOMO00001,REminiscence Vita,6255,11/24/2021, 03:12:22,168
SOMO00001,REminiscence Vita,6255,11/24/2021, 04:15:26,168
SOMO00001,REminiscence Vita,6255,11/24/2021, 05:10:50,168
SOMO00001,REminiscence Vita,6255,11/24/2021, 06:15:00,168
SOMO00001,REminiscence Vita,6255,11/24/2021, 07:12:10,168
SOMO00001,REminiscence Vita,6255,11/24/2021, 08:14:09,168
SOMO00001,REminiscence Vita,6255,11/24/2021, 09:17:14,168
SOMO00001,REminiscence Vita,6255,11/24/2021, 10:18:14,168
SOMO00001,REminiscence Vita,6255,11/24/2021, 11:15:11,168
SOMO00001,REminiscence Vita,6255,11/24/2021, 12:23:02,168
SOMO00001,REminiscence Vita,6255,11/24/2021, 13:19:05,168
SOMO00001,REminiscence Vita,6255,11/24/2021, 14:11:39,168
SOMO00001,REminiscence Vita,6257,11/24/2021, 15:13:10,168
SOMO00001,REminiscence Vita,6257,11/24/2021, 16:22:11,168
SOMO00001,REminiscence Vita,6257,11/24/2021, 17:22:19,168
SOMO00001,REminiscence Vita,6257,11/24/2021, 18:13:58,168
SOMO00001,REminiscence Vita,6257,11/24/2021, 19:11:23,168
SOMO00001,REminiscence Vita,6257,11/24/2021, 20:14:17,168
SOMO00001,REminiscence Vita,6257,11/24/2021, 21:10:41,168
SOMO00001,REminiscence Vita,6257,11/24/2021, 22:11:56,168
SOMO00001,REminiscence Vita,6257,11/24/2021, 23:12:19,168
SOMO00001,REminiscence Vita,6257,11/25/2021, 00:40:52,168
SOMO00001,REminiscence Vita,6257,11/25/2021, 01:55:28,168
SOMO00001,REminiscence Vita,6257,11/25/2021, 02:28:24,168
SOMO00001,REminiscence Vita,6257,11/25/2021, 03:12:41,168
SOMO00001,REminiscence Vita,6257,11/25/2021, 04:15:43,168
SOMO00001,REminiscence Vita,6257,11/25/2021, 05:11:18,168
SOMO00001,REminiscence Vita,6257,11/25/2021, 06:14:35,168
SOMO00001,REminiscence Vita,6257,11/25/2021, 07:13:55,168
SOMO00001,REminiscence Vita,6257,11/25/2021, 08:14:30,168
SOMO00001,REminiscence Vita,6257,11/25/2021, 09:17:02,168
SOMO00001,REminiscence Vita,6257,11/25/2021, 10:17:05,168
SOMO00001,REminiscence Vita,6257,11/25/2021, 11:15:12,168
SOMO00001,REminiscence Vita,6257,11/25/2021, 12:22:51,168
SOMO00001,REminiscence Vita,6257,11/25/2021, 13:19:16,168
SOMO00001,REminiscence Vita,6258,11/25/2021, 14:11:35,168
SOMO00001,REminiscence Vita,6258,11/25/2021, 15:12:59,168
SOMO00001,REminiscence Vita,6258,11/25/2021, 16:17:38,168
SOMO00001,REminiscence Vita,6258,11/25/2021, 17:18:34,168
SOMO00001,REminiscence Vita,6258,11/25/2021, 18:13:50,168
SOMO00001,REminiscence Vita,6258,11/25/2021, 19:09:58,168
SOMO00001,REminiscence Vita,6259,11/25/2021, 20:12:53,168
SOMO00001,REminiscence Vita,6259,11/25/2021, 21:10:25,168
SOMO00001,REminiscence Vita,6259,11/25/2021, 22:11:55,168
SOMO00001,REminiscence Vita,6259,11/25/2021, 23:11:58,168
SOMO00001,REminiscence Vita,6260,11/26/2021, 00:38:39,168
SOMO00001,REminiscence Vita,6260,11/26/2021, 01:53:28,168
SOMO00001,REminiscence Vita,6260,11/26/2021, 02:27:04,168
SOMO00001,REminiscence Vita,6260,11/26/2021, 03:12:49,168
SOMO00001,REminiscence Vita,6260,11/26/2021, 04:15:28,168
SOMO00001,REminiscence Vita,6260,11/26/2021, 05:10:55,168
SOMO00001,REminiscence Vita,6260,11/26/2021, 06:14:36,168
SOMO00001,REminiscence Vita,6260,11/26/2021, 07:12:22,168
SOMO00001,REminiscence Vita,6260,11/26/2021, 08:14:17,168
SOMO00001,REminiscence Vita,6260,11/26/2021, 09:12:30,168
SOMO00001,REminiscence Vita,6260,11/26/2021, 10:13:11,168
SOMO00001,REminiscence Vita,6260,11/26/2021, 11:10:31,168
SOMO00001,REminiscence Vita,6260,11/26/2021, 12:18:38,168
SOMO00001,REminiscence Vita,6260,11/26/2021, 13:18:51,168
SOMO00001,REminiscence Vita,6260,11/26/2021, 14:12:34,168
SOMO00001,REminiscence Vita,6260,11/26/2021, 15:12:47,168
SOMO00001,REminiscence Vita,6260,11/26/2021, 16:17:47,168
SOMO00001,REminiscence Vita,6260,11/26/2021, 17:18:19,168
SOMO00001,REminiscence Vita,6260,11/26/2021, 18:13:54,168
SOMO00001,REminiscence Vita,6260,11/26/2021, 19:10:00,168
SOMO00001,REminiscence Vita,6260,11/26/2021, 20:12:52,168
SOMO00001,REminiscence Vita,6260,11/26/2021, 21:10:25,168
SOMO00001,REminiscence Vita,6260,11/26/2021, 22:11:52,168
SOMO00001,REminiscence Vita,6260,11/26/2021, 23:11:54,168
SOMO00001,REminiscence Vita,6260,11/27/2021, 00:38:17,168
SOMO00001,REminiscence Vita,6261,11/27/2021, 01:52:14,168
SOMO00001,REminiscence Vita,6261,11/27/2021, 02:27:34,168
SOMO00001,REminiscence Vita,6261,11/27/2021, 03:12:24,168
SOMO00001,REminiscence Vita,6261,11/27/2021, 04:15:11,168
SOMO00001,REminiscence Vita,6261,11/27/2021, 05:10:14,168
SOMO00001,REminiscence Vita,6262,11/27/2021, 06:13:52,168
SOMO00001,REminiscence Vita,6262,11/27/2021, 07:11:47,168
SOMO00001,REminiscence Vita,6262,11/27/2021, 08:14:09,168
SOMO00001,REminiscence Vita,6262,11/27/2021, 09:11:54,168
SOMO00001,REminiscence Vita,6262,11/27/2021, 10:12:39,168
SOMO00001,REminiscence Vita,6262,11/27/2021, 11:09:47,168
SOMO00001,REminiscence Vita,6262,11/27/2021, 12:17:43,168
SOMO00001,REminiscence Vita,6262,11/27/2021, 13:16:49,168
SOMO00001,REminiscence Vita,6262,11/27/2021, 14:10:41,168
SOMO00001,REminiscence Vita,6262,11/27/2021, 15:12:06,168
SOMO00001,REminiscence Vita,6262,11/27/2021, 16:17:02,168
SOMO00001,REminiscence Vita,6262,11/27/2021, 17:16:56,168
SOMO00001,REminiscence Vita,6262,11/27/2021, 18:13:13,168
SOMO00001,REminiscence Vita,6262,11/27/2021, 19:09:47,168
SOMO00001,REminiscence Vita,6262,11/27/2021, 20:11:58,168
SOMO00001,REminiscence Vita,6262,11/27/2021, 23:19:00,168
SOMO00001,REminiscence Vita,6262,11/28/2021, 00:40:38,168
SOMO00001,REminiscence Vita,6262,11/28/2021, 01:51:56,168
SOMO00001,REminiscence Vita,6262,11/28/2021, 02:27:09,168
SOMO00001,REminiscence Vita,6262,11/28/2021, 03:12:14,168
SOMO00001,REminiscence Vita,6262,11/28/2021, 04:14:55,168
SOMO00001,REminiscence Vita,6262,11/28/2021, 05:10:22,168
SOMO00001,REminiscence Vita,6262,11/28/2021, 06:14:19,168
SOMO00001,REminiscence Vita,6262,11/28/2021, 07:11:50,168
SOMO00001,REminiscence Vita,6262,11/28/2021, 08:13:50,168
SOMO00001,REminiscence Vita,6262,11/28/2021, 09:12:03,168
SOMO00001,REminiscence Vita,6263,11/28/2021, 10:12:46,168
SOMO00001,REminiscence Vita,6263,11/28/2021, 11:10:01,168
SOMO00001,REminiscence Vita,6263,11/28/2021, 12:17:42,168
SOMO00001,REminiscence Vita,6263,11/28/2021, 13:16:48,168
SOMO00001,REminiscence Vita,6263,11/28/2021, 14:10:37,168
SOMO00001,REminiscence Vita,6263,11/28/2021, 15:12:28,168
SOMO00001,REminiscence Vita,6263,11/28/2021, 16:16:41,168
SOMO00001,REminiscence Vita,6263,11/28/2021, 17:17:02,168
SOMO00001,REminiscence Vita,6263,11/28/2021, 18:13:23,168
SOMO00001,REminiscence Vita,6263,11/28/2021, 19:09:36,168
SOMO00001,REminiscence Vita,6263,11/28/2021, 20:12:08,168
SOMO00001,REminiscence Vita,6263,11/28/2021, 21:09:58,168
SOMO00001,REminiscence Vita,6263,11/28/2021, 22:11:37,168
SOMO00001,REminiscence Vita,6263,11/28/2021, 23:11:50,168
SOMO00001,REminiscence Vita,6263,11/29/2021, 00:39:37,168
SOMO00001,REminiscence Vita,6263,11/29/2021, 01:55:02,168
SOMO00001,REminiscence Vita,6263,11/29/2021, 02:27:37,168
SOMO00001,REminiscence Vita,6263,11/29/2021, 03:12:38,168
SOMO00001,REminiscence Vita,6263,11/29/2021, 04:15:51,168
SOMO00001,REminiscence Vita,6263,11/29/2021, 05:11:26,168
SOMO00001,REminiscence Vita,6263,11/29/2021, 06:14:45,168
SOMO00001,REminiscence Vita,6263,11/29/2021, 07:12:42,168
SOMO00001,REminiscence Vita,6263,11/29/2021, 08:14:52,168
SOMO00001,REminiscence Vita,6263,11/29/2021, 09:12:47,168
SOMO00001,REminiscence Vita,6263,11/29/2021, 10:15:56,168
SOMO00001,REminiscence Vita,6263,11/29/2021, 11:10:34,168
SOMO00001,REminiscence Vita,6263,11/29/2021, 12:19:04,168
SOMO00001,REminiscence Vita,6263,11/29/2021, 13:19:39,168
SOMO00001,REminiscence Vita,6264,11/29/2021, 14:15:14,168
SOMO00001,REminiscence Vita,6264,11/29/2021, 15:17:10,168
SOMO00001,REminiscence Vita,6264,11/29/2021, 16:18:46,168
SOMO00001,REminiscence Vita,6264,11/29/2021, 17:24:09,168
SOMO00001,REminiscence Vita,6264,11/29/2021, 18:19:17,168
SOMO00001,REminiscence Vita,6264,11/29/2021, 19:10:21,168
SOMO00001,REminiscence Vita,6264,11/29/2021, 20:12:58,168
SOMO00001,REminiscence Vita,6264,11/29/2021, 21:10:46,168
SOMO00001,REminiscence Vita,6265,11/29/2021, 22:12:03,168
SOMO00001,REminiscence Vita,6265,11/29/2021, 23:12:25,168
SOMO00001,REminiscence Vita,6265,11/30/2021, 00:41:12,168
SOMO00001,REminiscence Vita,6265,11/30/2021, 01:46:32,168
SOMO00001,REminiscence Vita,6266,11/30/2021, 02:15:14,168
SOMO00001,REminiscence Vita,6266,11/30/2021, 03:10:48,168
SOMO00001,REminiscence Vita,6267,11/30/2021, 04:13:06,168
SOMO00001,REminiscence Vita,6267,11/30/2021, 05:09:28,168
SOMO00001,REminiscence Vita,6267,11/30/2021, 06:12:04,168
SOMO00001,REminiscence Vita,6267,11/30/2021, 07:10:13,168
SOMO00001,REminiscence Vita,6267,11/30/2021, 08:12:35,168
SOMO00001,REminiscence Vita,6267,11/30/2021, 09:13:06,168
SOMO00001,REminiscence Vita,6267,11/30/2021, 10:16:10,168
SOMO00001,REminiscence Vita,6267,11/30/2021, 11:14:06,168
SOMO00001,REminiscence Vita,6267,11/30/2021, 12:17:55,168
SOMO00001,REminiscence Vita,6267,11/30/2021, 13:12:56,168
SOMO00001,REminiscence Vita,6267,11/30/2021, 14:11:36,168
SOMO00001,REminiscence Vita,6267,11/30/2021, 15:12:55,168
SOMO00001,REminiscence Vita,6267,11/30/2021, 16:18:05,168
SOMO00001,REminiscence Vita,6267,11/30/2021, 17:24:05,168
SOMO00001,REminiscence Vita,6267,11/30/2021, 18:16:26,168
SOMO00001,REminiscence Vita,6267,11/30/2021, 19:09:40,168
SOMO00001,REminiscence Vita,6267,11/30/2021, 20:12:45,168
SOMO00001,REminiscence Vita,6267,11/30/2021, 21:10:50,168
SOMO00001,REminiscence Vita,6267,11/30/2021, 22:12:04,168
SOMO00001,REminiscence Vita,6268,11/30/2021, 23:12:07,168
SOMO00001,REminiscence Vita,6269,12/01/2021, 00:42:00,168
SOMO00001,REminiscence Vita,6269,12/01/2021, 02:00:21,168
SOMO00001,REminiscence Vita,6269,12/01/2021, 02:39:27,168
SOMO00001,REminiscence Vita,6269,12/01/2021, 03:13:37,168
SOMO00001,REminiscence Vita,6269,12/01/2021, 04:15:48,168
SOMO00001,REminiscence Vita,6269,12/01/2021, 05:12:05,168
SOMO00001,REminiscence Vita,6269,12/01/2021, 06:14:51,168
SOMO00001,REminiscence Vita,6269,12/01/2021, 07:12:22,168
SOMO00001,REminiscence Vita,6270,12/01/2021, 08:16:39,168
SOMO00001,REminiscence Vita,6270,12/01/2021, 09:18:00,168
SOMO00001,REminiscence Vita,6270,12/01/2021, 10:17:56,168
SOMO00001,REminiscence Vita,6270,12/01/2021, 11:14:46,168
SOMO00001,REminiscence Vita,6270,12/01/2021, 12:19:39,168
SOMO00001,REminiscence Vita,6270,12/01/2021, 13:20:13,168
SOMO00001,REminiscence Vita,6270,12/01/2021, 14:11:58,168
SOMO00001,REminiscence Vita,6270,12/01/2021, 15:13:30,168
SOMO00001,REminiscence Vita,6270,12/01/2021, 16:18:21,168
SOMO00001,REminiscence Vita,6270,12/01/2021, 17:24:59,168
SOMO00001,REminiscence Vita,6270,12/01/2021, 18:19:06,168
SOMO00001,REminiscence Vita,6271,12/01/2021, 19:12:41,168
SOMO00001,REminiscence Vita,6271,12/01/2021, 20:13:52,168
SOMO00001,REminiscence Vita,6271,12/01/2021, 21:10:57,168
SOMO00001,REminiscence Vita,6271,12/01/2021, 22:12:07,168
SOMO00001,REminiscence Vita,6271,12/01/2021, 23:12:10,168
SOMO00001,REminiscence Vita,6271,12/02/2021, 00:39:30,168
SOMO00001,REminiscence Vita,6271,12/02/2021, 01:55:54,168
SOMO00001,REminiscence Vita,6271,12/02/2021, 02:28:24,168
SOMO00001,REminiscence Vita,6271,12/02/2021, 03:12:39,168
SOMO00001,REminiscence Vita,6271,12/02/2021, 04:15:23,168
SOMO00001,REminiscence Vita,6271,12/02/2021, 05:11:24,168
SOMO00001,REminiscence Vita,6271,12/02/2021, 06:14:20,168
SOMO00001,REminiscence Vita,6271,12/02/2021, 07:12:39,168
SOMO00001,REminiscence Vita,6271,12/02/2021, 08:14:36,168
SOMO00001,REminiscence Vita,6271,12/02/2021, 09:14:59,168
SOMO00001,REminiscence Vita,6271,12/02/2021, 10:12:58,168
SOMO00001,REminiscence Vita,6271,12/02/2021, 11:14:56,168
SOMO00001,REminiscence Vita,6271,12/02/2021, 12:18:52,168
SOMO00001,REminiscence Vita,6271,12/02/2021, 13:18:57,168
SOMO00001,REminiscence Vita,6271,12/02/2021, 14:11:36,168
SOMO00001,REminiscence Vita,6271,12/02/2021, 15:11:15,168
SOMO00001,REminiscence Vita,6271,12/02/2021, 16:18:12,168
SOMO00001,REminiscence Vita,6271,12/02/2021, 17:19:14,168
SOMO00001,REminiscence Vita,6271,12/02/2021, 18:14:35,168
SOMO00001,REminiscence Vita,6271,12/02/2021, 19:10:12,168
SOMO00001,REminiscence Vita,6271,12/02/2021, 20:13:04,168
SOMO00001,REminiscence Vita,6271,12/02/2021, 21:10:53,168
SOMO00001,REminiscence Vita,6271,12/02/2021, 22:12:09,168
SOMO00001,REminiscence Vita,6271,12/02/2021, 23:12:22,168
SOMO00001,REminiscence Vita,6271,12/03/2021, 00:39:56,168
SOMO00001,REminiscence Vita,6271,12/03/2021, 01:55:25,168
SOMO00001,REminiscence Vita,6271,12/03/2021, 02:28:09,168
SOMO00001,REminiscence Vita,6271,12/03/2021, 03:12:32,168
SOMO00001,REminiscence Vita,6271,12/03/2021, 04:15:40,168
SOMO00001,REminiscence Vita,6271,12/03/2021, 05:11:25,168
SOMO00001,REminiscence Vita,6271,12/03/2021, 06:14:37,168
SOMO00001,REminiscence Vita,6271,12/03/2021, 07:12:22,168
SOMO00001,REminiscence Vita,6271,12/03/2021, 08:14:50,168
SOMO00001,REminiscence Vita,6271,12/03/2021, 09:12:34,168
SOMO00001,REminiscence Vita,6271,12/03/2021, 10:13:06,168
SOMO00001,REminiscence Vita,6271,12/03/2021, 11:10:26,168
SOMO00001,REminiscence Vita,6271,12/03/2021, 12:18:57,168
SOMO00001,REminiscence Vita,6271,12/03/2021, 13:19:21,168
SOMO00001,REminiscence Vita,6271,12/03/2021, 14:11:50,168
SOMO00001,REminiscence Vita,6272,12/03/2021, 15:13:05,168
SOMO00001,REminiscence Vita,6272,12/03/2021, 16:18:10,168
SOMO00001,REminiscence Vita,6272,12/03/2021, 17:19:19,168
SOMO00001,REminiscence Vita,6272,12/03/2021, 18:14:16,168
SOMO00001,REminiscence Vita,6272,12/03/2021, 19:10:15,168
SOMO00001,REminiscence Vita,6272,12/03/2021, 20:13:07,168
SOMO00001,REminiscence Vita,6272,12/03/2021, 21:10:29,168
SOMO00001,REminiscence Vita,6272,12/03/2021, 22:11:47,168
SOMO00001,REminiscence Vita,6272,12/03/2021, 23:12:05,168
SOMO00001,REminiscence Vita,6273,12/04/2021, 00:39:51,168
SOMO00001,REminiscence Vita,6273,12/04/2021, 01:54:56,168
SOMO00001,REminiscence Vita,6273,12/04/2021, 02:30:08,168
SOMO00001,REminiscence Vita,6273,12/04/2021, 03:12:16,168
SOMO00001,REminiscence Vita,6273,12/04/2021, 04:15:45,168
SOMO00001,REminiscence Vita,6273,12/04/2021, 05:11:45,168
SOMO00001,REminiscence Vita,6273,12/04/2021, 06:14:17,168
SOMO00001,REminiscence Vita,6273,12/04/2021, 07:12:05,168
SOMO00001,REminiscence Vita,6273,12/04/2021, 08:14:32,168
SOMO00001,REminiscence Vita,6273,12/04/2021, 09:12:12,168
SOMO00001,REminiscence Vita,6273,12/04/2021, 10:12:42,168
SOMO00001,REminiscence Vita,6273,12/04/2021, 11:10:00,168
SOMO00001,REminiscence Vita,6273,12/04/2021, 12:18:48,168
SOMO00001,REminiscence Vita,6273,12/04/2021, 13:19:57,168
SOMO00001,REminiscence Vita,6273,12/04/2021, 14:10:57,168
SOMO00001,REminiscence Vita,6273,12/04/2021, 15:12:25,168
SOMO00001,REminiscence Vita,6274,12/04/2021, 16:17:29,168
SOMO00001,REminiscence Vita,6274,12/04/2021, 17:18:59,168
SOMO00001,REminiscence Vita,6274,12/04/2021, 18:14:07,168
SOMO00001,REminiscence Vita,6274,12/04/2021, 19:09:52,168
SOMO00001,REminiscence Vita,6274,12/04/2021, 20:12:45,168
SOMO00001,REminiscence Vita,6274,12/04/2021, 21:10:40,168
SOMO00001,REminiscence Vita,6274,12/04/2021, 22:12:12,168
SOMO00001,REminiscence Vita,6274,12/04/2021, 23:12:16,168
SOMO00001,REminiscence Vita,6274,12/05/2021, 00:43:09,168
SOMO00001,REminiscence Vita,6274,12/05/2021, 02:02:33,168
SOMO00001,REminiscence Vita,6274,12/05/2021, 03:12:33,168
SOMO00001,REminiscence Vita,6274,12/05/2021, 04:15:47,168
SOMO00001,REminiscence Vita,6274,12/05/2021, 05:11:27,168
SOMO00001,REminiscence Vita,6274,12/05/2021, 06:14:04,168
SOMO00001,REminiscence Vita,6274,12/05/2021, 07:11:54,168
SOMO00001,REminiscence Vita,6274,12/05/2021, 08:14:05,168
SOMO00001,REminiscence Vita,6274,12/05/2021, 09:12:01,168
SOMO00001,REminiscence Vita,6274,12/05/2021, 10:12:50,168
SOMO00001,REminiscence Vita,6274,12/05/2021, 11:09:54,168
SOMO00001,REminiscence Vita,6274,12/05/2021, 12:18:12,168
SOMO00001,REminiscence Vita,6274,12/05/2021, 13:17:54,168
SOMO00001,REminiscence Vita,6275,12/05/2021, 14:10:59,168
SOMO00001,REminiscence Vita,6275,12/05/2021, 15:12:13,168
SOMO00001,REminiscence Vita,6275,12/05/2021, 16:17:17,168
SOMO00001,REminiscence Vita,6275,12/05/2021, 17:17:50,168
SOMO00001,REminiscence Vita,6275,12/05/2021, 18:13:45,168
SOMO00001,REminiscence Vita,6275,12/05/2021, 19:09:57,168
SOMO00001,REminiscence Vita,6275,12/05/2021, 20:12:30,168
SOMO00001,REminiscence Vita,6275,12/05/2021, 21:10:22,168
SOMO00001,REminiscence Vita,6275,12/05/2021, 22:11:26,168
SOMO00001,REminiscence Vita,6275,12/05/2021, 23:11:45,168
SOMO00001,REminiscence Vita,6276,12/06/2021, 00:41:58,168
SOMO00001,REminiscence Vita,6276,12/06/2021, 01:58:32,168
SOMO00001,REminiscence Vita,6276,12/06/2021, 02:33:57,168
SOMO00001,REminiscence Vita,6276,12/06/2021, 03:12:48,168
SOMO00001,REminiscence Vita,6276,12/06/2021, 04:15:57,168
SOMO00001,REminiscence Vita,6276,12/06/2021, 05:12:05,168
SOMO00001,REminiscence Vita,6276,12/06/2021, 06:14:48,168
SOMO00001,REminiscence Vita,6276,12/06/2021, 07:12:44,168
SOMO00001,REminiscence Vita,6276,12/06/2021, 08:15:02,168
SOMO00001,REminiscence Vita,6276,12/06/2021, 09:13:27,168
SOMO00001,REminiscence Vita,6276,12/06/2021, 10:13:34,168
SOMO00001,REminiscence Vita,6276,12/06/2021, 11:10:32,168
SOMO00001,REminiscence Vita,6276,12/06/2021, 12:19:33,168
SOMO00001,REminiscence Vita,6276,12/06/2021, 13:20:32,168
SOMO00001,REminiscence Vita,6276,12/06/2021, 14:11:40,168
SOMO00001,REminiscence Vita,6276,12/06/2021, 15:13:14,168
SOMO00001,REminiscence Vita,6277,12/06/2021, 16:15:41,168
SOMO00001,REminiscence Vita,6277,12/06/2021, 17:12:29,168
SOMO00001,REminiscence Vita,6277,12/06/2021, 18:17:07,168
SOMO00001,REminiscence Vita,6278,12/06/2021, 19:10:06,168
SOMO00001,REminiscence Vita,6278,12/06/2021, 20:13:43,168
SOMO00001,REminiscence Vita,6278,12/06/2021, 21:11:21,168
SOMO00001,REminiscence Vita,6278,12/06/2021, 22:12:39,168
SOMO00001,REminiscence Vita,6278,12/06/2021, 23:13:06,168
SOMO00001,REminiscence Vita,6278,12/07/2021, 00:42:13,168
SOMO00001,REminiscence Vita,6279,12/07/2021, 02:01:38,168
SOMO00001,REminiscence Vita,6279,12/07/2021, 03:13:12,168
SOMO00001,REminiscence Vita,6279,12/07/2021, 04:16:02,168
SOMO00001,REminiscence Vita,6279,12/07/2021, 05:12:46,168
SOMO00001,REminiscence Vita,6280,12/07/2021, 06:15:20,168
SOMO00001,REminiscence Vita,6280,12/07/2021, 07:12:42,168
SOMO00001,REminiscence Vita,6280,12/07/2021, 08:15:43,168
SOMO00001,REminiscence Vita,6280,12/07/2021, 09:13:19,168
SOMO00001,REminiscence Vita,6280,12/07/2021, 10:14:23,168
SOMO00001,REminiscence Vita,6280,12/07/2021, 11:11:14,168
SOMO00001,REminiscence Vita,6280,12/07/2021, 12:21:05,168
SOMO00001,REminiscence Vita,6280,12/07/2021, 13:23:34,168
SOMO00001,REminiscence Vita,6280,12/07/2021, 14:12:28,168
SOMO00001,REminiscence Vita,6280,12/07/2021, 15:13:27,168
SOMO00001,REminiscence Vita,6280,12/07/2021, 16:19:14,168
SOMO00001,REminiscence Vita,6280,12/07/2021, 17:21:52,168
SOMO00001,REminiscence Vita,6280,12/07/2021, 18:14:49,168
SOMO00001,REminiscence Vita,6280,12/07/2021, 19:10:30,168
SOMO00001,REminiscence Vita,6280,12/07/2021, 20:13:32,168
SOMO00001,REminiscence Vita,6281,12/07/2021, 21:11:13,168
SOMO00001,REminiscence Vita,6281,12/07/2021, 22:12:06,168
SOMO00001,REminiscence Vita,6281,12/07/2021, 23:12:29,168
SOMO00001,REminiscence Vita,6282,12/08/2021, 00:42:27,168
SOMO00001,REminiscence Vita,6282,12/08/2021, 01:59:36,168
SOMO00001,REminiscence Vita,6282,12/08/2021, 02:37:15,168
SOMO00001,REminiscence Vita,6282,12/08/2021, 03:12:33,168
SOMO00001,REminiscence Vita,6282,12/08/2021, 04:15:50,168
SOMO00001,REminiscence Vita,6282,12/08/2021, 05:12:00,168
SOMO00001,REminiscence Vita,6282,12/08/2021, 06:15:12,168
SOMO00001,REminiscence Vita,6282,12/08/2021, 07:12:22,168
SOMO00001,REminiscence Vita,6282,12/08/2021, 08:14:59,168
SOMO00001,REminiscence Vita,6282,12/08/2021, 09:12:50,168
SOMO00001,REminiscence Vita,6282,12/08/2021, 10:13:22,168
SOMO00001,REminiscence Vita,6282,12/08/2021, 11:10:38,168
SOMO00001,REminiscence Vita,6282,12/08/2021, 12:19:28,168
SOMO00001,REminiscence Vita,6283,12/08/2021, 13:20:51,168
SOMO00001,REminiscence Vita,6283,12/08/2021, 14:12:03,168
SOMO00001,REminiscence Vita,6283,12/08/2021, 15:13:00,168
SOMO00001,REminiscence Vita,6283,12/08/2021, 16:16:53,168
SOMO00001,REminiscence Vita,6283,12/08/2021, 17:20:04,168
SOMO00001,REminiscence Vita,6283,12/08/2021, 18:14:28,168
SOMO00001,REminiscence Vita,6283,12/08/2021, 19:10:35,168
SOMO00001,REminiscence Vita,6283,12/08/2021, 20:13:07,168
SOMO00001,REminiscence Vita,6283,12/08/2021, 21:10:57,168
SOMO00001,REminiscence Vita,6283,12/08/2021, 22:12:14,168
SOMO00001,REminiscence Vita,6283,12/08/2021, 23:12:33,168
SOMO00001,REminiscence Vita,6284,12/09/2021, 00:40:52,168
SOMO00001,REminiscence Vita,6284,12/09/2021, 01:58:11,168
SOMO00001,REminiscence Vita,6284,12/09/2021, 02:33:35,168
SOMO00001,REminiscence Vita,6284,12/09/2021, 03:12:46,168
SOMO00001,REminiscence Vita,6284,12/09/2021, 04:15:53,168
SOMO00001,REminiscence Vita,6285,12/09/2021, 05:12:30,168
SOMO00001,REminiscence Vita,6285,12/09/2021, 06:14:53,168
SOMO00001,REminiscence Vita,6285,12/09/2021, 07:12:25,168
SOMO00001,REminiscence Vita,6285,12/09/2021, 08:14:57,168
SOMO00001,REminiscence Vita,6285,12/09/2021, 09:15:17,168
SOMO00001,REminiscence Vita,6285,12/09/2021, 10:18:00,168
SOMO00001,REminiscence Vita,6285,12/09/2021, 11:10:28,168
SOMO00001,REminiscence Vita,6285,12/09/2021, 12:19:33,168
SOMO00001,REminiscence Vita,6285,12/09/2021, 13:20:26,168
SOMO00001,REminiscence Vita,6285,12/09/2021, 14:16:06,168
SOMO00001,REminiscence Vita,6285,12/09/2021, 15:15:11,168
SOMO00001,REminiscence Vita,6285,12/09/2021, 16:17:56,168
SOMO00001,REminiscence Vita,6286,12/09/2021, 17:22:44,168
SOMO00001,REminiscence Vita,6286,12/09/2021, 18:14:28,168
SOMO00001,REminiscence Vita,6286,12/09/2021, 19:10:22,168
SOMO00001,REminiscence Vita,6286,12/09/2021, 20:13:18,168
SOMO00001,REminiscence Vita,6286,12/09/2021, 21:11:09,168
SOMO00001,REminiscence Vita,6287,12/09/2021, 22:12:02,168
SOMO00001,REminiscence Vita,6287,12/09/2021, 23:12:23,168
SOMO00001,REminiscence Vita,6287,12/10/2021, 00:41:36,168
SOMO00001,REminiscence Vita,6287,12/10/2021, 01:54:22,168
SOMO00001,REminiscence Vita,6287,12/10/2021, 02:28:05,168
SOMO00001,REminiscence Vita,6287,12/10/2021, 03:12:45,168
SOMO00001,REminiscence Vita,6287,12/10/2021, 04:15:42,168
SOMO00001,REminiscence Vita,6287,12/10/2021, 05:11:43,168
SOMO00001,REminiscence Vita,6287,12/10/2021, 06:15:44,168
SOMO00001,REminiscence Vita,6287,12/10/2021, 07:12:25,168
SOMO00001,REminiscence Vita,6287,12/10/2021, 08:14:39,168
SOMO00001,REminiscence Vita,6287,12/10/2021, 09:12:49,168
SOMO00001,REminiscence Vita,6287,12/10/2021, 10:13:30,168
SOMO00001,REminiscence Vita,6287,12/10/2021, 11:10:41,168
SOMO00001,REminiscence Vita,6287,12/10/2021, 12:19:08,168
SOMO00001,REminiscence Vita,6287,12/10/2021, 13:19:37,168
SOMO00001,REminiscence Vita,6287,12/10/2021, 14:12:10,168
SOMO00001,REminiscence Vita,6287,12/10/2021, 15:13:02,168
SOMO00001,REminiscence Vita,6287,12/10/2021, 16:18:14,168
SOMO00001,REminiscence Vita,6287,12/10/2021, 17:19:26,168
SOMO00001,REminiscence Vita,6287,12/10/2021, 18:14:23,168
SOMO00001,REminiscence Vita,6287,12/10/2021, 19:10:06,168
SOMO00001,REminiscence Vita,6287,12/10/2021, 20:12:52,168
SOMO00001,REminiscence Vita,6287,12/10/2021, 21:10:45,168
SOMO00001,REminiscence Vita,6287,12/10/2021, 22:11:56,168
SOMO00001,REminiscence Vita,6287,12/10/2021, 23:12:14,168
SOMO00001,REminiscence Vita,6287,12/11/2021, 00:39:30,168
SOMO00001,REminiscence Vita,6287,12/11/2021, 01:55:50,168
SOMO00001,REminiscence Vita,6287,12/11/2021, 02:30:58,168
SOMO00001,REminiscence Vita,6287,12/11/2021, 03:12:10,168
SOMO00001,REminiscence Vita,6287,12/11/2021, 04:15:25,168
SOMO00001,REminiscence Vita,6287,12/11/2021, 05:11:04,168
SOMO00001,REminiscence Vita,6287,12/11/2021, 06:14:13,168
SOMO00001,REminiscence Vita,6287,12/11/2021, 07:12:10,168
SOMO00001,REminiscence Vita,6287,12/11/2021, 08:13:56,168
SOMO00001,REminiscence Vita,6287,12/11/2021, 09:12:11,168
SOMO00001,REminiscence Vita,6287,12/11/2021, 10:12:38,168
SOMO00001,REminiscence Vita,6287,12/11/2021, 11:10:12,168
SOMO00001,REminiscence Vita,6287,12/11/2021, 12:18:15,168
SOMO00001,REminiscence Vita,6287,12/11/2021, 13:17:46,168
SOMO00001,REminiscence Vita,6287,12/11/2021, 14:10:41,168
SOMO00001,REminiscence Vita,6287,12/11/2021, 15:12:09,168
SOMO00001,REminiscence Vita,6287,12/11/2021, 16:17:06,168
SOMO00001,REminiscence Vita,6287,12/11/2021, 17:17:31,168
SOMO00001,REminiscence Vita,6287,12/11/2021, 18:13:34,168
SOMO00001,REminiscence Vita,6287,12/11/2021, 19:09:49,168
SOMO00001,REminiscence Vita,6287,12/11/2021, 20:12:28,168
SOMO00001,REminiscence Vita,6287,12/11/2021, 21:10:33,168
SOMO00001,REminiscence Vita,6287,12/11/2021, 22:11:32,168
SOMO00001,REminiscence Vita,6287,12/11/2021, 23:11:49,168
SOMO00001,REminiscence Vita,6287,12/12/2021, 00:43:10,168
SOMO00001,REminiscence Vita,6287,12/12/2021, 02:00:01,168
SOMO00001,REminiscence Vita,6287,12/12/2021, 02:37:53,168
SOMO00001,REminiscence Vita,6287,12/12/2021, 03:12:08,168
SOMO00001,REminiscence Vita,6288,12/12/2021, 04:15:35,168
SOMO00001,REminiscence Vita,6288,12/12/2021, 05:10:49,168
SOMO00001,REminiscence Vita,6288,12/12/2021, 06:14:04,168
SOMO00001,REminiscence Vita,6288,12/12/2021, 07:12:01,168
SOMO00001,REminiscence Vita,6288,12/12/2021, 08:14:02,168
SOMO00001,REminiscence Vita,6288,12/12/2021, 09:11:52,168
SOMO00001,REminiscence Vita,6288,12/12/2021, 10:12:57,168
SOMO00001,REminiscence Vita,6289,12/12/2021, 11:09:46,168
SOMO00001,REminiscence Vita,6289,12/12/2021, 12:18:18,168
SOMO00001,REminiscence Vita,6289,12/12/2021, 13:18:22,168
SOMO00001,REminiscence Vita,6289,12/12/2021, 14:11:02,168
SOMO00001,REminiscence Vita,6290,12/12/2021, 15:12:01,168
SOMO00001,REminiscence Vita,6290,12/12/2021, 16:17:19,168
SOMO00001,REminiscence Vita,6290,12/12/2021, 17:17:32,168
SOMO00001,REminiscence Vita,6290,12/12/2021, 18:13:31,168
SOMO00001,REminiscence Vita,6291,12/12/2021, 19:09:44,168
SOMO00001,REminiscence Vita,6292,12/12/2021, 20:12:28,168
SOMO00001,REminiscence Vita,6292,12/12/2021, 21:10:42,168
SOMO00001,REminiscence Vita,6293,12/12/2021, 22:11:26,168
SOMO00001,REminiscence Vita,6293,12/12/2021, 23:12:04,168
SOMO00001,REminiscence Vita,6294,12/13/2021, 00:41:18,168
SOMO00001,REminiscence Vita,6294,12/13/2021, 01:57:51,168
SOMO00001,REminiscence Vita,6294,12/13/2021, 02:33:04,168
SOMO00001,REminiscence Vita,6294,12/13/2021, 03:12:38,168
SOMO00001,REminiscence Vita,6294,12/13/2021, 04:15:43,168
SOMO00001,REminiscence Vita,6294,12/13/2021, 05:11:31,168
SOMO00001,REminiscence Vita,6294,12/13/2021, 06:14:55,168
SOMO00001,REminiscence Vita,6294,12/13/2021, 07:12:44,168
SOMO00001,REminiscence Vita,6294,12/13/2021, 08:14:55,168
SOMO00001,REminiscence Vita,6294,12/13/2021, 09:17:11,168
SOMO00001,REminiscence Vita,6294,12/13/2021, 10:18:19,168
SOMO00001,REminiscence Vita,6294,12/13/2021, 11:10:43,168
SOMO00001,REminiscence Vita,6294,12/13/2021, 12:19:36,168
SOMO00001,REminiscence Vita,6294,12/13/2021, 13:20:11,168
SOMO00001,REminiscence Vita,6294,12/13/2021, 14:11:55,168
SOMO00001,REminiscence Vita,6294,12/13/2021, 15:14:26,168
SOMO00001,REminiscence Vita,6294,12/13/2021, 16:18:11,168
SOMO00001,REminiscence Vita,6294,12/13/2021, 17:19:42,168
SOMO00001,REminiscence Vita,6294,12/13/2021, 18:14:29,168
SOMO00001,REminiscence Vita,6294,12/13/2021, 19:10:16,168
SOMO00001,REminiscence Vita,6294,12/13/2021, 20:13:05,168
SOMO00001,REminiscence Vita,6294,12/13/2021, 21:11:03,168
SOMO00001,REminiscence Vita,6294,12/13/2021, 22:10:07,168
SOMO00001,REminiscence Vita,6294,12/13/2021, 23:12:33,168
SOMO00001,REminiscence Vita,6295,12/14/2021, 00:43:40,168
SOMO00001,REminiscence Vita,6295,12/14/2021, 02:00:55,168
SOMO00001,REminiscence Vita,6295,12/14/2021, 02:40:09,168
SOMO00001,REminiscence Vita,6295,12/14/2021, 03:12:22,168
SOMO00001,REminiscence Vita,6295,12/14/2021, 04:15:40,168
SOMO00001,REminiscence Vita,6295,12/14/2021, 05:11:30,168
SOMO00001,REminiscence Vita,6296,12/14/2021, 06:15:07,168
SOMO00001,REminiscence Vita,6296,12/14/2021, 07:12:29,168
SOMO00001,REminiscence Vita,6296,12/14/2021, 08:15:14,168
SOMO00001,REminiscence Vita,6296,12/14/2021, 09:13:16,168
SOMO00001,REminiscence Vita,6296,12/14/2021, 10:13:41,168
SOMO00001,REminiscence Vita,6296,12/14/2021, 11:15:07,168
SOMO00001,REminiscence Vita,6296,12/14/2021, 12:19:16,168
SOMO00001,REminiscence Vita,6296,12/14/2021, 13:19:25,168
SOMO00001,REminiscence Vita,6296,12/14/2021, 14:11:41,168
SOMO00001,REminiscence Vita,6296,12/14/2021, 15:13:04,168
SOMO00001,REminiscence Vita,6296,12/14/2021, 16:18:38,168
SOMO00001,REminiscence Vita,6296,12/14/2021, 17:19:24,168
SOMO00001,REminiscence Vita,6296,12/14/2021, 18:14:21,168
SOMO00001,REminiscence Vita,6297,12/14/2021, 19:10:21,168
SOMO00001,REminiscence Vita,6297,12/14/2021, 20:13:06,168
SOMO00001,REminiscence Vita,6299,12/14/2021, 21:09:28,168
SOMO00001,REminiscence Vita,6299,12/14/2021, 22:12:25,168
SOMO00001,REminiscence Vita,6299,12/14/2021, 23:12:30,168
SOMO00001,REminiscence Vita,6300,12/15/2021, 00:40:41,168
SOMO00001,REminiscence Vita,6300,12/15/2021, 01:57:46,168
SOMO00001,REminiscence Vita,6300,12/15/2021, 02:32:37,168
SOMO00001,REminiscence Vita,6300,12/15/2021, 03:12:40,168
SOMO00001,REminiscence Vita,6300,12/15/2021, 04:15:45,168
SOMO00001,REminiscence Vita,6300,12/15/2021, 05:11:46,168
SOMO00001,REminiscence Vita,6300,12/15/2021, 06:13:53,168
SOMO00001,REminiscence Vita,6300,12/15/2021, 07:12:33,168
SOMO00001,REminiscence Vita,6300,12/15/2021, 08:14:41,168
SOMO00001,REminiscence Vita,6300,12/15/2021, 09:12:34,168
SOMO00001,REminiscence Vita,6300,12/15/2021, 10:13:29,168
SOMO00001,REminiscence Vita,6300,12/15/2021, 11:10:35,168
SOMO00001,REminiscence Vita,6300,12/15/2021, 12:19:22,168
SOMO00001,REminiscence Vita,6300,12/15/2021, 13:19:47,168
SOMO00001,REminiscence Vita,6300,12/15/2021, 14:11:41,168
SOMO00001,REminiscence Vita,6300,12/15/2021, 15:13:03,168
SOMO00001,REminiscence Vita,6300,12/15/2021, 16:18:06,168
SOMO00001,REminiscence Vita,6300,12/15/2021, 17:19:37,168
SOMO00001,REminiscence Vita,6300,12/15/2021, 18:14:27,168
SOMO00001,REminiscence Vita,6300,12/15/2021, 19:10:35,168
SOMO00001,REminiscence Vita,6300,12/15/2021, 20:13:06,168
SOMO00001,REminiscence Vita,6300,12/15/2021, 21:11:01,168
SOMO00001,REminiscence Vita,6301,12/15/2021, 22:12:06,168
SOMO00001,REminiscence Vita,6301,12/15/2021, 23:12:29,168
SOMO00001,REminiscence Vita,6301,12/16/2021, 00:40:45,168
SOMO00001,REminiscence Vita,6301,12/16/2021, 01:57:13,168
SOMO00001,REminiscence Vita,6301,12/16/2021, 02:31:42,168
SOMO00001,REminiscence Vita,6301,12/16/2021, 03:12:38,168
SOMO00001,REminiscence Vita,6301,12/16/2021, 04:15:33,168
SOMO00001,REminiscence Vita,6301,12/16/2021, 05:11:35,168
SOMO00001,REminiscence Vita,6301,12/16/2021, 06:14:45,168
SOMO00001,REminiscence Vita,6301,12/16/2021, 07:12:31,168
SOMO00001,REminiscence Vita,6302,12/16/2021, 08:19:04,168
SOMO00001,REminiscence Vita,6302,12/16/2021, 09:13:03,168
SOMO00001,REminiscence Vita,6302,12/16/2021, 10:13:17,168
SOMO00001,REminiscence Vita,6302,12/16/2021, 11:10:39,168
SOMO00001,REminiscence Vita,6302,12/16/2021, 12:19:38,168
SOMO00001,REminiscence Vita,6302,12/16/2021, 13:19:48,168
SOMO00001,REminiscence Vita,6302,12/16/2021, 14:11:31,168
SOMO00001,REminiscence Vita,6302,12/16/2021, 15:13:05,168
SOMO00001,REminiscence Vita,6302,12/16/2021, 16:18:50,168
SOMO00001,REminiscence Vita,6303,12/16/2021, 17:19:24,168
SOMO00001,REminiscence Vita,6303,12/16/2021, 18:14:34,168
SOMO00001,REminiscence Vita,6303,12/16/2021, 19:10:16,168
SOMO00001,REminiscence Vita,6303,12/16/2021, 20:13:09,168
SOMO00001,REminiscence Vita,6304,12/16/2021, 21:11:06,168
SOMO00001,REminiscence Vita,6304,12/16/2021, 22:12:00,168
SOMO00001,REminiscence Vita,6304,12/16/2021, 23:12:35,168
SOMO00001,REminiscence Vita,6304,12/17/2021, 00:43:38,168
SOMO00001,REminiscence Vita,6304,12/17/2021, 02:01:44,168
SOMO00001,REminiscence Vita,6304,12/17/2021, 03:12:10,168
SOMO00001,REminiscence Vita,6304,12/17/2021, 04:15:51,168
SOMO00001,REminiscence Vita,6305,12/17/2021, 05:11:32,168
SOMO00001,REminiscence Vita,6305,12/17/2021, 06:15:05,168
SOMO00001,REminiscence Vita,6305,12/17/2021, 07:12:39,168
SOMO00001,REminiscence Vita,6305,12/17/2021, 08:14:55,168
SOMO00001,REminiscence Vita,6305,12/17/2021, 09:12:57,168
SOMO00001,REminiscence Vita,6305,12/17/2021, 10:13:15,168
SOMO00001,REminiscence Vita,6305,12/17/2021, 11:09:09,168
SOMO00001,REminiscence Vita,6305,12/17/2021, 12:19:13,168
SOMO00001,REminiscence Vita,6306,12/17/2021, 13:17:49,168
SOMO00001,REminiscence Vita,6306,12/17/2021, 14:11:37,168
SOMO00001,REminiscence Vita,6306,12/17/2021, 15:13:05,168
SOMO00001,REminiscence Vita,6306,12/17/2021, 16:18:14,168
SOMO00001,REminiscence Vita,6306,12/17/2021, 17:18:22,168
SOMO00001,REminiscence Vita,6306,12/17/2021, 18:14:18,168
SOMO00001,REminiscence Vita,6306,12/17/2021, 19:10:46,168
SOMO00001,REminiscence Vita,6306,12/17/2021, 20:11:13,168
SOMO00001,REminiscence Vita,6306,12/17/2021, 21:11:03,168
SOMO00001,REminiscence Vita,6306,12/17/2021, 22:12:06,168
SOMO00001,REminiscence Vita,6306,12/17/2021, 23:12:52,168
SOMO00001,REminiscence Vita,6306,12/18/2021, 00:43:45,168
SOMO00001,REminiscence Vita,6306,12/18/2021, 02:02:25,168
SOMO00001,REminiscence Vita,6306,12/18/2021, 03:14:12,168
SOMO00001,REminiscence Vita,6306,12/18/2021, 04:15:43,168
SOMO00001,REminiscence Vita,6306,12/18/2021, 05:11:32,168
SOMO00001,REminiscence Vita,6306,12/18/2021, 06:14:53,168
SOMO00001,REminiscence Vita,6306,12/18/2021, 07:11:59,168
SOMO00001,REminiscence Vita,6306,12/18/2021, 08:14:26,168
SOMO00001,REminiscence Vita,6306,12/18/2021, 09:12:03,168
SOMO00001,REminiscence Vita,6306,12/18/2021, 10:13:01,168
SOMO00001,REminiscence Vita,6308,12/18/2021, 11:09:52,168
SOMO00001,REminiscence Vita,6308,12/18/2021, 12:18:37,168
SOMO00001,REminiscence Vita,6308,12/18/2021, 13:19:01,168
SOMO00001,REminiscence Vita,6308,12/18/2021, 14:10:48,168
SOMO00001,REminiscence Vita,6308,12/18/2021, 15:12:18,168
SOMO00001,REminiscence Vita,6309,12/18/2021, 16:17:30,168
SOMO00001,REminiscence Vita,6309,12/18/2021, 17:19:02,168
SOMO00001,REminiscence Vita,6309,12/18/2021, 18:14:13,168
SOMO00001,REminiscence Vita,6309,12/18/2021, 19:09:48,168
SOMO00001,REminiscence Vita,6309,12/18/2021, 20:12:50,168
SOMO00001,REminiscence Vita,6309,12/18/2021, 21:12:00,168
SOMO00001,REminiscence Vita,6309,12/18/2021, 22:11:36,168
SOMO00001,REminiscence Vita,6309,12/18/2021, 23:12:07,168
SOMO00001,REminiscence Vita,6309,12/19/2021, 00:44:44,168
SOMO00001,REminiscence Vita,6309,12/19/2021, 02:04:40,168
SOMO00001,REminiscence Vita,6309,12/19/2021, 03:12:59,168
SOMO00001,REminiscence Vita,6309,12/19/2021, 04:15:45,168
SOMO00001,REminiscence Vita,6309,12/19/2021, 05:12:06,168
SOMO00001,REminiscence Vita,6309,12/19/2021, 06:14:32,168
SOMO00001,REminiscence Vita,6309,12/19/2021, 07:12:16,168
SOMO00001,REminiscence Vita,6309,12/19/2021, 08:14:29,168
SOMO00001,REminiscence Vita,6309,12/19/2021, 09:12:18,168
SOMO00001,REminiscence Vita,6309,12/19/2021, 10:12:47,168
SOMO00001,REminiscence Vita,6309,12/19/2021, 11:10:15,168
SOMO00001,REminiscence Vita,6309,12/19/2021, 12:19:07,168
SOMO00001,REminiscence Vita,6309,12/19/2021, 13:19:12,168
SOMO00001,REminiscence Vita,6309,12/19/2021, 14:11:15,168
SOMO00001,REminiscence Vita,6309,12/19/2021, 15:12:24,168
SOMO00001,REminiscence Vita,6309,12/19/2021, 16:17:51,168
SOMO00001,REminiscence Vita,6309,12/19/2021, 17:19:13,168
SOMO00001,REminiscence Vita,6309,12/19/2021, 18:13:54,168
SOMO00001,REminiscence Vita,6309,12/19/2021, 19:10:03,168
SOMO00001,REminiscence Vita,6309,12/19/2021, 20:13:02,168
SOMO00001,REminiscence Vita,6309,12/19/2021, 21:10:34,168
SOMO00001,REminiscence Vita,6309,12/19/2021, 22:12:42,168
SOMO00001,REminiscence Vita,6309,12/19/2021, 23:12:05,168
SOMO00001,REminiscence Vita,6309,12/20/2021, 00:42:45,168
SOMO00001,REminiscence Vita,6309,12/20/2021, 02:01:26,168
SOMO00001,REminiscence Vita,6309,12/20/2021, 03:13:15,168
SOMO00001,REminiscence Vita,6309,12/20/2021, 04:16:26,168
SOMO00001,REminiscence Vita,6309,12/20/2021, 05:13:27,168
SOMO00001,REminiscence Vita,6309,12/20/2021, 06:15:57,168
SOMO00001,REminiscence Vita,6310,12/20/2021, 07:12:50,168
SOMO00001,REminiscence Vita,6310,12/20/2021, 08:15:41,168
SOMO00001,REminiscence Vita,6310,12/20/2021, 09:13:24,168
SOMO00001,REminiscence Vita,6310,12/20/2021, 10:13:54,168
SOMO00001,REminiscence Vita,6310,12/20/2021, 11:10:44,168
SOMO00001,REminiscence Vita,6310,12/20/2021, 12:20:33,168
SOMO00001,REminiscence Vita,6310,12/20/2021, 13:21:54,168
SOMO00001,REminiscence Vita,6310,12/20/2021, 14:11:58,168
SOMO00001,REminiscence Vita,6310,12/20/2021, 15:12:52,168
SOMO00001,REminiscence Vita,6310,12/20/2021, 16:19:45,168
SOMO00001,REminiscence Vita,6310,12/20/2021, 17:21:53,168
SOMO00001,REminiscence Vita,6310,12/20/2021, 18:14:28,168
SOMO00001,REminiscence Vita,6310,12/20/2021, 19:10:43,168
SOMO00001,REminiscence Vita,6310,12/20/2021, 20:13:22,168
SOMO00001,REminiscence Vita,6310,12/20/2021, 21:10:59,168
SOMO00001,REminiscence Vita,6310,12/21/2021, 00:44:38,168
SOMO00001,REminiscence Vita,6310,12/21/2021, 02:03:11,168
SOMO00001,REminiscence Vita,6310,12/21/2021, 03:13:39,168
SOMO00001,REminiscence Vita,6310,12/21/2021, 04:16:16,168
SOMO00001,REminiscence Vita,6310,12/21/2021, 05:12:56,168
SOMO00001,REminiscence Vita,6310,12/21/2021, 06:15:14,168
SOMO00001,REminiscence Vita,6310,12/21/2021, 07:12:44,168
SOMO00001,REminiscence Vita,6310,12/21/2021, 08:15:35,168
SOMO00001,REminiscence Vita,6310,12/21/2021, 09:12:57,168
SOMO00001,REminiscence Vita,6310,12/21/2021, 10:13:57,168
SOMO00001,REminiscence Vita,6310,12/21/2021, 11:10:43,168
SOMO00001,REminiscence Vita,6310,12/21/2021, 12:20:16,168
SOMO00001,REminiscence Vita,6310,12/21/2021, 13:21:21,168
SOMO00001,REminiscence Vita,6310,12/21/2021, 14:11:55,168
SOMO00001,REminiscence Vita,6311,12/21/2021, 15:13:09,168
SOMO00001,REminiscence Vita,6312,12/21/2021, 16:18:45,168
SOMO00001,REminiscence Vita,6312,12/21/2021, 17:21:29,168
SOMO00001,REminiscence Vita,6312,12/21/2021, 18:14:42,168
SOMO00001,REminiscence Vita,6312,12/21/2021, 19:10:23,168
SOMO00001,REminiscence Vita,6312,12/21/2021, 20:13:31,168
SOMO00001,REminiscence Vita,6312,12/21/2021, 21:11:01,168
SOMO00001,REminiscence Vita,6312,12/21/2021, 22:12:27,168
SOMO00001,REminiscence Vita,6312,12/21/2021, 23:12:25,168
SOMO00001,REminiscence Vita,6312,12/22/2021, 00:43:20,168
SOMO00001,REminiscence Vita,6312,12/22/2021, 02:02:17,168
SOMO00001,REminiscence Vita,6312,12/22/2021, 03:13:39,168
SOMO00001,REminiscence Vita,6312,12/22/2021, 04:16:20,168
SOMO00001,REminiscence Vita,6313,12/22/2021, 05:13:01,168
SOMO00001,REminiscence Vita,6313,12/22/2021, 06:15:41,168
SOMO00001,REminiscence Vita,6313,12/22/2021, 07:12:37,168
SOMO00001,REminiscence Vita,6313,12/22/2021, 08:15:27,168
SOMO00001,REminiscence Vita,6313,12/22/2021, 09:12:53,168
SOMO00001,REminiscence Vita,6313,12/22/2021, 10:13:43,168
SOMO00001,REminiscence Vita,6313,12/22/2021, 11:10:58,168
SOMO00001,REminiscence Vita,6313,12/22/2021, 12:20:04,168
SOMO00001,REminiscence Vita,6313,12/22/2021, 13:21:15,168
SOMO00001,REminiscence Vita,6313,12/22/2021, 14:12:03,168
SOMO00001,REminiscence Vita,6313,12/22/2021, 15:13:12,168
SOMO00001,REminiscence Vita,6313,12/22/2021, 16:23:24,168
SOMO00001,REminiscence Vita,6313,12/22/2021, 17:21:09,168
SOMO00001,REminiscence Vita,6314,12/22/2021, 18:14:45,168
SOMO00001,REminiscence Vita,6314,12/22/2021, 19:10:27,168
SOMO00001,REminiscence Vita,6314,12/22/2021, 20:13:38,168
SOMO00001,REminiscence Vita,6314,12/22/2021, 21:11:21,168
SOMO00001,REminiscence Vita,6314,12/22/2021, 22:12:26,168
SOMO00001,REminiscence Vita,6314,12/22/2021, 23:12:29,168
SOMO00001,REminiscence Vita,6314,12/23/2021, 00:42:17,168
SOMO00001,REminiscence Vita,6315,12/23/2021, 02:00:38,168
SOMO00001,REminiscence Vita,6315,12/23/2021, 02:41:11,168
SOMO00001,REminiscence Vita,6315,12/23/2021, 03:13:01,168
SOMO00001,REminiscence Vita,6315,12/23/2021, 04:16:20,168
SOMO00001,REminiscence Vita,6315,12/23/2021, 05:13:13,168
SOMO00001,REminiscence Vita,6315,12/23/2021, 06:15:21,168
SOMO00001,REminiscence Vita,6315,12/23/2021, 07:12:30,168
SOMO00001,REminiscence Vita,6315,12/23/2021, 08:15:36,168
SOMO00001,REminiscence Vita,6315,12/23/2021, 09:12:53,168
SOMO00001,REminiscence Vita,6316,12/23/2021, 10:13:38,168
SOMO00001,REminiscence Vita,6317,12/23/2021, 11:10:38,168
SOMO00001,REminiscence Vita,6317,12/23/2021, 12:20:03,168
SOMO00001,REminiscence Vita,6317,12/23/2021, 13:21:08,168
SOMO00001,REminiscence Vita,6317,12/23/2021, 14:11:27,168
SOMO00001,REminiscence Vita,6317,12/23/2021, 15:12:44,168
SOMO00001,REminiscence Vita,6317,12/23/2021, 16:18:45,168
SOMO00001,REminiscence Vita,6317,12/23/2021, 17:20:51,168
SOMO00001,REminiscence Vita,6317,12/23/2021, 18:14:37,168
SOMO00001,REminiscence Vita,6317,12/23/2021, 19:10:13,168
SOMO00001,REminiscence Vita,6317,12/23/2021, 20:13:18,168
SOMO00001,REminiscence Vita,6317,12/23/2021, 21:10:57,168
SOMO00001,REminiscence Vita,6317,12/23/2021, 22:12:13,168
SOMO00001,REminiscence Vita,6317,12/23/2021, 23:12:38,168
SOMO00001,REminiscence Vita,6317,12/24/2021, 00:41:37,168
SOMO00001,REminiscence Vita,6317,12/24/2021, 01:59:20,168
SOMO00001,REminiscence Vita,6317,12/24/2021, 02:37:52,168
SOMO00001,REminiscence Vita,6317,12/24/2021, 03:12:21,168
SOMO00001,REminiscence Vita,6318,12/24/2021, 04:15:59,168
SOMO00001,REminiscence Vita,6318,12/24/2021, 05:12:45,168
SOMO00001,REminiscence Vita,6318,12/24/2021, 06:15:19,168
SOMO00001,REminiscence Vita,6318,12/24/2021, 07:12:31,168
SOMO00001,REminiscence Vita,6318,12/24/2021, 08:15:29,168
SOMO00001,REminiscence Vita,6318,12/24/2021, 09:13:02,168
SOMO00001,REminiscence Vita,6318,12/24/2021, 10:13:47,168
SOMO00001,REminiscence Vita,6318,12/24/2021, 11:10:34,168
SOMO00001,REminiscence Vita,6318,12/24/2021, 12:19:41,168
SOMO00001,REminiscence Vita,6318,12/24/2021, 13:20:46,168
SOMO00001,REminiscence Vita,6319,12/24/2021, 14:11:46,168
SOMO00001,REminiscence Vita,6319,12/24/2021, 15:12:41,168
SOMO00001,REminiscence Vita,6319,12/24/2021, 16:18:21,168
SOMO00001,REminiscence Vita,6319,12/24/2021, 17:20:23,168
SOMO00001,REminiscence Vita,6319,12/24/2021, 18:14:21,168
SOMO00001,REminiscence Vita,6320,12/24/2021, 19:10:15,168
SOMO00001,REminiscence Vita,6321,12/24/2021, 20:13:02,168
SOMO00001,REminiscence Vita,6321,12/24/2021, 21:10:52,168
SOMO00001,REminiscence Vita,6321,12/24/2021, 22:12:18,168
SOMO00001,REminiscence Vita,6321,12/24/2021, 23:12:34,168
SOMO00001,REminiscence Vita,6321,12/25/2021, 00:40:52,168
SOMO00001,REminiscence Vita,6322,12/25/2021, 01:58:19,168
SOMO00001,REminiscence Vita,6322,12/25/2021, 02:37:46,168
SOMO00001,REminiscence Vita,6322,12/25/2021, 03:13:25,168
SOMO00001,REminiscence Vita,6322,12/25/2021, 04:15:58,168
SOMO00001,REminiscence Vita,6322,12/25/2021, 05:12:17,168
SOMO00001,REminiscence Vita,6322,12/25/2021, 06:14:37,168
SOMO00001,REminiscence Vita,6322,12/25/2021, 07:12:27,168
SOMO00001,REminiscence Vita,6322,12/25/2021, 08:14:34,168
SOMO00001,REminiscence Vita,6322,12/25/2021, 09:12:12,168
SOMO00001,REminiscence Vita,6323,12/25/2021, 10:12:50,168
SOMO00001,REminiscence Vita,6323,12/25/2021, 11:10:00,168
SOMO00001,REminiscence Vita,6323,12/25/2021, 12:18:36,168
SOMO00001,REminiscence Vita,6323,12/25/2021, 13:19:01,168
SOMO00001,REminiscence Vita,6323,12/25/2021, 14:11:17,168
SOMO00001,REminiscence Vita,6323,12/25/2021, 15:12:24,168
SOMO00001,REminiscence Vita,6323,12/25/2021, 16:17:38,168
SOMO00001,REminiscence Vita,6323,12/25/2021, 17:19:19,168
SOMO00001,REminiscence Vita,6323,12/25/2021, 18:14:21,168
SOMO00001,REminiscence Vita,6323,12/25/2021, 19:09:51,168
SOMO00001,REminiscence Vita,6324,12/25/2021, 20:12:46,168
SOMO00001,REminiscence Vita,6324,12/25/2021, 21:10:50,168
SOMO00001,REminiscence Vita,6324,12/25/2021, 22:11:43,168
SOMO00001,REminiscence Vita,6324,12/25/2021, 23:12:11,168
SOMO00001,REminiscence Vita,6324,12/26/2021, 00:44:50,168
SOMO00001,REminiscence Vita,6325,12/26/2021, 02:04:03,168
SOMO00001,REminiscence Vita,6325,12/26/2021, 03:13:52,168
SOMO00001,REminiscence Vita,6326,12/26/2021, 04:16:11,168
SOMO00001,REminiscence Vita,6326,12/26/2021, 05:12:32,168
SOMO00001,REminiscence Vita,6326,12/26/2021, 06:14:30,168
SOMO00001,REminiscence Vita,6326,12/26/2021, 07:14:16,168
SOMO00001,REminiscence Vita,6326,12/26/2021, 08:14:41,168
SOMO00001,REminiscence Vita,6326,12/26/2021, 09:12:14,168
SOMO00001,REminiscence Vita,6327,12/26/2021, 10:13:07,168
SOMO00001,REminiscence Vita,6327,12/26/2021, 11:10:16,168
SOMO00001,REminiscence Vita,6328,12/26/2021, 12:18:51,168
SOMO00001,REminiscence Vita,6328,12/26/2021, 13:18:57,168
SOMO00001,REminiscence Vita,6328,12/26/2021, 14:11:07,168
SOMO00001,REminiscence Vita,6328,12/26/2021, 15:12:18,168
SOMO00001,REminiscence Vita,6328,12/26/2021, 16:17:35,168
SOMO00001,REminiscence Vita,6328,12/26/2021, 17:20:14,168
SOMO00001,REminiscence Vita,6328,12/26/2021, 18:14:12,168
SOMO00001,REminiscence Vita,6329,12/26/2021, 19:10:05,168
SOMO00001,REminiscence Vita,6329,12/26/2021, 20:12:58,168
SOMO00001,REminiscence Vita,6329,12/26/2021, 21:10:38,168
SOMO00001,REminiscence Vita,6329,12/26/2021, 22:11:35,168
SOMO00001,REminiscence Vita,6329,12/26/2021, 23:12:11,168
SOMO00001,REminiscence Vita,6329,12/27/2021, 00:42:27,168
SOMO00001,REminiscence Vita,6329,12/27/2021, 02:00:57,168
SOMO00001,REminiscence Vita,6330,12/27/2021, 02:41:26,168
SOMO00001,REminiscence Vita,6330,12/27/2021, 03:12:56,168
SOMO00001,REminiscence Vita,6330,12/27/2021, 04:16:42,168
SOMO00001,REminiscence Vita,6330,12/27/2021, 05:13:15,168
SOMO00001,REminiscence Vita,6330,12/27/2021, 06:15:46,168
SOMO00001,REminiscence Vita,6330,12/27/2021, 07:12:35,168
SOMO00001,REminiscence Vita,6330,12/27/2021, 08:19:57,168
SOMO00001,REminiscence Vita,6330,12/27/2021, 09:18:21,168
SOMO00001,REminiscence Vita,6330,12/27/2021, 10:18:09,168
SOMO00001,REminiscence Vita,6330,12/27/2021, 11:15:09,168
SOMO00001,REminiscence Vita,6330,12/27/2021, 12:25:33,168
SOMO00001,REminiscence Vita,6330,12/27/2021, 13:31:23,168
SOMO00001,REminiscence Vita,6330,12/27/2021, 14:16:29,168
SOMO00001,REminiscence Vita,6330,12/27/2021, 15:22:25,168
SOMO00001,REminiscence Vita,6331,12/27/2021, 16:18:41,168
SOMO00001,REminiscence Vita,6331,12/27/2021, 17:20:34,168
SOMO00001,REminiscence Vita,6331,12/27/2021, 18:14:33,168
SOMO00001,REminiscence Vita,6331,12/27/2021, 19:10:30,168
SOMO00001,REminiscence Vita,6331,12/27/2021, 20:13:26,168
SOMO00001,REminiscence Vita,6332,12/27/2021, 21:11:09,168
SOMO00001,REminiscence Vita,6332,12/27/2021, 22:12:25,168
SOMO00001,REminiscence Vita,6332,12/27/2021, 23:12:25,168
SOMO00001,REminiscence Vita,6333,12/28/2021, 00:42:10,168
SOMO00001,REminiscence Vita,6333,12/28/2021, 02:00:10,168
SOMO00001,REminiscence Vita,6334,12/28/2021, 02:39:57,168
SOMO00001,REminiscence Vita,6334,12/28/2021, 03:12:50,168
SOMO00001,REminiscence Vita,6334,12/28/2021, 04:16:11,168
SOMO00001,REminiscence Vita,6334,12/28/2021, 05:12:44,168
SOMO00001,REminiscence Vita,6334,12/28/2021, 06:15:27,168
SOMO00001,REminiscence Vita,6334,12/28/2021, 07:12:38,168
SOMO00001,REminiscence Vita,6334,12/28/2021, 08:15:42,168
SOMO00001,REminiscence Vita,6334,12/28/2021, 09:12:54,168
SOMO00001,REminiscence Vita,6334,12/28/2021, 10:13:31,168
SOMO00001,REminiscence Vita,6334,12/28/2021, 11:10:25,168
SOMO00001,REminiscence Vita,6334,12/28/2021, 12:19:50,168
SOMO00001,REminiscence Vita,6334,12/28/2021, 13:20:42,168
SOMO00001,REminiscence Vita,6334,12/28/2021, 14:11:29,168
SOMO00001,REminiscence Vita,6334,12/28/2021, 15:13:11,168
SOMO00001,REminiscence Vita,6334,12/28/2021, 16:18:37,168
SOMO00001,REminiscence Vita,6334,12/28/2021, 17:20:52,168
SOMO00001,REminiscence Vita,6334,12/28/2021, 18:14:24,168
SOMO00001,REminiscence Vita,6334,12/28/2021, 19:10:25,168
SOMO00001,REminiscence Vita,6334,12/28/2021, 20:13:23,168
SOMO00001,REminiscence Vita,6334,12/28/2021, 21:10:56,168
SOMO00001,REminiscence Vita,6334,12/28/2021, 22:12:24,168
SOMO00001,REminiscence Vita,6334,12/28/2021, 23:12:22,168
SOMO00001,REminiscence Vita,6334,12/29/2021, 00:41:45,168
SOMO00001,REminiscence Vita,6334,12/29/2021, 01:59:43,168
SOMO00001,REminiscence Vita,6334,12/29/2021, 02:38:42,168
SOMO00001,REminiscence Vita,6334,12/29/2021, 03:12:23,168
SOMO00001,REminiscence Vita,6334,12/29/2021, 04:16:08,168
SOMO00001,REminiscence Vita,6334,12/29/2021, 05:12:56,168
SOMO00001,REminiscence Vita,6334,12/29/2021, 06:15:32,168
SOMO00001,REminiscence Vita,6334,12/29/2021, 07:12:20,168
SOMO00001,REminiscence Vita,6334,12/29/2021, 08:15:20,168
SOMO00001,REminiscence Vita,6334,12/29/2021, 09:13:03,168
SOMO00001,REminiscence Vita,6334,12/29/2021, 10:13:45,168
SOMO00001,REminiscence Vita,6334,12/29/2021, 11:10:38,168
SOMO00001,REminiscence Vita,6334,12/29/2021, 12:20:19,168
SOMO00001,REminiscence Vita,6334,12/29/2021, 13:20:54,168
SOMO00001,REminiscence Vita,6334,12/29/2021, 14:11:45,168
SOMO00001,REminiscence Vita,6334,12/29/2021, 15:12:50,168
SOMO00001,REminiscence Vita,6334,12/29/2021, 16:18:38,168
SOMO00001,REminiscence Vita,6334,12/29/2021, 17:20:45,168
SOMO00001,REminiscence Vita,6334,12/29/2021, 18:14:42,168
SOMO00001,REminiscence Vita,6334,12/29/2021, 19:10:38,168
SOMO00001,REminiscence Vita,6334,12/29/2021, 20:13:24,168
SOMO00001,REminiscence Vita,6335,12/29/2021, 21:11:09,168
SOMO00001,REminiscence Vita,6336,12/29/2021, 22:12:20,168
SOMO00001,REminiscence Vita,6336,12/29/2021, 23:12:31,168
SOMO00001,REminiscence Vita,6336,12/30/2021, 00:41:50,168
SOMO00001,REminiscence Vita,6336,12/30/2021, 01:59:45,168
SOMO00001,REminiscence Vita,6336,12/30/2021, 02:38:28,168
SOMO00001,REminiscence Vita,6336,12/30/2021, 03:12:23,168
SOMO00001,REminiscence Vita,6336,12/30/2021, 04:16:15,168
SOMO00001,REminiscence Vita,6336,12/30/2021, 05:12:50,168
SOMO00001,REminiscence Vita,6336,12/30/2021, 06:15:04,168
SOMO00001,REminiscence Vita,6336,12/30/2021, 07:12:40,168
SOMO00001,REminiscence Vita,6336,12/30/2021, 08:15:20,168
SOMO00001,REminiscence Vita,6336,12/30/2021, 09:12:42,168
SOMO00001,REminiscence Vita,6336,12/30/2021, 10:13:30,168
SOMO00001,REminiscence Vita,6336,12/30/2021, 11:10:49,168
SOMO00001,REminiscence Vita,6336,12/30/2021, 12:20:02,168
SOMO00001,REminiscence Vita,6336,12/30/2021, 13:20:44,168
SOMO00001,REminiscence Vita,6336,12/30/2021, 14:11:54,168
SOMO00001,REminiscence Vita,6336,12/30/2021, 15:13:00,168
SOMO00001,REminiscence Vita,6336,12/30/2021, 16:18:44,168
SOMO00001,REminiscence Vita,6336,12/30/2021, 17:20:44,168
SOMO00001,REminiscence Vita,6336,12/30/2021, 18:14:25,168
SOMO00001,REminiscence Vita,6336,12/30/2021, 19:10:23,168
SOMO00001,REminiscence Vita,6336,12/30/2021, 20:13:18,168
SOMO00001,REminiscence Vita,6336,12/30/2021, 21:11:04,168
SOMO00001,REminiscence Vita,6336,12/30/2021, 22:12:17,168
SOMO00001,REminiscence Vita,6336,12/30/2021, 23:12:40,168
SOMO00001,REminiscence Vita,6336,12/31/2021, 00:43:28,168
SOMO00001,REminiscence Vita,6336,12/31/2021, 02:02:16,168
SOMO00001,REminiscence Vita,6336,12/31/2021, 03:13:47,168
SOMO00001,REminiscence Vita,6336,12/31/2021, 04:16:18,168
SOMO00001,REminiscence Vita,6336,12/31/2021, 05:13:01,168
SOMO00001,REminiscence Vita,6336,12/31/2021, 06:15:16,168
SOMO00001,REminiscence Vita,6336,12/31/2021, 07:12:32,168
SOMO00001,REminiscence Vita,6336,12/31/2021, 08:15:27,168
SOMO00001,REminiscence Vita,6336,12/31/2021, 09:12:50,168
SOMO00001,REminiscence Vita,6336,12/31/2021, 10:13:33,168
SOMO00001,REminiscence Vita,6336,12/31/2021, 11:10:36,168
SOMO00001,REminiscence Vita,6336,12/31/2021, 12:19:40,168
SOMO00001,REminiscence Vita,6336,12/31/2021, 13:20:34,168
SOMO00001,REminiscence Vita,6336,12/31/2021, 14:11:37,168
SOMO00001,REminiscence Vita,6336,12/31/2021, 15:13:06,168
SOMO00001,REminiscence Vita,6336,12/31/2021, 16:18:36,168
SOMO00001,REminiscence Vita,6336,12/31/2021, 17:20:15,168
SOMO00001,REminiscence Vita,6336,12/31/2021, 18:14:18,168
SOMO00001,REminiscence Vita,6336,12/31/2021, 19:10:26,168
SOMO00001,REminiscence Vita,6336,12/31/2021, 20:13:22,168
SOMO00001,REminiscence Vita,6336,12/31/2021, 21:10:48,168
SOMO00001,REminiscence Vita,6336,12/31/2021, 22:12:03,168
SOMO00001,REminiscence Vita,6336,12/31/2021, 23:12:32,168
SOMO00001,REminiscence Vita,6336,01/01/2022, 00:43:43,168
SOMO00001,REminiscence Vita,6336,01/01/2022, 02:03:43,168
SOMO00001,REminiscence Vita,6336,01/01/2022, 03:14:49,168
SOMO00001,REminiscence Vita,6336,01/01/2022, 04:16:02,168
SOMO00001,REminiscence Vita,6336,01/01/2022, 05:12:55,168
SOMO00001,REminiscence Vita,6336,01/01/2022, 06:14:56,168
SOMO00001,REminiscence Vita,6336,01/01/2022, 07:12:07,168
SOMO00001,REminiscence Vita,6336,01/01/2022, 08:15:01,168
SOMO00001,REminiscence Vita,6336,01/01/2022, 09:12:25,168
SOMO00001,REminiscence Vita,6336,01/01/2022, 10:12:55,168
SOMO00001,REminiscence Vita,6336,01/01/2022, 11:10:31,168
SOMO00001,REminiscence Vita,6336,01/01/2022, 12:19:11,168
SOMO00001,REminiscence Vita,6336,01/01/2022, 13:19:25,168
SOMO00001,REminiscence Vita,6336,01/01/2022, 14:11:26,168
SOMO00001,REminiscence Vita,6336,01/01/2022, 15:12:19,168
SOMO00001,REminiscence Vita,6336,01/01/2022, 16:18:07,168
SOMO00001,REminiscence Vita,6336,01/01/2022, 17:19:51,168
SOMO00001,REminiscence Vita,6336,01/01/2022, 18:14:21,168
SOMO00001,REminiscence Vita,6336,01/01/2022, 19:10:02,168
SOMO00001,REminiscence Vita,6337,01/01/2022, 20:13:15,168
SOMO00001,REminiscence Vita,6337,01/01/2022, 21:10:56,168
SOMO00001,REminiscence Vita,6337,01/01/2022, 22:11:53,168
SOMO00001,REminiscence Vita,6337,01/01/2022, 23:12:44,168
SOMO00001,REminiscence Vita,6338,01/02/2022, 00:44:34,168
SOMO00001,REminiscence Vita,6338,01/02/2022, 02:05:01,168
SOMO00001,REminiscence Vita,6338,01/02/2022, 03:13:43,168
SOMO00001,REminiscence Vita,6338,01/02/2022, 04:16:07,168
SOMO00001,REminiscence Vita,6338,01/02/2022, 05:12:24,168
SOMO00001,REminiscence Vita,6338,01/02/2022, 06:14:39,168
SOMO00001,REminiscence Vita,6338,01/02/2022, 07:12:33,168
SOMO00001,REminiscence Vita,6338,01/02/2022, 08:15:01,168
SOMO00001,REminiscence Vita,6338,01/02/2022, 09:12:05,168
SOMO00001,REminiscence Vita,6338,01/02/2022, 10:12:49,168
SOMO00001,REminiscence Vita,6338,01/02/2022, 11:10:21,168
SOMO00001,REminiscence Vita,6338,01/02/2022, 12:19:33,168
SOMO00001,REminiscence Vita,6338,01/02/2022, 13:19:14,168
SOMO00001,REminiscence Vita,6338,01/02/2022, 14:11:15,168
SOMO00001,REminiscence Vita,6338,01/02/2022, 15:12:35,168
SOMO00001,REminiscence Vita,6338,01/02/2022, 16:17:56,168
SOMO00001,REminiscence Vita,6338,01/02/2022, 17:19:33,168
SOMO00001,REminiscence Vita,6338,01/02/2022, 18:13:51,168
SOMO00001,REminiscence Vita,6338,01/02/2022, 19:10:11,168
SOMO00001,REminiscence Vita,6338,01/02/2022, 20:13:10,168
SOMO00001,REminiscence Vita,6338,01/02/2022, 21:10:33,168
SOMO00001,REminiscence Vita,6339,01/02/2022, 22:11:42,168
SOMO00001,REminiscence Vita,6339,01/02/2022, 23:12:18,168
SOMO00001,REminiscence Vita,6339,01/03/2022, 00:42:21,168
SOMO00001,REminiscence Vita,6339,01/03/2022, 02:01:39,168
SOMO00001,REminiscence Vita,6339,01/03/2022, 03:13:28,168
SOMO00001,REminiscence Vita,6339,01/03/2022, 04:16:20,168
SOMO00001,REminiscence Vita,6339,01/03/2022, 05:13:34,168
SOMO00001,REminiscence Vita,6339,01/03/2022, 06:15:52,168
SOMO00001,REminiscence Vita,6339,01/03/2022, 07:12:49,168
SOMO00001,REminiscence Vita,6339,01/03/2022, 08:15:43,168
SOMO00001,REminiscence Vita,6339,01/03/2022, 09:13:20,168
SOMO00001,REminiscence Vita,6339,01/03/2022, 10:14:06,168
SOMO00001,REminiscence Vita,6339,01/03/2022, 11:10:51,168
SOMO00001,REminiscence Vita,6339,01/03/2022, 12:20:15,168
SOMO00001,REminiscence Vita,6339,01/03/2022, 13:21:14,168
SOMO00001,REminiscence Vita,6339,01/03/2022, 14:12:04,168
SOMO00001,REminiscence Vita,6339,01/03/2022, 15:12:57,168
SOMO00001,REminiscence Vita,6339,01/03/2022, 16:19:46,168
SOMO00001,REminiscence Vita,6340,01/03/2022, 17:22:13,168
SOMO00001,REminiscence Vita,6340,01/03/2022, 18:14:44,168
SOMO00001,REminiscence Vita,6340,01/03/2022, 19:10:23,168
SOMO00001,REminiscence Vita,6340,01/03/2022, 20:13:38,168
SOMO00001,REminiscence Vita,6340,01/03/2022, 21:11:25,168
SOMO00001,REminiscence Vita,6340,01/03/2022, 22:12:30,168
SOMO00001,REminiscence Vita,6341,01/03/2022, 23:12:41,168
SOMO00001,REminiscence Vita,6341,01/04/2022, 00:43:29,168
SOMO00001,REminiscence Vita,6341,01/04/2022, 02:02:37,168
SOMO00001,REminiscence Vita,6341,01/04/2022, 03:13:39,168
SOMO00001,REminiscence Vita,6341,01/04/2022, 04:16:20,168
SOMO00001,REminiscence Vita,6341,01/04/2022, 05:13:14,168
SOMO00001,REminiscence Vita,6341,01/04/2022, 06:15:14,168
SOMO00001,REminiscence Vita,6341,01/04/2022, 07:12:33,168
SOMO00001,REminiscence Vita,6341,01/04/2022, 08:15:36,168
SOMO00001,REminiscence Vita,6341,01/04/2022, 09:12:52,168
SOMO00001,REminiscence Vita,6341,01/04/2022, 10:13:45,168
SOMO00001,REminiscence Vita,6341,01/04/2022, 11:10:43,168
SOMO00001,REminiscence Vita,6341,01/04/2022, 12:20:02,168
SOMO00001,REminiscence Vita,6341,01/04/2022, 13:21:10,168
SOMO00001,REminiscence Vita,6341,01/04/2022, 14:11:42,168
SOMO00001,REminiscence Vita,6342,01/04/2022, 15:13:19,168
SOMO00001,REminiscence Vita,6342,01/04/2022, 16:19:16,168
SOMO00001,REminiscence Vita,6342,01/04/2022, 17:21:47,168
SOMO00001,REminiscence Vita,6342,01/04/2022, 18:14:41,168
SOMO00001,REminiscence Vita,6343,01/04/2022, 19:10:41,168
SOMO00001,REminiscence Vita,6343,01/04/2022, 20:13:38,168
SOMO00001,REminiscence Vita,6343,01/04/2022, 21:11:18,168
SOMO00001,REminiscence Vita,6343,01/04/2022, 22:12:14,168
SOMO00001,REminiscence Vita,6343,01/04/2022, 23:13:01,168
SOMO00001,REminiscence Vita,6343,01/05/2022, 00:45:21,168
SOMO00001,REminiscence Vita,6344,01/05/2022, 02:04:49,168
SOMO00001,REminiscence Vita,6345,01/05/2022, 03:13:51,168
SOMO00001,REminiscence Vita,6345,01/05/2022, 04:16:21,168
SOMO00001,REminiscence Vita,6346,01/05/2022, 05:13:19,168
SOMO00001,REminiscence Vita,6347,01/05/2022, 06:15:43,168
SOMO00001,REminiscence Vita,6347,01/05/2022, 07:12:30,168
SOMO00001,REminiscence Vita,6347,01/05/2022, 08:15:35,168
SOMO00001,REminiscence Vita,6347,01/05/2022, 09:14:05,168
SOMO00001,REminiscence Vita,6347,01/05/2022, 10:13:39,168
SOMO00001,REminiscence Vita,6347,01/05/2022, 11:10:35,168
SOMO00001,REminiscence Vita,6348,01/05/2022, 12:20:28,168
SOMO00001,REminiscence Vita,6348,01/05/2022, 13:21:52,168
SOMO00001,REminiscence Vita,6348,01/05/2022, 14:10:05,168
SOMO00001,REminiscence Vita,6348,01/05/2022, 15:13:22,168
SOMO00001,REminiscence Vita,6348,01/05/2022, 16:19:06,168
SOMO00001,REminiscence Vita,6348,01/05/2022, 17:22:30,168
SOMO00001,REminiscence Vita,6348,01/05/2022, 18:14:55,168
SOMO00001,REminiscence Vita,6349,01/05/2022, 19:10:49,168
SOMO00001,REminiscence Vita,6349,01/05/2022, 20:13:34,168
SOMO00001,REminiscence Vita,6349,01/05/2022, 21:11:30,168
SOMO00001,REminiscence Vita,6349,01/05/2022, 22:12:25,168
SOMO00001,REminiscence Vita,6349,01/05/2022, 23:12:46,168
SOMO00001,REminiscence Vita,6349,01/06/2022, 00:47:01,168
SOMO00001,REminiscence Vita,6349,01/06/2022, 02:09:51,168
SOMO00001,REminiscence Vita,6349,01/06/2022, 03:15:40,168
SOMO00001,REminiscence Vita,6349,01/06/2022, 04:16:19,168
SOMO00001,REminiscence Vita,6349,01/06/2022, 05:14:05,168
SOMO00001,REminiscence Vita,6349,01/06/2022, 06:15:29,168
SOMO00001,REminiscence Vita,6349,01/06/2022, 07:12:31,168
SOMO00001,REminiscence Vita,6349,01/06/2022, 08:15:54,168
SOMO00001,REminiscence Vita,6349,01/06/2022, 09:13:10,168
SOMO00001,REminiscence Vita,6349,01/06/2022, 10:13:54,168
SOMO00001,REminiscence Vita,6349,01/06/2022, 11:11:08,168
SOMO00001,REminiscence Vita,6349,01/06/2022, 12:20:50,168
SOMO00001,REminiscence Vita,6349,01/06/2022, 13:22:09,168
SOMO00001,REminiscence Vita,6349,01/06/2022, 14:11:46,168
SOMO00001,REminiscence Vita,6349,01/06/2022, 15:13:03,168
SOMO00001,REminiscence Vita,6349,01/06/2022, 16:19:09,168
SOMO00001,REminiscence Vita,6349,01/06/2022, 17:22:31,168
SOMO00001,REminiscence Vita,6349,01/06/2022, 18:16:01,168
SOMO00001,REminiscence Vita,6349,01/06/2022, 19:10:52,168
SOMO00001,REminiscence Vita,6349,01/06/2022, 20:13:01,168
SOMO00001,REminiscence Vita,6349,01/06/2022, 21:11:20,168
SOMO00001,REminiscence Vita,6350,01/06/2022, 22:12:41,168
SOMO00001,REminiscence Vita,6350,01/06/2022, 23:13:08,168
SOMO00001,REminiscence Vita,6351,01/07/2022, 00:47:01,168
SOMO00001,REminiscence Vita,6351,01/07/2022, 02:08:56,168
SOMO00001,REminiscence Vita,6351,01/07/2022, 03:16:02,168
SOMO00001,REminiscence Vita,6351,01/07/2022, 04:16:32,168
SOMO00001,REminiscence Vita,6351,01/07/2022, 05:13:27,168
SOMO00001,REminiscence Vita,6351,01/07/2022, 06:15:28,168
SOMO00001,REminiscence Vita,6351,01/07/2022, 07:12:10,168
SOMO00001,REminiscence Vita,6351,01/07/2022, 08:15:25,168
SOMO00001,REminiscence Vita,6351,01/07/2022, 09:12:59,168
SOMO00001,REminiscence Vita,6351,01/07/2022, 10:14:05,168
SOMO00001,REminiscence Vita,6352,01/07/2022, 11:10:52,168
SOMO00001,REminiscence Vita,6352,01/07/2022, 12:20:27,168
SOMO00001,REminiscence Vita,6352,01/07/2022, 13:21:27,168
SOMO00001,REminiscence Vita,6352,01/07/2022, 14:11:55,168
SOMO00001,REminiscence Vita,6352,01/07/2022, 15:13:59,168
SOMO00001,REminiscence Vita,6352,01/07/2022, 16:19:13,168
SOMO00001,REminiscence Vita,6353,01/07/2022, 17:22:20,168
SOMO00001,REminiscence Vita,6353,01/07/2022, 18:14:50,168
SOMO00001,REminiscence Vita,6353,01/07/2022, 19:09:06,168
SOMO00001,REminiscence Vita,6353,01/07/2022, 20:13:56,168
SOMO00001,REminiscence Vita,6354,01/07/2022, 21:11:12,168
SOMO00001,REminiscence Vita,6354,01/07/2022, 22:12:29,168
SOMO00001,REminiscence Vita,6354,01/07/2022, 23:13:03,168
SOMO00001,REminiscence Vita,6354,01/08/2022, 00:43:12,168
SOMO00001,REminiscence Vita,6355,01/08/2022, 02:02:03,168
SOMO00001,REminiscence Vita,6356,01/08/2022, 03:14:56,168
SOMO00001,REminiscence Vita,6356,01/08/2022, 04:16:08,168
SOMO00001,REminiscence Vita,6356,01/08/2022, 05:13:07,168
SOMO00001,REminiscence Vita,6356,01/08/2022, 06:14:59,168
SOMO00001,REminiscence Vita,6356,01/08/2022, 07:12:08,168
SOMO00001,REminiscence Vita,6356,01/08/2022, 08:15:03,168
SOMO00001,REminiscence Vita,6356,01/08/2022, 09:12:33,168
SOMO00001,REminiscence Vita,6357,01/08/2022, 10:13:23,168
SOMO00001,REminiscence Vita,6357,01/08/2022, 11:10:31,168
SOMO00001,REminiscence Vita,6357,01/08/2022, 12:19:21,168
SOMO00001,REminiscence Vita,6357,01/08/2022, 13:20:08,168
SOMO00001,REminiscence Vita,6357,01/08/2022, 14:11:09,168
SOMO00001,REminiscence Vita,6357,01/08/2022, 15:12:29,168
SOMO00001,REminiscence Vita,6357,01/08/2022, 16:18:11,168
SOMO00001,REminiscence Vita,6357,01/08/2022, 17:20:26,168
SOMO00001,REminiscence Vita,6357,01/08/2022, 18:14:17,168
SOMO00001,REminiscence Vita,6358,01/08/2022, 19:10:26,168
SOMO00001,REminiscence Vita,6358,01/08/2022, 20:13:05,168
SOMO00001,REminiscence Vita,6358,01/08/2022, 22:14:20,168
SOMO00001,REminiscence Vita,6358,01/08/2022, 23:12:12,168
SOMO00001,REminiscence Vita,6358,01/09/2022, 00:45:25,168
SOMO00001,REminiscence Vita,6358,01/09/2022, 02:06:35,168
SOMO00001,REminiscence Vita,6358,01/09/2022, 03:14:19,168
SOMO00001,REminiscence Vita,6358,01/09/2022, 04:16:16,168
SOMO00001,REminiscence Vita,6358,01/09/2022, 05:13:18,168
SOMO00001,REminiscence Vita,6358,01/09/2022, 06:14:59,168
SOMO00001,REminiscence Vita,6358,01/09/2022, 07:12:03,168
SOMO00001,REminiscence Vita,6358,01/09/2022, 08:15:04,168
SOMO00001,REminiscence Vita,6358,01/09/2022, 09:12:34,168
SOMO00001,REminiscence Vita,6358,01/09/2022, 10:13:13,168
SOMO00001,REminiscence Vita,6358,01/09/2022, 11:10:14,168
SOMO00001,REminiscence Vita,6358,01/09/2022, 12:19:29,168
SOMO00001,REminiscence Vita,6358,01/09/2022, 13:20:16,168
SOMO00001,REminiscence Vita,6358,01/09/2022, 14:11:04,168
SOMO00001,REminiscence Vita,6358,01/09/2022, 15:12:15,168
SOMO00001,REminiscence Vita,6358,01/09/2022, 16:18:24,168
SOMO00001,REminiscence Vita,6358,01/09/2022, 17:20:37,168
SOMO00001,REminiscence Vita,6360,01/09/2022, 18:14:08,168
SOMO00001,REminiscence Vita,6360,01/09/2022, 19:10:25,168
SOMO00001,REminiscence Vita,6360,01/09/2022, 20:13:21,168
SOMO00001,REminiscence Vita,6360,01/09/2022, 21:10:48,168
SOMO00001,REminiscence Vita,6360,01/09/2022, 22:11:57,168
SOMO00001,REminiscence Vita,6360,01/09/2022, 23:12:48,168
SOMO00001,REminiscence Vita,6360,01/10/2022, 00:42:30,168
SOMO00001,REminiscence Vita,6360,01/10/2022, 02:03:08,168
SOMO00001,REminiscence Vita,6360,01/10/2022, 03:14:48,168
SOMO00001,REminiscence Vita,6361,01/10/2022, 04:16:35,168
SOMO00001,REminiscence Vita,6361,01/10/2022, 05:14:18,168
SOMO00001,REminiscence Vita,6361,01/10/2022, 06:15:59,168
SOMO00001,REminiscence Vita,6361,01/10/2022, 07:12:35,168
SOMO00001,REminiscence Vita,6361,01/10/2022, 08:16:02,168
SOMO00001,REminiscence Vita,6361,01/10/2022, 09:13:31,168
SOMO00001,REminiscence Vita,6361,01/10/2022, 10:14:35,168
SOMO00001,REminiscence Vita,6361,01/10/2022, 11:10:53,168
SOMO00001,REminiscence Vita,6361,01/10/2022, 12:20:31,168
SOMO00001,REminiscence Vita,6361,01/10/2022, 13:22:46,168
SOMO00001,REminiscence Vita,6361,01/10/2022, 14:12:00,168
SOMO00001,REminiscence Vita,6361,01/10/2022, 15:13:30,168
SOMO00001,REminiscence Vita,6361,01/10/2022, 16:22:07,168
SOMO00001,REminiscence Vita,6361,01/10/2022, 17:23:04,168
SOMO00001,REminiscence Vita,6361,01/10/2022, 18:15:00,168
SOMO00001,REminiscence Vita,6361,01/10/2022, 19:10:40,168
SOMO00001,REminiscence Vita,6361,01/10/2022, 20:11:50,168
SOMO00001,REminiscence Vita,6362,01/10/2022, 21:11:31,168
SOMO00001,REminiscence Vita,6362,01/10/2022, 22:11:01,168
SOMO00001,REminiscence Vita,6362,01/10/2022, 23:13:25,168
SOMO00001,REminiscence Vita,6362,01/11/2022, 00:46:03,168
SOMO00001,REminiscence Vita,6362,01/11/2022, 02:04:30,168
SOMO00001,REminiscence Vita,6362,01/11/2022, 03:15:33,168
SOMO00001,REminiscence Vita,6362,01/11/2022, 04:16:15,168
SOMO00001,REminiscence Vita,6362,01/11/2022, 05:13:16,168
SOMO00001,REminiscence Vita,6362,01/11/2022, 06:15:31,168
SOMO00001,REminiscence Vita,6362,01/11/2022, 07:12:54,168
SOMO00001,REminiscence Vita,6362,01/11/2022, 08:15:43,168
SOMO00001,REminiscence Vita,6362,01/11/2022, 09:13:26,168
SOMO00001,REminiscence Vita,6362,01/11/2022, 10:19:10,168
SOMO00001,REminiscence Vita,6362,01/11/2022, 11:12:47,168
SOMO00001,REminiscence Vita,6362,01/11/2022, 12:20:05,168
SOMO00001,REminiscence Vita,6363,01/11/2022, 13:21:35,168
SOMO00001,REminiscence Vita,6363,01/11/2022, 14:12:30,168
SOMO00001,REminiscence Vita,6363,01/11/2022, 15:14:37,168
SOMO00001,REminiscence Vita,6363,01/11/2022, 16:24:55,168
SOMO00001,REminiscence Vita,6363,01/11/2022, 17:23:54,168
SOMO00001,REminiscence Vita,6363,01/11/2022, 18:15:26,168
SOMO00001,REminiscence Vita,6363,01/11/2022, 19:10:54,168
SOMO00001,REminiscence Vita,6363,01/11/2022, 20:12:59,168
SOMO00001,REminiscence Vita,6363,01/11/2022, 21:11:44,168
SOMO00001,REminiscence Vita,6363,01/11/2022, 22:12:28,168
SOMO00001,REminiscence Vita,6363,01/11/2022, 23:13:02,168
SOMO00001,REminiscence Vita,6363,01/12/2022, 00:44:14,168
SOMO00001,REminiscence Vita,6363,01/12/2022, 02:03:40,168
SOMO00001,REminiscence Vita,6363,01/12/2022, 03:15:11,168
SOMO00001,REminiscence Vita,6363,01/12/2022, 04:16:23,168
SOMO00001,REminiscence Vita,6363,01/12/2022, 05:13:46,168
SOMO00001,REminiscence Vita,6363,01/12/2022, 06:15:43,168
SOMO00001,REminiscence Vita,6363,01/12/2022, 07:12:26,168
SOMO00001,REminiscence Vita,6363,01/12/2022, 08:15:52,168
SOMO00001,REminiscence Vita,6363,01/12/2022, 09:12:41,168
SOMO00001,REminiscence Vita,6363,01/12/2022, 10:14:33,168
SOMO00001,REminiscence Vita,6363,01/12/2022, 11:11:36,168
SOMO00001,REminiscence Vita,6363,01/12/2022, 12:20:46,168
SOMO00001,REminiscence Vita,6363,01/12/2022, 13:22:01,168
SOMO00001,REminiscence Vita,6363,01/12/2022, 14:17:08,168
SOMO00001,REminiscence Vita,6364,01/12/2022, 15:18:10,168
SOMO00001,REminiscence Vita,6364,01/12/2022, 16:23:15,168
SOMO00001,REminiscence Vita,6364,01/12/2022, 17:19:22,168
SOMO00001,REminiscence Vita,6365,01/12/2022, 18:15:07,168
SOMO00001,REminiscence Vita,6365,01/12/2022, 19:10:58,168
SOMO00001,REminiscence Vita,6366,01/12/2022, 20:13:49,168
SOMO00001,REminiscence Vita,6367,01/12/2022, 21:11:14,168
SOMO00001,REminiscence Vita,6368,01/12/2022, 22:12:43,168
SOMO00001,REminiscence Vita,6368,01/12/2022, 23:12:53,168
SOMO00001,REminiscence Vita,6368,01/13/2022, 00:46:30,168
SOMO00001,REminiscence Vita,6368,01/13/2022, 02:06:37,168
SOMO00001,REminiscence Vita,6368,01/13/2022, 03:15:04,168
SOMO00001,REminiscence Vita,6368,01/13/2022, 04:16:33,168
SOMO00001,REminiscence Vita,6369,01/13/2022, 05:14:00,168
SOMO00001,REminiscence Vita,6369,01/13/2022, 06:15:35,168
SOMO00001,REminiscence Vita,6369,01/13/2022, 07:12:40,168
SOMO00001,REminiscence Vita,6369,01/13/2022, 08:20:25,168
SOMO00001,REminiscence Vita,6369,01/13/2022, 09:13:26,168
SOMO00001,REminiscence Vita,6369,01/13/2022, 10:15:12,168
SOMO00001,REminiscence Vita,6369,01/13/2022, 11:11:10,168
SOMO00001,REminiscence Vita,6369,01/13/2022, 12:20:44,168
SOMO00001,REminiscence Vita,6369,01/13/2022, 13:22:32,168
SOMO00001,REminiscence Vita,6369,01/13/2022, 14:17:05,168
SOMO00001,REminiscence Vita,6369,01/13/2022, 15:18:06,168
SOMO00001,REminiscence Vita,6369,01/13/2022, 16:21:21,168
SOMO00001,REminiscence Vita,6369,01/13/2022, 17:23:22,168
SOMO00001,REminiscence Vita,6369,01/13/2022, 18:14:54,168
SOMO00001,REminiscence Vita,6369,01/13/2022, 19:10:36,168
SOMO00001,REminiscence Vita,6369,01/13/2022, 20:13:43,168
SOMO00001,REminiscence Vita,6369,01/13/2022, 21:11:29,168
SOMO00001,REminiscence Vita,6369,01/13/2022, 22:12:38,168
SOMO00001,REminiscence Vita,6369,01/13/2022, 23:13:03,168
SOMO00001,REminiscence Vita,6369,01/14/2022, 00:45:28,168
SOMO00001,REminiscence Vita,6369,01/14/2022, 02:05:07,168
SOMO00001,REminiscence Vita,6369,01/14/2022, 03:14:46,168
SOMO00001,REminiscence Vita,6369,01/14/2022, 04:16:30,168
SOMO00001,REminiscence Vita,6369,01/14/2022, 05:13:58,168
SOMO00001,REminiscence Vita,6369,01/14/2022, 06:15:50,168
SOMO00001,REminiscence Vita,6369,01/14/2022, 07:12:18,168
SOMO00001,REminiscence Vita,6369,01/14/2022, 08:16:01,168
SOMO00001,REminiscence Vita,6369,01/14/2022, 09:13:21,168
SOMO00001,REminiscence Vita,6370,01/14/2022, 10:13:59,168
SOMO00001,REminiscence Vita,6371,01/14/2022, 11:11:02,168
SOMO00001,REminiscence Vita,6372,01/14/2022, 12:20:22,168
SOMO00001,REminiscence Vita,6372,01/14/2022, 13:22:09,168
SOMO00001,REminiscence Vita,6373,01/14/2022, 14:12:23,168
SOMO00001,REminiscence Vita,6373,01/14/2022, 15:13:58,168
SOMO00001,REminiscence Vita,6373,01/14/2022, 16:16:11,168
SOMO00001,REminiscence Vita,6373,01/14/2022, 17:20:58,168
SOMO00001,REminiscence Vita,6373,01/14/2022, 18:15:18,168
SOMO00001,REminiscence Vita,6373,01/14/2022, 19:13:35,168
SOMO00001,REminiscence Vita,6373,01/14/2022, 20:13:49,168
SOMO00001,REminiscence Vita,6373,01/14/2022, 21:11:17,168
SOMO00001,REminiscence Vita,6373,01/14/2022, 22:12:41,168
SOMO00001,REminiscence Vita,6373,01/14/2022, 23:12:59,168
SOMO00001,REminiscence Vita,6373,01/15/2022, 00:43:03,168
SOMO00001,REminiscence Vita,6373,01/15/2022, 02:02:21,168
SOMO00001,REminiscence Vita,6373,01/15/2022, 03:15:27,168
SOMO00001,REminiscence Vita,6373,01/15/2022, 04:16:33,168
SOMO00001,REminiscence Vita,6374,01/15/2022, 05:13:26,168
SOMO00001,REminiscence Vita,6374,01/15/2022, 06:15:02,168
SOMO00001,REminiscence Vita,6374,01/15/2022, 07:12:14,168
SOMO00001,REminiscence Vita,6374,01/15/2022, 08:15:33,168
SOMO00001,REminiscence Vita,6374,01/15/2022, 09:12:50,168
SOMO00001,REminiscence Vita,6374,01/15/2022, 10:13:28,168
SOMO00001,REminiscence Vita,6374,01/15/2022, 11:10:18,168
SOMO00001,REminiscence Vita,6374,01/15/2022, 12:19:44,168
SOMO00001,REminiscence Vita,6374,01/15/2022, 13:20:38,168
SOMO00001,REminiscence Vita,6374,01/15/2022, 14:11:39,168
SOMO00001,REminiscence Vita,6374,01/15/2022, 15:12:52,168
SOMO00001,REminiscence Vita,6374,01/15/2022, 16:18:14,168
SOMO00001,REminiscence Vita,6375,01/15/2022, 17:20:32,168
SOMO00001,REminiscence Vita,6375,01/15/2022, 18:14:31,168
SOMO00001,REminiscence Vita,6375,01/15/2022, 19:10:16,168
SOMO00001,REminiscence Vita,6375,01/15/2022, 20:13:00,168
SOMO00001,REminiscence Vita,6375,01/15/2022, 21:11:01,168
SOMO00001,REminiscence Vita,6375,01/15/2022, 22:12:05,168
SOMO00001,REminiscence Vita,6375,01/15/2022, 23:12:16,168
SOMO00001,REminiscence Vita,6376,01/16/2022, 00:46:23,168
SOMO00001,REminiscence Vita,6376,01/16/2022, 02:07:36,168
SOMO00001,REminiscence Vita,6376,01/16/2022, 03:15:21,168
SOMO00001,REminiscence Vita,6376,01/16/2022, 04:16:19,168
SOMO00001,REminiscence Vita,6376,01/16/2022, 05:13:15,168
SOMO00001,REminiscence Vita,6376,01/16/2022, 06:15:12,168
SOMO00001,REminiscence Vita,6376,01/16/2022, 07:12:24,168
SOMO00001,REminiscence Vita,6376,01/16/2022, 08:15:04,168
SOMO00001,REminiscence Vita,6376,01/16/2022, 09:12:32,168
SOMO00001,REminiscence Vita,6376,01/16/2022, 10:13:25,168
SOMO00001,REminiscence Vita,6376,01/16/2022, 11:10:25,168
SOMO00001,REminiscence Vita,6376,01/16/2022, 12:19:36,168
SOMO00001,REminiscence Vita,6376,01/16/2022, 13:20:30,168
SOMO00001,REminiscence Vita,6376,01/16/2022, 14:11:26,168
SOMO00001,REminiscence Vita,6376,01/16/2022, 15:12:49,168
SOMO00001,REminiscence Vita,6376,01/16/2022, 16:18:20,168
SOMO00001,REminiscence Vita,6376,01/16/2022, 17:20:37,168
SOMO00001,REminiscence Vita,6377,01/16/2022, 18:14:24,168
SOMO00001,REminiscence Vita,6377,01/16/2022, 19:10:27,168
SOMO00001,REminiscence Vita,6377,01/16/2022, 20:13:23,168
SOMO00001,REminiscence Vita,6377,01/16/2022, 21:10:46,168
SOMO00001,REminiscence Vita,6377,01/16/2022, 22:12:06,168
SOMO00001,REminiscence Vita,6377,01/16/2022, 23:12:23,168
SOMO00001,REminiscence Vita,6377,01/17/2022, 00:44:05,168
SOMO00001,REminiscence Vita,6377,01/17/2022, 02:05:07,168
SOMO00001,REminiscence Vita,6378,01/17/2022, 03:15:22,168
SOMO00001,REminiscence Vita,6378,01/17/2022, 04:16:42,168
SOMO00001,REminiscence Vita,6378,01/17/2022, 05:14:26,168
SOMO00001,REminiscence Vita,6378,01/17/2022, 06:16:08,168
SOMO00001,REminiscence Vita,6378,01/17/2022, 07:12:48,168
SOMO00001,REminiscence Vita,6378,01/17/2022, 08:16:42,168
SOMO00001,REminiscence Vita,6378,01/17/2022, 09:18:30,168
SOMO00001,REminiscence Vita,6378,01/17/2022, 10:19:03,168
SOMO00001,REminiscence Vita,6378,01/17/2022, 11:13:59,168
SOMO00001,REminiscence Vita,6378,01/17/2022, 12:23:48,168
SOMO00001,REminiscence Vita,6378,01/17/2022, 13:23:11,168
SOMO00001,REminiscence Vita,6378,01/17/2022, 14:12:15,168
SOMO00001,REminiscence Vita,6378,01/17/2022, 15:13:24,168
SOMO00001,REminiscence Vita,6378,01/17/2022, 16:19:31,168
SOMO00001,REminiscence Vita,6378,01/17/2022, 17:22:48,168
SOMO00001,REminiscence Vita,6378,01/17/2022, 18:15:08,168
SOMO00001,REminiscence Vita,6378,01/17/2022, 19:10:46,168
SOMO00001,REminiscence Vita,6378,01/17/2022, 20:13:45,168
SOMO00001,REminiscence Vita,6379,01/17/2022, 21:11:43,168
SOMO00001,REminiscence Vita,6379,01/17/2022, 22:12:41,168
SOMO00001,REminiscence Vita,6379,01/17/2022, 23:12:54,168
SOMO00001,REminiscence Vita,6379,01/18/2022, 00:46:09,168
SOMO00001,REminiscence Vita,6379,01/18/2022, 02:05:46,168
SOMO00001,REminiscence Vita,6379,01/18/2022, 03:14:55,168
SOMO00001,REminiscence Vita,6379,01/18/2022, 04:16:49,168
SOMO00001,REminiscence Vita,6379,01/18/2022, 05:14:26,168
SOMO00001,REminiscence Vita,6379,01/18/2022, 06:13:51,168
SOMO00001,REminiscence Vita,6380,01/18/2022, 07:13:10,168
SOMO00001,REminiscence Vita,6380,01/18/2022, 08:16:14,168
SOMO00001,REminiscence Vita,6380,01/18/2022, 09:18:08,168
SOMO00001,REminiscence Vita,6380,01/18/2022, 10:19:13,168
SOMO00001,REminiscence Vita,6380,01/18/2022, 11:16:13,168
SOMO00001,REminiscence Vita,6380,01/18/2022, 12:22:27,168
SOMO00001,REminiscence Vita,6380,01/18/2022, 13:27:07,168
SOMO00001,REminiscence Vita,6380,01/18/2022, 14:17:12,168
SOMO00001,REminiscence Vita,6380,01/18/2022, 15:18:07,168
SOMO00001,REminiscence Vita,6380,01/18/2022, 16:24:09,168
SOMO00001,REminiscence Vita,6380,01/18/2022, 17:23:34,168
SOMO00001,REminiscence Vita,6380,01/18/2022, 18:15:21,168
SOMO00001,REminiscence Vita,6380,01/18/2022, 19:10:44,168
SOMO00001,REminiscence Vita,6380,01/18/2022, 20:14:00,168
SOMO00001,REminiscence Vita,6380,01/18/2022, 21:16:03,168
SOMO00001,REminiscence Vita,6380,01/18/2022, 22:18:01,168
SOMO00001,REminiscence Vita,6380,01/18/2022, 23:10:54,168
SOMO00001,REminiscence Vita,6380,01/19/2022, 00:39:56,168
SOMO00001,REminiscence Vita,6380,01/19/2022, 01:52:39,168
SOMO00001,REminiscence Vita,6380,01/19/2022, 02:24:32,168
SOMO00001,REminiscence Vita,6380,01/19/2022, 03:11:52,168
SOMO00001,REminiscence Vita,6380,01/19/2022, 04:15:00,168
SOMO00001,REminiscence Vita,6380,01/19/2022, 05:10:45,168
SOMO00001,REminiscence Vita,6380,01/19/2022, 06:14:10,168
SOMO00001,REminiscence Vita,6380,01/19/2022, 07:09:35,168
SOMO00001,REminiscence Vita,6381,01/19/2022, 08:14:05,168
SOMO00001,REminiscence Vita,6381,01/19/2022, 09:12:49,168
SOMO00001,REminiscence Vita,6381,01/19/2022, 10:17:01,168
SOMO00001,REminiscence Vita,6381,01/19/2022, 11:13:33,168
SOMO00001,REminiscence Vita,6381,01/19/2022, 12:18:20,168
SOMO00001,REminiscence Vita,6381,01/19/2022, 13:15:37,168
SOMO00001,REminiscence Vita,6381,01/19/2022, 14:16:12,168
SOMO00001,REminiscence Vita,6381,01/19/2022, 15:17:06,168
SOMO00001,REminiscence Vita,6381,01/19/2022, 16:17:50,168
SOMO00001,REminiscence Vita,6381,01/19/2022, 17:18:07,168
SOMO00001,REminiscence Vita,6381,01/19/2022, 18:13:49,168
SOMO00001,REminiscence Vita,6381,01/19/2022, 19:10:38,168
SOMO00001,REminiscence Vita,6381,01/19/2022, 20:12:34,168
SOMO00001,REminiscence Vita,6381,01/19/2022, 21:11:13,168
SOMO00001,REminiscence Vita,6382,01/19/2022, 22:11:53,168
SOMO00001,REminiscence Vita,6382,01/19/2022, 23:12:09,168
SOMO00001,REminiscence Vita,6382,01/20/2022, 00:49:19,168
SOMO00001,REminiscence Vita,6383,01/20/2022, 02:09:22,168
SOMO00001,REminiscence Vita,6383,01/20/2022, 03:11:23,168
SOMO00001,REminiscence Vita,6383,01/20/2022, 04:14:49,168
SOMO00001,REminiscence Vita,6384,01/20/2022, 05:11:37,168
SOMO00001,REminiscence Vita,6384,01/20/2022, 06:14:05,168
SOMO00001,REminiscence Vita,6385,01/20/2022, 07:11:53,168
SOMO00001,REminiscence Vita,6385,01/20/2022, 08:14:25,168
SOMO00001,REminiscence Vita,6386,01/20/2022, 09:13:12,168
SOMO00001,REminiscence Vita,6386,01/20/2022, 10:14:12,168
SOMO00001,REminiscence Vita,6386,01/20/2022, 11:12:46,168
SOMO00001,REminiscence Vita,6386,01/20/2022, 12:19:07,168
SOMO00001,REminiscence Vita,6386,01/20/2022, 13:15:44,168
SOMO00001,REminiscence Vita,6386,01/20/2022, 14:16:18,168
SOMO00001,REminiscence Vita,6386,01/20/2022, 15:17:08,168
SOMO00001,REminiscence Vita,6386,01/20/2022, 16:18:06,168
SOMO00001,REminiscence Vita,6386,01/20/2022, 17:20:10,168
SOMO00001,REminiscence Vita,6386,01/20/2022, 18:13:39,168
SOMO00001,REminiscence Vita,6386,01/20/2022, 19:09:34,168
SOMO00001,REminiscence Vita,6386,01/20/2022, 20:13:03,168
SOMO00001,REminiscence Vita,6386,01/20/2022, 21:10:30,168
SOMO00001,REminiscence Vita,6386,01/20/2022, 22:11:22,168
SOMO00001,REminiscence Vita,6386,01/20/2022, 23:11:36,168
SOMO00001,REminiscence Vita,6386,01/21/2022, 00:40:01,168
SOMO00001,REminiscence Vita,6386,01/21/2022, 01:55:38,168
SOMO00001,REminiscence Vita,6386,01/21/2022, 02:27:17,168
SOMO00001,REminiscence Vita,6386,01/21/2022, 03:12:00,168
SOMO00001,REminiscence Vita,6386,01/21/2022, 04:16:58,168
SOMO00001,REminiscence Vita,6386,01/21/2022, 05:10:31,168
SOMO00001,REminiscence Vita,6386,01/21/2022, 06:14:34,168
SOMO00001,REminiscence Vita,6386,01/21/2022, 07:12:04,168
SOMO00001,REminiscence Vita,6386,01/21/2022, 08:14:21,168
SOMO00001,REminiscence Vita,6386,01/21/2022, 09:11:59,168
SOMO00001,REminiscence Vita,6386,01/21/2022, 10:12:49,168
SOMO00001,REminiscence Vita,6386,01/21/2022, 11:10:21,168
SOMO00001,REminiscence Vita,6386,01/21/2022, 12:18:51,168
SOMO00001,REminiscence Vita,6386,01/21/2022, 13:15:20,168
SOMO00001,REminiscence Vita,6387,01/21/2022, 14:11:06,168
SOMO00001,REminiscence Vita,6387,01/21/2022, 15:14:13,168
SOMO00001,REminiscence Vita,6387,01/21/2022, 16:17:47,168
SOMO00001,REminiscence Vita,6388,01/21/2022, 17:15:03,168
SOMO00001,REminiscence Vita,6388,01/21/2022, 18:13:54,168
SOMO00001,REminiscence Vita,6388,01/21/2022, 19:10:19,168
SOMO00001,REminiscence Vita,6388,01/21/2022, 20:12:07,168
SOMO00001,REminiscence Vita,6388,01/21/2022, 21:09:05,168
SOMO00001,REminiscence Vita,6388,01/21/2022, 22:11:48,168
SOMO00001,REminiscence Vita,6388,01/21/2022, 23:11:51,168
SOMO00001,REminiscence Vita,6389,01/22/2022, 00:39:56,168
SOMO00001,REminiscence Vita,6389,01/22/2022, 01:51:07,168
SOMO00001,REminiscence Vita,6389,01/22/2022, 02:25:36,168
SOMO00001,REminiscence Vita,6389,01/22/2022, 03:11:46,168
SOMO00001,REminiscence Vita,6389,01/22/2022, 04:14:39,168
SOMO00001,REminiscence Vita,6389,01/22/2022, 05:10:25,168
SOMO00001,REminiscence Vita,6389,01/22/2022, 06:13:41,168
SOMO00001,REminiscence Vita,6389,01/22/2022, 07:10:51,168
SOMO00001,REminiscence Vita,6389,01/22/2022, 08:13:36,168
SOMO00001,REminiscence Vita,6389,01/22/2022, 09:11:22,168
SOMO00001,REminiscence Vita,6389,01/22/2022, 10:12:29,168
SOMO00001,REminiscence Vita,6390,01/22/2022, 11:09:56,168
SOMO00001,REminiscence Vita,6390,01/22/2022, 12:17:40,168
SOMO00001,REminiscence Vita,6390,01/22/2022, 13:13:14,168
SOMO00001,REminiscence Vita,6390,01/22/2022, 14:10:11,168
SOMO00001,REminiscence Vita,6390,01/22/2022, 15:11:46,168
SOMO00001,REminiscence Vita,6390,01/22/2022, 16:16:13,168
SOMO00001,REminiscence Vita,6390,01/22/2022, 17:13:20,168
SOMO00001,REminiscence Vita,6390,01/22/2022, 18:13:03,168
SOMO00001,REminiscence Vita,6390,01/22/2022, 19:09:45,168
SOMO00001,REminiscence Vita,6390,01/22/2022, 20:11:55,168
SOMO00001,REminiscence Vita,6390,01/22/2022, 21:09:50,168
SOMO00001,REminiscence Vita,6390,01/22/2022, 22:11:05,168
SOMO00001,REminiscence Vita,6390,01/22/2022, 23:11:14,168
SOMO00001,REminiscence Vita,6391,01/23/2022, 00:40:52,168
SOMO00001,REminiscence Vita,6391,01/23/2022, 01:54:04,168
SOMO00001,REminiscence Vita,6392,01/23/2022, 02:25:42,168
SOMO00001,REminiscence Vita,6392,01/23/2022, 03:12:19,168
SOMO00001,REminiscence Vita,6392,01/23/2022, 04:14:27,168
SOMO00001,REminiscence Vita,6392,01/23/2022, 05:10:33,168
SOMO00001,REminiscence Vita,6392,01/23/2022, 06:14:09,168
SOMO00001,REminiscence Vita,6392,01/23/2022, 07:12:07,168
SOMO00001,REminiscence Vita,6392,01/23/2022, 08:13:12,168
SOMO00001,REminiscence Vita,6392,01/23/2022, 09:11:04,168
SOMO00001,REminiscence Vita,6392,01/23/2022, 10:12:38,168
SOMO00001,REminiscence Vita,6392,01/23/2022, 11:09:53,168
SOMO00001,REminiscence Vita,6392,01/23/2022, 12:18:16,168
SOMO00001,REminiscence Vita,6392,01/23/2022, 13:13:48,168
SOMO00001,REminiscence Vita,6392,01/23/2022, 14:10:42,168
SOMO00001,REminiscence Vita,6392,01/23/2022, 15:13:12,168
SOMO00001,REminiscence Vita,6392,01/23/2022, 16:16:16,168
SOMO00001,REminiscence Vita,6392,01/23/2022, 17:13:34,168
SOMO00001,REminiscence Vita,6392,01/23/2022, 18:12:54,168
SOMO00001,REminiscence Vita,6393,01/23/2022, 19:09:18,168
SOMO00001,REminiscence Vita,6394,01/23/2022, 20:12:20,168
SOMO00001,REminiscence Vita,6394,01/23/2022, 21:10:40,168
SOMO00001,REminiscence Vita,6395,01/23/2022, 22:11:41,168
SOMO00001,REminiscence Vita,6395,01/23/2022, 23:11:23,168
SOMO00001,REminiscence Vita,6395,01/24/2022, 00:40:46,168
SOMO00001,REminiscence Vita,6395,01/24/2022, 02:00:39,168
SOMO00001,REminiscence Vita,6396,01/24/2022, 02:37:49,168
SOMO00001,REminiscence Vita,6396,01/24/2022, 03:14:49,168
SOMO00001,REminiscence Vita,6396,01/24/2022, 04:15:13,168
SOMO00001,REminiscence Vita,6396,01/24/2022, 05:11:48,168
SOMO00001,REminiscence Vita,6396,01/24/2022, 06:17:25,168
SOMO00001,REminiscence Vita,6396,01/24/2022, 07:18:18,168
SOMO00001,REminiscence Vita,6396,01/24/2022, 08:14:30,168
SOMO00001,REminiscence Vita,6396,01/24/2022, 09:11:30,168
SOMO00001,REminiscence Vita,6396,01/24/2022, 10:13:05,168
SOMO00001,REminiscence Vita,6396,01/24/2022, 11:13:01,168
SOMO00001,REminiscence Vita,6396,01/24/2022, 12:18:32,168
SOMO00001,REminiscence Vita,6396,01/24/2022, 13:16:06,168
SOMO00001,REminiscence Vita,6396,01/24/2022, 14:11:16,168
SOMO00001,REminiscence Vita,6396,01/24/2022, 15:17:18,168
SOMO00001,REminiscence Vita,6396,01/24/2022, 16:22:05,168
SOMO00001,REminiscence Vita,6396,01/24/2022, 17:21:04,168
SOMO00001,REminiscence Vita,6396,01/24/2022, 18:11:57,168
SOMO00001,REminiscence Vita,6396,01/24/2022, 19:10:04,168
SOMO00001,REminiscence Vita,6396,01/24/2022, 20:12:24,168
SOMO00001,REminiscence Vita,6396,01/24/2022, 21:09:31,168
SOMO00001,REminiscence Vita,6396,01/24/2022, 22:11:54,168
SOMO00001,REminiscence Vita,6396,01/24/2022, 23:11:39,168
SOMO00001,REminiscence Vita,6396,01/25/2022, 00:45:35,168
SOMO00001,REminiscence Vita,6396,01/25/2022, 02:01:24,168
SOMO00001,REminiscence Vita,6396,01/25/2022, 03:12:39,168
SOMO00001,REminiscence Vita,6396,01/25/2022, 04:15:05,168
SOMO00001,REminiscence Vita,6396,01/25/2022, 05:11:01,168
SOMO00001,REminiscence Vita,6396,01/25/2022, 06:14:17,168
SOMO00001,REminiscence Vita,6396,01/25/2022, 07:12:02,168
SOMO00001,REminiscence Vita,6396,01/25/2022, 08:14:35,168
SOMO00001,REminiscence Vita,6396,01/25/2022, 09:12:53,168
SOMO00001,REminiscence Vita,6396,01/25/2022, 10:18:07,168
SOMO00001,REminiscence Vita,6396,01/25/2022, 11:10:48,168
SOMO00001,REminiscence Vita,6396,01/25/2022, 12:19:22,168
SOMO00001,REminiscence Vita,6396,01/25/2022, 13:20:13,168
SOMO00001,REminiscence Vita,6396,01/25/2022, 14:16:12,168
SOMO00001,REminiscence Vita,6396,01/25/2022, 15:17:11,168
SOMO00001,REminiscence Vita,6396,01/25/2022, 16:22:12,168
SOMO00001,REminiscence Vita,6397,01/25/2022, 17:20:15,168
SOMO00001,REminiscence Vita,6397,01/25/2022, 18:15:19,168
SOMO00001,REminiscence Vita,6397,01/25/2022, 19:10:47,168
SOMO00001,REminiscence Vita,6397,01/25/2022, 20:12:24,168
SOMO00001,REminiscence Vita,6397,01/25/2022, 21:11:57,168
SOMO00001,REminiscence Vita,6398,01/25/2022, 22:11:49,168
SOMO00001,REminiscence Vita,6398,01/25/2022, 23:13:03,168
SOMO00001,REminiscence Vita,6398,01/26/2022, 00:46:51,168
SOMO00001,REminiscence Vita,6398,01/26/2022, 02:02:43,168
SOMO00001,REminiscence Vita,6398,01/26/2022, 03:11:50,168
SOMO00001,REminiscence Vita,6400,01/26/2022, 04:14:38,168
SOMO00001,REminiscence Vita,6400,01/26/2022, 05:11:04,168
SOMO00001,REminiscence Vita,6400,01/26/2022, 06:14:25,168
SOMO00001,REminiscence Vita,6400,01/26/2022, 07:11:38,168
SOMO00001,REminiscence Vita,6400,01/26/2022, 08:13:54,168
SOMO00001,REminiscence Vita,6400,01/26/2022, 09:17:16,168
SOMO00001,REminiscence Vita,6400,01/26/2022, 10:18:07,168
SOMO00001,REminiscence Vita,6401,01/26/2022, 11:15:06,168
SOMO00001,REminiscence Vita,6401,01/26/2022, 12:20:36,168
SOMO00001,REminiscence Vita,6401,01/26/2022, 13:16:23,168
SOMO00001,REminiscence Vita,6402,01/26/2022, 14:16:18,168
SOMO00001,REminiscence Vita,6402,01/26/2022, 15:17:14,168
SOMO00001,REminiscence Vita,6402,01/26/2022, 16:21:09,168
SOMO00001,REminiscence Vita,6402,01/26/2022, 17:15:30,168
SOMO00001,REminiscence Vita,6402,01/26/2022, 18:17:06,168
SOMO00001,REminiscence Vita,6402,01/26/2022, 19:10:08,168
SOMO00001,REminiscence Vita,6402,01/26/2022, 20:12:15,168
SOMO00001,REminiscence Vita,6402,01/26/2022, 21:11:09,168
SOMO00001,REminiscence Vita,6402,01/26/2022, 22:11:18,168
SOMO00001,REminiscence Vita,6402,01/26/2022, 23:12:05,168
SOMO00001,REminiscence Vita,6402,01/27/2022, 00:42:39,168
SOMO00001,REminiscence Vita,6402,01/27/2022, 01:55:31,168
SOMO00001,REminiscence Vita,6402,01/27/2022, 02:26:12,168
SOMO00001,REminiscence Vita,6402,01/27/2022, 03:12:23,168
SOMO00001,REminiscence Vita,6402,01/27/2022, 04:14:44,168
SOMO00001,REminiscence Vita,6402,01/27/2022, 05:11:47,168
SOMO00001,REminiscence Vita,6403,01/27/2022, 06:14:37,168
SOMO00001,REminiscence Vita,6403,01/27/2022, 07:12:00,168
SOMO00001,REminiscence Vita,6403,01/27/2022, 08:14:34,168
SOMO00001,REminiscence Vita,6404,01/27/2022, 09:12:20,168
SOMO00001,REminiscence Vita,6404,01/27/2022, 10:12:57,168
SOMO00001,REminiscence Vita,6404,01/27/2022, 11:12:52,168
SOMO00001,REminiscence Vita,6404,01/27/2022, 12:19:02,168
SOMO00001,REminiscence Vita,6405,01/27/2022, 13:19:26,168
SOMO00001,REminiscence Vita,6405,01/27/2022, 14:16:08,168
SOMO00001,REminiscence Vita,6405,01/27/2022, 15:17:21,168
SOMO00001,REminiscence Vita,6405,01/27/2022, 16:22:14,168
SOMO00001,REminiscence Vita,6405,01/27/2022, 17:17:32,168
SOMO00001,REminiscence Vita,6405,01/27/2022, 18:19:12,168
SOMO00001,REminiscence Vita,6405,01/27/2022, 19:09:31,168
SOMO00001,REminiscence Vita,6405,01/27/2022, 20:11:53,168
SOMO00001,REminiscence Vita,6405,01/27/2022, 21:10:50,168
SOMO00001,REminiscence Vita,6405,01/27/2022, 22:11:22,168
SOMO00001,REminiscence Vita,6405,01/27/2022, 23:12:13,168
SOMO00001,REminiscence Vita,6405,01/28/2022, 00:41:19,168
SOMO00001,REminiscence Vita,6405,01/28/2022, 01:55:31,168
SOMO00001,REminiscence Vita,6405,01/28/2022, 02:28:51,168
SOMO00001,REminiscence Vita,6405,01/28/2022, 03:11:56,168
SOMO00001,REminiscence Vita,6405,01/28/2022, 04:15:27,168
SOMO00001,REminiscence Vita,6405,01/28/2022, 05:10:56,168
SOMO00001,REminiscence Vita,6405,01/28/2022, 06:14:39,168
SOMO00001,REminiscence Vita,6406,01/28/2022, 07:11:34,168
SOMO00001,REminiscence Vita,6406,01/28/2022, 08:14:14,168
SOMO00001,REminiscence Vita,6406,01/28/2022, 09:12:54,168
SOMO00001,REminiscence Vita,6406,01/28/2022, 10:13:27,168
SOMO00001,REminiscence Vita,6406,01/28/2022, 11:10:44,168
SOMO00001,REminiscence Vita,6406,01/28/2022, 12:20:23,168
SOMO00001,REminiscence Vita,6406,01/28/2022, 13:14:48,168
SOMO00001,REminiscence Vita,6406,01/28/2022, 14:12:13,168
SOMO00001,REminiscence Vita,6406,01/28/2022, 15:14:06,168
SOMO00001,REminiscence Vita,6406,01/28/2022, 16:19:59,168
SOMO00001,REminiscence Vita,6406,01/28/2022, 17:14:33,168
SOMO00001,REminiscence Vita,6406,01/28/2022, 18:13:36,168
SOMO00001,REminiscence Vita,6406,01/28/2022, 19:09:45,168
SOMO00001,REminiscence Vita,6406,01/28/2022, 20:12:20,168
SOMO00001,REminiscence Vita,6406,01/28/2022, 21:10:16,168
SOMO00001,REminiscence Vita,6406,01/28/2022, 22:11:17,168
SOMO00001,REminiscence Vita,6406,01/28/2022, 23:12:13,168
SOMO00001,REminiscence Vita,6406,01/29/2022, 00:38:26,168
SOMO00001,REminiscence Vita,6407,01/29/2022, 01:48:51,168
SOMO00001,REminiscence Vita,6407,01/29/2022, 02:21:57,168
SOMO00001,REminiscence Vita,6407,01/29/2022, 03:11:57,168
SOMO00001,REminiscence Vita,6407,01/29/2022, 04:14:33,168
SOMO00001,REminiscence Vita,6407,01/29/2022, 05:10:43,168
SOMO00001,REminiscence Vita,6407,01/29/2022, 06:13:50,168
SOMO00001,REminiscence Vita,6407,01/29/2022, 07:11:41,168
SOMO00001,REminiscence Vita,6407,01/29/2022, 08:13:35,168
SOMO00001,REminiscence Vita,6407,01/29/2022, 09:11:46,168
SOMO00001,REminiscence Vita,6407,01/29/2022, 10:12:03,168
SOMO00001,REminiscence Vita,6407,01/29/2022, 11:10:27,168
SOMO00001,REminiscence Vita,6407,01/29/2022, 12:17:16,168
SOMO00001,REminiscence Vita,6407,01/29/2022, 13:13:13,168
SOMO00001,REminiscence Vita,6407,01/29/2022, 14:10:12,168
SOMO00001,REminiscence Vita,6407,01/29/2022, 15:11:18,168
SOMO00001,REminiscence Vita,6407,01/29/2022, 16:16:05,168
SOMO00001,REminiscence Vita,6408,01/29/2022, 17:17:31,168
SOMO00001,REminiscence Vita,6408,01/29/2022, 18:17:05,168
SOMO00001,REminiscence Vita,6408,01/29/2022, 19:11:22,168
SOMO00001,REminiscence Vita,6408,01/29/2022, 20:12:17,168
SOMO00001,REminiscence Vita,6408,01/29/2022, 21:09:33,168
SOMO00001,REminiscence Vita,6408,01/29/2022, 22:11:10,168
SOMO00001,REminiscence Vita,6408,01/29/2022, 23:10:57,168
SOMO00001,REminiscence Vita,6408,01/30/2022, 00:41:46,168
SOMO00001,REminiscence Vita,6408,01/30/2022, 01:54:22,168
SOMO00001,REminiscence Vita,6408,01/30/2022, 02:25:04,168
SOMO00001,REminiscence Vita,6408,01/30/2022, 03:11:51,168
SOMO00001,REminiscence Vita,6410,01/30/2022, 04:14:31,168
SOMO00001,REminiscence Vita,6410,01/30/2022, 05:10:16,168
SOMO00001,REminiscence Vita,6410,01/30/2022, 06:13:32,168
SOMO00001,REminiscence Vita,6410,01/30/2022, 07:11:23,168
SOMO00001,REminiscence Vita,6412,01/30/2022, 08:13:09,168
SOMO00001,REminiscence Vita,6412,01/30/2022, 09:11:05,168
SOMO00001,REminiscence Vita,6412,01/30/2022, 10:11:53,168
SOMO00001,REminiscence Vita,6412,01/30/2022, 11:09:28,168
SOMO00001,REminiscence Vita,6412,01/30/2022, 12:17:13,168
SOMO00001,REminiscence Vita,6412,01/30/2022, 13:12:50,168
SOMO00001,REminiscence Vita,6412,01/30/2022, 14:10:35,168
SOMO00001,REminiscence Vita,6412,01/30/2022, 15:11:06,168
SOMO00001,REminiscence Vita,6413,01/30/2022, 16:16:00,168
SOMO00001,REminiscence Vita,6413,01/30/2022, 17:12:26,168
SOMO00001,REminiscence Vita,6413,01/30/2022, 18:13:02,168
SOMO00001,REminiscence Vita,6413,01/30/2022, 19:09:06,168
SOMO00001,REminiscence Vita,6413,01/30/2022, 20:12:25,168
SOMO00001,REminiscence Vita,6413,01/30/2022, 21:09:48,168
SOMO00001,REminiscence Vita,6413,01/30/2022, 22:11:04,168
SOMO00001,REminiscence Vita,6413,01/30/2022, 23:11:35,168
SOMO00001,REminiscence Vita,6413,01/31/2022, 00:40:45,168
SOMO00001,REminiscence Vita,6413,01/31/2022, 01:52:39,168
SOMO00001,REminiscence Vita,6413,01/31/2022, 02:24:34,168
SOMO00001,REminiscence Vita,6413,01/31/2022, 03:12:17,168
SOMO00001,REminiscence Vita,6413,01/31/2022, 04:15:01,168
SOMO00001,REminiscence Vita,6414,01/31/2022, 05:11:03,168
SOMO00001,REminiscence Vita,6414,01/31/2022, 06:14:20,168
SOMO00001,REminiscence Vita,6414,01/31/2022, 07:12:16,168
SOMO00001,REminiscence Vita,6414,01/31/2022, 08:14:31,168
SOMO00001,REminiscence Vita,6414,01/31/2022, 09:12:25,168
SOMO00001,REminiscence Vita,6414,01/31/2022, 10:13:47,168
SOMO00001,REminiscence Vita,6414,01/31/2022, 11:13:20,168
SOMO00001,REminiscence Vita,6414,01/31/2022, 12:20:52,168
SOMO00001,REminiscence Vita,6414,01/31/2022, 13:20:05,168
SOMO00001,REminiscence Vita,6414,01/31/2022, 14:12:56,168
SOMO00001,REminiscence Vita,6414,01/31/2022, 15:13:06,168
SOMO00001,REminiscence Vita,6414,01/31/2022, 16:18:15,168
SOMO00001,REminiscence Vita,6414,01/31/2022, 17:12:50,168
SOMO00001,REminiscence Vita,6414,01/31/2022, 18:18:18,168
SOMO00001,REminiscence Vita,6414,01/31/2022, 19:11:57,168
SOMO00001,REminiscence Vita,6414,01/31/2022, 20:13:16,168
SOMO00001,REminiscence Vita,6414,01/31/2022, 21:10:01,168
SOMO00001,REminiscence Vita,6414,01/31/2022, 22:11:11,168
SOMO00001,REminiscence Vita,6415,01/31/2022, 23:12:14,168
SOMO00001,REminiscence Vita,6415,02/01/2022, 00:43:19,168
SOMO00001,REminiscence Vita,6415,02/01/2022, 01:58:25,168
SOMO00001,REminiscence Vita,6415,02/01/2022, 02:31:27,168
SOMO00001,REminiscence Vita,6415,02/01/2022, 03:11:59,168
SOMO00001,REminiscence Vita,6415,02/01/2022, 04:14:43,168
SOMO00001,REminiscence Vita,6415,02/01/2022, 05:11:30,168
SOMO00001,REminiscence Vita,6415,02/01/2022, 06:14:23,168
SOMO00001,REminiscence Vita,6415,02/01/2022, 07:11:48,168
SOMO00001,REminiscence Vita,6415,02/01/2022, 08:14:31,168
SOMO00001,REminiscence Vita,6416,02/01/2022, 09:12:36,168
SOMO00001,REminiscence Vita,6416,02/01/2022, 10:18:01,168
SOMO00001,REminiscence Vita,6416,02/01/2022, 11:15:12,168
SOMO00001,REminiscence Vita,6416,02/01/2022, 12:19:01,168
SOMO00001,REminiscence Vita,6416,02/01/2022, 13:18:48,168
SOMO00001,REminiscence Vita,6416,02/01/2022, 14:16:09,168
SOMO00001,REminiscence Vita,6416,02/01/2022, 15:17:18,168
SOMO00001,REminiscence Vita,6416,02/01/2022, 16:23:09,168
SOMO00001,REminiscence Vita,6416,02/01/2022, 17:17:43,168
SOMO00001,REminiscence Vita,6416,02/01/2022, 18:15:45,168
SOMO00001,REminiscence Vita,6416,02/01/2022, 19:12:54,168
SOMO00001,REminiscence Vita,6416,02/01/2022, 20:12:24,168
SOMO00001,REminiscence Vita,6416,02/01/2022, 21:10:31,168
SOMO00001,REminiscence Vita,6417,02/01/2022, 22:11:17,168
SOMO00001,REminiscence Vita,6417,02/01/2022, 23:12:10,168
SOMO00001,REminiscence Vita,6418,02/02/2022, 00:43:47,168
SOMO00001,REminiscence Vita,6420,02/02/2022, 01:56:08,168
SOMO00001,REminiscence Vita,6420,02/02/2022, 02:26:25,168
SOMO00001,REminiscence Vita,6420,02/02/2022, 03:11:59,168
SOMO00001,REminiscence Vita,6420,02/02/2022, 04:14:36,168
SOMO00001,REminiscence Vita,6420,02/02/2022, 05:11:23,168
SOMO00001,REminiscence Vita,6420,02/02/2022, 06:14:20,168
SOMO00001,REminiscence Vita,6420,02/02/2022, 07:11:35,168
SOMO00001,REminiscence Vita,6420,02/02/2022, 08:14:08,168
SOMO00001,REminiscence Vita,6420,02/02/2022, 09:11:47,168
SOMO00001,REminiscence Vita,6421,02/02/2022, 10:13:09,168
SOMO00001,REminiscence Vita,6421,02/02/2022, 11:13:23,168
SOMO00001,REminiscence Vita,6421,02/02/2022, 12:18:17,168
SOMO00001,REminiscence Vita,6421,02/02/2022, 13:17:55,168
SOMO00001,REminiscence Vita,6421,02/02/2022, 14:16:16,168
SOMO00001,REminiscence Vita,6421,02/02/2022, 15:16:43,168
SOMO00001,REminiscence Vita,6421,02/02/2022, 16:21:54,168
SOMO00001,REminiscence Vita,6421,02/02/2022, 17:18:35,168
SOMO00001,REminiscence Vita,6421,02/02/2022, 18:14:01,168
SOMO00001,REminiscence Vita,6422,02/02/2022, 19:10:13,168
SOMO00001,REminiscence Vita,6422,02/02/2022, 20:13:01,168
SOMO00001,REminiscence Vita,6422,02/02/2022, 21:11:19,168
SOMO00001,REminiscence Vita,6422,02/02/2022, 22:11:26,168
SOMO00001,REminiscence Vita,6422,02/02/2022, 23:12:15,168
SOMO00001,REminiscence Vita,6422,02/03/2022, 00:40:45,168
SOMO00001,REminiscence Vita,6422,02/03/2022, 01:52:15,168
SOMO00001,REminiscence Vita,6422,02/03/2022, 02:23:46,168
SOMO00001,REminiscence Vita,6422,02/03/2022, 03:12:51,168
SOMO00001,REminiscence Vita,6422,02/03/2022, 04:14:39,168
SOMO00001,REminiscence Vita,6422,02/03/2022, 05:11:33,168
SOMO00001,REminiscence Vita,6422,02/03/2022, 06:14:42,168
SOMO00001,REminiscence Vita,6422,02/03/2022, 07:11:57,168
SOMO00001,REminiscence Vita,6422,02/03/2022, 08:16:12,168
SOMO00001,REminiscence Vita,6422,02/03/2022, 09:12:32,168
SOMO00001,REminiscence Vita,6422,02/03/2022, 10:12:34,168
SOMO00001,REminiscence Vita,6423,02/03/2022, 11:12:32,168
SOMO00001,REminiscence Vita,6423,02/03/2022, 12:18:33,168
SOMO00001,REminiscence Vita,6423,02/03/2022, 13:15:22,168
SOMO00001,REminiscence Vita,6424,02/03/2022, 14:16:07,168
SOMO00001,REminiscence Vita,6424,02/03/2022, 15:14:07,168
SOMO00001,REminiscence Vita,6424,02/03/2022, 16:22:11,168
SOMO00001,REminiscence Vita,6424,02/03/2022, 17:18:53,168
SOMO00001,REminiscence Vita,6424,02/03/2022, 18:15:46,168
SOMO00001,REminiscence Vita,6424,02/03/2022, 19:10:33,168
SOMO00001,REminiscence Vita,6424,02/03/2022, 20:13:32,168
SOMO00001,REminiscence Vita,6424,02/03/2022, 21:10:34,168
SOMO00001,REminiscence Vita,6424,02/03/2022, 22:11:09,168
SOMO00001,REminiscence Vita,6424,02/03/2022, 23:10:21,168
SOMO00001,REminiscence Vita,6424,02/04/2022, 00:42:15,168
SOMO00001,REminiscence Vita,6424,02/04/2022, 01:45:16,168
SOMO00001,REminiscence Vita,6424,02/04/2022, 02:13:38,168
SOMO00001,REminiscence Vita,6424,02/04/2022, 03:10:54,168
SOMO00001,REminiscence Vita,6424,02/04/2022, 04:12:36,168
SOMO00001,REminiscence Vita,6424,02/04/2022, 05:09:43,168
SOMO00001,REminiscence Vita,6424,02/04/2022, 06:11:52,168
SOMO00001,REminiscence Vita,6424,02/04/2022, 07:10:12,168
SOMO00001,REminiscence Vita,6424,02/04/2022, 08:12:28,168
SOMO00001,REminiscence Vita,6424,02/04/2022, 09:10:58,168
SOMO00001,REminiscence Vita,6425,02/04/2022, 10:11:50,168
SOMO00001,REminiscence Vita,6425,02/04/2022, 11:08:23,168
SOMO00001,REminiscence Vita,6425,02/04/2022, 12:16:36,168
SOMO00001,REminiscence Vita,6425,02/04/2022, 13:11:05,168
SOMO00001,REminiscence Vita,6425,02/04/2022, 14:09:49,168
SOMO00001,REminiscence Vita,6425,02/04/2022, 15:13:24,168
SOMO00001,REminiscence Vita,6425,02/04/2022, 16:18:22,168
SOMO00001,REminiscence Vita,6425,02/04/2022, 17:09:43,168
SOMO00001,REminiscence Vita,6425,02/04/2022, 18:11:28,168
SOMO00001,REminiscence Vita,6425,02/04/2022, 19:08:53,168
SOMO00001,REminiscence Vita,6425,02/04/2022, 20:10:38,168
SOMO00001,REminiscence Vita,6425,02/04/2022, 21:09:28,168
SOMO00001,REminiscence Vita,6425,02/04/2022, 22:10:06,168
SOMO00001,REminiscence Vita,6425,02/04/2022, 23:10:54,168
SOMO00001,REminiscence Vita,6426,02/05/2022, 00:36:23,168
SOMO00001,REminiscence Vita,6426,02/05/2022, 01:36:04,168
SOMO00001,REminiscence Vita,6426,02/05/2022, 02:12:50,168
SOMO00001,REminiscence Vita,6426,02/05/2022, 03:11:03,168
SOMO00001,REminiscence Vita,6427,02/05/2022, 04:13:05,168
SOMO00001,REminiscence Vita,6427,02/05/2022, 05:09:38,168
SOMO00001,REminiscence Vita,6427,02/05/2022, 06:11:45,168
SOMO00001,REminiscence Vita,6427,02/05/2022, 07:10:13,168
SOMO00001,REminiscence Vita,6427,02/05/2022, 08:11:35,168
SOMO00001,REminiscence Vita,6428,02/05/2022, 09:10:26,168
SOMO00001,REminiscence Vita,6428,02/05/2022, 10:10:28,168
SOMO00001,REminiscence Vita,6428,02/05/2022, 11:09:29,168
SOMO00001,REminiscence Vita,6428,02/05/2022, 12:14:14,168
SOMO00001,REminiscence Vita,6428,02/05/2022, 13:09:59,168
SOMO00001,REminiscence Vita,6428,02/05/2022, 14:09:10,168
SOMO00001,REminiscence Vita,6428,02/05/2022, 15:09:42,168
SOMO00001,REminiscence Vita,6428,02/05/2022, 16:13:17,168
SOMO00001,REminiscence Vita,6428,02/05/2022, 17:10:48,168
SOMO00001,REminiscence Vita,6428,02/05/2022, 18:11:05,168
SOMO00001,REminiscence Vita,6428,02/05/2022, 19:09:14,168
SOMO00001,REminiscence Vita,6428,02/05/2022, 20:10:17,168
SOMO00001,REminiscence Vita,6428,02/05/2022, 21:09:09,168
SOMO00001,REminiscence Vita,6428,02/05/2022, 22:14:35,168
SOMO00001,REminiscence Vita,6428,02/05/2022, 23:19:45,168
SOMO00001,REminiscence Vita,6428,02/06/2022, 00:52:09,168
SOMO00001,REminiscence Vita,6428,02/06/2022, 02:07:51,168
SOMO00001,REminiscence Vita,6428,02/06/2022, 03:11:24,168
SOMO00001,REminiscence Vita,6428,02/06/2022, 04:15:07,168
SOMO00001,REminiscence Vita,6428,02/06/2022, 05:10:34,168
SOMO00001,REminiscence Vita,6428,02/06/2022, 06:13:48,168
SOMO00001,REminiscence Vita,6428,02/06/2022, 07:11:51,168
SOMO00001,REminiscence Vita,6428,02/06/2022, 08:13:11,168
SOMO00001,REminiscence Vita,6428,02/06/2022, 09:11:16,168
SOMO00001,REminiscence Vita,6429,02/06/2022, 10:12:05,168
SOMO00001,REminiscence Vita,6429,02/06/2022, 11:09:30,168
SOMO00001,REminiscence Vita,6429,02/06/2022, 12:17:17,168
SOMO00001,REminiscence Vita,6430,02/06/2022, 13:12:55,168
SOMO00001,REminiscence Vita,6430,02/06/2022, 14:10:38,168
SOMO00001,REminiscence Vita,6430,02/06/2022, 15:11:06,168
SOMO00001,REminiscence Vita,6430,02/06/2022, 16:15:55,168
SOMO00001,REminiscence Vita,6430,02/06/2022, 17:12:03,168
SOMO00001,REminiscence Vita,6430,02/06/2022, 18:12:52,168
SOMO00001,REminiscence Vita,6430,02/06/2022, 19:09:03,168
SOMO00001,REminiscence Vita,6430,02/06/2022, 20:11:46,168
SOMO00001,REminiscence Vita,6430,02/06/2022, 21:10:55,168
SOMO00001,REminiscence Vita,6430,02/06/2022, 22:11:11,168
SOMO00001,REminiscence Vita,6430,02/06/2022, 23:11:21,168
SOMO00001,REminiscence Vita,6431,02/07/2022, 00:42:34,168
SOMO00001,REminiscence Vita,6431,02/07/2022, 01:54:58,168
SOMO00001,REminiscence Vita,6431,02/07/2022, 02:26:19,168
SOMO00001,REminiscence Vita,6431,02/07/2022, 03:12:11,168
SOMO00001,REminiscence Vita,6431,02/07/2022, 04:15:15,168
SOMO00001,REminiscence Vita,6431,02/07/2022, 05:11:20,168
SOMO00001,REminiscence Vita,6431,02/07/2022, 06:14:23,168
SOMO00001,REminiscence Vita,6431,02/07/2022, 07:11:43,168
SOMO00001,REminiscence Vita,6431,02/07/2022, 08:14:41,168
SOMO00001,REminiscence Vita,6431,02/07/2022, 10:17:16,168
SOMO00001,REminiscence Vita,6431,02/07/2022, 11:14:13,168
SOMO00001,REminiscence Vita,6432,02/07/2022, 12:25:33,168
SOMO00001,REminiscence Vita,6432,02/07/2022, 13:20:41,168
SOMO00001,REminiscence Vita,6432,02/07/2022, 14:13:08,168
SOMO00001,REminiscence Vita,6432,02/07/2022, 15:17:18,168
SOMO00001,REminiscence Vita,6432,02/07/2022, 16:18:42,168
SOMO00001,REminiscence Vita,6432,02/07/2022, 17:17:30,168
SOMO00001,REminiscence Vita,6432,02/07/2022, 18:18:20,168
SOMO00001,REminiscence Vita,6432,02/07/2022, 19:13:23,168
SOMO00001,REminiscence Vita,6432,02/07/2022, 20:15:08,168
SOMO00001,REminiscence Vita,6433,02/07/2022, 21:14:26,168
SOMO00001,REminiscence Vita,6433,02/07/2022, 22:17:17,168
SOMO00001,REminiscence Vita,6433,02/07/2022, 23:12:30,168
SOMO00001,REminiscence Vita,6434,02/08/2022, 00:44:04,168
SOMO00001,REminiscence Vita,6434,02/08/2022, 01:57:11,168
SOMO00001,REminiscence Vita,6434,02/08/2022, 02:29:15,168
SOMO00001,REminiscence Vita,6434,02/08/2022, 03:12:04,168
SOMO00001,REminiscence Vita,6434,02/08/2022, 04:14:37,168
SOMO00001,REminiscence Vita,6434,02/08/2022, 05:11:04,168
SOMO00001,REminiscence Vita,6434,02/08/2022, 06:15:09,168
SOMO00001,REminiscence Vita,6434,02/08/2022, 07:12:00,168
SOMO00001,REminiscence Vita,6434,02/08/2022, 08:14:37,168
SOMO00001,REminiscence Vita,6434,02/08/2022, 09:17:24,168
SOMO00001,REminiscence Vita,6434,02/08/2022, 10:12:56,168
SOMO00001,REminiscence Vita,6434,02/08/2022, 11:12:38,168
SOMO00001,REminiscence Vita,6434,02/08/2022, 12:22:31,168
SOMO00001,REminiscence Vita,6434,02/08/2022, 13:20:15,168
SOMO00001,REminiscence Vita,6434,02/08/2022, 14:17:25,168
SOMO00001,REminiscence Vita,6434,02/08/2022, 15:17:42,168
SOMO00001,REminiscence Vita,6434,02/08/2022, 16:22:13,168
SOMO00001,REminiscence Vita,6434,02/08/2022, 17:16:22,168
SOMO00001,REminiscence Vita,6434,02/08/2022, 18:13:07,168
SOMO00001,REminiscence Vita,6434,02/08/2022, 19:14:29,168
SOMO00001,REminiscence Vita,6434,02/08/2022, 20:17:18,168
SOMO00001,REminiscence Vita,6434,02/08/2022, 21:16:59,168
SOMO00001,REminiscence Vita,6434,02/08/2022, 22:13:02,168
SOMO00001,REminiscence Vita,6434,02/08/2022, 23:12:29,168
SOMO00001,REminiscence Vita,6434,02/09/2022, 00:45:34,168
SOMO00001,REminiscence Vita,6435,02/09/2022, 02:02:00,168
SOMO00001,REminiscence Vita,6435,02/09/2022, 03:12:08,168
SOMO00001,REminiscence Vita,6435,02/09/2022, 04:15:05,168
SOMO00001,REminiscence Vita,6435,02/09/2022, 05:10:55,168
SOMO00001,REminiscence Vita,6435,02/09/2022, 06:14:35,168
SOMO00001,REminiscence Vita,6435,02/09/2022, 07:12:15,168
SOMO00001,REminiscence Vita,6435,02/09/2022, 08:17:02,168
SOMO00001,REminiscence Vita,6435,02/09/2022, 09:17:14,168
SOMO00001,REminiscence Vita,6435,02/09/2022, 10:17:22,168
SOMO00001,REminiscence Vita,6435,02/09/2022, 11:13:47,168
SOMO00001,REminiscence Vita,6435,02/09/2022, 12:23:09,168
SOMO00001,REminiscence Vita,6435,02/09/2022, 13:20:23,168
SOMO00001,REminiscence Vita,6435,02/09/2022, 14:15:15,168
SOMO00001,REminiscence Vita,6435,02/09/2022, 15:20:10,168
SOMO00001,REminiscence Vita,6435,02/09/2022, 16:22:22,168
SOMO00001,REminiscence Vita,6435,02/09/2022, 17:20:18,168
SOMO00001,REminiscence Vita,6435,02/09/2022, 18:14:04,168
SOMO00001,REminiscence Vita,6435,02/09/2022, 19:09:52,168
SOMO00001,REminiscence Vita,6435,02/09/2022, 20:12:27,168
SOMO00001,REminiscence Vita,6436,02/09/2022, 21:10:36,168
SOMO00001,REminiscence Vita,6436,02/09/2022, 22:11:37,168
SOMO00001,REminiscence Vita,6436,02/09/2022, 23:11:54,168
SOMO00001,REminiscence Vita,6437,02/10/2022, 00:44:37,168
SOMO00001,REminiscence Vita,6437,02/10/2022, 01:55:31,168
SOMO00001,REminiscence Vita,6437,02/10/2022, 02:25:41,168
SOMO00001,REminiscence Vita,6438,02/10/2022, 03:11:58,168
SOMO00001,REminiscence Vita,6438,02/10/2022, 04:14:49,168
SOMO00001,REminiscence Vita,6438,02/10/2022, 05:11:34,168
SOMO00001,REminiscence Vita,6438,02/10/2022, 06:14:15,168
SOMO00001,REminiscence Vita,6438,02/10/2022, 07:11:27,168
SOMO00001,REminiscence Vita,6438,02/10/2022, 08:13:54,168
SOMO00001,REminiscence Vita,6438,02/10/2022, 09:17:24,168
SOMO00001,REminiscence Vita,6439,02/10/2022, 10:18:03,168
SOMO00001,REminiscence Vita,6439,02/10/2022, 11:11:35,168
SOMO00001,REminiscence Vita,6439,02/10/2022, 12:18:23,168
SOMO00001,REminiscence Vita,6439,02/10/2022, 13:14:49,168
SOMO00001,REminiscence Vita,6439,02/10/2022, 14:14:09,168
SOMO00001,REminiscence Vita,6439,02/10/2022, 15:17:13,168
SOMO00001,REminiscence Vita,6439,02/10/2022, 16:21:11,168
SOMO00001,REminiscence Vita,6439,02/10/2022, 17:15:51,168
SOMO00001,REminiscence Vita,6439,02/10/2022, 18:14:52,168
SOMO00001,REminiscence Vita,6439,02/10/2022, 19:08:11,168
SOMO00001,REminiscence Vita,6439,02/10/2022, 20:12:16,168
SOMO00001,REminiscence Vita,6439,02/10/2022, 21:11:41,168
SOMO00001,REminiscence Vita,6439,02/10/2022, 22:11:16,168
SOMO00001,REminiscence Vita,6439,02/10/2022, 23:12:20,168
SOMO00001,REminiscence Vita,6439,02/11/2022, 00:48:14,168
SOMO00001,REminiscence Vita,6439,02/11/2022, 01:58:54,168
SOMO00001,REminiscence Vita,6439,02/11/2022, 02:32:48,168
SOMO00001,REminiscence Vita,6439,02/11/2022, 03:11:58,168
SOMO00001,REminiscence Vita,6439,02/11/2022, 04:14:40,168
SOMO00001,REminiscence Vita,6439,02/11/2022, 05:10:53,168
SOMO00001,REminiscence Vita,6439,02/11/2022, 06:15:07,168
SOMO00001,REminiscence Vita,6439,02/11/2022, 07:11:14,168
SOMO00001,REminiscence Vita,6439,02/11/2022, 08:13:47,168
SOMO00001,REminiscence Vita,6440,02/11/2022, 09:12:24,168
SOMO00001,REminiscence Vita,6440,02/11/2022, 10:12:43,168
SOMO00001,REminiscence Vita,6440,02/11/2022, 11:10:24,168
SOMO00001,REminiscence Vita,6440,02/11/2022, 12:17:46,168
SOMO00001,REminiscence Vita,6440,02/11/2022, 13:14:02,168
SOMO00001,REminiscence Vita,6441,02/11/2022, 14:13:00,168
SOMO00001,REminiscence Vita,6441,02/11/2022, 15:16:18,168
SOMO00001,REminiscence Vita,6441,02/11/2022, 16:21:13,168
SOMO00001,REminiscence Vita,6441,02/11/2022, 17:14:34,168
SOMO00001,REminiscence Vita,6441,02/11/2022, 18:13:37,168
SOMO00001,REminiscence Vita,6441,02/11/2022, 19:09:34,168
SOMO00001,REminiscence Vita,6441,02/11/2022, 20:12:26,168
SOMO00001,REminiscence Vita,6442,02/11/2022, 21:10:51,168
SOMO00001,REminiscence Vita,6442,02/11/2022, 22:11:03,168
SOMO00001,REminiscence Vita,6442,02/11/2022, 23:11:45,168
SOMO00001,REminiscence Vita,6442,02/12/2022, 00:46:34,168
SOMO00001,REminiscence Vita,6442,02/12/2022, 02:00:56,168
SOMO00001,REminiscence Vita,6442,02/12/2022, 02:43:06,168
SOMO00001,REminiscence Vita,6442,02/12/2022, 03:11:30,168
SOMO00001,REminiscence Vita,6442,02/12/2022, 04:15:19,168
SOMO00001,REminiscence Vita,6442,02/12/2022, 05:10:29,168
SOMO00001,REminiscence Vita,6442,02/12/2022, 06:13:33,168
SOMO00001,REminiscence Vita,6442,02/12/2022, 07:10:52,168
SOMO00001,REminiscence Vita,6442,02/12/2022, 08:13:56,168
SOMO00001,REminiscence Vita,6442,02/12/2022, 09:12:36,168
SOMO00001,REminiscence Vita,6442,02/12/2022, 10:11:43,168
SOMO00001,REminiscence Vita,6442,02/12/2022, 11:10:07,168
SOMO00001,REminiscence Vita,6442,02/12/2022, 12:17:39,168
SOMO00001,REminiscence Vita,6442,02/12/2022, 13:12:32,168
SOMO00001,REminiscence Vita,6442,02/12/2022, 14:10:13,168
SOMO00001,REminiscence Vita,6442,02/12/2022, 15:11:08,168
SOMO00001,REminiscence Vita,6442,02/12/2022, 16:15:50,168
SOMO00001,REminiscence Vita,6442,02/12/2022, 17:10:48,168
SOMO00001,REminiscence Vita,6442,02/12/2022, 18:13:33,168
SOMO00001,REminiscence Vita,6442,02/12/2022, 19:09:13,168
SOMO00001,REminiscence Vita,6442,02/12/2022, 20:12:12,168
SOMO00001,REminiscence Vita,6442,02/12/2022, 21:09:42,168
SOMO00001,REminiscence Vita,6443,02/12/2022, 22:10:46,168
SOMO00001,REminiscence Vita,6443,02/12/2022, 23:11:43,168
SOMO00001,REminiscence Vita,6443,02/13/2022, 00:47:01,168
SOMO00001,REminiscence Vita,6443,02/13/2022, 01:59:33,168
SOMO00001,REminiscence Vita,6443,02/13/2022, 02:33:44,168
SOMO00001,REminiscence Vita,6443,02/13/2022, 03:12:00,168
SOMO00001,REminiscence Vita,6443,02/13/2022, 04:14:47,168
SOMO00001,REminiscence Vita,6443,02/13/2022, 05:10:22,168
SOMO00001,REminiscence Vita,6443,02/13/2022, 06:13:29,168
SOMO00001,REminiscence Vita,6443,02/13/2022, 07:11:27,168
SOMO00001,REminiscence Vita,6443,02/13/2022, 08:13:51,168
SOMO00001,REminiscence Vita,6443,02/13/2022, 09:12:11,168
SOMO00001,REminiscence Vita,6443,02/13/2022, 10:12:02,168
SOMO00001,REminiscence Vita,6443,02/13/2022, 11:09:45,168
SOMO00001,REminiscence Vita,6443,02/13/2022, 12:17:12,168
SOMO00001,REminiscence Vita,6443,02/13/2022, 13:12:38,168
SOMO00001,REminiscence Vita,6443,02/13/2022, 14:10:21,168
SOMO00001,REminiscence Vita,6443,02/13/2022, 15:12:20,168
SOMO00001,REminiscence Vita,6443,02/13/2022, 16:16:10,168
SOMO00001,REminiscence Vita,6443,02/13/2022, 17:10:48,168
SOMO00001,REminiscence Vita,6443,02/13/2022, 18:13:08,168
SOMO00001,REminiscence Vita,6443,02/13/2022, 19:09:12,168
SOMO00001,REminiscence Vita,6443,02/13/2022, 20:12:17,168
SOMO00001,REminiscence Vita,6443,02/13/2022, 21:10:17,168
SOMO00001,REminiscence Vita,6443,02/13/2022, 22:12:16,168
SOMO00001,REminiscence Vita,6443,02/13/2022, 23:11:53,168
SOMO00001,REminiscence Vita,6443,02/14/2022, 00:42:02,168
SOMO00001,REminiscence Vita,6443,02/14/2022, 01:53:00,168
SOMO00001,REminiscence Vita,6443,02/14/2022, 02:22:57,168
SOMO00001,REminiscence Vita,6443,02/14/2022, 03:12:20,168
SOMO00001,REminiscence Vita,6443,02/14/2022, 04:14:49,168
SOMO00001,REminiscence Vita,6443,02/14/2022, 05:11:46,168
SOMO00001,REminiscence Vita,6443,02/14/2022, 06:14:32,168
SOMO00001,REminiscence Vita,6443,02/14/2022, 07:12:17,168
SOMO00001,REminiscence Vita,6443,02/14/2022, 08:14:48,168
SOMO00001,REminiscence Vita,6443,02/14/2022, 09:14:16,168
SOMO00001,REminiscence Vita,6443,02/14/2022, 10:17:15,168
SOMO00001,REminiscence Vita,6443,02/14/2022, 11:12:26,168
SOMO00001,REminiscence Vita,6443,02/14/2022, 12:20:01,168
SOMO00001,REminiscence Vita,6443,02/14/2022, 13:19:13,168
SOMO00001,REminiscence Vita,6443,02/14/2022, 14:12:51,168
SOMO00001,REminiscence Vita,6443,02/14/2022, 15:17:20,168
SOMO00001,REminiscence Vita,6443,02/14/2022, 16:19:34,168
SOMO00001,REminiscence Vita,6444,02/14/2022, 17:16:09,168
SOMO00001,REminiscence Vita,6444,02/14/2022, 18:18:23,168
SOMO00001,REminiscence Vita,6444,02/14/2022, 19:13:21,168
SOMO00001,REminiscence Vita,6444,02/14/2022, 20:12:47,168
SOMO00001,REminiscence Vita,6444,02/14/2022, 21:10:56,168
SOMO00001,REminiscence Vita,6444,02/14/2022, 22:11:20,168
SOMO00001,REminiscence Vita,6444,02/14/2022, 23:12:02,168
SOMO00001,REminiscence Vita,6444,02/15/2022, 03:12:37,168
SOMO00001,REminiscence Vita,6444,02/15/2022, 04:15:13,168
SOMO00001,REminiscence Vita,6444,02/15/2022, 05:11:48,168
SOMO00001,REminiscence Vita,6444,02/15/2022, 06:14:39,168
SOMO00001,REminiscence Vita,6444,02/15/2022, 07:11:30,168
SOMO00001,REminiscence Vita,6445,02/15/2022, 08:14:23,168
SOMO00001,REminiscence Vita,6446,02/15/2022, 09:12:18,168
SOMO00001,REminiscence Vita,6446,02/15/2022, 10:13:05,168
SOMO00001,REminiscence Vita,6447,02/15/2022, 11:12:58,168
SOMO00001,REminiscence Vita,6447,02/15/2022, 12:19:33,168
SOMO00001,REminiscence Vita,6447,02/15/2022, 13:21:30,168
SOMO00001,REminiscence Vita,6447,02/15/2022, 14:11:40,168
SOMO00001,REminiscence Vita,6447,02/15/2022, 15:16:37,168
SOMO00001,REminiscence Vita,6447,02/15/2022, 16:17:20,168
SOMO00001,REminiscence Vita,6447,02/15/2022, 17:16:16,168
SOMO00001,REminiscence Vita,6447,02/15/2022, 18:17:33,168
SOMO00001,REminiscence Vita,6448,02/15/2022, 19:09:50,168
SOMO00001,REminiscence Vita,6448,02/15/2022, 20:12:46,168
SOMO00001,REminiscence Vita,6448,02/15/2022, 21:10:18,168
SOMO00001,REminiscence Vita,6448,02/15/2022, 22:12:24,168
SOMO00001,REminiscence Vita,6448,02/15/2022, 23:12:42,168
SOMO00001,REminiscence Vita,6448,02/16/2022, 00:45:04,168
SOMO00001,REminiscence Vita,6448,02/16/2022, 02:03:51,168
SOMO00001,REminiscence Vita,6448,02/16/2022, 03:13:03,168
SOMO00001,REminiscence Vita,6448,02/16/2022, 04:15:19,168
SOMO00001,REminiscence Vita,6448,02/16/2022, 05:11:10,168
SOMO00001,REminiscence Vita,6448,02/16/2022, 06:14:37,168
SOMO00001,REminiscence Vita,6448,02/16/2022, 07:11:44,168
SOMO00001,REminiscence Vita,6448,02/16/2022, 08:14:23,168
SOMO00001,REminiscence Vita,6448,02/16/2022, 09:13:17,168
SOMO00001,REminiscence Vita,6448,02/16/2022, 10:13:43,168
SOMO00001,REminiscence Vita,6448,02/16/2022, 11:13:07,168
SOMO00001,REminiscence Vita,6448,02/16/2022, 12:18:37,168
SOMO00001,REminiscence Vita,6448,02/16/2022, 13:17:47,168
SOMO00001,REminiscence Vita,6448,02/16/2022, 14:12:53,168
SOMO00001,REminiscence Vita,6448,02/16/2022, 15:17:11,168
SOMO00001,REminiscence Vita,6448,02/16/2022, 16:15:32,168
SOMO00001,REminiscence Vita,6448,02/16/2022, 17:14:42,168
SOMO00001,REminiscence Vita,6448,02/16/2022, 18:14:29,168
SOMO00001,REminiscence Vita,6448,02/16/2022, 19:11:01,168
SOMO00001,REminiscence Vita,6448,02/16/2022, 20:12:08,168
SOMO00001,REminiscence Vita,6448,02/16/2022, 21:11:20,168
SOMO00001,REminiscence Vita,6448,02/16/2022, 22:11:44,168
SOMO00001,REminiscence Vita,6449,02/16/2022, 23:12:19,168
SOMO00001,REminiscence Vita,6449,02/17/2022, 00:40:32,168
SOMO00001,REminiscence Vita,6449,02/17/2022, 01:51:00,168
SOMO00001,REminiscence Vita,6449,02/17/2022, 02:21:31,168
SOMO00001,REminiscence Vita,6449,02/17/2022, 03:13:21,168
SOMO00001,REminiscence Vita,6449,02/17/2022, 04:15:27,168
SOMO00001,REminiscence Vita,6449,02/17/2022, 05:11:11,168
SOMO00001,REminiscence Vita,6449,02/17/2022, 06:15:30,168
SOMO00001,REminiscence Vita,6449,02/17/2022, 07:12:11,168
SOMO00001,REminiscence Vita,6449,02/17/2022, 08:14:06,168
SOMO00001,REminiscence Vita,6450,02/17/2022, 09:16:15,168
SOMO00001,REminiscence Vita,6450,02/17/2022, 10:13:35,168
SOMO00001,REminiscence Vita,6450,02/17/2022, 11:10:04,168
SOMO00001,REminiscence Vita,6451,02/17/2022, 12:18:58,168
SOMO00001,REminiscence Vita,6451,02/17/2022, 13:19:01,168
SOMO00001,REminiscence Vita,6451,02/17/2022, 14:17:55,168
SOMO00001,REminiscence Vita,6451,02/17/2022, 15:18:19,168
SOMO00001,REminiscence Vita,6451,02/17/2022, 16:21:12,168
SOMO00001,REminiscence Vita,6451,02/17/2022, 17:18:15,168
SOMO00001,REminiscence Vita,6451,02/17/2022, 18:14:50,168
SOMO00001,REminiscence Vita,6451,02/17/2022, 19:10:15,168
SOMO00001,REminiscence Vita,6451,02/17/2022, 20:11:31,168
SOMO00001,REminiscence Vita,6451,02/17/2022, 21:12:42,168
SOMO00001,REminiscence Vita,6452,02/17/2022, 22:12:27,168
SOMO00001,REminiscence Vita,6452,02/17/2022, 23:12:44,168
SOMO00001,REminiscence Vita,6452,02/18/2022, 00:50:42,168
SOMO00001,REminiscence Vita,6452,02/18/2022, 02:02:13,168
SOMO00001,REminiscence Vita,6452,02/18/2022, 03:12:54,168
SOMO00001,REminiscence Vita,6452,02/18/2022, 04:15:57,168
SOMO00001,REminiscence Vita,6452,02/18/2022, 05:11:25,168
SOMO00001,REminiscence Vita,6452,02/18/2022, 06:15:43,168
SOMO00001,REminiscence Vita,6452,02/18/2022, 07:12:26,168
SOMO00001,REminiscence Vita,6452,02/18/2022, 08:14:35,168
SOMO00001,REminiscence Vita,6452,02/18/2022, 09:12:27,168
SOMO00001,REminiscence Vita,6452,02/18/2022, 10:14:08,168
SOMO00001,REminiscence Vita,6452,02/18/2022, 11:10:29,168
SOMO00001,REminiscence Vita,6452,02/18/2022, 12:19:52,168
SOMO00001,REminiscence Vita,6452,02/18/2022, 13:15:39,168
SOMO00001,REminiscence Vita,6452,02/18/2022, 14:16:09,168
SOMO00001,REminiscence Vita,6452,02/18/2022, 15:17:10,168
SOMO00001,REminiscence Vita,6452,02/18/2022, 16:17:58,168
SOMO00001,REminiscence Vita,6452,02/18/2022, 17:12:47,168
SOMO00001,REminiscence Vita,6453,02/18/2022, 18:14:29,168
SOMO00001,REminiscence Vita,6453,02/18/2022, 19:10:10,168
SOMO00001,REminiscence Vita,6453,02/18/2022, 20:12:57,168
SOMO00001,REminiscence Vita,6453,02/18/2022, 21:11:35,168
SOMO00001,REminiscence Vita,6453,02/18/2022, 22:13:05,168
SOMO00001,REminiscence Vita,6453,02/18/2022, 23:13:16,168
SOMO00001,REminiscence Vita,6453,02/19/2022, 00:48:33,168
SOMO00001,REminiscence Vita,6453,02/19/2022, 01:58:00,168
SOMO00001,REminiscence Vita,6453,02/19/2022, 02:30:36,168
SOMO00001,REminiscence Vita,6453,02/19/2022, 03:13:06,168
SOMO00001,REminiscence Vita,6453,02/19/2022, 04:15:17,168
SOMO00001,REminiscence Vita,6453,02/19/2022, 05:11:07,168
SOMO00001,REminiscence Vita,6453,02/19/2022, 06:14:43,168
SOMO00001,REminiscence Vita,6453,02/19/2022, 07:11:22,168
SOMO00001,REminiscence Vita,6453,02/19/2022, 08:14:11,168
SOMO00001,REminiscence Vita,6453,02/19/2022, 09:12:44,168
SOMO00001,REminiscence Vita,6453,02/19/2022, 10:12:49,168
SOMO00001,REminiscence Vita,6454,02/19/2022, 11:10:58,168
SOMO00001,REminiscence Vita,6454,02/19/2022, 12:18:18,168
SOMO00001,REminiscence Vita,6454,02/19/2022, 13:13:52,168
SOMO00001,REminiscence Vita,6454,02/19/2022, 14:11:12,168
SOMO00001,REminiscence Vita,6454,02/19/2022, 15:12:54,168
SOMO00001,REminiscence Vita,6457,02/19/2022, 16:16:39,168
SOMO00001,REminiscence Vita,6457,02/19/2022, 17:11:16,168
SOMO00001,REminiscence Vita,6457,02/19/2022, 18:13:42,168
SOMO00001,REminiscence Vita,6458,02/19/2022, 19:09:44,168
SOMO00001,REminiscence Vita,6458,02/19/2022, 20:12:50,168
SOMO00001,REminiscence Vita,6458,02/19/2022, 21:11:15,168
SOMO00001,REminiscence Vita,6459,02/19/2022, 22:12:08,168
SOMO00001,REminiscence Vita,6459,02/19/2022, 23:12:20,168
SOMO00001,REminiscence Vita,6460,02/20/2022, 00:51:32,168
SOMO00001,REminiscence Vita,6460,02/20/2022, 02:02:27,168
SOMO00001,REminiscence Vita,6460,02/20/2022, 03:13:09,168
SOMO00001,REminiscence Vita,6460,02/20/2022, 04:15:25,168
SOMO00001,REminiscence Vita,6460,02/20/2022, 05:11:17,168
SOMO00001,REminiscence Vita,6460,02/20/2022, 06:14:24,168
SOMO00001,REminiscence Vita,6461,02/20/2022, 07:11:43,168
SOMO00001,REminiscence Vita,6461,02/20/2022, 08:14:11,168
SOMO00001,REminiscence Vita,6461,02/20/2022, 09:12:41,168
SOMO00001,REminiscence Vita,6461,02/20/2022, 10:12:49,168
SOMO00001,REminiscence Vita,6462,02/20/2022, 11:11:44,168
SOMO00001,REminiscence Vita,6462,02/20/2022, 12:18:35,168
SOMO00001,REminiscence Vita,6462,02/20/2022, 13:13:56,168
SOMO00001,REminiscence Vita,6462,02/20/2022, 14:11:27,168
SOMO00001,REminiscence Vita,6462,02/20/2022, 15:12:58,168
SOMO00001,REminiscence Vita,6462,02/20/2022, 16:16:07,168
SOMO00001,REminiscence Vita,6462,02/20/2022, 17:11:06,168
SOMO00001,REminiscence Vita,6462,02/20/2022, 18:14:05,168
SOMO00001,REminiscence Vita,6462,02/20/2022, 19:11:21,168
SOMO00001,REminiscence Vita,6462,02/20/2022, 20:12:55,168
SOMO00001,REminiscence Vita,6463,02/20/2022, 21:11:22,168
SOMO00001,REminiscence Vita,6464,02/20/2022, 22:11:41,168
SOMO00001,REminiscence Vita,6465,02/20/2022, 23:12:05,168
SOMO00001,REminiscence Vita,6465,02/21/2022, 00:45:11,168
SOMO00001,REminiscence Vita,6465,02/21/2022, 01:56:46,168
SOMO00001,REminiscence Vita,6465,02/21/2022, 02:27:02,168
SOMO00001,REminiscence Vita,6465,02/21/2022, 03:13:30,168
SOMO00001,REminiscence Vita,6465,02/21/2022, 04:16:16,168
SOMO00001,REminiscence Vita,6465,02/21/2022, 05:11:51,168
SOMO00001,REminiscence Vita,6465,02/21/2022, 06:16:04,168
SOMO00001,REminiscence Vita,6465,02/21/2022, 07:12:09,168
SOMO00001,REminiscence Vita,6465,02/21/2022, 08:15:23,168
SOMO00001,REminiscence Vita,6465,02/21/2022, 09:13:33,168
SOMO00001,REminiscence Vita,6465,02/21/2022, 10:18:28,168
SOMO00001,REminiscence Vita,6465,02/21/2022, 11:10:44,168
SOMO00001,REminiscence Vita,6465,02/21/2022, 12:20:47,168
SOMO00001,REminiscence Vita,6465,02/21/2022, 13:17:36,168
SOMO00001,REminiscence Vita,6465,02/21/2022, 14:12:35,168
SOMO00001,REminiscence Vita,6465,02/21/2022, 15:14:13,168
SOMO00001,REminiscence Vita,6465,02/21/2022, 16:17:00,168
SOMO00001,REminiscence Vita,6465,02/21/2022, 17:12:44,168
SOMO00001,REminiscence Vita,6465,02/21/2022, 18:14:34,168
SOMO00001,REminiscence Vita,6465,02/21/2022, 19:10:13,168
SOMO00001,REminiscence Vita,6465,02/21/2022, 20:13:39,168
SOMO00001,REminiscence Vita,6465,02/21/2022, 21:11:27,168
SOMO00001,REminiscence Vita,6465,02/21/2022, 22:12:19,168
SOMO00001,REminiscence Vita,6465,02/21/2022, 23:12:53,168
SOMO00001,REminiscence Vita,6465,02/22/2022, 00:45:29,168
SOMO00001,REminiscence Vita,6465,02/22/2022, 01:57:23,168
SOMO00001,REminiscence Vita,6465,02/22/2022, 02:27:59,168
SOMO00001,REminiscence Vita,6465,02/22/2022, 03:13:51,168
SOMO00001,REminiscence Vita,6465,02/22/2022, 04:15:33,168
SOMO00001,REminiscence Vita,6465,02/22/2022, 05:12:01,168
SOMO00001,REminiscence Vita,6465,02/22/2022, 06:14:59,168
SOMO00001,REminiscence Vita,6465,02/22/2022, 07:10:40,168
SOMO00001,REminiscence Vita,6465,02/22/2022, 08:15:20,168
SOMO00001,REminiscence Vita,6465,02/22/2022, 09:12:44,168
SOMO00001,REminiscence Vita,6465,02/22/2022, 10:14:29,168
SOMO00001,REminiscence Vita,6465,02/22/2022, 11:12:21,168
SOMO00001,REminiscence Vita,6465,02/22/2022, 12:22:03,168
SOMO00001,REminiscence Vita,6465,02/22/2022, 13:22:11,168
SOMO00001,REminiscence Vita,6465,02/22/2022, 14:11:37,168
SOMO00001,REminiscence Vita,6465,02/22/2022, 15:13:52,168
SOMO00001,REminiscence Vita,6465,02/22/2022, 16:17:41,168
SOMO00001,REminiscence Vita,6465,02/22/2022, 17:13:54,168
SOMO00001,REminiscence Vita,6465,02/22/2022, 18:15:14,168
SOMO00001,REminiscence Vita,6465,02/22/2022, 19:10:13,168
SOMO00001,REminiscence Vita,6465,02/22/2022, 20:13:07,168
SOMO00001,REminiscence Vita,6465,02/22/2022, 21:11:38,168
SOMO00001,REminiscence Vita,6465,02/22/2022, 22:12:10,168
SOMO00001,REminiscence Vita,6465,02/22/2022, 23:13:26,168
SOMO00001,REminiscence Vita,6465,02/23/2022, 00:53:20,168
SOMO00001,REminiscence Vita,6465,02/23/2022, 02:05:33,168
SOMO00001,REminiscence Vita,6465,02/23/2022, 03:13:12,168
SOMO00001,REminiscence Vita,6465,02/23/2022, 04:15:28,168
SOMO00001,REminiscence Vita,6465,02/23/2022, 05:11:49,168
SOMO00001,REminiscence Vita,6465,02/23/2022, 06:15:26,168
SOMO00001,REminiscence Vita,6465,02/23/2022, 08:14:32,168
SOMO00001,REminiscence Vita,6465,02/23/2022, 09:11:39,168
SOMO00001,REminiscence Vita,6465,02/23/2022, 10:14:04,168
SOMO00001,REminiscence Vita,6465,02/23/2022, 11:10:30,168
SOMO00001,REminiscence Vita,6465,02/23/2022, 12:21:10,168
SOMO00001,REminiscence Vita,6465,02/23/2022, 13:17:34,168
SOMO00001,REminiscence Vita,6466,02/23/2022, 14:13:10,168
SOMO00001,REminiscence Vita,6466,02/23/2022, 15:13:32,168
SOMO00001,REminiscence Vita,6466,02/23/2022, 16:17:14,168
SOMO00001,REminiscence Vita,6466,02/23/2022, 17:15:29,168
SOMO00001,REminiscence Vita,6467,02/23/2022, 18:13:13,168
SOMO00001,REminiscence Vita,6467,02/23/2022, 19:10:20,168
SOMO00001,REminiscence Vita,6467,02/23/2022, 20:18:16,168
SOMO00001,REminiscence Vita,6467,02/23/2022, 21:17:30,168
SOMO00001,REminiscence Vita,6468,02/23/2022, 22:12:45,168
SOMO00001,REminiscence Vita,6468,02/23/2022, 23:13:17,168
SOMO00001,REminiscence Vita,6468,02/24/2022, 00:50:02,168
SOMO00001,REminiscence Vita,6468,02/24/2022, 02:05:39,168
SOMO00001,REminiscence Vita,6468,02/24/2022, 03:11:41,168
SOMO00001,REminiscence Vita,6468,02/24/2022, 04:15:39,168
SOMO00001,REminiscence Vita,6468,02/24/2022, 05:11:54,168
SOMO00001,REminiscence Vita,6468,02/24/2022, 06:15:10,168
SOMO00001,REminiscence Vita,6468,02/24/2022, 07:12:08,168
SOMO00001,REminiscence Vita,6468,02/24/2022, 08:15:05,168
SOMO00001,REminiscence Vita,6468,02/24/2022, 09:15:51,168
SOMO00001,REminiscence Vita,6468,02/24/2022, 10:18:25,168
SOMO00001,REminiscence Vita,6468,02/24/2022, 11:10:43,168
SOMO00001,REminiscence Vita,6468,02/24/2022, 12:20:51,168
SOMO00001,REminiscence Vita,6468,02/24/2022, 13:17:36,168
SOMO00001,REminiscence Vita,6468,02/24/2022, 14:17:57,168
SOMO00001,REminiscence Vita,6468,02/24/2022, 15:14:10,168
SOMO00001,REminiscence Vita,6468,02/24/2022, 16:17:28,168
SOMO00001,REminiscence Vita,6468,02/24/2022, 17:18:48,168
SOMO00001,REminiscence Vita,6468,02/24/2022, 18:19:09,168
SOMO00001,REminiscence Vita,6468,02/24/2022, 19:10:49,168
SOMO00001,REminiscence Vita,6468,02/24/2022, 20:13:18,168
SOMO00001,REminiscence Vita,6468,02/24/2022, 21:11:38,168
SOMO00001,REminiscence Vita,6469,02/24/2022, 22:13:00,168
SOMO00001,REminiscence Vita,6469,02/24/2022, 23:13:25,168
SOMO00001,REminiscence Vita,6470,02/25/2022, 00:50:12,168
SOMO00001,REminiscence Vita,6470,02/25/2022, 02:04:06,168
SOMO00001,REminiscence Vita,6471,02/25/2022, 03:13:23,168
SOMO00001,REminiscence Vita,6471,02/25/2022, 04:15:47,168
SOMO00001,REminiscence Vita,6471,02/25/2022, 05:11:53,168
SOMO00001,REminiscence Vita,6471,02/25/2022, 06:15:16,168
SOMO00001,REminiscence Vita,6471,02/25/2022, 07:12:05,168
SOMO00001,REminiscence Vita,6471,02/25/2022, 08:14:57,168
SOMO00001,REminiscence Vita,6471,02/25/2022, 09:17:10,168
SOMO00001,REminiscence Vita,6471,02/25/2022, 10:13:51,168
SOMO00001,REminiscence Vita,6471,02/25/2022, 11:10:30,168
SOMO00001,REminiscence Vita,6471,02/25/2022, 12:20:06,168
SOMO00001,REminiscence Vita,6471,02/25/2022, 13:16:31,168
SOMO00001,REminiscence Vita,6471,02/25/2022, 14:11:43,168
SOMO00001,REminiscence Vita,6471,02/25/2022, 15:13:10,168
SOMO00001,REminiscence Vita,6471,02/25/2022, 16:17:07,168
SOMO00001,REminiscence Vita,6471,02/25/2022, 17:13:26,168
SOMO00001,REminiscence Vita,6471,02/25/2022, 18:15:19,168
SOMO00001,REminiscence Vita,6471,02/25/2022, 19:10:56,168
SOMO00001,REminiscence Vita,6471,02/25/2022, 20:13:08,168
SOMO00001,REminiscence Vita,6471,02/25/2022, 21:10:56,168
SOMO00001,REminiscence Vita,6471,02/25/2022, 22:12:50,168
SOMO00001,REminiscence Vita,6471,02/25/2022, 23:13:03,168
SOMO00001,REminiscence Vita,6471,02/26/2022, 00:45:12,168
SOMO00001,REminiscence Vita,6471,02/26/2022, 01:55:30,168
SOMO00001,REminiscence Vita,6471,02/26/2022, 02:29:52,168
SOMO00001,REminiscence Vita,6471,02/26/2022, 03:13:03,168
SOMO00001,REminiscence Vita,6471,02/26/2022, 04:15:28,168
SOMO00001,REminiscence Vita,6471,02/26/2022, 05:11:24,168
SOMO00001,REminiscence Vita,6471,02/26/2022, 06:15:04,168
SOMO00001,REminiscence Vita,6471,02/26/2022, 07:11:40,168
SOMO00001,REminiscence Vita,6471,02/26/2022, 08:14:24,168
SOMO00001,REminiscence Vita,6471,02/26/2022, 09:11:45,168
SOMO00001,REminiscence Vita,6471,02/26/2022, 10:12:52,168
SOMO00001,REminiscence Vita,6472,02/26/2022, 11:10:37,168
SOMO00001,REminiscence Vita,6472,02/26/2022, 12:18:48,168
SOMO00001,REminiscence Vita,6472,02/26/2022, 13:14:31,168
SOMO00001,REminiscence Vita,6472,02/26/2022, 14:12:07,168
SOMO00001,REminiscence Vita,6473,02/26/2022, 15:12:26,168
SOMO00001,REminiscence Vita,6473,02/26/2022, 16:16:13,168
SOMO00001,REminiscence Vita,6473,02/26/2022, 17:11:28,168
SOMO00001,REminiscence Vita,6473,02/26/2022, 18:13:56,168
SOMO00001,REminiscence Vita,6473,02/26/2022, 19:09:58,168
SOMO00001,REminiscence Vita,6473,02/26/2022, 20:12:35,168
SOMO00001,REminiscence Vita,6473,02/26/2022, 21:12:14,168
SOMO00001,REminiscence Vita,6473,02/26/2022, 22:11:37,168
SOMO00001,REminiscence Vita,6473,02/26/2022, 23:12:37,168
SOMO00001,REminiscence Vita,6473,02/27/2022, 00:51:08,168
SOMO00001,REminiscence Vita,6474,02/27/2022, 02:02:57,168
SOMO00001,REminiscence Vita,6474,02/27/2022, 03:13:08,168
SOMO00001,REminiscence Vita,6474,02/27/2022, 04:15:36,168
SOMO00001,REminiscence Vita,6474,02/27/2022, 05:12:03,168
SOMO00001,REminiscence Vita,6474,02/27/2022, 06:14:39,168
SOMO00001,REminiscence Vita,6474,02/27/2022, 07:12:07,168
SOMO00001,REminiscence Vita,6474,02/27/2022, 08:14:09,168
SOMO00001,REminiscence Vita,6474,02/27/2022, 09:12:13,168
SOMO00001,REminiscence Vita,6474,02/27/2022, 10:14:08,168
SOMO00001,REminiscence Vita,6474,02/27/2022, 11:11:12,168
SOMO00001,REminiscence Vita,6474,02/27/2022, 12:19:04,168
SOMO00001,REminiscence Vita,6474,02/27/2022, 13:15:02,168
SOMO00001,REminiscence Vita,6474,02/27/2022, 14:11:55,168
SOMO00001,REminiscence Vita,6474,02/27/2022, 15:12:38,168
SOMO00001,REminiscence Vita,6474,02/27/2022, 16:16:14,168
SOMO00001,REminiscence Vita,6474,02/27/2022, 17:11:58,168
SOMO00001,REminiscence Vita,6474,02/27/2022, 18:15:34,168
SOMO00001,REminiscence Vita,6474,02/27/2022, 19:09:56,168
SOMO00001,REminiscence Vita,6474,02/27/2022, 20:13:09,168
SOMO00001,REminiscence Vita,6474,02/27/2022, 21:11:37,168
SOMO00001,REminiscence Vita,6475,02/27/2022, 22:12:03,168
SOMO00001,REminiscence Vita,6475,02/27/2022, 23:12:28,168
SOMO00001,REminiscence Vita,6475,02/28/2022, 00:49:54,168
SOMO00001,REminiscence Vita,6477,02/28/2022, 02:04:00,168
SOMO00001,REminiscence Vita,6477,02/28/2022, 03:13:47,168
SOMO00001,REminiscence Vita,6477,02/28/2022, 04:16:06,168
SOMO00001,REminiscence Vita,6477,02/28/2022, 05:12:01,168
SOMO00001,REminiscence Vita,6477,02/28/2022, 06:15:54,168
SOMO00001,REminiscence Vita,6477,02/28/2022, 07:12:38,168
SOMO00001,REminiscence Vita,6477,02/28/2022, 08:15:32,168
SOMO00001,REminiscence Vita,6478,02/28/2022, 09:13:19,168
SOMO00001,REminiscence Vita,6478,02/28/2022, 10:18:07,168
SOMO00001,REminiscence Vita,6478,02/28/2022, 11:11:32,168
SOMO00001,REminiscence Vita,6478,02/28/2022, 12:20:36,168
SOMO00001,REminiscence Vita,6478,02/28/2022, 13:17:49,168
SOMO00001,REminiscence Vita,6478,02/28/2022, 14:11:53,168
SOMO00001,REminiscence Vita,6478,02/28/2022, 15:17:29,168
SOMO00001,REminiscence Vita,6479,02/28/2022, 16:18:12,168
SOMO00001,REminiscence Vita,6479,02/28/2022, 17:17:49,168
SOMO00001,REminiscence Vita,6479,02/28/2022, 18:19:05,168
SOMO00001,REminiscence Vita,6479,02/28/2022, 19:10:31,168
SOMO00001,REminiscence Vita,6479,02/28/2022, 20:13:49,168
SOMO00001,REminiscence Vita,6479,02/28/2022, 21:12:31,168
SOMO00001,REminiscence Vita,6479,02/28/2022, 22:12:36,168
SOMO00001,REminiscence Vita,6479,02/28/2022, 23:13:27,168
SOMO00001,REminiscence Vita,6479,03/01/2022, 00:55:39,168
SOMO00001,REminiscence Vita,6479,03/01/2022, 02:18:31,168
SOMO00001,REminiscence Vita,6479,03/01/2022, 03:16:27,168
SOMO00001,REminiscence Vita,6479,03/01/2022, 04:16:08,168
SOMO00001,REminiscence Vita,6479,03/01/2022, 05:11:53,168
SOMO00001,REminiscence Vita,6479,03/01/2022, 06:15:44,168
SOMO00001,REminiscence Vita,6479,03/01/2022, 07:12:16,168
SOMO00001,REminiscence Vita,6479,03/01/2022, 08:15:52,168
SOMO00001,REminiscence Vita,6479,03/01/2022, 09:15:55,168
SOMO00001,REminiscence Vita,6479,03/01/2022, 10:14:52,168
SOMO00001,REminiscence Vita,6479,03/01/2022, 11:12:49,168
SOMO00001,REminiscence Vita,6479,03/01/2022, 12:23:20,168
SOMO00001,REminiscence Vita,6479,03/01/2022, 13:18:56,168
SOMO00001,REminiscence Vita,6479,03/01/2022, 14:12:33,168
SOMO00001,REminiscence Vita,6479,03/01/2022, 15:18:26,168
SOMO00001,REminiscence Vita,6479,03/01/2022, 16:22:11,168
SOMO00001,REminiscence Vita,6479,03/01/2022, 17:18:26,168
SOMO00001,REminiscence Vita,6479,03/01/2022, 18:16:47,168
SOMO00001,REminiscence Vita,6479,03/01/2022, 19:12:36,168
SOMO00001,REminiscence Vita,6479,03/01/2022, 20:15:51,168
SOMO00001,REminiscence Vita,6479,03/01/2022, 21:12:13,168
SOMO00001,REminiscence Vita,6479,03/01/2022, 22:12:34,168
SOMO00001,REminiscence Vita,6479,03/01/2022, 23:13:01,168
SOMO00001,REminiscence Vita,6479,03/02/2022, 00:52:26,168
SOMO00001,REminiscence Vita,6479,03/02/2022, 02:10:34,168
SOMO00001,REminiscence Vita,6479,03/02/2022, 03:13:28,168
SOMO00001,REminiscence Vita,6479,03/02/2022, 04:16:09,168
SOMO00001,REminiscence Vita,6479,03/02/2022, 05:11:51,168
SOMO00001,REminiscence Vita,6479,03/02/2022, 06:16:11,168
SOMO00001,REminiscence Vita,6479,03/02/2022, 07:12:20,168
SOMO00001,REminiscence Vita,6479,03/02/2022, 08:15:50,168
SOMO00001,REminiscence Vita,6479,03/02/2022, 09:12:56,168
SOMO00001,REminiscence Vita,6479,03/02/2022, 10:14:13,168
SOMO00001,REminiscence Vita,6479,03/02/2022, 11:12:44,168
SOMO00001,REminiscence Vita,6479,03/02/2022, 12:20:50,168
SOMO00001,REminiscence Vita,6479,03/02/2022, 13:18:16,168
SOMO00001,REminiscence Vita,6479,03/02/2022, 14:12:40,168
SOMO00001,REminiscence Vita,6479,03/02/2022, 15:13:15,168
SOMO00001,REminiscence Vita,6479,03/02/2022, 16:18:10,168
SOMO00001,REminiscence Vita,6479,03/02/2022, 17:13:41,168
SOMO00001,REminiscence Vita,6479,03/02/2022, 18:18:54,168
SOMO00001,REminiscence Vita,6479,03/02/2022, 19:11:04,168
SOMO00001,REminiscence Vita,6479,03/02/2022, 20:12:20,168
SOMO00001,REminiscence Vita,6479,03/02/2022, 21:10:19,168
SOMO00001,REminiscence Vita,6479,03/02/2022, 22:12:47,168
SOMO00001,REminiscence Vita,6479,03/02/2022, 23:12:42,168
SOMO00001,REminiscence Vita,6479,03/03/2022, 00:53:16,168
SOMO00001,REminiscence Vita,6479,03/03/2022, 02:11:59,168
SOMO00001,REminiscence Vita,6479,03/03/2022, 03:15:10,168
SOMO00001,REminiscence Vita,6479,03/03/2022, 04:16:07,168
SOMO00001,REminiscence Vita,6479,03/03/2022, 05:11:59,168
SOMO00001,REminiscence Vita,6479,03/03/2022, 06:15:45,168
SOMO00001,REminiscence Vita,6479,03/03/2022, 07:12:29,168
SOMO00001,REminiscence Vita,6479,03/03/2022, 08:15:02,168
SOMO00001,REminiscence Vita,6479,03/03/2022, 09:17:15,168
SOMO00001,REminiscence Vita,6479,03/03/2022, 10:14:15,168
SOMO00001,REminiscence Vita,6480,03/03/2022, 11:15:21,168
SOMO00001,REminiscence Vita,6480,03/03/2022, 12:23:50,168
SOMO00001,REminiscence Vita,6480,03/03/2022, 13:18:08,168
SOMO00001,REminiscence Vita,6480,03/03/2022, 14:17:30,168
SOMO00001,REminiscence Vita,6481,03/03/2022, 15:13:36,168
SOMO00001,REminiscence Vita,6481,03/03/2022, 16:19:07,168
SOMO00001,REminiscence Vita,6481,03/03/2022, 17:17:55,168
SOMO00001,REminiscence Vita,6481,03/03/2022, 18:14:58,168
SOMO00001,REminiscence Vita,6481,03/03/2022, 19:10:53,168
SOMO00001,REminiscence Vita,6481,03/03/2022, 20:13:15,168
SOMO00001,REminiscence Vita,6482,03/03/2022, 21:12:03,168
SOMO00001,REminiscence Vita,6482,03/03/2022, 22:12:55,168
SOMO00001,REminiscence Vita,6482,03/03/2022, 23:12:47,168
SOMO00001,REminiscence Vita,6482,03/04/2022, 00:55:52,168
SOMO00001,REminiscence Vita,6482,03/04/2022, 02:16:47,168
SOMO00001,REminiscence Vita,6482,03/04/2022, 03:15:49,168
SOMO00001,REminiscence Vita,6482,03/04/2022, 04:16:03,168
SOMO00001,REminiscence Vita,6482,03/04/2022, 05:12:44,168
SOMO00001,REminiscence Vita,6482,03/04/2022, 06:15:44,168
SOMO00001,REminiscence Vita,6483,03/04/2022, 07:12:17,168
SOMO00001,REminiscence Vita,6483,03/04/2022, 08:15:22,168
SOMO00001,REminiscence Vita,6483,03/04/2022, 09:17:07,168
SOMO00001,REminiscence Vita,6483,03/04/2022, 10:15:11,168
SOMO00001,REminiscence Vita,6483,03/04/2022, 11:10:42,168
SOMO00001,REminiscence Vita,6483,03/04/2022, 12:21:09,168
SOMO00001,REminiscence Vita,6483,03/04/2022, 13:18:20,168
SOMO00001,REminiscence Vita,6483,03/04/2022, 14:13:22,168
SOMO00001,REminiscence Vita,6484,03/04/2022, 15:18:11,168
SOMO00001,REminiscence Vita,6484,03/04/2022, 16:20:22,168
SOMO00001,REminiscence Vita,6484,03/04/2022, 17:14:05,168
SOMO00001,REminiscence Vita,6484,03/04/2022, 18:15:11,168
SOMO00001,REminiscence Vita,6484,03/04/2022, 19:10:21,168
SOMO00001,REminiscence Vita,6484,03/04/2022, 20:13:38,168
SOMO00001,REminiscence Vita,6484,03/04/2022, 21:11:45,168
SOMO00001,REminiscence Vita,6484,03/04/2022, 22:10:16,168
SOMO00001,REminiscence Vita,6484,03/04/2022, 23:12:38,168
SOMO00001,REminiscence Vita,6484,03/05/2022, 00:52:27,168
SOMO00001,REminiscence Vita,6484,03/05/2022, 02:06:08,168
SOMO00001,REminiscence Vita,6484,03/05/2022, 03:12:49,168
SOMO00001,REminiscence Vita,6484,03/05/2022, 04:15:32,168
SOMO00001,REminiscence Vita,6484,03/05/2022, 05:11:41,168
SOMO00001,REminiscence Vita,6484,03/05/2022, 06:15:12,168
SOMO00001,REminiscence Vita,6484,03/05/2022, 07:12:29,168
SOMO00001,REminiscence Vita,6484,03/05/2022, 08:14:31,168
SOMO00001,REminiscence Vita,6484,03/05/2022, 09:11:49,168
SOMO00001,REminiscence Vita,6484,03/05/2022, 10:13:16,168
SOMO00001,REminiscence Vita,6484,03/05/2022, 11:11:33,168
SOMO00001,REminiscence Vita,6485,03/05/2022, 12:18:59,168
SOMO00001,REminiscence Vita,6485,03/05/2022, 13:15:16,168
SOMO00001,REminiscence Vita,6485,03/05/2022, 14:11:57,168
SOMO00001,REminiscence Vita,6485,03/05/2022, 15:12:23,168
SOMO00001,REminiscence Vita,6485,03/05/2022, 16:16:12,168
SOMO00001,REminiscence Vita,6485,03/05/2022, 17:11:47,168
SOMO00001,REminiscence Vita,6485,03/05/2022, 18:14:11,168
SOMO00001,REminiscence Vita,6485,03/05/2022, 19:10:47,168
SOMO00001,REminiscence Vita,6486,03/05/2022, 20:12:35,168
SOMO00001,REminiscence Vita,6486,03/05/2022, 21:11:05,168
SOMO00001,REminiscence Vita,6487,03/05/2022, 22:12:17,168
SOMO00001,REminiscence Vita,6488,03/05/2022, 23:11:56,168
SOMO00001,REminiscence Vita,6488,03/06/2022, 00:49:54,168
SOMO00001,REminiscence Vita,6488,03/06/2022, 02:05:31,168
SOMO00001,REminiscence Vita,6488,03/06/2022, 03:13:05,168
SOMO00001,REminiscence Vita,6488,03/06/2022, 04:15:44,168
SOMO00001,REminiscence Vita,6488,03/06/2022, 05:11:45,168
SOMO00001,REminiscence Vita,6488,03/06/2022, 06:14:52,168
SOMO00001,REminiscence Vita,6488,03/06/2022, 07:12:04,168
SOMO00001,REminiscence Vita,6488,03/06/2022, 08:14:39,168
SOMO00001,REminiscence Vita,6488,03/06/2022, 09:11:47,168
SOMO00001,REminiscence Vita,6488,03/06/2022, 10:13:00,168
SOMO00001,REminiscence Vita,6488,03/06/2022, 11:10:28,168
SOMO00001,REminiscence Vita,6488,03/06/2022, 12:19:30,168
SOMO00001,REminiscence Vita,6488,03/06/2022, 13:15:24,168
SOMO00001,REminiscence Vita,6488,03/06/2022, 14:11:13,168
SOMO00001,REminiscence Vita,6488,03/06/2022, 15:12:40,168
SOMO00001,REminiscence Vita,6488,03/06/2022, 16:16:25,168
SOMO00001,REminiscence Vita,6489,03/06/2022, 17:12:12,168
SOMO00001,REminiscence Vita,6489,03/06/2022, 18:14:16,168
SOMO00001,REminiscence Vita,6489,03/06/2022, 19:09:53,168
SOMO00001,REminiscence Vita,6489,03/06/2022, 20:13:38,168
SOMO00001,REminiscence Vita,6489,03/06/2022, 21:11:16,168
SOMO00001,REminiscence Vita,6490,03/06/2022, 22:12:31,168
SOMO00001,REminiscence Vita,6490,03/06/2022, 23:13:15,168
SOMO00001,REminiscence Vita,6493,03/07/2022, 00:51:04,168
SOMO00001,REminiscence Vita,6493,03/07/2022, 02:09:36,168
SOMO00001,REminiscence Vita,6493,03/07/2022, 03:13:20,168
SOMO00001,REminiscence Vita,6493,03/07/2022, 04:15:58,168
SOMO00001,REminiscence Vita,6493,03/07/2022, 05:12:24,168
SOMO00001,REminiscence Vita,6493,03/07/2022, 06:16:14,168
SOMO00001,REminiscence Vita,6493,03/07/2022, 07:13:15,168
SOMO00001,REminiscence Vita,6493,03/07/2022, 08:17:53,168
SOMO00001,REminiscence Vita,6493,03/07/2022, 09:13:49,168
SOMO00001,REminiscence Vita,6493,03/07/2022, 10:14:44,168
SOMO00001,REminiscence Vita,6493,03/07/2022, 11:13:04,168
SOMO00001,REminiscence Vita,6495,03/07/2022, 12:23:21,168
SOMO00001,REminiscence Vita,6495,03/07/2022, 13:23:30,168
SOMO00001,REminiscence Vita,6495,03/07/2022, 14:12:16,168
SOMO00001,REminiscence Vita,6495,03/07/2022, 15:18:13,168
SOMO00001,REminiscence Vita,6495,03/07/2022, 16:22:16,168
SOMO00001,REminiscence Vita,6495,03/07/2022, 17:20:10,168
SOMO00001,REminiscence Vita,6495,03/07/2022, 18:18:12,168
SOMO00001,REminiscence Vita,6495,03/07/2022, 19:13:01,168
SOMO00001,REminiscence Vita,6495,03/07/2022, 20:17:40,168
SOMO00001,REminiscence Vita,6495,03/07/2022, 21:13:13,168
SOMO00001,REminiscence Vita,6495,03/07/2022, 22:12:41,168
SOMO00001,REminiscence Vita,6495,03/07/2022, 23:12:43,168
SOMO00001,REminiscence Vita,6495,03/08/2022, 00:49:32,168
SOMO00001,REminiscence Vita,6495,03/08/2022, 02:07:37,168
SOMO00001,REminiscence Vita,6495,03/08/2022, 03:13:15,168
SOMO00001,REminiscence Vita,6495,03/08/2022, 04:16:33,168
SOMO00001,REminiscence Vita,6495,03/08/2022, 05:12:12,168
SOMO00001,REminiscence Vita,6495,03/08/2022, 06:15:40,168
SOMO00001,REminiscence Vita,6495,03/08/2022, 07:13:15,168
SOMO00001,REminiscence Vita,6495,03/08/2022, 08:15:59,168
SOMO00001,REminiscence Vita,6495,03/08/2022, 09:12:38,168
SOMO00001,REminiscence Vita,6495,03/08/2022, 10:14:02,168
SOMO00001,REminiscence Vita,6495,03/08/2022, 11:14:11,168
SOMO00001,REminiscence Vita,6495,03/08/2022, 12:21:05,168
SOMO00001,REminiscence Vita,6495,03/08/2022, 13:22:50,168
SOMO00001,REminiscence Vita,6495,03/08/2022, 14:13:32,168
SOMO00001,REminiscence Vita,6495,03/08/2022, 15:18:15,168
SOMO00001,REminiscence Vita,6495,03/08/2022, 16:19:04,168
SOMO00001,REminiscence Vita,6495,03/08/2022, 17:15:00,168
SOMO00001,REminiscence Vita,6495,03/08/2022, 18:19:09,168
SOMO00001,REminiscence Vita,6495,03/08/2022, 19:11:03,168
SOMO00001,REminiscence Vita,6495,03/08/2022, 20:14:02,168
SOMO00001,REminiscence Vita,6495,03/08/2022, 21:11:32,168
SOMO00001,REminiscence Vita,6495,03/08/2022, 22:13:17,168
SOMO00001,REminiscence Vita,6496,03/08/2022, 23:12:42,168
SOMO00001,REminiscence Vita,6496,03/09/2022, 00:50:59,168
SOMO00001,REminiscence Vita,6496,03/09/2022, 02:12:38,168
SOMO00001,REminiscence Vita,6496,03/09/2022, 03:13:40,168
SOMO00001,REminiscence Vita,6496,03/09/2022, 04:16:14,168
SOMO00001,REminiscence Vita,6496,03/09/2022, 05:12:43,168
SOMO00001,REminiscence Vita,6497,03/09/2022, 06:15:56,168
SOMO00001,REminiscence Vita,6497,03/09/2022, 07:12:30,168
SOMO00001,REminiscence Vita,6497,03/09/2022, 08:15:33,168
SOMO00001,REminiscence Vita,6497,03/09/2022, 09:17:16,168
SOMO00001,REminiscence Vita,6497,03/09/2022, 10:18:15,168
SOMO00001,REminiscence Vita,6497,03/09/2022, 11:14:49,168
SOMO00001,REminiscence Vita,6497,03/09/2022, 12:26:18,168
SOMO00001,REminiscence Vita,6497,03/09/2022, 13:23:07,168
SOMO00001,REminiscence Vita,6497,03/09/2022, 14:17:16,168
SOMO00001,REminiscence Vita,6497,03/09/2022, 15:17:56,168
SOMO00001,REminiscence Vita,6497,03/09/2022, 16:18:42,168
SOMO00001,REminiscence Vita,6497,03/09/2022, 17:14:44,168
SOMO00001,REminiscence Vita,6497,03/09/2022, 18:20:09,168
SOMO00001,REminiscence Vita,6497,03/09/2022, 19:10:59,168
SOMO00001,REminiscence Vita,6497,03/09/2022, 20:13:30,168
SOMO00001,REminiscence Vita,6497,03/09/2022, 21:11:52,168
SOMO00001,REminiscence Vita,6498,03/09/2022, 22:12:49,168
SOMO00001,REminiscence Vita,6498,03/09/2022, 23:12:55,168
SOMO00001,REminiscence Vita,6498,03/10/2022, 00:53:30,168
SOMO00001,REminiscence Vita,6498,03/10/2022, 02:19:02,168
SOMO00001,REminiscence Vita,6498,03/10/2022, 03:17:29,168
SOMO00001,REminiscence Vita,6498,03/10/2022, 04:16:30,168
SOMO00001,REminiscence Vita,6498,03/10/2022, 05:12:01,168
SOMO00001,REminiscence Vita,6498,03/10/2022, 06:15:45,168
SOMO00001,REminiscence Vita,6498,03/10/2022, 07:12:36,168
SOMO00001,REminiscence Vita,6498,03/10/2022, 08:15:39,168
SOMO00001,REminiscence Vita,6498,03/10/2022, 09:14:45,168
SOMO00001,REminiscence Vita,6498,03/10/2022, 10:13:58,168
SOMO00001,REminiscence Vita,6498,03/10/2022, 11:12:45,168
SOMO00001,REminiscence Vita,6498,03/10/2022, 12:22:55,168
SOMO00001,REminiscence Vita,6498,03/10/2022, 13:19:43,168
SOMO00001,REminiscence Vita,6498,03/10/2022, 14:16:18,168
SOMO00001,REminiscence Vita,6499,03/10/2022, 15:19:23,168
SOMO00001,REminiscence Vita,6499,03/10/2022, 16:23:01,168
SOMO00001,REminiscence Vita,6499,03/10/2022, 17:15:34,168
SOMO00001,REminiscence Vita,6499,03/10/2022, 18:15:14,168
SOMO00001,REminiscence Vita,6499,03/10/2022, 19:10:24,168
SOMO00001,REminiscence Vita,6499,03/10/2022, 20:13:49,168
SOMO00001,REminiscence Vita,6499,03/10/2022, 21:12:02,168
SOMO00001,REminiscence Vita,6500,03/10/2022, 22:13:18,168
SOMO00001,REminiscence Vita,6500,03/10/2022, 23:13:26,168
SOMO00001,REminiscence Vita,6500,03/11/2022, 00:55:46,168
SOMO00001,REminiscence Vita,6500,03/11/2022, 02:14:10,168
SOMO00001,REminiscence Vita,6500,03/11/2022, 03:14:43,168
SOMO00001,REminiscence Vita,6500,03/11/2022, 04:17:08,168
SOMO00001,REminiscence Vita,6500,03/11/2022, 05:11:54,168
SOMO00001,REminiscence Vita,6500,03/11/2022, 06:16:20,168
SOMO00001,REminiscence Vita,6500,03/11/2022, 07:12:39,168
SOMO00001,REminiscence Vita,6500,03/11/2022, 08:16:01,168
SOMO00001,REminiscence Vita,6500,03/11/2022, 09:18:07,168
SOMO00001,REminiscence Vita,6500,03/11/2022, 10:19:14,168
SOMO00001,REminiscence Vita,6500,03/11/2022, 11:11:44,168
SOMO00001,REminiscence Vita,6500,03/11/2022, 12:21:03,168
SOMO00001,REminiscence Vita,6501,03/11/2022, 13:18:32,168
SOMO00001,REminiscence Vita,6501,03/11/2022, 14:13:09,168
SOMO00001,REminiscence Vita,6501,03/11/2022, 15:18:09,168
SOMO00001,REminiscence Vita,6501,03/11/2022, 16:23:29,168
SOMO00001,REminiscence Vita,6501,03/11/2022, 17:14:38,168
SOMO00001,REminiscence Vita,6501,03/11/2022, 18:15:16,168
SOMO00001,REminiscence Vita,6501,03/11/2022, 19:10:07,168
SOMO00001,REminiscence Vita,6501,03/11/2022, 20:13:32,168
SOMO00001,REminiscence Vita,6501,03/11/2022, 21:11:12,168
SOMO00001,REminiscence Vita,6501,03/11/2022, 22:13:27,168
SOMO00001,REminiscence Vita,6501,03/11/2022, 23:12:37,168
SOMO00001,REminiscence Vita,6501,03/12/2022, 00:50:00,168
SOMO00001,REminiscence Vita,6501,03/12/2022, 01:59:57,168
SOMO00001,REminiscence Vita,6501,03/12/2022, 02:37:01,168
SOMO00001,REminiscence Vita,6501,03/12/2022, 03:13:33,168
SOMO00001,REminiscence Vita,6501,03/12/2022, 04:16:46,168
SOMO00001,REminiscence Vita,6501,03/12/2022, 05:11:26,168
SOMO00001,REminiscence Vita,6501,03/12/2022, 06:15:44,168
SOMO00001,REminiscence Vita,6501,03/12/2022, 07:11:57,168
SOMO00001,REminiscence Vita,6501,03/12/2022, 08:14:52,168
SOMO00001,REminiscence Vita,6501,03/12/2022, 09:12:43,168
SOMO00001,REminiscence Vita,6501,03/12/2022, 10:13:42,168
SOMO00001,REminiscence Vita,6501,03/12/2022, 11:10:45,168
SOMO00001,REminiscence Vita,6501,03/12/2022, 12:19:31,168
SOMO00001,REminiscence Vita,6501,03/12/2022, 13:15:56,168
SOMO00001,REminiscence Vita,6502,03/12/2022, 14:11:07,168
SOMO00001,REminiscence Vita,6502,03/12/2022, 15:12:35,168
SOMO00001,REminiscence Vita,6502,03/12/2022, 16:16:40,168
SOMO00001,REminiscence Vita,6502,03/12/2022, 17:12:21,168
SOMO00001,REminiscence Vita,6502,03/12/2022, 18:14:35,168
SOMO00001,REminiscence Vita,6502,03/12/2022, 19:10:40,168
SOMO00001,REminiscence Vita,6502,03/12/2022, 20:13:51,168
SOMO00001,REminiscence Vita,6502,03/12/2022, 21:11:32,168
SOMO00001,REminiscence Vita,6502,03/12/2022, 22:12:38,168
SOMO00001,REminiscence Vita,6503,03/12/2022, 23:13:01,168
SOMO00001,REminiscence Vita,6503,03/13/2022, 00:49:24,168
SOMO00001,REminiscence Vita,6503,03/13/2022, 02:03:01,168
SOMO00001,REminiscence Vita,6503,03/13/2022, 03:13:33,168
SOMO00001,REminiscence Vita,6503,03/13/2022, 04:16:39,168
SOMO00001,REminiscence Vita,6503,03/13/2022, 05:15:47,168
SOMO00001,REminiscence Vita,6503,03/13/2022, 06:18:33,168
SOMO00001,REminiscence Vita,6503,03/13/2022, 07:12:13,168
SOMO00001,REminiscence Vita,6503,03/13/2022, 08:14:51,168
SOMO00001,REminiscence Vita,6503,03/13/2022, 09:12:23,168
SOMO00001,REminiscence Vita,6503,03/13/2022, 10:13:19,168
SOMO00001,REminiscence Vita,6503,03/13/2022, 11:10:29,168
SOMO00001,REminiscence Vita,6503,03/13/2022, 12:19:43,168
SOMO00001,REminiscence Vita,6503,03/13/2022, 13:16:19,168
SOMO00001,REminiscence Vita,6503,03/13/2022, 14:12:29,168
SOMO00001,REminiscence Vita,6503,03/13/2022, 15:12:34,168
SOMO00001,REminiscence Vita,6503,03/13/2022, 16:17:32,168
SOMO00001,REminiscence Vita,6503,03/13/2022, 17:12:56,168
SOMO00001,REminiscence Vita,6503,03/13/2022, 18:14:40,168
SOMO00001,REminiscence Vita,6503,03/13/2022, 19:10:09,168
SOMO00001,REminiscence Vita,6503,03/13/2022, 20:13:20,168
SOMO00001,REminiscence Vita,6503,03/13/2022, 21:11:10,168
SOMO00001,REminiscence Vita,6503,03/13/2022, 22:12:09,168
SOMO00001,REminiscence Vita,6503,03/13/2022, 23:13:39,168
SOMO00001,REminiscence Vita,6503,03/14/2022, 00:53:28,168
SOMO00001,REminiscence Vita,6503,03/14/2022, 02:11:19,168
SOMO00001,REminiscence Vita,6503,03/14/2022, 03:15:11,168
SOMO00001,REminiscence Vita,6503,03/14/2022, 04:19:32,168
SOMO00001,REminiscence Vita,6503,03/14/2022, 05:33:39,168
SOMO00001,REminiscence Vita,6503,03/14/2022, 06:16:27,168
SOMO00001,REminiscence Vita,6503,03/14/2022, 07:12:48,168
SOMO00001,REminiscence Vita,6503,03/14/2022, 08:18:52,168
SOMO00001,REminiscence Vita,6503,03/14/2022, 09:17:33,168
SOMO00001,REminiscence Vita,6503,03/14/2022, 10:14:25,168
SOMO00001,REminiscence Vita,6503,03/14/2022, 11:13:22,168
SOMO00001,REminiscence Vita,6503,03/14/2022, 12:23:09,168
SOMO00001,REminiscence Vita,6503,03/14/2022, 13:24:10,168
SOMO00001,REminiscence Vita,6503,03/14/2022, 14:17:30,168
SOMO00001,REminiscence Vita,6503,03/14/2022, 15:17:58,168
SOMO00001,REminiscence Vita,6503,03/14/2022, 16:18:56,168
SOMO00001,REminiscence Vita,6503,03/14/2022, 17:14:08,168
SOMO00001,REminiscence Vita,6503,03/14/2022, 18:20:07,168
SOMO00001,REminiscence Vita,6503,03/14/2022, 19:11:57,168
SOMO00001,REminiscence Vita,6503,03/14/2022, 20:14:24,168
SOMO00001,REminiscence Vita,6503,03/14/2022, 21:13:44,168
SOMO00001,REminiscence Vita,6503,03/14/2022, 22:13:10,168
SOMO00001,REminiscence Vita,6503,03/14/2022, 23:13:48,168
SOMO00001,REminiscence Vita,6503,03/15/2022, 00:54:10,168
SOMO00001,REminiscence Vita,6503,03/15/2022, 02:14:34,168
SOMO00001,REminiscence Vita,6503,03/15/2022, 03:14:38,168
SOMO00001,REminiscence Vita,6503,03/15/2022, 04:16:53,168
SOMO00001,REminiscence Vita,6503,03/15/2022, 05:12:36,168
SOMO00001,REminiscence Vita,6503,03/15/2022, 06:16:00,168
SOMO00001,REminiscence Vita,6503,03/15/2022, 07:13:19,168
SOMO00001,REminiscence Vita,6503,03/15/2022, 08:17:49,168
SOMO00001,REminiscence Vita,6503,03/15/2022, 09:14:55,168
SOMO00001,REminiscence Vita,6503,03/15/2022, 10:18:21,168
SOMO00001,REminiscence Vita,6503,03/15/2022, 11:12:17,168
SOMO00001,REminiscence Vita,6503,03/15/2022, 12:24:12,168
SOMO00001,REminiscence Vita,6503,03/15/2022, 13:23:45,168
SOMO00001,REminiscence Vita,6503,03/15/2022, 14:12:50,168
SOMO00001,REminiscence Vita,6503,03/15/2022, 15:18:12,168
SOMO00001,REminiscence Vita,6503,03/15/2022, 16:23:14,168
SOMO00001,REminiscence Vita,6503,03/15/2022, 17:14:41,168
SOMO00001,REminiscence Vita,6503,03/15/2022, 18:20:15,168
SOMO00001,REminiscence Vita,6504,03/15/2022, 19:13:00,168
SOMO00001,REminiscence Vita,6504,03/15/2022, 20:14:27,168
SOMO00001,REminiscence Vita,6504,03/15/2022, 21:10:04,168
SOMO00001,REminiscence Vita,6504,03/15/2022, 22:14:02,168
SOMO00001,REminiscence Vita,6505,03/15/2022, 23:13:28,168
SOMO00001,REminiscence Vita,6505,03/16/2022, 00:54:03,168
SOMO00001,REminiscence Vita,6505,03/16/2022, 02:20:59,168
SOMO00001,REminiscence Vita,6505,03/16/2022, 03:16:38,168
SOMO00001,REminiscence Vita,6505,03/16/2022, 04:15:46,168
SOMO00001,REminiscence Vita,6505,03/16/2022, 05:12:26,168
SOMO00001,REminiscence Vita,6505,03/16/2022, 06:15:44,168
SOMO00001,REminiscence Vita,6505,03/16/2022, 07:13:25,168
SOMO00001,REminiscence Vita,6505,03/16/2022, 08:15:59,168
SOMO00001,REminiscence Vita,6505,03/16/2022, 09:17:14,168
SOMO00001,REminiscence Vita,6505,03/16/2022, 10:19:15,168
SOMO00001,REminiscence Vita,6505,03/16/2022, 11:14:20,168
SOMO00001,REminiscence Vita,6505,03/16/2022, 12:23:33,168
SOMO00001,REminiscence Vita,6505,03/16/2022, 13:22:49,168
SOMO00001,REminiscence Vita,6505,03/16/2022, 14:16:28,168
SOMO00001,REminiscence Vita,6505,03/16/2022, 15:14:00,168
SOMO00001,REminiscence Vita,6505,03/16/2022, 16:17:19,168
SOMO00001,REminiscence Vita,6505,03/16/2022, 17:14:41,168
SOMO00001,REminiscence Vita,6505,03/16/2022, 18:15:40,168
SOMO00001,REminiscence Vita,6505,03/16/2022, 19:15:21,168
SOMO00001,REminiscence Vita,6505,03/16/2022, 20:14:06,168
SOMO00001,REminiscence Vita,6505,03/16/2022, 21:12:26,168
SOMO00001,REminiscence Vita,6505,03/16/2022, 22:11:44,168
SOMO00001,REminiscence Vita,6505,03/16/2022, 23:13:05,168
SOMO00001,REminiscence Vita,6505,03/17/2022, 00:52:42,168
SOMO00001,REminiscence Vita,6506,03/17/2022, 02:14:56,168
SOMO00001,REminiscence Vita,6506,03/17/2022, 03:14:17,168
SOMO00001,REminiscence Vita,6506,03/17/2022, 04:16:24,168
SOMO00001,REminiscence Vita,6506,03/17/2022, 05:12:20,168
SOMO00001,REminiscence Vita,6506,03/17/2022, 06:15:44,168
SOMO00001,REminiscence Vita,6506,03/17/2022, 07:13:04,168
SOMO00001,REminiscence Vita,6506,03/17/2022, 08:16:51,168
SOMO00001,REminiscence Vita,6506,03/17/2022, 09:17:09,168
SOMO00001,REminiscence Vita,6506,03/17/2022, 10:19:08,168
SOMO00001,REminiscence Vita,6506,03/17/2022, 11:12:43,168
SOMO00001,REminiscence Vita,6508,03/17/2022, 12:22:26,168
SOMO00001,REminiscence Vita,6508,03/17/2022, 13:25:12,168
SOMO00001,REminiscence Vita,6508,03/17/2022, 16:17:56,168
SOMO00001,REminiscence Vita,6508,03/17/2022, 17:18:15,168
SOMO00001,REminiscence Vita,6508,03/17/2022, 18:18:26,168
SOMO00001,REminiscence Vita,6508,03/17/2022, 19:13:59,168
SOMO00001,REminiscence Vita,6508,03/17/2022, 20:13:55,168
SOMO00001,REminiscence Vita,6508,03/17/2022, 21:11:36,168
SOMO00001,REminiscence Vita,6508,03/17/2022, 22:13:14,168
SOMO00001,REminiscence Vita,6508,03/17/2022, 23:12:51,168
SOMO00001,REminiscence Vita,6508,03/18/2022, 00:51:44,168
SOMO00001,REminiscence Vita,6508,03/18/2022, 02:19:05,168
SOMO00001,REminiscence Vita,6508,03/18/2022, 03:16:18,168
SOMO00001,REminiscence Vita,6508,03/18/2022, 04:16:20,168
SOMO00001,REminiscence Vita,6508,03/18/2022, 05:12:21,168
SOMO00001,REminiscence Vita,6508,03/18/2022, 06:15:59,168
SOMO00001,REminiscence Vita,6508,03/18/2022, 07:12:55,168
SOMO00001,REminiscence Vita,6508,03/18/2022, 08:15:32,168
SOMO00001,REminiscence Vita,6508,03/18/2022, 09:18:12,168
SOMO00001,REminiscence Vita,6508,03/18/2022, 10:18:13,168
SOMO00001,REminiscence Vita,6508,03/18/2022, 11:12:21,168
SOMO00001,REminiscence Vita,6508,03/18/2022, 12:21:42,168
SOMO00001,REminiscence Vita,6508,03/18/2022, 13:23:23,168
SOMO00001,REminiscence Vita,6508,03/18/2022, 14:13:38,168
SOMO00001,REminiscence Vita,6508,03/18/2022, 15:18:11,168
SOMO00001,REminiscence Vita,6508,03/18/2022, 16:18:36,168
SOMO00001,REminiscence Vita,6508,03/18/2022, 17:18:32,168
SOMO00001,REminiscence Vita,6508,03/18/2022, 18:15:30,168
SOMO00001,REminiscence Vita,6509,03/18/2022, 19:10:33,168
SOMO00001,REminiscence Vita,6509,03/18/2022, 20:13:40,168
SOMO00001,REminiscence Vita,6510,03/18/2022, 21:12:25,168
SOMO00001,REminiscence Vita,6510,03/18/2022, 22:13:11,168
SOMO00001,REminiscence Vita,6510,03/18/2022, 23:13:19,168
SOMO00001,REminiscence Vita,6510,03/19/2022, 00:49:09,168
SOMO00001,REminiscence Vita,6510,03/19/2022, 02:08:36,168
SOMO00001,REminiscence Vita,6510,03/19/2022, 03:12:55,168
SOMO00001,REminiscence Vita,6510,03/19/2022, 04:15:46,168
SOMO00001,REminiscence Vita,6510,03/19/2022, 05:11:40,168
SOMO00001,REminiscence Vita,6510,03/19/2022, 06:16:16,168
SOMO00001,REminiscence Vita,6510,03/19/2022, 07:12:07,168
SOMO00001,REminiscence Vita,6511,03/19/2022, 08:14:49,168
SOMO00001,REminiscence Vita,6511,03/19/2022, 09:12:32,168
SOMO00001,REminiscence Vita,6512,03/19/2022, 10:13:41,168
SOMO00001,REminiscence Vita,6512,03/19/2022, 11:11:12,168
SOMO00001,REminiscence Vita,6512,03/19/2022, 12:20:39,168
SOMO00001,REminiscence Vita,6512,03/19/2022, 13:17:02,168
SOMO00001,REminiscence Vita,6512,03/19/2022, 14:12:53,168
SOMO00001,REminiscence Vita,6512,03/19/2022, 15:13:14,168
SOMO00001,REminiscence Vita,6512,03/19/2022, 16:17:09,168
SOMO00001,REminiscence Vita,6513,03/19/2022, 17:12:32,168
SOMO00001,REminiscence Vita,6513,03/19/2022, 18:14:36,168
SOMO00001,REminiscence Vita,6514,03/19/2022, 19:10:16,168
SOMO00001,REminiscence Vita,6515,03/19/2022, 20:12:55,168
SOMO00001,REminiscence Vita,6515,03/19/2022, 21:10:53,168
SOMO00001,REminiscence Vita,6515,03/19/2022, 22:12:10,168
SOMO00001,REminiscence Vita,6515,03/19/2022, 23:12:52,168
SOMO00001,REminiscence Vita,6515,03/20/2022, 00:52:16,168
SOMO00001,REminiscence Vita,6515,03/20/2022, 02:11:52,168
SOMO00001,REminiscence Vita,6515,03/20/2022, 03:12:58,168
SOMO00001,REminiscence Vita,6515,03/20/2022, 04:16:27,168
SOMO00001,REminiscence Vita,6515,03/20/2022, 05:11:48,168
SOMO00001,REminiscence Vita,6515,03/20/2022, 06:15:31,168
SOMO00001,REminiscence Vita,6515,03/20/2022, 07:12:03,168
SOMO00001,REminiscence Vita,6515,03/20/2022, 08:14:44,168
SOMO00001,REminiscence Vita,6515,03/20/2022, 09:13:12,168
SOMO00001,REminiscence Vita,6515,03/20/2022, 10:13:39,168
SOMO00001,REminiscence Vita,6515,03/20/2022, 11:12:11,168
SOMO00001,REminiscence Vita,6515,03/20/2022, 12:19:41,168
SOMO00001,REminiscence Vita,6515,03/20/2022, 13:16:42,168
SOMO00001,REminiscence Vita,6515,03/20/2022, 14:12:44,168
SOMO00001,REminiscence Vita,6515,03/20/2022, 15:13:52,168
SOMO00001,REminiscence Vita,6516,03/20/2022, 16:16:29,168
SOMO00001,REminiscence Vita,6516,03/20/2022, 17:12:27,168
SOMO00001,REminiscence Vita,6516,03/20/2022, 18:15:20,168
SOMO00001,REminiscence Vita,6516,03/20/2022, 19:10:19,168
SOMO00001,REminiscence Vita,6516,03/20/2022, 20:12:57,168
SOMO00001,REminiscence Vita,6516,03/20/2022, 21:11:14,168
SOMO00001,REminiscence Vita,6516,03/20/2022, 22:12:46,168
SOMO00001,REminiscence Vita,6516,03/20/2022, 23:12:29,168
SOMO00001,REminiscence Vita,6516,03/21/2022, 00:52:51,168
SOMO00001,REminiscence Vita,6516,03/21/2022, 02:25:39,168
SOMO00001,REminiscence Vita,6516,03/21/2022, 03:21:10,168
SOMO00001,REminiscence Vita,6516,03/21/2022, 04:16:24,168
SOMO00001,REminiscence Vita,6516,03/21/2022, 05:12:21,168
SOMO00001,REminiscence Vita,6517,03/21/2022, 06:16:40,168
SOMO00001,REminiscence Vita,6517,03/21/2022, 07:13:26,168
SOMO00001,REminiscence Vita,6517,03/21/2022, 08:17:28,168
SOMO00001,REminiscence Vita,6517,03/21/2022, 09:13:33,168
SOMO00001,REminiscence Vita,6517,03/21/2022, 10:19:21,168
SOMO00001,REminiscence Vita,6517,03/21/2022, 11:13:12,168
SOMO00001,REminiscence Vita,6517,03/21/2022, 12:26:25,168
SOMO00001,REminiscence Vita,6518,03/21/2022, 13:25:19,168
SOMO00001,REminiscence Vita,6518,03/21/2022, 14:17:23,168
SOMO00001,REminiscence Vita,6518,03/21/2022, 15:19:24,168
SOMO00001,REminiscence Vita,6518,03/21/2022, 16:23:24,168
SOMO00001,REminiscence Vita,6518,03/21/2022, 17:15:47,168
SOMO00001,REminiscence Vita,6518,03/21/2022, 18:21:23,168
SOMO00001,REminiscence Vita,6519,03/21/2022, 19:16:16,168
SOMO00001,REminiscence Vita,6519,03/21/2022, 20:19:39,168
SOMO00001,REminiscence Vita,6519,03/21/2022, 21:15:26,168
SOMO00001,REminiscence Vita,6519,03/21/2022, 22:13:20,168
SOMO00001,REminiscence Vita,6519,03/21/2022, 23:13:28,168
SOMO00001,REminiscence Vita,6519,03/22/2022, 00:54:33,168
SOMO00001,REminiscence Vita,6520,03/22/2022, 02:25:31,168
SOMO00001,REminiscence Vita,6520,03/22/2022, 03:22:34,168
SOMO00001,REminiscence Vita,6520,03/22/2022, 04:16:08,168
SOMO00001,REminiscence Vita,6520,03/22/2022, 05:12:11,168
SOMO00001,REminiscence Vita,6520,03/22/2022, 06:16:00,168
SOMO00001,REminiscence Vita,6520,03/22/2022, 07:12:40,168
SOMO00001,REminiscence Vita,6520,03/22/2022, 08:16:52,168
SOMO00001,REminiscence Vita,6520,03/22/2022, 09:13:08,168
SOMO00001,REminiscence Vita,6520,03/22/2022, 10:17:39,168
SOMO00001,REminiscence Vita,6520,03/22/2022, 11:16:12,168
SOMO00001,REminiscence Vita,6520,03/22/2022, 12:28:25,168
SOMO00001,REminiscence Vita,6520,03/22/2022, 13:26:37,168
SOMO00001,REminiscence Vita,6520,03/22/2022, 14:17:19,168
SOMO00001,REminiscence Vita,6521,03/22/2022, 15:15:00,168
SOMO00001,REminiscence Vita,6521,03/22/2022, 16:24:44,168
SOMO00001,REminiscence Vita,6521,03/22/2022, 17:19:19,168
SOMO00001,REminiscence Vita,6521,03/22/2022, 18:20:16,168
SOMO00001,REminiscence Vita,6521,03/22/2022, 19:12:08,168
SOMO00001,REminiscence Vita,6521,03/22/2022, 20:18:14,168
SOMO00001,REminiscence Vita,6521,03/22/2022, 21:16:23,168
SOMO00001,REminiscence Vita,6521,03/22/2022, 22:12:47,168
SOMO00001,REminiscence Vita,6521,03/22/2022, 23:13:39,168
SOMO00001,REminiscence Vita,6521,03/23/2022, 00:59:29,168
SOMO00001,REminiscence Vita,6521,03/23/2022, 02:37:33,168
SOMO00001,REminiscence Vita,6521,03/23/2022, 03:25:46,168
SOMO00001,REminiscence Vita,6521,03/23/2022, 04:16:05,168
SOMO00001,REminiscence Vita,6521,03/23/2022, 05:12:15,168
SOMO00001,REminiscence Vita,6521,03/23/2022, 06:16:44,168
SOMO00001,REminiscence Vita,6521,03/23/2022, 07:13:03,168
SOMO00001,REminiscence Vita,6521,03/23/2022, 08:21:17,168
SOMO00001,REminiscence Vita,6521,03/23/2022, 09:17:37,168
SOMO00001,REminiscence Vita,6521,03/23/2022, 10:19:24,168
SOMO00001,REminiscence Vita,6522,03/23/2022, 11:15:06,168
SOMO00001,REminiscence Vita,6522,03/23/2022, 12:27:51,168
SOMO00001,REminiscence Vita,6522,03/23/2022, 13:27:36,168
SOMO00001,REminiscence Vita,6522,03/23/2022, 14:17:31,168
SOMO00001,REminiscence Vita,6522,03/23/2022, 15:13:59,168
SOMO00001,REminiscence Vita,6522,03/23/2022, 16:17:35,168
SOMO00001,REminiscence Vita,6522,03/23/2022, 17:15:48,168
SOMO00001,REminiscence Vita,6522,03/23/2022, 18:20:23,168
SOMO00001,REminiscence Vita,6522,03/23/2022, 19:12:49,168
SOMO00001,REminiscence Vita,6522,03/23/2022, 20:15:24,168
SOMO00001,REminiscence Vita,6522,03/23/2022, 21:15:49,168
SOMO00001,REminiscence Vita,6523,03/23/2022, 22:13:14,168
SOMO00001,REminiscence Vita,6523,03/23/2022, 23:13:09,168
SOMO00001,REminiscence Vita,6523,03/24/2022, 00:55:04,168
SOMO00001,REminiscence Vita,6523,03/24/2022, 02:23:27,168
SOMO00001,REminiscence Vita,6523,03/24/2022, 03:20:06,168
SOMO00001,REminiscence Vita,6523,03/24/2022, 04:17:10,168
SOMO00001,REminiscence Vita,6523,03/24/2022, 05:12:17,168
SOMO00001,REminiscence Vita,6523,03/24/2022, 06:16:33,168
SOMO00001,REminiscence Vita,6523,03/24/2022, 07:12:51,168
SOMO00001,REminiscence Vita,6523,03/24/2022, 08:15:55,168
SOMO00001,REminiscence Vita,6523,03/24/2022, 09:18:26,168
SOMO00001,REminiscence Vita,6523,03/24/2022, 10:19:21,168
SOMO00001,REminiscence Vita,6523,03/24/2022, 11:16:34,168
SOMO00001,REminiscence Vita,6523,03/24/2022, 12:22:50,168
SOMO00001,REminiscence Vita,6523,03/24/2022, 13:22:38,168
SOMO00001,REminiscence Vita,6524,03/24/2022, 14:17:21,168
SOMO00001,REminiscence Vita,6524,03/24/2022, 15:19:17,168
SOMO00001,REminiscence Vita,6524,03/24/2022, 16:17:48,168
SOMO00001,REminiscence Vita,6524,03/24/2022, 17:29:24,168
SOMO00001,REminiscence Vita,6524,03/24/2022, 18:20:08,168
SOMO00001,REminiscence Vita,6524,03/24/2022, 19:10:42,168
SOMO00001,REminiscence Vita,6524,03/24/2022, 20:14:29,168
SOMO00001,REminiscence Vita,6525,03/24/2022, 21:12:36,168
SOMO00001,REminiscence Vita,6525,03/24/2022, 22:13:43,168
SOMO00001,REminiscence Vita,6525,03/24/2022, 23:13:23,168
SOMO00001,REminiscence Vita,6525,03/25/2022, 00:53:08,168
SOMO00001,REminiscence Vita,6525,03/25/2022, 02:18:58,168
SOMO00001,REminiscence Vita,6525,03/25/2022, 03:18:01,168
SOMO00001,REminiscence Vita,6525,03/25/2022, 04:17:13,168
SOMO00001,REminiscence Vita,6525,03/25/2022, 05:12:45,168
SOMO00001,REminiscence Vita,6525,03/25/2022, 06:17:14,168
SOMO00001,REminiscence Vita,6525,03/25/2022, 07:13:09,168
SOMO00001,REminiscence Vita,6525,03/25/2022, 08:15:51,168
SOMO00001,REminiscence Vita,6525,03/25/2022, 09:18:09,168
SOMO00001,REminiscence Vita,6525,03/25/2022, 10:20:12,168
SOMO00001,REminiscence Vita,6525,03/25/2022, 11:13:49,168
SOMO00001,REminiscence Vita,6525,03/25/2022, 12:45:54,168
SOMO00001,REminiscence Vita,6525,03/25/2022, 13:46:46,168
SOMO00001,REminiscence Vita,6525,03/25/2022, 14:16:15,168
SOMO00001,REminiscence Vita,6525,03/25/2022, 15:18:17,168
SOMO00001,REminiscence Vita,6525,03/25/2022, 16:20:13,168
SOMO00001,REminiscence Vita,6525,03/25/2022, 17:16:01,168
SOMO00001,REminiscence Vita,6525,03/25/2022, 18:16:17,168
SOMO00001,REminiscence Vita,6525,03/25/2022, 19:11:11,168
SOMO00001,REminiscence Vita,6525,03/25/2022, 20:13:38,168
SOMO00001,REminiscence Vita,6525,03/25/2022, 21:12:23,168
SOMO00001,REminiscence Vita,6525,03/25/2022, 22:13:27,168
SOMO00001,REminiscence Vita,6526,03/25/2022, 23:12:57,168
SOMO00001,REminiscence Vita,6526,03/26/2022, 00:53:13,168
SOMO00001,REminiscence Vita,6527,03/26/2022, 02:19:22,168
SOMO00001,REminiscence Vita,6527,03/26/2022, 03:18:24,168
SOMO00001,REminiscence Vita,6527,03/26/2022, 04:16:03,168
SOMO00001,REminiscence Vita,6528,03/26/2022, 05:12:00,168
SOMO00001,REminiscence Vita,6528,03/26/2022, 06:15:21,168
SOMO00001,REminiscence Vita,6528,03/26/2022, 07:12:55,168
SOMO00001,REminiscence Vita,6528,03/26/2022, 08:15:13,168
SOMO00001,REminiscence Vita,6528,03/26/2022, 09:12:20,168
SOMO00001,REminiscence Vita,6528,03/26/2022, 10:13:33,168
SOMO00001,REminiscence Vita,6528,03/26/2022, 11:11:21,168
SOMO00001,REminiscence Vita,6528,03/26/2022, 12:19:56,168
SOMO00001,REminiscence Vita,6528,03/26/2022, 13:17:24,168
SOMO00001,REminiscence Vita,6528,03/26/2022, 14:11:29,168
SOMO00001,REminiscence Vita,6528,03/26/2022, 15:13:19,168
SOMO00001,REminiscence Vita,6529,03/26/2022, 16:16:38,168
SOMO00001,REminiscence Vita,6529,03/26/2022, 17:12:42,168
SOMO00001,REminiscence Vita,6529,03/26/2022, 18:14:49,168
SOMO00001,REminiscence Vita,6529,03/26/2022, 19:10:27,168
SOMO00001,REminiscence Vita,6529,03/26/2022, 20:13:35,168
SOMO00001,REminiscence Vita,6529,03/26/2022, 21:12:40,168
SOMO00001,REminiscence Vita,6530,03/26/2022, 22:12:13,168
SOMO00001,REminiscence Vita,6530,03/26/2022, 23:12:28,168
SOMO00001,REminiscence Vita,6530,03/27/2022, 00:57:30,168
SOMO00001,REminiscence Vita,6530,03/27/2022, 02:22:26,168
SOMO00001,REminiscence Vita,6530,03/27/2022, 03:17:36,168
SOMO00001,REminiscence Vita,6530,03/27/2022, 04:16:28,168
SOMO00001,REminiscence Vita,6530,03/27/2022, 05:11:58,168
SOMO00001,REminiscence Vita,6530,03/27/2022, 06:15:35,168
SOMO00001,REminiscence Vita,6530,03/27/2022, 07:12:19,168
SOMO00001,REminiscence Vita,6530,03/27/2022, 08:15:07,168
SOMO00001,REminiscence Vita,6530,03/27/2022, 09:12:15,168
SOMO00001,REminiscence Vita,6530,03/27/2022, 10:13:49,168
SOMO00001,REminiscence Vita,6530,03/27/2022, 11:11:13,168
SOMO00001,REminiscence Vita,6530,03/27/2022, 12:20:18,168
SOMO00001,REminiscence Vita,6530,03/27/2022, 13:17:53,168
SOMO00001,REminiscence Vita,6530,03/27/2022, 14:11:28,168
SOMO00001,REminiscence Vita,6530,03/27/2022, 15:13:00,168
SOMO00001,REminiscence Vita,6530,03/27/2022, 16:17:15,168
SOMO00001,REminiscence Vita,6530,03/27/2022, 17:13:05,168
SOMO00001,REminiscence Vita,6530,03/27/2022, 18:14:43,168
SOMO00001,REminiscence Vita,6530,03/27/2022, 19:10:27,168
SOMO00001,REminiscence Vita,6530,03/27/2022, 20:14:10,168
SOMO00001,REminiscence Vita,6530,03/27/2022, 21:12:30,168
SOMO00001,REminiscence Vita,6530,03/27/2022, 22:13:12,168
SOMO00001,REminiscence Vita,6530,03/27/2022, 23:13:39,168
SOMO00001,REminiscence Vita,6530,03/28/2022, 00:58:36,168
SOMO00001,REminiscence Vita,6530,03/28/2022, 02:40:22,168
SOMO00001,REminiscence Vita,6530,03/28/2022, 03:29:07,168
SOMO00001,REminiscence Vita,6530,03/28/2022, 04:16:17,168
SOMO00001,REminiscence Vita,6530,03/28/2022, 05:12:33,168
SOMO00001,REminiscence Vita,6530,03/28/2022, 06:16:57,168
SOMO00001,REminiscence Vita,6530,03/28/2022, 07:13:23,168
SOMO00001,REminiscence Vita,6530,03/28/2022, 08:22:29,168
SOMO00001,REminiscence Vita,6530,03/28/2022, 09:18:08,168
SOMO00001,REminiscence Vita,6530,03/28/2022, 10:18:14,168
SOMO00001,REminiscence Vita,6530,03/28/2022, 11:16:16,168
SOMO00001,REminiscence Vita,6530,03/28/2022, 12:27:15,168
SOMO00001,REminiscence Vita,6530,03/28/2022, 13:27:22,168
SOMO00001,REminiscence Vita,6530,03/28/2022, 14:17:18,168
SOMO00001,REminiscence Vita,6530,03/28/2022, 15:18:07,168
SOMO00001,REminiscence Vita,6530,03/28/2022, 16:18:10,168
SOMO00001,REminiscence Vita,6530,03/28/2022, 17:15:33,168
SOMO00001,REminiscence Vita,6530,03/28/2022, 18:20:20,168
SOMO00001,REminiscence Vita,6530,03/28/2022, 19:12:53,168
SOMO00001,REminiscence Vita,6530,03/28/2022, 20:19:23,168
SOMO00001,REminiscence Vita,6530,03/28/2022, 21:16:15,168
SOMO00001,REminiscence Vita,6530,03/28/2022, 22:13:42,168
SOMO00001,REminiscence Vita,6530,03/28/2022, 23:13:10,168
SOMO00001,REminiscence Vita,6530,03/29/2022, 00:59:36,168
SOMO00001,REminiscence Vita,6530,03/29/2022, 02:39:14,168
SOMO00001,REminiscence Vita,6530,03/29/2022, 03:28:36,168
SOMO00001,REminiscence Vita,6530,03/29/2022, 04:16:16,168
SOMO00001,REminiscence Vita,6530,03/29/2022, 05:13:28,168
SOMO00001,REminiscence Vita,6530,03/29/2022, 06:17:01,168
SOMO00001,REminiscence Vita,6530,03/29/2022, 07:18:17,168
SOMO00001,REminiscence Vita,6530,03/29/2022, 08:21:27,168
SOMO00001,REminiscence Vita,6530,03/29/2022, 09:13:14,168
SOMO00001,REminiscence Vita,6530,03/29/2022, 10:19:20,168
SOMO00001,REminiscence Vita,6530,03/29/2022, 11:27:32,168
SOMO00001,REminiscence Vita,6530,03/29/2022, 12:28:34,168
SOMO00001,REminiscence Vita,6530,03/29/2022, 13:28:13,168
SOMO00001,REminiscence Vita,6530,03/29/2022, 14:17:20,168
SOMO00001,REminiscence Vita,6530,03/29/2022, 15:17:51,168
SOMO00001,REminiscence Vita,6530,03/29/2022, 16:23:03,168
SOMO00001,REminiscence Vita,6530,03/29/2022, 17:18:10,168
SOMO00001,REminiscence Vita,6530,03/29/2022, 18:20:22,168
SOMO00001,REminiscence Vita,6530,03/29/2022, 19:14:09,168
SOMO00001,REminiscence Vita,6530,03/29/2022, 20:13:50,168
SOMO00001,REminiscence Vita,6530,03/29/2022, 21:12:29,168
SOMO00001,REminiscence Vita,6530,03/29/2022, 22:13:14,168
SOMO00001,REminiscence Vita,6531,03/29/2022, 23:13:41,168
SOMO00001,REminiscence Vita,6531,03/30/2022, 00:58:49,168
SOMO00001,REminiscence Vita,6531,03/30/2022, 02:38:41,168
SOMO00001,REminiscence Vita,6531,03/30/2022, 03:27:48,168
SOMO00001,REminiscence Vita,6531,03/30/2022, 04:16:13,168
SOMO00001,REminiscence Vita,6531,03/30/2022, 05:12:33,168
SOMO00001,REminiscence Vita,6531,03/30/2022, 06:17:04,168
SOMO00001,REminiscence Vita,6531,03/30/2022, 07:13:56,168
SOMO00001,REminiscence Vita,6531,03/30/2022, 08:21:14,168
SOMO00001,REminiscence Vita,6531,03/30/2022, 09:17:24,168
SOMO00001,REminiscence Vita,6531,03/30/2022, 10:19:17,168
SOMO00001,REminiscence Vita,6532,03/30/2022, 11:16:22,168
SOMO00001,REminiscence Vita,6532,03/30/2022, 12:28:03,168
SOMO00001,REminiscence Vita,6532,03/30/2022, 13:28:23,168
SOMO00001,REminiscence Vita,6532,03/30/2022, 14:17:31,168
SOMO00001,REminiscence Vita,6532,03/30/2022, 15:18:05,168
SOMO00001,REminiscence Vita,6532,03/30/2022, 16:21:16,168
SOMO00001,REminiscence Vita,6532,03/30/2022, 17:17:12,168
SOMO00001,REminiscence Vita,6532,03/30/2022, 18:16:24,168
SOMO00001,REminiscence Vita,6532,03/30/2022, 19:12:02,168
SOMO00001,REminiscence Vita,6532,03/30/2022, 20:15:22,168
SOMO00001,REminiscence Vita,6532,03/30/2022, 21:14:50,168
SOMO00001,REminiscence Vita,6532,03/30/2022, 22:13:17,168
SOMO00001,REminiscence Vita,6532,03/30/2022, 23:13:27,168
SOMO00001,REminiscence Vita,6532,03/31/2022, 00:55:47,168
SOMO00001,REminiscence Vita,6532,03/31/2022, 02:28:48,168
SOMO00001,REminiscence Vita,6532,03/31/2022, 03:25:52,168
SOMO00001,REminiscence Vita,6532,03/31/2022, 04:16:45,168
SOMO00001,REminiscence Vita,6532,03/31/2022, 05:12:20,168
SOMO00001,REminiscence Vita,6532,03/31/2022, 06:16:34,168
SOMO00001,REminiscence Vita,6532,03/31/2022, 07:13:32,168
SOMO00001,REminiscence Vita,6532,03/31/2022, 08:21:18,168
SOMO00001,REminiscence Vita,6532,03/31/2022, 09:19:21,168
SOMO00001,REminiscence Vita,6532,03/31/2022, 10:20:25,168
SOMO00001,REminiscence Vita,6532,03/31/2022, 11:16:21,168
SOMO00001,REminiscence Vita,6532,03/31/2022, 12:29:18,168
SOMO00001,REminiscence Vita,6532,03/31/2022, 13:29:19,168
SOMO00001,REminiscence Vita,6532,03/31/2022, 14:18:15,168
SOMO00001,REminiscence Vita,6532,03/31/2022, 15:19:13,168
SOMO00001,REminiscence Vita,6532,03/31/2022, 16:18:02,168
SOMO00001,REminiscence Vita,6532,03/31/2022, 17:16:37,168
SOMO00001,REminiscence Vita,6532,03/31/2022, 18:17:19,168
SOMO00001,REminiscence Vita,6532,03/31/2022, 19:11:16,168
SOMO00001,REminiscence Vita,6532,03/31/2022, 20:14:20,168
SOMO00001,REminiscence Vita,6532,03/31/2022, 21:12:34,168
SOMO00001,REminiscence Vita,6532,03/31/2022, 22:13:07,168
SOMO00001,REminiscence Vita,6532,03/31/2022, 23:14:29,168
SOMO00001,REminiscence Vita,6532,04/01/2022, 01:04:28,168
SOMO00001,REminiscence Vita,6532,04/01/2022, 03:13:00,168
SOMO00001,REminiscence Vita,6532,04/01/2022, 04:19:01,168
SOMO00001,REminiscence Vita,6532,04/01/2022, 05:12:26,168
SOMO00001,REminiscence Vita,6532,04/01/2022, 06:16:59,168
SOMO00001,REminiscence Vita,6532,04/01/2022, 07:13:33,168
SOMO00001,REminiscence Vita,6532,04/01/2022, 08:19:46,168
SOMO00001,REminiscence Vita,6532,04/01/2022, 09:18:12,168
SOMO00001,REminiscence Vita,6532,04/01/2022, 10:20:23,168
SOMO00001,REminiscence Vita,6533,04/01/2022, 11:17:16,168
SOMO00001,REminiscence Vita,6533,04/01/2022, 12:30:09,168
SOMO00001,REminiscence Vita,6533,04/01/2022, 13:33:56,168
SOMO00001,REminiscence Vita,6533,04/01/2022, 14:18:26,168
SOMO00001,REminiscence Vita,6533,04/01/2022, 15:19:14,168
SOMO00001,REminiscence Vita,6533,04/01/2022, 16:19:20,168
SOMO00001,REminiscence Vita,6533,04/01/2022, 17:17:21,168
SOMO00001,REminiscence Vita,6533,04/01/2022, 18:16:42,168
SOMO00001,REminiscence Vita,6533,04/01/2022, 19:10:59,168
SOMO00001,REminiscence Vita,6533,04/01/2022, 20:14:23,168
SOMO00001,REminiscence Vita,6533,04/01/2022, 21:12:04,168
SOMO00001,REminiscence Vita,6533,04/01/2022, 22:13:04,168
SOMO00001,REminiscence Vita,6533,04/01/2022, 23:13:46,168
SOMO00001,REminiscence Vita,6533,04/02/2022, 00:54:07,168
SOMO00001,REminiscence Vita,6533,04/02/2022, 02:27:06,168
SOMO00001,REminiscence Vita,6533,04/02/2022, 03:25:10,168
SOMO00001,REminiscence Vita,6533,04/02/2022, 04:16:25,168
SOMO00001,REminiscence Vita,6533,04/02/2022, 05:12:00,168
SOMO00001,REminiscence Vita,6533,04/02/2022, 06:15:49,168
SOMO00001,REminiscence Vita,6533,04/02/2022, 07:13:01,168
SOMO00001,REminiscence Vita,6533,04/02/2022, 08:16:05,168
SOMO00001,REminiscence Vita,6533,04/02/2022, 09:12:34,168
SOMO00001,REminiscence Vita,6533,04/02/2022, 10:13:46,168
SOMO00001,REminiscence Vita,6533,04/02/2022, 11:10:58,168
SOMO00001,REminiscence Vita,6533,04/02/2022, 12:20:39,168
SOMO00001,REminiscence Vita,6533,04/02/2022, 13:18:46,168
SOMO00001,REminiscence Vita,6533,04/02/2022, 14:12:21,168
SOMO00001,REminiscence Vita,6533,04/02/2022, 15:13:02,168
SOMO00001,REminiscence Vita,6533,04/02/2022, 16:16:52,168
SOMO00001,REminiscence Vita,6534,04/02/2022, 17:13:32,168
SOMO00001,REminiscence Vita,6535,04/02/2022, 18:14:38,168
SOMO00001,REminiscence Vita,6535,04/02/2022, 19:11:11,168
SOMO00001,REminiscence Vita,6535,04/02/2022, 20:13:16,168
SOMO00001,REminiscence Vita,6535,04/02/2022, 21:12:04,168
SOMO00001,REminiscence Vita,6535,04/02/2022, 22:12:48,168
SOMO00001,REminiscence Vita,6535,04/02/2022, 23:12:43,168
SOMO00001,REminiscence Vita,6536,04/03/2022, 00:59:44,168
SOMO00001,REminiscence Vita,6536,04/03/2022, 02:35:53,168
SOMO00001,REminiscence Vita,6536,04/03/2022, 03:23:49,168
SOMO00001,REminiscence Vita,6536,04/03/2022, 04:16:27,168
SOMO00001,REminiscence Vita,6536,04/03/2022, 05:12:17,168
SOMO00001,REminiscence Vita,6536,04/03/2022, 06:15:47,168
SOMO00001,REminiscence Vita,6536,04/03/2022, 07:12:32,168
SOMO00001,REminiscence Vita,6536,04/03/2022, 08:15:23,168
SOMO00001,REminiscence Vita,6536,04/03/2022, 09:13:06,168
SOMO00001,REminiscence Vita,6536,04/03/2022, 10:14:16,168
SOMO00001,REminiscence Vita,6536,04/03/2022, 11:11:20,168
SOMO00001,REminiscence Vita,6536,04/03/2022, 12:21:22,168
SOMO00001,REminiscence Vita,6536,04/03/2022, 13:19:12,168
SOMO00001,REminiscence Vita,6536,04/03/2022, 14:11:34,168
SOMO00001,REminiscence Vita,6536,04/03/2022, 15:13:20,168
SOMO00001,REminiscence Vita,6536,04/03/2022, 16:17:02,168
SOMO00001,REminiscence Vita,6536,04/03/2022, 17:13:37,168
SOMO00001,REminiscence Vita,6536,04/03/2022, 18:14:47,168
SOMO00001,REminiscence Vita,6536,04/03/2022, 19:10:59,168
SOMO00001,REminiscence Vita,6536,04/03/2022, 20:14:14,168
SOMO00001,REminiscence Vita,6537,04/03/2022, 21:12:09,168
SOMO00001,REminiscence Vita,6537,04/03/2022, 22:12:56,168
SOMO00001,REminiscence Vita,6537,04/03/2022, 23:13:04,168
SOMO00001,REminiscence Vita,6537,04/04/2022, 00:57:55,168
SOMO00001,REminiscence Vita,6538,04/04/2022, 02:45:02,168
SOMO00001,REminiscence Vita,6538,04/04/2022, 03:33:58,168
SOMO00001,REminiscence Vita,6538,04/04/2022, 04:16:20,168
SOMO00001,REminiscence Vita,6538,04/04/2022, 05:12:45,168
SOMO00001,REminiscence Vita,6538,04/04/2022, 06:16:57,168
SOMO00001,REminiscence Vita,6538,04/04/2022, 07:13:42,168
SOMO00001,REminiscence Vita,6538,04/04/2022, 08:21:15,168
SOMO00001,REminiscence Vita,6538,04/04/2022, 09:14:03,168
SOMO00001,REminiscence Vita,6538,04/04/2022, 10:19:34,168
SOMO00001,REminiscence Vita,6538,04/04/2022, 11:17:35,168
SOMO00001,REminiscence Vita,6538,04/04/2022, 12:27:17,168
SOMO00001,REminiscence Vita,6538,04/04/2022, 13:24:05,168
SOMO00001,REminiscence Vita,6538,04/04/2022, 14:14:15,168
SOMO00001,REminiscence Vita,6538,04/04/2022, 15:14:40,168
SOMO00001,REminiscence Vita,6538,04/04/2022, 16:19:13,168
SOMO00001,REminiscence Vita,6538,04/04/2022, 17:18:08,168
SOMO00001,REminiscence Vita,6538,04/04/2022, 18:16:51,168
SOMO00001,REminiscence Vita,6538,04/04/2022, 19:13:06,168
SOMO00001,REminiscence Vita,6538,04/04/2022, 20:14:53,168
SOMO00001,REminiscence Vita,6538,04/04/2022, 21:12:06,168
SOMO00001,REminiscence Vita,6538,04/04/2022, 22:12:52,168
SOMO00001,REminiscence Vita,6538,04/04/2022, 23:14:26,168
SOMO00001,REminiscence Vita,6538,04/05/2022, 00:56:01,168
SOMO00001,REminiscence Vita,6538,04/05/2022, 02:26:46,168
SOMO00001,REminiscence Vita,6538,04/05/2022, 03:25:56,168
SOMO00001,REminiscence Vita,6538,04/05/2022, 04:16:17,168
SOMO00001,REminiscence Vita,6538,04/05/2022, 05:12:46,168
SOMO00001,REminiscence Vita,6538,04/05/2022, 06:17:02,168
SOMO00001,REminiscence Vita,6538,04/05/2022, 07:13:42,168
SOMO00001,REminiscence Vita,6538,04/05/2022, 08:21:21,168
SOMO00001,REminiscence Vita,6538,04/05/2022, 09:13:12,168
SOMO00001,REminiscence Vita,6538,04/05/2022, 10:13:51,168
SOMO00001,REminiscence Vita,6538,04/05/2022, 11:12:44,168
SOMO00001,REminiscence Vita,6538,04/05/2022, 12:27:27,168
SOMO00001,REminiscence Vita,6538,04/05/2022, 13:24:07,168
SOMO00001,REminiscence Vita,6538,04/05/2022, 14:18:04,168
SOMO00001,REminiscence Vita,6538,04/05/2022, 15:14:59,168
SOMO00001,REminiscence Vita,6538,04/05/2022, 16:18:38,168
SOMO00001,REminiscence Vita,6538,04/05/2022, 17:16:55,168
SOMO00001,REminiscence Vita,6538,04/05/2022, 18:16:04,168
SOMO00001,REminiscence Vita,6538,04/05/2022, 19:11:14,168
SOMO00001,REminiscence Vita,6538,04/05/2022, 20:14:40,168
SOMO00001,REminiscence Vita,6538,04/05/2022, 21:11:12,168
SOMO00001,REminiscence Vita,6538,04/05/2022, 22:12:17,168
SOMO00001,REminiscence Vita,6538,04/05/2022, 23:14:06,168
SOMO00001,REminiscence Vita,6538,04/06/2022, 00:59:26,168
SOMO00001,REminiscence Vita,6538,04/06/2022, 02:37:22,168
SOMO00001,REminiscence Vita,6538,04/06/2022, 03:27:05,168
SOMO00001,REminiscence Vita,6538,04/06/2022, 04:16:12,168
SOMO00001,REminiscence Vita,6538,04/06/2022, 05:12:37,168
SOMO00001,REminiscence Vita,6538,04/06/2022, 06:15:30,168
SOMO00001,REminiscence Vita,6538,04/06/2022, 07:13:34,168
SOMO00001,REminiscence Vita,6538,04/06/2022, 08:21:22,168
SOMO00001,REminiscence Vita,6538,04/06/2022, 09:18:32,168
SOMO00001,REminiscence Vita,6538,04/06/2022, 10:19:06,168
SOMO00001,REminiscence Vita,6538,04/06/2022, 11:16:15,168
SOMO00001,REminiscence Vita,6538,04/06/2022, 12:29:16,168
SOMO00001,REminiscence Vita,6538,04/06/2022, 13:28:19,168
SOMO00001,REminiscence Vita,6538,04/06/2022, 14:17:43,168
SOMO00001,REminiscence Vita,6538,04/06/2022, 15:18:22,168
SOMO00001,REminiscence Vita,6538,04/06/2022, 16:19:32,168
SOMO00001,REminiscence Vita,6538,04/06/2022, 17:15:02,168
SOMO00001,REminiscence Vita,6538,04/06/2022, 18:16:14,168
SOMO00001,REminiscence Vita,6538,04/06/2022, 19:09:24,168
SOMO00001,REminiscence Vita,6538,04/06/2022, 20:14:12,168
SOMO00001,REminiscence Vita,6538,04/06/2022, 21:12:39,168
SOMO00001,REminiscence Vita,6540,04/06/2022, 22:13:42,168
SOMO00001,REminiscence Vita,6541,04/06/2022, 23:13:41,168
SOMO00001,REminiscence Vita,6541,04/07/2022, 00:57:33,168
SOMO00001,REminiscence Vita,6541,04/07/2022, 02:27:58,168
SOMO00001,REminiscence Vita,6542,04/07/2022, 03:25:38,168
SOMO00001,REminiscence Vita,6542,04/07/2022, 04:16:39,168
SOMO00001,REminiscence Vita,6542,04/07/2022, 05:12:39,168
SOMO00001,REminiscence Vita,6542,04/07/2022, 06:16:24,168
SOMO00001,REminiscence Vita,6542,04/07/2022, 07:13:32,168
SOMO00001,REminiscence Vita,6542,04/07/2022, 08:17:55,168
SOMO00001,REminiscence Vita,6542,04/07/2022, 09:18:21,168
SOMO00001,REminiscence Vita,6542,04/07/2022, 10:18:17,168
SOMO00001,REminiscence Vita,6542,04/07/2022, 11:12:19,168
SOMO00001,REminiscence Vita,6542,04/07/2022, 12:23:55,168
SOMO00001,REminiscence Vita,6544,04/07/2022, 13:28:38,168
SOMO00001,REminiscence Vita,6544,04/07/2022, 14:14:56,168
SOMO00001,REminiscence Vita,6544,04/07/2022, 15:13:09,168
SOMO00001,REminiscence Vita,6544,04/07/2022, 16:18:12,168
SOMO00001,REminiscence Vita,6544,04/07/2022, 17:17:19,168
SOMO00001,REminiscence Vita,6544,04/07/2022, 18:15:42,168
SOMO00001,REminiscence Vita,6544,04/07/2022, 19:11:16,168
SOMO00001,REminiscence Vita,6544,04/07/2022, 20:14:23,168
SOMO00001,REminiscence Vita,6544,04/07/2022, 21:12:23,168
SOMO00001,REminiscence Vita,6544,04/07/2022, 22:13:22,168
SOMO00001,REminiscence Vita,6544,04/07/2022, 23:13:34,168
SOMO00001,REminiscence Vita,6544,04/08/2022, 00:57:46,168
SOMO00001,REminiscence Vita,6545,04/08/2022, 02:42:31,168
SOMO00001,REminiscence Vita,6545,04/08/2022, 03:32:40,168
SOMO00001,REminiscence Vita,6545,04/08/2022, 04:16:19,168
SOMO00001,REminiscence Vita,6546,04/08/2022, 05:12:23,168
SOMO00001,REminiscence Vita,6546,04/08/2022, 06:16:44,168
SOMO00001,REminiscence Vita,6546,04/08/2022, 07:13:56,168
SOMO00001,REminiscence Vita,6546,04/08/2022, 08:21:15,168
SOMO00001,REminiscence Vita,6546,04/08/2022, 09:18:03,168
SOMO00001,REminiscence Vita,6546,04/08/2022, 10:18:22,168
SOMO00001,REminiscence Vita,6546,04/08/2022, 11:12:35,168
SOMO00001,REminiscence Vita,6546,04/08/2022, 12:24:09,168
SOMO00001,REminiscence Vita,6546,04/08/2022, 13:32:17,168
SOMO00001,REminiscence Vita,6546,04/08/2022, 14:17:43,168
SOMO00001,REminiscence Vita,6546,04/08/2022, 15:19:17,168
SOMO00001,REminiscence Vita,6546,04/08/2022, 16:23:21,168
SOMO00001,REminiscence Vita,6546,04/08/2022, 17:19:44,168
SOMO00001,REminiscence Vita,6546,04/08/2022, 18:20:00,168
SOMO00001,REminiscence Vita,6546,04/08/2022, 19:11:55,168
SOMO00001,REminiscence Vita,6546,04/08/2022, 20:14:22,168
SOMO00001,REminiscence Vita,6546,04/08/2022, 21:17:31,168
SOMO00001,REminiscence Vita,6546,04/08/2022, 22:13:40,168
SOMO00001,REminiscence Vita,6546,04/08/2022, 23:13:17,168
SOMO00001,REminiscence Vita,6546,04/09/2022, 00:56:30,168
SOMO00001,REminiscence Vita,6546,04/09/2022, 02:22:49,168
SOMO00001,REminiscence Vita,6546,04/09/2022, 03:21:47,168
SOMO00001,REminiscence Vita,6546,04/09/2022, 04:16:24,168
SOMO00001,REminiscence Vita,6546,04/09/2022, 05:11:56,168
SOMO00001,REminiscence Vita,6546,04/09/2022, 06:16:09,168
SOMO00001,REminiscence Vita,6546,04/09/2022, 07:12:52,168
SOMO00001,REminiscence Vita,6546,04/09/2022, 08:15:25,168
SOMO00001,REminiscence Vita,6546,04/09/2022, 09:12:40,168
SOMO00001,REminiscence Vita,6546,04/09/2022, 10:13:47,168
SOMO00001,REminiscence Vita,6546,04/09/2022, 11:11:20,168
SOMO00001,REminiscence Vita,6546,04/09/2022, 12:20:41,168
SOMO00001,REminiscence Vita,6546,04/09/2022, 13:19:27,168
SOMO00001,REminiscence Vita,6546,04/09/2022, 14:12:10,168
SOMO00001,REminiscence Vita,6546,04/09/2022, 15:13:30,168
SOMO00001,REminiscence Vita,6546,04/09/2022, 16:17:07,168
SOMO00001,REminiscence Vita,6546,04/09/2022, 17:13:57,168
SOMO00001,REminiscence Vita,6546,04/09/2022, 18:15:01,168
SOMO00001,REminiscence Vita,6546,04/09/2022, 19:10:39,168
SOMO00001,REminiscence Vita,6546,04/09/2022, 20:14:05,168
SOMO00001,REminiscence Vita,6547,04/09/2022, 21:11:29,168
SOMO00001,REminiscence Vita,6547,04/09/2022, 22:13:30,168
SOMO00001,REminiscence Vita,6547,04/09/2022, 23:12:53,168
SOMO00001,REminiscence Vita,6547,04/10/2022, 00:59:39,168
SOMO00001,REminiscence Vita,6547,04/10/2022, 02:37:59,168
SOMO00001,REminiscence Vita,6547,04/10/2022, 03:26:51,168
SOMO00001,REminiscence Vita,6547,04/10/2022, 04:16:04,168
SOMO00001,REminiscence Vita,6547,04/10/2022, 05:12:12,168
SOMO00001,REminiscence Vita,6547,04/10/2022, 06:16:07,168
SOMO00001,REminiscence Vita,6547,04/10/2022, 07:12:53,168
SOMO00001,REminiscence Vita,6547,04/10/2022, 08:15:27,168
SOMO00001,REminiscence Vita,6547,04/10/2022, 09:12:52,168
SOMO00001,REminiscence Vita,6547,04/10/2022, 10:13:58,168
SOMO00001,REminiscence Vita,6548,04/10/2022, 11:11:51,168
SOMO00001,REminiscence Vita,6548,04/10/2022, 12:20:52,168
SOMO00001,REminiscence Vita,6548,04/10/2022, 13:19:44,168
SOMO00001,REminiscence Vita,6548,04/10/2022, 14:11:43,168
SOMO00001,REminiscence Vita,6549,04/10/2022, 15:13:29,168
SOMO00001,REminiscence Vita,6549,04/10/2022, 16:17:09,168
SOMO00001,REminiscence Vita,6549,04/10/2022, 17:14:08,168
SOMO00001,REminiscence Vita,6549,04/10/2022, 18:15:40,168
