YYOLOADER,YoYo Loader Vita,18,04/09/2022, 23:12:52,815
YYOLOADER,YoYo Loader Vita,40,04/10/2022, 00:59:39,815
YYOLOADER,YoYo Loader Vita,56,04/10/2022, 02:37:59,815
YYOLOADER,YoYo Loader Vita,67,04/10/2022, 03:26:51,815
YYOLOADER,YoYo Loader Vita,82,04/10/2022, 04:16:04,815
YYOLOADER,YoYo Loader Vita,92,04/10/2022, 05:12:12,815
YYOLOADER,YoYo Loader Vita,103,04/10/2022, 06:16:07,815
YYOLOADER,YoYo Loader Vita,112,04/10/2022, 07:12:53,815
YYOLOADER,YoYo Loader Vita,116,04/10/2022, 08:15:27,815
YYOLOADER,YoYo Loader Vita,122,04/10/2022, 09:12:52,815
YYOLOADER,YoYo Loader Vita,134,04/10/2022, 10:13:58,815
YYOLOADER,YoYo Loader Vita,140,04/10/2022, 11:11:51,815
YYOLOADER,YoYo Loader Vita,151,04/10/2022, 12:20:52,815
YYOLOADER,YoYo Loader Vita,167,04/10/2022, 13:19:44,815
YYOLOADER,YoYo Loader Vita,180,04/10/2022, 14:11:43,815
YYOLOADER,YoYo Loader Vita,192,04/10/2022, 15:13:29,815
YYOLOADER,YoYo Loader Vita,207,04/10/2022, 16:17:09,815
YYOLOADER,YoYo Loader Vita,219,04/10/2022, 17:14:08,815
YYOLOADER,YoYo Loader Vita,226,04/10/2022, 18:15:40,815
YYOLOADER,YoYo Loader Vita,236,04/10/2022, 19:10:51,815
YYOLOADER,YoYo Loader Vita,248,04/10/2022, 20:13:17,815
YYOLOADER,YoYo Loader Vita,250,04/10/2022, 21:11:27,815
YYOLOADER,YoYo Loader Vita,255,04/10/2022, 22:13:33,815
YYOLOADER,YoYo Loader Vita,261,04/10/2022, 23:12:56,815
YYOLOADER,YoYo Loader Vita,266,04/11/2022, 00:58:12,815
YYOLOADER,YoYo Loader Vita,269,04/11/2022, 02:49:11,815
YYOLOADER,YoYo Loader Vita,271,04/11/2022, 03:40:27,815
YYOLOADER,YoYo Loader Vita,275,04/11/2022, 04:17:46,815
YYOLOADER,YoYo Loader Vita,276,04/11/2022, 05:12:35,815
YYOLOADER,YoYo Loader Vita,277,04/11/2022, 06:17:22,815
YYOLOADER,YoYo Loader Vita,278,04/11/2022, 07:18:07,815
YYOLOADER,YoYo Loader Vita,281,04/11/2022, 08:21:31,815
YYOLOADER,YoYo Loader Vita,282,04/11/2022, 09:13:55,815
YYOLOADER,YoYo Loader Vita,285,04/11/2022, 10:18:38,815
YYOLOADER,YoYo Loader Vita,289,04/11/2022, 11:16:25,815
YYOLOADER,YoYo Loader Vita,289,04/11/2022, 12:28:31,815
YYOLOADER,YoYo Loader Vita,291,04/11/2022, 13:25:40,815
YYOLOADER,YoYo Loader Vita,294,04/11/2022, 14:17:37,815
YYOLOADER,YoYo Loader Vita,299,04/11/2022, 15:19:32,815
YYOLOADER,YoYo Loader Vita,306,04/11/2022, 16:19:18,815
YYOLOADER,YoYo Loader Vita,308,04/11/2022, 17:18:46,815
YYOLOADER,YoYo Loader Vita,313,04/11/2022, 18:17:13,815
YYOLOADER,YoYo Loader Vita,315,04/11/2022, 19:11:19,815
YYOLOADER,YoYo Loader Vita,319,04/11/2022, 20:15:45,815
YYOLOADER,YoYo Loader Vita,323,04/11/2022, 21:12:26,815
YYOLOADER,YoYo Loader Vita,326,04/11/2022, 22:13:23,815
YYOLOADER,YoYo Loader Vita,330,04/11/2022, 23:14:30,815
YYOLOADER,YoYo Loader Vita,331,04/12/2022, 00:57:10,815
YYOLOADER,YoYo Loader Vita,334,04/12/2022, 02:40:22,815
YYOLOADER,YoYo Loader Vita,336,04/12/2022, 03:31:42,815
YYOLOADER,YoYo Loader Vita,337,04/12/2022, 04:16:12,815
YYOLOADER,YoYo Loader Vita,339,04/12/2022, 05:12:31,815
YYOLOADER,YoYo Loader Vita,341,04/12/2022, 06:16:47,815
YYOLOADER,YoYo Loader Vita,342,04/12/2022, 07:13:43,815
YYOLOADER,YoYo Loader Vita,344,04/12/2022, 08:21:56,815
YYOLOADER,YoYo Loader Vita,346,04/12/2022, 09:13:34,815
YYOLOADER,YoYo Loader Vita,346,04/12/2022, 10:20:18,815
YYOLOADER,YoYo Loader Vita,347,04/12/2022, 11:16:16,815
YYOLOADER,YoYo Loader Vita,348,04/12/2022, 12:27:14,815
YYOLOADER,YoYo Loader Vita,349,04/12/2022, 13:28:20,815
YYOLOADER,YoYo Loader Vita,349,04/12/2022, 14:12:56,815
YYOLOADER,YoYo Loader Vita,350,04/12/2022, 15:14:57,815
YYOLOADER,YoYo Loader Vita,350,04/12/2022, 16:22:14,815
YYOLOADER,YoYo Loader Vita,350,04/12/2022, 17:16:43,815
YYOLOADER,YoYo Loader Vita,352,04/12/2022, 18:16:09,815
YYOLOADER,YoYo Loader Vita,354,04/12/2022, 19:11:27,815
YYOLOADER,YoYo Loader Vita,355,04/12/2022, 20:14:10,815
YYOLOADER,YoYo Loader Vita,356,04/12/2022, 21:12:03,815
YYOLOADER,YoYo Loader Vita,357,04/12/2022, 22:13:00,815
YYOLOADER,YoYo Loader Vita,359,04/12/2022, 23:13:35,815
YYOLOADER,YoYo Loader Vita,361,04/13/2022, 01:03:22,815
YYOLOADER,YoYo Loader Vita,364,04/13/2022, 03:00:46,815
YYOLOADER,YoYo Loader Vita,366,04/13/2022, 03:39:49,815
YYOLOADER,YoYo Loader Vita,367,04/13/2022, 04:17:30,815
YYOLOADER,YoYo Loader Vita,369,04/13/2022, 05:12:48,815
YYOLOADER,YoYo Loader Vita,369,04/13/2022, 06:17:12,815
YYOLOADER,YoYo Loader Vita,372,04/13/2022, 07:14:02,815
YYOLOADER,YoYo Loader Vita,375,04/13/2022, 08:17:38,815
YYOLOADER,YoYo Loader Vita,378,04/13/2022, 09:13:33,815
YYOLOADER,YoYo Loader Vita,379,04/13/2022, 10:19:22,815
YYOLOADER,YoYo Loader Vita,382,04/13/2022, 11:14:04,815
YYOLOADER,YoYo Loader Vita,382,04/13/2022, 12:24:56,815
YYOLOADER,YoYo Loader Vita,382,04/13/2022, 13:28:06,815
YYOLOADER,YoYo Loader Vita,383,04/13/2022, 14:20:06,815
YYOLOADER,YoYo Loader Vita,386,04/13/2022, 15:18:38,815
YYOLOADER,YoYo Loader Vita,390,04/13/2022, 16:18:51,815
YYOLOADER,YoYo Loader Vita,391,04/13/2022, 17:22:18,815
YYOLOADER,YoYo Loader Vita,393,04/13/2022, 18:15:36,815
YYOLOADER,YoYo Loader Vita,394,04/13/2022, 19:12:31,815
YYOLOADER,YoYo Loader Vita,397,04/13/2022, 20:17:52,815
YYOLOADER,YoYo Loader Vita,399,04/13/2022, 21:12:30,815
YYOLOADER,YoYo Loader Vita,406,04/13/2022, 22:13:04,815
YYOLOADER,YoYo Loader Vita,410,04/13/2022, 23:13:00,815
YYOLOADER,YoYo Loader Vita,415,04/14/2022, 01:05:26,815
YYOLOADER,YoYo Loader Vita,424,04/14/2022, 03:02:22,815
YYOLOADER,YoYo Loader Vita,426,04/14/2022, 04:16:12,815
YYOLOADER,YoYo Loader Vita,426,04/14/2022, 05:12:56,815
YYOLOADER,YoYo Loader Vita,429,04/14/2022, 06:17:17,815
YYOLOADER,YoYo Loader Vita,431,04/14/2022, 07:13:54,815
YYOLOADER,YoYo Loader Vita,433,04/14/2022, 08:21:45,815
YYOLOADER,YoYo Loader Vita,435,04/14/2022, 09:18:12,815
YYOLOADER,YoYo Loader Vita,435,04/14/2022, 10:14:53,815
YYOLOADER,YoYo Loader Vita,437,04/14/2022, 11:16:18,815
YYOLOADER,YoYo Loader Vita,442,04/14/2022, 12:28:46,815
YYOLOADER,YoYo Loader Vita,444,04/14/2022, 13:27:47,815
YYOLOADER,YoYo Loader Vita,444,04/14/2022, 14:17:17,815
YYOLOADER,YoYo Loader Vita,448,04/14/2022, 15:18:31,815
YYOLOADER,YoYo Loader Vita,453,04/14/2022, 16:19:39,815
YYOLOADER,YoYo Loader Vita,456,04/14/2022, 17:18:17,815
YYOLOADER,YoYo Loader Vita,461,04/14/2022, 18:16:15,815
YYOLOADER,YoYo Loader Vita,464,04/14/2022, 19:12:42,815
YYOLOADER,YoYo Loader Vita,464,04/14/2022, 20:14:57,815
YYOLOADER,YoYo Loader Vita,468,04/14/2022, 21:12:20,815
YYOLOADER,YoYo Loader Vita,469,04/14/2022, 22:14:59,815
YYOLOADER,YoYo Loader Vita,473,04/14/2022, 23:13:34,815
YYOLOADER,YoYo Loader Vita,477,04/15/2022, 01:00:15,815
YYOLOADER,YoYo Loader Vita,480,04/15/2022, 03:06:29,815
YYOLOADER,YoYo Loader Vita,484,04/15/2022, 04:32:05,815
YYOLOADER,YoYo Loader Vita,485,04/15/2022, 05:18:59,815
YYOLOADER,YoYo Loader Vita,488,04/15/2022, 06:16:50,815
YYOLOADER,YoYo Loader Vita,491,04/15/2022, 07:13:37,815
YYOLOADER,YoYo Loader Vita,491,04/15/2022, 08:17:05,815
YYOLOADER,YoYo Loader Vita,492,04/15/2022, 09:13:21,815
YYOLOADER,YoYo Loader Vita,497,04/15/2022, 10:14:49,815
YYOLOADER,YoYo Loader Vita,498,04/15/2022, 11:11:39,815
YYOLOADER,YoYo Loader Vita,500,04/15/2022, 12:21:54,815
YYOLOADER,YoYo Loader Vita,503,04/15/2022, 13:22:49,815
YYOLOADER,YoYo Loader Vita,504,04/15/2022, 14:12:45,815
YYOLOADER,YoYo Loader Vita,508,04/15/2022, 15:14:01,815
YYOLOADER,YoYo Loader Vita,510,04/15/2022, 16:18:18,815
YYOLOADER,YoYo Loader Vita,512,04/15/2022, 17:18:00,815
YYOLOADER,YoYo Loader Vita,512,04/15/2022, 18:16:10,815
YYOLOADER,YoYo Loader Vita,512,04/15/2022, 19:12:11,815
YYOLOADER,YoYo Loader Vita,515,04/15/2022, 20:14:22,815
YYOLOADER,YoYo Loader Vita,518,04/15/2022, 21:12:12,815
YYOLOADER,YoYo Loader Vita,521,04/15/2022, 22:13:16,815
YYOLOADER,YoYo Loader Vita,521,04/15/2022, 23:14:03,815
YYOLOADER,YoYo Loader Vita,525,04/16/2022, 00:58:03,815
YYOLOADER,YoYo Loader Vita,528,04/16/2022, 02:26:02,815
YYOLOADER,YoYo Loader Vita,529,04/16/2022, 03:24:18,815
YYOLOADER,YoYo Loader Vita,531,04/16/2022, 04:16:43,815
YYOLOADER,YoYo Loader Vita,533,04/16/2022, 05:12:08,815
YYOLOADER,YoYo Loader Vita,533,04/16/2022, 06:16:03,815
YYOLOADER,YoYo Loader Vita,535,04/16/2022, 07:12:55,815
YYOLOADER,YoYo Loader Vita,536,04/16/2022, 08:16:06,815
YYOLOADER,YoYo Loader Vita,538,04/16/2022, 09:12:46,815
YYOLOADER,YoYo Loader Vita,538,04/16/2022, 10:15:11,815
YYOLOADER,YoYo Loader Vita,539,04/16/2022, 11:11:45,815
YYOLOADER,YoYo Loader Vita,541,04/16/2022, 12:21:25,815
YYOLOADER,YoYo Loader Vita,541,04/16/2022, 13:20:46,815
YYOLOADER,YoYo Loader Vita,548,04/16/2022, 14:12:13,815
YYOLOADER,YoYo Loader Vita,550,04/16/2022, 15:13:18,815
YYOLOADER,YoYo Loader Vita,552,04/16/2022, 16:17:34,815
YYOLOADER,YoYo Loader Vita,553,04/16/2022, 17:14:33,815
YYOLOADER,YoYo Loader Vita,556,04/16/2022, 18:15:39,815
YYOLOADER,YoYo Loader Vita,557,04/16/2022, 19:10:55,815
YYOLOADER,YoYo Loader Vita,558,04/16/2022, 20:13:20,815
YYOLOADER,YoYo Loader Vita,561,04/16/2022, 21:11:39,815
YYOLOADER,YoYo Loader Vita,564,04/16/2022, 22:12:36,815
YYOLOADER,YoYo Loader Vita,564,04/16/2022, 23:13:07,815
YYOLOADER,YoYo Loader Vita,566,04/17/2022, 01:01:08,815
YYOLOADER,YoYo Loader Vita,575,04/17/2022, 02:52:44,815
YYOLOADER,YoYo Loader Vita,575,04/17/2022, 03:27:09,815
YYOLOADER,YoYo Loader Vita,576,04/17/2022, 04:16:18,815
YYOLOADER,YoYo Loader Vita,578,04/17/2022, 05:12:13,815
YYOLOADER,YoYo Loader Vita,581,04/17/2022, 06:16:10,815
YYOLOADER,YoYo Loader Vita,581,04/17/2022, 07:13:10,815
YYOLOADER,YoYo Loader Vita,584,04/17/2022, 08:16:16,815
YYOLOADER,YoYo Loader Vita,586,04/17/2022, 09:13:16,815
YYOLOADER,YoYo Loader Vita,586,04/17/2022, 10:14:01,815
YYOLOADER,YoYo Loader Vita,587,04/17/2022, 11:11:24,815
YYOLOADER,YoYo Loader Vita,588,04/17/2022, 12:21:15,815
YYOLOADER,YoYo Loader Vita,591,04/17/2022, 13:20:38,815
YYOLOADER,YoYo Loader Vita,597,04/17/2022, 14:12:17,815
YYOLOADER,YoYo Loader Vita,598,04/17/2022, 15:13:25,815
YYOLOADER,YoYo Loader Vita,603,04/17/2022, 16:17:24,815
YYOLOADER,YoYo Loader Vita,605,04/17/2022, 17:14:31,815
YYOLOADER,YoYo Loader Vita,611,04/17/2022, 18:15:34,815
YYOLOADER,YoYo Loader Vita,621,04/17/2022, 19:11:08,815
YYOLOADER,YoYo Loader Vita,628,04/17/2022, 20:13:36,815
YYOLOADER,YoYo Loader Vita,629,04/17/2022, 21:11:39,815
YYOLOADER,YoYo Loader Vita,633,04/17/2022, 22:13:01,815
YYOLOADER,YoYo Loader Vita,638,04/17/2022, 23:13:53,815
YYOLOADER,YoYo Loader Vita,644,04/18/2022, 01:06:43,815
YYOLOADER,YoYo Loader Vita,650,04/18/2022, 03:11:43,815
YYOLOADER,YoYo Loader Vita,654,04/18/2022, 04:20:36,815
YYOLOADER,YoYo Loader Vita,657,04/18/2022, 05:13:57,815
YYOLOADER,YoYo Loader Vita,660,04/18/2022, 06:17:30,815
YYOLOADER,YoYo Loader Vita,660,04/18/2022, 07:13:47,815
YYOLOADER,YoYo Loader Vita,661,04/18/2022, 08:17:15,815
YYOLOADER,YoYo Loader Vita,663,04/18/2022, 09:13:46,815
YYOLOADER,YoYo Loader Vita,665,04/18/2022, 10:15:46,815
YYOLOADER,YoYo Loader Vita,665,04/18/2022, 11:11:53,815
YYOLOADER,YoYo Loader Vita,665,04/18/2022, 12:23:47,815
YYOLOADER,YoYo Loader Vita,667,04/18/2022, 13:25:55,815
YYOLOADER,YoYo Loader Vita,673,04/18/2022, 14:12:53,815
YYOLOADER,YoYo Loader Vita,674,04/18/2022, 15:13:34,815
YYOLOADER,YoYo Loader Vita,677,04/18/2022, 16:19:38,815
YYOLOADER,YoYo Loader Vita,687,04/18/2022, 17:19:43,815
YYOLOADER,YoYo Loader Vita,688,04/18/2022, 18:17:40,815
YYOLOADER,YoYo Loader Vita,690,04/18/2022, 19:11:05,815
YYOLOADER,YoYo Loader Vita,692,04/18/2022, 20:14:40,815
YYOLOADER,YoYo Loader Vita,692,04/18/2022, 21:12:14,815
YYOLOADER,YoYo Loader Vita,694,04/18/2022, 22:14:25,815
YYOLOADER,YoYo Loader Vita,698,04/18/2022, 23:11:13,815
YYOLOADER,YoYo Loader Vita,704,04/19/2022, 01:10:09,815
YYOLOADER,YoYo Loader Vita,709,04/19/2022, 03:20:48,815
YYOLOADER,YoYo Loader Vita,709,04/19/2022, 04:29:34,815
YYOLOADER,YoYo Loader Vita,711,04/19/2022, 05:20:57,815
YYOLOADER,YoYo Loader Vita,713,04/19/2022, 06:17:30,815
YYOLOADER,YoYo Loader Vita,716,04/19/2022, 07:13:37,815
YYOLOADER,YoYo Loader Vita,719,04/19/2022, 08:22:18,815
YYOLOADER,YoYo Loader Vita,720,04/19/2022, 09:13:48,815
YYOLOADER,YoYo Loader Vita,720,04/19/2022, 10:19:28,815
YYOLOADER,YoYo Loader Vita,721,04/19/2022, 11:12:42,815
YYOLOADER,YoYo Loader Vita,722,04/19/2022, 12:32:12,815
YYOLOADER,YoYo Loader Vita,723,04/19/2022, 13:33:13,815
YYOLOADER,YoYo Loader Vita,723,04/19/2022, 14:13:15,815
YYOLOADER,YoYo Loader Vita,725,04/19/2022, 15:14:35,815
YYOLOADER,YoYo Loader Vita,729,04/19/2022, 16:19:29,815
YYOLOADER,YoYo Loader Vita,737,04/19/2022, 17:22:54,815
YYOLOADER,YoYo Loader Vita,740,04/19/2022, 18:17:40,815
YYOLOADER,YoYo Loader Vita,746,04/19/2022, 19:11:37,815
YYOLOADER,YoYo Loader Vita,750,04/19/2022, 20:15:36,815
YYOLOADER,YoYo Loader Vita,754,04/19/2022, 21:12:27,815
YYOLOADER,YoYo Loader Vita,756,04/19/2022, 22:14:45,815
YYOLOADER,YoYo Loader Vita,757,04/19/2022, 23:12:13,815
YYOLOADER,YoYo Loader Vita,762,04/20/2022, 01:16:14,815
YYOLOADER,YoYo Loader Vita,766,04/20/2022, 03:37:16,815
YYOLOADER,YoYo Loader Vita,767,04/20/2022, 04:41:53,815
YYOLOADER,YoYo Loader Vita,768,04/20/2022, 05:31:47,815
YYOLOADER,YoYo Loader Vita,768,04/20/2022, 06:17:38,815
YYOLOADER,YoYo Loader Vita,769,04/20/2022, 07:13:52,815
YYOLOADER,YoYo Loader Vita,772,04/20/2022, 08:24:25,815
YYOLOADER,YoYo Loader Vita,773,04/20/2022, 09:18:18,815
YYOLOADER,YoYo Loader Vita,775,04/20/2022, 10:19:13,815
YYOLOADER,YoYo Loader Vita,775,04/20/2022, 11:16:25,815
YYOLOADER,YoYo Loader Vita,776,04/20/2022, 12:28:08,815
YYOLOADER,YoYo Loader Vita,777,04/20/2022, 13:32:22,815
YYOLOADER,YoYo Loader Vita,781,04/20/2022, 14:13:19,815
YYOLOADER,YoYo Loader Vita,781,04/20/2022, 15:15:47,815
YYOLOADER,YoYo Loader Vita,783,04/20/2022, 16:19:28,815
YYOLOADER,YoYo Loader Vita,784,04/20/2022, 17:24:07,815
YYOLOADER,YoYo Loader Vita,789,04/20/2022, 18:15:54,815
YYOLOADER,YoYo Loader Vita,790,04/20/2022, 19:11:44,815
YYOLOADER,YoYo Loader Vita,793,04/20/2022, 20:15:48,815
YYOLOADER,YoYo Loader Vita,796,04/20/2022, 21:12:00,815
YYOLOADER,YoYo Loader Vita,797,04/20/2022, 22:13:49,815
YYOLOADER,YoYo Loader Vita,801,04/20/2022, 23:15:22,815
YYOLOADER,YoYo Loader Vita,803,04/21/2022, 01:05:29,815
YYOLOADER,YoYo Loader Vita,806,04/21/2022, 03:23:38,815
YYOLOADER,YoYo Loader Vita,807,04/21/2022, 04:39:21,815
YYOLOADER,YoYo Loader Vita,807,04/21/2022, 05:33:29,815
YYOLOADER,YoYo Loader Vita,807,04/21/2022, 06:16:50,815
YYOLOADER,YoYo Loader Vita,807,04/21/2022, 07:13:09,815
YYOLOADER,YoYo Loader Vita,808,04/21/2022, 08:23:14,815
YYOLOADER,YoYo Loader Vita,808,04/21/2022, 09:19:28,815
YYOLOADER,YoYo Loader Vita,810,04/21/2022, 10:20:21,815
YYOLOADER,YoYo Loader Vita,812,04/21/2022, 11:17:22,815
YYOLOADER,YoYo Loader Vita,813,04/21/2022, 12:25:04,815
YYOLOADER,YoYo Loader Vita,815,04/21/2022, 13:32:39,815,
YYOLOADER,YoYo Loader Vita,815,04/21/2022, 14:13:46,815,
YYOLOADER,YoYo Loader Vita,817,04/21/2022, 15:17:41,815
YYOLOADER,YoYo Loader Vita,819,04/21/2022, 16:22:44,815
YYOLOADER,YoYo Loader Vita,822,04/21/2022, 17:22:57,815
YYOLOADER,YoYo Loader Vita,827,04/21/2022, 18:18:11,815
YYOLOADER,YoYo Loader Vita,828,04/21/2022, 19:10:16,815
YYOLOADER,YoYo Loader Vita,831,04/21/2022, 20:15:53,815
YYOLOADER,YoYo Loader Vita,835,04/21/2022, 21:12:34,815
YYOLOADER,YoYo Loader Vita,841,04/21/2022, 22:13:32,815
YYOLOADER,YoYo Loader Vita,844,04/21/2022, 23:13:40,815
YYOLOADER,YoYo Loader Vita,852,04/22/2022, 01:05:54,815
YYOLOADER,YoYo Loader Vita,856,04/22/2022, 03:41:17,815
YYOLOADER,YoYo Loader Vita,858,04/22/2022, 04:41:56,815
YYOLOADER,YoYo Loader Vita,859,04/22/2022, 05:33:03,815
YYOLOADER,YoYo Loader Vita,860,04/22/2022, 06:17:16,815
YYOLOADER,YoYo Loader Vita,860,04/22/2022, 07:13:34,815
YYOLOADER,YoYo Loader Vita,862,04/22/2022, 08:18:51,815
YYOLOADER,YoYo Loader Vita,864,04/22/2022, 09:19:17,815
YYOLOADER,YoYo Loader Vita,867,04/22/2022, 10:18:08,815
YYOLOADER,YoYo Loader Vita,870,04/22/2022, 11:12:09,815
YYOLOADER,YoYo Loader Vita,875,04/22/2022, 12:30:13,815
YYOLOADER,YoYo Loader Vita,877,04/22/2022, 13:32:51,815
YYOLOADER,YoYo Loader Vita,881,04/22/2022, 14:18:11,815
YYOLOADER,YoYo Loader Vita,885,04/22/2022, 15:14:37,815
YYOLOADER,YoYo Loader Vita,892,04/22/2022, 16:19:57,815
YYOLOADER,YoYo Loader Vita,907,04/22/2022, 17:21:55,815
YYOLOADER,YoYo Loader Vita,922,04/22/2022, 18:16:28,815
YYOLOADER,YoYo Loader Vita,930,04/22/2022, 19:11:44,815
YYOLOADER,YoYo Loader Vita,935,04/22/2022, 20:14:35,815
YYOLOADER,YoYo Loader Vita,940,04/22/2022, 21:12:30,815
YYOLOADER,YoYo Loader Vita,943,04/22/2022, 22:14:18,815
YYOLOADER,YoYo Loader Vita,945,04/22/2022, 23:13:49,815
YYOLOADER,YoYo Loader Vita,948,04/23/2022, 01:00:07,815
YYOLOADER,YoYo Loader Vita,953,04/23/2022, 02:40:49,815
YYOLOADER,YoYo Loader Vita,955,04/23/2022, 03:31:45,815
YYOLOADER,YoYo Loader Vita,956,04/23/2022, 04:16:05,815
YYOLOADER,YoYo Loader Vita,959,04/23/2022, 05:12:06,815
YYOLOADER,YoYo Loader Vita,959,04/23/2022, 06:16:08,815
YYOLOADER,YoYo Loader Vita,961,04/23/2022, 07:13:28,815
YYOLOADER,YoYo Loader Vita,962,04/23/2022, 08:15:45,815
YYOLOADER,YoYo Loader Vita,964,04/23/2022, 09:12:58,815
YYOLOADER,YoYo Loader Vita,966,04/23/2022, 10:14:39,815
YYOLOADER,YoYo Loader Vita,969,04/23/2022, 11:11:20,815
YYOLOADER,YoYo Loader Vita,971,04/23/2022, 12:21:40,815
YYOLOADER,YoYo Loader Vita,973,04/23/2022, 13:21:39,815
YYOLOADER,YoYo Loader Vita,974,04/23/2022, 14:12:41,815
YYOLOADER,YoYo Loader Vita,975,04/23/2022, 15:14:12,815
YYOLOADER,YoYo Loader Vita,979,04/23/2022, 16:18:03,815
YYOLOADER,YoYo Loader Vita,981,04/23/2022, 17:15:26,815
YYOLOADER,YoYo Loader Vita,981,04/23/2022, 18:15:23,815
YYOLOADER,YoYo Loader Vita,981,04/23/2022, 19:11:08,815
YYOLOADER,YoYo Loader Vita,986,04/23/2022, 20:14:13,815
YYOLOADER,YoYo Loader Vita,988,04/23/2022, 21:11:55,815
YYOLOADER,YoYo Loader Vita,992,04/23/2022, 22:13:11,815
YYOLOADER,YoYo Loader Vita,995,04/23/2022, 23:13:36,815
YYOLOADER,YoYo Loader Vita,998,04/24/2022, 00:58:36,815
YYOLOADER,YoYo Loader Vita,1001,04/24/2022, 02:36:28,815
YYOLOADER,YoYo Loader Vita,1006,04/24/2022, 03:25:20,815
YYOLOADER,YoYo Loader Vita,1007,04/24/2022, 04:16:39,815
YYOLOADER,YoYo Loader Vita,1010,04/24/2022, 05:12:46,815
YYOLOADER,YoYo Loader Vita,1010,04/24/2022, 06:16:39,815
YYOLOADER,YoYo Loader Vita,1010,04/24/2022, 07:13:14,815
YYOLOADER,YoYo Loader Vita,1011,04/24/2022, 08:16:31,815
YYOLOADER,YoYo Loader Vita,1011,04/24/2022, 09:13:31,815
YYOLOADER,YoYo Loader Vita,1012,04/24/2022, 10:14:06,815
YYOLOADER,YoYo Loader Vita,1012,04/24/2022, 11:11:33,815
YYOLOADER,YoYo Loader Vita,1016,04/24/2022, 12:21:26,815
YYOLOADER,YoYo Loader Vita,1016,04/24/2022, 13:22:23,815
YYOLOADER,YoYo Loader Vita,1019,04/24/2022, 14:12:34,815
YYOLOADER,YoYo Loader Vita,1023,04/24/2022, 15:13:43,815
YYOLOADER,YoYo Loader Vita,1029,04/24/2022, 16:17:40,815
YYOLOADER,YoYo Loader Vita,1030,04/24/2022, 17:15:33,815
YYOLOADER,YoYo Loader Vita,1033,04/24/2022, 18:15:34,815
YYOLOADER,YoYo Loader Vita,1036,04/24/2022, 19:11:08,815
YYOLOADER,YoYo Loader Vita,1049,04/24/2022, 20:14:40,815
YYOLOADER,YoYo Loader Vita,1052,04/24/2022, 21:11:52,815
YYOLOADER,YoYo Loader Vita,1054,04/24/2022, 22:13:06,815
YYOLOADER,YoYo Loader Vita,1057,04/24/2022, 23:13:30,815
YYOLOADER,YoYo Loader Vita,1060,04/25/2022, 00:57:52,815
YYOLOADER,YoYo Loader Vita,1063,04/25/2022, 02:53:54,815
YYOLOADER,YoYo Loader Vita,1063,04/25/2022, 03:42:51,815
YYOLOADER,YoYo Loader Vita,1064,04/25/2022, 04:20:59,815
YYOLOADER,YoYo Loader Vita,1065,04/25/2022, 05:14:15,815
YYOLOADER,YoYo Loader Vita,1069,04/25/2022, 06:18:55,815
YYOLOADER,YoYo Loader Vita,1069,04/25/2022, 07:13:48,815
YYOLOADER,YoYo Loader Vita,1069,04/25/2022, 08:20:51,815
YYOLOADER,YoYo Loader Vita,1072,04/25/2022, 09:14:40,815
YYOLOADER,YoYo Loader Vita,1072,04/25/2022, 10:20:14,815
YYOLOADER,YoYo Loader Vita,1072,04/25/2022, 11:17:22,815
YYOLOADER,YoYo Loader Vita,1074,04/25/2022, 12:29:20,815
YYOLOADER,YoYo Loader Vita,1076,04/25/2022, 13:34:18,815
YYOLOADER,YoYo Loader Vita,1076,04/25/2022, 14:18:26,815
YYOLOADER,YoYo Loader Vita,1079,04/25/2022, 15:20:26,815
YYOLOADER,YoYo Loader Vita,1083,04/25/2022, 16:23:13,815
YYOLOADER,YoYo Loader Vita,1084,04/25/2022, 17:23:39,815
YYOLOADER,YoYo Loader Vita,1089,04/25/2022, 18:23:20,815
YYOLOADER,YoYo Loader Vita,1090,04/25/2022, 19:16:21,815
YYOLOADER,YoYo Loader Vita,1092,04/25/2022, 20:19:12,815
YYOLOADER,YoYo Loader Vita,1093,04/25/2022, 21:12:57,815
YYOLOADER,YoYo Loader Vita,1094,04/25/2022, 22:13:53,815
YYOLOADER,YoYo Loader Vita,1094,04/25/2022, 23:14:14,815
YYOLOADER,YoYo Loader Vita,1096,04/26/2022, 01:04:58,815
YYOLOADER,YoYo Loader Vita,1097,04/26/2022, 03:19:19,815
YYOLOADER,YoYo Loader Vita,1101,04/26/2022, 04:25:34,815
YYOLOADER,YoYo Loader Vita,1106,04/26/2022, 05:16:36,815
YYOLOADER,YoYo Loader Vita,1106,04/26/2022, 06:17:07,815
YYOLOADER,YoYo Loader Vita,1106,04/26/2022, 07:18:17,815
YYOLOADER,YoYo Loader Vita,1106,04/26/2022, 08:22:08,815
YYOLOADER,YoYo Loader Vita,1106,04/26/2022, 09:14:40,815
YYOLOADER,YoYo Loader Vita,1108,04/26/2022, 10:16:28,815
YYOLOADER,YoYo Loader Vita,1109,04/26/2022, 11:17:20,815
YYOLOADER,YoYo Loader Vita,1111,04/26/2022, 12:31:29,815
YYOLOADER,YoYo Loader Vita,1111,04/26/2022, 13:34:37,815
YYOLOADER,YoYo Loader Vita,1111,04/26/2022, 14:13:47,815
YYOLOADER,YoYo Loader Vita,1111,04/26/2022, 15:19:29,815
YYOLOADER,YoYo Loader Vita,1111,04/26/2022, 16:22:36,815
YYOLOADER,YoYo Loader Vita,1113,04/26/2022, 17:24:06,815
YYOLOADER,YoYo Loader Vita,1115,04/26/2022, 18:21:11,815
YYOLOADER,YoYo Loader Vita,1117,04/26/2022, 19:16:15,815
YYOLOADER,YoYo Loader Vita,1117,04/26/2022, 20:18:36,815
YYOLOADER,YoYo Loader Vita,1121,04/26/2022, 21:17:36,815
YYOLOADER,YoYo Loader Vita,1122,04/26/2022, 22:13:39,815
YYOLOADER,YoYo Loader Vita,1125,04/26/2022, 23:14:21,815
YYOLOADER,YoYo Loader Vita,1128,04/27/2022, 01:13:37,815
YYOLOADER,YoYo Loader Vita,1132,04/27/2022, 03:39:43,815
YYOLOADER,YoYo Loader Vita,1132,04/27/2022, 04:39:22,815
YYOLOADER,YoYo Loader Vita,1132,04/27/2022, 05:25:24,815
YYOLOADER,YoYo Loader Vita,1135,04/27/2022, 06:17:27,815
YYOLOADER,YoYo Loader Vita,1136,04/27/2022, 07:18:21,815
YYOLOADER,YoYo Loader Vita,1136,04/27/2022, 08:22:32,815
YYOLOADER,YoYo Loader Vita,1136,04/27/2022, 09:19:20,815
YYOLOADER,YoYo Loader Vita,1136,04/27/2022, 10:20:24,815
YYOLOADER,YoYo Loader Vita,1137,04/27/2022, 11:17:25,815
YYOLOADER,YoYo Loader Vita,1138,04/27/2022, 12:29:17,815
YYOLOADER,YoYo Loader Vita,1138,04/27/2022, 13:31:52,815
YYOLOADER,YoYo Loader Vita,1138,04/27/2022, 14:18:41,815
YYOLOADER,YoYo Loader Vita,1139,04/27/2022, 15:20:22,815
YYOLOADER,YoYo Loader Vita,1143,04/27/2022, 16:19:26,815
YYOLOADER,YoYo Loader Vita,1144,04/27/2022, 17:22:46,815
YYOLOADER,YoYo Loader Vita,1146,04/27/2022, 18:20:53,815
YYOLOADER,YoYo Loader Vita,1146,04/27/2022, 19:16:17,815
YYOLOADER,YoYo Loader Vita,1147,04/27/2022, 20:16:11,815
YYOLOADER,YoYo Loader Vita,1150,04/27/2022, 21:18:00,815
YYOLOADER,YoYo Loader Vita,1152,04/27/2022, 22:14:02,815
YYOLOADER,YoYo Loader Vita,1153,04/27/2022, 23:15:26,815
YYOLOADER,YoYo Loader Vita,1163,04/28/2022, 01:25:10,815
YYOLOADER,YoYo Loader Vita,1169,04/28/2022, 04:07:23,815
YYOLOADER,YoYo Loader Vita,1170,04/28/2022, 05:37:33,815
YYOLOADER,YoYo Loader Vita,1170,04/28/2022, 06:19:49,815
YYOLOADER,YoYo Loader Vita,1172,04/28/2022, 07:17:22,815
YYOLOADER,YoYo Loader Vita,1173,04/28/2022, 08:22:17,815
YYOLOADER,YoYo Loader Vita,1173,04/28/2022, 09:20:21,815
YYOLOADER,YoYo Loader Vita,1174,04/28/2022, 10:15:19,815
YYOLOADER,YoYo Loader Vita,1176,04/28/2022, 11:17:40,815
YYOLOADER,YoYo Loader Vita,1178,04/28/2022, 12:31:30,815
YYOLOADER,YoYo Loader Vita,1179,04/28/2022, 13:38:17,815
YYOLOADER,YoYo Loader Vita,1180,04/28/2022, 14:15:50,815
YYOLOADER,YoYo Loader Vita,1183,04/28/2022, 15:15:27,815
YYOLOADER,YoYo Loader Vita,1186,04/28/2022, 16:21:00,815
YYOLOADER,YoYo Loader Vita,1187,04/28/2022, 17:18:38,815
YYOLOADER,YoYo Loader Vita,1191,04/28/2022, 18:23:22,815
YYOLOADER,YoYo Loader Vita,1192,04/28/2022, 19:11:49,815
YYOLOADER,YoYo Loader Vita,1193,04/28/2022, 20:17:38,815
YYOLOADER,YoYo Loader Vita,1196,04/28/2022, 21:12:57,815
YYOLOADER,YoYo Loader Vita,1197,04/28/2022, 22:13:49,815
YYOLOADER,YoYo Loader Vita,1198,04/28/2022, 23:14:08,815
YYOLOADER,YoYo Loader Vita,1203,04/29/2022, 01:03:06,815
YYOLOADER,YoYo Loader Vita,1205,04/29/2022, 03:22:52,815
YYOLOADER,YoYo Loader Vita,1208,04/29/2022, 04:27:17,815
YYOLOADER,YoYo Loader Vita,1208,04/29/2022, 05:17:03,815
YYOLOADER,YoYo Loader Vita,1209,04/29/2022, 06:17:34,815
YYOLOADER,YoYo Loader Vita,1211,04/29/2022, 07:13:40,815
YYOLOADER,YoYo Loader Vita,1212,04/29/2022, 08:23:18,815
YYOLOADER,YoYo Loader Vita,1213,04/29/2022, 09:19:19,815
YYOLOADER,YoYo Loader Vita,1213,04/29/2022, 10:18:30,815
YYOLOADER,YoYo Loader Vita,1213,04/29/2022, 11:17:21,815
YYOLOADER,YoYo Loader Vita,1214,04/29/2022, 12:30:22,815
YYOLOADER,YoYo Loader Vita,1215,04/29/2022, 13:39:10,815
YYOLOADER,YoYo Loader Vita,1216,04/29/2022, 14:17:14,815
YYOLOADER,YoYo Loader Vita,1216,04/29/2022, 15:14:37,815
YYOLOADER,YoYo Loader Vita,1222,04/29/2022, 16:20:55,815
YYOLOADER,YoYo Loader Vita,1223,04/29/2022, 17:18:45,815
YYOLOADER,YoYo Loader Vita,1224,04/29/2022, 18:16:41,815
YYOLOADER,YoYo Loader Vita,1226,04/29/2022, 19:11:24,815
YYOLOADER,YoYo Loader Vita,1227,04/29/2022, 20:15:10,815
YYOLOADER,YoYo Loader Vita,1228,04/29/2022, 21:13:08,815
YYOLOADER,YoYo Loader Vita,1229,04/29/2022, 22:14:21,815
YYOLOADER,YoYo Loader Vita,1233,04/29/2022, 23:14:03,815
YYOLOADER,YoYo Loader Vita,1236,04/30/2022, 01:10:56,815
YYOLOADER,YoYo Loader Vita,1238,04/30/2022, 03:14:10,815
YYOLOADER,YoYo Loader Vita,1238,04/30/2022, 04:19:44,815
YYOLOADER,YoYo Loader Vita,1241,04/30/2022, 05:13:03,815
YYOLOADER,YoYo Loader Vita,1241,04/30/2022, 06:16:50,815
YYOLOADER,YoYo Loader Vita,1242,04/30/2022, 07:13:22,815
YYOLOADER,YoYo Loader Vita,1243,04/30/2022, 08:16:20,815
YYOLOADER,YoYo Loader Vita,1245,04/30/2022, 09:13:05,815
YYOLOADER,YoYo Loader Vita,1248,04/30/2022, 10:14:10,815
YYOLOADER,YoYo Loader Vita,1248,04/30/2022, 11:11:34,815
YYOLOADER,YoYo Loader Vita,1249,04/30/2022, 12:21:58,815
YYOLOADER,YoYo Loader Vita,1249,04/30/2022, 13:22:11,815
YYOLOADER,YoYo Loader Vita,1251,04/30/2022, 14:12:52,815
YYOLOADER,YoYo Loader Vita,1257,04/30/2022, 15:13:59,815
YYOLOADER,YoYo Loader Vita,1260,04/30/2022, 16:17:44,815
YYOLOADER,YoYo Loader Vita,1261,04/30/2022, 17:15:33,815
YYOLOADER,YoYo Loader Vita,1266,04/30/2022, 18:16:02,815
YYOLOADER,YoYo Loader Vita,1266,04/30/2022, 19:11:19,815
YYOLOADER,YoYo Loader Vita,1269,04/30/2022, 20:14:00,815
YYOLOADER,YoYo Loader Vita,1270,04/30/2022, 21:12:33,815
YYOLOADER,YoYo Loader Vita,1270,04/30/2022, 22:13:29,815
YYOLOADER,YoYo Loader Vita,1276,04/30/2022, 23:13:21,815
YYOLOADER,YoYo Loader Vita,1283,05/01/2022, 01:20:51,815
YYOLOADER,YoYo Loader Vita,1289,05/01/2022, 03:39:09,815
YYOLOADER,YoYo Loader Vita,1290,05/01/2022, 04:32:25,815
YYOLOADER,YoYo Loader Vita,1291,05/01/2022, 05:19:12,815
YYOLOADER,YoYo Loader Vita,1291,05/01/2022, 06:16:47,815
YYOLOADER,YoYo Loader Vita,1292,05/01/2022, 07:13:30,815
YYOLOADER,YoYo Loader Vita,1295,05/01/2022, 08:16:37,815
YYOLOADER,YoYo Loader Vita,1295,05/01/2022, 09:13:34,815
YYOLOADER,YoYo Loader Vita,1297,05/01/2022, 10:15:07,815
YYOLOADER,YoYo Loader Vita,1299,05/01/2022, 11:11:53,815
YYOLOADER,YoYo Loader Vita,1300,05/01/2022, 12:23:05,815
YYOLOADER,YoYo Loader Vita,1300,05/01/2022, 13:23:27,815
YYOLOADER,YoYo Loader Vita,1301,05/01/2022, 14:12:44,815
YYOLOADER,YoYo Loader Vita,1303,05/01/2022, 15:14:34,815
YYOLOADER,YoYo Loader Vita,1305,05/01/2022, 16:18:34,815
YYOLOADER,YoYo Loader Vita,1308,05/01/2022, 17:16:25,815
YYOLOADER,YoYo Loader Vita,1309,05/01/2022, 18:15:38,815
YYOLOADER,YoYo Loader Vita,1311,05/01/2022, 19:12:20,815
YYOLOADER,YoYo Loader Vita,1313,05/01/2022, 20:14:20,815
YYOLOADER,YoYo Loader Vita,1314,05/01/2022, 21:12:50,815
YYOLOADER,YoYo Loader Vita,1314,05/01/2022, 22:13:19,815
YYOLOADER,YoYo Loader Vita,1315,05/01/2022, 23:13:41,815
YYOLOADER,YoYo Loader Vita,1317,05/02/2022, 01:04:48,815
YYOLOADER,YoYo Loader Vita,1319,05/02/2022, 03:51:28,815
YYOLOADER,YoYo Loader Vita,1324,05/02/2022, 04:48:07,815
YYOLOADER,YoYo Loader Vita,1324,05/02/2022, 05:27:51,815
YYOLOADER,YoYo Loader Vita,1327,05/02/2022, 06:17:37,815
YYOLOADER,YoYo Loader Vita,1327,05/02/2022, 07:13:54,815
YYOLOADER,YoYo Loader Vita,1327,05/02/2022, 08:18:56,815
YYOLOADER,YoYo Loader Vita,1330,05/02/2022, 09:14:34,815
YYOLOADER,YoYo Loader Vita,1332,05/02/2022, 10:16:50,815
YYOLOADER,YoYo Loader Vita,1334,05/02/2022, 11:12:44,815
YYOLOADER,YoYo Loader Vita,1336,05/02/2022, 12:27:07,815
YYOLOADER,YoYo Loader Vita,1337,05/02/2022, 13:36:33,815
YYOLOADER,YoYo Loader Vita,1338,05/02/2022, 14:18:46,815
YYOLOADER,YoYo Loader Vita,1340,05/02/2022, 15:19:21,815
YYOLOADER,YoYo Loader Vita,1341,05/02/2022, 16:25:20,815
YYOLOADER,YoYo Loader Vita,1341,05/02/2022, 17:25:23,815
YYOLOADER,YoYo Loader Vita,1341,05/02/2022, 18:21:20,815
YYOLOADER,YoYo Loader Vita,1344,05/02/2022, 19:16:17,815
YYOLOADER,YoYo Loader Vita,1346,05/02/2022, 20:17:47,815
YYOLOADER,YoYo Loader Vita,1348,05/02/2022, 21:15:22,815
YYOLOADER,YoYo Loader Vita,1349,05/02/2022, 22:14:10,815
YYOLOADER,YoYo Loader Vita,1349,05/02/2022, 23:14:36,815
YYOLOADER,YoYo Loader Vita,1352,05/03/2022, 01:09:04,815
YYOLOADER,YoYo Loader Vita,1354,05/03/2022, 03:21:19,815
YYOLOADER,YoYo Loader Vita,1354,05/03/2022, 04:28:06,815
YYOLOADER,YoYo Loader Vita,1355,05/03/2022, 05:18:18,815
YYOLOADER,YoYo Loader Vita,1356,05/03/2022, 06:17:26,815
YYOLOADER,YoYo Loader Vita,1357,05/03/2022, 07:13:50,815
YYOLOADER,YoYo Loader Vita,1359,05/03/2022, 08:22:19,815
YYOLOADER,YoYo Loader Vita,1360,05/03/2022, 09:13:56,815
YYOLOADER,YoYo Loader Vita,1360,05/03/2022, 10:21:10,815
YYOLOADER,YoYo Loader Vita,1361,05/03/2022, 11:16:47,815
YYOLOADER,YoYo Loader Vita,1363,05/03/2022, 12:33:33,815
YYOLOADER,YoYo Loader Vita,1363,05/03/2022, 13:35:14,815
YYOLOADER,YoYo Loader Vita,1367,05/03/2022, 14:16:05,815
YYOLOADER,YoYo Loader Vita,1373,05/03/2022, 15:19:33,815
YYOLOADER,YoYo Loader Vita,1380,05/03/2022, 16:20:39,815
YYOLOADER,YoYo Loader Vita,1385,05/03/2022, 17:25:49,815
YYOLOADER,YoYo Loader Vita,1388,05/03/2022, 18:21:18,815
YYOLOADER,YoYo Loader Vita,1391,05/03/2022, 19:16:16,815
YYOLOADER,YoYo Loader Vita,1395,05/03/2022, 20:19:11,815
YYOLOADER,YoYo Loader Vita,1397,05/03/2022, 21:18:19,815
YYOLOADER,YoYo Loader Vita,1405,05/03/2022, 22:14:16,815
YYOLOADER,YoYo Loader Vita,1408,05/03/2022, 23:12:50,815
YYOLOADER,YoYo Loader Vita,1410,05/04/2022, 01:06:47,815
YYOLOADER,YoYo Loader Vita,1424,05/04/2022, 03:22:20,815
YYOLOADER,YoYo Loader Vita,1426,05/04/2022, 04:27:01,815
YYOLOADER,YoYo Loader Vita,1426,05/04/2022, 05:17:19,815
YYOLOADER,YoYo Loader Vita,1431,05/04/2022, 06:18:47,815
YYOLOADER,YoYo Loader Vita,1434,05/04/2022, 07:13:30,815
YYOLOADER,YoYo Loader Vita,1440,05/04/2022, 08:18:25,815
YYOLOADER,YoYo Loader Vita,1444,05/04/2022, 09:16:27,815
YYOLOADER,YoYo Loader Vita,1451,05/04/2022, 10:15:39,815
YYOLOADER,YoYo Loader Vita,1452,05/04/2022, 11:12:47,815
YYOLOADER,YoYo Loader Vita,1457,05/04/2022, 12:33:13,815
YYOLOADER,YoYo Loader Vita,1459,05/04/2022, 13:34:49,815
YYOLOADER,YoYo Loader Vita,1460,05/04/2022, 14:17:27,815
YYOLOADER,YoYo Loader Vita,1463,05/04/2022, 15:15:26,815
YYOLOADER,YoYo Loader Vita,1466,05/04/2022, 16:26:25,815
YYOLOADER,YoYo Loader Vita,1470,05/04/2022, 17:23:58,815
YYOLOADER,YoYo Loader Vita,1474,05/04/2022, 18:20:15,815
YYOLOADER,YoYo Loader Vita,1475,05/04/2022, 19:12:00,815
YYOLOADER,YoYo Loader Vita,1480,05/04/2022, 20:15:32,815
YYOLOADER,YoYo Loader Vita,1482,05/04/2022, 21:13:55,815
YYOLOADER,YoYo Loader Vita,1483,05/04/2022, 22:13:55,815
YYOLOADER,YoYo Loader Vita,1484,05/04/2022, 23:14:21,815
YYOLOADER,YoYo Loader Vita,1490,05/05/2022, 01:08:02,815
YYOLOADER,YoYo Loader Vita,1494,05/05/2022, 03:19:16,815
YYOLOADER,YoYo Loader Vita,1497,05/05/2022, 04:30:26,815
YYOLOADER,YoYo Loader Vita,1497,05/05/2022, 05:19:27,815
YYOLOADER,YoYo Loader Vita,1499,05/05/2022, 06:18:12,815
YYOLOADER,YoYo Loader Vita,1499,05/05/2022, 07:14:15,815
YYOLOADER,YoYo Loader Vita,1502,05/05/2022, 08:18:53,815
YYOLOADER,YoYo Loader Vita,1505,05/05/2022, 09:19:19,815
YYOLOADER,YoYo Loader Vita,1507,05/05/2022, 10:19:53,815
YYOLOADER,YoYo Loader Vita,1508,05/05/2022, 11:13:23,815
YYOLOADER,YoYo Loader Vita,1511,05/05/2022, 12:31:37,815
YYOLOADER,YoYo Loader Vita,1516,05/05/2022, 13:33:30,815
YYOLOADER,YoYo Loader Vita,1520,05/05/2022, 14:13:32,815
YYOLOADER,YoYo Loader Vita,1523,05/05/2022, 15:13:59,815
YYOLOADER,YoYo Loader Vita,1525,05/05/2022, 16:20:03,815
YYOLOADER,YoYo Loader Vita,1528,05/05/2022, 17:23:32,815
YYOLOADER,YoYo Loader Vita,1528,05/05/2022, 18:16:27,815
YYOLOADER,YoYo Loader Vita,1534,05/05/2022, 19:11:47,815
YYOLOADER,YoYo Loader Vita,1538,05/05/2022, 20:14:51,815
YYOLOADER,YoYo Loader Vita,1544,05/05/2022, 21:13:11,815
YYOLOADER,YoYo Loader Vita,1552,05/05/2022, 22:14:46,815
YYOLOADER,YoYo Loader Vita,1557,05/05/2022, 23:14:23,815
YYOLOADER,YoYo Loader Vita,1565,05/06/2022, 00:59:49,815
YYOLOADER,YoYo Loader Vita,1569,05/06/2022, 02:46:58,815
YYOLOADER,YoYo Loader Vita,1574,05/06/2022, 03:37:34,815
YYOLOADER,YoYo Loader Vita,1575,05/06/2022, 04:17:50,815
YYOLOADER,YoYo Loader Vita,1578,05/06/2022, 05:14:00,815
YYOLOADER,YoYo Loader Vita,1578,05/06/2022, 06:19:13,815
YYOLOADER,YoYo Loader Vita,1578,05/06/2022, 07:13:21,815
YYOLOADER,YoYo Loader Vita,1580,05/06/2022, 08:18:05,815
YYOLOADER,YoYo Loader Vita,1580,05/06/2022, 09:14:39,815
YYOLOADER,YoYo Loader Vita,1582,05/06/2022, 10:15:31,815
YYOLOADER,YoYo Loader Vita,1582,05/06/2022, 11:12:13,815
YYOLOADER,YoYo Loader Vita,1586,05/06/2022, 12:25:41,815
YYOLOADER,YoYo Loader Vita,1586,05/06/2022, 13:31:00,815
YYOLOADER,YoYo Loader Vita,1590,05/06/2022, 14:13:49,815
YYOLOADER,YoYo Loader Vita,1592,05/06/2022, 15:14:40,815
YYOLOADER,YoYo Loader Vita,1594,05/06/2022, 16:19:48,815
YYOLOADER,YoYo Loader Vita,1595,05/06/2022, 17:21:27,815
YYOLOADER,YoYo Loader Vita,1598,05/06/2022, 18:17:16,815
YYOLOADER,YoYo Loader Vita,1600,05/06/2022, 19:11:50,815
YYOLOADER,YoYo Loader Vita,1602,05/06/2022, 20:15:12,815
YYOLOADER,YoYo Loader Vita,1603,05/06/2022, 21:12:44,815
YYOLOADER,YoYo Loader Vita,1605,05/06/2022, 22:13:28,815
YYOLOADER,YoYo Loader Vita,1605,05/06/2022, 23:13:55,815
YYOLOADER,YoYo Loader Vita,1606,05/07/2022, 00:59:40,815
YYOLOADER,YoYo Loader Vita,1609,05/07/2022, 02:39:24,815
YYOLOADER,YoYo Loader Vita,1615,05/07/2022, 03:32:23,815
YYOLOADER,YoYo Loader Vita,1617,05/07/2022, 04:16:31,815
YYOLOADER,YoYo Loader Vita,1618,05/07/2022, 05:12:10,815
YYOLOADER,YoYo Loader Vita,1624,05/07/2022, 06:17:07,815
YYOLOADER,YoYo Loader Vita,1625,05/07/2022, 07:13:16,815
YYOLOADER,YoYo Loader Vita,1626,05/07/2022, 08:17:12,815
YYOLOADER,YoYo Loader Vita,1628,05/07/2022, 09:13:14,815
YYOLOADER,YoYo Loader Vita,1631,05/07/2022, 10:14:54,815
YYOLOADER,YoYo Loader Vita,1636,05/07/2022, 11:11:59,815
YYOLOADER,YoYo Loader Vita,1640,05/07/2022, 12:22:45,815
YYOLOADER,YoYo Loader Vita,1641,05/07/2022, 13:23:06,815
YYOLOADER,YoYo Loader Vita,1642,05/07/2022, 14:12:26,815
YYOLOADER,YoYo Loader Vita,1644,05/07/2022, 15:14:15,815
YYOLOADER,YoYo Loader Vita,1647,05/07/2022, 16:17:50,815
YYOLOADER,YoYo Loader Vita,1650,05/07/2022, 17:15:48,815
YYOLOADER,YoYo Loader Vita,1650,05/07/2022, 18:15:40,815
YYOLOADER,YoYo Loader Vita,1652,05/07/2022, 19:13:08,815
YYOLOADER,YoYo Loader Vita,1656,05/07/2022, 20:14:27,815
YYOLOADER,YoYo Loader Vita,1656,05/07/2022, 21:12:45,815
YYOLOADER,YoYo Loader Vita,1656,05/07/2022, 22:13:04,815
YYOLOADER,YoYo Loader Vita,1658,05/07/2022, 23:13:46,815
YYOLOADER,YoYo Loader Vita,1664,05/08/2022, 01:01:14,815
YYOLOADER,YoYo Loader Vita,1669,05/08/2022, 03:11:09,815
YYOLOADER,YoYo Loader Vita,1670,05/08/2022, 04:19:16,815
YYOLOADER,YoYo Loader Vita,1670,05/08/2022, 05:13:21,815
YYOLOADER,YoYo Loader Vita,1673,05/08/2022, 06:17:20,815
YYOLOADER,YoYo Loader Vita,1677,05/08/2022, 07:13:34,815
YYOLOADER,YoYo Loader Vita,1680,05/08/2022, 08:16:59,815
YYOLOADER,YoYo Loader Vita,1685,05/08/2022, 09:13:39,815
YYOLOADER,YoYo Loader Vita,1692,05/08/2022, 10:15:18,815
YYOLOADER,YoYo Loader Vita,1694,05/08/2022, 11:11:57,815
YYOLOADER,YoYo Loader Vita,1697,05/08/2022, 12:22:30,815
YYOLOADER,YoYo Loader Vita,1699,05/08/2022, 13:24:26,815
YYOLOADER,YoYo Loader Vita,1703,05/08/2022, 14:12:47,815
YYOLOADER,YoYo Loader Vita,1705,05/08/2022, 15:13:58,815
YYOLOADER,YoYo Loader Vita,1709,05/08/2022, 16:17:47,815
YYOLOADER,YoYo Loader Vita,1717,05/08/2022, 17:15:56,815
YYOLOADER,YoYo Loader Vita,1725,05/08/2022, 18:15:38,815
YYOLOADER,YoYo Loader Vita,1732,05/08/2022, 19:11:35,815
YYOLOADER,YoYo Loader Vita,1732,05/08/2022, 20:14:19,815
YYOLOADER,YoYo Loader Vita,1737,05/08/2022, 21:12:13,815
YYOLOADER,YoYo Loader Vita,1737,05/08/2022, 22:14:26,815
YYOLOADER,YoYo Loader Vita,1739,05/08/2022, 23:13:39,815
YYOLOADER,YoYo Loader Vita,1741,05/09/2022, 01:04:32,815
YYOLOADER,YoYo Loader Vita,1741,05/09/2022, 03:17:50,815
YYOLOADER,YoYo Loader Vita,1744,05/09/2022, 04:27:07,815
YYOLOADER,YoYo Loader Vita,1745,05/09/2022, 05:18:00,815
YYOLOADER,YoYo Loader Vita,1746,05/09/2022, 06:18:16,815
YYOLOADER,YoYo Loader Vita,1748,05/09/2022, 07:13:59,815
YYOLOADER,YoYo Loader Vita,1749,05/09/2022, 08:18:00,815
YYOLOADER,YoYo Loader Vita,1749,05/09/2022, 09:14:53,815
YYOLOADER,YoYo Loader Vita,1751,05/09/2022, 10:15:44,815
YYOLOADER,YoYo Loader Vita,1751,05/09/2022, 11:12:54,815
YYOLOADER,YoYo Loader Vita,1751,05/09/2022, 12:27:47,815
YYOLOADER,YoYo Loader Vita,1753,05/09/2022, 13:35:21,815
YYOLOADER,YoYo Loader Vita,1753,05/09/2022, 14:12:42,815
YYOLOADER,YoYo Loader Vita,1755,05/09/2022, 15:15:07,815
YYOLOADER,YoYo Loader Vita,1755,05/09/2022, 16:26:25,815
YYOLOADER,YoYo Loader Vita,1757,05/09/2022, 17:27:20,815
YYOLOADER,YoYo Loader Vita,1759,05/09/2022, 18:21:35,815
YYOLOADER,YoYo Loader Vita,1759,05/09/2022, 19:15:25,815
YYOLOADER,YoYo Loader Vita,1760,05/09/2022, 20:18:08,815
YYOLOADER,YoYo Loader Vita,1761,05/09/2022, 21:13:16,815
YYOLOADER,YoYo Loader Vita,1761,05/09/2022, 22:13:58,815
YYOLOADER,YoYo Loader Vita,1762,05/09/2022, 23:14:03,815
YYOLOADER,YoYo Loader Vita,1766,05/10/2022, 01:00:10,815
YYOLOADER,YoYo Loader Vita,1768,05/10/2022, 02:24:51,815
YYOLOADER,YoYo Loader Vita,1769,05/10/2022, 03:23:34,815
YYOLOADER,YoYo Loader Vita,1770,05/10/2022, 04:17:39,815
YYOLOADER,YoYo Loader Vita,1772,05/10/2022, 05:13:53,815
YYOLOADER,YoYo Loader Vita,1773,05/10/2022, 06:17:27,815
YYOLOADER,YoYo Loader Vita,1773,05/10/2022, 07:14:02,815
YYOLOADER,YoYo Loader Vita,1774,05/10/2022, 08:19:19,815
YYOLOADER,YoYo Loader Vita,1774,05/10/2022, 09:19:43,815
YYOLOADER,YoYo Loader Vita,1774,05/10/2022, 10:15:23,815
YYOLOADER,YoYo Loader Vita,1775,05/10/2022, 11:13:20,815
YYOLOADER,YoYo Loader Vita,1776,05/10/2022, 12:33:36,815
YYOLOADER,YoYo Loader Vita,1778,05/10/2022, 13:43:48,815
YYOLOADER,YoYo Loader Vita,1778,05/10/2022, 14:22:30,815
YYOLOADER,YoYo Loader Vita,1778,05/10/2022, 15:19:21,815
YYOLOADER,YoYo Loader Vita,1780,05/10/2022, 16:22:12,815
YYOLOADER,YoYo Loader Vita,1780,05/10/2022, 17:24:33,815
YYOLOADER,YoYo Loader Vita,1782,05/10/2022, 18:22:22,815
YYOLOADER,YoYo Loader Vita,1783,05/10/2022, 19:16:13,815
YYOLOADER,YoYo Loader Vita,1785,05/10/2022, 20:21:13,815
YYOLOADER,YoYo Loader Vita,1786,05/10/2022, 21:17:17,815
YYOLOADER,YoYo Loader Vita,1787,05/10/2022, 22:13:52,815
YYOLOADER,YoYo Loader Vita,1788,05/10/2022, 23:14:37,815
YYOLOADER,YoYo Loader Vita,1792,05/11/2022, 01:12:21,815
YYOLOADER,YoYo Loader Vita,1793,05/11/2022, 03:18:13,815
YYOLOADER,YoYo Loader Vita,1795,05/11/2022, 04:32:39,815
YYOLOADER,YoYo Loader Vita,1797,05/11/2022, 05:23:51,815
YYOLOADER,YoYo Loader Vita,1798,05/11/2022, 06:20:51,815
YYOLOADER,YoYo Loader Vita,1799,05/11/2022, 07:19:16,815
YYOLOADER,YoYo Loader Vita,1801,05/11/2022, 08:24:14,815
YYOLOADER,YoYo Loader Vita,1802,05/11/2022, 09:18:18,815
YYOLOADER,YoYo Loader Vita,1803,05/11/2022, 10:20:24,815
YYOLOADER,YoYo Loader Vita,1805,05/11/2022, 11:14:21,815
YYOLOADER,YoYo Loader Vita,1805,05/11/2022, 12:34:20,815
YYOLOADER,YoYo Loader Vita,1807,05/11/2022, 13:36:43,815
YYOLOADER,YoYo Loader Vita,1807,05/11/2022, 14:14:09,815
YYOLOADER,YoYo Loader Vita,1807,05/11/2022, 15:15:56,815
YYOLOADER,YoYo Loader Vita,1807,05/11/2022, 16:25:46,815
YYOLOADER,YoYo Loader Vita,1809,05/11/2022, 17:31:26,815
YYOLOADER,YoYo Loader Vita,1810,05/11/2022, 18:21:19,815
YYOLOADER,YoYo Loader Vita,1810,05/11/2022, 19:12:44,815
YYOLOADER,YoYo Loader Vita,1810,05/11/2022, 20:19:37,815
YYOLOADER,YoYo Loader Vita,1811,05/11/2022, 21:12:31,815
YYOLOADER,YoYo Loader Vita,1813,05/11/2022, 22:13:59,815
YYOLOADER,YoYo Loader Vita,1814,05/11/2022, 23:14:49,815
YYOLOADER,YoYo Loader Vita,1816,05/12/2022, 01:08:53,815
YYOLOADER,YoYo Loader Vita,1819,05/12/2022, 03:11:40,815
YYOLOADER,YoYo Loader Vita,1821,05/12/2022, 04:24:54,815
YYOLOADER,YoYo Loader Vita,1821,05/12/2022, 05:20:48,815
YYOLOADER,YoYo Loader Vita,1821,05/12/2022, 06:19:20,815
YYOLOADER,YoYo Loader Vita,1821,05/12/2022, 07:14:17,815
YYOLOADER,YoYo Loader Vita,1822,05/12/2022, 08:22:22,815
YYOLOADER,YoYo Loader Vita,1822,05/12/2022, 09:20:00,815
YYOLOADER,YoYo Loader Vita,1824,05/12/2022, 10:17:36,815
YYOLOADER,YoYo Loader Vita,1825,05/12/2022, 11:17:15,815
YYOLOADER,YoYo Loader Vita,1828,05/12/2022, 12:32:28,815
YYOLOADER,YoYo Loader Vita,1833,05/12/2022, 13:40:35,815
YYOLOADER,YoYo Loader Vita,1833,05/12/2022, 14:17:53,815
YYOLOADER,YoYo Loader Vita,1837,05/12/2022, 15:15:21,815
YYOLOADER,YoYo Loader Vita,1841,05/12/2022, 16:25:36,815
YYOLOADER,YoYo Loader Vita,1843,05/12/2022, 17:26:10,815
YYOLOADER,YoYo Loader Vita,1844,05/12/2022, 19:11:21,815
YYOLOADER,YoYo Loader Vita,1849,05/12/2022, 20:15:27,815
YYOLOADER,YoYo Loader Vita,1850,05/12/2022, 21:11:42,815
YYOLOADER,YoYo Loader Vita,1853,05/12/2022, 22:15:42,815
YYOLOADER,YoYo Loader Vita,1854,05/12/2022, 23:15:08,815
YYOLOADER,YoYo Loader Vita,1858,05/13/2022, 01:15:46,815
YYOLOADER,YoYo Loader Vita,1863,05/13/2022, 03:46:49,815
YYOLOADER,YoYo Loader Vita,1865,05/13/2022, 04:50:05,815
YYOLOADER,YoYo Loader Vita,1866,05/13/2022, 05:38:15,815
YYOLOADER,YoYo Loader Vita,1866,05/13/2022, 06:21:02,815
YYOLOADER,YoYo Loader Vita,1868,05/13/2022, 07:14:55,815
YYOLOADER,YoYo Loader Vita,1871,05/13/2022, 08:21:23,815
YYOLOADER,YoYo Loader Vita,1876,05/13/2022, 09:19:18,815
YYOLOADER,YoYo Loader Vita,1876,05/13/2022, 10:21:24,815
YYOLOADER,YoYo Loader Vita,1876,05/13/2022, 11:13:05,815
YYOLOADER,YoYo Loader Vita,1878,05/13/2022, 12:38:19,815
YYOLOADER,YoYo Loader Vita,1881,05/13/2022, 13:47:25,815
YYOLOADER,YoYo Loader Vita,1881,05/13/2022, 14:21:11,815
YYOLOADER,YoYo Loader Vita,1883,05/13/2022, 15:18:13,815
YYOLOADER,YoYo Loader Vita,1884,05/13/2022, 16:25:25,815
YYOLOADER,YoYo Loader Vita,1886,05/13/2022, 17:23:28,815
YYOLOADER,YoYo Loader Vita,1887,05/13/2022, 18:18:25,815
YYOLOADER,YoYo Loader Vita,1888,05/13/2022, 19:12:26,815
YYOLOADER,YoYo Loader Vita,1891,05/13/2022, 20:16:27,815
YYOLOADER,YoYo Loader Vita,1892,05/13/2022, 21:12:55,815
YYOLOADER,YoYo Loader Vita,1895,05/13/2022, 22:14:03,815
YYOLOADER,YoYo Loader Vita,1895,05/13/2022, 23:15:22,815
YYOLOADER,YoYo Loader Vita,1903,05/14/2022, 01:18:01,815
YYOLOADER,YoYo Loader Vita,1912,05/14/2022, 03:59:48,815
YYOLOADER,YoYo Loader Vita,1913,05/14/2022, 05:25:55,815
YYOLOADER,YoYo Loader Vita,1914,05/14/2022, 06:34:20,815
YYOLOADER,YoYo Loader Vita,1914,05/14/2022, 07:19:24,815
YYOLOADER,YoYo Loader Vita,1914,05/14/2022, 08:17:12,815
YYOLOADER,YoYo Loader Vita,1914,05/14/2022, 09:13:46,815
YYOLOADER,YoYo Loader Vita,1914,05/14/2022, 10:15:31,815
YYOLOADER,YoYo Loader Vita,1915,05/14/2022, 11:11:56,815
YYOLOADER,YoYo Loader Vita,1917,05/14/2022, 12:26:55,815
YYOLOADER,YoYo Loader Vita,1918,05/14/2022, 13:33:30,815
YYOLOADER,YoYo Loader Vita,1923,05/14/2022, 14:13:03,815
YYOLOADER,YoYo Loader Vita,1924,05/14/2022, 15:14:20,815
YYOLOADER,YoYo Loader Vita,1925,05/14/2022, 16:18:01,815
YYOLOADER,YoYo Loader Vita,1927,05/14/2022, 17:18:06,815
YYOLOADER,YoYo Loader Vita,1929,05/14/2022, 18:16:48,815
YYOLOADER,YoYo Loader Vita,1935,05/14/2022, 19:11:38,815
YYOLOADER,YoYo Loader Vita,1937,05/14/2022, 20:13:54,815
YYOLOADER,YoYo Loader Vita,1941,05/14/2022, 21:12:35,815
YYOLOADER,YoYo Loader Vita,1941,05/14/2022, 22:14:25,815
YYOLOADER,YoYo Loader Vita,1942,05/14/2022, 23:14:16,815
YYOLOADER,YoYo Loader Vita,1946,05/15/2022, 01:16:56,815
YYOLOADER,YoYo Loader Vita,1948,05/15/2022, 03:13:04,815
YYOLOADER,YoYo Loader Vita,1951,05/15/2022, 04:21:13,815
YYOLOADER,YoYo Loader Vita,1951,05/15/2022, 05:16:47,815
YYOLOADER,YoYo Loader Vita,1953,05/15/2022, 06:17:28,815
YYOLOADER,YoYo Loader Vita,1955,05/15/2022, 07:13:15,815
YYOLOADER,YoYo Loader Vita,1958,05/15/2022, 08:16:59,815
YYOLOADER,YoYo Loader Vita,1960,05/15/2022, 09:14:22,815
YYOLOADER,YoYo Loader Vita,1961,05/15/2022, 10:16:04,815
YYOLOADER,YoYo Loader Vita,1962,05/15/2022, 11:12:15,815
YYOLOADER,YoYo Loader Vita,1963,05/15/2022, 12:25:42,815
YYOLOADER,YoYo Loader Vita,1966,05/15/2022, 13:29:16,815
YYOLOADER,YoYo Loader Vita,1966,05/15/2022, 14:12:53,815
YYOLOADER,YoYo Loader Vita,1968,05/15/2022, 15:14:03,815
YYOLOADER,YoYo Loader Vita,1970,05/15/2022, 16:18:53,815
YYOLOADER,YoYo Loader Vita,1972,05/15/2022, 17:19:16,815
YYOLOADER,YoYo Loader Vita,1974,05/15/2022, 18:26:56,815
YYOLOADER,YoYo Loader Vita,1977,05/15/2022, 19:11:47,815
YYOLOADER,YoYo Loader Vita,1979,05/15/2022, 20:15:00,815
YYOLOADER,YoYo Loader Vita,1983,05/15/2022, 21:12:23,815
YYOLOADER,YoYo Loader Vita,1987,05/15/2022, 22:13:18,815
YYOLOADER,YoYo Loader Vita,1990,05/15/2022, 23:14:03,815
YYOLOADER,YoYo Loader Vita,1993,05/16/2022, 01:08:15,815
YYOLOADER,YoYo Loader Vita,1994,05/16/2022, 02:58:37,815
YYOLOADER,YoYo Loader Vita,1995,05/16/2022, 03:38:14,815
YYOLOADER,YoYo Loader Vita,1999,05/16/2022, 04:21:09,815
YYOLOADER,YoYo Loader Vita,2000,05/16/2022, 05:19:08,815
YYOLOADER,YoYo Loader Vita,2003,05/16/2022, 06:20:09,815
YYOLOADER,YoYo Loader Vita,2004,05/16/2022, 07:17:00,815
YYOLOADER,YoYo Loader Vita,2004,05/16/2022, 08:18:55,815
YYOLOADER,YoYo Loader Vita,2004,05/16/2022, 09:14:31,815
YYOLOADER,YoYo Loader Vita,2005,05/16/2022, 10:17:12,815
YYOLOADER,YoYo Loader Vita,2006,05/16/2022, 11:12:36,815
YYOLOADER,YoYo Loader Vita,2007,05/16/2022, 12:29:07,815
YYOLOADER,YoYo Loader Vita,2009,05/16/2022, 13:38:07,815
YYOLOADER,YoYo Loader Vita,2009,05/16/2022, 14:14:51,815
YYOLOADER,YoYo Loader Vita,2010,05/16/2022, 15:16:15,815
YYOLOADER,YoYo Loader Vita,2014,05/16/2022, 16:22:16,815
YYOLOADER,YoYo Loader Vita,2019,05/16/2022, 17:20:07,815
YYOLOADER,YoYo Loader Vita,2020,05/16/2022, 18:18:47,815
YYOLOADER,YoYo Loader Vita,2020,05/16/2022, 19:11:39,815
YYOLOADER,YoYo Loader Vita,2022,05/16/2022, 20:15:47,815
YYOLOADER,YoYo Loader Vita,2023,05/16/2022, 21:13:16,815
YYOLOADER,YoYo Loader Vita,2024,05/16/2022, 22:14:06,815
YYOLOADER,YoYo Loader Vita,2027,05/16/2022, 23:14:38,815
YYOLOADER,YoYo Loader Vita,2030,05/17/2022, 01:05:46,815
YYOLOADER,YoYo Loader Vita,2036,05/17/2022, 03:22:28,815
YYOLOADER,YoYo Loader Vita,2037,05/17/2022, 04:29:27,815
YYOLOADER,YoYo Loader Vita,2038,05/17/2022, 05:18:49,815
YYOLOADER,YoYo Loader Vita,2042,05/17/2022, 06:18:22,815
YYOLOADER,YoYo Loader Vita,2042,05/17/2022, 07:13:35,815
YYOLOADER,YoYo Loader Vita,2043,05/17/2022, 08:18:55,815
YYOLOADER,YoYo Loader Vita,2044,05/17/2022, 09:14:20,815
YYOLOADER,YoYo Loader Vita,2045,05/17/2022, 10:15:35,815
YYOLOADER,YoYo Loader Vita,2045,05/17/2022, 11:12:19,815
YYOLOADER,YoYo Loader Vita,2048,05/17/2022, 12:28:52,815
YYOLOADER,YoYo Loader Vita,2048,05/17/2022, 13:32:57,815
YYOLOADER,YoYo Loader Vita,2050,05/17/2022, 14:12:17,815
YYOLOADER,YoYo Loader Vita,2052,05/17/2022, 15:15:07,815
YYOLOADER,YoYo Loader Vita,2052,05/17/2022, 16:20:54,815
YYOLOADER,YoYo Loader Vita,2054,05/17/2022, 17:21:13,815
YYOLOADER,YoYo Loader Vita,2055,05/17/2022, 18:17:48,815
YYOLOADER,YoYo Loader Vita,2055,05/17/2022, 19:10:11,815
YYOLOADER,YoYo Loader Vita,2056,05/17/2022, 20:15:04,815
YYOLOADER,YoYo Loader Vita,2057,05/17/2022, 21:10:55,815
YYOLOADER,YoYo Loader Vita,2059,05/17/2022, 22:14:51,815
YYOLOADER,YoYo Loader Vita,2060,05/17/2022, 23:14:20,815
YYOLOADER,YoYo Loader Vita,2061,05/18/2022, 00:55:41,815
YYOLOADER,YoYo Loader Vita,2062,05/18/2022, 02:53:42,815
YYOLOADER,YoYo Loader Vita,2063,05/18/2022, 03:51:43,815
YYOLOADER,YoYo Loader Vita,2063,05/18/2022, 04:26:52,815
YYOLOADER,YoYo Loader Vita,2063,05/18/2022, 05:18:44,815
YYOLOADER,YoYo Loader Vita,2064,05/18/2022, 06:18:25,815
YYOLOADER,YoYo Loader Vita,2066,05/18/2022, 07:13:34,815
YYOLOADER,YoYo Loader Vita,2067,05/18/2022, 08:17:27,815
YYOLOADER,YoYo Loader Vita,2069,05/18/2022, 09:17:27,815
YYOLOADER,YoYo Loader Vita,2069,05/18/2022, 10:15:41,815
YYOLOADER,YoYo Loader Vita,2070,05/18/2022, 11:12:20,815
YYOLOADER,YoYo Loader Vita,2070,05/18/2022, 12:27:38,815
YYOLOADER,YoYo Loader Vita,2071,05/18/2022, 13:37:20,815
YYOLOADER,YoYo Loader Vita,2071,05/18/2022, 14:16:12,815
YYOLOADER,YoYo Loader Vita,2073,05/18/2022, 15:15:12,815
YYOLOADER,YoYo Loader Vita,2074,05/18/2022, 16:19:36,815
YYOLOADER,YoYo Loader Vita,2076,05/18/2022, 17:21:31,815
YYOLOADER,YoYo Loader Vita,2081,05/18/2022, 18:19:12,815
YYOLOADER,YoYo Loader Vita,2084,05/18/2022, 19:12:09,815
YYOLOADER,YoYo Loader Vita,2086,05/18/2022, 20:15:19,815
YYOLOADER,YoYo Loader Vita,2087,05/18/2022, 21:13:28,815
YYOLOADER,YoYo Loader Vita,2089,05/18/2022, 22:14:05,815
YYOLOADER,YoYo Loader Vita,2090,05/18/2022, 23:14:12,815
YYOLOADER,YoYo Loader Vita,2091,05/19/2022, 01:16:46,815
YYOLOADER,YoYo Loader Vita,2092,05/19/2022, 03:23:06,815
YYOLOADER,YoYo Loader Vita,2092,05/19/2022, 04:29:14,815
YYOLOADER,YoYo Loader Vita,2092,05/19/2022, 05:18:59,815
YYOLOADER,YoYo Loader Vita,2093,05/19/2022, 06:18:07,815
YYOLOADER,YoYo Loader Vita,2095,05/19/2022, 07:13:57,815
YYOLOADER,YoYo Loader Vita,2097,05/19/2022, 08:18:29,815
YYOLOADER,YoYo Loader Vita,2097,05/19/2022, 09:14:52,815
YYOLOADER,YoYo Loader Vita,2098,05/19/2022, 10:16:34,815
YYOLOADER,YoYo Loader Vita,2098,05/19/2022, 11:12:37,815
YYOLOADER,YoYo Loader Vita,2099,05/19/2022, 12:27:11,815
YYOLOADER,YoYo Loader Vita,2099,05/19/2022, 13:37:12,815
YYOLOADER,YoYo Loader Vita,2100,05/19/2022, 14:13:22,815
YYOLOADER,YoYo Loader Vita,2102,05/19/2022, 15:20:42,815
YYOLOADER,YoYo Loader Vita,2103,05/19/2022, 16:38:12,815
YYOLOADER,YoYo Loader Vita,2103,05/19/2022, 17:42:35,815
YYOLOADER,YoYo Loader Vita,2106,05/19/2022, 18:25:16,815
YYOLOADER,YoYo Loader Vita,2106,05/19/2022, 19:12:39,815
YYOLOADER,YoYo Loader Vita,2108,05/19/2022, 20:15:17,815
YYOLOADER,YoYo Loader Vita,2111,05/19/2022, 21:13:06,815
YYOLOADER,YoYo Loader Vita,2115,05/19/2022, 22:13:31,815
YYOLOADER,YoYo Loader Vita,2118,05/19/2022, 23:14:24,815
YYOLOADER,YoYo Loader Vita,2121,05/20/2022, 01:08:26,815
YYOLOADER,YoYo Loader Vita,2123,05/20/2022, 03:12:26,815
YYOLOADER,YoYo Loader Vita,2124,05/20/2022, 04:23:31,815
YYOLOADER,YoYo Loader Vita,2128,05/20/2022, 05:16:07,815
YYOLOADER,YoYo Loader Vita,2128,05/20/2022, 06:18:02,815
YYOLOADER,YoYo Loader Vita,2131,05/20/2022, 07:13:42,815
YYOLOADER,YoYo Loader Vita,2132,05/20/2022, 08:17:56,815
YYOLOADER,YoYo Loader Vita,2132,05/20/2022, 09:18:24,815
YYOLOADER,YoYo Loader Vita,2133,05/20/2022, 10:16:18,815
YYOLOADER,YoYo Loader Vita,2134,05/20/2022, 11:12:37,815
YYOLOADER,YoYo Loader Vita,2139,05/20/2022, 12:27:00,815
YYOLOADER,YoYo Loader Vita,2141,05/20/2022, 13:34:05,815
YYOLOADER,YoYo Loader Vita,2142,05/20/2022, 14:13:14,815
YYOLOADER,YoYo Loader Vita,2143,05/20/2022, 15:15:31,815
YYOLOADER,YoYo Loader Vita,2144,05/20/2022, 16:19:36,815
YYOLOADER,YoYo Loader Vita,2144,05/20/2022, 17:20:20,815
YYOLOADER,YoYo Loader Vita,2145,05/20/2022, 18:17:17,815
YYOLOADER,YoYo Loader Vita,2146,05/20/2022, 19:11:59,815
YYOLOADER,YoYo Loader Vita,2148,05/20/2022, 20:15:22,815
YYOLOADER,YoYo Loader Vita,2148,05/20/2022, 21:13:53,815
YYOLOADER,YoYo Loader Vita,2149,05/20/2022, 22:14:45,815
YYOLOADER,YoYo Loader Vita,2153,05/20/2022, 23:15:00,815
YYOLOADER,YoYo Loader Vita,2159,05/21/2022, 00:58:21,815
YYOLOADER,YoYo Loader Vita,2159,05/21/2022, 02:24:03,815
YYOLOADER,YoYo Loader Vita,2160,05/21/2022, 03:25:06,815
YYOLOADER,YoYo Loader Vita,2162,05/21/2022, 04:17:42,815
YYOLOADER,YoYo Loader Vita,2162,05/21/2022, 05:13:38,815
YYOLOADER,YoYo Loader Vita,2163,05/21/2022, 06:17:57,815
YYOLOADER,YoYo Loader Vita,2164,05/21/2022, 07:13:22,815
YYOLOADER,YoYo Loader Vita,2164,05/21/2022, 08:17:22,815
YYOLOADER,YoYo Loader Vita,2164,05/21/2022, 09:13:41,815
YYOLOADER,YoYo Loader Vita,2164,05/21/2022, 10:14:51,815
YYOLOADER,YoYo Loader Vita,2169,05/21/2022, 11:11:57,815
YYOLOADER,YoYo Loader Vita,2169,05/21/2022, 12:23:16,815
YYOLOADER,YoYo Loader Vita,2172,05/21/2022, 13:24:27,815
YYOLOADER,YoYo Loader Vita,2173,05/21/2022, 14:12:39,815
YYOLOADER,YoYo Loader Vita,2175,05/21/2022, 15:14:45,815
YYOLOADER,YoYo Loader Vita,2175,05/21/2022, 16:18:04,815
YYOLOADER,YoYo Loader Vita,2177,05/21/2022, 17:16:43,815
YYOLOADER,YoYo Loader Vita,2179,05/21/2022, 18:16:16,815
YYOLOADER,YoYo Loader Vita,2181,05/21/2022, 19:11:43,815
YYOLOADER,YoYo Loader Vita,2182,05/21/2022, 20:15:03,815
YYOLOADER,YoYo Loader Vita,2184,05/21/2022, 21:12:32,815
YYOLOADER,YoYo Loader Vita,2187,05/21/2022, 22:13:33,815
YYOLOADER,YoYo Loader Vita,2187,05/21/2022, 23:14:04,815
YYOLOADER,YoYo Loader Vita,2189,05/22/2022, 01:04:46,815
YYOLOADER,YoYo Loader Vita,2191,05/22/2022, 03:06:05,815
YYOLOADER,YoYo Loader Vita,2194,05/22/2022, 04:18:23,815
YYOLOADER,YoYo Loader Vita,2195,05/22/2022, 05:13:37,815
YYOLOADER,YoYo Loader Vita,2196,05/22/2022, 06:17:22,815
YYOLOADER,YoYo Loader Vita,2197,05/22/2022, 07:13:34,815
YYOLOADER,YoYo Loader Vita,2198,05/22/2022, 08:16:49,815
YYOLOADER,YoYo Loader Vita,2199,05/22/2022, 09:13:38,815
YYOLOADER,YoYo Loader Vita,2201,05/22/2022, 10:15:23,815
YYOLOADER,YoYo Loader Vita,2201,05/22/2022, 11:11:59,815
YYOLOADER,YoYo Loader Vita,2201,05/22/2022, 12:23:30,815
YYOLOADER,YoYo Loader Vita,2204,05/22/2022, 13:24:48,815
YYOLOADER,YoYo Loader Vita,2205,05/22/2022, 14:13:06,815
YYOLOADER,YoYo Loader Vita,2207,05/22/2022, 15:15:14,815
YYOLOADER,YoYo Loader Vita,2208,05/22/2022, 16:18:10,815
YYOLOADER,YoYo Loader Vita,2210,05/22/2022, 17:17:09,815
YYOLOADER,YoYo Loader Vita,2213,05/22/2022, 18:16:05,815
YYOLOADER,YoYo Loader Vita,2215,05/22/2022, 19:11:46,815
YYOLOADER,YoYo Loader Vita,2217,05/22/2022, 20:14:30,815
YYOLOADER,YoYo Loader Vita,2220,05/22/2022, 21:12:44,815
YYOLOADER,YoYo Loader Vita,2220,05/22/2022, 22:13:54,815
YYOLOADER,YoYo Loader Vita,2224,05/22/2022, 23:14:15,815
YYOLOADER,YoYo Loader Vita,2227,05/23/2022, 01:01:33,815
YYOLOADER,YoYo Loader Vita,2230,05/23/2022, 03:17:38,815
YYOLOADER,YoYo Loader Vita,2230,05/23/2022, 04:30:15,815
YYOLOADER,YoYo Loader Vita,2230,05/23/2022, 05:20:15,815
YYOLOADER,YoYo Loader Vita,2231,05/23/2022, 06:20:03,815
YYOLOADER,YoYo Loader Vita,2232,05/23/2022, 07:16:05,815
YYOLOADER,YoYo Loader Vita,2232,05/23/2022, 08:18:14,815
YYOLOADER,YoYo Loader Vita,2232,05/23/2022, 09:14:43,815
YYOLOADER,YoYo Loader Vita,2232,05/23/2022, 10:16:20,815
YYOLOADER,YoYo Loader Vita,2233,05/23/2022, 11:12:58,815
YYOLOADER,YoYo Loader Vita,2233,05/23/2022, 12:27:40,815
YYOLOADER,YoYo Loader Vita,2235,05/23/2022, 13:35:06,815
YYOLOADER,YoYo Loader Vita,2236,05/23/2022, 14:14:28,815
YYOLOADER,YoYo Loader Vita,2238,05/23/2022, 15:15:42,815
YYOLOADER,YoYo Loader Vita,2238,05/23/2022, 16:19:31,815
YYOLOADER,YoYo Loader Vita,2240,05/23/2022, 17:24:00,815
YYOLOADER,YoYo Loader Vita,2240,05/23/2022, 18:17:34,815
YYOLOADER,YoYo Loader Vita,2242,05/23/2022, 19:11:41,815
YYOLOADER,YoYo Loader Vita,2246,05/23/2022, 20:15:49,815
YYOLOADER,YoYo Loader Vita,2246,05/23/2022, 21:13:20,815
YYOLOADER,YoYo Loader Vita,2249,05/23/2022, 22:15:05,815
YYOLOADER,YoYo Loader Vita,2251,05/23/2022, 23:14:21,815
YYOLOADER,YoYo Loader Vita,2256,05/24/2022, 01:10:59,815
YYOLOADER,YoYo Loader Vita,2261,05/24/2022, 03:21:23,815
YYOLOADER,YoYo Loader Vita,2261,05/24/2022, 04:30:37,815
YYOLOADER,YoYo Loader Vita,2262,05/24/2022, 05:19:39,815
YYOLOADER,YoYo Loader Vita,2262,05/24/2022, 06:18:02,815
YYOLOADER,YoYo Loader Vita,2263,05/24/2022, 07:13:43,815
YYOLOADER,YoYo Loader Vita,2264,05/24/2022, 08:18:40,815
YYOLOADER,YoYo Loader Vita,2265,05/24/2022, 09:15:25,815
YYOLOADER,YoYo Loader Vita,2265,05/24/2022, 10:15:57,815
YYOLOADER,YoYo Loader Vita,2265,05/24/2022, 11:12:20,815
YYOLOADER,YoYo Loader Vita,2266,05/24/2022, 12:28:53,815
YYOLOADER,YoYo Loader Vita,2267,05/24/2022, 13:36:21,815
YYOLOADER,YoYo Loader Vita,2267,05/24/2022, 14:14:17,815
YYOLOADER,YoYo Loader Vita,2267,05/24/2022, 15:15:09,815
YYOLOADER,YoYo Loader Vita,2270,05/24/2022, 16:20:56,815
YYOLOADER,YoYo Loader Vita,2270,05/24/2022, 17:21:42,815
YYOLOADER,YoYo Loader Vita,2271,05/24/2022, 18:18:44,815
YYOLOADER,YoYo Loader Vita,2272,05/24/2022, 19:11:35,815
YYOLOADER,YoYo Loader Vita,2275,05/24/2022, 20:16:25,815
YYOLOADER,YoYo Loader Vita,2278,05/24/2022, 21:13:29,815
YYOLOADER,YoYo Loader Vita,2282,05/24/2022, 22:14:27,815
YYOLOADER,YoYo Loader Vita,2283,05/24/2022, 23:14:55,815
YYOLOADER,YoYo Loader Vita,2287,05/25/2022, 01:08:27,815
YYOLOADER,YoYo Loader Vita,2288,05/25/2022, 03:17:33,815
YYOLOADER,YoYo Loader Vita,2288,05/25/2022, 04:26:44,815
YYOLOADER,YoYo Loader Vita,2290,05/25/2022, 05:18:35,815
YYOLOADER,YoYo Loader Vita,2290,05/25/2022, 06:18:27,815
YYOLOADER,YoYo Loader Vita,2290,05/25/2022, 07:13:49,815
YYOLOADER,YoYo Loader Vita,2291,05/25/2022, 08:18:02,815
YYOLOADER,YoYo Loader Vita,2291,05/25/2022, 09:14:35,815
YYOLOADER,YoYo Loader Vita,2291,05/25/2022, 10:17:41,815
YYOLOADER,YoYo Loader Vita,2291,05/25/2022, 11:13:19,815
YYOLOADER,YoYo Loader Vita,2291,05/25/2022, 12:27:44,815
YYOLOADER,YoYo Loader Vita,2292,05/25/2022, 13:38:10,815
YYOLOADER,YoYo Loader Vita,2293,05/25/2022, 14:15:16,815
YYOLOADER,YoYo Loader Vita,2294,05/25/2022, 15:16:44,815
YYOLOADER,YoYo Loader Vita,2295,05/25/2022, 16:20:28,815
YYOLOADER,YoYo Loader Vita,2295,05/25/2022, 17:22:27,815
YYOLOADER,YoYo Loader Vita,2299,05/25/2022, 18:17:28,815
YYOLOADER,YoYo Loader Vita,2301,05/25/2022, 19:12:00,815
YYOLOADER,YoYo Loader Vita,2305,05/25/2022, 20:15:19,815
YYOLOADER,YoYo Loader Vita,2307,05/25/2022, 21:13:34,815
YYOLOADER,YoYo Loader Vita,2310,05/25/2022, 22:14:47,815
YYOLOADER,YoYo Loader Vita,2310,05/25/2022, 23:14:24,815
YYOLOADER,YoYo Loader Vita,2313,05/26/2022, 01:11:33,815
YYOLOADER,YoYo Loader Vita,2313,05/26/2022, 03:21:46,815
YYOLOADER,YoYo Loader Vita,2314,05/26/2022, 04:27:50,815
YYOLOADER,YoYo Loader Vita,2315,05/26/2022, 05:18:18,815
YYOLOADER,YoYo Loader Vita,2316,05/26/2022, 06:17:57,815
YYOLOADER,YoYo Loader Vita,2318,05/26/2022, 07:14:00,815
YYOLOADER,YoYo Loader Vita,2318,05/26/2022, 08:19:24,815
YYOLOADER,YoYo Loader Vita,2318,05/26/2022, 09:14:50,815
YYOLOADER,YoYo Loader Vita,2318,05/26/2022, 10:15:45,815
YYOLOADER,YoYo Loader Vita,2318,05/26/2022, 11:12:45,815
YYOLOADER,YoYo Loader Vita,2318,05/26/2022, 12:28:10,815
YYOLOADER,YoYo Loader Vita,2322,05/26/2022, 13:33:10,815
YYOLOADER,YoYo Loader Vita,2322,05/26/2022, 14:13:38,815
YYOLOADER,YoYo Loader Vita,2324,05/26/2022, 15:16:47,815
YYOLOADER,YoYo Loader Vita,2326,05/26/2022, 16:20:48,815
YYOLOADER,YoYo Loader Vita,2326,05/26/2022, 17:21:45,815
YYOLOADER,YoYo Loader Vita,2326,05/26/2022, 18:18:09,815
YYOLOADER,YoYo Loader Vita,2327,05/26/2022, 19:11:25,815
YYOLOADER,YoYo Loader Vita,2328,05/26/2022, 20:16:15,815
YYOLOADER,YoYo Loader Vita,2329,05/26/2022, 21:13:58,815
YYOLOADER,YoYo Loader Vita,2333,05/26/2022, 22:15:10,815
YYOLOADER,YoYo Loader Vita,2334,05/26/2022, 23:13:38,815
YYOLOADER,YoYo Loader Vita,2338,05/27/2022, 01:04:28,815
YYOLOADER,YoYo Loader Vita,2343,05/27/2022, 03:23:04,815
YYOLOADER,YoYo Loader Vita,2344,05/27/2022, 04:29:05,815
YYOLOADER,YoYo Loader Vita,2346,05/27/2022, 05:18:58,815
YYOLOADER,YoYo Loader Vita,2346,05/27/2022, 06:18:43,815
YYOLOADER,YoYo Loader Vita,2346,05/27/2022, 07:13:52,815
YYOLOADER,YoYo Loader Vita,2346,05/27/2022, 08:18:08,815
YYOLOADER,YoYo Loader Vita,2347,05/27/2022, 09:15:12,815
YYOLOADER,YoYo Loader Vita,2351,05/27/2022, 10:16:39,815
YYOLOADER,YoYo Loader Vita,2352,05/27/2022, 11:13:54,815
YYOLOADER,YoYo Loader Vita,2354,05/27/2022, 12:28:18,815
YYOLOADER,YoYo Loader Vita,2357,05/27/2022, 13:35:02,815
YYOLOADER,YoYo Loader Vita,2361,05/27/2022, 14:13:06,815
YYOLOADER,YoYo Loader Vita,2366,05/27/2022, 15:15:02,815
YYOLOADER,YoYo Loader Vita,2369,05/27/2022, 16:20:14,815
YYOLOADER,YoYo Loader Vita,2372,05/27/2022, 17:19:51,815
YYOLOADER,YoYo Loader Vita,2372,05/27/2022, 18:17:32,815
YYOLOADER,YoYo Loader Vita,2373,05/27/2022, 19:11:47,815
YYOLOADER,YoYo Loader Vita,2373,05/27/2022, 20:15:28,815
YYOLOADER,YoYo Loader Vita,2374,05/27/2022, 21:13:28,815
YYOLOADER,YoYo Loader Vita,2376,05/27/2022, 22:13:53,815
YYOLOADER,YoYo Loader Vita,2379,05/27/2022, 23:14:17,815
YYOLOADER,YoYo Loader Vita,2387,05/28/2022, 01:04:40,815
YYOLOADER,YoYo Loader Vita,2390,05/28/2022, 03:06:51,815
YYOLOADER,YoYo Loader Vita,2394,05/28/2022, 04:18:28,815
YYOLOADER,YoYo Loader Vita,2396,05/28/2022, 05:13:53,815
YYOLOADER,YoYo Loader Vita,2397,05/28/2022, 06:17:39,815
YYOLOADER,YoYo Loader Vita,2399,05/28/2022, 07:13:20,815
YYOLOADER,YoYo Loader Vita,2400,05/28/2022, 08:18:29,815
YYOLOADER,YoYo Loader Vita,2402,05/28/2022, 09:13:30,815
YYOLOADER,YoYo Loader Vita,2405,05/28/2022, 10:14:57,815
YYOLOADER,YoYo Loader Vita,2406,05/28/2022, 11:12:21,815
YYOLOADER,YoYo Loader Vita,2406,05/28/2022, 12:22:43,815
YYOLOADER,YoYo Loader Vita,2407,05/28/2022, 13:24:54,815
YYOLOADER,YoYo Loader Vita,2407,05/28/2022, 14:13:18,815
YYOLOADER,YoYo Loader Vita,2407,05/28/2022, 15:14:34,815
YYOLOADER,YoYo Loader Vita,2410,05/28/2022, 16:20:07,815
YYOLOADER,YoYo Loader Vita,2410,05/28/2022, 17:18:06,815
YYOLOADER,YoYo Loader Vita,2411,05/28/2022, 18:16:22,815
YYOLOADER,YoYo Loader Vita,2416,05/28/2022, 19:11:49,815
YYOLOADER,YoYo Loader Vita,2423,05/28/2022, 21:12:38,815
YYOLOADER,YoYo Loader Vita,2424,05/28/2022, 22:13:52,815
YYOLOADER,YoYo Loader Vita,2424,05/28/2022, 23:14:19,815
YYOLOADER,YoYo Loader Vita,2425,05/29/2022, 01:09:27,815
YYOLOADER,YoYo Loader Vita,2432,05/29/2022, 03:24:43,815
YYOLOADER,YoYo Loader Vita,2433,05/29/2022, 04:27:50,815
YYOLOADER,YoYo Loader Vita,2434,05/29/2022, 05:17:19,815
YYOLOADER,YoYo Loader Vita,2436,05/29/2022, 06:17:19,815
YYOLOADER,YoYo Loader Vita,2437,05/29/2022, 07:13:18,815
YYOLOADER,YoYo Loader Vita,2437,05/29/2022, 08:17:05,815
YYOLOADER,YoYo Loader Vita,2437,05/29/2022, 09:13:41,815
YYOLOADER,YoYo Loader Vita,2437,05/29/2022, 10:15:14,815
YYOLOADER,YoYo Loader Vita,2437,05/29/2022, 11:12:05,815
YYOLOADER,YoYo Loader Vita,2437,05/29/2022, 12:23:25,815
YYOLOADER,YoYo Loader Vita,2438,05/29/2022, 13:25:22,815
YYOLOADER,YoYo Loader Vita,2439,05/29/2022, 14:13:15,815
YYOLOADER,YoYo Loader Vita,2440,05/29/2022, 15:14:13,815
YYOLOADER,YoYo Loader Vita,2441,05/29/2022, 16:18:12,815
YYOLOADER,YoYo Loader Vita,2442,05/29/2022, 17:17:59,815
YYOLOADER,YoYo Loader Vita,2445,05/29/2022, 18:16:21,815
YYOLOADER,YoYo Loader Vita,2449,05/29/2022, 19:12:07,815
YYOLOADER,YoYo Loader Vita,2450,05/29/2022, 20:15:20,815
YYOLOADER,YoYo Loader Vita,2450,05/29/2022, 21:12:50,815
YYOLOADER,YoYo Loader Vita,2452,05/29/2022, 22:14:09,815
YYOLOADER,YoYo Loader Vita,2453,05/29/2022, 23:13:59,815
YYOLOADER,YoYo Loader Vita,2457,05/30/2022, 01:12:38,815
YYOLOADER,YoYo Loader Vita,2461,05/30/2022, 03:28:34,815
YYOLOADER,YoYo Loader Vita,2461,05/30/2022, 04:34:29,815
YYOLOADER,YoYo Loader Vita,2463,05/30/2022, 05:23:35,815
YYOLOADER,YoYo Loader Vita,2467,05/30/2022, 06:21:21,815
YYOLOADER,YoYo Loader Vita,2467,05/30/2022, 07:16:16,815
YYOLOADER,YoYo Loader Vita,2467,05/30/2022, 08:19:41,815
YYOLOADER,YoYo Loader Vita,2468,05/30/2022, 09:16:28,815
YYOLOADER,YoYo Loader Vita,2472,05/30/2022, 10:15:16,815
YYOLOADER,YoYo Loader Vita,2472,05/30/2022, 11:12:59,815
YYOLOADER,YoYo Loader Vita,2473,05/30/2022, 12:25:46,815
YYOLOADER,YoYo Loader Vita,2475,05/30/2022, 13:38:47,815
YYOLOADER,YoYo Loader Vita,2476,05/30/2022, 14:14:46,815
YYOLOADER,YoYo Loader Vita,2478,05/30/2022, 15:16:39,815
YYOLOADER,YoYo Loader Vita,2479,05/30/2022, 16:19:40,815
YYOLOADER,YoYo Loader Vita,2479,05/30/2022, 17:20:35,815
YYOLOADER,YoYo Loader Vita,2481,05/30/2022, 18:17:19,815
YYOLOADER,YoYo Loader Vita,2482,05/30/2022, 19:11:59,815
YYOLOADER,YoYo Loader Vita,2482,05/30/2022, 20:15:29,815
YYOLOADER,YoYo Loader Vita,2484,05/30/2022, 21:13:20,815
YYOLOADER,YoYo Loader Vita,2484,05/30/2022, 22:15:06,815
YYOLOADER,YoYo Loader Vita,2487,05/30/2022, 23:14:49,815
YYOLOADER,YoYo Loader Vita,2488,05/31/2022, 01:07:31,815
YYOLOADER,YoYo Loader Vita,2491,05/31/2022, 03:20:35,815
YYOLOADER,YoYo Loader Vita,2491,05/31/2022, 04:29:29,815
YYOLOADER,YoYo Loader Vita,2495,05/31/2022, 05:20:01,815
YYOLOADER,YoYo Loader Vita,2495,05/31/2022, 06:18:15,815
YYOLOADER,YoYo Loader Vita,2496,05/31/2022, 07:14:26,815
YYOLOADER,YoYo Loader Vita,2496,05/31/2022, 08:21:02,815
YYOLOADER,YoYo Loader Vita,2496,05/31/2022, 09:14:02,815
YYOLOADER,YoYo Loader Vita,2496,05/31/2022, 10:16:45,815
YYOLOADER,YoYo Loader Vita,2497,05/31/2022, 11:12:47,815
YYOLOADER,YoYo Loader Vita,2497,05/31/2022, 12:27:29,815
YYOLOADER,YoYo Loader Vita,2499,05/31/2022, 13:37:06,815
YYOLOADER,YoYo Loader Vita,2499,05/31/2022, 14:14:14,815
YYOLOADER,YoYo Loader Vita,2500,05/31/2022, 15:18:30,815
YYOLOADER,YoYo Loader Vita,2500,05/31/2022, 16:22:26,815
YYOLOADER,YoYo Loader Vita,2503,05/31/2022, 17:25:18,815
YYOLOADER,YoYo Loader Vita,2505,05/31/2022, 18:17:38,815
YYOLOADER,YoYo Loader Vita,2506,05/31/2022, 19:11:36,815
YYOLOADER,YoYo Loader Vita,2506,05/31/2022, 20:16:52,815
YYOLOADER,YoYo Loader Vita,2507,05/31/2022, 21:13:22,815
YYOLOADER,YoYo Loader Vita,2508,05/31/2022, 22:14:32,815
YYOLOADER,YoYo Loader Vita,2510,05/31/2022, 23:14:45,815
YYOLOADER,YoYo Loader Vita,2513,06/01/2022, 01:17:00,815
YYOLOADER,YoYo Loader Vita,2517,06/01/2022, 04:00:37,815
YYOLOADER,YoYo Loader Vita,2518,06/01/2022, 05:18:37,815
YYOLOADER,YoYo Loader Vita,2519,06/01/2022, 06:22:14,815
YYOLOADER,YoYo Loader Vita,2521,06/01/2022, 07:16:07,815
YYOLOADER,YoYo Loader Vita,2523,06/01/2022, 08:21:13,815
YYOLOADER,YoYo Loader Vita,2524,06/01/2022, 09:16:22,815
YYOLOADER,YoYo Loader Vita,2524,06/01/2022, 10:19:00,815
YYOLOADER,YoYo Loader Vita,2524,06/01/2022, 11:12:59,815
YYOLOADER,YoYo Loader Vita,2524,06/01/2022, 12:31:24,815
YYOLOADER,YoYo Loader Vita,2525,06/01/2022, 13:44:31,815
YYOLOADER,YoYo Loader Vita,2526,06/01/2022, 14:21:10,815
YYOLOADER,YoYo Loader Vita,2526,06/01/2022, 15:16:34,815
YYOLOADER,YoYo Loader Vita,2527,06/01/2022, 16:20:40,815
YYOLOADER,YoYo Loader Vita,2528,06/01/2022, 17:23:46,815
YYOLOADER,YoYo Loader Vita,2530,06/01/2022, 18:17:59,815
YYOLOADER,YoYo Loader Vita,2533,06/01/2022, 19:14:26,815
YYOLOADER,YoYo Loader Vita,2534,06/01/2022, 20:15:54,815
YYOLOADER,YoYo Loader Vita,2534,06/01/2022, 21:14:05,815
YYOLOADER,YoYo Loader Vita,2536,06/01/2022, 22:15:15,815
YYOLOADER,YoYo Loader Vita,2537,06/01/2022, 23:14:54,815
YYOLOADER,YoYo Loader Vita,2542,06/02/2022, 01:11:53,815
YYOLOADER,YoYo Loader Vita,2546,06/02/2022, 03:43:56,815
YYOLOADER,YoYo Loader Vita,2548,06/02/2022, 05:28:25,815
YYOLOADER,YoYo Loader Vita,2549,06/02/2022, 06:18:32,815
YYOLOADER,YoYo Loader Vita,2549,06/02/2022, 07:15:18,815
YYOLOADER,YoYo Loader Vita,2550,06/02/2022, 09:14:36,815
YYOLOADER,YoYo Loader Vita,2550,06/02/2022, 10:16:41,815
YYOLOADER,YoYo Loader Vita,2550,06/02/2022, 11:13:20,815
YYOLOADER,YoYo Loader Vita,2551,06/02/2022, 12:29:57,815
YYOLOADER,YoYo Loader Vita,2552,06/02/2022, 13:41:42,815
YYOLOADER,YoYo Loader Vita,2552,06/02/2022, 14:17:06,815
YYOLOADER,YoYo Loader Vita,2554,06/02/2022, 15:15:34,815
YYOLOADER,YoYo Loader Vita,2556,06/02/2022, 16:20:46,815
YYOLOADER,YoYo Loader Vita,2556,06/02/2022, 17:25:22,815
YYOLOADER,YoYo Loader Vita,2556,06/02/2022, 18:17:36,815
YYOLOADER,YoYo Loader Vita,2556,06/02/2022, 19:11:48,815
YYOLOADER,YoYo Loader Vita,2560,06/02/2022, 20:14:58,815
YYOLOADER,YoYo Loader Vita,2563,06/02/2022, 21:12:36,815
YYOLOADER,YoYo Loader Vita,2566,06/02/2022, 22:12:52,815
YYOLOADER,YoYo Loader Vita,2566,06/02/2022, 23:14:07,815
YYOLOADER,YoYo Loader Vita,2567,06/03/2022, 00:59:42,815
YYOLOADER,YoYo Loader Vita,2569,06/03/2022, 02:54:06,815
YYOLOADER,YoYo Loader Vita,2570,06/03/2022, 03:42:26,815
YYOLOADER,YoYo Loader Vita,2571,06/03/2022, 04:17:13,815
YYOLOADER,YoYo Loader Vita,2571,06/03/2022, 05:13:17,815
YYOLOADER,YoYo Loader Vita,2574,06/03/2022, 06:16:41,815
YYOLOADER,YoYo Loader Vita,2574,06/03/2022, 07:13:10,815
YYOLOADER,YoYo Loader Vita,2575,06/03/2022, 08:16:19,815
YYOLOADER,YoYo Loader Vita,2577,06/03/2022, 09:14:17,815
YYOLOADER,YoYo Loader Vita,2578,06/03/2022, 10:16:11,815
YYOLOADER,YoYo Loader Vita,2578,06/03/2022, 11:11:31,815
YYOLOADER,YoYo Loader Vita,2578,06/03/2022, 12:24:33,815
YYOLOADER,YoYo Loader Vita,2579,06/03/2022, 13:28:36,815
YYOLOADER,YoYo Loader Vita,2580,06/03/2022, 14:12:08,815
YYOLOADER,YoYo Loader Vita,2582,06/03/2022, 15:13:54,815
YYOLOADER,YoYo Loader Vita,2585,06/03/2022, 16:18:34,815
YYOLOADER,YoYo Loader Vita,2585,06/03/2022, 17:15:23,815
YYOLOADER,YoYo Loader Vita,2586,06/03/2022, 18:16:32,815
YYOLOADER,YoYo Loader Vita,2587,06/03/2022, 19:10:46,815
YYOLOADER,YoYo Loader Vita,2588,06/03/2022, 20:14:21,815
YYOLOADER,YoYo Loader Vita,2588,06/03/2022, 21:11:33,815
YYOLOADER,YoYo Loader Vita,2591,06/03/2022, 22:13:02,815
YYOLOADER,YoYo Loader Vita,2594,06/03/2022, 23:12:58,815
YYOLOADER,YoYo Loader Vita,2596,06/04/2022, 01:01:30,815
YYOLOADER,YoYo Loader Vita,2597,06/04/2022, 03:05:51,815
YYOLOADER,YoYo Loader Vita,2599,06/04/2022, 04:15:45,815
YYOLOADER,YoYo Loader Vita,2603,06/04/2022, 05:11:58,815
YYOLOADER,YoYo Loader Vita,2604,06/04/2022, 06:15:26,815
YYOLOADER,YoYo Loader Vita,2604,06/04/2022, 07:12:55,815
YYOLOADER,YoYo Loader Vita,2606,06/04/2022, 08:15:41,815
YYOLOADER,YoYo Loader Vita,2606,06/04/2022, 09:13:11,815
YYOLOADER,YoYo Loader Vita,2606,06/04/2022, 10:13:33,815
YYOLOADER,YoYo Loader Vita,2606,06/04/2022, 11:12:26,815
YYOLOADER,YoYo Loader Vita,2608,06/04/2022, 12:20:39,815
YYOLOADER,YoYo Loader Vita,2609,06/04/2022, 13:19:30,815
YYOLOADER,YoYo Loader Vita,2610,06/04/2022, 14:11:25,815
YYOLOADER,YoYo Loader Vita,2612,06/04/2022, 15:12:47,815
YYOLOADER,YoYo Loader Vita,2613,06/04/2022, 16:16:22,815
YYOLOADER,YoYo Loader Vita,2613,06/04/2022, 17:11:58,815
YYOLOADER,YoYo Loader Vita,2615,06/04/2022, 18:14:45,815
YYOLOADER,YoYo Loader Vita,2615,06/04/2022, 19:10:23,815
YYOLOADER,YoYo Loader Vita,2616,06/04/2022, 20:13:15,815
YYOLOADER,YoYo Loader Vita,2618,06/04/2022, 21:13:19,815
YYOLOADER,YoYo Loader Vita,2618,06/04/2022, 22:12:23,815
YYOLOADER,YoYo Loader Vita,2622,06/04/2022, 23:13:38,815
YYOLOADER,YoYo Loader Vita,2625,06/05/2022, 01:11:08,815
YYOLOADER,YoYo Loader Vita,2629,06/05/2022, 03:07:46,815
YYOLOADER,YoYo Loader Vita,2630,06/05/2022, 04:15:27,815
YYOLOADER,YoYo Loader Vita,2632,06/05/2022, 05:13:21,815
YYOLOADER,YoYo Loader Vita,2634,06/05/2022, 06:15:38,815
YYOLOADER,YoYo Loader Vita,2635,06/05/2022, 07:12:49,815
YYOLOADER,YoYo Loader Vita,2637,06/05/2022, 08:16:09,815
YYOLOADER,YoYo Loader Vita,2637,06/05/2022, 09:12:14,815
YYOLOADER,YoYo Loader Vita,2638,06/05/2022, 10:13:23,815
YYOLOADER,YoYo Loader Vita,2638,06/05/2022, 11:11:10,815
YYOLOADER,YoYo Loader Vita,2638,06/05/2022, 12:21:36,815
YYOLOADER,YoYo Loader Vita,2638,06/05/2022, 13:20:08,815
YYOLOADER,YoYo Loader Vita,2639,06/05/2022, 14:12:20,815
YYOLOADER,YoYo Loader Vita,2644,06/05/2022, 15:13:03,815
YYOLOADER,YoYo Loader Vita,2644,06/05/2022, 16:17:02,815
YYOLOADER,YoYo Loader Vita,2645,06/05/2022, 17:11:33,815
YYOLOADER,YoYo Loader Vita,2645,06/05/2022, 18:15:42,815
YYOLOADER,YoYo Loader Vita,2645,06/05/2022, 19:11:46,815
YYOLOADER,YoYo Loader Vita,2647,06/05/2022, 20:13:19,815
YYOLOADER,YoYo Loader Vita,2650,06/05/2022, 21:12:08,815
YYOLOADER,YoYo Loader Vita,2652,06/05/2022, 22:12:10,815
YYOLOADER,YoYo Loader Vita,2653,06/05/2022, 23:12:44,815
YYOLOADER,YoYo Loader Vita,2659,06/06/2022, 01:06:59,815
YYOLOADER,YoYo Loader Vita,2663,06/06/2022, 03:16:56,815
YYOLOADER,YoYo Loader Vita,2665,06/06/2022, 04:27:53,815
YYOLOADER,YoYo Loader Vita,2666,06/06/2022, 05:15:11,815
YYOLOADER,YoYo Loader Vita,2667,06/06/2022, 06:17:32,815
YYOLOADER,YoYo Loader Vita,2667,06/06/2022, 07:12:54,815
YYOLOADER,YoYo Loader Vita,2670,06/06/2022, 08:16:23,815
YYOLOADER,YoYo Loader Vita,2671,06/06/2022, 09:13:21,815
YYOLOADER,YoYo Loader Vita,2671,06/06/2022, 10:16:21,815
YYOLOADER,YoYo Loader Vita,2671,06/06/2022, 11:10:47,815
YYOLOADER,YoYo Loader Vita,2673,06/06/2022, 12:26:34,815
YYOLOADER,YoYo Loader Vita,2673,06/06/2022, 13:35:46,815
YYOLOADER,YoYo Loader Vita,2673,06/06/2022, 14:11:43,815
YYOLOADER,YoYo Loader Vita,2675,06/06/2022, 15:14:24,815
YYOLOADER,YoYo Loader Vita,2675,06/06/2022, 16:18:38,815
YYOLOADER,YoYo Loader Vita,2676,06/06/2022, 17:17:09,815
YYOLOADER,YoYo Loader Vita,2677,06/06/2022, 18:20:14,815
YYOLOADER,YoYo Loader Vita,2677,06/06/2022, 19:12:34,815
YYOLOADER,YoYo Loader Vita,2678,06/06/2022, 20:13:59,815
YYOLOADER,YoYo Loader Vita,2681,06/06/2022, 21:11:42,815
YYOLOADER,YoYo Loader Vita,2682,06/06/2022, 22:13:51,815
YYOLOADER,YoYo Loader Vita,2684,06/06/2022, 23:13:28,815
YYOLOADER,YoYo Loader Vita,2689,06/07/2022, 01:00:57,815
YYOLOADER,YoYo Loader Vita,2690,06/07/2022, 02:59:48,815
YYOLOADER,YoYo Loader Vita,2691,06/07/2022, 03:57:16,815
YYOLOADER,YoYo Loader Vita,2691,06/07/2022, 04:23:07,815
YYOLOADER,YoYo Loader Vita,2691,06/07/2022, 05:12:01,815
YYOLOADER,YoYo Loader Vita,2691,06/07/2022, 06:21:25,815
YYOLOADER,YoYo Loader Vita,2691,06/07/2022, 07:14:03,815
YYOLOADER,YoYo Loader Vita,2691,06/07/2022, 08:17:51,815
YYOLOADER,YoYo Loader Vita,2691,06/07/2022, 09:13:27,815
YYOLOADER,YoYo Loader Vita,2692,06/07/2022, 10:15:10,815
YYOLOADER,YoYo Loader Vita,2692,06/07/2022, 11:12:17,815
YYOLOADER,YoYo Loader Vita,2693,06/07/2022, 12:27:30,815
YYOLOADER,YoYo Loader Vita,2693,06/07/2022, 13:32:01,815
YYOLOADER,YoYo Loader Vita,2694,06/07/2022, 14:12:52,815
YYOLOADER,YoYo Loader Vita,2694,06/07/2022, 15:13:58,815
YYOLOADER,YoYo Loader Vita,2694,06/07/2022, 16:18:58,815
YYOLOADER,YoYo Loader Vita,2696,06/07/2022, 17:19:04,815
YYOLOADER,YoYo Loader Vita,2696,06/07/2022, 18:16:05,815
YYOLOADER,YoYo Loader Vita,2699,06/07/2022, 19:11:54,815
YYOLOADER,YoYo Loader Vita,2706,06/07/2022, 20:15:16,815
YYOLOADER,YoYo Loader Vita,2707,06/07/2022, 21:11:59,815
YYOLOADER,YoYo Loader Vita,2707,06/07/2022, 22:12:58,815
YYOLOADER,YoYo Loader Vita,2709,06/07/2022, 23:13:07,815
YYOLOADER,YoYo Loader Vita,2711,06/08/2022, 01:03:09,815
YYOLOADER,YoYo Loader Vita,2711,06/08/2022, 03:20:00,815
YYOLOADER,YoYo Loader Vita,2711,06/08/2022, 04:27:10,815
YYOLOADER,YoYo Loader Vita,2714,06/08/2022, 05:13:25,815
YYOLOADER,YoYo Loader Vita,2715,06/08/2022, 06:16:47,815
YYOLOADER,YoYo Loader Vita,2715,06/08/2022, 07:13:36,815
YYOLOADER,YoYo Loader Vita,2715,06/08/2022, 08:19:47,815
YYOLOADER,YoYo Loader Vita,2715,06/08/2022, 09:13:29,815
YYOLOADER,YoYo Loader Vita,2717,06/08/2022, 10:14:47,815
YYOLOADER,YoYo Loader Vita,2719,06/08/2022, 11:11:16,815
YYOLOADER,YoYo Loader Vita,2720,06/08/2022, 12:28:59,815
YYOLOADER,YoYo Loader Vita,2721,06/08/2022, 13:35:45,815
YYOLOADER,YoYo Loader Vita,2723,06/08/2022, 14:12:34,815
YYOLOADER,YoYo Loader Vita,2724,06/08/2022, 15:13:27,815
YYOLOADER,YoYo Loader Vita,2724,06/08/2022, 16:17:55,815
YYOLOADER,YoYo Loader Vita,2725,06/08/2022, 17:17:30,815
YYOLOADER,YoYo Loader Vita,2726,06/08/2022, 18:16:08,815
YYOLOADER,YoYo Loader Vita,2728,06/08/2022, 19:11:12,815
YYOLOADER,YoYo Loader Vita,2731,06/08/2022, 20:18:13,815
YYOLOADER,YoYo Loader Vita,2733,06/08/2022, 21:12:08,815
YYOLOADER,YoYo Loader Vita,2733,06/08/2022, 22:13:07,815
YYOLOADER,YoYo Loader Vita,2733,06/08/2022, 23:13:49,815
YYOLOADER,YoYo Loader Vita,2736,06/09/2022, 01:06:16,815
YYOLOADER,YoYo Loader Vita,2738,06/09/2022, 03:20:46,815
YYOLOADER,YoYo Loader Vita,2738,06/09/2022, 04:25:26,815
YYOLOADER,YoYo Loader Vita,2738,06/09/2022, 05:13:21,815
YYOLOADER,YoYo Loader Vita,2738,06/09/2022, 06:17:19,815
YYOLOADER,YoYo Loader Vita,2739,06/09/2022, 07:13:34,815
YYOLOADER,YoYo Loader Vita,2739,06/09/2022, 08:19:35,815
YYOLOADER,YoYo Loader Vita,2739,06/09/2022, 09:18:23,815
YYOLOADER,YoYo Loader Vita,2740,06/09/2022, 10:16:05,815
YYOLOADER,YoYo Loader Vita,2742,06/09/2022, 11:11:38,815
YYOLOADER,YoYo Loader Vita,2744,06/09/2022, 12:28:31,815
YYOLOADER,YoYo Loader Vita,2745,06/09/2022, 13:34:25,815
YYOLOADER,YoYo Loader Vita,2746,06/09/2022, 14:12:19,815
YYOLOADER,YoYo Loader Vita,2746,06/09/2022, 15:14:11,815
YYOLOADER,YoYo Loader Vita,2747,06/09/2022, 16:18:08,815
YYOLOADER,YoYo Loader Vita,2748,06/09/2022, 17:18:08,815
YYOLOADER,YoYo Loader Vita,2748,06/09/2022, 18:16:33,815
YYOLOADER,YoYo Loader Vita,2748,06/09/2022, 19:11:36,815
YYOLOADER,YoYo Loader Vita,2749,06/09/2022, 20:15:09,815
YYOLOADER,YoYo Loader Vita,2749,06/09/2022, 21:10:45,815
YYOLOADER,YoYo Loader Vita,2751,06/09/2022, 22:14:22,815
YYOLOADER,YoYo Loader Vita,2752,06/09/2022, 23:13:29,815
YYOLOADER,YoYo Loader Vita,2755,06/10/2022, 01:08:17,815
YYOLOADER,YoYo Loader Vita,2758,06/10/2022, 03:18:08,815
YYOLOADER,YoYo Loader Vita,2758,06/10/2022, 04:21:43,815
YYOLOADER,YoYo Loader Vita,2758,06/10/2022, 05:12:17,815
YYOLOADER,YoYo Loader Vita,2758,06/10/2022, 06:16:36,815
YYOLOADER,YoYo Loader Vita,2759,06/10/2022, 07:14:09,815
YYOLOADER,YoYo Loader Vita,2761,06/10/2022, 08:16:56,815
YYOLOADER,YoYo Loader Vita,2762,06/10/2022, 09:13:19,815
YYOLOADER,YoYo Loader Vita,2763,06/10/2022, 10:14:54,815
YYOLOADER,YoYo Loader Vita,2764,06/10/2022, 11:12:16,815
YYOLOADER,YoYo Loader Vita,2765,06/10/2022, 12:27:47,815
YYOLOADER,YoYo Loader Vita,2766,06/10/2022, 13:32:12,815
YYOLOADER,YoYo Loader Vita,2766,06/10/2022, 14:12:25,815
YYOLOADER,YoYo Loader Vita,2767,06/10/2022, 15:16:06,815
YYOLOADER,YoYo Loader Vita,2769,06/10/2022, 16:20:38,815
YYOLOADER,YoYo Loader Vita,2770,06/10/2022, 17:16:56,815
YYOLOADER,YoYo Loader Vita,2770,06/10/2022, 18:17:18,815
YYOLOADER,YoYo Loader Vita,2771,06/10/2022, 19:11:13,815
YYOLOADER,YoYo Loader Vita,2771,06/10/2022, 20:13:54,815
YYOLOADER,YoYo Loader Vita,2771,06/10/2022, 21:11:59,815
YYOLOADER,YoYo Loader Vita,2774,06/10/2022, 22:12:48,815
YYOLOADER,YoYo Loader Vita,2779,06/10/2022, 23:13:55,815
YYOLOADER,YoYo Loader Vita,2783,06/11/2022, 01:01:01,815
YYOLOADER,YoYo Loader Vita,2788,06/11/2022, 02:59:35,815
YYOLOADER,YoYo Loader Vita,2788,06/11/2022, 03:45:58,815
YYOLOADER,YoYo Loader Vita,2788,06/11/2022, 04:17:56,815
YYOLOADER,YoYo Loader Vita,2789,06/11/2022, 05:11:56,815
YYOLOADER,YoYo Loader Vita,2789,06/11/2022, 06:15:51,815
YYOLOADER,YoYo Loader Vita,2790,06/11/2022, 07:12:34,815
YYOLOADER,YoYo Loader Vita,2790,06/11/2022, 08:15:56,815
YYOLOADER,YoYo Loader Vita,2790,06/11/2022, 09:12:17,815
YYOLOADER,YoYo Loader Vita,2791,06/11/2022, 10:13:41,815
YYOLOADER,YoYo Loader Vita,2791,06/11/2022, 11:11:22,815
YYOLOADER,YoYo Loader Vita,2792,06/11/2022, 12:21:47,815
YYOLOADER,YoYo Loader Vita,2792,06/11/2022, 13:20:38,815
YYOLOADER,YoYo Loader Vita,2793,06/11/2022, 14:11:59,815
YYOLOADER,YoYo Loader Vita,2795,06/11/2022, 15:12:56,815
YYOLOADER,YoYo Loader Vita,2795,06/11/2022, 16:16:21,815
YYOLOADER,YoYo Loader Vita,2796,06/11/2022, 17:11:39,815
YYOLOADER,YoYo Loader Vita,2796,06/11/2022, 18:14:53,815
YYOLOADER,YoYo Loader Vita,2797,06/11/2022, 19:10:27,815
YYOLOADER,YoYo Loader Vita,2801,06/11/2022, 20:13:43,815
YYOLOADER,YoYo Loader Vita,2801,06/11/2022, 21:11:09,815
YYOLOADER,YoYo Loader Vita,2806,06/11/2022, 22:12:15,815
YYOLOADER,YoYo Loader Vita,2808,06/11/2022, 23:12:44,815
YYOLOADER,YoYo Loader Vita,2811,06/12/2022, 01:08:29,815
YYOLOADER,YoYo Loader Vita,2813,06/12/2022, 03:20:21,815
YYOLOADER,YoYo Loader Vita,2815,06/12/2022, 04:20:34,815
YYOLOADER,YoYo Loader Vita,2815,06/12/2022, 05:11:47,815
YYOLOADER,YoYo Loader Vita,2818,06/12/2022, 06:17:02,815
YYOLOADER,YoYo Loader Vita,2820,06/12/2022, 07:12:27,815
YYOLOADER,YoYo Loader Vita,2821,06/12/2022, 08:15:33,815
YYOLOADER,YoYo Loader Vita,2822,06/12/2022, 09:13:29,815
YYOLOADER,YoYo Loader Vita,2822,06/12/2022, 10:13:36,815
YYOLOADER,YoYo Loader Vita,2822,06/12/2022, 11:10:51,815
YYOLOADER,YoYo Loader Vita,2822,06/12/2022, 12:20:56,815
YYOLOADER,YoYo Loader Vita,2824,06/12/2022, 13:20:14,815
YYOLOADER,YoYo Loader Vita,2827,06/12/2022, 14:11:42,815
YYOLOADER,YoYo Loader Vita,2828,06/12/2022, 15:12:53,815
YYOLOADER,YoYo Loader Vita,2829,06/12/2022, 16:17:05,815
YYOLOADER,YoYo Loader Vita,2831,06/12/2022, 17:12:08,815
YYOLOADER,YoYo Loader Vita,2831,06/12/2022, 18:15:00,815
YYOLOADER,YoYo Loader Vita,2835,06/12/2022, 19:10:29,815
YYOLOADER,YoYo Loader Vita,2836,06/12/2022, 20:14:25,815
YYOLOADER,YoYo Loader Vita,2836,06/12/2022, 21:11:16,815
YYOLOADER,YoYo Loader Vita,2836,06/12/2022, 22:13:25,815
YYOLOADER,YoYo Loader Vita,2836,06/12/2022, 23:13:11,815
YYOLOADER,YoYo Loader Vita,2836,06/13/2022, 01:10:20,815
YYOLOADER,YoYo Loader Vita,2837,06/13/2022, 03:28:11,815
YYOLOADER,YoYo Loader Vita,2837,06/13/2022, 04:35:06,815
YYOLOADER,YoYo Loader Vita,2839,06/13/2022, 05:19:07,815
YYOLOADER,YoYo Loader Vita,2839,06/13/2022, 06:18:39,815
YYOLOADER,YoYo Loader Vita,2840,06/13/2022, 07:13:37,815
YYOLOADER,YoYo Loader Vita,2841,06/13/2022, 08:17:18,815
YYOLOADER,YoYo Loader Vita,2842,06/13/2022, 09:17:05,815
YYOLOADER,YoYo Loader Vita,2843,06/13/2022, 10:15:59,815
YYOLOADER,YoYo Loader Vita,2843,06/13/2022, 11:12:17,815
YYOLOADER,YoYo Loader Vita,2843,06/13/2022, 12:26:49,815
YYOLOADER,YoYo Loader Vita,2843,06/13/2022, 13:33:35,815
YYOLOADER,YoYo Loader Vita,2845,06/13/2022, 15:18:42,815
YYOLOADER,YoYo Loader Vita,2846,06/13/2022, 16:17:48,815
YYOLOADER,YoYo Loader Vita,2846,06/13/2022, 17:18:29,815
YYOLOADER,YoYo Loader Vita,2846,06/13/2022, 18:17:54,815
YYOLOADER,YoYo Loader Vita,2848,06/13/2022, 19:11:04,815
YYOLOADER,YoYo Loader Vita,2849,06/13/2022, 20:14:42,815
YYOLOADER,YoYo Loader Vita,2850,06/13/2022, 21:13:12,815
YYOLOADER,YoYo Loader Vita,2850,06/13/2022, 22:13:34,815
YYOLOADER,YoYo Loader Vita,2851,06/13/2022, 23:13:48,815
YYOLOADER,YoYo Loader Vita,2853,06/14/2022, 01:17:11,815
YYOLOADER,YoYo Loader Vita,2856,06/14/2022, 03:48:11,815
YYOLOADER,YoYo Loader Vita,2856,06/14/2022, 04:46:27,815
YYOLOADER,YoYo Loader Vita,2856,06/14/2022, 05:27:01,815
YYOLOADER,YoYo Loader Vita,2856,06/14/2022, 06:17:55,815
YYOLOADER,YoYo Loader Vita,2856,06/14/2022, 07:13:15,815
YYOLOADER,YoYo Loader Vita,2856,06/14/2022, 08:18:33,815
YYOLOADER,YoYo Loader Vita,2858,06/14/2022, 09:14:53,815
YYOLOADER,YoYo Loader Vita,2859,06/14/2022, 10:16:55,815
YYOLOADER,YoYo Loader Vita,2860,06/14/2022, 11:11:32,815
YYOLOADER,YoYo Loader Vita,2861,06/14/2022, 12:26:27,815
YYOLOADER,YoYo Loader Vita,2862,06/14/2022, 13:28:52,815
YYOLOADER,YoYo Loader Vita,2862,06/14/2022, 14:12:17,815
YYOLOADER,YoYo Loader Vita,2864,06/14/2022, 15:14:25,815
YYOLOADER,YoYo Loader Vita,2864,06/14/2022, 16:20:04,815
YYOLOADER,YoYo Loader Vita,2864,06/14/2022, 17:17:31,815
YYOLOADER,YoYo Loader Vita,2865,06/14/2022, 18:16:52,815
YYOLOADER,YoYo Loader Vita,2866,06/14/2022, 19:11:58,815
YYOLOADER,YoYo Loader Vita,2868,06/14/2022, 20:13:59,815
YYOLOADER,YoYo Loader Vita,2869,06/14/2022, 21:12:32,815
YYOLOADER,YoYo Loader Vita,2870,06/14/2022, 22:12:02,815
YYOLOADER,YoYo Loader Vita,2871,06/14/2022, 23:13:02,815
YYOLOADER,YoYo Loader Vita,2873,06/15/2022, 01:13:15,815
YYOLOADER,YoYo Loader Vita,2874,06/15/2022, 03:36:10,815
YYOLOADER,YoYo Loader Vita,2876,06/15/2022, 04:30:10,815
YYOLOADER,YoYo Loader Vita,2878,06/15/2022, 05:17:48,815
YYOLOADER,YoYo Loader Vita,2879,06/15/2022, 06:16:36,815
YYOLOADER,YoYo Loader Vita,2879,06/15/2022, 07:13:45,815
YYOLOADER,YoYo Loader Vita,2879,06/15/2022, 08:19:14,815
YYOLOADER,YoYo Loader Vita,2880,06/15/2022, 09:13:30,815
YYOLOADER,YoYo Loader Vita,2880,06/15/2022, 10:18:59,815
YYOLOADER,YoYo Loader Vita,2885,06/15/2022, 11:12:29,815
YYOLOADER,YoYo Loader Vita,2888,06/15/2022, 12:25:30,815
YYOLOADER,YoYo Loader Vita,2890,06/15/2022, 13:32:37,815
YYOLOADER,YoYo Loader Vita,2893,06/15/2022, 14:12:10,815
YYOLOADER,YoYo Loader Vita,2895,06/15/2022, 15:14:15,815
YYOLOADER,YoYo Loader Vita,2896,06/15/2022, 16:18:04,815
YYOLOADER,YoYo Loader Vita,2897,06/15/2022, 17:16:10,815
YYOLOADER,YoYo Loader Vita,2899,06/15/2022, 18:15:47,815
YYOLOADER,YoYo Loader Vita,2901,06/15/2022, 19:12:01,815
YYOLOADER,YoYo Loader Vita,2901,06/15/2022, 20:14:25,815
YYOLOADER,YoYo Loader Vita,2902,06/15/2022, 21:12:03,815
YYOLOADER,YoYo Loader Vita,2903,06/15/2022, 22:13:32,815
YYOLOADER,YoYo Loader Vita,2903,06/15/2022, 23:14:03,815
YYOLOADER,YoYo Loader Vita,2907,06/16/2022, 01:08:13,815
YYOLOADER,YoYo Loader Vita,2910,06/16/2022, 03:20:37,815
YYOLOADER,YoYo Loader Vita,2910,06/16/2022, 04:29:05,815
YYOLOADER,YoYo Loader Vita,2911,06/16/2022, 05:16:18,815
YYOLOADER,YoYo Loader Vita,2911,06/16/2022, 06:16:32,815
YYOLOADER,YoYo Loader Vita,2911,06/16/2022, 07:13:15,815
YYOLOADER,YoYo Loader Vita,2911,06/16/2022, 08:19:23,815
YYOLOADER,YoYo Loader Vita,2912,06/16/2022, 09:14:50,815
YYOLOADER,YoYo Loader Vita,2912,06/16/2022, 10:14:39,815
YYOLOADER,YoYo Loader Vita,2912,06/16/2022, 11:11:16,815
YYOLOADER,YoYo Loader Vita,2913,06/16/2022, 12:26:41,815
YYOLOADER,YoYo Loader Vita,2913,06/16/2022, 13:32:34,815
YYOLOADER,YoYo Loader Vita,2914,06/16/2022, 14:12:22,815
YYOLOADER,YoYo Loader Vita,2914,06/16/2022, 15:13:28,815
YYOLOADER,YoYo Loader Vita,2914,06/16/2022, 16:20:22,815
YYOLOADER,YoYo Loader Vita,2915,06/16/2022, 17:18:53,815
YYOLOADER,YoYo Loader Vita,2921,06/16/2022, 18:17:06,815
YYOLOADER,YoYo Loader Vita,2921,06/16/2022, 19:10:17,815
YYOLOADER,YoYo Loader Vita,2921,06/16/2022, 20:14:13,815
YYOLOADER,YoYo Loader Vita,2921,06/16/2022, 21:11:48,815
YYOLOADER,YoYo Loader Vita,2923,06/16/2022, 22:13:09,815
YYOLOADER,YoYo Loader Vita,2925,06/16/2022, 23:13:59,815
YYOLOADER,YoYo Loader Vita,2927,06/17/2022, 01:03:47,815
YYOLOADER,YoYo Loader Vita,2929,06/17/2022, 03:21:36,815
YYOLOADER,YoYo Loader Vita,2929,06/17/2022, 04:27:42,815
YYOLOADER,YoYo Loader Vita,2930,06/17/2022, 05:15:49,815
YYOLOADER,YoYo Loader Vita,2931,06/17/2022, 06:17:27,815
YYOLOADER,YoYo Loader Vita,2934,06/17/2022, 07:13:06,815
YYOLOADER,YoYo Loader Vita,2935,06/17/2022, 08:19:01,815
YYOLOADER,YoYo Loader Vita,2937,06/17/2022, 09:14:58,815
YYOLOADER,YoYo Loader Vita,2937,06/17/2022, 10:14:21,815
YYOLOADER,YoYo Loader Vita,2938,06/17/2022, 11:11:59,815
YYOLOADER,YoYo Loader Vita,2939,06/17/2022, 12:28:50,815
YYOLOADER,YoYo Loader Vita,2939,06/17/2022, 13:31:53,815
YYOLOADER,YoYo Loader Vita,2941,06/17/2022, 14:12:53,815
YYOLOADER,YoYo Loader Vita,2942,06/17/2022, 15:13:58,815
YYOLOADER,YoYo Loader Vita,2943,06/17/2022, 16:19:30,815
YYOLOADER,YoYo Loader Vita,2943,06/17/2022, 17:15:21,815
YYOLOADER,YoYo Loader Vita,2945,06/17/2022, 18:16:17,815
YYOLOADER,YoYo Loader Vita,2945,06/17/2022, 19:11:26,815
YYOLOADER,YoYo Loader Vita,2945,06/17/2022, 20:13:14,815
YYOLOADER,YoYo Loader Vita,2946,06/17/2022, 21:11:43,815
YYOLOADER,YoYo Loader Vita,2946,06/17/2022, 22:13:16,815
YYOLOADER,YoYo Loader Vita,2947,06/17/2022, 23:13:05,815
YYOLOADER,YoYo Loader Vita,2950,06/18/2022, 01:07:18,815
YYOLOADER,YoYo Loader Vita,2952,06/18/2022, 03:18:57,815
YYOLOADER,YoYo Loader Vita,2953,06/18/2022, 04:20:10,815
YYOLOADER,YoYo Loader Vita,2955,06/18/2022, 05:11:26,815
YYOLOADER,YoYo Loader Vita,2956,06/18/2022, 06:15:37,815
YYOLOADER,YoYo Loader Vita,2957,06/18/2022, 07:12:02,815
YYOLOADER,YoYo Loader Vita,2958,06/18/2022, 08:16:18,815
YYOLOADER,YoYo Loader Vita,2960,06/18/2022, 09:11:58,815
YYOLOADER,YoYo Loader Vita,2961,06/18/2022, 10:13:32,815
YYOLOADER,YoYo Loader Vita,2961,06/18/2022, 11:10:41,815
YYOLOADER,YoYo Loader Vita,2962,06/18/2022, 12:21:52,815
YYOLOADER,YoYo Loader Vita,2964,06/18/2022, 13:22:53,815
YYOLOADER,YoYo Loader Vita,2964,06/18/2022, 14:11:57,815
YYOLOADER,YoYo Loader Vita,2965,06/18/2022, 15:12:57,815
YYOLOADER,YoYo Loader Vita,2967,06/18/2022, 16:17:08,815
YYOLOADER,YoYo Loader Vita,2971,06/18/2022, 17:12:36,815
YYOLOADER,YoYo Loader Vita,2972,06/18/2022, 18:15:48,815
YYOLOADER,YoYo Loader Vita,2976,06/18/2022, 19:11:23,815
YYOLOADER,YoYo Loader Vita,2979,06/18/2022, 20:13:13,815
YYOLOADER,YoYo Loader Vita,2981,06/18/2022, 21:11:52,815
YYOLOADER,YoYo Loader Vita,2984,06/18/2022, 22:12:08,815
YYOLOADER,YoYo Loader Vita,2984,06/18/2022, 23:12:23,815
YYOLOADER,YoYo Loader Vita,2987,06/19/2022, 01:09:45,815
YYOLOADER,YoYo Loader Vita,2990,06/19/2022, 03:36:56,815
YYOLOADER,YoYo Loader Vita,2992,06/19/2022, 04:27:02,815
YYOLOADER,YoYo Loader Vita,2993,06/19/2022, 05:14:52,815
YYOLOADER,YoYo Loader Vita,2994,06/19/2022, 06:15:57,815
YYOLOADER,YoYo Loader Vita,2998,06/19/2022, 07:12:15,815
YYOLOADER,YoYo Loader Vita,2999,06/19/2022, 08:15:36,815
YYOLOADER,YoYo Loader Vita,2999,06/19/2022, 09:13:12,815
YYOLOADER,YoYo Loader Vita,2999,06/19/2022, 10:13:49,815
YYOLOADER,YoYo Loader Vita,2999,06/19/2022, 11:10:45,815
YYOLOADER,YoYo Loader Vita,3001,06/19/2022, 12:22:11,815
YYOLOADER,YoYo Loader Vita,3001,06/19/2022, 13:21:25,815
YYOLOADER,YoYo Loader Vita,3001,06/19/2022, 14:11:45,815
YYOLOADER,YoYo Loader Vita,3002,06/19/2022, 15:12:51,815
YYOLOADER,YoYo Loader Vita,3003,06/19/2022, 16:16:43,815
YYOLOADER,YoYo Loader Vita,3003,06/19/2022, 17:12:26,815
YYOLOADER,YoYo Loader Vita,3008,06/19/2022, 18:14:55,815
YYOLOADER,YoYo Loader Vita,3009,06/19/2022, 19:10:48,815
YYOLOADER,YoYo Loader Vita,3010,06/19/2022, 20:14:30,815
YYOLOADER,YoYo Loader Vita,3012,06/19/2022, 21:12:12,815
YYOLOADER,YoYo Loader Vita,3013,06/19/2022, 22:12:36,815
YYOLOADER,YoYo Loader Vita,3014,06/19/2022, 23:12:31,815
YYOLOADER,YoYo Loader Vita,3018,06/20/2022, 01:10:23,815
YYOLOADER,YoYo Loader Vita,3018,06/20/2022, 03:13:02,815
YYOLOADER,YoYo Loader Vita,3019,06/20/2022, 04:26:55,815
YYOLOADER,YoYo Loader Vita,3019,06/20/2022, 05:13:01,815
YYOLOADER,YoYo Loader Vita,3020,06/20/2022, 06:18:55,815
YYOLOADER,YoYo Loader Vita,3021,06/20/2022, 07:18:22,815
YYOLOADER,YoYo Loader Vita,3021,06/20/2022, 08:20:59,815
YYOLOADER,YoYo Loader Vita,3023,06/20/2022, 09:14:05,815
YYOLOADER,YoYo Loader Vita,3025,06/20/2022, 10:15:56,815
YYOLOADER,YoYo Loader Vita,3025,06/20/2022, 11:11:32,815
YYOLOADER,YoYo Loader Vita,3026,06/20/2022, 12:25:48,815
YYOLOADER,YoYo Loader Vita,3027,06/20/2022, 13:35:26,815
YYOLOADER,YoYo Loader Vita,3027,06/20/2022, 14:11:57,815
YYOLOADER,YoYo Loader Vita,3027,06/20/2022, 15:14:08,815
YYOLOADER,YoYo Loader Vita,3027,06/20/2022, 16:20:56,815
YYOLOADER,YoYo Loader Vita,3027,06/20/2022, 17:22:04,815
YYOLOADER,YoYo Loader Vita,3028,06/20/2022, 18:15:39,815
YYOLOADER,YoYo Loader Vita,3028,06/20/2022, 19:10:37,815
YYOLOADER,YoYo Loader Vita,3029,06/20/2022, 20:15:45,815
YYOLOADER,YoYo Loader Vita,3030,06/20/2022, 21:12:26,815
YYOLOADER,YoYo Loader Vita,3031,06/20/2022, 22:12:49,815
YYOLOADER,YoYo Loader Vita,3031,06/20/2022, 23:13:12,815
YYOLOADER,YoYo Loader Vita,3033,06/21/2022, 01:07:59,815
YYOLOADER,YoYo Loader Vita,3033,06/21/2022, 03:26:34,815
YYOLOADER,YoYo Loader Vita,3034,06/21/2022, 04:32:00,815
YYOLOADER,YoYo Loader Vita,3034,06/21/2022, 05:18:32,815
YYOLOADER,YoYo Loader Vita,3034,06/21/2022, 06:17:06,815
YYOLOADER,YoYo Loader Vita,3035,06/21/2022, 07:12:21,815
YYOLOADER,YoYo Loader Vita,3035,06/21/2022, 08:22:19,815
YYOLOADER,YoYo Loader Vita,3035,06/21/2022, 09:18:23,815
YYOLOADER,YoYo Loader Vita,3035,06/21/2022, 10:21:38,815
YYOLOADER,YoYo Loader Vita,3035,06/21/2022, 11:21:17,815
YYOLOADER,YoYo Loader Vita,3035,06/21/2022, 12:30:39,815
YYOLOADER,YoYo Loader Vita,3036,06/21/2022, 13:39:21,815
YYOLOADER,YoYo Loader Vita,3036,06/21/2022, 14:17:34,815
YYOLOADER,YoYo Loader Vita,3036,06/21/2022, 15:15:02,815
YYOLOADER,YoYo Loader Vita,3036,06/21/2022, 16:21:33,815
YYOLOADER,YoYo Loader Vita,3038,06/21/2022, 17:27:19,815
YYOLOADER,YoYo Loader Vita,3041,06/21/2022, 18:16:25,815
YYOLOADER,YoYo Loader Vita,3042,06/21/2022, 19:10:55,815
YYOLOADER,YoYo Loader Vita,3042,06/21/2022, 20:14:32,815
YYOLOADER,YoYo Loader Vita,3044,06/21/2022, 21:12:02,815
YYOLOADER,YoYo Loader Vita,3046,06/21/2022, 22:12:50,815
YYOLOADER,YoYo Loader Vita,3048,06/21/2022, 23:15:02,815
YYOLOADER,YoYo Loader Vita,3051,06/22/2022, 01:15:04,815
YYOLOADER,YoYo Loader Vita,3051,06/22/2022, 03:28:13,815
YYOLOADER,YoYo Loader Vita,3051,06/22/2022, 04:31:13,815
YYOLOADER,YoYo Loader Vita,3051,06/22/2022, 05:17:40,815
YYOLOADER,YoYo Loader Vita,3052,06/22/2022, 06:16:46,815
YYOLOADER,YoYo Loader Vita,3052,06/22/2022, 07:12:51,815
YYOLOADER,YoYo Loader Vita,3053,06/22/2022, 08:20:30,815
YYOLOADER,YoYo Loader Vita,3053,06/22/2022, 09:12:56,815
YYOLOADER,YoYo Loader Vita,3053,06/22/2022, 10:17:04,815
YYOLOADER,YoYo Loader Vita,3053,06/22/2022, 11:11:24,815
YYOLOADER,YoYo Loader Vita,3054,06/22/2022, 12:27:06,815
YYOLOADER,YoYo Loader Vita,3055,06/22/2022, 13:35:15,815
YYOLOADER,YoYo Loader Vita,3055,06/22/2022, 14:12:08,815
YYOLOADER,YoYo Loader Vita,3055,06/22/2022, 15:14:03,815
YYOLOADER,YoYo Loader Vita,3056,06/22/2022, 16:19:21,815
YYOLOADER,YoYo Loader Vita,3057,06/22/2022, 17:22:55,815
YYOLOADER,YoYo Loader Vita,3057,06/22/2022, 18:17:18,815
YYOLOADER,YoYo Loader Vita,3058,06/22/2022, 19:10:48,815
YYOLOADER,YoYo Loader Vita,3060,06/22/2022, 20:14:04,815
YYOLOADER,YoYo Loader Vita,3061,06/22/2022, 21:12:25,815
YYOLOADER,YoYo Loader Vita,3061,06/22/2022, 22:12:53,815
YYOLOADER,YoYo Loader Vita,3062,06/22/2022, 23:13:31,815
YYOLOADER,YoYo Loader Vita,3065,06/23/2022, 01:02:09,815
YYOLOADER,YoYo Loader Vita,3069,06/23/2022, 03:28:18,815
YYOLOADER,YoYo Loader Vita,3069,06/23/2022, 04:32:00,815
YYOLOADER,YoYo Loader Vita,3069,06/23/2022, 05:19:03,815
YYOLOADER,YoYo Loader Vita,3069,06/23/2022, 06:16:56,815
YYOLOADER,YoYo Loader Vita,3072,06/23/2022, 07:12:50,815
YYOLOADER,YoYo Loader Vita,3072,06/23/2022, 08:19:41,815
YYOLOADER,YoYo Loader Vita,3073,06/23/2022, 09:13:20,815
YYOLOADER,YoYo Loader Vita,3073,06/23/2022, 10:15:33,815
YYOLOADER,YoYo Loader Vita,3073,06/23/2022, 11:11:41,815
YYOLOADER,YoYo Loader Vita,3073,06/23/2022, 12:27:59,815
YYOLOADER,YoYo Loader Vita,3073,06/23/2022, 13:36:48,815
YYOLOADER,YoYo Loader Vita,3074,06/23/2022, 14:12:28,815
YYOLOADER,YoYo Loader Vita,3074,06/23/2022, 15:16:00,815
YYOLOADER,YoYo Loader Vita,3074,06/23/2022, 16:19:48,815
YYOLOADER,YoYo Loader Vita,3075,06/23/2022, 17:18:52,815
YYOLOADER,YoYo Loader Vita,3076,06/23/2022, 18:17:26,815
YYOLOADER,YoYo Loader Vita,3077,06/23/2022, 19:10:29,815
YYOLOADER,YoYo Loader Vita,3077,06/23/2022, 20:14:43,815
YYOLOADER,YoYo Loader Vita,3078,06/23/2022, 21:12:16,815
YYOLOADER,YoYo Loader Vita,3079,06/23/2022, 22:13:08,815
YYOLOADER,YoYo Loader Vita,3081,06/23/2022, 23:13:34,815
YYOLOADER,YoYo Loader Vita,3083,06/24/2022, 01:06:05,815
YYOLOADER,YoYo Loader Vita,3085,06/24/2022, 03:38:55,815
YYOLOADER,YoYo Loader Vita,3085,06/24/2022, 04:34:38,815
YYOLOADER,YoYo Loader Vita,3085,06/24/2022, 05:18:54,815
YYOLOADER,YoYo Loader Vita,3085,06/24/2022, 06:17:41,815
YYOLOADER,YoYo Loader Vita,3085,06/24/2022, 07:13:02,815
YYOLOADER,YoYo Loader Vita,3087,06/24/2022, 08:17:42,815
YYOLOADER,YoYo Loader Vita,3087,06/24/2022, 09:13:14,815
YYOLOADER,YoYo Loader Vita,3087,06/24/2022, 10:15:10,815
YYOLOADER,YoYo Loader Vita,3087,06/24/2022, 11:11:36,815
YYOLOADER,YoYo Loader Vita,3088,06/24/2022, 12:27:08,815
YYOLOADER,YoYo Loader Vita,3090,06/24/2022, 13:35:48,815
YYOLOADER,YoYo Loader Vita,3090,06/24/2022, 14:11:02,815
YYOLOADER,YoYo Loader Vita,3090,06/24/2022, 15:15:42,815
YYOLOADER,YoYo Loader Vita,3092,06/24/2022, 16:18:21,815
YYOLOADER,YoYo Loader Vita,3092,06/24/2022, 17:19:04,815
YYOLOADER,YoYo Loader Vita,3093,06/24/2022, 18:17:42,815
YYOLOADER,YoYo Loader Vita,3094,06/24/2022, 19:11:08,815
YYOLOADER,YoYo Loader Vita,3095,06/24/2022, 20:14:11,815
YYOLOADER,YoYo Loader Vita,3095,06/24/2022, 21:12:40,815
YYOLOADER,YoYo Loader Vita,3096,06/24/2022, 22:12:48,815
YYOLOADER,YoYo Loader Vita,3098,06/24/2022, 23:13:15,815
YYOLOADER,YoYo Loader Vita,3099,06/25/2022, 01:08:45,815
YYOLOADER,YoYo Loader Vita,3099,06/25/2022, 03:27:47,815
YYOLOADER,YoYo Loader Vita,3099,06/25/2022, 04:24:06,815
YYOLOADER,YoYo Loader Vita,3101,06/25/2022, 05:12:22,815
YYOLOADER,YoYo Loader Vita,3101,06/25/2022, 06:16:01,815
YYOLOADER,YoYo Loader Vita,3101,06/25/2022, 07:12:11,815
YYOLOADER,YoYo Loader Vita,3102,06/25/2022, 08:16:05,815
YYOLOADER,YoYo Loader Vita,3102,06/25/2022, 09:12:24,815
YYOLOADER,YoYo Loader Vita,3102,06/25/2022, 10:13:40,815
YYOLOADER,YoYo Loader Vita,3102,06/25/2022, 11:11:35,815
YYOLOADER,YoYo Loader Vita,3103,06/25/2022, 12:21:11,815
YYOLOADER,YoYo Loader Vita,3103,06/25/2022, 13:21:29,815
YYOLOADER,YoYo Loader Vita,3103,06/25/2022, 14:11:36,815
YYOLOADER,YoYo Loader Vita,3107,06/25/2022, 15:13:11,815
YYOLOADER,YoYo Loader Vita,3107,06/25/2022, 16:16:51,815
YYOLOADER,YoYo Loader Vita,3108,06/25/2022, 17:13:05,815
YYOLOADER,YoYo Loader Vita,3110,06/25/2022, 18:16:20,815
YYOLOADER,YoYo Loader Vita,3112,06/25/2022, 19:10:53,815
YYOLOADER,YoYo Loader Vita,3115,06/25/2022, 20:14:17,815
YYOLOADER,YoYo Loader Vita,3115,06/25/2022, 21:11:18,815
YYOLOADER,YoYo Loader Vita,3118,06/25/2022, 22:13:17,815
YYOLOADER,YoYo Loader Vita,3121,06/25/2022, 23:12:41,815
YYOLOADER,YoYo Loader Vita,3122,06/26/2022, 01:12:38,815
YYOLOADER,YoYo Loader Vita,3122,06/26/2022, 03:34:10,815
YYOLOADER,YoYo Loader Vita,3122,06/26/2022, 04:26:22,815
YYOLOADER,YoYo Loader Vita,3123,06/26/2022, 05:14:01,815
YYOLOADER,YoYo Loader Vita,3124,06/26/2022, 06:15:40,815
YYOLOADER,YoYo Loader Vita,3125,06/26/2022, 07:12:05,815
YYOLOADER,YoYo Loader Vita,3125,06/26/2022, 08:15:46,815
YYOLOADER,YoYo Loader Vita,3126,06/26/2022, 09:12:28,815
YYOLOADER,YoYo Loader Vita,3126,06/26/2022, 10:13:53,815
YYOLOADER,YoYo Loader Vita,3126,06/26/2022, 11:11:30,815
YYOLOADER,YoYo Loader Vita,3128,06/26/2022, 12:22:50,815
YYOLOADER,YoYo Loader Vita,3128,06/26/2022, 13:21:46,815
YYOLOADER,YoYo Loader Vita,3130,06/26/2022, 14:11:40,815
YYOLOADER,YoYo Loader Vita,3130,06/26/2022, 15:12:59,815
YYOLOADER,YoYo Loader Vita,3131,06/26/2022, 16:16:50,815
YYOLOADER,YoYo Loader Vita,3132,06/26/2022, 17:13:09,815
YYOLOADER,YoYo Loader Vita,3132,06/26/2022, 18:15:07,815
YYOLOADER,YoYo Loader Vita,3136,06/26/2022, 19:10:40,815
YYOLOADER,YoYo Loader Vita,3139,06/26/2022, 20:13:27,815
YYOLOADER,YoYo Loader Vita,3139,06/26/2022, 21:11:13,815
YYOLOADER,YoYo Loader Vita,3141,06/26/2022, 22:12:16,815
YYOLOADER,YoYo Loader Vita,3143,06/26/2022, 23:12:56,815
YYOLOADER,YoYo Loader Vita,3148,06/27/2022, 01:13:55,815
YYOLOADER,YoYo Loader Vita,3149,06/27/2022, 03:46:58,815
YYOLOADER,YoYo Loader Vita,3149,06/27/2022, 04:47:18,815
YYOLOADER,YoYo Loader Vita,3150,06/27/2022, 05:25:43,815
YYOLOADER,YoYo Loader Vita,3151,06/27/2022, 06:19:55,815
YYOLOADER,YoYo Loader Vita,3152,06/27/2022, 07:12:47,815
YYOLOADER,YoYo Loader Vita,3154,06/27/2022, 08:19:37,815
YYOLOADER,YoYo Loader Vita,3154,06/27/2022, 09:13:39,815
YYOLOADER,YoYo Loader Vita,3155,06/27/2022, 10:16:24,815
YYOLOADER,YoYo Loader Vita,3156,06/27/2022, 11:12:34,815
YYOLOADER,YoYo Loader Vita,3158,06/27/2022, 12:28:52,815
YYOLOADER,YoYo Loader Vita,3159,06/27/2022, 13:40:25,815
YYOLOADER,YoYo Loader Vita,3160,06/27/2022, 14:15:08,815
YYOLOADER,YoYo Loader Vita,3160,06/27/2022, 15:15:58,815
YYOLOADER,YoYo Loader Vita,3160,06/27/2022, 16:19:12,815
YYOLOADER,YoYo Loader Vita,3161,06/27/2022, 17:20:41,815
YYOLOADER,YoYo Loader Vita,3162,06/27/2022, 18:18:30,815
YYOLOADER,YoYo Loader Vita,3164,06/27/2022, 19:11:14,815
YYOLOADER,YoYo Loader Vita,3166,06/27/2022, 20:14:12,815
YYOLOADER,YoYo Loader Vita,3166,06/27/2022, 21:13:08,815
YYOLOADER,YoYo Loader Vita,3166,06/27/2022, 22:13:08,815
YYOLOADER,YoYo Loader Vita,3167,06/27/2022, 23:13:32,815
YYOLOADER,YoYo Loader Vita,3169,06/28/2022, 01:13:26,815
YYOLOADER,YoYo Loader Vita,3171,06/28/2022, 03:40:28,815
YYOLOADER,YoYo Loader Vita,3173,06/28/2022, 04:37:44,815
YYOLOADER,YoYo Loader Vita,3174,06/28/2022, 05:22:45,815
YYOLOADER,YoYo Loader Vita,3174,06/28/2022, 06:17:53,815
YYOLOADER,YoYo Loader Vita,3174,06/28/2022, 07:12:54,815
YYOLOADER,YoYo Loader Vita,3174,06/28/2022, 08:19:46,815
YYOLOADER,YoYo Loader Vita,3175,06/28/2022, 09:13:18,815
YYOLOADER,YoYo Loader Vita,3175,06/28/2022, 10:14:45,815
YYOLOADER,YoYo Loader Vita,3175,06/28/2022, 11:11:55,815
YYOLOADER,YoYo Loader Vita,3176,06/28/2022, 12:27:26,815
YYOLOADER,YoYo Loader Vita,3177,06/28/2022, 13:36:51,815
YYOLOADER,YoYo Loader Vita,3178,06/28/2022, 14:12:06,815
YYOLOADER,YoYo Loader Vita,3183,06/28/2022, 15:14:44,815
YYOLOADER,YoYo Loader Vita,3189,06/28/2022, 16:19:52,815
YYOLOADER,YoYo Loader Vita,3192,06/28/2022, 17:22:10,815
YYOLOADER,YoYo Loader Vita,3193,06/28/2022, 18:18:56,815
YYOLOADER,YoYo Loader Vita,3195,06/28/2022, 19:10:49,815
YYOLOADER,YoYo Loader Vita,3197,06/28/2022, 20:14:52,815
YYOLOADER,YoYo Loader Vita,3200,06/28/2022, 21:11:06,815
YYOLOADER,YoYo Loader Vita,3200,06/28/2022, 22:15:04,815
YYOLOADER,YoYo Loader Vita,3200,06/28/2022, 23:13:19,815
YYOLOADER,YoYo Loader Vita,3203,06/29/2022, 01:08:54,815
YYOLOADER,YoYo Loader Vita,3211,06/29/2022, 03:45:18,815
YYOLOADER,YoYo Loader Vita,3212,06/29/2022, 04:41:45,815
YYOLOADER,YoYo Loader Vita,3212,06/29/2022, 05:23:21,815
YYOLOADER,YoYo Loader Vita,3213,06/29/2022, 06:17:24,815
YYOLOADER,YoYo Loader Vita,3215,06/29/2022, 07:13:01,815
YYOLOADER,YoYo Loader Vita,3216,06/29/2022, 08:19:21,815
YYOLOADER,YoYo Loader Vita,3219,06/29/2022, 09:13:45,815
YYOLOADER,YoYo Loader Vita,3219,06/29/2022, 10:15:29,815
YYOLOADER,YoYo Loader Vita,3219,06/29/2022, 11:12:07,815
YYOLOADER,YoYo Loader Vita,3219,06/29/2022, 12:26:17,815
YYOLOADER,YoYo Loader Vita,3219,06/29/2022, 13:34:30,815
YYOLOADER,YoYo Loader Vita,3220,06/29/2022, 14:11:54,815
YYOLOADER,YoYo Loader Vita,3221,06/29/2022, 15:45:15,815
YYOLOADER,YoYo Loader Vita,3222,06/29/2022, 16:39:14,815
YYOLOADER,YoYo Loader Vita,3223,06/29/2022, 17:38:39,815
YYOLOADER,YoYo Loader Vita,3224,06/29/2022, 18:20:20,815
YYOLOADER,YoYo Loader Vita,3224,06/29/2022, 19:10:58,815
YYOLOADER,YoYo Loader Vita,3225,06/29/2022, 20:15:22,815
YYOLOADER,YoYo Loader Vita,3226,06/29/2022, 21:12:36,815
YYOLOADER,YoYo Loader Vita,3226,06/29/2022, 22:13:11,815
YYOLOADER,YoYo Loader Vita,3227,06/29/2022, 23:13:57,815
YYOLOADER,YoYo Loader Vita,3227,06/30/2022, 01:07:10,815
YYOLOADER,YoYo Loader Vita,3230,06/30/2022, 03:39:47,815
YYOLOADER,YoYo Loader Vita,3232,06/30/2022, 04:34:35,815
YYOLOADER,YoYo Loader Vita,3233,06/30/2022, 05:21:14,815
YYOLOADER,YoYo Loader Vita,3233,06/30/2022, 06:17:19,815
YYOLOADER,YoYo Loader Vita,3233,06/30/2022, 07:11:16,815
YYOLOADER,YoYo Loader Vita,3236,06/30/2022, 08:18:59,815
YYOLOADER,YoYo Loader Vita,3237,06/30/2022, 09:13:24,815
YYOLOADER,YoYo Loader Vita,3237,06/30/2022, 10:18:58,815
YYOLOADER,YoYo Loader Vita,3237,06/30/2022, 11:11:45,815
YYOLOADER,YoYo Loader Vita,3238,06/30/2022, 12:28:26,815
YYOLOADER,YoYo Loader Vita,3239,06/30/2022, 13:34:22,815
YYOLOADER,YoYo Loader Vita,3239,06/30/2022, 14:12:13,815
YYOLOADER,YoYo Loader Vita,3240,06/30/2022, 15:15:04,815
YYOLOADER,YoYo Loader Vita,3242,06/30/2022, 16:20:39,815
YYOLOADER,YoYo Loader Vita,3245,06/30/2022, 17:23:34,815
YYOLOADER,YoYo Loader Vita,3245,06/30/2022, 18:19:27,815
YYOLOADER,YoYo Loader Vita,3245,06/30/2022, 19:10:54,815
YYOLOADER,YoYo Loader Vita,3245,06/30/2022, 20:15:14,815
YYOLOADER,YoYo Loader Vita,3246,06/30/2022, 21:12:54,815
YYOLOADER,YoYo Loader Vita,3246,06/30/2022, 22:13:39,815
YYOLOADER,YoYo Loader Vita,3248,06/30/2022, 23:13:40,815
YYOLOADER,YoYo Loader Vita,3250,07/01/2022, 01:20:08,815
YYOLOADER,YoYo Loader Vita,3254,07/01/2022, 03:52:41,815
YYOLOADER,YoYo Loader Vita,3254,07/01/2022, 04:52:34,815
YYOLOADER,YoYo Loader Vita,3254,07/01/2022, 05:30:58,815
YYOLOADER,YoYo Loader Vita,3255,07/01/2022, 06:18:14,815
YYOLOADER,YoYo Loader Vita,3255,07/01/2022, 07:13:52,815
YYOLOADER,YoYo Loader Vita,3255,07/01/2022, 08:18:24,815
YYOLOADER,YoYo Loader Vita,3256,07/01/2022, 09:14:15,815
YYOLOADER,YoYo Loader Vita,3257,07/01/2022, 10:15:20,815
YYOLOADER,YoYo Loader Vita,3258,07/01/2022, 11:11:47,815
YYOLOADER,YoYo Loader Vita,3259,07/01/2022, 12:28:10,815
YYOLOADER,YoYo Loader Vita,3261,07/01/2022, 13:35:05,815
YYOLOADER,YoYo Loader Vita,3262,07/01/2022, 14:12:54,815
YYOLOADER,YoYo Loader Vita,3263,07/01/2022, 15:15:49,815
YYOLOADER,YoYo Loader Vita,3267,07/01/2022, 16:20:38,815
YYOLOADER,YoYo Loader Vita,3267,07/01/2022, 17:19:37,815
YYOLOADER,YoYo Loader Vita,3267,07/01/2022, 18:17:51,815
YYOLOADER,YoYo Loader Vita,3268,07/01/2022, 19:11:21,815
YYOLOADER,YoYo Loader Vita,3269,07/01/2022, 20:15:28,815
YYOLOADER,YoYo Loader Vita,3269,07/01/2022, 21:12:10,815
YYOLOADER,YoYo Loader Vita,3269,07/01/2022, 22:12:58,815
YYOLOADER,YoYo Loader Vita,3271,07/01/2022, 23:13:11,815
YYOLOADER,YoYo Loader Vita,3273,07/02/2022, 01:09:21,815
YYOLOADER,YoYo Loader Vita,3274,07/02/2022, 03:43:01,815
YYOLOADER,YoYo Loader Vita,3274,07/02/2022, 04:32:28,815
YYOLOADER,YoYo Loader Vita,3274,07/02/2022, 05:15:58,815
YYOLOADER,YoYo Loader Vita,3275,07/02/2022, 06:15:53,815
YYOLOADER,YoYo Loader Vita,3275,07/02/2022, 07:12:15,815
YYOLOADER,YoYo Loader Vita,3275,07/02/2022, 08:16:17,815
YYOLOADER,YoYo Loader Vita,3276,07/02/2022, 09:12:39,815
YYOLOADER,YoYo Loader Vita,3276,07/02/2022, 10:14:15,815
YYOLOADER,YoYo Loader Vita,3276,07/02/2022, 11:11:21,815
YYOLOADER,YoYo Loader Vita,3277,07/02/2022, 12:21:44,815
YYOLOADER,YoYo Loader Vita,3278,07/02/2022, 13:21:38,815
YYOLOADER,YoYo Loader Vita,3278,07/02/2022, 14:11:51,815
YYOLOADER,YoYo Loader Vita,3278,07/02/2022, 15:12:58,815
YYOLOADER,YoYo Loader Vita,3281,07/02/2022, 16:17:16,815
YYOLOADER,YoYo Loader Vita,3283,07/02/2022, 17:13:16,815
YYOLOADER,YoYo Loader Vita,3284,07/02/2022, 18:15:18,815
YYOLOADER,YoYo Loader Vita,3284,07/02/2022, 19:10:38,815
YYOLOADER,YoYo Loader Vita,3286,07/02/2022, 20:14:09,815
YYOLOADER,YoYo Loader Vita,3286,07/02/2022, 21:11:45,815
YYOLOADER,YoYo Loader Vita,3286,07/02/2022, 22:13:00,815
YYOLOADER,YoYo Loader Vita,3288,07/02/2022, 23:12:32,815
YYOLOADER,YoYo Loader Vita,3293,07/03/2022, 01:13:02,815
YYOLOADER,YoYo Loader Vita,3295,07/03/2022, 03:28:43,815
YYOLOADER,YoYo Loader Vita,3295,07/03/2022, 04:24:06,815
YYOLOADER,YoYo Loader Vita,3298,07/03/2022, 05:12:35,815
YYOLOADER,YoYo Loader Vita,3299,07/03/2022, 06:16:25,815
YYOLOADER,YoYo Loader Vita,3299,07/03/2022, 07:12:48,815
YYOLOADER,YoYo Loader Vita,3300,07/03/2022, 08:15:48,815
YYOLOADER,YoYo Loader Vita,3300,07/03/2022, 09:13:21,815
YYOLOADER,YoYo Loader Vita,3300,07/03/2022, 10:14:29,815
YYOLOADER,YoYo Loader Vita,3300,07/03/2022, 11:11:59,815
YYOLOADER,YoYo Loader Vita,3302,07/03/2022, 12:22:24,815
YYOLOADER,YoYo Loader Vita,3304,07/03/2022, 13:21:59,815
YYOLOADER,YoYo Loader Vita,3304,07/03/2022, 14:12:13,815
YYOLOADER,YoYo Loader Vita,3306,07/03/2022, 15:13:03,815
YYOLOADER,YoYo Loader Vita,3308,07/03/2022, 16:17:04,815
YYOLOADER,YoYo Loader Vita,3309,07/03/2022, 17:13:30,815
YYOLOADER,YoYo Loader Vita,3309,07/03/2022, 18:14:53,815
YYOLOADER,YoYo Loader Vita,3311,07/03/2022, 19:11:49,815
YYOLOADER,YoYo Loader Vita,3311,07/03/2022, 20:13:25,815
YYOLOADER,YoYo Loader Vita,3312,07/03/2022, 21:11:38,815
YYOLOADER,YoYo Loader Vita,3316,07/03/2022, 22:12:26,815
YYOLOADER,YoYo Loader Vita,3317,07/03/2022, 23:13:20,815
YYOLOADER,YoYo Loader Vita,3317,07/04/2022, 01:19:23,815
YYOLOADER,YoYo Loader Vita,3321,07/04/2022, 03:46:43,815
YYOLOADER,YoYo Loader Vita,3323,07/04/2022, 04:42:55,815
YYOLOADER,YoYo Loader Vita,3323,07/04/2022, 05:25:13,815
YYOLOADER,YoYo Loader Vita,3326,07/04/2022, 06:19:56,815
YYOLOADER,YoYo Loader Vita,3327,07/04/2022, 07:13:05,815
YYOLOADER,YoYo Loader Vita,3327,07/04/2022, 08:17:39,815
YYOLOADER,YoYo Loader Vita,3328,07/04/2022, 09:13:55,815
YYOLOADER,YoYo Loader Vita,3329,07/04/2022, 10:16:18,815
YYOLOADER,YoYo Loader Vita,3330,07/04/2022, 11:13:19,815
YYOLOADER,YoYo Loader Vita,3333,07/04/2022, 12:27:09,815
YYOLOADER,YoYo Loader Vita,3335,07/04/2022, 13:34:40,815
YYOLOADER,YoYo Loader Vita,3335,07/04/2022, 14:12:00,815
YYOLOADER,YoYo Loader Vita,3336,07/04/2022, 15:13:54,815
YYOLOADER,YoYo Loader Vita,3336,07/04/2022, 16:20:03,815
YYOLOADER,YoYo Loader Vita,3338,07/04/2022, 17:18:13,815
YYOLOADER,YoYo Loader Vita,3338,07/04/2022, 18:16:59,815
YYOLOADER,YoYo Loader Vita,3339,07/04/2022, 19:12:25,815
YYOLOADER,YoYo Loader Vita,3342,07/04/2022, 20:14:03,815
YYOLOADER,YoYo Loader Vita,3342,07/04/2022, 21:12:08,815
YYOLOADER,YoYo Loader Vita,3344,07/04/2022, 22:13:04,815
YYOLOADER,YoYo Loader Vita,3345,07/04/2022, 23:13:04,815
YYOLOADER,YoYo Loader Vita,3346,07/05/2022, 01:08:04,815
YYOLOADER,YoYo Loader Vita,3347,07/05/2022, 03:40:43,815
YYOLOADER,YoYo Loader Vita,3348,07/05/2022, 04:32:47,815
YYOLOADER,YoYo Loader Vita,3348,07/05/2022, 05:18:06,815
YYOLOADER,YoYo Loader Vita,3348,07/05/2022, 06:17:40,815
YYOLOADER,YoYo Loader Vita,3349,07/05/2022, 07:13:20,815
YYOLOADER,YoYo Loader Vita,3349,07/05/2022, 08:17:10,815
YYOLOADER,YoYo Loader Vita,3350,07/05/2022, 09:13:46,815
YYOLOADER,YoYo Loader Vita,3353,07/05/2022, 10:14:57,815
YYOLOADER,YoYo Loader Vita,3354,07/05/2022, 11:13:05,815
YYOLOADER,YoYo Loader Vita,3355,07/05/2022, 12:37:22,815
YYOLOADER,YoYo Loader Vita,3357,07/05/2022, 13:40:36,815
YYOLOADER,YoYo Loader Vita,3357,07/05/2022, 14:23:24,815
YYOLOADER,YoYo Loader Vita,3359,07/05/2022, 15:14:40,815
YYOLOADER,YoYo Loader Vita,3360,07/05/2022, 16:21:35,815
YYOLOADER,YoYo Loader Vita,3361,07/05/2022, 17:21:25,815
YYOLOADER,YoYo Loader Vita,3361,07/05/2022, 18:15:56,815
YYOLOADER,YoYo Loader Vita,3362,07/05/2022, 19:11:10,815
YYOLOADER,YoYo Loader Vita,3363,07/05/2022, 20:14:36,815
YYOLOADER,YoYo Loader Vita,3363,07/05/2022, 21:12:13,815
YYOLOADER,YoYo Loader Vita,3366,07/05/2022, 22:12:55,815
YYOLOADER,YoYo Loader Vita,3368,07/05/2022, 23:14:41,815
YYOLOADER,YoYo Loader Vita,3370,07/06/2022, 01:19:06,815
YYOLOADER,YoYo Loader Vita,3371,07/06/2022, 03:46:13,815
YYOLOADER,YoYo Loader Vita,3371,07/06/2022, 04:43:59,815
YYOLOADER,YoYo Loader Vita,3372,07/06/2022, 05:24:53,815
YYOLOADER,YoYo Loader Vita,3376,07/06/2022, 06:17:07,815
YYOLOADER,YoYo Loader Vita,3376,07/06/2022, 07:12:48,815
YYOLOADER,YoYo Loader Vita,3377,07/06/2022, 08:17:35,815
YYOLOADER,YoYo Loader Vita,3378,07/06/2022, 09:14:48,815
YYOLOADER,YoYo Loader Vita,3379,07/06/2022, 10:24:00,815
YYOLOADER,YoYo Loader Vita,3379,07/06/2022, 11:13:40,815
YYOLOADER,YoYo Loader Vita,3381,07/06/2022, 12:28:36,815
YYOLOADER,YoYo Loader Vita,3382,07/06/2022, 13:43:24,815
YYOLOADER,YoYo Loader Vita,3382,07/06/2022, 14:14:00,815
YYOLOADER,YoYo Loader Vita,3382,07/06/2022, 15:21:35,815
YYOLOADER,YoYo Loader Vita,3383,07/06/2022, 16:20:22,815
YYOLOADER,YoYo Loader Vita,3386,07/06/2022, 17:20:05,815
YYOLOADER,YoYo Loader Vita,3388,07/06/2022, 18:16:22,815
YYOLOADER,YoYo Loader Vita,3388,07/06/2022, 19:11:08,815
YYOLOADER,YoYo Loader Vita,3391,07/06/2022, 20:14:19,815
YYOLOADER,YoYo Loader Vita,3392,07/06/2022, 21:12:16,815
YYOLOADER,YoYo Loader Vita,3392,07/06/2022, 22:14:24,815
YYOLOADER,YoYo Loader Vita,3394,07/06/2022, 23:13:14,815
YYOLOADER,YoYo Loader Vita,3400,07/07/2022, 01:15:29,815
YYOLOADER,YoYo Loader Vita,3403,07/07/2022, 03:45:05,815
YYOLOADER,YoYo Loader Vita,3403,07/07/2022, 04:43:03,815
YYOLOADER,YoYo Loader Vita,3403,07/07/2022, 05:22:43,815
YYOLOADER,YoYo Loader Vita,3403,07/07/2022, 06:17:24,815
YYOLOADER,YoYo Loader Vita,3403,07/07/2022, 07:13:07,815
YYOLOADER,YoYo Loader Vita,3403,07/07/2022, 08:18:12,815
YYOLOADER,YoYo Loader Vita,3404,07/07/2022, 09:13:34,815
YYOLOADER,YoYo Loader Vita,3404,07/07/2022, 10:15:42,815
YYOLOADER,YoYo Loader Vita,3406,07/07/2022, 11:12:44,815
YYOLOADER,YoYo Loader Vita,3407,07/07/2022, 12:37:21,815
YYOLOADER,YoYo Loader Vita,3409,07/07/2022, 13:42:37,815
YYOLOADER,YoYo Loader Vita,3410,07/07/2022, 14:14:48,815
YYOLOADER,YoYo Loader Vita,3411,07/07/2022, 15:24:31,815
YYOLOADER,YoYo Loader Vita,3412,07/07/2022, 16:22:36,815
YYOLOADER,YoYo Loader Vita,3415,07/07/2022, 17:22:27,815
YYOLOADER,YoYo Loader Vita,3415,07/07/2022, 18:17:33,815
YYOLOADER,YoYo Loader Vita,3418,07/07/2022, 19:10:49,815
YYOLOADER,YoYo Loader Vita,3420,07/07/2022, 20:14:49,815
YYOLOADER,YoYo Loader Vita,3422,07/07/2022, 21:12:35,815
YYOLOADER,YoYo Loader Vita,3424,07/07/2022, 22:13:25,815
YYOLOADER,YoYo Loader Vita,3428,07/07/2022, 23:14:20,815
YYOLOADER,YoYo Loader Vita,3430,07/08/2022, 01:17:08,815
YYOLOADER,YoYo Loader Vita,3430,07/08/2022, 03:38:45,815
YYOLOADER,YoYo Loader Vita,3431,07/08/2022, 04:36:04,815
YYOLOADER,YoYo Loader Vita,3431,07/08/2022, 05:20:45,815
YYOLOADER,YoYo Loader Vita,3432,07/08/2022, 06:18:16,815
YYOLOADER,YoYo Loader Vita,3432,07/08/2022, 07:13:00,815
YYOLOADER,YoYo Loader Vita,3433,07/08/2022, 08:19:52,815
YYOLOADER,YoYo Loader Vita,3433,07/08/2022, 09:15:14,815
YYOLOADER,YoYo Loader Vita,3434,07/08/2022, 10:16:25,815
YYOLOADER,YoYo Loader Vita,3437,07/08/2022, 11:12:11,815
YYOLOADER,YoYo Loader Vita,3438,07/08/2022, 12:26:06,815
YYOLOADER,YoYo Loader Vita,3438,07/08/2022, 13:33:11,815
YYOLOADER,YoYo Loader Vita,3439,07/08/2022, 14:14:14,815
YYOLOADER,YoYo Loader Vita,3439,07/08/2022, 15:13:51,815
YYOLOADER,YoYo Loader Vita,3439,07/08/2022, 16:21:31,815
YYOLOADER,YoYo Loader Vita,3442,07/08/2022, 17:24:34,815
YYOLOADER,YoYo Loader Vita,3443,07/08/2022, 18:16:44,815
YYOLOADER,YoYo Loader Vita,3444,07/08/2022, 19:11:52,815
YYOLOADER,YoYo Loader Vita,3448,07/08/2022, 20:14:34,815
YYOLOADER,YoYo Loader Vita,3451,07/08/2022, 21:13:39,815
YYOLOADER,YoYo Loader Vita,3453,07/08/2022, 22:12:51,815
YYOLOADER,YoYo Loader Vita,3457,07/08/2022, 23:13:53,815
YYOLOADER,YoYo Loader Vita,3461,07/09/2022, 01:02:45,815
YYOLOADER,YoYo Loader Vita,3466,07/09/2022, 03:16:45,815
YYOLOADER,YoYo Loader Vita,3467,07/09/2022, 04:19:00,815
YYOLOADER,YoYo Loader Vita,3469,07/09/2022, 05:11:53,815
YYOLOADER,YoYo Loader Vita,3470,07/09/2022, 06:16:02,815
YYOLOADER,YoYo Loader Vita,3470,07/09/2022, 07:13:02,815
YYOLOADER,YoYo Loader Vita,3471,07/09/2022, 08:16:23,815
YYOLOADER,YoYo Loader Vita,3473,07/09/2022, 09:13:03,815
YYOLOADER,YoYo Loader Vita,3473,07/09/2022, 10:15:08,815
YYOLOADER,YoYo Loader Vita,3474,07/09/2022, 11:11:11,815
YYOLOADER,YoYo Loader Vita,3476,07/09/2022, 12:21:49,815
YYOLOADER,YoYo Loader Vita,3477,07/09/2022, 13:23:31,815
YYOLOADER,YoYo Loader Vita,3479,07/09/2022, 14:11:53,815
YYOLOADER,YoYo Loader Vita,3479,07/09/2022, 15:13:57,815
YYOLOADER,YoYo Loader Vita,3480,07/09/2022, 16:17:03,815
YYOLOADER,YoYo Loader Vita,3481,07/09/2022, 17:13:07,815
YYOLOADER,YoYo Loader Vita,3482,07/09/2022, 18:15:25,815
YYOLOADER,YoYo Loader Vita,3484,07/09/2022, 19:11:05,815
YYOLOADER,YoYo Loader Vita,3486,07/09/2022, 20:13:25,815
YYOLOADER,YoYo Loader Vita,3488,07/09/2022, 21:12:23,815
YYOLOADER,YoYo Loader Vita,3491,07/09/2022, 22:12:25,815
YYOLOADER,YoYo Loader Vita,3491,07/09/2022, 23:12:21,815
YYOLOADER,YoYo Loader Vita,3492,07/10/2022, 01:19:19,815
YYOLOADER,YoYo Loader Vita,3496,07/10/2022, 03:28:34,815
YYOLOADER,YoYo Loader Vita,3497,07/10/2022, 04:24:27,815
YYOLOADER,YoYo Loader Vita,3497,07/10/2022, 05:14:01,815
YYOLOADER,YoYo Loader Vita,3498,07/10/2022, 06:16:42,815
YYOLOADER,YoYo Loader Vita,3499,07/10/2022, 07:13:50,815
YYOLOADER,YoYo Loader Vita,3503,07/10/2022, 08:16:03,815
YYOLOADER,YoYo Loader Vita,3503,07/10/2022, 09:12:44,815
YYOLOADER,YoYo Loader Vita,3506,07/10/2022, 10:13:50,815
YYOLOADER,YoYo Loader Vita,3506,07/10/2022, 11:11:10,815
YYOLOADER,YoYo Loader Vita,3507,07/10/2022, 12:22:48,815
YYOLOADER,YoYo Loader Vita,3507,07/10/2022, 13:22:28,815
YYOLOADER,YoYo Loader Vita,3510,07/10/2022, 14:12:10,815
YYOLOADER,YoYo Loader Vita,3510,07/10/2022, 15:13:39,815
YYOLOADER,YoYo Loader Vita,3512,07/10/2022, 16:17:49,815
YYOLOADER,YoYo Loader Vita,3512,07/10/2022, 17:13:30,815
YYOLOADER,YoYo Loader Vita,3514,07/10/2022, 18:15:48,815
YYOLOADER,YoYo Loader Vita,3517,07/10/2022, 19:10:43,815
YYOLOADER,YoYo Loader Vita,3519,07/10/2022, 20:13:45,815
YYOLOADER,YoYo Loader Vita,3520,07/10/2022, 21:11:36,815
YYOLOADER,YoYo Loader Vita,3520,07/10/2022, 22:13:27,815
YYOLOADER,YoYo Loader Vita,3521,07/10/2022, 23:13:53,815
YYOLOADER,YoYo Loader Vita,3524,07/11/2022, 01:13:50,815
YYOLOADER,YoYo Loader Vita,3525,07/11/2022, 03:29:24,815
YYOLOADER,YoYo Loader Vita,3526,07/11/2022, 04:33:48,815
YYOLOADER,YoYo Loader Vita,3526,07/11/2022, 05:21:34,815
YYOLOADER,YoYo Loader Vita,3526,07/11/2022, 06:18:19,815
YYOLOADER,YoYo Loader Vita,3526,07/11/2022, 07:13:17,815
YYOLOADER,YoYo Loader Vita,3528,07/11/2022, 08:18:04,815
YYOLOADER,YoYo Loader Vita,3528,07/11/2022, 09:14:17,815
YYOLOADER,YoYo Loader Vita,3528,07/11/2022, 10:15:24,815
YYOLOADER,YoYo Loader Vita,3529,07/11/2022, 11:10:48,815
YYOLOADER,YoYo Loader Vita,3531,07/11/2022, 12:37:52,815
YYOLOADER,YoYo Loader Vita,3531,07/11/2022, 13:37:49,815
YYOLOADER,YoYo Loader Vita,3531,07/11/2022, 14:24:29,815
YYOLOADER,YoYo Loader Vita,3531,07/11/2022, 15:14:13,815
YYOLOADER,YoYo Loader Vita,3532,07/11/2022, 16:20:51,815
YYOLOADER,YoYo Loader Vita,3533,07/11/2022, 17:24:28,815
YYOLOADER,YoYo Loader Vita,3534,07/11/2022, 18:17:18,815
YYOLOADER,YoYo Loader Vita,3536,07/11/2022, 19:21:31,815
YYOLOADER,YoYo Loader Vita,3536,07/11/2022, 20:16:13,815
YYOLOADER,YoYo Loader Vita,3539,07/11/2022, 21:12:30,815
YYOLOADER,YoYo Loader Vita,3542,07/11/2022, 22:13:31,815
YYOLOADER,YoYo Loader Vita,3543,07/11/2022, 23:13:36,815
YYOLOADER,YoYo Loader Vita,3544,07/12/2022, 01:16:50,815
YYOLOADER,YoYo Loader Vita,3548,07/12/2022, 03:58:16,815
YYOLOADER,YoYo Loader Vita,3548,07/12/2022, 05:01:21,815
YYOLOADER,YoYo Loader Vita,3552,07/12/2022, 06:17:23,815
YYOLOADER,YoYo Loader Vita,3554,07/12/2022, 07:13:03,815
YYOLOADER,YoYo Loader Vita,3554,07/12/2022, 08:19:04,815
YYOLOADER,YoYo Loader Vita,3555,07/12/2022, 09:23:21,815
YYOLOADER,YoYo Loader Vita,3555,07/12/2022, 10:16:32,815
YYOLOADER,YoYo Loader Vita,3558,07/12/2022, 11:12:41,815
YYOLOADER,YoYo Loader Vita,3559,07/12/2022, 12:29:36,815
YYOLOADER,YoYo Loader Vita,3559,07/12/2022, 13:40:26,815
YYOLOADER,YoYo Loader Vita,3559,07/12/2022, 14:12:42,815
YYOLOADER,YoYo Loader Vita,3561,07/12/2022, 15:21:09,815
YYOLOADER,YoYo Loader Vita,3561,07/12/2022, 16:19:00,815
YYOLOADER,YoYo Loader Vita,3562,07/12/2022, 17:18:33,815
YYOLOADER,YoYo Loader Vita,3562,07/12/2022, 18:17:04,815
YYOLOADER,YoYo Loader Vita,3562,07/12/2022, 19:11:26,815
YYOLOADER,YoYo Loader Vita,3564,07/12/2022, 20:15:13,815
YYOLOADER,YoYo Loader Vita,3564,07/12/2022, 21:12:32,815
YYOLOADER,YoYo Loader Vita,3566,07/12/2022, 22:13:27,815
YYOLOADER,YoYo Loader Vita,3567,07/12/2022, 23:14:18,815
YYOLOADER,YoYo Loader Vita,3569,07/13/2022, 01:09:37,815
YYOLOADER,YoYo Loader Vita,3572,07/13/2022, 03:37:12,815
YYOLOADER,YoYo Loader Vita,3573,07/13/2022, 04:32:52,815
YYOLOADER,YoYo Loader Vita,3573,07/13/2022, 05:18:01,815
YYOLOADER,YoYo Loader Vita,3575,07/13/2022, 06:18:18,815
YYOLOADER,YoYo Loader Vita,3575,07/13/2022, 07:12:47,815
YYOLOADER,YoYo Loader Vita,3577,07/13/2022, 08:18:11,815
YYOLOADER,YoYo Loader Vita,3577,07/13/2022, 09:14:02,815
YYOLOADER,YoYo Loader Vita,3577,07/13/2022, 10:18:38,815
YYOLOADER,YoYo Loader Vita,3578,07/13/2022, 11:12:15,815
YYOLOADER,YoYo Loader Vita,3578,07/13/2022, 12:24:49,815
YYOLOADER,YoYo Loader Vita,3579,07/13/2022, 13:38:06,815
YYOLOADER,YoYo Loader Vita,3579,07/13/2022, 14:19:47,815
YYOLOADER,YoYo Loader Vita,3579,07/13/2022, 15:19:56,815
YYOLOADER,YoYo Loader Vita,3580,07/13/2022, 16:21:53,815
YYOLOADER,YoYo Loader Vita,3580,07/13/2022, 17:20:55,815
YYOLOADER,YoYo Loader Vita,3580,07/13/2022, 18:16:11,815
YYOLOADER,YoYo Loader Vita,3580,07/13/2022, 19:11:39,815
YYOLOADER,YoYo Loader Vita,3581,07/13/2022, 20:15:28,815
YYOLOADER,YoYo Loader Vita,3581,07/13/2022, 21:14:16,815
YYOLOADER,YoYo Loader Vita,3581,07/13/2022, 22:12:38,815
YYOLOADER,YoYo Loader Vita,3582,07/13/2022, 23:13:49,815
YYOLOADER,YoYo Loader Vita,3582,07/14/2022, 01:16:40,815
YYOLOADER,YoYo Loader Vita,3582,07/14/2022, 03:48:38,815
YYOLOADER,YoYo Loader Vita,3584,07/14/2022, 04:45:06,815
YYOLOADER,YoYo Loader Vita,3585,07/14/2022, 05:27:45,815
YYOLOADER,YoYo Loader Vita,3586,07/14/2022, 06:18:01,815
YYOLOADER,YoYo Loader Vita,3588,07/14/2022, 07:13:26,815
YYOLOADER,YoYo Loader Vita,3588,07/14/2022, 08:18:02,815
YYOLOADER,YoYo Loader Vita,3588,07/14/2022, 09:14:23,815
YYOLOADER,YoYo Loader Vita,3588,07/14/2022, 10:16:21,815
YYOLOADER,YoYo Loader Vita,3588,07/14/2022, 11:11:57,815
YYOLOADER,YoYo Loader Vita,3589,07/14/2022, 12:32:29,815
YYOLOADER,YoYo Loader Vita,3590,07/14/2022, 13:38:49,815
YYOLOADER,YoYo Loader Vita,3592,07/14/2022, 14:18:30,815
YYOLOADER,YoYo Loader Vita,3592,07/14/2022, 15:15:30,815
YYOLOADER,YoYo Loader Vita,3594,07/14/2022, 16:23:46,815
YYOLOADER,YoYo Loader Vita,3597,07/14/2022, 17:24:52,815
YYOLOADER,YoYo Loader Vita,3598,07/14/2022, 18:17:24,815
YYOLOADER,YoYo Loader Vita,3599,07/14/2022, 19:11:30,815
YYOLOADER,YoYo Loader Vita,3599,07/14/2022, 20:15:16,815
YYOLOADER,YoYo Loader Vita,3599,07/14/2022, 21:13:44,815
YYOLOADER,YoYo Loader Vita,3599,07/14/2022, 22:15:19,815
YYOLOADER,YoYo Loader Vita,3600,07/14/2022, 23:15:41,815
YYOLOADER,YoYo Loader Vita,3603,07/15/2022, 01:20:37,815
YYOLOADER,YoYo Loader Vita,3605,07/15/2022, 03:53:47,815
YYOLOADER,YoYo Loader Vita,3607,07/15/2022, 05:00:19,815
YYOLOADER,YoYo Loader Vita,3607,07/15/2022, 05:44:23,815
YYOLOADER,YoYo Loader Vita,3607,07/15/2022, 06:17:03,815
YYOLOADER,YoYo Loader Vita,3607,07/15/2022, 07:13:20,815
YYOLOADER,YoYo Loader Vita,3607,07/15/2022, 08:18:21,815
YYOLOADER,YoYo Loader Vita,3610,07/15/2022, 09:13:49,815
YYOLOADER,YoYo Loader Vita,3610,07/15/2022, 10:16:14,815
YYOLOADER,YoYo Loader Vita,3613,07/15/2022, 11:11:43,815
YYOLOADER,YoYo Loader Vita,3613,07/15/2022, 12:29:01,815
YYOLOADER,YoYo Loader Vita,3614,07/15/2022, 13:43:04,815
YYOLOADER,YoYo Loader Vita,3616,07/15/2022, 14:18:26,815
YYOLOADER,YoYo Loader Vita,3617,07/15/2022, 15:16:04,815
YYOLOADER,YoYo Loader Vita,3617,07/15/2022, 16:20:56,815
YYOLOADER,YoYo Loader Vita,3618,07/15/2022, 17:23:02,815
YYOLOADER,YoYo Loader Vita,3618,07/15/2022, 18:17:22,815
YYOLOADER,YoYo Loader Vita,3620,07/15/2022, 19:11:12,815
YYOLOADER,YoYo Loader Vita,3620,07/15/2022, 20:15:05,815
YYOLOADER,YoYo Loader Vita,3620,07/15/2022, 21:13:10,815
YYOLOADER,YoYo Loader Vita,3620,07/15/2022, 22:13:10,815
YYOLOADER,YoYo Loader Vita,3622,07/15/2022, 23:14:16,815
YYOLOADER,YoYo Loader Vita,3624,07/16/2022, 01:16:17,815
YYOLOADER,YoYo Loader Vita,3629,07/16/2022, 03:23:30,815
YYOLOADER,YoYo Loader Vita,3631,07/16/2022, 04:25:47,815
YYOLOADER,YoYo Loader Vita,3631,07/16/2022, 05:13:28,815
YYOLOADER,YoYo Loader Vita,3632,07/16/2022, 06:16:13,815
YYOLOADER,YoYo Loader Vita,3633,07/16/2022, 07:12:41,815
YYOLOADER,YoYo Loader Vita,3634,07/16/2022, 08:16:29,815
YYOLOADER,YoYo Loader Vita,3634,07/16/2022, 09:13:08,815
YYOLOADER,YoYo Loader Vita,3634,07/16/2022, 10:14:00,815
YYOLOADER,YoYo Loader Vita,3635,07/16/2022, 11:12:10,815
YYOLOADER,YoYo Loader Vita,3635,07/16/2022, 12:21:37,815
YYOLOADER,YoYo Loader Vita,3635,07/16/2022, 13:22:24,815
YYOLOADER,YoYo Loader Vita,3635,07/16/2022, 14:12:36,815
YYOLOADER,YoYo Loader Vita,3635,07/16/2022, 15:13:13,815
YYOLOADER,YoYo Loader Vita,3636,07/16/2022, 16:16:54,815
YYOLOADER,YoYo Loader Vita,3636,07/16/2022, 17:13:10,815
YYOLOADER,YoYo Loader Vita,3636,07/16/2022, 18:15:56,815
YYOLOADER,YoYo Loader Vita,3636,07/16/2022, 19:11:34,815
YYOLOADER,YoYo Loader Vita,3637,07/16/2022, 20:13:46,815
YYOLOADER,YoYo Loader Vita,3638,07/16/2022, 21:11:40,815
YYOLOADER,YoYo Loader Vita,3640,07/16/2022, 22:13:20,815
YYOLOADER,YoYo Loader Vita,3643,07/16/2022, 23:12:58,815
YYOLOADER,YoYo Loader Vita,3644,07/17/2022, 01:18:22,815
YYOLOADER,YoYo Loader Vita,3646,07/17/2022, 03:39:45,815
YYOLOADER,YoYo Loader Vita,3648,07/17/2022, 04:30:08,815
YYOLOADER,YoYo Loader Vita,3649,07/17/2022, 05:15:44,815
YYOLOADER,YoYo Loader Vita,3649,07/17/2022, 06:16:23,815
YYOLOADER,YoYo Loader Vita,3649,07/17/2022, 07:12:47,815
YYOLOADER,YoYo Loader Vita,3649,07/17/2022, 08:16:06,815
YYOLOADER,YoYo Loader Vita,3649,07/17/2022, 09:13:10,815
YYOLOADER,YoYo Loader Vita,3652,07/17/2022, 10:13:41,815
YYOLOADER,YoYo Loader Vita,3654,07/17/2022, 11:11:15,815
YYOLOADER,YoYo Loader Vita,3654,07/17/2022, 12:23:13,815
YYOLOADER,YoYo Loader Vita,3654,07/17/2022, 13:23:22,815
YYOLOADER,YoYo Loader Vita,3655,07/17/2022, 14:12:13,815
YYOLOADER,YoYo Loader Vita,3657,07/17/2022, 15:13:06,815
YYOLOADER,YoYo Loader Vita,3658,07/17/2022, 16:17:20,815
YYOLOADER,YoYo Loader Vita,3658,07/17/2022, 17:13:46,815
YYOLOADER,YoYo Loader Vita,3660,07/17/2022, 18:15:28,815
YYOLOADER,YoYo Loader Vita,3661,07/17/2022, 19:11:25,815
YYOLOADER,YoYo Loader Vita,3662,07/17/2022, 20:13:56,815
YYOLOADER,YoYo Loader Vita,3662,07/17/2022, 21:12:21,815
YYOLOADER,YoYo Loader Vita,3662,07/17/2022, 22:13:03,815
YYOLOADER,YoYo Loader Vita,3663,07/17/2022, 23:13:17,815
YYOLOADER,YoYo Loader Vita,3666,07/18/2022, 01:12:27,815
YYOLOADER,YoYo Loader Vita,3670,07/18/2022, 03:42:18,815
YYOLOADER,YoYo Loader Vita,3671,07/18/2022, 04:44:03,815
YYOLOADER,YoYo Loader Vita,3671,07/18/2022, 05:27:30,815
YYOLOADER,YoYo Loader Vita,3671,07/18/2022, 06:20:57,815
YYOLOADER,YoYo Loader Vita,3671,07/18/2022, 07:13:13,815
YYOLOADER,YoYo Loader Vita,3672,07/18/2022, 08:18:48,815
YYOLOADER,YoYo Loader Vita,3673,07/18/2022, 09:14:03,815
YYOLOADER,YoYo Loader Vita,3675,07/18/2022, 10:21:19,815
YYOLOADER,YoYo Loader Vita,3676,07/18/2022, 11:17:29,815
YYOLOADER,YoYo Loader Vita,3678,07/18/2022, 12:26:44,815
YYOLOADER,YoYo Loader Vita,3680,07/18/2022, 13:46:25,815
YYOLOADER,YoYo Loader Vita,3681,07/18/2022, 14:21:21,815
YYOLOADER,YoYo Loader Vita,3683,07/18/2022, 15:20:52,815
YYOLOADER,YoYo Loader Vita,3684,07/18/2022, 16:20:41,815
YYOLOADER,YoYo Loader Vita,3684,07/18/2022, 17:22:15,815
YYOLOADER,YoYo Loader Vita,3684,07/18/2022, 18:16:39,815
YYOLOADER,YoYo Loader Vita,3685,07/18/2022, 19:11:23,815
YYOLOADER,YoYo Loader Vita,3685,07/18/2022, 20:14:43,815
YYOLOADER,YoYo Loader Vita,3686,07/18/2022, 21:12:17,815
YYOLOADER,YoYo Loader Vita,3687,07/18/2022, 22:13:50,815
YYOLOADER,YoYo Loader Vita,3688,07/18/2022, 23:13:29,815
YYOLOADER,YoYo Loader Vita,3689,07/19/2022, 01:20:09,815
YYOLOADER,YoYo Loader Vita,3692,07/19/2022, 03:55:46,815
YYOLOADER,YoYo Loader Vita,3693,07/19/2022, 05:05:36,815
YYOLOADER,YoYo Loader Vita,3694,07/19/2022, 06:17:50,815
YYOLOADER,YoYo Loader Vita,3694,07/19/2022, 07:13:28,815
YYOLOADER,YoYo Loader Vita,3694,07/19/2022, 08:17:42,815
YYOLOADER,YoYo Loader Vita,3694,07/19/2022, 09:20:28,815
YYOLOADER,YoYo Loader Vita,3694,07/19/2022, 10:15:54,815
YYOLOADER,YoYo Loader Vita,3694,07/19/2022, 11:11:48,815
YYOLOADER,YoYo Loader Vita,3696,07/19/2022, 12:28:07,815
YYOLOADER,YoYo Loader Vita,3697,07/19/2022, 13:37:29,815
YYOLOADER,YoYo Loader Vita,3698,07/19/2022, 14:14:31,815
YYOLOADER,YoYo Loader Vita,3698,07/19/2022, 15:15:58,815
YYOLOADER,YoYo Loader Vita,3700,07/19/2022, 16:19:53,815
YYOLOADER,YoYo Loader Vita,3701,07/19/2022, 17:24:50,815
YYOLOADER,YoYo Loader Vita,3702,07/19/2022, 18:17:41,815
YYOLOADER,YoYo Loader Vita,3705,07/19/2022, 19:11:36,815
YYOLOADER,YoYo Loader Vita,3708,07/19/2022, 20:14:58,815
YYOLOADER,YoYo Loader Vita,3709,07/19/2022, 21:12:57,815
YYOLOADER,YoYo Loader Vita,3709,07/19/2022, 22:13:51,815
YYOLOADER,YoYo Loader Vita,3710,07/19/2022, 23:14:09,815
YYOLOADER,YoYo Loader Vita,3712,07/20/2022, 01:10:20,815
YYOLOADER,YoYo Loader Vita,3713,07/20/2022, 03:39:33,815
YYOLOADER,YoYo Loader Vita,3713,07/20/2022, 04:36:42,815
YYOLOADER,YoYo Loader Vita,3713,07/20/2022, 05:21:24,815
YYOLOADER,YoYo Loader Vita,3714,07/20/2022, 06:18:19,815
YYOLOADER,YoYo Loader Vita,3714,07/20/2022, 07:13:11,815
YYOLOADER,YoYo Loader Vita,3716,07/20/2022, 08:19:23,815
YYOLOADER,YoYo Loader Vita,3716,07/20/2022, 09:14:04,815
YYOLOADER,YoYo Loader Vita,3716,07/20/2022, 10:14:53,815
YYOLOADER,YoYo Loader Vita,3717,07/20/2022, 11:12:00,815
YYOLOADER,YoYo Loader Vita,3717,07/20/2022, 12:26:57,815
YYOLOADER,YoYo Loader Vita,3718,07/20/2022, 13:39:35,815
YYOLOADER,YoYo Loader Vita,3718,07/20/2022, 14:15:03,815
YYOLOADER,YoYo Loader Vita,3720,07/20/2022, 15:15:27,815
YYOLOADER,YoYo Loader Vita,3723,07/20/2022, 16:19:36,815
YYOLOADER,YoYo Loader Vita,3723,07/20/2022, 17:20:36,815
YYOLOADER,YoYo Loader Vita,3725,07/20/2022, 18:17:13,815
YYOLOADER,YoYo Loader Vita,3725,07/20/2022, 19:11:31,815
YYOLOADER,YoYo Loader Vita,3729,07/20/2022, 20:15:42,815
YYOLOADER,YoYo Loader Vita,3730,07/20/2022, 21:12:31,815
YYOLOADER,YoYo Loader Vita,3734,07/20/2022, 22:13:46,815
YYOLOADER,YoYo Loader Vita,3735,07/20/2022, 23:14:41,815
YYOLOADER,YoYo Loader Vita,3742,07/21/2022, 01:11:17,815
YYOLOADER,YoYo Loader Vita,3745,07/21/2022, 03:38:03,815
YYOLOADER,YoYo Loader Vita,3746,07/21/2022, 04:39:40,815
YYOLOADER,YoYo Loader Vita,3746,07/21/2022, 05:26:01,815
YYOLOADER,YoYo Loader Vita,3746,07/21/2022, 06:17:59,815
YYOLOADER,YoYo Loader Vita,3747,07/21/2022, 07:12:49,815
YYOLOADER,YoYo Loader Vita,3748,07/21/2022, 08:18:09,815
YYOLOADER,YoYo Loader Vita,3748,07/21/2022, 09:13:54,815
YYOLOADER,YoYo Loader Vita,3748,07/21/2022, 10:15:48,815
YYOLOADER,YoYo Loader Vita,3748,07/21/2022, 11:12:11,815
YYOLOADER,YoYo Loader Vita,3749,07/21/2022, 12:29:09,815
YYOLOADER,YoYo Loader Vita,3750,07/21/2022, 13:37:04,815
YYOLOADER,YoYo Loader Vita,3751,07/21/2022, 14:13:26,815
YYOLOADER,YoYo Loader Vita,3751,07/21/2022, 15:15:45,815
YYOLOADER,YoYo Loader Vita,3751,07/21/2022, 16:18:55,815
YYOLOADER,YoYo Loader Vita,3751,07/21/2022, 17:18:15,815
YYOLOADER,YoYo Loader Vita,3751,07/21/2022, 18:17:49,815
YYOLOADER,YoYo Loader Vita,3752,07/21/2022, 19:12:30,815
YYOLOADER,YoYo Loader Vita,3753,07/21/2022, 20:16:02,815
YYOLOADER,YoYo Loader Vita,3754,07/21/2022, 21:14:28,815
YYOLOADER,YoYo Loader Vita,3754,07/21/2022, 22:13:41,815
YYOLOADER,YoYo Loader Vita,3756,07/21/2022, 23:15:23,815
YYOLOADER,YoYo Loader Vita,3756,07/22/2022, 01:17:14,815
YYOLOADER,YoYo Loader Vita,3756,07/22/2022, 03:46:05,815
YYOLOADER,YoYo Loader Vita,3756,07/22/2022, 04:40:56,815
YYOLOADER,YoYo Loader Vita,3756,07/22/2022, 05:23:22,815
YYOLOADER,YoYo Loader Vita,3756,07/22/2022, 06:19:32,815
YYOLOADER,YoYo Loader Vita,3757,07/22/2022, 07:14:26,815
YYOLOADER,YoYo Loader Vita,3757,07/22/2022, 08:19:53,815
YYOLOADER,YoYo Loader Vita,3757,07/22/2022, 09:13:57,815
YYOLOADER,YoYo Loader Vita,3757,07/22/2022, 10:16:32,815
YYOLOADER,YoYo Loader Vita,3757,07/22/2022, 11:12:34,815
YYOLOADER,YoYo Loader Vita,3757,07/22/2022, 12:27:32,815
YYOLOADER,YoYo Loader Vita,3760,07/22/2022, 13:33:43,815
YYOLOADER,YoYo Loader Vita,3761,07/22/2022, 14:13:48,815
YYOLOADER,YoYo Loader Vita,3761,07/22/2022, 15:14:59,815
YYOLOADER,YoYo Loader Vita,3762,07/22/2022, 16:23:01,815
YYOLOADER,YoYo Loader Vita,3763,07/22/2022, 17:24:15,815
YYOLOADER,YoYo Loader Vita,3766,07/22/2022, 18:18:31,815
YYOLOADER,YoYo Loader Vita,3767,07/22/2022, 19:11:34,815
YYOLOADER,YoYo Loader Vita,3768,07/22/2022, 20:15:26,815
YYOLOADER,YoYo Loader Vita,3768,07/22/2022, 21:13:00,815
YYOLOADER,YoYo Loader Vita,3768,07/22/2022, 22:14:06,815
YYOLOADER,YoYo Loader Vita,3769,07/22/2022, 23:13:55,815
YYOLOADER,YoYo Loader Vita,3774,07/23/2022, 01:13:25,815
YYOLOADER,YoYo Loader Vita,3776,07/23/2022, 03:28:18,815
YYOLOADER,YoYo Loader Vita,3776,07/23/2022, 04:27:48,815
YYOLOADER,YoYo Loader Vita,3776,07/23/2022, 05:16:02,815
YYOLOADER,YoYo Loader Vita,3779,07/23/2022, 06:17:00,815
YYOLOADER,YoYo Loader Vita,3779,07/23/2022, 07:13:02,815
YYOLOADER,YoYo Loader Vita,3780,07/23/2022, 08:17:38,815
YYOLOADER,YoYo Loader Vita,3781,07/23/2022, 09:13:34,815
YYOLOADER,YoYo Loader Vita,3782,07/23/2022, 10:14:25,815
YYOLOADER,YoYo Loader Vita,3782,07/23/2022, 11:12:30,815
YYOLOADER,YoYo Loader Vita,3783,07/23/2022, 12:23:49,815
YYOLOADER,YoYo Loader Vita,3783,07/23/2022, 13:25:11,815
YYOLOADER,YoYo Loader Vita,3783,07/23/2022, 14:12:17,815
YYOLOADER,YoYo Loader Vita,3784,07/23/2022, 15:14:00,815
YYOLOADER,YoYo Loader Vita,3784,07/23/2022, 16:18:04,815
YYOLOADER,YoYo Loader Vita,3784,07/23/2022, 17:16:00,815
YYOLOADER,YoYo Loader Vita,3784,07/23/2022, 18:15:57,815
YYOLOADER,YoYo Loader Vita,3784,07/23/2022, 19:11:51,815
YYOLOADER,YoYo Loader Vita,3785,07/23/2022, 20:14:09,815
YYOLOADER,YoYo Loader Vita,3785,07/23/2022, 21:12:26,815
YYOLOADER,YoYo Loader Vita,3786,07/23/2022, 22:13:07,815
YYOLOADER,YoYo Loader Vita,3786,07/23/2022, 23:13:29,815
YYOLOADER,YoYo Loader Vita,3787,07/24/2022, 01:19:02,815
YYOLOADER,YoYo Loader Vita,3790,07/24/2022, 03:36:07,815
YYOLOADER,YoYo Loader Vita,3790,07/24/2022, 04:29:32,815
YYOLOADER,YoYo Loader Vita,3790,07/24/2022, 05:17:02,815
YYOLOADER,YoYo Loader Vita,3791,07/24/2022, 06:16:59,815
YYOLOADER,YoYo Loader Vita,3792,07/24/2022, 07:13:09,815
YYOLOADER,YoYo Loader Vita,3793,07/24/2022, 08:16:55,815
YYOLOADER,YoYo Loader Vita,3794,07/24/2022, 09:13:26,815
YYOLOADER,YoYo Loader Vita,3794,07/24/2022, 10:14:44,815
YYOLOADER,YoYo Loader Vita,3795,07/24/2022, 11:11:46,815
YYOLOADER,YoYo Loader Vita,3797,07/24/2022, 12:24:19,815
YYOLOADER,YoYo Loader Vita,3801,07/24/2022, 13:26:20,815
YYOLOADER,YoYo Loader Vita,3801,07/24/2022, 14:12:33,815
YYOLOADER,YoYo Loader Vita,3803,07/24/2022, 15:13:52,815
YYOLOADER,YoYo Loader Vita,3803,07/24/2022, 16:18:41,815
YYOLOADER,YoYo Loader Vita,3804,07/24/2022, 17:16:25,815
YYOLOADER,YoYo Loader Vita,3806,07/24/2022, 18:16:44,815
YYOLOADER,YoYo Loader Vita,3810,07/24/2022, 19:11:53,815
YYOLOADER,YoYo Loader Vita,3811,07/24/2022, 20:14:24,815
YYOLOADER,YoYo Loader Vita,3812,07/24/2022, 21:12:32,815
YYOLOADER,YoYo Loader Vita,3812,07/24/2022, 22:13:19,815
YYOLOADER,YoYo Loader Vita,3812,07/24/2022, 23:13:33,815
YYOLOADER,YoYo Loader Vita,3819,07/25/2022, 01:13:03,815
YYOLOADER,YoYo Loader Vita,3822,07/25/2022, 03:43:52,815
YYOLOADER,YoYo Loader Vita,3823,07/25/2022, 04:44:25,815
YYOLOADER,YoYo Loader Vita,3823,07/25/2022, 05:24:54,815
YYOLOADER,YoYo Loader Vita,3823,07/25/2022, 06:18:38,815
YYOLOADER,YoYo Loader Vita,3824,07/25/2022, 07:13:58,815
YYOLOADER,YoYo Loader Vita,3824,07/25/2022, 08:19:31,815
YYOLOADER,YoYo Loader Vita,3824,07/25/2022, 09:14:17,815
YYOLOADER,YoYo Loader Vita,3825,07/25/2022, 10:16:35,815
YYOLOADER,YoYo Loader Vita,3825,07/25/2022, 11:13:15,815
YYOLOADER,YoYo Loader Vita,3825,07/25/2022, 12:29:23,815
YYOLOADER,YoYo Loader Vita,3827,07/25/2022, 13:37:43,815
YYOLOADER,YoYo Loader Vita,3829,07/25/2022, 14:14:16,815
YYOLOADER,YoYo Loader Vita,3830,07/25/2022, 15:15:22,815
YYOLOADER,YoYo Loader Vita,3830,07/25/2022, 16:19:02,815
YYOLOADER,YoYo Loader Vita,3831,07/25/2022, 17:21:36,815
YYOLOADER,YoYo Loader Vita,3831,07/25/2022, 18:17:14,815
YYOLOADER,YoYo Loader Vita,3831,07/25/2022, 19:11:32,815
YYOLOADER,YoYo Loader Vita,3832,07/25/2022, 20:14:09,815
YYOLOADER,YoYo Loader Vita,3832,07/25/2022, 21:12:39,815
YYOLOADER,YoYo Loader Vita,3833,07/25/2022, 22:13:16,815
YYOLOADER,YoYo Loader Vita,3835,07/25/2022, 23:13:41,815
YYOLOADER,YoYo Loader Vita,3838,07/26/2022, 01:17:05,815
YYOLOADER,YoYo Loader Vita,3840,07/26/2022, 04:02:05,815
YYOLOADER,YoYo Loader Vita,3840,07/26/2022, 05:37:27,815
YYOLOADER,YoYo Loader Vita,3840,07/26/2022, 06:18:28,815
YYOLOADER,YoYo Loader Vita,3840,07/26/2022, 07:13:23,815
YYOLOADER,YoYo Loader Vita,3840,07/26/2022, 08:17:42,815
YYOLOADER,YoYo Loader Vita,3840,07/26/2022, 09:18:58,815
YYOLOADER,YoYo Loader Vita,3840,07/26/2022, 10:16:52,815
YYOLOADER,YoYo Loader Vita,3840,07/26/2022, 11:12:29,815
YYOLOADER,YoYo Loader Vita,3840,07/26/2022, 12:28:28,815
YYOLOADER,YoYo Loader Vita,3840,07/26/2022, 13:37:45,815
YYOLOADER,YoYo Loader Vita,3840,07/26/2022, 14:12:53,815
YYOLOADER,YoYo Loader Vita,3840,07/26/2022, 15:16:19,815
YYOLOADER,YoYo Loader Vita,3841,07/26/2022, 16:19:27,815
YYOLOADER,YoYo Loader Vita,3842,07/26/2022, 17:17:32,815
YYOLOADER,YoYo Loader Vita,3844,07/26/2022, 18:17:29,815
YYOLOADER,YoYo Loader Vita,3845,07/26/2022, 19:12:05,815
YYOLOADER,YoYo Loader Vita,3846,07/26/2022, 20:14:58,815
YYOLOADER,YoYo Loader Vita,3850,07/26/2022, 22:13:29,815
YYOLOADER,YoYo Loader Vita,3852,07/26/2022, 23:13:24,815
YYOLOADER,YoYo Loader Vita,3853,07/27/2022, 01:18:43,815
YYOLOADER,YoYo Loader Vita,3854,07/27/2022, 03:47:29,815
YYOLOADER,YoYo Loader Vita,3854,07/27/2022, 04:49:01,815
YYOLOADER,YoYo Loader Vita,3855,07/27/2022, 05:30:08,815
YYOLOADER,YoYo Loader Vita,3856,07/27/2022, 06:17:42,815
YYOLOADER,YoYo Loader Vita,3858,07/27/2022, 07:14:03,815
YYOLOADER,YoYo Loader Vita,3858,07/27/2022, 08:17:33,815
YYOLOADER,YoYo Loader Vita,3859,07/27/2022, 09:13:50,815
YYOLOADER,YoYo Loader Vita,3860,07/27/2022, 10:16:43,815
YYOLOADER,YoYo Loader Vita,3860,07/27/2022, 11:12:37,815
YYOLOADER,YoYo Loader Vita,3860,07/27/2022, 12:30:34,815
YYOLOADER,YoYo Loader Vita,3861,07/27/2022, 13:42:09,815
YYOLOADER,YoYo Loader Vita,3863,07/27/2022, 14:14:35,815
YYOLOADER,YoYo Loader Vita,3863,07/27/2022, 15:15:53,815
YYOLOADER,YoYo Loader Vita,3863,07/27/2022, 16:19:39,815
YYOLOADER,YoYo Loader Vita,3864,07/27/2022, 17:22:58,815
YYOLOADER,YoYo Loader Vita,3865,07/27/2022, 18:16:35,815
YYOLOADER,YoYo Loader Vita,3865,07/27/2022, 19:12:56,815
YYOLOADER,YoYo Loader Vita,3865,07/27/2022, 20:15:12,815
YYOLOADER,YoYo Loader Vita,3866,07/27/2022, 21:12:27,815
YYOLOADER,YoYo Loader Vita,3867,07/27/2022, 22:14:03,815
YYOLOADER,YoYo Loader Vita,3868,07/27/2022, 23:13:57,815
YYOLOADER,YoYo Loader Vita,3870,07/28/2022, 01:11:17,815
YYOLOADER,YoYo Loader Vita,3873,07/28/2022, 03:38:08,815
YYOLOADER,YoYo Loader Vita,3873,07/28/2022, 04:39:51,815
YYOLOADER,YoYo Loader Vita,3873,07/28/2022, 05:23:31,815
YYOLOADER,YoYo Loader Vita,3874,07/28/2022, 06:17:55,815
YYOLOADER,YoYo Loader Vita,3874,07/28/2022, 07:13:22,815
YYOLOADER,YoYo Loader Vita,3874,07/28/2022, 08:20:12,815
YYOLOADER,YoYo Loader Vita,3875,07/28/2022, 09:13:54,815
YYOLOADER,YoYo Loader Vita,3875,07/28/2022, 10:15:38,815
YYOLOADER,YoYo Loader Vita,3875,07/28/2022, 11:12:59,815
YYOLOADER,YoYo Loader Vita,3876,07/28/2022, 12:30:35,815
YYOLOADER,YoYo Loader Vita,3876,07/28/2022, 13:38:51,815
YYOLOADER,YoYo Loader Vita,3877,07/28/2022, 14:16:23,815
YYOLOADER,YoYo Loader Vita,3877,07/28/2022, 15:14:22,815
YYOLOADER,YoYo Loader Vita,3877,07/28/2022, 16:21:33,815
YYOLOADER,YoYo Loader Vita,3880,07/28/2022, 17:24:43,815
YYOLOADER,YoYo Loader Vita,3880,07/28/2022, 18:19:00,815
YYOLOADER,YoYo Loader Vita,3880,07/28/2022, 19:11:09,815
YYOLOADER,YoYo Loader Vita,3880,07/28/2022, 20:15:07,815
YYOLOADER,YoYo Loader Vita,3881,07/28/2022, 21:12:34,815
YYOLOADER,YoYo Loader Vita,3883,07/28/2022, 22:13:15,815
YYOLOADER,YoYo Loader Vita,3884,07/28/2022, 23:16:02,815
YYOLOADER,YoYo Loader Vita,3885,07/29/2022, 01:16:25,815
YYOLOADER,YoYo Loader Vita,3887,07/29/2022, 03:49:21,815
YYOLOADER,YoYo Loader Vita,3888,07/29/2022, 04:45:30,815
YYOLOADER,YoYo Loader Vita,3888,07/29/2022, 05:25:48,815
YYOLOADER,YoYo Loader Vita,3888,07/29/2022, 06:18:19,815
YYOLOADER,YoYo Loader Vita,3889,07/29/2022, 07:12:54,815
YYOLOADER,YoYo Loader Vita,3889,07/29/2022, 08:17:38,815
YYOLOADER,YoYo Loader Vita,3890,07/29/2022, 09:14:27,815
YYOLOADER,YoYo Loader Vita,3893,07/29/2022, 10:15:44,815
YYOLOADER,YoYo Loader Vita,3894,07/29/2022, 11:12:02,815
YYOLOADER,YoYo Loader Vita,3894,07/29/2022, 12:29:51,815
YYOLOADER,YoYo Loader Vita,3894,07/29/2022, 13:36:25,815
YYOLOADER,YoYo Loader Vita,3894,07/29/2022, 14:12:29,815
YYOLOADER,YoYo Loader Vita,3894,07/29/2022, 15:17:20,815
YYOLOADER,YoYo Loader Vita,3896,07/29/2022, 16:21:02,815
YYOLOADER,YoYo Loader Vita,3897,07/29/2022, 17:18:15,815
YYOLOADER,YoYo Loader Vita,3897,07/29/2022, 18:18:08,815
YYOLOADER,YoYo Loader Vita,3898,07/29/2022, 19:11:24,815
YYOLOADER,YoYo Loader Vita,3899,07/29/2022, 20:14:50,815
YYOLOADER,YoYo Loader Vita,3901,07/29/2022, 21:13:22,815
YYOLOADER,YoYo Loader Vita,3901,07/29/2022, 22:13:28,815
YYOLOADER,YoYo Loader Vita,3903,07/29/2022, 23:13:48,815
YYOLOADER,YoYo Loader Vita,3904,07/30/2022, 01:08:57,815
YYOLOADER,YoYo Loader Vita,3906,07/30/2022, 03:45:25,815
YYOLOADER,YoYo Loader Vita,3906,07/30/2022, 04:34:38,815
YYOLOADER,YoYo Loader Vita,3906,07/30/2022, 05:17:20,815
YYOLOADER,YoYo Loader Vita,3907,07/30/2022, 06:16:15,815
YYOLOADER,YoYo Loader Vita,3907,07/30/2022, 07:12:49,815
YYOLOADER,YoYo Loader Vita,3907,07/30/2022, 08:17:06,815
YYOLOADER,YoYo Loader Vita,3907,07/30/2022, 09:12:45,815
YYOLOADER,YoYo Loader Vita,3907,07/30/2022, 10:14:08,815
YYOLOADER,YoYo Loader Vita,3907,07/30/2022, 11:12:55,815
YYOLOADER,YoYo Loader Vita,3907,07/30/2022, 12:22:28,815
YYOLOADER,YoYo Loader Vita,3907,07/30/2022, 13:23:13,815
YYOLOADER,YoYo Loader Vita,3907,07/30/2022, 14:12:43,815
YYOLOADER,YoYo Loader Vita,3907,07/30/2022, 15:13:20,815
YYOLOADER,YoYo Loader Vita,3907,07/30/2022, 16:17:44,815
YYOLOADER,YoYo Loader Vita,3910,07/30/2022, 17:13:53,815
YYOLOADER,YoYo Loader Vita,3910,07/30/2022, 18:15:39,815
YYOLOADER,YoYo Loader Vita,3911,07/30/2022, 19:11:00,815
YYOLOADER,YoYo Loader Vita,3911,07/30/2022, 20:13:27,815
YYOLOADER,YoYo Loader Vita,3911,07/30/2022, 21:11:42,815
YYOLOADER,YoYo Loader Vita,3911,07/30/2022, 22:12:30,815
YYOLOADER,YoYo Loader Vita,3913,07/30/2022, 23:13:06,815
YYOLOADER,YoYo Loader Vita,3916,07/31/2022, 01:18:28,815
YYOLOADER,YoYo Loader Vita,3917,07/31/2022, 03:39:12,815
YYOLOADER,YoYo Loader Vita,3918,07/31/2022, 04:30:29,815
YYOLOADER,YoYo Loader Vita,3918,07/31/2022, 05:16:02,815
YYOLOADER,YoYo Loader Vita,3918,07/31/2022, 06:16:13,815
YYOLOADER,YoYo Loader Vita,3920,07/31/2022, 07:12:55,815
YYOLOADER,YoYo Loader Vita,3920,07/31/2022, 08:16:11,815
YYOLOADER,YoYo Loader Vita,3920,07/31/2022, 09:13:13,815
YYOLOADER,YoYo Loader Vita,3922,07/31/2022, 10:14:35,815
YYOLOADER,YoYo Loader Vita,3925,07/31/2022, 11:11:51,815
YYOLOADER,YoYo Loader Vita,3925,07/31/2022, 12:25:11,815
YYOLOADER,YoYo Loader Vita,3925,07/31/2022, 13:24:26,815
YYOLOADER,YoYo Loader Vita,3925,07/31/2022, 14:12:26,815
YYOLOADER,YoYo Loader Vita,3925,07/31/2022, 15:13:25,815
YYOLOADER,YoYo Loader Vita,3926,07/31/2022, 16:17:19,815
YYOLOADER,YoYo Loader Vita,3926,07/31/2022, 17:13:47,815
YYOLOADER,YoYo Loader Vita,3927,07/31/2022, 18:15:36,815
YYOLOADER,YoYo Loader Vita,3928,07/31/2022, 19:11:38,815
YYOLOADER,YoYo Loader Vita,3929,07/31/2022, 20:14:27,815
YYOLOADER,YoYo Loader Vita,3930,07/31/2022, 21:11:58,815
YYOLOADER,YoYo Loader Vita,3933,07/31/2022, 22:13:03,815
YYOLOADER,YoYo Loader Vita,3933,07/31/2022, 23:14:15,815
YYOLOADER,YoYo Loader Vita,3933,08/01/2022, 01:22:05,815
YYOLOADER,YoYo Loader Vita,3934,08/01/2022, 04:02:13,815
YYOLOADER,YoYo Loader Vita,3934,08/01/2022, 05:50:32,815
YYOLOADER,YoYo Loader Vita,3934,08/01/2022, 06:30:27,815
YYOLOADER,YoYo Loader Vita,3934,08/01/2022, 07:19:10,815
YYOLOADER,YoYo Loader Vita,3934,08/01/2022, 08:19:23,815
YYOLOADER,YoYo Loader Vita,3934,08/01/2022, 09:15:01,815
YYOLOADER,YoYo Loader Vita,3935,08/01/2022, 10:16:19,815
YYOLOADER,YoYo Loader Vita,3935,08/01/2022, 11:12:49,815
YYOLOADER,YoYo Loader Vita,3935,08/01/2022, 12:27:55,815
YYOLOADER,YoYo Loader Vita,3935,08/01/2022, 13:39:53,815
YYOLOADER,YoYo Loader Vita,3935,08/01/2022, 14:15:22,815
YYOLOADER,YoYo Loader Vita,3936,08/01/2022, 15:17:18,815
YYOLOADER,YoYo Loader Vita,3936,08/01/2022, 16:20:14,815
YYOLOADER,YoYo Loader Vita,3938,08/01/2022, 17:23:11,815
YYOLOADER,YoYo Loader Vita,3938,08/01/2022, 18:19:12,815
YYOLOADER,YoYo Loader Vita,3941,08/01/2022, 19:11:10,815
YYOLOADER,YoYo Loader Vita,3941,08/01/2022, 20:17:49,815
YYOLOADER,YoYo Loader Vita,3942,08/01/2022, 21:12:46,815
YYOLOADER,YoYo Loader Vita,3942,08/01/2022, 22:14:35,815
YYOLOADER,YoYo Loader Vita,3945,08/01/2022, 23:16:25,815
YYOLOADER,YoYo Loader Vita,3947,08/02/2022, 01:22:40,815
YYOLOADER,YoYo Loader Vita,3948,08/02/2022, 04:01:47,815
YYOLOADER,YoYo Loader Vita,3948,08/02/2022, 05:40:23,815
YYOLOADER,YoYo Loader Vita,3948,08/02/2022, 06:17:25,815
YYOLOADER,YoYo Loader Vita,3948,08/02/2022, 07:14:48,815
YYOLOADER,YoYo Loader Vita,3948,08/02/2022, 08:17:57,815
YYOLOADER,YoYo Loader Vita,3948,08/02/2022, 09:14:30,815
YYOLOADER,YoYo Loader Vita,3949,08/02/2022, 10:17:19,815
YYOLOADER,YoYo Loader Vita,3949,08/02/2022, 11:12:16,815
YYOLOADER,YoYo Loader Vita,3950,08/02/2022, 12:31:17,815
YYOLOADER,YoYo Loader Vita,3950,08/02/2022, 13:37:18,815
YYOLOADER,YoYo Loader Vita,3950,08/02/2022, 14:13:19,815
YYOLOADER,YoYo Loader Vita,3950,08/02/2022, 15:14:12,815
YYOLOADER,YoYo Loader Vita,3952,08/02/2022, 16:18:06,815
YYOLOADER,YoYo Loader Vita,3953,08/02/2022, 17:23:00,815
YYOLOADER,YoYo Loader Vita,3953,08/02/2022, 18:17:15,815
YYOLOADER,YoYo Loader Vita,3954,08/02/2022, 19:11:35,815
YYOLOADER,YoYo Loader Vita,3955,08/02/2022, 20:15:58,815
YYOLOADER,YoYo Loader Vita,3955,08/02/2022, 21:12:59,815
YYOLOADER,YoYo Loader Vita,3955,08/02/2022, 22:14:48,815
YYOLOADER,YoYo Loader Vita,3955,08/02/2022, 23:13:51,815
YYOLOADER,YoYo Loader Vita,3958,08/03/2022, 01:20:26,815
YYOLOADER,YoYo Loader Vita,3960,08/03/2022, 03:51:00,815
YYOLOADER,YoYo Loader Vita,3960,08/03/2022, 04:59:59,815
YYOLOADER,YoYo Loader Vita,3960,08/03/2022, 05:42:49,815
YYOLOADER,YoYo Loader Vita,3960,08/03/2022, 06:17:06,815
YYOLOADER,YoYo Loader Vita,3960,08/03/2022, 07:13:21,815
YYOLOADER,YoYo Loader Vita,3960,08/03/2022, 08:19:47,815
YYOLOADER,YoYo Loader Vita,3960,08/03/2022, 09:13:46,815
YYOLOADER,YoYo Loader Vita,3960,08/03/2022, 10:15:22,815
YYOLOADER,YoYo Loader Vita,3960,08/03/2022, 11:12:42,815
YYOLOADER,YoYo Loader Vita,3961,08/03/2022, 12:28:37,815
YYOLOADER,YoYo Loader Vita,3962,08/03/2022, 13:36:56,815
YYOLOADER,YoYo Loader Vita,3962,08/03/2022, 14:12:53,815
YYOLOADER,YoYo Loader Vita,3963,08/03/2022, 15:16:14,815
YYOLOADER,YoYo Loader Vita,3964,08/03/2022, 16:19:29,815
YYOLOADER,YoYo Loader Vita,3964,08/03/2022, 17:17:01,815
YYOLOADER,YoYo Loader Vita,3965,08/03/2022, 18:17:48,815
YYOLOADER,YoYo Loader Vita,3966,08/03/2022, 19:11:36,815
YYOLOADER,YoYo Loader Vita,3966,08/03/2022, 20:15:14,815
YYOLOADER,YoYo Loader Vita,3966,08/03/2022, 21:13:06,815
YYOLOADER,YoYo Loader Vita,3966,08/03/2022, 22:13:31,815
YYOLOADER,YoYo Loader Vita,3968,08/03/2022, 23:14:49,815
YYOLOADER,YoYo Loader Vita,3969,08/04/2022, 01:18:35,815
YYOLOADER,YoYo Loader Vita,3970,08/04/2022, 03:24:12,815
YYOLOADER,YoYo Loader Vita,3970,08/04/2022, 04:39:27,815
YYOLOADER,YoYo Loader Vita,3972,08/04/2022, 05:27:22,815
YYOLOADER,YoYo Loader Vita,3972,08/04/2022, 06:19:52,815
YYOLOADER,YoYo Loader Vita,3973,08/04/2022, 07:12:53,815
YYOLOADER,YoYo Loader Vita,3974,08/04/2022, 08:21:41,815
YYOLOADER,YoYo Loader Vita,3974,08/04/2022, 09:13:35,815
YYOLOADER,YoYo Loader Vita,3975,08/04/2022, 10:16:02,815
YYOLOADER,YoYo Loader Vita,3975,08/04/2022, 11:12:56,815
YYOLOADER,YoYo Loader Vita,3976,08/04/2022, 12:27:26,815
YYOLOADER,YoYo Loader Vita,3977,08/04/2022, 13:35:24,815
YYOLOADER,YoYo Loader Vita,3977,08/04/2022, 14:12:08,815
YYOLOADER,YoYo Loader Vita,3979,08/04/2022, 15:16:08,815
YYOLOADER,YoYo Loader Vita,3980,08/04/2022, 16:21:04,815
YYOLOADER,YoYo Loader Vita,3980,08/04/2022, 17:21:09,815
YYOLOADER,YoYo Loader Vita,3980,08/04/2022, 18:17:08,815
YYOLOADER,YoYo Loader Vita,3980,08/04/2022, 19:12:45,815
YYOLOADER,YoYo Loader Vita,3981,08/04/2022, 20:15:30,815
YYOLOADER,YoYo Loader Vita,3982,08/04/2022, 21:12:31,815
YYOLOADER,YoYo Loader Vita,3985,08/04/2022, 22:13:47,815
YYOLOADER,YoYo Loader Vita,3986,08/04/2022, 23:13:28,815
YYOLOADER,YoYo Loader Vita,3987,08/05/2022, 01:20:05,815
YYOLOADER,YoYo Loader Vita,3989,08/05/2022, 03:40:57,815
YYOLOADER,YoYo Loader Vita,3991,08/05/2022, 04:41:46,815
YYOLOADER,YoYo Loader Vita,3991,08/05/2022, 05:29:55,815
YYOLOADER,YoYo Loader Vita,3991,08/05/2022, 06:17:39,815
YYOLOADER,YoYo Loader Vita,3991,08/05/2022, 07:13:03,815
YYOLOADER,YoYo Loader Vita,3991,08/05/2022, 08:18:19,815
YYOLOADER,YoYo Loader Vita,3992,08/05/2022, 09:14:04,815
YYOLOADER,YoYo Loader Vita,3992,08/05/2022, 10:15:04,815
YYOLOADER,YoYo Loader Vita,3992,08/05/2022, 11:12:34,815
YYOLOADER,YoYo Loader Vita,3994,08/05/2022, 12:27:37,815
YYOLOADER,YoYo Loader Vita,3995,08/05/2022, 13:38:20,815
YYOLOADER,YoYo Loader Vita,3995,08/05/2022, 14:14:34,815
YYOLOADER,YoYo Loader Vita,3996,08/05/2022, 15:14:58,815
YYOLOADER,YoYo Loader Vita,3998,08/05/2022, 16:20:40,815
YYOLOADER,YoYo Loader Vita,3998,08/05/2022, 17:23:35,815
YYOLOADER,YoYo Loader Vita,3999,08/05/2022, 18:17:27,815
YYOLOADER,YoYo Loader Vita,4000,08/05/2022, 19:12:10,815
YYOLOADER,YoYo Loader Vita,4002,08/05/2022, 20:14:48,815
YYOLOADER,YoYo Loader Vita,4005,08/05/2022, 21:12:22,815
YYOLOADER,YoYo Loader Vita,4008,08/05/2022, 22:13:18,815
YYOLOADER,YoYo Loader Vita,4008,08/05/2022, 23:13:43,815
YYOLOADER,YoYo Loader Vita,4010,08/06/2022, 01:07:41,815
YYOLOADER,YoYo Loader Vita,4011,08/06/2022, 03:16:44,815
YYOLOADER,YoYo Loader Vita,4012,08/06/2022, 04:20:01,815
YYOLOADER,YoYo Loader Vita,4013,08/06/2022, 05:12:50,815
YYOLOADER,YoYo Loader Vita,4014,08/06/2022, 06:16:34,815
YYOLOADER,YoYo Loader Vita,4015,08/06/2022, 07:13:06,815
YYOLOADER,YoYo Loader Vita,4016,08/06/2022, 08:16:47,815
YYOLOADER,YoYo Loader Vita,4016,08/06/2022, 09:12:49,815
YYOLOADER,YoYo Loader Vita,4016,08/06/2022, 10:14:09,815
YYOLOADER,YoYo Loader Vita,4016,08/06/2022, 11:11:09,815
YYOLOADER,YoYo Loader Vita,4016,08/06/2022, 12:22:06,815
YYOLOADER,YoYo Loader Vita,4017,08/06/2022, 13:23:37,815
YYOLOADER,YoYo Loader Vita,4017,08/06/2022, 14:11:54,815
YYOLOADER,YoYo Loader Vita,4019,08/06/2022, 15:13:43,815
YYOLOADER,YoYo Loader Vita,4020,08/06/2022, 16:17:44,815
YYOLOADER,YoYo Loader Vita,4020,08/06/2022, 17:13:57,815
YYOLOADER,YoYo Loader Vita,4023,08/06/2022, 18:16:20,815
YYOLOADER,YoYo Loader Vita,4023,08/06/2022, 19:11:05,815
YYOLOADER,YoYo Loader Vita,4024,08/06/2022, 20:13:54,815
YYOLOADER,YoYo Loader Vita,4025,08/06/2022, 21:13:12,815
YYOLOADER,YoYo Loader Vita,4025,08/06/2022, 22:12:51,815
YYOLOADER,YoYo Loader Vita,4027,08/06/2022, 23:13:54,815
YYOLOADER,YoYo Loader Vita,4027,08/07/2022, 01:17:00,815
YYOLOADER,YoYo Loader Vita,4028,08/07/2022, 03:20:46,815
YYOLOADER,YoYo Loader Vita,4030,08/07/2022, 04:21:20,815
YYOLOADER,YoYo Loader Vita,4030,08/07/2022, 05:12:26,815
YYOLOADER,YoYo Loader Vita,4031,08/07/2022, 06:16:41,815
YYOLOADER,YoYo Loader Vita,4032,08/07/2022, 07:13:14,815
YYOLOADER,YoYo Loader Vita,4032,08/07/2022, 08:16:11,815
YYOLOADER,YoYo Loader Vita,4032,08/07/2022, 09:13:05,815
YYOLOADER,YoYo Loader Vita,4032,08/07/2022, 10:14:18,815
YYOLOADER,YoYo Loader Vita,4034,08/07/2022, 11:12:19,815
YYOLOADER,YoYo Loader Vita,4035,08/07/2022, 12:23:02,815
YYOLOADER,YoYo Loader Vita,4035,08/07/2022, 13:24:03,815
YYOLOADER,YoYo Loader Vita,4036,08/07/2022, 14:12:13,815
YYOLOADER,YoYo Loader Vita,4038,08/07/2022, 15:13:35,815
YYOLOADER,YoYo Loader Vita,4039,08/07/2022, 16:17:12,815
YYOLOADER,YoYo Loader Vita,4039,08/07/2022, 17:13:58,815
YYOLOADER,YoYo Loader Vita,4040,08/07/2022, 18:16:23,815
YYOLOADER,YoYo Loader Vita,4040,08/07/2022, 19:11:12,815
YYOLOADER,YoYo Loader Vita,4042,08/07/2022, 20:14:51,815
YYOLOADER,YoYo Loader Vita,4044,08/07/2022, 21:11:50,815
YYOLOADER,YoYo Loader Vita,4044,08/07/2022, 22:13:37,815
YYOLOADER,YoYo Loader Vita,4046,08/07/2022, 23:13:13,815
YYOLOADER,YoYo Loader Vita,4051,08/08/2022, 01:10:57,815
YYOLOADER,YoYo Loader Vita,4051,08/08/2022, 03:37:04,815
YYOLOADER,YoYo Loader Vita,4052,08/08/2022, 04:31:52,815
YYOLOADER,YoYo Loader Vita,4052,08/08/2022, 05:18:58,815
YYOLOADER,YoYo Loader Vita,4052,08/08/2022, 06:19:07,815
YYOLOADER,YoYo Loader Vita,4052,08/08/2022, 07:12:58,815
YYOLOADER,YoYo Loader Vita,4052,08/08/2022, 08:20:33,815
YYOLOADER,YoYo Loader Vita,4053,08/08/2022, 09:13:51,815
YYOLOADER,YoYo Loader Vita,4053,08/08/2022, 10:16:01,815
YYOLOADER,YoYo Loader Vita,4053,08/08/2022, 11:12:00,815
YYOLOADER,YoYo Loader Vita,4054,08/08/2022, 12:27:02,815
YYOLOADER,YoYo Loader Vita,4055,08/08/2022, 13:39:00,815
YYOLOADER,YoYo Loader Vita,4055,08/08/2022, 14:15:02,815
YYOLOADER,YoYo Loader Vita,4056,08/08/2022, 15:15:26,815
YYOLOADER,YoYo Loader Vita,4057,08/08/2022, 16:20:38,815
YYOLOADER,YoYo Loader Vita,4059,08/08/2022, 17:19:36,815
YYOLOADER,YoYo Loader Vita,4060,08/08/2022, 18:18:14,815
YYOLOADER,YoYo Loader Vita,4061,08/08/2022, 19:12:09,815
YYOLOADER,YoYo Loader Vita,4061,08/08/2022, 20:15:28,815
YYOLOADER,YoYo Loader Vita,4062,08/08/2022, 21:12:37,815
YYOLOADER,YoYo Loader Vita,4062,08/08/2022, 22:15:20,815
YYOLOADER,YoYo Loader Vita,4063,08/08/2022, 23:15:41,815
YYOLOADER,YoYo Loader Vita,4065,08/09/2022, 01:19:48,815
YYOLOADER,YoYo Loader Vita,4065,08/09/2022, 03:41:08,815
YYOLOADER,YoYo Loader Vita,4065,08/09/2022, 04:37:12,815
YYOLOADER,YoYo Loader Vita,4065,08/09/2022, 05:21:27,815
YYOLOADER,YoYo Loader Vita,4065,08/09/2022, 06:18:32,815
YYOLOADER,YoYo Loader Vita,4067,08/09/2022, 07:12:53,815
YYOLOADER,YoYo Loader Vita,4067,08/09/2022, 08:17:47,815
YYOLOADER,YoYo Loader Vita,4068,08/09/2022, 09:14:47,815
YYOLOADER,YoYo Loader Vita,4068,08/09/2022, 10:16:50,815
YYOLOADER,YoYo Loader Vita,4068,08/09/2022, 12:30:24,815
YYOLOADER,YoYo Loader Vita,4069,08/09/2022, 13:44:03,815
YYOLOADER,YoYo Loader Vita,4069,08/09/2022, 14:17:02,815
YYOLOADER,YoYo Loader Vita,4070,08/09/2022, 15:15:23,815
YYOLOADER,YoYo Loader Vita,4071,08/09/2022, 16:18:45,815
YYOLOADER,YoYo Loader Vita,4075,08/09/2022, 17:17:36,815
YYOLOADER,YoYo Loader Vita,4075,08/09/2022, 18:16:36,815
YYOLOADER,YoYo Loader Vita,4077,08/09/2022, 19:14:38,815
YYOLOADER,YoYo Loader Vita,4078,08/09/2022, 20:15:09,815
YYOLOADER,YoYo Loader Vita,4081,08/09/2022, 21:12:25,815
YYOLOADER,YoYo Loader Vita,4082,08/09/2022, 22:13:39,815
YYOLOADER,YoYo Loader Vita,4083,08/09/2022, 23:14:26,815
YYOLOADER,YoYo Loader Vita,4087,08/10/2022, 01:12:36,815
YYOLOADER,YoYo Loader Vita,4091,08/10/2022, 03:02:19,815
YYOLOADER,YoYo Loader Vita,4093,08/10/2022, 04:17:05,815
YYOLOADER,YoYo Loader Vita,4093,08/10/2022, 05:13:07,815
YYOLOADER,YoYo Loader Vita,4094,08/10/2022, 06:18:51,815
YYOLOADER,YoYo Loader Vita,4094,08/10/2022, 07:13:13,815
YYOLOADER,YoYo Loader Vita,4094,08/10/2022, 08:17:15,815
YYOLOADER,YoYo Loader Vita,4094,08/10/2022, 09:14:19,815
YYOLOADER,YoYo Loader Vita,4094,08/10/2022, 10:15:08,815
YYOLOADER,YoYo Loader Vita,4095,08/10/2022, 11:12:10,815
YYOLOADER,YoYo Loader Vita,4096,08/10/2022, 12:26:57,815
YYOLOADER,YoYo Loader Vita,4097,08/10/2022, 13:30:12,815
YYOLOADER,YoYo Loader Vita,4098,08/10/2022, 14:12:54,815
YYOLOADER,YoYo Loader Vita,4098,08/10/2022, 15:14:27,815
YYOLOADER,YoYo Loader Vita,4098,08/10/2022, 16:19:22,815
YYOLOADER,YoYo Loader Vita,4098,08/10/2022, 17:20:12,815
YYOLOADER,YoYo Loader Vita,4098,08/10/2022, 18:16:59,815
YYOLOADER,YoYo Loader Vita,4099,08/10/2022, 19:11:50,815
YYOLOADER,YoYo Loader Vita,4099,08/10/2022, 20:15:49,815
YYOLOADER,YoYo Loader Vita,4100,08/10/2022, 21:12:56,815
YYOLOADER,YoYo Loader Vita,4100,08/10/2022, 22:13:28,815
YYOLOADER,YoYo Loader Vita,4101,08/10/2022, 23:13:36,815
YYOLOADER,YoYo Loader Vita,4102,08/11/2022, 01:07:01,815
YYOLOADER,YoYo Loader Vita,4103,08/11/2022, 03:16:19,815
YYOLOADER,YoYo Loader Vita,4103,08/11/2022, 04:22:13,815
YYOLOADER,YoYo Loader Vita,4103,08/11/2022, 05:13:47,815
YYOLOADER,YoYo Loader Vita,4103,08/11/2022, 06:17:45,815
YYOLOADER,YoYo Loader Vita,4105,08/11/2022, 07:13:26,815
YYOLOADER,YoYo Loader Vita,4106,08/11/2022, 08:16:55,815
YYOLOADER,YoYo Loader Vita,4106,08/11/2022, 09:14:15,815
YYOLOADER,YoYo Loader Vita,4106,08/11/2022, 10:15:41,815
YYOLOADER,YoYo Loader Vita,4107,08/11/2022, 11:12:54,815
YYOLOADER,YoYo Loader Vita,4108,08/11/2022, 12:28:49,815
YYOLOADER,YoYo Loader Vita,4108,08/11/2022, 13:37:10,815
YYOLOADER,YoYo Loader Vita,4108,08/11/2022, 14:12:40,815
YYOLOADER,YoYo Loader Vita,4109,08/11/2022, 15:15:01,815
YYOLOADER,YoYo Loader Vita,4110,08/11/2022, 16:18:28,815
YYOLOADER,YoYo Loader Vita,4110,08/11/2022, 17:16:56,815
YYOLOADER,YoYo Loader Vita,4110,08/11/2022, 18:16:46,815
YYOLOADER,YoYo Loader Vita,4112,08/11/2022, 19:10:11,815
YYOLOADER,YoYo Loader Vita,4113,08/11/2022, 20:14:18,815
YYOLOADER,YoYo Loader Vita,4114,08/11/2022, 21:13:24,815
YYOLOADER,YoYo Loader Vita,4114,08/11/2022, 22:13:33,815
YYOLOADER,YoYo Loader Vita,4115,08/11/2022, 23:14:23,815
YYOLOADER,YoYo Loader Vita,4116,08/12/2022, 01:11:01,815
YYOLOADER,YoYo Loader Vita,4119,08/12/2022, 03:25:36,815
YYOLOADER,YoYo Loader Vita,4119,08/12/2022, 04:28:00,815
YYOLOADER,YoYo Loader Vita,4119,08/12/2022, 05:15:19,815
YYOLOADER,YoYo Loader Vita,4119,08/12/2022, 06:17:36,815
YYOLOADER,YoYo Loader Vita,4119,08/12/2022, 07:12:58,815
YYOLOADER,YoYo Loader Vita,4119,08/12/2022, 08:17:46,815
YYOLOADER,YoYo Loader Vita,4119,08/12/2022, 09:14:00,815
YYOLOADER,YoYo Loader Vita,4119,08/12/2022, 10:17:15,815
YYOLOADER,YoYo Loader Vita,4121,08/12/2022, 11:12:29,815
YYOLOADER,YoYo Loader Vita,4121,08/12/2022, 12:26:32,815
YYOLOADER,YoYo Loader Vita,4121,08/12/2022, 13:38:23,815
YYOLOADER,YoYo Loader Vita,4122,08/12/2022, 14:13:27,815
YYOLOADER,YoYo Loader Vita,4122,08/12/2022, 15:15:31,815
YYOLOADER,YoYo Loader Vita,4123,08/12/2022, 16:22:21,815
YYOLOADER,YoYo Loader Vita,4125,08/12/2022, 17:21:34,815
YYOLOADER,YoYo Loader Vita,4126,08/12/2022, 18:17:09,815
YYOLOADER,YoYo Loader Vita,4126,08/12/2022, 19:11:33,815
YYOLOADER,YoYo Loader Vita,4126,08/12/2022, 20:14:26,815
YYOLOADER,YoYo Loader Vita,4127,08/12/2022, 21:13:00,815
YYOLOADER,YoYo Loader Vita,4129,08/12/2022, 22:14:55,815
YYOLOADER,YoYo Loader Vita,4130,08/12/2022, 23:13:38,815
YYOLOADER,YoYo Loader Vita,4131,08/13/2022, 01:05:21,815
YYOLOADER,YoYo Loader Vita,4131,08/13/2022, 03:17:17,815
YYOLOADER,YoYo Loader Vita,4132,08/13/2022, 04:21:06,815
YYOLOADER,YoYo Loader Vita,4133,08/13/2022, 05:12:38,815
YYOLOADER,YoYo Loader Vita,4134,08/13/2022, 06:16:39,815
YYOLOADER,YoYo Loader Vita,4135,08/13/2022, 07:13:32,815
YYOLOADER,YoYo Loader Vita,4136,08/13/2022, 08:17:15,815
YYOLOADER,YoYo Loader Vita,4138,08/13/2022, 09:13:00,815
YYOLOADER,YoYo Loader Vita,4138,08/13/2022, 10:14:46,815
YYOLOADER,YoYo Loader Vita,4138,08/13/2022, 11:11:40,815
YYOLOADER,YoYo Loader Vita,4139,08/13/2022, 12:22:49,815
YYOLOADER,YoYo Loader Vita,4140,08/13/2022, 13:24:39,815
YYOLOADER,YoYo Loader Vita,4140,08/13/2022, 14:12:37,815
YYOLOADER,YoYo Loader Vita,4141,08/13/2022, 15:13:52,815
YYOLOADER,YoYo Loader Vita,4141,08/13/2022, 16:17:16,815
YYOLOADER,YoYo Loader Vita,4142,08/13/2022, 17:14:00,815
YYOLOADER,YoYo Loader Vita,4145,08/13/2022, 18:15:45,815
YYOLOADER,YoYo Loader Vita,4146,08/13/2022, 19:10:58,815
YYOLOADER,YoYo Loader Vita,4148,08/13/2022, 20:14:24,815
YYOLOADER,YoYo Loader Vita,4148,08/13/2022, 21:12:08,815
YYOLOADER,YoYo Loader Vita,4149,08/13/2022, 22:13:37,815
YYOLOADER,YoYo Loader Vita,4150,08/13/2022, 23:13:19,815
YYOLOADER,YoYo Loader Vita,4154,08/14/2022, 01:13:28,815
YYOLOADER,YoYo Loader Vita,4157,08/14/2022, 03:28:01,815
YYOLOADER,YoYo Loader Vita,4158,08/14/2022, 04:24:48,815
YYOLOADER,YoYo Loader Vita,4159,08/14/2022, 05:13:53,815
YYOLOADER,YoYo Loader Vita,4160,08/14/2022, 06:17:11,815
YYOLOADER,YoYo Loader Vita,4161,08/14/2022, 07:12:55,815
YYOLOADER,YoYo Loader Vita,4161,08/14/2022, 08:16:18,815
YYOLOADER,YoYo Loader Vita,4162,08/14/2022, 09:13:41,815
YYOLOADER,YoYo Loader Vita,4162,08/14/2022, 10:14:23,815
YYOLOADER,YoYo Loader Vita,4163,08/14/2022, 11:12:10,815
YYOLOADER,YoYo Loader Vita,4163,08/14/2022, 12:23:54,815
YYOLOADER,YoYo Loader Vita,4165,08/14/2022, 13:26:40,815
YYOLOADER,YoYo Loader Vita,4165,08/14/2022, 14:13:18,815
YYOLOADER,YoYo Loader Vita,4165,08/14/2022, 15:13:59,815
YYOLOADER,YoYo Loader Vita,4165,08/14/2022, 16:17:18,815
YYOLOADER,YoYo Loader Vita,4165,08/14/2022, 17:14:19,815
YYOLOADER,YoYo Loader Vita,4167,08/14/2022, 18:15:46,815
YYOLOADER,YoYo Loader Vita,4168,08/14/2022, 19:11:22,815
YYOLOADER,YoYo Loader Vita,4168,08/14/2022, 20:14:02,815
YYOLOADER,YoYo Loader Vita,4172,08/14/2022, 21:12:42,815
YYOLOADER,YoYo Loader Vita,4174,08/14/2022, 22:13:38,815
YYOLOADER,YoYo Loader Vita,4174,08/14/2022, 23:13:31,815
YYOLOADER,YoYo Loader Vita,4175,08/15/2022, 01:17:04,815
YYOLOADER,YoYo Loader Vita,4177,08/15/2022, 03:53:59,815
YYOLOADER,YoYo Loader Vita,4179,08/15/2022, 05:00:40,815
YYOLOADER,YoYo Loader Vita,4179,08/15/2022, 05:40:10,815
YYOLOADER,YoYo Loader Vita,4180,08/15/2022, 06:18:41,815
YYOLOADER,YoYo Loader Vita,4181,08/15/2022, 07:12:52,815
YYOLOADER,YoYo Loader Vita,4181,08/15/2022, 08:17:34,815
YYOLOADER,YoYo Loader Vita,4182,08/15/2022, 09:14:20,815
YYOLOADER,YoYo Loader Vita,4183,08/15/2022, 10:16:29,815
YYOLOADER,YoYo Loader Vita,4183,08/15/2022, 11:12:00,815
YYOLOADER,YoYo Loader Vita,4183,08/15/2022, 12:28:22,815
YYOLOADER,YoYo Loader Vita,4183,08/15/2022, 13:37:56,815
YYOLOADER,YoYo Loader Vita,4183,08/15/2022, 14:17:33,815
YYOLOADER,YoYo Loader Vita,4184,08/15/2022, 15:16:06,815
YYOLOADER,YoYo Loader Vita,4184,08/15/2022, 16:19:35,815
YYOLOADER,YoYo Loader Vita,4185,08/15/2022, 17:21:39,815
YYOLOADER,YoYo Loader Vita,4186,08/15/2022, 18:18:17,815
YYOLOADER,YoYo Loader Vita,4188,08/15/2022, 19:11:16,815
YYOLOADER,YoYo Loader Vita,4189,08/15/2022, 20:15:01,815
YYOLOADER,YoYo Loader Vita,4189,08/15/2022, 21:12:41,815
YYOLOADER,YoYo Loader Vita,4192,08/15/2022, 22:14:28,815
YYOLOADER,YoYo Loader Vita,4193,08/15/2022, 23:14:35,815
YYOLOADER,YoYo Loader Vita,4196,08/16/2022, 01:19:26,815
YYOLOADER,YoYo Loader Vita,4198,08/16/2022, 03:42:14,815
YYOLOADER,YoYo Loader Vita,4198,08/16/2022, 04:36:53,815
YYOLOADER,YoYo Loader Vita,4198,08/16/2022, 05:17:09,815
YYOLOADER,YoYo Loader Vita,4198,08/16/2022, 06:18:01,815
YYOLOADER,YoYo Loader Vita,4198,08/16/2022, 07:11:40,815
YYOLOADER,YoYo Loader Vita,4198,08/16/2022, 08:14:29,815
YYOLOADER,YoYo Loader Vita,4200,08/16/2022, 09:12:41,815
YYOLOADER,YoYo Loader Vita,4200,08/16/2022, 10:16:05,815
YYOLOADER,YoYo Loader Vita,4200,08/16/2022, 11:11:16,815
YYOLOADER,YoYo Loader Vita,4201,08/16/2022, 12:24:13,815
YYOLOADER,YoYo Loader Vita,4201,08/16/2022, 13:28:26,815
YYOLOADER,YoYo Loader Vita,4201,08/16/2022, 14:13:55,815
YYOLOADER,YoYo Loader Vita,4201,08/16/2022, 15:15:16,815
YYOLOADER,YoYo Loader Vita,4202,08/16/2022, 16:19:12,815
YYOLOADER,YoYo Loader Vita,4202,08/16/2022, 17:18:40,815
YYOLOADER,YoYo Loader Vita,4202,08/16/2022, 18:20:02,815
YYOLOADER,YoYo Loader Vita,4204,08/16/2022, 19:11:18,815
YYOLOADER,YoYo Loader Vita,4205,08/16/2022, 20:15:23,815
YYOLOADER,YoYo Loader Vita,4207,08/16/2022, 21:12:38,815
YYOLOADER,YoYo Loader Vita,4207,08/16/2022, 22:14:44,815
YYOLOADER,YoYo Loader Vita,4208,08/16/2022, 23:12:56,815
YYOLOADER,YoYo Loader Vita,4210,08/17/2022, 01:20:50,815
YYOLOADER,YoYo Loader Vita,4212,08/17/2022, 03:55:33,815
YYOLOADER,YoYo Loader Vita,4213,08/17/2022, 05:05:03,815
YYOLOADER,YoYo Loader Vita,4213,08/17/2022, 06:18:22,815
YYOLOADER,YoYo Loader Vita,4213,08/17/2022, 07:13:00,815
YYOLOADER,YoYo Loader Vita,4213,08/17/2022, 08:18:05,815
YYOLOADER,YoYo Loader Vita,4214,08/17/2022, 09:15:35,815
YYOLOADER,YoYo Loader Vita,4215,08/17/2022, 10:15:36,815
YYOLOADER,YoYo Loader Vita,4215,08/17/2022, 11:11:58,815
YYOLOADER,YoYo Loader Vita,4216,08/17/2022, 12:29:18,815
YYOLOADER,YoYo Loader Vita,4218,08/17/2022, 13:43:51,815
YYOLOADER,YoYo Loader Vita,4218,08/17/2022, 14:18:12,815
YYOLOADER,YoYo Loader Vita,4218,08/17/2022, 15:15:30,815
YYOLOADER,YoYo Loader Vita,4218,08/17/2022, 16:20:17,815
YYOLOADER,YoYo Loader Vita,4218,08/17/2022, 17:21:52,815
YYOLOADER,YoYo Loader Vita,4218,08/17/2022, 18:17:11,815
YYOLOADER,YoYo Loader Vita,4219,08/17/2022, 19:11:27,815
YYOLOADER,YoYo Loader Vita,4220,08/17/2022, 20:15:11,815
YYOLOADER,YoYo Loader Vita,4220,08/17/2022, 21:12:47,815
YYOLOADER,YoYo Loader Vita,4220,08/17/2022, 22:13:38,815
YYOLOADER,YoYo Loader Vita,4222,08/17/2022, 23:14:56,815
YYOLOADER,YoYo Loader Vita,4227,08/18/2022, 01:24:39,815
YYOLOADER,YoYo Loader Vita,4230,08/18/2022, 03:59:41,815
YYOLOADER,YoYo Loader Vita,4231,08/18/2022, 05:04:18,815
YYOLOADER,YoYo Loader Vita,4231,08/18/2022, 06:18:08,815
YYOLOADER,YoYo Loader Vita,4231,08/18/2022, 07:13:27,815
YYOLOADER,YoYo Loader Vita,4231,08/18/2022, 08:17:23,815
YYOLOADER,YoYo Loader Vita,4232,08/18/2022, 09:15:02,815
YYOLOADER,YoYo Loader Vita,4232,08/18/2022, 10:17:24,815
YYOLOADER,YoYo Loader Vita,4233,08/18/2022, 11:12:45,815
YYOLOADER,YoYo Loader Vita,4234,08/18/2022, 12:29:39,815
YYOLOADER,YoYo Loader Vita,4234,08/18/2022, 13:38:41,815
YYOLOADER,YoYo Loader Vita,4234,08/18/2022, 14:15:31,815
YYOLOADER,YoYo Loader Vita,4234,08/18/2022, 15:24:06,815
YYOLOADER,YoYo Loader Vita,4237,08/18/2022, 17:33:01,815
YYOLOADER,YoYo Loader Vita,4239,08/18/2022, 18:16:09,815
YYOLOADER,YoYo Loader Vita,4240,08/18/2022, 19:12:25,815
YYOLOADER,YoYo Loader Vita,4241,08/18/2022, 20:16:29,815
YYOLOADER,YoYo Loader Vita,4241,08/18/2022, 21:13:16,815
YYOLOADER,YoYo Loader Vita,4243,08/18/2022, 22:14:23,815
YYOLOADER,YoYo Loader Vita,4243,08/18/2022, 23:14:38,815
YYOLOADER,YoYo Loader Vita,4245,08/19/2022, 01:16:03,815
YYOLOADER,YoYo Loader Vita,4245,08/19/2022, 03:48:01,815
YYOLOADER,YoYo Loader Vita,4246,08/19/2022, 04:46:57,815
YYOLOADER,YoYo Loader Vita,4246,08/19/2022, 05:24:25,815
YYOLOADER,YoYo Loader Vita,4246,08/19/2022, 06:19:49,815
YYOLOADER,YoYo Loader Vita,4246,08/19/2022, 07:13:22,815
YYOLOADER,YoYo Loader Vita,4247,08/19/2022, 08:17:36,815
YYOLOADER,YoYo Loader Vita,4247,08/19/2022, 09:14:32,815
YYOLOADER,YoYo Loader Vita,4248,08/19/2022, 10:17:34,815
YYOLOADER,YoYo Loader Vita,4249,08/19/2022, 11:12:44,815
YYOLOADER,YoYo Loader Vita,4250,08/19/2022, 12:25:55,815
YYOLOADER,YoYo Loader Vita,4250,08/19/2022, 13:36:35,815
YYOLOADER,YoYo Loader Vita,4251,08/19/2022, 14:14:03,815
YYOLOADER,YoYo Loader Vita,4251,08/19/2022, 15:16:01,815
YYOLOADER,YoYo Loader Vita,4251,08/19/2022, 16:20:29,815
YYOLOADER,YoYo Loader Vita,4252,08/19/2022, 17:22:21,815
YYOLOADER,YoYo Loader Vita,4254,08/19/2022, 18:19:15,815
YYOLOADER,YoYo Loader Vita,4255,08/19/2022, 19:11:12,815
YYOLOADER,YoYo Loader Vita,4255,08/19/2022, 20:15:45,815
YYOLOADER,YoYo Loader Vita,4255,08/19/2022, 21:12:56,815
YYOLOADER,YoYo Loader Vita,4256,08/19/2022, 22:15:41,815
YYOLOADER,YoYo Loader Vita,4256,08/19/2022, 23:13:54,815
YYOLOADER,YoYo Loader Vita,4256,08/20/2022, 01:12:20,815
YYOLOADER,YoYo Loader Vita,4262,08/20/2022, 03:36:20,815
YYOLOADER,YoYo Loader Vita,4262,08/20/2022, 04:29:14,815
YYOLOADER,YoYo Loader Vita,4262,08/20/2022, 05:15:51,815
YYOLOADER,YoYo Loader Vita,4262,08/20/2022, 06:16:34,815
YYOLOADER,YoYo Loader Vita,4262,08/20/2022, 07:13:03,815
YYOLOADER,YoYo Loader Vita,4262,08/20/2022, 08:18:01,815
YYOLOADER,YoYo Loader Vita,4263,08/20/2022, 09:13:29,815
YYOLOADER,YoYo Loader Vita,4264,08/20/2022, 10:14:25,815
YYOLOADER,YoYo Loader Vita,4264,08/20/2022, 11:12:00,815
YYOLOADER,YoYo Loader Vita,4266,08/20/2022, 12:23:28,815
YYOLOADER,YoYo Loader Vita,4267,08/20/2022, 13:24:56,815
YYOLOADER,YoYo Loader Vita,4268,08/20/2022, 14:12:37,815
YYOLOADER,YoYo Loader Vita,4269,08/20/2022, 15:13:57,815
YYOLOADER,YoYo Loader Vita,4270,08/20/2022, 16:17:25,815
YYOLOADER,YoYo Loader Vita,4270,08/20/2022, 17:14:41,815
YYOLOADER,YoYo Loader Vita,4271,08/20/2022, 18:15:58,815
YYOLOADER,YoYo Loader Vita,4272,08/20/2022, 19:11:22,815
YYOLOADER,YoYo Loader Vita,4274,08/20/2022, 20:14:30,815
YYOLOADER,YoYo Loader Vita,4275,08/20/2022, 21:12:52,815
YYOLOADER,YoYo Loader Vita,4275,08/20/2022, 22:13:30,815
YYOLOADER,YoYo Loader Vita,4275,08/20/2022, 23:13:14,815
YYOLOADER,YoYo Loader Vita,4275,08/21/2022, 01:11:34,815
YYOLOADER,YoYo Loader Vita,4276,08/21/2022, 03:38:41,815
YYOLOADER,YoYo Loader Vita,4276,08/21/2022, 04:29:40,815
YYOLOADER,YoYo Loader Vita,4276,08/21/2022, 05:16:23,815
YYOLOADER,YoYo Loader Vita,4277,08/21/2022, 06:17:11,815
YYOLOADER,YoYo Loader Vita,4277,08/21/2022, 07:13:08,815
YYOLOADER,YoYo Loader Vita,4278,08/21/2022, 08:16:57,815
YYOLOADER,YoYo Loader Vita,4279,08/21/2022, 09:13:23,815
YYOLOADER,YoYo Loader Vita,4279,08/21/2022, 10:14:43,815
YYOLOADER,YoYo Loader Vita,4279,08/21/2022, 11:12:04,815
YYOLOADER,YoYo Loader Vita,4279,08/21/2022, 12:23:02,815
YYOLOADER,YoYo Loader Vita,4279,08/21/2022, 13:25:15,815
YYOLOADER,YoYo Loader Vita,4279,08/21/2022, 14:12:17,815
YYOLOADER,YoYo Loader Vita,4280,08/21/2022, 15:13:29,815
YYOLOADER,YoYo Loader Vita,4280,08/21/2022, 16:18:13,815
YYOLOADER,YoYo Loader Vita,4280,08/21/2022, 17:15:05,815
YYOLOADER,YoYo Loader Vita,4284,08/21/2022, 18:16:27,815
YYOLOADER,YoYo Loader Vita,4284,08/21/2022, 19:11:49,815
YYOLOADER,YoYo Loader Vita,4284,08/21/2022, 20:14:45,815
YYOLOADER,YoYo Loader Vita,4284,08/21/2022, 21:12:22,815
YYOLOADER,YoYo Loader Vita,4285,08/21/2022, 22:13:42,815
YYOLOADER,YoYo Loader Vita,4285,08/21/2022, 23:13:36,815
YYOLOADER,YoYo Loader Vita,4286,08/22/2022, 01:14:06,815
YYOLOADER,YoYo Loader Vita,4286,08/22/2022, 03:56:58,815
YYOLOADER,YoYo Loader Vita,4286,08/22/2022, 05:08:13,815
YYOLOADER,YoYo Loader Vita,4287,08/22/2022, 06:20:50,815
YYOLOADER,YoYo Loader Vita,4287,08/22/2022, 07:12:43,815
YYOLOADER,YoYo Loader Vita,4287,08/22/2022, 08:18:09,815
YYOLOADER,YoYo Loader Vita,4288,08/22/2022, 09:14:19,815
YYOLOADER,YoYo Loader Vita,4288,08/22/2022, 10:16:33,815
YYOLOADER,YoYo Loader Vita,4289,08/22/2022, 11:12:37,815
YYOLOADER,YoYo Loader Vita,4290,08/22/2022, 12:29:40,815
YYOLOADER,YoYo Loader Vita,4291,08/22/2022, 13:38:22,815
YYOLOADER,YoYo Loader Vita,4292,08/22/2022, 14:12:41,815
YYOLOADER,YoYo Loader Vita,4293,08/22/2022, 15:16:35,815
YYOLOADER,YoYo Loader Vita,4294,08/22/2022, 16:17:51,815
YYOLOADER,YoYo Loader Vita,4295,08/22/2022, 17:16:17,815
YYOLOADER,YoYo Loader Vita,4299,08/22/2022, 18:16:18,815
YYOLOADER,YoYo Loader Vita,4299,08/22/2022, 19:11:56,815
YYOLOADER,YoYo Loader Vita,4299,08/22/2022, 20:14:27,815
YYOLOADER,YoYo Loader Vita,4299,08/22/2022, 21:12:51,815
YYOLOADER,YoYo Loader Vita,4299,08/22/2022, 22:14:56,815
YYOLOADER,YoYo Loader Vita,4300,08/22/2022, 23:14:09,815
YYOLOADER,YoYo Loader Vita,4301,08/23/2022, 01:24:55,815
YYOLOADER,YoYo Loader Vita,4303,08/23/2022, 04:10:06,815
YYOLOADER,YoYo Loader Vita,4304,08/23/2022, 05:51:44,815
YYOLOADER,YoYo Loader Vita,4305,08/23/2022, 06:27:48,815
YYOLOADER,YoYo Loader Vita,4305,08/23/2022, 07:17:57,815
YYOLOADER,YoYo Loader Vita,4305,08/23/2022, 08:18:30,815
YYOLOADER,YoYo Loader Vita,4305,08/23/2022, 09:14:25,815
YYOLOADER,YoYo Loader Vita,4305,08/23/2022, 10:16:05,815
YYOLOADER,YoYo Loader Vita,4308,08/23/2022, 11:12:29,815
YYOLOADER,YoYo Loader Vita,4308,08/23/2022, 12:27:30,815
YYOLOADER,YoYo Loader Vita,4309,08/23/2022, 13:34:55,815
YYOLOADER,YoYo Loader Vita,4309,08/23/2022, 14:13:22,815
YYOLOADER,YoYo Loader Vita,4309,08/23/2022, 15:14:28,815
YYOLOADER,YoYo Loader Vita,4311,08/23/2022, 16:19:08,815
YYOLOADER,YoYo Loader Vita,4311,08/23/2022, 17:18:11,815
YYOLOADER,YoYo Loader Vita,4311,08/23/2022, 18:17:16,815
YYOLOADER,YoYo Loader Vita,4313,08/23/2022, 19:11:55,815
YYOLOADER,YoYo Loader Vita,4313,08/23/2022, 20:15:06,815
YYOLOADER,YoYo Loader Vita,4313,08/23/2022, 21:12:57,815
YYOLOADER,YoYo Loader Vita,4317,08/23/2022, 22:14:06,815
YYOLOADER,YoYo Loader Vita,4318,08/23/2022, 23:14:09,815
YYOLOADER,YoYo Loader Vita,4322,08/24/2022, 01:20:49,815
YYOLOADER,YoYo Loader Vita,4325,08/24/2022, 04:04:53,815
YYOLOADER,YoYo Loader Vita,4326,08/24/2022, 05:40:40,815
YYOLOADER,YoYo Loader Vita,4327,08/24/2022, 06:19:30,815
YYOLOADER,YoYo Loader Vita,4327,08/24/2022, 07:13:41,815
YYOLOADER,YoYo Loader Vita,4328,08/24/2022, 08:17:48,815
YYOLOADER,YoYo Loader Vita,4329,08/24/2022, 09:13:52,815
YYOLOADER,YoYo Loader Vita,4330,08/24/2022, 10:15:52,815
YYOLOADER,YoYo Loader Vita,4330,08/24/2022, 11:12:42,815
YYOLOADER,YoYo Loader Vita,4330,08/24/2022, 12:28:00,815
YYOLOADER,YoYo Loader Vita,4332,08/24/2022, 13:32:54,815
YYOLOADER,YoYo Loader Vita,4332,08/24/2022, 14:13:16,815
YYOLOADER,YoYo Loader Vita,4332,08/24/2022, 15:15:07,815
YYOLOADER,YoYo Loader Vita,4334,08/24/2022, 16:19:08,815
YYOLOADER,YoYo Loader Vita,4334,08/24/2022, 17:16:09,815
YYOLOADER,YoYo Loader Vita,4335,08/24/2022, 18:26:13,815
YYOLOADER,YoYo Loader Vita,4335,08/24/2022, 19:13:17,815
YYOLOADER,YoYo Loader Vita,4337,08/24/2022, 20:15:02,815
YYOLOADER,YoYo Loader Vita,4338,08/24/2022, 21:12:53,815
YYOLOADER,YoYo Loader Vita,4338,08/24/2022, 22:14:00,815
YYOLOADER,YoYo Loader Vita,4338,08/24/2022, 23:14:57,815
YYOLOADER,YoYo Loader Vita,4339,08/25/2022, 01:23:44,815
YYOLOADER,YoYo Loader Vita,4339,08/25/2022, 04:07:54,815
YYOLOADER,YoYo Loader Vita,4340,08/25/2022, 05:51:40,815
YYOLOADER,YoYo Loader Vita,4340,08/25/2022, 06:28:48,815
YYOLOADER,YoYo Loader Vita,4340,08/25/2022, 07:19:19,815
YYOLOADER,YoYo Loader Vita,4340,08/25/2022, 08:19:54,815
YYOLOADER,YoYo Loader Vita,4341,08/25/2022, 09:14:03,815
YYOLOADER,YoYo Loader Vita,4341,08/25/2022, 10:16:16,815
YYOLOADER,YoYo Loader Vita,4341,08/25/2022, 11:13:39,815
YYOLOADER,YoYo Loader Vita,4343,08/25/2022, 12:29:10,815
YYOLOADER,YoYo Loader Vita,4343,08/25/2022, 13:37:44,815
YYOLOADER,YoYo Loader Vita,4346,08/25/2022, 15:12:17,815
YYOLOADER,YoYo Loader Vita,4346,08/25/2022, 15:15:27,815
YYOLOADER,YoYo Loader Vita,4346,08/25/2022, 16:18:09,815
YYOLOADER,YoYo Loader Vita,4346,08/25/2022, 17:17:36,815
YYOLOADER,YoYo Loader Vita,4346,08/25/2022, 18:16:39,815
YYOLOADER,YoYo Loader Vita,4347,08/25/2022, 19:11:52,815
YYOLOADER,YoYo Loader Vita,4347,08/25/2022, 20:15:18,815
YYOLOADER,YoYo Loader Vita,4348,08/25/2022, 21:13:24,815
YYOLOADER,YoYo Loader Vita,4348,08/25/2022, 22:14:52,815
YYOLOADER,YoYo Loader Vita,4348,08/25/2022, 23:21:09,815
YYOLOADER,YoYo Loader Vita,4349,08/26/2022, 01:18:56,815
YYOLOADER,YoYo Loader Vita,4351,08/26/2022, 04:14:49,815
YYOLOADER,YoYo Loader Vita,4351,08/26/2022, 05:56:55,815
YYOLOADER,YoYo Loader Vita,4351,08/26/2022, 06:34:52,815
YYOLOADER,YoYo Loader Vita,4351,08/26/2022, 07:19:37,815
YYOLOADER,YoYo Loader Vita,4351,08/26/2022, 08:18:47,815
YYOLOADER,YoYo Loader Vita,4351,08/26/2022, 09:13:57,815
YYOLOADER,YoYo Loader Vita,4351,08/26/2022, 11:12:50,815
YYOLOADER,YoYo Loader Vita,4351,08/26/2022, 12:28:29,815
YYOLOADER,YoYo Loader Vita,4351,08/26/2022, 13:33:32,815
YYOLOADER,YoYo Loader Vita,4351,08/26/2022, 14:13:04,815
YYOLOADER,YoYo Loader Vita,4351,08/26/2022, 15:16:30,815
YYOLOADER,YoYo Loader Vita,4351,08/26/2022, 16:19:36,815
YYOLOADER,YoYo Loader Vita,4351,08/26/2022, 17:18:51,815
YYOLOADER,YoYo Loader Vita,4351,08/26/2022, 18:17:22,815
YYOLOADER,YoYo Loader Vita,4351,08/26/2022, 19:11:38,815
YYOLOADER,YoYo Loader Vita,4352,08/26/2022, 20:15:18,815
YYOLOADER,YoYo Loader Vita,4352,08/26/2022, 21:12:44,815
YYOLOADER,YoYo Loader Vita,4352,08/26/2022, 22:14:05,815
YYOLOADER,YoYo Loader Vita,4352,08/26/2022, 23:14:16,815
YYOLOADER,YoYo Loader Vita,4354,08/27/2022, 01:16:31,815
YYOLOADER,YoYo Loader Vita,4356,08/27/2022, 03:59:46,815
YYOLOADER,YoYo Loader Vita,4359,08/27/2022, 04:59:48,815
YYOLOADER,YoYo Loader Vita,4360,08/27/2022, 05:32:24,815
YYOLOADER,YoYo Loader Vita,4362,08/27/2022, 06:16:58,815
YYOLOADER,YoYo Loader Vita,4362,08/27/2022, 07:13:20,815
YYOLOADER,YoYo Loader Vita,4362,08/27/2022, 08:17:18,815
YYOLOADER,YoYo Loader Vita,4362,08/27/2022, 09:13:35,815
YYOLOADER,YoYo Loader Vita,4364,08/27/2022, 10:14:34,815
YYOLOADER,YoYo Loader Vita,4364,08/27/2022, 11:12:23,815
YYOLOADER,YoYo Loader Vita,4365,08/27/2022, 12:28:04,815
YYOLOADER,YoYo Loader Vita,4365,08/27/2022, 13:26:31,815
YYOLOADER,YoYo Loader Vita,4365,08/27/2022, 14:12:32,815
YYOLOADER,YoYo Loader Vita,4365,08/27/2022, 15:14:20,815
YYOLOADER,YoYo Loader Vita,4365,08/27/2022, 16:17:44,815
YYOLOADER,YoYo Loader Vita,4366,08/27/2022, 17:15:10,815
YYOLOADER,YoYo Loader Vita,4366,08/27/2022, 18:16:45,815
YYOLOADER,YoYo Loader Vita,4366,08/27/2022, 19:11:42,815
YYOLOADER,YoYo Loader Vita,4367,08/27/2022, 20:14:19,815
YYOLOADER,YoYo Loader Vita,4369,08/27/2022, 21:12:58,815
YYOLOADER,YoYo Loader Vita,4369,08/27/2022, 22:13:05,815
YYOLOADER,YoYo Loader Vita,4371,08/27/2022, 23:13:59,815
YYOLOADER,YoYo Loader Vita,4373,08/28/2022, 01:18:05,815
YYOLOADER,YoYo Loader Vita,4374,08/28/2022, 03:54:40,815
YYOLOADER,YoYo Loader Vita,4375,08/28/2022, 04:53:05,815
YYOLOADER,YoYo Loader Vita,4376,08/28/2022, 05:27:32,815
YYOLOADER,YoYo Loader Vita,4378,08/28/2022, 06:17:06,815
YYOLOADER,YoYo Loader Vita,4379,08/28/2022, 07:13:16,815
YYOLOADER,YoYo Loader Vita,4379,08/28/2022, 08:17:32,815
YYOLOADER,YoYo Loader Vita,4379,08/28/2022, 09:13:42,815
YYOLOADER,YoYo Loader Vita,4379,08/28/2022, 10:15:20,815
YYOLOADER,YoYo Loader Vita,4379,08/28/2022, 11:11:52,815
YYOLOADER,YoYo Loader Vita,4380,08/28/2022, 12:24:03,815
YYOLOADER,YoYo Loader Vita,4381,08/28/2022, 13:26:08,815
YYOLOADER,YoYo Loader Vita,4381,08/28/2022, 14:12:49,815
YYOLOADER,YoYo Loader Vita,4382,08/28/2022, 15:14:25,815
YYOLOADER,YoYo Loader Vita,4383,08/28/2022, 16:17:52,815
YYOLOADER,YoYo Loader Vita,4384,08/28/2022, 17:15:36,815
YYOLOADER,YoYo Loader Vita,4385,08/28/2022, 18:16:56,815
YYOLOADER,YoYo Loader Vita,4386,08/28/2022, 19:11:53,815
YYOLOADER,YoYo Loader Vita,4386,08/28/2022, 20:14:58,815
YYOLOADER,YoYo Loader Vita,4386,08/28/2022, 21:14:18,815
YYOLOADER,YoYo Loader Vita,4387,08/28/2022, 22:13:27,815
YYOLOADER,YoYo Loader Vita,4387,08/28/2022, 23:13:43,815
YYOLOADER,YoYo Loader Vita,4388,08/29/2022, 01:26:01,815
YYOLOADER,YoYo Loader Vita,4390,08/29/2022, 04:08:15,815
YYOLOADER,YoYo Loader Vita,4390,08/29/2022, 06:04:27,815
YYOLOADER,YoYo Loader Vita,4391,08/29/2022, 07:20:26,815
YYOLOADER,YoYo Loader Vita,4391,08/29/2022, 08:18:27,815
YYOLOADER,YoYo Loader Vita,4392,08/29/2022, 09:14:22,815
YYOLOADER,YoYo Loader Vita,4393,08/29/2022, 10:15:55,815
YYOLOADER,YoYo Loader Vita,4394,08/29/2022, 11:13:42,815
YYOLOADER,YoYo Loader Vita,4394,08/29/2022, 12:28:50,815
YYOLOADER,YoYo Loader Vita,4394,08/29/2022, 13:37:06,815
YYOLOADER,YoYo Loader Vita,4394,08/29/2022, 14:15:11,815
YYOLOADER,YoYo Loader Vita,4396,08/29/2022, 15:15:37,815
YYOLOADER,YoYo Loader Vita,4396,08/29/2022, 16:19:01,815
YYOLOADER,YoYo Loader Vita,4396,08/29/2022, 17:19:40,815
YYOLOADER,YoYo Loader Vita,4396,08/29/2022, 18:17:42,815
YYOLOADER,YoYo Loader Vita,4396,08/29/2022, 19:11:44,815
YYOLOADER,YoYo Loader Vita,4398,08/29/2022, 20:15:31,815
YYOLOADER,YoYo Loader Vita,4400,08/29/2022, 21:13:25,815
YYOLOADER,YoYo Loader Vita,4400,08/29/2022, 22:14:26,815
YYOLOADER,YoYo Loader Vita,4401,08/29/2022, 23:15:07,815
YYOLOADER,YoYo Loader Vita,4403,08/30/2022, 01:28:36,815
YYOLOADER,YoYo Loader Vita,4406,08/30/2022, 04:17:06,815
YYOLOADER,YoYo Loader Vita,4406,08/30/2022, 06:09:22,815
YYOLOADER,YoYo Loader Vita,4406,08/30/2022, 07:23:56,815
YYOLOADER,YoYo Loader Vita,4407,08/30/2022, 08:19:17,815
YYOLOADER,YoYo Loader Vita,4407,08/30/2022, 09:14:25,815
YYOLOADER,YoYo Loader Vita,4407,08/30/2022, 10:15:34,815
YYOLOADER,YoYo Loader Vita,4407,08/30/2022, 11:13:17,815
YYOLOADER,YoYo Loader Vita,4409,08/30/2022, 12:30:06,815
YYOLOADER,YoYo Loader Vita,4410,08/30/2022, 13:39:11,815
YYOLOADER,YoYo Loader Vita,4410,08/30/2022, 14:15:27,815
YYOLOADER,YoYo Loader Vita,4410,08/30/2022, 15:14:56,815
YYOLOADER,YoYo Loader Vita,4410,08/30/2022, 16:19:41,815
YYOLOADER,YoYo Loader Vita,4411,08/30/2022, 17:21:18,815
YYOLOADER,YoYo Loader Vita,4411,08/30/2022, 18:17:51,815
YYOLOADER,YoYo Loader Vita,4412,08/30/2022, 19:12:09,815
YYOLOADER,YoYo Loader Vita,4412,08/30/2022, 20:15:43,815
YYOLOADER,YoYo Loader Vita,4412,08/30/2022, 21:13:56,815
YYOLOADER,YoYo Loader Vita,4412,08/30/2022, 22:15:12,815
YYOLOADER,YoYo Loader Vita,4412,08/31/2022, 01:28:40,815
YYOLOADER,YoYo Loader Vita,4413,08/31/2022, 04:29:04,815
YYOLOADER,YoYo Loader Vita,4414,08/31/2022, 06:22:16,815
YYOLOADER,YoYo Loader Vita,4414,08/31/2022, 07:34:40,815
YYOLOADER,YoYo Loader Vita,4414,08/31/2022, 08:17:36,815
YYOLOADER,YoYo Loader Vita,4415,08/31/2022, 09:14:55,815
YYOLOADER,YoYo Loader Vita,4415,08/31/2022, 10:15:28,815
YYOLOADER,YoYo Loader Vita,4415,08/31/2022, 11:12:40,815
YYOLOADER,YoYo Loader Vita,4415,08/31/2022, 12:29:19,815
YYOLOADER,YoYo Loader Vita,4415,08/31/2022, 13:37:32,815
YYOLOADER,YoYo Loader Vita,4416,08/31/2022, 14:14:42,815
YYOLOADER,YoYo Loader Vita,4416,08/31/2022, 15:14:57,815
YYOLOADER,YoYo Loader Vita,4416,08/31/2022, 16:20:01,815
YYOLOADER,YoYo Loader Vita,4417,08/31/2022, 17:19:46,815
YYOLOADER,YoYo Loader Vita,4417,08/31/2022, 18:18:04,815
YYOLOADER,YoYo Loader Vita,4417,08/31/2022, 19:12:22,815
YYOLOADER,YoYo Loader Vita,4417,08/31/2022, 20:16:05,815
YYOLOADER,YoYo Loader Vita,4418,08/31/2022, 21:13:27,815
YYOLOADER,YoYo Loader Vita,4418,08/31/2022, 22:14:38,815
YYOLOADER,YoYo Loader Vita,4418,08/31/2022, 23:14:45,815
YYOLOADER,YoYo Loader Vita,4419,09/01/2022, 01:14:16,815
YYOLOADER,YoYo Loader Vita,4421,09/01/2022, 04:04:05,815
YYOLOADER,YoYo Loader Vita,4421,09/01/2022, 05:48:07,815
YYOLOADER,YoYo Loader Vita,4421,09/01/2022, 06:25:55,815
YYOLOADER,YoYo Loader Vita,4421,09/01/2022, 07:17:15,815
YYOLOADER,YoYo Loader Vita,4421,09/01/2022, 08:20:28,815
YYOLOADER,YoYo Loader Vita,4421,09/01/2022, 09:14:31,815
YYOLOADER,YoYo Loader Vita,4421,09/01/2022, 10:15:54,815
YYOLOADER,YoYo Loader Vita,4421,09/01/2022, 11:12:54,815
YYOLOADER,YoYo Loader Vita,4421,09/01/2022, 12:27:29,815
YYOLOADER,YoYo Loader Vita,4421,09/01/2022, 13:34:29,815
YYOLOADER,YoYo Loader Vita,4423,09/01/2022, 14:13:46,815
YYOLOADER,YoYo Loader Vita,4424,09/01/2022, 15:16:51,815
YYOLOADER,YoYo Loader Vita,4425,09/01/2022, 16:19:57,815
YYOLOADER,YoYo Loader Vita,4425,09/01/2022, 17:20:18,815
YYOLOADER,YoYo Loader Vita,4426,09/01/2022, 18:19:22,815
YYOLOADER,YoYo Loader Vita,4427,09/01/2022, 19:11:28,815
YYOLOADER,YoYo Loader Vita,4428,09/01/2022, 20:15:50,815
YYOLOADER,YoYo Loader Vita,4428,09/01/2022, 21:13:54,815
YYOLOADER,YoYo Loader Vita,4429,09/01/2022, 22:14:41,815
YYOLOADER,YoYo Loader Vita,4430,09/01/2022, 23:15:40,815
YYOLOADER,YoYo Loader Vita,4434,09/02/2022, 01:19:12,815
YYOLOADER,YoYo Loader Vita,4436,09/02/2022, 04:12:14,815
YYOLOADER,YoYo Loader Vita,4436,09/02/2022, 05:59:09,815
YYOLOADER,YoYo Loader Vita,4436,09/02/2022, 06:43:04,815
YYOLOADER,YoYo Loader Vita,4436,09/02/2022, 07:21:06,815
YYOLOADER,YoYo Loader Vita,4437,09/02/2022, 08:18:26,815
YYOLOADER,YoYo Loader Vita,4437,09/02/2022, 09:14:17,815
YYOLOADER,YoYo Loader Vita,4437,09/02/2022, 10:16:19,815
YYOLOADER,YoYo Loader Vita,4437,09/02/2022, 11:13:20,815
YYOLOADER,YoYo Loader Vita,4437,09/02/2022, 12:28:41,815
YYOLOADER,YoYo Loader Vita,4437,09/02/2022, 13:36:53,815
YYOLOADER,YoYo Loader Vita,4437,09/02/2022, 14:13:04,815
YYOLOADER,YoYo Loader Vita,4438,09/02/2022, 15:15:21,815
YYOLOADER,YoYo Loader Vita,4438,09/02/2022, 16:19:04,815
YYOLOADER,YoYo Loader Vita,4439,09/02/2022, 17:19:39,815
YYOLOADER,YoYo Loader Vita,4442,09/02/2022, 18:18:29,815
YYOLOADER,YoYo Loader Vita,4443,09/02/2022, 19:11:11,815
YYOLOADER,YoYo Loader Vita,4445,09/02/2022, 20:15:24,815
YYOLOADER,YoYo Loader Vita,4446,09/02/2022, 21:12:57,815
YYOLOADER,YoYo Loader Vita,4446,09/02/2022, 22:14:38,815
YYOLOADER,YoYo Loader Vita,4446,09/02/2022, 23:14:39,815
YYOLOADER,YoYo Loader Vita,4446,09/03/2022, 01:15:37,815
YYOLOADER,YoYo Loader Vita,4448,09/03/2022, 04:01:24,815
YYOLOADER,YoYo Loader Vita,4449,09/03/2022, 05:30:11,815
YYOLOADER,YoYo Loader Vita,4449,09/03/2022, 06:17:11,815
YYOLOADER,YoYo Loader Vita,4449,09/03/2022, 07:13:03,815
YYOLOADER,YoYo Loader Vita,4449,09/03/2022, 08:17:17,815
YYOLOADER,YoYo Loader Vita,4450,09/03/2022, 09:13:44,815
YYOLOADER,YoYo Loader Vita,4450,09/03/2022, 10:15:21,815
YYOLOADER,YoYo Loader Vita,4450,09/03/2022, 11:12:01,815
YYOLOADER,YoYo Loader Vita,4450,09/03/2022, 12:23:48,815
YYOLOADER,YoYo Loader Vita,4450,09/03/2022, 13:28:05,815
YYOLOADER,YoYo Loader Vita,4450,09/03/2022, 14:13:33,815
YYOLOADER,YoYo Loader Vita,4451,09/03/2022, 15:14:38,815
YYOLOADER,YoYo Loader Vita,4452,09/03/2022, 16:17:59,815
YYOLOADER,YoYo Loader Vita,4452,09/03/2022, 17:16:00,815
YYOLOADER,YoYo Loader Vita,4452,09/03/2022, 18:17:04,815
YYOLOADER,YoYo Loader Vita,4453,09/03/2022, 19:12:40,815
YYOLOADER,YoYo Loader Vita,4455,09/03/2022, 20:14:40,815
YYOLOADER,YoYo Loader Vita,4458,09/03/2022, 21:13:10,815
YYOLOADER,YoYo Loader Vita,4458,09/03/2022, 22:13:27,815
YYOLOADER,YoYo Loader Vita,4458,09/03/2022, 23:13:51,815
YYOLOADER,YoYo Loader Vita,4458,09/04/2022, 01:16:42,815
YYOLOADER,YoYo Loader Vita,4458,09/04/2022, 04:06:23,815
YYOLOADER,YoYo Loader Vita,4459,09/04/2022, 05:32:24,815
YYOLOADER,YoYo Loader Vita,4459,09/04/2022, 06:16:40,815
YYOLOADER,YoYo Loader Vita,4460,09/04/2022, 07:13:26,815
YYOLOADER,YoYo Loader Vita,4460,09/04/2022, 08:17:19,815
YYOLOADER,YoYo Loader Vita,4461,09/04/2022, 09:14:01,815
YYOLOADER,YoYo Loader Vita,4462,09/04/2022, 10:15:02,815
YYOLOADER,YoYo Loader Vita,4462,09/04/2022, 11:11:59,815
YYOLOADER,YoYo Loader Vita,4462,09/04/2022, 12:28:06,815
YYOLOADER,YoYo Loader Vita,4465,09/04/2022, 13:28:10,815
YYOLOADER,YoYo Loader Vita,4465,09/04/2022, 14:12:39,815
YYOLOADER,YoYo Loader Vita,4467,09/04/2022, 15:14:05,815
YYOLOADER,YoYo Loader Vita,4467,09/04/2022, 16:18:37,815
YYOLOADER,YoYo Loader Vita,4467,09/04/2022, 17:16:17,815
YYOLOADER,YoYo Loader Vita,4467,09/04/2022, 18:16:51,815
YYOLOADER,YoYo Loader Vita,4469,09/04/2022, 19:12:07,815
YYOLOADER,YoYo Loader Vita,4469,09/04/2022, 20:15:37,815
YYOLOADER,YoYo Loader Vita,4469,09/04/2022, 21:12:46,815
YYOLOADER,YoYo Loader Vita,4469,09/04/2022, 22:14:09,815
YYOLOADER,YoYo Loader Vita,4469,09/04/2022, 23:14:25,815
YYOLOADER,YoYo Loader Vita,4470,09/05/2022, 01:26:44,815
YYOLOADER,YoYo Loader Vita,4471,09/05/2022, 04:15:28,815
YYOLOADER,YoYo Loader Vita,4471,09/05/2022, 06:00:03,815
YYOLOADER,YoYo Loader Vita,4471,09/05/2022, 06:52:20,815
YYOLOADER,YoYo Loader Vita,4471,09/05/2022, 07:28:15,815
YYOLOADER,YoYo Loader Vita,4472,09/05/2022, 08:18:12,815
YYOLOADER,YoYo Loader Vita,4472,09/05/2022, 09:15:15,815
YYOLOADER,YoYo Loader Vita,4472,09/05/2022, 10:16:05,815
YYOLOADER,YoYo Loader Vita,4472,09/05/2022, 11:13:54,815
YYOLOADER,YoYo Loader Vita,4472,09/05/2022, 12:27:46,815
YYOLOADER,YoYo Loader Vita,4473,09/05/2022, 13:40:23,815
YYOLOADER,YoYo Loader Vita,4473,09/05/2022, 14:16:17,815
YYOLOADER,YoYo Loader Vita,4473,09/05/2022, 15:15:31,815
YYOLOADER,YoYo Loader Vita,4473,09/05/2022, 16:19:07,815
YYOLOADER,YoYo Loader Vita,4473,09/05/2022, 17:19:38,815
YYOLOADER,YoYo Loader Vita,4473,09/05/2022, 18:18:17,815
YYOLOADER,YoYo Loader Vita,4474,09/05/2022, 19:11:30,815
YYOLOADER,YoYo Loader Vita,4475,09/05/2022, 20:15:52,815
YYOLOADER,YoYo Loader Vita,4478,09/05/2022, 21:13:34,815
YYOLOADER,YoYo Loader Vita,4479,09/05/2022, 22:14:38,815
YYOLOADER,YoYo Loader Vita,4480,09/05/2022, 23:15:56,815
YYOLOADER,YoYo Loader Vita,4481,09/06/2022, 01:28:46,815
YYOLOADER,YoYo Loader Vita,4487,09/06/2022, 04:20:23,815
YYOLOADER,YoYo Loader Vita,4489,09/06/2022, 06:12:52,815
YYOLOADER,YoYo Loader Vita,4489,09/06/2022, 07:35:47,815
YYOLOADER,YoYo Loader Vita,4489,09/06/2022, 08:18:21,815
YYOLOADER,YoYo Loader Vita,4489,09/06/2022, 09:14:50,815
YYOLOADER,YoYo Loader Vita,4490,09/06/2022, 10:16:32,815
YYOLOADER,YoYo Loader Vita,4490,09/06/2022, 11:13:16,815
YYOLOADER,YoYo Loader Vita,4490,09/06/2022, 12:29:17,815
YYOLOADER,YoYo Loader Vita,4491,09/06/2022, 13:39:48,815
YYOLOADER,YoYo Loader Vita,4491,09/06/2022, 14:17:29,815
YYOLOADER,YoYo Loader Vita,4491,09/06/2022, 15:15:31,815
YYOLOADER,YoYo Loader Vita,4492,09/06/2022, 16:19:44,815
YYOLOADER,YoYo Loader Vita,4494,09/06/2022, 17:21:36,815
YYOLOADER,YoYo Loader Vita,4494,09/06/2022, 18:17:59,815
YYOLOADER,YoYo Loader Vita,4496,09/06/2022, 19:11:51,815
YYOLOADER,YoYo Loader Vita,4496,09/06/2022, 20:15:14,815
YYOLOADER,YoYo Loader Vita,4499,09/06/2022, 21:13:39,815
YYOLOADER,YoYo Loader Vita,4500,09/06/2022, 22:14:39,815
YYOLOADER,YoYo Loader Vita,4501,09/06/2022, 23:15:48,815
YYOLOADER,YoYo Loader Vita,4504,09/07/2022, 01:23:54,815
YYOLOADER,YoYo Loader Vita,4507,09/07/2022, 04:22:09,815
YYOLOADER,YoYo Loader Vita,4507,09/07/2022, 06:12:52,815
YYOLOADER,YoYo Loader Vita,4507,09/07/2022, 07:38:30,815
YYOLOADER,YoYo Loader Vita,4507,09/07/2022, 08:21:06,815
YYOLOADER,YoYo Loader Vita,4510,09/07/2022, 09:15:18,815
YYOLOADER,YoYo Loader Vita,4514,09/07/2022, 10:16:34,815
YYOLOADER,YoYo Loader Vita,4514,09/07/2022, 11:13:28,815
YYOLOADER,YoYo Loader Vita,4515,09/07/2022, 12:30:17,815
YYOLOADER,YoYo Loader Vita,4516,09/07/2022, 13:48:48,815
YYOLOADER,YoYo Loader Vita,4516,09/07/2022, 14:23:22,815
YYOLOADER,YoYo Loader Vita,4518,09/07/2022, 15:15:37,815
YYOLOADER,YoYo Loader Vita,4518,09/07/2022, 16:19:33,815
YYOLOADER,YoYo Loader Vita,4519,09/07/2022, 17:28:46,815
YYOLOADER,YoYo Loader Vita,4519,09/07/2022, 18:18:21,815
YYOLOADER,YoYo Loader Vita,4521,09/07/2022, 19:12:30,815
YYOLOADER,YoYo Loader Vita,4523,09/07/2022, 20:17:43,815
YYOLOADER,YoYo Loader Vita,4523,09/07/2022, 21:14:04,815
YYOLOADER,YoYo Loader Vita,4524,09/07/2022, 22:14:34,815
YYOLOADER,YoYo Loader Vita,4525,09/07/2022, 23:17:24,815
YYOLOADER,YoYo Loader Vita,4527,09/08/2022, 01:20:14,815
YYOLOADER,YoYo Loader Vita,4530,09/08/2022, 04:05:26,815
YYOLOADER,YoYo Loader Vita,4534,09/08/2022, 05:59:00,815
YYOLOADER,YoYo Loader Vita,4534,09/08/2022, 06:48:19,815
YYOLOADER,YoYo Loader Vita,4534,09/08/2022, 07:28:39,815
YYOLOADER,YoYo Loader Vita,4534,09/08/2022, 08:18:17,815
YYOLOADER,YoYo Loader Vita,4534,09/08/2022, 09:16:21,815
YYOLOADER,YoYo Loader Vita,4535,09/08/2022, 10:16:54,815
YYOLOADER,YoYo Loader Vita,4535,09/08/2022, 11:13:47,815
YYOLOADER,YoYo Loader Vita,4536,09/08/2022, 12:29:40,815
YYOLOADER,YoYo Loader Vita,4536,09/08/2022, 13:33:07,815
YYOLOADER,YoYo Loader Vita,4537,09/08/2022, 14:15:32,815
YYOLOADER,YoYo Loader Vita,4537,09/08/2022, 15:16:16,815
YYOLOADER,YoYo Loader Vita,4537,09/08/2022, 16:20:17,815
YYOLOADER,YoYo Loader Vita,4540,09/08/2022, 17:27:33,815
YYOLOADER,YoYo Loader Vita,4541,09/08/2022, 18:17:29,815
YYOLOADER,YoYo Loader Vita,4544,09/08/2022, 19:14:01,815
YYOLOADER,YoYo Loader Vita,4546,09/08/2022, 20:17:20,815
YYOLOADER,YoYo Loader Vita,4547,09/08/2022, 21:14:31,815
YYOLOADER,YoYo Loader Vita,4548,09/08/2022, 22:15:26,815
YYOLOADER,YoYo Loader Vita,4550,09/08/2022, 23:17:06,815
YYOLOADER,YoYo Loader Vita,4553,09/09/2022, 01:24:56,815
YYOLOADER,YoYo Loader Vita,4554,09/09/2022, 04:02:54,815
YYOLOADER,YoYo Loader Vita,4554,09/09/2022, 05:52:55,815
YYOLOADER,YoYo Loader Vita,4554,09/09/2022, 06:32:05,815
YYOLOADER,YoYo Loader Vita,4555,09/09/2022, 07:21:10,815
YYOLOADER,YoYo Loader Vita,4556,09/09/2022, 08:21:23,815
YYOLOADER,YoYo Loader Vita,4556,09/09/2022, 09:16:52,815
YYOLOADER,YoYo Loader Vita,4556,09/09/2022, 10:17:11,815
YYOLOADER,YoYo Loader Vita,4556,09/09/2022, 11:13:43,815
YYOLOADER,YoYo Loader Vita,4557,09/09/2022, 12:29:40,815
YYOLOADER,YoYo Loader Vita,4561,09/09/2022, 13:44:30,815
YYOLOADER,YoYo Loader Vita,4561,09/09/2022, 14:20:13,815
YYOLOADER,YoYo Loader Vita,4561,09/09/2022, 15:16:26,815
YYOLOADER,YoYo Loader Vita,4561,09/09/2022, 16:20:07,815
YYOLOADER,YoYo Loader Vita,4561,09/09/2022, 17:23:01,815
YYOLOADER,YoYo Loader Vita,4563,09/09/2022, 18:19:04,815
YYOLOADER,YoYo Loader Vita,4563,09/09/2022, 19:13:37,815
YYOLOADER,YoYo Loader Vita,4566,09/09/2022, 20:16:46,815
YYOLOADER,YoYo Loader Vita,4570,09/09/2022, 21:13:58,815
YYOLOADER,YoYo Loader Vita,4572,09/09/2022, 22:15:13,815
YYOLOADER,YoYo Loader Vita,4575,09/09/2022, 23:17:03,815
YYOLOADER,YoYo Loader Vita,4586,09/10/2022, 01:22:57,815
YYOLOADER,YoYo Loader Vita,4593,09/10/2022, 04:11:30,815
YYOLOADER,YoYo Loader Vita,4595,09/10/2022, 05:42:53,815
YYOLOADER,YoYo Loader Vita,4596,09/10/2022, 06:22:22,815
YYOLOADER,YoYo Loader Vita,4598,09/10/2022, 07:15:29,815
YYOLOADER,YoYo Loader Vita,4599,09/10/2022, 08:18:52,815
YYOLOADER,YoYo Loader Vita,4602,09/10/2022, 09:14:34,815
YYOLOADER,YoYo Loader Vita,4606,09/10/2022, 10:15:54,815
YYOLOADER,YoYo Loader Vita,4608,09/10/2022, 11:13:10,815
YYOLOADER,YoYo Loader Vita,4612,09/10/2022, 12:26:05,815
YYOLOADER,YoYo Loader Vita,4614,09/10/2022, 13:30:15,815
YYOLOADER,YoYo Loader Vita,4617,09/10/2022, 14:13:49,815
YYOLOADER,YoYo Loader Vita,4620,09/10/2022, 15:15:14,815
YYOLOADER,YoYo Loader Vita,4623,09/10/2022, 16:19:37,815
YYOLOADER,YoYo Loader Vita,4625,09/10/2022, 17:19:45,815
YYOLOADER,YoYo Loader Vita,4626,09/10/2022, 18:18:44,815
YYOLOADER,YoYo Loader Vita,4631,09/10/2022, 19:11:49,815
YYOLOADER,YoYo Loader Vita,4632,09/10/2022, 20:15:39,815
YYOLOADER,YoYo Loader Vita,4634,09/10/2022, 21:13:17,815
YYOLOADER,YoYo Loader Vita,4635,09/10/2022, 22:14:22,815
YYOLOADER,YoYo Loader Vita,4638,09/10/2022, 23:14:51,815
YYOLOADER,YoYo Loader Vita,4642,09/11/2022, 01:24:43,815
YYOLOADER,YoYo Loader Vita,4649,09/11/2022, 04:05:08,815
YYOLOADER,YoYo Loader Vita,4651,09/11/2022, 05:36:02,815
YYOLOADER,YoYo Loader Vita,4651,09/11/2022, 06:19:48,815
YYOLOADER,YoYo Loader Vita,4652,09/11/2022, 07:14:29,815
YYOLOADER,YoYo Loader Vita,4653,09/11/2022, 08:17:54,815
YYOLOADER,YoYo Loader Vita,4653,09/11/2022, 09:14:23,815
YYOLOADER,YoYo Loader Vita,4654,09/11/2022, 10:15:45,815
YYOLOADER,YoYo Loader Vita,4656,09/11/2022, 11:12:58,815
YYOLOADER,YoYo Loader Vita,4657,09/11/2022, 12:26:45,815
YYOLOADER,YoYo Loader Vita,4657,09/11/2022, 13:30:48,815
YYOLOADER,YoYo Loader Vita,4658,09/11/2022, 14:13:14,815
YYOLOADER,YoYo Loader Vita,4659,09/11/2022, 15:15:29,815
YYOLOADER,YoYo Loader Vita,4660,09/11/2022, 16:19:35,815
YYOLOADER,YoYo Loader Vita,4661,09/11/2022, 17:19:56,815
YYOLOADER,YoYo Loader Vita,4663,09/11/2022, 18:17:49,815
YYOLOADER,YoYo Loader Vita,4666,09/11/2022, 19:11:55,815
YYOLOADER,YoYo Loader Vita,4670,09/11/2022, 20:16:02,815
YYOLOADER,YoYo Loader Vita,4674,09/11/2022, 21:13:53,815
YYOLOADER,YoYo Loader Vita,4678,09/11/2022, 22:15:22,815
YYOLOADER,YoYo Loader Vita,4680,09/11/2022, 23:15:25,815
YYOLOADER,YoYo Loader Vita,4685,09/12/2022, 01:25:33,815
YYOLOADER,YoYo Loader Vita,4693,09/12/2022, 04:23:17,815
YYOLOADER,YoYo Loader Vita,4696,09/12/2022, 06:12:52,815
YYOLOADER,YoYo Loader Vita,4699,09/12/2022, 07:36:45,815
YYOLOADER,YoYo Loader Vita,4701,09/12/2022, 08:20:49,815
YYOLOADER,YoYo Loader Vita,4703,09/12/2022, 09:19:33,815
YYOLOADER,YoYo Loader Vita,4703,09/12/2022, 10:17:31,815
YYOLOADER,YoYo Loader Vita,4704,09/12/2022, 11:13:40,815
YYOLOADER,YoYo Loader Vita,4706,09/12/2022, 12:32:34,815
YYOLOADER,YoYo Loader Vita,4707,09/12/2022, 13:43:16,815
YYOLOADER,YoYo Loader Vita,4708,09/12/2022, 14:21:45,815
YYOLOADER,YoYo Loader Vita,4709,09/12/2022, 15:17:32,815
YYOLOADER,YoYo Loader Vita,4710,09/12/2022, 16:23:21,815
YYOLOADER,YoYo Loader Vita,4712,09/12/2022, 17:26:28,815
YYOLOADER,YoYo Loader Vita,4713,09/12/2022, 18:19:17,815
YYOLOADER,YoYo Loader Vita,4714,09/12/2022, 19:13:57,815
YYOLOADER,YoYo Loader Vita,4714,09/12/2022, 20:16:32,815
YYOLOADER,YoYo Loader Vita,4719,09/12/2022, 21:14:27,815
YYOLOADER,YoYo Loader Vita,4724,09/12/2022, 22:15:27,815
YYOLOADER,YoYo Loader Vita,4727,09/12/2022, 23:17:08,815
YYOLOADER,YoYo Loader Vita,4729,09/13/2022, 01:22:28,815
YYOLOADER,YoYo Loader Vita,4742,09/13/2022, 04:17:12,815
YYOLOADER,YoYo Loader Vita,4749,09/13/2022, 06:10:25,815
YYOLOADER,YoYo Loader Vita,4750,09/13/2022, 07:34:38,815
YYOLOADER,YoYo Loader Vita,4750,09/13/2022, 08:20:01,815
YYOLOADER,YoYo Loader Vita,4751,09/13/2022, 09:16:59,815
YYOLOADER,YoYo Loader Vita,4752,09/13/2022, 10:17:20,815
YYOLOADER,YoYo Loader Vita,4753,09/13/2022, 11:13:51,815
YYOLOADER,YoYo Loader Vita,4756,09/13/2022, 12:32:30,815
YYOLOADER,YoYo Loader Vita,4761,09/13/2022, 13:44:32,815
YYOLOADER,YoYo Loader Vita,4762,09/13/2022, 14:21:44,815
YYOLOADER,YoYo Loader Vita,4762,09/13/2022, 15:16:28,815
YYOLOADER,YoYo Loader Vita,4767,09/13/2022, 16:20:10,815
YYOLOADER,YoYo Loader Vita,4772,09/13/2022, 17:24:43,815
YYOLOADER,YoYo Loader Vita,4776,09/13/2022, 18:19:19,815
YYOLOADER,YoYo Loader Vita,4776,09/13/2022, 19:13:49,815
YYOLOADER,YoYo Loader Vita,4776,09/13/2022, 20:16:39,815
YYOLOADER,YoYo Loader Vita,4781,09/13/2022, 21:14:05,815
YYOLOADER,YoYo Loader Vita,4785,09/13/2022, 22:16:44,815
YYOLOADER,YoYo Loader Vita,4790,09/13/2022, 23:16:59,815
YYOLOADER,YoYo Loader Vita,4805,09/14/2022, 04:13:21,815
YYOLOADER,YoYo Loader Vita,4807,09/14/2022, 06:04:19,815
YYOLOADER,YoYo Loader Vita,4809,09/14/2022, 07:30:22,815
YYOLOADER,YoYo Loader Vita,4810,09/14/2022, 08:19:07,815
YYOLOADER,YoYo Loader Vita,4810,09/14/2022, 09:17:28,815
YYOLOADER,YoYo Loader Vita,4811,09/14/2022, 10:17:29,815
YYOLOADER,YoYo Loader Vita,4812,09/14/2022, 11:13:48,815
YYOLOADER,YoYo Loader Vita,4816,09/14/2022, 12:31:11,815
YYOLOADER,YoYo Loader Vita,4818,09/14/2022, 13:47:51,815
YYOLOADER,YoYo Loader Vita,4821,09/14/2022, 14:23:10,815
YYOLOADER,YoYo Loader Vita,4823,09/14/2022, 15:16:16,815
YYOLOADER,YoYo Loader Vita,4825,09/14/2022, 16:20:56,815
YYOLOADER,YoYo Loader Vita,4829,09/14/2022, 17:25:26,815
YYOLOADER,YoYo Loader Vita,4832,09/14/2022, 18:18:46,815
YYOLOADER,YoYo Loader Vita,4834,09/14/2022, 19:14:19,815
YYOLOADER,YoYo Loader Vita,4837,09/14/2022, 20:17:42,815
YYOLOADER,YoYo Loader Vita,4838,09/14/2022, 21:13:42,815
YYOLOADER,YoYo Loader Vita,4838,09/14/2022, 22:15:55,815
YYOLOADER,YoYo Loader Vita,4842,09/14/2022, 23:16:00,815
YYOLOADER,YoYo Loader Vita,4844,09/15/2022, 01:26:34,815
YYOLOADER,YoYo Loader Vita,4852,09/15/2022, 04:20:05,815
YYOLOADER,YoYo Loader Vita,4854,09/15/2022, 05:59:42,815
YYOLOADER,YoYo Loader Vita,4856,09/15/2022, 06:47:18,815
YYOLOADER,YoYo Loader Vita,4857,09/15/2022, 07:27:58,815
YYOLOADER,YoYo Loader Vita,4859,09/15/2022, 08:21:16,815
YYOLOADER,YoYo Loader Vita,4860,09/15/2022, 09:17:19,815
YYOLOADER,YoYo Loader Vita,4860,09/15/2022, 10:17:21,815
YYOLOADER,YoYo Loader Vita,4860,09/15/2022, 11:13:39,815
YYOLOADER,YoYo Loader Vita,4861,09/15/2022, 12:33:15,815
YYOLOADER,YoYo Loader Vita,4862,09/15/2022, 13:46:01,815
YYOLOADER,YoYo Loader Vita,4862,09/15/2022, 14:22:25,815
YYOLOADER,YoYo Loader Vita,4864,09/15/2022, 15:16:27,815
YYOLOADER,YoYo Loader Vita,4865,09/15/2022, 16:21:01,815
YYOLOADER,YoYo Loader Vita,4868,09/15/2022, 17:22:33,815
YYOLOADER,YoYo Loader Vita,4869,09/15/2022, 18:19:08,815
YYOLOADER,YoYo Loader Vita,4869,09/15/2022, 19:13:09,815
YYOLOADER,YoYo Loader Vita,4875,09/15/2022, 20:16:41,815
YYOLOADER,YoYo Loader Vita,4878,09/15/2022, 21:15:07,815
YYOLOADER,YoYo Loader Vita,4880,09/15/2022, 22:15:40,815
YYOLOADER,YoYo Loader Vita,4883,09/15/2022, 23:18:18,815
YYOLOADER,YoYo Loader Vita,4885,09/16/2022, 01:28:32,815
YYOLOADER,YoYo Loader Vita,4889,09/16/2022, 04:21:16,815
YYOLOADER,YoYo Loader Vita,4889,09/16/2022, 06:02:46,815
YYOLOADER,YoYo Loader Vita,4890,09/16/2022, 07:25:39,815
YYOLOADER,YoYo Loader Vita,4892,09/16/2022, 08:19:28,815
YYOLOADER,YoYo Loader Vita,4893,09/16/2022, 09:16:17,815
YYOLOADER,YoYo Loader Vita,4894,09/16/2022, 10:17:30,815
YYOLOADER,YoYo Loader Vita,4896,09/16/2022, 11:13:20,815
YYOLOADER,YoYo Loader Vita,4899,09/16/2022, 12:28:38,815
YYOLOADER,YoYo Loader Vita,4903,09/16/2022, 13:45:42,815
YYOLOADER,YoYo Loader Vita,4904,09/16/2022, 14:25:08,815
YYOLOADER,YoYo Loader Vita,4907,09/16/2022, 15:15:34,815
YYOLOADER,YoYo Loader Vita,4909,09/16/2022, 16:20:33,815
YYOLOADER,YoYo Loader Vita,4910,09/16/2022, 17:32:03,815
YYOLOADER,YoYo Loader Vita,4910,09/16/2022, 18:20:08,815
YYOLOADER,YoYo Loader Vita,4912,09/16/2022, 19:15:14,815
YYOLOADER,YoYo Loader Vita,4915,09/16/2022, 20:16:34,815
YYOLOADER,YoYo Loader Vita,4916,09/16/2022, 21:14:01,815
YYOLOADER,YoYo Loader Vita,4917,09/16/2022, 22:17:04,815
YYOLOADER,YoYo Loader Vita,4918,09/16/2022, 23:16:15,815
YYOLOADER,YoYo Loader Vita,4922,09/17/2022, 01:21:00,815
YYOLOADER,YoYo Loader Vita,4929,09/17/2022, 03:57:47,815
YYOLOADER,YoYo Loader Vita,4932,09/17/2022, 05:02:33,815
YYOLOADER,YoYo Loader Vita,4932,09/17/2022, 06:18:57,815
YYOLOADER,YoYo Loader Vita,4932,09/17/2022, 07:14:38,815
YYOLOADER,YoYo Loader Vita,4933,09/17/2022, 08:18:47,815
YYOLOADER,YoYo Loader Vita,4934,09/17/2022, 09:14:58,815
YYOLOADER,YoYo Loader Vita,4937,09/17/2022, 10:15:57,815
YYOLOADER,YoYo Loader Vita,4938,09/17/2022, 11:13:08,815
YYOLOADER,YoYo Loader Vita,4942,09/17/2022, 12:26:35,815
YYOLOADER,YoYo Loader Vita,4942,09/17/2022, 13:30:52,815
YYOLOADER,YoYo Loader Vita,4943,09/17/2022, 14:13:40,815
YYOLOADER,YoYo Loader Vita,4943,09/17/2022, 15:15:35,815
YYOLOADER,YoYo Loader Vita,4947,09/17/2022, 16:20:37,815
YYOLOADER,YoYo Loader Vita,4951,09/17/2022, 17:20:44,815
YYOLOADER,YoYo Loader Vita,4952,09/17/2022, 18:18:10,815
YYOLOADER,YoYo Loader Vita,4953,09/17/2022, 19:12:08,815
YYOLOADER,YoYo Loader Vita,4954,09/17/2022, 20:15:51,815
YYOLOADER,YoYo Loader Vita,4955,09/17/2022, 21:13:48,815
YYOLOADER,YoYo Loader Vita,4960,09/17/2022, 22:14:28,815
YYOLOADER,YoYo Loader Vita,4964,09/17/2022, 23:15:00,815
YYOLOADER,YoYo Loader Vita,4965,09/18/2022, 01:27:44,815
YYOLOADER,YoYo Loader Vita,4966,09/18/2022, 04:11:20,815
YYOLOADER,YoYo Loader Vita,4968,09/18/2022, 05:39:36,815
YYOLOADER,YoYo Loader Vita,4968,09/18/2022, 06:20:03,815
YYOLOADER,YoYo Loader Vita,4968,09/18/2022, 07:15:19,815
YYOLOADER,YoYo Loader Vita,4969,09/18/2022, 08:18:27,815
YYOLOADER,YoYo Loader Vita,4971,09/18/2022, 09:14:23,815
YYOLOADER,YoYo Loader Vita,4971,09/18/2022, 10:16:00,815
YYOLOADER,YoYo Loader Vita,4971,09/18/2022, 11:13:11,815
YYOLOADER,YoYo Loader Vita,4972,09/18/2022, 12:27:01,815
YYOLOADER,YoYo Loader Vita,4973,09/18/2022, 13:33:02,815
YYOLOADER,YoYo Loader Vita,4973,09/18/2022, 14:13:07,815
YYOLOADER,YoYo Loader Vita,4974,09/18/2022, 15:15:37,815
YYOLOADER,YoYo Loader Vita,4974,09/18/2022, 16:19:56,815
YYOLOADER,YoYo Loader Vita,4977,09/18/2022, 17:20:34,815
YYOLOADER,YoYo Loader Vita,4978,09/18/2022, 18:18:24,815
YYOLOADER,YoYo Loader Vita,4979,09/18/2022, 19:12:20,815
YYOLOADER,YoYo Loader Vita,4980,09/18/2022, 20:16:06,815
YYOLOADER,YoYo Loader Vita,4982,09/18/2022, 21:13:26,815
YYOLOADER,YoYo Loader Vita,4985,09/18/2022, 22:14:35,815
YYOLOADER,YoYo Loader Vita,4988,09/18/2022, 23:15:33,815
YYOLOADER,YoYo Loader Vita,4990,09/19/2022, 01:25:37,815
YYOLOADER,YoYo Loader Vita,4990,09/19/2022, 04:24:47,815
YYOLOADER,YoYo Loader Vita,4993,09/19/2022, 06:10:17,815
YYOLOADER,YoYo Loader Vita,4993,09/19/2022, 07:36:54,815
YYOLOADER,YoYo Loader Vita,4993,09/19/2022, 08:24:05,815
YYOLOADER,YoYo Loader Vita,4993,09/19/2022, 09:19:51,815
YYOLOADER,YoYo Loader Vita,4994,09/19/2022, 10:17:37,815
YYOLOADER,YoYo Loader Vita,4996,09/19/2022, 11:13:28,815
YYOLOADER,YoYo Loader Vita,4998,09/19/2022, 12:33:00,815
YYOLOADER,YoYo Loader Vita,4999,09/19/2022, 13:46:35,815
YYOLOADER,YoYo Loader Vita,4999,09/19/2022, 14:23:36,815
YYOLOADER,YoYo Loader Vita,4999,09/19/2022, 15:16:38,815
YYOLOADER,YoYo Loader Vita,4999,09/19/2022, 16:20:54,815
YYOLOADER,YoYo Loader Vita,5001,09/19/2022, 17:29:49,815
YYOLOADER,YoYo Loader Vita,5001,09/19/2022, 18:21:45,815
YYOLOADER,YoYo Loader Vita,5004,09/19/2022, 19:15:22,815
YYOLOADER,YoYo Loader Vita,5004,09/19/2022, 20:17:13,815
YYOLOADER,YoYo Loader Vita,5004,09/19/2022, 21:15:22,815
YYOLOADER,YoYo Loader Vita,5004,09/19/2022, 22:15:02,815
YYOLOADER,YoYo Loader Vita,5004,09/19/2022, 23:17:03,815
YYOLOADER,YoYo Loader Vita,5006,09/20/2022, 01:25:03,815
YYOLOADER,YoYo Loader Vita,5008,09/20/2022, 04:13:28,815
YYOLOADER,YoYo Loader Vita,5010,09/20/2022, 06:02:47,815
YYOLOADER,YoYo Loader Vita,5011,09/20/2022, 07:24:03,815
YYOLOADER,YoYo Loader Vita,5011,09/20/2022, 08:20:59,815
YYOLOADER,YoYo Loader Vita,5012,09/20/2022, 09:20:22,815
YYOLOADER,YoYo Loader Vita,5012,09/20/2022, 10:17:56,815
YYOLOADER,YoYo Loader Vita,5013,09/20/2022, 11:13:50,815
YYOLOADER,YoYo Loader Vita,5015,09/20/2022, 12:32:14,815
YYOLOADER,YoYo Loader Vita,5015,09/20/2022, 13:48:58,815
YYOLOADER,YoYo Loader Vita,5015,09/20/2022, 14:25:52,815
YYOLOADER,YoYo Loader Vita,5015,09/20/2022, 15:16:39,815
YYOLOADER,YoYo Loader Vita,5015,09/20/2022, 16:21:35,815
YYOLOADER,YoYo Loader Vita,5017,09/20/2022, 17:24:28,815
YYOLOADER,YoYo Loader Vita,5019,09/20/2022, 18:19:08,815
YYOLOADER,YoYo Loader Vita,5020,09/20/2022, 19:14:20,815
YYOLOADER,YoYo Loader Vita,5022,09/20/2022, 20:16:58,815
YYOLOADER,YoYo Loader Vita,5023,09/20/2022, 21:13:18,815
YYOLOADER,YoYo Loader Vita,5025,09/20/2022, 22:19:28,815
YYOLOADER,YoYo Loader Vita,5026,09/20/2022, 23:18:29,815
YYOLOADER,YoYo Loader Vita,5029,09/21/2022, 01:26:37,815
YYOLOADER,YoYo Loader Vita,5038,09/21/2022, 04:19:25,815
YYOLOADER,YoYo Loader Vita,5040,09/21/2022, 06:05:17,815
YYOLOADER,YoYo Loader Vita,5043,09/21/2022, 07:39:07,815
YYOLOADER,YoYo Loader Vita,5044,09/21/2022, 08:24:27,815
YYOLOADER,YoYo Loader Vita,5046,09/21/2022, 09:19:00,815
YYOLOADER,YoYo Loader Vita,5048,09/21/2022, 10:17:06,815
YYOLOADER,YoYo Loader Vita,5051,09/21/2022, 11:14:11,815
YYOLOADER,YoYo Loader Vita,5054,09/21/2022, 12:32:28,815
YYOLOADER,YoYo Loader Vita,5056,09/21/2022, 13:49:51,815
YYOLOADER,YoYo Loader Vita,5057,09/21/2022, 14:25:37,815
YYOLOADER,YoYo Loader Vita,5060,09/21/2022, 15:16:10,815
YYOLOADER,YoYo Loader Vita,5060,09/21/2022, 16:21:33,815
YYOLOADER,YoYo Loader Vita,5060,09/21/2022, 17:29:42,815
YYOLOADER,YoYo Loader Vita,5061,09/21/2022, 18:19:27,815
YYOLOADER,YoYo Loader Vita,5065,09/21/2022, 19:16:48,815
YYOLOADER,YoYo Loader Vita,5066,09/21/2022, 20:16:35,815
YYOLOADER,YoYo Loader Vita,5067,09/21/2022, 21:14:32,815
YYOLOADER,YoYo Loader Vita,5068,09/21/2022, 22:15:33,815
YYOLOADER,YoYo Loader Vita,5069,09/21/2022, 23:16:13,815
YYOLOADER,YoYo Loader Vita,5073,09/22/2022, 01:21:43,815
YYOLOADER,YoYo Loader Vita,5082,09/22/2022, 04:11:46,815
YYOLOADER,YoYo Loader Vita,5083,09/22/2022, 06:00:44,815
YYOLOADER,YoYo Loader Vita,5083,09/22/2022, 06:58:34,815
YYOLOADER,YoYo Loader Vita,5083,09/22/2022, 07:35:32,815
YYOLOADER,YoYo Loader Vita,5084,09/22/2022, 08:21:09,815
YYOLOADER,YoYo Loader Vita,5084,09/22/2022, 09:18:38,815
YYOLOADER,YoYo Loader Vita,5084,09/22/2022, 10:17:04,815
YYOLOADER,YoYo Loader Vita,5085,09/22/2022, 11:13:50,815
YYOLOADER,YoYo Loader Vita,5086,09/22/2022, 12:31:08,815
YYOLOADER,YoYo Loader Vita,5086,09/22/2022, 13:44:33,815
YYOLOADER,YoYo Loader Vita,5086,09/22/2022, 15:16:31,815
YYOLOADER,YoYo Loader Vita,5089,09/22/2022, 16:21:33,815
YYOLOADER,YoYo Loader Vita,5090,09/22/2022, 17:28:12,815
YYOLOADER,YoYo Loader Vita,5092,09/22/2022, 18:18:11,815
YYOLOADER,YoYo Loader Vita,5095,09/22/2022, 19:14:05,815
YYOLOADER,YoYo Loader Vita,5095,09/22/2022, 20:17:00,815
YYOLOADER,YoYo Loader Vita,5097,09/22/2022, 21:15:15,815
YYOLOADER,YoYo Loader Vita,5099,09/22/2022, 22:16:01,815
YYOLOADER,YoYo Loader Vita,5101,09/22/2022, 23:17:16,815
YYOLOADER,YoYo Loader Vita,5104,09/23/2022, 01:27:11,815
YYOLOADER,YoYo Loader Vita,5108,09/23/2022, 04:16:02,815
YYOLOADER,YoYo Loader Vita,5110,09/23/2022, 05:58:50,815
YYOLOADER,YoYo Loader Vita,5111,09/23/2022, 06:50:43,815
YYOLOADER,YoYo Loader Vita,5113,09/23/2022, 07:30:37,815
YYOLOADER,YoYo Loader Vita,5113,09/23/2022, 08:20:04,815
YYOLOADER,YoYo Loader Vita,5113,09/23/2022, 09:19:10,815
YYOLOADER,YoYo Loader Vita,5113,09/23/2022, 10:16:54,815
YYOLOADER,YoYo Loader Vita,5114,09/23/2022, 11:13:51,815
YYOLOADER,YoYo Loader Vita,5114,09/23/2022, 12:30:59,815
YYOLOADER,YoYo Loader Vita,5116,09/23/2022, 13:46:31,815
YYOLOADER,YoYo Loader Vita,5116,09/23/2022, 14:27:39,815
YYOLOADER,YoYo Loader Vita,5117,09/23/2022, 15:17:20,815
YYOLOADER,YoYo Loader Vita,5119,09/23/2022, 16:21:27,815
YYOLOADER,YoYo Loader Vita,5120,09/23/2022, 17:29:24,815
YYOLOADER,YoYo Loader Vita,5120,09/23/2022, 18:20:03,815
YYOLOADER,YoYo Loader Vita,5122,09/23/2022, 19:16:06,815
YYOLOADER,YoYo Loader Vita,5124,09/23/2022, 20:16:53,815
YYOLOADER,YoYo Loader Vita,5125,09/23/2022, 21:14:22,815
YYOLOADER,YoYo Loader Vita,5125,09/23/2022, 22:18:52,815
YYOLOADER,YoYo Loader Vita,5125,09/23/2022, 23:17:03,815
YYOLOADER,YoYo Loader Vita,5130,09/24/2022, 01:25:28,815
YYOLOADER,YoYo Loader Vita,5136,09/24/2022, 04:12:51,815
YYOLOADER,YoYo Loader Vita,5137,09/24/2022, 05:41:54,815
YYOLOADER,YoYo Loader Vita,5138,09/24/2022, 06:23:18,815
YYOLOADER,YoYo Loader Vita,5138,09/24/2022, 07:16:15,815
YYOLOADER,YoYo Loader Vita,5139,09/24/2022, 08:19:01,815
YYOLOADER,YoYo Loader Vita,5140,09/24/2022, 09:16:02,815
YYOLOADER,YoYo Loader Vita,5140,09/24/2022, 10:15:50,815
YYOLOADER,YoYo Loader Vita,5141,09/24/2022, 11:13:12,815
YYOLOADER,YoYo Loader Vita,5142,09/24/2022, 12:28:57,815
YYOLOADER,YoYo Loader Vita,5142,09/24/2022, 13:32:20,815
YYOLOADER,YoYo Loader Vita,5143,09/24/2022, 14:13:02,815
YYOLOADER,YoYo Loader Vita,5145,09/24/2022, 15:15:13,815
YYOLOADER,YoYo Loader Vita,5147,09/24/2022, 16:19:49,815
YYOLOADER,YoYo Loader Vita,5147,09/24/2022, 17:19:34,815
YYOLOADER,YoYo Loader Vita,5152,09/24/2022, 18:19:30,815
YYOLOADER,YoYo Loader Vita,5153,09/24/2022, 19:12:36,815
YYOLOADER,YoYo Loader Vita,5160,09/24/2022, 20:15:47,815
YYOLOADER,YoYo Loader Vita,5163,09/24/2022, 21:13:48,815
YYOLOADER,YoYo Loader Vita,5166,09/24/2022, 22:14:36,815
YYOLOADER,YoYo Loader Vita,5168,09/24/2022, 23:15:34,815
YYOLOADER,YoYo Loader Vita,5169,09/25/2022, 01:21:32,815
YYOLOADER,YoYo Loader Vita,5174,09/25/2022, 04:05:56,815
YYOLOADER,YoYo Loader Vita,5176,09/25/2022, 05:35:43,815
YYOLOADER,YoYo Loader Vita,5176,09/25/2022, 06:21:22,815
YYOLOADER,YoYo Loader Vita,5178,09/25/2022, 07:15:39,815
YYOLOADER,YoYo Loader Vita,5180,09/25/2022, 08:19:04,815
YYOLOADER,YoYo Loader Vita,5182,09/25/2022, 09:15:29,815
YYOLOADER,YoYo Loader Vita,5183,09/25/2022, 10:16:53,815
YYOLOADER,YoYo Loader Vita,5185,09/25/2022, 11:13:22,815
YYOLOADER,YoYo Loader Vita,5188,09/25/2022, 12:28:07,815
YYOLOADER,YoYo Loader Vita,5191,09/25/2022, 13:32:20,815
YYOLOADER,YoYo Loader Vita,5191,09/25/2022, 14:13:13,815
YYOLOADER,YoYo Loader Vita,5193,09/25/2022, 15:15:41,815
YYOLOADER,YoYo Loader Vita,5195,09/25/2022, 16:19:53,815
YYOLOADER,YoYo Loader Vita,5198,09/25/2022, 17:19:54,815
YYOLOADER,YoYo Loader Vita,5203,09/25/2022, 18:19:09,815
YYOLOADER,YoYo Loader Vita,5208,09/25/2022, 19:12:47,815
YYOLOADER,YoYo Loader Vita,5209,09/25/2022, 20:16:00,815
YYOLOADER,YoYo Loader Vita,5209,09/25/2022, 21:13:54,815
YYOLOADER,YoYo Loader Vita,5213,09/25/2022, 22:15:02,815
YYOLOADER,YoYo Loader Vita,5216,09/25/2022, 23:16:02,815
YYOLOADER,YoYo Loader Vita,5219,09/26/2022, 01:26:32,815
YYOLOADER,YoYo Loader Vita,5224,09/26/2022, 04:22:37,815
YYOLOADER,YoYo Loader Vita,5227,09/26/2022, 06:07:41,815
YYOLOADER,YoYo Loader Vita,5228,09/26/2022, 07:33:12,815
YYOLOADER,YoYo Loader Vita,5229,09/26/2022, 08:20:50,815
YYOLOADER,YoYo Loader Vita,5232,09/26/2022, 09:20:10,815
YYOLOADER,YoYo Loader Vita,5234,09/26/2022, 10:17:40,815
YYOLOADER,YoYo Loader Vita,5234,09/26/2022, 11:13:51,815
YYOLOADER,YoYo Loader Vita,5237,09/26/2022, 12:32:28,815
YYOLOADER,YoYo Loader Vita,5240,09/26/2022, 13:49:57,815
YYOLOADER,YoYo Loader Vita,5240,09/26/2022, 14:29:33,815
YYOLOADER,YoYo Loader Vita,5241,09/26/2022, 15:18:10,815
YYOLOADER,YoYo Loader Vita,5242,09/26/2022, 16:22:47,815
YYOLOADER,YoYo Loader Vita,5246,09/26/2022, 17:28:35,815
YYOLOADER,YoYo Loader Vita,5249,09/26/2022, 18:19:27,815
YYOLOADER,YoYo Loader Vita,5255,09/26/2022, 19:16:00,815
YYOLOADER,YoYo Loader Vita,5258,09/26/2022, 20:16:55,815
YYOLOADER,YoYo Loader Vita,5263,09/26/2022, 21:16:06,815
YYOLOADER,YoYo Loader Vita,5269,09/26/2022, 22:16:35,815
YYOLOADER,YoYo Loader Vita,5272,09/26/2022, 23:18:09,815
YYOLOADER,YoYo Loader Vita,5277,09/27/2022, 01:25:12,815
YYOLOADER,YoYo Loader Vita,5282,09/27/2022, 04:07:33,815
YYOLOADER,YoYo Loader Vita,5283,09/27/2022, 05:58:33,815
YYOLOADER,YoYo Loader Vita,5284,09/27/2022, 06:53:50,815
YYOLOADER,YoYo Loader Vita,5286,09/27/2022, 07:38:45,815
YYOLOADER,YoYo Loader Vita,5287,09/27/2022, 08:28:02,815
YYOLOADER,YoYo Loader Vita,5287,09/27/2022, 09:25:16,815
YYOLOADER,YoYo Loader Vita,5288,09/27/2022, 10:19:02,815
YYOLOADER,YoYo Loader Vita,5288,09/27/2022, 11:14:22,815
YYOLOADER,YoYo Loader Vita,5288,09/27/2022, 12:33:22,815
YYOLOADER,YoYo Loader Vita,5290,09/27/2022, 13:52:48,815
YYOLOADER,YoYo Loader Vita,5292,09/27/2022, 14:30:16,815
YYOLOADER,YoYo Loader Vita,5293,09/27/2022, 15:18:47,815
YYOLOADER,YoYo Loader Vita,5296,09/27/2022, 16:26:01,815
YYOLOADER,YoYo Loader Vita,5297,09/27/2022, 17:32:34,815
YYOLOADER,YoYo Loader Vita,5298,09/27/2022, 18:25:01,815
YYOLOADER,YoYo Loader Vita,5300,09/27/2022, 19:19:57,815
YYOLOADER,YoYo Loader Vita,5300,09/27/2022, 20:18:10,815
YYOLOADER,YoYo Loader Vita,5301,09/27/2022, 21:14:41,815
YYOLOADER,YoYo Loader Vita,5301,09/27/2022, 22:16:30,815
YYOLOADER,YoYo Loader Vita,5305,09/27/2022, 23:18:54,815
YYOLOADER,YoYo Loader Vita,5307,09/28/2022, 01:26:56,815
YYOLOADER,YoYo Loader Vita,5311,09/28/2022, 04:14:36,815
YYOLOADER,YoYo Loader Vita,5312,09/28/2022, 06:05:10,815
YYOLOADER,YoYo Loader Vita,5313,09/28/2022, 07:30:45,815
YYOLOADER,YoYo Loader Vita,5313,09/28/2022, 08:24:35,815
YYOLOADER,YoYo Loader Vita,5314,09/28/2022, 09:22:40,815
YYOLOADER,YoYo Loader Vita,5314,09/28/2022, 10:18:56,815
YYOLOADER,YoYo Loader Vita,5314,09/28/2022, 11:14:53,815
YYOLOADER,YoYo Loader Vita,5316,09/28/2022, 12:32:06,815
YYOLOADER,YoYo Loader Vita,5317,09/28/2022, 13:47:09,815
YYOLOADER,YoYo Loader Vita,5319,09/28/2022, 14:31:20,815
YYOLOADER,YoYo Loader Vita,5319,09/28/2022, 15:20:29,815
YYOLOADER,YoYo Loader Vita,5321,09/28/2022, 16:27:49,815
YYOLOADER,YoYo Loader Vita,5322,09/28/2022, 17:34:34,815
YYOLOADER,YoYo Loader Vita,5323,09/28/2022, 18:25:11,815
YYOLOADER,YoYo Loader Vita,5326,09/28/2022, 19:18:25,815
YYOLOADER,YoYo Loader Vita,5329,09/28/2022, 20:17:51,815
YYOLOADER,YoYo Loader Vita,5331,09/28/2022, 21:15:01,815
YYOLOADER,YoYo Loader Vita,5332,09/28/2022, 22:16:13,815
YYOLOADER,YoYo Loader Vita,5333,09/28/2022, 23:17:20,815
YYOLOADER,YoYo Loader Vita,5335,09/29/2022, 01:29:03,815
YYOLOADER,YoYo Loader Vita,5341,09/29/2022, 04:16:28,815
YYOLOADER,YoYo Loader Vita,5342,09/29/2022, 06:06:55,815
YYOLOADER,YoYo Loader Vita,5343,09/29/2022, 07:33:39,815
YYOLOADER,YoYo Loader Vita,5344,09/29/2022, 08:23:36,815
YYOLOADER,YoYo Loader Vita,5345,09/29/2022, 09:22:29,815
YYOLOADER,YoYo Loader Vita,5345,09/29/2022, 10:18:09,815
YYOLOADER,YoYo Loader Vita,5345,09/29/2022, 11:14:11,815
YYOLOADER,YoYo Loader Vita,5346,09/29/2022, 12:32:02,815
YYOLOADER,YoYo Loader Vita,5347,09/29/2022, 13:48:27,815
YYOLOADER,YoYo Loader Vita,5348,09/29/2022, 14:25:42,815
YYOLOADER,YoYo Loader Vita,5350,09/29/2022, 15:18:04,815
YYOLOADER,YoYo Loader Vita,5351,09/29/2022, 16:25:30,815
YYOLOADER,YoYo Loader Vita,5353,09/29/2022, 17:34:16,815
YYOLOADER,YoYo Loader Vita,5354,09/29/2022, 18:22:51,815
YYOLOADER,YoYo Loader Vita,5354,09/29/2022, 19:18:07,815
YYOLOADER,YoYo Loader Vita,5356,09/29/2022, 20:18:49,815
YYOLOADER,YoYo Loader Vita,5357,09/29/2022, 21:15:28,815
YYOLOADER,YoYo Loader Vita,5357,09/29/2022, 22:16:17,815
YYOLOADER,YoYo Loader Vita,5357,09/29/2022, 23:20:25,815
YYOLOADER,YoYo Loader Vita,5359,09/30/2022, 01:57:33,815
YYOLOADER,YoYo Loader Vita,5364,09/30/2022, 04:32:01,815
YYOLOADER,YoYo Loader Vita,5364,09/30/2022, 06:09:03,815
YYOLOADER,YoYo Loader Vita,5365,09/30/2022, 07:38:17,815
YYOLOADER,YoYo Loader Vita,5366,09/30/2022, 08:28:15,815
YYOLOADER,YoYo Loader Vita,5367,09/30/2022, 09:24:40,815
YYOLOADER,YoYo Loader Vita,5367,09/30/2022, 10:19:02,815
YYOLOADER,YoYo Loader Vita,5367,09/30/2022, 11:14:13,815
YYOLOADER,YoYo Loader Vita,5368,09/30/2022, 12:34:16,815
YYOLOADER,YoYo Loader Vita,5369,09/30/2022, 13:51:58,815
YYOLOADER,YoYo Loader Vita,5369,09/30/2022, 14:31:57,815
YYOLOADER,YoYo Loader Vita,5369,09/30/2022, 15:19:29,815
YYOLOADER,YoYo Loader Vita,5370,09/30/2022, 16:26:07,815
YYOLOADER,YoYo Loader Vita,5372,09/30/2022, 17:33:35,815
YYOLOADER,YoYo Loader Vita,5374,09/30/2022, 18:22:49,815
YYOLOADER,YoYo Loader Vita,5376,09/30/2022, 19:17:43,815
YYOLOADER,YoYo Loader Vita,5378,09/30/2022, 20:17:59,815
YYOLOADER,YoYo Loader Vita,5380,09/30/2022, 21:14:55,815
YYOLOADER,YoYo Loader Vita,5383,09/30/2022, 22:17:46,815
YYOLOADER,YoYo Loader Vita,5384,09/30/2022, 23:17:41,815
YYOLOADER,YoYo Loader Vita,5389,10/01/2022, 01:46:57,815
YYOLOADER,YoYo Loader Vita,5392,10/01/2022, 04:26:29,815
YYOLOADER,YoYo Loader Vita,5392,10/01/2022, 05:58:00,815
YYOLOADER,YoYo Loader Vita,5393,10/01/2022, 06:37:06,815
YYOLOADER,YoYo Loader Vita,5395,10/01/2022, 07:22:29,815
YYOLOADER,YoYo Loader Vita,5395,10/01/2022, 08:21:01,815
YYOLOADER,YoYo Loader Vita,5395,10/01/2022, 09:19:23,815
YYOLOADER,YoYo Loader Vita,5395,10/01/2022, 10:16:57,815
YYOLOADER,YoYo Loader Vita,5395,10/01/2022, 11:13:26,815
YYOLOADER,YoYo Loader Vita,5395,10/01/2022, 12:29:46,815
YYOLOADER,YoYo Loader Vita,5399,10/01/2022, 13:39:05,815
YYOLOADER,YoYo Loader Vita,5402,10/01/2022, 14:17:02,815
YYOLOADER,YoYo Loader Vita,5404,10/01/2022, 15:16:26,815
YYOLOADER,YoYo Loader Vita,5405,10/01/2022, 16:21:09,815
YYOLOADER,YoYo Loader Vita,5405,10/01/2022, 17:23:38,815
YYOLOADER,YoYo Loader Vita,5406,10/01/2022, 18:18:59,815
YYOLOADER,YoYo Loader Vita,5408,10/01/2022, 19:14:35,815
YYOLOADER,YoYo Loader Vita,5408,10/01/2022, 20:16:45,815
YYOLOADER,YoYo Loader Vita,5408,10/01/2022, 21:14:19,815
YYOLOADER,YoYo Loader Vita,5410,10/01/2022, 22:15:58,815
YYOLOADER,YoYo Loader Vita,5412,10/01/2022, 23:18:36,815
YYOLOADER,YoYo Loader Vita,5415,10/02/2022, 01:40:36,815
YYOLOADER,YoYo Loader Vita,5415,10/02/2022, 04:13:02,815
YYOLOADER,YoYo Loader Vita,5418,10/02/2022, 05:43:40,815
YYOLOADER,YoYo Loader Vita,5418,10/02/2022, 06:26:24,815
YYOLOADER,YoYo Loader Vita,5418,10/02/2022, 07:19:04,815
YYOLOADER,YoYo Loader Vita,5419,10/02/2022, 08:20:17,815
YYOLOADER,YoYo Loader Vita,5421,10/02/2022, 09:17:53,815
YYOLOADER,YoYo Loader Vita,5421,10/02/2022, 10:16:52,815
YYOLOADER,YoYo Loader Vita,5421,10/02/2022, 11:13:24,815
YYOLOADER,YoYo Loader Vita,5423,10/02/2022, 12:29:36,815
YYOLOADER,YoYo Loader Vita,5424,10/02/2022, 13:35:46,815
YYOLOADER,YoYo Loader Vita,5424,10/02/2022, 14:16:00,815
YYOLOADER,YoYo Loader Vita,5427,10/02/2022, 15:16:09,815
YYOLOADER,YoYo Loader Vita,5429,10/02/2022, 16:20:54,815
YYOLOADER,YoYo Loader Vita,5429,10/02/2022, 17:23:16,815
YYOLOADER,YoYo Loader Vita,5431,10/02/2022, 18:19:26,815
YYOLOADER,YoYo Loader Vita,5432,10/02/2022, 19:14:51,815
YYOLOADER,YoYo Loader Vita,5433,10/02/2022, 20:17:06,815
YYOLOADER,YoYo Loader Vita,5435,10/02/2022, 21:14:45,815
YYOLOADER,YoYo Loader Vita,5439,10/02/2022, 22:15:46,815
YYOLOADER,YoYo Loader Vita,5439,10/02/2022, 23:17:50,815
YYOLOADER,YoYo Loader Vita,5442,10/03/2022, 01:19:54,815
YYOLOADER,YoYo Loader Vita,5442,10/03/2022, 03:25:34,815
YYOLOADER,YoYo Loader Vita,5442,10/03/2022, 04:49:41,815
YYOLOADER,YoYo Loader Vita,5442,10/03/2022, 05:39:45,815
YYOLOADER,YoYo Loader Vita,5442,10/03/2022, 06:28:50,815
YYOLOADER,YoYo Loader Vita,5443,10/03/2022, 07:25:22,815
YYOLOADER,YoYo Loader Vita,5443,10/03/2022, 08:22:15,815
